## SPECTRUM TYPE:
LCE

## DATE:
25/06/2026

## COMMENTS:

## NUMBER OF SPECTRUM:
1

## ELLIPSOMETRIC CONFIGURATION:
0.00 ø :Modulator
+45.00 øAnalyser

## UNIT:
nm


# SPECTRUM:
1

# CAPTION:


# START TIME:
10:59:50

# END TIME:
10:59:50

# THETA ANGLE:
0.00 ø

# INCIDENCE ANGLE:
69.95 ø

# ACCUMULATION NUMBER:
7

# ELLIPSOMETRIC CONFIGURATION:
0.00 ø :Modulator
+45.00 øAnalyser

# INTEGRATION TIME:
31 ms

# FIRST POINT:
999.79 nm

# LAST POINT:
439.65 nm

# INCREMENT:
0.00 nm

# NUMBER OF POINTS:
1273

# DATA:
nm Psi Delta Ic Is Reflectance IcPrim IntegrationTime IntensityMax Polarization PolarizationGen eV 
999.7925 1.627 224.054 -2.75183 -2.66242 0.000 67.35753 31.0000 6.97 2.72189106233855181E18 1.83239671077939446E19 1.240099 
999.4089 1.627 224.054 -2.75183 -2.66242 1.169 67.35753 31.0000 7.00 2.53156175127982899E18 1.70426578294349496E19 1.240575 
999.0253 1.627 224.054 -2.75183 -2.66242 0.768 67.35754 31.0000 7.24 2.41329938010787021E18 1.62465047582972314E19 1.241052 
998.6415 1.627 224.054 -2.75183 -2.66242 1.513 67.35754 31.0000 7.13 2.27840579605417165E18 1.53383917166379663E19 1.241529 
998.2578 1.627 224.054 -2.75183 -2.66242 0.280 67.35753 31.0000 7.31 2.12503381958406963E18 1.43058810289237524E19 1.242006 
997.8739 1.627 224.054 -2.75183 -2.66242 0.752 67.35753 31.0000 7.34 1.95133530909022618E18 1.31365306215746765E19 1.242484 
997.4900 1.627 224.054 -2.75183 -2.66242 -0.086 67.35753 31.0000 7.36 1.75546267272111718E18 1.18179017195457085E19 1.242962 
997.1060 1.627 224.054 -2.75183 -2.66242 -0.006 67.35753 31.0000 7.39 1.53556776886940467E18 1.03375533487685632E19 1.243440 
996.7219 1.627 224.054 -2.75183 -2.66242 -3.514 67.35753 31.0000 7.39 1.28980300568356454E18 8.68304728395402445E18 1.243920 
996.3377 1.627 224.054 -2.75183 -2.66242 -2.090 67.35754 31.0000 7.56 1.01632044771468902E18 6.84194255103380685E18 1.244399 
995.9535 1.627 224.054 -2.75183 -2.66242 -1.097 67.35754 31.0000 7.48 716967892972732416.0000 4.82667957432038195E18 1.244879 
995.5692 1.627 224.054 -2.75183 -2.66242 1.114 67.35753 31.0000 7.61 393593173827387392.0000 2.64969795349250048E18 1.245360 
995.1848 1.627 224.054 -2.75183 -2.66242 -0.791 67.35753 31.0000 7.73 51739950596489216.0000 348317106061705216.0000 1.245841 
994.8003 1.627 224.054 -2.75183 -2.66242 0.023 67.35754 31.0000 7.76 295656890002571264.0000 1.99038336503906304E18 1.246322 
994.4158 1.627 224.054 -2.75183 -2.66242 0.018 67.35753 31.0000 7.65 630118706445287424.0000 4.24200437064584397E18 1.246804 
994.0311 49.589 122.719 -0.30878 0.48062 0.012 -0.09229 31.0000 7.91 0.5763 0.6439 1.247287 
993.6464 40.898 105.190 -0.12844 0.47306 0.948 0.07067 31.0000 7.93 0.5613 0.6840 1.247770 
993.2617 37.489 77.302 0.09665 0.42894 1.221 0.11799 31.0000 7.96 0.5705 0.7778 1.248253 
992.8768 50.165 81.578 0.08141 0.54983 -0.556 -0.10131 31.0000 7.94 0.5747 0.7512 1.248737 
992.4919 53.545 42.785 0.25089 0.23221 0.376 -0.10511 31.0000 7.98 0.5919 0.7402 1.249221 
992.1069 46.975 75.784 0.11118 0.43886 -9.352 -0.03125 31.0000 8.09 0.5896 0.7068 1.249706 
991.7218 32.039 69.591 0.16660 0.44776 -1.404 0.23222 31.0000 8.07 0.6416 0.7089 1.250191 
991.3367 29.050 57.363 0.26459 0.41314 0.457 0.30537 31.0000 8.42 0.6626 0.7485 1.250677 
990.9514 27.045 52.369 0.36858 0.47808 1.531 0.43715 31.0000 8.33 0.7999 0.8900 1.251163 
990.5661 16.234 55.211 0.22743 0.32736 15.152 0.62647 31.0000 8.21 0.8026 0.8855 1.251650 
990.1807 14.775 45.764 0.28277 0.29041 -22.097 0.71495 31.0000 8.33 0.7897 0.8864 1.252137 
989.7953 7.940 68.076 0.08706 0.21632 -0.531 0.81965 31.0000 8.44 0.7377 0.8315 1.252625 
989.4097 11.373 76.137 0.09265 0.37540 -1.904 0.92223 31.0000 8.55 0.7534 0.8356 1.253113 
989.0241 14.020 88.187 0.01501 0.47424 1.320 0.89089 31.0000 8.49 0.7604 0.8473 1.253601 
988.6384 23.670 97.464 -0.08068 0.61578 1.593 0.57227 31.0000 8.42 0.7321 0.8094 1.254090 
988.2526 19.892 73.759 0.17941 0.61589 24.574 0.77038 31.0000 8.73 0.7506 0.8375 1.254580 
987.8668 23.161 66.100 0.28696 0.64755 1.225 0.67633 31.0000 8.63 0.7533 0.8552 1.255070 
987.4809 17.113 68.902 0.20330 0.52692 -4122.458 0.83022 31.0000 8.62 0.7162 0.7722 1.255560 
987.0949 16.758 72.445 0.16584 0.52422 1.587 0.83017 31.0000 8.78 0.6791 0.7018 1.256051 
986.7088 14.128 70.110 0.14752 0.40774 1.308 0.80677 31.0000 8.81 0.6846 0.7103 1.256543 
986.3226 10.971 84.007 0.03067 0.29216 -2.309 0.72919 31.0000 8.82 0.6997 0.7276 1.257035 
985.9364 14.971 72.272 0.11382 0.35604 -8.575 0.64892 31.0000 8.93 0.7470 0.7921 1.257527 
985.5501 14.902 66.516 0.13958 0.32125 76.798 0.61148 31.0000 8.85 0.7986 0.8931 1.258020 
985.1638 23.005 66.372 0.19449 0.44458 -2.429 0.46844 31.0000 8.95 0.8597 1.0054 1.258513 
984.7773 28.676 65.715 0.24299 0.53855 1.226 0.37854 31.0000 9.16 0.9180 1.0613 1.259007 
984.3907 31.439 59.186 0.40447 0.67813 -1.602 0.40444 31.0000 9.20 0.9340 1.0727 1.259502 
984.0041 26.305 56.351 0.27504 0.41320 -1.171 0.37936 31.0000 9.25 0.7544 0.8630 1.259997 
983.6174 11.881 48.680 0.11259 0.12807 0.802 0.38734 31.0000 9.40 0.5902 0.7450 1.260492 
983.2307 4.141 225.061 -0.05804 -0.05816 0.825 0.56454 31.0000 9.53 0.6040 0.7548 1.260988 
982.8438 13.128 231.118 -0.29821 -0.36981 0.730 0.96313 31.0000 9.51 0.7595 0.9455 1.261484 
982.4569 10.120 194.745 -0.22027 -0.05797 0.770 0.61777 31.0000 9.55 0.7458 0.9526 1.261981 
982.0699 13.383 116.523 -0.07495 0.15017 -2.477 0.33276 31.0000 9.82 0.7028 0.9300 1.262478 
981.6828 36.926 83.263 0.05419 0.45871 -0.017 0.13373 31.0000 9.74 0.7771 0.9803 1.262976 
981.2957 42.540 72.385 0.13207 0.41598 -0.008 0.03757 31.0000 9.81 0.7643 0.9849 1.263474 
980.9084 46.482 72.337 0.33162 1.04140 0.005 -0.05659 31.0000 9.84 0.9659 1.1640 1.263973 
980.5211 52.004 59.529 1.09695 1.86443 0.009 -0.53964 31.0000 9.92 1.2463 1.4049 1.264472 
980.1337 50.951 82.226 0.22635 1.65791 -0.002 -0.35265 31.0000 10.09 1.0190 1.2263 1.264972 
979.7463 49.344 95.523 -0.14974 1.54850 -0.002 -0.23774 31.0000 9.90 0.9285 1.0532 1.265472 
979.3587 51.953 100.206 -0.42673 2.37024 10.495 -0.59630 31.0000 10.11 0.9161 0.9677 1.265973 
978.9711 45.747 181.679 -2.49174 -0.07303 5.661 -0.06499 31.0000 10.09 0.9035 1.1228 1.266474 
978.5834 45.149 193.347 -2.14213 -0.50821 2.411 -0.01147 31.0000 10.00 1.1797 1.4731 1.266976 
978.1956 40.159 203.406 -2.06733 -0.89489 6.430 0.38433 31.0000 10.10 1.4357 1.7945 1.267478 
977.8077 36.290 207.670 -1.60565 -0.84192 -3.070 0.56888 31.0000 10.31 1.5473 1.9037 1.267981 
977.4199 32.677 213.947 -1.16769 -0.78605 4.531 0.64582 31.0000 10.40 1.6043 1.8950 1.268484 
977.0319 23.539 185.620 -0.68609 -0.06751 2.258 0.64114 31.0000 10.46 1.2215 1.4352 1.268988 
976.6437 12.571 151.427 -0.23468 0.12781 1.445 0.56939 31.0000 10.35 0.8703 1.3029 1.269493 
976.2556 18.073 141.656 -0.38110 0.30145 -7.596 0.66522 31.0000 10.43 1.0019 1.1698 1.269997 
975.8674 21.612 86.868 0.03279 0.59927 1.339 0.63858 31.0000 10.54 0.9057 0.9756 1.270502 
975.4790 34.264 74.899 0.28723 1.06443 1.213 0.43367 31.0000 10.87 1.0949 1.1704 1.271008 
975.0906 27.030 88.397 0.01694 0.60527 -1.901 0.43897 31.0000 10.68 0.8743 0.9082 1.271515 
974.7021 30.276 86.610 0.03512 0.59281 -22.287 0.33526 31.0000 10.85 0.8445 0.9119 1.272021 
974.3136 27.507 89.373 0.00595 0.54414 1.365 0.38083 31.0000 10.75 0.7643 0.8309 1.272529 
973.9250 29.764 88.414 0.01370 0.49484 0.033 0.29127 31.0000 10.85 0.6712 0.7283 1.273036 
973.5363 35.708 87.929 0.01495 0.41334 0.065 0.13907 31.0000 10.94 0.6042 0.6406 1.273545 
973.1475 47.840 94.076 -0.02032 0.28517 -6.464 -0.02844 31.0000 10.84 0.5264 0.5480 1.274053 
972.7586 45.712 121.813 -0.05760 0.09285 -2.875 -0.00272 31.0000 11.14 0.5023 0.5358 1.274563 
972.3697 70.415 142.356 -0.07371 0.05686 -1.212 -0.11427 31.0000 11.26 0.5036 0.5382 1.275073 
971.9807 78.466 127.701 -0.07695 0.09955 -0.957 -0.29545 31.0000 11.14 0.5186 0.5567 1.275583 
971.5916 80.347 104.532 -0.03556 0.13719 -1.205 -0.40457 31.0000 11.40 0.5910 0.6220 1.276094 
971.2024 87.617 105.672 -0.01383 0.04930 0.644 -0.61420 31.0000 11.48 0.6699 0.7059 1.276605 
970.8131 66.388 110.191 -0.21369 0.58109 0.075 -0.57284 31.0000 11.30 1.1973 1.2176 1.277117 
970.4238 60.880 301.825 22.25082 -35.85204 0.043 -26.12125 31.0000 11.46 1.3807 1.3955 1.277629 
970.0344 52.122 23.236 7.44232 3.19536 0.026 -2.05609 31.0000 11.83 6.2366 7.4518 1.278142 
969.6449 36.299 140.988 -3.36579 2.72676 0.020 1.35757 31.0000 11.85 3.0545 3.2226 1.278656 
969.2553 35.809 164.652 -9.86955 2.70894 0.005 3.40093 31.0000 11.86 7.8534 9.2858 1.279170 
968.8657 35.997 169.789 -14.50999 2.61375 -4.144 4.79189 31.0000 11.80 11.7715 14.1022 1.279684 
968.4760 36.039 171.413 -17.05984 2.57614 1.471 5.57978 31.0000 12.10 14.1508 17.0130 1.280199 
968.0861 36.108 172.009 -18.36316 2.57789 0.555 5.94816 31.0000 12.37 14.9227 17.9664 1.280714 
967.6962 36.230 172.133 -19.68517 2.71987 0.105 6.28125 31.0000 12.17 14.0654 16.9467 1.281230 
967.3063 36.408 171.350 -17.63872 2.68333 1.392 5.51716 31.0000 12.27 11.5473 13.9428 1.281747 
966.9163 37.441 167.655 -12.61294 2.76041 1.714 3.48828 31.0000 12.41 7.5410 9.0528 1.282264 
966.5261 43.782 145.127 -3.81505 2.65872 -6.945 0.19784 31.0000 12.30 2.6180 2.8563 1.282782 
966.1359 58.140 21.218 6.69352 2.59870 1.364 -3.54555 31.0000 12.08 6.3777 7.4489 1.283300 
965.7457 51.577 126.802 -1.88693 2.52209 -0.965 -0.73614 31.0000 12.22 2.0765 2.1202 1.283818 
965.3553 49.423 128.502 -2.21889 2.78933 1.403 -0.55468 31.0000 12.54 1.7647 1.7820 1.284337 
964.9649 46.214 132.219 -6.35215 7.00085 10.839 -0.40073 31.0000 12.60 1.1969 1.2613 1.284857 
964.5743 63.159 4.421 0.49843 0.03854 3.227 -0.36748 31.0000 12.46 0.5946 0.8662 1.285377 
964.1838 50.821 108.944 -0.35104 1.02274 -1.890 -0.22277 31.0000 12.56 2.0428 2.1968 1.285898 
963.7931 75.255 329.661 0.51140 -0.29931 1.182 -1.04777 31.0000 12.76 0.7118 1.1284 1.286419 
963.4023 72.740 305.209 0.36445 -0.51647 0.156 -0.91907 31.0000 12.89 0.6939 1.0817 1.286941 
963.0115 73.930 337.470 0.32917 -0.13655 1.488 -0.56720 31.0000 12.91 0.6061 0.9869 1.287463 
962.6207 74.206 33.166 0.10450 0.06830 1.966 -0.20302 31.0000 13.05 0.5628 0.7712 1.287986 
962.2297 30.355 107.748 -0.07310 0.22839 1.905 0.13452 31.0000 13.18 0.6395 0.7575 1.288509 
961.8386 14.108 53.426 0.13954 0.18807 1.773 0.43645 31.0000 13.16 0.7647 1.0083 1.289033 
961.4474 10.072 295.331 0.06701 -0.14156 1.685 0.42696 31.0000 13.41 0.7348 0.9890 1.289558 
961.0562 12.222 275.859 0.02207 -0.21506 2.246 0.47560 31.0000 13.21 0.7980 1.1133 1.290083 
960.6649 16.280 274.774 0.02673 -0.32006 0.019 0.50298 31.0000 13.56 0.7316 0.9861 1.290608 
960.2736 22.941 271.917 0.01901 -0.56792 0.025 0.55102 31.0000 13.41 0.6566 0.8100 1.291134 
959.8821 8.669 298.805 0.06215 -0.11302 1.360 0.41314 31.0000 13.48 0.5599 0.6163 1.291661 
959.4905 28.713 80.042 0.07716 0.43946 3.494 0.28505 31.0000 13.54 0.5439 0.5708 1.292188 
959.0989 49.522 84.492 0.09545 0.98994 1.385 -0.15829 31.0000 13.89 0.5962 0.7468 1.292715 
958.7073 57.524 83.636 0.02952 0.26470 2.383 -0.12447 31.0000 13.73 0.5188 0.6470 1.293243 
958.3155 50.658 90.322 -0.00265 0.47289 -24.747 -0.09463 31.0000 13.66 0.5299 0.5752 1.293772 
957.9236 47.901 94.705 -0.03874 0.47077 1.750 -0.04800 31.0000 13.60 0.5480 0.5832 1.294301 
957.5317 43.691 99.318 -0.05115 0.31176 -232.251 0.01445 31.0000 13.56 0.5642 0.5974 1.294831 
957.1396 22.733 99.159 -0.03352 0.20792 2.884 0.20720 31.0000 13.42 0.6365 0.7308 1.295362 
956.7476 11.741 94.556 -0.01292 0.16217 -5.845 0.37447 31.0000 14.03 0.6380 0.8076 1.295892 
956.3554 0.513 194.073 -0.01027 -0.00257 2.377 0.59158 31.0000 14.38 0.6454 0.8855 1.296424 
955.9632 12.976 135.629 -0.21014 0.20557 -0.012 0.60399 31.0000 14.43 0.6916 0.9223 1.296956 
955.5709 8.114 46.914 0.14575 0.15583 -0.009 0.73308 31.0000 14.26 0.7347 0.9612 1.297488 
955.1784 13.751 0.993 0.32854 0.00569 -0.009 0.63117 31.0000 14.36 0.6503 0.8834 1.298021 
954.7859 23.280 351.352 0.47941 -0.07291 1.655 0.45922 31.0000 14.52 0.6032 0.8289 1.298555 
954.3934 34.211 358.600 0.56983 -0.01392 14.214 0.22542 31.0000 14.36 0.5891 0.8019 1.299089 
954.0007 45.153 358.739 0.58314 -0.01284 2.046 -0.00312 31.0000 14.42 0.5919 0.8060 1.299624 
953.6080 46.814 16.293 0.44212 0.12922 1.681 -0.02921 31.0000 14.64 0.6169 0.8095 1.300159 
953.2152 59.160 40.122 0.31789 0.26789 -2.170 -0.22402 31.0000 14.89 0.6079 0.7430 1.300695 
952.8223 58.453 39.199 0.25055 0.20433 1.374 -0.16406 31.0000 14.57 0.5694 0.6481 1.301231 
952.4293 51.246 51.056 0.16942 0.20963 1.995 -0.05971 31.0000 14.84 0.5597 0.6121 1.301768 
952.0363 44.376 87.078 0.01673 0.32782 3.728 0.00715 31.0000 14.84 0.6268 0.6966 1.302305 
951.6432 31.861 38.944 0.35471 0.28666 1.760 0.22518 31.0000 15.17 0.7085 0.7656 1.302843 
951.2499 32.633 39.913 0.32095 0.26847 13.417 0.19277 31.0000 14.82 0.6626 0.7331 1.303382 
950.8567 21.825 75.165 0.24015 0.90665 4.258 0.98316 31.0000 14.86 1.3957 2.8178 1.303921 
950.4633 29.162 345.282 0.32778 -0.08610 1.731 0.20910 31.0000 14.92 0.5802 0.8886 1.304461 
950.0699 65.075 279.093 0.54367 -3.39672 -0.302 -2.90189 31.0000 15.13 1.1759 3.1548 1.305001 
949.6763 69.174 272.159 0.45352 -12.03046 -0.153 -13.53545 31.0000 15.25 1.7408 4.5774 1.305542 
949.2827 18.869 88.296 0.23593 7.93088 -0.119 10.25188 31.0000 15.40 2.3407 4.8892 1.306083 
948.8890 20.422 89.291 0.08622 6.96435 -0.226 8.05627 31.0000 15.75 2.5996 4.7545 1.306625 
948.4953 19.922 90.312 -0.04556 8.35919 -0.005 10.01737 31.0000 15.62 2.3648 4.1936 1.307167 
948.1014 21.077 90.540 -0.20120 21.35118 0.535 23.58636 31.0000 15.71 1.8697 2.4035 1.307710 
947.7075 71.083 269.835 -0.01009 -3.51263 1.126 -4.52309 31.0000 15.74 1.0876 2.6163 1.308254 
947.3135 18.532 78.364 0.04688 0.22765 5.650 0.30774 31.0000 15.23 0.5769 2.9348 1.308798 
946.9194 19.372 85.138 0.07988 0.93899 0.557 1.17443 31.0000 15.45 1.6222 3.6276 1.309343 
946.5253 10.807 78.953 0.06394 0.32748 0.192 0.84217 31.0000 15.44 0.8696 3.4108 1.309888 
946.1310 47.458 349.565 2.29934 -0.42346 1.708 -0.20107 31.0000 16.10 2.8951 4.3015 1.310434 
945.7367 20.505 124.397 -0.23001 0.33596 2.812 0.46819 31.0000 15.76 1.1937 3.2997 1.310980 
945.3423 34.187 151.768 -2.48543 1.33444 -1.143 1.11844 31.0000 16.18 3.1493 4.5589 1.311527 
944.9478 35.278 155.042 -5.54203 2.57937 0.402 2.15804 31.0000 16.38 5.0362 6.2091 1.312074 
944.5532 35.664 155.619 -9.64631 4.37187 2.140 3.57889 31.0000 16.02 6.3143 7.3530 1.312623 
944.1586 35.636 156.528 -17.10384 7.42702 2.926 6.32199 31.0000 15.98 6.8694 7.7240 1.313171 
943.7639 36.453 156.282 -35.29376 15.50608 -1.497 11.85449 31.0000 16.09 6.7007 7.3057 1.313720 
943.3691 35.512 156.715 -22.27962 9.58820 1.195 8.34001 31.0000 16.19 5.6055 6.5187 1.314270 
942.9742 34.526 155.780 -11.62845 5.23085 2.229 4.88149 31.0000 16.31 3.5892 4.6419 1.314821 
942.5792 27.894 148.504 -1.83283 1.12297 2.485 1.46140 31.0000 16.54 0.9757 2.6802 1.315372 
942.1841 52.094 342.810 3.84212 -1.18859 -2.007 -1.01673 31.0000 16.60 2.7687 3.5660 1.315923 
941.7890 35.807 337.724 0.55442 -0.22711 -2.237 0.19914 31.0000 16.78 0.8210 1.4920 1.316475 
941.3938 31.642 354.814 0.61273 -0.05561 -30.410 0.30966 31.0000 16.75 0.6246 0.9528 1.317028 
940.9985 33.894 338.814 0.82443 -0.31954 0.796 0.36105 31.0000 16.93 0.6386 0.7165 1.317581 
940.6031 26.706 348.087 0.53826 -0.11356 -12.442 0.40837 31.0000 16.81 0.5835 0.6820 1.318135 
940.2077 15.698 352.354 0.24782 -0.03327 4.319 0.40971 31.0000 16.82 0.5464 0.6448 1.318689 
939.8122 21.470 113.567 -0.10817 0.24798 4.355 0.29073 31.0000 17.21 0.5299 0.6072 1.319244 
939.4166 27.542 133.406 -0.42046 0.44453 1.911 0.42710 31.0000 16.95 0.6345 0.6716 1.319800 
939.0209 24.578 118.165 -0.20499 0.38285 -6.565 0.37543 31.0000 16.84 0.5940 0.6567 1.320356 
938.6251 28.950 113.481 -0.17791 0.40953 2.246 0.28009 31.0000 17.04 0.6045 0.6525 1.320913 
938.2292 37.346 143.599 -0.33928 0.25015 1.652 0.11538 31.0000 17.32 0.5815 0.6135 1.321470 
937.8333 35.310 95.898 -0.05927 0.57374 1.699 0.20290 31.0000 17.23 0.6951 0.7257 1.322028 
937.4373 39.088 74.050 0.19164 0.67051 -4.452 0.14599 31.0000 17.64 0.6708 0.7406 1.322586 
937.0412 39.468 39.644 0.50159 0.41561 13.976 0.12737 31.0000 17.45 0.6335 0.6799 1.323146 
936.6450 37.722 31.128 0.48485 0.29280 2.023 0.14708 31.0000 17.13 0.6566 0.6973 1.323705 
936.2487 39.105 29.521 0.44599 0.25255 1.885 0.10698 31.0000 17.57 0.7118 0.7679 1.324266 
935.8524 43.215 49.751 0.21571 0.25482 0.992 0.02083 31.0000 17.70 0.7324 1.0497 1.324826 
935.4560 53.843 26.399 0.44753 0.22214 1.393 -0.15932 31.0000 17.83 0.6906 0.8096 1.325388 
935.0594 53.079 355.079 0.58175 -0.05009 -2.085 -0.16918 31.0000 18.10 0.6280 0.8894 1.325950 
934.6629 26.675 5.078 0.37015 0.03289 -0.121 0.27649 31.0000 18.00 0.7067 1.0533 1.326512 
934.2662 47.666 320.479 0.31852 -0.26277 2.245 -0.03853 31.0000 18.03 0.8091 1.2246 1.327076 
933.8694 66.338 358.780 1.43638 -0.03060 3.489 -1.32461 31.0000 18.33 0.8052 1.5080 1.327640 
933.4727 16.888 159.410 -1.40858 0.52916 -14.648 2.24978 31.0000 18.34 1.6575 2.8886 1.328204 
933.0757 16.800 153.925 -0.90563 0.44318 -1.197 1.51753 31.0000 18.41 2.2594 3.8269 1.328769 
932.6787 15.839 163.697 -0.89251 0.26104 1.630 1.50695 31.0000 18.72 2.5363 4.2370 1.329334 
932.2817 15.071 186.709 -0.98016 -0.11530 26.938 1.69968 31.0000 18.48 2.4409 4.1512 1.329901 
931.8845 14.553 195.864 -0.98509 -0.27994 0.099 1.83944 31.0000 18.72 2.2207 3.8212 1.330467 
931.4873 17.133 208.761 -1.54100 -0.84582 -119.040 2.58027 31.0000 18.43 1.7236 2.9968 1.331035 
931.0900 63.963 33.735 6.03605 4.03083 0.642 -5.65549 31.0000 19.00 1.0185 1.8356 1.331603 
930.6926 26.448 55.479 0.27020 0.39284 1.748 0.36065 31.0000 18.77 0.8490 1.2886 1.332171 
930.2951 43.496 43.142 0.13291 0.12456 -14.578 0.00957 31.0000 18.83 0.9631 1.3351 1.332740 
929.8975 67.118 107.632 -0.69205 2.17739 0.197 -2.22462 31.0000 19.10 0.9220 1.1728 1.333310 
929.4999 12.788 312.354 2.37335 -2.60336 26.613 7.36029 31.0000 19.55 0.9339 1.0920 1.333881 
929.1022 35.590 70.879 0.45166 1.30279 24.125 0.46996 31.0000 19.88 1.0281 1.5170 1.334452 
928.7043 51.557 81.753 0.41039 2.83130 2.954 -0.66648 31.0000 19.29 1.0226 1.8220 1.335023 
928.3065 59.256 81.909 1.15177 8.10211 -5.933 -4.44569 31.0000 19.36 1.0263 2.0303 1.335595 
927.9085 26.948 266.184 -0.74764 -11.20783 1.475 8.19196 31.0000 19.32 1.0217 2.0821 1.336168 
927.5104 23.347 269.714 -0.01210 -2.41974 0.131 2.28069 31.0000 19.79 0.9715 1.8900 1.336742 
927.1123 18.308 274.175 0.06317 -0.86551 0.083 1.16783 31.0000 19.70 0.8682 1.4406 1.337316 
926.7141 19.414 288.586 0.15052 -0.44764 0.077 0.58678 31.0000 19.53 0.9644 1.1295 1.337890 
926.3158 35.941 266.805 -0.03794 -0.67966 0.687 0.22272 31.0000 20.00 0.6714 0.9391 1.338466 
925.9174 85.301 110.431 -0.01347 0.03615 0.725 -0.23306 31.0000 19.90 0.6813 1.0360 1.339042 
925.5190 57.160 276.278 0.03255 -0.29592 -0.302 -0.13455 31.0000 19.92 0.6514 1.0405 1.339618 
925.1204 47.347 275.672 0.07500 -0.75509 -0.107 -0.06229 31.0000 20.05 0.6471 1.0426 1.340195 
924.7218 53.412 279.513 0.09522 -0.56821 -0.071 -0.17421 31.0000 19.84 0.6050 0.9536 1.340773 
924.3231 47.095 290.503 0.13426 -0.35904 -0.035 -0.02808 31.0000 20.09 0.5541 0.8293 1.341351 
923.9243 37.193 19.716 0.14228 0.05099 1.412 0.04224 31.0000 20.22 0.5203 0.6624 1.341930 
923.5255 39.049 74.442 0.11497 0.41293 1.944 0.09034 31.0000 20.48 0.5661 0.6169 1.342510 
923.1265 44.088 102.042 -0.19748 0.92571 0.075 0.03015 31.0000 20.12 0.8134 0.8498 1.343090 
922.7275 37.424 74.689 0.13837 0.50544 0.045 0.14190 31.0000 20.71 0.6900 0.7788 1.343671 
922.3283 26.488 37.017 0.28846 0.21750 1.729 0.27247 31.0000 20.56 0.6754 0.8307 1.344252 
921.9291 27.360 30.543 0.47298 0.27908 0.000 0.38855 31.0000 20.71 0.8279 1.0787 1.344834 
921.5298 25.532 11.610 0.54468 0.11190 0.000 0.44928 31.0000 20.66 0.8559 1.1416 1.345417 
921.1305 25.591 16.086 0.59125 0.17050 0.000 0.49508 31.0000 20.39 0.9202 1.2372 1.346000 
920.7311 24.792 359.374 0.51972 -0.00568 0.000 0.44261 31.0000 20.94 0.8346 1.0772 1.346584 
920.3315 24.628 21.551 0.57520 0.22718 0.000 0.53276 31.0000 21.35 0.7823 0.9580 1.347169 
919.9319 29.447 46.557 0.49267 0.52019 0.000 0.43232 31.0000 20.89 0.7857 0.9173 1.347754 
919.5322 33.269 67.178 0.32343 0.76858 1.783 0.36191 31.0000 20.60 0.8433 0.9333 1.348340 
919.1324 37.000 87.363 0.04708 1.02221 1.648 0.29343 31.0000 21.42 0.9486 1.0610 1.348926 
918.7326 32.555 69.081 0.31080 0.81311 6.684 0.40388 31.0000 20.90 0.8164 0.9120 1.349513 
918.3326 36.235 71.894 0.19236 0.58831 -5.639 0.19551 31.0000 21.46 0.8618 0.9837 1.350101 
917.9326 31.059 59.704 0.30722 0.52584 2.449 0.32221 31.0000 21.42 0.6002 0.6966 1.350689 
917.5325 14.524 331.188 0.70335 -0.38685 2.267 1.44524 31.0000 21.01 0.6356 0.7497 1.351278 
917.1323 10.695 339.340 2.34402 -0.88385 1.910 6.39547 31.0000 21.24 0.7324 0.8944 1.351868 
916.7321 74.073 106.096 -0.53553 1.85592 7.007 -3.10889 31.0000 21.43 0.8524 1.0551 1.352458 
916.3317 82.074 173.126 -0.64511 0.07776 110.668 -2.28827 31.0000 21.63 0.8588 1.0971 1.353049 
915.9313 75.904 221.469 -1.32635 -1.17218 4.145 -3.30241 31.0000 21.63 0.8123 1.0403 1.353641 
915.5308 18.211 60.396 1.94032 3.41500 4.146 5.32326 31.0000 21.87 0.7688 0.9319 1.354233 
915.1302 9.782 58.970 0.13258 0.22039 2.277 0.72376 31.0000 22.15 0.6835 0.7705 1.354826 
914.7295 54.461 107.835 -0.03348 0.10406 -0.007 -0.03747 31.0000 21.86 0.5984 0.6594 1.355419 
914.3287 67.241 96.761 -0.02684 0.22640 -0.016 -0.22390 31.0000 21.88 0.6805 0.8140 1.356013 
913.9279 77.271 65.633 0.05584 0.12328 -0.004 -0.28427 31.0000 21.93 0.5647 0.6593 1.356608 
913.5270 25.102 44.375 0.08512 0.08328 -0.026 0.09920 31.0000 21.99 0.5343 0.6374 1.357203 
913.1259 18.720 45.716 0.20536 0.21056 1.271 0.38414 31.0000 22.21 0.5853 0.6858 1.357799 
912.7249 19.411 46.451 0.23417 0.24635 0.000 0.42240 31.0000 21.76 0.6005 0.6731 1.358396 
912.3237 18.515 50.736 0.20128 0.24623 1.998 0.42156 31.0000 22.11 0.5945 0.6616 1.358993 
911.9224 16.190 46.546 0.20734 0.21884 -0.278 0.47542 31.0000 22.58 0.5818 0.6344 1.359591 
911.5211 39.369 78.151 0.11780 0.56148 -0.243 0.11424 31.0000 22.53 0.6403 0.7789 1.360190 
911.1196 32.413 180.942 -1.75430 -0.02885 0.176 0.82464 31.0000 22.68 1.0394 1.8793 1.360789 
910.7181 19.914 263.276 -0.11481 -0.97373 0.059 1.17562 31.0000 22.53 0.7811 1.0235 1.361389 
910.3165 36.562 5.305 2.62370 0.24364 0.093 0.79938 31.0000 22.65 1.3841 2.1373 1.361990 
909.9149 35.064 18.878 4.01591 1.37323 -0.067 1.53400 31.0000 22.35 1.9707 2.9782 1.362591 
909.5131 34.435 4.817 4.07775 0.34361 0.385 1.58153 31.0000 22.32 2.3929 3.4595 1.363193 
909.1113 34.738 355.553 3.95924 -0.30789 0.090 1.48664 31.0000 22.50 2.6262 3.6792 1.363795 
908.7093 36.110 351.178 3.53853 -0.54920 0.019 1.14828 31.0000 22.57 2.6564 3.6501 1.364399 
908.3073 37.685 349.446 3.11669 -0.58071 0.026 0.82763 31.0000 22.38 2.5324 3.4181 1.365003 
907.9052 41.721 352.588 3.03371 -0.39465 0.002 0.35170 31.0000 22.61 2.2586 3.0055 1.365607 
907.5031 60.369 2.124 3.41268 0.12657 -1.522 -2.03075 31.0000 22.55 2.2691 2.9246 1.366212 
907.1008 37.498 3.406 2.56569 0.15270 -0.005 0.68890 31.0000 22.48 1.8905 2.4942 1.366818 
906.6984 25.781 14.514 2.37404 0.61457 -0.008 1.94635 31.0000 22.66 2.2082 2.6515 1.367425 
906.2960 22.469 28.730 2.37580 1.30232 -0.047 2.71512 31.0000 22.54 2.5964 2.9567 1.368032 
905.8935 19.289 39.227 2.52434 2.06077 -0.577 4.08520 31.0000 22.91 3.2122 3.5894 1.368640 
905.4909 16.960 28.776 2.47858 1.36126 0.009 4.20504 31.0000 22.86 3.0610 3.3682 1.369248 
905.0883 14.445 27.267 1.76856 0.91154 5.149 3.60588 31.0000 22.85 2.8392 3.0695 1.369857 
904.6855 9.544 26.933 0.90696 0.46078 1.039 2.93969 31.0000 23.28 2.2388 2.3721 1.370467 
904.2826 6.407 152.956 -0.32218 0.16447 -0.012 1.59047 31.0000 23.22 1.5775 1.7376 1.371078 
903.8797 24.604 194.046 -0.81992 -0.20513 -0.004 0.72933 31.0000 23.57 1.3858 1.5134 1.371689 
903.4767 80.770 88.661 0.00692 0.29614 2.461 -0.88737 31.0000 23.53 1.2893 1.4176 1.372301 
903.0736 65.377 84.075 0.01748 0.16843 0.211 -0.14592 31.0000 23.42 0.8762 1.1338 1.372913 
902.6704 80.864 82.954 0.01581 0.12791 0.022 -0.39034 31.0000 23.69 0.9093 1.3583 1.373527 
902.2672 88.487 35.353 0.03007 0.02133 0.128 -0.69728 31.0000 23.51 0.9198 1.5290 1.374140 
901.8638 85.695 286.154 0.04906 -0.16938 17.182 -1.16466 31.0000 23.57 0.9972 1.5945 1.374755 
901.4604 89.153 307.946 0.02423 -0.03107 -0.042 -1.33212 31.0000 23.48 1.0696 1.7799 1.375370 
901.0569 80.471 279.746 0.06900 -0.40175 -0.048 -1.18000 31.0000 23.84 0.9798 1.3874 1.375986 
900.6533 67.508 225.784 -0.72666 -0.74681 -1.490 -1.04260 31.0000 23.50 1.3957 2.2278 1.376603 
900.2496 60.415 47.855 0.38970 0.43062 -0.416 -0.34663 31.0000 23.64 0.6435 1.3197 1.377220 
899.8458 37.424 46.015 1.91779 1.98694 0.276 0.74779 31.0000 23.29 1.3719 2.1697 1.377838 
899.4420 40.507 32.399 7.04337 4.46966 0.333 1.31913 31.0000 23.70 1.6801 2.8140 1.378457 
899.0380 39.280 30.831 27.80305 16.59435 -0.375 6.55166 31.0000 23.95 2.0007 3.3305 1.379076 
898.6340 52.025 209.500 -57.58593 -32.58020 0.184 -16.55724 31.0000 23.81 2.1098 3.4659 1.379696 
898.2299 53.608 197.263 -20.42978 -6.34861 -0.691 -6.62888 31.0000 23.70 1.7623 3.2117 1.380317 
897.8257 37.045 35.116 15.48691 10.89102 -0.988 5.39648 31.0000 24.20 1.7322 2.8214 1.380938 
897.4214 39.015 57.570 1.92189 3.02491 0.245 0.75985 31.0000 24.69 1.5979 2.2325 1.381560 
897.0171 44.548 84.115 0.16568 1.60744 0.034 0.02547 31.0000 24.27 1.3216 1.7091 1.382183 
896.6127 50.615 127.078 -0.64824 0.85783 0.027 -0.21348 31.0000 23.95 1.3264 2.0925 1.382807 
896.2081 45.923 93.180 -0.10002 1.80017 0.014 -0.05811 31.0000 24.06 1.5405 1.7868 1.383431 
895.8035 43.067 89.162 0.02270 1.55162 0.030 0.10484 31.0000 24.01 1.5061 1.8879 1.384056 
895.3989 40.970 85.440 0.10418 1.30618 0.014 0.18556 31.0000 24.24 1.2511 1.8489 1.384681 
894.9941 36.730 81.996 0.13004 0.92484 29.364 0.27736 31.0000 24.54 1.0242 1.8604 1.385307 
894.5892 24.159 67.777 0.16005 0.39173 1.571 0.37679 31.0000 24.98 0.7633 1.8205 1.385934 
894.1843 18.748 302.267 0.19158 -0.30345 0.000 0.46775 31.0000 24.31 0.8222 1.7419 1.386562 
893.7792 8.599 42.379 0.11780 0.10749 0.003 0.51525 31.0000 24.51 0.7379 1.8534 1.387190 
893.3741 8.965 25.339 0.16678 0.07897 2.208 0.57026 31.0000 24.18 0.6841 1.5724 1.387819 
892.9689 12.630 354.010 0.29669 -0.03113 -8.478 0.63224 31.0000 24.77 0.6117 1.1214 1.388449 
892.5637 18.782 329.318 0.20986 -0.12452 -1.013 0.31727 31.0000 24.68 0.5387 0.6304 1.389079 
892.1583 35.027 258.107 -0.06041 -0.28682 0.409 0.10637 31.0000 25.14 0.5902 0.8106 1.389711 
891.7528 7.188 20.771 0.10882 0.04127 0.858 0.45407 31.0000 24.72 0.6050 0.7465 1.390343 
891.3473 14.741 59.616 0.09511 0.16221 -0.515 0.33261 31.0000 25.30 0.6078 0.8384 1.390975 
890.9417 27.988 74.440 0.07986 0.28681 1.291 0.20100 31.0000 24.74 0.6330 0.8900 1.391608 
890.5359 29.114 80.198 0.05335 0.30883 0.000 0.19411 31.0000 24.75 0.6072 0.8491 1.392242 
890.1302 32.618 87.463 0.01140 0.25716 0.032 0.11874 31.0000 25.24 0.5637 0.7877 1.392877 
889.7243 50.748 157.215 -0.17220 0.07233 0.000 -0.03798 31.0000 24.71 0.5356 0.8149 1.393512 
889.3184 27.518 39.460 0.09712 0.07995 0.000 0.08797 31.0000 25.21 0.5221 0.5840 1.394148 
888.9123 30.536 21.278 0.29114 0.11338 1.719 0.17267 31.0000 24.95 0.5421 0.5888 1.394785 
888.5062 39.281 37.360 0.24524 0.18723 -2.341 0.06243 31.0000 25.65 0.5583 0.7629 1.395423 
888.1000 29.077 57.890 0.25594 0.40784 -88.726 0.29907 31.0000 25.20 0.6729 0.7965 1.396061 
887.6937 32.511 60.731 0.28482 0.50817 1.955 0.27137 31.0000 25.46 0.7375 0.8915 1.396700 
887.2873 34.095 61.774 0.27476 0.51187 -515.816 0.23248 31.0000 25.83 0.7389 0.9004 1.397340 
886.8808 38.608 65.343 0.24858 0.54153 2.238 0.13521 31.0000 25.56 0.7533 0.8711 1.397980 
886.4743 32.373 68.002 0.15893 0.39342 2.601 0.20015 31.0000 25.58 0.6131 0.7238 1.398621 
886.0676 37.019 79.998 0.06172 0.34994 2.499 0.10163 31.0000 25.62 0.5648 0.6249 1.399263 
885.6609 45.513 104.005 -0.06897 0.27653 1.551 -0.00510 31.0000 25.69 0.5456 0.6024 1.399906 
885.2541 33.102 78.818 0.07197 0.36406 0.077 0.16365 31.0000 25.91 0.5549 0.6242 1.400549 
884.8472 33.090 78.989 0.06778 0.34834 0.013 0.15666 31.0000 25.59 0.5411 0.6126 1.401193 
884.4402 34.870 77.715 0.07297 0.33509 111.683 0.12659 31.0000 26.10 0.5309 0.6008 1.401838 
884.0332 36.279 78.411 0.10002 0.48774 1.761 0.15643 31.0000 26.07 0.5784 0.6394 1.402483 
883.6260 40.092 76.878 0.11175 0.47940 0.000 0.08517 31.0000 26.19 0.5754 0.8768 1.403130 
883.2188 54.692 76.789 0.12502 0.53254 0.000 -0.19247 31.0000 26.43 0.5901 0.6409 1.403777 
882.8115 61.473 31.360 0.40099 0.24439 0.000 -0.30432 31.0000 26.08 0.8199 1.0270 1.404424 
882.4041 20.934 128.503 -0.14789 0.18590 0.056 0.26505 31.0000 26.22 0.5304 0.8823 1.405073 
881.9966 27.747 176.492 -1.52276 0.09335 0.044 1.04878 31.0000 26.19 0.7018 1.0072 1.405722 
881.5890 31.909 185.699 -11.51534 -1.14911 0.040 5.68976 31.0000 26.44 0.9307 1.2601 1.406372 
881.1813 54.075 16.509 5.83091 1.72817 0.028 -1.99374 31.0000 26.11 1.1190 1.5156 1.407023 
880.7736 56.800 342.067 4.59721 -1.48777 0.315 -2.11095 31.0000 26.68 1.2659 1.8127 1.407674 
880.3658 55.202 332.695 3.60875 -1.86301 -0.007 -1.51072 31.0000 26.05 1.3287 1.7530 1.408326 
879.9579 55.484 319.135 1.90291 -1.64629 -0.034 -0.96424 31.0000 26.37 1.2825 1.7647 1.408979 
879.5499 36.016 138.107 -7.65789 6.86933 0.029 3.33639 31.0000 26.47 1.0544 1.5027 1.409632 
879.1418 34.535 127.893 -0.81478 1.04688 0.181 0.50739 31.0000 26.52 0.9176 1.4653 1.410287 
878.7336 34.402 119.694 -0.34918 0.61231 -0.007 0.27334 31.0000 26.49 0.9457 1.8833 1.410942 
878.3253 36.442 135.403 -0.47828 0.47159 -0.702 0.20684 31.0000 27.09 1.1295 1.6947 1.411598 
877.9170 36.416 128.333 -0.28239 0.35714 2.358 0.14066 31.0000 26.76 1.3502 1.8208 1.412254 
877.5085 34.635 118.827 -0.16542 0.30058 264.328 0.12984 31.0000 26.94 1.5017 1.9003 1.412912 
877.1000 34.991 101.069 -0.06506 0.33256 2.773 0.12346 31.0000 27.12 1.5381 2.1129 1.413570 
876.6915 36.728 83.922 0.04025 0.37802 1.959 0.11293 31.0000 27.04 1.4320 2.1076 1.414228 
876.2828 39.502 74.999 0.13098 0.48877 -0.013 0.09832 31.0000 26.88 1.1979 1.9639 1.414888 
875.8740 44.300 62.851 0.36515 0.71207 0.278 0.01956 31.0000 27.65 1.0022 1.8099 1.415548 
875.4651 39.833 78.732 0.11407 0.57256 0.046 0.10645 31.0000 27.41 0.8995 1.5457 1.416209 
875.0562 40.238 85.423 0.05495 0.68640 0.165 0.11553 31.0000 27.52 0.6257 1.1415 1.416871 
874.6472 42.925 117.577 -0.27008 0.51711 4.963 0.04234 31.0000 26.94 0.6171 1.5346 1.417534 
874.2380 52.966 305.468 0.45193 -0.63433 0.000 -0.22233 31.0000 27.39 0.7934 1.5941 1.418197 
873.8289 31.229 91.067 -0.00839 0.45071 1.539 0.23509 31.0000 27.07 0.5780 0.9429 1.418861 
873.4196 34.053 93.924 -0.02806 0.40900 1.720 0.16475 31.0000 27.98 0.5573 1.1178 1.419526 
873.0102 40.604 93.829 -0.03229 0.48245 0.434 0.07479 31.0000 27.73 0.5604 1.1301 1.420192 
872.6007 39.170 94.949 -0.04009 0.46298 -0.079 0.09590 31.0000 27.32 0.5536 1.0697 1.420858 
872.1912 41.410 84.153 0.06026 0.58848 -0.129 0.07451 31.0000 28.03 0.6224 0.9341 1.421525 
871.7816 35.092 84.611 0.04378 0.46407 -0.061 0.16796 31.0000 27.31 0.6178 0.6394 1.422193 
871.3718 34.059 79.228 0.07638 0.40147 2.128 0.16414 31.0000 28.41 0.6493 0.9086 1.422862 
870.9620 42.243 99.481 -0.02815 0.16853 -0.128 0.01649 31.0000 28.10 0.5487 0.6041 1.423532 
870.5521 61.476 183.908 -0.09163 -0.00626 2.064 -0.05953 31.0000 28.06 0.5373 0.6115 1.424202 
870.1422 43.791 185.506 -0.10254 -0.00988 1.851 0.00435 31.0000 28.48 0.5307 0.6109 1.424873 
869.7321 40.139 112.278 -0.06226 0.15196 0.033 0.02814 31.0000 28.04 0.5399 0.6114 1.425545 
869.3219 46.986 92.498 -0.01302 0.29843 1.500 -0.02074 31.0000 28.25 0.5848 0.6401 1.426217 
868.9117 43.042 84.336 0.04454 0.44908 1.878 0.03089 31.0000 28.38 0.6297 0.6632 1.426891 
868.5013 42.492 80.110 0.09874 0.56630 -0.013 0.05045 31.0000 28.45 0.7090 0.7236 1.427565 
868.0909 42.288 77.857 0.14628 0.67988 1.413 0.06604 31.0000 28.44 0.8360 0.8568 1.428240 
867.6805 42.088 78.951 0.12778 0.65440 -0.025 0.06801 31.0000 28.56 0.8142 0.8243 1.428915 
867.2699 41.970 78.842 0.11217 0.56871 1.749 0.06155 31.0000 28.67 0.7100 0.7189 1.429592 
866.8592 41.561 78.320 0.11178 0.54072 1.781 0.06660 31.0000 28.90 0.6748 0.6803 1.430269 
866.4485 37.760 76.704 0.11756 0.49750 -0.241 0.13202 31.0000 28.70 0.6299 0.6344 1.430947 
866.0376 38.904 73.259 0.16277 0.54115 1.305 0.12209 31.0000 28.73 0.6373 0.6442 1.431626 
865.6267 35.653 76.573 0.13500 0.56551 1.463 0.19672 31.0000 29.54 0.6459 0.6508 1.432306 
865.2157 35.291 78.704 0.10593 0.53030 -0.014 0.19062 31.0000 28.67 0.6280 0.6431 1.432986 
864.8046 36.545 80.540 0.09178 0.55083 1.454 0.16977 31.0000 28.96 0.6455 0.6715 1.433667 
864.3934 36.000 82.301 0.07220 0.53409 1.375 0.17512 31.0000 29.14 0.6463 0.6874 1.434349 
863.9821 37.475 86.067 0.04112 0.59806 1.795 0.16120 31.0000 28.77 0.6762 0.7341 1.435032 
863.5707 35.354 84.385 0.05434 0.55265 -2.838 0.19438 31.0000 29.32 0.6644 0.7111 1.435716 
863.1593 31.261 84.977 0.03587 0.40810 1.722 0.21306 31.0000 29.32 0.5917 0.6303 1.436400 
862.7477 30.539 80.280 0.07968 0.46517 1.401 0.26077 31.0000 29.89 0.6252 0.6469 1.437085 
862.3361 30.315 75.780 0.11774 0.46464 -0.006 0.26976 31.0000 29.51 0.6295 0.6428 1.437771 
861.9244 33.351 72.573 0.14929 0.47562 1.457 0.21468 31.0000 29.80 0.6420 0.6627 1.438458 
861.5126 31.315 75.832 0.12575 0.49814 -1.898 0.26597 31.0000 29.80 0.6497 0.6653 1.439145 
861.1008 27.124 77.438 0.08419 0.37781 1.369 0.27867 31.0000 29.73 0.5973 0.6055 1.439834 
860.6888 25.150 78.410 0.06882 0.33555 1.369 0.28437 31.0000 29.99 0.5798 0.5925 1.440523 
860.2767 26.642 78.176 0.07609 0.36346 1.410 0.27694 31.0000 29.44 0.5795 0.5999 1.441213 
859.8646 28.460 81.340 0.06107 0.40101 -0.004 0.26422 31.0000 29.84 0.5816 0.6081 1.441904 
859.4523 25.584 75.204 0.09550 0.36155 1.362 0.30101 31.0000 29.86 0.5747 0.5971 1.442595 
859.0400 28.040 73.638 0.11325 0.38573 5.190 0.27034 31.0000 29.99 0.5786 0.5954 1.443288 
858.6276 30.179 72.881 0.12739 0.41359 1.287 0.24627 31.0000 30.40 0.5800 0.5914 1.443981 
858.2151 32.738 74.637 0.12560 0.45715 1.350 0.21629 31.0000 30.45 0.6012 0.6074 1.444675 
857.8026 35.916 77.803 0.11983 0.55439 1.531 0.18614 31.0000 30.21 0.6583 0.6613 1.445370 
857.3899 37.245 79.643 0.11320 0.61939 1.409 0.17474 31.0000 30.34 0.7007 0.7039 1.446065 
856.9771 37.117 79.270 0.10952 0.57796 1.379 0.16608 31.0000 29.67 0.6996 0.7026 1.446762 
856.5643 37.289 79.198 0.10637 0.55753 1.338 0.15657 31.0000 30.32 0.6988 0.7021 1.447459 
856.1514 37.582 79.571 0.10571 0.57433 0.002 0.15468 31.0000 30.79 0.7212 0.7253 1.448157 
855.7383 38.007 80.128 0.09497 0.54572 1.602 0.13797 31.0000 30.98 0.7122 0.7184 1.448856 
855.3253 38.836 80.169 0.09999 0.57700 1.481 0.12797 31.0000 30.52 0.7379 0.7468 1.449556 
854.9120 39.231 79.181 0.11534 0.60351 2.070 0.12543 31.0000 30.40 0.7443 0.7504 1.450257 
854.4988 38.686 78.092 0.12159 0.57657 1.498 0.13201 31.0000 30.67 0.6996 0.7060 1.450958 
854.0854 38.504 78.471 0.12046 0.59056 1.617 0.13906 31.0000 30.57 0.7043 0.7114 1.451660 
853.6719 39.221 78.127 0.13151 0.62551 1.593 0.13071 31.0000 31.02 0.7243 0.7301 1.452364 
853.2584 38.917 77.648 0.13685 0.62493 1.421 0.13791 31.0000 30.85 0.7070 0.7111 1.453067 
852.8448 38.687 76.812 0.14270 0.60899 1.290 0.14011 31.0000 30.83 0.6984 0.7024 1.453772 
852.4311 38.080 76.443 0.13661 0.56653 1.605 0.14357 31.0000 30.44 0.6790 0.6833 1.454478 
852.0173 38.566 76.211 0.14724 0.59994 1.357 0.14113 31.0000 30.93 0.7081 0.7117 1.455184 
851.6034 37.387 75.738 0.14269 0.56136 1.337 0.15764 31.0000 30.76 0.6896 0.6942 1.455891 
851.1894 37.403 75.335 0.15135 0.57833 1.332 0.16235 31.0000 30.82 0.6962 0.7013 1.456599 
850.7753 37.773 75.585 0.16232 0.63151 1.564 0.16808 31.0000 30.81 0.7177 0.7209 1.457308 
850.3612 36.408 75.324 0.15299 0.58415 1.759 0.18673 31.0000 31.20 0.6807 0.6843 1.458018 
849.9470 36.457 75.828 0.15218 0.60265 1.271 0.19106 31.0000 31.08 0.6891 0.6928 1.458728 
849.5326 37.118 76.685 0.15253 0.64445 1.698 0.18695 31.0000 30.99 0.7191 0.7220 1.459440 
849.1182 37.273 76.984 0.15438 0.66784 1.283 0.18951 31.0000 31.18 0.7353 0.7379 1.460152 
848.7037 37.091 76.814 0.15765 0.67291 1.311 0.19580 31.0000 31.22 0.7350 0.7371 1.460865 
848.2891 36.742 77.009 0.15555 0.67426 1.421 0.20517 31.0000 31.25 0.7327 0.7345 1.461579 
847.8744 36.325 76.876 0.15341 0.65796 1.358 0.21108 31.0000 31.78 0.7222 0.7239 1.462294 
847.4597 36.061 76.567 0.15902 0.66581 1.333 0.22080 31.0000 31.62 0.7263 0.7278 1.463010 
847.0448 35.829 76.328 0.16115 0.66248 1.291 0.22604 31.0000 32.00 0.7229 0.7244 1.463726 
846.6298 35.677 76.164 0.16331 0.66308 1.314 0.23043 31.0000 32.32 0.7219 0.7235 1.464444 
846.2148 35.889 75.733 0.16936 0.66600 1.228 0.22624 31.0000 31.67 0.7246 0.7261 1.465162 
845.7997 35.768 75.371 0.17456 0.66876 1.294 0.23077 31.0000 32.02 0.7232 0.7248 1.465881 
845.3845 35.702 75.259 0.17553 0.66716 1.273 0.23211 31.0000 31.86 0.7267 0.7281 1.466601 
844.9692 35.582 75.207 0.18026 0.68260 1.325 0.24083 31.0000 31.89 0.7223 0.7239 1.467322 
844.5538 35.437 74.823 0.18815 0.69362 1.431 0.24923 31.0000 31.55 0.7188 0.7204 1.468044 
844.1383 35.385 74.831 0.18521 0.68313 1.218 0.24690 31.0000 31.61 0.7276 0.7296 1.468766 
843.7227 35.342 74.915 0.18204 0.67537 1.312 0.24516 31.0000 32.32 0.7348 0.7374 1.469490 
843.3071 35.532 75.081 0.18411 0.69101 1.134 0.24533 31.0000 32.20 0.7444 0.7468 1.470214 
842.8914 35.565 75.264 0.18685 0.71040 1.340 0.25107 31.0000 32.25 0.7461 0.7485 1.470939 
842.4755 35.889 75.585 0.18680 0.72675 1.270 0.24703 31.0000 32.21 0.7559 0.7585 1.471665 
842.0596 35.708 75.389 0.19104 0.73284 1.281 0.25463 31.0000 32.48 0.7510 0.7537 1.472392 
841.6436 35.934 75.287 0.19307 0.73525 1.238 0.24892 31.0000 32.52 0.7549 0.7579 1.473120 
841.2275 35.891 75.326 0.18979 0.72481 1.172 0.24660 31.0000 32.58 0.7668 0.7702 1.473849 
840.8113 36.082 75.462 0.18596 0.71708 1.176 0.23835 31.0000 32.75 0.7784 0.7828 1.474578 
840.3951 36.170 75.600 0.18827 0.73327 1.197 0.24101 31.0000 32.70 0.7843 0.7884 1.475308 
839.9787 36.206 75.604 0.18930 0.73752 1.250 0.24136 31.0000 32.49 0.7838 0.7869 1.476040 
839.5623 36.121 75.683 0.18761 0.73507 1.271 0.24297 31.0000 33.18 0.7888 0.7911 1.476772 
839.1457 35.867 75.573 0.18800 0.73074 1.436 0.24903 31.0000 32.91 0.7947 0.7974 1.477505 
838.7291 35.705 75.381 0.18972 0.72736 1.263 0.25283 31.0000 32.98 0.7937 0.7965 1.478239 
838.3124 35.703 75.393 0.19022 0.72992 1.227 0.25376 31.0000 33.08 0.7950 0.7985 1.478974 
837.8956 35.767 75.268 0.19233 0.73146 1.249 0.25257 31.0000 33.60 0.7961 0.8001 1.479709 
837.4787 35.738 75.082 0.19580 0.73493 1.268 0.25484 31.0000 33.51 0.7917 0.7956 1.480446 
837.0617 35.687 74.914 0.19881 0.73754 1.527 0.25744 31.0000 33.21 0.7931 0.7972 1.481183 
836.6447 35.716 74.884 0.20179 0.74703 1.305 0.25995 31.0000 33.60 0.7946 0.7987 1.481922 
836.2275 35.667 74.754 0.20414 0.74897 1.268 0.26225 31.0000 33.84 0.7939 0.7978 1.482661 
835.8102 35.628 74.629 0.20680 0.75225 1.245 0.26474 31.0000 34.43 0.7941 0.7977 1.483401 
835.3929 35.717 74.607 0.20728 0.75291 1.253 0.26229 31.0000 34.00 0.7987 0.8023 1.484142 
834.9755 35.772 74.503 0.20860 0.75234 1.205 0.26057 31.0000 34.10 0.7991 0.8026 1.484884 
834.5579 35.777 74.496 0.21019 0.75770 1.193 0.26226 31.0000 33.93 0.8007 0.8041 1.485627 
834.1403 35.763 74.480 0.20953 0.75453 1.254 0.26161 31.0000 34.21 0.8004 0.8039 1.486371 
833.7227 35.792 74.432 0.21077 0.75652 1.153 0.26150 31.0000 34.03 0.8009 0.8042 1.487115 
833.3049 35.875 74.333 0.21240 0.75734 1.240 0.25937 31.0000 34.44 0.8007 0.8037 1.487861 
832.8870 35.829 74.227 0.21471 0.76014 1.194 0.26187 31.0000 34.12 0.8012 0.8040 1.488608 
832.4691 35.934 74.219 0.21387 0.75678 1.253 0.25753 31.0000 34.86 0.8007 0.8035 1.489355 
832.0510 35.840 74.160 0.21556 0.75974 1.293 0.26148 31.0000 34.93 0.8022 0.8049 1.490103 
831.6329 35.863 74.155 0.21630 0.76212 1.266 0.26160 31.0000 34.53 0.8025 0.8050 1.490852 
831.2146 35.961 74.055 0.21754 0.76139 1.176 0.25848 31.0000 35.39 0.8031 0.8056 1.491603 
830.7963 35.949 74.011 0.21950 0.76605 1.280 0.26049 31.0000 35.35 0.8047 0.8071 1.492354 
830.3779 35.975 73.930 0.22163 0.76940 1.209 0.26093 31.0000 35.24 0.8075 0.8098 1.493106 
829.9594 35.954 73.935 0.22195 0.77071 1.214 0.26202 31.0000 36.14 0.8107 0.8130 1.493858 
829.5408 35.972 73.855 0.22407 0.77405 1.217 0.26269 31.0000 35.53 0.8129 0.8152 1.494612 
829.1221 35.987 73.842 0.22405 0.77327 1.184 0.26200 31.0000 35.14 0.8138 0.8162 1.495367 
828.7034 36.008 73.803 0.22516 0.77514 1.251 0.26201 31.0000 35.81 0.8148 0.8172 1.496123 
828.2845 36.031 73.812 0.22476 0.77422 1.289 0.26099 31.0000 36.20 0.8144 0.8167 1.496879 
827.8656 36.047 73.748 0.22674 0.77777 1.207 0.26176 31.0000 35.11 0.8162 0.8185 1.497637 
827.4465 36.147 73.737 0.22713 0.77859 1.234 0.25894 31.0000 36.03 0.8172 0.8194 1.498395 
827.0275 36.191 73.719 0.22785 0.78014 1.226 0.25808 31.0000 36.07 0.8192 0.8215 1.499154 
826.6082 36.218 73.700 0.22871 0.78213 1.197 0.25792 31.0000 35.86 0.8198 0.8221 1.499915 
826.1889 36.191 73.672 0.22985 0.78458 1.269 0.25964 31.0000 36.24 0.8226 0.8248 1.500676 
825.7695 36.227 73.659 0.23011 0.78485 1.261 0.25862 31.0000 36.80 0.8240 0.8263 1.501438 
825.3500 36.240 73.672 0.23013 0.78552 1.286 0.25839 31.0000 36.34 0.8258 0.8281 1.502201 
824.9305 36.237 73.690 0.23009 0.78631 1.211 0.25874 31.0000 36.26 0.8274 0.8297 1.502965 
824.5108 36.229 73.652 0.23124 0.78832 1.174 0.25971 31.0000 36.44 0.8284 0.8306 1.503730 
824.0911 36.207 73.613 0.23238 0.79022 1.203 0.26107 31.0000 36.29 0.8302 0.8324 1.504496 
823.6713 36.150 73.586 0.23329 0.79197 1.243 0.26349 31.0000 36.65 0.8317 0.8337 1.505263 
823.2513 36.150 73.594 0.23351 0.79308 1.230 0.26386 31.0000 36.31 0.8334 0.8355 1.506031 
822.8313 36.153 73.597 0.23375 0.79406 1.241 0.26407 31.0000 36.72 0.8336 0.8357 1.506800 
822.4112 36.141 73.610 0.23455 0.79744 1.247 0.26555 31.0000 37.06 0.8364 0.8385 1.507569 
821.9910 36.196 73.649 0.23430 0.79860 1.189 0.26412 31.0000 36.66 0.8387 0.8407 1.508340 
821.5707 36.179 73.653 0.23422 0.79853 1.194 0.26464 31.0000 36.98 0.8388 0.8408 1.509112 
821.1503 36.141 73.656 0.23466 0.80020 1.218 0.26642 31.0000 37.30 0.8393 0.8412 1.509884 
820.7299 36.099 73.654 0.23592 0.80441 1.262 0.26917 31.0000 37.87 0.8419 0.8438 1.510658 
820.3093 36.099 73.689 0.23603 0.80659 1.191 0.26986 31.0000 37.58 0.8444 0.8463 1.511432 
819.8886 36.201 73.692 0.23564 0.80539 1.186 0.26617 31.0000 37.36 0.8440 0.8460 1.512208 
819.4679 36.210 73.680 0.23623 0.80684 1.183 0.26637 31.0000 38.11 0.8451 0.8471 1.512984 
819.0471 36.214 73.702 0.23675 0.80971 1.212 0.26714 31.0000 37.76 0.8473 0.8492 1.513761 
818.6262 36.209 73.695 0.23754 0.81204 1.224 0.26810 31.0000 38.56 0.8487 0.8506 1.514540 
818.2051 36.212 73.672 0.23828 0.81337 1.209 0.26847 31.0000 37.92 0.8496 0.8514 1.515319 
817.7841 36.199 73.662 0.23898 0.81523 1.122 0.26952 31.0000 37.89 0.8504 0.8521 1.516099 
817.3629 36.175 73.689 0.23893 0.81646 1.162 0.27067 31.0000 38.26 0.8506 0.8524 1.516881 
816.9416 36.187 73.723 0.23919 0.81917 1.158 0.27114 31.0000 38.12 0.8531 0.8550 1.517663 
816.5202 36.148 73.715 0.24016 0.82209 1.183 0.27341 31.0000 38.31 0.8549 0.8567 1.518446 
816.0988 36.132 73.733 0.24065 0.82475 1.168 0.27478 31.0000 38.65 0.8565 0.8583 1.519230 
815.6772 36.139 73.699 0.24193 0.82729 1.191 0.27546 31.0000 38.53 0.8583 0.8601 1.520015 
815.2556 36.153 73.708 0.24183 0.82744 1.175 0.27501 31.0000 38.46 0.8587 0.8604 1.520801 
814.8338 36.162 73.733 0.24207 0.82955 1.135 0.27539 31.0000 38.49 0.8604 0.8621 1.521589 
814.4120 36.154 73.721 0.24290 0.83177 1.188 0.27641 31.0000 39.12 0.8620 0.8638 1.522377 
813.9901 36.130 73.765 0.24289 0.83412 1.164 0.27791 31.0000 39.50 0.8638 0.8655 1.523166 
813.5681 36.174 73.794 0.24260 0.83474 1.171 0.27663 31.0000 38.92 0.8651 0.8669 1.523956 
813.1460 36.167 73.777 0.24305 0.83536 1.153 0.27709 31.0000 39.19 0.8648 0.8665 1.524747 
812.7238 36.167 73.788 0.24309 0.83610 1.228 0.27732 31.0000 39.54 0.8652 0.8670 1.525539 
812.3015 36.172 73.752 0.24494 0.84046 1.191 0.27866 31.0000 39.62 0.8690 0.8707 1.526332 
811.8792 36.121 73.803 0.24409 0.84031 1.169 0.28023 31.0000 40.15 0.8683 0.8701 1.527126 
811.4567 36.135 73.812 0.24422 0.84124 1.166 0.28006 31.0000 40.01 0.8696 0.8714 1.527921 
811.0341 36.180 73.807 0.24417 0.84080 1.117 0.27839 31.0000 39.61 0.8695 0.8713 1.528717 
810.6115 36.154 73.877 0.24375 0.84322 1.169 0.27999 31.0000 39.91 0.8709 0.8726 1.529514 
810.1888 36.143 73.856 0.24435 0.84416 1.137 0.28071 31.0000 39.27 0.8709 0.8725 1.530312 
809.7659 36.171 73.823 0.24518 0.84517 1.134 0.28012 31.0000 40.27 0.8716 0.8733 1.531111 
809.3430 36.204 73.804 0.24556 0.84545 1.114 0.27915 31.0000 40.37 0.8719 0.8735 1.531912 
808.9200 36.230 73.745 0.24669 0.84607 1.160 0.27855 31.0000 40.16 0.8726 0.8743 1.532713 
808.4969 36.255 73.712 0.24743 0.84679 1.170 0.27799 31.0000 40.64 0.8732 0.8748 1.533515 
808.0737 36.302 73.693 0.24756 0.84622 1.175 0.27624 31.0000 40.68 0.8727 0.8744 1.534318 
807.6505 36.310 73.709 0.24764 0.84736 1.198 0.27633 31.0000 40.67 0.8738 0.8754 1.535122 
807.2271 36.304 73.716 0.24774 0.84805 1.146 0.27673 31.0000 40.85 0.8736 0.8752 1.535927 
806.8036 36.339 73.670 0.24869 0.84879 1.138 0.27586 31.0000 41.28 0.8739 0.8755 1.536733 
806.3801 36.382 73.659 0.24902 0.84933 1.147 0.27458 31.0000 40.84 0.8740 0.8755 1.537540 
805.9564 36.422 73.628 0.24967 0.84982 1.109 0.27344 31.0000 41.42 0.8745 0.8760 1.538349 
805.5327 36.465 73.609 0.25000 0.84995 1.121 0.27205 31.0000 41.34 0.8753 0.8767 1.539158 
805.1089 36.520 73.563 0.25078 0.85005 1.115 0.27029 31.0000 40.83 0.8755 0.8771 1.539968 
804.6850 36.541 73.561 0.25123 0.85145 1.138 0.27000 31.0000 41.10 0.8772 0.8788 1.540779 
804.2610 36.557 73.546 0.25160 0.85188 1.127 0.26963 31.0000 41.80 0.8771 0.8786 1.541591 
803.8369 36.584 73.524 0.25213 0.85252 1.111 0.26896 31.0000 41.21 0.8776 0.8791 1.542405 
803.4127 36.635 73.516 0.25246 0.85315 1.150 0.26743 31.0000 41.48 0.8787 0.8803 1.543219 
802.9884 36.656 73.527 0.25250 0.85390 1.192 0.26694 31.0000 41.61 0.8793 0.8808 1.544035 
802.5640 36.673 73.529 0.25288 0.85532 1.112 0.26680 31.0000 41.44 0.8806 0.8822 1.544851 
802.1396 36.682 73.519 0.25309 0.85548 1.145 0.26656 31.0000 42.29 0.8798 0.8814 1.545669 
801.7150 36.701 73.547 0.25278 0.85593 1.143 0.26601 31.0000 42.61 0.8802 0.8817 1.546487 
801.2903 36.754 73.519 0.25334 0.85629 1.141 0.26439 31.0000 42.40 0.8806 0.8821 1.547307 
800.8657 36.777 73.540 0.25304 0.85646 1.148 0.26364 31.0000 41.85 0.8806 0.8821 1.548127 
800.4408 36.791 73.532 0.25296 0.85576 1.171 0.26293 31.0000 41.48 0.8797 0.8812 1.548949 
800.0159 36.823 73.548 0.25287 0.85632 1.127 0.26199 31.0000 42.28 0.8800 0.8815 1.549772 
799.5909 36.848 73.517 0.25344 0.85652 1.111 0.26126 31.0000 41.92 0.8795 0.8810 1.550595 
799.1658 36.867 73.525 0.25365 0.85765 1.117 0.26096 31.0000 42.16 0.8805 0.8820 1.551420 
798.7406 36.884 73.494 0.25457 0.85905 1.139 0.26085 31.0000 42.25 0.8816 0.8830 1.552246 
798.3153 36.927 73.503 0.25472 0.86010 1.144 0.25968 31.0000 42.05 0.8826 0.8840 1.553073 
797.8899 36.961 73.476 0.25571 0.86191 1.133 0.25911 31.0000 42.77 0.8844 0.8858 1.553901 
797.4644 36.967 73.486 0.25588 0.86305 1.140 0.25925 31.0000 43.01 0.8850 0.8865 1.554730 
797.0389 36.987 73.456 0.25691 0.86487 1.144 0.25916 31.0000 42.65 0.8861 0.8875 1.555560 
796.6132 36.992 73.439 0.25768 0.86655 1.161 0.25949 31.0000 42.50 0.8873 0.8887 1.556391 
796.1875 37.018 73.428 0.25775 0.86617 1.129 0.25852 31.0000 43.25 0.8870 0.8885 1.557224 
795.7617 37.050 73.406 0.25837 0.86702 1.115 0.25770 31.0000 42.60 0.8873 0.8888 1.558057 
795.3357 37.099 73.379 0.25882 0.86703 1.147 0.25607 31.0000 43.11 0.8881 0.8896 1.558891 
794.9097 37.132 73.355 0.25957 0.86821 1.128 0.25534 31.0000 43.38 0.8893 0.8908 1.559727 
794.4836 37.174 73.316 0.26022 0.86822 1.132 0.25394 31.0000 43.08 0.8891 0.8907 1.560563 
794.0574 37.200 73.334 0.26014 0.86895 1.140 0.25327 31.0000 43.31 0.8901 0.8916 1.561401 
793.6310 37.206 73.329 0.26083 0.87101 1.111 0.25365 31.0000 43.91 0.8911 0.8927 1.562240 
793.2047 37.244 73.291 0.26166 0.87169 1.116 0.25259 31.0000 43.81 0.8918 0.8933 1.563079 
792.7782 37.273 73.284 0.26185 0.87192 1.138 0.25169 31.0000 43.26 0.8916 0.8931 1.563920 
792.3516 37.298 73.287 0.26197 0.87243 1.144 0.25099 31.0000 43.72 0.8919 0.8934 1.564762 
791.9249 37.302 73.292 0.26201 0.87288 1.093 0.25096 31.0000 43.05 0.8918 0.8933 1.565605 
791.4982 37.344 73.279 0.26256 0.87401 1.098 0.24985 31.0000 42.93 0.8924 0.8940 1.566449 
791.0714 37.372 73.279 0.26276 0.87466 1.085 0.24910 31.0000 43.50 0.8930 0.8946 1.567295 
790.6444 37.385 73.286 0.26302 0.87589 1.114 0.24898 31.0000 43.24 0.8940 0.8956 1.568141 
790.2173 37.426 73.288 0.26285 0.87546 1.115 0.24745 31.0000 43.41 0.8941 0.8957 1.568989 
789.7902 37.453 73.274 0.26334 0.87631 1.133 0.24679 31.0000 43.62 0.8942 0.8958 1.569837 
789.3630 37.481 73.269 0.26355 0.87672 1.106 0.24594 31.0000 43.17 0.8945 0.8960 1.570687 
788.9357 37.516 73.292 0.26330 0.87719 1.103 0.24484 31.0000 43.94 0.8951 0.8967 1.571537 
788.5083 37.532 73.287 0.26359 0.87784 1.088 0.24449 31.0000 44.38 0.8950 0.8966 1.572389 
788.0807 37.530 73.321 0.26331 0.87884 1.097 0.24478 31.0000 43.86 0.8956 0.8972 1.573242 
787.6532 37.544 73.318 0.26373 0.88009 1.100 0.24467 31.0000 43.84 0.8965 0.8981 1.574096 
787.2255 37.559 73.328 0.26353 0.87994 1.086 0.24410 31.0000 43.77 0.8960 0.8975 1.574951 
786.7977 37.563 73.301 0.26403 0.88008 1.091 0.24404 31.0000 44.27 0.8954 0.8969 1.575808 
786.3699 37.565 73.299 0.26449 0.88152 1.102 0.24436 31.0000 44.18 0.8963 0.8978 1.576665 
785.9419 37.586 73.314 0.26447 0.88230 1.080 0.24384 31.0000 44.40 0.8975 0.8990 1.577524 
785.5139 37.621 73.311 0.26457 0.88247 1.091 0.24268 31.0000 43.84 0.8979 0.8994 1.578383 
785.0857 37.635 73.299 0.26497 0.88315 1.101 0.24242 31.0000 44.52 0.8976 0.8991 1.579244 
784.6575 37.659 73.269 0.26564 0.88368 1.093 0.24176 31.0000 44.42 0.8978 0.8993 1.580106 
784.2291 37.673 73.284 0.26549 0.88404 1.098 0.24138 31.0000 44.87 0.8981 0.8996 1.580969 
783.8007 37.693 73.277 0.26558 0.88397 1.101 0.24067 31.0000 44.68 0.8979 0.8994 1.581833 
783.3722 37.720 73.280 0.26563 0.88426 1.087 0.23981 31.0000 44.67 0.8982 0.8996 1.582698 
782.9435 37.779 73.258 0.26593 0.88404 1.088 0.23775 31.0000 45.04 0.8985 0.8999 1.583565 
782.5148 37.802 73.262 0.26624 0.88526 1.059 0.23729 31.0000 44.83 0.8999 0.9013 1.584433 
782.0861 37.806 73.295 0.26582 0.88573 1.063 0.23722 31.0000 44.59 0.9004 0.9018 1.585301 
781.6572 37.812 73.316 0.26553 0.88599 1.079 0.23707 31.0000 44.09 0.9007 0.9020 1.586171 
781.2282 37.836 73.322 0.26555 0.88633 1.077 0.23634 31.0000 44.58 0.9008 0.9022 1.587042 
780.7991 37.862 73.339 0.26539 0.88677 1.084 0.23553 31.0000 44.64 0.9014 0.9027 1.587914 
780.3699 37.884 73.350 0.26540 0.88743 1.070 0.23493 31.0000 44.66 0.9021 0.9034 1.588788 
779.9407 37.912 73.362 0.26518 0.88739 1.099 0.23393 31.0000 44.94 0.9022 0.9036 1.589662 
779.5113 37.935 73.378 0.26492 0.88739 1.083 0.23314 31.0000 44.83 0.9021 0.9036 1.590537 
779.0818 37.991 73.366 0.26514 0.88748 1.122 0.23124 31.0000 44.91 0.9025 0.9039 1.591414 
778.6523 38.029 73.341 0.26581 0.88828 1.091 0.23018 31.0000 45.20 0.9031 0.9045 1.592292 
778.2227 38.061 73.330 0.26625 0.88917 1.069 0.22932 31.0000 45.30 0.9038 0.9052 1.593171 
777.7930 38.099 73.339 0.26614 0.88926 1.078 0.22803 31.0000 44.79 0.9045 0.9059 1.594051 
777.3632 38.130 73.356 0.26610 0.89011 1.083 0.22714 31.0000 44.67 0.9051 0.9065 1.594933 
776.9332 38.169 73.361 0.26603 0.89016 1.089 0.22582 31.0000 45.35 0.9055 0.9069 1.595815 
776.5032 38.206 73.361 0.26608 0.89034 1.068 0.22461 31.0000 45.55 0.9057 0.9071 1.596699 
776.0731 38.233 73.363 0.26610 0.89055 1.082 0.22373 31.0000 45.57 0.9059 0.9073 1.597584 
775.6429 38.259 73.343 0.26657 0.89098 1.103 0.22295 31.0000 44.94 0.9060 0.9074 1.598470 
775.2126 38.311 73.344 0.26633 0.89023 1.077 0.22099 31.0000 45.42 0.9058 0.9071 1.599357 
774.7822 38.360 73.339 0.26641 0.89020 1.087 0.21931 31.0000 46.05 0.9063 0.9077 1.600246 
774.3517 38.377 73.383 0.26586 0.89084 1.081 0.21883 31.0000 46.19 0.9066 0.9079 1.601135 
773.9212 38.398 73.388 0.26608 0.89188 1.079 0.21838 31.0000 45.68 0.9072 0.9085 1.602026 
773.4905 38.417 73.407 0.26598 0.89264 1.064 0.21789 31.0000 45.66 0.9077 0.9090 1.602918 
773.0598 38.441 73.421 0.26604 0.89365 1.057 0.21729 31.0000 46.75 0.9081 0.9094 1.603811 
772.6289 38.482 73.418 0.26621 0.89403 1.085 0.21598 31.0000 46.04 0.9087 0.9100 1.604706 
772.1980 38.527 73.406 0.26654 0.89442 1.073 0.21455 31.0000 46.07 0.9092 0.9105 1.605601 
771.7669 38.554 73.411 0.26646 0.89446 1.072 0.21360 31.0000 46.09 0.9094 0.9107 1.606498 
771.3358 38.582 73.422 0.26634 0.89471 1.056 0.21271 31.0000 46.53 0.9098 0.9111 1.607396 
770.9046 38.607 73.434 0.26637 0.89548 1.060 0.21201 31.0000 46.21 0.9105 0.9118 1.608295 
770.4733 38.641 73.446 0.26633 0.89602 1.072 0.21097 31.0000 46.19 0.9113 0.9126 1.609195 
770.0419 38.672 73.463 0.26619 0.89653 1.072 0.21001 31.0000 46.00 0.9119 0.9131 1.610097 
769.6104 38.705 73.484 0.26608 0.89737 1.065 0.20906 31.0000 46.59 0.9124 0.9136 1.610999 
769.1787 38.735 73.502 0.26592 0.89787 1.063 0.20810 31.0000 46.54 0.9124 0.9136 1.611904 
768.7471 38.762 73.527 0.26537 0.89743 1.070 0.20706 31.0000 46.65 0.9123 0.9134 1.612809 
768.3152 38.793 73.550 0.26548 0.89913 1.076 0.20637 31.0000 46.59 0.9135 0.9147 1.613715 
767.8834 38.831 73.544 0.26580 0.89987 1.060 0.20525 31.0000 46.89 0.9139 0.9151 1.614623 
767.4514 38.875 73.523 0.26619 0.89998 1.074 0.20379 31.0000 47.31 0.9143 0.9155 1.615531 
767.0193 38.912 73.528 0.26618 0.90022 1.062 0.20254 31.0000 47.08 0.9142 0.9154 1.616442 
766.5872 38.944 73.530 0.26637 0.90099 1.065 0.20161 31.0000 46.72 0.9146 0.9159 1.617353 
766.1549 38.979 73.523 0.26655 0.90121 1.057 0.20049 31.0000 47.14 0.9146 0.9158 1.618265 
765.7225 39.016 73.560 0.26605 0.90162 1.050 0.19926 31.0000 47.90 0.9147 0.9159 1.619179 
765.2901 39.057 73.582 0.26572 0.90180 1.057 0.19787 31.0000 47.43 0.9150 0.9162 1.620094 
764.8575 39.083 73.615 0.26543 0.90276 1.052 0.19717 31.0000 47.74 0.9156 0.9168 1.621010 
764.4249 39.099 73.626 0.26562 0.90401 1.060 0.19688 31.0000 47.41 0.9163 0.9175 1.621928 
763.9922 39.121 73.647 0.26567 0.90538 1.053 0.19641 31.0000 47.76 0.9170 0.9183 1.622846 
763.5593 39.162 73.646 0.26591 0.90620 1.071 0.19516 31.0000 48.14 0.9177 0.9190 1.623766 
763.1264 39.195 73.683 0.26544 0.90671 1.050 0.19410 31.0000 47.81 0.9179 0.9191 1.624687 
762.6934 39.217 73.670 0.26591 0.90761 1.070 0.19355 31.0000 48.37 0.9184 0.9196 1.625610 
762.2603 39.252 73.681 0.26567 0.90744 1.060 0.19230 31.0000 48.44 0.9181 0.9193 1.626533 
761.8271 39.275 73.698 0.26562 0.90825 1.050 0.19166 31.0000 48.99 0.9185 0.9197 1.627458 
761.3938 39.318 73.711 0.26536 0.90812 1.073 0.19013 31.0000 48.59 0.9185 0.9197 1.628385 
760.9604 39.360 73.696 0.26569 0.90839 1.059 0.18876 31.0000 48.36 0.9187 0.9198 1.629312 
760.5269 39.388 73.715 0.26570 0.90952 1.043 0.18802 31.0000 48.91 0.9192 0.9203 1.630241 
760.0933 39.422 73.721 0.26591 0.91058 1.058 0.18709 31.0000 49.06 0.9202 0.9213 1.631171 
759.6597 39.456 73.713 0.26632 0.91153 1.049 0.18611 31.0000 49.06 0.9208 0.9220 1.632102 
759.2259 39.492 73.742 0.26585 0.91162 1.067 0.18487 31.0000 48.78 0.9210 0.9222 1.633034 
758.7921 39.516 73.770 0.26562 0.91247 1.048 0.18417 31.0000 48.88 0.9215 0.9227 1.633968 
758.3581 39.556 73.768 0.26578 0.91293 1.053 0.18289 31.0000 49.25 0.9217 0.9229 1.634903 
757.9240 39.593 73.777 0.26553 0.91258 1.053 0.18155 31.0000 49.31 0.9212 0.9223 1.635839 
757.4899 39.625 73.796 0.26534 0.91307 1.052 0.18052 31.0000 49.90 0.9216 0.9227 1.636777 
757.0556 39.661 73.820 0.26495 0.91316 1.044 0.17927 31.0000 49.39 0.9214 0.9225 1.637716 
756.6213 39.694 73.838 0.26492 0.91413 1.046 0.17833 31.0000 49.22 0.9219 0.9231 1.638656 
756.1868 39.735 73.831 0.26514 0.91449 1.048 0.17698 31.0000 49.15 0.9220 0.9231 1.639597 
755.7523 39.754 73.865 0.26469 0.91496 1.042 0.17641 31.0000 48.80 0.9219 0.9230 1.640540 
755.3177 39.785 73.882 0.26461 0.91569 1.048 0.17547 31.0000 50.04 0.9224 0.9235 1.641484 
754.8830 39.828 73.907 0.26415 0.91558 1.064 0.17391 31.0000 49.49 0.9223 0.9233 1.642429 
754.4482 39.860 73.934 0.26373 0.91574 1.053 0.17285 31.0000 49.88 0.9222 0.9233 1.643376 
754.0132 39.890 73.968 0.26332 0.91641 1.060 0.17192 31.0000 50.63 0.9225 0.9236 1.644324 
753.5782 39.912 73.979 0.26339 0.91730 1.049 0.17131 31.0000 49.98 0.9228 0.9239 1.645273 
753.1431 39.945 73.989 0.26336 0.91777 1.049 0.17026 31.0000 50.64 0.9232 0.9243 1.646223 
752.7079 39.974 74.012 0.26307 0.91812 1.048 0.16931 31.0000 50.10 0.9232 0.9243 1.647175 
752.2726 40.010 74.025 0.26292 0.91839 1.043 0.16809 31.0000 51.26 0.9231 0.9242 1.648129 
751.8373 40.045 74.048 0.26252 0.91843 1.039 0.16689 31.0000 50.28 0.9228 0.9238 1.649083 
751.4018 40.086 74.034 0.26287 0.91879 1.043 0.16555 31.0000 50.89 0.9231 0.9242 1.650039 
750.9662 40.124 74.044 0.26281 0.91921 1.042 0.16430 31.0000 50.63 0.9238 0.9248 1.650996 
750.5306 40.162 74.070 0.26241 0.91934 1.041 0.16303 31.0000 50.71 0.9239 0.9250 1.651954 
750.0948 40.199 74.069 0.26242 0.91936 1.048 0.16173 31.0000 50.91 0.9236 0.9247 1.652914 
749.6589 40.232 74.085 0.26231 0.91994 1.057 0.16070 31.0000 50.79 0.9237 0.9248 1.653875 
749.2230 40.262 74.103 0.26208 0.92020 1.044 0.15969 31.0000 51.15 0.9239 0.9249 1.654837 
748.7869 40.292 74.124 0.26181 0.92054 1.046 0.15871 31.0000 51.68 0.9238 0.9249 1.655801 
748.3508 40.328 74.125 0.26200 0.92130 1.047 0.15760 31.0000 51.50 0.9243 0.9253 1.656766 
747.9146 40.354 74.154 0.26176 0.92219 1.047 0.15683 31.0000 51.18 0.9250 0.9261 1.657732 
747.4782 40.390 74.186 0.26125 0.92238 1.045 0.15561 31.0000 50.78 0.9253 0.9263 1.658700 
747.0417 40.420 74.201 0.26110 0.92280 1.042 0.15465 31.0000 50.72 0.9256 0.9266 1.659669 
746.6052 40.450 74.216 0.26094 0.92314 1.037 0.15364 31.0000 51.42 0.9255 0.9266 1.660639 
746.1686 40.489 74.211 0.26120 0.92374 1.035 0.15243 31.0000 51.70 0.9259 0.9270 1.661611 
745.7319 40.528 74.207 0.26143 0.92432 1.042 0.15116 31.0000 51.27 0.9262 0.9273 1.662584 
745.2950 40.555 74.220 0.26148 0.92531 1.039 0.15040 31.0000 51.31 0.9267 0.9277 1.663559 
744.8582 40.593 74.221 0.26161 0.92581 1.041 0.14919 31.0000 51.79 0.9268 0.9279 1.664534 
744.4211 40.621 74.241 0.26140 0.92633 1.036 0.14827 31.0000 51.31 0.9270 0.9280 1.665512 
743.9841 40.641 74.267 0.26128 0.92749 1.031 0.14777 31.0000 51.56 0.9277 0.9287 1.666490 
743.5468 40.684 74.267 0.26130 0.92756 1.041 0.14629 31.0000 51.35 0.9277 0.9287 1.667470 
743.1096 40.716 74.288 0.26102 0.92785 1.040 0.14521 31.0000 51.76 0.9278 0.9289 1.668451 
742.6722 40.750 74.324 0.26048 0.92816 1.041 0.14408 31.0000 51.63 0.9282 0.9293 1.669434 
742.2347 40.784 74.348 0.26006 0.92817 1.036 0.14290 31.0000 51.75 0.9280 0.9290 1.670418 
741.7971 40.817 74.354 0.26003 0.92844 1.039 0.14180 31.0000 52.30 0.9279 0.9289 1.671403 
741.3594 40.854 74.364 0.25981 0.92830 1.033 0.14050 31.0000 51.36 0.9277 0.9287 1.672390 
740.9216 40.881 74.394 0.25942 0.92878 1.046 0.13963 31.0000 52.58 0.9279 0.9289 1.673378 
740.4838 40.916 74.413 0.25914 0.92897 1.034 0.13842 31.0000 52.50 0.9279 0.9289 1.674367 
740.0458 40.946 74.451 0.25856 0.92923 1.033 0.13741 31.0000 52.93 0.9279 0.9289 1.675358 
739.6077 40.969 74.483 0.25810 0.92958 1.037 0.13664 31.0000 52.45 0.9280 0.9290 1.676351 
739.1696 40.997 74.495 0.25807 0.93025 1.032 0.13578 31.0000 52.46 0.9283 0.9292 1.677344 
738.7313 41.024 74.525 0.25769 0.93078 1.033 0.13490 31.0000 52.50 0.9283 0.9293 1.678339 
738.2930 41.059 74.533 0.25761 0.93102 1.034 0.13373 31.0000 52.91 0.9283 0.9293 1.679336 
737.8545 41.089 74.554 0.25731 0.93121 1.024 0.13272 31.0000 52.67 0.9284 0.9293 1.680334 
737.4160 41.121 74.571 0.25720 0.93194 1.035 0.13170 31.0000 52.40 0.9287 0.9297 1.681333 
736.9773 41.162 74.595 0.25670 0.93164 1.028 0.13023 31.0000 51.91 0.9285 0.9295 1.682334 
736.5386 41.193 74.616 0.25638 0.93180 1.033 0.12917 31.0000 52.08 0.9283 0.9293 1.683336 
736.0997 41.230 74.647 0.25587 0.93194 1.036 0.12792 31.0000 54.00 0.9283 0.9293 1.684340 
735.6608 41.264 74.673 0.25549 0.93220 1.043 0.12677 31.0000 52.85 0.9284 0.9293 1.685344 
735.2218 41.297 74.694 0.25521 0.93249 1.034 0.12568 31.0000 52.59 0.9285 0.9294 1.686351 
734.7827 41.330 74.736 0.25437 0.93212 1.024 0.12445 31.0000 52.71 0.9280 0.9290 1.687359 
734.3434 41.358 74.748 0.25426 0.93250 1.039 0.12354 31.0000 53.16 0.9278 0.9288 1.688368 
733.9041 41.395 74.758 0.25419 0.93286 1.038 0.12231 31.0000 53.37 0.9279 0.9288 1.689379 
733.4647 41.423 74.783 0.25376 0.93291 1.027 0.12135 31.0000 53.94 0.9277 0.9287 1.690391 
733.0252 41.455 74.817 0.25314 0.93280 1.025 0.12023 31.0000 53.21 0.9278 0.9287 1.691404 
732.5856 41.488 74.816 0.25338 0.93363 1.027 0.11919 31.0000 53.45 0.9281 0.9291 1.692419 
732.1459 41.527 74.832 0.25305 0.93340 1.027 0.11783 31.0000 53.16 0.9280 0.9289 1.693436 
731.7061 41.563 74.849 0.25255 0.93269 1.028 0.11648 31.0000 53.57 0.9274 0.9283 1.694453 
731.2662 41.590 74.878 0.25219 0.93321 1.025 0.11563 31.0000 53.34 0.9276 0.9285 1.695473 
730.8262 41.619 74.902 0.25177 0.93323 1.032 0.11462 31.0000 53.73 0.9275 0.9284 1.696494 
730.3861 41.658 74.940 0.25091 0.93249 1.028 0.11317 31.0000 53.66 0.9272 0.9281 1.697516 
729.9459 41.697 74.959 0.25053 0.93233 1.030 0.11179 31.0000 53.80 0.9272 0.9280 1.698539 
729.5057 41.740 74.980 0.25000 0.93170 1.034 0.11024 31.0000 53.08 0.9270 0.9279 1.699564 
729.0653 41.777 74.982 0.25003 0.93196 1.032 0.10900 31.0000 53.14 0.9272 0.9281 1.700591 
728.6248 41.805 75.004 0.24962 0.93188 1.023 0.10805 31.0000 52.77 0.9269 0.9277 1.701619 
728.1843 41.833 75.032 0.24914 0.93189 1.030 0.10707 31.0000 53.50 0.9268 0.9277 1.702648 
727.7436 41.871 75.056 0.24868 0.93175 1.020 0.10576 31.0000 53.19 0.9269 0.9278 1.703680 
727.3028 41.900 75.088 0.24809 0.93164 1.022 0.10474 31.0000 52.79 0.9267 0.9276 1.704712 
726.8619 41.936 75.091 0.24812 0.93194 1.028 0.10353 31.0000 53.50 0.9268 0.9276 1.705746 
726.4210 41.964 75.122 0.24760 0.93196 1.033 0.10256 31.0000 53.75 0.9265 0.9274 1.706781 
725.9799 42.000 75.138 0.24732 0.93199 1.026 0.10135 31.0000 53.07 0.9267 0.9275 1.707818 
725.5388 42.047 75.140 0.24719 0.93160 1.034 0.09971 31.0000 53.13 0.9265 0.9274 1.708857 
725.0975 42.092 75.133 0.24729 0.93158 1.030 0.09818 31.0000 53.45 0.9267 0.9276 1.709897 
724.6561 42.133 75.153 0.24694 0.93156 1.022 0.09678 31.0000 52.59 0.9269 0.9278 1.710938 
724.2147 42.166 75.182 0.24635 0.93121 1.024 0.09560 31.0000 53.23 0.9268 0.9277 1.711981 
723.7732 42.203 75.205 0.24588 0.93096 1.022 0.09432 31.0000 52.98 0.9267 0.9276 1.713025 
723.3315 42.240 75.238 0.24527 0.93080 1.019 0.09302 31.0000 52.39 0.9267 0.9276 1.714072 
722.8898 42.280 75.240 0.24525 0.93088 1.023 0.09168 31.0000 53.40 0.9269 0.9277 1.715119 
722.4479 42.320 75.257 0.24490 0.93066 1.022 0.09028 31.0000 53.46 0.9268 0.9277 1.716168 
722.0060 42.357 75.268 0.24468 0.93053 1.024 0.08901 31.0000 53.51 0.9267 0.9276 1.717218 
721.5640 42.404 75.266 0.24479 0.93080 1.016 0.08744 31.0000 53.05 0.9272 0.9281 1.718270 
721.1218 42.445 75.285 0.24445 0.93077 1.026 0.08607 31.0000 53.00 0.9274 0.9282 1.719324 
720.6796 42.481 75.310 0.24403 0.93090 1.025 0.08485 31.0000 53.53 0.9276 0.9284 1.720379 
720.2373 42.520 75.330 0.24370 0.93088 1.025 0.08351 31.0000 53.59 0.9277 0.9285 1.721435 
719.7949 42.554 75.366 0.24302 0.93069 1.018 0.08233 31.0000 53.16 0.9276 0.9285 1.722493 
719.3524 42.598 75.373 0.24288 0.93066 1.020 0.08084 31.0000 53.34 0.9281 0.9290 1.723553 
718.9097 42.633 75.390 0.24263 0.93076 1.026 0.07964 31.0000 53.27 0.9281 0.9289 1.724614 
718.4670 42.673 75.406 0.24232 0.93069 1.024 0.07830 31.0000 53.65 0.9282 0.9291 1.725677 
718.0242 42.720 75.402 0.24247 0.93098 1.022 0.07673 31.0000 53.88 0.9287 0.9296 1.726741 
717.5813 42.770 75.406 0.24231 0.93065 1.025 0.07500 31.0000 53.75 0.9288 0.9296 1.727807 
717.1383 42.820 75.413 0.24215 0.93049 1.019 0.07331 31.0000 52.89 0.9289 0.9297 1.728874 
716.6952 42.861 75.422 0.24202 0.93060 1.022 0.07192 31.0000 53.39 0.9291 0.9299 1.729943 
716.2520 42.906 75.432 0.24188 0.93073 1.025 0.07040 31.0000 53.87 0.9293 0.9301 1.731013 
715.8087 42.954 75.421 0.24206 0.93071 1.027 0.06881 31.0000 53.70 0.9294 0.9302 1.732086 
715.3653 42.999 75.424 0.24204 0.93082 1.025 0.06730 31.0000 53.87 0.9298 0.9306 1.733159 
714.9218 43.041 75.450 0.24157 0.93070 1.027 0.06585 31.0000 53.70 0.9300 0.9308 1.734234 
714.4782 43.085 75.458 0.24147 0.93083 1.021 0.06438 31.0000 53.73 0.9301 0.9309 1.735311 
714.0345 43.134 75.448 0.24164 0.93089 1.026 0.06272 31.0000 53.63 0.9303 0.9311 1.736389 
713.5907 43.174 75.455 0.24164 0.93130 1.025 0.06141 31.0000 53.54 0.9307 0.9315 1.737469 
713.1469 43.227 75.454 0.24155 0.93088 1.016 0.05960 31.0000 52.76 0.9307 0.9315 1.738550 
712.7028 43.275 75.458 0.24142 0.93069 1.023 0.05795 31.0000 53.36 0.9308 0.9316 1.739634 
712.2588 43.326 75.458 0.24145 0.93081 1.028 0.05626 31.0000 53.97 0.9313 0.9321 1.740718 
711.8146 43.372 75.461 0.24143 0.93094 1.018 0.05470 31.0000 53.44 0.9316 0.9324 1.741805 
711.3703 43.424 75.460 0.24145 0.93089 1.027 0.05296 31.0000 53.89 0.9319 0.9327 1.742892 
710.9259 43.475 75.448 0.24169 0.93104 1.021 0.05124 31.0000 53.42 0.9322 0.9330 1.743982 
710.4814 43.519 75.456 0.24158 0.93115 1.019 0.04977 31.0000 53.56 0.9324 0.9332 1.745073 
710.0369 43.567 75.462 0.24150 0.93126 1.020 0.04815 31.0000 53.63 0.9327 0.9335 1.746165 
709.5922 43.607 75.467 0.24150 0.93161 1.027 0.04682 31.0000 53.17 0.9329 0.9337 1.747260 
709.1474 43.655 75.483 0.24134 0.93206 1.026 0.04525 31.0000 53.42 0.9335 0.9343 1.748356 
708.7026 43.704 75.494 0.24116 0.93209 1.026 0.04360 31.0000 54.06 0.9337 0.9345 1.749453 
708.2576 43.757 75.504 0.24099 0.93210 1.025 0.04180 31.0000 53.87 0.9340 0.9348 1.750552 
707.8125 43.801 75.521 0.24077 0.93241 1.027 0.04033 31.0000 53.13 0.9343 0.9351 1.751653 
707.3674 43.859 75.517 0.24079 0.93220 1.028 0.03836 31.0000 53.26 0.9344 0.9351 1.752755 
706.9221 43.909 75.523 0.24073 0.93242 1.026 0.03670 31.0000 53.92 0.9347 0.9355 1.753859 
706.4767 43.961 75.527 0.24071 0.93260 1.026 0.03494 31.0000 53.90 0.9351 0.9359 1.754965 
706.0313 44.010 75.523 0.24083 0.93277 1.029 0.03331 31.0000 53.96 0.9352 0.9360 1.756072 
705.5857 44.060 75.530 0.24077 0.93304 1.028 0.03163 31.0000 54.00 0.9357 0.9364 1.757181 
705.1401 44.108 75.537 0.24074 0.93339 1.022 0.03002 31.0000 53.24 0.9360 0.9368 1.758292 
704.6943 44.156 75.550 0.24062 0.93377 1.027 0.02843 31.0000 53.30 0.9364 0.9371 1.759404 
704.2484 44.205 75.557 0.24051 0.93380 1.027 0.02676 31.0000 52.87 0.9364 0.9372 1.760518 
703.8025 44.252 75.569 0.24036 0.93401 1.032 0.02519 31.0000 53.00 0.9364 0.9372 1.761633 
703.3564 44.297 75.563 0.24057 0.93444 1.030 0.02368 31.0000 52.65 0.9366 0.9373 1.762751 
702.9103 44.348 75.574 0.24050 0.93494 1.027 0.02197 31.0000 53.61 0.9370 0.9377 1.763869 
702.4641 44.397 75.577 0.24057 0.93539 1.033 0.02032 31.0000 54.17 0.9373 0.9381 1.764990 
702.0177 44.446 75.586 0.24052 0.93585 1.031 0.01868 31.0000 53.56 0.9376 0.9384 1.766112 
701.5712 44.496 75.594 0.24050 0.93629 1.030 0.01702 31.0000 53.78 0.9379 0.9387 1.767236 
701.1247 44.545 75.604 0.24044 0.93676 1.035 0.01535 31.0000 53.76 0.9383 0.9391 1.768361 
700.6780 44.597 75.618 0.24027 0.93703 1.033 0.01360 31.0000 52.99 0.9386 0.9394 1.769489 
700.2313 44.647 75.630 0.24017 0.93741 1.037 0.01191 31.0000 53.46 0.9390 0.9398 1.770618 
699.7844 44.693 75.642 0.24011 0.93801 1.039 0.01038 31.0000 52.66 0.9394 0.9402 1.771748 
699.3375 44.745 75.651 0.23999 0.93819 1.033 0.00861 31.0000 52.93 0.9397 0.9405 1.772881 
698.8904 44.796 75.658 0.23998 0.93858 1.034 0.00690 31.0000 53.37 0.9400 0.9408 1.774015 
698.4433 44.848 75.673 0.23980 0.93894 1.032 0.00514 31.0000 53.22 0.9404 0.9411 1.775150 
697.9961 44.900 75.667 0.24006 0.93951 1.034 0.00338 31.0000 53.03 0.9409 0.9417 1.776288 
697.5488 44.956 75.675 0.23993 0.93960 1.040 0.00149 31.0000 52.91 0.9413 0.9421 1.777427 
697.1013 45.005 75.685 0.23981 0.93978 1.041 -0.00017 31.0000 53.05 0.9414 0.9422 1.778568 
696.6537 45.057 75.698 0.23963 0.93997 1.043 -0.00193 31.0000 52.94 0.9415 0.9423 1.779711 
696.2061 45.109 75.706 0.23962 0.94046 1.039 -0.00368 31.0000 52.54 0.9419 0.9426 1.780855 
695.7584 45.162 75.723 0.23939 0.94077 1.041 -0.00548 31.0000 52.80 0.9421 0.9429 1.782001 
695.3105 45.217 75.734 0.23923 0.94088 1.043 -0.00736 31.0000 53.70 0.9422 0.9430 1.783149 
694.8626 45.271 75.748 0.23908 0.94121 1.044 -0.00919 31.0000 53.33 0.9427 0.9435 1.784298 
694.4146 45.322 75.766 0.23883 0.94150 1.040 -0.01093 31.0000 53.27 0.9431 0.9438 1.785449 
693.9664 45.379 75.782 0.23862 0.94177 1.041 -0.01287 31.0000 52.20 0.9435 0.9443 1.786602 
693.5182 45.431 75.789 0.23870 0.94256 1.040 -0.01462 31.0000 52.34 0.9441 0.9449 1.787757 
693.0699 45.485 75.808 0.23848 0.94303 1.046 -0.01649 31.0000 52.21 0.9445 0.9453 1.788913 
692.6215 45.533 75.827 0.23831 0.94369 1.042 -0.01812 31.0000 52.64 0.9448 0.9456 1.790071 
692.1729 45.587 75.845 0.23807 0.94398 1.047 -0.01995 31.0000 52.61 0.9450 0.9458 1.791231 
691.7243 45.641 75.865 0.23779 0.94426 1.043 -0.02179 31.0000 52.89 0.9454 0.9462 1.792393 
691.2756 45.699 75.881 0.23759 0.94455 1.042 -0.02378 31.0000 52.48 0.9458 0.9465 1.793557 
690.8267 45.753 75.899 0.23734 0.94480 1.051 -0.02562 31.0000 52.04 0.9460 0.9468 1.794722 
690.3778 45.807 75.917 0.23715 0.94531 1.046 -0.02748 31.0000 51.89 0.9465 0.9472 1.795889 
689.9288 45.862 75.933 0.23691 0.94552 1.052 -0.02935 31.0000 51.45 0.9469 0.9476 1.797058 
689.4797 45.923 75.946 0.23674 0.94570 1.048 -0.03141 31.0000 51.61 0.9473 0.9481 1.798228 
689.0304 45.982 75.965 0.23642 0.94572 1.052 -0.03342 31.0000 51.01 0.9474 0.9482 1.799401 
688.5811 46.037 75.984 0.23615 0.94603 1.045 -0.03530 31.0000 52.11 0.9478 0.9485 1.800575 
688.1317 46.089 76.005 0.23585 0.94627 1.046 -0.03709 31.0000 51.71 0.9480 0.9488 1.801751 
687.6821 46.141 76.030 0.23549 0.94660 1.051 -0.03886 31.0000 52.12 0.9482 0.9490 1.802929 
687.2325 46.200 76.040 0.23536 0.94679 1.053 -0.04088 31.0000 51.66 0.9486 0.9493 1.804108 
686.7828 46.256 76.063 0.23500 0.94698 1.061 -0.04281 31.0000 51.75 0.9488 0.9495 1.805290 
686.3329 46.313 76.085 0.23468 0.94724 1.055 -0.04475 31.0000 51.20 0.9490 0.9498 1.806473 
685.8830 46.370 76.110 0.23431 0.94751 1.056 -0.04672 31.0000 51.12 0.9492 0.9500 1.807658 
685.4330 46.432 76.133 0.23397 0.94773 1.057 -0.04885 31.0000 51.39 0.9497 0.9504 1.808845 
684.9828 46.491 76.158 0.23360 0.94800 1.059 -0.05086 31.0000 51.38 0.9501 0.9509 1.810034 
684.5327 46.546 76.188 0.23308 0.94810 1.058 -0.05274 31.0000 51.36 0.9502 0.9509 1.811224 
684.0823 46.606 76.211 0.23268 0.94808 1.060 -0.05479 31.0000 50.99 0.9502 0.9510 1.812416 
683.6319 46.666 76.237 0.23225 0.94821 1.069 -0.05684 31.0000 51.19 0.9504 0.9511 1.813610 
683.1813 46.727 76.254 0.23194 0.94817 1.067 -0.05890 31.0000 50.59 0.9504 0.9512 1.814807 
682.7307 46.790 76.263 0.23184 0.94839 1.069 -0.06107 31.0000 50.63 0.9508 0.9515 1.816004 
682.2800 46.853 76.286 0.23142 0.94834 1.066 -0.06324 31.0000 50.97 0.9509 0.9516 1.817204 
681.8292 46.922 76.305 0.23104 0.94811 1.064 -0.06555 31.0000 50.36 0.9512 0.9520 1.818405 
681.3782 46.988 76.323 0.23067 0.94792 1.066 -0.06780 31.0000 50.56 0.9515 0.9522 1.819609 
680.9272 47.048 76.344 0.23027 0.94777 1.073 -0.06985 31.0000 50.42 0.9515 0.9522 1.820814 
680.4761 47.116 76.364 0.22985 0.94752 1.068 -0.07213 31.0000 50.35 0.9517 0.9524 1.822021 
680.0248 47.180 76.386 0.22940 0.94721 1.074 -0.07430 31.0000 49.99 0.9517 0.9524 1.823230 
679.5735 47.242 76.404 0.22907 0.94716 1.073 -0.07643 31.0000 50.18 0.9519 0.9526 1.824441 
679.1221 47.313 76.425 0.22855 0.94656 1.071 -0.07878 31.0000 50.06 0.9520 0.9527 1.825654 
678.6705 47.379 76.450 0.22806 0.94629 1.081 -0.08103 31.0000 50.58 0.9522 0.9529 1.826869 
678.2189 47.446 76.470 0.22765 0.94602 1.080 -0.08326 31.0000 50.78 0.9522 0.9529 1.828085 
677.7672 47.510 76.484 0.22736 0.94589 1.079 -0.08545 31.0000 49.71 0.9524 0.9531 1.829303 
677.3154 47.578 76.506 0.22690 0.94550 1.083 -0.08775 31.0000 49.15 0.9525 0.9532 1.830524 
676.8634 47.643 76.527 0.22649 0.94535 1.089 -0.08994 31.0000 49.96 0.9528 0.9535 1.831746 
676.4114 47.713 76.551 0.22594 0.94481 1.088 -0.09228 31.0000 49.74 0.9529 0.9536 1.832970 
675.9592 47.777 76.574 0.22547 0.94451 1.088 -0.09442 31.0000 49.69 0.9530 0.9537 1.834196 
675.5070 47.841 76.592 0.22510 0.94430 1.094 -0.09659 31.0000 49.69 0.9532 0.9538 1.835424 
675.0547 47.907 76.622 0.22449 0.94391 1.096 -0.09879 31.0000 49.38 0.9532 0.9539 1.836654 
674.6022 47.977 76.646 0.22395 0.94338 1.093 -0.10112 31.0000 49.16 0.9533 0.9540 1.837886 
674.1497 48.041 76.674 0.22345 0.94330 1.095 -0.10331 31.0000 49.20 0.9534 0.9541 1.839120 
673.6971 48.108 76.703 0.22283 0.94285 1.097 -0.10552 31.0000 48.74 0.9535 0.9542 1.840355 
673.2443 48.173 76.731 0.22232 0.94275 1.098 -0.10772 31.0000 49.07 0.9538 0.9544 1.841593 
672.7915 48.240 76.755 0.22184 0.94253 1.101 -0.11000 31.0000 49.40 0.9539 0.9546 1.842832 
672.3386 48.310 76.783 0.22126 0.94210 1.106 -0.11232 31.0000 49.11 0.9542 0.9549 1.844074 
671.8855 48.378 76.807 0.22074 0.94165 1.106 -0.11457 31.0000 48.61 0.9543 0.9550 1.845317 
671.4324 48.446 76.834 0.22019 0.94128 1.112 -0.11686 31.0000 48.63 0.9544 0.9551 1.846563 
670.9791 48.514 76.860 0.21967 0.94096 1.108 -0.11913 31.0000 48.88 0.9545 0.9552 1.847810 
670.5258 48.588 76.878 0.21923 0.94041 1.115 -0.12156 31.0000 48.52 0.9546 0.9553 1.849059 
670.0723 48.653 76.902 0.21877 0.94022 1.115 -0.12378 31.0000 48.93 0.9549 0.9556 1.850311 
669.6188 48.726 76.927 0.21820 0.93971 1.113 -0.12619 31.0000 47.96 0.9551 0.9558 1.851564 
669.1651 48.795 76.952 0.21768 0.93933 1.124 -0.12849 31.0000 48.69 0.9552 0.9559 1.852819 
668.7114 48.862 76.983 0.21711 0.93915 1.127 -0.13074 31.0000 48.33 0.9554 0.9561 1.854076 
668.2575 48.927 77.017 0.21648 0.93898 1.123 -0.13291 31.0000 48.35 0.9554 0.9561 1.855336 
667.8035 48.996 77.043 0.21595 0.93863 1.127 -0.13522 31.0000 48.08 0.9556 0.9563 1.856597 
667.3495 49.066 77.072 0.21535 0.93812 1.130 -0.13754 31.0000 48.28 0.9556 0.9563 1.857860 
666.8953 49.135 77.101 0.21477 0.93780 1.137 -0.13985 31.0000 47.99 0.9559 0.9566 1.859125 
666.4411 49.203 77.130 0.21421 0.93750 1.132 -0.14211 31.0000 47.15 0.9561 0.9568 1.860392 
665.9868 49.272 77.161 0.21358 0.93716 1.133 -0.14439 31.0000 47.44 0.9564 0.9571 1.861661 
665.5323 49.339 77.185 0.21310 0.93686 1.145 -0.14665 31.0000 47.97 0.9566 0.9574 1.862933 
665.0777 49.411 77.210 0.21259 0.93649 1.140 -0.14904 31.0000 46.98 0.9569 0.9576 1.864206 
664.6230 49.482 77.232 0.21211 0.93606 1.141 -0.15140 31.0000 47.65 0.9571 0.9578 1.865482 
664.1683 49.555 77.259 0.21155 0.93565 1.144 -0.15381 31.0000 47.36 0.9575 0.9582 1.866759 
663.7134 49.625 77.289 0.21098 0.93534 1.145 -0.15615 31.0000 46.99 0.9577 0.9584 1.868038 
663.2584 49.695 77.313 0.21045 0.93488 1.145 -0.15848 31.0000 47.04 0.9578 0.9585 1.869319 
662.8034 49.764 77.345 0.20984 0.93456 1.149 -0.16075 31.0000 45.99 0.9579 0.9586 1.870603 
662.3482 49.834 77.372 0.20927 0.93410 1.156 -0.16309 31.0000 46.97 0.9581 0.9588 1.871888 
661.8929 49.904 77.400 0.20871 0.93372 1.159 -0.16540 31.0000 46.88 0.9583 0.9591 1.873176 
661.4376 49.972 77.429 0.20816 0.93346 1.161 -0.16768 31.0000 46.47 0.9586 0.9593 1.874465 
660.9821 50.043 77.455 0.20761 0.93298 1.160 -0.17002 31.0000 46.43 0.9587 0.9595 1.875757 
660.5265 50.113 77.484 0.20702 0.93258 1.167 -0.17233 31.0000 45.52 0.9589 0.9596 1.877051 
660.0708 50.185 77.514 0.20641 0.93212 1.169 -0.17471 31.0000 46.55 0.9590 0.9597 1.878347 
659.6151 50.256 77.542 0.20586 0.93180 1.172 -0.17706 31.0000 46.30 0.9593 0.9601 1.879644 
659.1592 50.328 77.569 0.20534 0.93153 1.173 -0.17947 31.0000 46.04 0.9596 0.9603 1.880945 
658.7032 50.396 77.599 0.20477 0.93126 1.168 -0.18176 31.0000 45.52 0.9598 0.9605 1.882247 
658.2471 50.466 77.623 0.20426 0.93082 1.180 -0.18406 31.0000 46.09 0.9601 0.9608 1.883551 
657.7909 50.536 77.658 0.20357 0.93039 1.181 -0.18636 31.0000 46.09 0.9604 0.9611 1.884857 
657.3346 50.605 77.693 0.20291 0.93008 1.188 -0.18867 31.0000 45.80 0.9605 0.9613 1.886166 
656.8782 50.679 77.726 0.20223 0.92956 1.192 -0.19110 31.0000 45.67 0.9607 0.9615 1.887476 
656.4218 50.749 77.761 0.20157 0.92923 1.196 -0.19342 31.0000 45.96 0.9607 0.9615 1.888788 
655.9651 50.819 77.799 0.20085 0.92891 1.200 -0.19573 31.0000 45.57 0.9609 0.9616 1.890103 
655.5084 50.890 77.829 0.20024 0.92846 1.198 -0.19808 31.0000 45.15 0.9611 0.9618 1.891420 
655.0516 50.963 77.863 0.19958 0.92799 1.209 -0.20047 31.0000 45.37 0.9612 0.9620 1.892739 
654.5947 51.032 77.895 0.19894 0.92757 1.210 -0.20277 31.0000 45.83 0.9614 0.9622 1.894060 
654.1377 51.103 77.926 0.19834 0.92724 1.211 -0.20510 31.0000 45.35 0.9616 0.9624 1.895384 
653.6806 51.174 77.958 0.19769 0.92672 1.218 -0.20742 31.0000 45.54 0.9617 0.9625 1.896709 
653.2234 51.249 77.985 0.19711 0.92617 1.222 -0.20990 31.0000 46.15 0.9618 0.9626 1.898037 
652.7661 51.323 78.017 0.19646 0.92565 1.221 -0.21231 31.0000 45.30 0.9621 0.9628 1.899366 
652.3087 51.397 78.052 0.19577 0.92512 1.228 -0.21473 31.0000 45.26 0.9621 0.9629 1.900698 
651.8511 51.471 78.086 0.19506 0.92455 1.233 -0.21713 31.0000 45.03 0.9622 0.9630 1.902032 
651.3936 51.536 78.122 0.19444 0.92447 1.239 -0.21936 31.0000 45.08 0.9625 0.9633 1.903368 
650.9358 51.609 78.159 0.19374 0.92403 1.245 -0.22175 31.0000 45.88 0.9627 0.9635 1.904707 
650.4780 51.681 78.201 0.19298 0.92380 1.242 -0.22416 31.0000 45.34 0.9630 0.9638 1.906047 
650.0201 51.757 78.237 0.19227 0.92333 1.246 -0.22668 31.0000 44.76 0.9633 0.9641 1.907390 
649.5620 51.833 78.274 0.19155 0.92290 1.249 -0.22917 31.0000 45.48 0.9635 0.9643 1.908735 
649.1039 51.911 78.309 0.19086 0.92235 1.258 -0.23175 31.0000 44.88 0.9637 0.9645 1.910082 
648.6457 51.990 78.337 0.19025 0.92167 1.259 -0.23429 31.0000 44.53 0.9640 0.9648 1.911432 
648.1873 52.069 78.370 0.18958 0.92110 1.268 -0.23689 31.0000 45.06 0.9643 0.9651 1.912783 
647.7289 52.142 78.399 0.18901 0.92070 1.280 -0.23931 31.0000 45.50 0.9645 0.9652 1.914137 
647.2703 52.222 78.432 0.18834 0.92011 1.278 -0.24191 31.0000 44.98 0.9646 0.9654 1.915493 
646.8117 52.300 78.459 0.18776 0.91951 1.281 -0.24445 31.0000 44.75 0.9648 0.9656 1.916851 
646.3530 52.380 78.493 0.18706 0.91886 1.278 -0.24707 31.0000 44.02 0.9649 0.9657 1.918212 
645.8941 52.460 78.525 0.18638 0.91814 1.292 -0.24963 31.0000 45.03 0.9651 0.9659 1.919575 
645.4351 52.542 78.560 0.18566 0.91741 1.298 -0.25226 31.0000 44.34 0.9654 0.9662 1.920940 
644.9761 52.621 78.596 0.18493 0.91688 1.303 -0.25486 31.0000 44.37 0.9656 0.9664 1.922307 
644.5169 52.699 78.625 0.18433 0.91623 1.303 -0.25740 31.0000 44.56 0.9659 0.9667 1.923676 
644.0577 52.777 78.650 0.18379 0.91565 1.305 -0.25994 31.0000 44.60 0.9660 0.9668 1.925048 
643.5983 52.855 78.680 0.18318 0.91502 1.316 -0.26249 31.0000 44.06 0.9662 0.9670 1.926422 
643.1389 52.934 78.715 0.18249 0.91456 1.317 -0.26509 31.0000 44.74 0.9664 0.9672 1.927798 
642.6793 53.011 78.750 0.18181 0.91402 1.328 -0.26761 31.0000 44.67 0.9667 0.9675 1.929177 
642.2196 53.088 78.779 0.18122 0.91349 1.326 -0.27016 31.0000 44.06 0.9669 0.9677 1.930558 
641.7598 53.170 78.816 0.18049 0.91290 1.329 -0.27282 31.0000 43.65 0.9671 0.9679 1.931941 
641.2999 53.251 78.845 0.17990 0.91237 1.336 -0.27549 31.0000 43.76 0.9674 0.9682 1.933326 
640.8400 53.336 78.878 0.17925 0.91178 1.336 -0.27829 31.0000 43.51 0.9677 0.9684 1.934714 
640.3799 53.414 78.917 0.17850 0.91125 1.349 -0.28085 31.0000 43.83 0.9679 0.9687 1.936104 
639.9197 53.495 78.948 0.17790 0.91078 1.362 -0.28353 31.0000 44.43 0.9683 0.9691 1.937496 
639.4594 53.574 78.987 0.17714 0.91021 1.364 -0.28613 31.0000 44.51 0.9685 0.9693 1.938891 
638.9990 53.659 79.022 0.17641 0.90943 1.364 -0.28886 31.0000 44.51 0.9686 0.9694 1.940288 
638.5385 53.738 79.059 0.17571 0.90894 1.377 -0.29148 31.0000 44.72 0.9689 0.9697 1.941687 
638.0779 53.823 79.097 0.17494 0.90819 1.376 -0.29421 31.0000 45.05 0.9690 0.9698 1.943089 
637.6172 53.907 79.133 0.17420 0.90744 1.376 -0.29693 31.0000 44.53 0.9692 0.9700 1.944493 
637.1564 53.991 79.175 0.17342 0.90692 1.382 -0.29969 31.0000 44.35 0.9697 0.9705 1.945899 
636.6954 54.071 79.218 0.17263 0.90646 1.393 -0.30235 31.0000 44.88 0.9699 0.9707 1.947308 
636.2344 54.155 79.243 0.17209 0.90581 1.396 -0.30511 31.0000 44.77 0.9703 0.9711 1.948719 
635.7733 54.243 79.276 0.17138 0.90496 1.398 -0.30794 31.0000 44.81 0.9704 0.9712 1.950132 
635.3121 54.328 79.313 0.17062 0.90406 1.403 -0.31062 31.0000 44.13 0.9704 0.9712 1.951548 
634.8508 54.410 79.348 0.16992 0.90347 1.407 -0.31332 31.0000 44.20 0.9708 0.9716 1.952966 
634.3893 54.498 79.386 0.16916 0.90269 1.415 -0.31615 31.0000 44.21 0.9708 0.9716 1.954387 
633.9278 54.577 79.423 0.16853 0.90249 1.422 -0.31888 31.0000 44.61 0.9711 0.9719 1.955809 
633.4662 54.664 79.460 0.16783 0.90206 1.434 -0.32182 31.0000 44.02 0.9715 0.9723 1.957235 
633.0044 54.749 79.500 0.16708 0.90149 1.435 -0.32464 31.0000 44.26 0.9718 0.9726 1.958662 
632.5425 54.838 79.541 0.16626 0.90071 1.440 -0.32750 31.0000 44.10 0.9718 0.9726 1.960093 
632.0806 54.929 79.586 0.16536 0.89976 1.451 -0.33041 31.0000 44.31 0.9722 0.9730 1.961525 
631.6186 55.018 79.635 0.16435 0.89856 1.447 -0.33314 31.0000 43.44 0.9719 0.9728 1.962960 
631.1564 55.113 79.688 0.16331 0.89755 1.469 -0.33612 31.0000 43.88 0.9722 0.9730 1.964397 
630.6942 55.213 79.718 0.16254 0.89602 1.459 -0.33915 31.0000 44.16 0.9723 0.9732 1.965837 
630.2318 55.299 79.749 0.16189 0.89519 1.477 -0.34188 31.0000 43.89 0.9729 0.9737 1.967279 
629.7693 55.383 79.794 0.16096 0.89404 1.477 -0.34445 31.0000 43.39 0.9732 0.9740 1.968724 
629.3068 55.464 79.830 0.16031 0.89370 1.484 -0.34721 31.0000 44.08 0.9738 0.9747 1.970171 
628.8441 55.555 79.869 0.15947 0.89246 1.485 -0.35001 31.0000 43.40 0.9739 0.9747 1.971620 
628.3813 55.646 79.910 0.15873 0.89201 1.487 -0.35311 31.0000 43.78 0.9744 0.9752 1.973073 
627.9184 55.735 79.949 0.15802 0.89154 1.497 -0.35612 31.0000 43.10 0.9750 0.9758 1.974527 
627.4554 55.820 80.008 0.15703 0.89126 1.503 -0.35905 31.0000 43.49 0.9753 0.9761 1.975984 
626.9923 55.908 80.042 0.15631 0.89033 1.509 -0.36186 31.0000 43.49 0.9752 0.9760 1.977444 
626.5291 56.009 80.085 0.15536 0.88878 1.510 -0.36488 31.0000 43.36 0.9746 0.9754 1.978905 
626.0658 56.092 80.136 0.15441 0.88804 1.515 -0.36754 31.0000 43.23 0.9749 0.9757 1.980370 
625.6024 56.189 80.186 0.15343 0.88695 1.529 -0.37058 31.0000 43.48 0.9753 0.9761 1.981837 
625.1389 56.289 80.263 0.15202 0.88589 1.533 -0.37375 31.0000 43.23 0.9756 0.9765 1.983306 
624.6753 56.426 80.317 0.15074 0.88349 1.538 -0.37773 31.0000 43.34 0.9750 0.9758 1.984778 
624.2115 56.526 80.386 0.14941 0.88204 1.539 -0.38070 31.0000 42.64 0.9753 0.9761 1.986253 
623.7477 56.618 80.451 0.14822 0.88111 1.539 -0.38361 31.0000 42.69 0.9761 0.9769 1.987730 
623.2838 56.682 80.518 0.14729 0.88187 1.546 -0.38623 31.0000 42.43 0.9776 0.9784 1.989209 
622.8198 56.741 80.577 0.14645 0.88241 1.561 -0.38861 31.0000 43.18 0.9783 0.9792 1.990691 
622.3557 56.780 80.564 0.14679 0.88321 1.569 -0.39040 31.0000 42.87 0.9798 0.9806 1.992176 
621.8914 56.850 80.554 0.14689 0.88285 1.575 -0.39287 31.0000 43.01 0.9807 0.9816 1.993663 
621.4271 56.917 80.531 0.14718 0.88244 1.574 -0.39520 31.0000 42.69 0.9808 0.9817 1.995153 
620.9626 57.010 80.494 0.14748 0.88072 1.569 -0.39797 31.0000 42.42 0.9807 0.9817 1.996645 
620.4980 57.136 80.465 0.14741 0.87761 1.587 -0.40127 31.0000 42.32 0.9792 0.9802 1.998140 
620.0334 57.252 80.440 0.14743 0.87540 1.582 -0.40463 31.0000 42.35 0.9791 0.9801 1.999637 
619.5687 57.396 80.396 0.14765 0.87255 1.597 -0.40876 31.0000 42.05 0.9787 0.9798 2.001137 
619.1038 57.526 80.378 0.14745 0.86976 1.594 -0.41235 31.0000 42.40 0.9786 0.9797 2.002640 
618.6388 57.645 80.366 0.14722 0.86733 1.598 -0.41567 31.0000 42.35 0.9787 0.9799 2.004145 
618.1737 57.774 80.348 0.14708 0.86481 1.611 -0.41932 31.0000 42.57 0.9791 0.9803 2.005653 
617.7086 57.923 80.323 0.14685 0.86117 1.613 -0.42320 31.0000 41.94 0.9792 0.9804 2.007163 
617.2433 58.069 80.308 0.14650 0.85779 1.606 -0.42703 31.0000 41.52 0.9790 0.9803 2.008676 
616.7779 58.208 80.299 0.14614 0.85490 1.619 -0.43082 31.0000 42.53 0.9793 0.9806 2.010192 
616.3124 58.348 80.304 0.14555 0.85184 1.630 -0.43456 31.0000 42.36 0.9790 0.9804 2.011710 
615.8468 58.485 80.316 0.14482 0.84871 1.606 -0.43813 31.0000 41.94 0.9788 0.9801 2.013231 
615.3810 58.633 80.316 0.14428 0.84551 1.617 -0.44205 31.0000 41.49 0.9788 0.9802 2.014755 
614.9153 58.785 80.325 0.14352 0.84184 1.620 -0.44587 31.0000 41.88 0.9785 0.9799 2.016281 
614.4493 58.936 80.337 0.14275 0.83835 1.614 -0.44975 31.0000 41.96 0.9783 0.9797 2.017810 
613.9833 59.090 80.360 0.14181 0.83487 1.637 -0.45368 31.0000 41.42 0.9778 0.9794 2.019341 
613.5172 59.238 80.383 0.14093 0.83171 1.614 -0.45756 31.0000 40.77 0.9778 0.9793 2.020875 
613.0510 59.394 80.406 0.14002 0.82835 1.626 -0.46162 31.0000 41.64 0.9776 0.9792 2.022412 
612.5847 59.554 80.438 0.13894 0.82483 1.629 -0.46570 31.0000 41.38 0.9774 0.9790 2.023952 
612.1182 59.715 80.471 0.13787 0.82133 1.619 -0.46983 31.0000 41.17 0.9773 0.9789 2.025494 
611.6517 59.876 80.506 0.13676 0.81783 1.649 -0.47397 31.0000 41.17 0.9771 0.9787 2.027039 
611.1850 60.034 80.545 0.13564 0.81449 1.669 -0.47804 31.0000 40.59 0.9767 0.9784 2.028587 
610.7183 60.192 80.590 0.13443 0.81115 1.631 -0.48208 31.0000 41.42 0.9763 0.9781 2.030137 
610.2514 60.353 80.634 0.13323 0.80776 1.640 -0.48619 31.0000 41.13 0.9760 0.9778 2.031690 
609.7844 60.514 80.681 0.13198 0.80432 1.630 -0.49028 31.0000 41.39 0.9757 0.9775 2.033246 
609.3173 60.677 80.738 0.13062 0.80095 1.616 -0.49445 31.0000 40.82 0.9756 0.9774 2.034805 
608.8502 60.836 80.797 0.12925 0.79778 1.617 -0.49861 31.0000 40.29 0.9754 0.9772 2.036366 
608.3829 61.002 80.864 0.12775 0.79441 1.626 -0.50286 31.0000 40.41 0.9750 0.9769 2.037930 
607.9155 61.157 80.935 0.12627 0.79145 1.599 -0.50695 31.0000 41.20 0.9748 0.9766 2.039497 
607.4480 61.318 81.009 0.12474 0.78839 1.585 -0.51118 31.0000 40.57 0.9745 0.9764 2.041067 
606.9804 61.473 81.087 0.12319 0.78552 1.585 -0.51527 31.0000 39.67 0.9742 0.9760 2.042639 
606.5127 61.629 81.167 0.12161 0.78258 1.623 -0.51939 31.0000 39.28 0.9740 0.9759 2.044214 
606.0449 61.783 81.255 0.11994 0.77978 1.615 -0.52351 31.0000 40.02 0.9737 0.9756 2.045792 
605.5770 61.939 81.354 0.11814 0.77696 1.605 -0.52767 31.0000 39.57 0.9735 0.9754 2.047373 
605.1089 62.095 81.449 0.11641 0.77420 1.607 -0.53186 31.0000 40.14 0.9735 0.9753 2.048957 
604.6408 62.250 81.539 0.11475 0.77143 1.613 -0.53602 31.0000 40.27 0.9733 0.9752 2.050543 
604.1726 62.404 81.640 0.11298 0.76883 1.602 -0.54023 31.0000 39.42 0.9732 0.9751 2.052132 
603.7042 62.554 81.749 0.11113 0.76639 1.550 -0.54443 31.0000 39.41 0.9732 0.9751 2.053724 
603.2358 62.704 81.861 0.10925 0.76393 1.589 -0.54859 31.0000 39.33 0.9733 0.9752 2.055319 
602.7673 62.852 81.979 0.10732 0.76161 1.538 -0.55274 31.0000 38.54 0.9732 0.9751 2.056916 
602.2986 62.997 82.098 0.10538 0.75924 1.564 -0.55679 31.0000 39.35 0.9730 0.9749 2.058517 
601.8298 63.151 82.215 0.10345 0.75667 1.541 -0.56102 31.0000 39.00 0.9730 0.9748 2.060121 
601.3610 63.298 82.341 0.10143 0.75431 1.546 -0.56514 31.0000 39.07 0.9728 0.9747 2.061726 
600.8920 63.444 82.466 0.09946 0.75201 1.546 -0.56929 31.0000 38.82 0.9729 0.9747 2.063336 
600.4229 63.587 82.595 0.09745 0.74975 1.557 -0.57335 31.0000 38.55 0.9729 0.9746 2.064948 
599.9537 63.732 82.726 0.09541 0.74747 1.574 -0.57746 31.0000 38.92 0.9730 0.9747 2.066563 
599.4844 63.870 82.859 0.09339 0.74539 1.566 -0.58146 31.0000 38.57 0.9731 0.9748 2.068181 
599.0150 64.009 83.002 0.09125 0.74338 1.549 -0.58554 31.0000 37.73 0.9733 0.9749 2.069801 
598.5455 64.151 83.137 0.08921 0.74120 1.533 -0.58962 31.0000 37.68 0.9731 0.9748 2.071425 
598.0759 64.291 83.272 0.08718 0.73908 1.556 -0.59370 31.0000 38.31 0.9733 0.9749 2.073051 
597.6062 64.434 83.422 0.08496 0.73680 1.535 -0.59778 31.0000 37.90 0.9734 0.9749 2.074680 
597.1364 64.560 83.570 0.08285 0.73519 1.520 -0.60167 31.0000 37.49 0.9735 0.9750 2.076313 
596.6664 64.688 83.720 0.08073 0.73358 1.516 -0.60569 31.0000 37.82 0.9737 0.9752 2.077948 
596.1964 64.824 83.877 0.07849 0.73166 1.499 -0.60978 31.0000 37.32 0.9737 0.9751 2.079586 
595.7263 64.948 84.026 0.07639 0.72999 1.513 -0.61362 31.0000 37.36 0.9741 0.9755 2.081227 
595.2560 65.080 84.188 0.07411 0.72799 1.495 -0.61751 31.0000 37.15 0.9744 0.9757 2.082872 
594.7857 65.208 84.347 0.07186 0.72602 1.496 -0.62126 31.0000 37.22 0.9744 0.9757 2.084519 
594.3152 65.335 84.504 0.06967 0.72409 1.483 -0.62504 31.0000 36.95 0.9747 0.9759 2.086169 
593.8447 65.456 84.662 0.06749 0.72237 1.482 -0.62873 31.0000 36.96 0.9752 0.9764 2.087822 
593.3740 65.577 84.819 0.06533 0.72056 1.470 -0.63239 31.0000 36.85 0.9754 0.9766 2.089478 
592.9032 65.683 84.963 0.06341 0.71948 1.455 -0.63602 31.0000 36.96 0.9762 0.9773 2.091137 
592.4323 65.790 85.103 0.06153 0.71822 1.446 -0.63956 31.0000 36.30 0.9766 0.9777 2.092799 
591.9613 65.883 85.258 0.05952 0.71754 1.439 -0.64298 31.0000 36.01 0.9772 0.9783 2.094464 
591.4902 65.998 85.416 0.05742 0.71613 1.427 -0.64679 31.0000 36.01 0.9775 0.9785 2.096133 
591.0190 66.108 85.564 0.05547 0.71504 1.413 -0.65069 31.0000 36.04 0.9780 0.9790 2.097804 
590.5477 66.230 85.724 0.05333 0.71316 1.407 -0.65441 31.0000 35.92 0.9783 0.9792 2.099478 
590.0763 66.331 85.870 0.05143 0.71228 1.396 -0.65810 31.0000 35.80 0.9790 0.9799 2.101155 
589.6048 66.437 86.018 0.04948 0.71069 1.385 -0.66141 31.0000 35.21 0.9792 0.9801 2.102836 
589.1331 66.550 86.168 0.04749 0.70895 1.367 -0.66492 31.0000 35.36 0.9794 0.9803 2.104519 
588.6614 66.666 86.288 0.04586 0.70692 1.365 -0.66830 31.0000 35.58 0.9799 0.9807 2.106206 
588.1896 66.772 86.425 0.04407 0.70540 1.358 -0.67175 31.0000 35.66 0.9807 0.9815 2.107895 
587.7176 66.858 86.549 0.04250 0.70464 1.335 -0.67495 31.0000 34.03 0.9821 0.9829 2.109588 
587.2455 66.970 86.662 0.04100 0.70295 1.325 -0.67854 31.0000 34.11 0.9828 0.9836 2.111284 
586.7734 67.069 86.763 0.03967 0.70149 1.319 -0.68178 31.0000 34.73 0.9834 0.9842 2.112983 
586.3011 67.169 86.816 0.03893 0.69987 1.311 -0.68495 31.0000 35.17 0.9839 0.9847 2.114685 
585.8287 67.216 86.857 0.03842 0.69967 1.302 -0.68695 31.0000 35.14 0.9853 0.9860 2.116390 
585.3563 67.303 86.879 0.03808 0.69854 1.281 -0.69003 31.0000 34.32 0.9860 0.9868 2.118098 
584.8837 67.405 86.893 0.03782 0.69685 1.265 -0.69325 31.0000 33.83 0.9863 0.9870 2.119809 
584.4109 67.558 86.904 0.03749 0.69304 1.259 -0.69685 31.0000 33.60 0.9859 0.9867 2.121524 
583.9382 67.716 86.900 0.03732 0.68904 1.246 -0.70055 31.0000 33.72 0.9861 0.9869 2.123242 
583.4652 67.916 86.990 0.03597 0.68410 1.240 -0.70523 31.0000 33.94 0.9856 0.9864 2.124963 
582.9922 68.097 87.065 0.03485 0.67966 1.216 -0.70954 31.0000 33.75 0.9852 0.9859 2.126687 
582.5191 68.290 87.148 0.03361 0.67476 1.209 -0.71395 31.0000 33.71 0.9856 0.9864 2.128414 
582.0458 68.466 87.248 0.03223 0.67056 1.200 -0.71822 31.0000 33.02 0.9862 0.9870 2.130145 
581.5725 68.604 87.329 0.03114 0.66752 1.190 -0.72182 31.0000 33.34 0.9880 0.9888 2.131878 
581.0991 68.770 87.433 0.02974 0.66339 1.179 -0.72572 31.0000 32.87 0.9886 0.9894 2.133615 
580.6255 68.903 87.554 0.02819 0.66006 1.167 -0.72876 31.0000 33.00 0.9894 0.9901 2.135356 
580.1519 69.054 87.656 0.02686 0.65634 1.155 -0.73230 31.0000 32.42 0.9900 0.9908 2.137099 
579.6780 69.222 87.759 0.02552 0.65211 1.142 -0.73622 31.0000 32.39 0.9904 0.9912 2.138846 
579.2042 69.396 87.877 0.02400 0.64754 1.132 -0.73996 31.0000 32.81 0.9905 0.9913 2.140595 
578.7302 69.543 87.998 0.02252 0.64400 1.116 -0.74354 31.0000 32.60 0.9907 0.9915 2.142349 
578.2561 69.696 88.125 0.02096 0.64016 1.109 -0.74709 31.0000 32.22 0.9911 0.9919 2.144105 
577.7819 69.869 88.253 0.01938 0.63556 1.092 -0.75079 31.0000 32.15 0.9913 0.9920 2.145865 
577.3076 70.039 88.374 0.01792 0.63109 1.087 -0.75449 31.0000 32.10 0.9918 0.9926 2.147628 
576.8332 70.214 88.492 0.01650 0.62655 1.072 -0.75841 31.0000 31.46 0.9922 0.9930 2.149394 
576.3586 70.383 88.639 0.01478 0.62206 1.065 -0.76199 31.0000 31.29 0.9924 0.9932 2.151164 
575.8840 70.546 88.776 0.01320 0.61788 1.052 -0.76571 31.0000 31.85 0.9930 0.9938 2.152937 
575.4093 70.716 88.915 0.01161 0.61346 1.045 -0.76947 31.0000 31.95 0.9934 0.9942 2.154713 
574.9344 70.884 89.046 0.01014 0.60898 1.031 -0.77311 31.0000 31.08 0.9940 0.9948 2.156493 
574.4595 71.064 89.194 0.00850 0.60416 1.025 -0.77692 31.0000 31.42 0.9942 0.9951 2.158276 
573.9844 71.241 89.341 0.00689 0.59931 1.008 -0.78059 31.0000 30.67 0.9946 0.9954 2.160062 
573.5092 71.412 89.481 0.00539 0.59471 1.001 -0.78421 31.0000 30.96 0.9949 0.9957 2.161852 
573.0339 71.589 89.626 0.00385 0.58987 0.995 -0.78791 31.0000 30.54 0.9952 0.9961 2.163645 
572.5586 71.765 89.777 0.00228 0.58509 0.979 -0.79156 31.0000 30.56 0.9954 0.9963 2.165441 
572.0831 71.940 89.931 0.00070 0.58028 0.962 -0.79517 31.0000 30.50 0.9957 0.9965 2.167241 
571.6075 72.116 90.082 -0.00082 0.57541 0.959 -0.79878 31.0000 30.27 0.9961 0.9970 2.169044 
571.1318 72.292 90.244 -0.00243 0.57059 0.951 -0.80241 31.0000 29.65 0.9965 0.9974 2.170851 
570.6559 72.467 90.415 -0.00410 0.56576 0.936 -0.80602 31.0000 29.91 0.9969 0.9978 2.172661 
570.1801 72.645 90.594 -0.00581 0.56081 0.923 -0.80968 31.0000 29.72 0.9971 0.9979 2.174474 
569.7040 72.825 90.775 -0.00751 0.55571 0.919 -0.81320 31.0000 29.25 0.9971 0.9980 2.176291 
569.2278 72.998 90.954 -0.00918 0.55088 0.914 -0.81670 31.0000 29.44 0.9975 0.9985 2.178112 
568.7516 73.179 91.128 -0.01075 0.54569 0.905 -0.82019 31.0000 28.98 0.9978 0.9988 2.179936 
568.2753 73.356 91.307 -0.01234 0.54062 0.889 -0.82359 31.0000 28.67 0.9982 0.9992 2.181763 
567.7988 73.536 91.486 -0.01389 0.53538 0.881 -0.82699 31.0000 28.93 0.9987 0.9996 2.183594 
567.3222 73.718 91.674 -0.01550 0.53010 0.874 -0.83041 31.0000 28.66 0.9990 1.0000 2.185428 
566.8455 73.900 91.866 -0.01710 0.52486 0.866 -0.83392 31.0000 28.42 0.9992 1.0002 2.187266 
566.3687 74.081 92.063 -0.01872 0.51957 0.857 -0.83730 31.0000 28.46 0.9995 1.0005 2.189107 
565.8918 74.266 92.272 -0.02039 0.51414 0.845 -0.84070 31.0000 28.21 0.9998 1.0008 2.190952 
565.4149 74.447 92.481 -0.02205 0.50884 0.837 -0.84409 31.0000 28.03 1.0000 1.0010 2.192800 
564.9377 74.630 92.691 -0.02366 0.50340 0.827 -0.84742 31.0000 28.08 1.0002 1.0012 2.194653 
564.4605 74.820 92.909 -0.02529 0.49769 0.825 -0.85072 31.0000 27.84 1.0006 1.0016 2.196508 
563.9832 75.013 93.131 -0.02691 0.49185 0.816 -0.85406 31.0000 27.37 1.0008 1.0018 2.198367 
563.5057 75.203 93.364 -0.02857 0.48603 0.802 -0.85726 31.0000 26.86 1.0011 1.0022 2.200230 
563.0282 75.395 93.597 -0.03018 0.48017 0.797 -0.86047 31.0000 27.07 1.0014 1.0025 2.202096 
562.5505 75.586 93.838 -0.03182 0.47430 0.787 -0.86373 31.0000 26.64 1.0017 1.0028 2.203966 
562.0728 75.779 94.089 -0.03349 0.46840 0.787 -0.86696 31.0000 27.10 1.0021 1.0032 2.205839 
561.5948 75.972 94.347 -0.03515 0.46243 0.769 -0.87015 31.0000 26.57 1.0023 1.0034 2.207716 
561.1169 76.164 94.608 -0.03679 0.45650 0.765 -0.87335 31.0000 26.37 1.0024 1.0035 2.209597 
560.6388 76.358 94.867 -0.03836 0.45044 0.757 -0.87649 31.0000 26.26 1.0026 1.0037 2.211481 
560.1606 76.556 95.134 -0.03991 0.44425 0.752 -0.87965 31.0000 26.18 1.0028 1.0039 2.213369 
559.6823 76.751 95.411 -0.04150 0.43812 0.745 -0.88276 31.0000 26.38 1.0029 1.0041 2.215260 
559.2039 76.948 95.693 -0.04305 0.43190 0.738 -0.88579 31.0000 26.14 1.0032 1.0043 2.217155 
558.7253 77.145 95.987 -0.04464 0.42565 0.730 -0.88886 31.0000 26.10 1.0032 1.0044 2.219055 
558.2467 77.338 96.288 -0.04622 0.41948 0.724 -0.89183 31.0000 25.47 1.0034 1.0046 2.220957 
557.7679 77.535 96.599 -0.04779 0.41314 0.715 -0.89474 31.0000 25.42 1.0037 1.0049 2.222864 
557.2891 77.734 96.918 -0.04935 0.40672 0.709 -0.89765 31.0000 25.53 1.0040 1.0052 2.224773 
556.8102 77.933 97.258 -0.05097 0.40020 0.705 -0.90047 31.0000 25.26 1.0043 1.0055 2.226687 
556.3311 78.132 97.600 -0.05254 0.39373 0.700 -0.90336 31.0000 24.47 1.0046 1.0058 2.228604 
555.8519 78.333 97.946 -0.05403 0.38712 0.696 -0.90612 31.0000 24.76 1.0048 1.0060 2.230525 
555.3726 78.535 98.300 -0.05550 0.38045 0.686 -0.90885 31.0000 24.48 1.0052 1.0064 2.232451 
554.8932 78.734 98.667 -0.05699 0.37385 0.681 -0.91155 31.0000 24.77 1.0053 1.0065 2.234379 
554.4137 78.936 99.046 -0.05845 0.36714 0.678 -0.91425 31.0000 24.39 1.0055 1.0067 2.236312 
553.9341 79.136 99.435 -0.05990 0.36046 0.677 -0.91695 31.0000 24.57 1.0057 1.0069 2.238248 
553.4543 79.338 99.848 -0.06139 0.35366 0.666 -0.91952 31.0000 23.79 1.0059 1.0071 2.240188 
552.9745 79.543 100.276 -0.06285 0.34670 0.655 -0.92208 31.0000 23.76 1.0061 1.0074 2.242132 
552.4946 79.749 100.715 -0.06428 0.33967 0.655 -0.92451 31.0000 23.73 1.0065 1.0078 2.244080 
552.0145 79.955 101.180 -0.06574 0.33262 0.649 -0.92699 31.0000 23.49 1.0069 1.0082 2.246031 
551.5344 80.161 101.659 -0.06718 0.32556 0.647 -0.92949 31.0000 23.58 1.0072 1.0084 2.247986 
551.0541 80.364 102.157 -0.06863 0.31857 0.639 -0.93196 31.0000 23.51 1.0073 1.0086 2.249946 
550.5737 80.569 102.673 -0.07003 0.31144 0.639 -0.93443 31.0000 23.29 1.0076 1.0089 2.251909 
550.0933 80.773 103.207 -0.07142 0.30435 0.632 -0.93676 31.0000 23.54 1.0079 1.0091 2.253876 
549.6127 80.980 103.753 -0.07271 0.29709 0.626 -0.93908 31.0000 23.23 1.0082 1.0094 2.255847 
549.1320 81.188 104.343 -0.07408 0.28972 0.624 -0.94138 31.0000 22.81 1.0085 1.0098 2.257821 
548.6511 81.395 104.958 -0.07544 0.28238 0.618 -0.94364 31.0000 22.35 1.0090 1.0103 2.259800 
548.1702 81.602 105.588 -0.07672 0.27499 0.613 -0.94584 31.0000 22.41 1.0093 1.0106 2.261783 
547.6891 81.809 106.262 -0.07805 0.26756 0.607 -0.94803 31.0000 22.09 1.0094 1.0107 2.263770 
547.2080 82.016 106.979 -0.07939 0.26001 0.604 -0.95014 31.0000 22.17 1.0098 1.0111 2.265760 
546.7267 82.221 107.725 -0.08070 0.25249 0.605 -0.95211 31.0000 22.53 1.0101 1.0114 2.267755 
546.2454 82.426 108.506 -0.08198 0.24493 0.595 -0.95409 31.0000 21.99 1.0102 1.0115 2.269752 
545.7639 82.627 109.320 -0.08325 0.23745 0.590 -0.95604 31.0000 21.53 1.0104 1.0117 2.271755 
545.2823 82.830 110.189 -0.08452 0.22985 0.590 -0.95799 31.0000 21.88 1.0104 1.0117 2.273762 
544.8007 83.034 111.108 -0.08575 0.22213 0.586 -0.95981 31.0000 21.27 1.0106 1.0119 2.275771 
544.3188 83.234 112.067 -0.08694 0.21447 0.586 -0.96159 31.0000 21.11 1.0108 1.0121 2.277786 
543.8369 83.439 113.094 -0.08809 0.20659 0.581 -0.96335 31.0000 21.08 1.0112 1.0125 2.279805 
543.3549 83.638 114.175 -0.08925 0.19881 0.574 -0.96511 31.0000 20.69 1.0114 1.0127 2.281827 
542.8728 83.835 115.345 -0.09045 0.19096 0.572 -0.96676 31.0000 20.90 1.0116 1.0129 2.283853 
542.3905 84.029 116.596 -0.09169 0.18313 0.564 -0.96829 31.0000 20.74 1.0117 1.0129 2.285884 
541.9082 84.219 117.888 -0.09281 0.17537 0.568 -0.96986 31.0000 20.49 1.0116 1.0129 2.287919 
541.4257 84.407 119.273 -0.09392 0.16755 0.564 -0.97128 31.0000 20.43 1.0115 1.0128 2.289958 
540.9431 84.595 120.757 -0.09497 0.15959 0.559 -0.97263 31.0000 20.03 1.0118 1.0130 2.292001 
540.4604 84.778 122.333 -0.09601 0.15168 0.555 -0.97393 31.0000 20.12 1.0118 1.0131 2.294048 
539.9777 84.959 124.045 -0.09706 0.14366 0.559 -0.97512 31.0000 20.30 1.0119 1.0132 2.296098 
539.4948 85.134 125.869 -0.09812 0.13570 0.553 -0.97633 31.0000 19.97 1.0118 1.0131 2.298154 
539.0118 85.306 127.844 -0.09916 0.12763 0.549 -0.97754 31.0000 19.65 1.0118 1.0131 2.300213 
538.5286 85.473 129.963 -0.10016 0.11952 0.546 -0.97856 31.0000 19.25 1.0120 1.0133 2.302277 
538.0454 85.634 132.215 -0.10108 0.11142 0.540 -0.97950 31.0000 19.04 1.0121 1.0133 2.304344 
537.5621 85.788 134.669 -0.10205 0.10324 0.537 -0.98031 31.0000 18.91 1.0121 1.0133 2.306416 
537.0786 85.933 137.269 -0.10303 0.09517 0.536 -0.98125 31.0000 18.88 1.0117 1.0130 2.308492 
536.5950 86.074 140.068 -0.10386 0.08693 0.537 -0.98211 31.0000 18.53 1.0117 1.0130 2.310573 
536.1114 86.204 143.103 -0.10476 0.07864 0.537 -0.98266 31.0000 18.83 1.0115 1.0128 2.312657 
535.6276 86.323 146.378 -0.10569 0.07028 0.533 -0.98332 31.0000 18.22 1.0112 1.0125 2.314746 
535.1437 86.429 149.825 -0.10658 0.06197 0.530 -0.98394 31.0000 18.23 1.0112 1.0125 2.316839 
534.6597 86.523 153.435 -0.10741 0.05371 0.531 -0.98459 31.0000 18.14 1.0110 1.0122 2.318936 
534.1756 86.602 157.259 -0.10826 0.04538 0.523 -0.98508 31.0000 17.60 1.0106 1.0118 2.321038 
533.6913 86.667 161.233 -0.10906 0.03706 0.521 -0.98555 31.0000 17.39 1.0104 1.0117 2.323144 
533.2070 86.714 165.394 -0.10991 0.02864 0.523 -0.98591 31.0000 17.28 1.0103 1.0116 2.325254 
532.7226 86.747 169.592 -0.11063 0.02032 0.528 -0.98613 31.0000 17.20 1.0104 1.0117 2.327369 
532.2380 86.761 173.836 -0.11134 0.01202 0.511 -0.98624 31.0000 16.85 1.0103 1.0116 2.329488 
531.7534 86.756 178.259 -0.11211 0.00341 0.515 -0.98629 31.0000 16.80 1.0103 1.0116 2.331611 
531.2686 86.733 182.607 -0.11284 -0.00514 0.518 -0.98625 31.0000 16.88 1.0102 1.0115 2.333738 
530.7837 86.692 186.939 -0.11356 -0.01382 0.518 -0.98620 31.0000 16.62 1.0102 1.0115 2.335870 
530.2987 86.634 191.062 -0.11422 -0.02233 0.510 -0.98600 31.0000 16.08 1.0100 1.0113 2.338007 
529.8136 86.561 195.072 -0.11481 -0.03092 0.514 -0.98566 31.0000 16.29 1.0100 1.0114 2.340147 
529.3284 86.470 198.909 -0.11544 -0.03954 0.502 -0.98533 31.0000 15.87 1.0097 1.0110 2.342292 
528.8430 86.367 202.474 -0.11606 -0.04801 0.507 -0.98493 31.0000 15.78 1.0096 1.0110 2.344442 
528.3576 86.247 205.957 -0.11661 -0.05677 0.512 -0.98435 31.0000 15.67 1.0094 1.0108 2.346596 
527.8720 86.116 209.138 -0.11723 -0.06535 0.506 -0.98386 31.0000 15.41 1.0092 1.0106 2.348755 
527.3864 85.972 212.180 -0.11778 -0.07411 0.504 -0.98330 31.0000 15.33 1.0091 1.0104 2.350917 
526.9006 85.818 215.009 -0.11832 -0.08288 0.505 -0.98252 31.0000 15.10 1.0091 1.0105 2.353085 
526.4147 85.659 217.620 -0.11876 -0.09152 0.503 -0.98181 31.0000 14.65 1.0090 1.0103 2.355257 
525.9287 85.491 220.038 -0.11920 -0.10016 0.497 -0.98099 31.0000 14.58 1.0092 1.0105 2.357433 
525.4426 85.312 222.311 -0.11966 -0.10892 0.503 -0.98006 31.0000 14.66 1.0093 1.0107 2.359614 
524.9564 85.133 224.370 -0.12005 -0.11744 0.499 -0.97902 31.0000 14.23 1.0094 1.0108 2.361800 
524.4700 84.949 226.281 -0.12043 -0.12593 0.500 -0.97803 31.0000 14.01 1.0092 1.0106 2.363990 
523.9836 84.755 228.102 -0.12078 -0.13462 0.497 -0.97690 31.0000 13.68 1.0091 1.0105 2.366185 
523.4971 84.553 229.837 -0.12112 -0.14351 0.498 -0.97577 31.0000 13.71 1.0091 1.0104 2.368384 
523.0104 84.348 231.411 -0.12148 -0.15223 0.497 -0.97440 31.0000 13.44 1.0089 1.0103 2.370588 
522.5236 84.140 232.915 -0.12172 -0.16102 0.498 -0.97304 31.0000 13.06 1.0090 1.0104 2.372796 
522.0367 83.932 234.292 -0.12193 -0.16964 0.498 -0.97149 31.0000 13.01 1.0089 1.0103 2.375009 
521.5497 83.720 235.620 -0.12202 -0.17834 0.489 -0.96986 31.0000 12.78 1.0091 1.0105 2.377227 
521.0626 83.506 236.866 -0.12206 -0.18700 0.489 -0.96823 31.0000 12.60 1.0093 1.0107 2.379449 
520.5754 83.291 238.004 -0.12219 -0.19557 0.489 -0.96658 31.0000 12.67 1.0094 1.0108 2.381676 
520.0881 83.069 239.090 -0.12232 -0.20430 0.494 -0.96489 31.0000 12.58 1.0095 1.0108 2.383908 
519.6006 82.844 240.139 -0.12229 -0.21301 0.490 -0.96278 31.0000 12.40 1.0098 1.0112 2.386144 
519.1131 82.613 241.113 -0.12239 -0.22182 0.489 -0.96070 31.0000 12.24 1.0099 1.0113 2.388385 
518.6254 82.385 242.043 -0.12235 -0.23053 0.489 -0.95855 31.0000 11.90 1.0099 1.0112 2.390631 
518.1377 82.161 242.893 -0.12231 -0.23895 0.489 -0.95640 31.0000 11.76 1.0097 1.0110 2.392881 
517.6498 81.930 243.735 -0.12221 -0.24764 0.484 -0.95422 31.0000 11.40 1.0098 1.0111 2.395137 
517.1618 81.700 244.535 -0.12199 -0.25616 0.487 -0.95173 31.0000 11.24 1.0098 1.0111 2.397397 
516.6737 81.464 245.309 -0.12180 -0.26491 0.482 -0.94940 31.0000 11.17 1.0094 1.0108 2.399661 
516.1855 81.228 246.039 -0.12158 -0.27357 0.484 -0.94696 31.0000 10.96 1.0094 1.0107 2.401931 
515.6971 80.990 246.743 -0.12130 -0.28222 0.489 -0.94432 31.0000 10.89 1.0096 1.0109 2.404206 
515.2087 80.751 247.391 -0.12112 -0.29085 0.487 -0.94168 31.0000 10.85 1.0097 1.0110 2.406485 
514.7202 80.508 248.020 -0.12089 -0.29951 0.486 -0.93887 31.0000 10.74 1.0102 1.0115 2.408769 
514.2314 80.260 248.635 -0.12062 -0.30833 0.483 -0.93601 31.0000 10.58 1.0101 1.0114 2.411058 
513.7427 80.020 249.192 -0.12035 -0.31670 0.487 -0.93289 31.0000 10.51 1.0104 1.0117 2.413352 
513.2538 79.774 249.754 -0.12000 -0.32535 0.491 -0.92985 31.0000 10.24 1.0105 1.0118 2.415651 
512.7648 79.535 250.279 -0.11962 -0.33370 0.485 -0.92684 31.0000 10.21 1.0101 1.0114 2.417955 
512.2757 79.296 250.789 -0.11917 -0.34201 0.485 -0.92382 31.0000 10.23 1.0100 1.0113 2.420263 
511.7864 79.054 251.299 -0.11864 -0.35047 0.484 -0.92075 31.0000 10.01 1.0101 1.0114 2.422577 
511.2971 78.813 251.779 -0.11810 -0.35874 0.494 -0.91749 31.0000 10.21 1.0102 1.0115 2.424895 
510.8076 78.574 252.246 -0.11747 -0.36688 0.479 -0.91408 31.0000 9.79 1.0105 1.0118 2.427219 
510.3181 78.326 252.689 -0.11694 -0.37522 0.492 -0.91046 31.0000 9.74 1.0102 1.0115 2.429547 
509.8284 78.081 253.122 -0.11634 -0.38346 0.488 -0.90690 31.0000 9.71 1.0095 1.0107 2.431881 
509.3386 77.837 253.538 -0.11570 -0.39156 0.487 -0.90319 31.0000 9.69 1.0088 1.0101 2.434219 
508.8488 77.593 253.941 -0.11506 -0.39971 0.482 -0.89957 31.0000 9.46 1.0085 1.0098 2.436563 
508.3587 77.346 254.337 -0.11437 -0.40790 0.487 -0.89587 31.0000 9.70 1.0081 1.0093 2.438912 
507.8686 77.097 254.717 -0.11370 -0.41610 0.490 -0.89209 31.0000 9.62 1.0077 1.0089 2.441265 
507.3784 76.848 255.098 -0.11290 -0.42426 0.496 -0.88816 31.0000 9.57 1.0077 1.0089 2.443624 
506.8880 76.605 255.440 -0.11224 -0.43216 0.493 -0.88433 31.0000 9.27 1.0069 1.0081 2.445988 
506.3976 76.354 255.779 -0.11158 -0.44030 0.495 -0.88030 31.0000 9.24 1.0064 1.0076 2.448357 
505.9070 76.108 256.117 -0.11079 -0.44825 0.486 -0.87637 31.0000 9.02 1.0057 1.0069 2.450731 
505.4163 75.854 256.449 -0.10999 -0.45634 0.491 -0.87209 31.0000 8.98 1.0056 1.0068 2.453110 
504.9255 75.600 256.775 -0.10914 -0.46442 0.493 -0.86778 31.0000 9.05 1.0052 1.0064 2.455495 
504.4346 75.349 257.084 -0.10831 -0.47232 0.494 -0.86345 31.0000 9.13 1.0045 1.0057 2.457884 
503.9436 75.102 257.384 -0.10745 -0.48007 0.490 -0.85914 31.0000 9.08 1.0033 1.0045 2.460279 
503.4525 74.855 257.667 -0.10663 -0.48768 0.495 -0.85462 31.0000 9.11 1.0020 1.0032 2.462679 
502.9612 74.599 257.953 -0.10576 -0.49555 0.499 -0.84997 31.0000 8.89 1.0013 1.0024 2.465085 
502.4698 74.346 258.232 -0.10485 -0.50327 0.505 -0.84522 31.0000 9.10 1.0001 1.0012 2.467495 
501.9784 74.093 258.515 -0.10380 -0.51089 0.510 -0.84037 31.0000 9.19 0.9995 1.0006 2.469911 
501.4868 73.842 258.788 -0.10275 -0.51839 0.500 -0.83545 31.0000 9.13 0.9988 0.9999 2.472332 
500.9951 73.587 259.050 -0.10177 -0.52602 0.503 -0.83055 31.0000 8.90 0.9979 0.9989 2.474759 
500.5033 73.324 259.303 -0.10084 -0.53387 0.495 -0.82548 31.0000 8.67 0.9968 0.9979 2.477190 
500.0114 73.074 259.557 -0.09976 -0.54125 0.495 -0.82049 31.0000 8.74 0.9960 0.9971 2.479627 
499.5193 72.816 259.808 -0.09868 -0.54890 0.510 -0.81548 31.0000 8.94 0.9949 0.9960 2.482070 
499.0272 72.565 260.045 -0.09762 -0.55615 0.509 -0.81029 31.0000 8.74 0.9938 0.9949 2.484518 
498.5349 72.312 260.272 -0.09658 -0.56334 0.508 -0.80498 31.0000 8.47 0.9929 0.9940 2.486971 
498.0426 72.053 260.508 -0.09542 -0.57074 0.501 -0.79956 31.0000 8.35 0.9918 0.9928 2.489429 
497.5501 71.803 260.723 -0.09439 -0.57788 0.493 -0.79437 31.0000 7.96 0.9903 0.9914 2.491894 
497.0575 71.541 260.947 -0.09326 -0.58527 0.502 -0.78885 31.0000 8.20 0.9894 0.9904 2.494363 
496.5648 71.278 261.174 -0.09203 -0.59266 0.513 -0.78319 31.0000 7.95 0.9891 0.9902 2.496838 
496.0720 71.020 261.380 -0.09093 -0.59983 0.508 -0.77761 31.0000 7.84 0.9879 0.9890 2.499318 
495.5790 70.762 261.596 -0.08969 -0.60704 0.514 -0.77213 31.0000 7.57 0.9868 0.9878 2.501805 
495.0860 70.501 261.795 -0.08856 -0.61423 0.508 -0.76640 31.0000 7.46 0.9860 0.9871 2.504296 
494.5928 70.250 261.989 -0.08739 -0.62093 0.518 -0.76066 31.0000 7.70 0.9842 0.9852 2.506793 
494.0995 69.998 262.182 -0.08617 -0.62754 0.521 -0.75478 31.0000 7.72 0.9834 0.9845 2.509296 
493.6062 69.748 262.372 -0.08492 -0.63408 0.524 -0.74891 31.0000 7.64 0.9826 0.9837 2.511804 
493.1127 69.491 262.562 -0.08365 -0.64070 0.518 -0.74285 31.0000 7.35 0.9815 0.9825 2.514318 
492.6190 69.224 262.754 -0.08235 -0.64770 0.524 -0.73666 31.0000 7.59 0.9804 0.9814 2.516837 
492.1253 68.961 262.944 -0.08102 -0.65457 0.528 -0.73053 31.0000 7.85 0.9793 0.9804 2.519362 
491.6315 68.705 263.130 -0.07965 -0.66109 0.514 -0.72439 31.0000 7.83 0.9782 0.9793 2.521893 
491.1375 68.444 263.315 -0.07826 -0.66770 0.504 -0.71808 31.0000 7.69 0.9768 0.9779 2.524429 
490.6435 68.185 263.492 -0.07691 -0.67425 0.503 -0.71186 31.0000 7.49 0.9756 0.9767 2.526971 
490.1493 67.926 263.676 -0.07543 -0.68062 0.515 -0.70546 31.0000 7.51 0.9745 0.9756 2.529519 
489.6550 67.665 263.853 -0.07400 -0.68712 0.512 -0.69908 31.0000 7.67 0.9732 0.9743 2.532072 
489.1606 67.400 264.025 -0.07260 -0.69366 0.526 -0.69261 31.0000 7.75 0.9720 0.9731 2.534631 
488.6661 67.137 264.198 -0.07113 -0.70007 0.517 -0.68606 31.0000 7.52 0.9710 0.9721 2.537196 
488.1714 66.871 264.365 -0.06973 -0.70662 0.504 -0.67951 31.0000 7.46 0.9701 0.9712 2.539768 
487.6767 66.608 264.527 -0.06831 -0.71297 0.518 -0.67297 31.0000 7.54 0.9688 0.9699 2.542344 
487.1818 66.349 264.687 -0.06688 -0.71919 0.509 -0.66648 31.0000 7.50 0.9677 0.9688 2.544927 
486.6869 66.086 264.845 -0.06544 -0.72532 0.515 -0.65971 31.0000 7.40 0.9664 0.9675 2.547514 
486.1918 65.832 265.008 -0.06387 -0.73125 0.499 -0.65316 31.0000 7.31 0.9652 0.9663 2.550109 
485.6966 65.579 265.163 -0.06236 -0.73690 0.512 -0.64644 31.0000 7.29 0.9639 0.9650 2.552709 
485.2013 65.305 265.316 -0.06090 -0.74334 0.520 -0.63950 31.0000 7.58 0.9627 0.9638 2.555314 
484.7058 65.046 265.469 -0.05936 -0.74918 0.516 -0.63267 31.0000 7.62 0.9610 0.9621 2.557927 
484.2103 64.782 265.617 -0.05788 -0.75516 0.506 -0.62574 31.0000 7.54 0.9594 0.9606 2.560544 
483.7146 64.514 265.767 -0.05634 -0.76130 0.510 -0.61879 31.0000 7.87 0.9585 0.9597 2.563168 
483.2189 64.248 265.915 -0.05479 -0.76724 0.508 -0.61176 31.0000 8.37 0.9575 0.9587 2.565798 
482.7230 63.983 266.065 -0.05317 -0.77307 0.510 -0.60465 31.0000 8.68 0.9562 0.9574 2.568433 
482.2270 63.725 266.210 -0.05157 -0.77856 0.524 -0.59763 31.0000 9.25 0.9546 0.9559 2.571075 
481.7309 63.459 266.350 -0.05003 -0.78421 0.516 -0.59040 31.0000 9.53 0.9531 0.9543 2.573723 
481.2346 63.193 266.494 -0.04840 -0.78997 0.520 -0.58321 31.0000 10.24 0.9514 0.9527 2.576377 
480.7383 62.925 266.636 -0.04676 -0.79566 0.504 -0.57589 31.0000 9.98 0.9499 0.9512 2.579037 
480.2419 62.658 266.775 -0.04514 -0.80121 0.508 -0.56854 31.0000 10.40 0.9487 0.9499 2.581703 
479.7453 62.391 266.918 -0.04343 -0.80678 0.507 -0.56116 31.0000 10.88 0.9476 0.9488 2.584375 
479.2486 62.126 267.056 -0.04176 -0.81204 0.497 -0.55365 31.0000 11.01 0.9463 0.9475 2.587054 
478.7518 61.856 267.192 -0.04010 -0.81767 0.495 -0.54621 31.0000 11.12 0.9446 0.9459 2.589738 
478.2549 61.600 267.332 -0.03834 -0.82277 0.492 -0.53901 31.0000 11.50 0.9429 0.9441 2.592429 
477.7579 61.340 267.466 -0.03664 -0.82790 0.499 -0.53162 31.0000 12.10 0.9416 0.9429 2.595126 
477.2608 61.082 267.598 -0.03494 -0.83296 0.494 -0.52428 31.0000 11.90 0.9404 0.9417 2.597829 
476.7635 60.819 267.734 -0.03317 -0.83803 0.493 -0.51671 31.0000 12.20 0.9390 0.9403 2.600539 
476.2662 60.559 267.860 -0.03151 -0.84317 0.501 -0.50935 31.0000 12.60 0.9377 0.9390 2.603254 
475.7687 60.308 267.989 -0.02977 -0.84775 0.507 -0.50200 31.0000 12.98 0.9368 0.9381 2.605976 
475.2711 60.059 268.116 -0.02803 -0.85221 0.508 -0.49462 31.0000 14.07 0.9356 0.9370 2.608705 
474.7734 59.808 268.238 -0.02636 -0.85671 0.516 -0.48724 31.0000 14.52 0.9346 0.9360 2.611439 
474.2756 59.551 268.371 -0.02449 -0.86127 0.517 -0.47963 31.0000 15.11 0.9336 0.9350 2.614180 
473.7776 59.307 268.502 -0.02262 -0.86529 0.515 -0.47221 31.0000 16.33 0.9322 0.9335 2.616928 
473.2796 59.075 268.629 -0.02079 -0.86867 0.515 -0.46492 31.0000 16.95 0.9310 0.9323 2.619682 
472.7814 58.833 268.756 -0.01895 -0.87268 0.517 -0.45762 31.0000 17.47 0.9298 0.9312 2.622442 
472.2831 58.608 268.887 -0.01701 -0.87589 0.513 -0.45053 31.0000 18.63 0.9288 0.9302 2.625209 
471.7848 58.385 269.017 -0.01507 -0.87900 0.515 -0.44351 31.0000 19.75 0.9282 0.9296 2.627982 
471.2863 58.156 269.142 -0.01321 -0.88252 0.510 -0.43644 31.0000 20.24 0.9277 0.9291 2.630762 
470.7876 57.933 269.264 -0.01138 -0.88554 0.504 -0.42939 31.0000 20.94 0.9268 0.9282 2.633548 
470.2889 57.701 269.392 -0.00943 -0.88904 0.510 -0.42222 31.0000 21.53 0.9260 0.9275 2.636341 
469.7900 57.477 269.515 -0.00756 -0.89230 0.506 -0.41521 31.0000 21.80 0.9252 0.9266 2.639141 
469.2911 57.268 269.645 -0.00554 -0.89498 0.510 -0.40854 31.0000 22.15 0.9243 0.9258 2.641946 
468.7920 57.075 269.763 -0.00371 -0.89723 0.505 -0.40230 31.0000 22.32 0.9244 0.9259 2.644759 
468.2928 56.882 269.878 -0.00191 -0.89962 0.510 -0.39610 31.0000 22.94 0.9243 0.9258 2.647578 
467.7935 56.681 270.000 0.00001 -0.90189 0.515 -0.38958 31.0000 23.50 0.9242 0.9257 2.650404 
467.2941 56.475 270.126 0.00199 -0.90438 0.518 -0.38297 31.0000 23.93 0.9242 0.9257 2.653237 
466.7945 56.284 270.253 0.00400 -0.90651 0.524 -0.37675 31.0000 24.86 0.9245 0.9260 2.656077 
466.2949 56.083 270.379 0.00601 -0.90883 0.521 -0.37027 31.0000 26.47 0.9241 0.9256 2.658922 
465.7951 55.894 270.504 0.00800 -0.91054 0.534 -0.36399 31.0000 28.12 0.9245 0.9260 2.661775 
465.2952 55.703 270.633 0.01009 -0.91231 0.533 -0.35767 31.0000 29.47 0.9240 0.9255 2.664635 
464.7952 55.516 270.755 0.01204 -0.91401 0.535 -0.35147 31.0000 31.98 0.9242 0.9257 2.667502 
464.2951 55.329 270.888 0.01419 -0.91571 0.541 -0.34529 31.0000 34.90 0.9239 0.9254 2.670375 
463.7949 55.161 271.014 0.01622 -0.91663 0.535 -0.33951 31.0000 37.08 0.9239 0.9253 2.673255 
463.2946 54.979 271.142 0.01830 -0.91777 0.538 -0.33336 31.0000 39.25 0.9236 0.9251 2.676142 
462.7941 54.816 271.265 0.02028 -0.91853 0.534 -0.32772 31.0000 41.25 0.9245 0.9259 2.679036 
462.2935 54.661 271.375 0.02206 -0.91905 0.531 -0.32234 31.0000 43.89 0.9247 0.9261 2.681937 
461.7928 54.497 271.501 0.02409 -0.91945 0.528 -0.31660 31.0000 45.35 0.9250 0.9263 2.684845 
461.2921 54.341 271.624 0.02608 -0.92021 0.527 -0.31127 31.0000 47.17 0.9257 0.9270 2.687759 
460.7911 54.177 271.750 0.02813 -0.92096 0.524 -0.30567 31.0000 47.38 0.9259 0.9272 2.690681 
460.2901 54.017 271.864 0.02999 -0.92157 0.524 -0.30020 31.0000 47.82 0.9262 0.9275 2.693610 
459.7889 53.858 271.983 0.03192 -0.92210 0.528 -0.29474 31.0000 47.48 0.9266 0.9278 2.696546 
459.2877 53.712 272.098 0.03379 -0.92242 0.529 -0.28968 31.0000 48.04 0.9275 0.9288 2.699489 
458.7863 53.569 272.220 0.03576 -0.92271 0.531 -0.28474 31.0000 48.32 0.9285 0.9298 2.702439 
458.2848 53.421 272.336 0.03765 -0.92286 0.535 -0.27960 31.0000 49.44 0.9293 0.9305 2.705396 
457.7832 53.278 272.459 0.03962 -0.92257 0.542 -0.27451 31.0000 50.33 0.9295 0.9307 2.708360 
457.2815 53.153 272.584 0.04159 -0.92159 0.536 -0.26986 31.0000 51.42 0.9302 0.9314 2.711332 
456.7796 53.021 272.709 0.04361 -0.92156 0.545 -0.26530 31.0000 52.04 0.9318 0.9329 2.714311 
456.2777 52.890 272.838 0.04570 -0.92177 0.543 -0.26082 31.0000 53.66 0.9333 0.9344 2.717297 
455.7756 52.770 272.965 0.04771 -0.92104 0.542 -0.25648 31.0000 53.82 0.9346 0.9356 2.720290 
455.2734 52.648 273.083 0.04958 -0.92052 0.538 -0.25212 31.0000 53.90 0.9356 0.9366 2.723291 
454.7711 52.517 273.200 0.05147 -0.92058 0.539 -0.24762 31.0000 53.79 0.9369 0.9379 2.726299 
454.2687 52.397 273.313 0.05327 -0.92036 0.529 -0.24349 31.0000 52.58 0.9387 0.9396 2.729314 
453.7662 52.248 273.423 0.05510 -0.92111 0.528 -0.23859 31.0000 50.77 0.9397 0.9406 2.732336 
453.2635 52.097 273.535 0.05692 -0.92146 0.525 -0.23350 31.0000 48.89 0.9402 0.9411 2.735367 
452.7608 51.947 273.643 0.05871 -0.92219 0.518 -0.22859 31.0000 46.01 0.9410 0.9419 2.738404 
452.2579 51.795 273.752 0.06051 -0.92282 0.515 -0.22355 31.0000 42.94 0.9417 0.9426 2.741449 
451.7549 51.643 273.858 0.06228 -0.92352 0.521 -0.21858 31.0000 40.79 0.9424 0.9433 2.744501 
451.2518 51.490 273.965 0.06406 -0.92422 0.520 -0.21354 31.0000 37.69 0.9431 0.9439 2.747561 
450.7485 51.335 274.070 0.06583 -0.92521 0.521 -0.20853 31.0000 35.14 0.9440 0.9448 2.750629 
450.2452 51.181 274.174 0.06757 -0.92584 0.525 -0.20345 31.0000 33.05 0.9444 0.9452 2.753704 
449.7417 51.024 274.278 0.06933 -0.92666 0.522 -0.19833 31.0000 30.21 0.9450 0.9458 2.756787 
449.2382 50.869 274.379 0.07104 -0.92760 0.527 -0.19331 31.0000 29.10 0.9457 0.9465 2.759876 
448.7345 50.710 274.482 0.07277 -0.92846 0.524 -0.18814 31.0000 27.58 0.9461 0.9469 2.762974 
448.2307 50.553 274.582 0.07448 -0.92943 0.523 -0.18305 31.0000 26.03 0.9467 0.9475 2.766080 
447.7267 50.395 274.681 0.07620 -0.93065 0.522 -0.17795 31.0000 25.11 0.9476 0.9483 2.769193 
447.2227 50.236 274.779 0.07790 -0.93175 0.522 -0.17281 31.0000 23.79 0.9482 0.9489 2.772314 
446.7186 50.074 274.878 0.07958 -0.93257 0.519 -0.16753 31.0000 21.29 0.9483 0.9490 2.775443 
446.2143 49.914 274.974 0.08127 -0.93380 0.518 -0.16236 31.0000 19.90 0.9489 0.9497 2.778580 
445.7099 49.752 275.070 0.08295 -0.93502 0.510 -0.15714 31.0000 18.36 0.9495 0.9502 2.781724 
445.2054 49.589 275.165 0.08463 -0.93629 0.511 -0.15190 31.0000 16.57 0.9501 0.9508 2.784876 
444.7008 49.426 275.259 0.08629 -0.93754 0.513 -0.14663 31.0000 15.18 0.9505 0.9512 2.788036 
444.1960 49.262 275.352 0.08795 -0.93884 0.512 -0.14133 31.0000 13.68 0.9509 0.9517 2.791204 
443.6912 49.097 275.444 0.08960 -0.94014 0.512 -0.13598 31.0000 12.30 0.9513 0.9520 2.794380 
443.1862 48.931 275.536 0.09125 -0.94151 0.519 -0.13063 31.0000 11.00 0.9517 0.9524 2.797564 
442.6812 48.766 275.625 0.09289 -0.94307 0.516 -0.12531 31.0000 10.13 0.9523 0.9530 2.800756 
442.1759 48.598 275.716 0.09453 -0.94448 0.527 -0.11986 31.0000 9.28 0.9526 0.9534 2.803956 
441.6706 48.431 275.804 0.09615 -0.94589 0.530 -0.11442 31.0000 8.83 0.9528 0.9536 2.807164 
441.1652 48.262 275.893 0.09779 -0.94748 0.528 -0.10895 31.0000 8.11 0.9532 0.9540 2.810380 
440.6596 48.094 275.980 0.09941 -0.94906 0.532 -0.10345 31.0000 7.78 0.9536 0.9543 2.813605 
440.1540 47.922 276.067 0.10102 -0.95050 0.536 -0.09784 31.0000 7.23 0.9536 0.9544 2.816837 
439.6482 47.922 276.067 0.10102 -0.95050 0.535 -0.09784 31.0000 6.77 0.9536 0.9544 2.820077 

# MINIMA:
439.6482 0.513 0.993 -57.58593 -35.85204 -4122.458 -26.12125 31.0000 6.77 0.5023 0.5358 1.240099 

# MAXIMA:
999.7925 89.153 359.374 27.80305 21.35118 264.328 67.35754 31.0000 54.17 2.72189106233855181E18 1.83239671077939446E19 2.820077 

# PEAKS:

# END SPECTRUM

