## SPECTRUM TYPE:
LCE

## DATE:
25/06/2026

## COMMENTS:

## NUMBER OF SPECTRUM:
1

## ELLIPSOMETRIC CONFIGURATION:
0.00 ø :Modulator
+45.00 øAnalyser

## UNIT:
nm


# SPECTRUM:
1

# CAPTION:


# START TIME:
11:08:44

# END TIME:
11:08:44

# THETA ANGLE:
0.00 ø

# INCIDENCE ANGLE:
69.95 ø

# ACCUMULATION NUMBER:
7

# ELLIPSOMETRIC CONFIGURATION:
0.00 ø :Modulator
+45.00 øAnalyser

# INTEGRATION TIME:
31 ms

# FIRST POINT:
999.79 nm

# LAST POINT:
439.65 nm

# INCREMENT:
0.00 nm

# NUMBER OF POINTS:
1273

# DATA:
nm Psi Delta Ic Is Reflectance IcPrim IntegrationTime IntensityMax Polarization PolarizationGen eV 
999.7925 1.598 223.012 -2.75098 -2.56639 0.000 67.35753 31.0000 7.38 2.72173960461182566E18 1.80115672670404608E19 1.240099 
999.4089 1.598 223.012 -2.75098 -2.56639 1.237 67.35753 31.0000 7.46 2.53142101379147366E18 1.67521019861904916E19 1.240575 
999.0253 1.598 223.012 -2.75098 -2.56639 0.789 67.35753 31.0000 7.60 2.41316496481137459E18 1.59695223860976681E19 1.241052 
998.6415 1.598 223.012 -2.75098 -2.56639 1.756 67.35753 31.0000 7.57 2.27827893990011699E18 1.50768926671807447E19 1.241529 
998.2578 1.598 223.012 -2.75098 -2.56639 0.330 67.35753 31.0000 7.67 2.12491548464513024E18 1.40619840611155968E19 1.242006 
997.8739 1.598 223.012 -2.75098 -2.56639 0.842 67.35753 31.0000 7.67 1.9512267323169833E18 1.29125699986013553E19 1.242484 
997.4900 1.598 223.012 -2.75098 -2.56639 -0.119 67.35753 31.0000 7.62 1.75536495362519859E18 1.16164217113138954E19 1.242962 
997.1060 1.598 223.012 -2.75098 -2.56639 -0.018 67.35753 31.0000 7.78 1.53548228184034509E18 1.01613115304407204E19 1.243440 
996.7219 1.598 223.012 -2.75098 -2.56639 -3.877 67.35753 31.0000 7.81 1.28973126254985216E18 8.53501288668096102E18 1.243920 
996.3377 1.598 223.012 -2.75098 -2.56639 -1.842 67.35753 31.0000 7.91 1.0162638915853353E18 6.72529701171049267E18 1.244399 
995.9535 1.598 223.012 -2.75098 -2.56639 -1.044 67.35753 31.0000 7.79 716928035676225536.0000 4.74439102458599834E18 1.244879 
995.5692 1.598 223.012 -2.75098 -2.56639 1.163 67.35753 31.0000 7.99 393571286674046976.0000 2.60452396850950963E18 1.245360 
995.1848 1.598 223.012 -2.75098 -2.56639 -0.820 67.35753 31.0000 8.13 51737068673433600.0000 342378746839302144.0000 1.245841 
994.8003 1.598 223.012 -2.75098 -2.56639 0.029 67.35754 31.0000 8.23 295640431687892992.0000 1.95644982486577971E18 1.246322 
994.4158 1.598 223.012 -2.75098 -2.56639 0.017 67.35753 31.0000 8.17 630083590792675328.0000 4.16968399332887757E18 1.246804 
994.0311 38.647 121.276 -0.19338 0.31835 0.011 0.08398 31.0000 8.22 0.5393 0.6359 1.247287 
993.6464 34.273 110.049 -0.13164 0.36072 1.048 0.15090 31.0000 8.28 0.5469 0.6726 1.247770 
993.2617 40.874 94.400 -0.03064 0.39830 1.344 0.05793 31.0000 8.34 0.5474 0.7095 1.248253 
992.8768 50.560 83.239 0.05584 0.47097 -0.665 -0.09322 31.0000 8.32 0.5615 0.7289 1.248737 
992.4919 54.043 30.000 0.26154 0.15100 0.375 -0.09862 31.0000 8.27 0.5938 0.7340 1.249221 
992.1069 46.096 75.178 0.08986 0.33958 -8.495 -0.01344 31.0000 8.45 0.5733 0.6726 1.249706 
991.7218 28.412 68.951 0.13349 0.34686 -1.462 0.24298 31.0000 8.63 0.6203 0.6682 1.250191 
991.3367 26.055 54.032 0.22833 0.31465 0.508 0.30254 31.0000 8.69 0.6402 0.7031 1.250677 
990.9514 25.158 51.446 0.32275 0.40498 1.682 0.42968 31.0000 8.65 0.7660 0.8394 1.251163 
990.5661 14.865 62.353 0.16163 0.30855 16.286 0.60990 31.0000 8.72 0.7712 0.8324 1.251650 
990.1807 12.329 49.698 0.20662 0.24362 -24.020 0.69585 31.0000 8.74 0.7648 0.8411 1.252137 
989.7953 6.353 80.553 0.02862 0.17202 -0.563 0.77341 31.0000 8.75 0.7198 0.8010 1.252625 
989.4097 10.750 84.182 0.03456 0.33913 -1.963 0.86536 31.0000 8.93 0.7307 0.8071 1.253113 
989.0241 14.049 93.478 -0.02701 0.44437 1.450 0.83384 31.0000 9.04 0.7387 0.8222 1.253601 
988.6384 24.714 100.212 -0.10872 0.60353 1.786 0.52508 31.0000 9.02 0.7145 0.7864 1.254090 
988.2526 20.224 76.535 0.14314 0.59780 28.638 0.72102 31.0000 9.17 0.7264 0.8084 1.254580 
987.8668 23.145 68.102 0.25737 0.64028 1.289 0.65969 31.0000 9.01 0.7339 0.8295 1.255070 
987.4809 16.838 70.981 0.18154 0.52665 -4365.420 0.83605 31.0000 9.04 0.7122 0.7663 1.255560 
987.0949 16.328 74.029 0.15003 0.52422 1.802 0.85079 31.0000 9.20 0.6732 0.6947 1.256051 
986.7088 13.570 71.598 0.13251 0.39830 1.370 0.81890 31.0000 9.26 0.6827 0.7053 1.256543 
986.3226 10.408 85.903 0.02047 0.28575 -2.466 0.75356 31.0000 9.31 0.7011 0.7245 1.257035 
985.9364 14.270 76.516 0.08637 0.36022 -8.444 0.68108 31.0000 9.38 0.7470 0.7906 1.257527 
985.5501 14.359 71.603 0.11162 0.33561 81.569 0.64552 31.0000 9.35 0.8001 0.8979 1.258020 
985.1638 22.097 70.668 0.15888 0.45287 -2.856 0.49364 31.0000 9.46 0.8513 1.0011 1.258513 
984.7773 27.445 69.455 0.20403 0.54440 1.195 0.40873 31.0000 9.42 0.9057 1.0543 1.259007 
984.3907 31.093 61.315 0.39302 0.71832 -1.465 0.43198 31.0000 9.64 0.9338 1.0841 1.259502 
984.0041 24.565 60.141 0.23750 0.41371 -1.363 0.41278 31.0000 9.62 0.7498 0.8600 1.259997 
983.6174 7.221 58.174 0.05860 0.09442 0.880 0.43151 31.0000 9.88 0.5993 0.7533 1.260492 
983.2307 9.616 231.877 -0.11997 -0.15287 0.891 0.55706 31.0000 9.93 0.6166 0.7757 1.260988 
982.8438 15.465 233.062 -0.34506 -0.45894 0.702 0.95823 31.0000 9.98 0.7993 0.9838 1.261484 
982.4569 12.731 208.688 -0.28270 -0.15470 0.850 0.67680 31.0000 10.08 0.7938 1.0116 1.261981 
982.0699 10.263 153.146 -0.13863 0.07019 -2.388 0.41504 31.0000 10.10 0.7358 0.9632 1.262478 
981.6828 30.438 90.400 -0.00282 0.40415 -0.018 0.22518 31.0000 10.17 0.7766 0.9769 1.262976 
981.2957 36.890 76.492 0.09689 0.40333 -0.009 0.12066 31.0000 10.19 0.7421 0.9402 1.263474 
980.9084 44.410 73.640 0.31354 1.06806 0.005 0.02291 31.0000 10.27 0.9354 1.1273 1.263973 
980.5211 51.096 59.991 1.13507 1.96526 0.010 -0.49036 31.0000 10.32 1.2099 1.3537 1.264472 
980.1337 49.475 85.366 0.13118 1.61833 -0.002 -0.25574 31.0000 10.43 0.9784 1.1807 1.264972 
979.7463 47.630 101.184 -0.27860 1.40904 -0.002 -0.13224 31.0000 10.38 0.9013 1.0227 1.265472 
979.3587 51.474 108.900 -0.69799 2.03868 11.155 -0.49545 31.0000 10.51 0.8721 0.9215 1.265973 
978.9711 45.313 187.004 -2.58422 -0.31748 6.084 -0.02842 31.0000 10.60 0.9486 1.1627 1.266474 
978.5834 45.453 195.831 -2.18756 -0.62030 2.479 -0.03595 31.0000 10.47 1.2075 1.5063 1.266976 
978.1956 40.584 204.175 -2.06454 -0.92674 6.912 0.35160 31.0000 10.61 1.4220 1.7896 1.267478 
977.8077 36.710 207.615 -1.57488 -0.82384 -3.259 0.52920 31.0000 10.77 1.4867 1.8528 1.267981 
977.4199 32.679 213.388 -1.12190 -0.73942 4.656 0.61635 31.0000 10.83 1.4959 1.8007 1.268484 
977.0319 22.987 181.528 -0.64959 -0.01733 2.519 0.62808 31.0000 11.08 1.1297 1.3410 1.268988 
976.6437 12.156 141.031 -0.19714 0.15947 1.595 0.56129 31.0000 10.93 0.8156 1.2460 1.269493 
976.2556 17.877 140.007 -0.37702 0.31628 -8.142 0.68349 31.0000 10.97 0.9675 1.1271 1.269997 
975.8674 20.468 88.208 0.01894 0.60522 1.446 0.69812 31.0000 11.11 0.9031 0.9767 1.270502 
975.4790 32.733 78.267 0.21639 1.04193 1.287 0.48573 31.0000 11.18 1.0656 1.1395 1.271008 
975.0906 24.786 92.347 -0.02357 0.57518 -1.971 0.49043 31.0000 11.17 0.8620 0.8941 1.271515 
974.7021 28.057 89.398 0.00595 0.56658 -23.142 0.38055 31.0000 11.29 0.8300 0.8984 1.272021 
974.3136 25.859 93.517 -0.03149 0.51250 1.409 0.40526 31.0000 11.26 0.7535 0.8198 1.272529 
973.9250 28.366 92.062 -0.01666 0.46272 0.034 0.30377 31.0000 11.39 0.6628 0.7226 1.273036 
973.5363 34.238 91.070 -0.00720 0.38537 0.075 0.15201 31.0000 11.46 0.5946 0.6337 1.273545 
973.1475 47.161 98.147 -0.03811 0.26618 -6.544 -0.02032 31.0000 11.36 0.5214 0.5429 1.274053 
972.7586 53.993 134.280 -0.06764 0.06936 -3.171 -0.03145 31.0000 11.62 0.5020 0.5369 1.274563 
972.3697 70.876 150.332 -0.08156 0.04646 -1.317 -0.11907 31.0000 11.76 0.5037 0.5379 1.275073 
971.9807 77.244 129.776 -0.08464 0.10167 -0.876 -0.27719 31.0000 11.78 0.5162 0.5521 1.275583 
971.5916 80.936 107.380 -0.04576 0.14620 -1.338 -0.46794 31.0000 11.74 0.5918 0.6214 1.276094 
971.2024 87.520 113.017 -0.02280 0.05367 0.654 -0.67196 31.0000 12.14 0.6601 0.6942 1.276605 
970.8131 66.048 112.263 -0.20766 0.50727 0.093 -0.49521 31.0000 11.83 1.0872 1.1074 1.277117 
970.4238 15.556 306.758 41.31801 -55.31582 0.043 114.39685 31.0000 11.83 2.0619 2.0703 1.277629 
970.0344 43.335 19.579 7.02952 2.50014 0.028 0.43412 31.0000 12.27 5.4652 6.6352 1.278142 
969.6449 29.326 145.722 -3.12670 2.13110 0.018 2.30500 31.0000 12.19 3.2028 3.3370 1.278656 
969.2553 34.449 167.119 -9.31780 2.13082 0.005 3.68859 31.0000 12.31 7.4136 8.7000 1.279170 
968.8657 35.582 171.503 -13.71046 2.04819 -4.266 4.72880 31.0000 12.40 10.8832 13.0183 1.279684 
968.4760 36.123 172.823 -16.18754 2.03825 1.520 5.22370 31.0000 12.56 12.9938 15.6309 1.280199 
968.0861 36.334 173.269 -17.50388 2.06595 0.553 5.50036 31.0000 12.84 13.6730 16.4817 1.280714 
967.6962 36.436 173.375 -18.75724 2.17846 0.113 5.81924 31.0000 12.87 12.9031 15.5583 1.281230 
967.3063 36.440 172.743 -16.82631 2.14279 1.464 5.22490 31.0000 12.70 10.6444 12.8448 1.281747 
966.9163 36.221 169.614 -12.07338 2.21286 1.819 3.88376 31.0000 12.84 7.0884 8.4579 1.282264 
966.5261 34.213 149.356 -3.61809 2.14346 -7.370 1.66281 31.0000 12.89 2.7036 2.9014 1.282782 
966.1359 49.227 17.837 6.55400 2.10898 1.487 -1.02335 31.0000 12.65 5.4330 6.4753 1.283300 
965.7457 73.052 130.994 -1.79750 2.06824 -1.017 -4.07836 31.0000 12.79 2.8893 2.9158 1.283818 
965.3553 51.009 132.962 -2.16082 2.32031 1.381 -0.67495 31.0000 13.11 1.5880 1.6067 1.284337 
964.9649 47.963 137.182 -6.90999 6.40268 11.914 -0.97789 31.0000 13.16 1.0978 1.1721 1.284857 
964.5743 62.089 3.348 0.49873 0.02918 3.785 -0.33923 31.0000 12.91 0.5709 0.8524 1.285377 
964.1838 53.651 110.969 -0.32004 0.83510 -1.700 -0.27858 31.0000 13.18 1.8226 1.9893 1.285898 
963.7931 71.175 334.814 0.49872 -0.23453 1.331 -0.71433 31.0000 13.30 0.6396 1.0681 1.286419 
963.4023 75.718 310.147 0.34870 -0.41341 0.174 -0.99346 31.0000 13.48 0.6734 1.0460 1.286941 
963.0115 75.070 344.705 0.32971 -0.09017 1.588 -0.59543 31.0000 13.52 0.6056 0.9713 1.287463 
962.6207 56.048 49.255 0.08051 0.09345 2.275 -0.05008 31.0000 13.66 0.5555 0.7621 1.287986 
962.2297 29.434 111.781 -0.09375 0.23462 2.032 0.15261 31.0000 13.63 0.6331 0.7445 1.288509 
961.8386 13.493 63.394 0.10476 0.20915 1.888 0.45939 31.0000 13.76 0.7520 0.9839 1.289033 
961.4474 6.508 289.507 0.03650 -0.10302 1.575 0.47281 31.0000 13.92 0.7259 0.9759 1.289558 
961.0562 8.970 270.538 0.00164 -0.17417 2.502 0.53796 31.0000 13.81 0.7861 1.0981 1.290083 
960.6649 13.648 269.813 -0.00094 -0.28724 0.021 0.55662 31.0000 14.14 0.7236 0.9768 1.290608 
960.2736 21.356 269.725 -0.00256 -0.53383 0.026 0.57825 31.0000 13.87 0.6509 0.8061 1.291134 
959.8821 7.710 287.836 0.03740 -0.11624 1.448 0.44271 31.0000 13.95 0.5609 0.6192 1.291661 
959.4905 26.154 84.519 0.04112 0.42851 3.447 0.33261 31.0000 14.05 0.5462 0.5752 1.292188 
959.0989 47.992 86.701 0.05561 0.96477 1.463 -0.10131 31.0000 14.27 0.5900 0.7391 1.292715 
958.7073 52.064 96.153 -0.02591 0.24037 2.486 -0.06086 31.0000 14.42 0.5197 0.6475 1.293243 
958.3155 46.196 96.039 -0.04938 0.46675 -26.996 -0.01961 31.0000 14.15 0.5292 0.5734 1.293772 
957.9236 43.894 98.996 -0.07507 0.47423 1.808 0.01855 31.0000 14.22 0.5447 0.5795 1.294301 
957.5317 38.038 102.274 -0.06886 0.31654 -262.419 0.08031 31.0000 14.27 0.5580 0.5899 1.294831 
957.1396 19.304 99.592 -0.03586 0.21219 2.694 0.26949 31.0000 14.18 0.6305 0.7173 1.295362 
956.7476 10.211 96.036 -0.01692 0.16003 -5.920 0.43218 31.0000 14.66 0.6390 0.7951 1.295892 
956.3554 0.210 263.170 -0.00055 -0.00458 2.472 0.63032 31.0000 14.99 0.6517 0.8737 1.296424 
955.9632 11.023 138.603 -0.19503 0.17192 -0.013 0.64199 31.0000 15.06 0.6912 0.9053 1.296956 
955.5709 7.711 49.404 0.13487 0.15739 -0.010 0.75138 31.0000 14.88 0.7356 0.9462 1.297488 
955.1784 12.439 8.951 0.29856 0.04703 -0.010 0.65180 31.0000 14.95 0.6529 0.8688 1.298021 
954.7859 21.261 359.561 0.43435 -0.00333 1.731 0.47366 31.0000 15.12 0.5987 0.8047 1.298555 
954.3934 32.079 7.852 0.51422 0.07092 15.063 0.25141 31.0000 14.90 0.5810 0.7679 1.299089 
954.0007 42.928 11.388 0.52634 0.10601 2.156 0.03890 31.0000 14.96 0.5789 0.7709 1.299624 
953.6080 44.428 29.887 0.38956 0.22389 1.766 0.00897 31.0000 15.24 0.6082 0.7798 1.300159 
953.2152 56.703 53.355 0.25342 0.34068 -2.315 -0.18380 31.0000 15.41 0.5983 0.7126 1.300695 
952.8223 55.768 49.002 0.21653 0.24910 1.504 -0.13026 31.0000 15.15 0.5633 0.6293 1.301231 
952.4293 47.786 54.581 0.15207 0.21384 1.947 -0.02560 31.0000 15.33 0.5517 0.5957 1.301768 
952.0363 42.837 87.673 0.01140 0.28041 3.564 0.02123 31.0000 15.48 0.6041 0.6591 1.302305 
951.6432 30.596 37.692 0.33752 0.26079 1.930 0.23456 31.0000 15.78 0.6829 0.7323 1.302843 
951.2499 31.180 38.543 0.30210 0.24067 13.084 0.20227 31.0000 15.30 0.6387 0.6859 1.303382 
950.8567 19.068 75.189 0.20331 0.76892 4.590 1.01305 31.0000 15.44 1.2356 2.6581 1.303921 
950.4633 29.140 349.422 0.32465 -0.06063 1.837 0.20414 31.0000 15.74 0.5695 0.8416 1.304461 
950.0699 68.127 285.796 0.52958 -1.87200 -0.336 -2.03251 31.0000 15.85 1.0234 2.9914 1.305001 
949.6763 72.672 276.996 0.50258 -4.09575 -0.160 -5.96895 31.0000 15.91 1.4972 4.3276 1.305542 
949.2827 15.575 91.740 -0.54008 17.77641 -0.126 29.42397 31.0000 16.04 2.0467 4.5611 1.306083 
948.8890 17.509 93.272 -0.60888 10.65166 -0.229 15.22685 31.0000 16.47 2.2686 4.3955 1.306625 
948.4953 16.892 94.633 -1.28814 15.89455 -0.006 23.83499 31.0000 16.38 2.0538 3.8473 1.307167 
948.1014 71.957 274.920 2.63638 -30.62690 0.549 -42.17678 31.0000 16.46 1.6139 2.0741 1.307710 
947.7075 74.959 274.935 0.16694 -1.93330 1.296 -3.35006 31.0000 16.34 0.9334 2.4420 1.308254 
947.3135 18.591 82.165 0.03754 0.27278 6.431 0.36300 31.0000 15.94 0.5799 2.9022 1.308798 
946.9194 16.784 87.793 0.03234 0.83892 0.584 1.26511 31.0000 15.98 1.4941 3.5404 1.309343 
946.5253 10.271 82.774 0.04305 0.33953 0.212 0.91336 31.0000 16.06 0.9122 3.3915 1.309888 
946.1310 46.747 350.639 2.16342 -0.35665 1.778 -0.13388 31.0000 16.70 2.7911 4.2904 1.310434 
945.7367 18.699 125.936 -0.24708 0.34087 2.828 0.55070 31.0000 16.27 1.1872 3.4232 1.310980 
945.3423 33.100 152.051 -2.48426 1.31806 -1.115 1.24033 31.0000 16.59 3.0015 4.3443 1.311527 
944.9478 34.528 155.375 -5.52984 2.53470 0.404 2.32836 31.0000 16.94 4.7787 5.6834 1.312074 
944.5532 35.063 155.987 -9.72772 4.33364 2.364 3.84946 31.0000 16.73 5.9915 6.6817 1.312623 
944.1586 35.133 156.929 -17.34134 7.38632 3.320 6.76147 31.0000 16.64 6.5219 7.0470 1.313171 
943.7639 36.044 156.669 -35.62978 15.36750 -1.613 12.54185 31.0000 16.86 6.3751 6.7366 1.313720 
943.3691 34.975 157.000 -21.28840 9.03656 1.251 8.44025 31.0000 16.82 5.3197 6.0175 1.314270 
942.9742 33.865 155.974 -10.81541 4.82112 2.365 4.84920 31.0000 16.97 3.4133 4.3912 1.314821 
942.5792 26.844 147.906 -1.66302 1.04296 2.455 1.44265 31.0000 17.08 0.9452 2.7840 1.315372 
942.1841 52.303 343.233 3.63560 -1.09540 -2.128 -0.98954 31.0000 17.19 2.6307 3.4282 1.315923 
941.7890 34.087 336.888 0.52413 -0.22369 -2.323 0.22823 31.0000 17.38 0.7835 1.5399 1.316475 
941.3938 30.211 354.635 0.57191 -0.05371 -33.166 0.32602 31.0000 17.52 0.6107 0.9299 1.317028 
940.9985 33.940 337.154 0.78205 -0.32949 0.853 0.34492 31.0000 17.63 0.6260 0.7088 1.317581 
940.6031 25.264 348.286 0.49426 -0.10248 -13.106 0.41568 31.0000 17.60 0.5763 0.6696 1.318135 
940.2077 13.286 359.948 0.21835 -0.00020 4.338 0.43657 31.0000 17.58 0.5484 0.6475 1.318689 
939.8122 20.615 114.776 -0.12374 0.26809 4.537 0.33693 31.0000 17.68 0.5370 0.6217 1.319244 
939.4166 26.411 132.778 -0.41910 0.45293 1.998 0.46801 31.0000 17.73 0.6388 0.6822 1.319800 
939.0209 23.978 119.764 -0.21860 0.38226 -6.990 0.39711 31.0000 17.41 0.5982 0.6672 1.320356 
938.6251 28.035 115.524 -0.19537 0.40915 2.202 0.30501 31.0000 17.66 0.6073 0.6598 1.320913 
938.2292 34.990 142.896 -0.34241 0.25900 1.723 0.15643 31.0000 17.87 0.5837 0.6168 1.321470 
937.8333 34.010 98.294 -0.08278 0.56783 1.846 0.23161 31.0000 17.89 0.6867 0.7174 1.322028 
937.4373 38.641 77.154 0.15029 0.65907 -4.793 0.15256 31.0000 18.50 0.6545 0.7229 1.322586 
937.0412 38.772 39.604 0.47421 0.39236 15.439 0.13596 31.0000 18.28 0.6147 0.6586 1.323146 
936.6450 36.493 38.447 0.46395 0.36834 1.975 0.18127 31.0000 17.89 0.6481 0.6895 1.323705 
936.2487 37.044 31.517 0.43141 0.26454 2.006 0.14426 31.0000 18.11 0.6957 0.7580 1.324266 
935.8524 38.159 329.554 0.19953 -0.11727 1.087 0.05634 31.0000 18.46 0.7517 1.1144 1.324826 
935.4560 52.689 21.755 0.44273 0.17668 1.500 -0.13110 31.0000 18.63 0.6737 0.8010 1.325388 
935.0594 51.563 23.489 0.58000 0.25206 -2.001 -0.14746 31.0000 18.99 0.6649 0.9423 1.325950 
934.6629 31.161 51.249 0.36620 0.45626 -0.132 0.30687 31.0000 18.76 0.7655 1.1427 1.326512 
934.2662 45.221 61.619 0.28308 0.52397 2.446 -0.00460 31.0000 18.50 0.8465 1.3406 1.327076 
933.8694 64.831 22.705 1.49937 0.62737 3.526 -1.34758 31.0000 18.93 0.8854 1.6119 1.327640 
933.4727 17.527 159.303 -1.38929 0.52488 -16.775 2.11681 31.0000 18.97 1.7139 3.0427 1.328204 
933.0757 20.041 139.828 -0.92224 0.77857 -1.239 1.43422 31.0000 18.77 2.2950 4.0186 1.328769 
932.6787 20.525 137.951 -0.88592 0.79905 1.738 1.37002 31.0000 19.10 2.5404 4.4409 1.329334 
932.2817 19.052 143.111 -0.92605 0.69502 28.278 1.47648 31.0000 19.10 2.3993 4.3444 1.329901 
931.8845 17.229 149.750 -0.92306 0.53832 0.092 1.55719 31.0000 19.28 2.1800 4.0124 1.330467 
931.4873 16.671 174.735 -1.29960 0.11975 -126.837 1.98374 31.0000 19.11 1.7013 3.1717 1.331035 
931.0900 27.133 210.421 -117.72667 -69.12849 0.675 98.22575 31.0000 19.50 1.0633 2.0008 1.331603 
930.6926 32.869 72.881 0.25873 0.84002 1.726 0.39617 31.0000 19.62 0.9449 1.3870 1.332171 
930.2951 42.824 84.231 0.08873 0.87829 -14.389 0.06720 31.0000 19.66 1.0124 1.4631 1.332740 
929.8975 73.381 121.583 -0.52670 0.85670 0.198 -1.53458 31.0000 19.73 0.8378 1.1390 1.333310 
929.4999 80.658 159.267 -3.07898 1.16546 28.278 -9.73514 31.0000 19.98 0.8527 0.9990 1.333881 
929.1022 37.560 74.876 0.51941 1.92181 25.409 0.52894 31.0000 20.61 0.9257 1.3559 1.334452 
928.7043 53.319 85.701 0.38555 5.12939 3.070 -1.53711 31.0000 20.23 0.9294 1.6244 1.335023 
928.3065 29.474 265.030 -45.30887 -521.06763 -7.467 314.92590 31.0000 20.26 0.9457 1.8251 1.335595 
927.9085 25.921 269.211 -0.07156 -5.19341 1.573 4.08092 31.0000 20.36 0.9623 1.9003 1.336168 
927.5104 22.722 272.652 0.09264 -1.99980 0.149 1.97115 31.0000 20.41 0.9311 1.7486 1.336742 
927.1123 18.381 277.811 0.11232 -0.81874 0.085 1.10618 31.0000 20.41 0.8372 1.3548 1.337316 
926.7141 19.752 290.392 0.16217 -0.43624 0.084 0.56449 31.0000 20.34 0.9040 1.0643 1.337890 
926.3158 35.880 269.211 -0.00901 -0.65439 0.751 0.21569 31.0000 20.62 0.6485 0.8912 1.338466 
925.9174 84.479 111.724 -0.01510 0.03789 0.783 -0.20904 31.0000 20.53 0.6469 0.9515 1.339042 
925.5190 60.077 272.118 0.00826 -0.22329 -0.341 -0.12981 31.0000 20.62 0.6205 0.9565 1.339618 
925.1204 46.395 275.148 0.05863 -0.65067 -0.122 -0.03183 31.0000 20.87 0.6162 0.9549 1.340195 
924.7218 52.377 278.538 0.07304 -0.48653 -0.078 -0.12956 31.0000 20.51 0.5787 0.8753 1.340773 
924.3231 44.675 289.865 0.10737 -0.29719 -0.037 0.00359 31.0000 21.00 0.5394 0.7728 1.341351 
923.9243 31.357 34.746 0.10940 0.07588 1.479 0.06868 31.0000 21.01 0.5161 0.6357 1.341930 
923.5255 37.337 78.163 0.08462 0.40372 2.009 0.11305 31.0000 21.39 0.5599 0.6059 1.342510 
923.1265 43.470 104.980 -0.23928 0.89421 0.079 0.04948 31.0000 20.77 0.7938 0.8311 1.343090 
922.7275 35.378 76.761 0.11476 0.48780 0.047 0.17495 31.0000 21.58 0.6729 0.7531 1.343671 
922.3283 23.802 35.140 0.28521 0.20074 1.853 0.31844 31.0000 21.51 0.6684 0.8179 1.344252 
921.9291 25.503 28.907 0.46875 0.25884 0.000 0.43353 31.0000 21.60 0.8193 1.0730 1.344834 
921.5298 24.303 9.911 0.55035 0.09616 0.000 0.49245 31.0000 21.45 0.8580 1.1516 1.345417 
921.1305 24.310 14.269 0.59187 0.15053 0.000 0.53805 31.0000 21.18 0.9181 1.2423 1.346000 
920.7311 24.174 358.243 0.54523 -0.01673 0.000 0.48519 31.0000 21.59 0.8420 1.0905 1.346584 
920.3315 23.774 19.463 0.58213 0.20572 0.000 0.56480 31.0000 21.98 0.7832 0.9625 1.347169 
919.9319 28.222 45.694 0.47927 0.49102 0.000 0.45513 31.0000 21.75 0.7664 0.8953 1.347754 
919.5322 32.285 68.493 0.28979 0.73543 1.848 0.37585 31.0000 21.37 0.8097 0.8904 1.348340 
919.1324 36.482 90.694 -0.01199 0.99023 1.738 0.30343 31.0000 22.26 0.9154 1.0230 1.348926 
918.7326 31.408 71.109 0.26475 0.77363 7.221 0.41993 31.0000 21.72 0.7847 0.8703 1.349513 
918.3326 34.553 74.530 0.15690 0.56690 -6.034 0.22455 31.0000 22.40 0.8389 0.9579 1.350101 
917.9326 29.971 61.463 0.26019 0.47847 2.691 0.31518 31.0000 22.25 0.5822 0.6691 1.350689 
917.5325 15.037 326.010 0.62265 -0.41983 2.352 1.29680 31.0000 21.83 0.6261 0.7336 1.351278 
917.1323 11.322 333.988 1.98381 -0.96810 1.991 5.29163 31.0000 22.02 0.7219 0.8730 1.351868 
916.7321 72.746 111.367 -0.84825 2.16818 7.265 -3.38651 31.0000 22.44 0.8404 1.0355 1.352458 
916.3317 80.918 167.319 -0.75788 0.17053 117.194 -2.36777 31.0000 22.38 0.8444 1.0809 1.353049 
915.9313 75.094 216.431 -1.52103 -1.12268 4.324 -3.29933 31.0000 22.43 0.8069 1.0225 1.353641 
915.5308 18.863 58.644 1.66060 2.72518 4.151 4.12528 31.0000 22.60 0.7702 0.9180 1.354233 
915.1302 10.031 54.055 0.13111 0.18082 2.503 0.61161 31.0000 23.05 0.6882 0.7632 1.354826 
914.7295 54.909 109.878 -0.03742 0.10348 -0.007 -0.03965 31.0000 22.58 0.6028 0.6551 1.355419 
914.3287 65.400 100.421 -0.04285 0.23297 -0.014 -0.20446 31.0000 22.62 0.6726 0.8112 1.356013 
913.9279 78.364 77.090 0.02684 0.11709 -0.004 -0.27931 31.0000 22.70 0.5674 0.6529 1.356608 
913.5270 19.897 52.772 0.06573 0.08651 -0.027 0.13043 31.0000 22.83 0.5362 0.5888 1.357203 
913.1259 16.633 47.986 0.18446 0.20476 1.323 0.42011 31.0000 22.89 0.5857 0.6325 1.357799 
912.7249 17.172 48.101 0.21502 0.23965 0.000 0.47123 31.0000 22.51 0.6065 0.6752 1.358396 
912.3237 16.366 52.584 0.18177 0.23761 2.077 0.46543 31.0000 23.13 0.6031 0.7070 1.358993 
911.9224 14.485 47.714 0.19408 0.21339 -0.284 0.52101 31.0000 23.34 0.5884 0.7438 1.359591 
911.5211 36.071 79.571 0.09871 0.53632 -0.255 0.17570 31.0000 23.59 0.6287 0.7898 1.360190 
911.1196 30.057 181.011 -1.42398 -0.02512 0.190 0.81847 31.0000 23.58 0.9227 1.6688 1.360789 
910.7181 20.075 256.952 -0.21673 -0.93521 0.063 1.13801 31.0000 23.45 0.7655 1.0281 1.361389 
910.3165 35.547 6.323 2.37298 0.26296 0.097 0.81772 31.0000 23.26 1.2845 1.8755 1.361990 
909.9149 34.809 21.490 3.71212 1.46148 -0.070 1.48221 31.0000 23.39 1.8325 2.6035 1.362591 
909.5131 34.410 6.574 3.78954 0.43674 0.386 1.47801 31.0000 23.10 2.2327 2.9286 1.363193 
909.1113 34.884 356.669 3.66820 -0.21350 0.095 1.35419 31.0000 23.24 2.4646 3.1201 1.363795 
908.7093 36.438 351.822 3.29131 -0.47297 0.020 1.02442 31.0000 23.50 2.5055 3.1159 1.364399 
908.3073 38.195 349.755 2.93243 -0.53002 0.028 0.72145 31.0000 23.12 2.4028 3.0106 1.365003 
907.9052 42.388 352.857 2.83918 -0.35581 0.002 0.26163 31.0000 23.45 2.1533 2.7392 1.365607 
907.5031 61.863 2.714 3.20389 0.15186 -1.547 -2.14127 31.0000 23.45 2.2148 2.8106 1.366212 
907.1008 37.449 4.142 2.40571 0.17423 -0.005 0.65094 31.0000 23.29 1.7980 2.3103 1.366818 
906.6984 24.705 15.801 2.21828 0.62773 -0.008 1.97526 31.0000 23.29 2.1454 2.4987 1.367425 
906.2960 21.252 30.523 2.21360 1.30510 -0.049 2.80389 31.0000 23.36 2.5749 2.8489 1.368032 
905.8935 18.655 41.807 2.33925 2.09206 -0.596 4.11805 31.0000 23.78 3.1816 3.4848 1.368640 
905.4909 16.135 31.187 2.29386 1.38852 0.010 4.24640 31.0000 23.63 3.0422 3.3051 1.369248 
905.0883 13.720 29.777 1.64602 0.94180 5.265 3.65241 31.0000 23.62 2.8345 3.0296 1.369857 
904.6855 8.814 26.775 0.89016 0.44916 1.076 3.13771 31.0000 24.32 2.2421 2.3800 1.370467 
904.2826 6.053 146.449 -0.29483 0.19552 -0.012 1.64926 31.0000 24.07 1.6045 1.7252 1.371078 
903.8797 24.321 190.152 -0.83725 -0.14992 -0.004 0.74876 31.0000 24.40 1.4247 1.5209 1.371689 
903.4767 76.670 93.152 -0.02157 0.39174 2.376 -0.78145 31.0000 24.18 1.2811 1.4403 1.372301 
903.0736 49.136 92.638 -0.01320 0.28652 0.222 -0.04170 31.0000 24.26 0.9360 1.2354 1.372913 
902.6704 66.687 95.060 -0.02389 0.26974 0.022 -0.25585 31.0000 24.40 0.9270 1.4185 1.373527 
902.2672 79.591 96.980 -0.02398 0.19591 0.101 -0.51910 31.0000 24.39 0.8819 1.5339 1.374140 
901.8638 88.454 117.312 -0.02257 0.04371 17.804 -0.91057 31.0000 24.42 0.9050 1.5391 1.374755 
901.4604 86.404 105.699 -0.03765 0.13396 -0.046 -1.10281 31.0000 24.24 0.9827 1.7030 1.375370 
901.0569 81.247 277.099 0.04129 -0.33155 -0.049 -1.05931 31.0000 24.73 0.9146 1.2880 1.375986 
900.6533 66.065 225.562 -0.86032 -0.87737 -1.610 -1.11148 31.0000 24.39 1.4046 2.1822 1.376603 
900.2496 58.699 49.025 0.38267 0.44060 -0.447 -0.30246 31.0000 24.63 0.6321 1.2944 1.377220 
899.8458 37.349 44.571 1.92987 1.90119 0.294 0.74119 31.0000 24.26 1.3950 2.1768 1.377838 
899.4420 39.954 31.522 6.17392 3.78671 0.356 1.28898 31.0000 24.70 1.7495 2.8518 1.378457 
899.0380 38.817 29.770 15.59618 8.92126 -0.418 3.93924 31.0000 24.82 2.0837 3.3779 1.379076 
898.6340 37.738 28.340 59.84874 32.27975 0.190 17.61627 31.0000 24.95 2.1940 3.5537 1.379696 
898.2299 53.669 196.450 -114.81774 -33.90217 -0.662 -37.37664 31.0000 24.65 1.8411 3.2791 1.380317 
897.8257 36.704 33.302 10.65704 7.00102 -1.016 3.79943 31.0000 25.11 1.7912 2.8786 1.380938 
897.4214 38.339 55.856 1.92993 2.84575 0.256 0.81418 31.0000 25.64 1.6216 2.2704 1.381560 
897.0171 43.398 84.890 0.14467 1.61784 0.037 0.09095 31.0000 25.10 1.3058 1.6375 1.382183 
896.6127 49.505 130.843 -0.76223 0.88171 0.027 -0.18482 31.0000 24.87 1.3011 2.0353 1.382807 
896.2081 44.836 93.963 -0.12513 1.80599 0.015 0.01039 31.0000 25.04 1.5267 1.7521 1.383431 
895.8035 42.062 90.927 -0.02588 1.60011 0.031 0.16470 31.0000 24.96 1.4841 1.8153 1.384056 
895.3989 40.069 87.925 0.04939 1.36318 0.013 0.23714 31.0000 25.03 1.2192 1.7629 1.384681 
894.9941 36.221 85.106 0.08256 0.96420 30.241 0.30619 31.0000 25.40 0.9741 1.6944 1.385307 
894.5892 23.373 72.889 0.12062 0.39181 1.649 0.38571 31.0000 25.67 0.7024 1.5946 1.385934 
894.1843 20.150 293.661 0.16070 -0.36677 0.000 0.47216 31.0000 25.14 0.7808 1.4888 1.386562 
893.7792 6.621 41.304 0.09136 0.08028 0.004 0.51681 31.0000 25.45 0.6830 1.6189 1.387190 
893.3741 7.165 18.064 0.14275 0.04656 2.306 0.58781 31.0000 25.21 0.6506 1.3956 1.387819 
892.9689 10.904 344.632 0.25489 -0.07005 -8.670 0.66067 31.0000 25.63 0.6022 1.0253 1.388449 
892.5637 15.098 320.000 0.17040 -0.14299 -1.068 0.38226 31.0000 25.71 0.5386 0.6203 1.389079 
892.1583 21.469 266.765 -0.01193 -0.21101 0.412 0.22714 31.0000 26.27 0.5710 0.7240 1.389711 
891.7528 5.724 13.347 0.09526 0.02260 0.895 0.48347 31.0000 25.70 0.5956 0.7385 1.390343 
891.3473 11.993 57.888 0.08303 0.13231 -0.570 0.35107 31.0000 26.30 0.5944 0.8229 1.390975 
890.9417 25.261 74.813 0.06839 0.25195 1.352 0.21504 31.0000 25.63 0.6146 0.8676 1.391608 
890.5359 27.759 81.180 0.04281 0.27589 0.000 0.19176 31.0000 25.74 0.5913 0.8291 1.392242 
890.1302 31.839 87.720 0.00908 0.22809 0.036 0.11293 31.0000 26.27 0.5512 0.7645 1.392877 
889.7243 52.874 163.030 -0.15626 0.04768 0.000 -0.04607 31.0000 25.86 0.5282 0.7890 1.393512 
889.3184 27.066 34.776 0.10095 0.07010 0.000 0.08887 31.0000 25.93 0.5184 0.5730 1.394148 
888.9123 28.898 23.470 0.28205 0.12246 1.794 0.19366 31.0000 26.00 0.5407 0.5859 1.394785 
888.5062 35.682 41.480 0.23349 0.20643 -2.458 0.10510 31.0000 26.64 0.5575 0.7533 1.395423 
888.1000 27.890 60.877 0.23093 0.41450 -97.541 0.32271 31.0000 26.09 0.6631 0.7871 1.396061 
887.6937 31.456 63.159 0.25715 0.50818 1.970 0.29130 31.0000 26.48 0.7202 0.8744 1.396700 
887.2873 32.994 64.036 0.24745 0.50816 -542.570 0.25178 31.0000 27.00 0.7188 0.8804 1.397340 
886.8808 37.698 67.518 0.22093 0.53385 2.217 0.15055 31.0000 26.22 0.7295 0.8453 1.397980 
886.4743 31.439 70.030 0.13810 0.38004 2.754 0.20711 31.0000 26.43 0.6008 0.7066 1.398621 
886.0676 36.507 82.242 0.04520 0.33181 2.714 0.10229 31.0000 26.52 0.5566 0.6162 1.399263 
885.6609 44.359 106.996 -0.07861 0.25720 1.599 0.00602 31.0000 26.61 0.5406 0.5930 1.399906 
885.2541 31.967 80.681 0.05717 0.34840 0.080 0.17270 31.0000 26.71 0.5487 0.6141 1.400549 
884.8472 31.106 80.933 0.05369 0.33648 0.014 0.17956 31.0000 26.63 0.5378 0.6058 1.401193 
884.4402 32.200 79.370 0.06174 0.32894 116.962 0.16036 31.0000 26.80 0.5299 0.5949 1.401838 
884.0332 34.372 79.944 0.08459 0.47696 1.834 0.18843 31.0000 27.01 0.5722 0.6268 1.402483 
883.6260 37.825 78.166 0.09868 0.47098 0.000 0.12311 31.0000 26.71 0.5688 0.8072 1.403130 
883.2188 52.467 77.701 0.11270 0.51693 0.000 -0.14112 31.0000 27.31 0.5796 0.6200 1.403777 
882.8115 60.933 32.518 0.36304 0.23144 0.000 -0.26763 31.0000 26.96 0.7575 0.9286 1.404424 
882.4041 21.888 117.212 -0.11318 0.22010 0.057 0.25829 31.0000 27.00 0.5271 0.8049 1.405073 
881.9966 26.647 170.304 -1.09773 0.18757 0.046 0.83024 31.0000 27.16 0.6554 0.8987 1.405722 
881.5890 31.003 182.861 -4.23652 -0.21174 0.041 2.25490 31.0000 27.22 0.8366 1.0938 1.406372 
881.1813 54.640 16.615 21.78205 6.49963 0.030 -7.95157 31.0000 27.03 0.9927 1.3384 1.407023 
880.7736 57.089 336.608 8.38267 -3.62613 0.358 -4.10030 31.0000 27.62 1.1916 1.7896 1.407674 
880.3658 55.395 327.726 5.28723 -3.33909 -0.007 -2.37421 31.0000 26.95 1.2239 1.6136 1.408326 
879.9579 55.553 313.330 2.19786 -2.32987 -0.034 -1.23626 31.0000 27.33 1.1930 1.6322 1.408979 
879.5499 36.167 134.160 -4.04558 4.16604 0.030 1.84939 31.0000 27.45 1.0084 1.4394 1.409632 
879.1418 34.900 125.934 -0.75211 1.03769 0.188 0.47155 31.0000 27.37 0.9187 1.4302 1.410287 
878.7336 35.533 124.699 -0.51573 0.74483 -0.007 0.31079 31.0000 27.37 0.9063 1.9704 1.410942 
878.3253 36.874 134.493 -0.46065 0.46887 -0.673 0.19162 31.0000 27.83 1.1376 1.7323 1.411598 
877.9170 36.587 125.024 -0.23309 0.33258 2.442 0.12282 31.0000 27.55 1.4364 2.0274 1.412254 
877.5085 34.721 112.273 -0.11105 0.27113 279.090 0.10989 31.0000 27.75 1.6638 2.3160 1.412912 
877.1000 35.239 92.516 -0.01279 0.29121 2.910 0.10335 31.0000 28.05 1.7492 2.6458 1.413570 
876.6915 37.204 74.914 0.08666 0.32150 2.022 0.09292 31.0000 28.00 1.6620 2.7137 1.414228 
876.2828 39.762 66.984 0.16970 0.39948 -0.010 0.08025 31.0000 27.94 1.4078 2.5770 1.414888 
875.8740 44.018 56.557 0.36602 0.55420 0.279 0.02278 31.0000 28.64 1.1395 2.3223 1.415548 
875.4651 39.919 73.294 0.14577 0.48570 0.049 0.09090 31.0000 28.46 0.9963 1.9582 1.416209 
875.0562 40.217 83.391 0.07189 0.62043 0.176 0.10525 31.0000 28.47 0.6530 1.4254 1.416871 
874.6472 43.978 140.195 -1.10566 0.92137 5.222 0.05135 31.0000 28.10 0.7179 1.9071 1.417534 
874.2380 52.824 301.597 0.42704 -0.69422 0.000 -0.22829 31.0000 28.38 0.8249 1.7467 1.418197 
873.8289 31.906 98.335 -0.06668 0.45508 1.635 0.22621 31.0000 28.07 0.5906 0.9400 1.418861 
873.4196 34.256 100.371 -0.07402 0.40446 1.798 0.16186 31.0000 28.81 0.5562 1.1447 1.419526 
873.0102 40.428 99.607 -0.08084 0.47760 0.434 0.07796 31.0000 28.59 0.5598 1.1605 1.420192 
872.6007 39.139 100.454 -0.08488 0.46005 -0.081 0.09706 31.0000 28.29 0.5541 1.0988 1.420858 
872.1912 40.509 87.945 0.02119 0.59062 -0.136 0.09341 31.0000 28.89 0.6170 0.9486 1.421525 
871.7816 33.867 86.988 0.02461 0.46772 -0.063 0.19178 31.0000 28.15 0.6131 0.6357 1.422193 
871.3718 32.189 79.659 0.07422 0.40678 2.168 0.19831 31.0000 29.26 0.6441 0.9159 1.422862 
870.9620 38.468 99.733 -0.02922 0.17036 -0.134 0.04011 31.0000 28.93 0.5454 0.6001 1.423532 
870.5521 57.546 180.198 -0.08405 -0.00029 2.136 -0.03936 31.0000 29.17 0.5341 0.6081 1.424202 
870.1422 42.516 191.234 -0.09423 -0.01872 1.905 0.00835 31.0000 29.26 0.5288 0.6099 1.424873 
869.7321 40.735 115.770 -0.06361 0.13175 0.034 0.02194 31.0000 28.90 0.5373 0.6101 1.425545 
869.3219 47.455 94.768 -0.02294 0.27503 1.555 -0.02371 31.0000 29.29 0.5782 0.6346 1.426217 
868.9117 43.476 86.453 0.02619 0.42251 2.086 0.02254 31.0000 29.43 0.6185 0.6526 1.426891 
868.5013 42.685 82.284 0.07363 0.54343 -0.013 0.04441 31.0000 29.47 0.6924 0.7067 1.427565 
868.0909 41.983 80.019 0.11662 0.66269 1.502 0.07113 31.0000 29.51 0.8115 0.8311 1.428240 
867.6805 41.572 80.942 0.10207 0.64030 -0.026 0.07797 31.0000 29.50 0.7916 0.8008 1.428915 
867.2699 41.028 80.781 0.09033 0.55654 1.802 0.07868 31.0000 29.74 0.6949 0.7028 1.429592 
866.8592 40.500 80.114 0.09298 0.53349 1.857 0.08577 31.0000 29.89 0.6626 0.6673 1.430269 
866.4485 36.309 78.463 0.10186 0.49903 -0.249 0.15943 31.0000 29.71 0.6224 0.6267 1.430947 
866.0376 37.423 74.921 0.14620 0.54260 1.369 0.15220 31.0000 29.54 0.6279 0.6347 1.431626 
865.6267 34.333 78.317 0.11662 0.56400 1.525 0.22495 31.0000 30.61 0.6359 0.6407 1.432306 
865.2157 34.005 80.359 0.08953 0.52708 -0.015 0.21590 31.0000 29.86 0.6187 0.6333 1.432986 
864.8046 35.469 82.417 0.07271 0.54620 1.516 0.19040 31.0000 29.82 0.6346 0.6602 1.433667 
864.3934 35.109 84.292 0.05295 0.52971 1.442 0.19146 31.0000 30.27 0.6358 0.6765 1.434349 
863.9821 36.867 88.250 0.01803 0.59017 1.882 0.17229 31.0000 29.89 0.6621 0.7187 1.435032 
863.5707 34.638 86.698 0.03117 0.54024 -3.014 0.20475 31.0000 30.30 0.6510 0.6959 1.435716 
863.1593 30.049 87.384 0.01791 0.39200 1.817 0.22566 31.0000 30.48 0.5841 0.6197 1.436400 
862.7477 29.287 82.311 0.06087 0.45083 1.465 0.27798 31.0000 30.78 0.6163 0.6355 1.437085 
862.3361 28.669 77.779 0.09870 0.45569 -0.006 0.29889 31.0000 30.38 0.6222 0.6342 1.437771 
861.9244 31.626 74.462 0.12986 0.46704 1.524 0.24432 31.0000 30.62 0.6327 0.6530 1.438458 
861.5126 29.602 77.751 0.10573 0.48700 -1.900 0.29702 31.0000 30.75 0.6407 0.6553 1.439145 
861.1008 25.250 79.246 0.06971 0.36700 1.419 0.30795 31.0000 30.60 0.5928 0.5996 1.439834 
860.6888 23.468 80.820 0.05289 0.32732 1.437 0.30988 31.0000 30.90 0.5764 0.5879 1.440523 
860.2767 25.634 80.817 0.05761 0.35640 1.449 0.28956 31.0000 30.42 0.5747 0.5943 1.441213 
859.8646 28.637 83.990 0.04141 0.39333 -0.004 0.25417 31.0000 30.85 0.5747 0.6011 1.441904 
859.4523 24.887 78.057 0.07504 0.35478 1.386 0.30673 31.0000 31.09 0.5700 0.5928 1.442595 
859.0400 26.471 76.435 0.09153 0.37933 5.405 0.29467 31.0000 31.21 0.5748 0.5918 1.443288 
858.6276 26.762 75.299 0.10661 0.40635 1.341 0.31058 31.0000 31.56 0.5795 0.5910 1.443981 
858.2151 29.805 77.087 0.10372 0.45237 1.420 0.27219 31.0000 31.67 0.5978 0.6038 1.444675 
857.8026 35.020 79.947 0.09765 0.55081 1.599 0.20315 31.0000 31.22 0.6491 0.6518 1.445370 
857.3899 36.795 81.629 0.09062 0.61583 1.467 0.18331 31.0000 31.60 0.6879 0.6910 1.446065 
856.9771 37.326 81.342 0.08825 0.57954 1.450 0.16091 31.0000 30.64 0.6871 0.6896 1.446762 
856.5643 37.737 81.425 0.08497 0.56352 1.391 0.14766 31.0000 31.33 0.6871 0.6897 1.447459 
856.1514 39.117 81.778 0.08439 0.58405 0.002 0.12291 31.0000 31.95 0.7081 0.7114 1.448157 
855.7383 40.119 82.337 0.07445 0.55334 1.635 0.09605 31.0000 31.78 0.6988 0.7040 1.448856 
855.3253 40.906 82.370 0.07795 0.58189 1.542 0.08447 31.0000 31.84 0.7224 0.7300 1.449556 
854.9120 40.442 81.438 0.09081 0.60317 2.074 0.09788 31.0000 31.51 0.7271 0.7325 1.450257 
854.4988 38.331 80.365 0.09666 0.56936 1.565 0.13693 31.0000 31.68 0.6845 0.6901 1.450958 
854.0854 37.679 80.771 0.09414 0.57941 1.687 0.15335 31.0000 31.52 0.6880 0.6946 1.451660 
853.6719 37.258 80.166 0.10666 0.61537 1.695 0.17302 31.0000 32.08 0.7076 0.7130 1.452364 
853.2584 35.345 79.671 0.11102 0.60915 1.480 0.21696 31.0000 31.74 0.6924 0.6961 1.453067 
852.8448 34.958 79.126 0.11502 0.59874 1.348 0.22291 31.0000 31.78 0.6860 0.6894 1.453772 
852.4311 34.692 78.785 0.11089 0.55926 1.673 0.21447 31.0000 31.53 0.6684 0.6721 1.454478 
852.0173 36.115 78.729 0.11899 0.59705 1.411 0.19511 31.0000 31.89 0.6954 0.6985 1.455184 
851.6034 36.377 78.736 0.11154 0.56001 1.404 0.17726 31.0000 31.89 0.6775 0.6816 1.455891 
851.1894 36.897 78.612 0.11658 0.57879 1.402 0.17160 31.0000 31.79 0.6831 0.6875 1.456599 
850.7753 36.807 78.767 0.12553 0.63205 1.607 0.18948 31.0000 31.86 0.7040 0.7067 1.457308 
850.3612 35.158 78.283 0.12010 0.57905 1.822 0.21157 31.0000 32.01 0.6692 0.6723 1.458018 
849.9470 35.310 78.594 0.12094 0.59949 1.309 0.21513 31.0000 31.82 0.6771 0.6804 1.458728 
849.5326 36.138 79.285 0.12156 0.64243 1.747 0.20897 31.0000 31.94 0.7053 0.7079 1.459440 
849.1182 36.518 79.288 0.12587 0.66538 1.358 0.20658 31.0000 32.30 0.7202 0.7225 1.460152 
848.7037 36.102 79.074 0.12940 0.67036 1.386 0.21916 31.0000 32.34 0.7202 0.7221 1.460865 
848.2891 35.791 79.107 0.12880 0.66926 1.500 0.22696 31.0000 32.28 0.7180 0.7197 1.461579 
847.8744 35.461 78.835 0.12891 0.65312 1.393 0.23024 31.0000 32.84 0.7078 0.7093 1.462294 
847.4597 35.302 78.512 0.13438 0.66125 1.389 0.23758 31.0000 32.72 0.7122 0.7134 1.463010 
847.0448 35.266 78.353 0.13554 0.65753 1.349 0.23731 31.0000 33.03 0.7087 0.7100 1.463726 
846.6298 35.136 78.276 0.13655 0.65802 1.386 0.24098 31.0000 33.28 0.7077 0.7088 1.464444 
846.2148 35.082 77.765 0.14358 0.66213 1.278 0.24441 31.0000 32.74 0.7103 0.7115 1.465162 
845.7997 34.727 77.359 0.14896 0.66416 1.357 0.25511 31.0000 32.99 0.7089 0.7102 1.465881 
845.3845 34.873 77.412 0.14995 0.67150 1.329 0.25389 31.0000 32.93 0.7144 0.7158 1.466601 
844.9692 34.741 77.277 0.15161 0.67150 1.384 0.25763 31.0000 32.94 0.7157 0.7176 1.467322 
844.5538 34.696 77.182 0.15531 0.68261 1.457 0.26323 31.0000 32.63 0.7226 0.7243 1.468044 
844.1383 34.681 77.150 0.15616 0.68460 1.274 0.26448 31.0000 32.86 0.7225 0.7244 1.468766 
843.7227 34.747 77.380 0.15482 0.69153 1.363 0.26504 31.0000 33.33 0.7287 0.7308 1.469490 
843.3071 34.754 77.145 0.15842 0.69422 1.184 0.26613 31.0000 33.34 0.7246 0.7270 1.470214 
842.8914 34.620 77.010 0.16042 0.69538 1.401 0.27050 31.0000 33.53 0.7239 0.7264 1.470939 
842.4755 34.957 77.301 0.15905 0.70579 1.333 0.26457 31.0000 33.45 0.7377 0.7405 1.471665 
842.0596 35.103 77.688 0.15582 0.71394 1.362 0.26299 31.0000 33.50 0.7477 0.7503 1.472392 
841.6436 35.226 77.658 0.15718 0.71834 1.296 0.26110 31.0000 33.67 0.7521 0.7548 1.473120 
841.2275 35.204 77.655 0.15845 0.72400 1.227 0.26379 31.0000 33.67 0.7540 0.7571 1.473849 
840.8113 35.287 77.612 0.15875 0.72276 1.234 0.26097 31.0000 33.94 0.7541 0.7583 1.474578 
840.3951 35.347 77.735 0.15853 0.72922 1.250 0.26141 31.0000 33.77 0.7655 0.7695 1.475308 
839.9787 35.411 77.730 0.15811 0.72697 1.315 0.25876 31.0000 33.71 0.7690 0.7720 1.476040 
839.5623 35.384 77.820 0.15765 0.73038 1.318 0.26068 31.0000 34.26 0.7709 0.7732 1.476772 
839.1457 35.186 77.738 0.15830 0.72835 1.464 0.26581 31.0000 34.22 0.7756 0.7782 1.477505 
838.7291 34.999 77.584 0.15980 0.72582 1.315 0.27055 31.0000 33.94 0.7754 0.7782 1.478239 
838.3124 35.004 77.597 0.16041 0.72941 1.280 0.27170 31.0000 34.39 0.7761 0.7794 1.478974 
837.8956 35.024 77.474 0.16236 0.73081 1.301 0.27176 31.0000 34.74 0.7772 0.7807 1.479709 
837.4787 34.990 77.325 0.16536 0.73527 1.333 0.27459 31.0000 34.47 0.7732 0.7765 1.480446 
837.0617 34.965 77.148 0.16816 0.73707 1.555 0.27620 31.0000 34.38 0.7747 0.7781 1.481183 
836.6447 34.963 77.074 0.17067 0.74362 1.355 0.27882 31.0000 34.37 0.7760 0.7795 1.481922 
836.2275 34.896 76.926 0.17283 0.74422 1.313 0.28124 31.0000 34.90 0.7749 0.7783 1.482661 
835.8102 34.867 76.803 0.17526 0.74738 1.300 0.28345 31.0000 35.18 0.7754 0.7786 1.483401 
835.3929 34.962 76.778 0.17593 0.74881 1.300 0.28112 31.0000 35.01 0.7800 0.7832 1.484142 
834.9755 35.016 76.685 0.17742 0.74967 1.246 0.27990 31.0000 34.92 0.7803 0.7834 1.484884 
834.5579 35.006 76.663 0.17885 0.75442 1.246 0.28203 31.0000 34.96 0.7821 0.7852 1.485627 
834.1403 35.002 76.663 0.17831 0.75214 1.317 0.28127 31.0000 35.37 0.7819 0.7851 1.486371 
833.7227 35.023 76.614 0.17934 0.75361 1.216 0.28124 31.0000 35.14 0.7824 0.7854 1.487115 
833.3049 35.109 76.523 0.18082 0.75447 1.278 0.27903 31.0000 35.63 0.7821 0.7848 1.487861 
832.8870 35.055 76.428 0.18279 0.75718 1.236 0.28180 31.0000 35.42 0.7827 0.7853 1.488608 
832.4691 35.151 76.417 0.18220 0.75408 1.310 0.27774 31.0000 36.01 0.7823 0.7848 1.489355 
832.0510 35.069 76.379 0.18362 0.75779 1.345 0.28167 31.0000 36.40 0.7838 0.7862 1.490103 
831.6329 35.098 76.372 0.18428 0.76008 1.312 0.28163 31.0000 35.72 0.7843 0.7865 1.490852 
831.2146 35.201 76.264 0.18559 0.75927 1.219 0.27830 31.0000 36.17 0.7848 0.7870 1.491603 
830.7963 35.173 76.220 0.18735 0.76390 1.325 0.28091 31.0000 36.36 0.7866 0.7886 1.492354 
830.3779 35.212 76.156 0.18916 0.76758 1.244 0.28112 31.0000 36.32 0.7893 0.7913 1.493106 
829.9594 35.192 76.160 0.18954 0.76936 1.257 0.28240 31.0000 37.38 0.7924 0.7944 1.493858 
829.5408 35.217 76.091 0.19140 0.77286 1.273 0.28298 31.0000 36.68 0.7946 0.7966 1.494612 
829.1221 35.235 76.081 0.19140 0.77233 1.226 0.28224 31.0000 36.35 0.7956 0.7977 1.495367 
828.7034 35.252 76.044 0.19240 0.77419 1.285 0.28242 31.0000 36.93 0.7966 0.7988 1.496123 
828.2845 35.272 76.050 0.19201 0.77299 1.334 0.28137 31.0000 37.03 0.7964 0.7985 1.496879 
827.8656 35.299 75.978 0.19382 0.77610 1.254 0.28173 31.0000 36.29 0.7979 0.8000 1.497637 
827.4465 35.380 75.961 0.19428 0.77697 1.304 0.27952 31.0000 37.26 0.7990 0.8010 1.498395 
827.0275 35.423 75.934 0.19505 0.77848 1.280 0.27875 31.0000 37.27 0.8011 0.8031 1.499154 
826.6082 35.439 75.915 0.19578 0.78031 1.236 0.27892 31.0000 37.02 0.8017 0.8037 1.499915 
826.1889 35.420 75.881 0.19683 0.78252 1.299 0.28036 31.0000 37.28 0.8044 0.8064 1.500676 
825.7695 35.452 75.870 0.19719 0.78328 1.315 0.27963 31.0000 38.09 0.8059 0.8080 1.501438 
825.3500 35.469 75.878 0.19718 0.78372 1.327 0.27924 31.0000 37.77 0.8076 0.8096 1.502201 
824.9305 35.477 75.896 0.19718 0.78479 1.251 0.27935 31.0000 37.18 0.8090 0.8111 1.502965 
824.5108 35.476 75.859 0.19830 0.78705 1.219 0.28024 31.0000 37.47 0.8099 0.8119 1.503730 
824.0911 35.462 75.827 0.19927 0.78905 1.248 0.28142 31.0000 37.50 0.8116 0.8136 1.504496 
823.6713 35.416 75.786 0.20026 0.79057 1.280 0.28349 31.0000 37.88 0.8129 0.8148 1.505263 
823.2513 35.422 75.794 0.20047 0.79190 1.293 0.28376 31.0000 37.69 0.8146 0.8165 1.506031 
822.8313 35.438 75.800 0.20060 0.79275 1.288 0.28356 31.0000 37.76 0.8148 0.8167 1.506800 
822.4112 35.426 75.817 0.20126 0.79637 1.289 0.28520 31.0000 38.18 0.8176 0.8194 1.507569 
821.9910 35.465 75.876 0.20081 0.79804 1.225 0.28448 31.0000 37.80 0.8199 0.8217 1.508340 
821.5707 35.450 75.869 0.20098 0.79829 1.231 0.28504 31.0000 38.24 0.8201 0.8219 1.509112 
821.1503 35.416 75.872 0.20128 0.79967 1.259 0.28665 31.0000 38.55 0.8207 0.8223 1.509884 
820.7299 35.395 75.865 0.20243 0.80380 1.296 0.28883 31.0000 38.78 0.8233 0.8249 1.510658 
820.3093 35.403 75.884 0.20267 0.80592 1.240 0.28930 31.0000 38.75 0.8255 0.8272 1.511432 
819.8886 35.493 75.882 0.20247 0.80501 1.227 0.28604 31.0000 38.51 0.8252 0.8269 1.512208 
819.4679 35.509 75.868 0.20306 0.80648 1.227 0.28608 31.0000 39.41 0.8263 0.8281 1.512984 
819.0471 35.515 75.876 0.20354 0.80890 1.264 0.28673 31.0000 38.97 0.8282 0.8299 1.513761 
818.6262 35.520 75.861 0.20430 0.81104 1.268 0.28733 31.0000 39.76 0.8295 0.8312 1.514540 
818.2051 35.532 75.844 0.20480 0.81200 1.259 0.28731 31.0000 39.23 0.8302 0.8318 1.515319 
817.7841 35.522 75.838 0.20544 0.81419 1.163 0.28842 31.0000 39.34 0.8310 0.8327 1.516099 
817.3629 35.499 75.863 0.20540 0.81551 1.214 0.28960 31.0000 39.29 0.8314 0.8330 1.516881 
816.9416 35.516 75.893 0.20562 0.81819 1.202 0.28995 31.0000 39.24 0.8337 0.8354 1.517663 
816.5202 35.493 75.885 0.20638 0.82070 1.225 0.29163 31.0000 39.42 0.8353 0.8369 1.518446 
816.0988 35.474 75.894 0.20682 0.82304 1.202 0.29307 31.0000 39.97 0.8367 0.8383 1.519230 
815.6772 35.477 75.856 0.20810 0.82579 1.228 0.29398 31.0000 39.72 0.8384 0.8400 1.520015 
815.2556 35.498 75.869 0.20791 0.82579 1.203 0.29328 31.0000 39.53 0.8387 0.8403 1.520801 
814.8338 35.513 75.898 0.20793 0.82770 1.170 0.29341 31.0000 39.65 0.8404 0.8420 1.521589 
814.4120 35.517 75.871 0.20892 0.82999 1.225 0.29413 31.0000 39.99 0.8420 0.8436 1.522377 
813.9901 35.500 75.910 0.20894 0.83243 1.207 0.29553 31.0000 40.69 0.8437 0.8453 1.523166 
813.5681 35.545 75.929 0.20883 0.83315 1.214 0.29425 31.0000 40.21 0.8449 0.8465 1.523956 
813.1460 35.542 75.908 0.20932 0.83380 1.187 0.29461 31.0000 40.34 0.8447 0.8463 1.524747 
812.7238 35.544 75.918 0.20932 0.83445 1.253 0.29475 31.0000 40.62 0.8450 0.8466 1.525539 
812.3015 35.557 75.882 0.21090 0.83847 1.232 0.29578 31.0000 40.95 0.8484 0.8500 1.526332 
811.8792 35.516 75.936 0.21002 0.83838 1.210 0.29705 31.0000 41.21 0.8480 0.8496 1.527126 
811.4567 35.530 75.943 0.21018 0.83939 1.202 0.29694 31.0000 41.19 0.8494 0.8510 1.527921 
811.0341 35.570 75.940 0.21018 0.83925 1.161 0.29554 31.0000 40.52 0.8492 0.8509 1.528717 
810.6115 35.552 76.013 0.20951 0.84115 1.212 0.29674 31.0000 40.71 0.8505 0.8520 1.529514 
810.1888 35.557 75.990 0.21001 0.84169 1.162 0.29678 31.0000 40.54 0.8503 0.8518 1.530312 
809.7659 35.597 75.957 0.21074 0.84252 1.169 0.29575 31.0000 41.30 0.8510 0.8525 1.531111 
809.3430 35.630 75.946 0.21105 0.84309 1.154 0.29486 31.0000 41.44 0.8513 0.8528 1.531912 
808.9200 35.648 75.890 0.21223 0.84429 1.209 0.29472 31.0000 41.10 0.8522 0.8537 1.532713 
808.4969 35.684 75.854 0.21296 0.84498 1.206 0.29381 31.0000 41.88 0.8528 0.8543 1.533515 
808.0737 35.732 75.843 0.21297 0.84431 1.232 0.29195 31.0000 41.92 0.8524 0.8539 1.534318 
807.6505 35.742 75.860 0.21297 0.84535 1.235 0.29196 31.0000 41.86 0.8534 0.8549 1.535122 
807.2271 35.746 75.866 0.21301 0.84589 1.185 0.29202 31.0000 41.88 0.8533 0.8547 1.535927 
806.8036 35.787 75.815 0.21404 0.84682 1.172 0.29101 31.0000 42.42 0.8537 0.8551 1.536733 
806.3801 35.830 75.802 0.21440 0.84745 1.179 0.28978 31.0000 41.82 0.8538 0.8552 1.537540 
805.9564 35.886 75.764 0.21502 0.84750 1.141 0.28795 31.0000 42.28 0.8541 0.8555 1.538349 
805.5327 35.929 75.733 0.21558 0.84780 1.163 0.28664 31.0000 42.05 0.8549 0.8562 1.539158 
805.1089 35.988 75.689 0.21628 0.84781 1.155 0.28469 31.0000 41.80 0.8551 0.8565 1.539968 
804.6850 36.013 75.690 0.21661 0.84916 1.180 0.28429 31.0000 42.28 0.8568 0.8583 1.540779 
804.2610 36.032 75.682 0.21681 0.84950 1.174 0.28380 31.0000 42.98 0.8568 0.8582 1.541591 
803.8369 36.057 75.661 0.21741 0.85053 1.159 0.28331 31.0000 42.35 0.8574 0.8588 1.542405 
803.4127 36.108 75.654 0.21773 0.85133 1.196 0.28187 31.0000 42.71 0.8585 0.8600 1.543219 
802.9884 36.140 75.658 0.21776 0.85170 1.223 0.28089 31.0000 42.74 0.8590 0.8604 1.544035 
802.5640 36.154 75.657 0.21817 0.85328 1.152 0.28095 31.0000 42.55 0.8603 0.8617 1.544851 
802.1396 36.163 75.656 0.21822 0.85339 1.187 0.28068 31.0000 43.39 0.8596 0.8610 1.545669 
801.7150 36.189 75.688 0.21781 0.85377 1.180 0.27987 31.0000 43.79 0.8600 0.8614 1.546487 
801.2903 36.247 75.659 0.21840 0.85428 1.167 0.27812 31.0000 43.50 0.8605 0.8618 1.547307 
800.8657 36.277 75.683 0.21798 0.85413 1.177 0.27702 31.0000 42.76 0.8605 0.8618 1.548127 
800.4408 36.290 75.679 0.21787 0.85348 1.191 0.27638 31.0000 42.37 0.8597 0.8610 1.548949 
800.0159 36.323 75.700 0.21763 0.85381 1.161 0.27533 31.0000 43.40 0.8599 0.8612 1.549772 
799.5909 36.353 75.671 0.21812 0.85391 1.152 0.27439 31.0000 43.21 0.8594 0.8607 1.550595 
799.1658 36.372 75.670 0.21843 0.85506 1.163 0.27413 31.0000 43.31 0.8604 0.8617 1.551420 
798.7406 36.386 75.650 0.21916 0.85666 1.175 0.27418 31.0000 43.44 0.8615 0.8628 1.552246 
798.3153 36.431 75.658 0.21926 0.85756 1.179 0.27295 31.0000 43.36 0.8625 0.8638 1.553073 
797.8899 36.469 75.634 0.22007 0.85926 1.174 0.27223 31.0000 44.29 0.8643 0.8656 1.553901 
797.4644 36.481 75.649 0.22014 0.86043 1.180 0.27219 31.0000 44.33 0.8650 0.8663 1.554730 
797.0389 36.503 75.617 0.22109 0.86213 1.187 0.27200 31.0000 43.72 0.8660 0.8673 1.555560 
796.6132 36.514 75.605 0.22163 0.86352 1.188 0.27208 31.0000 43.67 0.8670 0.8684 1.556391 
796.1875 36.542 75.596 0.22161 0.86288 1.163 0.27095 31.0000 44.49 0.8667 0.8681 1.557224 
795.7617 36.567 75.583 0.22205 0.86375 1.148 0.27039 31.0000 43.53 0.8669 0.8683 1.558057 
795.3357 36.613 75.557 0.22254 0.86403 1.177 0.26894 31.0000 44.06 0.8679 0.8693 1.558891 
794.9097 36.647 75.536 0.22318 0.86524 1.158 0.26818 31.0000 44.57 0.8691 0.8705 1.559727 
794.4836 36.688 75.490 0.22387 0.86501 1.169 0.26678 31.0000 44.40 0.8688 0.8703 1.560563 
794.0574 36.709 75.510 0.22377 0.86587 1.178 0.26629 31.0000 44.42 0.8698 0.8713 1.561401 
793.6310 36.723 75.496 0.22443 0.86753 1.147 0.26635 31.0000 45.12 0.8707 0.8721 1.562240 
793.2047 36.762 75.446 0.22538 0.86813 1.153 0.26527 31.0000 45.03 0.8713 0.8727 1.563079 
792.7782 36.780 75.443 0.22556 0.86860 1.166 0.26479 31.0000 44.33 0.8711 0.8725 1.563920 
792.3516 36.792 75.454 0.22563 0.86956 1.176 0.26468 31.0000 44.80 0.8714 0.8728 1.564762 
791.9249 36.795 75.457 0.22571 0.87003 1.125 0.26470 31.0000 44.09 0.8713 0.8727 1.565605 
791.4982 36.845 75.438 0.22624 0.87093 1.133 0.26328 31.0000 44.21 0.8718 0.8732 1.566449 
791.0714 36.870 75.442 0.22645 0.87194 1.121 0.26274 31.0000 44.80 0.8725 0.8740 1.567295 
790.6444 36.892 75.451 0.22650 0.87271 1.150 0.26223 31.0000 44.31 0.8733 0.8748 1.568141 
790.2173 36.930 75.457 0.22631 0.87239 1.154 0.26082 31.0000 44.42 0.8735 0.8749 1.568989 
789.7902 36.961 75.441 0.22677 0.87314 1.165 0.26001 31.0000 44.84 0.8736 0.8751 1.569837 
789.3630 36.989 75.433 0.22701 0.87359 1.138 0.25919 31.0000 44.44 0.8739 0.8753 1.570687 
788.9357 37.023 75.447 0.22692 0.87413 1.139 0.25816 31.0000 45.09 0.8746 0.8761 1.571537 
788.5083 37.043 75.445 0.22709 0.87463 1.117 0.25765 31.0000 45.44 0.8745 0.8760 1.572389 
788.0807 37.041 75.473 0.22691 0.87568 1.127 0.25800 31.0000 44.87 0.8751 0.8765 1.573242 
787.6532 37.054 75.472 0.22726 0.87700 1.132 0.25793 31.0000 44.95 0.8760 0.8774 1.574096 
787.2255 37.069 75.488 0.22695 0.87675 1.118 0.25734 31.0000 44.70 0.8754 0.8768 1.574951 
786.7977 37.078 75.448 0.22759 0.87673 1.123 0.25706 31.0000 45.42 0.8748 0.8762 1.575808 
786.3699 37.078 75.459 0.22783 0.87832 1.131 0.25752 31.0000 45.17 0.8756 0.8770 1.576665 
785.9419 37.102 75.475 0.22774 0.87906 1.121 0.25691 31.0000 45.41 0.8766 0.8780 1.577524 
785.5139 37.127 75.476 0.22782 0.87941 1.120 0.25613 31.0000 44.96 0.8769 0.8783 1.578383 
785.0857 37.141 75.471 0.22811 0.88018 1.128 0.25587 31.0000 45.82 0.8766 0.8780 1.579244 
784.6575 37.171 75.447 0.22863 0.88069 1.128 0.25502 31.0000 45.66 0.8769 0.8783 1.580106 
784.2291 37.188 75.464 0.22835 0.88072 1.137 0.25444 31.0000 45.90 0.8770 0.8784 1.580969 
783.8007 37.200 75.467 0.22841 0.88112 1.136 0.25415 31.0000 45.77 0.8769 0.8783 1.581833 
783.3722 37.224 75.473 0.22843 0.88154 1.119 0.25345 31.0000 45.85 0.8772 0.8785 1.582698 
782.9435 37.271 75.451 0.22887 0.88185 1.120 0.25193 31.0000 46.01 0.8776 0.8789 1.583565 
782.5148 37.286 75.460 0.22905 0.88313 1.095 0.25179 31.0000 45.84 0.8788 0.8802 1.584433 
782.0861 37.294 75.488 0.22871 0.88358 1.100 0.25160 31.0000 45.53 0.8793 0.8806 1.585301 
781.6572 37.304 75.503 0.22849 0.88369 1.109 0.25129 31.0000 45.14 0.8794 0.8807 1.586171 
781.2282 37.323 75.507 0.22853 0.88411 1.114 0.25074 31.0000 45.58 0.8796 0.8809 1.587042 
780.7991 37.346 75.531 0.22833 0.88482 1.125 0.25011 31.0000 45.87 0.8802 0.8815 1.587914 
780.3699 37.373 75.542 0.22829 0.88541 1.103 0.24936 31.0000 45.71 0.8808 0.8821 1.588788 
779.9407 37.403 75.551 0.22808 0.88516 1.128 0.24826 31.0000 45.90 0.8808 0.8822 1.589662 
779.5113 37.431 75.558 0.22798 0.88522 1.111 0.24729 31.0000 45.71 0.8807 0.8820 1.590537 
779.0818 37.480 75.553 0.22815 0.88557 1.152 0.24572 31.0000 46.01 0.8810 0.8823 1.591414 
778.6523 37.519 75.533 0.22874 0.88661 1.119 0.24470 31.0000 46.13 0.8817 0.8830 1.592292 
778.2227 37.555 75.530 0.22903 0.88747 1.097 0.24371 31.0000 46.34 0.8825 0.8838 1.593171 
777.7930 37.591 75.544 0.22886 0.88778 1.110 0.24255 31.0000 45.92 0.8831 0.8844 1.594051 
777.3632 37.623 75.563 0.22881 0.88878 1.111 0.24170 31.0000 45.67 0.8837 0.8851 1.594933 
776.9332 37.669 75.555 0.22892 0.88870 1.118 0.24009 31.0000 46.33 0.8842 0.8855 1.595815 
776.5032 37.706 75.554 0.22902 0.88897 1.098 0.23891 31.0000 46.44 0.8844 0.8857 1.596699 
776.0731 37.731 75.566 0.22891 0.88932 1.118 0.23812 31.0000 46.53 0.8846 0.8859 1.597584 
775.6429 37.765 75.542 0.22937 0.88963 1.129 0.23708 31.0000 46.03 0.8847 0.8860 1.598470 
775.2126 37.815 75.538 0.22939 0.88943 1.103 0.23533 31.0000 46.38 0.8846 0.8859 1.599357 
774.7822 37.860 75.538 0.22945 0.88967 1.111 0.23386 31.0000 46.62 0.8851 0.8865 1.600246 
774.3517 37.876 75.576 0.22907 0.89061 1.118 0.23350 31.0000 47.07 0.8855 0.8868 1.601135 
773.9212 37.897 75.579 0.22930 0.89172 1.102 0.23309 31.0000 46.52 0.8861 0.8874 1.602026 
773.4905 37.918 75.593 0.22929 0.89256 1.087 0.23258 31.0000 46.54 0.8866 0.8879 1.602918 
773.0598 37.946 75.604 0.22933 0.89343 1.083 0.23182 31.0000 47.42 0.8870 0.8883 1.603811 
772.6289 37.988 75.598 0.22955 0.89392 1.111 0.23053 31.0000 47.15 0.8875 0.8888 1.604706 
772.1980 38.034 75.584 0.22992 0.89443 1.102 0.22910 31.0000 46.89 0.8880 0.8893 1.605601 
771.7669 38.056 75.587 0.22993 0.89468 1.098 0.22840 31.0000 47.02 0.8882 0.8895 1.606498 
771.3358 38.081 75.597 0.22983 0.89491 1.079 0.22759 31.0000 47.10 0.8885 0.8897 1.607396 
770.9046 38.109 75.607 0.22981 0.89549 1.087 0.22679 31.0000 46.89 0.8890 0.8903 1.608295 
770.4733 38.141 75.613 0.22988 0.89618 1.092 0.22585 31.0000 47.11 0.8898 0.8910 1.609195 
770.0419 38.173 75.624 0.22985 0.89679 1.097 0.22488 31.0000 46.57 0.8904 0.8916 1.610097 
769.6104 38.210 75.637 0.22988 0.89769 1.091 0.22384 31.0000 47.24 0.8910 0.8921 1.610999 
769.1787 38.237 75.654 0.22980 0.89851 1.087 0.22309 31.0000 47.41 0.8911 0.8923 1.611904 
768.7471 38.265 75.669 0.22947 0.89821 1.093 0.22206 31.0000 47.43 0.8910 0.8921 1.612809 
768.3152 38.304 75.689 0.22946 0.89952 1.106 0.22102 31.0000 47.45 0.8921 0.8932 1.613715 
767.8834 38.340 75.688 0.22974 0.90048 1.086 0.22002 31.0000 47.68 0.8926 0.8937 1.614623 
767.4514 38.375 75.669 0.23022 0.90113 1.096 0.21899 31.0000 48.15 0.8930 0.8942 1.615531 
767.0193 38.415 75.675 0.23018 0.90138 1.088 0.21768 31.0000 47.80 0.8930 0.8942 1.616442 
766.5872 38.455 75.666 0.23045 0.90187 1.090 0.21643 31.0000 47.64 0.8934 0.8946 1.617353 
766.1549 38.493 75.656 0.23066 0.90198 1.076 0.21519 31.0000 47.94 0.8933 0.8944 1.618265 
765.7225 38.529 75.690 0.23019 0.90241 1.076 0.21402 31.0000 48.87 0.8934 0.8945 1.619179 
765.2901 38.571 75.705 0.23002 0.90275 1.078 0.21264 31.0000 48.26 0.8937 0.8949 1.620094 
764.8575 38.605 75.728 0.22984 0.90354 1.077 0.21164 31.0000 48.53 0.8943 0.8954 1.621010 
764.4249 38.626 75.733 0.23007 0.90475 1.086 0.21122 31.0000 48.27 0.8950 0.8961 1.621928 
763.9922 38.653 75.751 0.23008 0.90600 1.073 0.21054 31.0000 48.25 0.8958 0.8970 1.622846 
763.5593 38.703 75.746 0.23031 0.90657 1.093 0.20897 31.0000 48.99 0.8964 0.8976 1.623766 
763.1264 38.748 75.767 0.22997 0.90667 1.080 0.20744 31.0000 48.86 0.8965 0.8977 1.624687 
762.6934 38.774 75.753 0.23044 0.90759 1.098 0.20676 31.0000 49.06 0.8970 0.8981 1.625610 
762.2603 38.813 75.762 0.23027 0.90750 1.082 0.20542 31.0000 49.17 0.8968 0.8979 1.626533 
761.8271 38.835 75.775 0.23024 0.90821 1.069 0.20478 31.0000 49.58 0.8972 0.8983 1.627458 
761.3938 38.880 75.780 0.23013 0.90814 1.086 0.20324 31.0000 49.04 0.8972 0.8983 1.628385 
760.9604 38.928 75.762 0.23047 0.90830 1.081 0.20165 31.0000 48.72 0.8974 0.8985 1.629312 
760.5269 38.960 75.774 0.23056 0.90940 1.066 0.20080 31.0000 49.37 0.8980 0.8991 1.630241 
760.0933 39.002 75.771 0.23081 0.91019 1.080 0.19953 31.0000 49.75 0.8990 0.9001 1.631171 
759.6597 39.037 75.765 0.23114 0.91116 1.068 0.19853 31.0000 49.74 0.8997 0.9008 1.632102 
759.2259 39.080 75.784 0.23082 0.91115 1.086 0.19706 31.0000 49.42 0.9000 0.9011 1.633034 
758.7921 39.107 75.810 0.23062 0.91210 1.063 0.19631 31.0000 49.56 0.9005 0.9016 1.633968 
758.3581 39.150 75.796 0.23097 0.91253 1.072 0.19493 31.0000 49.86 0.9006 0.9017 1.634903 
757.9240 39.187 75.809 0.23069 0.91227 1.077 0.19359 31.0000 50.42 0.9002 0.9013 1.635839 
757.4899 39.223 75.827 0.23052 0.91283 1.070 0.19247 31.0000 50.69 0.9006 0.9017 1.636777 
757.0556 39.262 75.851 0.23019 0.91311 1.062 0.19119 31.0000 49.80 0.9007 0.9018 1.637716 
756.6213 39.308 75.863 0.23014 0.91375 1.066 0.18971 31.0000 49.69 0.9013 0.9024 1.638656 
756.1868 39.356 75.855 0.23035 0.91403 1.068 0.18813 31.0000 49.63 0.9015 0.9026 1.639597 
755.7523 39.379 75.883 0.23001 0.91456 1.065 0.18745 31.0000 49.25 0.9015 0.9026 1.640540 
755.3177 39.412 75.899 0.22991 0.91525 1.070 0.18643 31.0000 50.83 0.9020 0.9031 1.641484 
754.8830 39.462 75.918 0.22949 0.91486 1.085 0.18465 31.0000 50.39 0.9019 0.9030 1.642429 
754.4482 39.497 75.936 0.22919 0.91490 1.073 0.18342 31.0000 50.41 0.9019 0.9029 1.643376 
754.0132 39.531 75.965 0.22884 0.91545 1.078 0.18238 31.0000 51.45 0.9022 0.9032 1.644324 
753.5782 39.550 75.979 0.22890 0.91664 1.068 0.18192 31.0000 50.61 0.9025 0.9036 1.645273 
753.1431 39.581 75.990 0.22885 0.91718 1.068 0.18097 31.0000 51.42 0.9028 0.9039 1.646223 
752.7079 39.607 76.020 0.22848 0.91777 1.059 0.18017 31.0000 50.34 0.9029 0.9040 1.647175 
752.2726 39.647 76.038 0.22824 0.91806 1.056 0.17885 31.0000 51.41 0.9029 0.9040 1.648129 
751.8373 39.684 76.058 0.22786 0.91784 1.056 0.17752 31.0000 50.83 0.9025 0.9036 1.649083 
751.4018 39.729 76.044 0.22821 0.91832 1.061 0.17610 31.0000 51.38 0.9030 0.9041 1.650039 
750.9662 39.767 76.060 0.22802 0.91865 1.064 0.17485 31.0000 51.35 0.9036 0.9047 1.650996 
750.5306 39.811 76.076 0.22773 0.91854 1.056 0.17331 31.0000 51.17 0.9038 0.9048 1.651954 
750.0948 39.851 76.072 0.22784 0.91875 1.062 0.17198 31.0000 51.39 0.9036 0.9046 1.652914 
749.6589 39.884 76.089 0.22773 0.91943 1.073 0.17098 31.0000 51.31 0.9039 0.9050 1.653875 
749.2230 39.917 76.106 0.22746 0.91953 1.065 0.16987 31.0000 51.73 0.9040 0.9050 1.654837 
748.7869 39.950 76.124 0.22719 0.91967 1.067 0.16876 31.0000 52.31 0.9039 0.9050 1.655801 
748.3508 39.980 76.129 0.22734 0.92066 1.058 0.16790 31.0000 51.52 0.9044 0.9054 1.656766 
747.9146 40.005 76.161 0.22702 0.92156 1.062 0.16719 31.0000 51.51 0.9051 0.9061 1.657732 
747.4782 40.041 76.195 0.22652 0.92185 1.057 0.16596 31.0000 50.90 0.9054 0.9065 1.658700 
747.0417 40.074 76.211 0.22633 0.92224 1.058 0.16490 31.0000 51.52 0.9057 0.9067 1.659669 
746.6052 40.113 76.213 0.22632 0.92228 1.051 0.16359 31.0000 51.74 0.9057 0.9067 1.660639 
746.1686 40.147 76.213 0.22647 0.92296 1.056 0.16253 31.0000 52.27 0.9061 0.9071 1.661611 
745.7319 40.189 76.213 0.22664 0.92365 1.055 0.16124 31.0000 51.54 0.9065 0.9075 1.662584 
745.2950 40.226 76.226 0.22660 0.92437 1.052 0.16009 31.0000 51.71 0.9070 0.9081 1.663559 
744.8582 40.272 76.227 0.22662 0.92452 1.053 0.15854 31.0000 52.22 0.9071 0.9082 1.664534 
744.4211 40.302 76.253 0.22625 0.92485 1.049 0.15754 31.0000 51.68 0.9073 0.9083 1.665512 
743.9841 40.322 76.276 0.22616 0.92604 1.044 0.15705 31.0000 51.98 0.9079 0.9089 1.666490 
743.5468 40.362 76.282 0.22613 0.92634 1.059 0.15574 31.0000 51.78 0.9080 0.9090 1.667470 
743.1096 40.397 76.308 0.22579 0.92680 1.053 0.15462 31.0000 52.02 0.9083 0.9093 1.668451 
742.6722 40.427 76.347 0.22524 0.92730 1.052 0.15363 31.0000 51.65 0.9087 0.9097 1.669434 
742.2347 40.460 76.370 0.22489 0.92747 1.053 0.15251 31.0000 52.47 0.9085 0.9095 1.670418 
741.7971 40.498 76.372 0.22486 0.92752 1.051 0.15124 31.0000 52.57 0.9084 0.9094 1.671403 
741.3594 40.534 76.384 0.22465 0.92746 1.047 0.14997 31.0000 51.75 0.9083 0.9093 1.672390 
740.9216 40.558 76.418 0.22421 0.92805 1.055 0.14922 31.0000 52.97 0.9085 0.9095 1.673378 
740.4838 40.591 76.440 0.22392 0.92839 1.048 0.14815 31.0000 52.82 0.9086 0.9096 1.674367 
740.0458 40.620 76.478 0.22336 0.92880 1.041 0.14721 31.0000 53.10 0.9086 0.9096 1.675358 
739.6077 40.642 76.512 0.22291 0.92934 1.050 0.14651 31.0000 52.78 0.9087 0.9097 1.676351 
739.1696 40.667 76.531 0.22275 0.93005 1.042 0.14575 31.0000 52.78 0.9090 0.9100 1.677344 
738.7313 40.697 76.559 0.22237 0.93044 1.049 0.14477 31.0000 52.90 0.9091 0.9101 1.678339 
738.2930 40.733 76.568 0.22223 0.93054 1.045 0.14355 31.0000 53.24 0.9090 0.9100 1.679336 
737.8545 40.765 76.584 0.22199 0.93071 1.035 0.14250 31.0000 52.84 0.9090 0.9100 1.680334 
737.4160 40.799 76.603 0.22180 0.93124 1.047 0.14139 31.0000 52.89 0.9093 0.9102 1.681333 
736.9773 40.841 76.627 0.22133 0.93104 1.042 0.13991 31.0000 52.48 0.9091 0.9101 1.682334 
736.5386 40.875 76.649 0.22100 0.93119 1.041 0.13875 31.0000 52.57 0.9090 0.9099 1.683336 
736.0997 40.912 76.672 0.22063 0.93129 1.043 0.13752 31.0000 54.27 0.9089 0.9099 1.684340 
735.6608 40.947 76.694 0.22033 0.93163 1.049 0.13636 31.0000 52.98 0.9090 0.9099 1.685344 
735.2218 40.981 76.716 0.22001 0.93187 1.046 0.13520 31.0000 52.84 0.9091 0.9100 1.686351 
734.7827 41.015 76.757 0.21924 0.93160 1.037 0.13399 31.0000 52.93 0.9088 0.9097 1.687359 
734.3434 41.046 76.769 0.21912 0.93194 1.050 0.13297 31.0000 53.41 0.9088 0.9097 1.688368 
733.9041 41.083 76.778 0.21903 0.93225 1.047 0.13176 31.0000 53.67 0.9088 0.9097 1.689379 
733.4647 41.110 76.806 0.21859 0.93241 1.036 0.13084 31.0000 54.30 0.9087 0.9096 1.690391 
733.0252 41.145 76.837 0.21802 0.93223 1.036 0.12961 31.0000 53.77 0.9086 0.9095 1.691404 
732.5856 41.175 76.838 0.21824 0.93326 1.033 0.12873 31.0000 53.58 0.9090 0.9099 1.692419 
732.1459 41.209 76.861 0.21784 0.93323 1.036 0.12758 31.0000 53.29 0.9089 0.9098 1.693436 
731.7061 41.244 76.877 0.21743 0.93265 1.038 0.12627 31.0000 53.90 0.9084 0.9093 1.694453 
731.2662 41.277 76.905 0.21701 0.93291 1.041 0.12518 31.0000 53.54 0.9086 0.9095 1.695473 
730.8262 41.309 76.927 0.21663 0.93290 1.038 0.12409 31.0000 53.68 0.9086 0.9095 1.696494 
730.3861 41.348 76.970 0.21581 0.93252 1.037 0.12269 31.0000 53.59 0.9084 0.9093 1.697516 
729.9459 41.387 76.989 0.21547 0.93250 1.041 0.12136 31.0000 54.04 0.9085 0.9093 1.698539 
729.5057 41.429 77.007 0.21507 0.93211 1.047 0.11988 31.0000 53.57 0.9084 0.9093 1.699564 
729.0653 41.466 77.008 0.21512 0.93240 1.039 0.11863 31.0000 53.23 0.9086 0.9095 1.700591 
728.6248 41.493 77.033 0.21469 0.93238 1.031 0.11770 31.0000 53.13 0.9084 0.9093 1.701619 
728.1843 41.526 77.062 0.21419 0.93237 1.034 0.11659 31.0000 53.51 0.9083 0.9092 1.702648 
727.7436 41.564 77.085 0.21381 0.93238 1.031 0.11528 31.0000 53.48 0.9084 0.9093 1.703680 
727.3028 41.599 77.118 0.21318 0.93217 1.034 0.11407 31.0000 53.50 0.9084 0.9092 1.704712 
726.8619 41.636 77.123 0.21319 0.93253 1.034 0.11284 31.0000 53.60 0.9085 0.9093 1.705746 
726.4210 41.668 77.146 0.21276 0.93237 1.037 0.11174 31.0000 53.64 0.9082 0.9091 1.706781 
725.9799 41.703 77.163 0.21253 0.93268 1.032 0.11058 31.0000 53.13 0.9085 0.9093 1.707818 
725.5388 41.753 77.164 0.21247 0.93246 1.037 0.10886 31.0000 53.23 0.9084 0.9092 1.708857 
725.0975 41.800 77.163 0.21248 0.93248 1.040 0.10728 31.0000 53.75 0.9087 0.9095 1.709897 
724.6561 41.841 77.184 0.21217 0.93263 1.033 0.10590 31.0000 52.77 0.9090 0.9098 1.710938 
724.2147 41.877 77.207 0.21170 0.93234 1.035 0.10465 31.0000 53.22 0.9089 0.9097 1.711981 
723.7732 41.913 77.231 0.21129 0.93235 1.030 0.10343 31.0000 53.14 0.9089 0.9097 1.713025 
723.3315 41.955 77.258 0.21079 0.93215 1.022 0.10198 31.0000 52.59 0.9090 0.9098 1.714072 
722.8898 41.994 77.262 0.21075 0.93231 1.032 0.10066 31.0000 53.50 0.9092 0.9100 1.715119 
722.4479 42.037 77.277 0.21048 0.93218 1.029 0.09918 31.0000 53.54 0.9091 0.9100 1.716168 
722.0060 42.078 77.294 0.21016 0.93210 1.035 0.09779 31.0000 53.57 0.9092 0.9100 1.717218 
721.5640 42.128 77.287 0.21036 0.93246 1.024 0.09615 31.0000 52.77 0.9097 0.9105 1.718270 
721.1218 42.170 77.302 0.21014 0.93261 1.029 0.09476 31.0000 53.08 0.9099 0.9107 1.719324 
720.6796 42.212 77.324 0.20976 0.93258 1.031 0.09332 31.0000 53.63 0.9100 0.9109 1.720379 
720.2373 42.255 77.334 0.20957 0.93254 1.028 0.09185 31.0000 53.76 0.9102 0.9110 1.721435 
719.7949 42.293 77.365 0.20900 0.93236 1.024 0.09056 31.0000 53.58 0.9102 0.9110 1.722493 
719.3524 42.336 77.375 0.20885 0.93244 1.024 0.08911 31.0000 53.14 0.9106 0.9114 1.723553 
718.9097 42.377 77.388 0.20861 0.93230 1.028 0.08771 31.0000 53.24 0.9106 0.9114 1.724614 
718.4670 42.415 77.400 0.20839 0.93229 1.025 0.08643 31.0000 53.65 0.9107 0.9115 1.725677 
718.0242 42.461 77.398 0.20855 0.93285 1.028 0.08494 31.0000 53.99 0.9112 0.9120 1.726741 
717.5813 42.508 77.406 0.20841 0.93282 1.024 0.08334 31.0000 53.68 0.9114 0.9122 1.727807 
717.1383 42.562 77.414 0.20821 0.93249 1.024 0.08150 31.0000 52.80 0.9116 0.9124 1.728874 
716.6952 42.608 77.424 0.20804 0.93257 1.024 0.07997 31.0000 53.34 0.9118 0.9126 1.729943 
716.2520 42.656 77.428 0.20801 0.93271 1.024 0.07837 31.0000 53.44 0.9120 0.9128 1.731013 
715.8087 42.705 77.415 0.20823 0.93274 1.027 0.07672 31.0000 53.86 0.9122 0.9130 1.732086 
715.3653 42.752 77.415 0.20827 0.93290 1.028 0.07517 31.0000 53.91 0.9126 0.9134 1.733159 
714.9218 42.794 77.436 0.20792 0.93299 1.029 0.07377 31.0000 53.71 0.9127 0.9135 1.734234 
714.4782 42.839 77.445 0.20783 0.93319 1.021 0.07224 31.0000 53.60 0.9130 0.9138 1.735311 
714.0345 42.888 77.440 0.20796 0.93340 1.027 0.07061 31.0000 53.59 0.9132 0.9140 1.736389 
713.5907 42.932 77.449 0.20787 0.93369 1.029 0.06917 31.0000 53.50 0.9136 0.9144 1.737469 
713.1469 42.989 77.446 0.20780 0.93320 1.020 0.06722 31.0000 52.93 0.9135 0.9143 1.738550 
712.7028 43.040 77.449 0.20771 0.93301 1.024 0.06550 31.0000 53.20 0.9137 0.9145 1.739634 
712.2588 43.087 77.455 0.20774 0.93355 1.031 0.06397 31.0000 54.06 0.9143 0.9151 1.740718 
711.8146 43.135 77.459 0.20771 0.93379 1.018 0.06237 31.0000 53.16 0.9147 0.9155 1.741805 
711.3703 43.188 77.458 0.20779 0.93400 1.030 0.06061 31.0000 53.59 0.9150 0.9158 1.742892 
710.9259 43.240 77.450 0.20798 0.93427 1.022 0.05889 31.0000 53.09 0.9154 0.9162 1.743982 
710.4814 43.285 77.461 0.20783 0.93444 1.018 0.05738 31.0000 53.15 0.9156 0.9164 1.745073 
710.0369 43.331 77.473 0.20773 0.93490 1.020 0.05584 31.0000 53.23 0.9160 0.9168 1.746165 
709.5922 43.379 77.477 0.20773 0.93523 1.028 0.05425 31.0000 53.12 0.9162 0.9170 1.747260 
709.1474 43.429 77.490 0.20758 0.93556 1.024 0.05262 31.0000 53.36 0.9167 0.9175 1.748356 
708.7026 43.475 77.506 0.20737 0.93581 1.024 0.05108 31.0000 53.62 0.9169 0.9177 1.749453 
708.2576 43.523 77.522 0.20715 0.93611 1.022 0.04946 31.0000 53.56 0.9172 0.9180 1.750552 
707.8125 43.569 77.538 0.20695 0.93645 1.024 0.04795 31.0000 52.92 0.9175 0.9184 1.751653 
707.3674 43.626 77.543 0.20687 0.93647 1.025 0.04605 31.0000 53.04 0.9178 0.9186 1.752755 
706.9221 43.677 77.553 0.20676 0.93672 1.025 0.04433 31.0000 53.55 0.9182 0.9190 1.753859 
706.4767 43.733 77.553 0.20677 0.93679 1.026 0.04245 31.0000 53.84 0.9185 0.9193 1.754965 
706.0313 43.788 77.545 0.20691 0.93683 1.027 0.04062 31.0000 53.55 0.9186 0.9194 1.756072 
705.5857 43.843 77.551 0.20685 0.93701 1.023 0.03876 31.0000 53.57 0.9191 0.9199 1.757181 
705.1401 43.892 77.561 0.20676 0.93740 1.022 0.03716 31.0000 52.97 0.9195 0.9203 1.758292 
704.6943 43.941 77.575 0.20662 0.93779 1.025 0.03550 31.0000 52.92 0.9199 0.9207 1.759404 
704.2484 43.992 77.584 0.20649 0.93792 1.025 0.03380 31.0000 52.79 0.9199 0.9208 1.760518 
703.8025 44.044 77.596 0.20632 0.93810 1.030 0.03207 31.0000 52.64 0.9200 0.9208 1.761633 
703.3564 44.094 77.588 0.20652 0.93837 1.025 0.03040 31.0000 52.38 0.9201 0.9210 1.762751 
702.9103 44.149 77.597 0.20644 0.93872 1.024 0.02856 31.0000 53.06 0.9206 0.9214 1.763869 
702.4641 44.206 77.597 0.20652 0.93904 1.027 0.02667 31.0000 53.58 0.9209 0.9218 1.764990 
702.0177 44.257 77.605 0.20650 0.93958 1.025 0.02494 31.0000 53.34 0.9213 0.9221 1.766112 
701.5712 44.311 77.614 0.20641 0.93995 1.020 0.02316 31.0000 53.42 0.9216 0.9225 1.767236 
701.1247 44.361 77.628 0.20629 0.94047 1.027 0.02147 31.0000 53.30 0.9221 0.9229 1.768361 
700.6780 44.415 77.646 0.20607 0.94083 1.030 0.01968 31.0000 52.94 0.9224 0.9233 1.769489 
700.2313 44.462 77.659 0.20596 0.94138 1.030 0.01810 31.0000 52.97 0.9228 0.9236 1.770618 
699.7844 44.513 77.669 0.20587 0.94179 1.033 0.01640 31.0000 52.40 0.9232 0.9241 1.771748 
699.3375 44.565 77.685 0.20570 0.94222 1.026 0.01463 31.0000 52.43 0.9236 0.9245 1.772881 
698.8904 44.619 77.693 0.20564 0.94261 1.029 0.01284 31.0000 52.89 0.9240 0.9248 1.774015 
698.4433 44.676 77.705 0.20548 0.94283 1.025 0.01091 31.0000 52.71 0.9244 0.9253 1.775150 
697.9961 44.729 77.700 0.20572 0.94351 1.028 0.00914 31.0000 52.42 0.9251 0.9259 1.776288 
697.5488 44.786 77.713 0.20555 0.94374 1.033 0.00722 31.0000 52.69 0.9255 0.9263 1.777427 
697.1013 44.839 77.722 0.20544 0.94392 1.036 0.00542 31.0000 52.41 0.9256 0.9264 1.778568 
696.6537 44.896 77.731 0.20530 0.94402 1.035 0.00351 31.0000 52.59 0.9257 0.9265 1.779711 
696.2061 44.950 77.743 0.20519 0.94451 1.032 0.00168 31.0000 52.05 0.9261 0.9269 1.780855 
695.7584 45.007 77.765 0.20486 0.94474 1.032 -0.00023 31.0000 52.04 0.9265 0.9273 1.782001 
695.3105 45.068 77.774 0.20472 0.94480 1.034 -0.00229 31.0000 53.13 0.9267 0.9276 1.783149 
694.8626 45.126 77.789 0.20454 0.94512 1.035 -0.00426 31.0000 52.91 0.9273 0.9281 1.784298 
694.4146 45.182 77.803 0.20434 0.94535 1.028 -0.00616 31.0000 52.60 0.9276 0.9284 1.785449 
693.9664 45.245 77.817 0.20412 0.94544 1.032 -0.00827 31.0000 51.85 0.9279 0.9288 1.786602 
693.5182 45.298 77.824 0.20418 0.94623 1.036 -0.01007 31.0000 51.77 0.9285 0.9293 1.787757 
693.0699 45.357 77.842 0.20395 0.94671 1.041 -0.01207 31.0000 51.75 0.9288 0.9297 1.788913 
692.6215 45.412 77.865 0.20365 0.94712 1.037 -0.01393 31.0000 52.08 0.9292 0.9301 1.790071 
692.1729 45.472 77.883 0.20337 0.94729 1.037 -0.01595 31.0000 51.92 0.9294 0.9303 1.791231 
691.7243 45.531 77.900 0.20314 0.94752 1.033 -0.01796 31.0000 52.22 0.9298 0.9307 1.792393 
691.2756 45.595 77.913 0.20295 0.94773 1.032 -0.02014 31.0000 51.93 0.9302 0.9311 1.793557 
690.8267 45.654 77.932 0.20265 0.94784 1.039 -0.02213 31.0000 51.34 0.9305 0.9313 1.794722 
690.3778 45.712 77.941 0.20259 0.94834 1.037 -0.02411 31.0000 51.23 0.9309 0.9317 1.795889 
689.9288 45.769 77.960 0.20233 0.94867 1.044 -0.02603 31.0000 50.89 0.9313 0.9321 1.797058 
689.4797 45.830 77.973 0.20218 0.94898 1.041 -0.02810 31.0000 51.09 0.9318 0.9326 1.798228 
689.0304 45.894 77.989 0.20189 0.94890 1.039 -0.03029 31.0000 50.15 0.9319 0.9328 1.799401 
688.5811 45.952 78.010 0.20159 0.94923 1.035 -0.03226 31.0000 51.42 0.9323 0.9332 1.800575 
688.1317 46.009 78.029 0.20130 0.94944 1.035 -0.03421 31.0000 51.04 0.9326 0.9334 1.801751 
687.6821 46.066 78.050 0.20100 0.94970 1.040 -0.03615 31.0000 51.40 0.9328 0.9337 1.802929 
687.2325 46.130 78.062 0.20082 0.94981 1.047 -0.03832 31.0000 51.35 0.9332 0.9341 1.804108 
686.7828 46.192 78.083 0.20048 0.94995 1.049 -0.04042 31.0000 51.03 0.9335 0.9343 1.805290 
686.3329 46.252 78.105 0.20016 0.95022 1.044 -0.04247 31.0000 50.43 0.9336 0.9345 1.806473 
685.8830 46.315 78.126 0.19983 0.95043 1.046 -0.04460 31.0000 50.67 0.9338 0.9347 1.807658 
685.4330 46.380 78.150 0.19947 0.95068 1.044 -0.04683 31.0000 50.69 0.9342 0.9351 1.808845 
684.9828 46.444 78.168 0.19921 0.95085 1.047 -0.04902 31.0000 50.67 0.9347 0.9355 1.810034 
684.5327 46.506 78.193 0.19876 0.95084 1.043 -0.05111 31.0000 50.70 0.9347 0.9356 1.811224 
684.0823 46.569 78.216 0.19837 0.95089 1.048 -0.05325 31.0000 50.28 0.9348 0.9357 1.812416 
683.6319 46.632 78.238 0.19803 0.95103 1.053 -0.05541 31.0000 50.19 0.9350 0.9359 1.813610 
683.1813 46.692 78.263 0.19763 0.95117 1.057 -0.05745 31.0000 49.88 0.9351 0.9359 1.814807 
682.7307 46.756 78.276 0.19746 0.95149 1.055 -0.05965 31.0000 49.99 0.9355 0.9364 1.816004 
682.2800 46.825 78.300 0.19703 0.95139 1.053 -0.06198 31.0000 50.15 0.9356 0.9365 1.817204 
681.8292 46.894 78.323 0.19661 0.95129 1.052 -0.06431 31.0000 49.60 0.9360 0.9369 1.818405 
681.3782 46.963 78.343 0.19627 0.95130 1.056 -0.06666 31.0000 49.80 0.9363 0.9371 1.819609 
680.9272 47.027 78.365 0.19586 0.95119 1.060 -0.06884 31.0000 49.61 0.9364 0.9373 1.820814 
680.4761 47.100 78.381 0.19552 0.95089 1.058 -0.07127 31.0000 49.85 0.9366 0.9374 1.822021 
680.0248 47.166 78.402 0.19513 0.95077 1.066 -0.07351 31.0000 49.40 0.9367 0.9375 1.823230 
679.5735 47.231 78.422 0.19479 0.95079 1.061 -0.07573 31.0000 49.30 0.9369 0.9378 1.824441 
679.1221 47.302 78.446 0.19429 0.95039 1.060 -0.07813 31.0000 49.31 0.9371 0.9379 1.825654 
678.6705 47.371 78.475 0.19376 0.95019 1.069 -0.08044 31.0000 49.83 0.9372 0.9381 1.826869 
678.2189 47.438 78.500 0.19331 0.95018 1.062 -0.08271 31.0000 49.43 0.9374 0.9382 1.828085 
677.7672 47.504 78.516 0.19304 0.95014 1.064 -0.08498 31.0000 48.80 0.9376 0.9385 1.829303 
677.3154 47.575 78.538 0.19259 0.94987 1.068 -0.08734 31.0000 48.74 0.9378 0.9386 1.830524 
676.8634 47.642 78.560 0.19223 0.94992 1.077 -0.08962 31.0000 49.12 0.9382 0.9390 1.831746 
676.4114 47.713 78.584 0.19173 0.94953 1.076 -0.09201 31.0000 48.87 0.9383 0.9391 1.832970 
675.9592 47.775 78.610 0.19129 0.94950 1.073 -0.09411 31.0000 48.97 0.9385 0.9393 1.834196 
675.5070 47.840 78.632 0.19090 0.94949 1.072 -0.09633 31.0000 48.50 0.9388 0.9396 1.835424 
675.0547 47.909 78.664 0.19028 0.94915 1.074 -0.09865 31.0000 48.23 0.9389 0.9397 1.836654 
674.6022 47.981 78.690 0.18975 0.94872 1.077 -0.10105 31.0000 48.18 0.9390 0.9398 1.837886 
674.1497 48.055 78.712 0.18929 0.94830 1.079 -0.10350 31.0000 48.35 0.9391 0.9399 1.839120 
673.6971 48.124 78.737 0.18878 0.94791 1.081 -0.10583 31.0000 47.80 0.9393 0.9401 1.840355 
673.2443 48.194 78.762 0.18831 0.94776 1.081 -0.10818 31.0000 48.19 0.9396 0.9404 1.841593 
672.7915 48.266 78.787 0.18781 0.94737 1.084 -0.11059 31.0000 48.30 0.9398 0.9406 1.842832 
672.3386 48.337 78.813 0.18727 0.94692 1.088 -0.11295 31.0000 48.18 0.9401 0.9409 1.844074 
671.8855 48.410 78.837 0.18674 0.94630 1.085 -0.11536 31.0000 47.67 0.9402 0.9410 1.845317 
671.4324 48.482 78.861 0.18625 0.94590 1.092 -0.11777 31.0000 47.80 0.9404 0.9412 1.846563 
670.9791 48.554 78.883 0.18581 0.94560 1.089 -0.12017 31.0000 48.08 0.9406 0.9414 1.847810 
670.5258 48.629 78.904 0.18537 0.94515 1.098 -0.12266 31.0000 47.82 0.9408 0.9417 1.849059 
670.0723 48.701 78.926 0.18491 0.94481 1.098 -0.12506 31.0000 47.86 0.9412 0.9420 1.850311 
669.6188 48.777 78.954 0.18433 0.94423 1.099 -0.12758 31.0000 47.25 0.9414 0.9423 1.851564 
669.1651 48.848 78.983 0.18376 0.94384 1.107 -0.12994 31.0000 47.46 0.9416 0.9424 1.852819 
668.7114 48.921 79.013 0.18319 0.94355 1.107 -0.13237 31.0000 47.19 0.9419 0.9427 1.854076 
668.2575 48.990 79.047 0.18255 0.94328 1.102 -0.13468 31.0000 47.31 0.9420 0.9428 1.855336 
667.8035 49.061 79.075 0.18203 0.94309 1.106 -0.13708 31.0000 47.47 0.9423 0.9431 1.856597 
667.3495 49.135 79.100 0.18152 0.94257 1.110 -0.13954 31.0000 47.39 0.9424 0.9432 1.857860 
666.8953 49.209 79.128 0.18097 0.94219 1.116 -0.14198 31.0000 47.17 0.9427 0.9435 1.859125 
666.4411 49.283 79.152 0.18046 0.94171 1.111 -0.14442 31.0000 46.05 0.9430 0.9438 1.860392 
665.9868 49.353 79.184 0.17987 0.94149 1.107 -0.14677 31.0000 46.26 0.9433 0.9441 1.861661 
665.5323 49.422 79.211 0.17938 0.94130 1.119 -0.14910 31.0000 46.74 0.9437 0.9445 1.862933 
665.0777 49.496 79.239 0.17882 0.94090 1.119 -0.15154 31.0000 45.70 0.9440 0.9448 1.864206 
664.6230 49.571 79.263 0.17833 0.94038 1.116 -0.15403 31.0000 46.31 0.9443 0.9452 1.865482 
664.1683 49.645 79.293 0.17773 0.94001 1.122 -0.15651 31.0000 46.40 0.9446 0.9455 1.866759 
663.7134 49.721 79.326 0.17708 0.93953 1.125 -0.15900 31.0000 46.18 0.9450 0.9458 1.868038 
663.2584 49.795 79.353 0.17654 0.93911 1.122 -0.16143 31.0000 46.02 0.9452 0.9460 1.869319 
662.8034 49.872 79.382 0.17594 0.93849 1.126 -0.16396 31.0000 45.08 0.9454 0.9462 1.870603 
662.3482 49.945 79.410 0.17539 0.93813 1.129 -0.16639 31.0000 45.78 0.9457 0.9465 1.871888 
661.8929 50.021 79.437 0.17484 0.93760 1.136 -0.16889 31.0000 45.89 0.9459 0.9468 1.873176 
661.4376 50.098 79.464 0.17427 0.93696 1.136 -0.17142 31.0000 45.31 0.9462 0.9470 1.874465 
660.9821 50.174 79.493 0.17368 0.93647 1.140 -0.17392 31.0000 45.48 0.9464 0.9472 1.875757 
660.5265 50.250 79.525 0.17303 0.93592 1.143 -0.17641 31.0000 44.64 0.9465 0.9473 1.877051 
660.0708 50.328 79.555 0.17243 0.93535 1.144 -0.17896 31.0000 45.29 0.9467 0.9475 1.878347 
659.6151 50.402 79.586 0.17185 0.93504 1.147 -0.18142 31.0000 45.37 0.9471 0.9480 1.879644 
659.1592 50.479 79.619 0.17120 0.93457 1.147 -0.18397 31.0000 45.15 0.9475 0.9483 1.880945 
658.7032 50.555 79.648 0.17063 0.93407 1.144 -0.18648 31.0000 44.75 0.9478 0.9486 1.882247 
658.2471 50.631 79.674 0.17006 0.93341 1.156 -0.18894 31.0000 45.29 0.9480 0.9489 1.883551 
657.7909 50.708 79.705 0.16944 0.93281 1.158 -0.19145 31.0000 45.17 0.9483 0.9492 1.884857 
657.3346 50.785 79.737 0.16880 0.93227 1.163 -0.19396 31.0000 44.76 0.9485 0.9493 1.886166 
656.8782 50.861 79.775 0.16809 0.93186 1.169 -0.19647 31.0000 44.62 0.9486 0.9495 1.887476 
656.4218 50.937 79.805 0.16749 0.93139 1.167 -0.19898 31.0000 44.77 0.9488 0.9496 1.888788 
655.9651 51.015 79.837 0.16686 0.93084 1.176 -0.20154 31.0000 44.44 0.9490 0.9498 1.890103 
655.5084 51.092 79.868 0.16624 0.93025 1.173 -0.20404 31.0000 44.07 0.9493 0.9501 1.891420 
655.0516 51.171 79.898 0.16562 0.92963 1.181 -0.20662 31.0000 44.26 0.9494 0.9503 1.892739 
654.5947 51.245 79.933 0.16496 0.92915 1.184 -0.20904 31.0000 44.65 0.9497 0.9505 1.894060 
654.1377 51.318 79.971 0.16427 0.92887 1.182 -0.21147 31.0000 44.23 0.9499 0.9507 1.895384 
653.6806 51.393 80.005 0.16362 0.92835 1.188 -0.21393 31.0000 44.52 0.9500 0.9508 1.896709 
653.2234 51.471 80.037 0.16299 0.92787 1.193 -0.21650 31.0000 44.93 0.9502 0.9510 1.898037 
652.7661 51.547 80.076 0.16226 0.92735 1.190 -0.21898 31.0000 44.03 0.9504 0.9513 1.899366 
652.3087 51.626 80.110 0.16158 0.92678 1.196 -0.22154 31.0000 44.13 0.9506 0.9514 1.900698 
651.8511 51.703 80.151 0.16081 0.92625 1.203 -0.22407 31.0000 43.99 0.9507 0.9515 1.902032 
651.3936 51.773 80.190 0.16013 0.92608 1.211 -0.22643 31.0000 43.94 0.9510 0.9518 1.903368 
650.9358 51.852 80.229 0.15939 0.92555 1.214 -0.22901 31.0000 44.59 0.9512 0.9520 1.904707 
650.4780 51.931 80.268 0.15867 0.92509 1.210 -0.23161 31.0000 43.90 0.9515 0.9524 1.906047 
650.0201 52.012 80.307 0.15794 0.92465 1.216 -0.23429 31.0000 43.75 0.9519 0.9527 1.907390 
649.5620 52.092 80.349 0.15716 0.92420 1.216 -0.23693 31.0000 43.98 0.9521 0.9530 1.908735 
649.1039 52.177 80.385 0.15644 0.92347 1.228 -0.23967 31.0000 43.52 0.9523 0.9532 1.910082 
648.6457 52.258 80.417 0.15579 0.92280 1.230 -0.24231 31.0000 43.48 0.9527 0.9535 1.911432 
648.1873 52.342 80.455 0.15505 0.92211 1.237 -0.24503 31.0000 43.77 0.9530 0.9539 1.912783 
647.7289 52.422 80.484 0.15447 0.92155 1.246 -0.24764 31.0000 44.27 0.9533 0.9542 1.914137 
647.2703 52.502 80.526 0.15371 0.92108 1.243 -0.25027 31.0000 43.78 0.9536 0.9545 1.915493 
646.8117 52.584 80.556 0.15310 0.92043 1.247 -0.25294 31.0000 43.30 0.9538 0.9546 1.916851 
646.3530 52.672 80.595 0.15231 0.91957 1.246 -0.25575 31.0000 42.76 0.9540 0.9549 1.918212 
645.8941 52.754 80.635 0.15156 0.91895 1.263 -0.25842 31.0000 44.14 0.9542 0.9551 1.919575 
645.4351 52.839 80.671 0.15085 0.91820 1.265 -0.26116 31.0000 43.28 0.9546 0.9554 1.920940 
644.9761 52.921 80.712 0.15008 0.91769 1.269 -0.26387 31.0000 43.29 0.9548 0.9557 1.922307 
644.5169 53.004 80.742 0.14949 0.91703 1.267 -0.26656 31.0000 43.36 0.9552 0.9561 1.923676 
644.0577 53.086 80.771 0.14892 0.91653 1.269 -0.26928 31.0000 43.13 0.9554 0.9563 1.925048 
643.5983 53.165 80.806 0.14827 0.91608 1.279 -0.27191 31.0000 42.76 0.9556 0.9565 1.926422 
643.1389 53.249 80.846 0.14752 0.91551 1.286 -0.27465 31.0000 43.32 0.9560 0.9568 1.927798 
642.6793 53.330 80.884 0.14681 0.91495 1.293 -0.27731 31.0000 43.61 0.9562 0.9570 1.929177 
642.2196 53.417 80.916 0.14617 0.91419 1.291 -0.28011 31.0000 42.70 0.9565 0.9573 1.930558 
641.7598 53.504 80.955 0.14544 0.91355 1.295 -0.28294 31.0000 42.21 0.9567 0.9576 1.931941 
641.2999 53.590 80.988 0.14478 0.91292 1.301 -0.28577 31.0000 42.54 0.9571 0.9580 1.933326 
640.8400 53.678 81.023 0.14413 0.91238 1.302 -0.28869 31.0000 42.50 0.9574 0.9582 1.934714 
640.3799 53.761 81.062 0.14341 0.91184 1.318 -0.29141 31.0000 42.91 0.9576 0.9585 1.936104 
639.9197 53.847 81.097 0.14276 0.91130 1.329 -0.29426 31.0000 43.32 0.9581 0.9589 1.937496 
639.4594 53.930 81.138 0.14199 0.91073 1.326 -0.29699 31.0000 43.24 0.9583 0.9592 1.938891 
638.9990 54.023 81.175 0.14124 0.90969 1.328 -0.29992 31.0000 43.73 0.9585 0.9593 1.940288 
638.5385 54.109 81.212 0.14052 0.90898 1.334 -0.30274 31.0000 43.36 0.9588 0.9596 1.941687 
638.0779 54.202 81.250 0.13975 0.90799 1.332 -0.30569 31.0000 43.40 0.9590 0.9599 1.943089 
637.6172 54.290 81.290 0.13898 0.90719 1.336 -0.30852 31.0000 43.31 0.9592 0.9601 1.944493 
637.1564 54.382 81.330 0.13822 0.90645 1.339 -0.31150 31.0000 43.26 0.9597 0.9605 1.945899 
636.6954 54.472 81.370 0.13746 0.90567 1.354 -0.31441 31.0000 43.61 0.9600 0.9609 1.947308 
636.2344 54.561 81.400 0.13686 0.90497 1.358 -0.31733 31.0000 43.20 0.9604 0.9613 1.948719 
635.7733 54.655 81.442 0.13603 0.90397 1.356 -0.32031 31.0000 43.34 0.9606 0.9614 1.950132 
635.3121 54.746 81.483 0.13522 0.90298 1.361 -0.32319 31.0000 42.64 0.9607 0.9616 1.951548 
634.8508 54.833 81.522 0.13450 0.90234 1.365 -0.32602 31.0000 42.94 0.9611 0.9620 1.952966 
634.3893 54.926 81.563 0.13372 0.90147 1.376 -0.32903 31.0000 42.96 0.9612 0.9620 1.954387 
633.9278 55.010 81.605 0.13300 0.90122 1.381 -0.33195 31.0000 43.08 0.9615 0.9624 1.955809 
633.4662 55.104 81.650 0.13219 0.90062 1.393 -0.33506 31.0000 43.00 0.9620 0.9629 1.957235 
633.0044 55.198 81.694 0.13136 0.89981 1.394 -0.33811 31.0000 42.82 0.9624 0.9632 1.958662 
632.5425 55.294 81.740 0.13049 0.89886 1.396 -0.34117 31.0000 42.97 0.9625 0.9633 1.960093 
632.0806 55.388 81.789 0.12956 0.89793 1.405 -0.34419 31.0000 42.97 0.9629 0.9638 1.961525 
631.6186 55.483 81.840 0.12857 0.89667 1.405 -0.34710 31.0000 42.26 0.9627 0.9636 1.962960 
631.1564 55.584 81.895 0.12752 0.89548 1.422 -0.35026 31.0000 42.74 0.9631 0.9640 1.964397 
630.6942 55.692 81.931 0.12671 0.89372 1.416 -0.35344 31.0000 42.84 0.9634 0.9643 1.965837 
630.2318 55.783 81.968 0.12598 0.89274 1.429 -0.35633 31.0000 42.63 0.9641 0.9650 1.967279 
629.7693 55.874 82.014 0.12506 0.89139 1.428 -0.35909 31.0000 41.94 0.9645 0.9654 1.968724 
629.3068 55.960 82.056 0.12433 0.89096 1.435 -0.36199 31.0000 42.80 0.9651 0.9660 1.970171 
628.8441 56.057 82.105 0.12336 0.88956 1.439 -0.36493 31.0000 42.09 0.9653 0.9662 1.971620 
628.3813 56.154 82.154 0.12250 0.88894 1.442 -0.36816 31.0000 42.37 0.9660 0.9668 1.973073 
627.9184 56.249 82.201 0.12165 0.88823 1.453 -0.37132 31.0000 41.96 0.9667 0.9676 1.974527 
627.4554 56.343 82.265 0.12056 0.88766 1.454 -0.37446 31.0000 42.08 0.9672 0.9680 1.975984 
626.9923 56.435 82.307 0.11978 0.88672 1.458 -0.37743 31.0000 42.09 0.9671 0.9680 1.977444 
626.5291 56.543 82.358 0.11873 0.88495 1.456 -0.38059 31.0000 42.12 0.9666 0.9675 1.978905 
626.0658 56.633 82.415 0.11772 0.88397 1.468 -0.38342 31.0000 42.02 0.9670 0.9679 1.980370 
625.6024 56.737 82.467 0.11673 0.88273 1.483 -0.38667 31.0000 42.20 0.9674 0.9683 1.981837 
625.1389 56.846 82.550 0.11525 0.88131 1.485 -0.39001 31.0000 41.87 0.9679 0.9688 1.983306 
624.6753 56.990 82.612 0.11395 0.87878 1.493 -0.39415 31.0000 42.07 0.9674 0.9683 1.984778 
624.2115 57.099 82.688 0.11253 0.87702 1.492 -0.39734 31.0000 41.47 0.9677 0.9686 1.986253 
623.7477 57.200 82.762 0.11122 0.87575 1.490 -0.40044 31.0000 41.35 0.9686 0.9695 1.987730 
623.2838 57.270 82.840 0.11009 0.87634 1.492 -0.40327 31.0000 41.12 0.9701 0.9710 1.989209 
622.8198 57.339 82.903 0.10914 0.87658 1.506 -0.40587 31.0000 41.65 0.9710 0.9719 1.990691 
622.3557 57.385 82.896 0.10933 0.87725 1.517 -0.40790 31.0000 41.55 0.9725 0.9734 1.992176 
621.8914 57.463 82.895 0.10927 0.87667 1.521 -0.41056 31.0000 41.49 0.9735 0.9744 1.993663 
621.4271 57.539 82.880 0.10941 0.87595 1.516 -0.41311 31.0000 41.30 0.9736 0.9746 1.995153 
620.9626 57.641 82.849 0.10967 0.87409 1.513 -0.41610 31.0000 40.92 0.9735 0.9745 1.996645 
620.4980 57.772 82.824 0.10966 0.87089 1.534 -0.41951 31.0000 41.03 0.9722 0.9732 1.998140 
620.0334 57.896 82.800 0.10973 0.86865 1.529 -0.42310 31.0000 40.86 0.9721 0.9732 1.999637 
619.5687 58.045 82.765 0.10990 0.86574 1.541 -0.42732 31.0000 40.75 0.9718 0.9729 2.001137 
619.1038 58.180 82.754 0.10972 0.86300 1.537 -0.43108 31.0000 40.80 0.9718 0.9730 2.002640 
618.6388 58.306 82.748 0.10948 0.86035 1.538 -0.43454 31.0000 40.66 0.9720 0.9732 2.004145 
618.1737 58.438 82.744 0.10922 0.85785 1.550 -0.43826 31.0000 41.13 0.9725 0.9737 2.005653 
617.7086 58.594 82.733 0.10891 0.85408 1.557 -0.44225 31.0000 40.65 0.9726 0.9739 2.007163 
617.2433 58.747 82.725 0.10858 0.85057 1.548 -0.44628 31.0000 40.22 0.9725 0.9738 2.008676 
616.7779 58.891 82.728 0.10816 0.84759 1.559 -0.45015 31.0000 41.10 0.9728 0.9741 2.010192 
616.3124 59.038 82.741 0.10755 0.84437 1.570 -0.45402 31.0000 40.71 0.9726 0.9739 2.011710 
615.8468 59.182 82.759 0.10685 0.84100 1.544 -0.45770 31.0000 40.30 0.9724 0.9738 2.013231 
615.3810 59.338 82.769 0.10628 0.83760 1.556 -0.46178 31.0000 40.05 0.9725 0.9739 2.014755 
614.9153 59.500 82.782 0.10557 0.83360 1.559 -0.46576 31.0000 40.40 0.9723 0.9738 2.016281 
614.4493 59.658 82.804 0.10479 0.82997 1.554 -0.46977 31.0000 40.48 0.9721 0.9736 2.017810 
613.9833 59.820 82.834 0.10388 0.82626 1.574 -0.47384 31.0000 39.90 0.9718 0.9733 2.019341 
613.5172 59.975 82.862 0.10306 0.82291 1.552 -0.47785 31.0000 39.42 0.9718 0.9734 2.020875 
613.0510 60.139 82.892 0.10216 0.81923 1.560 -0.48201 31.0000 40.38 0.9718 0.9734 2.022412 
612.5847 60.307 82.929 0.10115 0.81547 1.568 -0.48622 31.0000 40.11 0.9717 0.9734 2.023952 
612.1182 60.474 82.971 0.10010 0.81182 1.560 -0.49047 31.0000 39.91 0.9717 0.9733 2.025494 
611.6517 60.644 83.013 0.09902 0.80803 1.589 -0.49471 31.0000 39.85 0.9715 0.9733 2.027039 
611.1850 60.808 83.061 0.09791 0.80447 1.604 -0.49887 31.0000 39.07 0.9713 0.9730 2.028587 
610.7183 60.973 83.115 0.09671 0.80091 1.570 -0.50304 31.0000 39.92 0.9711 0.9729 2.030137 
610.2514 61.142 83.163 0.09559 0.79730 1.575 -0.50731 31.0000 39.51 0.9709 0.9727 2.031690 
609.7844 61.310 83.220 0.09436 0.79370 1.568 -0.51154 31.0000 40.14 0.9707 0.9725 2.033246 
609.3173 61.479 83.288 0.09299 0.79018 1.551 -0.51585 31.0000 39.09 0.9706 0.9724 2.034805 
608.8502 61.645 83.358 0.09162 0.78681 1.560 -0.52014 31.0000 38.96 0.9705 0.9723 2.036366 
608.3829 61.817 83.437 0.09011 0.78322 1.568 -0.52446 31.0000 39.27 0.9701 0.9720 2.037930 
607.9155 61.978 83.514 0.08868 0.77998 1.534 -0.52863 31.0000 39.38 0.9700 0.9719 2.039497 
607.4480 62.144 83.596 0.08718 0.77669 1.526 -0.53291 31.0000 39.38 0.9699 0.9718 2.041067 
606.9804 62.307 83.682 0.08564 0.77359 1.522 -0.53721 31.0000 38.41 0.9696 0.9715 2.042639 
606.5127 62.471 83.769 0.08412 0.77044 1.562 -0.54150 31.0000 37.94 0.9696 0.9714 2.044214 
606.0449 62.632 83.866 0.08247 0.76738 1.550 -0.54575 31.0000 38.39 0.9693 0.9712 2.045792 
605.5770 62.797 83.970 0.08072 0.76419 1.543 -0.55002 31.0000 38.26 0.9691 0.9710 2.047373 
605.1089 62.961 84.075 0.07899 0.76105 1.546 -0.55431 31.0000 38.51 0.9692 0.9711 2.048957 
604.6408 63.124 84.173 0.07735 0.75797 1.550 -0.55860 31.0000 38.76 0.9692 0.9711 2.050543 
604.1726 63.282 84.283 0.07560 0.75517 1.541 -0.56291 31.0000 37.90 0.9692 0.9711 2.052132 
603.7042 63.437 84.405 0.07372 0.75251 1.495 -0.56716 31.0000 38.12 0.9693 0.9711 2.053724 
603.2358 63.593 84.528 0.07182 0.74976 1.526 -0.57140 31.0000 37.86 0.9694 0.9712 2.055319 
602.7673 63.747 84.656 0.06988 0.74707 1.480 -0.57560 31.0000 37.19 0.9694 0.9712 2.056916 
602.2986 63.899 84.783 0.06795 0.74426 1.503 -0.57967 31.0000 37.99 0.9694 0.9712 2.058517 
601.8298 64.060 84.914 0.06597 0.74131 1.483 -0.58397 31.0000 37.70 0.9695 0.9713 2.060121 
601.3610 64.216 85.051 0.06395 0.73848 1.484 -0.58817 31.0000 37.37 0.9695 0.9713 2.061726 
600.8920 64.371 85.190 0.06191 0.73579 1.489 -0.59244 31.0000 37.43 0.9696 0.9714 2.063336 
600.4229 64.519 85.333 0.05986 0.73326 1.494 -0.59658 31.0000 37.00 0.9697 0.9714 2.064948 
599.9537 64.668 85.479 0.05779 0.73075 1.513 -0.60077 31.0000 37.62 0.9699 0.9716 2.066563 
599.4844 64.812 85.627 0.05570 0.72843 1.503 -0.60490 31.0000 37.31 0.9701 0.9718 2.068181 
599.0150 64.956 85.789 0.05347 0.72615 1.490 -0.60905 31.0000 36.49 0.9703 0.9720 2.069801 
598.5455 65.104 85.940 0.05136 0.72360 1.478 -0.61321 31.0000 36.27 0.9703 0.9719 2.071425 
598.0759 65.250 86.093 0.04926 0.72119 1.494 -0.61740 31.0000 36.98 0.9705 0.9721 2.073051 
597.6062 65.397 86.261 0.04696 0.71865 1.473 -0.62151 31.0000 36.49 0.9706 0.9722 2.074680 
597.1364 65.530 86.424 0.04479 0.71665 1.456 -0.62550 31.0000 36.44 0.9710 0.9725 2.076313 
596.6664 65.664 86.591 0.04258 0.71467 1.453 -0.62957 31.0000 36.21 0.9713 0.9728 2.077948 
596.1964 65.807 86.765 0.04026 0.71235 1.440 -0.63375 31.0000 35.86 0.9715 0.9729 2.079586 
595.7263 65.937 86.934 0.03804 0.71034 1.452 -0.63766 31.0000 36.12 0.9721 0.9734 2.081227 
595.2560 66.072 87.113 0.03571 0.70803 1.430 -0.64155 31.0000 35.68 0.9725 0.9739 2.082872 
594.7857 66.203 87.291 0.03339 0.70575 1.435 -0.64530 31.0000 35.85 0.9727 0.9740 2.084519 
594.3152 66.336 87.466 0.03113 0.70344 1.416 -0.64910 31.0000 35.46 0.9731 0.9744 2.086169 
593.8447 66.463 87.641 0.02889 0.70129 1.421 -0.65281 31.0000 35.71 0.9738 0.9750 2.087822 
593.3740 66.590 87.817 0.02665 0.69912 1.406 -0.65654 31.0000 35.40 0.9741 0.9753 2.089478 
592.9032 66.704 87.977 0.02464 0.69755 1.395 -0.66025 31.0000 35.75 0.9751 0.9763 2.091137 
592.4323 66.817 88.138 0.02262 0.69596 1.384 -0.66389 31.0000 34.81 0.9756 0.9767 2.092799 
591.9613 66.915 88.312 0.02048 0.69490 1.375 -0.66739 31.0000 34.83 0.9763 0.9774 2.094464 
591.4902 67.037 88.493 0.01824 0.69307 1.370 -0.67126 31.0000 34.73 0.9766 0.9777 2.096133 
591.0190 67.153 88.665 0.01611 0.69163 1.352 -0.67527 31.0000 34.27 0.9772 0.9782 2.097804 
590.5477 67.280 88.849 0.01385 0.68943 1.343 -0.67906 31.0000 34.21 0.9776 0.9786 2.099478 
590.0763 67.385 89.014 0.01185 0.68824 1.330 -0.68283 31.0000 34.33 0.9782 0.9792 2.101155 
589.6048 67.498 89.189 0.00971 0.68626 1.321 -0.68622 31.0000 33.96 0.9785 0.9795 2.102836 
589.1331 67.616 89.363 0.00760 0.68419 1.311 -0.68981 31.0000 33.90 0.9788 0.9797 2.104519 
588.6614 67.739 89.511 0.00582 0.68180 1.304 -0.69328 31.0000 34.19 0.9793 0.9802 2.106206 
588.1896 67.854 89.673 0.00388 0.67974 1.301 -0.69678 31.0000 34.25 0.9802 0.9811 2.107895 
587.7176 67.944 89.816 0.00218 0.67864 1.280 -0.70003 31.0000 32.94 0.9816 0.9824 2.109588 
587.2455 68.063 89.956 0.00052 0.67663 1.261 -0.70374 31.0000 32.78 0.9823 0.9832 2.111284 
586.7734 68.168 90.086 -0.00101 0.67481 1.260 -0.70702 31.0000 33.61 0.9830 0.9838 2.112983 
586.3011 68.275 90.166 -0.00194 0.67282 1.250 -0.71023 31.0000 33.63 0.9836 0.9844 2.114685 
585.8287 68.329 90.234 -0.00275 0.67233 1.244 -0.71239 31.0000 33.91 0.9848 0.9857 2.116390 
585.3563 68.422 90.281 -0.00329 0.67086 1.223 -0.71550 31.0000 33.09 0.9856 0.9864 2.118098 
584.8837 68.529 90.318 -0.00371 0.66893 1.206 -0.71881 31.0000 32.50 0.9858 0.9867 2.119809 
584.4109 68.689 90.358 -0.00415 0.66479 1.204 -0.72242 31.0000 32.36 0.9856 0.9865 2.121524 
583.9382 68.852 90.380 -0.00438 0.66062 1.193 -0.72615 31.0000 32.31 0.9858 0.9867 2.123242 
583.4652 69.057 90.500 -0.00572 0.65534 1.183 -0.73080 31.0000 32.64 0.9854 0.9863 2.124963 
582.9922 69.245 90.608 -0.00690 0.65056 1.160 -0.73510 31.0000 32.25 0.9851 0.9860 2.126687 
582.5191 69.442 90.728 -0.00821 0.64544 1.155 -0.73954 31.0000 32.37 0.9856 0.9865 2.128414 
582.0458 69.622 90.860 -0.00962 0.64087 1.143 -0.74369 31.0000 31.49 0.9864 0.9873 2.130145 
581.5725 69.764 90.973 -0.01083 0.63756 1.133 -0.74732 31.0000 31.82 0.9881 0.9891 2.131878 
581.0991 69.934 91.109 -0.01226 0.63314 1.125 -0.75117 31.0000 31.47 0.9888 0.9897 2.133615 
580.6255 70.075 91.261 -0.01385 0.62938 1.113 -0.75425 31.0000 31.45 0.9896 0.9906 2.135356 
580.1519 70.232 91.398 -0.01526 0.62527 1.100 -0.75776 31.0000 30.85 0.9904 0.9913 2.137099 
579.6780 70.407 91.534 -0.01662 0.62070 1.091 -0.76171 31.0000 30.97 0.9909 0.9918 2.138846 
579.2042 70.585 91.690 -0.01817 0.61581 1.081 -0.76545 31.0000 31.44 0.9910 0.9919 2.140595 
578.7302 70.736 91.842 -0.01968 0.61198 1.067 -0.76898 31.0000 31.21 0.9913 0.9922 2.142349 
578.2561 70.894 92.009 -0.02132 0.60778 1.056 -0.77249 31.0000 30.65 0.9917 0.9927 2.144105 
577.7819 71.072 92.179 -0.02293 0.60282 1.042 -0.77616 31.0000 30.69 0.9920 0.9930 2.145865 
577.3076 71.247 92.340 -0.02443 0.59801 1.038 -0.77984 31.0000 30.67 0.9926 0.9936 2.147628 
576.8332 71.427 92.497 -0.02586 0.59315 1.022 -0.78374 31.0000 30.04 0.9932 0.9941 2.149394 
576.3586 71.601 92.678 -0.02752 0.58834 1.013 -0.78734 31.0000 29.65 0.9934 0.9943 2.151164 
575.8840 71.768 92.848 -0.02904 0.58385 1.001 -0.79103 31.0000 30.42 0.9940 0.9949 2.152937 
575.4093 71.943 93.029 -0.03064 0.57901 0.997 -0.79474 31.0000 30.50 0.9946 0.9955 2.154713 
574.9344 72.116 93.202 -0.03213 0.57421 0.982 -0.79835 31.0000 29.75 0.9953 0.9962 2.156493 
574.4595 72.301 93.396 -0.03376 0.56891 0.975 -0.80201 31.0000 30.04 0.9957 0.9967 2.158276 
573.9844 72.481 93.588 -0.03535 0.56379 0.959 -0.80561 31.0000 29.29 0.9961 0.9971 2.160062 
573.5092 72.659 93.776 -0.03687 0.55872 0.955 -0.80918 31.0000 29.78 0.9966 0.9976 2.161852 
573.0339 72.840 93.975 -0.03847 0.55353 0.946 -0.81278 31.0000 29.02 0.9969 0.9979 2.163645 
572.5586 73.019 94.182 -0.04009 0.54838 0.931 -0.81634 31.0000 29.11 0.9971 0.9981 2.165441 
572.0831 73.198 94.385 -0.04165 0.54323 0.917 -0.81990 31.0000 29.07 0.9974 0.9984 2.167241 
571.6075 73.377 94.589 -0.04319 0.53804 0.911 -0.82343 31.0000 28.78 0.9978 0.9989 2.169044 
571.1318 73.556 94.818 -0.04491 0.53283 0.904 -0.82693 31.0000 28.18 0.9982 0.9993 2.170851 
570.6559 73.735 95.042 -0.04655 0.52761 0.893 -0.83042 31.0000 28.77 0.9986 0.9996 2.172661 
570.1801 73.917 95.274 -0.04821 0.52223 0.878 -0.83389 31.0000 28.23 0.9988 0.9998 2.174474 
569.7040 74.102 95.515 -0.04988 0.51665 0.874 -0.83727 31.0000 27.82 0.9989 1.0000 2.176291 
569.2278 74.278 95.752 -0.05152 0.51144 0.868 -0.84067 31.0000 28.16 0.9995 1.0006 2.178112 
568.7516 74.462 95.994 -0.05313 0.50597 0.857 -0.84418 31.0000 27.48 0.9997 1.0008 2.179936 
568.2753 74.644 96.247 -0.05478 0.50047 0.844 -0.84751 31.0000 27.24 1.0001 1.0012 2.181763 
567.7988 74.827 96.497 -0.05636 0.49489 0.836 -0.85079 31.0000 27.40 1.0004 1.0016 2.183594 
567.3222 75.014 96.758 -0.05796 0.48911 0.834 -0.85405 31.0000 27.43 1.0009 1.0020 2.185428 
566.8455 75.199 97.022 -0.05955 0.48343 0.824 -0.85737 31.0000 26.92 1.0012 1.0024 2.187266 
566.3687 75.383 97.295 -0.06116 0.47774 0.815 -0.86059 31.0000 27.12 1.0014 1.0026 2.189107 
565.8918 75.570 97.587 -0.06285 0.47191 0.801 -0.86385 31.0000 26.82 1.0017 1.0029 2.190952 
565.4149 75.756 97.882 -0.06452 0.46610 0.793 -0.86705 31.0000 26.50 1.0020 1.0032 2.192800 
564.9377 75.944 98.179 -0.06613 0.46011 0.787 -0.87017 31.0000 26.75 1.0022 1.0034 2.194653 
564.4605 76.136 98.483 -0.06772 0.45403 0.783 -0.87331 31.0000 26.35 1.0024 1.0037 2.196508 
563.9832 76.331 98.802 -0.06933 0.44778 0.775 -0.87647 31.0000 26.12 1.0026 1.0039 2.198367 
563.5057 76.525 99.125 -0.07092 0.44156 0.761 -0.87958 31.0000 25.52 1.0028 1.0041 2.200230 
563.0282 76.720 99.456 -0.07250 0.43529 0.759 -0.88273 31.0000 25.72 1.0032 1.0044 2.202096 
562.5505 76.915 99.797 -0.07407 0.42896 0.751 -0.88580 31.0000 25.33 1.0035 1.0048 2.203966 
562.0728 77.110 100.159 -0.07572 0.42256 0.747 -0.88878 31.0000 25.80 1.0040 1.0053 2.205839 
561.5948 77.304 100.515 -0.07725 0.41618 0.729 -0.89175 31.0000 25.16 1.0042 1.0055 2.207716 
561.1169 77.498 100.893 -0.07885 0.40976 0.727 -0.89471 31.0000 25.01 1.0043 1.0056 2.209597 
560.6388 77.696 101.278 -0.08041 0.40322 0.720 -0.89768 31.0000 24.95 1.0045 1.0058 2.211481 
560.1606 77.894 101.677 -0.08197 0.39661 0.718 -0.90061 31.0000 24.78 1.0047 1.0061 2.213369 
559.6823 78.095 102.075 -0.08340 0.38987 0.709 -0.90350 31.0000 24.96 1.0050 1.0064 2.215260 
559.2039 78.294 102.484 -0.08482 0.38312 0.703 -0.90629 31.0000 24.78 1.0052 1.0066 2.217155 
558.7253 78.491 102.918 -0.08633 0.37640 0.696 -0.90900 31.0000 24.86 1.0055 1.0069 2.219055 
558.2467 78.687 103.362 -0.08782 0.36971 0.689 -0.91174 31.0000 24.23 1.0057 1.0071 2.220957 
557.7679 78.885 103.824 -0.08930 0.36290 0.683 -0.91443 31.0000 24.15 1.0058 1.0072 2.222864 
557.2891 79.085 104.300 -0.09074 0.35598 0.673 -0.91711 31.0000 24.13 1.0061 1.0076 2.224773 
556.8102 79.285 104.803 -0.09223 0.34902 0.672 -0.91974 31.0000 23.87 1.0063 1.0078 2.226687 
556.3311 79.483 105.324 -0.09374 0.34207 0.666 -0.92231 31.0000 23.14 1.0066 1.0080 2.228604 
555.8519 79.684 105.873 -0.09524 0.33492 0.661 -0.92484 31.0000 23.47 1.0068 1.0082 2.230525 
555.3726 79.887 106.431 -0.09664 0.32771 0.654 -0.92732 31.0000 23.14 1.0071 1.0086 2.232451 
554.8932 80.085 107.004 -0.09805 0.32065 0.647 -0.92979 31.0000 23.52 1.0072 1.0087 2.234379 
554.4137 80.284 107.601 -0.09945 0.31348 0.644 -0.93219 31.0000 23.24 1.0073 1.0088 2.236312 
553.9341 80.482 108.232 -0.10090 0.30629 0.643 -0.93467 31.0000 23.32 1.0075 1.0090 2.238248 
553.4543 80.677 108.889 -0.10235 0.29912 0.633 -0.93698 31.0000 22.53 1.0075 1.0090 2.240188 
552.9745 80.877 109.577 -0.10374 0.29171 0.622 -0.93915 31.0000 22.45 1.0077 1.0092 2.242132 
552.4946 81.077 110.292 -0.10511 0.28427 0.623 -0.94133 31.0000 22.42 1.0080 1.0095 2.244080 
552.0145 81.276 111.044 -0.10648 0.27675 0.618 -0.94349 31.0000 22.32 1.0082 1.0097 2.246031 
551.5344 81.474 111.828 -0.10785 0.26926 0.616 -0.94559 31.0000 22.27 1.0084 1.0099 2.247986 
551.0541 81.670 112.649 -0.10921 0.26172 0.608 -0.94766 31.0000 22.20 1.0085 1.0100 2.249946 
550.5737 81.867 113.497 -0.11047 0.25411 0.607 -0.94962 31.0000 22.06 1.0088 1.0104 2.251909 
550.0933 82.061 114.374 -0.11171 0.24655 0.601 -0.95160 31.0000 22.33 1.0090 1.0105 2.253876 
549.6127 82.258 115.326 -0.11300 0.23878 0.597 -0.95354 31.0000 22.10 1.0093 1.0109 2.255847 
549.1320 82.451 116.313 -0.11425 0.23104 0.594 -0.95539 31.0000 21.54 1.0096 1.0112 2.257821 
548.6511 82.643 117.358 -0.11552 0.22326 0.589 -0.95719 31.0000 21.27 1.0100 1.0116 2.259800 
548.1702 82.835 118.468 -0.11676 0.21533 0.585 -0.95887 31.0000 21.36 1.0103 1.0119 2.261783 
547.6891 83.024 119.629 -0.11797 0.20743 0.577 -0.96052 31.0000 21.07 1.0105 1.0120 2.263770 
547.2080 83.210 120.854 -0.11920 0.19952 0.576 -0.96216 31.0000 21.02 1.0108 1.0124 2.265760 
546.7267 83.393 122.151 -0.12043 0.19160 0.575 -0.96379 31.0000 21.14 1.0110 1.0126 2.267755 
546.2454 83.574 123.506 -0.12155 0.18360 0.568 -0.96516 31.0000 20.76 1.0111 1.0128 2.269752 
545.7639 83.749 124.922 -0.12269 0.17573 0.566 -0.96655 31.0000 20.40 1.0113 1.0130 2.271755 
545.2823 83.922 126.423 -0.12378 0.16775 0.564 -0.96791 31.0000 20.53 1.0114 1.0130 2.273762 
544.8007 84.093 128.043 -0.12494 0.15967 0.558 -0.96927 31.0000 20.02 1.0115 1.0131 2.275771 
544.3188 84.257 129.749 -0.12609 0.15161 0.557 -0.97046 31.0000 20.02 1.0116 1.0132 2.277786 
543.8369 84.421 131.569 -0.12718 0.14340 0.554 -0.97166 31.0000 20.00 1.0119 1.0135 2.279805 
543.3549 84.578 133.471 -0.12821 0.13524 0.545 -0.97281 31.0000 19.59 1.0120 1.0136 2.281827 
542.8728 84.731 135.466 -0.12916 0.12707 0.545 -0.97391 31.0000 19.46 1.0121 1.0137 2.283853 
542.3905 84.874 137.605 -0.13024 0.11891 0.539 -0.97503 31.0000 19.57 1.0120 1.0136 2.285884 
541.9082 85.009 139.848 -0.13129 0.11076 0.544 -0.97600 31.0000 19.35 1.0119 1.0135 2.287919 
541.4257 85.136 142.239 -0.13241 0.10256 0.538 -0.97688 31.0000 19.03 1.0118 1.0133 2.289958 
540.9431 85.258 144.729 -0.13334 0.09431 0.533 -0.97761 31.0000 18.71 1.0120 1.0136 2.292001 
540.4604 85.371 147.362 -0.13429 0.08601 0.529 -0.97832 31.0000 18.89 1.0120 1.0136 2.294048 
539.9777 85.474 150.126 -0.13526 0.07769 0.533 -0.97900 31.0000 19.03 1.0120 1.0136 2.296098 
539.4948 85.568 153.033 -0.13617 0.06928 0.529 -0.97960 31.0000 18.68 1.0120 1.0136 2.298154 
539.0118 85.649 156.083 -0.13714 0.06082 0.523 -0.98017 31.0000 18.45 1.0121 1.0137 2.300213 
538.5286 85.721 159.181 -0.13795 0.05245 0.520 -0.98064 31.0000 18.08 1.0122 1.0138 2.302277 
538.0454 85.780 162.389 -0.13875 0.04404 0.515 -0.98101 31.0000 18.02 1.0123 1.0138 2.304344 
537.5621 85.826 165.697 -0.13951 0.03557 0.514 -0.98122 31.0000 17.80 1.0124 1.0139 2.306416 
537.0786 85.859 169.078 -0.14029 0.02707 0.512 -0.98143 31.0000 17.53 1.0122 1.0138 2.308492 
536.5950 85.878 172.507 -0.14100 0.01855 0.511 -0.98155 31.0000 17.37 1.0122 1.0138 2.310573 
536.1114 85.879 175.964 -0.14185 0.01001 0.514 -0.98166 31.0000 17.72 1.0119 1.0135 2.312657 
535.6276 85.867 179.419 -0.14261 0.00145 0.509 -0.98178 31.0000 16.92 1.0115 1.0130 2.314746 
535.1437 85.845 182.821 -0.14322 -0.00706 0.506 -0.98169 31.0000 17.10 1.0113 1.0129 2.316839 
534.6597 85.808 186.171 -0.14385 -0.01555 0.505 -0.98162 31.0000 16.95 1.0110 1.0125 2.318936 
534.1756 85.753 189.493 -0.14457 -0.02417 0.499 -0.98153 31.0000 16.50 1.0104 1.0120 2.321038 
533.6913 85.686 192.709 -0.14523 -0.03275 0.498 -0.98112 31.0000 16.20 1.0101 1.0116 2.323144 
533.2070 85.606 195.857 -0.14585 -0.04143 0.499 -0.98075 31.0000 16.20 1.0100 1.0116 2.325254 
532.7226 85.519 198.841 -0.14632 -0.04993 0.502 -0.98027 31.0000 15.93 1.0102 1.0117 2.327369 
532.2380 85.419 201.709 -0.14678 -0.05844 0.490 -0.97957 31.0000 15.78 1.0101 1.0117 2.329488 
531.7534 85.304 204.520 -0.14732 -0.06720 0.492 -0.97896 31.0000 15.72 1.0101 1.0116 2.331611 
531.2686 85.182 207.197 -0.14773 -0.07592 0.495 -0.97823 31.0000 15.82 1.0100 1.0115 2.333738 
530.7837 85.044 209.759 -0.14828 -0.08478 0.493 -0.97743 31.0000 15.41 1.0099 1.0114 2.335870 
530.2987 84.902 212.140 -0.14874 -0.09345 0.487 -0.97674 31.0000 15.01 1.0096 1.0111 2.338007 
529.8136 84.750 214.444 -0.14915 -0.10230 0.491 -0.97580 31.0000 15.12 1.0095 1.0110 2.340147 
529.3284 84.589 216.637 -0.14953 -0.11120 0.481 -0.97479 31.0000 14.85 1.0092 1.0107 2.342292 
528.8430 84.426 218.654 -0.14984 -0.11985 0.485 -0.97370 31.0000 14.85 1.0091 1.0107 2.344442 
528.3576 84.252 220.632 -0.15009 -0.12879 0.489 -0.97246 31.0000 14.56 1.0090 1.0106 2.346596 
527.8720 84.073 222.456 -0.15038 -0.13758 0.484 -0.97112 31.0000 14.29 1.0089 1.0105 2.348755 
527.3864 83.891 224.183 -0.15059 -0.14636 0.483 -0.96972 31.0000 14.18 1.0086 1.0102 2.350917 
526.9006 83.701 225.803 -0.15084 -0.15513 0.482 -0.96813 31.0000 14.04 1.0086 1.0101 2.353085 
526.4147 83.508 227.343 -0.15102 -0.16391 0.481 -0.96660 31.0000 13.59 1.0085 1.0100 2.355257 
525.9287 83.314 228.804 -0.15110 -0.17263 0.475 -0.96503 31.0000 13.67 1.0086 1.0102 2.357433 
525.4426 83.112 230.181 -0.15124 -0.18141 0.482 -0.96331 31.0000 13.73 1.0085 1.0101 2.359614 
524.9564 82.910 231.460 -0.15137 -0.19003 0.477 -0.96158 31.0000 13.19 1.0085 1.0100 2.361800 
524.4700 82.708 232.679 -0.15141 -0.19861 0.477 -0.95991 31.0000 13.01 1.0085 1.0100 2.363990 
523.9836 82.495 233.858 -0.15149 -0.20743 0.474 -0.95799 31.0000 12.89 1.0084 1.0099 2.366185 
523.4971 82.276 234.993 -0.15154 -0.21637 0.477 -0.95593 31.0000 12.70 1.0085 1.0100 2.368384 
523.0104 82.058 236.047 -0.15157 -0.22511 0.473 -0.95373 31.0000 12.44 1.0083 1.0098 2.370588 
522.5236 81.839 237.071 -0.15148 -0.23389 0.476 -0.95156 31.0000 12.14 1.0084 1.0099 2.372796 
522.0367 81.619 238.035 -0.15139 -0.24260 0.475 -0.94945 31.0000 12.12 1.0083 1.0098 2.375009 
521.5497 81.399 238.964 -0.15117 -0.25124 0.469 -0.94712 31.0000 11.91 1.0086 1.0101 2.377227 
521.0626 81.177 239.857 -0.15091 -0.25989 0.470 -0.94474 31.0000 11.76 1.0088 1.0103 2.379449 
520.5754 80.952 240.688 -0.15076 -0.26852 0.470 -0.94241 31.0000 11.75 1.0087 1.0102 2.381676 
520.0881 80.718 241.507 -0.15056 -0.27738 0.474 -0.93979 31.0000 11.66 1.0088 1.0103 2.383908 
519.6006 80.484 242.281 -0.15037 -0.28618 0.469 -0.93719 31.0000 11.45 1.0090 1.0105 2.386144 
519.1131 80.248 243.015 -0.15019 -0.29496 0.470 -0.93446 31.0000 11.54 1.0090 1.0105 2.388385 
518.6254 80.012 243.737 -0.14987 -0.30373 0.470 -0.93174 31.0000 11.09 1.0088 1.0103 2.390631 
518.1377 79.784 244.392 -0.14956 -0.31205 0.469 -0.92889 31.0000 10.93 1.0085 1.0100 2.392881 
517.6498 79.550 245.037 -0.14925 -0.32060 0.465 -0.92605 31.0000 10.54 1.0086 1.0101 2.395137 
517.1618 79.315 245.664 -0.14884 -0.32908 0.469 -0.92302 31.0000 10.43 1.0085 1.0099 2.397397 
516.6737 79.075 246.271 -0.14842 -0.33764 0.465 -0.91980 31.0000 10.23 1.0082 1.0096 2.399661 
516.1855 78.833 246.849 -0.14806 -0.34627 0.465 -0.91669 31.0000 10.14 1.0082 1.0096 2.401931 
515.6971 78.591 247.418 -0.14758 -0.35486 0.472 -0.91349 31.0000 10.11 1.0082 1.0096 2.404206 
515.2087 78.350 247.972 -0.14704 -0.36343 0.468 -0.91030 31.0000 10.15 1.0081 1.0094 2.406485 
514.7202 78.105 248.510 -0.14646 -0.37200 0.465 -0.90691 31.0000 9.99 1.0083 1.0097 2.408769 
514.2314 77.857 249.020 -0.14595 -0.38061 0.465 -0.90341 31.0000 9.99 1.0083 1.0096 2.411058 
513.7427 77.616 249.506 -0.14535 -0.38889 0.470 -0.89978 31.0000 10.09 1.0084 1.0097 2.413352 
513.2538 77.367 249.983 -0.14477 -0.39739 0.468 -0.89607 31.0000 9.78 1.0086 1.0099 2.415651 
512.7648 77.127 250.431 -0.14415 -0.40551 0.467 -0.89243 31.0000 9.86 1.0083 1.0096 2.417955 
512.2757 76.886 250.871 -0.14348 -0.41368 0.467 -0.88873 31.0000 9.87 1.0080 1.0093 2.420263 
511.7864 76.640 251.298 -0.14286 -0.42200 0.466 -0.88505 31.0000 9.86 1.0078 1.0091 2.422577 
511.2971 76.396 251.711 -0.14216 -0.43013 0.471 -0.88114 31.0000 9.91 1.0078 1.0091 2.424895 
510.8076 76.155 252.121 -0.14134 -0.43815 0.464 -0.87724 31.0000 9.68 1.0080 1.0093 2.427219 
510.3181 75.905 252.509 -0.14064 -0.44631 0.473 -0.87312 31.0000 9.62 1.0075 1.0088 2.429547 
509.8284 75.660 252.873 -0.13997 -0.45423 0.469 -0.86887 31.0000 9.58 1.0067 1.0080 2.431881 
509.3386 75.414 253.249 -0.13911 -0.46218 0.471 -0.86465 31.0000 9.62 1.0060 1.0072 2.434219 
508.8488 75.167 253.607 -0.13831 -0.47013 0.466 -0.86031 31.0000 9.41 1.0057 1.0069 2.436563 
508.3587 74.916 253.965 -0.13743 -0.47815 0.469 -0.85591 31.0000 9.48 1.0052 1.0064 2.438912 
507.8686 74.668 254.313 -0.13653 -0.48613 0.475 -0.85160 31.0000 9.44 1.0046 1.0058 2.441265 
507.3784 74.421 254.648 -0.13560 -0.49392 0.477 -0.84711 31.0000 9.45 1.0044 1.0056 2.443624 
506.8880 74.179 254.965 -0.13467 -0.50136 0.473 -0.84244 31.0000 9.10 1.0036 1.0048 2.445988 
506.3976 73.929 255.282 -0.13373 -0.50907 0.475 -0.83768 31.0000 9.04 1.0031 1.0043 2.448357 
505.9070 73.687 255.585 -0.13277 -0.51653 0.467 -0.83309 31.0000 8.91 1.0023 1.0034 2.450731 
505.4163 73.433 255.892 -0.13179 -0.52440 0.473 -0.82840 31.0000 8.97 1.0021 1.0033 2.453110 
504.9255 73.182 256.191 -0.13078 -0.53210 0.471 -0.82357 31.0000 8.93 1.0016 1.0027 2.455495 
504.4346 72.935 256.480 -0.12973 -0.53954 0.477 -0.81869 31.0000 9.02 1.0008 1.0019 2.457884 
503.9436 72.691 256.760 -0.12867 -0.54688 0.476 -0.81383 31.0000 8.93 0.9996 1.0007 2.460279 
503.4525 72.445 257.034 -0.12758 -0.55411 0.479 -0.80876 31.0000 8.81 0.9985 0.9996 2.462679 
502.9612 72.196 257.311 -0.12643 -0.56151 0.483 -0.80368 31.0000 8.97 0.9978 0.9989 2.465085 
502.4698 71.945 257.567 -0.12541 -0.56887 0.485 -0.79857 31.0000 8.95 0.9967 0.9978 2.467495 
501.9784 71.698 257.826 -0.12424 -0.57588 0.490 -0.79314 31.0000 8.89 0.9962 0.9972 2.469911 
501.4868 71.454 258.088 -0.12294 -0.58279 0.487 -0.78779 31.0000 9.03 0.9954 0.9965 2.472332 
500.9951 71.205 258.349 -0.12163 -0.58986 0.488 -0.78235 31.0000 8.80 0.9946 0.9956 2.474759 
500.5033 70.946 258.597 -0.12047 -0.59733 0.478 -0.77690 31.0000 8.46 0.9937 0.9947 2.477190 
500.0114 70.698 258.841 -0.11920 -0.60425 0.478 -0.77139 31.0000 8.57 0.9929 0.9939 2.479627 
499.5193 70.448 259.075 -0.11797 -0.61118 0.492 -0.76583 31.0000 8.74 0.9919 0.9929 2.482070 
499.0272 70.205 259.305 -0.11668 -0.61783 0.494 -0.76029 31.0000 8.54 0.9907 0.9917 2.484518 
498.5349 69.956 259.540 -0.11531 -0.62458 0.491 -0.75459 31.0000 8.31 0.9896 0.9906 2.486971 
498.0426 69.702 259.766 -0.11401 -0.63147 0.486 -0.74877 31.0000 8.14 0.9886 0.9896 2.489429 
497.5501 69.455 259.985 -0.11270 -0.63813 0.477 -0.74306 31.0000 7.88 0.9872 0.9882 2.491894 
497.0575 69.194 260.203 -0.11141 -0.64525 0.488 -0.73721 31.0000 8.12 0.9860 0.9870 2.494363 
496.5648 68.936 260.423 -0.11004 -0.65218 0.494 -0.73126 31.0000 7.73 0.9854 0.9863 2.496838 
496.0720 68.683 260.631 -0.10870 -0.65885 0.492 -0.72531 31.0000 7.68 0.9841 0.9851 2.499318 
495.5790 68.433 260.842 -0.10725 -0.66524 0.499 -0.71919 31.0000 7.48 0.9830 0.9840 2.501805 
495.0860 68.174 261.042 -0.10590 -0.67186 0.492 -0.71294 31.0000 7.28 0.9823 0.9833 2.504296 
494.5928 67.927 261.232 -0.10458 -0.67809 0.501 -0.70685 31.0000 7.66 0.9804 0.9814 2.506793 
494.0995 67.678 261.424 -0.10319 -0.68427 0.510 -0.70068 31.0000 7.63 0.9796 0.9805 2.509296 
493.6062 67.434 261.610 -0.10179 -0.69016 0.511 -0.69441 31.0000 7.58 0.9788 0.9797 2.511804 
493.1127 67.190 261.802 -0.10029 -0.69618 0.508 -0.68829 31.0000 7.41 0.9777 0.9787 2.514318 
492.6190 66.930 261.998 -0.09878 -0.70262 0.514 -0.68185 31.0000 7.50 0.9765 0.9775 2.516837 
492.1253 66.670 262.189 -0.09727 -0.70906 0.514 -0.67536 31.0000 7.78 0.9753 0.9763 2.519362 
491.6315 66.419 262.369 -0.09581 -0.71508 0.505 -0.66899 31.0000 7.70 0.9742 0.9752 2.521893 
491.1375 66.161 262.554 -0.09426 -0.72123 0.491 -0.66236 31.0000 7.55 0.9728 0.9738 2.524429 
490.6435 65.907 262.730 -0.09278 -0.72727 0.492 -0.65583 31.0000 7.45 0.9716 0.9726 2.526971 
490.1493 65.654 262.914 -0.09114 -0.73320 0.506 -0.64925 31.0000 7.44 0.9705 0.9715 2.529519 
489.6550 65.399 263.090 -0.08957 -0.73903 0.499 -0.64252 31.0000 7.60 0.9694 0.9703 2.532072 
489.1606 65.143 263.266 -0.08796 -0.74491 0.513 -0.63579 31.0000 7.71 0.9682 0.9692 2.534631 
488.6661 64.885 263.435 -0.08640 -0.75075 0.510 -0.62895 31.0000 7.58 0.9671 0.9681 2.537196 
488.1714 64.623 263.598 -0.08491 -0.75674 0.494 -0.62206 31.0000 7.30 0.9662 0.9672 2.539768 
487.6767 64.361 263.761 -0.08337 -0.76266 0.508 -0.61511 31.0000 7.54 0.9648 0.9657 2.542344 
487.1818 64.110 263.922 -0.08180 -0.76827 0.500 -0.60843 31.0000 7.45 0.9636 0.9646 2.544927 
486.6869 63.851 264.077 -0.08030 -0.77400 0.502 -0.60146 31.0000 7.23 0.9624 0.9634 2.547514 
486.1918 63.599 264.238 -0.07867 -0.77959 0.490 -0.59471 31.0000 7.09 0.9612 0.9622 2.550109 
485.6966 63.352 264.392 -0.07706 -0.78476 0.508 -0.58786 31.0000 7.21 0.9598 0.9608 2.552709 
485.2013 63.085 264.544 -0.07552 -0.79069 0.514 -0.58070 31.0000 7.59 0.9586 0.9596 2.555314 
484.7058 62.832 264.699 -0.07387 -0.79610 0.515 -0.57373 31.0000 7.62 0.9571 0.9581 2.557927 
484.2103 62.575 264.846 -0.07230 -0.80158 0.504 -0.56669 31.0000 7.54 0.9557 0.9568 2.560544 
483.7146 62.308 264.993 -0.07074 -0.80734 0.508 -0.55943 31.0000 7.83 0.9548 0.9558 2.563168 
483.2189 62.050 265.145 -0.06904 -0.81283 0.510 -0.55230 31.0000 8.33 0.9538 0.9549 2.565798 
482.7230 61.791 265.295 -0.06735 -0.81827 0.515 -0.54512 31.0000 8.71 0.9525 0.9535 2.568433 
482.2270 61.540 265.438 -0.06570 -0.82346 0.527 -0.53809 31.0000 9.26 0.9510 0.9521 2.571075 
481.7309 61.279 265.578 -0.06410 -0.82884 0.520 -0.53078 31.0000 9.72 0.9494 0.9505 2.573723 
481.2346 61.017 265.719 -0.06244 -0.83417 0.522 -0.52340 31.0000 10.19 0.9478 0.9488 2.576377 
480.7383 60.751 265.858 -0.06080 -0.83966 0.504 -0.51593 31.0000 10.09 0.9463 0.9473 2.579037 
480.2419 60.489 265.995 -0.05916 -0.84502 0.512 -0.50853 31.0000 10.52 0.9450 0.9460 2.581703 
479.7453 60.229 266.136 -0.05742 -0.85020 0.509 -0.50110 31.0000 10.79 0.9439 0.9450 2.584375 
479.2486 59.972 266.274 -0.05569 -0.85523 0.498 -0.49370 31.0000 10.92 0.9425 0.9436 2.587054 
478.7518 59.707 266.416 -0.05389 -0.86035 0.492 -0.48600 31.0000 11.19 0.9408 0.9419 2.589738 
478.2549 59.458 266.551 -0.05214 -0.86502 0.489 -0.47871 31.0000 11.38 0.9391 0.9402 2.592429 
477.7579 59.204 266.678 -0.05048 -0.86980 0.497 -0.47126 31.0000 11.91 0.9378 0.9389 2.595126 
477.2608 58.954 266.805 -0.04881 -0.87460 0.495 -0.46395 31.0000 11.68 0.9366 0.9377 2.597829 
476.7635 58.696 266.941 -0.04701 -0.87948 0.496 -0.45639 31.0000 12.27 0.9353 0.9364 2.600539 
476.2662 58.442 267.069 -0.04527 -0.88428 0.504 -0.44890 31.0000 12.70 0.9340 0.9351 2.603254 
475.7687 58.199 267.197 -0.04352 -0.88878 0.511 -0.44167 31.0000 13.07 0.9330 0.9341 2.605976 
475.2711 57.954 267.332 -0.04162 -0.89315 0.514 -0.43430 31.0000 14.03 0.9317 0.9329 2.608705 
474.7734 57.713 267.461 -0.03979 -0.89723 0.522 -0.42694 31.0000 14.55 0.9307 0.9318 2.611439 
474.2756 57.465 267.587 -0.03799 -0.90148 0.528 -0.41940 31.0000 15.40 0.9297 0.9308 2.614180 
473.7776 57.228 267.710 -0.03620 -0.90510 0.522 -0.41196 31.0000 16.43 0.9283 0.9295 2.616928 
473.2796 56.999 267.832 -0.03438 -0.90843 0.521 -0.40473 31.0000 17.19 0.9270 0.9281 2.619682 
472.7814 56.763 267.955 -0.03256 -0.91201 0.521 -0.39729 31.0000 17.54 0.9258 0.9270 2.622442 
472.2831 56.540 268.083 -0.03063 -0.91501 0.518 -0.39014 31.0000 18.51 0.9246 0.9258 2.625209 
471.7848 56.322 268.211 -0.02867 -0.91803 0.518 -0.38315 31.0000 19.75 0.9239 0.9251 2.627982 
471.2863 56.102 268.332 -0.02682 -0.92128 0.511 -0.37619 31.0000 20.26 0.9233 0.9246 2.630762 
470.7876 55.889 268.457 -0.02489 -0.92396 0.505 -0.36929 31.0000 20.94 0.9225 0.9238 2.633548 
470.2889 55.668 268.587 -0.02286 -0.92704 0.508 -0.36224 31.0000 21.28 0.9219 0.9231 2.636341 
469.7900 55.449 268.713 -0.02089 -0.92991 0.501 -0.35516 31.0000 21.35 0.9210 0.9222 2.639141 
469.2911 55.250 268.838 -0.01890 -0.93223 0.508 -0.34862 31.0000 21.92 0.9201 0.9214 2.641946 
468.7920 55.066 268.962 -0.01692 -0.93420 0.503 -0.34251 31.0000 22.11 0.9202 0.9215 2.644759 
468.2928 54.878 269.082 -0.01500 -0.93617 0.509 -0.33629 31.0000 22.65 0.9200 0.9213 2.647578 
467.7935 54.687 269.209 -0.01296 -0.93815 0.515 -0.32992 31.0000 23.43 0.9198 0.9211 2.650404 
467.2941 54.495 269.336 -0.01089 -0.94015 0.521 -0.32355 31.0000 23.86 0.9197 0.9209 2.653237 
466.7945 54.313 269.464 -0.00881 -0.94173 0.531 -0.31743 31.0000 25.00 0.9199 0.9212 2.656077 
466.2949 54.122 269.595 -0.00667 -0.94359 0.529 -0.31106 31.0000 26.66 0.9195 0.9208 2.658922 
465.7951 53.947 269.717 -0.00467 -0.94514 0.544 -0.30518 31.0000 28.18 0.9198 0.9210 2.661775 
465.2952 53.765 269.849 -0.00250 -0.94660 0.545 -0.29899 31.0000 29.84 0.9192 0.9205 2.664635 
464.7952 53.592 269.977 -0.00039 -0.94805 0.547 -0.29318 31.0000 32.31 0.9195 0.9207 2.667502 
464.2951 53.413 270.113 0.00187 -0.94921 0.550 -0.28705 31.0000 34.99 0.9191 0.9203 2.670375 
463.7949 53.255 270.235 0.00389 -0.94976 0.544 -0.28151 31.0000 37.21 0.9190 0.9202 2.673255 
463.2946 53.087 270.365 0.00605 -0.95067 0.542 -0.27574 31.0000 39.05 0.9187 0.9199 2.676142 
462.7941 52.933 270.488 0.00810 -0.95130 0.537 -0.27038 31.0000 40.94 0.9194 0.9206 2.679036 
462.2935 52.790 270.594 0.00987 -0.95160 0.531 -0.26535 31.0000 43.28 0.9194 0.9206 2.681937 
461.7928 52.634 270.720 0.01196 -0.95187 0.525 -0.25986 31.0000 44.59 0.9194 0.9205 2.684845 
461.2921 52.481 270.843 0.01402 -0.95229 0.521 -0.25450 31.0000 46.04 0.9201 0.9212 2.687759 
460.7911 52.325 270.968 0.01610 -0.95274 0.516 -0.24911 31.0000 45.88 0.9203 0.9214 2.690681 
460.2901 52.175 271.080 0.01796 -0.95333 0.515 -0.24393 31.0000 46.25 0.9206 0.9217 2.693610 
459.7889 52.023 271.200 0.01997 -0.95368 0.517 -0.23866 31.0000 46.31 0.9206 0.9217 2.696546 
459.2877 51.884 271.320 0.02199 -0.95398 0.519 -0.23381 31.0000 46.54 0.9214 0.9225 2.699489 
458.7863 51.747 271.437 0.02394 -0.95416 0.521 -0.22904 31.0000 47.11 0.9222 0.9232 2.702439 
458.2848 51.610 271.555 0.02589 -0.95382 0.527 -0.22414 31.0000 48.05 0.9227 0.9238 2.705396 
457.7832 51.476 271.678 0.02793 -0.95316 0.535 -0.21929 31.0000 49.14 0.9228 0.9238 2.708360 
457.2815 51.356 271.807 0.03004 -0.95221 0.529 -0.21491 31.0000 50.08 0.9231 0.9241 2.711332 
456.7796 51.239 271.927 0.03202 -0.95176 0.536 -0.21072 31.0000 50.50 0.9246 0.9256 2.714311 
456.2777 51.115 272.059 0.03421 -0.95175 0.533 -0.20644 31.0000 52.30 0.9260 0.9270 2.717297 
455.7756 51.002 272.180 0.03619 -0.95084 0.530 -0.20234 31.0000 51.85 0.9271 0.9280 2.720290 
455.2734 50.891 272.296 0.03809 -0.95004 0.522 -0.19831 31.0000 51.57 0.9280 0.9289 2.723291 
454.7711 50.769 272.409 0.03995 -0.94984 0.520 -0.19408 31.0000 51.33 0.9291 0.9300 2.726299 
454.2687 50.656 272.518 0.04176 -0.94946 0.507 -0.19010 31.0000 49.67 0.9306 0.9315 2.729314 
453.7662 50.516 272.629 0.04363 -0.94998 0.503 -0.18540 31.0000 47.75 0.9316 0.9324 2.732336 
453.2635 50.374 272.741 0.04549 -0.95009 0.499 -0.18054 31.0000 45.84 0.9319 0.9328 2.735367 
452.7608 50.233 272.849 0.04731 -0.95059 0.490 -0.17582 31.0000 43.02 0.9327 0.9335 2.738404 
452.2579 50.090 272.959 0.04915 -0.95099 0.485 -0.17100 31.0000 39.89 0.9333 0.9341 2.741449 
451.7549 49.948 273.066 0.05096 -0.95146 0.491 -0.16623 31.0000 38.10 0.9340 0.9348 2.744501 
451.2518 49.804 273.173 0.05277 -0.95193 0.491 -0.16139 31.0000 35.16 0.9346 0.9353 2.747561 
450.7485 49.659 273.279 0.05458 -0.95270 0.493 -0.15658 31.0000 32.81 0.9354 0.9362 2.750629 
450.2452 49.514 273.384 0.05636 -0.95308 0.498 -0.15171 31.0000 30.76 0.9358 0.9365 2.753704 
449.7417 49.367 273.489 0.05815 -0.95367 0.499 -0.14679 31.0000 28.34 0.9363 0.9371 2.756787 
449.2382 49.222 273.591 0.05990 -0.95439 0.506 -0.14197 31.0000 27.59 0.9370 0.9377 2.759876 
448.7345 49.074 273.695 0.06167 -0.95501 0.502 -0.13701 31.0000 26.14 0.9374 0.9381 2.762974 
448.2307 48.926 273.796 0.06341 -0.95576 0.502 -0.13211 31.0000 24.65 0.9380 0.9387 2.766080 
447.7267 48.778 273.897 0.06517 -0.95675 0.499 -0.12721 31.0000 23.67 0.9388 0.9395 2.769193 
447.2227 48.629 273.996 0.06690 -0.95763 0.496 -0.12227 31.0000 22.29 0.9394 0.9401 2.772314 
446.7186 48.478 274.097 0.06863 -0.95820 0.491 -0.11721 31.0000 19.88 0.9396 0.9403 2.775443 
446.2143 48.328 274.195 0.07035 -0.95921 0.489 -0.11223 31.0000 18.57 0.9402 0.9409 2.778580 
445.7099 48.177 274.292 0.07207 -0.96021 0.482 -0.10722 31.0000 17.16 0.9408 0.9415 2.781724 
445.2054 48.025 274.389 0.07378 -0.96125 0.479 -0.10218 31.0000 15.64 0.9414 0.9420 2.784876 
444.7008 47.872 274.485 0.07548 -0.96227 0.484 -0.09711 31.0000 14.39 0.9419 0.9425 2.788036 
444.1960 47.719 274.580 0.07717 -0.96334 0.483 -0.09202 31.0000 12.84 0.9423 0.9430 2.791204 
443.6912 47.565 274.674 0.07885 -0.96441 0.485 -0.08688 31.0000 11.60 0.9427 0.9434 2.794380 
443.1862 47.411 274.768 0.08053 -0.96555 0.495 -0.08174 31.0000 10.55 0.9432 0.9439 2.797564 
442.6812 47.257 274.859 0.08220 -0.96689 0.492 -0.07662 31.0000 9.81 0.9439 0.9445 2.800756 
442.1759 47.101 274.952 0.08388 -0.96807 0.504 -0.07139 31.0000 9.06 0.9442 0.9449 2.803956 
441.6706 46.945 275.043 0.08553 -0.96924 0.510 -0.06617 31.0000 8.57 0.9445 0.9452 2.807164 
441.1652 46.788 275.133 0.08719 -0.97060 0.509 -0.06091 31.0000 7.94 0.9450 0.9457 2.810380 
440.6596 46.631 275.223 0.08884 -0.97195 0.509 -0.05564 31.0000 7.49 0.9454 0.9461 2.813605 
440.1540 46.472 275.313 0.09049 -0.97314 0.520 -0.05026 31.0000 7.04 0.9456 0.9463 2.816837 
439.6482 46.472 275.313 0.09049 -0.97314 0.515 -0.05026 31.0000 6.60 0.9456 0.9463 2.820077 

# MINIMA:
439.6482 0.210 2.714 -117.72667 -521.06763 -4365.420 -42.17678 31.0000 6.60 0.5020 0.5369 1.240099 

# MAXIMA:
999.7925 88.454 359.948 59.84874 32.27975 279.090 314.92590 31.0000 54.30 2.72173960461182566E18 1.80115672670404608E19 2.820077 

# PEAKS:

# END SPECTRUM

