## SPECTRUM TYPE:
LCE

## DATE:
18/08/2026

## COMMENTS:

## NUMBER OF SPECTRUM:
1

## ELLIPSOMETRIC CONFIGURATION:
0.00 ø :Modulator
+45.00 øAnalyser

## UNIT:
nm


# SPECTRUM:
1

# CAPTION:


# START TIME:
14:04:08

# END TIME:
14:04:08

# THETA ANGLE:
0.00 ø

# INCIDENCE ANGLE:
69.95 ø

# ACCUMULATION NUMBER:
28

# ELLIPSOMETRIC CONFIGURATION:
0.00 ø :Modulator
+45.00 øAnalyser

# INTEGRATION TIME:
8 ms

# FIRST POINT:
999.79 nm

# LAST POINT:
439.65 nm

# INCREMENT:
0.00 nm

# NUMBER OF POINTS:
1273

# DATA:
nm Psi Delta Ic Is Reflectance IcPrim IntegrationTime IntensityMax Polarization PolarizationGen eV 
999.7925 1.202 206.599 -2.52885 -1.26631 0.000 67.35753 8.0000 7.92 2.7198987472690217E18 1.36580190910241833E19 1.240099 
999.4089 1.202 206.599 -2.52885 -1.26631 0.898 67.35752 8.0000 7.92 2.52970879930911949E18 1.27029777935798108E19 1.240575 
999.0253 1.202 206.599 -2.52885 -1.26631 0.538 67.35752 8.0000 8.09 2.41153273979994112E18 1.21095537758830592E19 1.241052 
998.6415 1.202 206.599 -2.52885 -1.26631 0.708 67.35752 8.0000 8.07 2.27673797435378893E18 1.14326790246613647E19 1.241529 
998.2578 1.202 206.599 -2.52885 -1.26631 0.231 67.35753 8.0000 8.17 2.12347828550867354E18 1.0663083557380948E19 1.242006 
997.8739 1.202 206.599 -2.52885 -1.26631 0.679 67.35752 8.0000 8.19 1.94990704348574515E18 9.79149189394989056E18 1.242484 
997.4900 1.202 206.599 -2.52885 -1.26631 -0.035 67.35752 8.0000 8.20 1.75417761850615398E18 8.80863350207859917E18 1.242962 
997.1060 1.202 206.599 -2.52885 -1.26631 -0.005 67.35752 8.0000 8.33 1.53444379310791066E18 7.70523674996585267E18 1.243440 
996.7219 1.202 206.599 -2.52885 -1.26631 -3.996 67.35752 8.0000 8.30 1.28885893751216538E18 6.47202835654298829E18 1.243920 
996.3377 1.202 206.599 -2.52885 -1.26631 -0.870 67.35752 8.0000 8.46 1.01557655937902182E18 5.09973559049715712E18 1.244399 
995.9535 1.202 206.599 -2.52885 -1.26631 -0.166 67.35752 8.0000 8.36 716443151048376320.0000 3.59763173289702195E18 1.244879 
995.5692 1.202 206.599 -2.52885 -1.26631 1.154 67.35752 8.0000 8.60 393305101780910080.0000 1.9749884155438039E18 1.245360 
995.1848 1.202 206.599 -2.52885 -1.26631 -0.783 67.35752 8.0000 8.72 51702077574873088.0000 259622887483244544.0000 1.245841 
994.8003 1.202 206.599 -2.52885 -1.26631 0.019 67.35753 8.0000 8.81 295440458010591232.0000 1.48355935704711168E18 1.246322 
994.4158 1.202 206.599 -2.52885 -1.26631 0.011 67.35752 8.0000 8.62 629657461317435392.0000 3.16183590118149325E18 1.246804 
994.0311 51.317 223.127 -0.27478 -0.25738 0.012 -0.08439 8.0000 8.79 0.5574 1.0347 1.247287 
993.6464 48.684 193.004 -0.27128 -0.06265 0.516 -0.03600 8.0000 8.86 0.5281 0.9397 1.247770 
993.2617 41.237 156.169 -0.25735 0.11367 1.126 0.03717 8.0000 8.85 0.5160 0.7937 1.248253 
992.8768 37.526 141.214 -0.25833 0.20759 -0.142 0.08848 8.0000 8.87 0.5796 0.7012 1.248737 
992.4919 12.538 96.605 -0.01447 0.12499 0.127 0.26891 8.0000 8.96 0.7541 0.8809 1.249221 
992.1069 24.405 136.137 -0.15612 0.15004 -9.666 0.18949 8.0000 9.05 0.5847 0.7094 1.249706 
991.7218 16.946 121.397 -0.11242 0.18420 -0.626 0.32123 8.0000 9.13 0.6155 0.7099 1.250191 
991.3367 15.117 93.576 -0.01373 0.21968 0.291 0.37766 8.0000 9.32 0.6581 0.7192 1.250677 
990.9514 13.424 79.290 0.06498 0.34358 1.242 0.69082 8.0000 9.37 0.9370 0.9737 1.251163 
990.5661 7.650 89.491 0.00200 0.22473 10.676 0.82153 8.0000 9.29 0.8827 0.9162 1.251650 
990.1807 5.913 62.997 0.09249 0.18149 -22.821 0.97283 8.0000 9.44 0.8204 0.8706 1.252137 
989.7953 3.109 81.525 0.01511 0.10143 -0.439 0.94117 8.0000 9.52 0.7819 0.8490 1.252625 
989.4097 5.450 109.350 -0.06008 0.17109 -2.063 0.94158 8.0000 9.68 0.7632 0.8500 1.253113 
989.0241 7.905 123.139 -0.14278 0.21870 1.051 0.92241 8.0000 9.59 0.7799 0.8820 1.253601 
988.6384 11.121 133.016 -0.26061 0.27931 1.725 0.93411 8.0000 9.65 0.8099 0.8888 1.254090 
988.2526 10.377 113.018 -0.13950 0.32836 28.156 0.94145 8.0000 9.73 0.7787 0.8657 1.254580 
987.8668 10.971 107.585 -0.11732 0.37019 1.112 0.96397 8.0000 9.75 0.7885 0.8789 1.255070 
987.4809 9.895 111.183 -0.12093 0.31204 -4297.788 0.93007 8.0000 9.77 0.7199 0.7747 1.255560 
987.0949 9.622 113.510 -0.14143 0.32511 1.235 1.01561 8.0000 9.87 0.6914 0.7110 1.256051 
986.7088 5.278 113.373 -0.08894 0.20580 1.084 1.20316 8.0000 10.01 0.8090 0.8190 1.256543 
986.3226 4.130 147.891 -0.13461 0.08447 -2.382 1.09459 8.0000 9.94 0.9019 0.9101 1.257035 
985.9364 6.347 111.475 -0.07742 0.19679 -7.489 0.93879 8.0000 10.02 0.9733 0.9967 1.257527 
985.5501 8.064 98.910 -0.03724 0.23751 88.177 0.83138 8.0000 10.08 1.0614 1.1212 1.258020 
985.1638 11.100 95.158 -0.02976 0.32966 -2.175 0.81110 8.0000 10.11 1.2006 1.2811 1.258513 
984.7773 13.724 94.026 -0.02805 0.39858 0.989 0.76926 8.0000 10.22 1.2509 1.3274 1.259007 
984.3907 17.689 88.016 0.01664 0.48025 -0.637 0.67673 8.0000 10.41 1.0980 1.1686 1.259502 
984.0041 12.972 84.255 0.03684 0.36618 -0.468 0.75644 8.0000 10.40 0.9899 1.0466 1.259997 
983.6174 7.082 74.683 0.04962 0.18116 0.618 0.74428 8.0000 10.65 0.7571 0.8238 1.260492 
983.2307 6.481 81.912 0.03035 0.21356 0.645 0.93714 8.0000 10.73 0.7089 0.7867 1.260988 
982.8438 3.373 257.711 -0.02980 -0.13682 0.500 1.18370 8.0000 10.73 0.8421 0.8938 1.261484 
982.4569 5.244 134.839 -0.12599 0.12670 0.497 0.96510 8.0000 10.73 0.8393 0.9731 1.261981 
982.0699 10.069 106.127 -0.07956 0.27515 -2.672 0.78111 8.0000 10.87 0.7728 0.8773 1.262478 
981.6828 14.675 109.401 -0.12265 0.34827 -0.012 0.65664 8.0000 11.08 0.7569 0.8249 1.262976 
981.2957 20.063 130.783 -0.38884 0.45075 -0.007 0.70627 8.0000 11.07 0.8039 0.8626 1.263474 
980.9084 21.130 103.118 -0.12035 0.51647 0.004 0.58360 8.0000 11.07 0.8001 1.0368 1.263973 
980.5211 40.367 38.345 0.95829 0.75803 0.008 0.19935 8.0000 11.16 0.8034 0.8551 1.264472 
980.1337 37.396 49.773 0.52657 0.62251 -0.001 0.22164 8.0000 11.36 0.6060 0.8093 1.264972 
979.7463 37.581 28.288 1.03902 0.55917 -0.001 0.31258 8.0000 11.19 0.6693 1.0536 1.265472 
979.3587 61.100 87.412 0.15264 3.37707 7.686 -2.12885 8.0000 11.39 0.7132 0.9659 1.265973 
978.9711 69.337 163.889 -1.84070 0.53169 6.078 -2.17892 8.0000 11.42 0.7727 1.4037 1.266474 
978.5834 58.922 190.226 -1.46790 -0.26481 1.144 -0.78792 8.0000 11.35 0.8777 1.6860 1.266976 
978.1956 45.027 191.241 -1.23197 -0.24485 7.734 -0.00118 8.0000 11.48 0.9958 1.8209 1.267478 
977.8077 35.313 185.617 -1.03267 -0.10156 -2.902 0.36487 8.0000 11.54 1.1089 1.7853 1.267981 
977.4199 27.201 181.997 -0.87659 -0.03057 2.800 0.62792 8.0000 11.69 1.2678 1.6595 1.268484 
977.0319 15.036 178.920 -0.39288 0.00741 2.578 0.67863 8.0000 11.74 1.0595 1.1843 1.268988 
976.6437 0.722 320.267 0.01381 -0.01148 1.244 0.71284 8.0000 11.74 0.8612 1.2407 1.269493 
976.2556 9.479 181.364 -0.29956 -0.00713 -8.919 0.87237 8.0000 11.79 1.0997 1.2437 1.269997 
975.8674 7.927 113.218 -0.10720 0.24989 1.179 0.95750 8.0000 12.02 1.1312 1.2100 1.270502 
975.4790 15.860 112.525 -0.19404 0.46786 0.889 0.81943 8.0000 12.11 1.1607 1.2576 1.271008 
975.0906 12.509 117.232 -0.17220 0.33460 -1.622 0.80635 8.0000 12.04 1.1464 1.1970 1.271515 
974.7021 11.807 118.273 -0.15706 0.29203 -15.679 0.75847 8.0000 12.26 1.1025 1.1741 1.272021 
974.3136 10.821 120.119 -0.15167 0.26144 1.085 0.76177 8.0000 12.13 0.9778 1.0301 1.272529 
973.9250 10.317 118.407 -0.13022 0.24076 0.026 0.72692 8.0000 12.33 0.8215 0.8607 1.273036 
973.5363 9.014 114.665 -0.09544 0.20783 0.054 0.70267 8.0000 12.42 0.7175 0.7528 1.273545 
973.1475 9.266 127.100 -0.10794 0.14272 -5.091 0.53382 8.0000 12.42 0.5508 0.5747 1.274053 
972.7586 1.359 189.994 -0.02812 -0.00495 -2.646 0.60143 8.0000 12.52 0.5649 0.5883 1.274563 
972.3697 6.040 178.120 -0.07820 0.00257 -1.014 0.36563 8.0000 12.65 0.5310 0.5540 1.275073 
971.9807 21.816 135.678 -0.13184 0.12876 -0.373 0.19330 8.0000 12.67 0.5433 0.5638 1.275583 
971.5916 37.395 125.792 -0.14190 0.19681 -0.673 0.06597 8.0000 12.75 0.7098 0.7308 1.276094 
971.2024 46.339 117.568 -0.12740 0.24403 0.385 -0.01288 8.0000 13.03 1.0754 1.0948 1.276605 
970.8131 58.344 114.223 -0.10579 0.23515 0.041 -0.12962 8.0000 12.91 1.2460 1.2646 1.277117 
970.4238 62.167 109.964 -0.08086 0.22259 0.008 -0.16175 8.0000 12.87 1.2704 1.2882 1.277629 
970.0344 58.465 73.261 0.09473 0.31499 0.004 -0.16709 8.0000 13.30 1.2452 1.2838 1.278142 
969.6449 37.046 111.006 -0.11116 0.28948 0.004 0.08838 8.0000 13.26 1.3247 1.3473 1.278656 
969.2553 28.557 138.761 -0.31474 0.27592 0.001 0.27063 8.0000 13.27 1.2850 1.3207 1.279170 
968.8657 23.044 154.196 -0.53708 0.25968 -1.488 0.57435 8.0000 13.43 1.1798 1.2667 1.279684 
968.4760 23.486 163.987 -0.70649 0.20276 1.145 0.68610 8.0000 13.56 1.1833 1.2994 1.280199 
968.0861 21.632 166.438 -0.81338 0.19620 0.267 0.88903 8.0000 13.93 1.2264 1.3408 1.280714 
967.6962 14.760 165.190 -0.77668 0.20535 -1.252 1.41879 8.0000 13.85 1.4393 1.9342 1.281230 
967.3063 20.796 160.395 -0.62777 0.22360 1.142 0.75081 8.0000 13.97 1.2841 1.3275 1.281747 
966.9163 25.615 154.158 -0.44431 0.21519 1.168 0.39650 8.0000 14.05 1.0948 1.3350 1.282264 
966.5261 25.840 148.679 -0.32298 0.19654 -5.488 0.29881 8.0000 13.96 1.8110 2.4024 1.282782 
966.1359 40.903 35.070 0.61400 0.43105 1.104 0.10803 8.0000 13.88 0.7911 1.4161 1.283300 
965.7457 39.748 180.374 -1.20418 -0.00787 -0.714 0.22328 8.0000 13.98 1.3988 2.3376 1.283818 
965.3553 29.554 169.689 -0.76910 0.13992 1.190 0.46772 8.0000 14.22 2.2987 3.4294 1.284337 
964.9649 25.083 163.982 -0.67260 0.19310 10.925 0.58373 8.0000 14.28 3.0625 4.3403 1.284857 
964.5743 21.893 160.860 -0.63300 0.21969 1.455 0.69906 8.0000 14.13 3.4990 4.8431 1.285377 
964.1838 19.542 161.062 -0.62369 0.21400 -0.084 0.81181 8.0000 14.24 3.4288 4.7920 1.285898 
963.7931 16.480 164.525 -0.67218 0.18610 1.281 1.07561 8.0000 14.46 2.8021 4.0993 1.286419 
963.4023 11.269 176.434 -0.98258 0.06124 0.137 2.37238 8.0000 14.58 1.7347 2.9078 1.286941 
963.0115 77.415 59.297 0.40984 0.69017 1.120 -1.70808 8.0000 14.71 0.8109 1.7502 1.287463 
962.6207 21.735 146.357 -0.31568 0.21008 1.240 0.39999 8.0000 14.72 1.4854 1.7956 1.287986 
962.2297 15.010 154.691 -0.37161 0.17573 1.157 0.71141 8.0000 14.87 0.7949 0.8696 1.288509 
961.8386 10.201 145.736 -0.30030 0.20457 1.151 0.97696 8.0000 15.00 0.9725 1.1884 1.289033 
961.4474 11.339 178.983 -0.37370 0.00664 1.159 0.89449 8.0000 15.16 0.8806 1.1061 1.289558 
961.0562 11.755 191.696 -0.38513 -0.07973 1.338 0.90412 8.0000 15.02 0.9187 1.2121 1.290083 
960.6649 13.218 203.043 -0.40897 -0.17395 0.022 0.89385 8.0000 15.41 0.7997 1.0347 1.290608 
960.2736 15.153 226.907 -0.34251 -0.36611 0.024 0.85777 8.0000 15.30 0.6593 0.7949 1.291134 
959.8821 9.939 193.412 -0.29461 -0.07025 0.864 0.83768 8.0000 15.25 0.6388 0.6896 1.291661 
959.4905 11.171 138.123 -0.23738 0.21282 1.381 0.77570 8.0000 15.41 0.6594 0.7251 1.292188 
959.0989 20.174 87.839 0.01803 0.47769 1.132 0.56272 8.0000 15.65 0.5776 0.7665 1.292715 
958.7073 9.699 110.042 -0.06704 0.18376 2.275 0.55556 8.0000 15.69 0.5518 0.7237 1.293243 
958.3155 15.722 123.797 -0.19970 0.29835 -21.882 0.58713 8.0000 15.46 0.5706 0.6123 1.293772 
957.9236 14.731 124.561 -0.19906 0.28898 1.147 0.62120 8.0000 15.46 0.6366 0.6482 1.294301 
957.5317 11.415 128.632 -0.16840 0.21072 -117.347 0.64078 8.0000 15.48 0.7057 0.7188 1.294831 
957.1396 7.907 127.089 -0.12025 0.15907 1.216 0.70406 8.0000 15.36 0.8378 0.8650 1.295362 
956.7476 5.869 129.017 -0.10380 0.12810 -2.797 0.79349 8.0000 15.82 0.8752 0.8933 1.295892 
956.3554 2.095 139.252 -0.04807 0.04142 1.348 0.86608 8.0000 16.35 0.8616 0.8817 1.296424 
955.9632 5.843 157.631 -0.17708 0.07287 -0.010 0.92586 8.0000 16.50 0.9363 0.9620 1.296956 
955.5709 3.473 96.630 -0.01469 0.12641 -0.007 1.04463 8.0000 16.17 1.0348 1.0741 1.297488 
955.1784 5.101 61.756 0.07735 0.14399 -0.008 0.90818 8.0000 16.32 0.8012 0.8543 1.298021 
954.7859 9.020 49.867 0.15287 0.18133 1.087 0.72820 8.0000 16.48 0.6676 0.8321 1.298555 
954.3934 16.787 54.039 0.19624 0.27049 12.053 0.50347 8.0000 16.38 0.6408 0.9025 1.299089 
954.0007 24.503 60.795 0.17024 0.30456 1.303 0.30324 8.0000 16.40 0.6460 0.9522 1.299624 
953.6080 20.877 97.712 -0.04789 0.35361 1.569 0.39974 8.0000 16.75 0.7667 1.0664 1.300159 
953.2152 33.053 99.847 -0.06913 0.39826 -1.051 0.17908 8.0000 16.81 0.6015 0.8592 1.300695 
952.8223 26.704 87.082 0.01693 0.33214 1.154 0.24693 8.0000 16.75 0.5292 0.7376 1.301231 
952.4293 17.628 77.055 0.05888 0.25617 1.351 0.37184 8.0000 16.86 0.5608 0.7273 1.301768 
952.0363 9.876 95.092 -0.01795 0.20146 1.389 0.56326 8.0000 16.97 0.6791 0.8098 1.302305 
951.6432 10.919 48.941 0.23282 0.26727 1.243 0.88447 8.0000 17.26 0.8293 0.9693 1.302843 
951.2499 12.084 54.055 0.20734 0.28595 3.592 0.78714 8.0000 16.84 0.6794 0.7740 1.303382 
950.8567 47.202 325.466 1.24536 -0.85701 4.331 -0.11641 8.0000 16.93 0.7214 1.7686 1.303921 
950.4633 8.695 65.827 0.12265 0.27325 1.223 0.95639 8.0000 17.12 0.6732 0.8524 1.304461 
950.0699 12.842 109.290 -0.17388 0.49678 -0.247 1.09439 8.0000 17.25 1.2434 2.4946 1.305001 
949.6763 14.638 113.763 -0.21317 0.48418 -0.124 0.94361 8.0000 17.47 1.6897 3.7514 1.305542 
949.2827 16.529 115.059 -0.26695 0.57093 -0.087 0.96837 8.0000 17.56 1.5526 4.2194 1.306083 
948.8890 14.215 119.327 -0.41332 0.73572 -0.168 1.55880 8.0000 17.92 2.2712 4.9006 1.306625 
948.4953 16.780 114.928 -0.21340 0.45915 0.008 0.76324 8.0000 17.83 1.4136 4.2454 1.307167 
948.1014 58.080 355.488 1.57695 -0.12443 0.358 -0.77697 8.0000 17.89 2.5523 4.3339 1.307710 
947.7075 6.240 269.120 -0.00490 -0.31880 0.687 1.44045 8.0000 17.97 2.0732 4.5940 1.308254 
947.3135 22.076 154.610 -0.68530 0.32526 1.667 0.78135 8.0000 17.45 1.8705 2.5658 1.308798 
946.9194 15.495 159.360 -0.51472 0.19388 0.417 0.91578 8.0000 17.64 4.2803 6.0989 1.309343 
946.5253 13.295 161.563 -0.39780 0.13262 0.135 0.83773 8.0000 17.84 6.5779 9.3268 1.309888 
946.1310 11.979 161.854 -0.36764 0.12049 1.293 0.87069 8.0000 18.43 7.6997 12.2657 1.310434 
945.7367 11.897 162.066 -0.35489 0.11486 1.097 0.84599 8.0000 18.02 8.0236 11.8401 1.310980 
945.3423 12.234 162.352 -0.37924 0.12065 -0.093 0.87459 8.0000 18.35 7.3361 13.6771 1.311527 
944.9478 14.383 162.834 -0.49241 0.15211 0.197 0.93880 8.0000 18.60 6.0325 15.3304 1.312074 
944.5532 19.007 164.558 -0.78799 0.21767 1.244 1.04583 8.0000 18.37 4.2764 15.8540 1.312623 
944.1586 29.135 165.488 -3.06847 0.79427 -2.602 1.95992 8.0000 18.32 2.8483 15.3798 1.313171 
943.7639 41.998 347.191 1.47976 -0.33643 -0.693 0.15961 8.0000 18.47 4.0361 14.7030 1.313720 
943.3691 30.586 165.500 -6.86476 1.77539 2.280 3.90254 8.0000 18.51 3.1933 12.1628 1.314270 
942.9742 29.665 164.780 -5.53145 1.50497 2.284 3.39973 8.0000 18.68 3.3449 8.1483 1.314821 
942.5792 28.059 163.882 -4.09731 1.18401 1.269 2.86400 8.0000 18.91 3.4280 3.7424 1.315372 
942.1841 24.385 161.467 -3.80424 1.27529 -1.723 3.51633 8.0000 18.91 3.4240 7.1135 1.315923 
941.7890 24.036 161.042 -1.84985 0.63546 -1.631 1.75670 8.0000 19.20 1.9469 1.9657 1.316475 
941.3938 39.839 353.965 1.26002 -0.13322 -35.070 0.23075 8.0000 19.16 1.0085 1.1132 1.317028 
940.9985 7.657 39.396 0.29006 0.23823 0.568 1.37077 8.0000 19.39 0.6784 0.7574 1.317581 
940.6031 7.784 49.926 0.13387 0.15913 -9.681 0.74645 8.0000 19.32 0.6309 0.7754 1.318135 
940.2077 8.481 125.443 -0.14317 0.20114 3.479 0.80952 8.0000 19.47 0.6359 0.8173 1.318689 
939.8122 17.630 153.851 -0.49917 0.24507 4.081 0.78652 8.0000 19.66 0.6843 0.8681 1.319244 
939.4166 20.050 162.613 -0.67849 0.21245 1.935 0.84429 8.0000 19.50 0.8516 0.9872 1.319800 
939.0209 18.570 154.396 -0.56381 0.27018 -5.867 0.82544 8.0000 19.20 0.8376 1.0422 1.320356 
938.6251 18.772 151.728 -0.52018 0.27976 1.357 0.76853 8.0000 19.53 0.8462 0.9940 1.320913 
938.2292 18.572 158.261 -0.48410 0.19303 1.246 0.68803 8.0000 19.81 0.7757 0.8596 1.321470 
937.8333 16.630 137.765 -0.38143 0.34628 1.225 0.78544 8.0000 19.78 0.8943 0.9843 1.322028 
937.4373 19.255 116.437 -0.29130 0.58588 -3.283 0.82229 8.0000 20.30 0.6974 0.8713 1.322586 
937.0412 14.112 40.715 0.25401 0.21861 12.366 0.62439 8.0000 20.16 0.6431 0.7230 1.323146 
936.6450 8.872 42.007 0.14054 0.12657 1.242 0.59108 8.0000 19.92 0.8063 0.9664 1.323705 
936.2487 7.364 42.000 0.11888 0.10704 1.236 0.60857 8.0000 20.10 1.0200 1.3023 1.324266 
935.8524 8.635 32.839 0.13256 0.08556 0.912 0.50748 8.0000 20.45 1.0590 1.4801 1.324826 
935.4560 12.181 20.066 0.15450 0.05643 1.193 0.36323 8.0000 20.58 0.9691 1.5085 1.325388 
935.0594 18.682 339.447 0.20580 -0.07716 -0.684 0.28786 8.0000 20.77 0.9048 1.4621 1.325950 
934.6629 4.196 290.526 0.02943 -0.07861 -0.066 0.56894 8.0000 20.66 0.9360 1.2567 1.326512 
934.2662 16.499 290.945 0.07799 -0.20375 1.354 0.33596 8.0000 20.57 0.7335 1.0105 1.327076 
933.8694 63.177 3.158 0.41702 0.02301 1.707 -0.30741 8.0000 20.95 0.7759 1.3580 1.327640 
933.4727 12.184 173.402 -1.14308 0.13221 -5.824 2.54053 8.0000 21.08 1.4464 2.4850 1.328204 
933.0757 14.793 166.658 -1.71306 0.40627 -1.037 3.10088 8.0000 21.03 1.6916 3.0040 1.328769 
932.6787 15.856 172.356 -2.09502 0.28117 1.160 3.42087 8.0000 21.44 1.6770 3.0738 1.329334 
932.2817 15.136 214.816 -8.64680 -6.01323 32.030 18.04399 8.0000 21.38 1.3397 2.7354 1.329901 
931.8845 13.650 229.089 -6.28765 -7.25592 0.226 18.60273 8.0000 21.39 1.2578 2.6210 1.330467 
931.4873 73.084 72.202 1.26567 3.94263 -130.157 -6.17817 8.0000 21.24 0.9671 2.0492 1.331035 
931.0900 55.118 94.541 -0.06968 0.87741 0.367 -0.32447 8.0000 21.78 0.6246 1.2329 1.331603 
930.6926 22.402 130.444 -0.44714 0.52458 1.201 0.69399 8.0000 21.69 0.6701 0.7227 1.332171 
930.2951 14.794 127.406 -0.17087 0.22344 -5.538 0.49539 8.0000 21.76 0.6750 0.7555 1.332740 
929.8975 19.105 119.692 -0.17931 0.31446 0.064 0.45985 8.0000 21.92 0.6710 0.7608 1.333310 
929.4999 8.621 104.347 -0.04551 0.17793 10.358 0.59175 8.0000 22.37 0.7441 0.8150 1.333881 
929.1022 3.874 342.724 0.11425 -0.03553 9.787 0.87928 8.0000 22.75 0.8137 0.8657 1.334452 
928.7043 4.531 338.127 0.12748 -0.05118 1.442 0.86133 8.0000 22.28 1.1025 1.1656 1.335023 
928.3065 2.406 26.842 0.06626 0.03353 3.908 0.88232 8.0000 22.46 1.2773 1.3424 1.335595 
927.9085 3.123 11.968 0.10061 0.02133 1.203 0.93975 8.0000 22.49 1.3075 1.3967 1.336168 
927.5104 3.600 12.658 0.11475 0.02577 0.310 0.93102 8.0000 22.77 1.2094 1.3325 1.336742 
927.1123 4.917 14.353 0.14650 0.03749 0.136 0.87247 8.0000 22.73 0.9711 1.1629 1.337316 
926.7141 5.747 6.546 0.15103 0.01733 0.036 0.74754 8.0000 22.65 0.7384 1.0315 1.337890 
926.3158 4.659 292.668 0.03923 -0.09393 0.634 0.62044 8.0000 22.91 0.7503 0.9121 1.338466 
925.9174 7.101 164.007 -0.12033 0.03449 0.538 0.49463 8.0000 22.96 0.6863 0.7724 1.339042 
925.5190 4.384 210.927 -0.07386 -0.04425 -0.168 0.55826 8.0000 22.97 0.5888 0.6789 1.339618 
925.1204 15.534 271.406 0.00914 -0.37240 -0.063 0.61832 8.0000 23.16 0.5639 0.6696 1.340195 
924.7218 12.944 263.821 -0.01899 -0.17544 -0.046 0.36360 8.0000 22.94 0.5520 0.6298 1.340773 
924.3231 6.258 264.076 -0.00962 -0.09273 -0.023 0.41997 8.0000 23.29 0.5501 0.6017 1.341351 
923.9243 6.980 121.007 -0.06331 0.10533 1.319 0.49435 8.0000 23.44 0.5488 0.5658 1.341930 
923.5255 12.456 112.673 -0.10428 0.24962 1.302 0.58250 8.0000 23.81 0.6163 0.6281 1.342510 
923.1265 20.859 136.180 -0.44950 0.43135 0.060 0.69877 8.0000 23.25 0.8348 0.9342 1.343090 
922.7275 11.935 109.178 -0.10972 0.31546 0.038 0.75478 8.0000 23.92 0.9007 0.9648 1.343671 
922.3283 7.256 60.102 0.10918 0.18989 1.263 0.84626 8.0000 23.91 0.9574 1.0559 1.344252 
921.9291 9.321 53.472 0.17907 0.24176 0.000 0.89177 8.0000 24.08 1.2504 1.4577 1.344834 
921.5298 9.675 35.180 0.25780 0.18172 0.000 0.89814 8.0000 24.13 1.3270 1.5843 1.345417 
921.1305 10.043 39.795 0.25733 0.21436 0.000 0.91594 8.0000 23.80 1.4203 1.7139 1.346000 
920.7311 10.426 28.016 0.29190 0.15531 0.000 0.86804 8.0000 24.03 1.2397 1.4417 1.346584 
920.3315 11.005 40.808 0.26369 0.22768 0.000 0.86186 8.0000 24.69 1.0749 1.2290 1.347169 
919.9319 11.957 70.379 0.11897 0.33371 0.000 0.79898 8.0000 24.26 1.0026 1.0865 1.347754 
919.5322 14.611 101.872 -0.08798 0.41852 1.582 0.76453 8.0000 24.08 0.9729 1.0128 1.348340 
919.1324 20.452 127.603 -0.40037 0.51983 1.181 0.75738 8.0000 24.69 0.9708 1.0995 1.348926 
918.7326 15.819 104.177 -0.11275 0.44632 4.594 0.74714 8.0000 24.48 0.8005 0.8446 1.349513 
918.3326 22.915 107.819 -0.10258 0.31915 -5.874 0.32565 8.0000 25.05 1.3470 1.5907 1.350101 
917.9326 9.972 88.304 0.00898 0.30342 1.433 0.83651 8.0000 24.92 0.5796 0.6515 1.350689 
917.5325 65.518 124.916 -0.33246 0.47628 2.248 -0.50555 8.0000 24.56 1.2077 1.4943 1.351278 
917.1323 45.053 117.723 -0.12012 0.22858 1.850 -0.00048 8.0000 24.85 1.8940 2.4309 1.351868 
916.7321 60.246 115.380 -0.15783 0.33268 4.786 -0.21683 8.0000 24.97 2.1197 2.7370 1.352458 
916.3317 76.138 124.288 -0.26813 0.39324 96.265 -0.90560 8.0000 25.17 2.0690 2.7000 1.353049 
915.9313 80.519 130.378 -0.44970 0.52880 1.659 -2.02027 8.0000 25.12 1.9707 2.5717 1.353641 
915.5308 82.812 135.254 -1.16654 1.15623 2.594 -6.40827 8.0000 25.47 1.8651 2.3598 1.354233 
915.1302 6.599 318.481 1.36973 -1.21263 1.405 7.80109 8.0000 25.68 1.7493 2.1083 1.354826 
914.7295 4.508 331.059 0.26525 -0.14667 0.001 1.91042 8.0000 25.50 1.7497 2.0405 1.355419 
914.3287 3.395 64.094 0.04325 0.08904 0.001 0.83145 8.0000 25.30 2.1425 2.5511 1.356013 
913.9279 3.618 351.967 0.16098 -0.02272 -0.011 1.28052 8.0000 25.51 1.1455 1.3450 1.356608 
913.5270 2.038 40.830 0.05568 0.04811 -0.018 1.03239 8.0000 25.60 0.7883 0.8768 1.357203 
913.1259 23.105 106.933 -0.10990 0.36098 1.183 0.36172 8.0000 25.81 0.6016 0.6481 1.357799 
912.7249 10.647 93.900 -0.01719 0.25224 0.000 0.64866 8.0000 25.44 0.6388 0.7123 1.358396 
912.3237 6.051 60.724 0.09806 0.17490 1.326 0.93512 8.0000 25.83 0.7815 0.8924 1.358993 
911.9224 6.859 52.645 0.13131 0.17203 -0.244 0.88662 8.0000 26.20 0.7147 0.8099 1.359591 
911.5211 32.446 90.858 -0.00936 0.62480 -0.230 0.29283 8.0000 26.38 0.6835 0.9849 1.360190 
911.1196 1.940 311.011 0.04036 -0.04641 0.159 0.90678 8.0000 26.64 0.6479 0.7044 1.360789 
910.7181 20.180 251.830 -0.34233 -1.04304 0.052 1.29175 8.0000 26.44 0.9649 1.2127 1.361389 
910.3165 11.876 15.201 0.54736 0.14873 0.087 1.28902 8.0000 26.39 1.2795 1.7333 1.361990 
909.9149 22.672 88.820 0.03278 1.59117 -0.056 1.57254 8.0000 26.31 1.7687 2.3356 1.362591 
909.5131 29.924 15.978 1.92188 0.55029 0.080 1.16130 8.0000 25.99 2.0264 2.6770 1.363193 
909.1113 38.206 357.173 3.37125 -0.16648 0.018 0.81583 8.0000 26.32 2.5836 3.2650 1.363795 
908.7093 41.138 353.096 3.90563 -0.47290 0.004 0.53362 8.0000 26.55 2.9790 3.6640 1.364399 
908.3073 43.131 352.875 4.44412 -0.55550 0.003 0.29263 8.0000 26.25 3.2078 3.8471 1.365003 
907.9052 45.890 355.971 4.42355 -0.31160 0.003 -0.13785 8.0000 26.56 3.0269 3.5820 1.365607 
907.5031 58.708 4.212 4.47910 0.32985 -1.306 -2.32968 8.0000 26.67 3.0067 3.4814 1.366212 
907.1008 37.269 4.239 2.71251 0.20103 -0.003 0.75234 8.0000 26.48 2.2537 2.5474 1.366818 
906.6984 20.660 20.944 1.70179 0.65136 -0.004 2.07275 8.0000 26.48 2.1932 3.2994 1.367425 
906.2960 13.154 64.775 0.62623 1.32930 -0.051 2.97204 8.0000 26.56 2.5751 2.6531 1.368032 
905.8935 16.102 102.897 -0.57153 2.49595 -0.444 4.06538 8.0000 26.84 3.1332 3.5296 1.368640 
905.4909 11.487 76.685 0.42562 1.79844 0.010 4.35932 8.0000 26.60 2.8366 3.5227 1.369248 
905.0883 9.559 79.860 0.22002 1.23025 7.289 3.60562 8.0000 26.84 2.6735 3.6182 1.369857 
904.6855 62.078 129.804 -0.51962 0.62357 0.813 -0.55070 8.0000 27.43 3.8587 5.3755 1.370467 
904.2826 13.489 139.265 -0.43741 0.37670 -0.006 1.13403 8.0000 27.07 2.4362 3.6443 1.371078 
903.8797 27.403 145.478 -0.55677 0.38297 -0.003 0.47661 8.0000 27.79 5.9621 7.2960 1.371689 
903.4767 35.175 126.735 -0.43173 0.57847 1.327 0.25774 8.0000 27.50 8.2730 10.1935 1.372301 
903.0736 31.312 126.694 -0.43449 0.58305 0.181 0.37654 8.0000 27.52 10.2290 12.3520 1.372913 
902.6704 32.147 127.236 -0.45144 0.59398 0.015 0.35914 8.0000 27.78 10.6856 13.0011 1.373527 
902.2672 33.155 128.228 -0.47405 0.60180 0.005 0.33614 8.0000 27.73 9.9010 12.2048 1.374140 
901.8638 33.996 129.446 -0.49772 0.60494 10.480 0.31663 8.0000 27.84 7.9171 10.0743 1.374755 
901.4604 34.308 129.427 -0.49841 0.60619 -0.036 0.30729 8.0000 27.50 5.0032 7.0083 1.375370 
901.0569 30.327 133.134 -0.32835 0.35047 -0.023 0.27002 8.0000 27.91 1.1939 3.8217 1.375986 
900.6533 31.357 118.920 -0.60159 1.08886 -1.125 0.64172 8.0000 27.80 3.9485 5.5183 1.376603 
900.2496 19.673 86.889 0.01805 0.33211 -0.254 0.40569 8.0000 27.98 0.5843 2.3149 1.377220 
899.8458 22.718 53.745 1.20823 1.64754 0.187 2.01219 8.0000 27.44 0.9560 2.1191 1.377838 
899.4420 66.144 214.891 -7.74787 -5.40317 0.235 -8.59128 8.0000 28.05 1.3162 3.0050 1.378457 
899.0380 66.164 211.504 -3.28884 -2.01576 -0.416 -3.51350 8.0000 28.20 1.5969 3.6242 1.379076 
898.6340 66.670 208.870 -2.70303 -1.49030 0.120 -2.91268 8.0000 28.16 1.7173 3.8494 1.379696 
898.2299 67.001 186.762 -2.88442 -0.34203 -0.739 -2.80509 8.0000 28.12 1.6508 3.7207 1.380317 
897.8257 70.771 217.529 -7.15451 -5.49554 -0.611 -11.35868 8.0000 28.55 1.4191 3.0442 1.380938 
897.4214 20.664 82.356 0.24923 1.85707 0.218 2.13066 8.0000 29.04 1.3120 2.1878 1.381560 
897.0171 27.151 115.051 -0.46027 0.98479 0.021 0.78106 8.0000 28.59 1.4488 1.7938 1.382183 
896.6127 35.176 138.222 -0.68234 0.60960 0.017 0.32667 8.0000 28.38 1.8680 2.7140 1.382807 
896.2081 30.055 119.558 -0.58922 1.03897 0.009 0.68657 8.0000 28.54 1.7306 2.0328 1.383431 
895.8035 28.351 118.609 -0.54532 0.99981 0.014 0.74803 8.0000 28.38 1.7615 2.1654 1.384056 
895.3989 27.733 117.895 -0.49987 0.94428 0.006 0.73525 8.0000 28.60 1.4611 1.9852 1.384681 
894.9941 24.979 116.428 -0.37151 0.74748 21.423 0.70145 8.0000 29.08 1.2103 1.8430 1.385307 
894.5892 15.909 113.194 -0.17420 0.40657 1.213 0.71290 8.0000 29.36 0.8733 1.6211 1.385934 
894.1843 7.765 301.742 0.12049 -0.19477 0.000 0.82415 8.0000 28.88 0.8190 1.4468 1.386562 
893.7792 8.132 116.038 -0.10362 0.21208 0.005 0.80906 8.0000 29.08 0.8096 1.5305 1.387190 
893.3741 4.688 93.904 -0.00968 0.14189 1.340 0.86126 8.0000 28.76 0.7888 1.4016 1.387819 
892.9689 4.873 357.552 0.15286 -0.00653 -6.912 0.89085 8.0000 29.28 0.7031 1.0895 1.388449 
892.5637 9.539 325.413 0.23302 -0.16067 -0.820 0.81838 8.0000 29.39 0.6371 0.7877 1.389079 
892.1583 10.671 319.183 0.25130 -0.21705 0.299 0.84989 8.0000 29.86 0.5978 0.7483 1.389711 
891.7528 6.895 333.289 0.16988 -0.08548 0.577 0.77479 8.0000 29.33 0.6119 0.8068 1.390343 
891.3473 6.054 339.655 0.12777 -0.04738 -0.435 0.63526 8.0000 29.96 0.5873 0.8291 1.390975 
890.9417 3.848 21.187 0.06320 0.02450 1.189 0.50153 8.0000 29.68 0.5886 0.8186 1.391608 
890.5359 3.046 82.952 0.00765 0.06184 0.000 0.58392 8.0000 29.48 0.5816 0.7764 1.392242 
890.1302 4.481 130.021 -0.04894 0.05828 0.054 0.48255 8.0000 30.15 0.5479 0.6789 1.392877 
889.7243 8.525 169.468 -0.10828 0.02013 0.000 0.35912 8.0000 29.59 0.5262 0.6756 1.393512 
889.3184 5.871 349.977 0.06679 -0.01180 0.000 0.32631 8.0000 29.75 0.5215 0.5539 1.394148 
888.9123 10.571 10.347 0.14550 0.02656 1.233 0.38245 8.0000 29.87 0.5309 0.5642 1.394785 
888.5062 9.889 8.350 0.11826 0.01736 -2.141 0.33241 8.0000 30.62 0.5330 0.6659 1.395423 
888.1000 9.768 100.462 -0.04151 0.22480 -95.855 0.64424 8.0000 29.89 0.6708 0.7526 1.396061 
887.6937 11.194 99.623 -0.04774 0.28158 1.307 0.69333 8.0000 30.33 0.7734 0.8775 1.396700 
887.2873 11.578 101.849 -0.06386 0.30439 -843.273 0.72722 8.0000 30.66 0.8159 0.9294 1.397340 
886.8808 12.605 104.494 -0.08830 0.34159 1.330 0.74943 8.0000 30.12 0.8836 0.9651 1.397980 
886.4743 9.064 109.413 -0.09460 0.26843 1.762 0.86930 8.0000 30.44 0.7716 0.8524 1.398621 
886.0676 11.361 117.197 -0.13920 0.27089 1.351 0.72731 8.0000 30.41 0.7190 0.7731 1.399263 
885.6609 12.365 124.643 -0.18314 0.26504 1.221 0.69948 8.0000 30.49 0.6859 0.7130 1.399906 
885.2541 11.492 115.248 -0.12536 0.26582 0.067 0.69290 8.0000 30.79 0.6528 0.7013 1.400549 
884.8472 11.291 112.974 -0.10027 0.23652 0.011 0.61770 8.0000 30.76 0.6002 0.6476 1.401193 
884.4402 11.566 108.557 -0.06663 0.19849 145.607 0.49014 8.0000 31.00 0.5577 0.6018 1.401838 
884.0332 14.928 110.220 -0.11740 0.31872 1.229 0.59172 8.0000 31.21 0.6265 0.6559 1.402483 
883.6260 14.491 107.458 -0.10112 0.32154 0.000 0.60856 8.0000 31.18 0.6260 0.6463 1.403130 
883.2188 18.776 106.241 -0.09914 0.34035 0.000 0.46111 8.0000 31.44 0.5999 0.6130 1.403777 
882.8115 16.420 86.718 0.01670 0.29129 0.000 0.45204 8.0000 31.11 0.6369 0.6818 1.404424 
882.4041 3.158 136.174 -0.04277 0.04105 0.044 0.53561 8.0000 31.33 0.5481 0.5544 1.405073 
881.9966 6.236 186.638 -0.14368 -0.01672 0.031 0.65403 8.0000 31.39 0.5764 0.6374 1.405722 
881.5890 8.585 212.003 -0.19944 -0.12464 0.021 0.76118 8.0000 31.47 0.6239 0.7553 1.406372 
881.1813 13.857 225.186 -0.25957 -0.26126 0.016 0.70108 8.0000 31.23 0.6071 0.7993 1.407023 
880.7736 21.914 270.317 0.00303 -0.54795 0.469 0.57086 8.0000 31.83 0.6199 0.8295 1.407674 
880.3658 33.734 234.140 -0.38410 -0.53140 -0.015 0.27203 8.0000 31.31 0.5852 0.8326 1.408326 
879.9579 49.085 278.494 0.58894 -3.94362 -0.021 -0.57243 8.0000 31.49 0.9603 1.2220 1.408979 
879.5499 43.066 147.388 -1.00933 0.64578 0.018 0.08100 8.0000 31.57 0.6680 0.9726 1.409632 
879.1418 40.247 124.923 -1.16369 1.66670 0.116 0.34038 8.0000 31.73 1.4143 1.6626 1.410287 
878.7336 35.757 119.999 -0.90816 1.57304 -0.005 0.60727 8.0000 31.73 2.1347 2.3041 1.410942 
878.3253 35.907 121.211 -1.11082 1.83335 -0.162 0.70420 8.0000 32.23 2.4586 2.7904 1.411598 
877.9170 35.608 120.495 -1.12212 1.90539 1.326 0.75209 8.0000 32.05 2.5630 2.9898 1.412254 
877.5085 35.296 118.965 -1.05953 1.91424 335.067 0.77085 8.0000 32.31 2.3951 2.9247 1.412912 
877.1000 33.989 118.302 -0.90402 1.67882 1.448 0.77119 8.0000 32.53 1.9414 2.5381 1.413570 
876.6915 30.646 114.988 -0.55824 1.19779 1.291 0.72372 8.0000 32.44 1.2304 1.9324 1.414228 
876.2828 24.570 124.757 -0.34067 0.49095 0.068 0.51688 8.0000 32.35 0.6726 1.0304 1.414888 
875.8740 40.909 293.515 1.12566 -2.58703 0.159 0.40564 8.0000 33.15 0.9749 1.1056 1.415548 
875.4651 10.279 123.241 -0.16390 0.25008 0.037 0.79721 8.0000 32.97 0.8195 3.3135 1.416209 
875.0562 1.658 307.194 0.02652 -0.03495 0.190 0.75735 8.0000 32.85 0.6935 1.0636 1.416871 
874.6472 25.584 304.071 0.59057 -0.87322 3.997 0.84855 8.0000 32.68 0.7780 4.0207 1.417534 
874.2380 33.321 121.764 -1.05304 1.70074 0.000 0.86389 8.0000 33.11 1.0599 6.0297 1.418197 
873.8289 26.469 121.199 -0.61176 1.01019 1.225 0.89193 8.0000 32.80 1.2127 7.3273 1.418861 
873.4196 24.665 120.949 -0.68247 1.13812 1.221 1.14023 8.0000 33.62 1.1285 7.7286 1.419526 
873.0102 26.415 120.144 -0.79198 1.36384 0.087 1.19575 8.0000 33.21 1.0585 7.2884 1.420192 
872.6007 30.281 118.376 -2.67570 4.95351 -0.064 3.17713 8.0000 32.94 0.8952 5.9655 1.420858 
872.1912 6.524 273.802 0.00828 -0.12455 -0.110 0.53866 8.0000 33.58 0.6001 3.9284 1.421525 
871.7816 5.961 144.264 -0.13346 0.09603 -0.047 0.77868 8.0000 32.93 0.7076 0.9933 1.422193 
871.3718 10.102 129.061 -0.18695 0.23036 1.303 0.80615 8.0000 34.08 1.1247 3.5014 1.422862 
870.9620 6.472 142.472 -0.12363 0.09496 -0.127 0.67829 8.0000 33.80 0.6563 0.7316 1.423532 
870.5521 7.618 128.587 -0.10737 0.13456 1.291 0.63205 8.0000 33.93 0.6170 0.7246 1.424202 
870.1422 5.507 142.504 -0.09858 0.07563 1.268 0.63832 8.0000 34.14 0.5951 0.7147 1.424873 
869.7321 7.363 137.979 -0.12381 0.11156 0.030 0.63411 8.0000 33.90 0.6150 0.7185 1.425545 
869.3219 10.137 128.562 -0.14609 0.18325 1.216 0.63445 8.0000 34.10 0.6744 0.7461 1.426217 
868.9117 12.743 119.632 -0.15903 0.27958 1.269 0.67475 8.0000 34.34 0.7405 0.7748 1.426891 
868.5013 14.520 114.503 -0.16256 0.35666 -0.010 0.70597 8.0000 34.40 0.8353 0.8424 1.427565 
868.0909 15.889 111.020 -0.16290 0.42393 1.181 0.73310 8.0000 34.52 0.9808 0.9922 1.428240 
867.6805 15.672 112.849 -0.17381 0.41250 -0.015 0.73494 8.0000 34.66 0.9487 0.9530 1.428915 
867.2699 14.706 112.747 -0.15370 0.36657 1.232 0.70505 8.0000 34.67 0.8200 0.8220 1.429592 
866.8592 14.294 112.149 -0.14374 0.35314 1.275 0.69965 8.0000 34.96 0.7738 0.7756 1.430269 
866.4485 12.648 110.622 -0.12157 0.32305 -0.224 0.73036 8.0000 34.74 0.7198 0.7224 1.430947 
866.0376 12.974 108.991 -0.11454 0.33281 1.163 0.72333 8.0000 34.64 0.7008 0.7126 1.431626 
865.6267 13.040 109.873 -0.12463 0.34479 1.198 0.74906 8.0000 35.75 0.7154 0.7169 1.432306 
865.2157 12.729 110.159 -0.12156 0.33113 -0.014 0.74095 8.0000 34.90 0.6978 0.7078 1.432986 
864.8046 13.538 110.304 -0.12988 0.35104 1.175 0.73219 8.0000 35.12 0.7212 0.7444 1.433667 
864.3934 13.197 111.044 -0.13127 0.34117 1.191 0.73656 8.0000 35.33 0.7217 0.7572 1.434349 
863.9821 14.345 115.055 -0.17116 0.36613 1.281 0.73850 8.0000 35.10 0.7395 0.7898 1.435032 
863.5707 12.782 113.224 -0.14366 0.33480 -2.955 0.76163 8.0000 35.72 0.7500 0.7835 1.435716 
863.1593 9.726 111.908 -0.09874 0.24553 1.260 0.74930 8.0000 35.82 0.6825 0.7020 1.436400 
862.7477 10.139 109.434 -0.09662 0.27386 1.193 0.78602 8.0000 36.14 0.7363 0.7422 1.437085 
862.3361 9.752 107.142 -0.08336 0.27027 -0.005 0.79850 8.0000 35.82 0.7477 0.7543 1.437771 
861.9244 10.002 107.050 -0.08370 0.27292 1.202 0.78416 8.0000 36.15 0.7628 0.7884 1.438458 
861.5126 10.123 108.815 -0.09635 0.28279 -1.540 0.81002 8.0000 36.23 0.7704 0.7890 1.439145 
861.1008 8.480 109.296 -0.07761 0.22168 1.179 0.77019 8.0000 36.13 0.7097 0.7151 1.439834 
860.6888 7.834 110.630 -0.07738 0.20554 1.187 0.78302 8.0000 36.40 0.6885 0.6960 1.440523 
860.2767 7.854 113.697 -0.08751 0.19938 1.179 0.77422 8.0000 35.96 0.6718 0.6898 1.441213 
859.8646 8.705 110.860 -0.08089 0.21228 -0.003 0.72443 8.0000 36.24 0.6459 0.6753 1.441904 
859.4523 7.924 117.729 -0.10532 0.20036 1.201 0.79733 8.0000 36.56 0.6682 0.6968 1.442595 
859.0400 8.189 117.691 -0.11632 0.22164 4.791 0.85166 8.0000 36.76 0.6845 0.7088 1.443288 
858.6276 7.853 120.012 -0.13224 0.22894 1.179 0.94018 8.0000 37.18 0.6965 0.7127 1.443981 
858.2151 9.177 117.594 -0.13845 0.26489 1.187 0.90090 8.0000 37.44 0.7260 0.7321 1.444675 
857.8026 12.088 111.117 -0.12707 0.32901 1.237 0.78570 8.0000 36.83 0.7747 0.7773 1.445370 
857.3899 13.301 108.535 -0.12209 0.36415 1.193 0.76694 8.0000 37.16 0.8202 0.8331 1.446065 
856.9771 13.720 108.669 -0.11907 0.35241 1.196 0.71640 8.0000 36.41 0.8354 0.8392 1.446762 
856.5643 13.633 109.245 -0.12255 0.35103 1.190 0.72141 8.0000 37.01 0.8407 0.8443 1.447459 
856.1514 14.591 108.287 -0.12148 0.36761 0.001 0.69323 8.0000 37.63 0.8571 0.8608 1.448157 
855.7383 14.461 108.443 -0.11891 0.35656 1.200 0.68024 8.0000 37.57 0.8498 0.8533 1.448856 
855.3253 15.074 107.682 -0.11886 0.37285 1.204 0.67380 8.0000 37.68 0.8683 0.8718 1.449556 
854.9120 14.568 108.015 -0.12581 0.38686 1.298 0.72982 8.0000 37.33 0.8634 0.8657 1.450257 
854.4988 12.794 111.170 -0.13928 0.35965 1.198 0.80538 8.0000 37.37 0.8201 0.8213 1.450958 
854.0854 12.973 111.047 -0.13967 0.36297 1.224 0.79934 8.0000 37.22 0.8266 0.8285 1.451660 
853.6719 13.296 110.065 -0.13659 0.37396 1.231 0.79531 8.0000 37.88 0.8404 0.8425 1.452364 
853.2584 12.550 111.871 -0.14381 0.35826 1.189 0.82408 8.0000 37.80 0.8129 0.8145 1.453067 
852.8448 12.316 112.568 -0.14689 0.35343 1.172 0.83478 8.0000 37.85 0.8009 0.8020 1.453772 
852.4311 12.090 114.016 -0.14987 0.33636 1.259 0.82015 8.0000 37.64 0.7807 0.7815 1.454478 
852.0173 14.413 111.494 -0.14273 0.36245 1.206 0.70784 8.0000 38.17 0.7787 0.7795 1.455184 
851.6034 12.939 112.230 -0.14223 0.34800 1.192 0.77500 8.0000 38.04 0.7935 0.7942 1.455891 
851.1894 13.485 111.459 -0.14097 0.35863 1.191 0.75728 8.0000 37.91 0.7977 0.7986 1.456599 
850.7753 14.272 109.881 -0.13894 0.38423 1.207 0.75111 8.0000 38.14 0.8093 0.8103 1.457308 
850.3612 12.813 112.357 -0.14611 0.35524 1.246 0.80079 8.0000 38.26 0.7906 0.7915 1.458018 
849.9470 12.814 111.997 -0.14624 0.36202 1.154 0.81387 8.0000 38.03 0.7946 0.7958 1.458728 
849.5326 13.516 110.501 -0.14352 0.38385 1.249 0.80320 8.0000 38.08 0.8122 0.8135 1.459440 
849.1182 14.172 109.719 -0.14665 0.40916 1.180 0.80578 8.0000 38.69 0.8018 0.8030 1.460152 
848.7037 13.663 109.924 -0.14182 0.39126 1.184 0.80546 8.0000 38.50 0.8244 0.8258 1.460865 
848.2891 13.229 110.321 -0.14051 0.37943 1.205 0.81302 8.0000 38.59 0.8365 0.8379 1.461579 
847.8744 12.567 110.972 -0.13774 0.35935 1.166 0.82026 8.0000 39.10 0.8535 0.8547 1.462294 
847.4597 13.562 110.879 -0.14640 0.38382 1.176 0.80193 8.0000 39.08 0.8047 0.8058 1.463010 
847.0448 13.543 111.308 -0.14941 0.38307 1.175 0.80398 8.0000 39.46 0.7958 0.7972 1.463726 
846.6298 13.832 111.360 -0.15209 0.38887 1.180 0.79651 8.0000 39.71 0.7832 0.7844 1.464444 
846.2148 14.760 111.269 -0.16092 0.41340 1.172 0.78347 8.0000 39.19 0.7495 0.7508 1.465162 
845.7997 14.425 111.785 -0.16145 0.40394 1.188 0.78966 8.0000 39.54 0.7558 0.7571 1.465881 
845.3845 14.371 111.551 -0.15898 0.40254 1.190 0.78912 8.0000 39.46 0.7673 0.7686 1.466601 
844.9692 14.027 111.898 -0.15770 0.39233 1.187 0.79344 8.0000 39.69 0.7819 0.7834 1.467322 
844.5538 13.559 110.924 -0.14876 0.38907 1.194 0.81333 8.0000 39.21 0.8016 0.8032 1.468044 
844.1383 13.609 110.863 -0.15133 0.39706 1.167 0.82616 8.0000 39.36 0.7992 0.8009 1.468766 
843.7227 13.500 110.767 -0.15015 0.39596 1.177 0.83108 8.0000 40.26 0.8123 0.8144 1.469490 
843.3071 14.003 110.589 -0.15309 0.40753 1.140 0.81850 8.0000 40.04 0.7976 0.7995 1.470214 
842.8914 13.864 110.495 -0.15113 0.40432 1.188 0.82119 8.0000 40.11 0.8106 0.8127 1.470939 
842.4755 13.879 110.037 -0.14786 0.40543 1.176 0.81998 8.0000 40.15 0.8174 0.8195 1.471665 
842.0596 14.061 109.550 -0.14724 0.41464 1.180 0.82328 8.0000 40.38 0.8076 0.8097 1.472392 
841.6436 14.066 109.337 -0.14589 0.41574 1.161 0.82409 8.0000 40.61 0.8110 0.8130 1.473120 
841.2275 13.750 109.199 -0.14147 0.40629 1.161 0.82643 8.0000 40.55 0.8304 0.8321 1.473849 
840.8113 13.690 108.759 -0.13609 0.40070 1.148 0.81712 8.0000 40.95 0.8474 0.8492 1.474578 
840.3951 13.717 108.678 -0.13581 0.40173 1.149 0.81690 8.0000 40.66 0.8477 0.8495 1.475308 
839.9787 13.685 108.369 -0.13413 0.40395 1.170 0.82220 8.0000 40.66 0.8516 0.8537 1.476040 
839.5623 13.568 108.016 -0.13045 0.40112 1.163 0.82297 8.0000 41.38 0.8628 0.8651 1.476772 
839.1457 13.902 108.157 -0.13309 0.40585 1.197 0.80994 8.0000 41.18 0.8619 0.8642 1.477505 
838.7291 14.047 108.084 -0.13385 0.40990 1.169 0.80774 8.0000 41.09 0.8618 0.8642 1.478239 
838.3124 14.120 108.021 -0.13410 0.41222 1.171 0.80713 8.0000 41.62 0.8611 0.8637 1.478974 
837.8956 14.185 107.827 -0.13350 0.41513 1.170 0.80750 8.0000 41.87 0.8614 0.8637 1.479709 
837.4787 14.251 107.676 -0.13462 0.42242 1.175 0.81650 8.0000 41.88 0.8559 0.8580 1.480446 
837.0617 14.356 107.818 -0.13614 0.42357 1.212 0.81224 8.0000 41.78 0.8545 0.8565 1.481183 
836.6447 14.256 107.880 -0.13686 0.42421 1.187 0.82051 8.0000 41.96 0.8565 0.8588 1.481922 
836.2275 14.342 107.901 -0.13831 0.42817 1.174 0.82238 8.0000 42.52 0.8528 0.8551 1.482661 
835.8102 14.319 107.823 -0.13871 0.43146 1.160 0.82993 8.0000 42.72 0.8536 0.8560 1.483401 
835.3929 14.323 107.695 -0.13740 0.43064 1.164 0.82750 8.0000 42.39 0.8558 0.8583 1.484142 
834.9755 14.373 107.641 -0.13770 0.43300 1.161 0.82836 8.0000 42.64 0.8543 0.8568 1.484884 
834.5579 14.441 107.620 -0.13808 0.43477 1.165 0.82699 8.0000 42.91 0.8531 0.8555 1.485627 
834.1403 14.461 107.511 -0.13715 0.43469 1.166 0.82497 8.0000 43.13 0.8524 0.8549 1.486371 
833.7227 14.509 107.532 -0.13789 0.43648 1.153 0.82515 8.0000 42.95 0.8534 0.8559 1.487115 
833.3049 14.644 107.480 -0.13869 0.44039 1.156 0.82315 8.0000 43.35 0.8517 0.8541 1.487861 
832.8870 14.684 107.448 -0.13902 0.44231 1.155 0.82390 8.0000 43.01 0.8515 0.8539 1.488608 
832.4691 14.631 107.294 -0.13747 0.44152 1.177 0.82531 8.0000 43.85 0.8532 0.8556 1.489355 
832.0510 14.703 107.296 -0.13808 0.44342 1.177 0.82403 8.0000 44.02 0.8528 0.8551 1.490103 
831.6329 14.727 107.347 -0.13872 0.44411 1.180 0.82393 8.0000 43.51 0.8521 0.8544 1.490852 
831.2146 14.718 107.269 -0.13803 0.44402 1.168 0.82401 8.0000 44.29 0.8527 0.8550 1.491603 
830.7963 14.818 107.355 -0.13990 0.44765 1.175 0.82440 8.0000 44.21 0.8529 0.8552 1.492354 
830.3779 14.913 107.342 -0.14060 0.45026 1.168 0.82276 8.0000 44.18 0.8540 0.8563 1.493106 
829.9594 14.930 107.341 -0.14037 0.44956 1.169 0.82038 8.0000 45.52 0.8554 0.8577 1.493858 
829.5408 14.960 107.319 -0.14094 0.45199 1.159 0.82273 8.0000 44.85 0.8576 0.8599 1.494612 
829.1221 14.877 107.260 -0.13989 0.45022 1.156 0.82472 8.0000 44.24 0.8598 0.8620 1.495367 
828.7034 14.923 107.246 -0.14035 0.45211 1.174 0.82508 8.0000 45.32 0.8610 0.8633 1.496123 
828.2845 14.850 107.209 -0.13944 0.45021 1.181 0.82627 8.0000 45.51 0.8611 0.8634 1.496879 
827.8656 14.883 107.168 -0.13989 0.45280 1.156 0.82862 8.0000 44.52 0.8631 0.8654 1.497637 
827.4465 14.880 107.111 -0.13950 0.45312 1.179 0.82921 8.0000 45.52 0.8641 0.8664 1.498395 
827.0275 14.920 107.039 -0.13880 0.45286 1.171 0.82569 8.0000 45.80 0.8647 0.8669 1.499154 
826.6082 14.937 107.031 -0.13912 0.45417 1.163 0.82693 8.0000 45.44 0.8650 0.8672 1.499915 
826.1889 14.964 106.982 -0.13874 0.45430 1.187 0.82514 8.0000 45.81 0.8663 0.8685 1.500676 
825.7695 14.980 106.973 -0.13867 0.45433 1.178 0.82405 8.0000 46.60 0.8673 0.8696 1.501438 
825.3500 14.958 106.951 -0.13802 0.45284 1.169 0.82276 8.0000 46.30 0.8684 0.8707 1.502201 
824.9305 14.916 106.961 -0.13798 0.45240 1.161 0.82478 8.0000 45.90 0.8703 0.8726 1.502965 
824.5108 14.908 106.927 -0.13821 0.45415 1.157 0.82835 8.0000 46.26 0.8715 0.8737 1.503730 
824.0911 14.878 106.865 -0.13772 0.45427 1.170 0.83030 8.0000 46.22 0.8730 0.8751 1.504496 
823.6713 14.874 106.829 -0.13766 0.45513 1.169 0.83203 8.0000 46.55 0.8743 0.8765 1.505263 
823.2513 14.870 106.818 -0.13752 0.45499 1.176 0.83197 8.0000 46.37 0.8756 0.8778 1.506031 
822.8313 14.869 106.810 -0.13752 0.45519 1.164 0.83235 8.0000 46.53 0.8753 0.8775 1.506800 
822.4112 14.903 106.820 -0.13801 0.45652 1.173 0.83253 8.0000 46.99 0.8772 0.8794 1.507569 
821.9910 14.949 106.872 -0.13862 0.45706 1.155 0.83065 8.0000 46.80 0.8793 0.8815 1.508340 
821.5707 14.908 106.856 -0.13844 0.45691 1.165 0.83312 8.0000 47.34 0.8803 0.8825 1.509112 
821.1503 14.897 106.870 -0.13858 0.45697 1.174 0.83399 8.0000 47.77 0.8801 0.8822 1.509884 
820.7299 14.934 106.867 -0.13907 0.45870 1.181 0.83462 8.0000 48.19 0.8813 0.8834 1.510658 
820.3093 14.970 106.865 -0.13931 0.45955 1.162 0.83376 8.0000 47.88 0.8831 0.8852 1.511432 
819.8886 14.978 106.846 -0.13915 0.45955 1.162 0.83316 8.0000 47.81 0.8832 0.8853 1.512208 
819.4679 15.003 106.827 -0.13919 0.46024 1.164 0.83264 8.0000 48.85 0.8838 0.8859 1.512984 
819.0471 15.025 106.839 -0.13963 0.46135 1.171 0.83319 8.0000 48.27 0.8855 0.8876 1.513761 
818.6262 15.046 106.825 -0.13982 0.46238 1.170 0.83356 8.0000 49.39 0.8864 0.8884 1.514540 
818.2051 15.058 106.794 -0.13971 0.46292 1.162 0.83360 8.0000 48.71 0.8866 0.8886 1.515319 
817.7841 15.073 106.769 -0.13971 0.46365 1.150 0.83381 8.0000 48.70 0.8867 0.8886 1.516099 
817.3629 15.073 106.792 -0.13989 0.46358 1.161 0.83379 8.0000 48.89 0.8865 0.8885 1.516881 
816.9416 15.103 106.798 -0.14031 0.46480 1.157 0.83401 8.0000 48.76 0.8887 0.8906 1.517663 
816.5202 15.119 106.781 -0.14045 0.46576 1.169 0.83460 8.0000 49.25 0.8894 0.8913 1.518446 
816.0988 15.133 106.788 -0.14081 0.46675 1.160 0.83541 8.0000 49.96 0.8904 0.8923 1.519230 
815.6772 15.163 106.742 -0.14086 0.46827 1.159 0.83597 8.0000 49.44 0.8911 0.8930 1.520015 
815.2556 15.165 106.732 -0.14077 0.46827 1.154 0.83578 8.0000 49.39 0.8909 0.8928 1.520801 
814.8338 15.187 106.735 -0.14105 0.46912 1.151 0.83583 8.0000 49.68 0.8922 0.8941 1.521589 
814.4120 15.208 106.694 -0.14103 0.47026 1.146 0.83627 8.0000 50.24 0.8932 0.8951 1.522377 
813.9901 15.222 106.724 -0.14153 0.47102 1.157 0.83681 8.0000 50.75 0.8941 0.8960 1.523166 
813.5681 15.241 106.737 -0.14178 0.47145 1.155 0.83635 8.0000 50.43 0.8951 0.8970 1.523956 
813.1460 15.246 106.698 -0.14149 0.47166 1.153 0.83623 8.0000 50.35 0.8940 0.8959 1.524747 
812.7238 15.251 106.696 -0.14150 0.47179 1.165 0.83611 8.0000 50.83 0.8938 0.8957 1.525539 
812.3015 15.294 106.647 -0.14168 0.47385 1.172 0.83666 8.0000 51.21 0.8964 0.8983 1.526332 
811.8792 15.267 106.690 -0.14183 0.47306 1.168 0.83727 8.0000 51.89 0.8958 0.8977 1.527126 
811.4567 15.277 106.683 -0.14191 0.47354 1.158 0.83741 8.0000 51.94 0.8971 0.8990 1.527921 
811.0341 15.288 106.666 -0.14182 0.47372 1.156 0.83697 8.0000 50.92 0.8969 0.8988 1.528717 
810.6115 15.297 106.724 -0.14249 0.47421 1.159 0.83745 8.0000 51.45 0.8979 0.8998 1.529514 
810.1888 15.308 106.686 -0.14230 0.47474 1.143 0.83753 8.0000 50.73 0.8975 0.8993 1.530312 
809.7659 15.331 106.637 -0.14214 0.47568 1.151 0.83741 8.0000 52.08 0.8978 0.8997 1.531111 
809.3430 15.349 106.599 -0.14200 0.47637 1.155 0.83723 8.0000 52.43 0.8975 0.8993 1.531912 
808.9200 15.371 106.513 -0.14147 0.47721 1.160 0.83691 8.0000 51.97 0.8981 0.9000 1.532713 
808.4969 15.388 106.452 -0.14109 0.47780 1.155 0.83655 8.0000 52.83 0.8983 0.9002 1.533515 
808.0737 15.396 106.412 -0.14078 0.47795 1.167 0.83610 8.0000 52.58 0.8978 0.8998 1.534318 
807.6505 15.405 106.416 -0.14093 0.47834 1.161 0.83621 8.0000 52.76 0.8985 0.9004 1.535122 
807.2271 15.411 106.397 -0.14085 0.47866 1.160 0.83629 8.0000 52.84 0.8981 0.9000 1.535927 
806.8036 15.439 106.337 -0.14056 0.47952 1.159 0.83567 8.0000 53.64 0.8976 0.8995 1.536733 
806.3801 15.461 106.312 -0.14055 0.48027 1.158 0.83538 8.0000 52.65 0.8974 0.8993 1.537540 
805.9564 15.483 106.266 -0.14031 0.48088 1.151 0.83479 8.0000 53.55 0.8976 0.8994 1.538349 
805.5327 15.497 106.231 -0.14016 0.48147 1.155 0.83479 8.0000 53.39 0.8984 0.9002 1.539158 
805.1089 15.520 106.165 -0.13976 0.48214 1.151 0.83414 8.0000 53.10 0.8984 0.9003 1.539968 
804.6850 15.538 106.157 -0.13992 0.48294 1.159 0.83428 8.0000 53.50 0.8999 0.9018 1.540779 
804.2610 15.544 106.128 -0.13972 0.48317 1.152 0.83420 8.0000 54.23 0.8995 0.9014 1.541591 
803.8369 15.559 106.095 -0.13961 0.48382 1.148 0.83414 8.0000 53.59 0.9000 0.9018 1.542405 
803.4127 15.585 106.070 -0.13956 0.48448 1.152 0.83352 8.0000 53.95 0.9010 0.9029 1.543219 
802.9884 15.595 106.065 -0.13960 0.48476 1.167 0.83331 8.0000 54.09 0.9013 0.9032 1.544035 
802.5640 15.609 106.057 -0.13971 0.48538 1.154 0.83339 8.0000 54.00 0.9022 0.9041 1.544851 
802.1396 15.611 106.033 -0.13948 0.48537 1.154 0.83314 8.0000 55.22 0.9012 0.9031 1.545669 
801.7150 15.618 106.044 -0.13959 0.48540 1.165 0.83280 8.0000 55.53 0.9016 0.9035 1.546487 
801.2903 15.642 106.007 -0.13942 0.48599 1.162 0.83206 8.0000 55.44 0.9017 0.9037 1.547307 
800.8657 15.646 106.025 -0.13957 0.48593 1.155 0.83181 8.0000 54.68 0.9020 0.9039 1.548127 
800.4408 15.639 106.008 -0.13933 0.48564 1.156 0.83169 8.0000 54.33 0.9010 0.9030 1.548949 
800.0159 15.655 106.015 -0.13950 0.48601 1.154 0.83132 8.0000 55.54 0.9009 0.9029 1.549772 
799.5909 15.666 105.982 -0.13928 0.48631 1.150 0.83095 8.0000 55.17 0.8999 0.9018 1.550595 
799.1658 15.680 105.974 -0.13937 0.48686 1.153 0.83093 8.0000 55.30 0.9006 0.9025 1.551420 
798.7406 15.700 105.941 -0.13931 0.48770 1.154 0.83094 8.0000 55.52 0.9012 0.9031 1.552246 
798.3153 15.721 105.953 -0.13962 0.48844 1.154 0.83084 8.0000 55.62 0.9021 0.9039 1.553073 
797.8899 15.748 105.920 -0.13963 0.48954 1.162 0.83087 8.0000 56.32 0.9031 0.9050 1.553901 
797.4644 15.757 105.923 -0.13977 0.48991 1.160 0.83092 8.0000 56.63 0.9032 0.9051 1.554730 
797.0389 15.777 105.894 -0.13979 0.49095 1.160 0.83124 8.0000 56.44 0.9038 0.9056 1.555560 
796.6132 15.792 105.860 -0.13969 0.49167 1.152 0.83138 8.0000 56.11 0.9046 0.9064 1.556391 
796.1875 15.791 105.835 -0.13944 0.49162 1.160 0.83120 8.0000 56.86 0.9044 0.9063 1.557224 
795.7617 15.809 105.817 -0.13945 0.49225 1.155 0.83106 8.0000 56.07 0.9041 0.9060 1.558057 
795.3357 15.826 105.783 -0.13929 0.49280 1.157 0.83073 8.0000 56.78 0.9050 0.9070 1.558891 
794.9097 15.847 105.748 -0.13917 0.49354 1.151 0.83047 8.0000 57.31 0.9058 0.9078 1.559727 
794.4836 15.859 105.698 -0.13881 0.49390 1.156 0.83008 8.0000 57.26 0.9053 0.9073 1.560563 
794.0574 15.872 105.714 -0.13907 0.49428 1.160 0.82995 8.0000 57.28 0.9061 0.9081 1.561401 
793.6310 15.892 105.690 -0.13911 0.49521 1.164 0.83013 8.0000 57.99 0.9062 0.9082 1.562240 
793.2047 15.909 105.644 -0.13885 0.49583 1.171 0.82987 8.0000 58.10 0.9066 0.9086 1.563079 
792.7782 15.921 105.617 -0.13871 0.49622 1.159 0.82962 8.0000 57.34 0.9061 0.9081 1.563920 
792.3516 15.932 105.621 -0.13884 0.49657 1.159 0.82955 8.0000 57.92 0.9060 0.9080 1.564762 
791.9249 15.934 105.617 -0.13880 0.49655 1.154 0.82937 8.0000 57.21 0.9053 0.9073 1.565605 
791.4982 15.960 105.595 -0.13881 0.49730 1.152 0.82882 8.0000 57.24 0.9053 0.9073 1.566449 
791.0714 15.971 105.592 -0.13885 0.49758 1.145 0.82860 8.0000 58.05 0.9058 0.9079 1.567295 
790.6444 15.983 105.583 -0.13888 0.49796 1.152 0.82837 8.0000 57.71 0.9066 0.9086 1.568141 
790.2173 15.991 105.573 -0.13877 0.49794 1.145 0.82781 8.0000 57.78 0.9070 0.9090 1.568989 
789.7902 16.007 105.555 -0.13876 0.49847 1.156 0.82762 8.0000 58.16 0.9068 0.9088 1.569837 
789.3630 16.020 105.538 -0.13871 0.49890 1.154 0.82741 8.0000 57.87 0.9070 0.9090 1.570687 
788.9357 16.036 105.544 -0.13888 0.49930 1.149 0.82708 8.0000 58.83 0.9074 0.9094 1.571537 
788.5083 16.044 105.534 -0.13884 0.49948 1.148 0.82683 8.0000 59.09 0.9067 0.9088 1.572389 
788.0807 16.046 105.559 -0.13913 0.49969 1.154 0.82710 8.0000 58.61 0.9071 0.9091 1.573242 
787.6532 16.060 105.551 -0.13924 0.50035 1.155 0.82731 8.0000 58.72 0.9076 0.9096 1.574096 
787.2255 16.061 105.549 -0.13919 0.50024 1.144 0.82707 8.0000 58.55 0.9070 0.9090 1.574951 
786.7977 16.060 105.508 -0.13883 0.50030 1.148 0.82706 8.0000 59.17 0.9062 0.9081 1.575808 
786.3699 16.070 105.508 -0.13897 0.50082 1.158 0.82725 8.0000 59.28 0.9066 0.9085 1.576665 
785.9419 16.083 105.515 -0.13917 0.50131 1.147 0.82726 8.0000 59.33 0.9077 0.9096 1.577524 
785.5139 16.092 105.498 -0.13907 0.50153 1.150 0.82695 8.0000 58.79 0.9081 0.9100 1.578383 
785.0857 16.101 105.482 -0.13905 0.50201 1.153 0.82711 8.0000 60.07 0.9074 0.9093 1.579244 
784.6575 16.116 105.445 -0.13887 0.50264 1.147 0.82703 8.0000 59.77 0.9076 0.9095 1.580106 
784.2291 16.121 105.446 -0.13892 0.50277 1.160 0.82699 8.0000 60.26 0.9079 0.9098 1.580969 
783.8007 16.125 105.437 -0.13884 0.50279 1.157 0.82668 8.0000 59.88 0.9078 0.9097 1.581833 
783.3722 16.132 105.423 -0.13877 0.50301 1.147 0.82656 8.0000 60.05 0.9080 0.9098 1.582698 
782.9435 16.153 105.395 -0.13863 0.50346 1.152 0.82588 8.0000 60.50 0.9083 0.9101 1.583565 
782.5148 16.169 105.393 -0.13879 0.50415 1.146 0.82593 8.0000 60.40 0.9093 0.9112 1.584433 
782.0861 16.172 105.407 -0.13899 0.50437 1.141 0.82617 8.0000 59.97 0.9097 0.9116 1.585301 
781.6572 16.173 105.413 -0.13905 0.50435 1.142 0.82607 8.0000 59.49 0.9098 0.9116 1.586171 
781.2282 16.181 105.403 -0.13902 0.50459 1.147 0.82597 8.0000 60.22 0.9099 0.9117 1.587042 
780.7991 16.189 105.409 -0.13916 0.50490 1.151 0.82598 8.0000 60.28 0.9103 0.9121 1.587914 
780.3699 16.201 105.403 -0.13922 0.50535 1.159 0.82591 8.0000 60.54 0.9109 0.9127 1.588788 
779.9407 16.207 105.403 -0.13925 0.50546 1.153 0.82573 8.0000 60.77 0.9113 0.9131 1.589662 
779.5113 16.212 105.401 -0.13927 0.50559 1.154 0.82562 8.0000 60.74 0.9112 0.9130 1.590537 
779.0818 16.232 105.380 -0.13925 0.50625 1.160 0.82534 8.0000 60.78 0.9115 0.9133 1.591414 
778.6523 16.255 105.340 -0.13910 0.50709 1.154 0.82506 8.0000 61.06 0.9119 0.9137 1.592292 
778.2227 16.277 105.305 -0.13899 0.50789 1.149 0.82484 8.0000 61.27 0.9122 0.9140 1.593171 
777.7930 16.287 105.309 -0.13911 0.50816 1.153 0.82464 8.0000 60.79 0.9130 0.9148 1.594051 
777.3632 16.309 105.302 -0.13925 0.50895 1.153 0.82452 8.0000 60.74 0.9135 0.9153 1.594933 
776.9332 16.325 105.274 -0.13915 0.50955 1.151 0.82434 8.0000 61.56 0.9141 0.9159 1.595815 
776.5032 16.339 105.244 -0.13901 0.51011 1.146 0.82424 8.0000 61.86 0.9144 0.9161 1.596699 
776.0731 16.352 105.231 -0.13899 0.51050 1.151 0.82402 8.0000 61.72 0.9144 0.9162 1.597584 
775.6429 16.368 105.193 -0.13875 0.51094 1.159 0.82355 8.0000 61.02 0.9143 0.9161 1.598470 
775.2126 16.381 105.184 -0.13870 0.51110 1.154 0.82296 8.0000 61.97 0.9142 0.9160 1.599357 
774.7822 16.396 105.161 -0.13863 0.51162 1.158 0.82276 8.0000 62.54 0.9148 0.9166 1.600246 
774.3517 16.406 105.172 -0.13879 0.51184 1.161 0.82255 8.0000 62.68 0.9149 0.9167 1.601135 
773.9212 16.418 105.143 -0.13869 0.51248 1.147 0.82270 8.0000 62.22 0.9152 0.9170 1.602026 
773.4905 16.431 105.146 -0.13884 0.51292 1.134 0.82261 8.0000 62.04 0.9156 0.9173 1.602918 
773.0598 16.447 105.137 -0.13893 0.51357 1.139 0.82258 8.0000 63.23 0.9157 0.9174 1.603811 
772.6289 16.463 105.110 -0.13881 0.51408 1.148 0.82227 8.0000 62.83 0.9161 0.9178 1.604706 
772.1980 16.488 105.080 -0.13876 0.51496 1.155 0.82199 8.0000 62.59 0.9167 0.9184 1.605601 
771.7669 16.493 105.064 -0.13863 0.51504 1.150 0.82175 8.0000 62.75 0.9168 0.9185 1.606498 
771.3358 16.503 105.056 -0.13866 0.51548 1.153 0.82177 8.0000 63.10 0.9175 0.9192 1.607396 
770.9046 16.511 105.037 -0.13851 0.51560 1.151 0.82140 8.0000 62.72 0.9177 0.9194 1.608295 
770.4733 16.525 105.023 -0.13855 0.51624 1.148 0.82147 8.0000 63.18 0.9185 0.9201 1.609195 
770.0419 16.537 105.020 -0.13860 0.51652 1.152 0.82116 8.0000 62.64 0.9189 0.9205 1.610097 
769.6104 16.554 105.020 -0.13876 0.51713 1.150 0.82106 8.0000 63.22 0.9192 0.9208 1.610999 
769.1787 16.568 105.016 -0.13883 0.51751 1.147 0.82078 8.0000 63.79 0.9190 0.9207 1.611904 
768.7471 16.570 105.016 -0.13879 0.51739 1.151 0.82046 8.0000 63.68 0.9191 0.9207 1.612809 
768.3152 16.593 105.011 -0.13895 0.51818 1.151 0.82030 8.0000 63.57 0.9196 0.9212 1.613715 
767.8834 16.612 104.975 -0.13880 0.51891 1.155 0.82008 8.0000 63.99 0.9195 0.9211 1.614623 
767.4514 16.628 104.933 -0.13852 0.51941 1.152 0.81976 8.0000 64.66 0.9197 0.9213 1.615531 
767.0193 16.641 104.921 -0.13853 0.51984 1.153 0.81957 8.0000 64.55 0.9195 0.9211 1.616442 
766.5872 16.658 104.894 -0.13842 0.52043 1.161 0.81932 8.0000 64.11 0.9197 0.9213 1.617353 
766.1549 16.672 104.868 -0.13827 0.52085 1.158 0.81899 8.0000 64.78 0.9195 0.9211 1.618265 
765.7225 16.683 104.875 -0.13839 0.52105 1.157 0.81868 8.0000 65.63 0.9193 0.9209 1.619179 
765.2901 16.697 104.872 -0.13845 0.52135 1.148 0.81823 8.0000 65.11 0.9194 0.9210 1.620094 
764.8575 16.715 104.875 -0.13859 0.52176 1.157 0.81777 8.0000 65.75 0.9195 0.9210 1.621010 
764.4249 16.729 104.864 -0.13864 0.52237 1.152 0.81781 8.0000 65.26 0.9200 0.9215 1.621928 
763.9922 16.746 104.859 -0.13876 0.52298 1.147 0.81775 8.0000 65.32 0.9205 0.9220 1.622846 
763.5593 16.766 104.836 -0.13868 0.52356 1.155 0.81727 8.0000 66.17 0.9208 0.9223 1.623766 
763.1264 16.778 104.845 -0.13882 0.52376 1.152 0.81692 8.0000 65.82 0.9207 0.9222 1.624687 
762.6934 16.792 104.808 -0.13860 0.52428 1.156 0.81670 8.0000 66.37 0.9206 0.9221 1.625610 
762.2603 16.802 104.792 -0.13847 0.52438 1.161 0.81620 8.0000 66.34 0.9204 0.9219 1.626533 
761.8271 16.813 104.782 -0.13845 0.52468 1.168 0.81592 8.0000 66.92 0.9204 0.9219 1.627458 
761.3938 16.822 104.768 -0.13833 0.52473 1.159 0.81540 8.0000 66.57 0.9204 0.9219 1.628385 
760.9604 16.838 104.736 -0.13812 0.52511 1.159 0.81487 8.0000 66.19 0.9202 0.9217 1.629312 
760.5269 16.856 104.734 -0.13822 0.52560 1.156 0.81449 8.0000 67.06 0.9203 0.9218 1.630241 
760.0933 16.878 104.711 -0.13818 0.52627 1.152 0.81415 8.0000 67.40 0.9209 0.9224 1.631171 
759.6597 16.897 104.683 -0.13806 0.52687 1.157 0.81380 8.0000 67.53 0.9212 0.9227 1.632102 
759.2259 16.906 104.688 -0.13811 0.52691 1.165 0.81331 8.0000 67.07 0.9214 0.9229 1.633034 
758.7921 16.919 104.691 -0.13822 0.52721 1.159 0.81296 8.0000 67.45 0.9217 0.9232 1.633968 
758.3581 16.935 104.660 -0.13801 0.52757 1.159 0.81247 8.0000 68.05 0.9216 0.9230 1.634903 
757.9240 16.941 104.651 -0.13788 0.52743 1.162 0.81182 8.0000 68.50 0.9212 0.9226 1.635839 
757.4899 16.954 104.642 -0.13787 0.52773 1.168 0.81148 8.0000 68.56 0.9213 0.9228 1.636777 
757.0556 16.964 104.642 -0.13789 0.52779 1.160 0.81092 8.0000 68.23 0.9212 0.9226 1.637716 
756.6213 16.982 104.642 -0.13800 0.52819 1.153 0.81046 8.0000 67.82 0.9214 0.9228 1.638656 
756.1868 16.999 104.612 -0.13782 0.52865 1.153 0.81000 8.0000 67.71 0.9213 0.9228 1.639597 
755.7523 17.003 104.624 -0.13795 0.52871 1.157 0.80990 8.0000 67.84 0.9214 0.9229 1.640540 
755.3177 17.017 104.625 -0.13808 0.52915 1.160 0.80974 8.0000 69.18 0.9216 0.9230 1.641484 
754.8830 17.025 104.632 -0.13817 0.52921 1.166 0.80937 8.0000 68.96 0.9216 0.9230 1.642429 
754.4482 17.032 104.637 -0.13818 0.52909 1.162 0.80877 8.0000 69.25 0.9215 0.9229 1.643376 
754.0132 17.044 104.642 -0.13828 0.52926 1.175 0.80830 8.0000 70.25 0.9216 0.9230 1.644324 
753.5782 17.056 104.636 -0.13831 0.52963 1.163 0.80815 8.0000 69.44 0.9215 0.9229 1.645273 
753.1431 17.066 104.634 -0.13840 0.53002 1.175 0.80809 8.0000 70.30 0.9217 0.9231 1.646223 
752.7079 17.076 104.643 -0.13855 0.53023 1.154 0.80787 8.0000 69.31 0.9219 0.9232 1.647175 
752.2726 17.088 104.645 -0.13862 0.53046 1.170 0.80750 8.0000 71.07 0.9218 0.9232 1.648129 
751.8373 17.095 104.652 -0.13866 0.53037 1.163 0.80696 8.0000 69.94 0.9215 0.9228 1.649083 
751.4018 17.112 104.617 -0.13846 0.53091 1.168 0.80662 8.0000 70.69 0.9217 0.9231 1.650039 
750.9662 17.125 104.613 -0.13851 0.53125 1.165 0.80635 8.0000 70.68 0.9222 0.9236 1.650996 
750.5306 17.134 104.617 -0.13860 0.53146 1.167 0.80609 8.0000 70.69 0.9226 0.9239 1.651954 
750.0948 17.146 104.594 -0.13845 0.53174 1.163 0.80572 8.0000 70.92 0.9221 0.9235 1.652914 
749.6589 17.160 104.598 -0.13861 0.53220 1.170 0.80561 8.0000 70.90 0.9223 0.9237 1.653875 
749.2230 17.167 104.601 -0.13866 0.53228 1.176 0.80531 8.0000 71.23 0.9224 0.9238 1.654837 
748.7869 17.176 104.603 -0.13873 0.53248 1.172 0.80509 8.0000 71.78 0.9224 0.9238 1.655801 
748.3508 17.195 104.587 -0.13871 0.53302 1.167 0.80471 8.0000 71.46 0.9226 0.9240 1.656766 
747.9146 17.206 104.593 -0.13888 0.53342 1.175 0.80463 8.0000 71.60 0.9229 0.9243 1.657732 
747.4782 17.216 104.605 -0.13907 0.53369 1.164 0.80448 8.0000 70.77 0.9232 0.9246 1.658700 
747.0417 17.225 104.597 -0.13911 0.53414 1.178 0.80460 8.0000 71.47 0.9233 0.9246 1.659669 
746.6052 17.234 104.584 -0.13906 0.53445 1.169 0.80449 8.0000 71.93 0.9232 0.9246 1.660639 
746.1686 17.249 104.563 -0.13899 0.53504 1.173 0.80437 8.0000 72.37 0.9234 0.9247 1.661611 
745.7319 17.265 104.541 -0.13897 0.53578 1.174 0.80447 8.0000 71.81 0.9236 0.9250 1.662584 
745.2950 17.281 104.529 -0.13903 0.53645 1.178 0.80445 8.0000 71.94 0.9239 0.9253 1.663559 
744.8582 17.299 104.501 -0.13888 0.53699 1.179 0.80407 8.0000 72.61 0.9239 0.9253 1.664534 
744.4211 17.306 104.498 -0.13895 0.53736 1.171 0.80420 8.0000 71.97 0.9240 0.9254 1.665512 
743.9841 17.319 104.495 -0.13910 0.53803 1.170 0.80442 8.0000 72.49 0.9243 0.9256 1.666490 
743.5468 17.333 104.469 -0.13895 0.53849 1.168 0.80416 8.0000 72.15 0.9242 0.9256 1.667470 
743.1096 17.341 104.466 -0.13900 0.53880 1.172 0.80413 8.0000 72.81 0.9243 0.9257 1.668451 
742.6722 17.349 104.481 -0.13923 0.53912 1.177 0.80420 8.0000 72.31 0.9245 0.9258 1.669434 
742.2347 17.354 104.474 -0.13921 0.53929 1.176 0.80413 8.0000 73.02 0.9243 0.9256 1.670418 
741.7971 17.361 104.445 -0.13906 0.53984 1.181 0.80442 8.0000 73.54 0.9240 0.9254 1.671403 
741.3594 17.366 104.440 -0.13907 0.54008 1.176 0.80447 8.0000 72.47 0.9241 0.9254 1.672390 
740.9216 17.373 104.444 -0.13921 0.54045 1.188 0.80459 8.0000 74.02 0.9242 0.9255 1.673378 
740.4838 17.382 104.442 -0.13927 0.54078 1.180 0.80454 8.0000 73.67 0.9242 0.9255 1.674367 
740.0458 17.386 104.445 -0.13937 0.54103 1.173 0.80469 8.0000 74.06 0.9241 0.9254 1.675358 
739.6077 17.390 104.442 -0.13943 0.54138 1.181 0.80495 8.0000 74.13 0.9241 0.9254 1.676351 
739.1696 17.399 104.429 -0.13945 0.54201 1.176 0.80529 8.0000 73.69 0.9240 0.9253 1.677344 
738.7313 17.405 104.430 -0.13955 0.54234 1.185 0.80546 8.0000 74.09 0.9240 0.9253 1.678339 
738.2930 17.412 104.407 -0.13944 0.54280 1.180 0.80559 8.0000 74.69 0.9238 0.9251 1.679336 
737.8545 17.419 104.405 -0.13948 0.54304 1.181 0.80554 8.0000 74.27 0.9237 0.9250 1.680334 
737.4160 17.429 104.385 -0.13943 0.54360 1.186 0.80571 8.0000 74.23 0.9237 0.9249 1.681333 
736.9773 17.434 104.383 -0.13945 0.54377 1.180 0.80568 8.0000 73.74 0.9236 0.9249 1.682334 
736.5386 17.442 104.389 -0.13959 0.54409 1.190 0.80569 8.0000 73.86 0.9237 0.9250 1.683336 
736.0997 17.443 104.384 -0.13956 0.54419 1.185 0.80576 8.0000 76.10 0.9234 0.9247 1.684340 
735.6608 17.450 104.367 -0.13951 0.54464 1.183 0.80595 8.0000 74.78 0.9232 0.9244 1.685344 
735.2218 17.451 104.350 -0.13936 0.54476 1.183 0.80597 8.0000 74.70 0.9229 0.9241 1.686351 
734.7827 17.453 104.366 -0.13957 0.54496 1.189 0.80620 8.0000 74.79 0.9227 0.9239 1.687359 
734.3434 17.457 104.347 -0.13943 0.54515 1.196 0.80619 8.0000 75.41 0.9223 0.9235 1.688368 
733.9041 17.466 104.327 -0.13935 0.54562 1.204 0.80628 8.0000 75.76 0.9220 0.9232 1.689379 
733.4647 17.465 104.305 -0.13914 0.54567 1.192 0.80630 8.0000 76.40 0.9215 0.9227 1.690391 
733.0252 17.464 104.300 -0.13912 0.54578 1.195 0.80651 8.0000 75.88 0.9214 0.9226 1.691404 
732.5856 17.476 104.256 -0.13885 0.54649 1.191 0.80668 8.0000 75.85 0.9211 0.9223 1.692419 
732.1459 17.478 104.234 -0.13868 0.54668 1.197 0.80677 8.0000 75.56 0.9208 0.9220 1.693436 
731.7061 17.471 104.198 -0.13828 0.54657 1.199 0.80691 8.0000 76.40 0.9201 0.9213 1.694453 
731.2662 17.474 104.184 -0.13820 0.54677 1.188 0.80701 8.0000 76.14 0.9198 0.9211 1.695473 
730.8262 17.474 104.171 -0.13808 0.54684 1.201 0.80706 8.0000 76.25 0.9196 0.9208 1.696494 
730.3861 17.467 104.160 -0.13791 0.54659 1.203 0.80703 8.0000 76.54 0.9192 0.9204 1.697516 
729.9459 17.470 104.132 -0.13764 0.54668 1.204 0.80691 8.0000 76.79 0.9187 0.9200 1.698539 
729.5057 17.468 104.099 -0.13731 0.54669 1.204 0.80692 8.0000 76.06 0.9184 0.9196 1.699564 
729.0653 17.473 104.037 -0.13678 0.54711 1.211 0.80699 8.0000 76.12 0.9179 0.9192 1.700591 
728.6248 17.467 104.008 -0.13649 0.54711 1.208 0.80729 8.0000 76.07 0.9173 0.9186 1.701619 
728.1843 17.462 103.968 -0.13606 0.54703 1.210 0.80729 8.0000 76.56 0.9166 0.9178 1.702648 
727.7436 17.462 103.934 -0.13574 0.54713 1.203 0.80734 8.0000 76.33 0.9161 0.9173 1.703680 
727.3028 17.458 103.919 -0.13557 0.54704 1.212 0.80738 8.0000 76.34 0.9157 0.9169 1.704712 
726.8619 17.463 103.865 -0.13510 0.54734 1.209 0.80737 8.0000 76.71 0.9150 0.9163 1.705746 
726.4210 17.457 103.820 -0.13461 0.54721 1.208 0.80740 8.0000 76.81 0.9142 0.9154 1.706781 
725.9799 17.455 103.775 -0.13417 0.54726 1.212 0.80742 8.0000 76.61 0.9137 0.9149 1.707818 
725.5388 17.456 103.720 -0.13362 0.54730 1.213 0.80721 8.0000 76.58 0.9130 0.9142 1.708857 
725.0975 17.462 103.660 -0.13308 0.54757 1.217 0.80706 8.0000 77.17 0.9127 0.9139 1.709897 
724.6561 17.463 103.620 -0.13270 0.54771 1.212 0.80705 8.0000 76.11 0.9124 0.9136 1.710938 
724.2147 17.456 103.582 -0.13227 0.54751 1.215 0.80705 8.0000 76.97 0.9119 0.9131 1.711981 
723.7732 17.450 103.528 -0.13168 0.54731 1.212 0.80692 8.0000 76.72 0.9110 0.9123 1.713025 
723.3315 17.445 103.478 -0.13114 0.54715 1.219 0.80683 8.0000 76.11 0.9102 0.9115 1.714072 
722.8898 17.444 103.391 -0.13029 0.54727 1.229 0.80679 8.0000 77.41 0.9094 0.9107 1.715119 
722.4479 17.441 103.327 -0.12964 0.54726 1.226 0.80674 8.0000 77.31 0.9085 0.9098 1.716168 
722.0060 17.436 103.256 -0.12892 0.54722 1.231 0.80674 8.0000 77.27 0.9076 0.9089 1.717218 
721.5640 17.443 103.179 -0.12822 0.54759 1.221 0.80657 8.0000 76.89 0.9071 0.9085 1.718270 
721.1218 17.445 103.134 -0.12778 0.54763 1.228 0.80642 8.0000 77.11 0.9066 0.9080 1.719324 
720.6796 17.442 103.083 -0.12726 0.54760 1.227 0.80638 8.0000 77.63 0.9059 0.9073 1.720379 
720.2373 17.440 103.024 -0.12667 0.54762 1.229 0.80632 8.0000 77.66 0.9053 0.9067 1.721435 
719.7949 17.433 102.984 -0.12622 0.54739 1.221 0.80627 8.0000 77.50 0.9046 0.9060 1.722493 
719.3524 17.434 102.903 -0.12542 0.54750 1.230 0.80610 8.0000 77.43 0.9040 0.9054 1.723553 
718.9097 17.431 102.838 -0.12474 0.54735 1.235 0.80588 8.0000 77.52 0.9032 0.9046 1.724614 
718.4670 17.423 102.747 -0.12375 0.54706 1.242 0.80564 8.0000 77.88 0.9021 0.9036 1.725677 
718.0242 17.429 102.651 -0.12290 0.54755 1.250 0.80570 8.0000 78.14 0.9013 0.9028 1.726741 
717.5813 17.428 102.574 -0.12214 0.54760 1.244 0.80555 8.0000 78.00 0.9005 0.9021 1.727807 
717.1383 17.427 102.496 -0.12135 0.54759 1.234 0.80537 8.0000 77.44 0.8997 0.9013 1.728874 
716.6952 17.427 102.406 -0.12044 0.54753 1.242 0.80499 8.0000 77.88 0.8988 0.9004 1.729943 
716.2520 17.427 102.322 -0.11960 0.54749 1.250 0.80470 8.0000 78.12 0.8979 0.8995 1.731013 
715.8087 17.427 102.213 -0.11852 0.54756 1.247 0.80445 8.0000 78.22 0.8969 0.8985 1.732086 
715.3653 17.427 102.117 -0.11759 0.54770 1.257 0.80438 8.0000 78.36 0.8961 0.8978 1.733159 
714.9218 17.420 102.039 -0.11677 0.54753 1.249 0.80433 8.0000 78.20 0.8951 0.8968 1.734234 
714.4782 17.419 101.949 -0.11589 0.54761 1.255 0.80424 8.0000 78.34 0.8942 0.8959 1.735311 
714.0345 17.425 101.860 -0.11504 0.54780 1.257 0.80386 8.0000 78.27 0.8933 0.8951 1.736389 
713.5907 17.425 101.780 -0.11425 0.54786 1.258 0.80370 8.0000 78.43 0.8926 0.8945 1.737469 
713.1469 17.424 101.682 -0.11324 0.54771 1.249 0.80331 8.0000 77.85 0.8916 0.8935 1.738550 
712.7028 17.421 101.566 -0.11207 0.54760 1.259 0.80296 8.0000 78.28 0.8905 0.8924 1.739634 
712.2588 17.422 101.450 -0.11094 0.54771 1.266 0.80272 8.0000 78.72 0.8896 0.8916 1.740718 
711.8146 17.421 101.344 -0.10991 0.54781 1.265 0.80266 8.0000 78.43 0.8886 0.8907 1.741805 
711.3703 17.423 101.244 -0.10894 0.54796 1.277 0.80244 8.0000 78.76 0.8878 0.8899 1.742892 
710.9259 17.428 101.140 -0.10795 0.54819 1.273 0.80219 8.0000 78.47 0.8869 0.8890 1.743982 
710.4814 17.430 101.059 -0.10714 0.54817 1.267 0.80187 8.0000 78.63 0.8861 0.8883 1.745073 
710.0369 17.432 100.973 -0.10631 0.54829 1.270 0.80165 8.0000 78.57 0.8853 0.8875 1.746165 
709.5922 17.433 100.874 -0.10534 0.54835 1.268 0.80144 8.0000 78.40 0.8843 0.8866 1.747260 
709.1474 17.436 100.777 -0.10438 0.54841 1.274 0.80108 8.0000 78.75 0.8835 0.8858 1.748356 
708.7026 17.435 100.672 -0.10334 0.54835 1.284 0.80078 8.0000 79.04 0.8824 0.8849 1.749453 
708.2576 17.435 100.577 -0.10241 0.54847 1.282 0.80071 8.0000 78.93 0.8815 0.8840 1.750552 
707.8125 17.434 100.473 -0.10137 0.54841 1.282 0.80043 8.0000 78.56 0.8805 0.8830 1.751653 
707.3674 17.439 100.390 -0.10056 0.54843 1.285 0.79991 8.0000 78.75 0.8797 0.8824 1.752755 
706.9221 17.442 100.312 -0.09981 0.54861 1.292 0.79980 8.0000 79.13 0.8791 0.8818 1.753859 
706.4767 17.450 100.232 -0.09905 0.54876 1.296 0.79935 8.0000 79.19 0.8785 0.8813 1.754965 
706.0313 17.455 100.144 -0.09821 0.54887 1.301 0.79901 8.0000 79.18 0.8778 0.8806 1.756072 
705.5857 17.462 100.080 -0.09761 0.54908 1.299 0.79871 8.0000 79.28 0.8774 0.8803 1.757181 
705.1401 17.471 100.006 -0.09690 0.54920 1.284 0.79816 8.0000 79.02 0.8768 0.8797 1.758292 
704.6943 17.475 99.929 -0.09615 0.54927 1.296 0.79787 8.0000 78.96 0.8761 0.8791 1.759404 
704.2484 17.477 99.855 -0.09541 0.54925 1.296 0.79750 8.0000 78.80 0.8753 0.8783 1.760518 
703.8025 17.482 99.792 -0.09479 0.54924 1.309 0.79707 8.0000 78.99 0.8745 0.8776 1.761633 
703.3564 17.489 99.718 -0.09408 0.54939 1.306 0.79665 8.0000 78.84 0.8739 0.8771 1.762751 
702.9103 17.499 99.653 -0.09348 0.54956 1.308 0.79618 8.0000 79.34 0.8734 0.8767 1.763869 
702.4641 17.508 99.573 -0.09272 0.54975 1.315 0.79575 8.0000 79.54 0.8729 0.8762 1.764990 
702.0177 17.516 99.501 -0.09205 0.54998 1.315 0.79541 8.0000 79.39 0.8723 0.8757 1.766112 
701.5712 17.524 99.445 -0.09152 0.55014 1.315 0.79507 8.0000 79.47 0.8719 0.8754 1.767236 
701.1247 17.535 99.401 -0.09113 0.55041 1.324 0.79470 8.0000 79.53 0.8717 0.8752 1.768361 
700.6780 17.542 99.346 -0.09061 0.55053 1.319 0.79433 8.0000 79.21 0.8712 0.8748 1.769489 
700.2313 17.551 99.297 -0.09016 0.55073 1.329 0.79398 8.0000 79.49 0.8709 0.8745 1.770618 
699.7844 17.557 99.233 -0.08956 0.55095 1.325 0.79377 8.0000 79.01 0.8704 0.8741 1.771748 
699.3375 17.566 99.186 -0.08912 0.55107 1.324 0.79332 8.0000 79.20 0.8701 0.8738 1.772881 
698.8904 17.577 99.143 -0.08872 0.55127 1.326 0.79286 8.0000 79.51 0.8698 0.8736 1.774015 
698.4433 17.588 99.108 -0.08842 0.55151 1.329 0.79248 8.0000 79.44 0.8697 0.8735 1.775150 
697.9961 17.603 99.050 -0.08791 0.55190 1.332 0.79207 8.0000 79.43 0.8695 0.8734 1.776288 
697.5488 17.614 99.017 -0.08761 0.55209 1.339 0.79160 8.0000 79.49 0.8695 0.8733 1.777427 
697.1013 17.624 98.985 -0.08733 0.55228 1.345 0.79123 8.0000 79.49 0.8692 0.8732 1.778568 
696.6537 17.632 98.950 -0.08700 0.55247 1.348 0.79096 8.0000 79.59 0.8689 0.8729 1.779711 
696.2061 17.644 98.900 -0.08656 0.55277 1.348 0.79061 8.0000 79.30 0.8686 0.8726 1.780855 
695.7584 17.655 98.882 -0.08642 0.55301 1.350 0.79023 8.0000 79.39 0.8685 0.8726 1.782001 
695.3105 17.666 98.849 -0.08613 0.55323 1.358 0.78984 8.0000 79.89 0.8683 0.8724 1.783149 
694.8626 17.681 98.846 -0.08615 0.55354 1.354 0.78940 8.0000 79.77 0.8686 0.8727 1.784298 
694.4146 17.692 98.833 -0.08606 0.55381 1.354 0.78911 8.0000 79.78 0.8687 0.8728 1.785449 
693.9664 17.704 98.805 -0.08583 0.55409 1.356 0.78872 8.0000 79.29 0.8685 0.8727 1.786602 
693.5182 17.723 98.788 -0.08575 0.55469 1.356 0.78846 8.0000 79.38 0.8686 0.8728 1.787757 
693.0699 17.738 98.776 -0.08569 0.55505 1.363 0.78808 8.0000 79.38 0.8686 0.8728 1.788913 
692.6215 17.751 98.767 -0.08565 0.55538 1.363 0.78778 8.0000 79.53 0.8685 0.8728 1.790071 
692.1729 17.764 98.772 -0.08575 0.55572 1.373 0.78749 8.0000 79.70 0.8686 0.8729 1.791231 
691.7243 17.778 98.778 -0.08586 0.55604 1.371 0.78715 8.0000 79.88 0.8689 0.8732 1.792393 
691.2756 17.796 98.793 -0.08608 0.55651 1.366 0.78681 8.0000 79.75 0.8692 0.8735 1.793557 
690.8267 17.807 98.791 -0.08609 0.55670 1.376 0.78641 8.0000 79.53 0.8693 0.8736 1.794722 
690.3778 17.822 98.779 -0.08604 0.55710 1.373 0.78610 8.0000 79.50 0.8694 0.8737 1.795889 
689.9288 17.836 98.787 -0.08617 0.55745 1.381 0.78583 8.0000 79.36 0.8697 0.8740 1.797058 
689.4797 17.852 98.802 -0.08638 0.55784 1.380 0.78543 8.0000 79.51 0.8701 0.8744 1.798228 
689.0304 17.867 98.828 -0.08668 0.55811 1.372 0.78500 8.0000 79.00 0.8704 0.8748 1.799401 
688.5811 17.880 98.825 -0.08669 0.55840 1.384 0.78469 8.0000 79.79 0.8706 0.8749 1.800575 
688.1317 17.892 98.835 -0.08684 0.55872 1.381 0.78444 8.0000 79.66 0.8707 0.8751 1.801751 
687.6821 17.905 98.842 -0.08695 0.55900 1.388 0.78410 8.0000 79.81 0.8709 0.8753 1.802929 
687.2325 17.922 98.831 -0.08691 0.55941 1.397 0.78369 8.0000 79.84 0.8710 0.8754 1.804108 
686.7828 17.936 98.851 -0.08717 0.55980 1.406 0.78344 8.0000 79.80 0.8712 0.8756 1.805290 
686.3329 17.953 98.874 -0.08747 0.56021 1.403 0.78310 8.0000 79.61 0.8716 0.8760 1.806473 
685.8830 17.970 98.912 -0.08792 0.56065 1.402 0.78282 8.0000 79.55 0.8720 0.8764 1.807658 
685.4330 17.987 98.928 -0.08815 0.56106 1.404 0.78247 8.0000 79.66 0.8723 0.8767 1.808845 
684.9828 18.005 98.960 -0.08854 0.56156 1.407 0.78216 8.0000 79.72 0.8729 0.8773 1.810034 
684.5327 18.016 98.984 -0.08883 0.56184 1.407 0.78199 8.0000 79.82 0.8730 0.8775 1.811224 
684.0823 18.027 98.981 -0.08883 0.56205 1.413 0.78163 8.0000 79.57 0.8730 0.8774 1.812416 
683.6319 18.041 99.002 -0.08909 0.56239 1.424 0.78136 8.0000 79.60 0.8732 0.8776 1.813610 
683.1813 18.053 99.011 -0.08923 0.56265 1.425 0.78107 8.0000 79.51 0.8733 0.8777 1.814807 
682.7307 18.071 99.008 -0.08927 0.56314 1.430 0.78072 8.0000 79.67 0.8735 0.8780 1.816004 
682.2800 18.085 99.039 -0.08963 0.56347 1.431 0.78040 8.0000 79.85 0.8738 0.8782 1.817204 
681.8292 18.098 99.030 -0.08959 0.56372 1.420 0.78003 8.0000 79.52 0.8739 0.8783 1.818405 
681.3782 18.116 99.071 -0.09008 0.56420 1.427 0.77972 8.0000 79.76 0.8745 0.8789 1.819609 
680.9272 18.130 99.110 -0.09052 0.56454 1.442 0.77946 8.0000 79.64 0.8749 0.8793 1.820814 
680.4761 18.143 99.125 -0.09072 0.56482 1.442 0.77917 8.0000 79.78 0.8752 0.8795 1.822021 
680.0248 18.155 99.149 -0.09101 0.56509 1.445 0.77889 8.0000 79.60 0.8754 0.8798 1.823230 
679.5735 18.167 99.164 -0.09120 0.56534 1.451 0.77861 8.0000 79.69 0.8757 0.8801 1.824441 
679.1221 18.179 99.192 -0.09154 0.56565 1.450 0.77839 8.0000 79.65 0.8761 0.8804 1.825654 
678.6705 18.195 99.221 -0.09189 0.56601 1.462 0.77805 8.0000 79.91 0.8765 0.8808 1.826869 
678.2189 18.209 99.247 -0.09221 0.56639 1.465 0.77781 8.0000 80.03 0.8767 0.8811 1.828085 
677.7672 18.225 99.271 -0.09253 0.56684 1.462 0.77759 8.0000 79.61 0.8772 0.8815 1.829303 
677.3154 18.241 99.306 -0.09295 0.56723 1.467 0.77732 8.0000 79.47 0.8776 0.8818 1.830524 
676.8634 18.255 99.317 -0.09313 0.56768 1.480 0.77715 8.0000 79.78 0.8779 0.8822 1.831746 
676.4114 18.266 99.329 -0.09331 0.56795 1.481 0.77693 8.0000 79.67 0.8781 0.8824 1.832970 
675.9592 18.276 99.336 -0.09342 0.56828 1.485 0.77680 8.0000 79.85 0.8783 0.8825 1.834196 
675.5070 18.290 99.369 -0.09384 0.56876 1.485 0.77675 8.0000 79.76 0.8788 0.8831 1.835424 
675.0547 18.302 99.408 -0.09429 0.56909 1.487 0.77660 8.0000 79.64 0.8793 0.8835 1.836654 
674.6022 18.312 99.435 -0.09460 0.56930 1.491 0.77640 8.0000 79.62 0.8796 0.8837 1.837886 
674.1497 18.324 99.460 -0.09492 0.56963 1.494 0.77623 8.0000 79.83 0.8799 0.8840 1.839120 
673.6971 18.335 99.486 -0.09523 0.56996 1.493 0.77608 8.0000 79.56 0.8802 0.8844 1.840355 
673.2443 18.349 99.501 -0.09546 0.57040 1.508 0.77596 8.0000 79.77 0.8806 0.8847 1.841593 
672.7915 18.361 99.523 -0.09575 0.57081 1.513 0.77585 8.0000 79.90 0.8810 0.8851 1.842832 
672.3386 18.377 99.562 -0.09623 0.57126 1.519 0.77569 8.0000 79.88 0.8817 0.8858 1.844074 
671.8855 18.388 99.592 -0.09660 0.57164 1.508 0.77562 8.0000 79.71 0.8821 0.8862 1.845317 
671.4324 18.402 99.634 -0.09710 0.57207 1.525 0.77553 8.0000 79.72 0.8828 0.8868 1.846563 
670.9791 18.418 99.672 -0.09757 0.57250 1.523 0.77531 8.0000 79.90 0.8832 0.8872 1.847810 
670.5258 18.435 99.721 -0.09816 0.57298 1.536 0.77511 8.0000 79.78 0.8840 0.8879 1.849059 
670.0723 18.451 99.751 -0.09856 0.57354 1.549 0.77502 8.0000 80.01 0.8846 0.8885 1.850311 
669.6188 18.466 99.788 -0.09902 0.57402 1.543 0.77490 8.0000 79.53 0.8852 0.8891 1.851564 
669.1651 18.477 99.813 -0.09936 0.57443 1.558 0.77488 8.0000 79.94 0.8856 0.8895 1.852819 
668.7114 18.493 99.843 -0.09977 0.57501 1.553 0.77483 8.0000 79.80 0.8860 0.8899 1.854076 
668.2575 18.506 99.873 -0.10016 0.57548 1.558 0.77485 8.0000 79.82 0.8863 0.8902 1.855336 
667.8035 18.520 99.902 -0.10055 0.57605 1.553 0.77485 8.0000 79.77 0.8868 0.8906 1.856597 
667.3495 18.536 99.936 -0.10100 0.57654 1.566 0.77471 8.0000 79.87 0.8874 0.8912 1.857860 
666.8953 18.553 99.979 -0.10154 0.57711 1.578 0.77464 8.0000 79.93 0.8881 0.8918 1.859125 
666.4411 18.566 100.012 -0.10198 0.57767 1.582 0.77472 8.0000 79.46 0.8887 0.8924 1.860392 
665.9868 18.580 100.047 -0.10244 0.57822 1.580 0.77475 8.0000 79.71 0.8893 0.8930 1.861661 
665.5323 18.593 100.077 -0.10285 0.57877 1.592 0.77485 8.0000 79.95 0.8899 0.8935 1.862933 
665.0777 18.610 100.123 -0.10346 0.57943 1.588 0.77489 8.0000 79.57 0.8906 0.8942 1.864206 
664.6230 18.625 100.164 -0.10398 0.57999 1.594 0.77487 8.0000 79.84 0.8913 0.8949 1.865482 
664.1683 18.642 100.206 -0.10454 0.58065 1.598 0.77494 8.0000 79.74 0.8920 0.8955 1.866759 
663.7134 18.656 100.243 -0.10503 0.58123 1.609 0.77499 8.0000 79.76 0.8926 0.8961 1.868038 
663.2584 18.672 100.291 -0.10564 0.58182 1.609 0.77499 8.0000 79.89 0.8934 0.8968 1.869319 
662.8034 18.686 100.330 -0.10615 0.58236 1.615 0.77501 8.0000 79.21 0.8940 0.8974 1.870603 
662.3482 18.704 100.380 -0.10679 0.58302 1.629 0.77504 8.0000 79.81 0.8948 0.8982 1.871888 
661.8929 18.721 100.420 -0.10734 0.58370 1.636 0.77506 8.0000 79.91 0.8956 0.8989 1.873176 
661.4376 18.738 100.464 -0.10793 0.58436 1.639 0.77510 8.0000 79.66 0.8964 0.8997 1.874465 
660.9821 18.751 100.511 -0.10852 0.58495 1.645 0.77525 8.0000 79.82 0.8971 0.9003 1.875757 
660.5265 18.767 100.558 -0.10915 0.58561 1.648 0.77538 8.0000 79.27 0.8977 0.9009 1.877051 
660.0708 18.780 100.594 -0.10965 0.58624 1.662 0.77556 8.0000 79.82 0.8982 0.9014 1.878347 
659.6151 18.797 100.624 -0.11010 0.58695 1.664 0.77562 8.0000 79.80 0.8989 0.9020 1.879644 
659.1592 18.818 100.673 -0.11076 0.58771 1.667 0.77557 8.0000 79.71 0.8998 0.9029 1.880945 
658.7032 18.837 100.727 -0.11148 0.58844 1.663 0.77563 8.0000 79.48 0.9009 0.9039 1.882247 
658.2471 18.854 100.770 -0.11206 0.58913 1.682 0.77567 8.0000 79.84 0.9019 0.9049 1.883551 
657.7909 18.872 100.818 -0.11270 0.58978 1.686 0.77567 8.0000 79.82 0.9029 0.9059 1.884857 
657.3346 18.891 100.865 -0.11333 0.59048 1.708 0.77567 8.0000 79.74 0.9038 0.9066 1.886166 
656.8782 18.908 100.914 -0.11400 0.59119 1.702 0.77575 8.0000 79.62 0.9046 0.9074 1.887476 
656.4218 18.925 100.962 -0.11464 0.59187 1.717 0.77579 8.0000 79.69 0.9053 0.9081 1.888788 
655.9651 18.943 101.013 -0.11531 0.59249 1.726 0.77574 8.0000 79.65 0.9063 0.9090 1.890103 
655.5084 18.960 101.049 -0.11581 0.59310 1.723 0.77573 8.0000 79.35 0.9072 0.9099 1.891420 
655.0516 18.976 101.099 -0.11647 0.59372 1.739 0.77577 8.0000 79.42 0.9082 0.9109 1.892739 
654.5947 18.989 101.138 -0.11700 0.59427 1.747 0.77585 8.0000 79.67 0.9091 0.9117 1.894060 
654.1377 19.003 101.175 -0.11753 0.59490 1.751 0.77596 8.0000 79.55 0.9098 0.9124 1.895384 
653.6806 19.016 101.211 -0.11800 0.59535 1.765 0.77596 8.0000 79.55 0.9105 0.9131 1.896709 
653.2234 19.031 101.252 -0.11858 0.59602 1.770 0.77608 8.0000 79.92 0.9115 0.9140 1.898037 
652.7661 19.046 101.295 -0.11917 0.59663 1.772 0.77615 8.0000 79.45 0.9123 0.9148 1.899366 
652.3087 19.060 101.325 -0.11959 0.59713 1.784 0.77613 8.0000 79.50 0.9131 0.9155 1.900698 
651.8511 19.073 101.364 -0.12012 0.59766 1.791 0.77618 8.0000 79.37 0.9138 0.9163 1.902032 
651.3936 19.088 101.388 -0.12051 0.59834 1.805 0.77629 8.0000 79.38 0.9146 0.9170 1.903368 
650.9358 19.103 101.431 -0.12111 0.59899 1.820 0.77641 8.0000 79.76 0.9153 0.9177 1.904707 
650.4780 19.118 101.455 -0.12150 0.59956 1.825 0.77639 8.0000 79.49 0.9160 0.9184 1.906047 
650.0201 19.134 101.484 -0.12193 0.60018 1.829 0.77638 8.0000 79.24 0.9169 0.9192 1.907390 
649.5620 19.148 101.514 -0.12236 0.60070 1.823 0.77634 8.0000 79.54 0.9176 0.9199 1.908735 
649.1039 19.159 101.540 -0.12274 0.60116 1.835 0.77638 8.0000 79.27 0.9183 0.9206 1.910082 
648.6457 19.171 101.553 -0.12297 0.60156 1.851 0.77630 8.0000 79.11 0.9191 0.9214 1.911432 
648.1873 19.183 101.573 -0.12329 0.60207 1.871 0.77631 8.0000 79.33 0.9197 0.9219 1.912783 
647.7289 19.197 101.597 -0.12367 0.60261 1.887 0.77632 8.0000 79.65 0.9205 0.9228 1.914137 
647.2703 19.210 101.622 -0.12406 0.60317 1.887 0.77637 8.0000 79.42 0.9211 0.9234 1.915493 
646.8117 19.221 101.630 -0.12423 0.60357 1.898 0.77629 8.0000 79.26 0.9217 0.9239 1.916851 
646.3530 19.234 101.657 -0.12462 0.60404 1.892 0.77626 8.0000 78.58 0.9225 0.9247 1.918212 
645.8941 19.245 101.672 -0.12487 0.60445 1.921 0.77623 8.0000 79.49 0.9231 0.9253 1.919575 
645.4351 19.257 101.685 -0.12510 0.60489 1.924 0.77616 8.0000 79.07 0.9237 0.9259 1.920940 
644.9761 19.271 101.702 -0.12539 0.60536 1.945 0.77602 8.0000 79.11 0.9242 0.9264 1.922307 
644.5169 19.281 101.703 -0.12547 0.60571 1.939 0.77595 8.0000 79.21 0.9250 0.9272 1.923676 
644.0577 19.295 101.720 -0.12577 0.60623 1.947 0.77588 8.0000 79.13 0.9258 0.9279 1.925048 
643.5983 19.304 101.725 -0.12590 0.60659 1.959 0.77582 8.0000 78.88 0.9263 0.9284 1.926422 
643.1389 19.313 101.733 -0.12606 0.60696 1.978 0.77580 8.0000 79.30 0.9266 0.9288 1.927798 
642.6793 19.322 101.748 -0.12633 0.60742 1.991 0.77595 8.0000 79.43 0.9272 0.9293 1.929177 
642.2196 19.332 101.746 -0.12637 0.60775 1.987 0.77582 8.0000 78.84 0.9277 0.9299 1.930558 
641.7598 19.348 101.765 -0.12670 0.60836 2.010 0.77578 8.0000 78.75 0.9285 0.9306 1.931941 
641.2999 19.361 101.759 -0.12674 0.60884 2.016 0.77564 8.0000 78.76 0.9290 0.9311 1.933326 
640.8400 19.375 101.758 -0.12684 0.60939 2.023 0.77555 8.0000 78.70 0.9295 0.9316 1.934714 
640.3799 19.384 101.760 -0.12695 0.60980 2.045 0.77558 8.0000 78.91 0.9298 0.9319 1.936104 
639.9197 19.398 101.760 -0.12706 0.61036 2.072 0.77551 8.0000 79.32 0.9305 0.9326 1.937496 
639.4594 19.408 101.758 -0.12713 0.61074 2.072 0.77545 8.0000 79.26 0.9308 0.9329 1.938891 
638.9990 19.416 101.746 -0.12705 0.61104 2.073 0.77535 8.0000 79.48 0.9313 0.9334 1.940288 
638.5385 19.426 101.741 -0.12708 0.61145 2.105 0.77528 8.0000 79.52 0.9317 0.9338 1.941687 
638.0779 19.436 101.737 -0.12710 0.61175 2.097 0.77515 8.0000 79.62 0.9322 0.9343 1.943089 
637.6172 19.445 101.728 -0.12706 0.61206 2.098 0.77499 8.0000 79.32 0.9327 0.9348 1.944493 
637.1564 19.458 101.727 -0.12715 0.61254 2.103 0.77484 8.0000 79.35 0.9334 0.9355 1.945899 
636.6954 19.471 101.723 -0.12719 0.61295 2.128 0.77464 8.0000 79.58 0.9339 0.9360 1.947308 
636.2344 19.487 101.707 -0.12714 0.61354 2.145 0.77449 8.0000 79.43 0.9344 0.9365 1.948719 
635.7733 19.498 101.695 -0.12708 0.61389 2.147 0.77427 8.0000 79.48 0.9347 0.9368 1.950132 
635.3121 19.505 101.684 -0.12701 0.61414 2.159 0.77418 8.0000 79.06 0.9352 0.9372 1.951548 
634.8508 19.517 101.661 -0.12685 0.61462 2.164 0.77404 8.0000 79.28 0.9357 0.9377 1.952966 
634.3893 19.527 101.636 -0.12663 0.61491 2.193 0.77378 8.0000 79.30 0.9357 0.9378 1.954387 
633.9278 19.549 101.622 -0.12663 0.61569 2.208 0.77354 8.0000 79.48 0.9358 0.9378 1.955809 
633.4662 19.572 101.601 -0.12656 0.61648 2.220 0.77321 8.0000 79.24 0.9362 0.9382 1.957235 
633.0044 19.585 101.592 -0.12656 0.61699 2.237 0.77306 8.0000 79.31 0.9365 0.9385 1.958662 
632.5425 19.599 101.581 -0.12652 0.61739 2.240 0.77281 8.0000 79.35 0.9365 0.9385 1.960093 
632.0806 19.609 101.556 -0.12630 0.61768 2.255 0.77253 8.0000 79.43 0.9370 0.9390 1.961525 
631.6186 19.611 101.545 -0.12616 0.61763 2.258 0.77229 8.0000 79.03 0.9368 0.9388 1.962960 
631.1564 19.625 101.534 -0.12609 0.61787 2.290 0.77184 8.0000 79.31 0.9377 0.9396 1.964397 
630.6942 19.628 101.505 -0.12576 0.61785 2.283 0.77157 8.0000 79.42 0.9392 0.9411 1.965837 
630.2318 19.636 101.472 -0.12544 0.61809 2.330 0.77133 8.0000 79.36 0.9407 0.9426 1.967279 
629.7693 19.634 101.456 -0.12522 0.61790 2.334 0.77116 8.0000 78.96 0.9422 0.9440 1.968724 
629.3068 19.652 101.425 -0.12500 0.61850 2.341 0.77082 8.0000 79.38 0.9429 0.9448 1.970171 
628.8441 19.651 101.403 -0.12471 0.61833 2.353 0.77061 8.0000 78.94 0.9432 0.9451 1.971620 
628.3813 19.675 101.380 -0.12462 0.61915 2.355 0.77027 8.0000 79.26 0.9435 0.9453 1.973073 
627.9184 19.694 101.354 -0.12445 0.61979 2.381 0.76993 8.0000 78.94 0.9445 0.9463 1.974527 
627.4554 19.722 101.358 -0.12466 0.62058 2.384 0.76940 8.0000 79.09 0.9442 0.9460 1.975984 
626.9923 19.734 101.331 -0.12442 0.62089 2.422 0.76907 8.0000 79.13 0.9437 0.9455 1.977444 
626.5291 19.735 101.317 -0.12420 0.62063 2.414 0.76866 8.0000 79.14 0.9430 0.9448 1.978905 
626.0658 19.741 101.296 -0.12400 0.62082 2.418 0.76850 8.0000 79.10 0.9447 0.9464 1.980370 
625.6024 19.754 101.278 -0.12385 0.62108 2.445 0.76804 8.0000 79.17 0.9458 0.9475 1.981837 
625.1389 19.768 101.293 -0.12407 0.62129 2.474 0.76757 8.0000 79.16 0.9468 0.9485 1.983306 
624.6753 19.793 101.289 -0.12411 0.62170 2.478 0.76669 8.0000 79.18 0.9459 0.9475 1.984778 
624.2115 19.797 101.289 -0.12405 0.62141 2.493 0.76614 8.0000 78.75 0.9477 0.9492 1.986253 
623.7477 19.805 101.276 -0.12388 0.62131 2.467 0.76557 8.0000 78.77 0.9502 0.9518 1.987730 
623.2838 19.836 101.279 -0.12419 0.62269 2.488 0.76556 8.0000 78.53 0.9518 0.9533 1.989209 
622.8198 19.856 101.247 -0.12398 0.62349 2.522 0.76537 8.0000 79.01 0.9550 0.9565 1.990691 
622.3557 19.858 101.133 -0.12284 0.62421 2.550 0.76585 8.0000 78.87 0.9588 0.9603 1.992176 
621.8914 19.866 101.029 -0.12176 0.62468 2.569 0.76572 8.0000 78.92 0.9621 0.9636 1.993663 
621.4271 19.868 100.917 -0.12056 0.62503 2.582 0.76577 8.0000 78.89 0.9639 0.9654 1.995153 
620.9626 19.864 100.784 -0.11903 0.62493 2.518 0.76549 8.0000 78.62 0.9652 0.9666 1.996645 
620.4980 19.854 100.666 -0.11757 0.62425 2.593 0.76492 8.0000 78.66 0.9649 0.9664 1.998140 
620.0334 19.863 100.542 -0.11619 0.62433 2.566 0.76424 8.0000 78.68 0.9669 0.9684 1.999637 
619.5687 19.887 100.404 -0.11470 0.62472 2.643 0.76303 8.0000 78.46 0.9682 0.9696 2.001137 
619.1038 19.892 100.292 -0.11341 0.62451 2.594 0.76224 8.0000 78.66 0.9707 0.9721 2.002640 
618.6388 19.889 100.187 -0.11215 0.62409 2.629 0.76162 8.0000 78.58 0.9735 0.9749 2.004145 
618.1737 19.900 100.075 -0.11089 0.62412 2.645 0.76081 8.0000 78.78 0.9758 0.9771 2.005653 
617.7086 19.900 99.962 -0.10952 0.62356 2.682 0.75988 8.0000 78.43 0.9785 0.9798 2.007163 
617.2433 19.903 99.858 -0.10828 0.62316 2.625 0.75901 8.0000 78.22 0.9803 0.9817 2.008676 
616.7779 19.913 99.757 -0.10714 0.62307 2.641 0.75812 8.0000 78.93 0.9825 0.9839 2.010192 
616.3124 19.918 99.672 -0.10613 0.62266 2.704 0.75718 8.0000 78.68 0.9840 0.9853 2.011710 
615.8468 19.912 99.597 -0.10516 0.62194 2.654 0.75644 8.0000 78.32 0.9857 0.9871 2.013231 
615.3810 19.923 99.507 -0.10413 0.62176 2.657 0.75544 8.0000 78.21 0.9880 0.9893 2.014755 
614.9153 19.919 99.429 -0.10312 0.62097 2.683 0.75452 8.0000 78.40 0.9900 0.9913 2.016281 
614.4493 19.920 99.351 -0.10216 0.62042 2.618 0.75362 8.0000 78.61 0.9920 0.9933 2.017810 
613.9833 19.923 99.291 -0.10142 0.61992 2.721 0.75272 8.0000 78.07 0.9936 0.9950 2.019341 
613.5172 19.929 99.224 -0.10061 0.61956 2.645 0.75183 8.0000 77.46 0.9956 0.9969 2.020875 
613.0510 19.939 99.164 -0.09990 0.61929 2.642 0.75085 8.0000 78.41 0.9969 0.9983 2.022412 
612.5847 19.949 99.110 -0.09925 0.61894 2.710 0.74977 8.0000 78.33 0.9986 0.9999 2.023952 
612.1182 19.961 99.062 -0.09868 0.61872 2.649 0.74877 8.0000 78.06 0.9999 1.0013 2.025494 
611.6517 19.971 99.011 -0.09807 0.61841 2.793 0.74776 8.0000 77.99 1.0010 1.0024 2.027039 
611.1850 19.983 98.967 -0.09755 0.61820 2.959 0.74678 8.0000 77.46 1.0017 1.0031 2.028587 
610.7183 19.995 98.928 -0.09707 0.61794 2.736 0.74575 8.0000 78.37 1.0024 1.0038 2.030137 
610.2514 20.007 98.888 -0.09661 0.61780 2.767 0.74485 8.0000 77.97 1.0029 1.0044 2.031690 
609.7844 20.019 98.850 -0.09615 0.61756 2.663 0.74384 8.0000 78.47 1.0035 1.0049 2.033246 
609.3173 20.036 98.824 -0.09586 0.61751 2.648 0.74284 8.0000 77.66 1.0041 1.0055 2.034805 
608.8502 20.056 98.798 -0.09558 0.61756 2.663 0.74178 8.0000 77.30 1.0042 1.0056 2.036366 
608.3829 20.072 98.785 -0.09542 0.61743 2.710 0.74077 8.0000 77.57 1.0041 1.0055 2.037930 
607.9155 20.091 98.769 -0.09525 0.61751 2.495 0.73982 8.0000 78.19 1.0039 1.0053 2.039497 
607.4480 20.114 98.759 -0.09516 0.61763 2.468 0.73874 8.0000 77.86 1.0037 1.0051 2.041067 
606.9804 20.135 98.756 -0.09515 0.61775 2.512 0.73781 8.0000 76.78 1.0032 1.0046 2.042639 
606.5127 20.159 98.749 -0.09512 0.61805 2.701 0.73690 8.0000 76.15 1.0028 1.0041 2.044214 
606.0449 20.182 98.751 -0.09518 0.61829 2.653 0.73599 8.0000 76.96 1.0020 1.0034 2.045792 
605.5770 20.205 98.761 -0.09533 0.61859 2.650 0.73517 8.0000 76.52 1.0015 1.0028 2.047373 
605.1089 20.232 98.767 -0.09546 0.61897 2.674 0.73422 8.0000 77.12 1.0007 1.0020 2.048957 
604.6408 20.259 98.770 -0.09555 0.61937 2.709 0.73329 8.0000 77.52 1.0001 1.0014 2.050543 
604.1726 20.292 98.778 -0.09573 0.61991 2.707 0.73225 8.0000 76.37 0.9992 1.0005 2.052132 
603.7042 20.324 98.797 -0.09603 0.62055 2.304 0.73138 8.0000 76.37 0.9982 0.9995 2.053724 
603.2358 20.356 98.815 -0.09632 0.62114 2.639 0.73045 8.0000 76.20 0.9972 0.9984 2.055319 
602.7673 20.387 98.843 -0.09673 0.62176 2.325 0.72965 8.0000 75.31 0.9959 0.9971 2.056916 
602.2986 20.415 98.869 -0.09709 0.62223 2.492 0.72882 8.0000 76.58 0.9945 0.9957 2.058517 
601.8298 20.445 98.896 -0.09748 0.62280 2.348 0.72797 8.0000 76.09 0.9934 0.9946 2.060121 
601.3610 20.478 98.925 -0.09791 0.62343 2.398 0.72711 8.0000 75.76 0.9919 0.9930 2.061726 
600.8920 20.510 98.954 -0.09833 0.62409 2.470 0.72630 8.0000 75.69 0.9904 0.9915 2.063336 
600.4229 20.543 98.990 -0.09884 0.62478 2.596 0.72548 8.0000 75.14 0.9887 0.9898 2.064948 
599.9537 20.577 99.026 -0.09936 0.62553 2.792 0.72467 8.0000 76.18 0.9870 0.9881 2.066563 
599.4844 20.612 99.065 -0.09993 0.62636 2.789 0.72391 8.0000 75.60 0.9852 0.9862 2.068181 
599.0150 20.651 99.111 -0.10060 0.62733 2.653 0.72314 8.0000 74.21 0.9833 0.9843 2.069801 
598.5455 20.686 99.145 -0.10112 0.62815 2.585 0.72238 8.0000 73.84 0.9811 0.9821 2.071425 
598.0759 20.723 99.185 -0.10173 0.62912 2.831 0.72167 8.0000 75.36 0.9793 0.9802 2.073051 
597.6062 20.755 99.232 -0.10238 0.62984 2.708 0.72098 8.0000 74.89 0.9773 0.9782 2.074680 
597.1364 20.793 99.280 -0.10308 0.63083 2.661 0.72030 8.0000 74.13 0.9753 0.9762 2.076313 
596.6664 20.835 99.327 -0.10379 0.63194 2.596 0.71952 8.0000 74.31 0.9731 0.9740 2.077948 
596.1964 20.873 99.384 -0.10459 0.63289 2.541 0.71882 8.0000 73.49 0.9707 0.9716 2.079586 
595.7263 20.912 99.438 -0.10538 0.63399 2.734 0.71822 8.0000 74.17 0.9688 0.9696 2.081227 
595.2560 20.942 99.492 -0.10613 0.63471 2.701 0.71762 8.0000 73.39 0.9672 0.9680 2.082872 
594.7857 20.969 99.551 -0.10691 0.63539 2.705 0.71714 8.0000 73.51 0.9652 0.9659 2.084519 
594.3152 21.002 99.599 -0.10760 0.63622 2.713 0.71652 8.0000 72.95 0.9636 0.9643 2.086169 
593.8447 21.034 99.651 -0.10835 0.63716 2.705 0.71610 8.0000 73.31 0.9623 0.9630 2.087822 
593.3740 21.065 99.704 -0.10912 0.63810 2.677 0.71568 8.0000 73.01 0.9604 0.9611 2.089478 
592.9032 21.107 99.746 -0.10984 0.63947 2.710 0.71522 8.0000 73.47 0.9594 0.9601 2.091137 
592.4323 21.143 99.791 -0.11057 0.64075 2.681 0.71492 8.0000 72.05 0.9575 0.9582 2.092799 
591.9613 21.188 99.840 -0.11140 0.64224 2.678 0.71444 8.0000 71.81 0.9552 0.9558 2.094464 
591.4902 21.230 99.895 -0.11227 0.64360 2.651 0.71397 8.0000 71.63 0.9527 0.9533 2.096133 
591.0190 21.282 99.942 -0.11311 0.64533 2.620 0.71337 8.0000 71.48 0.9502 0.9508 2.097804 
590.5477 21.315 99.995 -0.11392 0.64640 2.627 0.71303 8.0000 71.13 0.9483 0.9489 2.099478 
590.0763 21.366 100.037 -0.11474 0.64828 2.622 0.71267 8.0000 71.42 0.9467 0.9473 2.101155 
589.6048 21.390 100.078 -0.11537 0.64910 2.631 0.71244 8.0000 70.60 0.9455 0.9460 2.102836 
589.1331 21.422 100.120 -0.11606 0.65023 2.568 0.71217 8.0000 70.81 0.9437 0.9442 2.104519 
588.6614 21.440 100.133 -0.11635 0.65101 2.572 0.71219 8.0000 71.02 0.9435 0.9440 2.106206 
588.1896 21.466 100.155 -0.11680 0.65208 2.567 0.71209 8.0000 71.18 0.9437 0.9442 2.107895 
587.7176 21.505 100.168 -0.11726 0.65382 2.562 0.71208 8.0000 68.36 0.9448 0.9452 2.109588 
587.2455 21.544 100.175 -0.11761 0.65526 2.503 0.71171 8.0000 68.67 0.9438 0.9443 2.111284 
586.7734 21.572 100.169 -0.11776 0.65656 2.517 0.71169 8.0000 70.01 0.9436 0.9440 2.112983 
586.3011 21.597 100.112 -0.11732 0.65781 2.489 0.71169 8.0000 70.41 0.9436 0.9440 2.114685 
585.8287 21.604 100.063 -0.11690 0.65878 2.528 0.71231 8.0000 70.89 0.9461 0.9465 2.116390 
585.3563 21.633 99.987 -0.11631 0.66051 2.465 0.71255 8.0000 68.98 0.9463 0.9467 2.118098 
584.8837 21.662 99.902 -0.11561 0.66227 2.445 0.71280 8.0000 68.14 0.9457 0.9462 2.119809 
584.4109 21.663 99.787 -0.11425 0.66234 2.434 0.71262 8.0000 67.94 0.9465 0.9469 2.121524 
583.9382 21.673 99.679 -0.11304 0.66277 2.425 0.71234 8.0000 68.10 0.9456 0.9461 2.123242 
583.4652 21.701 99.636 -0.11259 0.66314 2.404 0.71126 8.0000 68.63 0.9440 0.9445 2.124963 
582.9922 21.722 99.584 -0.11203 0.66351 2.382 0.71049 8.0000 68.15 0.9426 0.9431 2.126687 
582.5191 21.746 99.538 -0.11154 0.66382 2.353 0.70953 8.0000 67.92 0.9427 0.9431 2.128414 
582.0458 21.771 99.513 -0.11133 0.66435 2.355 0.70880 8.0000 66.94 0.9434 0.9437 2.130145 
581.5725 21.802 99.483 -0.11114 0.66534 2.337 0.70828 8.0000 67.20 0.9459 0.9462 2.131878 
581.0991 21.816 99.456 -0.11086 0.66561 2.310 0.70777 8.0000 66.82 0.9464 0.9468 2.133615 
580.6255 21.812 99.452 -0.11079 0.66549 2.293 0.70788 8.0000 66.84 0.9477 0.9480 2.135356 
580.1519 21.825 99.426 -0.11054 0.66587 2.272 0.70756 8.0000 66.10 0.9479 0.9482 2.137099 
579.6780 21.848 99.397 -0.11029 0.66640 2.247 0.70696 8.0000 66.13 0.9478 0.9481 2.138846 
579.2042 21.855 99.377 -0.11005 0.66639 2.256 0.70652 8.0000 66.99 0.9482 0.9486 2.140595 
578.7302 21.874 99.359 -0.10993 0.66701 2.238 0.70621 8.0000 66.54 0.9481 0.9484 2.142349 
578.2561 21.888 99.349 -0.10988 0.66740 2.212 0.70595 8.0000 65.64 0.9486 0.9489 2.144105 
577.7819 21.894 99.337 -0.10973 0.66738 2.193 0.70555 8.0000 65.91 0.9488 0.9492 2.145865 
577.3076 21.905 99.317 -0.10952 0.66758 2.175 0.70519 8.0000 65.94 0.9498 0.9502 2.147628 
576.8332 21.930 99.294 -0.10934 0.66819 2.149 0.70458 8.0000 64.48 0.9506 0.9509 2.149394 
576.3586 21.939 99.286 -0.10928 0.66836 2.124 0.70427 8.0000 64.44 0.9507 0.9510 2.151164 
575.8840 21.962 99.272 -0.10922 0.66899 2.110 0.70378 8.0000 65.75 0.9510 0.9513 2.152937 
575.4093 21.984 99.264 -0.10920 0.66949 2.109 0.70325 8.0000 65.93 0.9511 0.9515 2.154713 
574.9344 22.004 99.246 -0.10906 0.66998 2.081 0.70273 8.0000 64.48 0.9514 0.9517 2.156493 
574.4595 22.024 99.237 -0.10901 0.67035 2.079 0.70214 8.0000 64.80 0.9512 0.9515 2.158276 
573.9844 22.038 99.224 -0.10889 0.67055 2.047 0.70163 8.0000 64.00 0.9514 0.9517 2.160062 
573.5092 22.055 99.208 -0.10876 0.67095 2.036 0.70116 8.0000 65.11 0.9513 0.9517 2.161852 
573.0339 22.072 99.192 -0.10863 0.67124 2.029 0.70059 8.0000 63.80 0.9513 0.9517 2.163645 
572.5586 22.088 99.181 -0.10855 0.67159 1.998 0.70015 8.0000 63.86 0.9512 0.9516 2.165441 
572.0831 22.105 99.170 -0.10847 0.67193 1.972 0.69965 8.0000 63.74 0.9514 0.9517 2.167241 
571.6075 22.126 99.155 -0.10837 0.67244 1.958 0.69915 8.0000 63.45 0.9515 0.9519 2.169044 
571.1318 22.147 99.149 -0.10838 0.67297 1.957 0.69865 8.0000 62.36 0.9516 0.9520 2.170851 
570.6559 22.169 99.142 -0.10838 0.67348 1.932 0.69810 8.0000 63.03 0.9516 0.9519 2.172661 
570.1801 22.189 99.134 -0.10836 0.67392 1.906 0.69754 8.0000 62.62 0.9514 0.9517 2.174474 
569.7040 22.203 99.130 -0.10834 0.67413 1.894 0.69706 8.0000 61.61 0.9515 0.9518 2.176291 
569.2278 22.226 99.123 -0.10836 0.67474 1.893 0.69660 8.0000 62.49 0.9518 0.9521 2.178112 
568.7516 22.244 99.114 -0.10830 0.67510 1.867 0.69606 8.0000 61.22 0.9518 0.9522 2.179936 
568.2753 22.262 99.105 -0.10826 0.67550 1.846 0.69559 8.0000 60.83 0.9520 0.9523 2.181763 
567.7988 22.281 99.090 -0.10814 0.67590 1.832 0.69505 8.0000 61.48 0.9522 0.9525 2.183594 
567.3222 22.297 99.081 -0.10807 0.67616 1.822 0.69452 8.0000 61.54 0.9525 0.9528 2.185428 
566.8455 22.316 99.073 -0.10805 0.67658 1.808 0.69401 8.0000 60.72 0.9526 0.9529 2.187266 
566.3687 22.334 99.063 -0.10799 0.67700 1.797 0.69354 8.0000 61.18 0.9525 0.9528 2.189107 
565.8918 22.352 99.059 -0.10801 0.67740 1.766 0.69306 8.0000 60.57 0.9526 0.9529 2.190952 
565.4149 22.373 99.053 -0.10801 0.67787 1.765 0.69253 8.0000 60.19 0.9526 0.9529 2.192800 
564.9377 22.389 99.046 -0.10796 0.67813 1.747 0.69202 8.0000 60.45 0.9526 0.9529 2.194653 
564.4605 22.405 99.038 -0.10791 0.67840 1.736 0.69150 8.0000 59.99 0.9526 0.9529 2.196508 
563.9832 22.418 99.027 -0.10780 0.67852 1.726 0.69096 8.0000 59.52 0.9526 0.9529 2.198367 
563.5057 22.433 99.017 -0.10771 0.67876 1.694 0.69046 8.0000 58.60 0.9524 0.9527 2.200230 
563.0282 22.448 99.008 -0.10764 0.67901 1.688 0.68997 8.0000 58.88 0.9524 0.9527 2.202096 
562.5505 22.469 98.998 -0.10759 0.67940 1.669 0.68937 8.0000 58.46 0.9523 0.9526 2.203966 
562.0728 22.485 98.990 -0.10753 0.67968 1.679 0.68887 8.0000 59.50 0.9522 0.9525 2.205839 
561.5948 22.503 98.981 -0.10747 0.68002 1.649 0.68834 8.0000 58.68 0.9522 0.9524 2.207716 
561.1169 22.520 98.971 -0.10740 0.68037 1.640 0.68784 8.0000 58.32 0.9520 0.9523 2.209597 
560.6388 22.537 98.959 -0.10731 0.68068 1.618 0.68733 8.0000 58.13 0.9520 0.9522 2.211481 
560.1606 22.554 98.949 -0.10723 0.68098 1.618 0.68676 8.0000 57.94 0.9519 0.9522 2.213369 
559.6823 22.570 98.933 -0.10706 0.68116 1.609 0.68618 8.0000 58.53 0.9518 0.9521 2.215260 
559.2039 22.586 98.920 -0.10694 0.68137 1.595 0.68558 8.0000 58.16 0.9516 0.9519 2.217155 
558.7253 22.601 98.910 -0.10686 0.68160 1.579 0.68506 8.0000 58.33 0.9515 0.9518 2.219055 
558.2467 22.621 98.906 -0.10688 0.68201 1.566 0.68454 8.0000 56.99 0.9514 0.9517 2.220957 
557.7679 22.639 98.894 -0.10679 0.68241 1.553 0.68405 8.0000 56.93 0.9514 0.9516 2.222864 
557.2891 22.658 98.883 -0.10672 0.68279 1.541 0.68352 8.0000 57.15 0.9513 0.9516 2.224773 
556.8102 22.674 98.874 -0.10664 0.68299 1.536 0.68293 8.0000 56.53 0.9512 0.9515 2.226687 
556.3311 22.692 98.864 -0.10657 0.68335 1.510 0.68242 8.0000 55.08 0.9513 0.9516 2.228604 
555.8519 22.708 98.860 -0.10657 0.68370 1.520 0.68196 8.0000 56.10 0.9512 0.9515 2.230525 
555.3726 22.725 98.847 -0.10646 0.68394 1.499 0.68140 8.0000 55.55 0.9512 0.9515 2.232451 
554.8932 22.741 98.832 -0.10633 0.68429 1.491 0.68096 8.0000 56.16 0.9512 0.9515 2.234379 
554.4137 22.757 98.816 -0.10616 0.68449 1.480 0.68037 8.0000 55.92 0.9512 0.9515 2.236312 
553.9341 22.775 98.804 -0.10607 0.68480 1.477 0.67980 8.0000 56.26 0.9513 0.9515 2.238248 
553.4543 22.791 98.796 -0.10601 0.68510 1.465 0.67930 8.0000 54.35 0.9513 0.9515 2.240188 
552.9745 22.805 98.779 -0.10585 0.68535 1.447 0.67886 8.0000 54.50 0.9513 0.9516 2.242132 
552.4946 22.820 98.772 -0.10579 0.68557 1.439 0.67836 8.0000 54.35 0.9514 0.9517 2.244080 
552.0145 22.836 98.767 -0.10577 0.68583 1.435 0.67785 8.0000 53.94 0.9516 0.9518 2.246031 
551.5344 22.854 98.757 -0.10570 0.68617 1.427 0.67733 8.0000 54.18 0.9516 0.9518 2.247986 
551.0541 22.868 98.749 -0.10565 0.68644 1.416 0.67688 8.0000 54.32 0.9517 0.9519 2.249946 
550.5737 22.883 98.741 -0.10557 0.68662 1.401 0.67635 8.0000 53.63 0.9518 0.9520 2.251909 
550.0933 22.901 98.730 -0.10549 0.68698 1.399 0.67585 8.0000 54.61 0.9520 0.9522 2.253876 
549.6127 22.916 98.718 -0.10537 0.68713 1.393 0.67527 8.0000 54.18 0.9521 0.9523 2.255847 
549.1320 22.931 98.707 -0.10526 0.68733 1.382 0.67475 8.0000 53.09 0.9523 0.9525 2.257821 
548.6511 22.946 98.694 -0.10515 0.68759 1.374 0.67427 8.0000 52.30 0.9525 0.9527 2.259800 
548.1702 22.961 98.680 -0.10502 0.68787 1.361 0.67379 8.0000 52.65 0.9527 0.9529 2.261783 
547.6891 22.976 98.667 -0.10489 0.68811 1.347 0.67330 8.0000 51.90 0.9529 0.9531 2.263770 
547.2080 22.991 98.655 -0.10478 0.68837 1.349 0.67282 8.0000 52.05 0.9531 0.9533 2.265760 
546.7267 23.007 98.646 -0.10473 0.68872 1.339 0.67238 8.0000 52.81 0.9533 0.9535 2.267755 
546.2454 23.023 98.639 -0.10468 0.68905 1.330 0.67196 8.0000 51.47 0.9535 0.9537 2.269752 
545.7639 23.039 98.631 -0.10463 0.68931 1.320 0.67144 8.0000 50.70 0.9537 0.9539 2.271755 
545.2823 23.053 98.619 -0.10452 0.68951 1.315 0.67099 8.0000 51.54 0.9538 0.9541 2.273762 
544.8007 23.067 98.609 -0.10441 0.68968 1.313 0.67047 8.0000 50.35 0.9541 0.9543 2.275771 
544.3188 23.082 98.593 -0.10427 0.69000 1.308 0.67005 8.0000 50.34 0.9544 0.9546 2.277786 
543.8369 23.096 98.583 -0.10418 0.69020 1.297 0.66957 8.0000 50.11 0.9547 0.9549 2.279805 
543.3549 23.110 98.573 -0.10410 0.69050 1.273 0.66920 8.0000 49.54 0.9550 0.9552 2.281827 
542.8728 23.121 98.565 -0.10401 0.69057 1.278 0.66873 8.0000 49.48 0.9553 0.9555 2.283853 
542.3905 23.134 98.559 -0.10397 0.69078 1.268 0.66830 8.0000 49.40 0.9555 0.9557 2.285884 
541.9082 23.149 98.547 -0.10386 0.69104 1.261 0.66783 8.0000 49.08 0.9556 0.9558 2.287919 
541.4257 23.165 98.539 -0.10380 0.69136 1.260 0.66739 8.0000 48.64 0.9559 0.9561 2.289958 
540.9431 23.180 98.526 -0.10367 0.69151 1.247 0.66682 8.0000 47.76 0.9563 0.9565 2.292001 
540.4604 23.194 98.520 -0.10362 0.69168 1.240 0.66632 8.0000 48.26 0.9566 0.9568 2.294048 
539.9777 23.209 98.509 -0.10354 0.69201 1.256 0.66589 8.0000 48.81 0.9569 0.9571 2.296098 
539.4948 23.224 98.499 -0.10345 0.69228 1.237 0.66544 8.0000 47.76 0.9573 0.9575 2.298154 
539.0118 23.241 98.489 -0.10338 0.69264 1.227 0.66500 8.0000 47.31 0.9577 0.9579 2.300213 
538.5286 23.254 98.481 -0.10330 0.69279 1.220 0.66451 8.0000 46.49 0.9581 0.9583 2.302277 
538.0454 23.268 98.476 -0.10326 0.69296 1.220 0.66403 8.0000 46.31 0.9584 0.9586 2.304344 
537.5621 23.282 98.469 -0.10323 0.69324 1.206 0.66363 8.0000 46.04 0.9588 0.9590 2.306416 
537.0786 23.297 98.455 -0.10309 0.69352 1.197 0.66319 8.0000 45.59 0.9590 0.9592 2.308492 
536.5950 23.312 98.447 -0.10303 0.69373 1.193 0.66268 8.0000 44.84 0.9594 0.9596 2.310573 
536.1114 23.327 98.440 -0.10299 0.69408 1.203 0.66229 8.0000 45.77 0.9596 0.9598 2.312657 
535.6276 23.343 98.435 -0.10298 0.69442 1.192 0.66188 8.0000 44.21 0.9600 0.9602 2.314746 
535.1437 23.358 98.426 -0.10291 0.69473 1.185 0.66147 8.0000 44.50 0.9604 0.9606 2.316839 
534.6597 23.373 98.421 -0.10290 0.69504 1.178 0.66106 8.0000 44.30 0.9606 0.9608 2.318936 
534.1756 23.390 98.413 -0.10286 0.69551 1.170 0.66070 8.0000 43.15 0.9608 0.9610 2.321038 
533.6913 23.404 98.401 -0.10276 0.69575 1.164 0.66025 8.0000 42.43 0.9611 0.9613 2.323144 
533.2070 23.423 98.393 -0.10271 0.69617 1.165 0.65976 8.0000 42.40 0.9614 0.9616 2.325254 
532.7226 23.444 98.388 -0.10271 0.69654 1.163 0.65913 8.0000 41.96 0.9618 0.9620 2.327369 
532.2380 23.463 98.376 -0.10261 0.69692 1.155 0.65863 8.0000 41.50 0.9620 0.9622 2.329488 
531.7534 23.482 98.372 -0.10262 0.69731 1.149 0.65808 8.0000 41.42 0.9624 0.9626 2.331611 
531.2686 23.502 98.368 -0.10263 0.69769 1.146 0.65749 8.0000 41.50 0.9626 0.9629 2.333738 
530.7837 23.524 98.363 -0.10264 0.69823 1.148 0.65700 8.0000 40.60 0.9631 0.9633 2.335870 
530.2987 23.545 98.355 -0.10261 0.69869 1.142 0.65645 8.0000 39.52 0.9633 0.9635 2.338007 
529.8136 23.566 98.345 -0.10258 0.69926 1.141 0.65599 8.0000 40.06 0.9637 0.9639 2.340147 
529.3284 23.588 98.337 -0.10254 0.69975 1.127 0.65546 8.0000 39.09 0.9638 0.9640 2.342292 
528.8430 23.607 98.329 -0.10251 0.70016 1.132 0.65496 8.0000 39.21 0.9640 0.9642 2.344442 
528.3576 23.632 98.321 -0.10251 0.70086 1.131 0.65443 8.0000 38.98 0.9643 0.9645 2.346596 
527.8720 23.654 98.312 -0.10247 0.70139 1.122 0.65391 8.0000 38.19 0.9645 0.9647 2.348755 
527.3864 23.675 98.302 -0.10241 0.70188 1.122 0.65338 8.0000 37.83 0.9645 0.9647 2.350917 
526.9006 23.700 98.293 -0.10239 0.70246 1.114 0.65276 8.0000 37.23 0.9647 0.9650 2.353085 
526.4147 23.726 98.289 -0.10243 0.70308 1.107 0.65216 8.0000 36.34 0.9649 0.9651 2.355257 
525.9287 23.751 98.281 -0.10241 0.70365 1.104 0.65151 8.0000 36.19 0.9652 0.9654 2.357433 
525.4426 23.777 98.276 -0.10244 0.70427 1.116 0.65089 8.0000 36.58 0.9654 0.9656 2.359614 
524.9564 23.802 98.265 -0.10237 0.70476 1.104 0.65017 8.0000 35.43 0.9655 0.9657 2.361800 
524.4700 23.830 98.257 -0.10235 0.70530 1.105 0.64940 8.0000 34.86 0.9655 0.9657 2.363990 
523.9836 23.858 98.250 -0.10237 0.70609 1.097 0.64885 8.0000 34.38 0.9657 0.9659 2.366185 
523.4971 23.887 98.241 -0.10238 0.70688 1.092 0.64824 8.0000 34.30 0.9659 0.9661 2.368384 
523.0104 23.915 98.233 -0.10239 0.70763 1.091 0.64763 8.0000 33.55 0.9659 0.9662 2.370588 
522.5236 23.944 98.228 -0.10243 0.70833 1.088 0.64698 8.0000 32.77 0.9660 0.9662 2.372796 
522.0367 23.975 98.219 -0.10242 0.70907 1.084 0.64619 8.0000 32.57 0.9661 0.9663 2.375009 
521.5497 24.004 98.210 -0.10240 0.70969 1.073 0.64544 8.0000 32.17 0.9663 0.9665 2.377227 
521.0626 24.031 98.207 -0.10243 0.71020 1.074 0.64468 8.0000 31.73 0.9664 0.9666 2.379449 
520.5754 24.063 98.202 -0.10247 0.71096 1.077 0.64391 8.0000 31.84 0.9664 0.9666 2.381676 
520.0881 24.095 98.193 -0.10248 0.71180 1.077 0.64323 8.0000 31.64 0.9666 0.9668 2.383908 
519.6006 24.127 98.187 -0.10253 0.71261 1.067 0.64249 8.0000 31.24 0.9667 0.9670 2.386144 
519.1131 24.156 98.181 -0.10255 0.71340 1.066 0.64187 8.0000 30.99 0.9669 0.9672 2.388385 
518.6254 24.188 98.176 -0.10263 0.71431 1.063 0.64122 8.0000 29.98 0.9669 0.9672 2.390631 
518.1377 24.218 98.167 -0.10261 0.71497 1.066 0.64048 8.0000 30.02 0.9668 0.9670 2.392881 
517.6498 24.249 98.158 -0.10260 0.71567 1.053 0.63968 8.0000 29.01 0.9669 0.9672 2.395137 
517.1618 24.274 98.153 -0.10261 0.71624 1.054 0.63906 8.0000 28.74 0.9669 0.9671 2.397397 
516.6737 24.304 98.148 -0.10268 0.71714 1.045 0.63850 8.0000 28.25 0.9669 0.9672 2.399661 
516.1855 24.335 98.139 -0.10268 0.71790 1.052 0.63779 8.0000 27.91 0.9670 0.9673 2.401931 
515.6971 24.369 98.127 -0.10264 0.71871 1.048 0.63696 8.0000 27.75 0.9672 0.9674 2.404206 
515.2087 24.400 98.116 -0.10261 0.71950 1.043 0.63623 8.0000 27.73 0.9673 0.9676 2.406485 
514.7202 24.434 98.109 -0.10263 0.72033 1.035 0.63546 8.0000 27.28 0.9675 0.9678 2.408769 
514.2314 24.466 98.104 -0.10271 0.72127 1.031 0.63483 8.0000 26.83 0.9677 0.9680 2.411058 
513.7427 24.496 98.096 -0.10269 0.72190 1.038 0.63403 8.0000 26.91 0.9678 0.9680 2.413352 
513.2538 24.531 98.088 -0.10273 0.72287 1.034 0.63332 8.0000 26.28 0.9680 0.9683 2.415651 
512.7648 24.563 98.079 -0.10272 0.72360 1.033 0.63249 8.0000 26.11 0.9679 0.9682 2.417955 
512.2757 24.594 98.071 -0.10270 0.72427 1.033 0.63172 8.0000 26.00 0.9678 0.9681 2.420263 
511.7864 24.630 98.056 -0.10264 0.72520 1.025 0.63086 8.0000 25.77 0.9680 0.9683 2.422577 
511.2971 24.664 98.042 -0.10258 0.72602 1.025 0.63004 8.0000 25.70 0.9680 0.9683 2.424895 
510.8076 24.697 98.031 -0.10253 0.72671 1.012 0.62919 8.0000 25.06 0.9681 0.9684 2.427219 
510.3181 24.727 98.014 -0.10244 0.72760 1.022 0.62859 8.0000 24.49 0.9680 0.9683 2.429547 
509.8284 24.749 97.999 -0.10233 0.72818 1.024 0.62809 8.0000 24.18 0.9676 0.9679 2.431881 
509.3386 24.773 97.993 -0.10233 0.72875 1.012 0.62748 8.0000 24.19 0.9673 0.9676 2.434219 
508.8488 24.804 97.979 -0.10226 0.72952 1.001 0.62675 8.0000 23.57 0.9672 0.9676 2.436563 
508.3587 24.839 97.963 -0.10216 0.73035 1.002 0.62592 8.0000 23.79 0.9671 0.9674 2.438912 
507.8686 24.870 97.949 -0.10207 0.73102 1.011 0.62508 8.0000 23.64 0.9670 0.9673 2.441265 
507.3784 24.902 97.930 -0.10192 0.73171 1.018 0.62424 8.0000 23.33 0.9669 0.9672 2.443624 
506.8880 24.929 97.914 -0.10178 0.73213 1.003 0.62337 8.0000 22.48 0.9665 0.9668 2.445988 
506.3976 24.959 97.889 -0.10154 0.73280 1.002 0.62258 8.0000 22.11 0.9662 0.9665 2.448357 
505.9070 24.984 97.864 -0.10128 0.73327 0.991 0.62183 8.0000 21.62 0.9658 0.9661 2.450731 
505.4163 25.019 97.842 -0.10110 0.73411 0.997 0.62098 8.0000 21.48 0.9657 0.9661 2.453110 
504.9255 25.052 97.823 -0.10097 0.73493 0.990 0.62019 8.0000 21.46 0.9658 0.9662 2.455495 
504.4346 25.082 97.802 -0.10080 0.73566 0.998 0.61944 8.0000 21.39 0.9655 0.9659 2.457884 
503.9436 25.109 97.784 -0.10063 0.73615 0.993 0.61865 8.0000 21.04 0.9649 0.9653 2.460279 
503.4525 25.131 97.763 -0.10040 0.73651 0.990 0.61794 8.0000 20.87 0.9644 0.9647 2.462679 
502.9612 25.159 97.741 -0.10019 0.73706 0.983 0.61714 8.0000 20.52 0.9642 0.9646 2.465085 
502.4698 25.187 97.715 -0.09995 0.73776 0.988 0.61647 8.0000 20.70 0.9639 0.9642 2.467495 
501.9784 25.215 97.691 -0.09970 0.73830 0.992 0.61564 8.0000 20.54 0.9637 0.9641 2.469911 
501.4868 25.242 97.675 -0.09955 0.73878 0.994 0.61486 8.0000 20.57 0.9635 0.9639 2.472332 
500.9951 25.268 97.654 -0.09935 0.73929 0.980 0.61411 8.0000 19.93 0.9632 0.9636 2.474759 
500.5033 25.296 97.629 -0.09913 0.74005 0.955 0.61349 8.0000 19.01 0.9629 0.9633 2.477190 
500.0114 25.323 97.605 -0.09889 0.74062 0.960 0.61276 8.0000 19.01 0.9627 0.9631 2.479627 
499.5193 25.351 97.579 -0.09862 0.74123 0.973 0.61200 8.0000 19.50 0.9624 0.9628 2.482070 
499.0272 25.376 97.557 -0.09840 0.74173 0.972 0.61131 8.0000 18.79 0.9619 0.9623 2.484518 
498.5349 25.401 97.531 -0.09812 0.74221 0.959 0.61058 8.0000 18.11 0.9615 0.9619 2.486971 
498.0426 25.427 97.502 -0.09782 0.74285 0.953 0.60991 8.0000 17.76 0.9612 0.9616 2.489429 
497.5501 25.454 97.474 -0.09753 0.74342 0.942 0.60917 8.0000 17.09 0.9606 0.9610 2.491894 
497.0575 25.486 97.442 -0.09721 0.74418 0.949 0.60836 8.0000 17.17 0.9604 0.9608 2.494363 
496.5648 25.518 97.414 -0.09695 0.74499 0.946 0.60757 8.0000 16.55 0.9605 0.9609 2.496838 
496.0720 25.546 97.384 -0.09663 0.74566 0.945 0.60689 8.0000 16.41 0.9602 0.9606 2.499318 
495.5790 25.572 97.358 -0.09637 0.74625 0.944 0.60621 8.0000 15.83 0.9598 0.9601 2.501805 
495.0860 25.602 97.320 -0.09597 0.74706 0.932 0.60549 8.0000 15.36 0.9595 0.9599 2.504296 
494.5928 25.628 97.288 -0.09561 0.74756 0.943 0.60475 8.0000 15.74 0.9586 0.9589 2.506793 
494.0995 25.659 97.255 -0.09524 0.74818 0.941 0.60387 8.0000 15.53 0.9582 0.9586 2.509296 
493.6062 25.688 97.220 -0.09485 0.74873 0.934 0.60301 8.0000 15.34 0.9577 0.9581 2.511804 
493.1127 25.717 97.194 -0.09458 0.74937 0.920 0.60223 8.0000 14.83 0.9573 0.9576 2.514318 
492.6190 25.747 97.163 -0.09428 0.75021 0.931 0.60158 8.0000 15.00 0.9569 0.9572 2.516837 
492.1253 25.777 97.130 -0.09394 0.75105 0.933 0.60091 8.0000 15.39 0.9565 0.9568 2.519362 
491.6315 25.803 97.101 -0.09363 0.75167 0.906 0.60026 8.0000 15.01 0.9561 0.9565 2.521893 
491.1375 25.829 97.070 -0.09331 0.75239 0.886 0.59964 8.0000 14.86 0.9555 0.9559 2.524429 
490.6435 25.859 97.035 -0.09294 0.75316 0.875 0.59893 8.0000 14.42 0.9551 0.9554 2.526971 
490.1493 25.888 97.004 -0.09262 0.75383 0.886 0.59820 8.0000 14.31 0.9545 0.9548 2.529519 
489.6550 25.914 96.974 -0.09230 0.75458 0.876 0.59760 8.0000 14.46 0.9539 0.9542 2.532072 
489.1606 25.943 96.942 -0.09197 0.75533 0.883 0.59692 8.0000 14.52 0.9534 0.9537 2.534631 
488.6661 25.972 96.908 -0.09161 0.75613 0.873 0.59625 8.0000 13.95 0.9531 0.9534 2.537196 
488.1714 26.008 96.872 -0.09126 0.75720 0.854 0.59551 8.0000 13.71 0.9529 0.9532 2.539768 
487.6767 26.036 96.837 -0.09088 0.75795 0.872 0.59487 8.0000 13.94 0.9523 0.9526 2.542344 
487.1818 26.070 96.803 -0.09052 0.75882 0.847 0.59407 8.0000 13.79 0.9519 0.9522 2.544927 
486.6869 26.100 96.769 -0.09017 0.75971 0.840 0.59341 8.0000 13.43 0.9516 0.9519 2.547514 
486.1918 26.133 96.736 -0.08984 0.76057 0.823 0.59264 8.0000 12.92 0.9511 0.9514 2.550109 
485.6966 26.161 96.702 -0.08945 0.76122 0.830 0.59192 8.0000 13.01 0.9504 0.9507 2.552709 
485.2013 26.195 96.663 -0.08906 0.76229 0.840 0.59123 8.0000 13.36 0.9501 0.9503 2.555314 
484.7058 26.224 96.630 -0.08869 0.76306 0.835 0.59058 8.0000 13.37 0.9494 0.9497 2.557927 
484.2103 26.251 96.599 -0.08838 0.76402 0.812 0.59010 8.0000 12.98 0.9488 0.9491 2.560544 
483.7146 26.284 96.566 -0.08807 0.76516 0.813 0.58957 8.0000 13.49 0.9487 0.9489 2.563168 
483.2189 26.317 96.535 -0.08777 0.76623 0.812 0.58893 8.0000 14.29 0.9484 0.9486 2.565798 
482.7230 26.348 96.504 -0.08747 0.76721 0.801 0.58832 8.0000 14.69 0.9479 0.9482 2.568433 
482.2270 26.375 96.473 -0.08713 0.76803 0.809 0.58777 8.0000 15.54 0.9474 0.9476 2.571075 
481.7309 26.402 96.434 -0.08672 0.76896 0.795 0.58729 8.0000 15.94 0.9469 0.9471 2.573723 
481.2346 26.424 96.406 -0.08642 0.76980 0.792 0.58697 8.0000 16.78 0.9462 0.9464 2.576377 
480.7383 26.449 96.378 -0.08617 0.77081 0.766 0.58663 8.0000 16.52 0.9457 0.9460 2.579037 
480.2419 26.479 96.347 -0.08586 0.77194 0.757 0.58616 8.0000 16.83 0.9454 0.9456 2.581703 
479.7453 26.507 96.319 -0.08559 0.77293 0.750 0.58571 8.0000 17.41 0.9451 0.9454 2.584375 
479.2486 26.533 96.290 -0.08528 0.77378 0.737 0.58521 8.0000 17.39 0.9446 0.9448 2.587054 
478.7518 26.556 96.262 -0.08500 0.77467 0.728 0.58489 8.0000 17.69 0.9439 0.9441 2.589738 
478.2549 26.583 96.236 -0.08474 0.77558 0.723 0.58436 8.0000 17.95 0.9432 0.9434 2.592429 
477.7579 26.609 96.207 -0.08445 0.77647 0.727 0.58390 8.0000 18.73 0.9427 0.9429 2.595126 
477.2608 26.634 96.180 -0.08417 0.77741 0.717 0.58351 8.0000 18.31 0.9423 0.9425 2.597829 
476.7635 26.660 96.155 -0.08394 0.77838 0.717 0.58314 8.0000 18.85 0.9417 0.9419 2.600539 
476.2662 26.688 96.129 -0.08370 0.77946 0.721 0.58270 8.0000 19.52 0.9413 0.9415 2.603254 
475.7687 26.717 96.103 -0.08344 0.78044 0.722 0.58217 8.0000 19.88 0.9410 0.9412 2.605976 
475.2711 26.744 96.080 -0.08322 0.78129 0.729 0.58163 8.0000 21.14 0.9406 0.9408 2.608705 
474.7734 26.769 96.054 -0.08294 0.78203 0.727 0.58112 8.0000 21.82 0.9403 0.9404 2.611439 
474.2756 26.794 96.034 -0.08276 0.78298 0.723 0.58072 8.0000 22.74 0.9399 0.9401 2.614180 
473.7776 26.817 96.013 -0.08253 0.78350 0.723 0.58014 8.0000 24.25 0.9393 0.9395 2.616928 
473.2796 26.839 95.990 -0.08225 0.78391 0.711 0.57946 8.0000 25.19 0.9387 0.9389 2.619682 
472.7814 26.863 95.966 -0.08200 0.78460 0.704 0.57893 8.0000 25.51 0.9383 0.9384 2.622442 
472.2831 26.886 95.945 -0.08173 0.78494 0.696 0.57820 8.0000 26.86 0.9377 0.9378 2.625209 
471.7848 26.910 95.927 -0.08153 0.78538 0.690 0.57747 8.0000 28.24 0.9374 0.9376 2.627982 
471.2863 26.943 95.905 -0.08130 0.78615 0.680 0.57660 8.0000 28.91 0.9372 0.9373 2.630762 
470.7876 26.970 95.884 -0.08106 0.78652 0.671 0.57575 8.0000 29.61 0.9366 0.9367 2.633548 
470.2889 26.998 95.868 -0.08089 0.78708 0.665 0.57494 8.0000 30.08 0.9363 0.9365 2.636341 
469.7900 27.029 95.848 -0.08068 0.78764 0.658 0.57402 8.0000 30.23 0.9360 0.9361 2.639141 
469.2911 27.060 95.839 -0.08056 0.78787 0.656 0.57288 8.0000 30.52 0.9355 0.9356 2.641946 
468.7920 27.103 95.823 -0.08040 0.78840 0.653 0.57145 8.0000 30.77 0.9356 0.9358 2.644759 
468.2928 27.144 95.805 -0.08021 0.78901 0.654 0.57013 8.0000 31.33 0.9356 0.9357 2.647578 
467.7935 27.181 95.790 -0.08004 0.78935 0.655 0.56880 8.0000 31.88 0.9354 0.9356 2.650404 
467.2941 27.217 95.782 -0.07996 0.78973 0.658 0.56755 8.0000 32.33 0.9353 0.9355 2.653237 
466.7945 27.260 95.775 -0.07992 0.79019 0.665 0.56610 8.0000 33.70 0.9355 0.9356 2.656077 
466.2949 27.298 95.767 -0.07986 0.79068 0.663 0.56486 8.0000 35.47 0.9354 0.9355 2.658922 
465.7951 27.337 95.758 -0.07977 0.79106 0.669 0.56351 8.0000 37.41 0.9355 0.9356 2.661775 
465.2952 27.369 95.760 -0.07980 0.79114 0.668 0.56220 8.0000 39.03 0.9353 0.9354 2.664635 
464.7952 27.412 95.760 -0.07984 0.79155 0.666 0.56072 8.0000 42.09 0.9355 0.9357 2.667502 
464.2951 27.447 95.756 -0.07980 0.79167 0.662 0.55936 8.0000 45.18 0.9353 0.9355 2.670375 
463.7949 27.484 95.747 -0.07966 0.79152 0.655 0.55769 8.0000 47.71 0.9351 0.9353 2.673255 
463.2946 27.515 95.745 -0.07960 0.79124 0.648 0.55623 8.0000 49.88 0.9349 0.9351 2.676142 
462.7941 27.554 95.741 -0.07954 0.79122 0.639 0.55456 8.0000 52.14 0.9354 0.9355 2.679036 
462.2935 27.595 95.728 -0.07936 0.79108 0.631 0.55277 8.0000 54.84 0.9353 0.9355 2.681937 
461.7928 27.633 95.723 -0.07926 0.79086 0.623 0.55106 8.0000 56.52 0.9354 0.9355 2.684845 
461.2921 27.674 95.725 -0.07928 0.79081 0.618 0.54935 8.0000 58.00 0.9358 0.9359 2.687759 
460.7911 27.713 95.719 -0.07919 0.79067 0.613 0.54762 8.0000 58.06 0.9360 0.9361 2.690681 
460.2901 27.755 95.713 -0.07910 0.79072 0.609 0.54596 8.0000 58.19 0.9362 0.9363 2.693610 
459.7889 27.797 95.712 -0.07910 0.79078 0.609 0.54430 8.0000 57.68 0.9363 0.9364 2.696546 
459.2877 27.840 95.711 -0.07909 0.79086 0.610 0.54259 8.0000 58.30 0.9369 0.9370 2.699489 
458.7863 27.885 95.715 -0.07915 0.79095 0.612 0.54082 8.0000 58.39 0.9375 0.9376 2.702439 
458.2848 27.929 95.715 -0.07914 0.79080 0.615 0.53894 8.0000 59.41 0.9377 0.9379 2.705396 
457.7832 27.968 95.719 -0.07915 0.79033 0.619 0.53706 8.0000 60.46 0.9374 0.9375 2.708360 
457.2815 28.012 95.725 -0.07918 0.78980 0.618 0.53490 8.0000 61.49 0.9374 0.9375 2.711332 
456.7796 28.061 95.734 -0.07931 0.78976 0.619 0.53292 8.0000 61.58 0.9382 0.9383 2.714311 
456.2777 28.113 95.749 -0.07953 0.78995 0.615 0.53099 8.0000 63.23 0.9392 0.9393 2.717297 
455.7756 28.159 95.759 -0.07964 0.78957 0.610 0.52888 8.0000 62.95 0.9398 0.9399 2.720290 
455.2734 28.219 95.768 -0.07974 0.78938 0.602 0.52636 8.0000 62.59 0.9400 0.9402 2.723291 
454.7711 28.272 95.774 -0.07983 0.78944 0.597 0.52430 8.0000 62.03 0.9409 0.9411 2.726299 
454.2687 28.332 95.776 -0.07986 0.78950 0.587 0.52198 8.0000 60.05 0.9420 0.9422 2.729314 
453.7662 28.377 95.783 -0.08000 0.78982 0.581 0.52039 8.0000 57.39 0.9428 0.9430 2.732336 
453.2635 28.423 95.791 -0.08010 0.78979 0.574 0.51856 8.0000 54.90 0.9430 0.9432 2.735367 
452.7608 28.468 95.800 -0.08025 0.79008 0.567 0.51698 8.0000 51.69 0.9436 0.9438 2.738404 
452.2579 28.513 95.809 -0.08039 0.79026 0.563 0.51532 8.0000 47.78 0.9441 0.9442 2.741449 
451.7549 28.558 95.818 -0.08055 0.79051 0.566 0.51375 8.0000 45.38 0.9446 0.9447 2.744501 
451.2518 28.602 95.828 -0.08071 0.79073 0.566 0.51215 8.0000 41.82 0.9450 0.9452 2.747561 
450.7485 28.646 95.838 -0.08090 0.79119 0.566 0.51073 8.0000 38.99 0.9458 0.9460 2.750629 
450.2452 28.690 95.849 -0.08106 0.79133 0.570 0.50912 8.0000 36.22 0.9461 0.9462 2.753704 
449.7417 28.734 95.860 -0.08125 0.79162 0.570 0.50760 8.0000 33.12 0.9465 0.9467 2.756787 
449.2382 28.776 95.872 -0.08146 0.79201 0.573 0.50621 8.0000 31.98 0.9471 0.9473 2.759876 
448.7345 28.819 95.884 -0.08166 0.79230 0.572 0.50473 8.0000 30.58 0.9475 0.9477 2.762974 
448.2307 28.861 95.897 -0.08188 0.79269 0.569 0.50334 8.0000 28.84 0.9480 0.9482 2.766080 
447.7267 28.903 95.910 -0.08212 0.79327 0.566 0.50209 8.0000 27.86 0.9488 0.9490 2.769193 
447.2227 28.945 95.924 -0.08236 0.79375 0.561 0.50079 8.0000 26.47 0.9494 0.9496 2.772314 
446.7186 28.987 95.938 -0.08259 0.79396 0.554 0.49932 8.0000 23.92 0.9495 0.9497 2.775443 
446.2143 29.028 95.953 -0.08285 0.79452 0.548 0.49810 8.0000 22.29 0.9501 0.9504 2.778580 
445.7099 29.068 95.968 -0.08312 0.79506 0.542 0.49687 8.0000 20.68 0.9507 0.9510 2.781724 
445.2054 29.109 95.984 -0.08340 0.79563 0.540 0.49568 8.0000 18.81 0.9513 0.9516 2.784876 
444.7008 29.149 96.000 -0.08368 0.79616 0.541 0.49448 8.0000 17.43 0.9519 0.9521 2.788036 
444.1960 29.188 96.016 -0.08397 0.79673 0.539 0.49332 8.0000 15.58 0.9524 0.9526 2.791204 
443.6912 29.227 96.033 -0.08427 0.79727 0.540 0.49216 8.0000 14.18 0.9528 0.9531 2.794380 
443.1862 29.266 96.051 -0.08457 0.79788 0.547 0.49104 8.0000 12.91 0.9534 0.9536 2.797564 
442.6812 29.305 96.068 -0.08490 0.79862 0.548 0.49005 8.0000 11.91 0.9541 0.9544 2.800756 
442.1759 29.343 96.087 -0.08523 0.79923 0.551 0.48896 8.0000 10.99 0.9546 0.9549 2.803956 
441.6706 29.381 96.106 -0.08555 0.79982 0.556 0.48788 8.0000 10.39 0.9550 0.9553 2.807164 
441.1652 29.419 96.125 -0.08590 0.80055 0.554 0.48690 8.0000 9.63 0.9556 0.9559 2.810380 
440.6596 29.456 96.144 -0.08626 0.80126 0.554 0.48592 8.0000 9.18 0.9561 0.9564 2.813605 
440.1540 29.493 96.165 -0.08660 0.80183 0.554 0.48486 8.0000 8.54 0.9563 0.9567 2.816837 
439.6482 29.493 96.165 -0.08660 0.80183 0.552 0.48486 8.0000 8.03 0.9563 0.9567 2.820077 

# MINIMA:
439.6482 0.722 3.158 -8.64680 -7.25592 -4297.788 -11.35868 8.0000 7.92 0.5160 0.5539 1.240099 

# MAXIMA:
999.7925 82.812 357.552 4.47910 4.95351 335.067 67.35753 8.0000 80.03 2.7198987472690217E18 1.36580190910241833E19 2.820077 

# PEAKS:

# END SPECTRUM

