## SPECTRUM TYPE:
LCE

## DATE:
18/08/2026

## COMMENTS:

## NUMBER OF SPECTRUM:
1

## ELLIPSOMETRIC CONFIGURATION:
0.00 ø :Modulator
+45.00 øAnalyser

## UNIT:
nm


# SPECTRUM:
1

# CAPTION:


# START TIME:
14:10:01

# END TIME:
14:10:01

# THETA ANGLE:
0.00 ø

# INCIDENCE ANGLE:
69.95 ø

# ACCUMULATION NUMBER:
28

# ELLIPSOMETRIC CONFIGURATION:
0.00 ø :Modulator
+45.00 øAnalyser

# INTEGRATION TIME:
8 ms

# FIRST POINT:
999.79 nm

# LAST POINT:
439.65 nm

# INCREMENT:
0.00 nm

# NUMBER OF POINTS:
1273

# DATA:
nm Psi Delta Ic Is Reflectance IcPrim IntegrationTime IntensityMax Polarization PolarizationGen eV 
999.7925 1.191 205.627 -2.52672 -1.21207 0.000 67.35752 8.0000 7.85 2.71985531655972454E18 1.353843400736401E19 1.240099 
999.4089 1.191 205.627 -2.52672 -1.21207 0.910 67.35752 8.0000 7.82 2.52966839225679872E18 1.2591754495848874E19 1.240575 
999.0253 1.191 205.627 -2.52672 -1.21207 0.577 67.35752 8.0000 7.97 2.41149425689296896E18 1.20035267701049917E19 1.241052 
998.6415 1.191 205.627 -2.52672 -1.21207 0.891 67.35752 8.0000 8.02 2.27670169047007232E18 1.13325794860686377E19 1.241529 
998.2578 1.191 205.627 -2.52672 -1.21207 0.250 67.35752 8.0000 8.14 2.12344433808716595E18 1.05697207265316045E19 1.242006 
997.8739 1.191 205.627 -2.52672 -1.21207 0.657 67.35752 8.0000 8.17 1.94987584484330701E18 9.70576077330894029E18 1.242484 
997.4900 1.191 205.627 -2.52672 -1.21207 -0.017 67.35752 8.0000 8.16 1.75414971839859917E18 8.73150880870406554E18 1.242962 
997.1060 1.191 205.627 -2.52672 -1.21207 -0.005 67.35751 8.0000 8.22 1.53441932897419264E18 7.63777236575295898E18 1.243440 
996.7219 1.191 205.627 -2.52672 -1.21207 -4.144 67.35752 8.0000 8.25 1.28883832166914458E18 6.41536117651485491E18 1.243920 
996.3377 1.191 205.627 -2.52672 -1.21207 -0.823 67.35752 8.0000 8.34 1.01556034158251213E18 5.05508387353735987E18 1.244399 
995.9535 1.191 205.627 -2.52672 -1.21207 -0.271 67.35752 8.0000 8.28 716431674895761408.0000 3.56613209915077427E18 1.244879 
995.5692 1.191 205.627 -2.52672 -1.21207 1.176 67.35752 8.0000 8.61 393298813948788736.0000 1.95769612129586381E18 1.245360 
995.1848 1.191 205.627 -2.52672 -1.21207 -0.786 67.35752 8.0000 8.64 51701252941152256.0000 257349733092163584.0000 1.245841 
994.8003 1.191 205.627 -2.52672 -1.21207 0.023 67.35752 8.0000 8.70 295435750726434816.0000 1.47057000155447296E18 1.246322 
994.4158 1.191 205.627 -2.52672 -1.21207 0.013 67.35752 8.0000 8.59 629647428273831936.0000 3.13415212253944218E18 1.246804 
994.0311 13.589 182.381 -0.13216 -0.00550 0.013 0.25762 8.0000 8.74 0.5232 0.8711 1.247287 
993.6464 22.241 153.359 -0.16590 0.08323 0.604 0.18900 8.0000 8.82 0.5124 0.8151 1.247770 
993.2617 31.437 137.174 -0.19744 0.18300 1.182 0.13791 8.0000 8.75 0.5165 0.7304 1.248253 
992.8768 30.582 136.210 -0.20659 0.19804 -0.167 0.15756 8.0000 8.84 0.5652 0.6588 1.248737 
992.4919 6.042 72.801 0.01744 0.05635 0.176 0.27554 8.0000 8.90 0.6670 0.7455 1.249221 
992.1069 16.878 126.257 -0.10900 0.14862 -8.691 0.27577 8.0000 8.98 0.5759 0.6729 1.249706 
991.7218 12.773 114.088 -0.07824 0.17500 -0.788 0.40107 8.0000 9.06 0.6117 0.6842 1.250191 
991.3367 12.296 91.904 -0.00669 0.20117 0.288 0.43981 8.0000 9.23 0.6479 0.6940 1.250677 
990.9514 12.055 81.379 0.04619 0.30465 1.322 0.68852 8.0000 9.33 0.8652 0.8984 1.251163 
990.5661 6.809 97.255 -0.02476 0.19446 12.234 0.80919 8.0000 9.26 0.8305 0.8584 1.251650 
990.1807 5.255 64.971 0.07140 0.15293 -23.321 0.90979 8.0000 9.34 0.7618 0.8079 1.252137 
989.7953 2.633 81.296 0.01241 0.08107 -0.463 0.88994 8.0000 9.36 0.7390 0.7995 1.252625 
989.4097 4.970 109.458 -0.05266 0.14906 -2.160 0.90215 8.0000 9.53 0.7296 0.8095 1.253113 
989.0241 7.052 124.956 -0.12772 0.18270 1.154 0.88727 8.0000 9.56 0.7441 0.8415 1.253601 
988.6384 10.213 134.989 -0.23402 0.23411 1.805 0.88882 8.0000 9.51 0.7644 0.8440 1.254090 
988.2526 9.636 115.080 -0.13307 0.28432 29.393 0.89779 8.0000 9.66 0.7442 0.8298 1.254580 
987.8668 10.322 109.500 -0.11542 0.32593 1.135 0.91776 8.0000 9.65 0.7537 0.8420 1.255070 
987.4809 9.497 113.480 -0.11965 0.27544 -4394.918 0.87247 8.0000 9.70 0.6904 0.7441 1.255560 
987.0949 9.146 113.971 -0.13204 0.29698 1.353 0.98321 8.0000 9.78 0.6779 0.6959 1.256051 
986.7088 4.972 113.176 -0.07801 0.18221 1.128 1.13046 8.0000 9.91 0.7750 0.7855 1.256543 
986.3226 4.043 145.635 -0.12926 0.08839 -2.447 1.10217 8.0000 9.83 0.8708 0.8780 1.257035 
985.9364 6.109 115.759 -0.09165 0.18994 -7.959 0.97393 8.0000 9.92 0.9283 0.9501 1.257527 
985.5501 7.524 104.035 -0.05797 0.23192 88.560 0.88920 8.0000 9.93 1.0051 1.0605 1.258020 
985.1638 10.052 99.608 -0.05332 0.31495 -2.141 0.87266 8.0000 10.11 1.1186 1.1940 1.258513 
984.7773 12.400 98.078 -0.05418 0.38176 1.127 0.83448 8.0000 10.20 1.1569 1.2268 1.259007 
984.3907 16.418 91.026 -0.00851 0.47500 -0.592 0.73614 8.0000 10.32 1.0074 1.0737 1.259502 
984.0041 11.809 87.577 0.01465 0.34628 -0.567 0.79263 8.0000 10.34 0.9265 0.9710 1.259997 
983.6174 5.425 81.018 0.02316 0.14656 0.633 0.77419 8.0000 10.50 0.7319 0.7900 1.260492 
983.2307 5.106 85.454 0.01371 0.17245 0.670 0.96021 8.0000 10.58 0.7178 0.7940 1.260988 
982.8438 3.741 265.397 -0.01219 -0.15137 0.530 1.15613 8.0000 10.64 0.8389 0.9039 1.261484 
982.4569 5.020 139.850 -0.13467 0.11360 0.551 0.99517 8.0000 10.65 0.8449 0.9574 1.261981 
982.0699 9.328 116.075 -0.11854 0.24223 -2.605 0.79873 8.0000 10.86 0.7700 0.8813 1.262478 
981.6828 13.925 119.081 -0.17401 0.31288 -0.012 0.67760 8.0000 10.93 0.7483 0.8257 1.262976 
981.2957 20.286 138.156 -0.46033 0.41222 -0.007 0.72164 8.0000 10.91 0.7923 0.8459 1.263474 
980.9084 16.955 111.137 -0.14692 0.38002 0.004 0.60610 8.0000 10.96 0.7561 0.9907 1.263973 
980.5211 40.540 22.519 0.93360 0.38708 0.009 0.15864 8.0000 11.06 0.7830 0.9057 1.264472 
980.1337 39.340 56.266 0.39088 0.58535 -0.002 0.14089 8.0000 11.19 0.5892 0.7811 1.264972 
979.7463 38.940 38.184 0.68301 0.53716 -0.002 0.18662 8.0000 11.12 0.6323 0.9631 1.265472 
979.3587 73.767 112.376 -0.34568 0.83969 8.183 -1.42724 8.0000 11.28 0.6858 0.8977 1.265973 
978.9711 67.149 150.858 -1.25586 0.70021 6.134 -1.40302 8.0000 11.35 0.7379 1.3351 1.266474 
978.5834 57.971 161.640 -1.31114 0.43513 1.206 -0.67208 8.0000 11.23 0.8206 1.6169 1.266976 
978.1956 45.038 164.312 -1.15329 0.32392 7.839 -0.00157 8.0000 11.35 0.9279 1.7617 1.267478 
977.8077 35.431 167.099 -1.00513 0.23023 -2.938 0.35783 8.0000 11.50 1.0559 1.7405 1.267981 
977.4199 26.789 171.039 -0.86349 0.13617 3.065 0.64501 8.0000 11.56 1.2148 1.6233 1.268484 
977.0319 13.016 170.557 -0.34419 0.05725 2.627 0.71441 8.0000 11.62 0.9900 1.1126 1.268988 
976.6437 3.022 44.422 0.05583 0.05471 1.265 0.73812 8.0000 11.67 0.8310 1.2003 1.269493 
976.2556 8.820 183.944 -0.28454 -0.01962 -9.259 0.89697 8.0000 11.72 1.0673 1.2030 1.269997 
975.8674 4.328 132.049 -0.10069 0.11164 1.203 0.98751 8.0000 11.93 1.0981 1.1758 1.270502 
975.4790 7.927 149.708 -0.21017 0.12277 0.911 0.85702 8.0000 11.99 1.0728 1.1759 1.271008 
975.0906 8.226 134.057 -0.17409 0.17992 -1.712 0.84775 8.0000 11.95 1.0986 1.1524 1.271515 
974.7021 8.849 131.280 -0.16895 0.19244 -16.115 0.80251 8.0000 12.14 1.0600 1.1339 1.272021 
974.3136 9.093 128.096 -0.16275 0.20760 1.143 0.80299 8.0000 12.02 0.9495 1.0019 1.272529 
973.9250 8.735 125.910 -0.14107 0.19481 0.027 0.76424 8.0000 12.21 0.8004 0.8375 1.273036 
973.5363 11.519 109.168 -0.10567 0.30399 0.055 0.75676 8.0000 12.28 0.7243 0.7554 1.273545 
973.1475 8.921 129.232 -0.11500 0.14085 -5.055 0.56489 8.0000 12.27 0.5533 0.5769 1.274053 
972.7586 7.916 102.521 -0.03302 0.14868 -2.763 0.53712 8.0000 12.46 0.5562 0.5790 1.274563 
972.3697 8.884 125.334 -0.07332 0.10342 -1.024 0.39563 8.0000 12.55 0.5300 0.5516 1.275073 
971.9807 17.230 137.149 -0.13060 0.12115 -0.418 0.25959 8.0000 12.63 0.5334 0.5545 1.275583 
971.5916 28.860 131.074 -0.16448 0.18872 -0.657 0.15814 8.0000 12.61 0.6240 0.6422 1.276094 
971.2024 40.273 122.729 -0.14266 0.22196 0.440 0.04394 8.0000 12.97 0.8112 0.8278 1.276605 
970.8131 58.819 118.023 -0.10979 0.20629 0.043 -0.12236 8.0000 12.79 0.8891 0.9066 1.277117 
970.4238 64.731 113.631 -0.08333 0.19046 0.009 -0.17114 8.0000 12.87 0.8937 0.9137 1.277629 
970.0344 62.628 61.645 0.15529 0.28775 0.007 -0.23114 8.0000 13.35 0.8833 0.9325 1.278142 
969.6449 36.775 114.770 -0.10627 0.23030 0.005 0.07489 8.0000 13.19 0.9583 0.9882 1.278656 
969.2553 28.376 149.937 -0.33654 0.19479 0.002 0.25491 8.0000 13.22 1.0057 1.0483 1.279170 
968.8657 23.413 164.188 -0.54962 0.15565 -1.823 0.53593 8.0000 13.30 1.0208 1.1098 1.279684 
968.4760 23.711 171.208 -0.69755 0.10789 1.243 0.64857 8.0000 13.47 1.1044 1.2113 1.280199 
968.0861 21.871 172.819 -0.80622 0.10157 0.328 0.84909 8.0000 13.77 1.1512 1.2382 1.280714 
967.6962 11.452 169.885 -0.76604 0.13667 -1.195 1.84175 8.0000 13.75 1.6744 2.4972 1.281230 
967.3063 22.230 165.924 -0.62986 0.15793 1.178 0.66171 8.0000 13.79 1.2011 1.2636 1.281747 
966.9163 43.228 158.198 -0.44025 0.17610 1.246 0.02936 8.0000 13.87 1.1674 1.7195 1.282264 
966.5261 38.821 157.361 -0.35885 0.14966 -5.798 0.08519 8.0000 13.77 2.5752 3.7600 1.282782 
966.1359 73.736 25.475 1.35703 0.64655 1.199 -2.35691 8.0000 13.66 1.1611 2.2989 1.283300 
965.7457 23.380 177.935 -0.74142 0.02673 -0.730 0.69767 8.0000 13.76 2.3456 4.0016 1.283818 
965.3553 23.395 171.882 -0.61312 0.08746 1.244 0.58178 8.0000 14.10 3.7332 5.8405 1.284337 
964.9649 22.958 168.427 -0.57352 0.11744 11.569 0.56698 8.0000 14.14 4.7451 7.1825 1.284857 
964.5743 22.212 166.398 -0.55465 0.13420 1.484 0.58226 8.0000 13.97 5.2271 7.8111 1.285377 
964.1838 21.205 166.251 -0.54816 0.13412 -0.049 0.61781 8.0000 14.16 5.0314 7.6043 1.285898 
963.7931 19.042 168.326 -0.56811 0.11739 1.344 0.74029 8.0000 14.38 4.1021 6.4825 1.286419 
963.4023 14.288 174.603 -0.66205 0.06255 0.143 1.22090 8.0000 14.53 2.5420 4.5809 1.286941 
963.0115 81.811 44.562 1.05850 1.04245 1.175 -5.05474 8.0000 14.59 1.1051 2.5604 1.287463 
962.6207 50.770 157.944 -0.35833 0.14518 1.334 -0.07895 8.0000 14.65 2.2468 2.9442 1.287986 
962.2297 65.957 162.224 -0.38705 0.12409 1.275 -0.36487 8.0000 14.72 1.0027 1.0755 1.288509 
961.8386 31.229 152.138 -0.31481 0.16641 1.266 0.18570 8.0000 14.88 1.0319 1.2387 1.289033 
961.4474 15.915 182.085 -0.38823 -0.01414 1.233 0.62586 8.0000 15.07 0.8381 1.0614 1.289558 
961.0562 7.034 192.108 -0.39580 -0.08491 1.401 1.61535 8.0000 14.89 1.0676 1.3130 1.290083 
960.6649 12.156 201.468 -0.41895 -0.16476 0.023 0.99645 8.0000 15.21 0.7918 1.0181 1.290608 
960.2736 14.515 222.454 -0.35170 -0.32176 0.025 0.85892 8.0000 15.11 0.6570 0.7884 1.291134 
959.8821 12.301 192.640 -0.29941 -0.06715 0.937 0.67015 8.0000 15.10 0.6035 0.6556 1.291661 
959.4905 13.577 142.762 -0.23519 0.17877 1.510 0.57599 8.0000 15.18 0.5970 0.6634 1.292188 
959.0989 17.281 88.512 0.01013 0.38996 1.203 0.56627 8.0000 15.51 0.5739 0.7415 1.292715 
958.7073 7.827 114.006 -0.06595 0.14809 2.320 0.57852 8.0000 15.50 0.5554 0.7118 1.293243 
958.3155 13.633 129.661 -0.20596 0.24842 -22.214 0.62609 8.0000 15.21 0.5723 0.6077 1.293772 
957.9236 12.551 130.234 -0.20392 0.24102 1.187 0.67392 8.0000 15.23 0.6290 0.6372 1.294301 
957.5317 9.483 133.411 -0.16662 0.17613 -120.966 0.70552 8.0000 15.32 0.6930 0.7013 1.294831 
957.1396 6.490 130.774 -0.11599 0.13450 1.151 0.77050 8.0000 15.19 0.8191 0.8392 1.295362 
956.7476 4.862 133.958 -0.09871 0.10237 -3.106 0.82980 8.0000 15.73 0.8486 0.8636 1.295892 
956.3554 1.528 150.817 -0.04073 0.02275 1.470 0.87357 8.0000 16.20 0.8327 0.8508 1.296424 
955.9632 5.377 164.073 -0.16846 0.04807 -0.011 0.92242 8.0000 16.34 0.8931 0.9196 1.296956 
955.5709 2.709 92.096 -0.00359 0.09798 -0.008 1.03377 8.0000 16.08 0.9828 1.0241 1.297488 
955.1784 4.487 56.540 0.07710 0.11666 -0.008 0.88549 8.0000 16.19 0.7694 0.8201 1.298021 
954.7859 8.657 47.029 0.14611 0.15685 1.236 0.68766 8.0000 16.38 0.6483 0.8138 1.298555 
954.3934 17.440 53.264 0.18138 0.24302 12.502 0.43501 8.0000 16.15 0.6364 0.8989 1.299089 
954.0007 23.059 63.716 0.14015 0.28377 1.344 0.30437 8.0000 16.25 0.6510 0.9558 1.299624 
953.6080 18.139 101.613 -0.06740 0.32796 1.631 0.45618 8.0000 16.55 0.7674 1.0679 1.300159 
953.2152 26.949 103.922 -0.09143 0.36885 -1.043 0.27714 8.0000 16.53 0.6014 0.8601 1.300695 
952.8223 21.959 91.346 -0.00704 0.29973 1.186 0.31135 8.0000 16.49 0.5296 0.7393 1.301231 
952.4293 13.827 83.177 0.02762 0.23082 1.344 0.44364 8.0000 16.72 0.5657 0.7334 1.301768 
952.0363 7.994 104.559 -0.04631 0.17831 1.356 0.64298 8.0000 16.71 0.6866 0.8192 1.302305 
951.6432 9.526 47.854 0.21709 0.23988 1.320 0.93685 8.0000 17.08 0.8327 0.9893 1.302843 
951.2499 11.222 56.583 0.17945 0.27197 3.635 0.78880 8.0000 16.67 0.6726 0.7758 1.303382 
950.8567 48.340 336.256 1.10984 -0.48820 4.567 -0.14202 8.0000 16.79 0.6773 1.6532 1.303921 
950.4633 8.032 65.056 0.10639 0.22874 1.234 0.87615 8.0000 16.92 0.6419 0.8131 1.304461 
950.0699 11.260 116.233 -0.20019 0.40626 -0.262 1.09237 8.0000 17.04 1.1507 2.3373 1.305001 
949.6763 15.044 128.950 -0.32181 0.39812 -0.137 0.88353 8.0000 17.23 1.5016 3.4731 1.305542 
949.2827 15.965 130.795 -0.41350 0.47912 -0.091 1.01559 8.0000 17.40 1.4141 3.9533 1.306083 
948.8890 11.603 140.453 -0.44852 0.37035 -0.174 1.35674 8.0000 17.76 1.5447 4.3000 1.306625 
948.4953 15.217 131.941 -0.38630 0.42992 0.009 0.98380 8.0000 17.69 1.4347 4.0393 1.307167 
948.1014 80.016 237.222 -0.24638 -0.38263 0.373 -1.25257 8.0000 17.71 1.7197 4.3436 1.307710 
947.7075 18.211 101.913 -0.05373 0.25467 0.799 0.35275 8.0000 17.86 1.9568 3.3661 1.308254 
947.3135 14.814 103.035 -0.29231 1.26259 1.254 2.27879 8.0000 17.19 2.4696 2.7003 1.308798 
946.9194 75.996 279.207 0.71080 -4.38521 0.438 -8.35194 8.0000 17.39 3.2675 3.7103 1.309343 
946.5253 75.930 290.626 1.10599 -2.93846 0.140 -5.87044 8.0000 17.61 3.6998 3.8316 1.309888 
946.1310 61.243 198.354 -4.47740 -1.48542 1.366 -3.00374 8.0000 18.22 6.1381 11.6783 1.310434 
945.7367 71.008 321.454 1.70554 -1.35889 1.212 -2.79274 8.0000 17.82 4.3954 5.3873 1.310980 
945.3423 56.629 348.106 5.43984 -1.14578 0.221 -2.38927 8.0000 18.18 7.8788 14.9155 1.311527 
944.9478 53.173 351.954 9.07891 -1.28342 0.220 -2.68941 8.0000 18.40 11.0380 22.4922 1.312074 
944.5532 52.044 353.190 19.23527 -2.29723 1.216 -4.86190 8.0000 18.20 12.9590 26.9413 1.312623 
944.1586 38.002 173.256 -111.03742 13.13095 -2.233 27.87137 8.0000 18.10 13.4667 28.2747 1.313171 
943.7639 37.387 172.780 -9.40126 1.19095 -0.405 2.57939 8.0000 18.33 12.6255 26.5307 1.313720 
943.3691 35.393 170.905 -22.48456 3.59953 2.196 7.93622 8.0000 18.41 10.8717 22.2282 1.314270 
942.9742 30.778 166.015 -11.89212 2.96174 2.348 6.63874 8.0000 18.51 7.5565 14.5041 1.314821 
942.5792 15.138 133.407 -2.04797 2.16515 1.447 5.10522 8.0000 18.74 3.9502 4.9846 1.315372 
942.1841 28.948 13.179 8.33095 1.95075 -1.811 5.36816 8.0000 18.76 6.1098 12.0633 1.315923 
941.7890 10.255 82.090 0.14262 1.02650 -1.679 2.77032 8.0000 18.99 2.0238 2.2625 1.316475 
941.3938 65.069 308.981 0.29599 -0.36576 -38.284 -0.39675 8.0000 18.96 0.8732 1.0998 1.317028 
940.9985 16.446 16.571 0.72534 0.21584 0.602 1.17011 8.0000 19.14 0.6970 0.7516 1.317581 
940.6031 9.533 37.783 0.20131 0.15605 -9.748 0.73694 8.0000 19.14 0.6302 0.7548 1.318135 
940.2077 8.895 131.399 -0.16311 0.18502 3.631 0.76874 8.0000 19.27 0.6268 0.7864 1.318689 
939.8122 17.683 156.790 -0.49612 0.21275 4.210 0.76053 8.0000 19.40 0.6696 0.8364 1.319244 
939.4166 19.948 165.178 -0.66888 0.17699 1.980 0.82760 8.0000 19.33 0.8121 0.9375 1.319800 
939.0209 18.531 157.535 -0.56505 0.23364 -6.240 0.80957 8.0000 19.01 0.8007 0.9867 1.320356 
938.6251 18.610 155.113 -0.52384 0.24301 1.453 0.76020 8.0000 19.25 0.8072 0.9403 1.320913 
938.2292 18.274 161.684 -0.47415 0.15696 1.309 0.67379 8.0000 19.60 0.7397 0.8125 1.321470 
937.8333 16.040 141.354 -0.38445 0.30741 1.301 0.78533 8.0000 19.58 0.8448 0.9272 1.322028 
937.4373 17.871 120.124 -0.27884 0.48056 -3.472 0.77200 8.0000 20.13 0.6752 0.7995 1.322586 
937.0412 13.013 41.610 0.22847 0.20292 12.671 0.62581 8.0000 19.95 0.6220 0.6889 1.323146 
936.6450 7.488 50.025 0.10868 0.12963 1.310 0.63234 8.0000 19.67 0.7483 0.8629 1.323705 
936.2487 6.178 49.983 0.09419 0.11218 1.328 0.66864 8.0000 19.86 0.9078 1.1144 1.324266 
935.8524 6.884 40.393 0.10797 0.09186 0.945 0.57852 8.0000 20.28 0.9328 1.2478 1.324826 
935.4560 9.052 26.509 0.12907 0.06438 1.261 0.44115 8.0000 20.38 0.8542 1.2622 1.325388 
935.0594 13.566 339.925 0.18396 -0.06723 -0.819 0.38220 8.0000 20.64 0.8298 1.2463 1.325950 
934.6629 2.928 273.773 0.00464 -0.07037 -0.069 0.68754 8.0000 20.45 0.8807 1.1126 1.326512 
934.2662 12.541 292.387 0.07718 -0.18737 1.450 0.43295 8.0000 20.34 0.7090 0.9211 1.327076 
933.8694 60.649 5.406 0.36843 0.03487 1.885 -0.22498 8.0000 20.70 0.7776 1.3120 1.327640 
933.4727 11.601 174.152 -1.74442 0.17865 -5.744 4.09078 8.0000 20.92 1.3602 2.3718 1.328204 
933.0757 13.590 168.039 -2.27919 0.48285 -1.079 4.53702 8.0000 20.88 1.6166 2.8931 1.328769 
932.6787 14.474 171.356 -2.77916 0.42250 1.242 5.08200 8.0000 21.20 1.6113 2.9708 1.329334 
932.2817 77.575 34.289 95.22475 64.93203 32.143 -248.87706 8.0000 21.11 1.2979 2.6479 1.329901 
931.8845 78.254 49.864 17.21046 20.41233 0.240 -61.43009 8.0000 21.15 1.2174 2.5408 1.330467 
931.4873 74.615 73.697 0.70301 2.40372 -133.298 -4.20610 8.0000 21.13 0.9430 1.9991 1.331035 
931.0900 52.431 95.243 -0.06808 0.74190 0.384 -0.19772 8.0000 21.51 0.6220 1.2242 1.331603 
930.6926 19.202 131.647 -0.42364 0.47638 1.274 0.80421 8.0000 21.51 0.6533 0.7305 1.332171 
930.2951 11.501 121.394 -0.13591 0.22271 -5.524 0.61462 8.0000 21.49 0.6715 0.7494 1.332740 
929.8975 14.599 115.284 -0.13664 0.28927 0.060 0.57248 8.0000 21.66 0.6877 0.7560 1.333310 
929.4999 7.059 93.754 -0.01119 0.17051 11.186 0.67939 8.0000 22.14 0.7790 0.8266 1.333881 
929.1022 4.355 356.131 0.13976 -0.00945 9.616 0.91435 8.0000 22.59 0.8490 0.8904 1.334452 
928.7043 4.724 344.626 0.14577 -0.04008 1.500 0.90841 8.0000 22.11 1.1019 1.1655 1.335023 
928.3065 2.724 32.971 0.07316 0.04746 3.313 0.91436 8.0000 22.30 1.2331 1.2988 1.335595 
927.9085 3.137 15.669 0.10309 0.02892 1.255 0.97383 8.0000 22.29 1.2550 1.3309 1.336168 
927.5104 3.514 14.716 0.11460 0.03010 0.323 0.96108 8.0000 22.62 1.1468 1.2457 1.336742 
927.1123 4.419 11.385 0.13728 0.02764 0.138 0.90062 8.0000 22.54 0.9143 1.0748 1.337316 
926.7141 4.792 2.906 0.13090 0.00664 0.037 0.77623 8.0000 22.42 0.6886 0.9616 1.337890 
926.3158 3.760 299.229 0.04191 -0.07489 0.695 0.65016 8.0000 22.60 0.7069 0.8491 1.338466 
925.9174 6.882 157.576 -0.11780 0.04861 0.559 0.52024 8.0000 22.72 0.6512 0.7138 1.339042 
925.5190 3.754 183.244 -0.07421 -0.00421 -0.185 0.56398 8.0000 22.74 0.5761 0.6336 1.339618 
925.1204 11.176 271.154 0.00467 -0.23176 -0.074 0.56376 8.0000 22.88 0.5483 0.6147 1.340195 
924.7218 7.607 255.255 -0.02685 -0.10200 -0.050 0.38786 8.0000 22.71 0.5463 0.5909 1.340773 
924.3231 3.142 234.951 -0.02639 -0.03762 -0.024 0.41730 8.0000 23.06 0.5449 0.5736 1.341351 
923.9243 7.501 126.331 -0.08045 0.10939 1.369 0.50671 8.0000 23.21 0.5491 0.5573 1.341930 
923.5255 11.294 117.722 -0.11109 0.21140 1.341 0.57405 8.0000 23.70 0.5992 0.6100 1.342510 
923.1265 21.414 143.995 -0.51097 0.37131 0.063 0.68143 8.0000 23.05 0.7759 0.9000 1.343090 
922.7275 10.450 109.441 -0.09587 0.27161 0.039 0.75425 8.0000 23.67 0.8288 0.8846 1.343671 
922.3283 7.817 42.252 0.17264 0.15683 1.351 0.83342 8.0000 23.67 0.8964 1.0172 1.344252 
921.9291 9.801 39.930 0.24429 0.20448 0.000 0.89457 8.0000 23.86 1.1796 1.4283 1.344834 
921.5298 10.731 25.267 0.32520 0.15349 0.000 0.91466 8.0000 23.76 1.2795 1.5915 1.345417 
921.1305 10.787 29.511 0.32065 0.18150 0.000 0.93188 8.0000 23.41 1.3724 1.7220 1.346000 
920.7311 11.589 20.694 0.35262 0.13320 0.000 0.88037 8.0000 23.85 1.2187 1.4829 1.346584 
920.3315 11.591 31.931 0.31406 0.19572 0.000 0.86416 8.0000 24.38 1.0659 1.2677 1.347169 
919.9319 10.924 61.575 0.15661 0.28933 0.000 0.82060 8.0000 24.02 0.9799 1.0830 1.347754 
919.5322 12.858 101.015 -0.07157 0.36767 1.638 0.77776 8.0000 23.78 0.9159 0.9490 1.348340 
919.1324 19.729 132.936 -0.43533 0.46787 1.297 0.77644 8.0000 24.54 0.9085 1.0522 1.348926 
918.7326 13.932 104.920 -0.10380 0.38958 4.849 0.76260 8.0000 24.22 0.7639 0.8005 1.349513 
918.3326 20.753 107.740 -0.09845 0.30774 -6.168 0.36511 8.0000 24.77 1.2655 1.4950 1.350101 
917.9326 7.408 84.980 0.02033 0.23140 1.492 0.87824 8.0000 24.66 0.5777 0.6341 1.350689 
917.5325 68.791 122.919 -0.37126 0.57345 2.311 -0.74768 8.0000 24.28 1.1548 1.4099 1.351278 
917.1323 17.801 103.393 -0.04739 0.19902 1.925 0.28574 8.0000 24.58 2.0957 2.6419 1.351868 
916.7321 65.152 116.700 -0.20927 0.41608 5.075 -0.39505 8.0000 24.80 1.9283 2.5230 1.352458 
916.3317 76.022 124.924 -0.45356 0.64957 98.850 -1.49277 8.0000 25.01 1.8570 2.4580 1.353049 
915.9313 79.675 129.912 -1.18368 1.41505 1.744 -4.89517 8.0000 24.83 1.9481 2.5394 1.353641 
915.5308 8.278 313.749 3.05440 -3.19077 2.781 14.85904 8.0000 25.08 2.0900 2.6273 1.354233 
915.1302 7.167 316.988 0.64671 -0.60332 1.451 3.46108 8.0000 25.35 2.2501 2.7415 1.354826 
914.7295 4.940 326.115 0.26043 -0.17490 0.000 1.80128 8.0000 25.16 2.3915 2.8529 1.355419 
914.3287 2.404 32.849 0.07238 0.04673 0.002 1.02433 8.0000 25.03 2.6350 3.1557 1.356013 
913.9279 3.609 339.324 0.16822 -0.06348 -0.010 1.41963 8.0000 25.17 1.4375 1.7097 1.356608 
913.5270 1.192 44.555 0.03177 0.03128 -0.018 1.07092 8.0000 25.30 0.7874 0.8744 1.357203 
913.1259 55.290 121.281 -0.40134 0.66057 1.201 -0.29023 8.0000 25.53 0.8133 0.9504 1.357799 
912.7249 6.410 82.512 0.02732 0.20783 0.000 0.92118 8.0000 25.15 0.7222 0.8005 1.358396 
912.3237 5.244 55.128 0.10678 0.15323 1.369 1.00882 8.0000 25.49 0.7914 0.9059 1.358993 
911.9224 6.873 43.434 0.16240 0.15376 -0.252 0.91430 8.0000 25.99 0.7169 0.8286 1.359591 
911.5211 28.231 90.485 -0.00387 0.45640 -0.237 0.30252 8.0000 25.99 0.5957 0.8087 1.360190 
911.1196 0.418 58.120 0.00529 0.00850 0.158 0.68681 8.0000 26.26 0.5940 0.6403 1.360789 
910.7181 22.324 245.384 -0.39820 -0.86912 0.054 0.96781 8.0000 26.19 0.8110 0.9566 1.361389 
910.3165 17.117 42.928 0.51164 0.47591 0.089 1.02686 8.0000 26.15 1.1251 1.4000 1.361990 
909.9149 28.997 92.020 -0.07557 2.14244 -0.058 1.33987 8.0000 26.02 1.7514 2.1118 1.362591 
909.5131 31.936 27.660 1.90327 0.99756 0.065 1.05405 8.0000 25.71 1.8912 2.2859 1.363193 
909.1113 37.312 3.767 3.36217 0.22135 0.020 0.92659 8.0000 25.97 2.4479 2.9205 1.363795 
908.7093 40.646 357.034 3.92052 -0.20311 0.004 0.60135 8.0000 26.17 2.8949 3.4410 1.364399 
908.3073 42.788 358.156 4.48055 -0.14428 0.005 0.34679 8.0000 25.89 3.1178 3.7010 1.365003 
907.9052 44.598 1.051 4.46830 0.08199 0.004 0.06271 8.0000 26.08 2.9621 3.4977 1.365607 
907.5031 56.781 4.562 4.46616 0.35636 -1.215 -1.95391 8.0000 26.23 2.9488 3.4038 1.366212 
907.1008 37.365 8.489 2.83228 0.42273 -0.003 0.78184 8.0000 26.13 2.2235 2.5208 1.366818 
906.6984 22.187 331.596 1.80893 -0.97824 -0.004 2.10189 8.0000 26.19 2.8119 3.6017 1.367425 
906.2960 8.609 44.290 0.67563 0.65909 -0.052 3.04570 8.0000 26.20 2.6331 2.7073 1.368032 
905.8935 12.442 106.781 -0.55249 1.83212 -0.450 4.12536 8.0000 26.53 3.0974 3.4574 1.368640 
905.4909 15.923 79.758 0.47844 2.64780 0.011 4.33175 8.0000 26.30 2.9204 3.4855 1.369248 
905.0883 17.983 84.316 0.26169 2.62940 6.722 3.64146 8.0000 26.50 2.8727 3.6238 1.369857 
904.6855 58.833 241.291 -0.54725 -0.99919 0.838 -0.59724 8.0000 27.18 3.2459 4.7011 1.370467 
904.2826 20.038 115.442 -0.45029 0.94653 -0.006 1.24585 8.0000 26.78 2.7935 3.7129 1.371078 
903.8797 24.157 158.601 -0.58317 0.22853 -0.003 0.55780 8.0000 27.36 5.2800 6.4994 1.371689 
903.4767 29.667 144.844 -0.44075 0.31041 1.439 0.31966 8.0000 27.19 6.7954 8.6768 1.372301 
903.0736 24.710 146.283 -0.44332 0.29585 0.186 0.45648 8.0000 27.20 8.4927 10.5515 1.372913 
902.6704 25.132 150.899 -0.46119 0.25670 0.016 0.43877 8.0000 27.30 8.7674 11.0258 1.373527 
902.2672 26.688 150.044 -0.48498 0.27951 0.006 0.41608 8.0000 27.28 8.1413 10.3782 1.374140 
901.8638 28.633 146.150 -0.50975 0.34189 10.764 0.39455 8.0000 27.45 6.5902 8.6579 1.374755 
901.4604 30.804 135.246 -0.50963 0.50528 -0.039 0.38790 8.0000 27.24 4.3716 6.2192 1.375370 
901.0569 37.875 102.686 -0.32415 1.43994 -0.024 0.37484 8.0000 27.52 2.0936 3.8854 1.375986 
900.6533 28.597 237.141 -0.62448 -0.96680 -1.154 0.74190 8.0000 27.35 3.3454 4.8151 1.376603 
900.2496 37.336 89.086 0.02876 1.80198 -0.273 0.49394 8.0000 27.69 1.2243 2.4027 1.377220 
899.8458 15.583 347.215 1.30921 -0.29709 0.194 2.21962 8.0000 27.18 0.8142 2.0429 1.377838 
899.4420 67.925 203.858 -8.91760 -3.94397 0.251 -10.04479 8.0000 27.74 1.2607 2.9643 1.378457 
899.0380 67.443 202.210 -3.63322 -1.48341 -0.440 -3.90881 8.0000 27.98 1.5382 3.5749 1.379076 
898.6340 67.109 204.161 -2.99989 -1.34576 0.126 -3.19927 8.0000 27.80 1.6852 3.8076 1.379696 
898.2299 66.336 182.619 -3.22485 -0.14753 -0.680 -2.97593 8.0000 27.87 1.6271 3.6776 1.380317 
897.8257 71.396 212.829 -9.35026 -6.03250 -0.643 -14.65598 8.0000 28.23 1.3963 3.0089 1.380938 
897.4214 19.120 81.670 0.25797 1.76192 0.227 2.25966 8.0000 28.68 1.2743 2.1522 1.381560 
897.0171 26.358 117.411 -0.50440 0.97262 0.023 0.83415 8.0000 28.27 1.3826 1.7297 1.382183 
896.6127 35.241 140.176 -0.74344 0.61994 0.018 0.34312 8.0000 28.02 1.7793 2.6255 1.382807 
896.2081 29.541 121.911 -0.64363 1.03358 0.010 0.72927 8.0000 28.10 1.6499 1.9402 1.383431 
895.8035 27.809 121.294 -0.60136 0.98929 0.013 0.79221 8.0000 28.06 1.6724 2.0746 1.384056 
895.3989 27.465 120.292 -0.55496 0.95000 0.007 0.77240 8.0000 28.28 1.3921 1.9062 1.384681 
894.9941 24.631 119.523 -0.41481 0.73249 22.345 0.72502 8.0000 28.75 1.1403 1.7455 1.385307 
894.5892 14.581 119.037 -0.19451 0.35037 1.286 0.71818 8.0000 29.06 0.8144 1.5119 1.385934 
894.1843 11.459 294.338 0.14332 -0.31685 0.000 0.82253 8.0000 28.49 0.7820 1.3247 1.386562 
893.7792 6.398 126.580 -0.11140 0.15011 0.006 0.82309 8.0000 28.73 0.7839 1.4341 1.387190 
893.3741 3.805 98.380 -0.01709 0.11601 1.438 0.87765 8.0000 28.42 0.7680 1.3240 1.387819 
892.9689 4.408 4.686 0.13915 0.01140 -7.228 0.90015 8.0000 28.90 0.6981 1.0510 1.388449 
892.5637 7.887 337.515 0.21801 -0.09024 -0.843 0.83530 8.0000 29.07 0.6383 0.7812 1.389079 
892.1583 9.527 324.021 0.23566 -0.17108 0.313 0.84318 8.0000 29.56 0.5973 0.7324 1.389711 
891.7528 6.638 334.012 0.16322 -0.07956 0.600 0.76957 8.0000 28.97 0.6100 0.7942 1.390343 
891.3473 6.285 337.762 0.12933 -0.05288 -0.467 0.62659 8.0000 29.66 0.5822 0.8099 1.390975 
890.9417 4.074 3.300 0.06995 0.00403 1.220 0.48946 8.0000 29.16 0.5761 0.7931 1.391608 
890.5359 1.939 60.230 0.01914 0.03347 0.000 0.56874 8.0000 29.17 0.5689 0.7492 1.392242 
890.1302 2.774 137.359 -0.03241 0.02985 0.061 0.45366 8.0000 29.67 0.5376 0.6581 1.392877 
889.7243 7.497 181.948 -0.08706 -0.00296 0.000 0.32521 8.0000 29.16 0.5188 0.6589 1.393512 
889.3184 6.875 339.738 0.07048 -0.02602 0.000 0.30706 8.0000 29.33 0.5180 0.5493 1.394148 
888.9123 10.323 6.420 0.13633 0.01534 1.292 0.36410 8.0000 29.48 0.5272 0.5596 1.394785 
888.5062 9.111 10.402 0.10909 0.02003 -2.196 0.33692 8.0000 30.12 0.5308 0.6535 1.395423 
888.1000 8.770 102.508 -0.04432 0.19978 -95.996 0.64745 8.0000 29.53 0.6515 0.7327 1.396061 
887.6937 9.924 101.424 -0.05022 0.24854 1.341 0.70247 8.0000 29.99 0.7378 0.8414 1.396700 
887.2873 10.208 103.956 -0.06679 0.26876 -860.730 0.74399 8.0000 30.37 0.7735 0.8867 1.397340 
886.8808 11.185 106.808 -0.09153 0.30299 1.438 0.76906 8.0000 29.97 0.8304 0.9117 1.397980 
886.4743 7.940 111.580 -0.09190 0.23236 1.843 0.87833 8.0000 30.10 0.7350 0.8155 1.398621 
886.0676 10.064 121.070 -0.13955 0.23162 1.447 0.73785 8.0000 30.05 0.6858 0.7379 1.399263 
885.6609 11.080 129.572 -0.18745 0.22682 1.266 0.72251 8.0000 30.11 0.6603 0.6839 1.399906 
885.2541 10.110 119.860 -0.13163 0.22928 0.068 0.71778 8.0000 30.48 0.6367 0.6830 1.400549 
884.8472 9.979 117.850 -0.10781 0.20405 0.011 0.63555 8.0000 30.23 0.5925 0.6376 1.401193 
884.4402 10.270 113.251 -0.07511 0.17481 145.427 0.50780 8.0000 30.59 0.5561 0.5972 1.401838 
884.0332 13.280 114.528 -0.12811 0.28075 1.260 0.61734 8.0000 30.80 0.6147 0.6409 1.402483 
883.6260 12.866 111.362 -0.11124 0.28441 0.000 0.63365 8.0000 30.70 0.6142 0.6325 1.403130 
883.2188 16.383 109.297 -0.10400 0.29704 0.000 0.48900 8.0000 31.08 0.5903 0.6007 1.403777 
882.8115 14.565 91.372 -0.00633 0.26410 0.000 0.47403 8.0000 30.70 0.6181 0.6544 1.404424 
882.4041 2.895 132.491 -0.03668 0.04004 0.045 0.53548 8.0000 30.85 0.5444 0.5509 1.405073 
881.9966 5.097 185.591 -0.11798 -0.01155 0.031 0.65923 8.0000 31.01 0.5728 0.6267 1.405722 
881.5890 6.972 214.252 -0.15589 -0.10615 0.022 0.75959 8.0000 31.10 0.6189 0.7334 1.406372 
881.1813 11.691 229.028 -0.19387 -0.22324 0.017 0.68384 8.0000 30.87 0.6004 0.7660 1.407023 
880.7736 20.071 275.071 0.03936 -0.44360 0.522 0.52807 8.0000 31.36 0.6029 0.7942 1.407674 
880.3658 31.346 238.690 -0.25903 -0.42586 -0.015 0.25736 8.0000 30.98 0.5674 0.7772 1.408326 
879.9579 48.190 282.583 0.73881 -3.30977 -0.022 -0.37914 8.0000 31.24 0.9576 1.1783 1.408979 
879.5499 40.342 147.784 -0.80184 0.50525 0.019 0.15547 8.0000 31.11 0.6333 0.8744 1.409632 
879.1418 39.260 125.520 -1.07751 1.50950 0.119 0.37666 8.0000 31.43 1.3684 1.5991 1.410287 
878.7336 35.118 121.141 -0.92469 1.53039 -0.006 0.64246 8.0000 31.41 2.0697 2.2572 1.410942 
878.3253 35.597 121.866 -1.11897 1.80012 -0.178 0.72184 8.0000 31.84 2.3899 2.7394 1.411598 
877.9170 35.475 121.134 -1.14260 1.89156 1.407 0.76306 8.0000 31.63 2.4953 2.9421 1.412254 
877.5085 35.331 119.701 -1.09241 1.91515 340.986 0.77374 8.0000 31.98 2.3351 2.8769 1.412912 
877.1000 34.382 119.106 -0.94922 1.70498 1.606 0.75832 8.0000 32.09 1.8998 2.4885 1.413570 
876.6915 31.952 116.249 -0.61634 1.24985 1.347 0.68258 8.0000 32.05 1.2134 1.8678 1.414228 
876.2828 25.398 126.375 -0.33483 0.45457 0.071 0.46052 8.0000 32.01 0.6557 0.9937 1.414888 
875.8740 41.783 293.963 1.14356 -2.57297 0.163 0.31749 8.0000 32.83 0.9749 1.1062 1.415548 
875.4651 9.648 128.455 -0.17590 0.22150 0.038 0.80789 8.0000 32.62 0.8308 3.5726 1.416209 
875.0562 2.838 294.549 0.02938 -0.06433 0.196 0.71163 8.0000 32.54 0.6858 1.1101 1.416871 
874.6472 32.962 305.537 0.86445 -1.21024 4.161 0.66451 8.0000 32.26 0.8163 4.3461 1.417534 
874.2380 26.532 125.216 -0.91138 1.29121 0.000 1.18816 8.0000 32.61 1.1364 6.5569 1.418197 
873.8289 21.743 125.071 -0.60142 0.85664 1.266 1.10350 8.0000 32.27 1.3128 7.9735 1.418861 
873.4196 20.535 125.477 -0.62626 0.87873 1.267 1.23825 8.0000 33.14 1.2429 8.4158 1.419526 
873.0102 21.549 125.474 -0.69042 0.96887 0.079 1.27147 8.0000 32.83 1.1625 7.9377 1.420192 
872.6007 23.881 124.441 -1.26297 1.84170 -0.067 2.02753 8.0000 32.57 0.9737 6.5005 1.420858 
872.1912 12.135 288.792 0.07097 -0.20858 -0.114 0.48864 8.0000 33.12 0.6274 4.2650 1.421525 
871.7816 5.264 150.101 -0.13300 0.07648 -0.047 0.82557 8.0000 32.62 0.6881 1.0309 1.422193 
871.3718 9.310 133.129 -0.19982 0.21332 1.317 0.86755 8.0000 33.76 1.1289 3.7608 1.422862 
870.9620 5.712 147.176 -0.12305 0.07937 -0.132 0.72457 8.0000 33.34 0.6448 0.7179 1.423532 
870.5521 6.566 131.445 -0.10183 0.11533 1.349 0.65943 8.0000 33.52 0.6065 0.7119 1.424202 
870.1422 4.816 145.865 -0.08933 0.06056 1.309 0.63596 8.0000 33.83 0.5857 0.7035 1.424873 
869.7321 6.646 143.198 -0.12071 0.09031 0.031 0.63811 8.0000 33.58 0.6033 0.7056 1.425545 
869.3219 9.037 133.085 -0.14589 0.15598 1.260 0.65446 8.0000 33.62 0.6528 0.7248 1.426217 
868.9117 11.431 123.528 -0.16346 0.24669 1.337 0.70189 8.0000 33.99 0.7115 0.7463 1.426891 
868.5013 13.099 118.108 -0.17178 0.32161 -0.011 0.74104 8.0000 34.04 0.7966 0.8032 1.427565 
868.0909 14.285 114.656 -0.17736 0.38638 1.213 0.78072 8.0000 34.15 0.9298 0.9395 1.428240 
867.6805 14.107 116.593 -0.18798 0.37551 -0.016 0.78269 8.0000 34.19 0.9002 0.9041 1.428915 
867.2699 13.227 116.152 -0.16332 0.33261 1.295 0.74469 8.0000 34.23 0.7873 0.7891 1.429592 
866.8592 12.816 115.543 -0.15253 0.31917 1.281 0.73729 8.0000 34.63 0.7458 0.7474 1.430269 
866.4485 11.400 114.231 -0.13052 0.29001 -0.229 0.75659 8.0000 34.30 0.6996 0.7019 1.430947 
866.0376 11.667 113.220 -0.12756 0.29733 1.195 0.75004 8.0000 34.28 0.6837 0.6953 1.431626 
865.6267 11.759 114.068 -0.13779 0.30850 1.241 0.77639 8.0000 35.38 0.6974 0.6987 1.432306 
865.2157 11.502 114.144 -0.13235 0.29526 -0.014 0.76213 8.0000 34.51 0.6794 0.6887 1.432986 
864.8046 12.183 114.163 -0.14175 0.31596 1.208 0.76464 8.0000 34.81 0.7012 0.7235 1.433667 
864.3934 11.942 114.528 -0.14115 0.30931 1.218 0.76781 8.0000 34.97 0.7016 0.7361 1.434349 
863.9821 13.075 118.348 -0.17893 0.33164 1.309 0.76749 8.0000 34.73 0.7163 0.7655 1.435032 
863.5707 11.656 115.818 -0.14736 0.30459 -3.053 0.78518 8.0000 35.36 0.7253 0.7579 1.435716 
863.1593 8.899 113.127 -0.09607 0.22495 1.306 0.76192 8.0000 35.32 0.6664 0.6854 1.436400 
862.7477 9.190 111.462 -0.09812 0.24958 1.238 0.80707 8.0000 35.68 0.7163 0.7217 1.437085 
862.3361 8.845 109.748 -0.08813 0.24548 -0.005 0.81772 8.0000 35.37 0.7279 0.7338 1.437771 
861.9244 8.951 110.447 -0.09137 0.24507 1.241 0.80962 8.0000 35.61 0.7412 0.7661 1.438458 
861.5126 9.078 112.214 -0.10352 0.25349 -1.582 0.83493 8.0000 35.79 0.7495 0.7672 1.439145 
861.1008 7.529 112.905 -0.08350 0.19762 1.201 0.79747 8.0000 35.64 0.6961 0.7010 1.439834 
860.6888 6.944 114.061 -0.08088 0.18113 1.209 0.80231 8.0000 36.07 0.6759 0.6833 1.440523 
860.2767 7.976 114.130 -0.09174 0.20480 1.229 0.78508 8.0000 35.61 0.6605 0.6784 1.441213 
859.8646 8.038 113.511 -0.08486 0.19506 -0.003 0.73820 8.0000 35.83 0.6356 0.6647 1.441904 
859.4523 8.605 115.783 -0.10896 0.22556 1.222 0.80871 8.0000 36.11 0.6586 0.6869 1.442595 
859.0400 8.880 115.852 -0.12069 0.24907 4.889 0.86410 8.0000 36.23 0.6744 0.6986 1.443288 
858.6276 8.899 116.602 -0.13657 0.27269 1.215 0.95000 8.0000 36.77 0.6888 0.7050 1.443981 
858.2151 9.661 116.645 -0.14390 0.28680 1.237 0.91510 8.0000 36.83 0.7135 0.7198 1.444675 
857.8026 10.104 116.756 -0.13348 0.26475 1.250 0.80550 8.0000 36.30 0.7445 0.7466 1.445370 
857.3899 10.278 115.706 -0.12900 0.26796 1.219 0.79307 8.0000 36.69 0.7797 0.7917 1.446065 
856.9771 11.064 114.668 -0.12634 0.27510 1.231 0.74446 8.0000 35.83 0.7930 0.7963 1.446762 
856.5643 11.442 114.470 -0.13067 0.28713 1.206 0.74739 8.0000 36.48 0.7980 0.8012 1.447459 
856.1514 12.254 113.521 -0.12965 0.29787 0.001 0.71260 8.0000 37.10 0.8081 0.8114 1.448157 
855.7383 12.558 112.728 -0.12711 0.30346 1.265 0.70184 8.0000 37.10 0.8036 0.8066 1.448856 
855.3253 13.169 111.679 -0.12726 0.32013 1.226 0.69589 8.0000 37.15 0.8190 0.8219 1.449556 
854.9120 12.470 112.729 -0.13439 0.32082 1.349 0.74800 8.0000 36.85 0.8143 0.8164 1.450257 
854.4988 11.657 114.698 -0.14747 0.32064 1.257 0.81893 8.0000 36.97 0.7853 0.7864 1.450958 
854.0854 11.812 114.449 -0.14821 0.32599 1.269 0.81872 8.0000 36.93 0.7929 0.7944 1.451660 
853.6719 11.503 114.733 -0.14515 0.31511 1.273 0.81709 8.0000 37.45 0.8027 0.8044 1.452364 
853.2584 11.330 115.501 -0.15221 0.31911 1.224 0.84685 8.0000 37.45 0.7840 0.7852 1.453067 
852.8448 11.229 115.988 -0.15569 0.31938 1.204 0.85961 8.0000 37.54 0.7742 0.7751 1.453772 
852.4311 11.066 117.452 -0.15880 0.30568 1.279 0.84697 8.0000 37.22 0.7565 0.7572 1.454478 
852.0173 13.118 114.744 -0.15172 0.32920 1.228 0.73549 8.0000 37.64 0.7510 0.7518 1.455184 
851.6034 11.819 115.612 -0.15144 0.31591 1.226 0.80045 8.0000 37.59 0.7650 0.7657 1.455891 
851.1894 12.338 114.744 -0.15029 0.32609 1.232 0.78150 8.0000 37.37 0.7681 0.7689 1.456599 
850.7753 13.069 112.985 -0.14796 0.34881 1.229 0.77210 8.0000 37.55 0.7774 0.7783 1.457308 
850.3612 11.735 115.828 -0.15541 0.32108 1.296 0.82157 8.0000 37.73 0.7634 0.7641 1.458018 
849.9470 11.722 115.502 -0.15614 0.32731 1.178 0.83627 8.0000 37.64 0.7674 0.7684 1.458728 
849.5326 12.352 113.838 -0.15351 0.34743 1.287 0.82567 8.0000 37.68 0.7822 0.7833 1.459440 
849.1182 12.985 113.073 -0.15188 0.35655 1.215 0.79565 8.0000 38.18 0.7807 0.7818 1.460152 
848.7037 12.484 113.413 -0.15403 0.35572 1.209 0.83248 8.0000 37.93 0.7869 0.7882 1.460865 
848.2891 12.127 113.864 -0.15625 0.35320 1.237 0.85719 8.0000 38.03 0.7911 0.7922 1.461579 
847.8744 11.526 114.574 -0.15870 0.34706 1.207 0.89678 8.0000 38.68 0.7961 0.7972 1.462294 
847.4597 12.492 114.437 -0.15889 0.34968 1.213 0.82430 8.0000 38.52 0.7715 0.7726 1.463010 
847.0448 12.451 114.950 -0.16147 0.34706 1.213 0.82459 8.0000 38.95 0.7662 0.7673 1.463726 
846.6298 12.697 115.037 -0.16217 0.34719 1.216 0.80722 8.0000 39.23 0.7595 0.7607 1.464444 
846.2148 13.539 114.973 -0.16473 0.35368 1.197 0.76316 8.0000 38.68 0.7400 0.7412 1.465162 
845.7997 13.245 115.564 -0.16590 0.34682 1.210 0.77142 8.0000 38.91 0.7454 0.7467 1.465881 
845.3845 13.196 115.344 -0.16537 0.34916 1.214 0.77854 8.0000 38.96 0.7533 0.7545 1.466601 
844.9692 12.906 115.701 -0.17055 0.35437 1.199 0.81309 8.0000 39.05 0.7563 0.7577 1.467322 
844.5538 12.478 114.662 -0.16832 0.36659 1.230 0.86677 8.0000 38.75 0.7629 0.7646 1.468044 
844.1383 12.531 114.611 -0.16539 0.36106 1.196 0.84929 8.0000 38.91 0.7708 0.7724 1.468766 
843.7227 12.448 114.527 -0.16340 0.35811 1.206 0.84819 8.0000 39.84 0.7837 0.7856 1.469490 
843.3071 12.936 114.323 -0.16241 0.35932 1.164 0.81309 8.0000 39.62 0.7773 0.7792 1.470214 
842.8914 12.770 114.231 -0.16439 0.36526 1.219 0.83828 8.0000 39.53 0.7832 0.7851 1.470939 
842.4755 12.794 113.763 -0.16108 0.36586 1.204 0.83477 8.0000 39.69 0.7892 0.7912 1.471665 
842.0596 12.954 113.250 -0.16041 0.37336 1.210 0.83654 8.0000 40.08 0.7806 0.7825 1.472392 
841.6436 12.947 113.058 -0.15923 0.37405 1.197 0.83747 8.0000 40.20 0.7837 0.7856 1.473120 
841.2275 12.719 112.718 -0.15477 0.36965 1.177 0.84252 8.0000 40.20 0.8026 0.8041 1.473849 
840.8113 12.554 112.435 -0.14957 0.36224 1.174 0.83632 8.0000 40.48 0.8173 0.8188 1.474578 
840.3951 12.567 112.322 -0.15001 0.36536 1.180 0.84186 8.0000 40.17 0.8182 0.8197 1.475308 
839.9787 12.510 112.038 -0.14860 0.36711 1.188 0.84857 8.0000 40.11 0.8213 0.8231 1.476040 
839.5623 12.372 111.744 -0.14497 0.36347 1.187 0.84909 8.0000 40.88 0.8309 0.8330 1.476772 
839.1457 12.555 112.139 -0.14792 0.36359 1.219 0.83759 8.0000 40.62 0.8287 0.8308 1.477505 
838.7291 12.626 112.181 -0.14905 0.36558 1.193 0.83697 8.0000 40.63 0.8278 0.8300 1.478239 
838.3124 12.716 112.113 -0.14967 0.36837 1.186 0.83615 8.0000 41.08 0.8262 0.8285 1.478974 
837.8956 12.742 111.986 -0.14937 0.36995 1.203 0.83707 8.0000 41.48 0.8257 0.8277 1.479709 
837.4787 12.779 111.873 -0.15068 0.37534 1.196 0.84576 8.0000 41.35 0.8210 0.8228 1.480446 
837.0617 12.902 112.007 -0.15240 0.37708 1.241 0.84119 8.0000 41.32 0.8200 0.8218 1.481183 
836.6447 12.842 112.050 -0.15304 0.37784 1.209 0.84766 8.0000 41.44 0.8222 0.8241 1.481922 
836.2275 12.950 112.074 -0.15470 0.38146 1.202 0.84772 8.0000 41.85 0.8189 0.8209 1.482661 
835.8102 12.976 111.953 -0.15534 0.38541 1.187 0.85379 8.0000 42.17 0.8198 0.8219 1.483401 
835.3929 13.005 111.797 -0.15407 0.38526 1.181 0.85033 8.0000 41.84 0.8215 0.8236 1.484142 
834.9755 13.082 111.705 -0.15469 0.38861 1.184 0.85139 8.0000 42.16 0.8203 0.8224 1.484884 
834.5579 13.159 111.654 -0.15505 0.39053 1.182 0.84947 8.0000 42.27 0.8195 0.8215 1.485627 
834.1403 13.136 111.599 -0.15397 0.38891 1.192 0.84734 8.0000 42.52 0.8187 0.8208 1.486371 
833.7227 13.210 111.591 -0.15491 0.39144 1.171 0.84730 8.0000 42.56 0.8198 0.8219 1.487115 
833.3049 13.337 111.553 -0.15580 0.39444 1.195 0.84414 8.0000 42.88 0.8180 0.8201 1.487861 
832.8870 13.398 111.504 -0.15625 0.39660 1.184 0.84402 8.0000 42.53 0.8179 0.8199 1.488608 
832.4691 13.310 111.415 -0.15463 0.39425 1.202 0.84493 8.0000 43.31 0.8191 0.8212 1.489355 
832.0510 13.393 111.376 -0.15526 0.39665 1.203 0.84374 8.0000 43.56 0.8190 0.8210 1.490103 
831.6329 13.439 111.398 -0.15608 0.39830 1.208 0.84401 8.0000 42.99 0.8188 0.8208 1.490852 
831.2146 13.438 111.306 -0.15540 0.39847 1.189 0.84392 8.0000 43.75 0.8194 0.8214 1.491603 
830.7963 13.575 111.314 -0.15735 0.40330 1.198 0.84415 8.0000 43.60 0.8197 0.8217 1.492354 
830.3779 13.680 111.283 -0.15824 0.40623 1.187 0.84246 8.0000 43.72 0.8206 0.8226 1.493106 
829.9594 13.676 111.258 -0.15801 0.40616 1.185 0.84247 8.0000 44.97 0.8227 0.8246 1.493858 
829.5408 13.717 111.218 -0.15868 0.40872 1.186 0.84459 8.0000 44.23 0.8247 0.8267 1.494612 
829.1221 13.667 111.159 -0.15759 0.40717 1.182 0.84468 8.0000 43.77 0.8260 0.8280 1.495367 
828.7034 13.696 111.139 -0.15807 0.40881 1.201 0.84587 8.0000 44.74 0.8274 0.8294 1.496123 
828.2845 13.650 111.094 -0.15702 0.40704 1.206 0.84531 8.0000 44.95 0.8269 0.8289 1.496879 
827.8656 13.706 111.058 -0.15769 0.40956 1.188 0.84627 8.0000 43.91 0.8283 0.8303 1.497637 
827.4465 13.733 110.997 -0.15732 0.40989 1.212 0.84465 8.0000 44.92 0.8284 0.8304 1.498395 
827.0275 13.723 110.925 -0.15666 0.40972 1.199 0.84456 8.0000 45.08 0.8299 0.8319 1.499154 
826.6082 13.705 110.912 -0.15693 0.41069 1.191 0.84785 8.0000 44.92 0.8312 0.8331 1.499915 
826.1889 13.697 110.860 -0.15655 0.41084 1.207 0.84840 8.0000 45.36 0.8330 0.8349 1.500676 
825.7695 13.701 110.844 -0.15636 0.41066 1.201 0.84763 8.0000 46.01 0.8340 0.8360 1.501438 
825.3500 13.679 110.834 -0.15578 0.40936 1.201 0.84649 8.0000 45.75 0.8350 0.8370 1.502201 
824.9305 13.658 110.831 -0.15563 0.40904 1.180 0.84734 8.0000 45.35 0.8365 0.8384 1.502965 
824.5108 13.662 110.789 -0.15588 0.41060 1.176 0.85005 8.0000 45.70 0.8373 0.8392 1.503730 
824.0911 13.654 110.737 -0.15550 0.41071 1.190 0.85058 8.0000 45.74 0.8382 0.8401 1.504496 
823.6713 13.666 110.704 -0.15553 0.41151 1.196 0.85116 8.0000 46.04 0.8390 0.8409 1.505263 
823.2513 13.671 110.706 -0.15549 0.41135 1.201 0.85044 8.0000 45.94 0.8399 0.8418 1.506031 
822.8313 13.660 110.694 -0.15552 0.41169 1.197 0.85193 8.0000 45.97 0.8400 0.8419 1.506800 
822.4112 13.701 110.704 -0.15609 0.41300 1.204 0.85172 8.0000 46.55 0.8416 0.8435 1.507569 
821.9910 13.739 110.745 -0.15669 0.41368 1.184 0.85054 8.0000 46.24 0.8436 0.8455 1.508340 
821.5707 13.733 110.734 -0.15654 0.41354 1.191 0.85066 8.0000 46.77 0.8439 0.8457 1.509112 
821.1503 13.733 110.741 -0.15670 0.41381 1.193 0.85124 8.0000 47.22 0.8438 0.8455 1.509884 
820.7299 13.761 110.737 -0.15722 0.41525 1.207 0.85213 8.0000 47.54 0.8450 0.8468 1.510658 
820.3093 13.778 110.766 -0.15776 0.41604 1.179 0.85269 8.0000 47.21 0.8471 0.8488 1.511432 
819.8886 13.795 110.736 -0.15758 0.41624 1.188 0.85169 8.0000 47.16 0.8469 0.8486 1.512208 
819.4679 13.808 110.721 -0.15771 0.41691 1.191 0.85203 8.0000 48.17 0.8476 0.8494 1.512984 
819.0471 13.831 110.733 -0.15816 0.41785 1.187 0.85236 8.0000 47.62 0.8491 0.8509 1.513761 
818.6262 13.846 110.719 -0.15835 0.41864 1.191 0.85281 8.0000 48.81 0.8498 0.8516 1.514540 
818.2051 13.855 110.693 -0.15833 0.41917 1.183 0.85312 8.0000 48.20 0.8501 0.8518 1.515319 
817.7841 13.870 110.685 -0.15852 0.41985 1.173 0.85339 8.0000 48.17 0.8502 0.8519 1.516099 
817.3629 13.869 110.704 -0.15873 0.41996 1.183 0.85375 8.0000 48.42 0.8503 0.8519 1.516881 
816.9416 13.893 110.731 -0.15930 0.42089 1.182 0.85408 8.0000 48.23 0.8522 0.8539 1.517663 
816.5202 13.903 110.720 -0.15952 0.42171 1.191 0.85495 8.0000 48.62 0.8530 0.8546 1.518446 
816.0988 13.920 110.730 -0.15991 0.42252 1.186 0.85542 8.0000 49.31 0.8538 0.8554 1.519230 
815.6772 13.950 110.684 -0.16002 0.42384 1.178 0.85567 8.0000 48.69 0.8544 0.8559 1.520015 
815.2556 13.950 110.682 -0.15999 0.42380 1.171 0.85552 8.0000 48.84 0.8541 0.8558 1.520801 
814.8338 13.969 110.697 -0.16040 0.42455 1.171 0.85579 8.0000 48.99 0.8554 0.8570 1.521589 
814.4120 13.986 110.683 -0.16061 0.42543 1.178 0.85624 8.0000 49.66 0.8563 0.8579 1.522377 
813.9901 13.997 110.727 -0.16121 0.42603 1.188 0.85694 8.0000 50.25 0.8571 0.8587 1.523166 
813.5681 14.018 110.734 -0.16150 0.42663 1.183 0.85664 8.0000 49.83 0.8580 0.8596 1.523956 
813.1460 14.023 110.703 -0.16134 0.42690 1.182 0.85663 8.0000 49.81 0.8571 0.8586 1.524747 
812.7238 14.024 110.715 -0.16149 0.42703 1.190 0.85693 8.0000 50.37 0.8570 0.8586 1.525539 
812.3015 14.064 110.676 -0.16185 0.42889 1.195 0.85753 8.0000 50.54 0.8594 0.8609 1.526332 
811.8792 14.041 110.723 -0.16194 0.42804 1.190 0.85776 8.0000 51.34 0.8588 0.8603 1.527126 
811.4567 14.053 110.705 -0.16197 0.42851 1.183 0.85771 8.0000 51.39 0.8600 0.8615 1.527921 
811.0341 14.063 110.686 -0.16183 0.42858 1.171 0.85704 8.0000 50.39 0.8597 0.8613 1.528717 
810.6115 14.072 110.742 -0.16242 0.42890 1.177 0.85732 8.0000 50.79 0.8605 0.8621 1.529514 
810.1888 14.080 110.709 -0.16229 0.42928 1.161 0.85735 8.0000 50.11 0.8601 0.8616 1.530312 
809.7659 14.101 110.670 -0.16224 0.43004 1.169 0.85711 8.0000 51.38 0.8603 0.8618 1.531111 
809.3430 14.118 110.648 -0.16222 0.43046 1.175 0.85663 8.0000 51.78 0.8599 0.8614 1.531912 
808.9200 14.136 110.575 -0.16190 0.43130 1.180 0.85662 8.0000 51.45 0.8605 0.8621 1.532713 
808.4969 14.154 110.515 -0.16164 0.43196 1.179 0.85626 8.0000 52.11 0.8607 0.8623 1.533515 
808.0737 14.165 110.487 -0.16144 0.43209 1.188 0.85557 8.0000 52.00 0.8601 0.8617 1.534318 
807.6505 14.175 110.489 -0.16160 0.43247 1.188 0.85562 8.0000 52.26 0.8608 0.8623 1.535122 
807.2271 14.178 110.482 -0.16160 0.43266 1.181 0.85571 8.0000 52.29 0.8604 0.8620 1.535927 
806.8036 14.204 110.417 -0.16142 0.43364 1.184 0.85545 8.0000 53.15 0.8601 0.8616 1.536733 
806.3801 14.224 110.391 -0.16140 0.43418 1.174 0.85500 8.0000 52.01 0.8599 0.8614 1.537540 
805.9564 14.243 110.350 -0.16127 0.43479 1.173 0.85457 8.0000 52.95 0.8600 0.8615 1.538349 
805.5327 14.262 110.309 -0.16116 0.43546 1.174 0.85431 8.0000 52.80 0.8606 0.8621 1.539158 
805.1089 14.283 110.242 -0.16084 0.43616 1.176 0.85383 8.0000 52.53 0.8606 0.8622 1.539968 
804.6850 14.302 110.229 -0.16105 0.43704 1.182 0.85413 8.0000 53.07 0.8619 0.8635 1.540779 
804.2610 14.307 110.210 -0.16097 0.43725 1.177 0.85408 8.0000 53.87 0.8615 0.8630 1.541591 
803.8369 14.323 110.171 -0.16091 0.43800 1.171 0.85421 8.0000 53.04 0.8620 0.8635 1.542405 
803.4127 14.346 110.152 -0.16098 0.43866 1.178 0.85374 8.0000 53.55 0.8629 0.8644 1.543219 
802.9884 14.359 110.157 -0.16119 0.43913 1.190 0.85379 8.0000 53.61 0.8632 0.8648 1.544035 
802.5640 14.378 110.146 -0.16135 0.43982 1.177 0.85371 8.0000 53.50 0.8640 0.8656 1.544851 
802.1396 14.382 110.130 -0.16119 0.43977 1.180 0.85328 8.0000 54.65 0.8632 0.8648 1.545669 
801.7150 14.390 110.145 -0.16144 0.44006 1.185 0.85333 8.0000 55.03 0.8637 0.8653 1.546487 
801.2903 14.412 110.109 -0.16139 0.44078 1.177 0.85301 8.0000 54.78 0.8639 0.8655 1.547307 
800.8657 14.414 110.128 -0.16158 0.44086 1.177 0.85311 8.0000 54.18 0.8642 0.8658 1.548127 
800.4408 14.411 110.111 -0.16137 0.44071 1.177 0.85291 8.0000 53.73 0.8634 0.8650 1.548949 
800.0159 14.422 110.129 -0.16165 0.44103 1.179 0.85285 8.0000 54.93 0.8633 0.8649 1.549772 
799.5909 14.430 110.103 -0.16151 0.44129 1.174 0.85264 8.0000 54.59 0.8623 0.8639 1.550595 
799.1658 14.445 110.104 -0.16171 0.44180 1.176 0.85262 8.0000 54.67 0.8630 0.8646 1.551420 
798.7406 14.463 110.078 -0.16179 0.44264 1.180 0.85277 8.0000 54.89 0.8636 0.8651 1.552246 
798.3153 14.485 110.081 -0.16210 0.44341 1.178 0.85277 8.0000 55.04 0.8644 0.8660 1.553073 
797.8899 14.515 110.034 -0.16216 0.44470 1.186 0.85288 8.0000 55.77 0.8654 0.8670 1.553901 
797.4644 14.524 110.046 -0.16239 0.44504 1.181 0.85299 8.0000 55.99 0.8656 0.8671 1.554730 
797.0389 14.545 110.018 -0.16248 0.44598 1.184 0.85317 8.0000 55.71 0.8660 0.8675 1.555560 
796.6132 14.559 109.993 -0.16247 0.44654 1.174 0.85313 8.0000 55.41 0.8666 0.8681 1.556391 
796.1875 14.561 109.975 -0.16229 0.44647 1.180 0.85272 8.0000 56.29 0.8664 0.8679 1.557224 
795.7617 14.581 109.959 -0.16234 0.44701 1.174 0.85230 8.0000 55.62 0.8660 0.8676 1.558057 
795.3357 14.596 109.922 -0.16225 0.44769 1.181 0.85232 8.0000 56.19 0.8668 0.8685 1.558891 
794.9097 14.616 109.882 -0.16223 0.44859 1.175 0.85242 8.0000 56.60 0.8676 0.8692 1.559727 
794.4836 14.629 109.831 -0.16190 0.44892 1.182 0.85186 8.0000 56.58 0.8670 0.8687 1.560563 
794.0574 14.641 109.842 -0.16214 0.44932 1.176 0.85185 8.0000 56.58 0.8678 0.8695 1.561401 
793.6310 14.661 109.825 -0.16228 0.45013 1.182 0.85192 8.0000 57.44 0.8679 0.8696 1.562240 
793.2047 14.675 109.786 -0.16218 0.45082 1.184 0.85200 8.0000 57.37 0.8683 0.8700 1.563079 
792.7782 14.685 109.772 -0.16217 0.45113 1.177 0.85183 8.0000 56.71 0.8679 0.8696 1.563920 
792.3516 14.693 109.782 -0.16237 0.45144 1.181 0.85193 8.0000 57.23 0.8678 0.8695 1.564762 
791.9249 14.696 109.772 -0.16228 0.45145 1.171 0.85169 8.0000 56.57 0.8673 0.8690 1.565605 
791.4982 14.720 109.748 -0.16239 0.45235 1.168 0.85158 8.0000 56.49 0.8673 0.8691 1.566449 
791.0714 14.730 109.744 -0.16251 0.45277 1.163 0.85163 8.0000 57.35 0.8679 0.8697 1.567295 
790.6444 14.743 109.738 -0.16261 0.45322 1.169 0.85155 8.0000 57.01 0.8687 0.8704 1.568141 
790.2173 14.749 109.720 -0.16248 0.45328 1.160 0.85113 8.0000 57.05 0.8690 0.8708 1.568989 
789.7902 14.765 109.694 -0.16243 0.45378 1.173 0.85083 8.0000 57.45 0.8688 0.8706 1.569837 
789.3630 14.777 109.682 -0.16243 0.45411 1.169 0.85055 8.0000 57.14 0.8690 0.8707 1.570687 
788.9357 14.792 109.688 -0.16269 0.45467 1.173 0.85064 8.0000 58.28 0.8694 0.8712 1.571537 
788.5083 14.801 109.674 -0.16265 0.45491 1.165 0.85035 8.0000 58.45 0.8689 0.8706 1.572389 
788.0807 14.804 109.694 -0.16291 0.45513 1.173 0.85070 8.0000 57.86 0.8694 0.8711 1.573242 
787.6532 14.820 109.688 -0.16308 0.45576 1.169 0.85074 8.0000 58.05 0.8698 0.8715 1.574096 
787.2255 14.819 109.691 -0.16305 0.45560 1.166 0.85053 8.0000 57.76 0.8693 0.8710 1.574951 
786.7977 14.821 109.647 -0.16270 0.45571 1.165 0.85031 8.0000 58.50 0.8687 0.8703 1.575808 
786.3699 14.833 109.642 -0.16281 0.45617 1.173 0.85032 8.0000 58.49 0.8690 0.8706 1.576665 
785.9419 14.843 109.650 -0.16303 0.45658 1.163 0.85045 8.0000 58.74 0.8700 0.8716 1.577524 
785.5139 14.852 109.634 -0.16296 0.45679 1.168 0.85013 8.0000 58.20 0.8704 0.8720 1.578383 
785.0857 14.861 109.609 -0.16286 0.45714 1.172 0.85004 8.0000 59.33 0.8697 0.8713 1.579244 
784.6575 14.875 109.579 -0.16274 0.45757 1.166 0.84970 8.0000 59.07 0.8698 0.8714 1.580106 
784.2291 14.877 109.594 -0.16289 0.45761 1.179 0.84975 8.0000 59.53 0.8701 0.8717 1.580969 
783.8007 14.880 109.574 -0.16279 0.45783 1.175 0.84985 8.0000 59.09 0.8702 0.8718 1.581833 
783.3722 14.888 109.561 -0.16276 0.45806 1.167 0.84962 8.0000 59.28 0.8703 0.8719 1.582698 
782.9435 14.908 109.526 -0.16263 0.45860 1.169 0.84910 8.0000 59.57 0.8706 0.8722 1.583565 
782.5148 14.924 109.512 -0.16275 0.45929 1.160 0.84920 8.0000 59.65 0.8716 0.8731 1.584433 
782.0861 14.926 109.532 -0.16294 0.45931 1.157 0.84916 8.0000 59.06 0.8719 0.8734 1.585301 
781.6572 14.926 109.543 -0.16304 0.45932 1.162 0.84924 8.0000 58.82 0.8720 0.8735 1.586171 
781.2282 14.936 109.537 -0.16308 0.45958 1.164 0.84904 8.0000 59.56 0.8721 0.8736 1.587042 
780.7991 14.944 109.548 -0.16327 0.45983 1.173 0.84896 8.0000 59.74 0.8724 0.8739 1.587914 
780.3699 14.954 109.552 -0.16341 0.46013 1.176 0.84890 8.0000 59.75 0.8729 0.8744 1.588788 
779.9407 14.958 109.556 -0.16347 0.46019 1.169 0.84872 8.0000 59.94 0.8733 0.8747 1.589662 
779.5113 14.964 109.553 -0.16350 0.46036 1.170 0.84860 8.0000 60.04 0.8731 0.8746 1.590537 
779.0818 14.986 109.528 -0.16349 0.46097 1.177 0.84808 8.0000 59.95 0.8733 0.8748 1.591414 
778.6523 15.008 109.489 -0.16339 0.46167 1.170 0.84766 8.0000 60.17 0.8736 0.8751 1.592292 
778.2227 15.027 109.465 -0.16337 0.46225 1.162 0.84733 8.0000 60.54 0.8738 0.8753 1.593171 
777.7930 15.036 109.471 -0.16346 0.46234 1.166 0.84690 8.0000 60.03 0.8744 0.8759 1.594051 
777.3632 15.056 109.469 -0.16364 0.46289 1.172 0.84655 8.0000 60.07 0.8748 0.8763 1.594933 
776.9332 15.071 109.451 -0.16361 0.46328 1.170 0.84617 8.0000 60.81 0.8752 0.8767 1.595815 
776.5032 15.082 109.434 -0.16362 0.46375 1.161 0.84618 8.0000 61.13 0.8756 0.8770 1.596699 
776.0731 15.092 109.430 -0.16368 0.46402 1.171 0.84594 8.0000 61.07 0.8756 0.8770 1.597584 
775.6429 15.104 109.398 -0.16354 0.46445 1.173 0.84576 8.0000 60.27 0.8756 0.8770 1.598470 
775.2126 15.113 109.395 -0.16356 0.46458 1.172 0.84541 8.0000 61.17 0.8754 0.8769 1.599357 
774.7822 15.127 109.386 -0.16358 0.46489 1.173 0.84496 8.0000 61.61 0.8759 0.8774 1.600246 
774.3517 15.135 109.414 -0.16388 0.46500 1.177 0.84475 8.0000 61.77 0.8760 0.8775 1.601135 
773.9212 15.152 109.389 -0.16392 0.46576 1.160 0.84486 8.0000 61.40 0.8765 0.8780 1.602026 
773.4905 15.163 109.397 -0.16408 0.46602 1.154 0.84458 8.0000 61.38 0.8768 0.8782 1.602918 
773.0598 15.178 109.400 -0.16430 0.46656 1.157 0.84457 8.0000 62.49 0.8770 0.8784 1.603811 
772.6289 15.192 109.378 -0.16429 0.46710 1.162 0.84454 8.0000 62.00 0.8774 0.8788 1.604706 
772.1980 15.211 109.360 -0.16434 0.46773 1.171 0.84424 8.0000 61.91 0.8780 0.8794 1.605601 
771.7669 15.217 109.348 -0.16433 0.46799 1.162 0.84427 8.0000 61.96 0.8783 0.8797 1.606498 
771.3358 15.223 109.355 -0.16444 0.46813 1.165 0.84416 8.0000 62.44 0.8788 0.8802 1.607396 
770.9046 15.234 109.340 -0.16449 0.46867 1.166 0.84427 8.0000 61.84 0.8792 0.8806 1.608295 
770.4733 15.250 109.338 -0.16468 0.46925 1.163 0.84425 8.0000 62.25 0.8800 0.8813 1.609195 
770.0419 15.260 109.340 -0.16483 0.46963 1.167 0.84428 8.0000 61.74 0.8804 0.8818 1.610097 
769.6104 15.279 109.345 -0.16506 0.47016 1.163 0.84400 8.0000 62.46 0.8807 0.8820 1.610999 
769.1787 15.291 109.358 -0.16532 0.47054 1.164 0.84390 8.0000 62.81 0.8807 0.8820 1.611904 
768.7471 15.292 109.365 -0.16536 0.47048 1.168 0.84381 8.0000 62.88 0.8808 0.8821 1.612809 
768.3152 15.313 109.373 -0.16569 0.47121 1.163 0.84371 8.0000 62.71 0.8814 0.8827 1.613715 
767.8834 15.332 109.354 -0.16575 0.47189 1.171 0.84359 8.0000 63.48 0.8813 0.8826 1.614623 
767.4514 15.345 109.321 -0.16562 0.47240 1.166 0.84341 8.0000 64.02 0.8815 0.8828 1.615531 
767.0193 15.357 109.320 -0.16574 0.47276 1.166 0.84326 8.0000 63.99 0.8813 0.8826 1.616442 
766.5872 15.374 109.303 -0.16579 0.47333 1.174 0.84303 8.0000 63.40 0.8815 0.8828 1.617353 
766.1549 15.387 109.285 -0.16577 0.47376 1.172 0.84289 8.0000 63.73 0.8814 0.8827 1.618265 
765.7225 15.396 109.302 -0.16598 0.47391 1.171 0.84261 8.0000 64.87 0.8812 0.8825 1.619179 
765.2901 15.410 109.303 -0.16610 0.47423 1.159 0.84223 8.0000 64.32 0.8814 0.8827 1.620094 
764.8575 15.423 109.317 -0.16635 0.47458 1.169 0.84207 8.0000 64.99 0.8816 0.8828 1.621010 
764.4249 15.438 109.312 -0.16651 0.47517 1.168 0.84209 8.0000 64.51 0.8821 0.8834 1.621928 
763.9922 15.455 109.311 -0.16671 0.47575 1.159 0.84196 8.0000 64.61 0.8826 0.8839 1.622846 
763.5593 15.475 109.295 -0.16679 0.47641 1.171 0.84171 8.0000 65.47 0.8829 0.8841 1.623766 
763.1264 15.486 109.313 -0.16701 0.47657 1.167 0.84136 8.0000 65.08 0.8829 0.8841 1.624687 
762.6934 15.498 109.285 -0.16688 0.47693 1.170 0.84107 8.0000 65.54 0.8828 0.8840 1.625610 
762.2603 15.504 109.286 -0.16690 0.47697 1.176 0.84076 8.0000 65.54 0.8826 0.8838 1.626533 
761.8271 15.513 109.283 -0.16697 0.47724 1.178 0.84061 8.0000 66.26 0.8826 0.8839 1.627458 
761.3938 15.522 109.271 -0.16691 0.47740 1.174 0.84021 8.0000 65.88 0.8827 0.8839 1.628385 
760.9604 15.537 109.236 -0.16671 0.47777 1.167 0.83972 8.0000 65.33 0.8825 0.8838 1.629312 
760.5269 15.553 109.238 -0.16691 0.47828 1.165 0.83953 8.0000 66.16 0.8827 0.8839 1.630241 
760.0933 15.572 109.215 -0.16696 0.47904 1.164 0.83951 8.0000 66.67 0.8833 0.8845 1.631171 
759.6597 15.590 109.184 -0.16683 0.47950 1.167 0.83893 8.0000 66.84 0.8836 0.8848 1.632102 
759.2259 15.597 109.199 -0.16697 0.47951 1.178 0.83858 8.0000 66.27 0.8837 0.8849 1.633034 
758.7921 15.608 109.200 -0.16709 0.47981 1.172 0.83841 8.0000 66.61 0.8840 0.8853 1.633968 
758.3581 15.622 109.180 -0.16701 0.48014 1.173 0.83792 8.0000 67.20 0.8839 0.8851 1.634903 
757.9240 15.625 109.173 -0.16694 0.48010 1.171 0.83764 8.0000 67.58 0.8836 0.8848 1.635839 
757.4899 15.637 109.161 -0.16690 0.48032 1.179 0.83718 8.0000 67.78 0.8837 0.8849 1.636777 
757.0556 15.647 109.159 -0.16689 0.48034 1.170 0.83654 8.0000 67.29 0.8836 0.8848 1.637716 
756.6213 15.665 109.150 -0.16696 0.48081 1.161 0.83610 8.0000 66.95 0.8837 0.8849 1.638656 
756.1868 15.680 109.117 -0.16681 0.48124 1.163 0.83574 8.0000 66.89 0.8837 0.8849 1.639597 
755.7523 15.685 109.124 -0.16689 0.48128 1.171 0.83547 8.0000 66.94 0.8837 0.8850 1.640540 
755.3177 15.698 109.112 -0.16690 0.48166 1.169 0.83523 8.0000 68.39 0.8839 0.8851 1.641484 
754.8830 15.708 109.114 -0.16697 0.48180 1.178 0.83482 8.0000 68.20 0.8838 0.8850 1.642429 
754.4482 15.713 109.121 -0.16701 0.48172 1.176 0.83441 8.0000 68.54 0.8838 0.8849 1.643376 
754.0132 15.725 109.125 -0.16712 0.48194 1.183 0.83405 8.0000 69.06 0.8838 0.8850 1.644324 
753.5782 15.737 109.118 -0.16719 0.48234 1.174 0.83388 8.0000 68.61 0.8839 0.8851 1.645273 
753.1431 15.750 109.101 -0.16715 0.48267 1.183 0.83356 8.0000 69.20 0.8840 0.8852 1.646223 
752.7079 15.757 109.107 -0.16726 0.48283 1.167 0.83340 8.0000 68.72 0.8841 0.8853 1.647175 
752.2726 15.768 109.095 -0.16724 0.48308 1.179 0.83303 8.0000 69.94 0.8840 0.8852 1.648129 
751.8373 15.773 109.092 -0.16719 0.48304 1.173 0.83262 8.0000 69.11 0.8837 0.8848 1.649083 
751.4018 15.790 109.052 -0.16698 0.48352 1.176 0.83214 8.0000 69.89 0.8838 0.8850 1.650039 
750.9662 15.801 109.047 -0.16702 0.48377 1.178 0.83183 8.0000 69.74 0.8842 0.8854 1.650996 
750.5306 15.812 109.040 -0.16705 0.48406 1.180 0.83160 8.0000 69.77 0.8845 0.8857 1.651954 
750.0948 15.822 109.017 -0.16689 0.48420 1.174 0.83105 8.0000 70.02 0.8840 0.8852 1.652914 
749.6589 15.836 109.012 -0.16699 0.48464 1.179 0.83092 8.0000 70.07 0.8842 0.8853 1.653875 
749.2230 15.843 109.017 -0.16707 0.48474 1.183 0.83060 8.0000 70.36 0.8843 0.8854 1.654837 
748.7869 15.849 109.019 -0.16713 0.48487 1.180 0.83046 8.0000 70.85 0.8842 0.8854 1.655801 
748.3508 15.865 108.998 -0.16708 0.48529 1.175 0.83002 8.0000 70.59 0.8843 0.8855 1.656766 
747.9146 15.878 109.008 -0.16730 0.48565 1.186 0.82987 8.0000 70.80 0.8846 0.8858 1.657732 
747.4782 15.887 109.028 -0.16756 0.48587 1.175 0.82974 8.0000 69.78 0.8849 0.8860 1.658700 
747.0417 15.897 109.026 -0.16767 0.48622 1.190 0.82969 8.0000 70.60 0.8850 0.8861 1.659669 
746.6052 15.905 109.018 -0.16766 0.48640 1.183 0.82944 8.0000 71.13 0.8849 0.8860 1.660639 
746.1686 15.920 109.001 -0.16768 0.48693 1.184 0.82930 8.0000 71.50 0.8850 0.8862 1.661611 
745.7319 15.937 108.982 -0.16770 0.48754 1.184 0.82916 8.0000 70.90 0.8852 0.8864 1.662584 
745.2950 15.952 108.980 -0.16786 0.48805 1.189 0.82904 8.0000 70.97 0.8855 0.8866 1.663559 
744.8582 15.967 108.956 -0.16778 0.48847 1.192 0.82866 8.0000 71.41 0.8855 0.8867 1.664534 
744.4211 15.977 108.958 -0.16790 0.48876 1.178 0.82851 8.0000 70.87 0.8856 0.8867 1.665512 
743.9841 15.989 108.966 -0.16811 0.48918 1.181 0.82852 8.0000 71.57 0.8858 0.8870 1.666490 
743.5468 16.002 108.947 -0.16803 0.48947 1.178 0.82808 8.0000 71.09 0.8857 0.8869 1.667470 
743.1096 16.010 108.952 -0.16818 0.48977 1.182 0.82808 8.0000 71.97 0.8859 0.8871 1.668451 
742.6722 16.019 108.968 -0.16841 0.48999 1.189 0.82798 8.0000 71.45 0.8862 0.8873 1.669434 
742.2347 16.025 108.974 -0.16853 0.49018 1.188 0.82789 8.0000 72.08 0.8862 0.8873 1.670418 
741.7971 16.034 108.962 -0.16857 0.49062 1.193 0.82804 8.0000 72.46 0.8861 0.8872 1.671403 
741.3594 16.039 108.960 -0.16859 0.49074 1.186 0.82787 8.0000 71.64 0.8861 0.8872 1.672390 
740.9216 16.047 108.972 -0.16879 0.49097 1.199 0.82786 8.0000 73.18 0.8862 0.8873 1.673378 
740.4838 16.056 108.973 -0.16887 0.49117 1.188 0.82761 8.0000 72.84 0.8862 0.8873 1.674367 
740.0458 16.059 109.000 -0.16917 0.49133 1.184 0.82782 8.0000 73.30 0.8864 0.8874 1.675358 
739.6077 16.064 109.019 -0.16944 0.49158 1.192 0.82801 8.0000 73.41 0.8865 0.8875 1.676351 
739.1696 16.077 109.015 -0.16959 0.49211 1.186 0.82804 8.0000 72.74 0.8866 0.8876 1.677344 
738.7313 16.087 109.023 -0.16978 0.49244 1.194 0.82800 8.0000 73.17 0.8867 0.8877 1.678339 
738.2930 16.097 109.013 -0.16984 0.49287 1.191 0.82805 8.0000 73.88 0.8867 0.8877 1.679336 
737.8545 16.101 109.024 -0.16998 0.49298 1.191 0.82799 8.0000 73.47 0.8866 0.8877 1.680334 
737.4160 16.111 109.025 -0.17020 0.49359 1.197 0.82836 8.0000 73.36 0.8868 0.8879 1.681333 
736.9773 16.117 109.034 -0.17033 0.49372 1.190 0.82827 8.0000 72.79 0.8869 0.8879 1.682334 
736.5386 16.126 109.047 -0.17051 0.49388 1.194 0.82802 8.0000 73.06 0.8870 0.8880 1.683336 
736.0997 16.131 109.049 -0.17061 0.49413 1.200 0.82812 8.0000 75.30 0.8868 0.8879 1.684340 
735.6608 16.138 109.062 -0.17086 0.49447 1.191 0.82833 8.0000 73.97 0.8868 0.8879 1.685344 
735.2218 16.143 109.064 -0.17101 0.49484 1.193 0.82861 8.0000 73.92 0.8868 0.8878 1.686351 
734.7827 16.144 109.104 -0.17135 0.49473 1.194 0.82854 8.0000 74.05 0.8868 0.8878 1.687359 
734.3434 16.149 109.100 -0.17141 0.49502 1.207 0.82872 8.0000 74.66 0.8865 0.8875 1.688368 
733.9041 16.160 109.100 -0.17155 0.49542 1.211 0.82870 8.0000 74.82 0.8865 0.8875 1.689379 
733.4647 16.159 109.105 -0.17163 0.49550 1.203 0.82889 8.0000 75.73 0.8863 0.8873 1.690391 
733.0252 16.162 109.118 -0.17178 0.49557 1.203 0.82892 8.0000 75.11 0.8863 0.8873 1.691404 
732.5856 16.176 109.097 -0.17181 0.49624 1.201 0.82906 8.0000 74.95 0.8862 0.8873 1.692419 
732.1459 16.180 109.094 -0.17184 0.49642 1.202 0.82908 8.0000 74.67 0.8861 0.8871 1.693436 
731.7061 16.174 109.089 -0.17178 0.49637 1.204 0.82930 8.0000 75.44 0.8858 0.8868 1.694453 
731.2662 16.178 109.099 -0.17197 0.49666 1.196 0.82957 8.0000 75.33 0.8859 0.8869 1.695473 
730.8262 16.180 109.101 -0.17203 0.49677 1.208 0.82969 8.0000 75.34 0.8859 0.8869 1.696494 
730.3861 16.174 109.114 -0.17212 0.49664 1.210 0.82991 8.0000 75.60 0.8858 0.8868 1.697516 
729.9459 16.176 109.113 -0.17211 0.49664 1.210 0.82978 8.0000 75.92 0.8857 0.8867 1.698539 
729.5057 16.176 109.111 -0.17209 0.49665 1.212 0.82978 8.0000 75.04 0.8856 0.8866 1.699564 
729.0653 16.182 109.087 -0.17200 0.49706 1.217 0.82994 8.0000 75.07 0.8855 0.8865 1.700591 
728.6248 16.178 109.090 -0.17203 0.49707 1.213 0.83024 8.0000 74.83 0.8852 0.8862 1.701619 
728.1843 16.174 109.082 -0.17194 0.49703 1.215 0.83038 8.0000 75.57 0.8848 0.8858 1.702648 
727.7436 16.175 109.082 -0.17196 0.49710 1.209 0.83043 8.0000 75.37 0.8846 0.8856 1.703680 
727.3028 16.173 109.094 -0.17205 0.49701 1.217 0.83046 8.0000 75.33 0.8845 0.8855 1.704712 
726.8619 16.178 109.072 -0.17191 0.49721 1.216 0.83042 8.0000 75.76 0.8841 0.8851 1.705746 
726.4210 16.173 109.059 -0.17178 0.49721 1.216 0.83065 8.0000 75.95 0.8837 0.8847 1.706781 
725.9799 16.175 109.038 -0.17162 0.49735 1.216 0.83067 8.0000 75.46 0.8835 0.8845 1.707818 
725.5388 16.178 109.011 -0.17142 0.49753 1.216 0.83060 8.0000 75.47 0.8832 0.8842 1.708857 
725.0975 16.184 108.984 -0.17124 0.49778 1.222 0.83054 8.0000 76.14 0.8832 0.8842 1.709897 
724.6561 16.188 108.971 -0.17120 0.49803 1.217 0.83063 8.0000 74.95 0.8831 0.8842 1.710938 
724.2147 16.181 108.960 -0.17104 0.49787 1.219 0.83072 8.0000 75.90 0.8830 0.8840 1.711981 
723.7732 16.175 108.940 -0.17076 0.49764 1.220 0.83062 8.0000 75.63 0.8824 0.8834 1.713025 
723.3315 16.171 108.925 -0.17061 0.49761 1.223 0.83077 8.0000 74.94 0.8821 0.8831 1.714072 
722.8898 16.171 108.868 -0.17011 0.49775 1.228 0.83071 8.0000 76.32 0.8816 0.8826 1.715119 
722.4479 16.169 108.837 -0.16980 0.49774 1.227 0.83071 8.0000 76.35 0.8810 0.8821 1.716168 
722.0060 16.163 108.794 -0.16938 0.49772 1.231 0.83080 8.0000 76.11 0.8804 0.8815 1.717218 
721.5640 16.171 108.745 -0.16904 0.49811 1.226 0.83070 8.0000 75.68 0.8803 0.8813 1.718270 
721.1218 16.174 108.729 -0.16893 0.49825 1.231 0.83066 8.0000 76.08 0.8800 0.8811 1.719324 
720.6796 16.174 108.704 -0.16873 0.49839 1.226 0.83077 8.0000 76.69 0.8797 0.8808 1.720379 
720.2373 16.172 108.675 -0.16847 0.49845 1.226 0.83085 8.0000 76.78 0.8794 0.8805 1.721435 
719.7949 16.167 108.665 -0.16835 0.49835 1.224 0.83099 8.0000 76.53 0.8790 0.8801 1.722493 
719.3524 16.167 108.613 -0.16787 0.49843 1.234 0.83087 8.0000 76.52 0.8786 0.8797 1.723553 
718.9097 16.164 108.578 -0.16752 0.49840 1.241 0.83081 8.0000 76.60 0.8781 0.8792 1.724614 
718.4670 16.155 108.523 -0.16693 0.49824 1.243 0.83088 8.0000 77.11 0.8775 0.8786 1.725677 
718.0242 16.162 108.451 -0.16638 0.49868 1.245 0.83084 8.0000 77.37 0.8769 0.8781 1.726741 
717.5813 16.160 108.405 -0.16598 0.49878 1.235 0.83088 8.0000 77.27 0.8765 0.8776 1.727807 
717.1383 16.159 108.349 -0.16546 0.49887 1.239 0.83082 8.0000 76.37 0.8759 0.8770 1.728874 
716.6952 16.157 108.296 -0.16496 0.49892 1.243 0.83080 8.0000 76.93 0.8753 0.8765 1.729943 
716.2520 16.156 108.240 -0.16443 0.49895 1.249 0.83065 8.0000 77.39 0.8747 0.8759 1.731013 
715.8087 16.157 108.166 -0.16377 0.49911 1.248 0.83048 8.0000 77.48 0.8740 0.8752 1.732086 
715.3653 16.159 108.103 -0.16322 0.49928 1.255 0.83033 8.0000 77.65 0.8734 0.8747 1.733159 
714.9218 16.153 108.056 -0.16273 0.49918 1.250 0.83032 8.0000 77.51 0.8728 0.8740 1.734234 
714.4782 16.152 107.995 -0.16216 0.49922 1.251 0.83018 8.0000 77.55 0.8721 0.8733 1.735311 
714.0345 16.156 107.940 -0.16169 0.49942 1.256 0.83000 8.0000 77.47 0.8715 0.8728 1.736389 
713.5907 16.157 107.886 -0.16125 0.49966 1.253 0.83009 8.0000 77.65 0.8711 0.8724 1.737469 
713.1469 16.154 107.825 -0.16064 0.49956 1.250 0.82984 8.0000 77.03 0.8704 0.8717 1.738550 
712.7028 16.148 107.740 -0.15980 0.49953 1.258 0.82973 8.0000 77.52 0.8695 0.8709 1.739634 
712.2588 16.150 107.653 -0.15903 0.49971 1.264 0.82954 8.0000 77.98 0.8689 0.8703 1.740718 
711.8146 16.149 107.579 -0.15839 0.49994 1.265 0.82964 8.0000 77.57 0.8682 0.8697 1.741805 
711.3703 16.149 107.503 -0.15771 0.50009 1.274 0.82951 8.0000 78.07 0.8676 0.8690 1.742892 
710.9259 16.153 107.418 -0.15698 0.50037 1.269 0.82935 8.0000 77.72 0.8669 0.8684 1.743982 
710.4814 16.152 107.365 -0.15647 0.50038 1.265 0.82919 8.0000 77.79 0.8664 0.8679 1.745073 
710.0369 16.153 107.309 -0.15598 0.50054 1.269 0.82912 8.0000 77.88 0.8657 0.8673 1.746165 
709.5922 16.153 107.229 -0.15524 0.50063 1.266 0.82891 8.0000 77.68 0.8650 0.8665 1.747260 
709.1474 16.154 107.153 -0.15455 0.50073 1.270 0.82867 8.0000 78.06 0.8644 0.8660 1.748356 
708.7026 16.150 107.073 -0.15377 0.50067 1.280 0.82846 8.0000 78.39 0.8635 0.8651 1.749453 
708.2576 16.149 106.999 -0.15308 0.50071 1.279 0.82827 8.0000 78.30 0.8627 0.8644 1.750552 
707.8125 16.145 106.920 -0.15229 0.50064 1.279 0.82806 8.0000 77.86 0.8619 0.8636 1.751653 
707.3674 16.150 106.852 -0.15170 0.50082 1.282 0.82775 8.0000 78.15 0.8613 0.8631 1.752755 
706.9221 16.152 106.796 -0.15122 0.50098 1.288 0.82765 8.0000 78.41 0.8608 0.8626 1.753859 
706.4767 16.157 106.731 -0.15064 0.50113 1.292 0.82728 8.0000 78.61 0.8604 0.8622 1.754965 
706.0313 16.161 106.658 -0.15001 0.50135 1.294 0.82707 8.0000 78.57 0.8598 0.8616 1.756072 
705.5857 16.166 106.605 -0.14955 0.50149 1.296 0.82678 8.0000 78.72 0.8594 0.8613 1.757181 
705.1401 16.170 106.538 -0.14894 0.50159 1.281 0.82639 8.0000 78.34 0.8589 0.8608 1.758292 
704.6943 16.173 106.476 -0.14841 0.50181 1.293 0.82629 8.0000 78.32 0.8583 0.8603 1.759404 
704.2484 16.173 106.421 -0.14790 0.50184 1.294 0.82610 8.0000 78.14 0.8577 0.8597 1.760518 
703.8025 16.175 106.373 -0.14747 0.50192 1.304 0.82593 8.0000 78.33 0.8570 0.8591 1.761633 
703.3564 16.182 106.300 -0.14684 0.50215 1.303 0.82553 8.0000 78.14 0.8565 0.8586 1.762751 
702.9103 16.190 106.239 -0.14632 0.50234 1.304 0.82512 8.0000 78.77 0.8561 0.8582 1.763869 
702.4641 16.196 106.169 -0.14572 0.50258 1.309 0.82484 8.0000 78.96 0.8557 0.8578 1.764990 
702.0177 16.200 106.108 -0.14522 0.50285 1.309 0.82474 8.0000 78.84 0.8552 0.8574 1.766112 
701.5712 16.206 106.056 -0.14478 0.50306 1.309 0.82451 8.0000 78.93 0.8549 0.8571 1.767236 
701.1247 16.214 106.013 -0.14445 0.50333 1.319 0.82424 8.0000 78.97 0.8547 0.8569 1.768361 
700.6780 16.221 105.959 -0.14397 0.50344 1.314 0.82374 8.0000 78.59 0.8542 0.8565 1.769489 
700.2313 16.229 105.915 -0.14361 0.50365 1.325 0.82341 8.0000 78.97 0.8538 0.8562 1.770618 
699.7844 16.234 105.864 -0.14321 0.50394 1.321 0.82337 8.0000 78.42 0.8536 0.8559 1.771748 
699.3375 16.241 105.833 -0.14299 0.50422 1.319 0.82328 8.0000 78.64 0.8534 0.8558 1.772881 
698.8904 16.250 105.784 -0.14259 0.50443 1.321 0.82281 8.0000 78.95 0.8531 0.8555 1.774015 
698.4433 16.259 105.746 -0.14227 0.50459 1.321 0.82238 8.0000 78.87 0.8529 0.8554 1.775150 
697.9961 16.272 105.687 -0.14184 0.50506 1.327 0.82208 8.0000 78.85 0.8529 0.8553 1.776288 
697.5488 16.281 105.657 -0.14161 0.50527 1.333 0.82170 8.0000 78.97 0.8528 0.8553 1.777427 
697.1013 16.289 105.630 -0.14142 0.50550 1.339 0.82145 8.0000 78.92 0.8527 0.8552 1.778568 
696.6537 16.297 105.596 -0.14116 0.50571 1.342 0.82114 8.0000 79.02 0.8524 0.8549 1.779711 
696.2061 16.306 105.549 -0.14080 0.50603 1.343 0.82092 8.0000 78.79 0.8521 0.8547 1.780855 
695.7584 16.317 105.534 -0.14072 0.50626 1.342 0.82058 8.0000 78.73 0.8521 0.8547 1.782001 
695.3105 16.326 105.507 -0.14054 0.50652 1.353 0.82031 8.0000 79.38 0.8519 0.8546 1.783149 
694.8626 16.341 105.493 -0.14050 0.50686 1.350 0.81989 8.0000 79.21 0.8522 0.8548 1.784298 
694.4146 16.351 105.483 -0.14046 0.50707 1.348 0.81955 8.0000 79.19 0.8523 0.8550 1.785449 
693.9664 16.361 105.462 -0.14033 0.50734 1.349 0.81922 8.0000 78.73 0.8522 0.8549 1.786602 
693.5182 16.379 105.442 -0.14029 0.50785 1.349 0.81885 8.0000 78.79 0.8522 0.8549 1.787757 
693.0699 16.392 105.432 -0.14030 0.50824 1.358 0.81861 8.0000 78.81 0.8522 0.8549 1.788913 
692.6215 16.405 105.424 -0.14031 0.50855 1.357 0.81831 8.0000 79.04 0.8522 0.8550 1.790071 
692.1729 16.418 105.424 -0.14037 0.50881 1.365 0.81787 8.0000 79.11 0.8522 0.8550 1.791231 
691.7243 16.433 105.426 -0.14048 0.50909 1.364 0.81741 8.0000 79.40 0.8525 0.8553 1.792393 
691.2756 16.451 105.436 -0.14067 0.50945 1.361 0.81688 8.0000 79.21 0.8528 0.8556 1.793557 
690.8267 16.462 105.429 -0.14067 0.50968 1.367 0.81657 8.0000 78.93 0.8529 0.8557 1.794722 
690.3778 16.476 105.414 -0.14063 0.51006 1.368 0.81624 8.0000 78.86 0.8530 0.8558 1.795889 
689.9288 16.490 105.413 -0.14072 0.51042 1.374 0.81590 8.0000 78.77 0.8533 0.8560 1.797058 
689.4797 16.509 105.424 -0.14093 0.51081 1.371 0.81543 8.0000 78.88 0.8536 0.8564 1.798228 
689.0304 16.523 105.444 -0.14120 0.51109 1.363 0.81507 8.0000 78.38 0.8540 0.8567 1.799401 
688.5811 16.534 105.438 -0.14121 0.51135 1.376 0.81476 8.0000 79.25 0.8541 0.8569 1.800575 
688.1317 16.547 105.441 -0.14132 0.51164 1.373 0.81445 8.0000 79.09 0.8543 0.8571 1.801751 
687.6821 16.558 105.447 -0.14145 0.51190 1.380 0.81420 8.0000 79.24 0.8544 0.8572 1.802929 
687.2325 16.574 105.432 -0.14141 0.51229 1.390 0.81376 8.0000 79.26 0.8545 0.8573 1.804108 
686.7828 16.589 105.443 -0.14161 0.51262 1.401 0.81340 8.0000 79.27 0.8547 0.8575 1.805290 
686.3329 16.605 105.463 -0.14190 0.51297 1.395 0.81304 8.0000 79.00 0.8550 0.8578 1.806473 
685.8830 16.622 105.492 -0.14229 0.51336 1.393 0.81273 8.0000 78.93 0.8553 0.8582 1.807658 
685.4330 16.639 105.505 -0.14252 0.51375 1.398 0.81231 8.0000 79.12 0.8556 0.8584 1.808845 
684.9828 16.658 105.532 -0.14290 0.51417 1.400 0.81192 8.0000 79.21 0.8561 0.8590 1.810034 
684.5327 16.670 105.551 -0.14315 0.51440 1.401 0.81160 8.0000 79.22 0.8563 0.8591 1.811224 
684.0823 16.680 105.548 -0.14318 0.51460 1.405 0.81128 8.0000 79.01 0.8563 0.8591 1.812416 
683.6319 16.694 105.562 -0.14339 0.51487 1.417 0.81089 8.0000 79.08 0.8565 0.8593 1.813610 
683.1813 16.707 105.565 -0.14348 0.51511 1.418 0.81053 8.0000 78.92 0.8566 0.8594 1.814807 
682.7307 16.724 105.555 -0.14352 0.51556 1.422 0.81012 8.0000 79.05 0.8568 0.8596 1.816004 
682.2800 16.738 105.582 -0.14385 0.51585 1.424 0.80984 8.0000 79.24 0.8570 0.8599 1.817204 
681.8292 16.750 105.573 -0.14382 0.51606 1.410 0.80942 8.0000 78.88 0.8571 0.8599 1.818405 
681.3782 16.769 105.601 -0.14421 0.51648 1.417 0.80898 8.0000 79.18 0.8576 0.8604 1.819609 
680.9272 16.783 105.630 -0.14458 0.51677 1.435 0.80872 8.0000 79.00 0.8580 0.8608 1.820814 
680.4761 16.797 105.639 -0.14474 0.51704 1.434 0.80833 8.0000 79.19 0.8582 0.8610 1.822021 
680.0248 16.809 105.657 -0.14500 0.51734 1.436 0.80809 8.0000 78.96 0.8585 0.8613 1.823230 
679.5735 16.821 105.666 -0.14516 0.51759 1.442 0.80778 8.0000 79.08 0.8587 0.8615 1.824441 
679.1221 16.836 105.687 -0.14545 0.51792 1.441 0.80750 8.0000 79.03 0.8591 0.8619 1.825654 
678.6705 16.850 105.711 -0.14578 0.51824 1.455 0.80721 8.0000 79.37 0.8594 0.8622 1.826869 
678.2189 16.863 105.728 -0.14604 0.51859 1.456 0.80704 8.0000 79.48 0.8597 0.8624 1.828085 
677.7672 16.879 105.741 -0.14628 0.51899 1.453 0.80674 8.0000 79.04 0.8600 0.8628 1.829303 
677.3154 16.894 105.767 -0.14666 0.51943 1.459 0.80659 8.0000 78.76 0.8604 0.8632 1.830524 
676.8634 16.909 105.770 -0.14681 0.51988 1.471 0.80640 8.0000 79.19 0.8607 0.8634 1.831746 
676.4114 16.920 105.775 -0.14693 0.52010 1.473 0.80609 8.0000 79.13 0.8609 0.8636 1.832970 
675.9592 16.930 105.773 -0.14700 0.52043 1.477 0.80598 8.0000 79.22 0.8611 0.8638 1.834196 
675.5070 16.945 105.798 -0.14738 0.52089 1.476 0.80592 8.0000 79.16 0.8616 0.8643 1.835424 
675.0547 16.956 105.831 -0.14779 0.52121 1.477 0.80588 8.0000 79.07 0.8620 0.8647 1.836654 
674.6022 16.967 105.849 -0.14805 0.52148 1.480 0.80568 8.0000 78.98 0.8622 0.8649 1.837886 
674.1497 16.980 105.865 -0.14830 0.52183 1.488 0.80550 8.0000 79.16 0.8625 0.8652 1.839120 
673.6971 16.991 105.884 -0.14858 0.52214 1.484 0.80536 8.0000 78.82 0.8629 0.8655 1.840355 
673.2443 17.004 105.892 -0.14878 0.52255 1.498 0.80524 8.0000 79.16 0.8632 0.8658 1.841593 
672.7915 17.017 105.903 -0.14898 0.52290 1.506 0.80503 8.0000 79.32 0.8635 0.8662 1.842832 
672.3386 17.032 105.933 -0.14941 0.52335 1.508 0.80497 8.0000 79.22 0.8642 0.8668 1.844074 
671.8855 17.044 105.955 -0.14972 0.52366 1.499 0.80482 8.0000 79.00 0.8646 0.8672 1.845317 
671.4324 17.059 105.986 -0.15016 0.52413 1.514 0.80474 8.0000 79.03 0.8652 0.8678 1.846563 
670.9791 17.075 106.015 -0.15060 0.52465 1.514 0.80469 8.0000 79.30 0.8656 0.8682 1.847810 
670.5258 17.091 106.050 -0.15110 0.52522 1.527 0.80471 8.0000 79.16 0.8664 0.8689 1.849059 
670.0723 17.106 106.070 -0.15144 0.52573 1.541 0.80468 8.0000 79.42 0.8670 0.8695 1.850311 
669.6188 17.120 106.092 -0.15180 0.52621 1.531 0.80464 8.0000 78.79 0.8675 0.8701 1.851564 
669.1651 17.132 106.107 -0.15208 0.52664 1.548 0.80468 8.0000 79.36 0.8679 0.8704 1.852819 
668.7114 17.146 106.130 -0.15245 0.52714 1.543 0.80465 8.0000 79.18 0.8683 0.8708 1.854076 
668.2575 17.158 106.152 -0.15281 0.52763 1.547 0.80476 8.0000 79.13 0.8686 0.8710 1.855336 
667.8035 17.173 106.172 -0.15318 0.52819 1.542 0.80478 8.0000 79.10 0.8690 0.8715 1.856597 
667.3495 17.188 106.200 -0.15360 0.52867 1.557 0.80477 8.0000 79.25 0.8696 0.8720 1.857860 
666.8953 17.204 106.227 -0.15402 0.52923 1.569 0.80475 8.0000 79.26 0.8702 0.8726 1.859125 
666.4411 17.219 106.246 -0.15438 0.52978 1.570 0.80477 8.0000 78.80 0.8708 0.8732 1.860392 
665.9868 17.232 106.269 -0.15476 0.53030 1.571 0.80485 8.0000 79.02 0.8713 0.8737 1.861661 
665.5323 17.245 106.293 -0.15516 0.53086 1.582 0.80499 8.0000 79.28 0.8718 0.8742 1.862933 
665.0777 17.263 106.322 -0.15564 0.53150 1.579 0.80503 8.0000 78.84 0.8725 0.8748 1.864206 
664.6230 17.278 106.350 -0.15609 0.53205 1.583 0.80505 8.0000 79.22 0.8731 0.8754 1.865482 
664.1683 17.296 106.378 -0.15655 0.53268 1.587 0.80508 8.0000 79.07 0.8738 0.8760 1.866759 
663.7134 17.312 106.403 -0.15697 0.53324 1.598 0.80506 8.0000 79.11 0.8743 0.8766 1.868038 
663.2584 17.327 106.437 -0.15748 0.53382 1.599 0.80517 8.0000 79.23 0.8750 0.8772 1.869319 
662.8034 17.341 106.461 -0.15788 0.53434 1.602 0.80522 8.0000 78.53 0.8756 0.8778 1.870603 
662.3482 17.358 106.494 -0.15841 0.53497 1.617 0.80525 8.0000 79.18 0.8763 0.8785 1.871888 
661.8929 17.375 106.521 -0.15886 0.53559 1.625 0.80528 8.0000 79.24 0.8770 0.8791 1.873176 
661.4376 17.392 106.547 -0.15933 0.53625 1.627 0.80538 8.0000 78.98 0.8777 0.8799 1.874465 
660.9821 17.407 106.579 -0.15982 0.53684 1.633 0.80550 8.0000 79.14 0.8784 0.8805 1.875757 
660.5265 17.423 106.613 -0.16035 0.53745 1.636 0.80561 8.0000 78.44 0.8789 0.8810 1.877051 
660.0708 17.437 106.635 -0.16074 0.53800 1.651 0.80570 8.0000 79.20 0.8794 0.8815 1.878347 
659.6151 17.453 106.650 -0.16110 0.53868 1.652 0.80577 8.0000 79.10 0.8800 0.8820 1.879644 
659.1592 17.473 106.682 -0.16165 0.53942 1.655 0.80581 8.0000 78.94 0.8808 0.8829 1.880945 
658.7032 17.492 106.720 -0.16224 0.54011 1.649 0.80588 8.0000 78.79 0.8818 0.8838 1.882247 
658.2471 17.508 106.744 -0.16267 0.54072 1.670 0.80592 8.0000 79.18 0.8826 0.8846 1.883551 
657.7909 17.525 106.775 -0.16317 0.54128 1.674 0.80591 8.0000 79.19 0.8836 0.8855 1.884857 
657.3346 17.543 106.805 -0.16366 0.54192 1.696 0.80587 8.0000 79.00 0.8843 0.8861 1.886166 
656.8782 17.562 106.836 -0.16417 0.54255 1.689 0.80584 8.0000 78.91 0.8849 0.8868 1.887476 
656.4218 17.580 106.865 -0.16467 0.54317 1.703 0.80581 8.0000 79.00 0.8856 0.8875 1.888788 
655.9651 17.598 106.898 -0.16519 0.54377 1.712 0.80576 8.0000 78.86 0.8864 0.8882 1.890103 
655.5084 17.615 106.920 -0.16559 0.54435 1.708 0.80568 8.0000 78.48 0.8873 0.8890 1.891420 
655.0516 17.632 106.954 -0.16613 0.54493 1.724 0.80565 8.0000 78.66 0.8881 0.8899 1.892739 
654.5947 17.646 106.982 -0.16655 0.54539 1.735 0.80567 8.0000 78.96 0.8889 0.8906 1.894060 
654.1377 17.662 107.003 -0.16695 0.54597 1.737 0.80563 8.0000 78.81 0.8895 0.8912 1.895384 
653.6806 17.675 107.023 -0.16730 0.54643 1.751 0.80564 8.0000 78.87 0.8901 0.8918 1.896709 
653.2234 17.692 107.050 -0.16775 0.54699 1.758 0.80556 8.0000 79.23 0.8909 0.8926 1.898037 
652.7661 17.707 107.078 -0.16820 0.54751 1.757 0.80553 8.0000 78.66 0.8917 0.8934 1.899366 
652.3087 17.721 107.097 -0.16854 0.54794 1.770 0.80544 8.0000 78.75 0.8924 0.8940 1.900698 
651.8511 17.734 107.122 -0.16894 0.54838 1.777 0.80540 8.0000 78.59 0.8930 0.8946 1.902032 
651.3936 17.748 107.134 -0.16923 0.54891 1.793 0.80537 8.0000 78.51 0.8937 0.8953 1.903368 
650.9358 17.765 107.166 -0.16975 0.54951 1.808 0.80543 8.0000 79.12 0.8943 0.8959 1.904707 
650.4780 17.779 107.181 -0.17006 0.55002 1.810 0.80538 8.0000 78.71 0.8949 0.8965 1.906047 
650.0201 17.797 107.196 -0.17038 0.55056 1.814 0.80517 8.0000 78.40 0.8956 0.8972 1.907390 
649.5620 17.812 107.213 -0.17070 0.55100 1.809 0.80500 8.0000 78.78 0.8963 0.8978 1.908735 
649.1039 17.825 107.229 -0.17101 0.55144 1.822 0.80494 8.0000 78.39 0.8970 0.8985 1.910082 
648.6457 17.837 107.233 -0.17115 0.55180 1.838 0.80479 8.0000 78.22 0.8976 0.8991 1.911432 
648.1873 17.851 107.242 -0.17141 0.55229 1.858 0.80469 8.0000 78.56 0.8982 0.8996 1.912783 
647.7289 17.865 107.255 -0.17169 0.55275 1.874 0.80458 8.0000 78.83 0.8989 0.9004 1.914137 
647.2703 17.880 107.268 -0.17197 0.55324 1.871 0.80449 8.0000 78.57 0.8995 0.9009 1.915493 
646.8117 17.892 107.265 -0.17207 0.55364 1.880 0.80435 8.0000 78.29 0.8999 0.9014 1.916851 
646.3530 17.906 107.278 -0.17235 0.55409 1.875 0.80419 8.0000 77.53 0.9006 0.9021 1.918212 
645.8941 17.918 107.284 -0.17253 0.55448 1.905 0.80409 8.0000 78.73 0.9012 0.9026 1.919575 
645.4351 17.931 107.288 -0.17271 0.55493 1.908 0.80400 8.0000 78.14 0.9017 0.9031 1.920940 
644.9761 17.945 107.296 -0.17295 0.55542 1.928 0.80390 8.0000 78.18 0.9022 0.9036 1.922307 
644.5169 17.957 107.288 -0.17299 0.55582 1.923 0.80374 8.0000 78.32 0.9029 0.9043 1.923676 
644.0577 17.974 107.293 -0.17322 0.55637 1.929 0.80355 8.0000 78.18 0.9036 0.9049 1.925048 
643.5983 17.985 107.293 -0.17335 0.55679 1.942 0.80354 8.0000 77.95 0.9041 0.9055 1.926422 
643.1389 17.997 107.293 -0.17348 0.55722 1.962 0.80346 8.0000 78.39 0.9044 0.9058 1.927798 
642.6793 18.007 107.300 -0.17371 0.55769 1.975 0.80355 8.0000 78.53 0.9050 0.9063 1.929177 
642.2196 18.018 107.292 -0.17373 0.55808 1.970 0.80342 8.0000 77.85 0.9055 0.9069 1.930558 
641.7598 18.035 107.301 -0.17402 0.55867 1.991 0.80334 8.0000 77.64 0.9062 0.9075 1.931941 
641.2999 18.049 107.289 -0.17404 0.55917 1.999 0.80316 8.0000 77.75 0.9067 0.9080 1.933326 
640.8400 18.065 107.279 -0.17412 0.55975 2.004 0.80301 8.0000 77.76 0.9071 0.9084 1.934714 
640.3799 18.077 107.279 -0.17426 0.56022 2.028 0.80299 8.0000 77.87 0.9074 0.9087 1.936104 
639.9197 18.092 107.273 -0.17440 0.56086 2.056 0.80299 8.0000 78.32 0.9080 0.9094 1.937496 
639.4594 18.103 107.266 -0.17447 0.56132 2.054 0.80296 8.0000 78.32 0.9084 0.9097 1.938891 
638.9990 18.113 107.255 -0.17445 0.56164 2.058 0.80281 8.0000 78.61 0.9089 0.9102 1.940288 
638.5385 18.124 107.245 -0.17448 0.56210 2.085 0.80276 8.0000 78.62 0.9092 0.9105 1.941687 
638.0779 18.134 107.241 -0.17454 0.56243 2.079 0.80263 8.0000 78.81 0.9098 0.9111 1.943089 
637.6172 18.145 107.225 -0.17449 0.56280 2.077 0.80242 8.0000 78.41 0.9102 0.9115 1.944493 
637.1564 18.161 107.218 -0.17457 0.56333 2.084 0.80225 8.0000 78.38 0.9109 0.9122 1.945899 
636.6954 18.173 107.217 -0.17470 0.56375 2.108 0.80212 8.0000 78.69 0.9115 0.9127 1.947308 
636.2344 18.189 107.200 -0.17468 0.56433 2.129 0.80194 8.0000 78.55 0.9119 0.9132 1.948719 
635.7733 18.201 107.183 -0.17462 0.56470 2.126 0.80167 8.0000 78.53 0.9122 0.9135 1.950132 
635.3121 18.208 107.172 -0.17459 0.56498 2.137 0.80161 8.0000 78.07 0.9126 0.9139 1.951548 
634.8508 18.220 107.155 -0.17456 0.56549 2.141 0.80159 8.0000 78.29 0.9132 0.9145 1.952966 
634.3893 18.229 107.134 -0.17443 0.56580 2.171 0.80135 8.0000 78.32 0.9133 0.9145 1.954387 
633.9278 18.251 107.113 -0.17444 0.56657 2.186 0.80111 8.0000 78.50 0.9133 0.9145 1.955809 
633.4662 18.272 107.100 -0.17453 0.56732 2.199 0.80089 8.0000 78.34 0.9137 0.9149 1.957235 
633.0044 18.287 107.091 -0.17459 0.56785 2.214 0.80071 8.0000 78.29 0.9140 0.9152 1.958662 
632.5425 18.300 107.083 -0.17461 0.56819 2.216 0.80037 8.0000 78.33 0.9140 0.9153 1.960093 
632.0806 18.311 107.065 -0.17451 0.56850 2.231 0.80008 8.0000 78.51 0.9146 0.9158 1.961525 
631.6186 18.314 107.060 -0.17444 0.56843 2.234 0.79981 8.0000 77.75 0.9145 0.9156 1.962960 
631.1564 18.325 107.062 -0.17453 0.56868 2.268 0.79954 8.0000 78.27 0.9154 0.9166 1.964397 
630.6942 18.329 107.030 -0.17422 0.56878 2.259 0.79932 8.0000 78.42 0.9168 0.9180 1.965837 
630.2318 18.335 107.001 -0.17398 0.56901 2.304 0.79913 8.0000 78.23 0.9183 0.9194 1.967279 
629.7693 18.333 106.987 -0.17379 0.56893 2.307 0.79909 8.0000 77.87 0.9197 0.9208 1.968724 
629.3068 18.350 106.965 -0.17374 0.56952 2.317 0.79886 8.0000 78.44 0.9204 0.9215 1.970171 
628.8441 18.349 106.950 -0.17355 0.56943 2.327 0.79872 8.0000 77.72 0.9208 0.9219 1.971620 
628.3813 18.372 106.930 -0.17357 0.57020 2.329 0.79837 8.0000 78.12 0.9210 0.9221 1.973073 
627.9184 18.392 106.903 -0.17347 0.57083 2.355 0.79800 8.0000 77.79 0.9220 0.9231 1.974527 
627.4554 18.419 106.910 -0.17377 0.57158 2.359 0.79749 8.0000 77.91 0.9217 0.9228 1.975984 
626.9923 18.427 106.898 -0.17373 0.57188 2.393 0.79735 8.0000 78.06 0.9213 0.9224 1.977444 
626.5291 18.429 106.887 -0.17356 0.57173 2.383 0.79699 8.0000 77.95 0.9207 0.9218 1.978905 
626.0658 18.435 106.869 -0.17343 0.57192 2.391 0.79685 8.0000 77.86 0.9224 0.9234 1.980370 
625.6024 18.446 106.855 -0.17335 0.57218 2.416 0.79650 8.0000 77.98 0.9234 0.9245 1.981837 
625.1389 18.459 106.871 -0.17357 0.57232 2.445 0.79603 8.0000 77.91 0.9244 0.9254 1.983306 
624.6753 18.481 106.872 -0.17369 0.57271 2.445 0.79530 8.0000 78.00 0.9235 0.9245 1.984778 
624.2115 18.482 106.880 -0.17371 0.57248 2.464 0.79496 8.0000 77.53 0.9252 0.9261 1.986253 
623.7477 18.487 106.871 -0.17359 0.57239 2.435 0.79447 8.0000 77.39 0.9276 0.9285 1.987730 
623.2838 18.518 106.879 -0.17406 0.57364 2.463 0.79451 8.0000 77.08 0.9290 0.9299 1.989209 
622.8198 18.535 106.851 -0.17398 0.57441 2.491 0.79445 8.0000 77.62 0.9320 0.9328 1.990691 
622.3557 18.537 106.741 -0.17301 0.57520 2.518 0.79494 8.0000 77.62 0.9355 0.9364 1.992176 
621.8914 18.543 106.642 -0.17210 0.57575 2.537 0.79496 8.0000 77.70 0.9386 0.9394 1.993663 
621.4271 18.544 106.537 -0.17106 0.57615 2.546 0.79504 8.0000 77.53 0.9402 0.9411 1.995153 
620.9626 18.539 106.409 -0.16966 0.57614 2.486 0.79475 8.0000 77.05 0.9414 0.9422 1.996645 
620.4980 18.528 106.296 -0.16826 0.57556 2.559 0.79416 8.0000 77.13 0.9411 0.9419 1.998140 
620.0334 18.535 106.178 -0.16705 0.57579 2.532 0.79359 8.0000 77.23 0.9429 0.9437 1.999637 
619.5687 18.556 106.049 -0.16580 0.57634 2.613 0.79260 8.0000 76.95 0.9439 0.9447 2.001137 
619.1038 18.560 105.945 -0.16464 0.57626 2.561 0.79189 8.0000 77.27 0.9462 0.9470 2.002640 
618.6388 18.556 105.845 -0.16350 0.57606 2.597 0.79142 8.0000 76.97 0.9489 0.9496 2.004145 
618.1737 18.564 105.742 -0.16243 0.57623 2.606 0.79077 8.0000 77.50 0.9509 0.9516 2.005653 
617.7086 18.561 105.640 -0.16122 0.57584 2.646 0.79003 8.0000 76.79 0.9533 0.9540 2.007163 
617.2433 18.562 105.544 -0.16010 0.57557 2.599 0.78924 8.0000 76.74 0.9549 0.9557 2.008676 
616.7779 18.568 105.452 -0.15910 0.57557 2.602 0.78854 8.0000 77.55 0.9569 0.9576 2.010192 
616.3124 18.570 105.375 -0.15820 0.57534 2.663 0.78783 8.0000 77.20 0.9582 0.9588 2.011710 
615.8468 18.561 105.305 -0.15729 0.57476 2.615 0.78726 8.0000 76.76 0.9597 0.9604 2.013231 
615.3810 18.568 105.225 -0.15640 0.57466 2.625 0.78643 8.0000 76.58 0.9616 0.9623 2.014755 
614.9153 18.560 105.155 -0.15547 0.57399 2.646 0.78571 8.0000 76.85 0.9634 0.9641 2.016281 
614.4493 18.559 105.087 -0.15463 0.57357 2.576 0.78496 8.0000 76.94 0.9651 0.9658 2.017810 
613.9833 18.559 105.036 -0.15396 0.57315 2.688 0.78422 8.0000 76.27 0.9665 0.9672 2.019341 
613.5172 18.562 104.976 -0.15327 0.57294 2.611 0.78354 8.0000 75.39 0.9682 0.9689 2.020875 
613.0510 18.569 104.923 -0.15266 0.57280 2.603 0.78272 8.0000 76.81 0.9693 0.9700 2.022412 
612.5847 18.576 104.878 -0.15210 0.57251 2.668 0.78179 8.0000 76.67 0.9706 0.9714 2.023952 
612.1182 18.585 104.836 -0.15160 0.57234 2.613 0.78089 8.0000 76.26 0.9717 0.9724 2.025494 
611.6517 18.591 104.794 -0.15110 0.57211 2.763 0.78005 8.0000 76.20 0.9725 0.9733 2.027039 
611.1850 18.600 104.761 -0.15071 0.57199 2.919 0.77928 8.0000 75.27 0.9730 0.9738 2.028587 
610.7183 18.608 104.729 -0.15030 0.57175 2.699 0.77842 8.0000 76.66 0.9734 0.9742 2.030137 
610.2514 18.618 104.697 -0.14995 0.57168 2.730 0.77763 8.0000 75.96 0.9737 0.9746 2.031690 
609.7844 18.626 104.666 -0.14956 0.57145 2.623 0.77673 8.0000 76.75 0.9741 0.9749 2.033246 
609.3173 18.640 104.648 -0.14937 0.57147 2.619 0.77595 8.0000 75.76 0.9743 0.9752 2.034805 
608.8502 18.657 104.630 -0.14920 0.57157 2.626 0.77505 8.0000 75.04 0.9742 0.9751 2.036366 
608.3829 18.670 104.625 -0.14912 0.57147 2.670 0.77418 8.0000 75.34 0.9738 0.9747 2.037930 
607.9155 18.686 104.617 -0.14905 0.57155 2.466 0.77334 8.0000 76.25 0.9735 0.9744 2.039497 
607.4480 18.704 104.621 -0.14914 0.57171 2.447 0.77257 8.0000 75.71 0.9730 0.9739 2.041067 
606.9804 18.721 104.626 -0.14924 0.57185 2.485 0.77182 8.0000 74.25 0.9724 0.9732 2.042639 
606.5127 18.741 104.628 -0.14931 0.57207 2.666 0.77100 8.0000 73.45 0.9717 0.9725 2.044214 
606.0449 18.760 104.641 -0.14950 0.57229 2.624 0.77029 8.0000 74.46 0.9707 0.9716 2.045792 
605.5770 18.780 104.659 -0.14977 0.57255 2.612 0.76962 8.0000 73.89 0.9700 0.9708 2.047373 
605.1089 18.803 104.676 -0.15003 0.57286 2.642 0.76880 8.0000 74.75 0.9689 0.9698 2.048957 
604.6408 18.826 104.688 -0.15025 0.57319 2.683 0.76801 8.0000 75.29 0.9681 0.9690 2.050543 
604.1726 18.855 104.706 -0.15057 0.57369 2.673 0.76715 8.0000 73.71 0.9669 0.9678 2.052132 
603.7042 18.883 104.734 -0.15103 0.57428 2.275 0.76645 8.0000 73.81 0.9657 0.9666 2.053724 
603.2358 18.911 104.762 -0.15147 0.57481 2.606 0.76572 8.0000 73.61 0.9644 0.9653 2.055319 
602.7673 18.938 104.800 -0.15201 0.57533 2.293 0.76509 8.0000 72.59 0.9630 0.9639 2.056916 
602.2986 18.961 104.835 -0.15250 0.57575 2.463 0.76446 8.0000 73.96 0.9614 0.9623 2.058517 
601.8298 18.988 104.870 -0.15299 0.57619 2.317 0.76368 8.0000 73.28 0.9601 0.9610 2.060121 
601.3610 19.016 104.912 -0.15358 0.57668 2.367 0.76295 8.0000 72.89 0.9584 0.9593 2.061726 
600.8920 19.044 104.954 -0.15415 0.57718 2.438 0.76223 8.0000 72.94 0.9569 0.9578 2.063336 
600.4229 19.073 104.997 -0.15478 0.57776 2.560 0.76154 8.0000 72.42 0.9550 0.9558 2.064948 
599.9537 19.105 105.045 -0.15546 0.57839 2.757 0.76083 8.0000 73.42 0.9532 0.9541 2.066563 
599.4844 19.137 105.090 -0.15615 0.57911 2.749 0.76016 8.0000 72.63 0.9513 0.9521 2.068181 
599.0150 19.172 105.150 -0.15701 0.57990 2.616 0.75949 8.0000 71.22 0.9494 0.9502 2.069801 
598.5455 19.204 105.197 -0.15769 0.58052 2.550 0.75873 8.0000 71.10 0.9471 0.9480 2.071425 
598.0759 19.239 105.241 -0.15838 0.58131 2.794 0.75802 8.0000 72.53 0.9452 0.9461 2.073051 
597.6062 19.268 105.303 -0.15921 0.58186 2.672 0.75741 8.0000 71.97 0.9432 0.9441 2.074680 
597.1364 19.302 105.367 -0.16014 0.58268 2.624 0.75687 8.0000 71.21 0.9413 0.9421 2.076313 
596.6664 19.342 105.426 -0.16104 0.58364 2.562 0.75616 8.0000 71.56 0.9391 0.9400 2.077948 
596.1964 19.378 105.488 -0.16193 0.58440 2.507 0.75542 8.0000 70.55 0.9368 0.9376 2.079586 
595.7263 19.415 105.553 -0.16291 0.58533 2.695 0.75488 8.0000 71.30 0.9349 0.9357 2.081227 
595.2560 19.443 105.626 -0.16389 0.58598 2.664 0.75444 8.0000 70.35 0.9334 0.9342 2.082872 
594.7857 19.470 105.690 -0.16476 0.58653 2.664 0.75397 8.0000 70.50 0.9314 0.9323 2.084519 
594.3152 19.499 105.752 -0.16562 0.58718 2.674 0.75346 8.0000 70.07 0.9298 0.9307 2.086169 
593.8447 19.529 105.815 -0.16655 0.58800 2.667 0.75313 8.0000 70.27 0.9286 0.9294 2.087822 
593.3740 19.558 105.879 -0.16748 0.58879 2.640 0.75281 8.0000 70.04 0.9268 0.9276 2.089478 
592.9032 19.598 105.932 -0.16844 0.59007 2.672 0.75249 8.0000 70.49 0.9259 0.9267 2.091137 
592.4323 19.635 105.978 -0.16928 0.59120 2.641 0.75212 8.0000 68.84 0.9240 0.9249 2.092799 
591.9613 19.678 106.043 -0.17039 0.59252 2.637 0.75176 8.0000 68.51 0.9218 0.9227 2.094464 
591.4902 19.720 106.108 -0.17146 0.59373 2.612 0.75128 8.0000 68.49 0.9195 0.9204 2.096133 
591.0190 19.772 106.166 -0.17256 0.59528 2.583 0.75070 8.0000 68.34 0.9172 0.9181 2.097804 
590.5477 19.805 106.222 -0.17347 0.59624 2.586 0.75036 8.0000 68.05 0.9154 0.9163 2.099478 
590.0763 19.855 106.268 -0.17448 0.59791 2.581 0.74996 8.0000 68.02 0.9139 0.9148 2.101155 
589.6048 19.879 106.322 -0.17529 0.59861 2.589 0.74977 8.0000 67.55 0.9128 0.9137 2.102836 
589.1331 19.910 106.376 -0.17620 0.59960 2.528 0.74958 8.0000 67.70 0.9112 0.9121 2.104519 
588.6614 19.927 106.392 -0.17659 0.60031 2.532 0.74959 8.0000 67.95 0.9110 0.9119 2.106206 
588.1896 19.956 106.414 -0.17713 0.60130 2.528 0.74939 8.0000 67.73 0.9113 0.9121 2.107895 
587.7176 19.994 106.431 -0.17779 0.60288 2.521 0.74938 8.0000 65.62 0.9122 0.9131 2.109588 
587.2455 20.033 106.445 -0.17835 0.60423 2.463 0.74906 8.0000 65.49 0.9113 0.9122 2.111284 
586.7734 20.062 106.443 -0.17870 0.60547 2.475 0.74904 8.0000 67.01 0.9111 0.9119 2.112983 
586.3011 20.086 106.397 -0.17853 0.60670 2.451 0.74909 8.0000 67.42 0.9112 0.9120 2.114685 
585.8287 20.095 106.354 -0.17832 0.60768 2.490 0.74967 8.0000 67.43 0.9137 0.9145 2.116390 
585.3563 20.127 106.280 -0.17795 0.60934 2.425 0.74973 8.0000 66.44 0.9139 0.9147 2.118098 
584.8837 20.157 106.202 -0.17755 0.61106 2.404 0.74996 8.0000 65.34 0.9134 0.9142 2.119809 
584.4109 20.158 106.090 -0.17632 0.61128 2.393 0.74976 8.0000 64.97 0.9141 0.9150 2.121524 
583.9382 20.169 105.991 -0.17533 0.61182 2.384 0.74947 8.0000 65.11 0.9135 0.9143 2.123242 
583.4652 20.194 105.954 -0.17502 0.61224 2.364 0.74850 8.0000 65.84 0.9120 0.9128 2.124963 
582.9922 20.216 105.909 -0.17464 0.61270 2.342 0.74775 8.0000 65.31 0.9107 0.9115 2.126687 
582.5191 20.239 105.868 -0.17428 0.61313 2.313 0.74688 8.0000 65.33 0.9108 0.9115 2.128414 
582.0458 20.264 105.848 -0.17424 0.61377 2.314 0.74627 8.0000 63.90 0.9115 0.9122 2.130145 
581.5725 20.296 105.822 -0.17425 0.61486 2.297 0.74586 8.0000 64.57 0.9139 0.9146 2.131878 
581.0991 20.311 105.800 -0.17409 0.61522 2.271 0.74537 8.0000 64.07 0.9144 0.9151 2.133615 
580.6255 20.310 105.800 -0.17408 0.61520 2.254 0.74545 8.0000 64.21 0.9157 0.9164 2.135356 
580.1519 20.323 105.782 -0.17400 0.61567 2.234 0.74523 8.0000 63.29 0.9160 0.9167 2.137099 
579.6780 20.346 105.758 -0.17390 0.61625 2.209 0.74465 8.0000 63.09 0.9159 0.9166 2.138846 
579.2042 20.355 105.744 -0.17376 0.61634 2.215 0.74425 8.0000 64.15 0.9164 0.9171 2.140595 
578.7302 20.374 105.732 -0.17379 0.61698 2.198 0.74393 8.0000 63.66 0.9163 0.9169 2.142349 
578.2561 20.389 105.726 -0.17383 0.61737 2.171 0.74364 8.0000 62.78 0.9168 0.9175 2.144105 
577.7819 20.397 105.716 -0.17375 0.61746 2.154 0.74327 8.0000 62.91 0.9171 0.9178 2.145865 
577.3076 20.409 105.700 -0.17363 0.61769 2.136 0.74286 8.0000 62.88 0.9181 0.9188 2.147628 
576.8332 20.433 105.682 -0.17359 0.61831 2.110 0.74228 8.0000 61.65 0.9188 0.9195 2.149394 
576.3586 20.444 105.679 -0.17361 0.61853 2.086 0.74196 8.0000 61.48 0.9189 0.9196 2.151164 
575.8840 20.468 105.668 -0.17368 0.61919 2.072 0.74148 8.0000 62.83 0.9193 0.9200 2.152937 
575.4093 20.489 105.662 -0.17376 0.61974 2.069 0.74098 8.0000 62.80 0.9194 0.9201 2.154713 
574.9344 20.510 105.648 -0.17375 0.62027 2.041 0.74049 8.0000 61.52 0.9197 0.9204 2.156493 
574.4595 20.530 105.644 -0.17382 0.62069 2.042 0.73993 8.0000 62.01 0.9195 0.9203 2.158276 
573.9844 20.545 105.637 -0.17381 0.62098 2.009 0.73947 8.0000 61.01 0.9197 0.9204 2.160062 
573.5092 20.563 105.624 -0.17378 0.62139 1.998 0.73899 8.0000 62.06 0.9197 0.9204 2.161852 
573.0339 20.581 105.617 -0.17380 0.62179 1.992 0.73850 8.0000 60.89 0.9197 0.9204 2.163645 
572.5586 20.598 105.610 -0.17383 0.62220 1.962 0.73807 8.0000 60.88 0.9196 0.9203 2.165441 
572.0831 20.615 105.603 -0.17387 0.62260 1.936 0.73762 8.0000 60.75 0.9198 0.9205 2.167241 
571.6075 20.636 105.594 -0.17391 0.62312 1.924 0.73711 8.0000 60.45 0.9199 0.9206 2.169044 
571.1318 20.658 105.594 -0.17406 0.62368 1.920 0.73663 8.0000 59.37 0.9201 0.9208 2.170851 
570.6559 20.680 105.594 -0.17423 0.62427 1.895 0.73621 8.0000 60.10 0.9200 0.9207 2.172661 
570.1801 20.700 105.592 -0.17435 0.62477 1.869 0.73572 8.0000 59.55 0.9198 0.9205 2.174474 
569.7040 20.715 105.595 -0.17445 0.62502 1.858 0.73529 8.0000 58.62 0.9199 0.9207 2.176291 
569.2278 20.737 105.593 -0.17460 0.62565 1.857 0.73485 8.0000 59.53 0.9202 0.9209 2.178112 
568.7516 20.755 105.593 -0.17474 0.62612 1.831 0.73448 8.0000 58.24 0.9201 0.9208 2.179936 
568.2753 20.774 105.586 -0.17479 0.62660 1.810 0.73403 8.0000 57.98 0.9202 0.9210 2.181763 
567.7988 20.793 105.580 -0.17485 0.62706 1.796 0.73360 8.0000 58.36 0.9204 0.9211 2.183594 
567.3222 20.808 105.579 -0.17493 0.62741 1.787 0.73320 8.0000 58.55 0.9207 0.9214 2.185428 
566.8455 20.828 105.574 -0.17501 0.62793 1.773 0.73274 8.0000 57.87 0.9207 0.9215 2.187266 
566.3687 20.847 105.572 -0.17512 0.62843 1.763 0.73236 8.0000 58.31 0.9207 0.9214 2.189107 
565.8918 20.866 105.572 -0.17526 0.62890 1.731 0.73193 8.0000 57.44 0.9208 0.9215 2.190952 
565.4149 20.886 105.573 -0.17543 0.62946 1.729 0.73154 8.0000 57.34 0.9208 0.9215 2.192800 
564.9377 20.902 105.573 -0.17553 0.62981 1.712 0.73113 8.0000 57.61 0.9208 0.9216 2.194653 
564.4605 20.919 105.571 -0.17559 0.63013 1.700 0.73064 8.0000 57.11 0.9208 0.9215 2.196508 
563.9832 20.933 105.569 -0.17564 0.63040 1.691 0.73021 8.0000 56.73 0.9208 0.9215 2.198367 
563.5057 20.949 105.565 -0.17570 0.63075 1.659 0.72978 8.0000 55.73 0.9207 0.9214 2.200230 
563.0282 20.965 105.564 -0.17576 0.63105 1.653 0.72930 8.0000 56.13 0.9207 0.9215 2.202096 
562.5505 20.986 105.561 -0.17586 0.63152 1.636 0.72878 8.0000 55.62 0.9207 0.9214 2.203966 
562.0728 21.004 105.558 -0.17593 0.63190 1.645 0.72831 8.0000 56.45 0.9207 0.9214 2.205839 
561.5948 21.022 105.555 -0.17601 0.63231 1.613 0.72782 8.0000 55.78 0.9206 0.9213 2.207716 
561.1169 21.040 105.550 -0.17606 0.63272 1.604 0.72734 8.0000 55.25 0.9205 0.9212 2.209597 
560.6388 21.058 105.542 -0.17608 0.63311 1.585 0.72686 8.0000 55.23 0.9205 0.9212 2.211481 
560.1606 21.076 105.540 -0.17615 0.63346 1.586 0.72632 8.0000 55.00 0.9205 0.9212 2.213369 
559.6823 21.092 105.532 -0.17614 0.63376 1.575 0.72584 8.0000 55.59 0.9205 0.9212 2.215260 
559.2039 21.108 105.528 -0.17618 0.63409 1.559 0.72538 8.0000 55.13 0.9203 0.9210 2.217155 
558.7253 21.125 105.525 -0.17624 0.63443 1.545 0.72489 8.0000 55.39 0.9202 0.9209 2.219055 
558.2467 21.145 105.527 -0.17639 0.63490 1.532 0.72440 8.0000 54.08 0.9202 0.9209 2.220957 
557.7679 21.164 105.522 -0.17647 0.63537 1.519 0.72398 8.0000 54.22 0.9201 0.9208 2.222864 
557.2891 21.182 105.520 -0.17657 0.63584 1.507 0.72358 8.0000 54.21 0.9201 0.9208 2.224773 
556.8102 21.200 105.518 -0.17665 0.63619 1.501 0.72309 8.0000 53.65 0.9200 0.9207 2.226687 
556.3311 21.217 105.517 -0.17675 0.63660 1.475 0.72266 8.0000 52.28 0.9201 0.9208 2.228604 
555.8519 21.235 105.520 -0.17689 0.63699 1.486 0.72220 8.0000 53.27 0.9201 0.9208 2.230525 
555.3726 21.251 105.514 -0.17690 0.63730 1.464 0.72172 8.0000 52.61 0.9201 0.9208 2.232451 
554.8932 21.268 105.506 -0.17693 0.63772 1.455 0.72131 8.0000 53.33 0.9202 0.9208 2.234379 
554.4137 21.285 105.497 -0.17691 0.63805 1.446 0.72081 8.0000 52.89 0.9202 0.9208 2.236312 
553.9341 21.303 105.492 -0.17695 0.63843 1.442 0.72030 8.0000 53.36 0.9202 0.9209 2.238248 
553.4543 21.321 105.488 -0.17702 0.63883 1.430 0.71987 8.0000 51.59 0.9202 0.9209 2.240188 
552.9745 21.335 105.481 -0.17701 0.63912 1.413 0.71944 8.0000 51.57 0.9203 0.9210 2.242132 
552.4946 21.351 105.481 -0.17709 0.63937 1.403 0.71893 8.0000 51.54 0.9205 0.9211 2.244080 
552.0145 21.367 105.481 -0.17718 0.63971 1.401 0.71851 8.0000 51.19 0.9206 0.9212 2.246031 
551.5344 21.384 105.479 -0.17727 0.64012 1.394 0.71810 8.0000 51.28 0.9206 0.9213 2.247986 
551.0541 21.399 105.479 -0.17736 0.64042 1.382 0.71770 8.0000 51.28 0.9208 0.9214 2.249946 
550.5737 21.415 105.480 -0.17744 0.64072 1.367 0.71722 8.0000 50.79 0.9209 0.9216 2.251909 
550.0933 21.433 105.475 -0.17753 0.64123 1.363 0.71687 8.0000 51.79 0.9211 0.9218 2.253876 
549.6127 21.448 105.470 -0.17755 0.64153 1.359 0.71640 8.0000 51.39 0.9213 0.9220 2.255847 
549.1320 21.464 105.465 -0.17758 0.64185 1.347 0.71596 8.0000 50.22 0.9215 0.9221 2.257821 
548.6511 21.480 105.462 -0.17764 0.64218 1.340 0.71553 8.0000 49.53 0.9218 0.9224 2.259800 
548.1702 21.496 105.457 -0.17767 0.64254 1.325 0.71510 8.0000 49.90 0.9220 0.9226 2.261783 
547.6891 21.511 105.452 -0.17771 0.64285 1.313 0.71470 8.0000 49.21 0.9222 0.9228 2.263770 
547.2080 21.526 105.450 -0.17776 0.64314 1.315 0.71425 8.0000 49.30 0.9224 0.9231 2.265760 
546.7267 21.542 105.450 -0.17787 0.64353 1.304 0.71386 8.0000 50.11 0.9227 0.9233 2.267755 
546.2454 21.558 105.450 -0.17795 0.64386 1.295 0.71343 8.0000 48.80 0.9229 0.9235 2.269752 
545.7639 21.573 105.449 -0.17803 0.64419 1.287 0.71304 8.0000 48.04 0.9231 0.9238 2.271755 
545.2823 21.588 105.445 -0.17807 0.64452 1.283 0.71267 8.0000 48.73 0.9233 0.9239 2.273762 
544.8007 21.601 105.444 -0.17813 0.64476 1.278 0.71226 8.0000 47.68 0.9236 0.9242 2.275771 
544.3188 21.617 105.435 -0.17813 0.64516 1.273 0.71187 8.0000 47.71 0.9239 0.9246 2.277786 
543.8369 21.632 105.433 -0.17818 0.64543 1.263 0.71141 8.0000 47.47 0.9243 0.9249 2.279805 
543.3549 21.647 105.428 -0.17822 0.64581 1.239 0.71106 8.0000 46.78 0.9247 0.9253 2.281827 
542.8728 21.660 105.429 -0.17828 0.64600 1.244 0.71064 8.0000 46.87 0.9250 0.9256 2.283853 
542.3905 21.674 105.429 -0.17836 0.64629 1.234 0.71025 8.0000 46.73 0.9252 0.9259 2.285884 
541.9082 21.689 105.421 -0.17836 0.64662 1.227 0.70985 8.0000 46.33 0.9254 0.9261 2.287919 
541.4257 21.705 105.416 -0.17841 0.64700 1.226 0.70947 8.0000 46.16 0.9258 0.9264 2.289958 
540.9431 21.719 105.414 -0.17846 0.64729 1.213 0.70908 8.0000 45.19 0.9263 0.9269 2.292001 
540.4604 21.734 105.413 -0.17852 0.64756 1.205 0.70866 8.0000 45.59 0.9266 0.9272 2.294048 
539.9777 21.750 105.407 -0.17857 0.64799 1.220 0.70828 8.0000 46.09 0.9269 0.9276 2.296098 
539.4948 21.765 105.400 -0.17860 0.64839 1.203 0.70795 8.0000 45.13 0.9273 0.9280 2.298154 
539.0118 21.782 105.395 -0.17864 0.64879 1.192 0.70753 8.0000 44.76 0.9278 0.9285 2.300213 
538.5286 21.796 105.392 -0.17869 0.64906 1.185 0.70713 8.0000 43.88 0.9282 0.9289 2.302277 
538.0454 21.810 105.394 -0.17878 0.64931 1.184 0.70673 8.0000 43.70 0.9286 0.9293 2.304344 
537.5621 21.825 105.394 -0.17889 0.64974 1.169 0.70645 8.0000 43.38 0.9290 0.9297 2.306416 
537.0786 21.839 105.388 -0.17893 0.65012 1.161 0.70613 8.0000 42.90 0.9292 0.9299 2.308492 
536.5950 21.856 105.387 -0.17900 0.65045 1.156 0.70568 8.0000 42.30 0.9297 0.9303 2.310573 
536.1114 21.871 105.389 -0.17916 0.65092 1.167 0.70543 8.0000 43.22 0.9299 0.9306 2.312657 
535.6276 21.887 105.395 -0.17935 0.65136 1.154 0.70514 8.0000 41.68 0.9303 0.9310 2.314746 
535.1437 21.904 105.392 -0.17943 0.65179 1.149 0.70478 8.0000 41.96 0.9307 0.9314 2.316839 
534.6597 21.920 105.393 -0.17956 0.65217 1.142 0.70438 8.0000 41.94 0.9309 0.9316 2.318936 
534.1756 21.938 105.392 -0.17967 0.65266 1.134 0.70405 8.0000 40.75 0.9313 0.9320 2.321038 
533.6913 21.953 105.388 -0.17974 0.65306 1.127 0.70372 8.0000 39.99 0.9316 0.9323 2.323144 
533.2070 21.971 105.385 -0.17984 0.65355 1.127 0.70334 8.0000 40.04 0.9319 0.9326 2.325254 
532.7226 21.991 105.389 -0.18000 0.65400 1.125 0.70285 8.0000 39.66 0.9323 0.9330 2.327369 
532.2380 22.010 105.386 -0.18009 0.65446 1.118 0.70241 8.0000 39.14 0.9326 0.9333 2.329488 
531.7534 22.030 105.388 -0.18027 0.65503 1.112 0.70203 8.0000 39.05 0.9330 0.9337 2.331611 
531.2686 22.049 105.392 -0.18046 0.65553 1.109 0.70165 8.0000 39.14 0.9332 0.9340 2.333738 
530.7837 22.071 105.392 -0.18062 0.65611 1.109 0.70121 8.0000 38.22 0.9337 0.9344 2.335870 
530.2987 22.092 105.392 -0.18077 0.65664 1.104 0.70074 8.0000 37.27 0.9339 0.9347 2.338007 
529.8136 22.113 105.391 -0.18093 0.65729 1.103 0.70039 8.0000 37.72 0.9343 0.9351 2.340147 
529.3284 22.133 105.394 -0.18113 0.65786 1.090 0.70003 8.0000 36.84 0.9345 0.9353 2.342292 
528.8430 22.153 105.393 -0.18126 0.65837 1.093 0.69960 8.0000 36.93 0.9347 0.9355 2.344442 
528.3576 22.179 105.395 -0.18150 0.65916 1.092 0.69918 8.0000 36.70 0.9350 0.9358 2.346596 
527.8720 22.202 105.391 -0.18162 0.65977 1.083 0.69868 8.0000 35.94 0.9353 0.9360 2.348755 
527.3864 22.226 105.386 -0.18174 0.66044 1.083 0.69823 8.0000 35.56 0.9354 0.9361 2.350917 
526.9006 22.249 105.384 -0.18189 0.66106 1.074 0.69774 8.0000 35.09 0.9356 0.9364 2.353085 
526.4147 22.275 105.388 -0.18212 0.66174 1.068 0.69720 8.0000 34.26 0.9358 0.9366 2.355257 
525.9287 22.301 105.386 -0.18228 0.66241 1.065 0.69662 8.0000 34.01 0.9360 0.9368 2.357433 
525.4426 22.328 105.384 -0.18244 0.66306 1.076 0.69601 8.0000 34.43 0.9362 0.9370 2.359614 
524.9564 22.353 105.381 -0.18255 0.66363 1.064 0.69537 8.0000 33.34 0.9363 0.9371 2.361800 
524.4700 22.380 105.379 -0.18271 0.66427 1.064 0.69471 8.0000 32.86 0.9363 0.9371 2.363990 
523.9836 22.409 105.377 -0.18290 0.66505 1.056 0.69413 8.0000 32.37 0.9364 0.9373 2.366185 
523.4971 22.441 105.374 -0.18310 0.66595 1.052 0.69353 8.0000 32.31 0.9367 0.9375 2.368384 
523.0104 22.470 105.370 -0.18329 0.66680 1.050 0.69300 8.0000 31.54 0.9367 0.9375 2.370588 
522.5236 22.499 105.370 -0.18350 0.66754 1.047 0.69235 8.0000 30.85 0.9368 0.9376 2.372796 
522.0367 22.531 105.367 -0.18366 0.66827 1.044 0.69155 8.0000 30.64 0.9368 0.9377 2.375009 
521.5497 22.561 105.365 -0.18383 0.66897 1.033 0.69080 8.0000 30.17 0.9369 0.9378 2.377227 
521.0626 22.589 105.368 -0.18404 0.66959 1.034 0.69009 8.0000 29.80 0.9370 0.9379 2.379449 
520.5754 22.622 105.369 -0.18426 0.67038 1.036 0.68936 8.0000 30.01 0.9370 0.9379 2.381676 
520.0881 22.654 105.365 -0.18446 0.67128 1.036 0.68871 8.0000 29.64 0.9372 0.9381 2.383908 
519.6006 22.686 105.365 -0.18468 0.67209 1.025 0.68800 8.0000 29.33 0.9374 0.9382 2.386144 
519.1131 22.717 105.366 -0.18493 0.67294 1.025 0.68739 8.0000 29.08 0.9375 0.9384 2.388385 
518.6254 22.751 105.369 -0.18524 0.67390 1.021 0.68675 8.0000 28.14 0.9376 0.9385 2.390631 
518.1377 22.781 105.368 -0.18542 0.67463 1.024 0.68603 8.0000 28.15 0.9374 0.9383 2.392881 
517.6498 22.813 105.367 -0.18562 0.67542 1.012 0.68531 8.0000 27.15 0.9375 0.9384 2.395137 
517.1618 22.840 105.368 -0.18578 0.67598 1.010 0.68462 8.0000 26.94 0.9374 0.9383 2.397397 
516.6737 22.870 105.372 -0.18609 0.67687 1.003 0.68408 8.0000 26.48 0.9375 0.9384 2.399661 
516.1855 22.904 105.367 -0.18625 0.67769 1.010 0.68330 8.0000 26.15 0.9375 0.9384 2.401931 
515.6971 22.938 105.362 -0.18643 0.67857 1.005 0.68253 8.0000 26.11 0.9377 0.9386 2.404206 
515.2087 22.970 105.360 -0.18661 0.67934 1.000 0.68178 8.0000 25.98 0.9378 0.9387 2.406485 
514.7202 23.003 105.361 -0.18685 0.68017 0.993 0.68100 8.0000 25.60 0.9379 0.9389 2.408769 
514.2314 23.036 105.365 -0.18715 0.68107 0.989 0.68038 8.0000 25.18 0.9381 0.9390 2.411058 
513.7427 23.066 105.365 -0.18733 0.68175 0.995 0.67963 8.0000 25.36 0.9382 0.9391 2.413352 
513.2538 23.102 105.364 -0.18760 0.68274 0.992 0.67892 8.0000 24.67 0.9384 0.9394 2.415651 
512.7648 23.134 105.360 -0.18776 0.68351 0.990 0.67814 8.0000 24.51 0.9383 0.9393 2.417955 
512.2757 23.165 105.360 -0.18796 0.68424 0.989 0.67740 8.0000 24.29 0.9382 0.9392 2.420263 
511.7864 23.203 105.353 -0.18815 0.68524 0.984 0.67657 8.0000 24.19 0.9384 0.9394 2.422577 
511.2971 23.238 105.345 -0.18826 0.68603 0.983 0.67564 8.0000 24.18 0.9384 0.9394 2.424895 
510.8076 23.272 105.343 -0.18844 0.68678 0.970 0.67478 8.0000 23.49 0.9384 0.9394 2.427219 
510.3181 23.303 105.332 -0.18852 0.68760 0.980 0.67409 8.0000 23.05 0.9383 0.9394 2.429547 
509.8284 23.327 105.325 -0.18859 0.68817 0.979 0.67351 8.0000 22.70 0.9380 0.9390 2.431881 
509.3386 23.352 105.325 -0.18874 0.68874 0.968 0.67287 8.0000 22.68 0.9376 0.9387 2.434219 
508.8488 23.384 105.321 -0.18891 0.68953 0.958 0.67213 8.0000 22.12 0.9376 0.9387 2.436563 
508.3587 23.418 105.315 -0.18906 0.69037 0.960 0.67133 8.0000 22.34 0.9374 0.9385 2.438912 
507.8686 23.449 105.309 -0.18917 0.69106 0.968 0.67052 8.0000 22.21 0.9373 0.9384 2.441265 
507.3784 23.480 105.297 -0.18921 0.69178 0.974 0.66972 8.0000 21.84 0.9371 0.9382 2.443624 
506.8880 23.506 105.285 -0.18919 0.69227 0.960 0.66895 8.0000 21.02 0.9368 0.9379 2.445988 
506.3976 23.535 105.270 -0.18917 0.69291 0.958 0.66814 8.0000 20.73 0.9365 0.9376 2.448357 
505.9070 23.561 105.258 -0.18915 0.69341 0.947 0.66741 8.0000 20.23 0.9361 0.9372 2.450731 
505.4163 23.594 105.251 -0.18929 0.69425 0.953 0.66662 8.0000 20.16 0.9361 0.9372 2.453110 
504.9255 23.625 105.241 -0.18938 0.69504 0.944 0.66591 8.0000 20.20 0.9361 0.9372 2.455495 
504.4346 23.656 105.229 -0.18942 0.69578 0.954 0.66515 8.0000 20.14 0.9358 0.9369 2.457884 
503.9436 23.680 105.223 -0.18947 0.69625 0.950 0.66445 8.0000 19.79 0.9352 0.9364 2.460279 
503.4525 23.701 105.213 -0.18945 0.69668 0.946 0.66383 8.0000 19.72 0.9347 0.9358 2.462679 
502.9612 23.728 105.200 -0.18944 0.69725 0.942 0.66310 8.0000 19.29 0.9345 0.9356 2.465085 
502.4698 23.753 105.186 -0.18941 0.69783 0.944 0.66242 8.0000 19.50 0.9342 0.9353 2.467495 
501.9784 23.780 105.169 -0.18932 0.69829 0.948 0.66158 8.0000 19.24 0.9340 0.9352 2.469911 
501.4868 23.806 105.164 -0.18940 0.69883 0.949 0.66086 8.0000 19.35 0.9338 0.9350 2.472332 
500.9951 23.831 105.158 -0.18947 0.69941 0.937 0.66023 8.0000 18.74 0.9334 0.9346 2.474759 
500.5033 23.860 105.143 -0.18948 0.70017 0.913 0.65956 8.0000 17.87 0.9332 0.9343 2.477190 
500.0114 23.887 105.127 -0.18943 0.70075 0.917 0.65879 8.0000 17.91 0.9329 0.9341 2.479627 
499.5193 23.914 105.112 -0.18939 0.70134 0.930 0.65807 8.0000 18.32 0.9326 0.9338 2.482070 
499.0272 23.939 105.101 -0.18939 0.70185 0.929 0.65734 8.0000 17.81 0.9321 0.9333 2.484518 
498.5349 23.964 105.088 -0.18935 0.70233 0.916 0.65662 8.0000 17.05 0.9316 0.9328 2.486971 
498.0426 23.989 105.077 -0.18938 0.70298 0.912 0.65603 8.0000 16.74 0.9314 0.9325 2.489429 
497.5501 24.015 105.062 -0.18933 0.70353 0.901 0.65532 8.0000 16.13 0.9308 0.9320 2.491894 
497.0575 24.044 105.044 -0.18930 0.70427 0.907 0.65462 8.0000 16.15 0.9306 0.9317 2.494363 
496.5648 24.075 105.031 -0.18934 0.70510 0.903 0.65390 8.0000 15.57 0.9306 0.9318 2.496838 
496.0720 24.100 105.016 -0.18933 0.70578 0.902 0.65333 8.0000 15.44 0.9302 0.9314 2.499318 
495.5790 24.126 105.003 -0.18932 0.70637 0.901 0.65268 8.0000 14.94 0.9298 0.9309 2.501805 
495.0860 24.154 104.977 -0.18918 0.70717 0.892 0.65202 8.0000 14.49 0.9296 0.9307 2.504296 
494.5928 24.178 104.959 -0.18909 0.70769 0.901 0.65138 8.0000 14.89 0.9286 0.9298 2.506793 
494.0995 24.205 104.941 -0.18901 0.70831 0.899 0.65065 8.0000 14.73 0.9283 0.9294 2.509296 
493.6062 24.232 104.923 -0.18892 0.70891 0.896 0.64991 8.0000 14.51 0.9278 0.9290 2.511804 
493.1127 24.259 104.911 -0.18893 0.70953 0.881 0.64922 8.0000 14.11 0.9273 0.9285 2.514318 
492.6190 24.288 104.894 -0.18892 0.71031 0.893 0.64855 8.0000 14.20 0.9270 0.9281 2.516837 
492.1253 24.316 104.875 -0.18889 0.71115 0.896 0.64795 8.0000 14.58 0.9266 0.9278 2.519362 
491.6315 24.341 104.859 -0.18885 0.71179 0.868 0.64734 8.0000 14.27 0.9263 0.9274 2.521893 
491.1375 24.367 104.844 -0.18881 0.71242 0.850 0.64670 8.0000 14.16 0.9257 0.9269 2.524429 
490.6435 24.396 104.824 -0.18875 0.71321 0.840 0.64603 8.0000 13.64 0.9253 0.9264 2.526971 
490.1493 24.424 104.810 -0.18875 0.71389 0.849 0.64533 8.0000 13.58 0.9247 0.9258 2.529519 
489.6550 24.450 104.794 -0.18875 0.71467 0.839 0.64482 8.0000 13.83 0.9242 0.9253 2.532072 
489.1606 24.479 104.777 -0.18873 0.71548 0.847 0.64420 8.0000 13.79 0.9236 0.9247 2.534631 
488.6661 24.509 104.758 -0.18870 0.71634 0.836 0.64355 8.0000 13.31 0.9233 0.9244 2.537196 
488.1714 24.542 104.738 -0.18870 0.71736 0.820 0.64289 8.0000 13.00 0.9232 0.9243 2.539768 
487.6767 24.568 104.719 -0.18864 0.71808 0.836 0.64232 8.0000 13.27 0.9227 0.9238 2.542344 
487.1818 24.599 104.704 -0.18866 0.71895 0.815 0.64165 8.0000 13.06 0.9223 0.9234 2.544927 
486.6869 24.626 104.689 -0.18869 0.71977 0.807 0.64109 8.0000 12.82 0.9220 0.9230 2.547514 
486.1918 24.658 104.676 -0.18874 0.72065 0.792 0.64038 8.0000 12.31 0.9215 0.9226 2.550109 
485.6966 24.683 104.661 -0.18871 0.72129 0.798 0.63979 8.0000 12.37 0.9209 0.9220 2.552709 
485.2013 24.716 104.643 -0.18874 0.72237 0.805 0.63922 8.0000 12.76 0.9206 0.9216 2.555314 
484.7058 24.743 104.629 -0.18877 0.72319 0.802 0.63869 8.0000 12.70 0.9200 0.9211 2.557927 
484.2103 24.769 104.614 -0.18881 0.72412 0.782 0.63826 8.0000 12.45 0.9195 0.9205 2.560544 
483.7146 24.801 104.599 -0.18890 0.72525 0.782 0.63777 8.0000 12.90 0.9195 0.9205 2.563168 
483.2189 24.834 104.582 -0.18895 0.72632 0.782 0.63717 8.0000 13.70 0.9193 0.9202 2.565798 
482.7230 24.864 104.566 -0.18898 0.72728 0.772 0.63661 8.0000 14.11 0.9189 0.9198 2.568433 
482.2270 24.890 104.551 -0.18898 0.72808 0.780 0.63610 8.0000 14.89 0.9184 0.9194 2.571075 
481.7309 24.918 104.530 -0.18896 0.72905 0.766 0.63566 8.0000 15.24 0.9180 0.9190 2.573723 
481.2346 24.940 104.517 -0.18900 0.72995 0.763 0.63541 8.0000 16.09 0.9175 0.9184 2.576377 
480.7383 24.965 104.503 -0.18908 0.73098 0.738 0.63510 8.0000 15.88 0.9171 0.9180 2.579037 
480.2419 24.995 104.489 -0.18918 0.73210 0.730 0.63469 8.0000 16.21 0.9168 0.9177 2.581703 
479.7453 25.023 104.479 -0.18932 0.73314 0.722 0.63434 8.0000 16.71 0.9167 0.9176 2.584375 
479.2486 25.048 104.470 -0.18943 0.73405 0.711 0.63395 8.0000 16.77 0.9163 0.9171 2.587054 
478.7518 25.072 104.461 -0.18954 0.73493 0.700 0.63362 8.0000 16.97 0.9157 0.9166 2.589738 
478.2549 25.099 104.451 -0.18963 0.73583 0.695 0.63316 8.0000 17.34 0.9151 0.9160 2.592429 
477.7579 25.123 104.439 -0.18969 0.73669 0.698 0.63277 8.0000 18.02 0.9147 0.9156 2.595126 
477.2608 25.147 104.427 -0.18978 0.73770 0.690 0.63255 8.0000 17.62 0.9144 0.9152 2.597829 
476.7635 25.172 104.418 -0.18990 0.73865 0.691 0.63220 8.0000 18.24 0.9140 0.9148 2.600539 
476.2662 25.201 104.406 -0.19002 0.73978 0.692 0.63184 8.0000 18.75 0.9137 0.9145 2.603254 
475.7687 25.229 104.392 -0.19010 0.74084 0.693 0.63142 8.0000 19.16 0.9135 0.9142 2.605976 
475.2711 25.255 104.381 -0.19019 0.74175 0.701 0.63100 8.0000 20.44 0.9131 0.9139 2.608705 
474.7734 25.280 104.368 -0.19021 0.74256 0.699 0.63054 8.0000 21.10 0.9128 0.9136 2.611439 
474.2756 25.307 104.359 -0.19036 0.74362 0.695 0.63020 8.0000 21.98 0.9126 0.9133 2.614180 
473.7776 25.329 104.348 -0.19038 0.74427 0.694 0.62974 8.0000 23.40 0.9121 0.9129 2.616928 
473.2796 25.352 104.335 -0.19035 0.74486 0.684 0.62915 8.0000 24.40 0.9116 0.9124 2.619682 
472.7814 25.377 104.322 -0.19037 0.74568 0.676 0.62869 8.0000 24.66 0.9113 0.9120 2.622442 
472.2831 25.399 104.313 -0.19035 0.74606 0.669 0.62800 8.0000 25.96 0.9108 0.9115 2.625209 
471.7848 25.424 104.311 -0.19047 0.74664 0.664 0.62739 8.0000 27.41 0.9105 0.9113 2.627982 
471.2863 25.455 104.301 -0.19055 0.74754 0.654 0.62671 8.0000 28.02 0.9103 0.9111 2.630762 
470.7876 25.478 104.295 -0.19060 0.74799 0.644 0.62603 8.0000 28.70 0.9098 0.9105 2.633548 
470.2889 25.504 104.297 -0.19081 0.74870 0.639 0.62550 8.0000 29.14 0.9096 0.9103 2.636341 
469.7900 25.531 104.294 -0.19093 0.74934 0.632 0.62479 8.0000 29.33 0.9094 0.9101 2.639141 
469.2911 25.558 104.300 -0.19112 0.74980 0.629 0.62398 8.0000 29.61 0.9089 0.9095 2.641946 
468.7920 25.596 104.302 -0.19132 0.75046 0.626 0.62285 8.0000 29.83 0.9090 0.9097 2.644759 
468.2928 25.632 104.301 -0.19148 0.75116 0.626 0.62181 8.0000 30.38 0.9090 0.9097 2.647578 
467.7935 25.664 104.302 -0.19161 0.75160 0.628 0.62080 8.0000 31.00 0.9088 0.9095 2.650404 
467.2941 25.695 104.308 -0.19181 0.75207 0.631 0.61981 8.0000 31.29 0.9088 0.9095 2.653237 
466.7945 25.733 104.318 -0.19207 0.75255 0.637 0.61857 8.0000 32.78 0.9090 0.9096 2.656077 
466.2949 25.766 104.329 -0.19237 0.75307 0.636 0.61756 8.0000 34.74 0.9089 0.9095 2.658922 
465.7951 25.801 104.341 -0.19263 0.75347 0.642 0.61638 8.0000 36.29 0.9090 0.9097 2.661775 
465.2952 25.829 104.359 -0.19295 0.75374 0.641 0.61540 8.0000 38.15 0.9087 0.9094 2.664635 
464.7952 25.866 104.375 -0.19332 0.75427 0.639 0.61425 8.0000 41.03 0.9090 0.9096 2.667502 
464.2951 25.896 104.386 -0.19350 0.75438 0.635 0.61305 8.0000 44.03 0.9088 0.9095 2.670375 
463.7949 25.928 104.397 -0.19364 0.75432 0.627 0.61161 8.0000 46.65 0.9086 0.9092 2.673255 
463.2946 25.952 104.416 -0.19385 0.75414 0.620 0.61046 8.0000 48.60 0.9084 0.9091 2.676142 
462.7941 25.986 104.430 -0.19407 0.75420 0.611 0.60907 8.0000 50.84 0.9088 0.9095 2.679036 
462.2935 26.021 104.438 -0.19415 0.75410 0.603 0.60747 8.0000 53.37 0.9089 0.9095 2.681937 
461.7928 26.050 104.456 -0.19435 0.75388 0.595 0.60605 8.0000 55.05 0.9089 0.9096 2.684845 
461.2921 26.086 104.473 -0.19462 0.75400 0.590 0.60464 8.0000 56.62 0.9093 0.9099 2.687759 
460.7911 26.120 104.490 -0.19490 0.75417 0.585 0.60333 8.0000 56.50 0.9094 0.9101 2.690681 
460.2901 26.157 104.499 -0.19507 0.75436 0.579 0.60190 8.0000 56.57 0.9096 0.9102 2.693610 
459.7889 26.193 104.515 -0.19534 0.75452 0.579 0.60054 8.0000 56.30 0.9097 0.9103 2.696546 
459.2877 26.228 104.535 -0.19568 0.75473 0.580 0.59922 8.0000 56.69 0.9102 0.9109 2.699489 
458.7863 26.266 104.554 -0.19602 0.75501 0.582 0.59785 8.0000 57.01 0.9107 0.9114 2.702439 
458.2848 26.305 104.572 -0.19628 0.75507 0.584 0.59627 8.0000 57.95 0.9108 0.9115 2.705396 
457.7832 26.337 104.593 -0.19649 0.75471 0.588 0.59464 8.0000 58.95 0.9105 0.9112 2.708360 
457.2815 26.375 104.617 -0.19672 0.75433 0.586 0.59277 8.0000 59.88 0.9104 0.9112 2.711332 
456.7796 26.419 104.645 -0.19714 0.75438 0.587 0.59103 8.0000 60.14 0.9112 0.9119 2.714311 
456.2777 26.464 104.676 -0.19764 0.75466 0.584 0.58938 8.0000 61.98 0.9121 0.9129 2.717297 
455.7756 26.503 104.710 -0.19807 0.75446 0.579 0.58766 8.0000 61.51 0.9127 0.9134 2.720290 
455.2734 26.553 104.745 -0.19854 0.75440 0.571 0.58557 8.0000 61.33 0.9128 0.9136 2.723291 
454.7711 26.597 104.777 -0.19902 0.75449 0.567 0.58385 8.0000 60.77 0.9136 0.9144 2.726299 
454.2687 26.645 104.810 -0.19950 0.75455 0.557 0.58198 8.0000 58.90 0.9147 0.9154 2.729314 
453.7662 26.686 104.835 -0.19997 0.75499 0.550 0.58064 8.0000 56.42 0.9154 0.9162 2.732336 
453.2635 26.728 104.860 -0.20035 0.75509 0.545 0.57902 8.0000 54.01 0.9156 0.9164 2.735367 
452.7608 26.769 104.885 -0.20080 0.75549 0.537 0.57766 8.0000 50.74 0.9162 0.9170 2.738404 
452.2579 26.810 104.910 -0.20124 0.75581 0.533 0.57620 8.0000 47.09 0.9166 0.9174 2.741449 
451.7549 26.852 104.934 -0.20169 0.75618 0.536 0.57482 8.0000 44.69 0.9171 0.9179 2.744501 
451.2518 26.893 104.959 -0.20213 0.75654 0.536 0.57341 8.0000 41.44 0.9176 0.9184 2.747561 
450.7485 26.935 104.983 -0.20264 0.75713 0.536 0.57218 8.0000 38.61 0.9183 0.9192 2.750629 
450.2452 26.976 105.008 -0.20306 0.75741 0.541 0.57071 8.0000 35.90 0.9186 0.9195 2.753704 
449.7417 27.018 105.032 -0.20352 0.75784 0.541 0.56934 8.0000 32.83 0.9190 0.9199 2.756787 
449.2382 27.059 105.056 -0.20401 0.75837 0.544 0.56809 8.0000 31.68 0.9196 0.9205 2.759876 
448.7345 27.101 105.081 -0.20447 0.75881 0.543 0.56673 8.0000 30.03 0.9200 0.9210 2.762974 
448.2307 27.143 105.105 -0.20496 0.75935 0.541 0.56547 8.0000 28.14 0.9206 0.9215 2.766080 
447.7267 27.184 105.129 -0.20550 0.76008 0.538 0.56435 8.0000 27.03 0.9214 0.9223 2.769193 
447.2227 27.226 105.153 -0.20602 0.76071 0.534 0.56315 8.0000 25.37 0.9220 0.9230 2.772314 
446.7186 27.268 105.178 -0.20646 0.76108 0.527 0.56174 8.0000 22.72 0.9221 0.9231 2.775443 
446.2143 27.310 105.202 -0.20700 0.76180 0.522 0.56061 8.0000 21.05 0.9228 0.9238 2.778580 
445.7099 27.351 105.226 -0.20753 0.76250 0.517 0.55946 8.0000 19.37 0.9234 0.9245 2.781724 
445.2054 27.393 105.249 -0.20807 0.76323 0.514 0.55833 8.0000 17.47 0.9241 0.9251 2.784876 
444.7008 27.435 105.273 -0.20860 0.76393 0.515 0.55718 8.0000 16.10 0.9246 0.9257 2.788036 
444.1960 27.476 105.297 -0.20914 0.76466 0.514 0.55606 8.0000 14.29 0.9252 0.9263 2.791204 
443.6912 27.518 105.321 -0.20968 0.76538 0.515 0.55492 8.0000 12.91 0.9257 0.9269 2.794380 
443.1862 27.560 105.344 -0.21023 0.76615 0.521 0.55383 8.0000 11.67 0.9263 0.9275 2.797564 
442.6812 27.601 105.368 -0.21082 0.76708 0.522 0.55285 8.0000 10.91 0.9271 0.9283 2.800756 
442.1759 27.643 105.391 -0.21138 0.76786 0.527 0.55176 8.0000 10.03 0.9276 0.9289 2.803956 
441.6706 27.685 105.415 -0.21193 0.76863 0.530 0.55066 8.0000 9.38 0.9281 0.9293 2.807164 
441.1652 27.726 105.438 -0.21251 0.76955 0.532 0.54966 8.0000 8.77 0.9288 0.9300 2.810380 
440.6596 27.768 105.461 -0.21310 0.77044 0.529 0.54866 8.0000 8.32 0.9294 0.9307 2.813605 
440.1540 27.810 105.484 -0.21365 0.77120 0.531 0.54754 8.0000 7.80 0.9297 0.9311 2.816837 
439.6482 27.810 105.484 -0.21365 0.77120 0.530 0.54754 8.0000 7.38 0.9297 0.9311 2.820077 

# MINIMA:
439.6482 0.418 1.051 -111.03742 -6.03250 -4394.918 -248.87706 8.0000 7.38 0.5124 0.5493 1.240099 

# MAXIMA:
999.7925 81.811 358.156 95.22475 64.93203 340.986 67.35752 8.0000 79.48 2.71985531655972454E18 1.353843400736401E19 2.820077 

# PEAKS:

# END SPECTRUM

