## SPECTRUM TYPE:
LCE

## DATE:
18/08/2026

## COMMENTS:

## NUMBER OF SPECTRUM:
1

## ELLIPSOMETRIC CONFIGURATION:
0.00 ø :Modulator
+45.00 øAnalyser

## UNIT:
nm


# SPECTRUM:
1

# CAPTION:


# START TIME:
14:24:46

# END TIME:
14:24:46

# THETA ANGLE:
0.00 ø

# INCIDENCE ANGLE:
69.95 ø

# ACCUMULATION NUMBER:
28

# ELLIPSOMETRIC CONFIGURATION:
0.00 ø :Modulator
+45.00 øAnalyser

# INTEGRATION TIME:
8 ms

# FIRST POINT:
999.79 nm

# LAST POINT:
439.65 nm

# INCREMENT:
0.00 nm

# NUMBER OF POINTS:
1273

# DATA:
nm Psi Delta Ic Is Reflectance IcPrim IntegrationTime IntensityMax Polarization PolarizationGen eV 
999.7925 1.178 214.602 -2.28053 -1.57335 0.000 67.35753 8.0000 7.30 2.71980226512368435E18 1.33910554687769149E19 1.240099 
999.4089 1.178 214.602 -2.28053 -1.57335 0.974 67.35753 8.0000 7.30 2.52961918911145574E18 1.24546816797489234E19 1.240575 
999.0253 1.178 214.602 -2.28053 -1.57335 0.625 67.35753 8.0000 7.39 2.41144725277088154E18 1.18728564102135808E19 1.241052 
998.6415 1.178 214.602 -2.28053 -1.57335 1.038 67.35753 8.0000 7.43 2.27665729768810086E18 1.12092131819205427E19 1.241529 
998.2578 1.178 214.602 -2.28053 -1.57335 0.256 67.35753 8.0000 7.56 2.12340296896217088E18 1.04546601332197294E19 1.242006 
997.8739 1.178 214.602 -2.28053 -1.57335 0.687 67.35753 8.0000 7.57 1.94983791169214874E18 9.60010540246106112E18 1.242484 
997.4900 1.178 214.602 -2.28053 -1.57335 -0.039 67.35753 8.0000 7.54 1.75411549609918464E18 8.636457677750272E18 1.242962 
997.1060 1.178 214.602 -2.28053 -1.57335 -0.001 67.35753 8.0000 7.59 1.53438936728233574E18 7.55462839597216563E18 1.243440 
996.7219 1.178 214.602 -2.28053 -1.57335 -3.818 67.35753 8.0000 7.59 1.2888131703406592E18 6.34552404620922061E18 1.243920 
996.3377 1.178 214.602 -2.28053 -1.57335 -1.354 67.35753 8.0000 7.75 1.01554055037321216E18 5.00005441607879885E18 1.244399 
995.9535 1.178 214.602 -2.28053 -1.57335 -0.553 67.35753 8.0000 7.70 716417724841984000.0000 3.5273113672309801E18 1.244879 
995.5692 1.178 214.602 -2.28053 -1.57335 1.116 67.35753 8.0000 7.87 393291151727132672.0000 1.93638483717049549E18 1.245360 
995.1848 1.178 214.602 -2.28053 -1.57335 -0.767 67.35753 8.0000 7.94 51700243623837696.0000 254548229004197888.0000 1.245841 
994.8003 1.178 214.602 -2.28053 -1.57335 0.023 67.35754 8.0000 8.00 295429978290388992.0000 1.45456138713196134E18 1.246322 
994.4158 1.178 214.602 -2.28053 -1.57335 0.015 67.35753 8.0000 7.95 629635127487496192.0000 3.10003400185164595E18 1.246804 
994.0311 51.198 166.890 -1.46716 0.34169 0.013 -0.33112 8.0000 8.09 0.7682 0.9965 1.247287 
993.6464 47.294 145.636 -0.40174 0.27470 0.716 -0.03906 8.0000 8.11 0.5429 0.7162 1.247770 
993.2617 25.702 32.853 0.32459 0.20961 1.179 0.30840 8.0000 8.12 0.6983 1.1279 1.248253 
992.8768 56.650 100.016 -0.05966 0.33779 -0.291 -0.14773 8.0000 8.20 0.5367 0.7618 1.248737 
992.4919 58.868 36.999 0.13676 0.10305 0.177 -0.09004 8.0000 8.21 0.5727 0.7500 1.249221 
992.1069 31.074 94.531 -0.02037 0.25705 -8.140 0.13626 8.0000 8.33 0.5589 0.6583 1.249706 
991.7218 14.505 86.129 0.01886 0.27867 -0.959 0.50369 8.0000 8.36 0.6560 0.6861 1.250191 
991.3367 14.080 69.616 0.10305 0.27733 0.337 0.55270 8.0000 8.57 0.6893 0.7274 1.250677 
990.9514 18.286 64.499 0.18427 0.38631 1.315 0.57691 8.0000 8.58 0.8042 0.8499 1.251163 
990.5661 9.815 73.085 0.08313 0.27335 12.991 0.80106 8.0000 8.56 0.8333 0.8646 1.251650 
990.1807 8.136 52.501 0.15125 0.19711 -22.783 0.85122 8.0000 8.66 0.7732 0.8215 1.252137 
989.7953 3.814 76.038 0.02876 0.11568 -0.473 0.88997 8.0000 8.68 0.7464 0.8073 1.252625 
989.4097 6.608 89.980 0.00008 0.23682 -1.988 1.00847 8.0000 8.84 0.7649 0.8376 1.253113 
989.0241 8.956 102.942 -0.07324 0.31874 1.168 1.01188 8.0000 8.78 0.7838 0.8701 1.253601 
988.6384 16.601 111.140 -0.16827 0.43519 1.724 0.71298 8.0000 8.73 0.7298 0.8049 1.254090 
988.2526 13.969 88.982 0.00817 0.45980 27.779 0.86717 8.0000 8.91 0.7446 0.8274 1.254580 
987.8668 15.704 82.512 0.06659 0.50660 1.124 0.83682 8.0000 8.92 0.7442 0.8350 1.255070 
987.4809 10.946 85.631 0.03202 0.41915 -4231.379 1.04615 8.0000 8.94 0.7502 0.7985 1.255560 
987.0949 10.672 87.914 0.01583 0.43471 1.381 1.11313 8.0000 8.98 0.7220 0.7392 1.256051 
986.7088 7.925 86.804 0.01598 0.28626 1.184 1.00986 8.0000 9.14 0.7308 0.7453 1.256543 
986.3226 6.170 112.999 -0.07971 0.18778 -2.371 0.93256 8.0000 9.06 0.7783 0.7900 1.257035 
985.9364 9.234 91.038 -0.00517 0.28531 -8.047 0.85447 8.0000 9.16 0.8398 0.8673 1.257527 
985.5501 10.332 82.004 0.04232 0.30125 82.748 0.80657 8.0000 9.20 0.9181 0.9851 1.258020 
985.1638 16.242 79.632 0.07543 0.41229 -2.304 0.65833 8.0000 9.35 0.9636 1.0677 1.258513 
984.7773 20.743 78.293 0.10324 0.49820 1.094 0.57537 8.0000 9.42 0.9935 1.0962 1.259007 
984.3907 22.023 71.543 0.20204 0.60535 -0.806 0.65982 8.0000 9.50 0.9958 1.0886 1.259502 
984.0041 17.158 68.087 0.16293 0.40503 -0.749 0.63963 8.0000 9.52 0.8471 0.9236 1.259997 
983.6174 7.011 50.540 0.10601 0.12878 0.695 0.66786 8.0000 9.72 0.6719 0.7620 1.260492 
983.2307 7.150 84.098 0.01921 0.18580 0.718 0.73277 8.0000 9.77 0.6470 0.7283 1.260988 
982.8438 6.462 220.547 -0.14601 -0.12491 0.587 0.83731 8.0000 9.81 0.7508 0.8105 1.261484 
982.4569 10.387 130.110 -0.18055 0.21433 0.592 0.73874 8.0000 9.80 0.7977 0.9478 1.261981 
982.0699 15.151 102.948 -0.07463 0.32459 -2.594 0.56993 8.0000 9.95 0.7400 0.8664 1.262478 
981.6828 25.281 93.374 -0.02547 0.43202 -0.013 0.35596 8.0000 10.05 0.7220 0.8102 1.262976 
981.2957 27.939 103.912 -0.13099 0.52881 -0.007 0.36916 8.0000 10.04 0.7419 0.8585 1.263474 
980.9084 37.356 74.517 0.13730 0.49565 0.004 0.14059 8.0000 10.10 0.6680 0.7944 1.263973 
980.5211 47.296 23.482 1.11736 0.48542 0.009 -0.09786 8.0000 10.16 0.7740 0.9031 1.264472 
980.1337 41.913 60.275 0.33786 0.59172 -0.002 0.07371 8.0000 10.33 0.5687 0.7178 1.264972 
979.7463 33.183 71.619 0.17970 0.54080 -0.002 0.24937 8.0000 10.14 0.5972 0.7818 1.265472 
979.3587 39.034 127.419 -0.57028 0.74539 8.423 0.19833 8.0000 10.36 0.6498 0.8515 1.265973 
978.9711 39.861 161.656 -2.11331 0.70070 5.823 0.40372 8.0000 10.38 0.7895 0.9788 1.266474 
978.5834 38.883 164.127 -1.78904 0.50873 1.534 0.40332 8.0000 10.34 0.9627 1.1220 1.266976 
978.1956 36.446 164.694 -1.57668 0.43150 7.134 0.50316 8.0000 10.44 1.1370 1.2927 1.267478 
977.8077 33.427 165.424 -1.25835 0.32721 -2.987 0.55583 8.0000 10.55 1.2427 1.3966 1.267981 
977.4199 29.733 168.241 -0.97578 0.20312 3.202 0.58789 8.0000 10.64 1.3062 1.4539 1.268484 
977.0319 20.377 166.660 -0.46210 0.10958 2.481 0.55109 8.0000 10.70 1.0103 1.2052 1.268988 
976.6437 6.283 113.490 -0.05335 0.12275 1.310 0.60041 8.0000 10.77 0.7870 1.0204 1.269493 
976.2556 13.060 171.648 -0.32699 0.04801 -8.545 0.67402 8.0000 10.76 0.9410 1.1145 1.269997 
975.8674 7.223 102.758 -0.04893 0.21611 1.210 0.86015 8.0000 10.99 0.9532 1.0402 1.270502 
975.4790 9.028 95.453 -0.02435 0.25503 0.985 0.78585 8.0000 11.11 0.9576 1.0168 1.271008 
975.0906 15.437 104.653 -0.10005 0.38266 -1.715 0.66157 8.0000 10.96 0.9508 1.0057 1.271515 
974.7021 14.599 103.928 -0.08730 0.35204 -19.525 0.64903 8.0000 11.18 0.9163 0.9726 1.272021 
974.3136 15.044 104.671 -0.09524 0.36377 1.180 0.64898 8.0000 11.09 0.8330 0.8802 1.272529 
973.9250 15.204 102.444 -0.07400 0.33534 0.029 0.58514 8.0000 11.27 0.7151 0.7549 1.273036 
973.5363 19.693 96.284 -0.04564 0.41447 0.058 0.50788 8.0000 11.28 0.6568 0.7043 1.273545 
973.1475 18.628 106.310 -0.06843 0.23385 -5.518 0.32036 8.0000 11.29 0.5277 0.5426 1.274053 
972.7586 19.051 105.427 -0.05797 0.21006 -2.812 0.27790 8.0000 11.47 0.5231 0.5489 1.274563 
972.3697 21.421 120.642 -0.08444 0.14254 -1.073 0.17864 8.0000 11.56 0.5111 0.5364 1.275073 
971.9807 43.549 129.969 -0.10670 0.12729 -0.541 0.00842 8.0000 11.60 0.5096 0.5372 1.275583 
971.5916 59.008 115.847 -0.10752 0.22195 -0.832 -0.13122 8.0000 11.65 0.5644 0.5885 1.276094 
971.2024 68.322 105.157 -0.06794 0.25081 0.491 -0.27520 8.0000 11.95 0.6941 0.7178 1.276605 
970.8131 78.657 102.311 -0.04345 0.19910 0.055 -0.48751 8.0000 11.80 0.7899 0.8089 1.277117 
970.4238 81.043 93.754 -0.01118 0.17030 0.017 -0.52797 8.0000 11.82 0.8145 0.8410 1.277629 
970.0344 67.508 12.813 0.79952 0.18184 0.013 -0.82038 8.0000 12.11 1.0029 1.0939 1.278142 
969.6449 58.526 105.897 -0.09102 0.31960 0.009 -0.16970 8.0000 12.03 0.8796 0.9233 1.278656 
969.2553 38.251 146.313 -0.61894 0.41257 0.003 0.17855 8.0000 12.03 1.2205 1.3294 1.279170 
968.8657 32.879 154.106 -0.98992 0.48056 -2.378 0.49550 8.0000 12.12 1.5742 1.7527 1.279684 
968.4760 31.353 158.392 -1.24191 0.49192 1.253 0.68925 8.0000 12.31 1.8241 2.0387 1.280199 
968.0861 30.599 158.956 -1.38233 0.53185 0.376 0.81433 8.0000 12.57 1.9279 2.1530 1.280714 
967.6962 29.576 157.243 -1.29942 0.54509 -0.723 0.84157 8.0000 12.60 1.9072 2.1129 1.281230 
967.3063 28.612 154.275 -1.08271 0.52165 1.218 0.77380 8.0000 12.61 1.7566 1.8860 1.281747 
966.9163 24.684 150.206 -0.77097 0.44142 1.333 0.76232 8.0000 12.63 1.3260 1.4216 1.282264 
966.5261 13.423 120.977 -0.20798 0.34645 -5.952 0.79839 8.0000 12.59 0.9496 1.0526 1.282782 
966.1359 33.268 11.150 1.23407 0.24324 1.193 0.54595 8.0000 12.47 0.8155 1.0570 1.283300 
965.7457 16.138 38.937 0.47636 0.38488 -0.784 0.96963 8.0000 12.53 0.7572 0.9102 1.283818 
965.3553 35.478 3.032 1.48697 0.07876 1.272 0.51400 8.0000 12.89 0.6726 0.8885 1.284337 
964.9649 56.932 337.470 70.09946 -29.07944 11.232 -33.57372 8.0000 12.91 0.8115 1.1251 1.284857 
964.5743 23.638 144.511 -2.80397 1.99924 2.206 3.18039 8.0000 12.79 1.0198 1.4139 1.285377 
964.1838 19.135 144.706 -2.48224 1.75710 -0.546 3.85507 8.0000 13.00 1.0708 1.5360 1.285898 
963.7931 74.699 335.074 9.43268 -4.38373 1.288 -17.58668 8.0000 13.15 0.9217 1.3856 1.286419 
963.4023 75.031 30.118 0.41095 0.23840 0.142 -0.82498 8.0000 13.26 0.7033 1.0918 1.286941 
963.0115 51.923 70.256 0.21475 0.59831 1.245 -0.15668 8.0000 13.33 0.6746 1.0276 1.287463 
962.6207 23.553 103.695 -0.06988 0.28676 1.538 0.27421 8.0000 13.35 0.6373 0.8216 1.287986 
962.2297 17.584 134.590 -0.22943 0.23274 1.390 0.46382 8.0000 13.49 0.6848 0.7733 1.288509 
961.8386 9.748 113.483 -0.10807 0.24876 1.411 0.76607 8.0000 13.64 0.8310 1.0564 1.289033 
961.4474 7.143 181.300 -0.18031 -0.00409 1.304 0.70830 8.0000 13.77 0.7665 1.0052 1.289558 
961.0562 8.402 203.455 -0.20537 -0.08911 1.733 0.74135 8.0000 13.59 0.8160 1.1200 1.290083 
960.6649 10.706 220.077 -0.22166 -0.18651 0.021 0.73870 8.0000 13.92 0.7316 0.9804 1.290608 
960.2736 15.128 243.727 -0.19428 -0.39356 0.024 0.75242 8.0000 13.75 0.6392 0.7853 1.291134 
959.8821 6.497 200.416 -0.14561 -0.05420 1.020 0.67337 8.0000 13.79 0.5882 0.6436 1.291661 
959.4905 15.052 107.626 -0.10378 0.32665 2.131 0.59117 8.0000 13.92 0.5889 0.6311 1.292188 
959.0989 33.548 86.087 0.04511 0.65957 1.207 0.27931 8.0000 14.14 0.5642 0.7203 1.292715 
958.7073 18.959 99.624 -0.03533 0.20834 2.323 0.27127 8.0000 14.16 0.5281 0.6714 1.293243 
958.3155 25.648 107.320 -0.12001 0.38483 -22.616 0.32300 8.0000 13.94 0.5379 0.5759 1.293772 
957.9236 23.081 108.548 -0.12824 0.38219 1.412 0.38710 8.0000 14.01 0.5709 0.5846 1.294301 
957.5317 17.146 111.752 -0.10886 0.27282 -158.671 0.43072 8.0000 14.00 0.6100 0.6262 1.294831 
957.1396 10.435 109.812 -0.07241 0.20100 1.510 0.56038 8.0000 13.91 0.7215 0.7598 1.295362 
956.7476 7.098 109.840 -0.05795 0.16061 -3.890 0.67498 8.0000 14.33 0.7476 0.7990 1.295892 
956.3554 1.590 123.097 -0.02409 0.03696 1.626 0.79399 8.0000 14.77 0.7522 0.8238 1.296424 
955.9632 7.519 143.613 -0.17690 0.13036 -0.011 0.81794 8.0000 14.94 0.7999 0.8726 1.296956 
955.5709 4.991 68.467 0.05964 0.15116 -0.008 0.92322 8.0000 14.64 0.8666 0.9381 1.297488 
955.1784 6.912 28.599 0.17126 0.09337 -0.008 0.79268 8.0000 14.74 0.7131 0.8048 1.298021 
954.7859 12.488 15.584 0.26968 0.07521 1.365 0.60104 8.0000 14.93 0.6158 0.7702 1.298555 
954.3934 21.212 24.180 0.32273 0.14490 12.851 0.38708 8.0000 14.72 0.5947 0.8000 1.299089 
954.0007 30.439 29.978 0.31358 0.18088 1.532 0.20167 8.0000 14.82 0.5962 0.8227 1.299624 
953.6080 25.814 64.070 0.14968 0.30784 1.602 0.27103 8.0000 15.09 0.6569 0.8735 1.300159 
953.2152 39.298 78.742 0.07756 0.38965 -1.396 0.08013 8.0000 15.17 0.5858 0.7466 1.300695 
952.8223 35.607 69.262 0.10933 0.28875 1.229 0.10503 8.0000 15.06 0.5357 0.6397 1.301231 
952.4293 25.434 68.143 0.10331 0.25755 1.496 0.22577 8.0000 15.29 0.5451 0.6123 1.301768 
952.0363 20.069 88.299 0.00881 0.29655 1.957 0.35183 8.0000 15.23 0.6272 1.1345 1.302305 
951.6432 17.778 46.528 0.30098 0.31748 1.419 0.61206 8.0000 15.55 0.7488 0.8219 1.302843 
951.2499 18.412 49.827 0.26162 0.30988 6.001 0.54164 8.0000 15.17 0.6565 0.9531 1.303382 
950.8567 65.133 301.845 2.29527 -3.69540 4.365 -3.68491 8.0000 15.21 1.1490 3.2109 1.303921 
950.4633 13.105 71.796 0.14272 0.43400 1.306 0.92807 8.0000 15.45 0.7801 1.4123 1.304461 
950.0699 16.680 97.447 -0.11345 0.86790 -0.272 1.32950 8.0000 15.56 1.8756 4.2021 1.305001 
949.6763 19.596 99.215 -0.18561 1.14416 -0.136 1.42162 8.0000 15.70 2.5333 6.2784 1.305542 
949.2827 22.362 98.664 -0.20703 1.35863 -0.098 1.38763 8.0000 15.85 2.7037 7.4068 1.306083 
948.8890 20.325 100.720 -0.37047 1.95685 -0.185 2.31950 8.0000 16.20 2.7434 7.8051 1.306625 
948.4953 23.798 97.554 -0.17450 1.31586 0.004 1.21221 8.0000 16.07 2.5175 7.3859 1.307167 
948.1014 35.253 48.579 0.74059 0.83941 0.412 0.39628 8.0000 16.12 2.4856 6.3247 1.307710 
947.7075 37.101 93.034 -0.03952 0.74547 0.942 0.21121 8.0000 16.17 1.9889 4.3413 1.308254 
947.3135 19.032 145.256 -0.55872 0.38751 2.697 0.86831 8.0000 15.69 1.8463 2.4105 1.308798 
946.9194 17.339 191.334 -0.92779 -0.18597 0.467 1.36765 8.0000 15.79 2.3363 3.8729 1.309343 
946.5253 16.761 165.856 -1.19185 0.30034 0.157 1.85547 8.0000 15.95 2.6829 3.5169 1.309888 
946.1310 14.914 183.459 -1.31988 -0.07979 1.456 2.30625 8.0000 16.53 3.0442 5.1695 1.310434 
945.7367 15.175 168.497 -1.41219 0.28738 1.636 2.46137 8.0000 16.20 3.0138 4.1444 1.310980 
945.3423 16.176 156.486 -1.47533 0.64191 -0.258 2.53988 8.0000 16.48 2.9031 5.8764 1.311527 
944.9478 19.055 149.994 -1.58235 0.91380 0.274 2.32963 8.0000 16.65 2.7609 7.6900 1.312074 
944.5532 24.444 146.164 -1.85465 1.24328 1.510 1.94869 8.0000 16.52 2.5015 8.6549 1.312623 
944.1586 32.712 144.940 -2.18667 1.53454 -0.976 1.22170 8.0000 16.47 2.3117 8.8082 1.313171 
943.7639 46.092 144.031 -2.87746 2.08825 -1.242 -0.13553 8.0000 16.75 2.3531 8.2708 1.313720 
943.3691 33.791 151.711 -2.82869 1.52239 1.785 1.32520 8.0000 16.72 2.4076 7.0631 1.314270 
942.9742 33.878 157.563 -3.41729 1.41106 2.265 1.51213 8.0000 16.88 2.3739 4.8342 1.314821 
942.5792 33.624 166.794 -5.04322 1.18341 1.783 2.17242 8.0000 17.06 2.2849 2.4481 1.315372 
942.1841 28.992 186.327 -13.43528 -1.48971 -1.825 8.45204 8.0000 17.07 2.2120 4.1151 1.315923 
941.7890 27.111 169.166 -2.21432 0.42377 -1.837 1.62473 8.0000 17.26 1.2778 1.3025 1.316475 
941.3938 31.026 6.709 0.89150 0.10487 -35.908 0.47624 8.0000 17.24 0.8754 0.9551 1.317028 
940.9985 13.703 348.397 0.33151 -0.06806 0.652 0.65271 8.0000 17.42 0.6467 0.7261 1.317581 
940.6031 12.689 6.613 0.28158 0.03265 -10.459 0.59759 8.0000 17.29 0.5886 0.7133 1.318135 
940.2077 4.839 74.176 0.02979 0.10512 3.715 0.64072 8.0000 17.40 0.5823 0.7156 1.318689 
939.8122 17.763 142.892 -0.34055 0.25763 4.148 0.59810 8.0000 17.66 0.6014 0.7296 1.319244 
939.4166 22.209 151.213 -0.59270 0.32566 1.891 0.69016 8.0000 17.47 0.7382 0.8241 1.319800 
939.0209 19.743 142.159 -0.42693 0.33165 -6.178 0.65615 8.0000 17.26 0.7049 0.8244 1.320356 
938.6251 20.884 137.409 -0.38772 0.35642 1.654 0.58969 8.0000 17.50 0.7109 0.8031 1.320913 
938.2292 22.616 149.775 -0.41918 0.24422 1.379 0.48123 8.0000 17.70 0.6627 0.7081 1.321470 
937.8333 21.426 117.240 -0.24547 0.47683 1.396 0.57810 8.0000 17.68 0.7671 0.8245 1.322028 
937.4373 25.080 94.923 -0.05376 0.62403 -3.692 0.52259 8.0000 18.19 0.6663 0.7705 1.322586 
937.0412 23.654 41.798 0.36176 0.32343 12.817 0.44765 8.0000 18.03 0.6155 0.6606 1.323146 
936.6450 19.050 36.732 0.29464 0.21987 1.454 0.46887 8.0000 17.80 0.6771 0.7396 1.323705 
936.2487 18.116 34.905 0.27961 0.19509 1.445 0.46529 8.0000 18.07 0.7687 0.8838 1.324266 
935.8524 21.365 32.087 0.29084 0.18235 0.951 0.37163 8.0000 18.37 0.7805 0.9675 1.324826 
935.4560 29.489 26.223 0.30140 0.14846 1.293 0.20205 8.0000 18.45 0.7163 0.9707 1.325388 
935.0594 31.885 348.156 0.29982 -0.06288 -1.180 0.15093 8.0000 18.59 0.6784 0.9454 1.325950 
934.6629 2.263 318.414 0.03152 -0.02797 -0.085 0.53243 8.0000 18.52 0.7255 0.8907 1.326512 
934.2662 23.230 258.093 -0.05011 -0.23767 1.720 0.23082 8.0000 18.38 0.6242 0.7921 1.327076 
933.8694 78.434 4.936 0.50072 0.04324 2.371 -1.17652 8.0000 18.74 0.9303 1.4498 1.327640 
933.4727 16.667 164.679 -2.83243 0.77597 -7.814 4.46521 8.0000 18.83 1.2895 2.3814 1.328204 
933.0757 22.650 161.013 -2.31623 0.79697 -1.079 2.42401 8.0000 18.82 1.4075 2.8014 1.328769 
932.6787 24.321 170.281 -2.64301 0.45267 1.311 2.36057 8.0000 19.16 1.4201 2.8959 1.329334 
932.2817 5.628 197.222 -5.74398 -1.78048 29.792 30.21773 8.0000 19.02 2.1573 3.1781 1.329901 
931.8845 78.396 207.153 -7.09077 -3.63688 0.189 -18.58619 8.0000 19.07 1.6457 3.4133 1.330467 
931.4873 3.494 46.033 3.95338 4.09850 -125.324 46.46033 8.0000 19.07 3.1234 3.6149 1.331035 
931.0900 1.639 69.349 0.31045 0.82372 0.444 15.37340 8.0000 19.38 4.0062 4.5507 1.331603 
930.6926 80.917 27.696 0.15135 0.07945 1.387 -0.52097 8.0000 19.42 11.5441 16.0960 1.332171 
930.2951 2.326 66.651 0.05221 0.12095 -9.179 1.61890 8.0000 19.44 5.4856 7.1972 1.332740 
929.8975 11.030 45.839 0.11445 0.11785 0.111 0.40540 8.0000 19.55 14.0821 20.0997 1.333310 
929.4999 16.053 41.221 0.12201 0.10689 15.784 0.25853 8.0000 20.01 21.2558 30.4691 1.333881 
929.1022 16.868 41.339 0.11030 0.09704 14.286 0.21998 8.0000 20.34 25.5424 36.5975 1.334452 
928.7043 15.610 44.565 0.09611 0.09466 1.918 0.22257 8.0000 19.99 27.2056 38.7696 1.335023 
928.3065 13.638 46.834 0.08889 0.09477 0.090 0.25200 8.0000 20.08 25.8912 36.6674 1.335595 
927.9085 11.088 44.652 0.09288 0.09176 1.302 0.32032 8.0000 20.02 21.6154 30.3199 1.336168 
927.5104 7.938 36.013 0.11914 0.08660 0.246 0.51790 8.0000 20.41 14.6382 20.0284 1.336742 
927.1123 5.626 8.236 0.38623 0.05590 0.112 1.96165 8.0000 20.26 6.3635 7.5748 1.337316 
926.7141 82.867 130.312 -0.10253 0.12084 0.053 -0.62328 8.0000 20.19 11.6273 16.4794 1.337890 
926.3158 4.845 345.018 1.04209 -0.27888 0.668 6.31732 8.0000 20.41 3.8158 4.2750 1.338466 
925.9174 3.417 357.841 0.21324 -0.00804 0.600 1.78059 8.0000 20.49 1.1695 1.4094 1.339042 
925.5190 84.778 183.973 -1.58002 -0.10973 -0.226 -8.59268 8.0000 20.47 4.4630 5.1606 1.339618 
925.1204 30.516 259.893 -0.07881 -0.44215 -0.081 0.24863 8.0000 20.67 0.5534 0.7209 1.340195 
924.7218 25.874 271.539 0.00760 -0.28288 -0.058 0.22311 8.0000 20.44 0.5361 0.6793 1.340773 
924.3231 15.534 281.811 0.03316 -0.15856 -0.027 0.26887 8.0000 20.78 0.5257 0.6280 1.341351 
923.9243 9.515 81.217 0.01804 0.11679 1.344 0.34263 8.0000 20.88 0.5249 0.5707 1.341930 
923.5255 20.190 91.477 -0.00865 0.33542 1.495 0.39452 8.0000 21.37 0.5736 0.5953 1.342510 
923.1265 30.954 119.662 -0.40218 0.70620 0.064 0.43378 8.0000 20.81 0.7850 0.8576 1.343090 
922.7275 18.809 86.993 0.02205 0.41964 0.040 0.54530 8.0000 21.40 0.7532 0.8185 1.343671 
922.3283 13.226 35.509 0.26294 0.18761 1.425 0.64923 8.0000 21.35 0.7975 0.9260 1.344252 
921.9291 15.953 31.032 0.39191 0.23578 0.000 0.73460 8.0000 21.47 1.0288 1.2829 1.344834 
921.5298 16.297 15.124 0.47411 0.12813 0.000 0.76813 8.0000 21.35 1.1049 1.4146 1.345417 
921.1305 16.515 18.862 0.49074 0.16765 0.000 0.79763 8.0000 21.14 1.1858 1.5306 1.346000 
920.7311 17.105 8.103 0.50042 0.07125 0.000 0.74346 8.0000 21.37 1.0655 1.3199 1.346584 
920.3315 17.238 22.674 0.48387 0.20215 0.000 0.76367 8.0000 21.90 0.9529 1.1454 1.347169 
919.9319 18.599 49.573 0.33807 0.39686 0.000 0.68686 8.0000 21.62 0.8809 0.9992 1.347754 
919.5322 21.490 79.589 0.10570 0.57533 1.633 0.62775 8.0000 21.33 0.8614 0.9174 1.348340 
919.1324 27.401 107.808 -0.25623 0.79768 1.374 0.59099 8.0000 22.03 0.9254 1.0458 1.348926 
918.7326 21.937 83.368 0.07109 0.61141 5.567 0.64022 8.0000 21.76 0.7749 0.8341 1.349513 
918.3326 26.135 89.801 0.00150 0.43240 -5.779 0.33457 8.0000 22.24 1.0163 1.1816 1.350101 
917.9326 17.803 70.449 0.13801 0.38861 1.762 0.57588 8.0000 22.15 0.5690 0.6423 1.350689 
917.5325 69.304 125.161 -1.15058 1.63344 2.220 -2.26693 8.0000 21.86 0.8267 0.9960 1.351278 
917.1323 76.161 130.556 -0.63902 0.74672 1.859 -1.87371 8.0000 22.03 1.0714 1.3718 1.351868 
916.7321 69.022 119.342 -0.30641 0.54508 5.343 -0.69554 8.0000 22.27 1.3277 1.7124 1.352458 
916.3317 61.676 121.177 -0.15051 0.24875 99.880 -0.19136 8.0000 22.38 1.4445 1.8905 1.353049 
915.9313 14.366 119.206 -0.04468 0.07993 2.392 0.16703 8.0000 22.26 1.4722 1.9212 1.353641 
915.5308 6.525 319.987 0.08866 -0.07443 3.093 0.49942 8.0000 22.56 1.4063 1.7824 1.354233 
915.1302 7.510 342.045 0.39988 -0.12958 1.671 1.56657 8.0000 22.83 1.2089 1.4747 1.354826 
914.7295 78.983 143.477 -0.96799 0.71688 -0.001 -2.97624 8.0000 22.55 0.9271 1.0901 1.355419 
914.3287 70.516 123.160 -0.26247 0.40171 -0.003 -0.59325 8.0000 22.46 0.9111 1.1157 1.356013 
913.9279 78.111 129.652 -0.31398 0.37883 -0.007 -1.11677 8.0000 22.56 0.7048 0.8169 1.356608 
913.5270 31.778 118.221 -0.09754 0.18176 -0.020 0.10260 8.0000 22.79 0.5338 0.5974 1.357203 
913.1259 7.820 58.402 0.12114 0.19693 1.188 0.82587 8.0000 22.81 0.7318 0.8237 1.357799 
912.7249 9.296 50.635 0.18986 0.23143 0.000 0.88994 8.0000 22.54 0.7572 0.8365 1.358396 
912.3237 9.681 51.773 0.17222 0.21864 1.507 0.79200 8.0000 22.92 0.7047 0.8039 1.358993 
911.9224 9.930 47.761 0.18910 0.20826 -0.247 0.77878 8.0000 23.24 0.6634 0.7496 1.359591 
911.5211 27.660 82.931 0.06316 0.50935 -0.235 0.35512 8.0000 23.42 0.6300 0.7960 1.360190 
911.1196 0.500 275.492 0.00135 -0.01407 0.163 0.80956 8.0000 23.62 0.5972 0.6423 1.360789 
910.7181 21.838 246.068 -0.41102 -0.92611 0.054 1.06115 8.0000 23.49 0.7892 0.9325 1.361389 
910.3165 10.250 86.347 0.02338 0.36622 0.088 0.98148 8.0000 23.40 1.0858 1.4710 1.361990 
909.9149 26.484 92.163 -0.07079 1.87447 -0.059 1.41520 8.0000 23.29 1.5760 1.9209 1.362591 
909.5131 31.611 19.332 2.17861 0.76433 0.146 1.16514 8.0000 23.07 1.8195 2.2675 1.363193 
909.1113 38.178 0.332 3.80950 0.02209 0.041 0.92469 8.0000 23.17 2.5009 3.1430 1.363795 
908.7093 40.786 356.078 4.48195 -0.30727 0.009 0.66557 8.0000 23.44 3.0250 3.8048 1.364399 
908.3073 42.203 354.870 4.65142 -0.41758 0.011 0.45739 8.0000 23.11 3.2782 4.1437 1.365003 
907.9052 44.521 356.901 4.86035 -0.26310 0.003 0.08141 8.0000 23.28 3.2051 3.9299 1.365607 
907.5031 56.013 2.479 5.17254 0.22397 -1.305 -2.09456 8.0000 23.45 3.1097 3.6527 1.366212 
907.1008 39.173 3.855 3.37574 0.22750 -0.004 0.69790 8.0000 23.39 2.3729 2.7085 1.366818 
906.6984 23.670 17.739 2.10495 0.67336 -0.005 2.03649 8.0000 23.48 2.1726 2.3063 1.367425 
906.2960 13.423 64.637 0.63988 1.34985 -0.049 2.95131 8.0000 23.46 2.4989 2.5551 1.368032 
905.8935 14.970 93.985 -0.16445 2.36054 -0.496 4.10833 8.0000 23.77 3.1119 3.2818 1.368640 
905.4909 11.452 63.030 0.82206 1.61545 0.010 4.29009 8.0000 23.63 2.8661 2.9567 1.369248 
905.0883 9.690 59.222 0.65027 1.09180 6.318 3.61277 8.0000 23.73 2.7014 2.7912 1.369857 
904.6855 6.887 27.293 0.92533 0.47745 0.874 4.24781 8.0000 24.26 2.1511 2.3046 1.370467 
904.2826 3.897 104.431 -0.05566 0.21631 -0.007 1.63170 8.0000 24.11 1.6803 1.7478 1.371078 
903.8797 19.572 189.646 -0.58352 -0.09918 -0.003 0.72716 8.0000 24.57 1.7089 1.7909 1.371689 
903.4767 56.439 113.521 -0.20187 0.46382 1.697 -0.21345 8.0000 24.33 1.5441 1.8453 1.372301 
903.0736 28.696 114.160 -0.19824 0.44193 0.193 0.30984 8.0000 24.33 1.6590 2.0222 1.372913 
902.6704 33.858 114.891 -0.21519 0.46377 0.017 0.20951 8.0000 24.42 1.6010 2.0739 1.373527 
902.2672 40.709 116.007 -0.22351 0.45813 0.042 0.07694 8.0000 24.44 1.3517 1.9381 1.374140 
901.8638 50.096 118.614 -0.22742 0.41688 13.030 -0.08538 8.0000 24.56 1.0005 1.6066 1.374755 
901.4604 56.805 116.957 -0.22966 0.45157 -0.040 -0.22145 8.0000 24.34 0.8110 1.6177 1.375370 
901.0569 82.454 215.886 -0.05517 -0.03992 -0.031 -0.25250 8.0000 24.66 0.6668 1.0614 1.375986 
900.6533 63.096 238.896 -0.66328 -1.09936 -1.256 -0.93942 8.0000 24.53 1.2144 1.9975 1.376603 
900.2496 34.838 65.509 0.20549 0.45109 -0.320 0.18360 8.0000 24.76 0.5832 1.3967 1.377220 
899.8458 30.136 50.240 1.70528 2.04964 0.215 1.52251 8.0000 24.33 1.1846 2.1892 1.377838 
899.4420 31.557 36.736 17.96085 13.40524 0.271 11.36378 8.0000 24.73 1.5291 3.0140 1.378457 
899.0380 58.990 214.515 -14.64348 -10.06967 -0.416 -9.44112 8.0000 24.99 1.8358 3.5936 1.379076 
898.6340 59.811 212.659 -8.21721 -5.26696 0.143 -5.54949 8.0000 24.87 1.9493 3.8115 1.379696 
898.2299 61.889 195.619 -6.89570 -1.92780 -0.580 -4.78925 8.0000 24.76 1.7005 3.5963 1.380317 
897.8257 27.669 38.907 50.41712 40.69095 -0.754 44.80004 8.0000 25.21 1.6135 3.0579 1.380938 
897.4214 29.535 67.012 1.13386 2.67278 0.223 1.73968 8.0000 25.58 1.5165 2.3264 1.381560 
897.0171 34.232 96.046 -0.15176 1.43279 0.026 0.56861 8.0000 25.27 1.4094 1.7543 1.382183 
896.6127 41.657 129.879 -0.67176 0.80401 0.021 0.12280 8.0000 24.98 1.5599 2.3623 1.382807 
896.2081 37.342 102.096 -0.32917 1.53599 0.011 0.43020 8.0000 25.12 1.6543 1.8911 1.383431 
895.8035 35.091 100.785 -0.26939 1.41420 0.019 0.51884 8.0000 24.97 1.6454 1.9882 1.384056 
895.3989 33.971 99.155 -0.20784 1.28970 0.008 0.52934 8.0000 25.19 1.3547 1.8625 1.384681 
894.9941 30.464 98.943 -0.14998 0.95308 24.399 0.53637 8.0000 25.64 1.0886 1.7252 1.385307 
894.5892 18.302 101.979 -0.08911 0.41997 1.332 0.57800 8.0000 25.93 0.7611 1.5415 1.385934 
894.1843 14.904 264.838 -0.03553 -0.39323 0.000 0.68920 8.0000 25.38 0.7895 1.3866 1.386562 
893.7792 5.585 111.219 -0.05022 0.12936 0.005 0.70277 8.0000 25.60 0.7385 1.4955 1.387190 
893.3741 4.719 47.504 0.08539 0.09320 1.613 0.76037 8.0000 25.47 0.7103 1.3450 1.387819 
892.9689 6.786 353.093 0.19179 -0.02323 -7.383 0.80027 8.0000 25.85 0.6437 1.0241 1.388449 
892.5637 9.577 328.882 0.19718 -0.11903 -0.885 0.66307 8.0000 25.87 0.5764 0.6880 1.389079 
892.1583 10.549 305.686 0.13961 -0.19439 0.337 0.62031 8.0000 26.27 0.5626 0.6949 1.389711 
891.7528 5.876 341.087 0.12871 -0.04410 0.663 0.65405 8.0000 25.86 0.5884 0.7594 1.390343 
891.3473 5.721 15.584 0.09978 0.02783 -0.468 0.51176 8.0000 26.39 0.5721 0.7968 1.390975 
890.9417 10.513 64.295 0.06170 0.12818 1.211 0.37008 8.0000 25.99 0.5818 0.8022 1.391608 
890.5359 10.921 81.967 0.02313 0.16388 0.000 0.41290 8.0000 26.04 0.5655 0.7561 1.392242 
890.1302 12.393 98.719 -0.02167 0.14132 0.048 0.30962 8.0000 26.52 0.5342 0.6769 1.392877 
889.7243 17.745 159.628 -0.11563 0.04294 0.000 0.17297 8.0000 26.03 0.5155 0.6872 1.393512 
889.3184 10.906 13.669 0.07958 0.01935 0.000 0.20464 8.0000 26.20 0.5151 0.5503 1.394148 
888.9123 18.530 14.562 0.19955 0.05184 1.397 0.27300 8.0000 26.29 0.5271 0.5604 1.394785 
888.5062 18.552 28.249 0.14729 0.07914 -2.192 0.22105 8.0000 26.97 0.5293 0.6694 1.395423 
888.1000 16.327 77.094 0.07145 0.31183 -92.053 0.49918 8.0000 26.38 0.6344 0.7266 1.396061 
887.6937 19.021 77.198 0.09000 0.39606 1.532 0.51909 8.0000 26.82 0.7030 0.8217 1.396700 
887.2873 19.386 78.889 0.08175 0.41624 -731.441 0.52812 8.0000 27.10 0.7204 0.8494 1.397340 
886.8808 21.232 82.155 0.06316 0.45838 1.671 0.50561 8.0000 26.69 0.7568 0.8503 1.397980 
886.4743 14.836 86.433 0.02147 0.34440 2.033 0.60565 8.0000 26.99 0.6550 0.7472 1.398621 
886.0676 17.605 95.001 -0.02942 0.33620 1.752 0.47822 8.0000 26.88 0.6147 0.6711 1.399263 
885.6609 18.356 106.401 -0.09263 0.31470 1.330 0.43992 8.0000 26.88 0.5918 0.6233 1.399906 
885.2541 16.856 92.576 -0.01514 0.33638 0.070 0.50465 8.0000 27.19 0.5920 0.6473 1.400549 
884.8472 16.860 90.835 -0.00442 0.30305 0.011 0.45411 8.0000 27.02 0.5644 0.6193 1.401193 
884.4402 17.907 87.784 0.01040 0.26868 130.921 0.37263 8.0000 27.29 0.5423 0.5952 1.401838 
884.0332 21.404 89.571 0.00310 0.41400 1.400 0.44697 8.0000 27.46 0.5938 0.6317 1.402483 
883.6260 22.128 87.251 0.01979 0.41223 0.000 0.42355 8.0000 27.38 0.5887 0.6171 1.403130 
883.2188 31.642 86.689 0.02536 0.43837 0.000 0.22100 8.0000 27.68 0.5733 0.5856 1.403777 
882.8115 31.991 61.813 0.16397 0.30598 0.000 0.16945 8.0000 27.33 0.6149 0.6718 1.404424 
882.4041 12.654 140.011 -0.12196 0.10229 0.048 0.33663 8.0000 27.58 0.5261 0.5599 1.405073 
881.9966 15.761 168.894 -0.24679 0.04845 0.035 0.41006 8.0000 27.68 0.5341 0.6347 1.405722 
881.5890 18.693 196.052 -0.27284 -0.07850 0.027 0.37153 8.0000 27.66 0.5299 0.6542 1.406372 
881.1813 15.605 218.861 -0.17179 -0.13842 0.020 0.36415 8.0000 27.55 0.5400 0.6584 1.407023 
880.7736 26.859 211.361 -0.77375 -0.47158 0.425 0.66519 8.0000 28.07 0.6155 0.8291 1.407674 
880.3658 35.332 197.008 -1.55959 -0.47704 -0.012 0.57228 8.0000 27.61 0.6554 0.8906 1.408326 
879.9579 44.527 238.187 -4.15260 -6.69411 -0.025 0.13015 8.0000 27.84 1.0322 1.2961 1.408979 
879.5499 39.366 154.132 -1.34630 0.65281 0.022 0.29813 8.0000 27.86 0.6894 0.8986 1.409632 
879.1418 37.493 113.327 -0.70522 1.63541 0.139 0.47771 8.0000 28.04 1.2756 1.5009 1.410287 
878.7336 38.691 105.467 -0.40201 1.45289 -0.006 0.33746 8.0000 27.95 1.9040 2.0644 1.410942 
878.3253 38.771 102.484 -0.41221 1.86175 -0.334 0.42128 8.0000 28.42 2.1961 2.5673 1.411598 
877.9170 38.204 101.215 -0.40318 2.03344 1.637 0.50124 8.0000 28.13 2.3175 2.8623 1.412254 
877.5085 37.344 101.817 -0.42929 2.05191 309.824 0.57396 8.0000 28.53 2.2033 2.8829 1.412912 
877.1000 35.713 104.639 -0.50399 1.92949 2.006 0.67009 8.0000 28.72 1.8358 2.5853 1.413570 
876.6915 33.539 113.080 -0.64741 1.51930 1.519 0.69837 8.0000 28.56 1.2478 2.0214 1.414228 
876.2828 32.194 141.463 -0.98027 0.78077 0.042 0.60076 8.0000 28.59 0.7272 1.2648 1.414888 
875.8740 39.766 241.149 -1.75265 -3.18134 0.198 0.67113 8.0000 29.21 0.9379 1.1237 1.415548 
875.4651 25.229 150.428 -0.56172 0.31874 0.040 0.53320 8.0000 29.19 0.6985 1.6503 1.416209 
875.0562 21.349 163.531 -0.46287 0.13684 0.183 0.52309 8.0000 29.10 0.6460 0.8310 1.416871 
874.6472 7.471 167.399 -0.06597 0.01475 4.334 0.25328 8.0000 28.75 0.5991 1.8021 1.417534 
874.2380 30.375 21.020 0.63997 0.24592 0.000 0.38393 8.0000 29.10 0.6637 2.2958 1.418197 
873.8289 8.209 125.156 -0.11816 0.16778 1.331 0.69648 8.0000 28.81 0.6337 2.7041 1.418861 
873.4196 17.976 127.268 -0.18933 0.24882 1.379 0.43111 8.0000 29.59 0.5869 2.8266 1.419526 
873.0102 20.070 128.554 -0.21483 0.26956 0.203 0.40876 8.0000 29.29 0.5887 2.6804 1.420192 
872.6007 21.239 127.642 -0.19929 0.25839 -0.069 0.35639 8.0000 29.07 0.5677 2.2059 1.420858 
872.1912 24.054 99.992 -0.08172 0.46387 -0.116 0.42249 8.0000 29.55 0.5911 1.5767 1.421525 
871.7816 17.681 97.768 -0.05348 0.39203 -0.051 0.55753 8.0000 29.10 0.6612 0.7582 1.422193 
871.3718 16.944 91.223 -0.00843 0.39493 1.571 0.58811 8.0000 30.06 0.7737 1.5220 1.422862 
870.9620 12.109 110.087 -0.06364 0.17402 -0.128 0.41192 8.0000 29.87 0.5852 0.6511 1.423532 
870.5521 7.347 160.517 -0.08343 0.02952 1.564 0.33747 8.0000 29.97 0.5569 0.6638 1.424202 
870.1422 7.082 185.803 -0.09028 -0.00917 1.499 0.35955 8.0000 30.20 0.5498 0.6393 1.424873 
869.7321 10.594 127.489 -0.09013 0.11751 0.031 0.38205 8.0000 30.05 0.5631 0.6487 1.425545 
869.3219 17.465 107.426 -0.07895 0.25154 1.314 0.37750 8.0000 30.12 0.6023 0.6704 1.426217 
868.9117 20.899 98.766 -0.05884 0.38161 1.510 0.43189 8.0000 30.30 0.6555 0.6906 1.426891 
868.5013 23.060 94.030 -0.03428 0.48657 -0.011 0.46908 8.0000 30.34 0.7355 0.7442 1.427565 
868.0909 24.640 91.211 -0.01231 0.58238 1.265 0.50141 8.0000 30.52 0.8602 0.8733 1.428240 
867.6805 24.153 92.508 -0.02470 0.56399 -0.019 0.50288 8.0000 30.56 0.8342 0.8390 1.428915 
867.2699 22.905 92.319 -0.02005 0.49500 1.395 0.48160 8.0000 30.58 0.7312 0.7342 1.429592 
866.8592 22.405 91.520 -0.01250 0.47114 1.442 0.47444 8.0000 30.88 0.6939 0.6958 1.430269 
866.4485 19.725 89.654 0.00259 0.42855 -0.228 0.52079 8.0000 30.56 0.6549 0.6571 1.430947 
866.0376 20.722 86.760 0.02562 0.45251 1.207 0.51330 8.0000 30.55 0.6479 0.6574 1.431626 
865.6267 20.051 89.344 0.00535 0.46767 1.290 0.55537 8.0000 31.62 0.6626 0.6643 1.432306 
865.2157 19.636 90.940 -0.00728 0.44404 -0.014 0.54314 8.0000 30.81 0.6471 0.6578 1.432986 
864.8046 20.700 92.022 -0.01647 0.46654 1.282 0.52950 8.0000 30.99 0.6643 0.6875 1.433667 
864.3934 20.169 93.407 -0.02703 0.45402 1.251 0.53557 8.0000 31.12 0.6654 0.7020 1.434349 
863.9821 21.644 97.224 -0.06366 0.50229 1.452 0.53750 8.0000 31.00 0.6861 0.7376 1.435032 
863.5707 19.512 95.292 -0.04257 0.45958 -2.926 0.56946 8.0000 31.45 0.6886 0.7249 1.435716 
863.1593 15.293 94.585 -0.02706 0.33743 1.406 0.57272 8.0000 31.60 0.6290 0.6527 1.436400 
862.7477 15.716 90.815 -0.00538 0.37847 1.265 0.61934 8.0000 31.82 0.6714 0.6802 1.437085 
862.3361 15.322 87.119 0.01898 0.37720 -0.005 0.63750 8.0000 31.52 0.6807 0.6871 1.437771 
861.9244 16.268 85.091 0.03306 0.38496 1.283 0.60563 8.0000 31.85 0.6881 0.7107 1.438458 
861.5126 15.970 87.938 0.01428 0.39665 -1.658 0.63665 8.0000 31.90 0.6971 0.7122 1.439145 
861.1008 13.426 88.726 0.00676 0.30380 1.237 0.60022 8.0000 31.82 0.6445 0.6504 1.439834 
860.6888 12.274 89.993 0.00003 0.27647 1.252 0.60534 8.0000 32.22 0.6267 0.6359 1.440523 
860.2767 12.940 89.948 0.00026 0.28825 1.260 0.59415 8.0000 31.68 0.6174 0.6365 1.441213 
859.8646 15.015 89.574 0.00237 0.31930 -0.004 0.55238 8.0000 32.09 0.6044 0.6331 1.441904 
859.4523 12.316 91.457 -0.00724 0.28443 1.247 0.62054 8.0000 32.32 0.6149 0.6417 1.442595 
859.0400 12.813 91.348 -0.00732 0.31116 4.894 0.64887 8.0000 32.42 0.6242 0.6463 1.443288 
858.6276 12.431 91.587 -0.00902 0.32571 1.218 0.70320 8.0000 32.77 0.6319 0.6466 1.443981 
858.2151 14.473 91.749 -0.01136 0.37208 1.244 0.67308 8.0000 33.04 0.6530 0.6592 1.444675 
857.8026 19.098 90.492 -0.00394 0.45862 1.323 0.58292 8.0000 32.41 0.6976 0.7002 1.445370 
857.3899 20.999 90.635 -0.00568 0.51208 1.252 0.56881 8.0000 32.72 0.7376 0.7474 1.446065 
856.9771 21.462 91.477 -0.01267 0.49153 1.256 0.52869 8.0000 32.06 0.7445 0.7480 1.446762 
856.5643 21.411 91.882 -0.01598 0.48656 1.225 0.52531 8.0000 32.53 0.7455 0.7491 1.447459 
856.1514 22.856 92.121 -0.01873 0.50576 0.001 0.49369 8.0000 33.20 0.7609 0.7648 1.448157 
855.7383 22.877 92.694 -0.02287 0.48602 1.324 0.47390 8.0000 33.20 0.7514 0.7553 1.448856 
855.3253 23.945 92.558 -0.02274 0.50905 1.284 0.46059 8.0000 33.23 0.7695 0.7742 1.449556 
854.9120 23.341 91.588 -0.01459 0.52633 1.529 0.49647 8.0000 32.87 0.7678 0.7708 1.450257 
854.4988 20.740 91.146 -0.00980 0.48973 1.309 0.55404 8.0000 33.00 0.7277 0.7299 1.450958 
854.0854 20.769 91.630 -0.01410 0.49533 1.371 0.55933 8.0000 32.88 0.7339 0.7371 1.451660 
853.6719 21.103 90.875 -0.00786 0.51501 1.368 0.56791 8.0000 33.58 0.7519 0.7551 1.452364 
853.2584 19.928 90.604 -0.00528 0.50021 1.269 0.59922 8.0000 33.40 0.7333 0.7354 1.453067 
852.8448 19.538 90.114 -0.00098 0.49286 1.213 0.60701 8.0000 33.52 0.7243 0.7260 1.453772 
852.4311 19.087 90.082 -0.00067 0.46681 1.382 0.59377 8.0000 33.27 0.7061 0.7075 1.454478 
852.0173 22.028 89.651 0.00304 0.50010 1.261 0.51685 8.0000 33.61 0.7169 0.7181 1.455184 
851.6034 20.271 90.111 -0.00093 0.47766 1.239 0.55842 8.0000 33.50 0.7161 0.7175 1.455891 
851.1894 21.115 89.776 0.00193 0.49278 1.229 0.54291 8.0000 33.32 0.7196 0.7213 1.456599 
850.7753 22.111 89.485 0.00478 0.53169 1.313 0.54634 8.0000 33.54 0.7361 0.7375 1.457308 
850.3612 19.962 89.740 0.00223 0.49089 1.412 0.58660 8.0000 33.81 0.7116 0.7129 1.458018 
849.9470 20.100 89.947 0.00046 0.50329 1.174 0.59555 8.0000 33.60 0.7174 0.7191 1.458728 
849.5326 21.155 90.034 -0.00032 0.53608 1.399 0.58894 8.0000 33.53 0.7390 0.7406 1.459440 
849.1182 21.910 89.862 0.00133 0.55175 1.227 0.57496 8.0000 34.15 0.7463 0.7476 1.460152 
848.7037 21.068 89.680 0.00308 0.55300 1.217 0.61124 8.0000 34.03 0.7517 0.7532 1.460865 
848.2891 20.542 89.802 0.00190 0.55046 1.279 0.63135 8.0000 34.08 0.7533 0.7547 1.461579 
847.8744 19.493 89.716 0.00268 0.53972 1.233 0.66686 8.0000 34.69 0.7540 0.7552 1.462294 
847.4597 20.871 89.396 0.00573 0.54395 1.233 0.60964 8.0000 34.57 0.7392 0.7402 1.463010 
847.0448 20.698 89.280 0.00679 0.54082 1.213 0.61355 8.0000 34.84 0.7355 0.7366 1.463726 
846.6298 21.047 89.261 0.00700 0.54199 1.233 0.60002 8.0000 35.03 0.7305 0.7316 1.464444 
846.2148 22.201 88.884 0.01058 0.54313 1.184 0.55470 8.0000 34.62 0.7219 0.7229 1.465162 
845.7997 21.709 88.627 0.01298 0.54169 1.218 0.57264 8.0000 34.85 0.7221 0.7233 1.465881 
845.3845 21.608 88.578 0.01355 0.54592 1.209 0.58118 8.0000 34.76 0.7296 0.7309 1.466601 
844.9692 21.085 88.505 0.01447 0.55410 1.223 0.61195 8.0000 34.91 0.7302 0.7315 1.467322 
844.5538 20.360 88.218 0.01756 0.56459 1.260 0.65624 8.0000 34.67 0.7340 0.7355 1.468044 
844.1383 20.436 88.239 0.01720 0.55931 1.180 0.64663 8.0000 34.88 0.7434 0.7451 1.468766 
843.7227 20.186 88.380 0.01555 0.54966 1.221 0.64673 8.0000 35.62 0.7530 0.7551 1.469490 
843.3071 20.809 88.274 0.01657 0.54977 1.135 0.61910 8.0000 35.43 0.7501 0.7522 1.470214 
842.8914 20.508 88.286 0.01669 0.55791 1.238 0.64174 8.0000 35.45 0.7541 0.7561 1.470939 
842.4755 20.745 88.280 0.01709 0.56909 1.207 0.64374 8.0000 35.57 0.7632 0.7651 1.471665 
842.0596 21.224 88.350 0.01700 0.59033 1.215 0.64568 8.0000 35.74 0.7598 0.7616 1.472392 
841.6436 21.264 88.235 0.01826 0.59248 1.187 0.64624 8.0000 35.92 0.7642 0.7660 1.473120 
841.2275 20.845 88.257 0.01765 0.58017 1.162 0.65168 8.0000 35.84 0.7802 0.7819 1.473849 
840.8113 20.698 88.218 0.01764 0.56701 1.156 0.64357 8.0000 36.10 0.7913 0.7932 1.474578 
840.3951 21.017 88.191 0.01828 0.57892 1.162 0.64254 8.0000 35.94 0.7935 0.7952 1.475308 
839.9787 21.034 88.173 0.01857 0.58193 1.196 0.64510 8.0000 35.89 0.7947 0.7966 1.476040 
839.5623 20.937 88.204 0.01820 0.58053 1.197 0.64790 8.0000 36.50 0.8028 0.8047 1.476772 
839.1457 21.341 88.182 0.01852 0.58320 1.272 0.63273 8.0000 36.22 0.8015 0.8036 1.477505 
838.7291 21.444 88.114 0.01924 0.58418 1.204 0.62924 8.0000 36.36 0.7995 0.8017 1.478239 
838.3124 21.543 88.103 0.01949 0.58836 1.194 0.62940 8.0000 36.78 0.7994 0.8018 1.478974 
837.8956 21.599 87.950 0.02114 0.59051 1.203 0.62927 8.0000 37.12 0.8003 0.8025 1.479709 
837.4787 21.491 87.824 0.02259 0.59447 1.211 0.63834 8.0000 36.96 0.7964 0.7986 1.480446 
837.0617 21.537 87.675 0.02417 0.59530 1.314 0.63727 8.0000 36.95 0.7965 0.7988 1.481183 
836.6447 21.405 87.559 0.02553 0.59893 1.230 0.64713 8.0000 37.02 0.7995 0.8019 1.481922 
836.2275 21.389 87.462 0.02659 0.59998 1.209 0.64905 8.0000 37.65 0.7969 0.7992 1.482661 
835.8102 21.335 87.385 0.02752 0.60262 1.193 0.65441 8.0000 37.73 0.7974 0.7999 1.483401 
835.3929 21.430 87.271 0.02881 0.60448 1.184 0.65215 8.0000 37.48 0.8004 0.8030 1.484142 
834.9755 21.488 87.206 0.02962 0.60683 1.168 0.65205 8.0000 37.63 0.7994 0.8019 1.484884 
834.5579 21.572 87.165 0.03020 0.60969 1.169 0.65135 8.0000 37.82 0.7996 0.8021 1.485627 
834.1403 21.552 87.126 0.03052 0.60792 1.188 0.65035 8.0000 37.93 0.7991 0.8017 1.486371 
833.7227 21.574 87.102 0.03083 0.60900 1.153 0.65055 8.0000 37.97 0.7997 0.8022 1.487115 
833.3049 21.665 87.035 0.03159 0.60998 1.187 0.64749 8.0000 38.38 0.7982 0.8005 1.487861 
832.8870 21.681 86.966 0.03242 0.61166 1.162 0.64856 8.0000 38.00 0.7982 0.8005 1.488608 
832.4691 21.650 86.893 0.03309 0.60966 1.209 0.64791 8.0000 38.80 0.7988 0.8011 1.489355 
832.0510 21.714 86.857 0.03359 0.61186 1.209 0.64737 8.0000 38.98 0.7991 0.8013 1.490103 
831.6329 21.756 86.860 0.03368 0.61392 1.211 0.64763 8.0000 38.58 0.7992 0.8013 1.490852 
831.2146 21.793 86.750 0.03488 0.61411 1.166 0.64624 8.0000 39.14 0.7996 0.8017 1.491603 
830.7963 21.891 86.758 0.03500 0.61797 1.202 0.64584 8.0000 39.08 0.7999 0.8020 1.492354 
830.3779 22.019 86.708 0.03575 0.62154 1.176 0.64382 8.0000 39.16 0.8013 0.8034 1.493106 
829.9594 22.041 86.686 0.03607 0.62290 1.179 0.64425 8.0000 40.29 0.8040 0.8060 1.493858 
829.5408 22.056 86.623 0.03690 0.62528 1.183 0.64609 8.0000 39.68 0.8059 0.8079 1.494612 
829.1221 22.045 86.571 0.03743 0.62458 1.171 0.64590 8.0000 39.32 0.8073 0.8093 1.495367 
828.7034 22.052 86.547 0.03775 0.62558 1.191 0.64665 8.0000 39.98 0.8084 0.8104 1.496123 
828.2845 22.032 86.507 0.03811 0.62438 1.212 0.64631 8.0000 40.27 0.8082 0.8102 1.496879 
827.8656 22.076 86.457 0.03883 0.62703 1.183 0.64712 8.0000 39.42 0.8095 0.8115 1.497637 
827.4465 22.107 86.410 0.03939 0.62787 1.206 0.64658 8.0000 40.30 0.8103 0.8123 1.498395 
827.0275 22.118 86.343 0.04019 0.62878 1.193 0.64707 8.0000 40.44 0.8124 0.8144 1.499154 
826.6082 22.113 86.326 0.04046 0.62999 1.176 0.64860 8.0000 40.19 0.8129 0.8149 1.499915 
826.1889 22.130 86.283 0.04101 0.63121 1.206 0.64910 8.0000 40.40 0.8151 0.8170 1.500676 
825.7695 22.147 86.266 0.04122 0.63163 1.204 0.64875 8.0000 41.20 0.8163 0.8183 1.501438 
825.3500 22.158 86.255 0.04136 0.63180 1.215 0.64846 8.0000 40.93 0.8179 0.8199 1.502201 
824.9305 22.144 86.263 0.04131 0.63243 1.171 0.64971 8.0000 40.60 0.8196 0.8216 1.502965 
824.5108 22.133 86.223 0.04185 0.63392 1.164 0.65180 8.0000 40.89 0.8204 0.8224 1.503730 
824.0911 22.138 86.171 0.04250 0.63499 1.177 0.65269 8.0000 40.90 0.8217 0.8236 1.504496 
823.6713 22.137 86.127 0.04304 0.63576 1.195 0.65356 8.0000 41.30 0.8226 0.8245 1.505263 
823.2513 22.146 86.122 0.04315 0.63660 1.199 0.65403 8.0000 41.11 0.8241 0.8260 1.506031 
822.8313 22.162 86.122 0.04319 0.63709 1.201 0.65378 8.0000 41.32 0.8238 0.8257 1.506800 
822.4112 22.185 86.130 0.04326 0.63938 1.212 0.65510 8.0000 41.65 0.8262 0.8280 1.507569 
821.9910 22.217 86.174 0.04285 0.64060 1.175 0.65482 8.0000 41.46 0.8284 0.8303 1.508340 
821.5707 22.204 86.157 0.04303 0.64043 1.179 0.65529 8.0000 42.02 0.8287 0.8305 1.509112 
821.1503 22.197 86.158 0.04306 0.64115 1.189 0.65635 8.0000 42.38 0.8288 0.8306 1.509884 
820.7299 22.219 86.146 0.04337 0.64372 1.203 0.65795 8.0000 42.57 0.8306 0.8324 1.510658 
820.3093 22.235 86.168 0.04323 0.64528 1.171 0.65881 8.0000 42.42 0.8328 0.8346 1.511432 
819.8886 22.280 86.144 0.04348 0.64513 1.167 0.65661 8.0000 42.20 0.8324 0.8342 1.512208 
819.4679 22.299 86.122 0.04381 0.64615 1.170 0.65680 8.0000 43.10 0.8332 0.8350 1.512984 
819.0471 22.324 86.135 0.04375 0.64769 1.180 0.65722 8.0000 42.74 0.8349 0.8367 1.513761 
818.6262 22.344 86.124 0.04397 0.64902 1.188 0.65763 8.0000 43.70 0.8358 0.8376 1.514540 
818.2051 22.358 86.093 0.04438 0.64984 1.188 0.65786 8.0000 43.13 0.8363 0.8380 1.515319 
817.7841 22.368 86.080 0.04461 0.65108 1.141 0.65864 8.0000 43.05 0.8367 0.8384 1.516099 
817.3629 22.361 86.099 0.04443 0.65149 1.166 0.65936 8.0000 43.33 0.8369 0.8386 1.516881 
816.9416 22.385 86.123 0.04428 0.65334 1.159 0.66014 8.0000 43.21 0.8391 0.8408 1.517663 
816.5202 22.390 86.107 0.04457 0.65497 1.173 0.66153 8.0000 43.55 0.8403 0.8420 1.518446 
816.0988 22.398 86.122 0.04450 0.65648 1.163 0.66267 8.0000 44.11 0.8415 0.8431 1.519230 
815.6772 22.425 86.077 0.04516 0.65864 1.170 0.66367 8.0000 43.75 0.8427 0.8443 1.520015 
815.2556 22.429 86.074 0.04520 0.65863 1.166 0.66346 8.0000 43.78 0.8426 0.8442 1.520801 
814.8338 22.449 86.092 0.04509 0.66012 1.143 0.66400 8.0000 43.90 0.8441 0.8458 1.521589 
814.4120 22.462 86.070 0.04545 0.66157 1.166 0.66488 8.0000 44.48 0.8453 0.8469 1.522377 
813.9901 22.466 86.105 0.04513 0.66287 1.162 0.66599 8.0000 44.97 0.8465 0.8481 1.523166 
813.5681 22.490 86.123 0.04498 0.66363 1.160 0.66562 8.0000 44.61 0.8474 0.8491 1.523956 
813.1460 22.493 86.088 0.04540 0.66393 1.156 0.66582 8.0000 44.61 0.8467 0.8483 1.524747 
812.7238 22.495 86.093 0.04537 0.66440 1.190 0.66616 8.0000 45.09 0.8469 0.8485 1.525539 
812.3015 22.540 86.049 0.04610 0.66737 1.183 0.66709 8.0000 45.42 0.8498 0.8514 1.526332 
811.8792 22.506 86.088 0.04557 0.66647 1.169 0.66773 8.0000 45.96 0.8492 0.8508 1.527126 
811.4567 22.514 86.085 0.04567 0.66735 1.159 0.66824 8.0000 46.07 0.8506 0.8522 1.527921 
811.0341 22.528 86.071 0.04585 0.66753 1.143 0.66778 8.0000 45.32 0.8505 0.8521 1.528717 
810.6115 22.530 86.138 0.04513 0.66861 1.160 0.66873 8.0000 45.58 0.8516 0.8532 1.529514 
810.1888 22.532 86.111 0.04549 0.66916 1.138 0.66920 8.0000 44.91 0.8514 0.8530 1.530312 
809.7659 22.558 86.071 0.04602 0.67014 1.146 0.66902 8.0000 46.09 0.8518 0.8534 1.531111 
809.3430 22.580 86.045 0.04636 0.67069 1.144 0.66854 8.0000 46.48 0.8517 0.8532 1.531912 
808.9200 22.599 85.972 0.04730 0.67170 1.165 0.66871 8.0000 46.10 0.8524 0.8541 1.532713 
808.4969 22.619 85.920 0.04796 0.67239 1.163 0.66850 8.0000 46.74 0.8528 0.8544 1.533515 
808.0737 22.637 85.891 0.04828 0.67213 1.175 0.66742 8.0000 46.71 0.8522 0.8538 1.534318 
807.6505 22.646 85.902 0.04821 0.67293 1.184 0.66779 8.0000 46.92 0.8530 0.8546 1.535122 
807.2271 22.646 85.904 0.04820 0.67307 1.159 0.66796 8.0000 46.91 0.8528 0.8543 1.535927 
806.8036 22.675 85.850 0.04891 0.67408 1.155 0.66764 8.0000 47.73 0.8527 0.8543 1.536733 
806.3801 22.702 85.830 0.04920 0.67482 1.152 0.66712 8.0000 46.71 0.8526 0.8541 1.537540 
805.9564 22.733 85.791 0.04971 0.67549 1.133 0.66640 8.0000 47.66 0.8528 0.8544 1.538349 
805.5327 22.755 85.756 0.05016 0.67597 1.146 0.66588 8.0000 47.40 0.8534 0.8550 1.539158 
805.1089 22.791 85.694 0.05092 0.67635 1.141 0.66464 8.0000 47.08 0.8534 0.8549 1.539968 
804.6850 22.814 85.678 0.05120 0.67741 1.155 0.66461 8.0000 47.63 0.8547 0.8563 1.540779 
804.2610 22.822 85.653 0.05150 0.67752 1.149 0.66436 8.0000 48.23 0.8544 0.8559 1.541591 
803.8369 22.840 85.627 0.05187 0.67821 1.143 0.66424 8.0000 47.71 0.8548 0.8563 1.542405 
803.4127 22.873 85.608 0.05215 0.67898 1.159 0.66346 8.0000 47.98 0.8558 0.8574 1.543219 
802.9884 22.889 85.604 0.05222 0.67932 1.173 0.66306 8.0000 48.20 0.8561 0.8576 1.544035 
802.5640 22.905 85.597 0.05239 0.68032 1.151 0.66331 8.0000 48.11 0.8571 0.8587 1.544851 
802.1396 22.907 85.577 0.05261 0.68017 1.158 0.66311 8.0000 49.01 0.8563 0.8579 1.545669 
801.7150 22.917 85.595 0.05241 0.68039 1.163 0.66285 8.0000 49.44 0.8567 0.8583 1.546487 
801.2903 22.950 85.561 0.05286 0.68088 1.154 0.66179 8.0000 49.30 0.8569 0.8585 1.547307 
800.8657 22.961 85.569 0.05275 0.68073 1.155 0.66114 8.0000 48.53 0.8569 0.8585 1.548127 
800.4408 22.955 85.551 0.05292 0.68012 1.161 0.66082 8.0000 48.22 0.8560 0.8576 1.548949 
800.0159 22.975 85.555 0.05290 0.68060 1.152 0.66039 8.0000 49.33 0.8560 0.8575 1.549772 
799.5909 22.987 85.513 0.05343 0.68089 1.144 0.66014 8.0000 48.96 0.8552 0.8567 1.550595 
799.1658 23.001 85.510 0.05353 0.68169 1.149 0.66027 8.0000 49.12 0.8560 0.8575 1.551420 
798.7406 23.022 85.472 0.05408 0.68292 1.155 0.66055 8.0000 49.39 0.8568 0.8583 1.552246 
798.3153 23.052 85.468 0.05421 0.68390 1.156 0.66011 8.0000 49.34 0.8576 0.8590 1.553073 
797.8899 23.091 85.424 0.05485 0.68526 1.159 0.65965 8.0000 50.10 0.8587 0.8602 1.553901 
797.4644 23.103 85.425 0.05488 0.68587 1.159 0.65967 8.0000 50.33 0.8590 0.8605 1.554730 
797.0389 23.132 85.385 0.05548 0.68725 1.160 0.65973 8.0000 49.94 0.8597 0.8611 1.555560 
796.6132 23.145 85.352 0.05595 0.68816 1.158 0.66003 8.0000 49.80 0.8605 0.8620 1.556391 
796.1875 23.149 85.329 0.05621 0.68803 1.146 0.65974 8.0000 50.34 0.8603 0.8618 1.557224 
795.7617 23.171 85.300 0.05664 0.68882 1.143 0.65952 8.0000 49.84 0.8602 0.8617 1.558057 
795.3357 23.195 85.264 0.05711 0.68932 1.153 0.65893 8.0000 50.51 0.8609 0.8624 1.558891 
794.9097 23.223 85.225 0.05765 0.69026 1.148 0.65854 8.0000 50.84 0.8617 0.8633 1.559727 
794.4836 23.242 85.170 0.05835 0.69043 1.157 0.65788 8.0000 50.90 0.8613 0.8629 1.560563 
794.0574 23.257 85.184 0.05824 0.69126 1.155 0.65797 8.0000 50.94 0.8622 0.8638 1.561401 
793.6310 23.278 85.164 0.05859 0.69249 1.153 0.65820 8.0000 51.72 0.8626 0.8642 1.562240 
793.2047 23.301 85.121 0.05917 0.69320 1.157 0.65789 8.0000 51.83 0.8631 0.8647 1.563079 
792.7782 23.316 85.102 0.05944 0.69361 1.158 0.65757 8.0000 50.96 0.8628 0.8644 1.563920 
792.3516 23.329 85.100 0.05950 0.69405 1.160 0.65738 8.0000 51.41 0.8628 0.8644 1.564762 
791.9249 23.331 85.095 0.05956 0.69412 1.138 0.65737 8.0000 51.02 0.8624 0.8640 1.565605 
791.4982 23.365 85.071 0.05994 0.69511 1.137 0.65678 8.0000 50.79 0.8625 0.8642 1.566449 
791.0714 23.378 85.062 0.06011 0.69571 1.130 0.65674 8.0000 51.45 0.8631 0.8647 1.567295 
790.6444 23.394 85.049 0.06034 0.69650 1.147 0.65677 8.0000 51.22 0.8639 0.8655 1.568141 
790.2173 23.412 85.038 0.06047 0.69644 1.136 0.65591 8.0000 51.24 0.8641 0.8657 1.568989 
789.7902 23.433 85.010 0.06087 0.69708 1.156 0.65556 8.0000 51.73 0.8640 0.8657 1.569837 
789.3630 23.448 84.996 0.06108 0.69760 1.143 0.65538 8.0000 51.34 0.8642 0.8658 1.570687 
788.9357 23.471 85.000 0.06110 0.69835 1.143 0.65503 8.0000 52.45 0.8647 0.8664 1.571537 
788.5083 23.482 84.991 0.06126 0.69884 1.135 0.65500 8.0000 52.59 0.8644 0.8661 1.572389 
788.0807 23.485 85.009 0.06107 0.69932 1.140 0.65527 8.0000 52.13 0.8649 0.8666 1.573242 
787.6532 23.503 84.992 0.06137 0.70035 1.141 0.65546 8.0000 52.07 0.8656 0.8672 1.574096 
787.2255 23.504 84.996 0.06130 0.70013 1.132 0.65520 8.0000 51.97 0.8651 0.8667 1.574951 
786.7977 23.506 84.949 0.06187 0.70008 1.131 0.65510 8.0000 52.66 0.8644 0.8660 1.575808 
786.3699 23.518 84.942 0.06205 0.70105 1.142 0.65545 8.0000 52.71 0.8650 0.8666 1.576665 
785.9419 23.533 84.947 0.06204 0.70161 1.133 0.65529 8.0000 52.82 0.8661 0.8676 1.577524 
785.5139 23.548 84.933 0.06225 0.70201 1.138 0.65499 8.0000 52.33 0.8665 0.8681 1.578383 
785.0857 23.563 84.910 0.06256 0.70238 1.140 0.65470 8.0000 53.40 0.8660 0.8676 1.579244 
784.6575 23.584 84.873 0.06307 0.70290 1.139 0.65424 8.0000 53.15 0.8661 0.8677 1.580106 
784.2291 23.592 84.874 0.06306 0.70301 1.148 0.65399 8.0000 53.60 0.8664 0.8680 1.580969 
783.8007 23.600 84.856 0.06331 0.70325 1.144 0.65385 8.0000 53.30 0.8664 0.8680 1.581833 
783.3722 23.615 84.844 0.06349 0.70366 1.129 0.65355 8.0000 53.40 0.8667 0.8682 1.582698 
782.9435 23.646 84.816 0.06388 0.70406 1.133 0.65256 8.0000 53.81 0.8669 0.8684 1.583565 
782.5148 23.665 84.810 0.06405 0.70509 1.119 0.65265 8.0000 53.65 0.8681 0.8696 1.584433 
782.0861 23.666 84.828 0.06384 0.70539 1.122 0.65283 8.0000 53.36 0.8685 0.8700 1.585301 
781.6572 23.668 84.834 0.06379 0.70555 1.128 0.65291 8.0000 53.02 0.8686 0.8701 1.586171 
781.2282 23.679 84.828 0.06390 0.70597 1.133 0.65281 8.0000 53.51 0.8689 0.8703 1.587042 
780.7991 23.692 84.834 0.06386 0.70643 1.141 0.65259 8.0000 53.67 0.8693 0.8708 1.587914 
780.3699 23.707 84.835 0.06391 0.70694 1.137 0.65238 8.0000 53.86 0.8699 0.8714 1.588788 
779.9407 23.720 84.832 0.06394 0.70696 1.143 0.65182 8.0000 53.97 0.8701 0.8716 1.589662 
779.5113 23.728 84.832 0.06395 0.70710 1.134 0.65157 8.0000 53.90 0.8700 0.8715 1.590537 
779.0818 23.764 84.808 0.06430 0.70762 1.151 0.65047 8.0000 53.95 0.8702 0.8717 1.591414 
778.6523 23.793 84.774 0.06482 0.70860 1.138 0.65007 8.0000 54.29 0.8707 0.8722 1.592292 
778.2227 23.817 84.747 0.06523 0.70945 1.126 0.64976 8.0000 54.52 0.8712 0.8727 1.593171 
777.7930 23.832 84.751 0.06522 0.70984 1.132 0.64946 8.0000 54.14 0.8719 0.8734 1.594051 
777.3632 23.855 84.750 0.06529 0.71059 1.136 0.64908 8.0000 54.00 0.8724 0.8739 1.594933 
776.9332 23.876 84.735 0.06550 0.71084 1.140 0.64836 8.0000 54.79 0.8728 0.8743 1.595815 
776.5032 23.891 84.722 0.06572 0.71137 1.126 0.64820 8.0000 55.02 0.8731 0.8746 1.596699 
776.0731 23.905 84.713 0.06586 0.71172 1.140 0.64788 8.0000 55.00 0.8732 0.8746 1.597584 
775.6429 23.923 84.683 0.06628 0.71219 1.148 0.64753 8.0000 54.35 0.8732 0.8746 1.598470 
775.2126 23.941 84.674 0.06641 0.71231 1.138 0.64681 8.0000 55.27 0.8730 0.8745 1.599357 
774.7822 23.964 84.662 0.06659 0.71260 1.141 0.64605 8.0000 55.53 0.8734 0.8749 1.600246 
774.3517 23.976 84.687 0.06630 0.71292 1.142 0.64579 8.0000 55.70 0.8736 0.8751 1.601135 
773.9212 23.992 84.679 0.06646 0.71365 1.130 0.64570 8.0000 55.34 0.8742 0.8756 1.602026 
773.4905 24.006 84.680 0.06650 0.71412 1.119 0.64549 8.0000 55.31 0.8745 0.8759 1.602918 
773.0598 24.025 84.676 0.06661 0.71477 1.120 0.64522 8.0000 56.28 0.8747 0.8761 1.603811 
772.6289 24.048 84.661 0.06685 0.71539 1.134 0.64478 8.0000 55.91 0.8753 0.8767 1.604706 
772.1980 24.075 84.633 0.06727 0.71602 1.138 0.64415 8.0000 55.75 0.8757 0.8772 1.605601 
771.7669 24.083 84.622 0.06742 0.71621 1.131 0.64396 8.0000 55.83 0.8759 0.8774 1.606498 
771.3358 24.093 84.622 0.06744 0.71631 1.130 0.64360 8.0000 56.25 0.8763 0.8777 1.607396 
770.9046 24.109 84.615 0.06756 0.71671 1.128 0.64324 8.0000 55.86 0.8768 0.8782 1.608295 
770.4733 24.126 84.613 0.06764 0.71721 1.130 0.64292 8.0000 56.16 0.8774 0.8788 1.609195 
770.0419 24.143 84.616 0.06763 0.71763 1.133 0.64255 8.0000 55.74 0.8779 0.8792 1.610097 
769.6104 24.164 84.623 0.06762 0.71836 1.126 0.64223 8.0000 56.21 0.8782 0.8796 1.610999 
769.1787 24.180 84.631 0.06755 0.71881 1.126 0.64192 8.0000 56.68 0.8782 0.8796 1.611904 
768.7471 24.181 84.642 0.06740 0.71862 1.132 0.64165 8.0000 56.71 0.8783 0.8796 1.612809 
768.3152 24.210 84.647 0.06743 0.71964 1.135 0.64128 8.0000 56.76 0.8790 0.8803 1.613715 
767.8834 24.234 84.625 0.06779 0.72045 1.133 0.64094 8.0000 57.13 0.8791 0.8804 1.614623 
767.4514 24.254 84.594 0.06822 0.72091 1.135 0.64047 8.0000 57.56 0.8793 0.8807 1.615531 
767.0193 24.273 84.588 0.06832 0.72107 1.132 0.63977 8.0000 57.60 0.8791 0.8804 1.616442 
766.5872 24.295 84.572 0.06858 0.72165 1.138 0.63929 8.0000 57.16 0.8794 0.8807 1.617353 
766.1549 24.313 84.551 0.06887 0.72194 1.131 0.63877 8.0000 57.69 0.8792 0.8805 1.618265 
765.7225 24.331 84.571 0.06865 0.72244 1.128 0.63840 8.0000 58.48 0.8792 0.8805 1.619179 
765.2901 24.353 84.580 0.06859 0.72284 1.124 0.63776 8.0000 57.91 0.8795 0.8808 1.620094 
764.8575 24.371 84.593 0.06849 0.72358 1.127 0.63755 8.0000 58.48 0.8799 0.8811 1.621010 
764.4249 24.387 84.589 0.06861 0.72432 1.131 0.63750 8.0000 58.23 0.8805 0.8818 1.621928 
763.9922 24.407 84.596 0.06861 0.72528 1.123 0.63745 8.0000 58.20 0.8812 0.8825 1.622846 
763.5593 24.435 84.578 0.06891 0.72605 1.137 0.63688 8.0000 59.09 0.8816 0.8829 1.623766 
763.1264 24.456 84.593 0.06875 0.72635 1.133 0.63621 8.0000 58.73 0.8816 0.8829 1.624687 
762.6934 24.471 84.572 0.06908 0.72700 1.138 0.63612 8.0000 59.23 0.8818 0.8831 1.625610 
762.2603 24.485 84.567 0.06915 0.72704 1.138 0.63554 8.0000 59.18 0.8816 0.8829 1.626533 
761.8271 24.497 84.566 0.06923 0.72768 1.135 0.63555 8.0000 59.77 0.8819 0.8831 1.627458 
761.3938 24.514 84.561 0.06930 0.72784 1.140 0.63496 8.0000 59.55 0.8820 0.8832 1.628385 
760.9604 24.538 84.537 0.06966 0.72832 1.131 0.63430 8.0000 59.12 0.8820 0.8833 1.629312 
760.5269 24.559 84.541 0.06969 0.72919 1.127 0.63411 8.0000 59.88 0.8823 0.8836 1.630241 
760.0933 24.585 84.533 0.06987 0.73002 1.131 0.63369 8.0000 60.39 0.8831 0.8844 1.631171 
759.6597 24.610 84.512 0.07022 0.73081 1.130 0.63330 8.0000 60.46 0.8837 0.8849 1.632102 
759.2259 24.625 84.526 0.07005 0.73097 1.140 0.63274 8.0000 59.82 0.8839 0.8851 1.633034 
758.7921 24.640 84.538 0.06995 0.73151 1.129 0.63251 8.0000 60.21 0.8843 0.8856 1.633968 
758.3581 24.664 84.517 0.07024 0.73183 1.133 0.63176 8.0000 60.73 0.8842 0.8855 1.634903 
757.9240 24.675 84.512 0.07031 0.73173 1.133 0.63115 8.0000 61.19 0.8839 0.8852 1.635839 
757.4899 24.694 84.510 0.07036 0.73209 1.136 0.63063 8.0000 61.40 0.8842 0.8855 1.636777 
757.0556 24.712 84.513 0.07033 0.73223 1.132 0.62995 8.0000 60.95 0.8841 0.8854 1.637716 
756.6213 24.737 84.512 0.07042 0.73298 1.124 0.62948 8.0000 60.55 0.8845 0.8857 1.638656 
756.1868 24.762 84.489 0.07077 0.73349 1.126 0.62882 8.0000 60.49 0.8846 0.8858 1.639597 
755.7523 24.771 84.499 0.07068 0.73382 1.130 0.62873 8.0000 60.25 0.8847 0.8859 1.640540 
755.3177 24.791 84.499 0.07073 0.73448 1.131 0.62839 8.0000 61.84 0.8850 0.8863 1.641484 
754.8830 24.807 84.507 0.07063 0.73447 1.141 0.62765 8.0000 61.49 0.8849 0.8861 1.642429 
754.4482 24.819 84.517 0.07050 0.73439 1.139 0.62705 8.0000 61.76 0.8849 0.8861 1.643376 
754.0132 24.836 84.532 0.07035 0.73490 1.145 0.62673 8.0000 62.78 0.8851 0.8863 1.644324 
753.5782 24.854 84.523 0.07053 0.73555 1.135 0.62648 8.0000 61.88 0.8853 0.8865 1.645273 
753.1431 24.872 84.515 0.07067 0.73604 1.135 0.62608 8.0000 62.80 0.8855 0.8867 1.646223 
752.7079 24.888 84.519 0.07066 0.73638 1.128 0.62569 8.0000 61.84 0.8857 0.8869 1.647175 
752.2726 24.908 84.514 0.07076 0.73683 1.130 0.62518 8.0000 63.37 0.8856 0.8868 1.648129 
751.8373 24.919 84.522 0.07065 0.73669 1.129 0.62458 8.0000 62.53 0.8853 0.8865 1.649083 
751.4018 24.943 84.485 0.07119 0.73728 1.136 0.62404 8.0000 63.28 0.8856 0.8868 1.650039 
750.9662 24.963 84.486 0.07122 0.73772 1.134 0.62356 8.0000 63.16 0.8861 0.8874 1.650996 
750.5306 24.980 84.484 0.07127 0.73796 1.137 0.62299 8.0000 63.13 0.8864 0.8876 1.651954 
750.0948 24.999 84.462 0.07158 0.73819 1.132 0.62238 8.0000 63.44 0.8860 0.8872 1.652914 
749.6589 25.017 84.461 0.07165 0.73873 1.142 0.62202 8.0000 63.47 0.8862 0.8874 1.653875 
749.2230 25.030 84.456 0.07173 0.73901 1.142 0.62171 8.0000 63.64 0.8863 0.8876 1.654837 
748.7869 25.042 84.456 0.07175 0.73927 1.136 0.62136 8.0000 64.06 0.8863 0.8875 1.655801 
748.3508 25.065 84.442 0.07200 0.73994 1.135 0.62096 8.0000 63.77 0.8866 0.8878 1.656766 
747.9146 25.080 84.452 0.07194 0.74060 1.141 0.62083 8.0000 64.01 0.8871 0.8883 1.657732 
747.4782 25.095 84.466 0.07179 0.74093 1.134 0.62042 8.0000 63.14 0.8874 0.8886 1.658700 
747.0417 25.109 84.458 0.07194 0.74140 1.144 0.62022 8.0000 63.75 0.8876 0.8888 1.659669 
746.6052 25.122 84.443 0.07216 0.74168 1.138 0.61988 8.0000 64.26 0.8875 0.8887 1.660639 
746.1686 25.145 84.418 0.07255 0.74231 1.136 0.61943 8.0000 64.68 0.8878 0.8890 1.661611 
745.7319 25.169 84.395 0.07292 0.74304 1.142 0.61899 8.0000 64.15 0.8880 0.8892 1.662584 
745.2950 25.191 84.387 0.07308 0.74359 1.142 0.61852 8.0000 64.29 0.8883 0.8895 1.663559 
744.8582 25.212 84.366 0.07339 0.74398 1.142 0.61792 8.0000 64.65 0.8883 0.8895 1.664534 
744.4211 25.225 84.367 0.07341 0.74433 1.136 0.61763 8.0000 64.13 0.8885 0.8896 1.665512 
743.9841 25.238 84.370 0.07345 0.74506 1.134 0.61770 8.0000 64.93 0.8888 0.8900 1.666490 
743.5468 25.256 84.354 0.07368 0.74527 1.138 0.61711 8.0000 64.35 0.8888 0.8900 1.667470 
743.1096 25.269 84.352 0.07374 0.74572 1.142 0.61689 8.0000 65.08 0.8890 0.8901 1.668451 
742.6722 25.280 84.367 0.07359 0.74604 1.145 0.61666 8.0000 64.62 0.8892 0.8904 1.669434 
742.2347 25.290 84.370 0.07355 0.74612 1.143 0.61625 8.0000 65.23 0.8891 0.8903 1.670418 
741.7971 25.306 84.341 0.07396 0.74642 1.145 0.61587 8.0000 65.70 0.8890 0.8901 1.671403 
741.3594 25.316 84.333 0.07408 0.74649 1.143 0.61549 8.0000 64.74 0.8889 0.8900 1.672390 
740.9216 25.326 84.339 0.07403 0.74688 1.153 0.61535 8.0000 66.22 0.8891 0.8902 1.673378 
740.4838 25.340 84.340 0.07405 0.74713 1.141 0.61497 8.0000 65.80 0.8891 0.8902 1.674367 
740.0458 25.347 84.357 0.07385 0.74738 1.136 0.61486 8.0000 66.28 0.8891 0.8902 1.675358 
739.6077 25.353 84.373 0.07367 0.74772 1.146 0.61486 8.0000 66.31 0.8892 0.8903 1.676351 
739.1696 25.367 84.365 0.07383 0.74820 1.141 0.61463 8.0000 65.90 0.8893 0.8904 1.677344 
738.7313 25.377 84.370 0.07379 0.74855 1.149 0.61446 8.0000 66.27 0.8894 0.8905 1.678339 
738.2930 25.390 84.361 0.07394 0.74882 1.146 0.61415 8.0000 66.84 0.8893 0.8904 1.679336 
737.8545 25.399 84.354 0.07405 0.74903 1.142 0.61392 8.0000 66.50 0.8893 0.8903 1.680334 
737.4160 25.414 84.351 0.07415 0.74965 1.149 0.61378 8.0000 66.41 0.8895 0.8905 1.681333 
736.9773 25.424 84.353 0.07412 0.74969 1.143 0.61338 8.0000 65.92 0.8894 0.8904 1.682334 
736.5386 25.436 84.352 0.07416 0.74982 1.147 0.61295 8.0000 66.16 0.8893 0.8904 1.683336 
736.0997 25.447 84.358 0.07408 0.74993 1.152 0.61253 8.0000 68.08 0.8892 0.8902 1.684340 
735.6608 25.458 84.367 0.07401 0.75034 1.150 0.61238 8.0000 67.02 0.8892 0.8902 1.685344 
735.2218 25.468 84.372 0.07398 0.75080 1.149 0.61233 8.0000 66.83 0.8893 0.8903 1.686351 
734.7827 25.470 84.395 0.07367 0.75069 1.146 0.61214 8.0000 66.97 0.8891 0.8900 1.687359 
734.3434 25.479 84.388 0.07380 0.75103 1.157 0.61204 8.0000 67.66 0.8889 0.8899 1.688368 
733.9041 25.494 84.374 0.07402 0.75137 1.160 0.61164 8.0000 67.95 0.8889 0.8898 1.689379 
733.4647 25.498 84.376 0.07399 0.75136 1.152 0.61146 8.0000 68.44 0.8887 0.8897 1.690391 
733.0252 25.505 84.389 0.07383 0.75147 1.151 0.61124 8.0000 67.86 0.8888 0.8897 1.691404 
732.5856 25.523 84.371 0.07414 0.75218 1.150 0.61104 8.0000 67.82 0.8889 0.8899 1.692419 
732.1459 25.533 84.370 0.07416 0.75221 1.151 0.61064 8.0000 67.71 0.8888 0.8898 1.693436 
731.7061 25.531 84.380 0.07400 0.75193 1.156 0.61048 8.0000 68.44 0.8886 0.8895 1.694453 
731.2662 25.537 84.397 0.07380 0.75230 1.148 0.61049 8.0000 68.28 0.8888 0.8897 1.695473 
730.8262 25.543 84.399 0.07379 0.75253 1.160 0.61042 8.0000 68.47 0.8888 0.8898 1.696494 
730.3861 25.545 84.424 0.07344 0.75230 1.159 0.61015 8.0000 68.73 0.8888 0.8897 1.697516 
729.9459 25.556 84.419 0.07351 0.75237 1.163 0.60973 8.0000 68.76 0.8887 0.8896 1.698539 
729.5057 25.562 84.418 0.07351 0.75218 1.163 0.60930 8.0000 68.05 0.8887 0.8896 1.699564 
729.0653 25.573 84.396 0.07385 0.75262 1.167 0.60919 8.0000 68.10 0.8888 0.8897 1.700591 
728.6248 25.575 84.400 0.07380 0.75260 1.156 0.60911 8.0000 68.06 0.8886 0.8895 1.701619 
728.1843 25.575 84.415 0.07360 0.75270 1.164 0.60917 8.0000 68.57 0.8885 0.8894 1.702648 
727.7436 25.583 84.419 0.07356 0.75280 1.155 0.60890 8.0000 68.31 0.8885 0.8894 1.703680 
727.3028 25.587 84.433 0.07338 0.75283 1.163 0.60874 8.0000 68.44 0.8885 0.8893 1.704712 
726.8619 25.600 84.415 0.07366 0.75327 1.160 0.60853 8.0000 68.76 0.8885 0.8893 1.705746 
726.4210 25.603 84.421 0.07358 0.75322 1.163 0.60837 8.0000 68.81 0.8883 0.8892 1.706781 
725.9799 25.612 84.419 0.07362 0.75339 1.164 0.60811 8.0000 68.44 0.8885 0.8894 1.707818 
725.5388 25.624 84.404 0.07382 0.75342 1.163 0.60760 8.0000 68.50 0.8884 0.8892 1.708857 
725.0975 25.640 84.382 0.07414 0.75371 1.171 0.60716 8.0000 68.74 0.8886 0.8894 1.709897 
724.6561 25.650 84.385 0.07412 0.75390 1.162 0.60690 8.0000 68.16 0.8887 0.8896 1.710938 
724.2147 25.651 84.391 0.07402 0.75376 1.166 0.60674 8.0000 68.72 0.8887 0.8896 1.711981 
723.7732 25.655 84.394 0.07398 0.75371 1.165 0.60650 8.0000 68.47 0.8887 0.8895 1.713025 
723.3315 25.662 84.406 0.07382 0.75371 1.163 0.60621 8.0000 68.16 0.8887 0.8895 1.714072 
722.8898 25.675 84.385 0.07411 0.75382 1.171 0.60576 8.0000 69.32 0.8888 0.8896 1.715119 
722.4479 25.685 84.385 0.07413 0.75395 1.168 0.60542 8.0000 69.21 0.8887 0.8896 1.716168 
722.0060 25.691 84.379 0.07420 0.75394 1.175 0.60518 8.0000 69.09 0.8887 0.8895 1.717218 
721.5640 25.710 84.354 0.07456 0.75425 1.166 0.60462 8.0000 68.79 0.8889 0.8897 1.718270 
721.1218 25.720 84.357 0.07455 0.75445 1.171 0.60432 8.0000 69.11 0.8890 0.8898 1.719324 
720.6796 25.729 84.361 0.07451 0.75459 1.170 0.60407 8.0000 69.70 0.8890 0.8899 1.720379 
720.2373 25.739 84.356 0.07459 0.75474 1.170 0.60373 8.0000 69.63 0.8891 0.8899 1.721435 
719.7949 25.743 84.372 0.07437 0.75473 1.167 0.60355 8.0000 69.44 0.8891 0.8899 1.722493 
719.3524 25.758 84.363 0.07451 0.75486 1.172 0.60304 8.0000 69.43 0.8894 0.8902 1.723553 
718.9097 25.765 84.360 0.07456 0.75499 1.180 0.60281 8.0000 69.58 0.8894 0.8903 1.724614 
718.4670 25.774 84.354 0.07464 0.75496 1.181 0.60244 8.0000 70.10 0.8895 0.8903 1.725677 
718.0242 25.797 84.320 0.07514 0.75555 1.182 0.60194 8.0000 70.51 0.8897 0.8905 1.726741 
717.5813 25.810 84.307 0.07533 0.75565 1.174 0.60146 8.0000 70.17 0.8897 0.8906 1.727807 
717.1383 25.825 84.297 0.07548 0.75583 1.176 0.60097 8.0000 69.25 0.8898 0.8906 1.728874 
716.6952 25.838 84.286 0.07564 0.75603 1.183 0.60059 8.0000 69.88 0.8899 0.8907 1.729943 
716.2520 25.852 84.275 0.07581 0.75619 1.185 0.60013 8.0000 70.44 0.8899 0.8908 1.731013 
715.8087 25.867 84.247 0.07621 0.75639 1.183 0.59965 8.0000 70.62 0.8899 0.8908 1.732086 
715.3653 25.884 84.224 0.07654 0.75677 1.187 0.59923 8.0000 71.09 0.8902 0.8910 1.733159 
714.9218 25.896 84.224 0.07655 0.75676 1.185 0.59870 8.0000 70.62 0.8903 0.8911 1.734234 
714.4782 25.913 84.203 0.07684 0.75690 1.185 0.59813 8.0000 70.71 0.8903 0.8911 1.735311 
714.0345 25.934 84.176 0.07724 0.75725 1.189 0.59751 8.0000 70.49 0.8903 0.8911 1.736389 
713.5907 25.951 84.160 0.07749 0.75757 1.185 0.59708 8.0000 70.83 0.8906 0.8914 1.737469 
713.1469 25.965 84.140 0.07775 0.75753 1.188 0.59647 8.0000 69.83 0.8905 0.8913 1.738550 
712.7028 25.980 84.117 0.07806 0.75751 1.195 0.59580 8.0000 70.59 0.8905 0.8913 1.739634 
712.2588 26.002 84.091 0.07844 0.75790 1.193 0.59521 8.0000 71.57 0.8908 0.8916 1.740718 
711.8146 26.022 84.064 0.07884 0.75822 1.196 0.59464 8.0000 70.66 0.8910 0.8918 1.741805 
711.3703 26.042 84.037 0.07923 0.75857 1.199 0.59410 8.0000 71.38 0.8911 0.8919 1.742892 
710.9259 26.065 83.998 0.07979 0.75894 1.197 0.59344 8.0000 70.83 0.8912 0.8920 1.743982 
710.4814 26.079 83.986 0.07997 0.75918 1.193 0.59302 8.0000 70.84 0.8913 0.8921 1.745073 
710.0369 26.099 83.971 0.08023 0.75957 1.193 0.59249 8.0000 70.94 0.8915 0.8922 1.746165 
709.5922 26.116 83.951 0.08053 0.75994 1.200 0.59208 8.0000 70.49 0.8916 0.8924 1.747260 
709.1474 26.138 83.938 0.08075 0.76031 1.199 0.59146 8.0000 71.28 0.8920 0.8928 1.748356 
708.7026 26.153 83.924 0.08096 0.76059 1.205 0.59102 8.0000 71.92 0.8921 0.8929 1.749453 
708.2576 26.174 83.907 0.08123 0.76097 1.204 0.59048 8.0000 71.79 0.8923 0.8931 1.750552 
707.8125 26.191 83.892 0.08144 0.76115 1.208 0.58988 8.0000 70.92 0.8924 0.8932 1.751653 
707.3674 26.214 83.869 0.08179 0.76142 1.210 0.58913 8.0000 71.34 0.8925 0.8933 1.752755 
706.9221 26.237 83.842 0.08220 0.76189 1.211 0.58857 8.0000 71.91 0.8927 0.8935 1.753859 
706.4767 26.260 83.817 0.08258 0.76221 1.212 0.58786 8.0000 72.12 0.8929 0.8937 1.754965 
706.0313 26.282 83.781 0.08310 0.76256 1.215 0.58726 8.0000 71.99 0.8930 0.8937 1.756072 
705.5857 26.305 83.760 0.08343 0.76305 1.215 0.58666 8.0000 72.31 0.8933 0.8940 1.757181 
705.1401 26.325 83.751 0.08360 0.76345 1.206 0.58611 8.0000 71.62 0.8936 0.8943 1.758292 
704.6943 26.346 83.737 0.08383 0.76389 1.218 0.58559 8.0000 71.73 0.8938 0.8946 1.759404 
704.2484 26.363 83.717 0.08414 0.76421 1.217 0.58514 8.0000 71.06 0.8938 0.8945 1.760518 
703.8025 26.382 83.700 0.08441 0.76457 1.227 0.58462 8.0000 71.48 0.8937 0.8945 1.761633 
703.3564 26.403 83.666 0.08492 0.76501 1.226 0.58410 8.0000 71.21 0.8938 0.8946 1.762751 
702.9103 26.428 83.646 0.08524 0.76545 1.219 0.58343 8.0000 72.35 0.8941 0.8948 1.763869 
702.4641 26.452 83.616 0.08569 0.76591 1.226 0.58280 8.0000 72.69 0.8943 0.8951 1.764990 
702.0177 26.476 83.592 0.08608 0.76645 1.226 0.58222 8.0000 72.46 0.8946 0.8953 1.766112 
701.5712 26.498 83.568 0.08646 0.76695 1.227 0.58170 8.0000 72.63 0.8948 0.8955 1.767236 
701.1247 26.521 83.554 0.08672 0.76760 1.235 0.58123 8.0000 72.75 0.8951 0.8958 1.768361 
700.6780 26.544 83.538 0.08699 0.76798 1.233 0.58054 8.0000 71.89 0.8953 0.8960 1.769489 
700.2313 26.566 83.522 0.08728 0.76861 1.242 0.58012 8.0000 72.58 0.8955 0.8962 1.770618 
699.7844 26.585 83.502 0.08761 0.76921 1.238 0.57978 8.0000 71.31 0.8958 0.8965 1.771748 
699.3375 26.605 83.490 0.08784 0.76983 1.234 0.57941 8.0000 71.80 0.8960 0.8968 1.772881 
698.8904 26.629 83.464 0.08825 0.77030 1.236 0.57880 8.0000 72.42 0.8963 0.8970 1.774015 
698.4433 26.652 83.443 0.08860 0.77075 1.240 0.57818 8.0000 72.29 0.8965 0.8973 1.775150 
697.9961 26.680 83.408 0.08915 0.77148 1.244 0.57761 8.0000 72.24 0.8970 0.8977 1.776288 
697.5488 26.702 83.388 0.08948 0.77199 1.248 0.57707 8.0000 72.47 0.8972 0.8980 1.777427 
697.1013 26.720 83.376 0.08970 0.77243 1.253 0.57668 8.0000 72.33 0.8974 0.8981 1.778568 
696.6537 26.740 83.362 0.08995 0.77292 1.257 0.57620 8.0000 72.35 0.8975 0.8983 1.779711 
696.2061 26.763 83.343 0.09028 0.77350 1.253 0.57569 8.0000 71.69 0.8977 0.8985 1.780855 
695.7584 26.785 83.329 0.09054 0.77406 1.252 0.57519 8.0000 71.95 0.8979 0.8987 1.782001 
695.3105 26.805 83.312 0.09082 0.77459 1.259 0.57477 8.0000 73.22 0.8981 0.8988 1.783149 
694.8626 26.831 83.289 0.09121 0.77517 1.256 0.57416 8.0000 72.94 0.8985 0.8993 1.784298 
694.4146 26.853 83.267 0.09157 0.77561 1.258 0.57357 8.0000 72.77 0.8987 0.8995 1.785449 
693.9664 26.876 83.256 0.09177 0.77611 1.263 0.57300 8.0000 71.60 0.8990 0.8997 1.786602 
693.5182 26.905 83.233 0.09219 0.77702 1.260 0.57247 8.0000 71.83 0.8993 0.9001 1.787757 
693.0699 26.928 83.229 0.09235 0.77773 1.266 0.57205 8.0000 71.79 0.8996 0.9004 1.788913 
692.6215 26.950 83.220 0.09256 0.77849 1.267 0.57169 8.0000 72.30 0.8999 0.9007 1.790071 
692.1729 26.972 83.210 0.09276 0.77909 1.273 0.57121 8.0000 72.41 0.9000 0.9008 1.791231 
691.7243 26.993 83.202 0.09295 0.77970 1.269 0.57078 8.0000 72.91 0.9004 0.9011 1.792393 
691.2756 27.019 83.185 0.09327 0.78043 1.268 0.57024 8.0000 72.56 0.9007 0.9015 1.793557 
690.8267 27.041 83.169 0.09355 0.78099 1.280 0.56974 8.0000 71.89 0.9010 0.9018 1.794722 
690.3778 27.066 83.152 0.09387 0.78166 1.277 0.56923 8.0000 71.76 0.9013 0.9021 1.795889 
689.9288 27.085 83.144 0.09404 0.78218 1.287 0.56880 8.0000 71.17 0.9016 0.9024 1.797058 
689.4797 27.110 83.127 0.09436 0.78285 1.283 0.56827 8.0000 71.55 0.9019 0.9027 1.798228 
689.0304 27.132 83.120 0.09452 0.78332 1.276 0.56773 8.0000 70.34 0.9021 0.9029 1.799401 
688.5811 27.155 83.107 0.09478 0.78395 1.282 0.56724 8.0000 72.38 0.9024 0.9032 1.800575 
688.1317 27.174 83.096 0.09497 0.78437 1.281 0.56676 8.0000 71.96 0.9026 0.9034 1.801751 
687.6821 27.194 83.087 0.09517 0.78491 1.285 0.56632 8.0000 72.30 0.9028 0.9036 1.802929 
687.2325 27.219 83.064 0.09554 0.78543 1.295 0.56567 8.0000 72.37 0.9030 0.9038 1.804108 
686.7828 27.240 83.055 0.09575 0.78598 1.306 0.56518 8.0000 72.36 0.9031 0.9039 1.805290 
686.3329 27.262 83.046 0.09593 0.78658 1.303 0.56471 8.0000 71.91 0.9033 0.9041 1.806473 
685.8830 27.283 83.044 0.09604 0.78712 1.300 0.56422 8.0000 71.59 0.9035 0.9043 1.807658 
685.4330 27.310 83.036 0.09623 0.78781 1.302 0.56362 8.0000 72.13 0.9037 0.9045 1.808845 
684.9828 27.334 83.026 0.09645 0.78856 1.306 0.56315 8.0000 72.22 0.9041 0.9049 1.810034 
684.5327 27.351 83.027 0.09651 0.78908 1.305 0.56283 8.0000 72.40 0.9042 0.9050 1.811224 
684.0823 27.373 83.014 0.09675 0.78958 1.311 0.56229 8.0000 71.81 0.9043 0.9051 1.812416 
683.6319 27.394 83.009 0.09690 0.79017 1.321 0.56182 8.0000 72.02 0.9045 0.9053 1.813610 
683.1813 27.414 82.997 0.09711 0.79058 1.324 0.56131 8.0000 71.52 0.9045 0.9053 1.814807 
682.7307 27.439 82.973 0.09753 0.79120 1.326 0.56071 8.0000 71.84 0.9048 0.9056 1.816004 
682.2800 27.460 82.971 0.09761 0.79167 1.324 0.56021 8.0000 72.28 0.9049 0.9057 1.817204 
681.8292 27.486 82.949 0.09797 0.79214 1.316 0.55946 8.0000 71.41 0.9051 0.9059 1.818405 
681.3782 27.510 82.938 0.09819 0.79266 1.324 0.55887 8.0000 72.08 0.9053 0.9061 1.819609 
680.9272 27.527 82.933 0.09832 0.79313 1.337 0.55848 8.0000 71.67 0.9054 0.9062 1.820814 
680.4761 27.549 82.917 0.09860 0.79355 1.338 0.55787 8.0000 72.15 0.9055 0.9064 1.822021 
680.0248 27.569 82.908 0.09876 0.79382 1.343 0.55727 8.0000 71.69 0.9056 0.9064 1.823230 
679.5735 27.591 82.892 0.09905 0.79432 1.346 0.55670 8.0000 72.00 0.9058 0.9066 1.824441 
679.1221 27.612 82.881 0.09923 0.79457 1.343 0.55604 8.0000 71.80 0.9059 0.9067 1.825654 
678.6705 27.633 82.873 0.09939 0.79488 1.353 0.55538 8.0000 72.62 0.9060 0.9069 1.826869 
678.2189 27.654 82.862 0.09960 0.79535 1.353 0.55485 8.0000 72.82 0.9061 0.9069 1.828085 
677.7672 27.676 82.843 0.09995 0.79596 1.355 0.55438 8.0000 71.70 0.9062 0.9071 1.829303 
677.3154 27.697 82.836 0.10012 0.79654 1.361 0.55395 8.0000 71.31 0.9064 0.9072 1.830524 
676.8634 27.717 82.821 0.10039 0.79704 1.371 0.55346 8.0000 72.30 0.9066 0.9075 1.831746 
676.4114 27.736 82.812 0.10056 0.79731 1.372 0.55291 8.0000 72.01 0.9067 0.9075 1.832970 
675.9592 27.754 82.792 0.10088 0.79762 1.376 0.55239 8.0000 72.20 0.9068 0.9077 1.834196 
675.5070 27.774 82.779 0.10112 0.79803 1.375 0.55188 8.0000 72.14 0.9070 0.9078 1.835424 
675.0547 27.791 82.776 0.10120 0.79834 1.377 0.55138 8.0000 71.86 0.9072 0.9080 1.836654 
674.6022 27.809 82.766 0.10138 0.79873 1.380 0.55093 8.0000 71.87 0.9073 0.9081 1.837886 
674.1497 27.829 82.757 0.10156 0.79912 1.385 0.55038 8.0000 72.13 0.9074 0.9082 1.839120 
673.6971 27.846 82.750 0.10170 0.79941 1.386 0.54989 8.0000 71.34 0.9075 0.9083 1.840355 
673.2443 27.866 82.740 0.10190 0.79988 1.397 0.54941 8.0000 72.10 0.9078 0.9086 1.841593 
672.7915 27.885 82.728 0.10210 0.80015 1.400 0.54881 8.0000 72.39 0.9080 0.9088 1.842832 
672.3386 27.903 82.723 0.10221 0.80041 1.407 0.54825 8.0000 72.21 0.9082 0.9090 1.844074 
671.8855 27.920 82.711 0.10240 0.80064 1.399 0.54774 8.0000 71.56 0.9083 0.9091 1.845317 
671.4324 27.939 82.698 0.10264 0.80097 1.413 0.54719 8.0000 71.68 0.9085 0.9093 1.846563 
670.9791 27.958 82.687 0.10284 0.80134 1.412 0.54665 8.0000 72.39 0.9086 0.9094 1.847810 
670.5258 27.977 82.673 0.10310 0.80180 1.425 0.54623 8.0000 72.00 0.9088 0.9096 1.849059 
670.0723 27.994 82.658 0.10335 0.80213 1.432 0.54575 8.0000 72.57 0.9091 0.9099 1.850311 
669.6188 28.013 82.650 0.10350 0.80234 1.429 0.54514 8.0000 71.43 0.9093 0.9101 1.851564 
669.1651 28.028 82.642 0.10363 0.80253 1.438 0.54465 8.0000 72.40 0.9095 0.9103 1.852819 
668.7114 28.048 82.633 0.10382 0.80295 1.438 0.54415 8.0000 72.04 0.9096 0.9104 1.854076 
668.2575 28.064 82.627 0.10395 0.80329 1.441 0.54370 8.0000 71.94 0.9096 0.9104 1.855336 
667.8035 28.082 82.615 0.10416 0.80365 1.440 0.54321 8.0000 72.04 0.9098 0.9106 1.856597 
667.3495 28.099 82.604 0.10435 0.80393 1.452 0.54275 8.0000 72.18 0.9099 0.9107 1.857860 
666.8953 28.117 82.596 0.10451 0.80421 1.461 0.54220 8.0000 72.15 0.9101 0.9109 1.859125 
666.4411 28.135 82.580 0.10477 0.80447 1.467 0.54164 8.0000 71.00 0.9103 0.9111 1.860392 
665.9868 28.154 82.569 0.10496 0.80475 1.466 0.54109 8.0000 71.70 0.9106 0.9114 1.861661 
665.5323 28.168 82.563 0.10510 0.80519 1.474 0.54081 8.0000 72.39 0.9108 0.9116 1.862933 
665.0777 28.188 82.549 0.10535 0.80551 1.474 0.54024 8.0000 71.20 0.9110 0.9118 1.864206 
664.6230 28.203 82.539 0.10553 0.80580 1.478 0.53981 8.0000 72.10 0.9112 0.9120 1.865482 
664.1683 28.221 82.533 0.10566 0.80618 1.482 0.53933 8.0000 71.83 0.9114 0.9122 1.866759 
663.7134 28.238 82.525 0.10581 0.80642 1.491 0.53882 8.0000 71.82 0.9116 0.9124 1.868038 
663.2584 28.253 82.514 0.10600 0.80672 1.493 0.53843 8.0000 72.02 0.9118 0.9125 1.869319 
662.8034 28.267 82.511 0.10608 0.80698 1.497 0.53804 8.0000 70.33 0.9119 0.9127 1.870603 
662.3482 28.281 82.506 0.10620 0.80729 1.506 0.53768 8.0000 71.86 0.9121 0.9129 1.871888 
661.8929 28.300 82.489 0.10647 0.80750 1.514 0.53705 8.0000 72.18 0.9124 0.9131 1.873176 
661.4376 28.316 82.480 0.10663 0.80777 1.520 0.53661 8.0000 71.54 0.9126 0.9133 1.874465 
660.9821 28.330 82.477 0.10670 0.80796 1.524 0.53614 8.0000 71.78 0.9127 0.9135 1.875757 
660.5265 28.345 82.474 0.10677 0.80822 1.530 0.53574 8.0000 70.49 0.9128 0.9136 1.877051 
660.0708 28.358 82.472 0.10684 0.80846 1.536 0.53535 8.0000 71.95 0.9129 0.9137 1.878347 
659.6151 28.373 82.467 0.10696 0.80887 1.539 0.53502 8.0000 71.80 0.9132 0.9140 1.879644 
659.1592 28.391 82.462 0.10708 0.80922 1.543 0.53452 8.0000 71.37 0.9134 0.9142 1.880945 
658.7032 28.404 82.456 0.10721 0.80953 1.540 0.53421 8.0000 71.06 0.9137 0.9145 1.882247 
658.2471 28.416 82.447 0.10736 0.80972 1.560 0.53385 8.0000 71.87 0.9140 0.9148 1.883551 
657.7909 28.428 82.446 0.10740 0.80990 1.563 0.53348 8.0000 71.79 0.9143 0.9151 1.884857 
657.3346 28.444 82.442 0.10750 0.81014 1.581 0.53299 8.0000 71.23 0.9144 0.9151 1.886166 
656.8782 28.459 82.444 0.10751 0.81049 1.578 0.53260 8.0000 71.14 0.9145 0.9153 1.887476 
656.4218 28.473 82.440 0.10759 0.81072 1.586 0.53222 8.0000 71.23 0.9146 0.9154 1.888788 
655.9651 28.486 82.436 0.10767 0.81091 1.595 0.53182 8.0000 71.07 0.9148 0.9155 1.890103 
655.5084 28.500 82.425 0.10786 0.81110 1.596 0.53137 8.0000 70.25 0.9150 0.9158 1.891420 
655.0516 28.513 82.420 0.10794 0.81119 1.612 0.53091 8.0000 70.52 0.9153 0.9160 1.892739 
654.5947 28.523 82.419 0.10799 0.81137 1.618 0.53062 8.0000 71.13 0.9155 0.9163 1.894060 
654.1377 28.536 82.417 0.10805 0.81165 1.621 0.53026 8.0000 70.64 0.9157 0.9165 1.895384 
653.6806 28.548 82.411 0.10815 0.81173 1.633 0.52986 8.0000 71.11 0.9158 0.9166 1.896709 
653.2234 28.562 82.405 0.10825 0.81184 1.639 0.52937 8.0000 71.83 0.9160 0.9168 1.898037 
652.7661 28.573 82.405 0.10827 0.81201 1.639 0.52902 8.0000 70.58 0.9163 0.9170 1.899366 
652.3087 28.586 82.401 0.10835 0.81210 1.651 0.52856 8.0000 70.67 0.9165 0.9173 1.900698 
651.8511 28.598 82.403 0.10833 0.81220 1.660 0.52815 8.0000 70.35 0.9167 0.9174 1.902032 
651.3936 28.612 82.397 0.10846 0.81253 1.674 0.52778 8.0000 70.09 0.9170 0.9178 1.903368 
650.9358 28.623 82.405 0.10839 0.81282 1.684 0.52754 8.0000 71.37 0.9171 0.9179 1.904707 
650.4780 28.637 82.408 0.10839 0.81323 1.684 0.52724 8.0000 70.55 0.9175 0.9183 1.906047 
650.0201 28.654 82.406 0.10846 0.81353 1.690 0.52674 8.0000 69.80 0.9178 0.9186 1.907390 
649.5620 28.670 82.405 0.10852 0.81380 1.686 0.52627 8.0000 70.42 0.9182 0.9189 1.908735 
649.1039 28.683 82.406 0.10852 0.81396 1.701 0.52586 8.0000 69.61 0.9185 0.9193 1.910082 
648.6457 28.698 82.397 0.10867 0.81407 1.715 0.52533 8.0000 69.41 0.9188 0.9196 1.911432 
648.1873 28.714 82.394 0.10875 0.81440 1.733 0.52489 8.0000 70.14 0.9191 0.9199 1.912783 
647.7289 28.727 82.384 0.10892 0.81461 1.744 0.52451 8.0000 70.48 0.9194 0.9202 1.914137 
647.2703 28.743 82.383 0.10897 0.81482 1.739 0.52402 8.0000 69.76 0.9196 0.9204 1.915493 
646.8117 28.757 82.368 0.10920 0.81497 1.746 0.52357 8.0000 69.20 0.9198 0.9206 1.916851 
646.3530 28.772 82.367 0.10924 0.81511 1.756 0.52305 8.0000 68.65 0.9201 0.9209 1.918212 
645.8941 28.786 82.361 0.10935 0.81526 1.768 0.52257 8.0000 69.96 0.9204 0.9211 1.919575 
645.4351 28.801 82.355 0.10946 0.81548 1.778 0.52211 8.0000 69.15 0.9206 0.9214 1.920940 
644.9761 28.818 82.353 0.10954 0.81583 1.794 0.52166 8.0000 69.24 0.9208 0.9216 1.922307 
644.5169 28.833 82.334 0.10985 0.81607 1.788 0.52123 8.0000 69.38 0.9213 0.9220 1.923676 
644.0577 28.848 82.323 0.11004 0.81632 1.793 0.52081 8.0000 69.16 0.9215 0.9223 1.925048 
643.5983 28.861 82.313 0.11023 0.81659 1.814 0.52047 8.0000 68.96 0.9219 0.9226 1.926422 
643.1389 28.876 82.306 0.11036 0.81694 1.827 0.52009 8.0000 69.58 0.9221 0.9228 1.927798 
642.6793 28.889 82.302 0.11045 0.81718 1.832 0.51974 8.0000 69.39 0.9224 0.9231 1.929177 
642.2196 28.904 82.285 0.11074 0.81742 1.833 0.51929 8.0000 68.45 0.9227 0.9234 1.930558 
641.7598 28.921 82.282 0.11083 0.81776 1.852 0.51883 8.0000 68.23 0.9229 0.9236 1.931941 
641.2999 28.939 82.270 0.11107 0.81818 1.861 0.51839 8.0000 68.50 0.9233 0.9240 1.933326 
640.8400 28.960 82.259 0.11129 0.81867 1.869 0.51786 8.0000 68.55 0.9236 0.9243 1.934714 
640.3799 28.975 82.251 0.11144 0.81897 1.890 0.51747 8.0000 68.93 0.9238 0.9245 1.936104 
639.9197 28.993 82.237 0.11171 0.81942 1.912 0.51704 8.0000 69.56 0.9242 0.9249 1.937496 
639.4594 29.009 82.229 0.11186 0.81968 1.912 0.51659 8.0000 69.53 0.9244 0.9252 1.938891 
638.9990 29.024 82.216 0.11206 0.81980 1.911 0.51606 8.0000 70.07 0.9248 0.9255 1.940288 
638.5385 29.041 82.205 0.11228 0.82018 1.936 0.51565 8.0000 70.08 0.9250 0.9257 1.941687 
638.0779 29.056 82.197 0.11241 0.82032 1.927 0.51514 8.0000 70.30 0.9253 0.9260 1.943089 
637.6172 29.070 82.186 0.11261 0.82057 1.931 0.51475 8.0000 69.80 0.9256 0.9263 1.944493 
637.1564 29.088 82.178 0.11278 0.82101 1.938 0.51430 8.0000 69.77 0.9261 0.9269 1.945899 
636.6954 29.104 82.173 0.11290 0.82130 1.959 0.51387 8.0000 70.33 0.9263 0.9271 1.947308 
636.2344 29.123 82.151 0.11326 0.82162 1.975 0.51334 8.0000 69.97 0.9266 0.9273 1.948719 
635.7733 29.139 82.140 0.11345 0.82180 1.972 0.51279 8.0000 69.76 0.9267 0.9274 1.950132 
635.3121 29.151 82.129 0.11362 0.82187 1.990 0.51239 8.0000 69.19 0.9269 0.9276 1.951548 
634.8508 29.167 82.114 0.11390 0.82228 1.993 0.51203 8.0000 69.51 0.9273 0.9280 1.952966 
634.3893 29.186 82.097 0.11417 0.82249 2.019 0.51142 8.0000 69.63 0.9273 0.9280 1.954387 
633.9278 29.211 82.082 0.11450 0.82325 2.028 0.51091 8.0000 69.97 0.9273 0.9281 1.955809 
633.4662 29.238 82.070 0.11477 0.82393 2.045 0.51027 8.0000 69.49 0.9277 0.9284 1.957235 
633.0044 29.258 82.059 0.11498 0.82433 2.055 0.50973 8.0000 69.53 0.9278 0.9285 1.958662 
632.5425 29.276 82.051 0.11514 0.82451 2.060 0.50912 8.0000 69.63 0.9277 0.9284 1.960093 
632.0806 29.293 82.043 0.11529 0.82478 2.069 0.50861 8.0000 69.61 0.9281 0.9288 1.961525 
631.6186 29.303 82.040 0.11532 0.82467 2.080 0.50818 8.0000 68.90 0.9278 0.9284 1.962960 
631.1564 29.321 82.037 0.11537 0.82483 2.108 0.50755 8.0000 69.54 0.9284 0.9290 1.964397 
630.6942 29.333 82.015 0.11566 0.82456 2.099 0.50691 8.0000 69.69 0.9293 0.9300 1.965837 
630.2318 29.342 81.995 0.11597 0.82462 2.138 0.50662 8.0000 69.31 0.9304 0.9310 1.967279 
629.7693 29.343 81.981 0.11611 0.82424 2.144 0.50636 8.0000 68.86 0.9312 0.9319 1.968724 
629.3068 29.364 81.960 0.11651 0.82485 2.144 0.50596 8.0000 69.45 0.9318 0.9324 1.970171 
628.8441 29.369 81.949 0.11664 0.82458 2.162 0.50560 8.0000 68.76 0.9319 0.9326 1.971620 
628.3813 29.397 81.941 0.11688 0.82544 2.160 0.50501 8.0000 69.16 0.9321 0.9328 1.973073 
627.9184 29.418 81.928 0.11716 0.82614 2.184 0.50460 8.0000 68.77 0.9329 0.9336 1.974527 
627.4554 29.448 81.931 0.11724 0.82698 2.188 0.50391 8.0000 68.95 0.9326 0.9332 1.975984 
626.9923 29.459 81.918 0.11745 0.82715 2.217 0.50360 8.0000 69.13 0.9320 0.9327 1.977444 
626.5291 29.469 81.908 0.11754 0.82664 2.210 0.50292 8.0000 68.97 0.9311 0.9318 1.978905 
626.0658 29.475 81.900 0.11767 0.82678 2.220 0.50276 8.0000 68.93 0.9323 0.9330 1.980370 
625.6024 29.491 81.894 0.11778 0.82697 2.243 0.50226 8.0000 68.99 0.9329 0.9336 1.981837 
625.1389 29.509 81.924 0.11739 0.82727 2.265 0.50171 8.0000 68.91 0.9336 0.9343 1.983306 
624.6753 29.548 81.928 0.11732 0.82721 2.269 0.50010 8.0000 68.77 0.9324 0.9330 1.984778 
624.2115 29.554 81.945 0.11703 0.82688 2.284 0.49965 8.0000 68.12 0.9334 0.9341 1.986253 
623.7477 29.560 81.959 0.11681 0.82685 2.264 0.49939 8.0000 68.00 0.9353 0.9359 1.987730 
623.2838 29.582 81.977 0.11681 0.82877 2.283 0.49964 8.0000 67.86 0.9368 0.9374 1.989209 
622.8198 29.594 81.966 0.11714 0.82991 2.311 0.49989 8.0000 68.44 0.9392 0.9398 1.990691 
622.3557 29.579 81.873 0.11863 0.83072 2.335 0.50105 8.0000 68.47 0.9422 0.9428 1.992176 
621.8914 29.579 81.790 0.11990 0.83099 2.351 0.50134 8.0000 68.37 0.9445 0.9451 1.993663 
621.4271 29.574 81.694 0.12132 0.83102 2.357 0.50168 8.0000 68.11 0.9456 0.9463 1.995153 
620.9626 29.570 81.582 0.12286 0.83027 2.313 0.50151 8.0000 67.74 0.9462 0.9468 1.996645 
620.4980 29.569 81.485 0.12406 0.82863 2.372 0.50072 8.0000 67.76 0.9451 0.9458 1.998140 
620.0334 29.583 81.387 0.12544 0.82808 2.352 0.49996 8.0000 67.71 0.9462 0.9469 1.999637 
619.5687 29.621 81.275 0.12702 0.82766 2.416 0.49832 8.0000 67.49 0.9466 0.9473 2.001137 
619.1038 29.636 81.190 0.12814 0.82677 2.378 0.49733 8.0000 67.78 0.9481 0.9488 2.002640 
618.6388 29.638 81.108 0.12919 0.82569 2.401 0.49672 8.0000 67.60 0.9498 0.9505 2.004145 
618.1737 29.656 81.022 0.13037 0.82513 2.418 0.49575 8.0000 67.84 0.9512 0.9519 2.005653 
617.7086 29.668 80.938 0.13139 0.82372 2.448 0.49457 8.0000 67.22 0.9526 0.9534 2.007163 
617.2433 29.682 80.861 0.13232 0.82254 2.407 0.49341 8.0000 67.28 0.9535 0.9543 2.008676 
616.7779 29.700 80.790 0.13327 0.82187 2.420 0.49241 8.0000 68.06 0.9547 0.9555 2.010192 
616.3124 29.714 80.729 0.13399 0.82080 2.469 0.49129 8.0000 67.60 0.9552 0.9560 2.011710 
615.8468 29.715 80.677 0.13453 0.81948 2.428 0.49054 8.0000 67.12 0.9560 0.9568 2.013231 
615.3810 29.736 80.612 0.13534 0.81856 2.432 0.48925 8.0000 66.89 0.9571 0.9579 2.014755 
614.9153 29.742 80.561 0.13583 0.81702 2.452 0.48818 8.0000 67.26 0.9579 0.9588 2.016281 
614.4493 29.754 80.509 0.13639 0.81578 2.407 0.48703 8.0000 67.53 0.9588 0.9597 2.017810 
613.9833 29.769 80.472 0.13673 0.81462 2.493 0.48583 8.0000 66.89 0.9594 0.9603 2.019341 
613.5172 29.785 80.429 0.13720 0.81367 2.426 0.48470 8.0000 65.63 0.9604 0.9613 2.020875 
613.0510 29.806 80.393 0.13759 0.81288 2.430 0.48347 8.0000 67.10 0.9609 0.9618 2.022412 
612.5847 29.829 80.362 0.13787 0.81188 2.482 0.48202 8.0000 67.11 0.9614 0.9624 2.023952 
612.1182 29.854 80.333 0.13815 0.81102 2.435 0.48059 8.0000 66.51 0.9619 0.9629 2.025494 
611.6517 29.877 80.307 0.13838 0.81016 2.552 0.47924 8.0000 66.48 0.9621 0.9632 2.027039 
611.1850 29.899 80.289 0.13852 0.80942 2.668 0.47798 8.0000 65.70 0.9621 0.9631 2.028587 
610.7183 29.922 80.271 0.13865 0.80862 2.502 0.47664 8.0000 67.03 0.9620 0.9631 2.030137 
610.2514 29.946 80.254 0.13877 0.80789 2.523 0.47533 8.0000 66.39 0.9619 0.9630 2.031690 
609.7844 29.969 80.236 0.13889 0.80713 2.450 0.47402 8.0000 67.11 0.9617 0.9628 2.033246 
609.3173 29.998 80.232 0.13886 0.80663 2.438 0.47265 8.0000 65.99 0.9616 0.9628 2.034805 
608.8502 30.030 80.227 0.13889 0.80637 2.446 0.47125 8.0000 65.39 0.9613 0.9624 2.036366 
608.3829 30.060 80.234 0.13870 0.80584 2.483 0.46982 8.0000 65.62 0.9607 0.9618 2.037930 
607.9155 30.090 80.237 0.13861 0.80558 2.325 0.46851 8.0000 66.67 0.9601 0.9612 2.039497 
607.4480 30.124 80.249 0.13842 0.80543 2.304 0.46714 8.0000 66.22 0.9595 0.9607 2.041067 
606.9804 30.156 80.263 0.13820 0.80535 2.333 0.46584 8.0000 64.59 0.9588 0.9600 2.042639 
606.5127 30.192 80.275 0.13802 0.80537 2.482 0.46450 8.0000 63.98 0.9581 0.9593 2.044214 
606.0449 30.226 80.295 0.13772 0.80533 2.448 0.46315 8.0000 64.79 0.9571 0.9583 2.045792 
605.5770 30.260 80.325 0.13729 0.80531 2.437 0.46182 8.0000 64.22 0.9563 0.9575 2.047373 
605.1089 30.298 80.351 0.13695 0.80547 2.458 0.46046 8.0000 65.15 0.9554 0.9566 2.048957 
604.6408 30.336 80.372 0.13666 0.80566 2.490 0.45911 8.0000 65.44 0.9546 0.9558 2.050543 
604.1726 30.379 80.402 0.13632 0.80610 2.480 0.45768 8.0000 64.02 0.9536 0.9548 2.052132 
603.7042 30.422 80.441 0.13585 0.80671 2.179 0.45638 8.0000 64.20 0.9527 0.9539 2.053724 
603.2358 30.464 80.480 0.13539 0.80728 2.428 0.45508 8.0000 64.01 0.9517 0.9529 2.055319 
602.7673 30.504 80.525 0.13484 0.80789 2.185 0.45386 8.0000 62.94 0.9506 0.9518 2.056916 
602.2986 30.540 80.569 0.13427 0.80840 2.316 0.45274 8.0000 64.32 0.9493 0.9505 2.058517 
601.8298 30.582 80.614 0.13372 0.80890 2.207 0.45142 8.0000 63.45 0.9483 0.9495 2.060121 
601.3610 30.622 80.663 0.13309 0.80950 2.245 0.45018 8.0000 63.45 0.9470 0.9481 2.061726 
600.8920 30.662 80.711 0.13251 0.81020 2.294 0.44901 8.0000 63.26 0.9458 0.9469 2.063336 
600.4229 30.702 80.764 0.13186 0.81096 2.389 0.44787 8.0000 62.80 0.9443 0.9455 2.064948 
599.9537 30.746 80.818 0.13122 0.81178 2.537 0.44664 8.0000 63.57 0.9430 0.9441 2.066563 
599.4844 30.789 80.874 0.13057 0.81280 2.529 0.44553 8.0000 63.09 0.9416 0.9427 2.068181 
599.0150 30.836 80.939 0.12982 0.81399 2.431 0.44433 8.0000 61.93 0.9402 0.9413 2.069801 
598.5455 30.879 80.994 0.12915 0.81490 2.377 0.44316 8.0000 61.69 0.9385 0.9396 2.071425 
598.0759 30.925 81.048 0.12853 0.81593 2.558 0.44197 8.0000 62.82 0.9372 0.9383 2.073051 
597.6062 30.966 81.116 0.12768 0.81684 2.466 0.44087 8.0000 62.28 0.9358 0.9368 2.074680 
597.1364 31.009 81.182 0.12692 0.81821 2.423 0.43991 8.0000 61.59 0.9344 0.9354 2.076313 
596.6664 31.059 81.246 0.12622 0.81968 2.376 0.43878 8.0000 61.96 0.9329 0.9339 2.077948 
596.1964 31.105 81.315 0.12540 0.82094 2.334 0.43765 8.0000 61.00 0.9313 0.9322 2.079586 
595.7263 31.148 81.384 0.12462 0.82248 2.473 0.43680 8.0000 61.66 0.9301 0.9310 2.081227 
595.2560 31.185 81.456 0.12374 0.82364 2.447 0.43596 8.0000 60.90 0.9290 0.9300 2.082872 
594.7857 31.218 81.529 0.12282 0.82468 2.445 0.43522 8.0000 61.16 0.9277 0.9286 2.084519 
594.3152 31.255 81.597 0.12199 0.82584 2.450 0.43440 8.0000 60.73 0.9266 0.9275 2.086169 
593.8447 31.290 81.664 0.12121 0.82722 2.449 0.43373 8.0000 61.02 0.9259 0.9267 2.087822 
593.3740 31.327 81.728 0.12046 0.82856 2.424 0.43300 8.0000 60.64 0.9247 0.9255 2.089478 
592.9032 31.370 81.784 0.11990 0.83049 2.441 0.43236 8.0000 61.10 0.9244 0.9252 2.091137 
592.4323 31.407 81.841 0.11934 0.83239 2.413 0.43191 8.0000 59.82 0.9233 0.9241 2.092799 
591.9613 31.449 81.909 0.11865 0.83460 2.408 0.43141 8.0000 59.50 0.9220 0.9228 2.094464 
591.4902 31.496 81.973 0.11797 0.83656 2.389 0.43063 8.0000 59.41 0.9205 0.9214 2.096133 
591.0190 31.550 82.034 0.11740 0.83900 2.363 0.42979 8.0000 59.42 0.9192 0.9200 2.097804 
590.5477 31.588 82.097 0.11668 0.84056 2.365 0.42910 8.0000 59.03 0.9181 0.9189 2.099478 
590.0763 31.639 82.153 0.11620 0.84318 2.356 0.42850 8.0000 58.99 0.9174 0.9182 2.101155 
589.6048 31.662 82.210 0.11555 0.84457 2.358 0.42827 8.0000 58.42 0.9169 0.9177 2.102836 
589.1331 31.694 82.266 0.11492 0.84626 2.310 0.42789 8.0000 58.71 0.9158 0.9166 2.104519 
588.6614 31.714 82.291 0.11471 0.84736 2.314 0.42768 8.0000 59.02 0.9160 0.9168 2.106206 
588.1896 31.743 82.331 0.11434 0.84906 2.304 0.42742 8.0000 58.92 0.9167 0.9174 2.107895 
587.7176 31.774 82.361 0.11420 0.85150 2.294 0.42743 8.0000 56.56 0.9181 0.9189 2.109588 
587.2455 31.813 82.383 0.11413 0.85345 2.248 0.42692 8.0000 56.54 0.9179 0.9186 2.111284 
586.7734 31.839 82.394 0.11422 0.85532 2.255 0.42688 8.0000 57.79 0.9182 0.9189 2.112983 
586.3011 31.859 82.355 0.11501 0.85685 2.232 0.42694 8.0000 58.33 0.9187 0.9193 2.114685 
585.8287 31.849 82.320 0.11578 0.85856 2.260 0.42820 8.0000 58.54 0.9213 0.9220 2.116390 
585.3563 31.875 82.258 0.11701 0.86064 2.203 0.42834 8.0000 57.41 0.9220 0.9227 2.118098 
584.8837 31.899 82.187 0.11837 0.86263 2.187 0.42848 8.0000 56.36 0.9220 0.9227 2.119809 
584.4109 31.906 82.090 0.11980 0.86225 2.175 0.42814 8.0000 56.07 0.9225 0.9232 2.121524 
583.9382 31.922 81.998 0.12120 0.86219 2.169 0.42758 8.0000 56.33 0.9219 0.9226 2.123242 
583.4652 31.969 81.971 0.12160 0.86210 2.150 0.42580 8.0000 56.84 0.9205 0.9212 2.124963 
582.9922 32.007 81.935 0.12217 0.86217 2.125 0.42446 8.0000 56.51 0.9194 0.9200 2.126687 
582.5191 32.049 81.908 0.12257 0.86216 2.103 0.42289 8.0000 56.41 0.9194 0.9200 2.128414 
582.0458 32.089 81.896 0.12282 0.86257 2.099 0.42159 8.0000 55.27 0.9199 0.9206 2.130145 
581.5725 32.126 81.878 0.12327 0.86379 2.083 0.42084 8.0000 55.71 0.9223 0.9230 2.131878 
581.0991 32.153 81.867 0.12348 0.86399 2.062 0.41994 8.0000 55.14 0.9228 0.9234 2.133615 
580.6255 32.151 81.873 0.12338 0.86402 2.044 0.42000 8.0000 55.39 0.9239 0.9246 2.135356 
580.1519 32.171 81.864 0.12358 0.86439 2.024 0.41946 8.0000 54.41 0.9243 0.9250 2.137099 
579.6780 32.205 81.851 0.12385 0.86485 2.003 0.41842 8.0000 54.31 0.9243 0.9249 2.138846 
579.2042 32.224 81.847 0.12390 0.86475 2.005 0.41765 8.0000 55.31 0.9246 0.9252 2.140595 
578.7302 32.248 81.845 0.12402 0.86550 1.990 0.41711 8.0000 54.92 0.9246 0.9252 2.142349 
578.2561 32.268 81.848 0.12405 0.86598 1.966 0.41659 8.0000 54.10 0.9251 0.9257 2.144105 
577.7819 32.285 81.849 0.12402 0.86582 1.948 0.41587 8.0000 54.26 0.9253 0.9259 2.145865 
577.3076 32.306 81.844 0.12411 0.86591 1.930 0.41514 8.0000 54.38 0.9261 0.9267 2.147628 
576.8332 32.343 81.833 0.12434 0.86636 1.910 0.41398 8.0000 53.18 0.9267 0.9273 2.149394 
576.3586 32.362 81.840 0.12425 0.86653 1.891 0.41336 8.0000 53.08 0.9268 0.9274 2.151164 
575.8840 32.394 81.839 0.12437 0.86722 1.875 0.41247 8.0000 54.26 0.9272 0.9278 2.152937 
575.4093 32.426 81.844 0.12437 0.86774 1.869 0.41154 8.0000 54.03 0.9274 0.9281 2.154713 
574.9344 32.456 81.839 0.12450 0.86820 1.845 0.41064 8.0000 52.99 0.9277 0.9284 2.156493 
574.4595 32.488 81.844 0.12448 0.86860 1.841 0.40964 8.0000 53.38 0.9276 0.9282 2.158276 
573.9844 32.513 81.845 0.12450 0.86878 1.814 0.40877 8.0000 52.66 0.9277 0.9283 2.160062 
573.5092 32.541 81.841 0.12461 0.86910 1.804 0.40788 8.0000 53.53 0.9278 0.9284 2.161852 
573.0339 32.570 81.841 0.12465 0.86943 1.796 0.40697 8.0000 52.42 0.9278 0.9285 2.163645 
572.5586 32.598 81.842 0.12468 0.86978 1.770 0.40609 8.0000 52.49 0.9278 0.9284 2.165441 
572.0831 32.626 81.844 0.12471 0.87014 1.745 0.40519 8.0000 52.27 0.9279 0.9286 2.167241 
571.6075 32.658 81.841 0.12483 0.87068 1.735 0.40425 8.0000 52.05 0.9282 0.9288 2.169044 
571.1318 32.691 81.848 0.12480 0.87124 1.729 0.40331 8.0000 51.06 0.9284 0.9290 2.170851 
570.6559 32.723 81.854 0.12479 0.87184 1.706 0.40236 8.0000 51.77 0.9285 0.9291 2.172661 
570.1801 32.756 81.861 0.12476 0.87233 1.682 0.40138 8.0000 51.41 0.9284 0.9290 2.174474 
569.7040 32.780 81.870 0.12464 0.87255 1.675 0.40055 8.0000 50.58 0.9284 0.9291 2.176291 
569.2278 32.812 81.876 0.12467 0.87332 1.670 0.39971 8.0000 51.23 0.9287 0.9294 2.178112 
568.7516 32.842 81.880 0.12465 0.87373 1.649 0.39880 8.0000 50.21 0.9288 0.9295 2.179936 
568.2753 32.871 81.882 0.12469 0.87419 1.627 0.39792 8.0000 49.97 0.9290 0.9297 2.181763 
567.7988 32.901 81.883 0.12474 0.87461 1.613 0.39700 8.0000 50.34 0.9292 0.9298 2.183594 
567.3222 32.928 81.888 0.12471 0.87490 1.605 0.39613 8.0000 50.36 0.9294 0.9301 2.185428 
566.8455 32.958 81.893 0.12471 0.87547 1.593 0.39528 8.0000 49.65 0.9296 0.9302 2.187266 
566.3687 32.988 81.897 0.12472 0.87598 1.582 0.39441 8.0000 50.16 0.9296 0.9303 2.189107 
565.8918 33.018 81.905 0.12466 0.87649 1.552 0.39350 8.0000 49.46 0.9298 0.9304 2.190952 
565.4149 33.049 81.914 0.12462 0.87710 1.549 0.39262 8.0000 49.30 0.9299 0.9305 2.192800 
564.9377 33.076 81.921 0.12456 0.87746 1.534 0.39179 8.0000 49.59 0.9300 0.9306 2.194653 
564.4605 33.104 81.927 0.12450 0.87780 1.527 0.39087 8.0000 49.06 0.9299 0.9306 2.196508 
563.9832 33.131 81.932 0.12446 0.87796 1.515 0.38995 8.0000 48.65 0.9299 0.9305 2.198367 
563.5057 33.159 81.937 0.12443 0.87828 1.488 0.38907 8.0000 47.97 0.9298 0.9305 2.200230 
563.0282 33.187 81.941 0.12440 0.87852 1.481 0.38811 8.0000 48.13 0.9299 0.9305 2.202096 
562.5505 33.220 81.946 0.12437 0.87890 1.467 0.38706 8.0000 47.71 0.9299 0.9305 2.203966 
562.0728 33.250 81.952 0.12432 0.87927 1.469 0.38611 8.0000 48.57 0.9299 0.9305 2.205839 
561.5948 33.281 81.958 0.12428 0.87965 1.444 0.38512 8.0000 47.74 0.9299 0.9305 2.207716 
561.1169 33.313 81.962 0.12428 0.88003 1.433 0.38414 8.0000 47.44 0.9298 0.9304 2.209597 
560.6388 33.343 81.964 0.12429 0.88035 1.416 0.38314 8.0000 47.49 0.9298 0.9304 2.211481 
560.1606 33.376 81.969 0.12426 0.88069 1.417 0.38210 8.0000 47.24 0.9298 0.9304 2.213369 
559.6823 33.405 81.969 0.12429 0.88091 1.406 0.38112 8.0000 47.64 0.9298 0.9304 2.215260 
559.2039 33.435 81.974 0.12425 0.88118 1.390 0.38011 8.0000 47.22 0.9297 0.9303 2.217155 
558.7253 33.465 81.981 0.12419 0.88151 1.378 0.37917 8.0000 47.48 0.9296 0.9302 2.219055 
558.2467 33.497 81.992 0.12409 0.88203 1.366 0.37819 8.0000 46.34 0.9296 0.9302 2.220957 
557.7679 33.529 81.995 0.12410 0.88251 1.354 0.37724 8.0000 46.30 0.9296 0.9302 2.222864 
557.2891 33.561 82.000 0.12409 0.88292 1.341 0.37623 8.0000 46.49 0.9296 0.9302 2.224773 
556.8102 33.592 82.006 0.12404 0.88326 1.336 0.37524 8.0000 45.87 0.9295 0.9301 2.226687 
556.3311 33.624 82.013 0.12399 0.88367 1.317 0.37423 8.0000 44.77 0.9296 0.9302 2.228604 
555.8519 33.655 82.026 0.12383 0.88403 1.322 0.37321 8.0000 45.52 0.9297 0.9302 2.230525 
555.3726 33.687 82.031 0.12381 0.88436 1.303 0.37218 8.0000 44.97 0.9297 0.9303 2.232451 
554.8932 33.716 82.034 0.12382 0.88485 1.294 0.37135 8.0000 45.58 0.9297 0.9303 2.234379 
554.4137 33.747 82.035 0.12384 0.88514 1.286 0.37030 8.0000 45.20 0.9297 0.9303 2.236312 
553.9341 33.780 82.044 0.12377 0.88555 1.282 0.36929 8.0000 45.56 0.9298 0.9304 2.238248 
553.4543 33.811 82.053 0.12368 0.88599 1.270 0.36834 8.0000 43.95 0.9298 0.9304 2.240188 
552.9745 33.839 82.056 0.12368 0.88626 1.252 0.36740 8.0000 44.00 0.9299 0.9305 2.242132 
552.4946 33.871 82.067 0.12352 0.88643 1.246 0.36630 8.0000 43.96 0.9300 0.9305 2.244080 
552.0145 33.903 82.079 0.12337 0.88671 1.243 0.36525 8.0000 43.60 0.9301 0.9307 2.246031 
551.5344 33.935 82.089 0.12327 0.88711 1.237 0.36422 8.0000 43.73 0.9302 0.9308 2.247986 
551.0541 33.964 82.101 0.12313 0.88743 1.223 0.36328 8.0000 43.72 0.9302 0.9308 2.249946 
550.5737 33.997 82.113 0.12296 0.88761 1.212 0.36214 8.0000 43.21 0.9304 0.9310 2.251909 
550.0933 34.028 82.120 0.12291 0.88805 1.207 0.36119 8.0000 43.94 0.9305 0.9311 2.253876 
549.6127 34.061 82.129 0.12278 0.88814 1.202 0.36003 8.0000 43.58 0.9306 0.9312 2.255847 
549.1320 34.093 82.139 0.12264 0.88827 1.193 0.35890 8.0000 42.58 0.9308 0.9314 2.257821 
548.6511 34.125 82.146 0.12257 0.88854 1.184 0.35784 8.0000 42.03 0.9310 0.9316 2.259800 
548.1702 34.158 82.152 0.12251 0.88888 1.173 0.35679 8.0000 42.36 0.9312 0.9318 2.261783 
547.6891 34.190 82.159 0.12245 0.88919 1.159 0.35575 8.0000 41.60 0.9313 0.9319 2.263770 
547.2080 34.221 82.169 0.12233 0.88944 1.160 0.35469 8.0000 41.68 0.9315 0.9321 2.265760 
546.7267 34.254 82.182 0.12217 0.88985 1.154 0.35367 8.0000 42.33 0.9317 0.9323 2.267755 
546.2454 34.286 82.194 0.12202 0.89014 1.144 0.35261 8.0000 41.26 0.9319 0.9325 2.269752 
545.7639 34.317 82.208 0.12185 0.89047 1.133 0.35159 8.0000 40.65 0.9321 0.9327 2.271755 
545.2823 34.347 82.220 0.12171 0.89076 1.130 0.35062 8.0000 41.06 0.9322 0.9328 2.273762 
544.8007 34.380 82.229 0.12157 0.89089 1.127 0.34949 8.0000 40.22 0.9324 0.9330 2.275771 
544.3188 34.411 82.235 0.12153 0.89121 1.120 0.34847 8.0000 40.15 0.9327 0.9333 2.277786 
543.8369 34.444 82.245 0.12139 0.89138 1.112 0.34735 8.0000 40.01 0.9330 0.9336 2.279805 
543.3549 34.475 82.254 0.12129 0.89167 1.092 0.34634 8.0000 39.50 0.9333 0.9339 2.281827 
542.8728 34.505 82.267 0.12110 0.89176 1.095 0.34526 8.0000 39.51 0.9334 0.9340 2.283853 
542.3905 34.534 82.283 0.12088 0.89204 1.082 0.34432 8.0000 39.30 0.9336 0.9342 2.285884 
541.9082 34.567 82.291 0.12079 0.89229 1.081 0.34324 8.0000 38.94 0.9337 0.9343 2.287919 
541.4257 34.599 82.301 0.12068 0.89265 1.077 0.34223 8.0000 38.72 0.9339 0.9345 2.289958 
540.9431 34.632 82.311 0.12053 0.89280 1.066 0.34108 8.0000 37.90 0.9342 0.9348 2.292001 
540.4604 34.662 82.327 0.12032 0.89303 1.058 0.34006 8.0000 38.25 0.9344 0.9350 2.294048 
539.9777 34.695 82.337 0.12021 0.89342 1.071 0.33903 8.0000 38.68 0.9347 0.9353 2.296098 
539.4948 34.724 82.347 0.12009 0.89370 1.054 0.33808 8.0000 37.76 0.9350 0.9356 2.298154 
539.0118 34.757 82.357 0.11998 0.89403 1.047 0.33701 8.0000 37.34 0.9353 0.9360 2.300213 
538.5286 34.789 82.371 0.11978 0.89418 1.040 0.33590 8.0000 36.66 0.9356 0.9362 2.302277 
538.0454 34.822 82.389 0.11951 0.89434 1.034 0.33477 8.0000 36.46 0.9359 0.9365 2.304344 
537.5621 34.853 82.403 0.11933 0.89471 1.024 0.33378 8.0000 36.24 0.9362 0.9368 2.306416 
537.0786 34.883 82.412 0.11924 0.89505 1.017 0.33283 8.0000 35.86 0.9363 0.9369 2.308492 
536.5950 34.918 82.426 0.11904 0.89527 1.012 0.33165 8.0000 35.25 0.9365 0.9372 2.310573 
536.1114 34.949 82.442 0.11884 0.89566 1.020 0.33066 8.0000 36.02 0.9368 0.9374 2.312657 
535.6276 34.979 82.460 0.11862 0.89618 1.010 0.32976 8.0000 34.64 0.9370 0.9377 2.314746 
535.1437 35.012 82.473 0.11846 0.89653 1.002 0.32872 8.0000 34.79 0.9374 0.9380 2.316839 
534.6597 35.046 82.490 0.11821 0.89671 0.998 0.32756 8.0000 34.73 0.9375 0.9382 2.318936 
534.1756 35.079 82.507 0.11800 0.89717 0.989 0.32654 8.0000 33.73 0.9378 0.9384 2.321038 
533.6913 35.109 82.521 0.11783 0.89751 0.984 0.32557 8.0000 33.13 0.9380 0.9387 2.323144 
533.2070 35.144 82.535 0.11765 0.89787 0.983 0.32444 8.0000 33.12 0.9383 0.9390 2.325254 
532.7226 35.183 82.555 0.11737 0.89821 0.982 0.32318 8.0000 32.75 0.9386 0.9393 2.327369 
532.2380 35.218 82.566 0.11724 0.89854 0.971 0.32203 8.0000 32.32 0.9389 0.9395 2.329488 
531.7534 35.254 82.587 0.11697 0.89901 0.968 0.32090 8.0000 32.24 0.9392 0.9399 2.331611 
531.2686 35.291 82.609 0.11668 0.89945 0.966 0.31971 8.0000 32.20 0.9394 0.9401 2.333738 
530.7837 35.330 82.627 0.11646 0.90000 0.965 0.31852 8.0000 31.42 0.9399 0.9406 2.335870 
530.2987 35.367 82.644 0.11625 0.90045 0.959 0.31736 8.0000 30.66 0.9401 0.9408 2.338007 
529.8136 35.402 82.660 0.11605 0.90100 0.957 0.31628 8.0000 30.99 0.9405 0.9412 2.340147 
529.3284 35.440 82.680 0.11581 0.90151 0.944 0.31508 8.0000 30.22 0.9406 0.9414 2.342292 
528.8430 35.479 82.699 0.11556 0.90193 0.947 0.31386 8.0000 30.32 0.9409 0.9416 2.344442 
528.3576 35.520 82.720 0.11531 0.90268 0.946 0.31264 8.0000 30.09 0.9412 0.9419 2.346596 
527.8720 35.558 82.735 0.11514 0.90321 0.937 0.31145 8.0000 29.38 0.9414 0.9421 2.348755 
527.3864 35.597 82.752 0.11493 0.90374 0.936 0.31026 8.0000 29.19 0.9415 0.9423 2.350917 
526.9006 35.638 82.772 0.11469 0.90435 0.930 0.30899 8.0000 28.72 0.9418 0.9426 2.353085 
526.4147 35.679 82.796 0.11440 0.90502 0.924 0.30774 8.0000 28.00 0.9420 0.9427 2.355257 
525.9287 35.723 82.816 0.11414 0.90555 0.917 0.30636 8.0000 27.77 0.9424 0.9431 2.357433 
525.4426 35.766 82.836 0.11389 0.90609 0.928 0.30498 8.0000 28.08 0.9426 0.9433 2.359614 
524.9564 35.811 82.855 0.11364 0.90653 0.917 0.30354 8.0000 27.10 0.9426 0.9434 2.361800 
524.4700 35.859 82.875 0.11337 0.90694 0.916 0.30197 8.0000 26.51 0.9427 0.9435 2.363990 
523.9836 35.904 82.896 0.11313 0.90767 0.909 0.30060 8.0000 26.16 0.9430 0.9438 2.366185 
523.4971 35.950 82.915 0.11291 0.90852 0.905 0.29925 8.0000 26.10 0.9433 0.9441 2.368384 
523.0104 35.995 82.937 0.11265 0.90925 0.903 0.29788 8.0000 25.55 0.9434 0.9442 2.370588 
522.5236 36.041 82.962 0.11235 0.90995 0.901 0.29644 8.0000 24.92 0.9436 0.9444 2.372796 
522.0367 36.092 82.982 0.11208 0.91051 0.896 0.29483 8.0000 24.71 0.9437 0.9445 2.375009 
521.5497 36.141 83.003 0.11181 0.91103 0.886 0.29325 8.0000 24.35 0.9439 0.9447 2.377227 
521.0626 36.187 83.032 0.11141 0.91149 0.885 0.29175 8.0000 24.05 0.9441 0.9449 2.379449 
520.5754 36.238 83.056 0.11109 0.91212 0.886 0.29014 8.0000 24.09 0.9442 0.9451 2.381676 
520.0881 36.287 83.080 0.11080 0.91290 0.886 0.28864 8.0000 23.86 0.9446 0.9455 2.383908 
519.6006 36.338 83.107 0.11043 0.91351 0.876 0.28702 8.0000 23.51 0.9449 0.9458 2.386144 
519.1131 36.384 83.134 0.11009 0.91428 0.877 0.28562 8.0000 23.30 0.9452 0.9461 2.388385 
518.6254 36.434 83.162 0.10975 0.91525 0.872 0.28416 8.0000 22.50 0.9453 0.9463 2.390631 
518.1377 36.481 83.185 0.10945 0.91586 0.871 0.28266 8.0000 22.46 0.9453 0.9462 2.392881 
517.6498 36.532 83.210 0.10912 0.91643 0.862 0.28104 8.0000 21.73 0.9455 0.9465 2.395137 
517.1618 36.574 83.237 0.10873 0.91691 0.859 0.27967 8.0000 21.50 0.9456 0.9465 2.397397 
516.6737 36.619 83.271 0.10829 0.91778 0.854 0.27833 8.0000 21.13 0.9458 0.9467 2.399661 
516.1855 36.669 83.298 0.10794 0.91856 0.858 0.27679 8.0000 20.83 0.9460 0.9469 2.401931 
515.6971 36.720 83.322 0.10765 0.91937 0.858 0.27524 8.0000 20.76 0.9462 0.9472 2.404206 
515.2087 36.769 83.348 0.10731 0.92010 0.853 0.27374 8.0000 20.62 0.9464 0.9474 2.406485 
514.7202 36.820 83.378 0.10691 0.92087 0.842 0.27214 8.0000 20.33 0.9467 0.9477 2.408769 
514.2314 36.866 83.410 0.10650 0.92176 0.836 0.27076 8.0000 19.90 0.9470 0.9480 2.411058 
513.7427 36.915 83.440 0.10606 0.92235 0.845 0.26921 8.0000 19.98 0.9472 0.9482 2.413352 
513.2538 36.967 83.470 0.10568 0.92325 0.840 0.26764 8.0000 19.40 0.9476 0.9486 2.415651 
512.7648 37.017 83.497 0.10529 0.92377 0.837 0.26601 8.0000 19.26 0.9475 0.9486 2.417955 
512.2757 37.064 83.528 0.10485 0.92432 0.837 0.26450 8.0000 19.22 0.9475 0.9486 2.420263 
511.7864 37.119 83.553 0.10455 0.92517 0.831 0.26278 8.0000 18.96 0.9477 0.9488 2.422577 
511.2971 37.174 83.575 0.10425 0.92577 0.831 0.26104 8.0000 19.02 0.9478 0.9489 2.424895 
510.8076 37.227 83.603 0.10384 0.92619 0.819 0.25926 8.0000 18.41 0.9479 0.9490 2.427219 
510.3181 37.273 83.627 0.10353 0.92689 0.828 0.25785 8.0000 17.98 0.9479 0.9491 2.429547 
509.8284 37.313 83.652 0.10316 0.92728 0.824 0.25653 8.0000 17.69 0.9476 0.9487 2.431881 
509.3386 37.354 83.681 0.10274 0.92772 0.818 0.25519 8.0000 17.69 0.9473 0.9484 2.434219 
508.8488 37.404 83.705 0.10242 0.92843 0.807 0.25364 8.0000 17.32 0.9472 0.9484 2.436563 
508.3587 37.456 83.730 0.10207 0.92905 0.808 0.25198 8.0000 17.32 0.9472 0.9483 2.438912 
507.8686 37.506 83.757 0.10169 0.92957 0.816 0.25036 8.0000 17.22 0.9470 0.9482 2.441265 
507.3784 37.556 83.779 0.10137 0.92999 0.819 0.24871 8.0000 16.92 0.9470 0.9482 2.443624 
506.8880 37.603 83.801 0.10103 0.93014 0.809 0.24708 8.0000 16.24 0.9466 0.9478 2.445988 
506.3976 37.652 83.820 0.10076 0.93056 0.804 0.24547 8.0000 15.99 0.9466 0.9478 2.448357 
505.9070 37.697 83.837 0.10051 0.93082 0.794 0.24398 8.0000 15.64 0.9462 0.9474 2.450731 
505.4163 37.749 83.860 0.10021 0.93146 0.802 0.24233 8.0000 15.54 0.9463 0.9475 2.453110 
504.9255 37.795 83.882 0.09990 0.93209 0.794 0.24087 8.0000 15.53 0.9462 0.9475 2.455495 
504.4346 37.843 83.904 0.09961 0.93267 0.798 0.23933 8.0000 15.46 0.9459 0.9471 2.457884 
503.9436 37.887 83.928 0.09925 0.93304 0.795 0.23787 8.0000 15.09 0.9452 0.9464 2.460279 
503.4525 37.928 83.954 0.09886 0.93331 0.792 0.23652 8.0000 15.03 0.9445 0.9458 2.462679 
502.9612 37.972 83.977 0.09852 0.93379 0.788 0.23509 8.0000 14.75 0.9443 0.9455 2.465085 
502.4698 38.014 83.998 0.09823 0.93420 0.790 0.23370 8.0000 14.86 0.9440 0.9452 2.467495 
501.9784 38.062 84.017 0.09794 0.93444 0.793 0.23212 8.0000 14.69 0.9438 0.9450 2.469911 
501.4868 38.106 84.046 0.09749 0.93475 0.790 0.23064 8.0000 14.76 0.9436 0.9448 2.472332 
500.9951 38.147 84.072 0.09710 0.93510 0.780 0.22927 8.0000 14.21 0.9431 0.9444 2.474759 
500.5033 38.189 84.093 0.09682 0.93582 0.762 0.22798 8.0000 13.54 0.9429 0.9442 2.477190 
500.0114 38.236 84.114 0.09650 0.93613 0.764 0.22642 8.0000 13.58 0.9427 0.9439 2.479627 
499.5193 38.282 84.135 0.09620 0.93648 0.776 0.22490 8.0000 13.82 0.9424 0.9436 2.482070 
499.0272 38.327 84.157 0.09586 0.93680 0.769 0.22340 8.0000 13.26 0.9419 0.9431 2.484518 
498.5349 38.371 84.179 0.09553 0.93703 0.762 0.22194 8.0000 12.79 0.9414 0.9426 2.486971 
498.0426 38.413 84.202 0.09521 0.93758 0.757 0.22059 8.0000 12.55 0.9411 0.9423 2.489429 
497.5501 38.457 84.221 0.09493 0.93796 0.746 0.21915 8.0000 12.07 0.9405 0.9417 2.491894 
497.0575 38.504 84.240 0.09467 0.93857 0.751 0.21766 8.0000 12.02 0.9403 0.9415 2.494363 
496.5648 38.553 84.266 0.09431 0.93917 0.751 0.21606 8.0000 11.59 0.9405 0.9417 2.496838 
496.0720 38.595 84.288 0.09400 0.93970 0.748 0.21474 8.0000 11.52 0.9401 0.9413 2.499318 
495.5790 38.636 84.311 0.09365 0.94016 0.750 0.21340 8.0000 11.09 0.9397 0.9409 2.501805 
495.0860 38.683 84.326 0.09347 0.94078 0.740 0.21190 8.0000 10.72 0.9395 0.9407 2.504296 
494.5928 38.726 84.345 0.09319 0.94113 0.746 0.21048 8.0000 11.05 0.9385 0.9397 2.506793 
494.0995 38.773 84.365 0.09291 0.94163 0.745 0.20896 8.0000 10.85 0.9382 0.9394 2.509296 
493.6062 38.821 84.380 0.09269 0.94198 0.742 0.20737 8.0000 10.67 0.9378 0.9390 2.511804 
493.1127 38.869 84.405 0.09232 0.94234 0.731 0.20578 8.0000 10.38 0.9373 0.9385 2.514318 
492.6190 38.914 84.426 0.09204 0.94313 0.738 0.20439 8.0000 10.47 0.9370 0.9382 2.516837 
492.1253 38.958 84.445 0.09180 0.94391 0.740 0.20303 8.0000 10.73 0.9366 0.9378 2.519362 
491.6315 39.002 84.471 0.09142 0.94444 0.714 0.20160 8.0000 10.45 0.9363 0.9374 2.521893 
491.1375 39.045 84.493 0.09111 0.94504 0.699 0.20024 8.0000 10.31 0.9358 0.9369 2.524429 
490.6435 39.090 84.512 0.09087 0.94579 0.690 0.19884 8.0000 10.01 0.9353 0.9365 2.526971 
490.1493 39.136 84.539 0.09047 0.94637 0.698 0.19735 8.0000 9.86 0.9347 0.9359 2.529519 
489.6550 39.178 84.564 0.09013 0.94707 0.687 0.19605 8.0000 9.98 0.9342 0.9353 2.532072 
489.1606 39.224 84.591 0.08975 0.94778 0.697 0.19458 8.0000 10.05 0.9337 0.9348 2.534631 
488.6661 39.267 84.616 0.08941 0.94864 0.686 0.19326 8.0000 9.68 0.9334 0.9346 2.537196 
488.1714 39.314 84.638 0.08914 0.94978 0.671 0.19187 8.0000 9.42 0.9333 0.9344 2.539768 
487.6767 39.354 84.662 0.08882 0.95057 0.682 0.19062 8.0000 9.50 0.9327 0.9338 2.542344 
487.1818 39.401 84.691 0.08841 0.95142 0.664 0.18917 8.0000 9.42 0.9323 0.9334 2.544927 
486.6869 39.442 84.720 0.08802 0.95236 0.662 0.18791 8.0000 9.22 0.9318 0.9329 2.547514 
486.1918 39.490 84.748 0.08761 0.95312 0.645 0.18638 8.0000 8.82 0.9313 0.9324 2.550109 
485.6966 39.533 84.774 0.08722 0.95369 0.658 0.18501 8.0000 8.86 0.9307 0.9317 2.552709 
485.2013 39.577 84.800 0.08691 0.95492 0.662 0.18369 8.0000 9.14 0.9302 0.9313 2.555314 
484.7058 39.619 84.830 0.08648 0.95580 0.655 0.18240 8.0000 9.13 0.9295 0.9305 2.557927 
484.2103 39.658 84.857 0.08611 0.95685 0.637 0.18127 8.0000 8.86 0.9289 0.9300 2.560544 
483.7146 39.698 84.886 0.08575 0.95826 0.636 0.18012 8.0000 9.23 0.9288 0.9298 2.563168 
483.2189 39.743 84.918 0.08532 0.95949 0.635 0.17878 8.0000 9.69 0.9285 0.9295 2.565798 
482.7230 39.785 84.951 0.08487 0.96056 0.631 0.17749 8.0000 10.04 0.9280 0.9290 2.568433 
482.2270 39.824 84.980 0.08446 0.96151 0.637 0.17633 8.0000 10.54 0.9273 0.9284 2.571075 
481.7309 39.861 85.006 0.08412 0.96261 0.626 0.17520 8.0000 10.75 0.9268 0.9278 2.573723 
481.2346 39.892 85.040 0.08364 0.96379 0.621 0.17434 8.0000 11.36 0.9261 0.9271 2.576377 
480.7383 39.926 85.076 0.08315 0.96511 0.599 0.17340 8.0000 11.16 0.9256 0.9266 2.579037 
480.2419 39.966 85.109 0.08270 0.96654 0.593 0.17225 8.0000 11.34 0.9252 0.9262 2.581703 
479.7453 40.002 85.148 0.08216 0.96792 0.588 0.17121 8.0000 11.71 0.9249 0.9259 2.584375 
479.2486 40.039 85.188 0.08158 0.96909 0.574 0.17010 8.0000 11.70 0.9243 0.9252 2.587054 
478.7518 40.071 85.226 0.08104 0.97041 0.564 0.16922 8.0000 11.80 0.9235 0.9245 2.589738 
478.2549 40.111 85.265 0.08047 0.97153 0.562 0.16801 8.0000 12.03 0.9227 0.9236 2.592429 
477.7579 40.147 85.304 0.07989 0.97263 0.562 0.16692 8.0000 12.42 0.9221 0.9230 2.595126 
477.2608 40.182 85.343 0.07933 0.97391 0.558 0.16591 8.0000 12.25 0.9216 0.9225 2.597829 
476.7635 40.216 85.388 0.07868 0.97532 0.556 0.16492 8.0000 12.53 0.9209 0.9219 2.600539 
476.2662 40.255 85.430 0.07808 0.97689 0.557 0.16382 8.0000 12.88 0.9204 0.9213 2.603254 
475.7687 40.295 85.469 0.07752 0.97821 0.559 0.16261 8.0000 13.11 0.9200 0.9210 2.605976 
475.2711 40.337 85.512 0.07688 0.97934 0.562 0.16132 8.0000 14.00 0.9194 0.9203 2.608705 
474.7734 40.380 85.554 0.07621 0.98028 0.564 0.15994 8.0000 14.39 0.9189 0.9198 2.611439 
474.2756 40.420 85.601 0.07551 0.98151 0.561 0.15875 8.0000 14.99 0.9185 0.9194 2.614180 
473.7776 40.462 85.647 0.07477 0.98223 0.557 0.15736 8.0000 15.98 0.9177 0.9186 2.616928 
473.2796 40.510 85.693 0.07402 0.98282 0.549 0.15577 8.0000 16.47 0.9169 0.9178 2.619682 
472.7814 40.554 85.735 0.07336 0.98371 0.543 0.15432 8.0000 16.69 0.9162 0.9171 2.622442 
472.2831 40.603 85.784 0.07253 0.98399 0.536 0.15262 8.0000 17.54 0.9155 0.9164 2.625209 
471.7848 40.655 85.839 0.07163 0.98450 0.533 0.15086 8.0000 18.41 0.9151 0.9160 2.627982 
471.2863 40.711 85.890 0.07081 0.98542 0.523 0.14903 8.0000 18.81 0.9148 0.9157 2.630762 
470.7876 40.764 85.947 0.06984 0.98564 0.513 0.14719 8.0000 19.20 0.9141 0.9150 2.633548 
470.2889 40.815 86.010 0.06879 0.98627 0.512 0.14546 8.0000 19.44 0.9137 0.9146 2.636341 
469.7900 40.872 86.069 0.06781 0.98681 0.505 0.14351 8.0000 19.54 0.9132 0.9140 2.639141 
469.2911 40.933 86.134 0.06669 0.98693 0.503 0.14139 8.0000 19.69 0.9125 0.9133 2.641946 
468.7920 41.007 86.195 0.06566 0.98720 0.499 0.13880 8.0000 19.85 0.9125 0.9134 2.644759 
468.2928 41.080 86.256 0.06462 0.98751 0.499 0.13628 8.0000 20.01 0.9125 0.9133 2.647578 
467.7935 41.149 86.324 0.06345 0.98752 0.501 0.13381 8.0000 20.41 0.9122 0.9131 2.650404 
467.2941 41.220 86.395 0.06222 0.98763 0.503 0.13134 8.0000 20.69 0.9122 0.9130 2.653237 
466.7945 41.299 86.471 0.06090 0.98765 0.508 0.12854 8.0000 21.58 0.9124 0.9132 2.656077 
466.2949 41.371 86.547 0.05961 0.98778 0.504 0.12604 8.0000 22.84 0.9121 0.9130 2.658922 
465.7951 41.448 86.621 0.05832 0.98772 0.511 0.12331 8.0000 24.06 0.9123 0.9131 2.661775 
465.2952 41.519 86.704 0.05688 0.98759 0.509 0.12080 8.0000 25.30 0.9118 0.9127 2.664635 
464.7952 41.597 86.788 0.05542 0.98765 0.506 0.11806 8.0000 27.31 0.9119 0.9128 2.667502 
464.2951 41.672 86.870 0.05398 0.98719 0.504 0.11538 8.0000 29.28 0.9117 0.9125 2.670375 
463.7949 41.760 86.950 0.05255 0.98622 0.496 0.11219 8.0000 31.12 0.9115 0.9124 2.673255 
463.2946 41.832 87.037 0.05101 0.98544 0.491 0.10956 8.0000 32.42 0.9113 0.9121 2.676142 
462.7941 41.919 87.121 0.04953 0.98471 0.482 0.10645 8.0000 33.98 0.9119 0.9127 2.679036 
462.2935 42.010 87.194 0.04822 0.98375 0.474 0.10318 8.0000 35.70 0.9119 0.9127 2.681937 
461.7928 42.098 87.282 0.04666 0.98275 0.467 0.10002 8.0000 36.84 0.9119 0.9128 2.684845 
461.2921 42.189 87.368 0.04515 0.98207 0.462 0.09679 8.0000 37.97 0.9123 0.9131 2.687759 
460.7911 42.279 87.451 0.04368 0.98131 0.456 0.09358 8.0000 37.86 0.9125 0.9134 2.690681 
460.2901 42.369 87.532 0.04227 0.98071 0.452 0.09039 8.0000 37.91 0.9128 0.9136 2.693610 
459.7889 42.462 87.621 0.04071 0.98002 0.453 0.08711 8.0000 37.88 0.9129 0.9137 2.696546 
459.2877 42.556 87.714 0.03909 0.97937 0.452 0.08381 8.0000 38.20 0.9135 0.9144 2.699489 
458.7863 42.656 87.809 0.03744 0.97869 0.452 0.08030 8.0000 38.60 0.9142 0.9151 2.702439 
458.2848 42.753 87.902 0.03582 0.97770 0.455 0.07689 8.0000 39.27 0.9145 0.9154 2.705396 
457.7832 42.853 87.999 0.03411 0.97626 0.458 0.07333 8.0000 40.08 0.9143 0.9152 2.708360 
457.2815 42.968 88.100 0.03232 0.97451 0.453 0.06927 8.0000 40.85 0.9144 0.9153 2.711332 
456.7796 43.075 88.202 0.03055 0.97341 0.456 0.06554 8.0000 41.08 0.9155 0.9164 2.714311 
456.2777 43.184 88.312 0.02867 0.97270 0.453 0.06176 8.0000 42.44 0.9168 0.9176 2.717297 
455.7756 43.297 88.426 0.02668 0.97119 0.448 0.05782 8.0000 42.12 0.9176 0.9185 2.720290 
455.2734 43.413 88.536 0.02478 0.96981 0.441 0.05380 8.0000 42.15 0.9182 0.9191 2.723291 
454.7711 43.522 88.648 0.02286 0.96873 0.438 0.05004 8.0000 41.92 0.9192 0.9201 2.726299 
454.2687 43.638 88.757 0.02099 0.96775 0.427 0.04607 8.0000 40.79 0.9205 0.9214 2.729314 
453.7662 43.735 88.863 0.01920 0.96732 0.422 0.04276 8.0000 39.01 0.9214 0.9223 2.732336 
453.2635 43.833 88.971 0.01736 0.96645 0.418 0.03941 8.0000 37.51 0.9217 0.9226 2.735367 
452.7608 43.928 89.077 0.01556 0.96599 0.411 0.03617 8.0000 35.44 0.9224 0.9234 2.738404 
452.2579 44.024 89.186 0.01372 0.96540 0.406 0.03290 8.0000 32.87 0.9230 0.9239 2.741449 
451.7549 44.119 89.294 0.01189 0.96491 0.410 0.02970 8.0000 31.39 0.9236 0.9246 2.744501 
451.2518 44.213 89.403 0.01004 0.96440 0.409 0.02650 8.0000 29.07 0.9241 0.9251 2.747561 
450.7485 44.307 89.514 0.00818 0.96418 0.409 0.02334 8.0000 27.24 0.9250 0.9260 2.750629 
450.2452 44.400 89.624 0.00632 0.96358 0.412 0.02019 8.0000 25.52 0.9254 0.9264 2.753704 
449.7417 44.493 89.737 0.00443 0.96316 0.411 0.01704 8.0000 23.51 0.9259 0.9269 2.756787 
449.2382 44.584 89.847 0.00257 0.96290 0.413 0.01400 8.0000 22.69 0.9266 0.9276 2.759876 
448.7345 44.675 89.961 0.00065 0.96250 0.411 0.01091 8.0000 21.70 0.9270 0.9281 2.762974 
448.2307 44.765 90.074 -0.00124 0.96225 0.408 0.00788 8.0000 20.34 0.9276 0.9287 2.766080 
447.7267 44.855 90.188 -0.00315 0.96224 0.405 0.00488 8.0000 19.65 0.9285 0.9296 2.769193 
447.2227 44.943 90.302 -0.00507 0.96210 0.402 0.00190 8.0000 18.56 0.9291 0.9303 2.772314 
446.7186 45.033 90.418 -0.00702 0.96164 0.398 -0.00109 8.0000 16.67 0.9293 0.9305 2.775443 
446.2143 45.120 90.534 -0.00896 0.96162 0.394 -0.00403 8.0000 15.57 0.9300 0.9312 2.778580 
445.7099 45.207 90.651 -0.01092 0.96159 0.388 -0.00694 8.0000 14.32 0.9307 0.9319 2.781724 
445.2054 45.293 90.768 -0.01289 0.96159 0.385 -0.00983 8.0000 12.93 0.9313 0.9326 2.784876 
444.7008 45.379 90.886 -0.01487 0.96156 0.388 -0.01271 8.0000 12.01 0.9319 0.9332 2.788036 
444.1960 45.463 91.004 -0.01686 0.96158 0.389 -0.01555 8.0000 10.72 0.9324 0.9338 2.791204 
443.6912 45.547 91.124 -0.01886 0.96158 0.386 -0.01837 8.0000 9.69 0.9329 0.9343 2.794380 
443.1862 45.631 91.243 -0.02087 0.96166 0.393 -0.02118 8.0000 8.80 0.9335 0.9349 2.797564 
442.6812 45.713 91.363 -0.02288 0.96193 0.393 -0.02394 8.0000 8.17 0.9343 0.9357 2.800756 
442.1759 45.795 91.484 -0.02493 0.96203 0.398 -0.02671 8.0000 7.54 0.9348 0.9363 2.803956 
441.6706 45.876 91.606 -0.02697 0.96211 0.401 -0.02944 8.0000 7.07 0.9352 0.9367 2.807164 
441.1652 45.957 91.728 -0.02903 0.96238 0.398 -0.03217 8.0000 6.50 0.9358 0.9374 2.810380 
440.6596 46.036 91.850 -0.03110 0.96263 0.400 -0.03485 8.0000 6.24 0.9363 0.9380 2.813605 
440.1540 46.116 91.975 -0.03320 0.96270 0.399 -0.03756 8.0000 5.76 0.9366 0.9383 2.816837 
439.6482 46.116 91.975 -0.03320 0.96270 0.397 -0.03756 8.0000 5.43 0.9366 0.9383 2.820077 

# MINIMA:
439.6482 0.500 0.332 -14.64348 -29.07944 -4231.379 -33.57372 8.0000 5.43 0.5096 0.5364 1.240099 

# MAXIMA:
999.7925 84.778 357.841 70.09946 40.69095 309.824 67.35754 8.0000 73.22 2.71980226512368435E18 1.33910554687769149E19 2.820077 

# PEAKS:

# END SPECTRUM

