## SPECTRUM TYPE:
LCE

## DATE:
18/08/2026

## COMMENTS:

## NUMBER OF SPECTRUM:
1

## ELLIPSOMETRIC CONFIGURATION:
0.00 ø :Modulator
+45.00 øAnalyser

## UNIT:
nm


# SPECTRUM:
1

# CAPTION:


# START TIME:
14:31:20

# END TIME:
14:31:20

# THETA ANGLE:
0.00 ø

# INCIDENCE ANGLE:
69.95 ø

# ACCUMULATION NUMBER:
28

# ELLIPSOMETRIC CONFIGURATION:
0.00 ø :Modulator
+45.00 øAnalyser

# INTEGRATION TIME:
8 ms

# FIRST POINT:
999.79 nm

# LAST POINT:
439.65 nm

# INCREMENT:
0.00 nm

# NUMBER OF POINTS:
1273

# DATA:
nm Psi Delta Ic Is Reflectance IcPrim IntegrationTime IntensityMax Polarization PolarizationGen eV 
999.7925 1.397 202.808 -3.03114 -1.27468 0.000 67.35753 8.0000 8.29 2.72074042342008422E18 1.57977852669088236E19 1.240099 
999.4089 1.397 202.808 -3.03114 -1.27468 0.935 67.35753 8.0000 8.29 2.530491651588096E18 1.46931202281334374E19 1.240575 
999.0253 1.397 202.808 -3.03114 -1.27468 0.594 67.35753 8.0000 8.41 2.41227903331729408E18 1.40067259052384584E19 1.241052 
998.6415 1.397 202.808 -3.03114 -1.27468 1.039 67.35753 8.0000 8.44 2.27744262386823987E18 1.32238087550759076E19 1.241529 
998.2578 1.397 202.808 -3.03114 -1.27468 0.260 67.35753 8.0000 8.54 2.12413538114522317E18 1.23336408426935747E19 1.242006 
997.8739 1.397 202.808 -3.03114 -1.27468 0.664 67.35753 8.0000 8.60 1.95051040049148723E18 1.1325499730697388E19 1.242484 
997.4900 1.397 202.808 -3.03114 -1.27468 -0.015 67.35753 8.0000 8.58 1.75472050237236838E18 1.01886596831583928E19 1.242962 
997.1060 1.397 202.808 -3.03114 -1.27468 -0.002 67.35753 8.0000 8.63 1.53491864469215642E18 8.91239606365926195E18 1.243440 
996.7219 1.397 202.808 -3.03114 -1.27468 -4.360 67.35753 8.0000 8.70 1.28925778535514112E18 7.4859836860268544E18 1.243920 
996.3377 1.397 202.808 -3.03114 -1.27468 -0.881 67.35753 8.0000 8.84 1.01589081354613555E18 5.89869791384384307E18 1.244399 
995.9535 1.397 202.808 -3.03114 -1.27468 -0.232 67.35753 8.0000 8.75 716664840080326656.0000 4.16126310864964813E18 1.244879 
995.5692 1.397 202.808 -3.03114 -1.27468 1.223 67.35753 8.0000 8.91 393426803974209536.0000 2.28440486893427098E18 1.245360 
995.1848 1.397 202.808 -3.03114 -1.27468 -0.832 67.35753 8.0000 9.02 51718076328050688.0000 300297344467861504.0000 1.245841 
994.8003 1.397 202.808 -3.03114 -1.27468 0.023 67.35754 8.0000 9.14 295531889274388480.0000 1.71598484516477338E18 1.246322 
994.4158 1.397 202.808 -3.03114 -1.27468 0.013 67.35753 8.0000 9.04 629852281033981952.0000 3.65719255265155482E18 1.246804 
994.0311 22.295 339.759 0.18071 -0.06663 0.015 0.19538 8.0000 9.18 0.5433 0.8732 1.247287 
993.6464 16.619 42.760 0.06351 0.05873 0.644 0.13200 8.0000 9.23 0.5176 0.8267 1.247770 
993.2617 30.080 115.486 -0.09037 0.18958 1.224 0.12048 8.0000 9.17 0.5082 0.7537 1.248253 
992.8768 27.880 135.532 -0.17845 0.17517 -0.150 0.17019 8.0000 9.31 0.5549 0.6396 1.248737 
992.4919 10.904 127.417 -0.07802 0.10198 0.180 0.32091 8.0000 9.35 0.6699 0.7411 1.249221 
992.1069 15.258 119.624 -0.08745 0.15379 -8.930 0.30014 8.0000 9.45 0.5680 0.6653 1.249706 
991.7218 11.868 112.594 -0.07346 0.17654 -0.791 0.43485 8.0000 9.55 0.6092 0.6849 1.250191 
991.3367 11.215 98.726 -0.03030 0.19745 0.289 0.48393 8.0000 9.72 0.6537 0.6972 1.250677 
990.9514 9.646 95.132 -0.02308 0.25700 1.330 0.73720 8.0000 9.74 0.8862 0.9115 1.251163 
990.5661 4.964 110.728 -0.05407 0.14288 11.993 0.87288 8.0000 9.68 0.8502 0.8804 1.251650 
990.1807 3.822 75.353 0.03330 0.12741 -24.195 0.98120 8.0000 9.81 0.7740 0.8233 1.252137 
989.7953 1.793 90.784 -0.00081 0.05923 -0.464 0.94493 8.0000 9.88 0.7549 0.8161 1.252625 
989.4097 3.720 122.891 -0.06696 0.10353 -2.246 0.94420 8.0000 9.97 0.7416 0.8223 1.253113 
989.0241 5.672 136.703 -0.13506 0.12726 1.138 0.92504 8.0000 10.00 0.7545 0.8522 1.253601 
988.6384 8.286 144.627 -0.22618 0.16057 1.848 0.93214 8.0000 9.96 0.7704 0.8501 1.254090 
988.2526 8.116 124.725 -0.15239 0.21987 30.565 0.91884 8.0000 10.19 0.7469 0.8297 1.254580 
987.8668 8.661 120.234 -0.14822 0.25431 1.182 0.94373 8.0000 10.14 0.7533 0.8377 1.255070 
987.4809 8.216 122.264 -0.13878 0.21984 -4634.826 0.88156 8.0000 10.15 0.6857 0.7360 1.255560 
987.0949 8.033 123.847 -0.15912 0.23727 1.378 0.99194 8.0000 10.22 0.6712 0.6871 1.256051 
986.7088 4.366 121.745 -0.08825 0.14263 1.176 1.09191 8.0000 10.40 0.7626 0.7731 1.256543 
986.3226 3.753 167.776 -0.13875 0.03006 -2.586 1.07749 8.0000 10.47 0.8628 0.8692 1.257035 
985.9364 5.017 127.094 -0.10853 0.14354 -8.592 1.01710 8.0000 10.52 0.9504 0.9668 1.257527 
985.5501 6.171 111.852 -0.08182 0.20404 93.569 1.00475 8.0000 10.50 1.0654 1.1027 1.258020 
985.1638 7.868 106.958 -0.08522 0.27947 -2.256 1.03688 8.0000 10.60 1.2046 1.2496 1.258513 
984.7773 9.456 104.991 -0.09128 0.34090 1.131 1.03009 8.0000 10.74 1.2516 1.2862 1.259007 
984.3907 11.648 99.265 -0.06733 0.41271 -0.512 0.97114 8.0000 10.81 1.1058 1.1322 1.259502 
984.0041 9.204 96.648 -0.03909 0.33537 -0.394 1.01455 8.0000 10.90 1.0179 1.0407 1.259997 
983.6174 5.636 91.697 -0.00578 0.19506 0.581 0.97910 8.0000 11.08 0.7987 0.8313 1.260492 
983.2307 5.565 88.390 0.00615 0.21881 0.693 1.11265 8.0000 11.20 0.7497 0.7902 1.260988 
982.8438 5.043 214.173 -0.17281 -0.11732 0.535 1.17418 8.0000 11.15 0.8435 0.8723 1.261484 
982.4569 7.641 21.251 0.24593 0.09564 0.549 0.96578 8.0000 11.14 0.8307 0.9377 1.261981 
982.0699 8.918 66.746 0.09919 0.23082 -2.940 0.78076 8.0000 11.39 0.7547 0.8484 1.262478 
981.6828 11.261 99.955 -0.04974 0.28336 -0.012 0.69381 8.0000 11.52 0.7385 0.7912 1.262976 
981.2957 13.856 117.993 -0.18995 0.35735 -0.007 0.77043 8.0000 11.51 0.7467 0.8111 1.263474 
980.9084 17.610 119.884 -0.22974 0.39980 0.004 0.65318 8.0000 11.55 0.7816 0.9184 1.263973 
980.5211 34.644 122.618 -0.37339 0.58346 0.009 0.26193 8.0000 11.59 0.5829 0.7213 1.264472 
980.1337 36.521 137.135 -0.53099 0.49282 -0.002 0.22091 8.0000 11.72 0.5747 0.8408 1.264972 
979.7463 34.283 148.291 -0.69938 0.43209 -0.002 0.32273 8.0000 11.59 0.6347 1.0743 1.265472 
979.3587 59.442 118.458 -1.41938 2.61877 8.058 -1.64320 8.0000 11.80 0.7075 0.9892 1.265973 
978.9711 69.278 152.691 -1.39495 0.72025 6.374 -1.77792 8.0000 11.89 0.7261 1.1817 1.266474 
978.5834 69.289 191.905 -0.71010 -0.14971 1.176 -0.82250 8.0000 11.77 0.7188 1.2530 1.266976 
978.1956 49.260 207.480 -0.40976 -0.21313 8.335 -0.06920 8.0000 11.93 0.6933 1.2337 1.267478 
977.8077 22.706 202.915 -0.31860 -0.13468 -3.169 0.34095 8.0000 12.13 0.7183 1.1648 1.267981 
977.4199 11.625 197.929 -0.26179 -0.08470 2.976 0.64042 8.0000 12.19 0.8503 1.1328 1.268484 
977.0319 10.914 193.451 -0.27180 -0.06501 2.746 0.69774 8.0000 12.20 0.9420 1.1583 1.268988 
976.6437 12.796 193.902 -0.33864 -0.08382 1.309 0.72838 8.0000 12.29 0.9160 1.2118 1.269493 
976.2556 11.486 192.226 -0.37394 -0.08103 -9.614 0.90258 8.0000 12.31 1.1202 1.3145 1.269997 
975.8674 5.780 132.052 -0.13651 0.15133 1.245 0.99633 8.0000 12.48 1.1304 1.2077 1.270502 
975.4790 12.469 118.430 -0.19246 0.35551 0.992 0.86939 8.0000 12.65 1.1386 1.2149 1.271008 
975.0906 7.564 109.062 -0.07620 0.22052 -1.763 0.86302 8.0000 12.53 1.1271 1.2068 1.271515 
974.7021 7.732 120.941 -0.11737 0.19580 -15.491 0.82515 8.0000 12.74 1.0953 1.1769 1.272021 
974.3136 7.363 124.922 -0.12279 0.17587 1.165 0.81606 8.0000 12.64 0.9733 1.0297 1.272529 
973.9250 6.996 129.700 -0.12907 0.15547 0.028 0.81086 8.0000 12.74 0.8288 0.8663 1.273036 
973.5363 7.042 146.062 -0.17405 0.11712 0.057 0.83621 8.0000 12.86 0.7402 0.7766 1.273545 
973.1475 6.537 162.395 -0.15148 0.04806 -5.143 0.68433 8.0000 12.88 0.5725 0.6059 1.274053 
972.7586 6.088 191.165 -0.12699 -0.02506 -2.869 0.59990 8.0000 13.06 0.5683 0.5936 1.274563 
972.3697 8.868 178.924 -0.13220 0.00248 -1.062 0.41341 8.0000 13.19 0.5381 0.5635 1.275073 
971.9807 12.394 149.070 -0.14722 0.08821 -0.344 0.37162 8.0000 13.28 0.5528 0.5750 1.275583 
971.5916 17.317 140.031 -0.17756 0.14883 -0.625 0.33543 8.0000 13.29 0.6592 0.6773 1.276094 
971.2024 19.419 130.778 -0.17923 0.20780 0.441 0.34084 8.0000 13.61 0.9023 0.9187 1.276605 
970.8131 23.387 126.711 -0.16076 0.21559 0.044 0.25278 8.0000 13.44 0.9800 0.9988 1.277117 
970.4238 24.211 122.334 -0.13793 0.21790 0.007 0.22878 8.0000 13.46 0.9747 0.9964 1.277629 
970.0344 24.980 93.396 -0.01830 0.30832 0.004 0.25954 8.0000 13.91 0.9685 1.0157 1.278142 
969.6449 15.521 122.586 -0.15164 0.23724 0.003 0.46782 8.0000 13.81 1.1095 1.1433 1.278656 
969.2553 15.664 147.491 -0.29053 0.18515 0.001 0.56598 8.0000 13.78 1.0995 1.1198 1.279170 
968.8657 15.363 164.358 -0.42266 0.11835 -1.681 0.73845 8.0000 13.92 1.0127 1.0510 1.279684 
968.4760 17.190 175.741 -0.56412 0.04201 1.240 0.82675 8.0000 14.13 0.9551 1.0079 1.280199 
968.0861 16.399 179.782 -0.57103 0.00217 0.288 0.88616 8.0000 14.50 1.0210 1.0816 1.280714 
967.6962 18.750 177.841 -0.74901 0.02823 -1.465 0.97681 8.0000 14.45 0.9281 0.9825 1.281230 
967.3063 14.292 172.160 -0.55442 0.07634 1.206 1.02715 8.0000 14.42 1.0469 1.0810 1.281747 
966.9163 11.140 164.074 -0.38910 0.11103 1.253 0.98753 8.0000 14.55 0.9466 1.0347 1.282264 
966.5261 4.134 82.228 0.01832 0.13424 -5.722 0.93240 8.0000 14.41 0.8349 0.9680 1.282782 
966.1359 5.227 96.160 -0.02105 0.19505 1.207 1.06328 8.0000 14.34 0.9372 1.1646 1.283300 
965.7457 5.033 126.339 -0.15050 0.20458 -0.745 1.43071 8.0000 14.42 1.0630 1.2337 1.283818 
965.3553 5.408 121.670 -0.11614 0.18827 1.269 1.15779 8.0000 14.76 0.9260 1.0635 1.284337 
964.9649 4.488 113.995 -0.05426 0.12190 12.176 0.84477 8.0000 14.77 0.8020 0.9849 1.284857 
964.5743 3.698 89.396 0.00074 0.07022 1.452 0.54105 8.0000 14.66 0.7162 1.0086 1.285377 
964.1838 6.371 88.131 0.00256 0.07849 0.281 0.34729 8.0000 14.90 0.7384 1.1112 1.285898 
963.7931 16.314 109.930 -0.05170 0.14258 1.424 0.23690 8.0000 15.05 0.7911 1.2058 1.286419 
963.4023 26.426 125.110 -0.16840 0.23952 0.155 0.22182 8.0000 15.18 0.7401 1.1173 1.286941 
963.0115 24.280 88.054 0.01187 0.34931 1.171 0.30858 8.0000 15.33 0.7316 1.0834 1.287463 
962.6207 11.361 67.874 0.06449 0.15861 1.321 0.40887 8.0000 15.41 0.6019 0.7928 1.287986 
962.2297 14.832 172.482 -0.43530 0.05745 1.292 0.77089 8.0000 15.46 0.7798 0.8500 1.288509 
961.8386 10.630 165.669 -0.38855 0.09926 1.230 1.03071 8.0000 15.66 0.9470 1.1595 1.289033 
961.4474 12.566 184.036 -0.45364 -0.03201 1.213 0.96938 8.0000 15.73 0.8766 1.0910 1.289558 
961.0562 12.170 191.032 -0.44431 -0.08662 1.433 1.00068 8.0000 15.61 0.9129 1.1853 1.290083 
960.6649 12.756 197.633 -0.45828 -0.14567 0.024 1.00763 8.0000 16.00 0.8047 1.0198 1.290608 
960.2736 12.579 214.099 -0.38100 -0.25795 0.025 0.97962 8.0000 15.83 0.6755 0.7964 1.291134 
959.8821 9.372 192.538 -0.31175 -0.06933 0.906 0.94117 8.0000 15.81 0.6698 0.7172 1.291661 
959.4905 8.522 154.529 -0.23467 0.11178 1.282 0.84790 8.0000 15.96 0.6845 0.7496 1.292188 
959.0989 11.211 79.498 0.05067 0.27334 1.201 0.67375 8.0000 16.23 0.5913 0.7615 1.292715 
958.7073 4.496 117.350 -0.04459 0.08621 2.431 0.61336 8.0000 16.30 0.5640 0.7234 1.293243 
958.3155 10.858 138.076 -0.18838 0.16916 -22.900 0.63571 8.0000 16.03 0.5704 0.6034 1.293772 
957.9236 10.230 138.412 -0.18915 0.16786 1.292 0.67782 8.0000 16.12 0.6278 0.6341 1.294301 
957.5317 7.437 140.233 -0.15021 0.12501 -124.749 0.73580 8.0000 16.12 0.7053 0.7109 1.294831 
957.1396 5.194 136.008 -0.10655 0.10287 1.034 0.80793 8.0000 15.98 0.8427 0.8603 1.295362 
956.7476 3.942 140.046 -0.09335 0.07820 -3.211 0.87948 8.0000 16.58 0.8818 0.8922 1.295892 
956.3554 1.432 149.928 -0.04014 0.02324 1.411 0.92722 8.0000 16.99 0.8692 0.8809 1.296424 
955.9632 4.247 171.278 -0.14115 0.02166 -0.011 0.95616 8.0000 17.14 0.9211 0.9418 1.296956 
955.5709 1.792 104.048 -0.01621 0.06480 -0.008 1.06662 8.0000 16.87 1.0185 1.0609 1.297488 
955.1784 3.564 71.341 0.03687 0.10919 -0.008 0.92155 8.0000 16.95 0.7890 0.8332 1.298021 
954.7859 7.634 65.709 0.07872 0.17442 1.260 0.70106 8.0000 17.23 0.6561 0.8373 1.298555 
954.3934 17.794 71.095 0.09304 0.27166 12.805 0.40126 8.0000 17.01 0.6528 0.9502 1.299089 
954.0007 23.146 83.310 0.03678 0.31359 1.327 0.30182 8.0000 17.08 0.6744 1.0258 1.299624 
953.6080 17.310 117.672 -0.16525 0.31513 1.688 0.51541 8.0000 17.35 0.8442 1.2012 1.300159 
953.2152 24.195 113.947 -0.16149 0.36361 -0.963 0.35336 8.0000 17.40 0.6101 0.9313 1.300695 
952.8223 19.716 99.308 -0.05367 0.32746 1.217 0.40352 8.0000 17.32 0.5334 0.8247 1.301231 
952.4293 12.282 79.109 0.04661 0.24224 1.399 0.53970 8.0000 17.54 0.5990 0.8637 1.301768 
952.0363 4.499 80.491 0.02085 0.12446 1.197 0.79703 8.0000 17.53 0.7421 0.9757 1.302305 
951.6432 8.207 33.697 0.28363 0.18914 1.311 1.15728 8.0000 17.95 0.8888 1.1431 1.302843 
951.2499 10.212 45.611 0.25080 0.25621 2.794 0.96285 8.0000 17.53 0.7011 0.9109 1.303382 
950.8567 46.542 340.024 1.43232 -0.52063 4.810 -0.08209 8.0000 17.63 0.6679 1.5473 1.303921 
950.4633 7.206 50.052 0.14930 0.17826 1.306 0.90480 8.0000 17.79 0.6092 0.7801 1.304461 
950.0699 8.964 121.033 -0.18190 0.30233 -0.266 1.09052 8.0000 17.91 1.0606 2.0997 1.305001 
949.6763 12.138 132.256 -0.29387 0.32346 -0.135 0.96899 8.0000 18.09 1.5359 2.9391 1.305542 
949.2827 13.998 127.820 -0.36084 0.46486 -0.091 1.10694 8.0000 18.24 1.3554 2.8347 1.306083 
948.8890 10.688 130.431 -0.36715 0.43092 -0.177 1.44631 8.0000 18.58 1.4848 2.8256 1.306625 
948.4953 12.653 128.930 -0.35311 0.43714 0.010 1.18843 8.0000 18.53 1.4726 2.5329 1.307167 
948.1014 23.550 133.143 -0.71988 0.76812 0.391 0.97822 8.0000 18.60 1.4999 2.7562 1.307710 
947.7075 14.055 126.450 -0.15241 0.20634 0.793 0.48022 8.0000 18.60 1.5111 18.7435 1.308254 
947.3135 2.949 100.369 -0.01560 0.08528 1.535 0.83913 8.0000 18.09 1.0163 6.5660 1.308798 
946.9194 13.119 319.894 0.94778 -0.79827 0.424 2.51408 8.0000 18.22 0.8194 5.0664 1.309343 
946.5253 1.881 340.553 0.34439 -0.12159 0.139 5.55443 8.0000 18.39 1.4432 14.1286 1.309888 
946.1310 22.737 165.679 -28.06417 7.16457 1.387 28.48958 8.0000 19.03 17.2618 27.8330 1.310434 
945.7367 32.407 165.160 -12.67778 3.35901 1.056 6.16751 8.0000 18.63 3.4124 28.1691 1.310980 
945.3423 25.379 165.256 -15.54666 4.09130 0.408 13.13104 8.0000 19.01 19.4231 38.6862 1.311527 
944.9478 24.828 165.185 -17.39572 4.60097 0.229 15.28377 8.0000 19.33 31.0108 49.4266 1.312074 
944.5532 24.707 165.082 -21.77615 5.80158 1.169 19.30656 8.0000 19.07 37.9113 55.9024 1.312623 
944.1586 24.676 164.929 -30.82026 8.29893 -3.215 27.40434 8.0000 19.07 40.3710 58.0904 1.313171 
943.7639 24.667 164.770 -157.89255 42.98815 0.143 140.58408 8.0000 19.29 38.2593 55.7891 1.313720 
943.3691 24.911 164.483 -50.20201 13.93844 2.379 43.99475 8.0000 19.31 31.2097 49.3083 1.314270 
942.9742 25.505 164.195 -283.96268 80.38275 2.448 238.89474 8.0000 19.46 19.8292 39.3137 1.314821 
942.5792 58.378 341.160 6.54519 -2.23322 1.305 -3.48671 8.0000 19.62 3.9463 28.5004 1.315372 
942.1841 22.574 166.534 -10.07292 2.41192 -1.822 10.30440 8.0000 19.68 16.4652 27.5881 1.315923 
941.7890 13.882 344.505 0.54602 -0.15138 -1.727 1.07635 8.0000 19.91 0.9128 13.4552 1.316475 
941.3938 16.870 101.020 -0.09386 0.48197 -41.391 0.73518 8.0000 19.89 0.6644 6.1247 1.317028 
940.9985 24.214 19.157 0.66061 0.22949 0.599 0.62028 8.0000 20.01 0.6809 0.7457 1.317581 
940.6031 7.880 64.579 0.10130 0.21314 -9.987 0.83622 8.0000 20.07 0.6394 0.7555 1.318135 
940.2077 11.055 143.905 -0.26679 0.19451 3.674 0.81267 8.0000 20.14 0.6493 0.8158 1.318689 
939.8122 18.147 162.206 -0.56871 0.18253 4.342 0.81329 8.0000 20.38 0.7032 0.8833 1.319244 
939.4166 19.368 170.158 -0.69563 0.12069 2.040 0.88013 8.0000 20.23 0.8467 0.9901 1.319800 
939.0209 18.390 163.306 -0.62897 0.18863 -6.360 0.87838 8.0000 19.97 0.8495 1.0605 1.320356 
938.6251 18.125 161.745 -0.58146 0.19179 1.423 0.83506 8.0000 20.23 0.8540 1.0043 1.320913 
938.2292 17.228 166.747 -0.50326 0.11853 1.297 0.75352 8.0000 20.47 0.7758 0.8654 1.321470 
937.8333 14.445 150.996 -0.41952 0.23258 1.285 0.86932 8.0000 20.46 0.8772 0.9741 1.322028 
937.4373 16.641 130.498 -0.35350 0.41392 -3.453 0.82925 8.0000 21.12 0.6712 0.8751 1.322586 
937.0412 9.709 32.059 0.20848 0.13057 13.166 0.69780 8.0000 20.97 0.6386 0.7313 1.323146 
936.6450 3.627 49.473 0.06089 0.07123 1.310 0.73631 8.0000 20.69 0.8311 1.0157 1.323705 
936.2487 2.573 43.966 0.05127 0.04945 1.322 0.79078 8.0000 20.91 1.0449 1.3685 1.324266 
935.8524 2.942 23.015 0.06672 0.02834 0.953 0.70342 8.0000 21.22 1.0910 1.5548 1.324826 
935.4560 4.340 3.975 0.09133 0.00635 1.277 0.59963 8.0000 21.35 1.0191 1.5880 1.325388 
935.0594 8.878 331.066 0.15344 -0.08482 -0.636 0.54751 8.0000 21.61 0.9993 1.5536 1.325950 
934.6629 3.214 278.925 0.01412 -0.08993 -0.065 0.80816 8.0000 21.43 1.0360 1.3633 1.326512 
934.2662 10.259 300.800 0.10996 -0.18447 1.458 0.57384 8.0000 21.39 0.8185 1.0858 1.327076 
933.8694 47.441 3.192 0.33460 0.01866 1.770 -0.02863 8.0000 21.69 0.8282 1.3776 1.327640 
933.4727 10.154 182.953 -1.21195 -0.06251 -4.578 3.27935 8.0000 21.81 1.4042 2.4515 1.328204 
933.0757 12.341 174.562 -2.00092 0.19048 -1.086 4.37366 8.0000 21.76 1.6320 2.9218 1.328769 
932.6787 13.050 175.951 -2.35079 0.16641 1.225 4.81055 8.0000 22.25 1.6036 2.9769 1.329334 
932.2817 10.538 221.229 -141.80273 -124.26638 33.476 489.26218 8.0000 22.14 1.2663 2.6205 1.329901 
931.8845 79.772 58.098 15.89674 25.53752 0.249 -80.64404 8.0000 22.22 1.1994 2.5331 1.330467 
931.4873 75.521 81.201 0.36428 2.35343 -138.976 -4.30378 8.0000 22.20 0.9377 2.0056 1.331035 
931.0900 50.999 99.932 -0.12240 0.69903 0.406 -0.15083 8.0000 22.48 0.6289 1.2454 1.331603 
930.6926 15.208 132.320 -0.34068 0.37414 1.278 0.86193 8.0000 22.52 0.6639 0.7306 1.332171 
930.2951 9.233 121.021 -0.11786 0.19600 -6.035 0.68490 8.0000 22.60 0.6761 0.7595 1.332740 
929.8975 13.111 122.146 -0.17085 0.27187 0.058 0.65193 8.0000 22.76 0.6695 0.7341 1.333310 
929.4999 6.615 106.307 -0.05002 0.17097 9.708 0.75777 8.0000 23.14 0.7294 0.7533 1.333881 
929.1022 3.449 357.633 0.11886 -0.00491 9.509 0.98342 8.0000 23.66 0.7611 0.7820 1.334452 
928.7043 3.703 337.376 0.11632 -0.04848 1.458 0.96948 8.0000 23.22 1.0001 1.0467 1.335023 
928.3065 1.650 46.102 0.03828 0.03978 4.203 0.95722 8.0000 23.35 1.1361 1.1949 1.335595 
927.9085 2.232 22.096 0.07363 0.02989 1.297 1.01770 8.0000 23.30 1.1979 1.2821 1.336168 
927.5104 2.623 20.420 0.08601 0.03202 0.353 0.99942 8.0000 23.73 1.1377 1.2471 1.336742 
927.1123 3.695 9.324 0.12019 0.01973 0.148 0.93910 8.0000 23.45 0.9591 1.1194 1.337316 
926.7141 3.960 15.715 0.11440 0.03219 0.033 0.85419 8.0000 23.42 0.7819 0.9968 1.337890 
926.3158 1.639 335.653 0.03886 -0.01759 0.726 0.74492 8.0000 23.71 0.7567 0.8869 1.338466 
925.9174 6.269 143.987 -0.11373 0.08267 0.556 0.63224 8.0000 23.77 0.6861 0.7284 1.339042 
925.5190 3.965 138.651 -0.07057 0.06211 -0.186 0.67496 8.0000 23.82 0.5950 0.6280 1.339618 
925.1204 3.563 289.611 0.02753 -0.07728 -0.073 0.65619 8.0000 24.09 0.5598 0.6098 1.340195 
924.7218 1.250 178.156 -0.02103 0.00068 -0.050 0.48187 8.0000 23.77 0.5653 0.5952 1.340773 
924.3231 2.853 121.302 -0.02502 0.04115 -0.024 0.48197 8.0000 24.16 0.5626 0.5798 1.341351 
923.9243 7.243 126.503 -0.08722 0.11786 1.402 0.56752 8.0000 24.34 0.5622 0.5639 1.341930 
923.5255 8.710 127.267 -0.12132 0.15945 1.350 0.63854 8.0000 24.82 0.6127 0.6210 1.342510 
923.1265 18.751 156.587 -0.54202 0.23470 0.063 0.76970 8.0000 24.17 0.7770 0.9462 1.343090 
922.7275 7.576 119.512 -0.10897 0.19251 0.040 0.81687 8.0000 24.96 0.8549 0.9101 1.343671 
922.3283 6.473 33.958 0.16945 0.11412 1.356 0.88870 8.0000 24.81 0.9492 1.0970 1.344252 
921.9291 8.124 33.862 0.22850 0.15332 0.000 0.94422 8.0000 25.07 1.2703 1.5636 1.344834 
921.5298 9.446 21.610 0.30469 0.12070 0.000 0.95770 8.0000 24.85 1.3924 1.7625 1.345417 
921.1305 9.229 25.536 0.29429 0.14060 0.000 0.97715 8.0000 24.59 1.4967 1.9049 1.346000 
920.7311 10.069 17.698 0.32569 0.10393 0.000 0.93229 8.0000 24.94 1.3311 1.6544 1.346584 
920.3315 9.717 27.814 0.28342 0.14952 0.000 0.90819 8.0000 25.53 1.1552 1.4035 1.347169 
919.9319 7.780 59.734 0.12456 0.21345 0.000 0.88754 8.0000 25.19 1.0568 1.1778 1.347754 
919.5322 9.188 112.140 -0.10826 0.26609 1.648 0.86477 8.0000 24.85 0.9680 0.9985 1.348340 
919.1324 17.094 145.918 -0.49337 0.33382 1.282 0.87696 8.0000 25.66 0.9194 1.0955 1.348926 
918.7326 10.644 116.118 -0.14217 0.28997 4.770 0.82886 8.0000 25.32 0.7766 0.8108 1.349513 
918.3326 18.505 113.293 -0.11502 0.26715 -6.263 0.38583 8.0000 25.85 1.4418 1.7222 1.350101 
917.9326 4.114 96.006 -0.01481 0.14081 1.419 0.97913 8.0000 25.77 0.5847 0.6504 1.350689 
917.5325 58.792 121.852 -0.28861 0.46455 2.390 -0.28573 8.0000 25.50 1.3259 1.6615 1.351278 
917.1323 47.224 113.542 -0.13599 0.31212 1.980 -0.02649 8.0000 25.86 2.0519 2.6384 1.351868 
916.7321 54.714 115.186 -0.16860 0.35852 4.984 -0.13974 8.0000 25.97 2.3660 3.0909 1.352458 
916.3317 67.067 117.832 -0.19819 0.37538 101.222 -0.41186 8.0000 26.15 2.3400 3.0987 1.353049 
915.9313 74.011 119.375 -0.23849 0.42368 1.516 -0.77871 8.0000 26.11 2.1095 2.8200 1.353641 
915.5308 78.764 121.132 -0.34126 0.56499 2.778 -1.59578 8.0000 26.22 1.7375 2.3006 1.354233 
915.1302 81.248 126.779 -1.91301 2.55911 1.382 -10.13116 8.0000 26.57 1.2706 1.6023 1.354826 
914.7295 3.768 326.361 0.17775 -0.11827 0.001 1.61398 8.0000 26.30 1.0583 1.1850 1.355419 
914.3287 6.811 101.453 -0.02878 0.14207 0.003 0.59815 8.0000 26.36 1.7585 2.0928 1.356013 
913.9279 2.141 9.864 0.07009 0.01219 -0.010 0.95005 8.0000 26.46 0.7641 0.8691 1.356608 
913.5270 1.411 115.733 -0.01813 0.03762 -0.018 0.84743 8.0000 26.58 0.6553 0.7127 1.357203 
913.1259 9.340 114.283 -0.08892 0.19710 1.239 0.63958 8.0000 26.78 0.5990 0.6360 1.357799 
912.7249 4.999 81.435 0.02309 0.15330 0.000 0.87945 8.0000 26.35 0.7119 0.7950 1.358396 
912.3237 4.355 49.008 0.09983 0.11488 1.368 0.99337 8.0000 26.74 0.7894 0.9142 1.358993 
911.9224 7.155 26.478 0.23136 0.11524 -0.261 1.01324 8.0000 27.15 0.7505 0.8982 1.359591 
911.5211 17.116 100.613 -0.06750 0.36022 -0.251 0.53861 8.0000 27.35 0.6202 0.8122 1.360190 
911.1196 2.126 129.823 -0.03286 0.03941 0.156 0.69039 8.0000 27.58 0.5943 0.6330 1.360789 
910.7181 20.800 262.930 -0.08591 -0.69268 0.054 0.78618 8.0000 27.55 0.7342 0.8628 1.361389 
910.3165 20.576 107.115 -0.19403 0.63014 0.090 0.75442 8.0000 27.45 0.9681 1.2191 1.361990 
909.9149 37.767 143.200 -2.98469 2.23287 -0.059 0.96164 8.0000 27.29 1.8701 2.1736 1.362591 
909.5131 32.920 59.127 0.71011 1.18778 0.032 0.62080 8.0000 26.95 1.5992 1.9607 1.363193 
909.1113 42.054 7.622 3.48259 0.46602 0.011 0.36259 8.0000 27.20 2.4830 2.8697 1.363795 
908.7093 43.189 359.871 4.97394 -0.01121 0.004 0.31488 8.0000 27.45 3.2674 3.7050 1.364399 
908.3073 43.499 351.703 5.40383 -0.78801 0.003 0.28647 8.0000 27.12 3.4182 3.9132 1.365003 
907.9052 44.337 355.563 5.46648 -0.42420 0.005 0.12694 8.0000 27.40 3.4411 3.8571 1.365607 
907.5031 53.403 1.090 4.68329 0.08911 -1.240 -1.41474 8.0000 27.53 3.4700 3.8010 1.366212 
907.1008 38.774 5.287 4.50015 0.41646 -0.003 0.99796 8.0000 27.39 2.7949 3.0098 1.366818 
906.6984 37.121 173.345 -0.25575 0.02984 -0.003 0.07266 8.0000 27.50 24.8728 29.3175 1.367425 
906.2960 15.225 65.241 0.33129 0.71833 -0.054 1.34556 8.0000 27.51 3.0547 3.1665 1.368032 
905.8935 61.616 208.131 -0.35107 -0.18770 -0.427 -0.26082 8.0000 27.89 12.9579 15.2873 1.368640 
905.4909 54.657 191.262 -0.40096 -0.07984 0.011 -0.14329 8.0000 27.70 20.5347 24.2852 1.369248 
905.0883 53.038 188.749 -0.38961 -0.05996 6.632 -0.11360 8.0000 27.87 24.6787 29.2083 1.369857 
904.6855 67.414 263.080 -0.09966 -0.82119 0.852 -0.82224 8.0000 28.52 37.7196 60.2216 1.370467 
904.2826 39.032 160.824 -0.44725 0.15553 -0.006 0.10009 8.0000 28.16 27.6483 34.5087 1.371078 
903.8797 27.416 127.902 -0.71150 0.91390 -0.003 0.81605 8.0000 28.76 40.9881 70.1523 1.371689 
903.4767 25.431 123.152 -0.88101 1.34877 1.457 1.31103 8.0000 28.57 56.7261 103.4695 1.372301 
903.0736 25.558 121.613 -0.93632 1.52120 0.188 1.44051 8.0000 28.58 66.6057 124.2535 1.372913 
902.6704 25.455 121.627 -0.92325 1.49914 0.016 1.43031 8.0000 28.72 70.7968 131.7527 1.373527 
902.2672 25.481 122.767 -0.85129 1.32264 0.000 1.27548 8.0000 28.72 68.6656 125.6310 1.374140 
901.8638 25.882 126.239 -0.75711 1.03298 10.364 1.00914 8.0000 28.77 60.7318 106.4585 1.374755 
901.4604 27.213 133.235 -0.60994 0.64872 -0.039 0.63686 8.0000 28.64 47.9279 75.5478 1.375370 
901.0569 36.579 161.458 -0.41413 0.13890 -0.023 0.13223 8.0000 28.91 35.5026 43.1287 1.375986 
900.6533 67.093 260.561 -0.10706 -0.64396 -1.176 -0.63450 8.0000 28.76 39.1583 62.1961 1.376603 
900.2496 47.418 181.227 -0.36832 -0.00789 -0.265 -0.03117 8.0000 29.07 17.9102 21.0651 1.377220 
899.8458 34.757 171.812 -0.29559 0.04253 0.192 0.11157 8.0000 28.53 7.8205 9.5743 1.377838 
899.4420 70.103 207.433 -66.79532 -34.67218 0.252 -90.34373 8.0000 29.16 1.1662 3.3490 1.378457 
899.0380 67.942 204.030 -4.75176 -2.11860 -0.498 -5.36564 8.0000 29.27 1.3925 4.1149 1.379076 
898.6340 66.705 200.470 -2.34594 -0.87570 0.123 -2.36878 8.0000 29.19 1.5864 4.4240 1.379696 
898.2299 65.139 180.923 -2.67586 -0.04311 -0.705 -2.26786 8.0000 29.19 1.5744 4.2395 1.380317 
897.8257 72.647 209.126 -6.28426 -3.50144 -0.641 -10.38660 8.0000 29.68 1.2922 3.4423 1.380938 
897.4214 13.431 89.452 0.01214 1.26944 0.230 2.50642 8.0000 30.06 1.2268 2.3335 1.381560 
897.0171 19.242 128.592 -0.56285 0.70528 0.022 1.13505 8.0000 29.65 1.4509 1.6442 1.382183 
896.6127 27.197 147.809 -0.73100 0.46017 0.018 0.61855 8.0000 29.44 1.9296 2.8009 1.382807 
896.2081 23.338 132.639 -0.68359 0.74238 0.009 0.95180 8.0000 29.48 1.6805 1.8415 1.383431 
895.8035 23.530 132.101 -0.65313 0.72280 0.012 0.90653 8.0000 29.43 1.6548 1.9679 1.384056 
895.3989 23.437 131.766 -0.61874 0.69285 0.006 0.87009 8.0000 29.70 1.3722 1.8261 1.384681 
894.9941 20.983 131.180 -0.47861 0.54709 22.480 0.80826 8.0000 30.18 1.1422 1.7228 1.385307 
894.5892 12.859 130.268 -0.24399 0.28802 1.287 0.78372 8.0000 30.55 0.8361 1.4787 1.385934 
894.1843 7.757 305.981 0.14297 -0.19692 0.000 0.87668 8.0000 29.86 0.7678 1.2983 1.386562 
893.7792 6.919 133.085 -0.14473 0.15474 0.006 0.86008 8.0000 30.22 0.7917 1.4045 1.387190 
893.3741 3.355 115.062 -0.04586 0.09807 1.397 0.92018 8.0000 29.93 0.7855 1.3107 1.387819 
892.9689 3.450 359.532 0.11256 -0.00092 -7.319 0.93014 8.0000 30.41 0.7140 1.0499 1.388449 
892.5637 7.863 332.609 0.21859 -0.11327 -0.867 0.87430 8.0000 30.46 0.6579 0.7989 1.389079 
892.1583 9.076 329.739 0.25479 -0.14865 0.315 0.89972 8.0000 30.97 0.6117 0.7453 1.389711 
891.7528 6.704 333.936 0.17231 -0.08428 0.605 0.80473 8.0000 30.34 0.6209 0.8038 1.390343 
891.3473 6.677 331.070 0.13911 -0.07689 -0.480 0.66959 8.0000 31.09 0.5913 0.8175 1.390975 
890.9417 4.530 332.772 0.07789 -0.04008 1.243 0.54931 8.0000 30.52 0.5826 0.7997 1.391608 
890.5359 1.343 328.540 0.02558 -0.01565 0.000 0.63931 8.0000 30.62 0.5791 0.7600 1.392242 
890.1302 1.749 204.045 -0.02911 -0.01299 0.063 0.52152 8.0000 31.27 0.5456 0.6626 1.392877 
889.7243 5.663 194.954 -0.07560 -0.02019 0.000 0.39070 8.0000 30.56 0.5245 0.6583 1.393512 
889.3184 6.527 326.798 0.06605 -0.04323 0.000 0.34043 8.0000 30.85 0.5205 0.5512 1.394148 
888.9123 8.030 358.710 0.11387 -0.00256 1.267 0.39566 8.0000 30.94 0.5278 0.5605 1.394785 
888.5062 6.704 1.802 0.09434 0.00297 -2.281 0.39592 8.0000 31.66 0.5348 0.6548 1.395423 
888.1000 6.257 115.986 -0.06950 0.14258 -100.638 0.71466 8.0000 31.11 0.6621 0.7401 1.396061 
887.6937 6.778 114.947 -0.07844 0.16863 1.346 0.77134 8.0000 31.64 0.7479 0.8456 1.396700 
887.2873 7.176 118.212 -0.09823 0.18310 -938.663 0.81205 8.0000 32.02 0.7835 0.8916 1.397340 
886.8808 8.035 120.533 -0.12427 0.21069 1.350 0.84916 8.0000 31.48 0.8439 0.9206 1.397980 
886.4743 5.859 127.178 -0.11920 0.15717 1.806 0.95109 8.0000 31.64 0.7504 0.8253 1.398621 
886.0676 7.881 135.688 -0.16153 0.15769 1.481 0.79980 8.0000 31.59 0.6981 0.7476 1.399263 
885.6609 9.093 142.018 -0.20268 0.15825 1.287 0.78274 8.0000 31.59 0.6736 0.6944 1.399906 
885.2541 8.081 132.919 -0.14995 0.16126 0.070 0.75986 8.0000 32.06 0.6433 0.6877 1.400549 
884.8472 7.782 130.010 -0.12309 0.14664 0.011 0.68741 8.0000 31.83 0.6008 0.6443 1.401193 
884.4402 7.689 125.277 -0.09139 0.12919 151.036 0.57537 8.0000 32.27 0.5667 0.6062 1.401838 
884.0332 10.382 126.267 -0.15012 0.20462 1.251 0.66937 8.0000 32.30 0.6207 0.6449 1.402483 
883.6260 9.938 123.333 -0.13713 0.20850 0.000 0.69031 8.0000 32.29 0.6212 0.6379 1.403130 
883.2188 12.223 121.166 -0.13208 0.21839 0.000 0.56143 8.0000 32.59 0.5948 0.6053 1.403777 
882.8115 10.710 101.768 -0.04517 0.21681 0.000 0.56453 8.0000 32.29 0.6233 0.6557 1.404424 
882.4041 2.197 152.548 -0.04037 0.02097 0.046 0.59202 8.0000 32.48 0.5530 0.5586 1.405073 
881.9966 4.197 201.369 -0.09600 -0.03756 0.032 0.69853 8.0000 32.61 0.5863 0.6352 1.405722 
881.5890 5.897 226.997 -0.11086 -0.11887 0.021 0.77842 8.0000 32.71 0.6361 0.7408 1.406372 
881.1813 9.957 239.914 -0.12388 -0.21382 0.017 0.68210 8.0000 32.54 0.6112 0.7606 1.407023 
880.7736 17.541 286.315 0.10022 -0.34239 0.542 0.50794 8.0000 33.09 0.6070 0.8113 1.407674 
880.3658 31.080 248.203 -0.14780 -0.36959 -0.016 0.21022 8.0000 32.49 0.5607 0.7531 1.408326 
879.9579 48.273 285.826 0.87825 -3.09838 -0.021 -0.36952 8.0000 32.77 0.9896 1.2119 1.408979 
879.5499 40.460 151.945 -0.73185 0.39004 0.019 0.13253 8.0000 32.72 0.6137 0.8346 1.409632 
879.1418 38.742 127.698 -1.10771 1.43333 0.116 0.40213 8.0000 33.04 1.3624 1.5704 1.410287 
878.7336 34.537 123.460 -1.00463 1.52013 -0.006 0.69677 8.0000 33.04 2.0836 2.2619 1.410942 
878.3253 35.150 123.626 -1.17454 1.76609 -0.167 0.75939 8.0000 33.48 2.4051 2.7290 1.411598 
877.9170 34.969 122.770 -1.19247 1.85252 1.372 0.80457 8.0000 33.25 2.5153 2.9328 1.412254 
877.5085 34.839 120.947 -1.13934 1.90016 356.321 0.82053 8.0000 33.72 2.3582 2.8714 1.412912 
877.1000 33.777 120.711 -0.99215 1.67024 1.554 0.80256 8.0000 33.80 1.9279 2.4926 1.413570 
876.6915 31.209 118.304 -0.65238 1.21138 1.363 0.71874 8.0000 33.71 1.2437 1.8853 1.414228 
876.2828 21.584 135.092 -0.32864 0.32759 0.081 0.49470 8.0000 33.68 0.6566 0.9685 1.414888 
875.8740 41.108 293.267 1.18634 -2.75902 0.158 0.41049 8.0000 34.49 1.0073 1.1322 1.415548 
875.4651 9.985 155.284 -0.28964 0.13332 0.039 0.87750 8.0000 34.26 1.1502 6.0048 1.416209 
875.0562 11.289 294.554 0.12981 -0.28412 0.205 0.75125 8.0000 34.19 0.7342 1.6509 1.416871 
874.6472 30.851 139.479 -1.41296 1.20769 4.208 1.00078 8.0000 33.94 1.2204 7.3360 1.417534 
874.2380 19.886 142.972 -0.66791 0.50382 0.000 1.00518 8.0000 34.41 1.8753 11.2786 1.418197 
873.8289 18.161 143.849 -0.59375 0.43377 1.272 1.00025 8.0000 33.97 2.2442 13.7297 1.418861 
873.4196 17.854 144.810 -0.59773 0.42151 1.275 1.01759 8.0000 34.93 2.2261 14.5146 1.419526 
873.0102 18.145 145.057 -0.61310 0.42839 0.048 1.01856 8.0000 34.46 2.0778 13.6909 1.420192 
872.6007 19.021 143.697 -0.68638 0.50425 -0.068 1.08849 8.0000 34.31 1.6986 11.2207 1.420858 
872.1912 30.423 137.519 -3.18754 2.91885 -0.117 2.41105 8.0000 34.80 0.9603 7.2563 1.421525 
871.7816 3.988 220.483 -0.09475 -0.08088 -0.048 0.88906 8.0000 34.27 0.6813 1.5282 1.422193 
871.3718 9.488 154.996 -0.28960 0.13507 1.298 0.92929 8.0000 35.45 1.5185 6.2185 1.422862 
870.9620 4.645 179.813 -0.12973 0.00042 -0.137 0.79302 8.0000 35.22 0.6602 0.7341 1.423532 
870.5521 5.368 135.735 -0.09909 0.09658 1.365 0.72975 8.0000 35.32 0.6176 0.7242 1.424202 
870.1422 3.653 158.275 -0.08318 0.03314 1.325 0.69835 8.0000 35.62 0.5942 0.7133 1.424873 
869.7321 5.307 155.577 -0.11908 0.05407 0.032 0.69791 8.0000 35.43 0.6132 0.7165 1.425545 
869.3219 7.088 147.060 -0.15614 0.10117 1.279 0.73662 8.0000 35.45 0.6705 0.7420 1.426217 
868.9117 8.719 137.296 -0.18172 0.16770 1.320 0.78725 8.0000 35.75 0.7302 0.7640 1.426891 
868.5013 9.913 131.109 -0.19597 0.22457 -0.011 0.82673 8.0000 35.76 0.8149 0.8209 1.427565 
868.0909 10.790 127.074 -0.20591 0.27252 1.227 0.86355 8.0000 36.02 0.9465 0.9550 1.428240 
867.6805 10.754 129.260 -0.21528 0.26340 -0.016 0.86324 8.0000 36.01 0.9145 0.9180 1.428915 
867.2699 10.033 128.720 -0.18761 0.23400 1.266 0.82113 8.0000 36.01 0.8006 0.8019 1.429592 
866.8592 9.732 128.196 -0.17671 0.22460 1.301 0.80863 8.0000 36.37 0.7576 0.7592 1.430269 
866.4485 8.696 126.617 -0.15219 0.20479 -0.235 0.81462 8.0000 36.09 0.7087 0.7113 1.430947 
866.0376 8.830 126.838 -0.15371 0.20518 1.224 0.80524 8.0000 36.11 0.6909 0.7035 1.431626 
865.6267 9.045 126.410 -0.15919 0.21584 1.264 0.82103 8.0000 37.35 0.7011 0.7021 1.432306 
865.2157 8.836 125.474 -0.15039 0.21104 -0.015 0.81339 8.0000 36.36 0.6853 0.6936 1.432986 
864.8046 9.367 124.412 -0.15694 0.22910 1.238 0.81886 8.0000 36.57 0.7064 0.7274 1.433667 
864.3934 9.207 124.291 -0.15402 0.22586 1.250 0.82111 8.0000 36.83 0.7069 0.7392 1.434349 
863.9821 10.113 128.242 -0.18838 0.23902 1.311 0.82595 8.0000 36.68 0.7202 0.7671 1.435032 
863.5707 8.932 125.572 -0.15828 0.22131 -3.186 0.84419 8.0000 37.16 0.7317 0.7627 1.435716 
863.1593 6.679 122.136 -0.10363 0.16496 1.326 0.82039 8.0000 37.25 0.6764 0.6941 1.436400 
862.7477 6.898 122.083 -0.11212 0.17885 1.266 0.85968 8.0000 37.69 0.7262 0.7311 1.437085 
862.3361 6.573 121.650 -0.10573 0.17153 -0.005 0.86273 8.0000 37.35 0.7365 0.7429 1.437771 
861.9244 6.609 124.150 -0.11395 0.16798 1.261 0.86416 8.0000 37.69 0.7530 0.7787 1.438458 
861.5126 6.856 124.570 -0.12236 0.17756 -1.614 0.88375 8.0000 37.67 0.7595 0.7785 1.439145 
861.1008 5.612 124.841 -0.09519 0.13675 1.229 0.83962 8.0000 37.67 0.7058 0.7109 1.439834 
860.6888 5.182 125.832 -0.09042 0.12523 1.248 0.84457 8.0000 38.04 0.6856 0.6925 1.440523 
860.2767 6.006 126.209 -0.10400 0.14206 1.259 0.82744 8.0000 37.54 0.6685 0.6859 1.441213 
859.8646 5.990 125.732 -0.09670 0.13441 -0.004 0.78039 8.0000 37.79 0.6422 0.6713 1.441904 
859.4523 6.531 128.418 -0.12260 0.15459 1.271 0.85049 8.0000 38.19 0.6654 0.6943 1.442595 
859.0400 6.760 128.511 -0.13761 0.17292 4.971 0.91906 8.0000 38.37 0.6843 0.7096 1.443288 
858.6276 6.902 128.885 -0.15694 0.19460 1.244 1.01759 8.0000 38.78 0.7013 0.7183 1.443981 
858.2151 7.471 129.246 -0.16624 0.20349 1.259 0.98456 8.0000 38.98 0.7274 0.7338 1.444675 
857.8026 7.707 129.546 -0.15408 0.18661 1.280 0.87769 8.0000 38.31 0.7609 0.7629 1.445370 
857.3899 7.612 129.434 -0.14864 0.18074 1.244 0.85992 8.0000 38.73 0.7963 0.8091 1.446065 
856.9771 7.833 129.592 -0.14520 0.17557 1.244 0.81238 8.0000 37.95 0.8089 0.8122 1.446762 
856.5643 8.053 129.469 -0.15141 0.18388 1.231 0.82495 8.0000 38.47 0.8155 0.8188 1.447459 
856.1514 8.369 129.146 -0.15121 0.18576 0.001 0.79642 8.0000 39.15 0.8244 0.8277 1.448157 
855.7383 8.307 129.065 -0.14851 0.18297 1.252 0.78978 8.0000 39.22 0.8202 0.8233 1.448856 
855.3253 8.388 128.929 -0.14886 0.18429 1.235 0.78583 8.0000 39.26 0.8337 0.8366 1.449556 
854.9120 8.319 128.658 -0.15783 0.19730 1.304 0.84548 8.0000 38.91 0.8325 0.8347 1.450257 
854.4988 8.442 128.480 -0.17394 0.21883 1.251 0.92099 8.0000 39.02 0.8066 0.8079 1.450958 
854.0854 8.564 128.470 -0.17417 0.21919 1.275 0.90840 8.0000 39.02 0.8108 0.8122 1.451660 
853.6719 8.587 128.006 -0.17049 0.21818 1.279 0.89598 8.0000 39.55 0.8200 0.8215 1.452364 
853.2584 8.943 127.334 -0.17901 0.23470 1.242 0.91465 8.0000 39.57 0.7997 0.8009 1.453067 
852.8448 9.097 126.959 -0.18323 0.24352 1.235 0.92730 8.0000 39.61 0.7901 0.7909 1.453772 
852.4311 9.401 126.717 -0.18736 0.25120 1.300 0.92041 8.0000 39.27 0.7755 0.7761 1.454478 
852.0173 10.272 126.598 -0.17904 0.24109 1.270 0.80126 8.0000 39.80 0.7626 0.7633 1.455184 
851.6034 9.553 126.149 -0.17872 0.24465 1.248 0.87469 8.0000 39.57 0.7831 0.7837 1.455891 
851.1894 9.660 126.101 -0.17762 0.24358 1.244 0.85986 8.0000 39.52 0.7860 0.7868 1.456599 
850.7753 9.504 126.771 -0.17513 0.23435 1.223 0.84925 8.0000 39.68 0.7906 0.7916 1.457308 
850.3612 9.327 126.999 -0.18382 0.24394 1.274 0.90476 8.0000 39.90 0.7838 0.7846 1.458018 
849.9470 9.253 126.992 -0.18468 0.24515 1.214 0.91700 8.0000 39.63 0.7862 0.7873 1.458728 
849.5326 9.247 127.070 -0.18180 0.24064 1.296 0.90173 8.0000 39.87 0.7947 0.7960 1.459440 
849.1182 9.536 127.076 -0.18029 0.23860 1.244 0.86499 8.0000 40.40 0.7883 0.7896 1.460152 
848.7037 9.302 127.136 -0.18291 0.24154 1.238 0.90011 8.0000 40.12 0.7947 0.7962 1.460865 
848.2891 9.154 127.182 -0.18486 0.24371 1.252 0.92451 8.0000 40.14 0.8016 0.8029 1.461579 
847.8744 8.930 127.172 -0.18939 0.24977 1.235 0.97278 8.0000 40.98 0.8058 0.8071 1.462294 
847.4597 9.672 127.106 -0.19021 0.25145 1.239 0.89812 8.0000 40.87 0.7779 0.7793 1.463010 
847.0448 9.862 127.110 -0.19048 0.25176 1.239 0.88058 8.0000 41.10 0.7762 0.7775 1.463726 
846.6298 10.125 126.910 -0.19062 0.25379 1.245 0.86039 8.0000 41.49 0.7705 0.7718 1.464444 
846.2148 10.805 126.836 -0.19419 0.25925 1.229 0.81771 8.0000 40.94 0.7483 0.7497 1.465162 
845.7997 10.739 127.014 -0.19733 0.26173 1.240 0.83304 8.0000 41.20 0.7519 0.7533 1.465881 
845.3845 10.644 126.966 -0.20105 0.26713 1.237 0.85804 8.0000 41.18 0.7536 0.7552 1.466601 
844.9692 10.485 127.146 -0.20812 0.27472 1.232 0.89927 8.0000 41.31 0.7565 0.7579 1.467322 
844.5538 10.000 126.490 -0.19954 0.26975 1.234 0.92186 8.0000 41.00 0.7719 0.7736 1.468044 
844.1383 10.031 126.548 -0.19720 0.26603 1.234 0.90674 8.0000 41.20 0.7770 0.7786 1.468766 
843.7227 9.928 126.547 -0.19450 0.26240 1.235 0.90445 8.0000 42.04 0.7896 0.7917 1.469490 
843.3071 10.293 126.426 -0.19310 0.26166 1.207 0.86579 8.0000 41.81 0.7817 0.7837 1.470214 
842.8914 10.160 126.430 -0.19532 0.26464 1.247 0.88820 8.0000 41.84 0.7868 0.7888 1.470939 
842.4755 10.058 126.215 -0.19135 0.26131 1.238 0.88423 8.0000 41.99 0.7923 0.7944 1.471665 
842.0596 10.127 125.683 -0.19084 0.26574 1.241 0.88664 8.0000 42.26 0.7830 0.7849 1.472392 
841.6436 10.090 125.532 -0.18941 0.26523 1.229 0.88676 8.0000 42.48 0.7859 0.7877 1.473120 
841.2275 9.819 125.400 -0.18438 0.25946 1.217 0.89202 8.0000 42.41 0.8046 0.8061 1.473849 
840.8113 9.578 125.306 -0.17826 0.25171 1.209 0.88788 8.0000 42.64 0.8196 0.8211 1.474578 
840.3951 9.599 125.179 -0.17896 0.25389 1.211 0.89209 8.0000 42.46 0.8204 0.8219 1.475308 
839.9787 9.475 125.054 -0.17740 0.25284 1.214 0.89954 8.0000 42.42 0.8236 0.8254 1.476040 
839.5623 9.320 124.888 -0.17338 0.24865 1.223 0.89866 8.0000 43.27 0.8323 0.8344 1.476772 
839.1457 9.587 125.046 -0.17687 0.25217 1.239 0.88583 8.0000 42.99 0.8292 0.8313 1.477505 
838.7291 9.683 125.010 -0.17834 0.25461 1.231 0.88436 8.0000 43.13 0.8276 0.8296 1.478239 
838.3124 9.738 125.005 -0.17895 0.25552 1.235 0.88207 8.0000 43.60 0.8259 0.8279 1.478974 
837.8956 9.783 124.787 -0.17896 0.25761 1.245 0.88253 8.0000 43.91 0.8261 0.8278 1.479709 
837.4787 9.798 124.715 -0.18073 0.26087 1.241 0.89150 8.0000 43.73 0.8212 0.8227 1.480446 
837.0617 9.953 124.683 -0.18280 0.26416 1.268 0.88710 8.0000 43.76 0.8207 0.8223 1.481183 
836.6447 9.945 124.647 -0.18371 0.26584 1.241 0.89319 8.0000 43.81 0.8233 0.8250 1.481922 
836.2275 10.063 124.609 -0.18596 0.26948 1.233 0.89342 8.0000 44.33 0.8198 0.8217 1.482661 
835.8102 10.075 124.517 -0.18726 0.27228 1.223 0.90062 8.0000 44.61 0.8207 0.8226 1.483401 
835.3929 10.054 124.435 -0.18592 0.27117 1.220 0.89808 8.0000 44.27 0.8223 0.8243 1.484142 
834.9755 10.109 124.315 -0.18684 0.27373 1.218 0.89987 8.0000 44.62 0.8210 0.8230 1.484884 
834.5579 10.169 124.292 -0.18748 0.27491 1.209 0.89769 8.0000 44.71 0.8199 0.8219 1.485627 
834.1403 10.147 124.247 -0.18648 0.27391 1.227 0.89612 8.0000 44.93 0.8191 0.8211 1.486371 
833.7227 10.201 124.261 -0.18772 0.27559 1.214 0.89652 8.0000 44.97 0.8202 0.8223 1.487115 
833.3049 10.304 124.244 -0.18920 0.27794 1.227 0.89417 8.0000 45.43 0.8184 0.8205 1.487861 
832.8870 10.359 124.181 -0.18998 0.27976 1.219 0.89412 8.0000 45.05 0.8180 0.8201 1.488608 
832.4691 10.281 124.082 -0.18822 0.27818 1.235 0.89538 8.0000 45.85 0.8196 0.8217 1.489355 
832.0510 10.353 124.017 -0.18899 0.28001 1.237 0.89375 8.0000 46.04 0.8192 0.8213 1.490103 
831.6329 10.393 124.018 -0.18977 0.28116 1.239 0.89366 8.0000 45.58 0.8187 0.8208 1.490852 
831.2146 10.387 123.914 -0.18932 0.28159 1.229 0.89449 8.0000 46.29 0.8195 0.8215 1.491603 
830.7963 10.499 123.965 -0.19181 0.28474 1.228 0.89444 8.0000 46.26 0.8195 0.8216 1.492354 
830.3779 10.585 123.916 -0.19299 0.28702 1.223 0.89308 8.0000 46.33 0.8202 0.8223 1.493106 
829.9594 10.585 123.872 -0.19281 0.28724 1.225 0.89336 8.0000 47.70 0.8222 0.8243 1.493858 
829.5408 10.620 123.834 -0.19385 0.28919 1.217 0.89571 8.0000 47.02 0.8243 0.8264 1.494612 
829.1221 10.580 123.780 -0.19284 0.28827 1.220 0.89602 8.0000 46.50 0.8258 0.8279 1.495367 
828.7034 10.605 123.769 -0.19355 0.28945 1.236 0.89729 8.0000 47.34 0.8271 0.8292 1.496123 
828.2845 10.566 123.735 -0.19252 0.28829 1.240 0.89692 8.0000 47.65 0.8268 0.8289 1.496879 
827.8656 10.614 123.696 -0.19349 0.29018 1.223 0.89792 8.0000 46.66 0.8280 0.8302 1.497637 
827.4465 10.634 123.644 -0.19339 0.29059 1.250 0.89674 8.0000 47.85 0.8284 0.8305 1.498395 
827.0275 10.630 123.569 -0.19281 0.29054 1.236 0.89616 8.0000 47.81 0.8299 0.8320 1.499154 
826.6082 10.616 123.561 -0.19328 0.29133 1.227 0.89983 8.0000 47.59 0.8312 0.8333 1.499915 
826.1889 10.610 123.509 -0.19300 0.29149 1.245 0.90033 8.0000 48.04 0.8331 0.8352 1.500676 
825.7695 10.614 123.498 -0.19284 0.29137 1.233 0.89954 8.0000 48.71 0.8341 0.8362 1.501438 
825.3500 10.600 123.465 -0.19214 0.29068 1.230 0.89832 8.0000 48.45 0.8351 0.8372 1.502201 
824.9305 10.584 123.477 -0.19204 0.29039 1.217 0.89908 8.0000 48.08 0.8366 0.8386 1.502965 
824.5108 10.588 123.443 -0.19256 0.29155 1.218 0.90197 8.0000 48.41 0.8374 0.8395 1.503730 
824.0911 10.582 123.383 -0.19224 0.29174 1.222 0.90241 8.0000 48.39 0.8384 0.8404 1.504496 
823.6713 10.595 123.345 -0.19239 0.29238 1.234 0.90279 8.0000 48.89 0.8391 0.8411 1.505263 
823.2513 10.601 123.339 -0.19233 0.29237 1.239 0.90215 8.0000 48.80 0.8399 0.8419 1.506031 
822.8313 10.595 123.328 -0.19251 0.29275 1.232 0.90382 8.0000 48.90 0.8401 0.8420 1.506800 
822.4112 10.629 123.351 -0.19323 0.29359 1.234 0.90343 8.0000 49.39 0.8415 0.8435 1.507569 
821.9910 10.660 123.404 -0.19393 0.29406 1.222 0.90252 8.0000 49.11 0.8435 0.8455 1.508340 
821.5707 10.657 123.392 -0.19381 0.29402 1.233 0.90262 8.0000 49.66 0.8438 0.8457 1.509112 
821.1503 10.660 123.389 -0.19397 0.29429 1.231 0.90312 8.0000 50.09 0.8435 0.8454 1.509884 
820.7299 10.683 123.379 -0.19454 0.29527 1.230 0.90387 8.0000 50.41 0.8445 0.8464 1.510658 
820.3093 10.696 123.391 -0.19499 0.29581 1.217 0.90438 8.0000 50.21 0.8464 0.8483 1.511432 
819.8886 10.708 123.354 -0.19485 0.29602 1.216 0.90359 8.0000 50.07 0.8462 0.8481 1.512208 
819.4679 10.719 123.338 -0.19510 0.29658 1.227 0.90409 8.0000 51.14 0.8470 0.8489 1.512984 
819.0471 10.739 123.345 -0.19563 0.29732 1.221 0.90452 8.0000 50.69 0.8485 0.8503 1.513761 
818.6262 10.756 123.334 -0.19593 0.29789 1.227 0.90462 8.0000 51.69 0.8491 0.8509 1.514540 
818.2051 10.767 123.294 -0.19595 0.29837 1.224 0.90459 8.0000 51.13 0.8492 0.8510 1.515319 
817.7841 10.779 123.289 -0.19621 0.29883 1.215 0.90488 8.0000 51.08 0.8493 0.8510 1.516099 
817.3629 10.775 123.320 -0.19643 0.29881 1.224 0.90547 8.0000 51.33 0.8494 0.8511 1.516881 
816.9416 10.798 123.337 -0.19702 0.29951 1.224 0.90566 8.0000 51.22 0.8513 0.8530 1.517663 
816.5202 10.809 123.318 -0.19725 0.30008 1.229 0.90617 8.0000 51.72 0.8518 0.8535 1.518446 
816.0988 10.821 123.329 -0.19765 0.30057 1.223 0.90664 8.0000 52.30 0.8525 0.8542 1.519230 
815.6772 10.846 123.287 -0.19798 0.30155 1.220 0.90687 8.0000 51.87 0.8530 0.8546 1.520015 
815.2556 10.846 123.276 -0.19794 0.30162 1.209 0.90697 8.0000 51.93 0.8528 0.8545 1.520801 
814.8338 10.861 123.285 -0.19837 0.30216 1.210 0.90733 8.0000 52.01 0.8540 0.8557 1.521589 
814.4120 10.874 123.267 -0.19870 0.30287 1.210 0.90800 8.0000 52.78 0.8548 0.8565 1.522377 
813.9901 10.886 123.292 -0.19914 0.30325 1.222 0.90829 8.0000 53.40 0.8555 0.8571 1.523166 
813.5681 10.901 123.320 -0.19954 0.30354 1.216 0.90812 8.0000 52.99 0.8563 0.8580 1.523956 
813.1460 10.905 123.283 -0.19940 0.30376 1.222 0.90803 8.0000 52.88 0.8553 0.8570 1.524747 
812.7238 10.907 123.288 -0.19948 0.30382 1.232 0.90808 8.0000 53.47 0.8552 0.8568 1.525539 
812.3015 10.943 123.256 -0.20018 0.30527 1.232 0.90876 8.0000 53.91 0.8574 0.8591 1.526332 
811.8792 10.923 123.299 -0.20014 0.30470 1.231 0.90930 8.0000 54.63 0.8570 0.8586 1.527126 
811.4567 10.932 123.286 -0.20029 0.30507 1.219 0.90944 8.0000 54.51 0.8582 0.8598 1.527921 
811.0341 10.936 123.276 -0.20027 0.30517 1.212 0.90928 8.0000 53.61 0.8580 0.8596 1.528717 
810.6115 10.943 123.352 -0.20087 0.30518 1.213 0.90950 8.0000 53.95 0.8588 0.8604 1.529514 
810.1888 10.946 123.333 -0.20081 0.30533 1.199 0.90942 8.0000 53.41 0.8583 0.8599 1.530312 
809.7659 10.964 123.291 -0.20089 0.30593 1.211 0.90918 8.0000 54.61 0.8584 0.8600 1.531111 
809.3430 10.978 123.264 -0.20094 0.30632 1.213 0.90877 8.0000 55.21 0.8579 0.8595 1.531912 
808.9200 10.989 123.192 -0.20077 0.30690 1.219 0.90868 8.0000 54.72 0.8584 0.8601 1.532713 
808.4969 10.999 123.157 -0.20071 0.30722 1.219 0.90841 8.0000 55.62 0.8585 0.8601 1.533515 
808.0737 11.006 123.112 -0.20051 0.30744 1.224 0.90792 8.0000 55.29 0.8580 0.8597 1.534318 
807.6505 11.013 123.129 -0.20081 0.30769 1.223 0.90823 8.0000 55.68 0.8587 0.8603 1.535122 
807.2271 11.012 123.136 -0.20080 0.30760 1.222 0.90807 8.0000 55.67 0.8582 0.8599 1.535927 
806.8036 11.031 123.069 -0.20082 0.30842 1.226 0.90813 8.0000 56.49 0.8579 0.8595 1.536733 
806.3801 11.046 123.044 -0.20091 0.30886 1.214 0.90780 8.0000 55.44 0.8575 0.8592 1.537540 
805.9564 11.061 122.998 -0.20088 0.30935 1.210 0.90734 8.0000 56.34 0.8576 0.8592 1.538349 
805.5327 11.074 122.963 -0.20089 0.30978 1.215 0.90711 8.0000 56.06 0.8581 0.8597 1.539158 
805.1089 11.090 122.899 -0.20078 0.31037 1.213 0.90669 8.0000 55.88 0.8581 0.8598 1.539968 
804.6850 11.107 122.889 -0.20109 0.31096 1.218 0.90680 8.0000 56.40 0.8593 0.8609 1.540779 
804.2610 11.111 122.870 -0.20100 0.31105 1.214 0.90651 8.0000 57.21 0.8588 0.8604 1.541591 
803.8369 11.127 122.849 -0.20121 0.31163 1.210 0.90649 8.0000 56.54 0.8592 0.8608 1.542405 
803.4127 11.144 122.822 -0.20144 0.31231 1.219 0.90668 8.0000 57.07 0.8603 0.8619 1.543219 
802.9884 11.151 122.836 -0.20165 0.31247 1.223 0.90667 8.0000 57.14 0.8605 0.8622 1.544035 
802.5640 11.162 122.840 -0.20197 0.31292 1.221 0.90699 8.0000 57.01 0.8614 0.8631 1.544851 
802.1396 11.162 122.836 -0.20181 0.31272 1.218 0.90635 8.0000 58.09 0.8605 0.8622 1.545669 
801.7150 11.168 122.866 -0.20204 0.31271 1.227 0.90617 8.0000 58.49 0.8609 0.8627 1.546487 
801.2903 11.185 122.826 -0.20212 0.31332 1.218 0.90593 8.0000 58.40 0.8610 0.8628 1.547307 
800.8657 11.187 122.832 -0.20215 0.31329 1.211 0.90571 8.0000 57.53 0.8613 0.8630 1.548127 
800.4408 11.183 122.823 -0.20195 0.31308 1.214 0.90541 8.0000 57.29 0.8604 0.8622 1.548949 
800.0159 11.194 122.833 -0.20213 0.31325 1.220 0.90504 8.0000 58.51 0.8602 0.8620 1.549772 
799.5909 11.202 122.805 -0.20204 0.31345 1.213 0.90458 8.0000 58.13 0.8592 0.8610 1.550595 
799.1658 11.213 122.800 -0.20225 0.31382 1.216 0.90464 8.0000 58.27 0.8599 0.8616 1.551420 
798.7406 11.230 122.766 -0.20239 0.31445 1.221 0.90463 8.0000 58.58 0.8604 0.8621 1.552246 
798.3153 11.250 122.752 -0.20265 0.31504 1.214 0.90432 8.0000 58.63 0.8611 0.8628 1.553073 
797.8899 11.275 122.702 -0.20286 0.31596 1.224 0.90421 8.0000 59.59 0.8619 0.8636 1.553901 
797.4644 11.284 122.698 -0.20297 0.31618 1.223 0.90403 8.0000 59.71 0.8620 0.8637 1.554730 
797.0389 11.302 122.675 -0.20325 0.31689 1.222 0.90425 8.0000 59.30 0.8624 0.8641 1.555560 
796.6132 11.314 122.649 -0.20336 0.31739 1.211 0.90429 8.0000 59.04 0.8630 0.8648 1.556391 
796.1875 11.316 122.626 -0.20325 0.31749 1.214 0.90420 8.0000 59.99 0.8629 0.8647 1.557224 
795.7617 11.332 122.593 -0.20331 0.31799 1.211 0.90388 8.0000 59.18 0.8625 0.8643 1.558057 
795.3357 11.345 122.552 -0.20327 0.31843 1.217 0.90356 8.0000 59.87 0.8632 0.8650 1.558891 
794.9097 11.361 122.515 -0.20340 0.31909 1.213 0.90358 8.0000 60.29 0.8639 0.8657 1.559727 
794.4836 11.373 122.446 -0.20319 0.31960 1.220 0.90334 8.0000 60.46 0.8634 0.8653 1.560563 
794.0574 11.383 122.450 -0.20341 0.31990 1.225 0.90337 8.0000 60.42 0.8641 0.8660 1.561401 
793.6310 11.400 122.437 -0.20370 0.32051 1.225 0.90342 8.0000 61.26 0.8642 0.8660 1.562240 
793.2047 11.412 122.390 -0.20367 0.32105 1.230 0.90339 8.0000 61.48 0.8645 0.8664 1.563079 
792.7782 11.421 122.368 -0.20363 0.32128 1.217 0.90301 8.0000 60.46 0.8640 0.8659 1.563920 
792.3516 11.430 122.360 -0.20373 0.32153 1.219 0.90286 8.0000 61.03 0.8639 0.8658 1.564762 
791.9249 11.431 122.353 -0.20367 0.32151 1.209 0.90268 8.0000 60.33 0.8634 0.8653 1.565605 
791.4982 11.449 122.325 -0.20381 0.32209 1.207 0.90240 8.0000 60.35 0.8633 0.8652 1.566449 
791.0714 11.457 122.315 -0.20391 0.32237 1.201 0.90236 8.0000 61.14 0.8638 0.8657 1.567295 
790.6444 11.468 122.304 -0.20409 0.32278 1.208 0.90250 8.0000 60.89 0.8645 0.8664 1.568141 
790.2173 11.470 122.293 -0.20399 0.32278 1.205 0.90217 8.0000 61.05 0.8649 0.8668 1.568989 
789.7902 11.480 122.265 -0.20402 0.32316 1.222 0.90204 8.0000 61.39 0.8647 0.8666 1.569837 
789.3630 11.490 122.243 -0.20404 0.32347 1.213 0.90188 8.0000 61.07 0.8647 0.8667 1.570687 
788.9357 11.501 122.252 -0.20433 0.32382 1.214 0.90197 8.0000 62.38 0.8652 0.8671 1.571537 
788.5083 11.509 122.223 -0.20427 0.32409 1.207 0.90172 8.0000 62.42 0.8646 0.8665 1.572389 
788.0807 11.514 122.239 -0.20446 0.32420 1.214 0.90176 8.0000 61.91 0.8649 0.8668 1.573242 
787.6532 11.527 122.218 -0.20460 0.32467 1.209 0.90175 8.0000 61.85 0.8652 0.8671 1.574096 
787.2255 11.525 122.208 -0.20447 0.32458 1.201 0.90155 8.0000 61.66 0.8648 0.8666 1.574951 
786.7977 11.526 122.150 -0.20413 0.32478 1.204 0.90140 8.0000 62.47 0.8641 0.8659 1.575808 
786.3699 11.536 122.132 -0.20428 0.32524 1.215 0.90170 8.0000 62.61 0.8644 0.8661 1.576665 
785.9419 11.543 122.132 -0.20443 0.32548 1.207 0.90173 8.0000 62.55 0.8654 0.8671 1.577524 
785.5139 11.548 122.122 -0.20445 0.32565 1.212 0.90163 8.0000 62.20 0.8658 0.8676 1.578383 
785.0857 11.555 122.105 -0.20444 0.32585 1.214 0.90139 8.0000 63.31 0.8652 0.8669 1.579244 
784.6575 11.568 122.055 -0.20438 0.32637 1.210 0.90123 8.0000 63.11 0.8652 0.8670 1.580106 
784.2291 11.572 122.037 -0.20436 0.32657 1.216 0.90128 8.0000 63.42 0.8656 0.8674 1.580969 
783.8007 11.573 122.017 -0.20424 0.32663 1.213 0.90117 8.0000 63.24 0.8656 0.8674 1.581833 
783.3722 11.580 121.989 -0.20426 0.32702 1.203 0.90128 8.0000 63.37 0.8659 0.8676 1.582698 
782.9435 11.592 121.964 -0.20427 0.32736 1.204 0.90097 8.0000 63.71 0.8661 0.8678 1.583565 
782.5148 11.605 121.948 -0.20448 0.32789 1.200 0.90119 8.0000 63.59 0.8670 0.8687 1.584433 
782.0861 11.608 121.960 -0.20464 0.32801 1.195 0.90133 8.0000 63.24 0.8674 0.8691 1.585301 
781.6572 11.609 121.963 -0.20470 0.32806 1.202 0.90146 8.0000 62.83 0.8675 0.8692 1.586171 
781.2282 11.616 121.953 -0.20480 0.32835 1.207 0.90150 8.0000 63.65 0.8676 0.8693 1.587042 
780.7991 11.623 121.964 -0.20503 0.32858 1.213 0.90166 8.0000 63.66 0.8680 0.8697 1.587914 
780.3699 11.632 121.966 -0.20524 0.32889 1.217 0.90176 8.0000 63.91 0.8685 0.8702 1.588788 
779.9407 11.638 121.950 -0.20525 0.32911 1.207 0.90164 8.0000 63.98 0.8689 0.8705 1.589662 
779.5113 11.642 121.945 -0.20529 0.32923 1.210 0.90157 8.0000 64.03 0.8688 0.8705 1.590537 
779.0818 11.656 121.933 -0.20545 0.32965 1.215 0.90145 8.0000 64.22 0.8689 0.8706 1.591414 
778.6523 11.674 121.900 -0.20563 0.33036 1.210 0.90151 8.0000 64.38 0.8693 0.8709 1.592292 
778.2227 11.690 121.857 -0.20570 0.33103 1.203 0.90146 8.0000 64.76 0.8695 0.8712 1.593171 
777.7930 11.700 121.836 -0.20580 0.33146 1.208 0.90160 8.0000 64.16 0.8703 0.8719 1.594051 
777.3632 11.713 121.844 -0.20611 0.33186 1.206 0.90163 8.0000 64.03 0.8707 0.8723 1.594933 
776.9332 11.720 121.838 -0.20620 0.33208 1.207 0.90158 8.0000 65.02 0.8711 0.8728 1.595815 
776.5032 11.728 121.824 -0.20622 0.33229 1.207 0.90130 8.0000 65.57 0.8713 0.8729 1.596699 
776.0731 11.735 121.819 -0.20636 0.33257 1.212 0.90139 8.0000 65.38 0.8713 0.8729 1.597584 
775.6429 11.747 121.790 -0.20641 0.33304 1.215 0.90142 8.0000 64.54 0.8712 0.8729 1.598470 
775.2126 11.757 121.764 -0.20645 0.33344 1.210 0.90135 8.0000 65.27 0.8712 0.8728 1.599357 
774.7822 11.769 121.747 -0.20654 0.33380 1.210 0.90114 8.0000 65.83 0.8717 0.8733 1.600246 
774.3517 11.775 121.773 -0.20682 0.33391 1.218 0.90118 8.0000 66.10 0.8718 0.8734 1.601135 
773.9212 11.781 121.772 -0.20694 0.33413 1.200 0.90123 8.0000 65.71 0.8722 0.8738 1.602026 
773.4905 11.789 121.778 -0.20720 0.33446 1.188 0.90147 8.0000 65.62 0.8725 0.8741 1.602918 
773.0598 11.802 121.770 -0.20740 0.33489 1.193 0.90148 8.0000 66.84 0.8727 0.8743 1.603811 
772.6289 11.809 121.757 -0.20744 0.33513 1.203 0.90134 8.0000 66.38 0.8730 0.8746 1.604706 
772.1980 11.824 121.745 -0.20763 0.33559 1.210 0.90125 8.0000 66.10 0.8735 0.8750 1.605601 
771.7669 11.826 121.724 -0.20753 0.33570 1.202 0.90108 8.0000 66.09 0.8736 0.8752 1.606498 
771.3358 11.831 121.747 -0.20771 0.33570 1.209 0.90095 8.0000 66.75 0.8741 0.8757 1.607396 
770.9046 11.835 121.732 -0.20766 0.33581 1.206 0.90073 8.0000 66.13 0.8744 0.8759 1.608295 
770.4733 11.845 121.756 -0.20802 0.33607 1.199 0.90081 8.0000 66.71 0.8750 0.8766 1.609195 
770.0419 11.852 121.761 -0.20818 0.33627 1.201 0.90081 8.0000 66.03 0.8754 0.8770 1.610097 
769.6104 11.863 121.774 -0.20847 0.33656 1.196 0.90073 8.0000 66.78 0.8757 0.8772 1.610999 
769.1787 11.870 121.795 -0.20873 0.33672 1.198 0.90075 8.0000 67.33 0.8756 0.8771 1.611904 
768.7471 11.869 121.801 -0.20870 0.33658 1.203 0.90054 8.0000 67.32 0.8758 0.8772 1.612809 
768.3152 11.886 121.806 -0.20901 0.33702 1.202 0.90036 8.0000 67.34 0.8762 0.8776 1.613715 
767.8834 11.900 121.784 -0.20910 0.33746 1.212 0.90009 8.0000 67.98 0.8760 0.8775 1.614623 
767.4514 11.911 121.752 -0.20903 0.33776 1.207 0.89963 8.0000 68.35 0.8762 0.8776 1.615531 
767.0193 11.918 121.740 -0.20898 0.33784 1.208 0.89915 8.0000 68.19 0.8758 0.8773 1.616442 
766.5872 11.931 121.724 -0.20912 0.33827 1.214 0.89902 8.0000 67.99 0.8760 0.8774 1.617353 
766.1549 11.937 121.707 -0.20909 0.33844 1.213 0.89880 8.0000 68.57 0.8758 0.8773 1.618265 
765.7225 11.945 121.727 -0.20932 0.33856 1.211 0.89863 8.0000 69.15 0.8757 0.8771 1.619179 
765.2901 11.954 121.730 -0.20950 0.33881 1.199 0.89859 8.0000 68.90 0.8759 0.8773 1.620094 
764.8575 11.964 121.740 -0.20972 0.33903 1.207 0.89839 8.0000 69.32 0.8761 0.8775 1.621010 
764.4249 11.974 121.735 -0.20985 0.33931 1.205 0.89830 8.0000 69.07 0.8765 0.8779 1.621928 
763.9922 11.987 121.731 -0.21009 0.33975 1.196 0.89832 8.0000 69.36 0.8771 0.8785 1.622846 
763.5593 12.003 121.711 -0.21024 0.34025 1.211 0.89809 8.0000 69.98 0.8773 0.8787 1.623766 
763.1264 12.012 121.714 -0.21033 0.34037 1.208 0.89766 8.0000 69.83 0.8772 0.8786 1.624687 
762.6934 12.022 121.685 -0.21033 0.34076 1.211 0.89755 8.0000 70.30 0.8772 0.8785 1.625610 
762.2603 12.028 121.677 -0.21034 0.34087 1.215 0.89727 8.0000 70.30 0.8770 0.8783 1.626533 
761.8271 12.036 121.668 -0.21047 0.34121 1.218 0.89736 8.0000 70.99 0.8771 0.8785 1.627458 
761.3938 12.042 121.651 -0.21037 0.34126 1.212 0.89687 8.0000 70.46 0.8772 0.8785 1.628385 
760.9604 12.054 121.623 -0.21039 0.34167 1.209 0.89668 8.0000 70.19 0.8771 0.8784 1.629312 
760.5269 12.065 121.626 -0.21058 0.34194 1.206 0.89651 8.0000 71.14 0.8772 0.8785 1.630241 
760.0933 12.079 121.606 -0.21067 0.34236 1.201 0.89623 8.0000 71.51 0.8777 0.8791 1.631171 
759.6597 12.093 121.566 -0.21074 0.34301 1.212 0.89633 8.0000 71.87 0.8781 0.8794 1.632102 
759.2259 12.099 121.576 -0.21080 0.34297 1.216 0.89586 8.0000 70.99 0.8783 0.8796 1.633034 
758.7921 12.105 121.587 -0.21089 0.34297 1.212 0.89548 8.0000 71.43 0.8785 0.8799 1.633968 
758.3581 12.117 121.562 -0.21084 0.34323 1.207 0.89484 8.0000 72.09 0.8784 0.8797 1.634903 
757.9240 12.120 121.542 -0.21068 0.34324 1.212 0.89448 8.0000 72.71 0.8781 0.8795 1.635839 
757.4899 12.131 121.522 -0.21077 0.34364 1.220 0.89445 8.0000 72.90 0.8783 0.8797 1.636777 
757.0556 12.138 121.516 -0.21081 0.34379 1.213 0.89418 8.0000 72.63 0.8783 0.8796 1.637716 
756.6213 12.150 121.508 -0.21093 0.34410 1.201 0.89385 8.0000 71.96 0.8785 0.8798 1.638656 
756.1868 12.163 121.472 -0.21092 0.34457 1.204 0.89364 8.0000 71.90 0.8785 0.8798 1.639597 
755.7523 12.168 121.469 -0.21102 0.34477 1.209 0.89372 8.0000 71.56 0.8786 0.8800 1.640540 
755.3177 12.183 121.443 -0.21117 0.34537 1.213 0.89381 8.0000 73.57 0.8788 0.8802 1.641484 
754.8830 12.190 121.434 -0.21124 0.34561 1.216 0.89372 8.0000 73.22 0.8787 0.8800 1.642429 
754.4482 12.197 121.437 -0.21130 0.34566 1.215 0.89334 8.0000 73.40 0.8789 0.8802 1.643376 
754.0132 12.208 121.428 -0.21148 0.34607 1.228 0.89340 8.0000 74.63 0.8790 0.8803 1.644324 
753.5782 12.221 121.401 -0.21158 0.34662 1.211 0.89353 8.0000 73.75 0.8791 0.8804 1.645273 
753.1431 12.232 121.365 -0.21162 0.34718 1.221 0.89365 8.0000 74.49 0.8792 0.8805 1.646223 
752.7079 12.241 121.354 -0.21174 0.34751 1.203 0.89370 8.0000 73.54 0.8794 0.8807 1.647175 
752.2726 12.253 121.324 -0.21177 0.34798 1.218 0.89358 8.0000 75.18 0.8794 0.8807 1.648129 
751.8373 12.261 121.306 -0.21183 0.34830 1.210 0.89360 8.0000 74.25 0.8793 0.8806 1.649083 
751.4018 12.279 121.240 -0.21181 0.34918 1.215 0.89377 8.0000 75.13 0.8796 0.8809 1.650039 
750.9662 12.292 121.205 -0.21195 0.34990 1.216 0.89415 8.0000 74.93 0.8801 0.8815 1.650996 
750.5306 12.302 121.178 -0.21207 0.35048 1.219 0.89460 8.0000 74.92 0.8805 0.8818 1.651954 
750.0948 12.315 121.132 -0.21209 0.35114 1.211 0.89480 8.0000 75.11 0.8801 0.8814 1.652914 
749.6589 12.330 121.092 -0.21227 0.35200 1.219 0.89530 8.0000 75.21 0.8803 0.8816 1.653875 
749.2230 12.342 121.052 -0.21239 0.35276 1.222 0.89587 8.0000 75.59 0.8805 0.8818 1.654837 
748.7869 12.354 121.028 -0.21258 0.35341 1.216 0.89636 8.0000 76.05 0.8806 0.8819 1.655801 
748.3508 12.372 120.994 -0.21287 0.35435 1.214 0.89695 8.0000 75.77 0.8808 0.8821 1.656766 
747.9146 12.385 120.963 -0.21320 0.35535 1.221 0.89805 8.0000 75.94 0.8810 0.8824 1.657732 
747.4782 12.396 120.942 -0.21352 0.35617 1.214 0.89909 8.0000 75.12 0.8812 0.8826 1.658700 
747.0417 12.408 120.896 -0.21378 0.35726 1.231 0.90040 8.0000 75.79 0.8813 0.8827 1.659669 
746.6052 12.421 120.850 -0.21397 0.35823 1.223 0.90129 8.0000 76.24 0.8813 0.8827 1.660639 
746.1686 12.437 120.789 -0.21415 0.35939 1.220 0.90231 8.0000 76.56 0.8814 0.8829 1.661611 
745.7319 12.455 120.727 -0.21438 0.36068 1.226 0.90350 8.0000 76.01 0.8815 0.8830 1.662584 
745.2950 12.473 120.684 -0.21469 0.36181 1.229 0.90447 8.0000 76.13 0.8817 0.8833 1.663559 
744.8582 12.490 120.623 -0.21486 0.36298 1.227 0.90540 8.0000 76.60 0.8817 0.8833 1.664534 
744.4211 12.500 120.583 -0.21510 0.36396 1.215 0.90667 8.0000 76.14 0.8817 0.8833 1.665512 
743.9841 12.510 120.560 -0.21552 0.36500 1.215 0.90820 8.0000 76.75 0.8818 0.8834 1.666490 
743.5468 12.525 120.507 -0.21570 0.36609 1.218 0.90915 8.0000 76.34 0.8817 0.8834 1.667470 
743.1096 12.537 120.459 -0.21594 0.36719 1.220 0.91047 8.0000 77.03 0.8818 0.8834 1.668451 
742.6722 12.547 120.432 -0.21628 0.36817 1.229 0.91180 8.0000 76.53 0.8819 0.8836 1.669434 
742.2347 12.554 120.397 -0.21653 0.36910 1.225 0.91315 8.0000 77.08 0.8818 0.8835 1.670418 
741.7971 12.559 120.356 -0.21672 0.37004 1.229 0.91468 8.0000 77.37 0.8814 0.8832 1.671403 
741.3594 12.569 120.312 -0.21691 0.37101 1.226 0.91590 8.0000 76.55 0.8813 0.8832 1.672390 
740.9216 12.579 120.279 -0.21723 0.37205 1.233 0.91729 8.0000 77.70 0.8814 0.8832 1.673378 
740.4838 12.589 120.246 -0.21755 0.37311 1.227 0.91874 8.0000 77.49 0.8813 0.8832 1.674367 
740.0458 12.593 120.220 -0.21783 0.37397 1.218 0.92030 8.0000 77.85 0.8812 0.8831 1.675358 
739.6077 12.597 120.200 -0.21810 0.37473 1.230 0.92163 8.0000 77.89 0.8811 0.8830 1.676351 
739.1696 12.606 120.176 -0.21842 0.37563 1.226 0.92288 8.0000 77.59 0.8809 0.8829 1.677344 
738.7313 12.612 120.160 -0.21876 0.37646 1.235 0.92424 8.0000 77.92 0.8808 0.8829 1.678339 
738.2930 12.619 120.123 -0.21895 0.37736 1.229 0.92559 8.0000 78.29 0.8805 0.8826 1.679336 
737.8545 12.627 120.088 -0.21923 0.37838 1.230 0.92702 8.0000 78.06 0.8803 0.8825 1.680334 
737.4160 12.636 120.055 -0.21948 0.37932 1.233 0.92827 8.0000 77.95 0.8802 0.8824 1.681333 
736.9773 12.641 120.038 -0.21979 0.38009 1.225 0.92958 8.0000 77.67 0.8801 0.8823 1.682334 
736.5386 12.648 120.027 -0.22015 0.38090 1.231 0.93085 8.0000 77.75 0.8800 0.8823 1.683336 
736.0997 12.651 119.994 -0.22022 0.38152 1.240 0.93179 8.0000 79.10 0.8796 0.8820 1.684340 
735.6608 12.656 119.979 -0.22057 0.38235 1.233 0.93335 8.0000 78.44 0.8793 0.8817 1.685344 
735.2218 12.658 119.942 -0.22069 0.38314 1.232 0.93468 8.0000 78.36 0.8790 0.8815 1.686351 
734.7827 12.660 119.965 -0.22119 0.38365 1.235 0.93604 8.0000 78.36 0.8788 0.8813 1.687359 
734.3434 12.663 119.926 -0.22126 0.38438 1.245 0.93717 8.0000 78.82 0.8783 0.8809 1.688368 
733.9041 12.670 119.901 -0.22150 0.38518 1.247 0.93831 8.0000 78.77 0.8780 0.8806 1.689379 
733.4647 12.668 119.874 -0.22157 0.38573 1.245 0.93954 8.0000 79.22 0.8775 0.8802 1.690391 
733.0252 12.666 119.859 -0.22167 0.38613 1.241 0.94056 8.0000 78.92 0.8772 0.8799 1.691404 
732.5856 12.672 119.816 -0.22177 0.38698 1.238 0.94167 8.0000 78.89 0.8768 0.8795 1.692419 
732.1459 12.670 119.787 -0.22175 0.38740 1.240 0.94265 8.0000 78.73 0.8763 0.8791 1.693436 
731.7061 12.659 119.747 -0.22153 0.38765 1.246 0.94378 8.0000 79.14 0.8755 0.8785 1.694453 
731.2662 12.658 119.728 -0.22166 0.38817 1.232 0.94494 8.0000 79.04 0.8752 0.8782 1.695473 
730.8262 12.656 119.723 -0.22187 0.38862 1.248 0.94613 8.0000 79.13 0.8750 0.8780 1.696494 
730.3861 12.647 119.708 -0.22183 0.38880 1.251 0.94720 8.0000 79.25 0.8745 0.8776 1.697516 
729.9459 12.646 119.677 -0.22183 0.38927 1.256 0.94815 8.0000 79.40 0.8741 0.8772 1.698539 
729.5057 12.638 119.640 -0.22159 0.38943 1.254 0.94895 8.0000 78.96 0.8736 0.8768 1.699564 
729.0653 12.636 119.583 -0.22137 0.38996 1.260 0.94978 8.0000 78.99 0.8730 0.8763 1.700591 
728.6248 12.626 119.552 -0.22118 0.39012 1.252 0.95077 8.0000 78.87 0.8723 0.8756 1.701619 
728.1843 12.618 119.519 -0.22101 0.39033 1.257 0.95171 8.0000 79.22 0.8715 0.8748 1.702648 
727.7436 12.612 119.496 -0.22089 0.39048 1.249 0.95233 8.0000 79.12 0.8709 0.8743 1.703680 
727.3028 12.604 119.493 -0.22086 0.39048 1.258 0.95298 8.0000 79.09 0.8704 0.8738 1.704712 
726.8619 12.600 119.456 -0.22070 0.39079 1.258 0.95371 8.0000 79.32 0.8697 0.8732 1.705746 
726.4210 12.587 119.420 -0.22033 0.39071 1.260 0.95439 8.0000 79.43 0.8689 0.8724 1.706781 
725.9799 12.578 119.381 -0.22003 0.39078 1.259 0.95496 8.0000 79.19 0.8683 0.8718 1.707818 
725.5388 12.570 119.341 -0.21967 0.39079 1.257 0.95525 8.0000 79.13 0.8675 0.8711 1.708857 
725.0975 12.566 119.301 -0.21942 0.39098 1.267 0.95572 8.0000 79.44 0.8670 0.8707 1.709897 
724.6561 12.558 119.269 -0.21911 0.39094 1.258 0.95597 8.0000 78.88 0.8665 0.8702 1.710938 
724.2147 12.544 119.248 -0.21876 0.39066 1.264 0.95635 8.0000 79.40 0.8660 0.8696 1.711981 
723.7732 12.529 119.203 -0.21824 0.39044 1.264 0.95673 8.0000 79.23 0.8651 0.8688 1.713025 
723.3315 12.513 119.171 -0.21771 0.39002 1.265 0.95674 8.0000 78.87 0.8642 0.8679 1.714072 
722.8898 12.501 119.092 -0.21704 0.39008 1.275 0.95722 8.0000 79.57 0.8633 0.8670 1.715119 
722.4479 12.489 119.035 -0.21645 0.38992 1.272 0.95735 8.0000 79.52 0.8623 0.8661 1.716168 
722.0060 12.474 118.966 -0.21576 0.38980 1.276 0.95768 8.0000 79.46 0.8613 0.8651 1.717218 
721.5640 12.471 118.904 -0.21532 0.38999 1.268 0.95788 8.0000 79.19 0.8607 0.8646 1.718270 
721.1218 12.461 118.872 -0.21493 0.38979 1.273 0.95793 8.0000 79.30 0.8600 0.8639 1.719324 
720.6796 12.449 118.830 -0.21444 0.38959 1.272 0.95810 8.0000 79.69 0.8592 0.8632 1.720379 
720.2373 12.438 118.782 -0.21396 0.38948 1.274 0.95836 8.0000 79.79 0.8585 0.8625 1.721435 
719.7949 12.422 118.752 -0.21347 0.38908 1.270 0.95850 8.0000 79.59 0.8577 0.8617 1.722493 
719.3524 12.410 118.681 -0.21275 0.38891 1.280 0.95851 8.0000 79.55 0.8570 0.8610 1.723553 
718.9097 12.392 118.633 -0.21207 0.38842 1.287 0.95845 8.0000 79.62 0.8561 0.8601 1.724614 
718.4670 12.373 118.543 -0.21104 0.38798 1.292 0.95826 8.0000 79.83 0.8551 0.8591 1.725677 
718.0242 12.365 118.429 -0.21016 0.38822 1.298 0.95845 8.0000 80.01 0.8540 0.8581 1.726741 
717.5813 12.352 118.355 -0.20939 0.38798 1.286 0.95837 8.0000 79.90 0.8531 0.8572 1.727807 
717.1383 12.338 118.277 -0.20854 0.38768 1.283 0.95813 8.0000 79.44 0.8521 0.8562 1.728874 
716.6952 12.324 118.194 -0.20765 0.38736 1.292 0.95782 8.0000 79.77 0.8511 0.8552 1.729943 
716.2520 12.311 118.107 -0.20680 0.38719 1.302 0.95779 8.0000 79.98 0.8501 0.8543 1.731013 
715.8087 12.298 118.003 -0.20588 0.38714 1.299 0.95790 8.0000 80.08 0.8491 0.8533 1.732086 
715.3653 12.284 117.902 -0.20497 0.38710 1.307 0.95813 8.0000 80.17 0.8480 0.8523 1.733159 
714.9218 12.264 117.812 -0.20402 0.38676 1.301 0.95827 8.0000 79.95 0.8470 0.8513 1.734234 
714.4782 12.250 117.712 -0.20307 0.38660 1.302 0.95820 8.0000 80.05 0.8459 0.8502 1.735311 
714.0345 12.244 117.622 -0.20229 0.38657 1.306 0.95795 8.0000 79.92 0.8450 0.8493 1.736389 
713.5907 12.231 117.532 -0.20148 0.38652 1.301 0.95812 8.0000 80.08 0.8442 0.8486 1.737469 
713.1469 12.213 117.432 -0.20051 0.38629 1.299 0.95828 8.0000 79.72 0.8431 0.8475 1.738550 
712.7028 12.194 117.300 -0.19927 0.38608 1.310 0.95833 8.0000 79.92 0.8418 0.8463 1.739634 
712.2588 12.180 117.166 -0.19814 0.38610 1.316 0.95847 8.0000 80.34 0.8408 0.8453 1.740718 
711.8146 12.165 117.032 -0.19698 0.38606 1.319 0.95854 8.0000 80.03 0.8396 0.8442 1.741805 
711.3703 12.154 116.915 -0.19595 0.38599 1.327 0.95835 8.0000 80.26 0.8386 0.8433 1.742892 
710.9259 12.145 116.795 -0.19492 0.38595 1.322 0.95802 8.0000 80.07 0.8375 0.8423 1.743982 
710.4814 12.134 116.709 -0.19407 0.38571 1.316 0.95769 8.0000 80.06 0.8367 0.8415 1.745073 
710.0369 12.123 116.605 -0.19313 0.38559 1.318 0.95757 8.0000 80.16 0.8357 0.8405 1.746165 
709.5922 12.108 116.489 -0.19208 0.38543 1.317 0.95746 8.0000 79.95 0.8347 0.8395 1.747260 
709.1474 12.096 116.373 -0.19102 0.38526 1.323 0.95719 8.0000 80.23 0.8337 0.8386 1.748356 
708.7026 12.079 116.241 -0.18978 0.38498 1.337 0.95694 8.0000 80.49 0.8325 0.8375 1.749453 
708.2576 12.064 116.117 -0.18866 0.38481 1.336 0.95687 8.0000 80.39 0.8314 0.8364 1.750552 
707.8125 12.050 115.982 -0.18742 0.38458 1.334 0.95641 8.0000 80.09 0.8302 0.8352 1.751653 
707.3674 12.043 115.889 -0.18660 0.38447 1.337 0.95597 8.0000 80.25 0.8294 0.8345 1.752755 
706.9221 12.034 115.791 -0.18575 0.38440 1.345 0.95583 8.0000 80.39 0.8285 0.8337 1.753859 
706.4767 12.029 115.704 -0.18496 0.38426 1.346 0.95525 8.0000 80.54 0.8279 0.8330 1.754965 
706.0313 12.022 115.602 -0.18409 0.38418 1.352 0.95485 8.0000 80.49 0.8270 0.8322 1.756072 
705.5857 12.015 115.521 -0.18336 0.38406 1.350 0.95455 8.0000 80.64 0.8264 0.8317 1.757181 
705.1401 12.011 115.433 -0.18257 0.38391 1.336 0.95386 8.0000 80.34 0.8257 0.8310 1.758292 
704.6943 12.004 115.328 -0.18169 0.38388 1.349 0.95360 8.0000 80.38 0.8249 0.8302 1.759404 
704.2484 11.996 115.238 -0.18089 0.38374 1.349 0.95323 8.0000 80.19 0.8240 0.8294 1.760518 
703.8025 11.989 115.160 -0.18016 0.38355 1.361 0.95277 8.0000 80.31 0.8232 0.8286 1.761633 
703.3564 11.986 115.075 -0.17943 0.38347 1.357 0.95212 8.0000 80.14 0.8225 0.8280 1.762751 
702.9103 11.984 114.989 -0.17870 0.38343 1.363 0.95158 8.0000 80.54 0.8219 0.8274 1.763869 
702.4641 11.981 114.886 -0.17788 0.38345 1.369 0.95109 8.0000 80.70 0.8213 0.8268 1.764990 
702.0177 11.979 114.791 -0.17710 0.38345 1.370 0.95054 8.0000 80.61 0.8206 0.8262 1.766112 
701.5712 11.978 114.711 -0.17645 0.38344 1.370 0.95000 8.0000 80.63 0.8201 0.8257 1.767236 
701.1247 11.978 114.656 -0.17600 0.38342 1.381 0.94950 8.0000 80.73 0.8197 0.8253 1.768361 
700.6780 11.976 114.578 -0.17531 0.38332 1.374 0.94881 8.0000 80.44 0.8190 0.8247 1.769489 
700.2313 11.975 114.507 -0.17472 0.38326 1.386 0.94825 8.0000 80.64 0.8185 0.8242 1.770618 
699.7844 11.972 114.427 -0.17407 0.38326 1.380 0.94789 8.0000 80.26 0.8179 0.8237 1.771748 
699.3375 11.973 114.373 -0.17364 0.38327 1.376 0.94745 8.0000 80.36 0.8176 0.8234 1.772881 
698.8904 11.977 114.312 -0.17315 0.38328 1.380 0.94664 8.0000 80.63 0.8173 0.8231 1.774015 
698.4433 11.980 114.260 -0.17272 0.38324 1.382 0.94593 8.0000 80.58 0.8169 0.8228 1.775150 
697.9961 11.987 114.176 -0.17215 0.38348 1.388 0.94529 8.0000 80.56 0.8166 0.8225 1.776288 
697.5488 11.990 114.130 -0.17180 0.38352 1.395 0.94476 8.0000 80.63 0.8164 0.8223 1.777427 
697.1013 11.992 114.092 -0.17148 0.38348 1.402 0.94425 8.0000 80.62 0.8161 0.8220 1.778568 
696.6537 11.993 114.035 -0.17101 0.38345 1.406 0.94361 8.0000 80.63 0.8156 0.8216 1.779711 
696.2061 11.997 113.964 -0.17051 0.38361 1.403 0.94311 8.0000 80.44 0.8152 0.8212 1.780855 
695.7584 12.004 113.934 -0.17031 0.38371 1.403 0.94259 8.0000 80.50 0.8151 0.8211 1.782001 
695.3105 12.010 113.890 -0.17003 0.38389 1.415 0.94216 8.0000 80.90 0.8148 0.8208 1.783149 
694.8626 12.020 113.877 -0.17000 0.38404 1.413 0.94151 8.0000 80.82 0.8150 0.8210 1.784298 
694.4146 12.026 113.854 -0.16986 0.38414 1.412 0.94104 8.0000 80.86 0.8150 0.8210 1.785449 
693.9664 12.033 113.807 -0.16956 0.38431 1.412 0.94050 8.0000 80.45 0.8147 0.8208 1.786602 
693.5182 12.046 113.779 -0.16946 0.38460 1.411 0.93994 8.0000 80.53 0.8146 0.8207 1.787757 
693.0699 12.055 113.757 -0.16935 0.38476 1.419 0.93931 8.0000 80.50 0.8145 0.8205 1.788913 
692.6215 12.065 113.739 -0.16929 0.38493 1.419 0.93871 8.0000 80.66 0.8143 0.8204 1.790071 
692.1729 12.076 113.743 -0.16936 0.38502 1.430 0.93805 8.0000 80.69 0.8143 0.8203 1.791231 
691.7243 12.088 113.755 -0.16952 0.38517 1.429 0.93743 8.0000 80.91 0.8145 0.8206 1.792393 
691.2756 12.102 113.771 -0.16974 0.38538 1.423 0.93682 8.0000 80.78 0.8148 0.8208 1.793557 
690.8267 12.109 113.758 -0.16966 0.38543 1.435 0.93625 8.0000 80.65 0.8147 0.8208 1.794722 
690.3778 12.119 113.732 -0.16952 0.38560 1.431 0.93557 8.0000 80.56 0.8147 0.8207 1.795889 
689.9288 12.131 113.736 -0.16962 0.38574 1.436 0.93492 8.0000 80.49 0.8148 0.8209 1.797058 
689.4797 12.147 113.752 -0.16983 0.38593 1.434 0.93413 8.0000 80.52 0.8151 0.8211 1.798228 
689.0304 12.158 113.787 -0.17016 0.38604 1.422 0.93365 8.0000 80.16 0.8154 0.8214 1.799401 
688.5811 12.167 113.773 -0.17009 0.38615 1.441 0.93303 8.0000 80.85 0.8154 0.8214 1.800575 
688.1317 12.176 113.783 -0.17022 0.38625 1.435 0.93257 8.0000 80.69 0.8155 0.8215 1.801751 
687.6821 12.185 113.790 -0.17032 0.38634 1.446 0.93205 8.0000 80.80 0.8156 0.8216 1.802929 
687.2325 12.199 113.769 -0.17027 0.38662 1.457 0.93141 8.0000 80.83 0.8156 0.8216 1.804108 
686.7828 12.212 113.786 -0.17049 0.38681 1.469 0.93086 8.0000 80.81 0.8157 0.8217 1.805290 
686.3329 12.227 113.821 -0.17087 0.38704 1.463 0.93033 8.0000 80.66 0.8160 0.8220 1.806473 
685.8830 12.244 113.864 -0.17131 0.38725 1.458 0.92973 8.0000 80.51 0.8164 0.8223 1.807658 
685.4330 12.259 113.876 -0.17154 0.38753 1.465 0.92919 8.0000 80.75 0.8165 0.8224 1.808845 
684.9828 12.275 113.918 -0.17200 0.38782 1.464 0.92881 8.0000 80.74 0.8170 0.8229 1.810034 
684.5327 12.284 113.947 -0.17225 0.38784 1.467 0.92829 8.0000 80.83 0.8172 0.8231 1.811224 
684.0823 12.291 113.934 -0.17217 0.38790 1.472 0.92772 8.0000 80.63 0.8171 0.8229 1.812416 
683.6319 12.303 113.959 -0.17243 0.38801 1.484 0.92717 8.0000 80.70 0.8172 0.8231 1.813610 
683.1813 12.311 113.965 -0.17248 0.38804 1.483 0.92656 8.0000 80.56 0.8172 0.8231 1.814807 
682.7307 12.325 113.958 -0.17254 0.38829 1.488 0.92595 8.0000 80.70 0.8173 0.8232 1.816004 
682.2800 12.337 113.993 -0.17285 0.38836 1.489 0.92533 8.0000 80.79 0.8175 0.8234 1.817204 
681.8292 12.347 113.965 -0.17270 0.38853 1.474 0.92466 8.0000 80.55 0.8174 0.8233 1.818405 
681.3782 12.363 114.023 -0.17325 0.38872 1.484 0.92413 8.0000 80.72 0.8179 0.8237 1.819609 
680.9272 12.375 114.076 -0.17372 0.38878 1.502 0.92365 8.0000 80.62 0.8183 0.8241 1.820814 
680.4761 12.388 114.087 -0.17387 0.38892 1.503 0.92303 8.0000 80.78 0.8185 0.8243 1.822021 
680.0248 12.399 114.116 -0.17416 0.38905 1.505 0.92256 8.0000 80.58 0.8187 0.8245 1.823230 
679.5735 12.409 114.120 -0.17425 0.38919 1.511 0.92209 8.0000 80.67 0.8189 0.8246 1.824441 
679.1221 12.420 114.156 -0.17461 0.38931 1.508 0.92169 8.0000 80.63 0.8192 0.8249 1.825654 
678.6705 12.432 114.190 -0.17494 0.38943 1.524 0.92121 8.0000 80.84 0.8195 0.8252 1.826869 
678.2189 12.444 114.214 -0.17520 0.38957 1.525 0.92071 8.0000 80.97 0.8196 0.8253 1.828085 
677.7672 12.459 114.239 -0.17551 0.38981 1.521 0.92023 8.0000 80.60 0.8199 0.8256 1.829303 
677.3154 12.472 114.290 -0.17597 0.38993 1.527 0.91979 8.0000 80.47 0.8203 0.8260 1.830524 
676.8634 12.482 114.305 -0.17617 0.39009 1.544 0.91941 8.0000 80.75 0.8205 0.8262 1.831746 
676.4114 12.489 114.317 -0.17626 0.39006 1.543 0.91886 8.0000 80.68 0.8207 0.8263 1.832970 
675.9592 12.498 114.322 -0.17634 0.39015 1.547 0.91834 8.0000 80.77 0.8208 0.8264 1.834196 
675.5070 12.511 114.365 -0.17676 0.39031 1.546 0.91796 8.0000 80.71 0.8213 0.8269 1.835424 
675.0547 12.520 114.413 -0.17716 0.39032 1.546 0.91751 8.0000 80.66 0.8216 0.8272 1.836654 
674.6022 12.527 114.439 -0.17737 0.39032 1.550 0.91714 8.0000 80.63 0.8218 0.8274 1.837886 
674.1497 12.536 114.467 -0.17764 0.39038 1.557 0.91677 8.0000 80.77 0.8220 0.8276 1.839120 
673.6971 12.544 114.506 -0.17795 0.39038 1.553 0.91639 8.0000 80.52 0.8223 0.8279 1.840355 
673.2443 12.552 114.520 -0.17812 0.39048 1.569 0.91602 8.0000 80.76 0.8226 0.8281 1.841593 
672.7915 12.561 114.549 -0.17838 0.39053 1.576 0.91563 8.0000 80.85 0.8229 0.8284 1.842832 
672.3386 12.575 114.609 -0.17893 0.39066 1.579 0.91524 8.0000 80.78 0.8235 0.8290 1.844074 
671.8855 12.585 114.647 -0.17927 0.39072 1.567 0.91479 8.0000 80.60 0.8238 0.8293 1.845317 
671.4324 12.598 114.706 -0.17982 0.39085 1.584 0.91444 8.0000 80.63 0.8244 0.8299 1.846563 
670.9791 12.612 114.759 -0.18032 0.39098 1.586 0.91398 8.0000 80.87 0.8248 0.8303 1.847810 
670.5258 12.626 114.828 -0.18097 0.39115 1.599 0.91376 8.0000 80.72 0.8256 0.8310 1.849059 
670.0723 12.638 114.876 -0.18144 0.39131 1.617 0.91343 8.0000 80.96 0.8262 0.8316 1.850311 
669.6188 12.649 114.922 -0.18188 0.39144 1.601 0.91319 8.0000 80.49 0.8267 0.8321 1.851564 
669.1651 12.658 114.943 -0.18209 0.39152 1.622 0.91284 8.0000 80.85 0.8270 0.8324 1.852819 
668.7114 12.669 114.982 -0.18249 0.39168 1.614 0.91254 8.0000 80.72 0.8274 0.8327 1.854076 
668.2575 12.680 115.011 -0.18279 0.39180 1.620 0.91215 8.0000 80.73 0.8276 0.8329 1.855336 
667.8035 12.693 115.046 -0.18314 0.39193 1.615 0.91165 8.0000 80.77 0.8279 0.8332 1.856597 
667.3495 12.705 115.101 -0.18366 0.39205 1.633 0.91132 8.0000 80.84 0.8285 0.8338 1.857860 
666.8953 12.718 115.163 -0.18423 0.39216 1.643 0.91103 8.0000 80.82 0.8292 0.8344 1.859125 
666.4411 12.729 115.214 -0.18472 0.39229 1.643 0.91083 8.0000 80.45 0.8297 0.8350 1.860392 
665.9868 12.741 115.245 -0.18505 0.39244 1.644 0.91042 8.0000 80.64 0.8302 0.8354 1.861661 
665.5323 12.752 115.276 -0.18540 0.39264 1.657 0.91016 8.0000 80.79 0.8306 0.8358 1.862933 
665.0777 12.768 115.346 -0.18608 0.39284 1.652 0.90986 8.0000 80.48 0.8313 0.8365 1.864206 
664.6230 12.781 115.404 -0.18664 0.39300 1.661 0.90963 8.0000 80.75 0.8319 0.8371 1.865482 
664.1683 12.796 115.462 -0.18723 0.39320 1.663 0.90928 8.0000 80.72 0.8326 0.8377 1.866759 
663.7134 12.811 115.514 -0.18776 0.39341 1.674 0.90897 8.0000 80.69 0.8332 0.8382 1.868038 
663.2584 12.824 115.583 -0.18843 0.39358 1.675 0.90880 8.0000 80.77 0.8340 0.8390 1.869319 
662.8034 12.836 115.636 -0.18897 0.39377 1.676 0.90865 8.0000 80.23 0.8346 0.8396 1.870603 
662.3482 12.853 115.720 -0.18977 0.39397 1.695 0.90841 8.0000 80.71 0.8354 0.8404 1.871888 
661.8929 12.869 115.789 -0.19047 0.39419 1.703 0.90811 8.0000 80.75 0.8362 0.8411 1.873176 
661.4376 12.883 115.845 -0.19104 0.39440 1.705 0.90785 8.0000 80.63 0.8369 0.8418 1.874465 
660.9821 12.897 115.901 -0.19161 0.39459 1.711 0.90766 8.0000 80.71 0.8376 0.8424 1.875757 
660.5265 12.910 115.970 -0.19229 0.39477 1.710 0.90751 8.0000 80.19 0.8382 0.8430 1.877051 
660.0708 12.922 116.021 -0.19280 0.39492 1.730 0.90728 8.0000 80.74 0.8387 0.8435 1.878347 
659.6151 12.939 116.070 -0.19336 0.39522 1.730 0.90702 8.0000 80.68 0.8394 0.8442 1.879644 
659.1592 12.958 116.159 -0.19426 0.39551 1.731 0.90680 8.0000 80.56 0.8404 0.8451 1.880945 
658.7032 12.978 116.256 -0.19521 0.39574 1.726 0.90651 8.0000 80.42 0.8416 0.8462 1.882247 
658.2471 12.995 116.343 -0.19605 0.39592 1.750 0.90624 8.0000 80.72 0.8427 0.8473 1.883551 
657.7909 13.012 116.439 -0.19696 0.39610 1.755 0.90604 8.0000 80.71 0.8439 0.8484 1.884857 
657.3346 13.030 116.534 -0.19788 0.39630 1.775 0.90580 8.0000 80.55 0.8448 0.8493 1.886166 
656.8782 13.048 116.619 -0.19872 0.39651 1.770 0.90551 8.0000 80.55 0.8457 0.8501 1.887476 
656.4218 13.065 116.706 -0.19957 0.39670 1.785 0.90523 8.0000 80.60 0.8466 0.8509 1.888788 
655.9651 13.084 116.807 -0.20054 0.39688 1.788 0.90494 8.0000 80.51 0.8477 0.8520 1.890103 
655.5084 13.101 116.882 -0.20130 0.39710 1.785 0.90471 8.0000 80.23 0.8487 0.8529 1.891420 
655.0516 13.118 116.978 -0.20223 0.39726 1.804 0.90452 8.0000 80.35 0.8499 0.8540 1.892739 
654.5947 13.131 117.046 -0.20290 0.39742 1.817 0.90438 8.0000 80.54 0.8507 0.8549 1.894060 
654.1377 13.147 117.109 -0.20357 0.39766 1.819 0.90414 8.0000 80.43 0.8515 0.8556 1.895384 
653.6806 13.161 117.176 -0.20423 0.39781 1.832 0.90392 8.0000 80.49 0.8524 0.8565 1.896709 
653.2234 13.178 117.261 -0.20508 0.39801 1.844 0.90371 8.0000 80.76 0.8535 0.8575 1.898037 
652.7661 13.193 117.339 -0.20587 0.39821 1.838 0.90361 8.0000 80.36 0.8545 0.8585 1.899366 
652.3087 13.207 117.400 -0.20650 0.39838 1.853 0.90341 8.0000 80.42 0.8554 0.8593 1.900698 
651.8511 13.220 117.470 -0.20721 0.39855 1.861 0.90333 8.0000 80.32 0.8563 0.8601 1.902032 
651.3936 13.235 117.522 -0.20779 0.39878 1.876 0.90304 8.0000 80.24 0.8571 0.8609 1.903368 
650.9358 13.251 117.597 -0.20858 0.39903 1.896 0.90296 8.0000 80.67 0.8579 0.8617 1.904707 
650.4780 13.267 117.650 -0.20917 0.39927 1.893 0.90274 8.0000 80.36 0.8587 0.8625 1.906047 
650.0201 13.284 117.714 -0.20989 0.39955 1.894 0.90253 8.0000 80.19 0.8597 0.8634 1.907390 
649.5620 13.298 117.773 -0.21052 0.39973 1.892 0.90232 8.0000 80.38 0.8605 0.8643 1.908735 
649.1039 13.310 117.824 -0.21107 0.39992 1.902 0.90221 8.0000 80.24 0.8614 0.8651 1.910082 
648.6457 13.323 117.859 -0.21150 0.40014 1.919 0.90204 8.0000 80.03 0.8622 0.8659 1.911432 
648.1873 13.335 117.903 -0.21203 0.40040 1.945 0.90201 8.0000 80.31 0.8629 0.8665 1.912783 
647.7289 13.351 117.963 -0.21269 0.40064 1.964 0.90183 8.0000 80.50 0.8639 0.8675 1.914137 
647.2703 13.363 118.012 -0.21326 0.40087 1.958 0.90176 8.0000 80.28 0.8646 0.8682 1.915493 
646.8117 13.375 118.042 -0.21365 0.40110 1.959 0.90164 8.0000 80.10 0.8652 0.8688 1.916851 
646.3530 13.389 118.100 -0.21427 0.40129 1.958 0.90140 8.0000 79.64 0.8662 0.8697 1.918212 
645.8941 13.400 118.138 -0.21469 0.40144 1.994 0.90118 8.0000 80.38 0.8669 0.8704 1.919575 
645.4351 13.413 118.176 -0.21517 0.40169 1.993 0.90109 8.0000 80.01 0.8676 0.8711 1.920940 
644.9761 13.427 118.221 -0.21569 0.40191 2.014 0.90090 8.0000 80.03 0.8683 0.8717 1.922307 
644.5169 13.437 118.249 -0.21606 0.40213 2.009 0.90085 8.0000 80.14 0.8692 0.8726 1.923676 
644.0577 13.453 118.302 -0.21671 0.40243 2.016 0.90069 8.0000 80.01 0.8702 0.8736 1.925048 
643.5983 13.462 118.326 -0.21702 0.40261 2.029 0.90061 8.0000 79.84 0.8709 0.8742 1.926422 
643.1389 13.471 118.351 -0.21735 0.40281 2.053 0.90054 8.0000 80.17 0.8713 0.8747 1.927798 
642.6793 13.478 118.392 -0.21781 0.40295 2.067 0.90065 8.0000 80.32 0.8720 0.8753 1.929177 
642.2196 13.488 118.416 -0.21812 0.40313 2.055 0.90053 8.0000 79.82 0.8727 0.8760 1.930558 
641.7598 13.502 118.474 -0.21878 0.40338 2.076 0.90044 8.0000 79.64 0.8736 0.8769 1.931941 
641.2999 13.514 118.493 -0.21911 0.40367 2.084 0.90032 8.0000 79.75 0.8744 0.8776 1.933326 
640.8400 13.528 118.516 -0.21948 0.40396 2.090 0.90013 8.0000 79.74 0.8750 0.8782 1.934714 
640.3799 13.536 118.549 -0.21985 0.40409 2.118 0.90003 8.0000 79.83 0.8755 0.8787 1.936104 
639.9197 13.549 118.583 -0.22029 0.40433 2.150 0.89989 8.0000 80.16 0.8763 0.8795 1.937496 
639.4594 13.556 118.602 -0.22056 0.40449 2.148 0.89983 8.0000 80.14 0.8768 0.8800 1.938891 
638.9990 13.562 118.619 -0.22077 0.40461 2.151 0.89980 8.0000 80.31 0.8775 0.8807 1.940288 
638.5385 13.570 118.641 -0.22107 0.40478 2.184 0.89975 8.0000 80.31 0.8781 0.8812 1.941687 
638.0779 13.576 118.667 -0.22134 0.40484 2.176 0.89962 8.0000 80.39 0.8788 0.8820 1.943089 
637.6172 13.585 118.681 -0.22156 0.40502 2.170 0.89945 8.0000 80.15 0.8795 0.8826 1.944493 
637.1564 13.596 118.711 -0.22198 0.40527 2.178 0.89943 8.0000 80.20 0.8804 0.8836 1.945899 
636.6954 13.606 118.756 -0.22249 0.40543 2.208 0.89937 8.0000 80.35 0.8812 0.8843 1.947308 
636.2344 13.621 118.773 -0.22282 0.40576 2.224 0.89911 8.0000 80.29 0.8819 0.8850 1.948719 
635.7733 13.629 118.785 -0.22301 0.40591 2.224 0.89892 8.0000 80.28 0.8825 0.8856 1.950132 
635.3121 13.634 118.808 -0.22323 0.40592 2.235 0.89874 8.0000 79.91 0.8831 0.8862 1.951548 
634.8508 13.644 118.823 -0.22350 0.40616 2.239 0.89869 8.0000 80.12 0.8839 0.8869 1.952966 
634.3893 13.650 118.822 -0.22357 0.40629 2.271 0.89846 8.0000 80.06 0.8841 0.8871 1.954387 
633.9278 13.667 118.836 -0.22392 0.40671 2.288 0.89819 8.0000 80.30 0.8844 0.8874 1.955809 
633.4662 13.683 118.854 -0.22431 0.40711 2.301 0.89802 8.0000 80.09 0.8850 0.8879 1.957235 
633.0044 13.693 118.879 -0.22465 0.40730 2.315 0.89787 8.0000 80.07 0.8854 0.8884 1.958662 
632.5425 13.704 118.903 -0.22495 0.40744 2.317 0.89758 8.0000 80.10 0.8857 0.8886 1.960093 
632.0806 13.711 118.907 -0.22505 0.40757 2.327 0.89732 8.0000 80.23 0.8864 0.8893 1.961525 
631.6186 13.713 118.928 -0.22517 0.40743 2.334 0.89709 8.0000 79.79 0.8866 0.8894 1.962960 
631.1564 13.721 118.965 -0.22555 0.40749 2.370 0.89689 8.0000 80.08 0.8878 0.8906 1.964397 
630.6942 13.722 118.968 -0.22555 0.40743 2.366 0.89673 8.0000 80.12 0.8895 0.8923 1.965837 
630.2318 13.728 118.973 -0.22566 0.40755 2.409 0.89657 8.0000 80.09 0.8913 0.8940 1.967279 
629.7693 13.727 118.996 -0.22581 0.40743 2.413 0.89661 8.0000 79.75 0.8930 0.8958 1.968724 
629.3068 13.742 118.999 -0.22606 0.40784 2.417 0.89632 8.0000 80.19 0.8939 0.8967 1.970171 
628.8441 13.742 119.007 -0.22606 0.40771 2.433 0.89615 8.0000 79.69 0.8945 0.8972 1.971620 
628.3813 13.761 119.018 -0.22643 0.40819 2.430 0.89587 8.0000 80.02 0.8948 0.8976 1.973073 
627.9184 13.777 119.036 -0.22683 0.40860 2.461 0.89568 8.0000 79.74 0.8961 0.8988 1.974527 
627.4554 13.802 119.088 -0.22756 0.40906 2.464 0.89523 8.0000 79.83 0.8962 0.8988 1.975984 
626.9923 13.812 119.094 -0.22776 0.40931 2.500 0.89509 8.0000 79.92 0.8959 0.8986 1.977444 
626.5291 13.813 119.131 -0.22797 0.40906 2.490 0.89479 8.0000 79.92 0.8957 0.8983 1.978905 
626.0658 13.817 119.157 -0.22822 0.40907 2.501 0.89476 8.0000 79.79 0.8976 0.9002 1.980370 
625.6024 13.827 119.180 -0.22852 0.40922 2.526 0.89452 8.0000 79.87 0.8990 0.9016 1.981837 
625.1389 13.838 119.239 -0.22907 0.40921 2.559 0.89414 8.0000 79.86 0.9003 0.9028 1.983306 
624.6753 13.857 119.278 -0.22958 0.40947 2.557 0.89362 8.0000 79.84 0.8998 0.9023 1.984778 
624.2115 13.860 119.313 -0.22983 0.40933 2.573 0.89336 8.0000 79.48 0.9019 0.9043 1.986253 
623.7477 13.866 119.338 -0.22998 0.40918 2.543 0.89286 8.0000 79.49 0.9046 0.9069 1.987730 
623.2838 13.896 119.394 -0.23096 0.40999 2.570 0.89284 8.0000 79.30 0.9063 0.9085 1.989209 
622.8198 13.913 119.420 -0.23145 0.41042 2.606 0.89272 8.0000 79.70 0.9097 0.9119 1.990691 
622.3557 13.922 119.345 -0.23118 0.41121 2.636 0.89305 8.0000 79.59 0.9136 0.9158 1.992176 
621.8914 13.932 119.286 -0.23091 0.41172 2.658 0.89288 8.0000 79.64 0.9172 0.9194 1.993663 
621.4271 13.937 119.215 -0.23047 0.41212 2.665 0.89278 8.0000 79.57 0.9193 0.9214 1.995153 
620.9626 13.936 119.111 -0.22963 0.41238 2.595 0.89247 8.0000 79.28 0.9210 0.9231 1.996645 
620.4980 13.927 119.023 -0.22869 0.41217 2.675 0.89199 8.0000 79.41 0.9213 0.9233 1.998140 
620.0334 13.936 118.914 -0.22796 0.41272 2.646 0.89154 8.0000 79.42 0.9235 0.9255 1.999637 
619.5687 13.955 118.798 -0.22726 0.41342 2.735 0.89064 8.0000 79.27 0.9251 0.9270 2.001137 
619.1038 13.960 118.702 -0.22652 0.41371 2.678 0.89009 8.0000 79.41 0.9279 0.9298 2.002640 
618.6388 13.960 118.614 -0.22578 0.41387 2.716 0.88967 8.0000 79.23 0.9310 0.9329 2.004145 
618.1737 13.970 118.510 -0.22507 0.41435 2.729 0.88907 8.0000 79.49 0.9335 0.9352 2.005653 
617.7086 13.970 118.403 -0.22413 0.41447 2.772 0.88842 8.0000 79.17 0.9364 0.9382 2.007163 
617.2433 13.974 118.305 -0.22334 0.41469 2.715 0.88777 8.0000 79.05 0.9386 0.9403 2.008676 
616.7779 13.984 118.204 -0.22262 0.41510 2.721 0.88708 8.0000 79.62 0.9409 0.9426 2.010192 
616.3124 13.991 118.130 -0.22203 0.41531 2.789 0.88639 8.0000 79.38 0.9427 0.9444 2.011710 
615.8468 13.988 118.055 -0.22128 0.41520 2.732 0.88576 8.0000 79.12 0.9448 0.9464 2.013231 
615.3810 13.999 117.965 -0.22066 0.41561 2.741 0.88506 8.0000 78.91 0.9472 0.9488 2.014755 
614.9153 13.997 117.880 -0.21984 0.41555 2.769 0.88436 8.0000 79.15 0.9495 0.9510 2.016281 
614.4493 14.002 117.799 -0.21916 0.41570 2.697 0.88366 8.0000 79.32 0.9517 0.9532 2.017810 
613.9833 14.007 117.730 -0.21857 0.41579 2.816 0.88290 8.0000 78.89 0.9536 0.9551 2.019341 
613.5172 14.015 117.653 -0.21798 0.41602 2.728 0.88217 8.0000 78.35 0.9558 0.9573 2.020875 
613.0510 14.026 117.581 -0.21747 0.41632 2.723 0.88143 8.0000 79.09 0.9573 0.9588 2.022412 
612.5847 14.037 117.520 -0.21701 0.41652 2.796 0.88057 8.0000 79.11 0.9592 0.9607 2.023952 
612.1182 14.049 117.455 -0.21654 0.41677 2.735 0.87967 8.0000 78.77 0.9607 0.9622 2.025494 
611.6517 14.059 117.383 -0.21598 0.41697 2.899 0.87878 8.0000 78.79 0.9619 0.9634 2.027039 
611.1850 14.071 117.325 -0.21558 0.41724 3.064 0.87797 8.0000 78.30 0.9628 0.9642 2.028587 
610.7183 14.084 117.272 -0.21519 0.41744 2.827 0.87706 8.0000 79.07 0.9637 0.9651 2.030137 
610.2514 14.096 117.213 -0.21476 0.41764 2.856 0.87615 8.0000 78.69 0.9644 0.9659 2.031690 
609.7844 14.108 117.158 -0.21435 0.41783 2.747 0.87519 8.0000 79.14 0.9652 0.9666 2.033246 
609.3173 14.124 117.115 -0.21411 0.41814 2.738 0.87440 8.0000 78.54 0.9659 0.9673 2.034805 
608.8502 14.144 117.071 -0.21390 0.41852 2.745 0.87337 8.0000 78.15 0.9662 0.9676 2.036366 
608.3829 14.159 117.040 -0.21370 0.41868 2.794 0.87239 8.0000 78.29 0.9663 0.9676 2.037930 
607.9155 14.176 117.008 -0.21357 0.41900 2.571 0.87151 8.0000 78.95 0.9662 0.9676 2.039497 
607.4480 14.196 116.979 -0.21350 0.41938 2.545 0.87061 8.0000 78.60 0.9662 0.9675 2.041067 
606.9804 14.216 116.957 -0.21347 0.41973 2.590 0.86976 8.0000 77.62 0.9659 0.9672 2.042639 
606.5127 14.238 116.930 -0.21346 0.42020 2.790 0.86888 8.0000 77.09 0.9655 0.9668 2.044214 
606.0449 14.259 116.911 -0.21346 0.42057 2.747 0.86801 8.0000 77.85 0.9648 0.9661 2.045792 
605.5770 14.279 116.904 -0.21357 0.42090 2.732 0.86723 8.0000 77.32 0.9644 0.9657 2.047373 
605.1089 14.304 116.892 -0.21369 0.42135 2.763 0.86625 8.0000 78.02 0.9638 0.9650 2.048957 
604.6408 14.328 116.878 -0.21379 0.42179 2.807 0.86533 8.0000 78.14 0.9633 0.9645 2.050543 
604.1726 14.357 116.874 -0.21404 0.42238 2.798 0.86436 8.0000 77.34 0.9625 0.9637 2.052132 
603.7042 14.386 116.879 -0.21437 0.42295 2.360 0.86351 8.0000 77.34 0.9616 0.9628 2.053724 
603.2358 14.414 116.877 -0.21463 0.42349 2.723 0.86262 8.0000 77.24 0.9605 0.9617 2.055319 
602.7673 14.441 116.889 -0.21498 0.42395 2.382 0.86174 8.0000 76.34 0.9593 0.9605 2.056916 
602.2986 14.466 116.897 -0.21527 0.42437 2.564 0.86087 8.0000 77.36 0.9580 0.9592 2.058517 
601.8298 14.492 116.911 -0.21563 0.42484 2.406 0.86005 8.0000 76.87 0.9570 0.9581 2.060121 
601.3610 14.520 116.927 -0.21604 0.42534 2.467 0.85922 8.0000 76.79 0.9555 0.9566 2.061726 
600.8920 14.547 116.949 -0.21649 0.42582 2.539 0.85845 8.0000 76.58 0.9542 0.9553 2.063336 
600.4229 14.576 116.973 -0.21696 0.42631 2.676 0.85760 8.0000 76.20 0.9525 0.9536 2.064948 
599.9537 14.606 117.002 -0.21751 0.42686 2.889 0.85681 8.0000 76.93 0.9509 0.9519 2.066563 
599.4844 14.637 117.029 -0.21807 0.42744 2.889 0.85599 8.0000 76.51 0.9491 0.9501 2.068181 
599.0150 14.670 117.072 -0.21877 0.42804 2.741 0.85522 8.0000 75.24 0.9472 0.9482 2.069801 
598.5455 14.699 117.100 -0.21930 0.42856 2.669 0.85442 8.0000 74.96 0.9451 0.9461 2.071425 
598.0759 14.731 117.126 -0.21985 0.42914 2.939 0.85358 8.0000 76.45 0.9433 0.9443 2.073051 
597.6062 14.756 117.175 -0.22051 0.42953 2.803 0.85297 8.0000 75.71 0.9414 0.9423 2.074680 
597.1364 14.787 117.224 -0.22127 0.43011 2.747 0.85232 8.0000 75.10 0.9394 0.9403 2.076313 
596.6664 14.823 117.270 -0.22209 0.43084 2.682 0.85167 8.0000 75.39 0.9372 0.9381 2.077948 
596.1964 14.855 117.319 -0.22283 0.43137 2.621 0.85089 8.0000 74.49 0.9349 0.9358 2.079586 
595.7263 14.887 117.371 -0.22363 0.43197 2.831 0.85024 8.0000 75.20 0.9329 0.9338 2.081227 
595.2560 14.912 117.429 -0.22441 0.43239 2.796 0.84978 8.0000 74.40 0.9314 0.9323 2.082872 
594.7857 14.937 117.483 -0.22511 0.43274 2.800 0.84920 8.0000 74.61 0.9294 0.9303 2.084519 
594.3152 14.965 117.530 -0.22582 0.43324 2.812 0.84862 8.0000 74.07 0.9279 0.9288 2.086169 
593.8447 14.991 117.586 -0.22662 0.43374 2.804 0.84822 8.0000 74.37 0.9266 0.9275 2.087822 
593.3740 15.018 117.641 -0.22741 0.43425 2.775 0.84779 8.0000 73.92 0.9246 0.9256 2.089478 
592.9032 15.054 117.691 -0.22833 0.43507 2.811 0.84737 8.0000 74.47 0.9236 0.9245 2.091137 
592.4323 15.086 117.735 -0.22914 0.43581 2.775 0.84695 8.0000 72.95 0.9216 0.9225 2.092799 
591.9613 15.125 117.790 -0.23015 0.43671 2.771 0.84646 8.0000 72.68 0.9192 0.9201 2.094464 
591.4902 15.161 117.852 -0.23117 0.43749 2.745 0.84601 8.0000 72.58 0.9166 0.9176 2.096133 
591.0190 15.205 117.909 -0.23227 0.43852 2.716 0.84548 8.0000 72.50 0.9141 0.9151 2.097804 
590.5477 15.231 117.975 -0.23319 0.43902 2.722 0.84520 8.0000 72.06 0.9122 0.9131 2.099478 
590.0763 15.275 118.026 -0.23428 0.44013 2.714 0.84479 8.0000 72.18 0.9104 0.9114 2.101155 
589.6048 15.297 118.079 -0.23504 0.44058 2.724 0.84457 8.0000 71.41 0.9092 0.9102 2.102836 
589.1331 15.324 118.131 -0.23588 0.44119 2.660 0.84433 8.0000 71.67 0.9074 0.9084 2.104519 
588.6614 15.338 118.155 -0.23634 0.44159 2.665 0.84437 8.0000 71.88 0.9072 0.9082 2.106206 
588.1896 15.359 118.193 -0.23697 0.44208 2.660 0.84418 8.0000 72.11 0.9074 0.9083 2.107895 
587.7176 15.391 118.211 -0.23772 0.44313 2.654 0.84414 8.0000 69.17 0.9082 0.9092 2.109588 
587.2455 15.425 118.229 -0.23841 0.44409 2.593 0.84385 8.0000 69.51 0.9072 0.9081 2.111284 
586.7734 15.450 118.230 -0.23886 0.44491 2.607 0.84372 8.0000 70.84 0.9069 0.9078 2.112983 
586.3011 15.472 118.187 -0.23895 0.44588 2.581 0.84378 8.0000 71.30 0.9069 0.9077 2.114685 
585.8287 15.481 118.152 -0.23895 0.44653 2.626 0.84414 8.0000 71.57 0.9092 0.9101 2.116390 
585.3563 15.508 118.087 -0.23893 0.44772 2.554 0.84408 8.0000 69.93 0.9092 0.9101 2.118098 
584.8837 15.534 118.008 -0.23888 0.44912 2.531 0.84433 8.0000 68.92 0.9086 0.9095 2.119809 
584.4109 15.533 117.900 -0.23798 0.44947 2.522 0.84424 8.0000 68.65 0.9095 0.9104 2.121524 
583.9382 15.543 117.796 -0.23730 0.45017 2.513 0.84408 8.0000 68.92 0.9087 0.9097 2.123242 
583.4652 15.559 117.763 -0.23713 0.45047 2.492 0.84330 8.0000 69.30 0.9073 0.9082 2.124963 
582.9922 15.575 117.717 -0.23694 0.45097 2.469 0.84285 8.0000 68.89 0.9061 0.9070 2.126687 
582.5191 15.591 117.680 -0.23682 0.45147 2.438 0.84238 8.0000 68.59 0.9062 0.9070 2.128414 
582.0458 15.609 117.659 -0.23690 0.45201 2.439 0.84202 8.0000 67.70 0.9069 0.9077 2.130145 
581.5725 15.635 117.633 -0.23713 0.45296 2.424 0.84187 8.0000 68.05 0.9093 0.9101 2.131878 
581.0991 15.646 117.616 -0.23711 0.45325 2.396 0.84159 8.0000 67.54 0.9099 0.9107 2.133615 
580.6255 15.644 117.609 -0.23709 0.45333 2.377 0.84179 8.0000 67.64 0.9112 0.9120 2.135356 
580.1519 15.656 117.580 -0.23702 0.45376 2.356 0.84159 8.0000 66.83 0.9114 0.9122 2.137099 
579.6780 15.674 117.554 -0.23705 0.45433 2.329 0.84127 8.0000 66.62 0.9113 0.9121 2.138846 
579.2042 15.680 117.544 -0.23705 0.45452 2.338 0.84113 8.0000 67.68 0.9118 0.9126 2.140595 
578.7302 15.697 117.524 -0.23717 0.45512 2.323 0.84098 8.0000 67.18 0.9116 0.9124 2.142349 
578.2561 15.709 117.511 -0.23722 0.45549 2.293 0.84078 8.0000 66.34 0.9121 0.9129 2.144105 
577.7819 15.714 117.498 -0.23716 0.45563 2.273 0.84056 8.0000 66.46 0.9124 0.9132 2.145865 
577.3076 15.722 117.479 -0.23711 0.45589 2.255 0.84040 8.0000 66.46 0.9134 0.9142 2.147628 
576.8332 15.741 117.458 -0.23721 0.45649 2.229 0.84006 8.0000 65.06 0.9142 0.9149 2.149394 
576.3586 15.749 117.452 -0.23723 0.45666 2.204 0.83983 8.0000 65.07 0.9143 0.9151 2.151164 
575.8840 15.768 117.435 -0.23737 0.45724 2.187 0.83952 8.0000 66.34 0.9146 0.9154 2.152937 
575.4093 15.785 117.423 -0.23747 0.45768 2.185 0.83911 8.0000 66.36 0.9147 0.9155 2.154713 
574.9344 15.801 117.407 -0.23755 0.45814 2.157 0.83879 8.0000 64.88 0.9150 0.9158 2.156493 
574.4595 15.816 117.398 -0.23765 0.45851 2.157 0.83839 8.0000 65.47 0.9148 0.9156 2.158276 
573.9844 15.828 117.383 -0.23765 0.45881 2.123 0.83807 8.0000 64.35 0.9150 0.9158 2.160062 
573.5092 15.842 117.368 -0.23769 0.45918 2.112 0.83772 8.0000 65.76 0.9150 0.9158 2.161852 
573.0339 15.855 117.357 -0.23778 0.45957 2.103 0.83746 8.0000 64.30 0.9150 0.9158 2.163645 
572.5586 15.869 117.344 -0.23785 0.45996 2.074 0.83720 8.0000 64.30 0.9149 0.9157 2.165441 
572.0831 15.882 117.332 -0.23792 0.46033 2.048 0.83691 8.0000 64.27 0.9151 0.9159 2.167241 
571.6075 15.898 117.317 -0.23802 0.46083 2.033 0.83664 8.0000 63.71 0.9153 0.9161 2.169044 
571.1318 15.916 117.315 -0.23827 0.46135 2.031 0.83643 8.0000 62.73 0.9154 0.9162 2.170851 
570.6559 15.934 117.308 -0.23847 0.46185 2.005 0.83612 8.0000 63.43 0.9153 0.9161 2.172661 
570.1801 15.951 117.300 -0.23862 0.46231 1.975 0.83575 8.0000 63.05 0.9151 0.9159 2.174474 
569.7040 15.962 117.300 -0.23875 0.46257 1.966 0.83552 8.0000 62.03 0.9153 0.9161 2.176291 
569.2278 15.981 117.294 -0.23899 0.46315 1.965 0.83529 8.0000 62.93 0.9155 0.9163 2.178112 
568.7516 15.996 117.285 -0.23912 0.46359 1.939 0.83502 8.0000 61.55 0.9155 0.9163 2.179936 
568.2753 16.011 117.279 -0.23929 0.46403 1.916 0.83480 8.0000 61.23 0.9156 0.9164 2.181763 
567.7988 16.027 117.265 -0.23937 0.46446 1.901 0.83447 8.0000 61.76 0.9158 0.9166 2.183594 
567.3222 16.038 117.255 -0.23944 0.46479 1.892 0.83425 8.0000 61.79 0.9161 0.9169 2.185428 
566.8455 16.055 117.248 -0.23958 0.46523 1.876 0.83391 8.0000 61.01 0.9162 0.9170 2.187266 
566.3687 16.071 117.237 -0.23971 0.46568 1.865 0.83358 8.0000 61.60 0.9161 0.9169 2.189107 
565.8918 16.086 117.235 -0.23991 0.46611 1.833 0.83333 8.0000 60.79 0.9162 0.9170 2.190952 
565.4149 16.103 117.235 -0.24016 0.46660 1.832 0.83312 8.0000 60.40 0.9162 0.9170 2.192800 
564.9377 16.116 117.227 -0.24025 0.46695 1.814 0.83286 8.0000 60.88 0.9163 0.9171 2.194653 
564.4605 16.128 117.219 -0.24034 0.46727 1.802 0.83257 8.0000 60.37 0.9163 0.9171 2.196508 
563.9832 16.139 117.216 -0.24044 0.46753 1.791 0.83230 8.0000 59.86 0.9163 0.9171 2.198367 
563.5057 16.152 117.209 -0.24055 0.46786 1.757 0.83204 8.0000 58.89 0.9162 0.9170 2.200230 
563.0282 16.163 117.206 -0.24067 0.46818 1.753 0.83185 8.0000 59.14 0.9162 0.9170 2.202096 
562.5505 16.179 117.204 -0.24086 0.46859 1.734 0.83156 8.0000 58.74 0.9161 0.9169 2.203966 
562.0728 16.192 117.201 -0.24102 0.46895 1.745 0.83134 8.0000 59.67 0.9160 0.9168 2.205839 
561.5948 16.206 117.197 -0.24116 0.46931 1.712 0.83105 8.0000 58.77 0.9160 0.9168 2.207716 
561.1169 16.220 117.190 -0.24129 0.46971 1.702 0.83080 8.0000 58.44 0.9158 0.9166 2.209597 
560.6388 16.233 117.180 -0.24139 0.47010 1.681 0.83056 8.0000 58.45 0.9158 0.9166 2.211481 
560.1606 16.248 117.174 -0.24153 0.47047 1.681 0.83028 8.0000 58.13 0.9158 0.9166 2.213369 
559.6823 16.258 117.166 -0.24159 0.47078 1.672 0.83007 8.0000 58.69 0.9158 0.9166 2.215260 
559.2039 16.271 117.163 -0.24173 0.47112 1.655 0.82982 8.0000 58.19 0.9156 0.9164 2.217155 
558.7253 16.283 117.157 -0.24186 0.47147 1.640 0.82962 8.0000 58.48 0.9155 0.9162 2.219055 
558.2467 16.299 117.156 -0.24206 0.47189 1.626 0.82934 8.0000 57.00 0.9154 0.9162 2.220957 
557.7679 16.314 117.149 -0.24222 0.47234 1.612 0.82911 8.0000 57.18 0.9154 0.9161 2.222864 
557.2891 16.330 117.144 -0.24238 0.47276 1.601 0.82883 8.0000 57.23 0.9153 0.9161 2.224773 
556.8102 16.342 117.140 -0.24250 0.47308 1.593 0.82856 8.0000 56.49 0.9153 0.9160 2.226687 
556.3311 16.357 117.137 -0.24268 0.47349 1.566 0.82835 8.0000 55.18 0.9153 0.9161 2.228604 
555.8519 16.370 117.138 -0.24287 0.47384 1.579 0.82810 8.0000 56.21 0.9153 0.9160 2.230525 
555.3726 16.383 117.133 -0.24301 0.47420 1.557 0.82787 8.0000 55.50 0.9153 0.9160 2.232451 
554.8932 16.396 117.129 -0.24318 0.47461 1.548 0.82774 8.0000 56.30 0.9153 0.9160 2.234379 
554.4137 16.409 117.120 -0.24326 0.47497 1.535 0.82750 8.0000 55.86 0.9153 0.9161 2.236312 
553.9341 16.422 117.115 -0.24341 0.47535 1.532 0.82725 8.0000 56.27 0.9154 0.9161 2.238248 
553.4543 16.436 117.111 -0.24356 0.47573 1.520 0.82705 8.0000 54.47 0.9154 0.9161 2.240188 
552.9745 16.446 117.107 -0.24368 0.47605 1.503 0.82689 8.0000 54.43 0.9155 0.9162 2.242132 
552.4946 16.458 117.109 -0.24385 0.47635 1.492 0.82669 8.0000 54.32 0.9156 0.9164 2.244080 
552.0145 16.470 117.111 -0.24405 0.47669 1.491 0.82651 8.0000 53.97 0.9158 0.9165 2.246031 
551.5344 16.484 117.108 -0.24421 0.47706 1.483 0.82630 8.0000 54.24 0.9158 0.9166 2.247986 
551.0541 16.496 117.109 -0.24439 0.47740 1.471 0.82614 8.0000 54.23 0.9159 0.9167 2.249946 
550.5737 16.506 117.111 -0.24454 0.47765 1.454 0.82594 8.0000 53.70 0.9162 0.9169 2.251909 
550.0933 16.519 117.108 -0.24472 0.47807 1.450 0.82581 8.0000 54.68 0.9164 0.9171 2.253876 
549.6127 16.529 117.107 -0.24485 0.47834 1.446 0.82562 8.0000 54.22 0.9166 0.9173 2.255847 
549.1320 16.541 117.110 -0.24504 0.47864 1.434 0.82544 8.0000 53.00 0.9168 0.9175 2.257821 
548.6511 16.552 117.105 -0.24516 0.47899 1.424 0.82529 8.0000 52.34 0.9170 0.9178 2.259800 
548.1702 16.564 117.098 -0.24530 0.47940 1.411 0.82518 8.0000 52.65 0.9173 0.9180 2.261783 
547.6891 16.574 117.095 -0.24543 0.47972 1.397 0.82508 8.0000 51.94 0.9175 0.9183 2.263770 
547.2080 16.585 117.097 -0.24561 0.48003 1.399 0.82494 8.0000 52.02 0.9178 0.9185 2.265760 
546.7267 16.597 117.097 -0.24581 0.48040 1.388 0.82481 8.0000 52.84 0.9181 0.9188 2.267755 
546.2454 16.608 117.100 -0.24599 0.48071 1.379 0.82467 8.0000 51.44 0.9183 0.9191 2.269752 
545.7639 16.619 117.100 -0.24616 0.48102 1.370 0.82452 8.0000 50.76 0.9186 0.9193 2.271755 
545.2823 16.630 117.099 -0.24629 0.48131 1.365 0.82433 8.0000 51.46 0.9188 0.9196 2.273762 
544.8007 16.640 117.098 -0.24640 0.48157 1.361 0.82415 8.0000 50.38 0.9192 0.9199 2.275771 
544.3188 16.651 117.090 -0.24651 0.48194 1.355 0.82403 8.0000 50.23 0.9196 0.9203 2.277786 
543.8369 16.662 117.088 -0.24665 0.48226 1.344 0.82387 8.0000 50.15 0.9200 0.9208 2.279805 
543.3549 16.673 117.086 -0.24682 0.48261 1.320 0.82378 8.0000 49.35 0.9204 0.9212 2.281827 
542.8728 16.681 117.087 -0.24693 0.48282 1.325 0.82361 8.0000 49.43 0.9208 0.9216 2.283853 
542.3905 16.692 117.091 -0.24713 0.48312 1.315 0.82348 8.0000 49.40 0.9211 0.9219 2.285884 
541.9082 16.703 117.089 -0.24730 0.48349 1.305 0.82339 8.0000 48.90 0.9214 0.9221 2.287919 
541.4257 16.715 117.086 -0.24744 0.48384 1.307 0.82322 8.0000 48.65 0.9217 0.9225 2.289958 
540.9431 16.726 117.080 -0.24755 0.48417 1.292 0.82305 8.0000 47.72 0.9222 0.9230 2.292001 
540.4604 16.737 117.083 -0.24774 0.48448 1.285 0.82294 8.0000 48.10 0.9225 0.9233 2.294048 
539.9777 16.750 117.076 -0.24787 0.48488 1.301 0.82274 8.0000 48.65 0.9230 0.9237 2.296098 
539.4948 16.761 117.070 -0.24798 0.48523 1.281 0.82262 8.0000 47.67 0.9234 0.9242 2.298154 
539.0118 16.773 117.063 -0.24810 0.48562 1.272 0.82244 8.0000 47.18 0.9240 0.9247 2.300213 
538.5286 16.783 117.064 -0.24825 0.48587 1.263 0.82227 8.0000 46.23 0.9244 0.9252 2.302277 
538.0454 16.794 117.067 -0.24843 0.48617 1.263 0.82214 8.0000 46.25 0.9249 0.9257 2.304344 
537.5621 16.807 117.063 -0.24860 0.48658 1.246 0.82195 8.0000 45.75 0.9253 0.9261 2.306416 
537.0786 16.819 117.059 -0.24874 0.48693 1.239 0.82182 8.0000 45.42 0.9257 0.9265 2.308492 
536.5950 16.831 117.058 -0.24890 0.48728 1.234 0.82161 8.0000 44.82 0.9262 0.9270 2.310573 
536.1114 16.844 117.059 -0.24912 0.48767 1.244 0.82151 8.0000 45.74 0.9266 0.9274 2.312657 
535.6276 16.856 117.063 -0.24936 0.48807 1.229 0.82144 8.0000 44.02 0.9270 0.9278 2.314746 
535.1437 16.868 117.060 -0.24951 0.48843 1.225 0.82126 8.0000 44.33 0.9275 0.9283 2.316839 
534.6597 16.880 117.060 -0.24969 0.48877 1.217 0.82110 8.0000 44.23 0.9278 0.9286 2.318936 
534.1756 16.894 117.061 -0.24991 0.48920 1.209 0.82099 8.0000 43.04 0.9282 0.9290 2.321038 
533.6913 16.905 117.055 -0.25004 0.48957 1.203 0.82084 8.0000 42.28 0.9286 0.9294 2.323144 
533.2070 16.920 117.049 -0.25019 0.48998 1.202 0.82058 8.0000 42.22 0.9290 0.9298 2.325254 
532.7226 16.936 117.050 -0.25044 0.49044 1.198 0.82038 8.0000 41.79 0.9295 0.9303 2.327369 
532.2380 16.951 117.043 -0.25060 0.49092 1.191 0.82017 8.0000 41.36 0.9298 0.9306 2.329488 
531.7534 16.967 117.044 -0.25085 0.49137 1.184 0.81993 8.0000 41.25 0.9302 0.9311 2.331611 
531.2686 16.983 117.044 -0.25106 0.49180 1.182 0.81966 8.0000 41.22 0.9305 0.9314 2.333738 
530.7837 17.001 117.045 -0.25135 0.49234 1.183 0.81947 8.0000 40.38 0.9310 0.9319 2.335870 
530.2987 17.017 117.043 -0.25155 0.49278 1.177 0.81919 8.0000 39.23 0.9313 0.9322 2.338007 
529.8136 17.035 117.038 -0.25178 0.49333 1.175 0.81899 8.0000 39.75 0.9318 0.9326 2.340147 
529.3284 17.052 117.034 -0.25199 0.49383 1.160 0.81874 8.0000 38.85 0.9320 0.9329 2.342292 
528.8430 17.068 117.032 -0.25219 0.49426 1.165 0.81847 8.0000 38.95 0.9323 0.9332 2.344442 
528.3576 17.089 117.029 -0.25248 0.49490 1.163 0.81819 8.0000 38.78 0.9326 0.9335 2.346596 
527.8720 17.107 117.024 -0.25269 0.49540 1.154 0.81787 8.0000 37.85 0.9329 0.9338 2.348755 
527.3864 17.126 117.020 -0.25291 0.49594 1.155 0.81758 8.0000 37.54 0.9331 0.9340 2.350917 
526.9006 17.146 117.016 -0.25316 0.49651 1.144 0.81726 8.0000 37.03 0.9334 0.9342 2.353085 
526.4147 17.166 117.017 -0.25348 0.49711 1.136 0.81700 8.0000 36.08 0.9335 0.9344 2.355257 
525.9287 17.187 117.016 -0.25375 0.49768 1.134 0.81664 8.0000 36.05 0.9338 0.9347 2.357433 
525.4426 17.209 117.012 -0.25403 0.49830 1.145 0.81630 8.0000 36.28 0.9340 0.9349 2.359614 
524.9564 17.229 117.007 -0.25423 0.49881 1.132 0.81587 8.0000 35.13 0.9341 0.9350 2.361800 
524.4700 17.250 117.006 -0.25449 0.49935 1.133 0.81546 8.0000 34.62 0.9341 0.9351 2.363990 
523.9836 17.274 117.001 -0.25480 0.50005 1.124 0.81514 8.0000 33.96 0.9343 0.9353 2.366185 
523.4971 17.299 116.995 -0.25511 0.50078 1.118 0.81475 8.0000 33.91 0.9346 0.9355 2.368384 
523.0104 17.322 116.993 -0.25542 0.50143 1.117 0.81441 8.0000 33.21 0.9346 0.9356 2.370588 
522.5236 17.346 116.990 -0.25572 0.50209 1.114 0.81398 8.0000 32.39 0.9347 0.9356 2.372796 
522.0367 17.372 116.986 -0.25603 0.50279 1.109 0.81350 8.0000 32.29 0.9347 0.9357 2.375009 
521.5497 17.396 116.982 -0.25629 0.50339 1.099 0.81300 8.0000 31.82 0.9348 0.9358 2.377227 
521.0626 17.418 116.984 -0.25659 0.50393 1.099 0.81254 8.0000 31.31 0.9350 0.9359 2.379449 
520.5754 17.444 116.986 -0.25694 0.50458 1.101 0.81205 8.0000 31.54 0.9350 0.9359 2.381676 
520.0881 17.470 116.985 -0.25729 0.50530 1.102 0.81161 8.0000 31.24 0.9351 0.9361 2.383908 
519.6006 17.497 116.983 -0.25763 0.50599 1.089 0.81109 8.0000 30.86 0.9352 0.9362 2.386144 
519.1131 17.522 116.979 -0.25793 0.50666 1.090 0.81062 8.0000 30.64 0.9354 0.9364 2.388385 
518.6254 17.551 116.982 -0.25833 0.50739 1.086 0.81009 8.0000 29.69 0.9354 0.9364 2.390631 
518.1377 17.575 116.976 -0.25858 0.50800 1.088 0.80955 8.0000 29.53 0.9353 0.9363 2.392881 
517.6498 17.601 116.973 -0.25885 0.50863 1.076 0.80897 8.0000 28.59 0.9354 0.9364 2.395137 
517.1618 17.621 116.973 -0.25909 0.50910 1.074 0.80855 8.0000 28.41 0.9353 0.9363 2.397397 
516.6737 17.647 116.975 -0.25951 0.50986 1.067 0.80820 8.0000 27.90 0.9354 0.9365 2.399661 
516.1855 17.674 116.972 -0.25983 0.51058 1.074 0.80770 8.0000 27.54 0.9354 0.9364 2.401931 
515.6971 17.702 116.965 -0.26015 0.51134 1.068 0.80719 8.0000 27.51 0.9355 0.9365 2.404206 
515.2087 17.727 116.960 -0.26043 0.51201 1.064 0.80671 8.0000 27.34 0.9356 0.9366 2.406485 
514.7202 17.754 116.960 -0.26078 0.51270 1.055 0.80617 8.0000 27.03 0.9357 0.9368 2.408769 
514.2314 17.781 116.962 -0.26117 0.51341 1.051 0.80569 8.0000 26.50 0.9358 0.9369 2.411058 
513.7427 17.805 116.964 -0.26147 0.51395 1.058 0.80515 8.0000 26.61 0.9359 0.9369 2.413352 
513.2538 17.835 116.961 -0.26186 0.51479 1.054 0.80467 8.0000 25.98 0.9361 0.9371 2.415651 
512.7648 17.861 116.958 -0.26215 0.51543 1.054 0.80409 8.0000 25.82 0.9359 0.9370 2.417955 
512.2757 17.886 116.957 -0.26244 0.51604 1.056 0.80353 8.0000 25.72 0.9359 0.9369 2.420263 
511.7864 17.916 116.950 -0.26277 0.51683 1.046 0.80297 8.0000 25.49 0.9359 0.9370 2.422577 
511.2971 17.945 116.941 -0.26303 0.51754 1.046 0.80231 8.0000 25.44 0.9359 0.9370 2.424895 
510.8076 17.971 116.941 -0.26335 0.51818 1.034 0.80176 8.0000 24.85 0.9359 0.9370 2.427219 
510.3181 17.998 116.929 -0.26363 0.51897 1.042 0.80133 8.0000 24.33 0.9358 0.9369 2.429547 
509.8284 18.017 116.924 -0.26380 0.51943 1.045 0.80086 8.0000 23.86 0.9354 0.9365 2.431881 
509.3386 18.036 116.924 -0.26404 0.51991 1.030 0.80046 8.0000 23.96 0.9350 0.9362 2.434219 
508.8488 18.062 116.916 -0.26426 0.52054 1.019 0.79987 8.0000 23.43 0.9350 0.9361 2.436563 
508.3587 18.090 116.911 -0.26457 0.52125 1.023 0.79930 8.0000 23.54 0.9348 0.9360 2.438912 
507.8686 18.113 116.907 -0.26480 0.52178 1.032 0.79869 8.0000 23.43 0.9346 0.9358 2.441265 
507.3784 18.139 116.896 -0.26498 0.52240 1.038 0.79808 8.0000 23.21 0.9344 0.9356 2.443624 
506.8880 18.158 116.886 -0.26507 0.52279 1.024 0.79748 8.0000 22.19 0.9341 0.9353 2.445988 
506.3976 18.182 116.871 -0.26520 0.52340 1.020 0.79688 8.0000 22.00 0.9338 0.9351 2.448357 
505.9070 18.202 116.859 -0.26526 0.52379 1.010 0.79622 8.0000 21.50 0.9335 0.9347 2.450731 
505.4163 18.231 116.849 -0.26549 0.52447 1.016 0.79554 8.0000 21.35 0.9335 0.9347 2.453110 
504.9255 18.257 116.841 -0.26576 0.52517 1.010 0.79502 8.0000 21.42 0.9335 0.9347 2.455495 
504.4346 18.282 116.830 -0.26598 0.52585 1.019 0.79454 8.0000 21.37 0.9332 0.9344 2.457884 
503.9436 18.302 116.826 -0.26615 0.52631 1.015 0.79400 8.0000 20.97 0.9326 0.9338 2.460279 
503.4525 18.320 116.815 -0.26621 0.52666 1.010 0.79343 8.0000 20.84 0.9321 0.9334 2.462679 
502.9612 18.343 116.803 -0.26635 0.52721 1.005 0.79286 8.0000 20.38 0.9320 0.9332 2.465085 
502.4698 18.365 116.788 -0.26647 0.52779 1.010 0.79236 8.0000 20.74 0.9316 0.9329 2.467495 
501.9784 18.387 116.772 -0.26654 0.52829 1.014 0.79174 8.0000 20.48 0.9315 0.9328 2.469911 
501.4868 18.408 116.764 -0.26669 0.52878 1.016 0.79119 8.0000 20.59 0.9314 0.9327 2.472332 
500.9951 18.428 116.755 -0.26685 0.52930 1.001 0.79074 8.0000 19.97 0.9311 0.9324 2.474759 
500.5033 18.452 116.743 -0.26703 0.52994 0.978 0.79025 8.0000 19.05 0.9309 0.9322 2.477190 
500.0114 18.474 116.727 -0.26710 0.53045 0.983 0.78963 8.0000 19.06 0.9307 0.9320 2.479627 
499.5193 18.496 116.712 -0.26723 0.53105 0.995 0.78914 8.0000 19.59 0.9304 0.9317 2.482070 
499.0272 18.518 116.699 -0.26732 0.53153 0.994 0.78852 8.0000 18.89 0.9300 0.9313 2.484518 
498.5349 18.538 116.687 -0.26741 0.53200 0.980 0.78796 8.0000 18.15 0.9296 0.9309 2.486971 
498.0426 18.560 116.672 -0.26753 0.53257 0.975 0.78748 8.0000 17.88 0.9294 0.9307 2.489429 
497.5501 18.581 116.659 -0.26762 0.53306 0.966 0.78690 8.0000 17.20 0.9290 0.9303 2.491894 
497.0575 18.605 116.646 -0.26779 0.53368 0.973 0.78639 8.0000 17.28 0.9288 0.9301 2.494363 
496.5648 18.630 116.632 -0.26799 0.53441 0.969 0.78591 8.0000 16.66 0.9289 0.9302 2.496838 
496.0720 18.652 116.616 -0.26809 0.53498 0.971 0.78539 8.0000 16.53 0.9285 0.9298 2.499318 
495.5790 18.672 116.604 -0.26819 0.53547 0.967 0.78487 8.0000 15.97 0.9282 0.9295 2.501805 
495.0860 18.697 116.580 -0.26826 0.53618 0.955 0.78433 8.0000 15.50 0.9281 0.9293 2.504296 
494.5928 18.717 116.563 -0.26831 0.53666 0.968 0.78380 8.0000 15.97 0.9272 0.9285 2.506793 
494.0995 18.741 116.545 -0.26842 0.53730 0.966 0.78324 8.0000 15.78 0.9270 0.9282 2.509296 
493.6062 18.763 116.525 -0.26846 0.53785 0.961 0.78265 8.0000 15.56 0.9266 0.9279 2.511804 
493.1127 18.786 116.514 -0.26862 0.53843 0.946 0.78213 8.0000 15.12 0.9262 0.9275 2.514318 
492.6190 18.811 116.500 -0.26881 0.53916 0.959 0.78170 8.0000 15.24 0.9258 0.9271 2.516837 
492.1253 18.836 116.481 -0.26896 0.53988 0.964 0.78119 8.0000 15.75 0.9255 0.9267 2.519362 
491.6315 18.857 116.467 -0.26907 0.54045 0.937 0.78075 8.0000 15.41 0.9252 0.9265 2.521893 
491.1375 18.879 116.452 -0.26920 0.54106 0.913 0.78029 8.0000 15.13 0.9247 0.9260 2.524429 
490.6435 18.904 116.432 -0.26934 0.54181 0.903 0.77982 8.0000 14.75 0.9243 0.9256 2.526971 
490.1493 18.927 116.416 -0.26943 0.54239 0.914 0.77925 8.0000 14.69 0.9238 0.9250 2.529519 
489.6550 18.950 116.400 -0.26958 0.54305 0.904 0.77879 8.0000 14.83 0.9232 0.9245 2.532072 
489.1606 18.975 116.387 -0.26977 0.54375 0.910 0.77831 8.0000 14.91 0.9228 0.9240 2.534631 
488.6661 19.001 116.370 -0.26995 0.54452 0.898 0.77787 8.0000 14.43 0.9225 0.9238 2.537196 
488.1714 19.031 116.352 -0.27020 0.54546 0.882 0.77739 8.0000 14.07 0.9223 0.9236 2.539768 
487.6767 19.054 116.333 -0.27031 0.54613 0.900 0.77695 8.0000 14.23 0.9218 0.9231 2.542344 
487.1818 19.081 116.320 -0.27056 0.54694 0.876 0.77647 8.0000 14.10 0.9215 0.9227 2.544927 
486.6869 19.106 116.307 -0.27077 0.54769 0.869 0.77607 8.0000 13.90 0.9212 0.9224 2.547514 
486.1918 19.133 116.295 -0.27101 0.54847 0.852 0.77562 8.0000 13.32 0.9207 0.9219 2.550109 
485.6966 19.155 116.281 -0.27114 0.54907 0.860 0.77511 8.0000 13.39 0.9202 0.9214 2.552709 
485.2013 19.184 116.262 -0.27137 0.55000 0.869 0.77469 8.0000 13.86 0.9199 0.9211 2.555314 
484.7058 19.207 116.248 -0.27153 0.55066 0.869 0.77422 8.0000 13.86 0.9194 0.9206 2.557927 
484.2103 19.232 116.236 -0.27176 0.55142 0.845 0.77384 8.0000 13.51 0.9189 0.9201 2.560544 
483.7146 19.261 116.221 -0.27206 0.55239 0.849 0.77348 8.0000 14.16 0.9188 0.9200 2.563168 
483.2189 19.291 116.207 -0.27235 0.55332 0.847 0.77304 8.0000 14.94 0.9186 0.9197 2.565798 
482.7230 19.318 116.195 -0.27263 0.55417 0.836 0.77265 8.0000 15.38 0.9182 0.9193 2.568433 
482.2270 19.343 116.179 -0.27281 0.55492 0.846 0.77223 8.0000 16.36 0.9178 0.9189 2.571075 
481.7309 19.367 116.159 -0.27297 0.55575 0.831 0.77189 8.0000 16.70 0.9174 0.9185 2.573723 
481.2346 19.388 116.149 -0.27319 0.55645 0.828 0.77165 8.0000 17.61 0.9169 0.9180 2.576377 
480.7383 19.412 116.138 -0.27349 0.55732 0.803 0.77145 8.0000 17.36 0.9165 0.9176 2.579037 
480.2419 19.440 116.125 -0.27379 0.55826 0.792 0.77112 8.0000 17.71 0.9163 0.9173 2.581703 
479.7453 19.466 116.114 -0.27409 0.55915 0.783 0.77085 8.0000 18.35 0.9161 0.9171 2.584375 
479.2486 19.491 116.102 -0.27434 0.55996 0.770 0.77053 8.0000 18.41 0.9157 0.9167 2.587054 
478.7518 19.512 116.093 -0.27462 0.56074 0.759 0.77035 8.0000 18.57 0.9151 0.9161 2.589738 
478.2549 19.537 116.085 -0.27490 0.56150 0.753 0.77001 8.0000 19.01 0.9145 0.9155 2.592429 
477.7579 19.560 116.072 -0.27514 0.56232 0.758 0.76977 8.0000 19.78 0.9141 0.9151 2.595126 
477.2608 19.583 116.067 -0.27548 0.56316 0.749 0.76960 8.0000 19.34 0.9137 0.9147 2.597829 
476.7635 19.606 116.060 -0.27582 0.56400 0.749 0.76946 8.0000 19.99 0.9133 0.9143 2.600539 
476.2662 19.634 116.051 -0.27620 0.56501 0.752 0.76924 8.0000 20.65 0.9130 0.9140 2.603254 
475.7687 19.660 116.042 -0.27653 0.56592 0.754 0.76897 8.0000 21.10 0.9127 0.9136 2.605976 
475.2711 19.685 116.030 -0.27679 0.56675 0.762 0.76869 8.0000 22.50 0.9123 0.9133 2.608705 
474.7734 19.708 116.021 -0.27704 0.56750 0.759 0.76840 8.0000 23.26 0.9121 0.9130 2.611439 
474.2756 19.733 116.016 -0.27742 0.56839 0.756 0.76816 8.0000 24.37 0.9118 0.9127 2.614180 
473.7776 19.754 116.008 -0.27763 0.56901 0.758 0.76783 8.0000 25.94 0.9114 0.9123 2.616928 
473.2796 19.774 115.999 -0.27781 0.56962 0.744 0.76749 8.0000 26.91 0.9109 0.9118 2.619682 
472.7814 19.797 115.987 -0.27804 0.57041 0.735 0.76724 8.0000 27.20 0.9105 0.9115 2.622442 
472.2831 19.815 115.982 -0.27821 0.57087 0.727 0.76684 8.0000 28.67 0.9101 0.9110 2.625209 
471.7848 19.836 115.981 -0.27848 0.57146 0.722 0.76648 8.0000 30.20 0.9098 0.9107 2.627982 
471.2863 19.862 115.973 -0.27880 0.57231 0.712 0.76613 8.0000 30.97 0.9096 0.9105 2.630762 
470.7876 19.883 115.971 -0.27903 0.57283 0.702 0.76569 8.0000 31.75 0.9091 0.9100 2.633548 
470.2889 19.906 115.977 -0.27943 0.57351 0.695 0.76539 8.0000 32.28 0.9089 0.9097 2.636341 
469.7900 19.930 115.976 -0.27975 0.57419 0.689 0.76498 8.0000 32.54 0.9086 0.9095 2.639141 
469.2911 19.951 115.986 -0.28007 0.57461 0.684 0.76447 8.0000 32.99 0.9082 0.9090 2.641946 
468.7920 19.982 115.988 -0.28047 0.57537 0.681 0.76381 8.0000 33.25 0.9083 0.9092 2.644759 
468.2928 20.013 115.989 -0.28086 0.57611 0.682 0.76311 8.0000 33.77 0.9083 0.9092 2.647578 
467.7935 20.039 115.993 -0.28120 0.57672 0.684 0.76253 8.0000 34.54 0.9081 0.9090 2.650404 
467.2941 20.066 116.001 -0.28159 0.57730 0.688 0.76191 8.0000 35.06 0.9081 0.9089 2.653237 
466.7945 20.097 116.014 -0.28209 0.57800 0.695 0.76122 8.0000 36.51 0.9082 0.9091 2.656077 
466.2949 20.125 116.029 -0.28257 0.57863 0.696 0.76065 8.0000 38.73 0.9081 0.9090 2.658922 
465.7951 20.155 116.041 -0.28304 0.57927 0.703 0.75996 8.0000 40.72 0.9083 0.9091 2.661775 
465.2952 20.177 116.063 -0.28347 0.57959 0.701 0.75934 8.0000 42.75 0.9080 0.9089 2.664635 
464.7952 20.209 116.084 -0.28408 0.58030 0.699 0.75871 8.0000 46.06 0.9082 0.9091 2.667502 
464.2951 20.233 116.101 -0.28451 0.58074 0.693 0.75810 8.0000 49.38 0.9080 0.9089 2.670375 
463.7949 20.256 116.115 -0.28480 0.58096 0.685 0.75723 8.0000 52.23 0.9078 0.9087 2.673255 
463.2946 20.274 116.138 -0.28515 0.58108 0.676 0.75656 8.0000 54.57 0.9077 0.9085 2.676142 
462.7941 20.300 116.152 -0.28549 0.58141 0.666 0.75571 8.0000 57.04 0.9081 0.9089 2.679036 
462.2935 20.326 116.166 -0.28582 0.58174 0.657 0.75482 8.0000 59.94 0.9081 0.9089 2.681937 
461.7928 20.349 116.186 -0.28613 0.58186 0.647 0.75390 8.0000 61.64 0.9082 0.9090 2.684845 
461.2921 20.378 116.205 -0.28654 0.58219 0.640 0.75293 8.0000 63.37 0.9086 0.9094 2.687759 
460.7911 20.404 116.226 -0.28697 0.58252 0.635 0.75209 8.0000 63.37 0.9088 0.9097 2.690681 
460.2901 20.434 116.239 -0.28734 0.58296 0.628 0.75115 8.0000 63.55 0.9090 0.9098 2.693610 
459.7889 20.462 116.259 -0.28780 0.58337 0.627 0.75031 8.0000 63.02 0.9091 0.9099 2.696546 
459.2877 20.490 116.283 -0.28830 0.58376 0.628 0.74952 8.0000 63.69 0.9097 0.9105 2.699489 
458.7863 20.520 116.311 -0.28888 0.58424 0.629 0.74872 8.0000 64.05 0.9102 0.9111 2.702439 
458.2848 20.550 116.330 -0.28928 0.58453 0.632 0.74762 8.0000 65.37 0.9103 0.9112 2.705396 
457.7832 20.575 116.354 -0.28960 0.58456 0.636 0.74652 8.0000 66.35 0.9101 0.9109 2.708360 
457.2815 20.602 116.382 -0.28999 0.58465 0.635 0.74538 8.0000 67.61 0.9101 0.9110 2.711332 
456.7796 20.635 116.411 -0.29055 0.58503 0.636 0.74431 8.0000 68.21 0.9108 0.9117 2.714311 
456.2777 20.671 116.445 -0.29126 0.58558 0.632 0.74336 8.0000 69.61 0.9117 0.9126 2.717297 
455.7756 20.699 116.479 -0.29178 0.58575 0.626 0.74231 8.0000 69.15 0.9123 0.9132 2.720290 
455.2734 20.740 116.515 -0.29235 0.58597 0.616 0.74068 8.0000 68.83 0.9124 0.9133 2.723291 
454.7711 20.776 116.553 -0.29301 0.58633 0.610 0.73950 8.0000 68.13 0.9132 0.9141 2.726299 
454.2687 20.815 116.586 -0.29366 0.58679 0.600 0.73830 8.0000 66.60 0.9142 0.9151 2.729314 
453.7662 20.849 116.612 -0.29430 0.58739 0.592 0.73742 8.0000 63.77 0.9149 0.9158 2.732336 
453.2635 20.885 116.638 -0.29480 0.58773 0.585 0.73616 8.0000 61.04 0.9151 0.9160 2.735367 
452.7608 20.921 116.664 -0.29542 0.58830 0.578 0.73521 8.0000 57.47 0.9157 0.9167 2.738404 
452.2579 20.957 116.689 -0.29599 0.58879 0.575 0.73412 8.0000 53.28 0.9162 0.9172 2.741449 
451.7549 20.993 116.715 -0.29659 0.58932 0.577 0.73309 8.0000 50.73 0.9167 0.9177 2.744501 
451.2518 21.029 116.740 -0.29717 0.58983 0.578 0.73201 8.0000 47.05 0.9172 0.9182 2.747561 
450.7485 21.066 116.765 -0.29785 0.59052 0.578 0.73113 8.0000 43.90 0.9180 0.9190 2.750629 
450.2452 21.103 116.790 -0.29839 0.59097 0.584 0.72994 8.0000 41.00 0.9183 0.9193 2.753704 
449.7417 21.141 116.815 -0.29900 0.59153 0.585 0.72886 8.0000 37.65 0.9187 0.9198 2.756787 
449.2382 21.178 116.839 -0.29963 0.59215 0.589 0.72788 8.0000 36.32 0.9194 0.9204 2.759876 
448.7345 21.217 116.864 -0.30023 0.59271 0.590 0.72676 8.0000 34.69 0.9198 0.9209 2.762974 
448.2307 21.255 116.888 -0.30086 0.59333 0.588 0.72574 8.0000 32.50 0.9204 0.9215 2.766080 
447.7267 21.293 116.912 -0.30156 0.59410 0.585 0.72487 8.0000 31.25 0.9212 0.9224 2.769193 
447.2227 21.332 116.936 -0.30221 0.59478 0.581 0.72389 8.0000 29.38 0.9219 0.9230 2.772314 
446.7186 21.372 116.960 -0.30277 0.59526 0.573 0.72263 8.0000 26.28 0.9221 0.9233 2.775443 
446.2143 21.411 116.983 -0.30345 0.59600 0.567 0.72169 8.0000 24.47 0.9228 0.9240 2.778580 
445.7099 21.451 117.006 -0.30413 0.59672 0.562 0.72071 8.0000 22.54 0.9235 0.9247 2.781724 
445.2054 21.491 117.029 -0.30480 0.59746 0.560 0.71973 8.0000 20.34 0.9242 0.9255 2.784876 
444.7008 21.531 117.052 -0.30547 0.59818 0.562 0.71872 8.0000 18.78 0.9249 0.9261 2.788036 
444.1960 21.571 117.075 -0.30614 0.59891 0.561 0.71771 8.0000 16.74 0.9255 0.9268 2.791204 
443.6912 21.612 117.097 -0.30680 0.59962 0.563 0.71666 8.0000 15.16 0.9261 0.9274 2.794380 
443.1862 21.653 117.119 -0.30748 0.60038 0.570 0.71565 8.0000 13.69 0.9267 0.9281 2.797564 
442.6812 21.694 117.141 -0.30821 0.60124 0.574 0.71477 8.0000 12.58 0.9276 0.9289 2.800756 
442.1759 21.736 117.163 -0.30889 0.60199 0.579 0.71372 8.0000 11.55 0.9282 0.9296 2.803956 
441.6706 21.777 117.185 -0.30956 0.60272 0.583 0.71265 8.0000 10.85 0.9288 0.9302 2.807164 
441.1652 21.819 117.206 -0.31027 0.60356 0.586 0.71168 8.0000 9.98 0.9295 0.9310 2.810380 
440.6596 21.862 117.228 -0.31098 0.60438 0.583 0.71069 8.0000 9.45 0.9302 0.9317 2.813605 
440.1540 21.904 117.249 -0.31163 0.60509 0.585 0.70953 8.0000 8.79 0.9307 0.9322 2.816837 
439.6482 21.904 117.249 -0.31163 0.60509 0.585 0.70953 8.0000 8.30 0.9307 0.9322 2.820077 

# MINIMA:
439.6482 1.250 1.090 -283.96268 -124.26638 -4634.826 -90.34373 8.0000 8.29 0.5082 0.5512 1.240099 

# MAXIMA:
999.7925 81.248 359.871 15.89674 80.38275 356.321 489.26218 8.0000 80.97 2.72074042342008422E18 1.57977852669088236E19 2.820077 

# PEAKS:

# END SPECTRUM

