## SPECTRUM TYPE:
LCE

## DATE:
18/08/2026

## COMMENTS:

## NUMBER OF SPECTRUM:
1

## ELLIPSOMETRIC CONFIGURATION:
0.00 ø :Modulator
+45.00 øAnalyser

## UNIT:
nm


# SPECTRUM:
1

# CAPTION:


# START TIME:
14:38:35

# END TIME:
14:38:35

# THETA ANGLE:
0.00 ø

# INCIDENCE ANGLE:
69.95 ø

# ACCUMULATION NUMBER:
28

# ELLIPSOMETRIC CONFIGURATION:
0.00 ø :Modulator
+45.00 øAnalyser

# INTEGRATION TIME:
8 ms

# FIRST POINT:
999.79 nm

# LAST POINT:
439.65 nm

# INCREMENT:
0.00 nm

# NUMBER OF POINTS:
1273

# DATA:
nm Psi Delta Ic Is Reflectance IcPrim IntegrationTime IntensityMax Polarization PolarizationGen eV 
999.7925 1.414 202.472 -3.07370 -1.27140 0.000 67.35753 8.0000 8.35 2.72081573996658688E18 1.59750507305621258E19 1.240099 
999.4089 1.414 202.472 -3.07370 -1.27140 0.953 67.35753 8.0000 8.33 2.53056147057645978E18 1.48579908972068209E19 1.240575 
999.0253 1.414 202.472 -3.07370 -1.27140 0.575 67.35753 8.0000 8.53 2.41234582864868147E18 1.41638933958476431E19 1.241052 
998.6415 1.414 202.472 -3.07370 -1.27140 0.897 67.35753 8.0000 8.53 2.27750557090893005E18 1.33721911477791621E19 1.241529 
998.2578 1.414 202.472 -3.07370 -1.27140 0.258 67.35753 8.0000 8.62 2.12419406757835571E18 1.2472035271770112E19 1.242006 
997.8739 1.414 202.472 -3.07370 -1.27140 0.699 67.35753 8.0000 8.67 1.95056427656124826E18 1.14525823841473659E19 1.242484 
997.4900 1.414 202.472 -3.07370 -1.27140 -0.017 67.35753 8.0000 8.66 1.754769018322944E18 1.03029858027029135E19 1.242962 
997.1060 1.414 202.472 -3.07370 -1.27140 0.002 67.35753 8.0000 8.70 1.53496111332877926E18 9.01240159400781414E18 1.243440 
996.7219 1.414 202.472 -3.07370 -1.27140 -4.403 67.35753 8.0000 8.76 1.28929338204409037E18 7.56998307585405747E18 1.243920 
996.3377 1.414 202.472 -3.07370 -1.27140 -0.859 67.35753 8.0000 8.91 1.01591891981212058E18 5.96488631481270272E18 1.244399 
995.9535 1.414 202.472 -3.07370 -1.27140 -0.272 67.35753 8.0000 8.83 716684631289626624.0000 4.20795634382431846E18 1.244879 
995.5692 1.414 202.472 -3.07370 -1.27140 1.229 67.35753 8.0000 8.98 393437661651533824.0000 2.31003792095156634E18 1.245360 
995.1848 1.414 202.472 -3.07370 -1.27140 -0.824 67.35753 8.0000 9.14 51719506552160256.0000 303666935290134528.0000 1.245841 
994.8003 1.414 202.472 -3.07370 -1.27140 0.023 67.35754 8.0000 9.16 295540066892120064.0000 1.73523976766829363E18 1.246322 
994.4158 1.414 202.472 -3.07370 -1.27140 0.014 67.35753 8.0000 9.11 629869735781072896.0000 3.69822962513503846E18 1.246804 
994.0311 10.656 91.961 -0.00377 0.10999 0.014 0.28209 8.0000 9.27 0.5216 0.9561 1.247287 
993.6464 8.889 122.273 -0.04310 0.06825 0.639 0.25175 8.0000 9.33 0.5128 0.8579 1.247770 
993.2617 10.586 177.444 -0.09468 0.00423 1.234 0.24471 8.0000 9.28 0.5143 0.7200 1.248253 
992.8768 19.759 145.594 -0.16245 0.11126 -0.183 0.23871 8.0000 9.38 0.5486 0.6496 1.248737 
992.4919 1.617 76.455 0.00468 0.01943 0.095 0.35371 8.0000 9.46 0.6561 0.7270 1.249221 
992.1069 8.535 127.690 -0.06788 0.08785 -8.959 0.36156 8.0000 9.55 0.5685 0.6862 1.249706 
991.7218 7.419 114.723 -0.05323 0.11561 -0.683 0.48043 8.0000 9.62 0.6129 0.7017 1.250191 
991.3367 8.495 94.794 -0.01276 0.15212 0.275 0.49960 8.0000 9.83 0.6495 0.7006 1.250677 
990.9514 9.591 94.944 -0.02108 0.24372 1.324 0.70318 8.0000 9.87 0.8696 0.8949 1.251163 
990.5661 5.400 110.693 -0.05779 0.15299 12.776 0.85725 8.0000 9.80 0.8486 0.8750 1.251650 
990.1807 4.255 68.183 0.05195 0.12977 -24.332 0.93415 8.0000 9.89 0.7583 0.8084 1.252137 
989.7953 1.781 82.470 0.00747 0.05653 -0.483 0.91603 8.0000 9.97 0.7465 0.8095 1.252625 
989.4097 3.514 121.268 -0.05911 0.09734 -2.265 0.92371 8.0000 10.12 0.7342 0.8161 1.253113 
989.0241 5.384 139.879 -0.13420 0.11309 1.161 0.92279 8.0000 10.13 0.7515 0.8513 1.253601 
988.6384 8.212 150.085 -0.23948 0.13779 1.856 0.93730 8.0000 10.07 0.7688 0.8498 1.254090 
988.2526 7.680 129.686 -0.16396 0.19758 31.267 0.93462 8.0000 10.22 0.7465 0.8298 1.254580 
987.8668 8.279 124.452 -0.16061 0.23411 1.201 0.95490 8.0000 10.20 0.7532 0.8376 1.255070 
987.4809 7.874 126.721 -0.15297 0.20506 -4651.139 0.90723 8.0000 10.28 0.6916 0.7417 1.255560 
987.0949 7.733 129.015 -0.17748 0.21906 1.394 1.01895 8.0000 10.35 0.6799 0.6958 1.256051 
986.7088 4.570 129.787 -0.11974 0.14379 1.169 1.16290 8.0000 10.45 0.7864 0.7952 1.256543 
986.3226 3.889 172.301 -0.14309 0.01934 -2.629 1.05715 8.0000 10.46 0.8488 0.8554 1.257035 
985.9364 4.682 128.698 -0.09716 0.12128 -8.455 0.94243 8.0000 10.53 0.9002 0.9177 1.257527 
985.5501 5.859 109.323 -0.06147 0.17531 94.374 0.89559 8.0000 10.59 0.9888 1.0265 1.258020 
985.1638 7.712 106.024 -0.06997 0.24361 -2.342 0.91873 8.0000 10.72 1.1121 1.1576 1.258513 
984.7773 9.452 105.127 -0.08149 0.30147 1.192 0.91192 8.0000 10.84 1.1601 1.1941 1.259007 
984.3907 12.079 98.526 -0.05633 0.37571 -0.752 0.84699 8.0000 10.93 1.0240 1.0497 1.259502 
984.0041 9.006 96.221 -0.03240 0.29720 -0.417 0.91950 8.0000 10.95 0.9577 0.9784 1.259997 
983.6174 4.675 92.883 -0.00758 0.15047 0.587 0.91511 8.0000 11.22 0.7692 0.8032 1.260492 
983.2307 4.439 93.529 -0.01058 0.17147 0.688 1.09981 8.0000 11.23 0.7462 0.7897 1.260988 
982.8438 5.989 215.319 -0.21106 -0.14955 0.521 1.21930 8.0000 11.27 0.8717 0.9034 1.261484 
982.4569 6.963 17.214 0.22929 0.07104 0.553 0.96810 8.0000 11.28 0.8304 0.9321 1.261981 
982.0699 8.145 67.861 0.08750 0.21506 -2.942 0.79449 8.0000 11.49 0.7529 0.8385 1.262478 
981.6828 10.797 103.589 -0.06572 0.27188 -0.013 0.70671 8.0000 11.61 0.7350 0.7927 1.262976 
981.2957 13.632 119.210 -0.20042 0.35846 -0.007 0.79695 8.0000 11.58 0.7466 0.7942 1.263474 
980.9084 17.177 120.728 -0.23853 0.40129 0.004 0.68294 8.0000 11.60 0.7734 0.9963 1.263973 
980.5211 33.897 120.988 -0.37339 0.62172 0.009 0.29605 8.0000 11.68 0.5911 0.6490 1.264472 
980.1337 34.843 133.644 -0.51173 0.53655 -0.001 0.27447 8.0000 11.86 0.5772 0.7508 1.264972 
979.7463 32.776 141.027 -0.62252 0.50362 -0.002 0.36404 8.0000 11.65 0.6228 0.9605 1.265472 
979.3587 57.548 116.020 -1.08409 2.22074 7.970 -1.15740 8.0000 11.91 0.6888 0.8893 1.265973 
978.9711 67.195 143.302 -1.01637 0.75752 6.415 -1.24089 8.0000 11.97 0.6961 1.2980 1.266474 
978.5834 68.108 179.790 -0.64147 0.00235 1.283 -0.66929 8.0000 11.86 0.6873 1.5352 1.266976 
978.1956 47.090 196.007 -0.44832 -0.12861 8.373 -0.03409 8.0000 12.01 0.6710 1.6146 1.267478 
977.8077 24.275 194.547 -0.36812 -0.09553 -3.084 0.33588 8.0000 12.15 0.7094 1.5373 1.267981 
977.4199 13.036 192.831 -0.30441 -0.06934 3.087 0.63806 8.0000 12.32 0.8470 1.3591 1.268484 
977.0319 11.964 192.160 -0.30533 -0.06579 2.754 0.70391 8.0000 12.34 0.9368 1.0780 1.268988 
976.6437 13.887 191.279 -0.37777 -0.07534 1.327 0.73144 8.0000 12.46 0.9105 1.2717 1.269493 
976.2556 11.689 192.393 -0.37930 -0.08335 -9.827 0.89841 8.0000 12.42 1.1092 1.2530 1.269997 
975.8674 5.326 129.856 -0.12072 0.14460 1.263 1.00157 8.0000 12.59 1.1160 1.1925 1.270502 
975.4790 11.823 116.474 -0.17323 0.34784 0.976 0.88752 8.0000 12.79 1.1232 1.2233 1.271008 
975.0906 7.102 113.651 -0.08985 0.20516 -1.768 0.88485 8.0000 12.62 1.1151 1.1723 1.271515 
974.7021 7.385 123.460 -0.12341 0.18674 -16.573 0.84898 8.0000 12.85 1.0844 1.1623 1.272021 
974.3136 7.315 131.837 -0.14711 0.16432 1.170 0.84486 8.0000 12.76 0.9691 1.0204 1.272529 
973.9250 6.963 136.034 -0.15106 0.14570 0.028 0.84639 8.0000 12.96 0.8295 0.8626 1.273036 
973.5363 7.185 147.774 -0.18645 0.11753 0.056 0.86025 8.0000 12.98 0.7439 0.7791 1.273545 
973.1475 6.318 157.573 -0.14185 0.05854 -5.245 0.68449 8.0000 12.98 0.5740 0.6080 1.274053 
972.7586 4.581 182.449 -0.09638 -0.00412 -2.938 0.59811 8.0000 13.17 0.5703 0.5970 1.274563 
972.3697 5.856 169.895 -0.10833 0.01931 -1.054 0.53079 8.0000 13.33 0.5498 0.5726 1.275073 
971.9807 9.705 148.684 -0.11658 0.07093 -0.371 0.38730 8.0000 13.38 0.5506 0.5710 1.275583 
971.5916 16.987 141.607 -0.16419 0.13011 -0.716 0.31089 8.0000 13.43 0.6332 0.6509 1.276094 
971.2024 24.275 134.680 -0.16887 0.17077 0.455 0.21210 8.0000 13.72 0.8215 0.8412 1.276605 
970.8131 37.001 131.779 -0.15018 0.16810 0.041 0.06462 8.0000 13.57 0.8709 0.8924 1.277117 
970.4238 42.138 127.554 -0.12941 0.16832 0.007 0.02128 8.0000 13.57 0.8577 0.8785 1.277629 
970.0344 41.987 89.939 0.00029 0.26884 0.007 0.02838 8.0000 13.99 0.8419 0.8823 1.278142 
969.6449 20.892 126.442 -0.14411 0.19517 0.004 0.27149 8.0000 13.99 0.9525 0.9795 1.278656 
969.2553 19.526 154.180 -0.28954 0.14009 0.002 0.39645 8.0000 13.93 0.9626 0.9819 1.279170 
968.8657 17.229 169.505 -0.42300 0.07836 -1.491 0.62694 8.0000 14.07 0.9255 0.9669 1.279684 
968.4760 17.826 178.509 -0.56877 0.01480 1.232 0.79318 8.0000 14.24 0.9255 0.9778 1.280199 
968.0861 16.545 182.418 -0.56546 -0.02388 0.312 0.86853 8.0000 14.61 0.9995 1.0613 1.280714 
967.6962 18.561 178.907 -0.75599 0.01442 -1.460 0.99897 8.0000 14.52 0.9386 0.9916 1.281230 
967.3063 14.400 174.664 -0.55592 0.05193 1.243 1.01563 8.0000 14.53 1.0439 1.0779 1.281747 
966.9163 11.179 166.555 -0.39198 0.09371 1.294 0.97987 8.0000 14.63 0.9504 1.0391 1.282264 
966.5261 4.204 90.068 -0.00016 0.13806 -5.715 0.93414 8.0000 14.53 0.8456 0.9777 1.282782 
966.1359 5.612 99.508 -0.03456 0.20636 1.215 1.05435 8.0000 14.37 0.9453 1.1752 1.283300 
965.7457 5.205 127.943 -0.16038 0.20570 -0.733 1.41973 8.0000 14.53 1.0676 1.2381 1.283818 
965.3553 5.251 126.174 -0.12689 0.17354 1.263 1.15977 8.0000 14.92 0.9394 1.0757 1.284337 
964.9649 4.049 122.940 -0.06491 0.10018 12.298 0.83888 8.0000 14.93 0.8095 0.9933 1.284857 
964.5743 2.170 108.579 -0.01303 0.03875 1.494 0.53878 8.0000 14.82 0.7210 1.0128 1.285377 
964.1838 3.699 120.337 -0.02376 0.04060 0.285 0.36230 8.0000 15.03 0.7401 1.1095 1.285898 
963.7931 13.315 125.707 -0.07593 0.10564 1.433 0.25944 8.0000 15.12 0.7880 1.2006 1.286419 
963.4023 24.358 134.499 -0.19452 0.19795 0.159 0.24368 8.0000 15.27 0.7340 1.1060 1.286941 
963.0115 21.492 90.398 -0.00222 0.32010 1.253 0.34346 8.0000 15.45 0.7200 1.0722 1.287463 
962.6207 9.897 70.635 0.05446 0.15495 1.272 0.45632 8.0000 15.48 0.5994 0.7917 1.287986 
962.2297 14.486 172.307 -0.45187 0.06104 1.223 0.82354 8.0000 15.58 0.7828 0.8512 1.288509 
961.8386 10.595 165.845 -0.39917 0.10067 1.280 1.06184 8.0000 15.78 0.9433 1.1518 1.289033 
961.4474 12.721 185.407 -0.46927 -0.04441 1.249 0.99081 8.0000 15.91 0.8740 1.0832 1.289558 
961.0562 12.651 192.858 -0.45891 -0.10475 1.354 0.99567 8.0000 15.74 0.9085 1.1767 1.290083 
960.6649 13.612 198.834 -0.48118 -0.16413 0.024 0.98826 8.0000 16.12 0.8042 1.0139 1.290608 
960.2736 13.174 212.737 -0.40450 -0.26005 0.026 0.97093 8.0000 15.91 0.6807 0.7949 1.291134 
959.8821 10.130 193.813 -0.33749 -0.08297 0.958 0.94149 8.0000 15.98 0.6787 0.7236 1.291661 
959.4905 8.856 161.100 -0.25908 0.08870 1.229 0.85751 8.0000 16.09 0.7011 0.7715 1.292188 
959.0989 9.759 84.559 0.02310 0.24255 1.211 0.68740 8.0000 16.37 0.5945 0.7686 1.292715 
958.7073 4.407 134.432 -0.06948 0.07087 2.417 0.64003 8.0000 16.39 0.5699 0.7309 1.293243 
958.3155 11.256 145.316 -0.21514 0.14888 -23.198 0.63126 8.0000 16.12 0.5703 0.6058 1.293772 
957.9236 10.971 143.862 -0.20789 0.15181 1.298 0.63901 8.0000 16.21 0.6129 0.6203 1.294301 
957.5317 7.859 146.332 -0.16374 0.10907 -122.869 0.69904 8.0000 16.24 0.6831 0.6881 1.294831 
957.1396 5.273 142.139 -0.11258 0.08752 1.158 0.76594 8.0000 16.13 0.8106 0.8262 1.295362 
956.7476 4.087 143.234 -0.09722 0.07264 -3.338 0.84485 8.0000 16.66 0.8552 0.8648 1.295892 
956.3554 1.428 143.308 -0.03614 0.02693 1.566 0.90340 8.0000 17.23 0.8529 0.8655 1.296424 
955.9632 4.248 170.182 -0.14010 0.02425 -0.011 0.95180 8.0000 17.28 0.9166 0.9394 1.296956 
955.5709 1.762 104.589 -0.01673 0.06427 -0.008 1.07860 8.0000 17.01 1.0205 1.0603 1.297488 
955.1784 3.446 76.219 0.02738 0.11162 -0.008 0.95078 8.0000 17.07 0.8042 0.8510 1.298021 
954.7859 6.708 72.185 0.05538 0.17234 1.199 0.75887 8.0000 17.25 0.6720 0.8436 1.298555 
954.3934 13.937 79.102 0.05095 0.26462 12.686 0.50950 8.0000 17.14 0.6525 0.9312 1.299089 
954.0007 20.514 88.681 0.00694 0.30146 1.352 0.34654 8.0000 17.12 0.6647 0.9940 1.299624 
953.6080 17.253 121.919 -0.18365 0.29483 1.719 0.50529 8.0000 17.46 0.8282 1.1604 1.300159 
953.2152 26.618 118.794 -0.17940 0.32642 -1.027 0.27828 8.0000 17.57 0.5978 0.8933 1.300695 
952.8223 23.005 99.897 -0.05249 0.30084 1.243 0.29480 8.0000 17.45 0.5255 0.8043 1.301231 
952.4293 15.546 72.760 0.06928 0.22326 1.408 0.38764 8.0000 17.69 0.5874 0.8513 1.301768 
952.0363 5.495 66.210 0.04899 0.11112 1.398 0.62533 8.0000 17.63 0.7187 0.9580 1.302305 
951.6432 9.366 29.510 0.30334 0.17169 1.332 1.02785 8.0000 18.04 0.8524 1.1062 1.302843 
951.2499 10.957 43.342 0.25182 0.23766 2.862 0.86074 8.0000 17.62 0.6830 0.8945 1.303382 
950.8567 42.296 341.384 1.10771 -0.37313 4.850 0.11064 8.0000 17.80 0.6391 1.3993 1.303921 
950.4633 6.766 49.804 0.14213 0.16821 1.339 0.91496 8.0000 17.94 0.6110 0.7586 1.304461 
950.0699 8.693 120.764 -0.16899 0.28389 -0.271 1.05511 8.0000 18.13 0.9984 1.8970 1.305001 
949.6763 12.039 133.464 -0.28981 0.30578 -0.136 0.94277 8.0000 18.29 1.4205 2.8328 1.305542 
949.2827 13.961 128.096 -0.35242 0.44952 -0.091 1.07776 8.0000 18.37 1.2293 3.0110 1.306083 
948.8890 10.493 129.380 -0.34793 0.42388 -0.179 1.42966 8.0000 18.78 1.3514 3.1762 1.306625 
948.4953 12.385 128.598 -0.33968 0.42554 0.012 1.17996 8.0000 18.66 1.3464 3.0397 1.307167 
948.1014 26.127 129.896 -0.78225 0.93570 0.391 0.94422 8.0000 18.73 1.4898 3.1414 1.307710 
947.7075 13.656 128.949 -0.16316 0.20185 0.810 0.50259 8.0000 18.87 1.4226 2.1946 1.308254 
947.3135 0.922 299.774 0.01388 -0.02427 1.180 0.86852 8.0000 18.14 1.0261 1.7129 1.308798 
946.9194 16.138 308.763 0.81055 -1.00943 0.443 2.04968 8.0000 18.48 0.8767 2.4484 1.309343 
946.5253 5.597 306.899 0.49439 -0.65849 0.141 4.16123 8.0000 18.59 1.4473 3.0093 1.309888 
946.1310 22.861 167.035 -23.96882 5.51812 1.382 23.98401 8.0000 19.22 19.7272 38.2283 1.310434 
945.7367 31.765 163.350 -26.91114 8.04817 1.085 13.98593 8.0000 18.83 4.0786 9.8741 1.310980 
945.3423 25.434 165.420 -19.88279 5.17170 0.452 16.71474 8.0000 19.23 22.5490 46.4762 1.311527 
944.9478 24.924 165.551 -20.96197 5.40111 0.229 18.26164 8.0000 19.42 35.8767 72.8404 1.312074 
944.5532 24.802 165.497 -25.34056 6.55484 1.129 22.27314 8.0000 19.18 43.8234 88.7187 1.312623 
944.1586 24.771 165.356 -34.14350 8.92143 -3.605 30.09651 8.0000 19.17 46.6203 94.0449 1.313171 
943.7639 24.768 165.167 -114.16814 30.23477 0.124 100.73884 8.0000 19.40 44.1361 88.7177 1.313720 
943.3691 24.985 164.821 -52.94663 14.36468 2.436 46.08207 8.0000 19.47 36.0665 72.7606 1.314270 
942.9742 25.538 164.321 -199.13747 55.89799 2.447 167.04066 8.0000 19.64 22.9466 46.4979 1.314821 
942.5792 58.830 339.614 7.77632 -2.88980 1.434 -4.34808 8.0000 19.81 4.6270 9.9141 1.315372 
942.1841 22.762 167.820 -11.38245 2.45687 -1.853 11.43315 8.0000 19.89 18.9785 38.0070 1.315923 
941.7890 15.653 334.036 0.59717 -0.29079 -1.754 1.09221 8.0000 20.09 0.9652 1.7987 1.316475 
941.3938 20.143 100.949 -0.11640 0.60167 -41.373 0.72300 8.0000 20.10 0.6823 0.8913 1.317028 
940.9985 24.337 22.629 0.68066 0.28373 0.604 0.64846 8.0000 20.17 0.6877 0.7374 1.317581 
940.6031 8.660 66.952 0.10533 0.24757 -9.855 0.86272 8.0000 20.19 0.6476 0.7619 1.318135 
940.2077 11.021 141.287 -0.26504 0.21244 3.701 0.83891 8.0000 20.33 0.6559 0.8267 1.318689 
939.8122 17.801 162.210 -0.57048 0.18305 4.358 0.83677 8.0000 20.54 0.7098 0.8995 1.319244 
939.4166 19.062 171.469 -0.69837 0.10475 2.047 0.89983 8.0000 20.35 0.8570 1.0117 1.319800 
939.0209 18.004 163.761 -0.62993 0.18347 -6.431 0.90280 8.0000 20.21 0.8593 1.0563 1.320356 
938.6251 17.748 162.162 -0.58388 0.18789 1.393 0.86003 8.0000 20.39 0.8643 1.0231 1.320913 
938.2292 16.601 166.467 -0.49524 0.11920 1.298 0.77834 8.0000 20.71 0.7837 0.8752 1.321470 
937.8333 14.339 152.423 -0.43142 0.22532 1.283 0.88984 8.0000 20.62 0.8848 0.9767 1.322028 
937.4373 15.537 133.440 -0.35935 0.37947 -3.450 0.86727 8.0000 21.26 0.6795 0.8953 1.322586 
937.0412 8.675 37.635 0.17639 0.13601 13.214 0.71295 8.0000 21.13 0.6329 0.7089 1.323146 
936.6450 3.596 71.605 0.02887 0.08681 1.321 0.72507 8.0000 20.78 0.8002 0.9807 1.323705 
936.2487 2.635 74.506 0.01901 0.06857 1.333 0.77134 8.0000 21.02 0.9892 1.3272 1.324266 
935.8524 2.470 58.956 0.03003 0.04989 0.969 0.67377 8.0000 21.45 1.0193 1.5100 1.324826 
935.4560 3.051 29.911 0.05404 0.03109 1.302 0.58304 8.0000 21.60 0.9514 1.5433 1.325388 
935.0594 7.042 334.277 0.12367 -0.05958 -0.714 0.54711 8.0000 21.79 0.9451 1.4976 1.325950 
934.6629 2.465 260.504 -0.01191 -0.07120 -0.068 0.83696 8.0000 21.59 1.0017 1.3185 1.326512 
934.2662 8.457 301.787 0.09919 -0.16005 1.423 0.61922 8.0000 21.51 0.8067 1.0408 1.327076 
933.8694 38.223 5.672 0.30562 0.03035 1.884 0.07404 8.0000 21.92 0.8350 1.3525 1.327640 
933.4727 11.096 180.689 -1.45179 -0.01747 -3.789 3.55909 8.0000 22.04 1.3863 2.4256 1.328204 
933.0757 12.853 174.319 -2.22785 0.22162 -1.091 4.65084 8.0000 22.05 1.6142 2.8744 1.328769 
932.6787 13.353 176.842 -2.72124 0.15016 1.243 5.41739 8.0000 22.43 1.5813 2.9332 1.329334 
932.2817 79.215 41.245 7.88922 6.91747 33.735 -26.54022 8.0000 22.27 1.2425 2.5774 1.329901 
931.8845 79.905 58.540 3.79032 6.19500 0.260 -19.74916 8.0000 22.35 1.1557 2.4697 1.330467 
931.4873 75.051 82.967 0.23866 1.93446 -139.984 -3.38982 8.0000 22.31 0.9007 1.9477 1.331035 
931.0900 45.343 102.969 -0.14596 0.63378 0.371 -0.00778 8.0000 22.65 0.6109 1.2027 1.331603 
930.6926 14.006 137.596 -0.37553 0.34296 1.246 0.95598 8.0000 22.68 0.6704 0.7386 1.332171 
930.2951 8.385 123.895 -0.12373 0.18417 -7.168 0.73625 8.0000 22.70 0.6835 0.7565 1.332740 
929.8975 12.201 122.422 -0.16311 0.25679 0.060 0.67056 8.0000 22.95 0.6912 0.7485 1.333310 
929.4999 5.954 103.445 -0.03677 0.15380 10.224 0.74990 8.0000 23.36 0.7626 0.7908 1.333881 
929.1022 3.346 0.558 0.11429 0.00111 9.554 0.97420 8.0000 23.90 0.8091 0.8346 1.334452 
928.7043 3.342 339.352 0.10705 -0.04034 1.452 0.97631 8.0000 23.38 1.0628 1.1154 1.335023 
928.3065 1.382 39.243 0.03630 0.02965 3.823 0.97104 8.0000 23.58 1.1984 1.2633 1.335595 
927.9085 1.961 12.078 0.06867 0.01469 1.298 1.02414 8.0000 23.45 1.2392 1.3219 1.336168 
927.5104 2.406 9.626 0.08343 0.01415 0.342 1.00523 8.0000 23.92 1.1545 1.2595 1.336742 
927.1123 3.485 357.207 0.11539 -0.00563 0.149 0.94494 8.0000 23.86 0.9502 1.1085 1.337316 
926.7141 3.443 357.379 0.10355 -0.00474 0.034 0.85825 8.0000 23.58 0.7508 0.9813 1.337890 
926.3158 1.541 320.721 0.03053 -0.02497 0.749 0.73231 8.0000 23.87 0.7419 0.8700 1.338466 
925.9174 7.178 146.708 -0.12979 0.08523 0.581 0.60673 8.0000 24.08 0.6746 0.7167 1.339042 
925.5190 4.624 148.065 -0.08980 0.05597 -0.185 0.64981 8.0000 24.03 0.5892 0.6203 1.339618 
925.1204 3.645 264.287 -0.00799 -0.07984 -0.074 0.62725 8.0000 24.26 0.5557 0.6022 1.340195 
924.7218 2.820 190.969 -0.04530 -0.00878 -0.051 0.46732 8.0000 24.08 0.5619 0.5887 1.340773 
924.3231 3.448 148.863 -0.05001 0.03021 -0.025 0.48302 8.0000 24.36 0.5607 0.5756 1.341351 
923.9243 7.437 135.216 -0.10347 0.10269 1.428 0.54889 8.0000 24.59 0.5585 0.5599 1.341930 
923.5255 8.449 132.000 -0.12956 0.14389 1.353 0.63735 8.0000 25.12 0.6103 0.6186 1.342510 
923.1265 18.608 158.894 -0.55416 0.21390 0.063 0.78214 8.0000 24.37 0.7775 0.9441 1.343090 
922.7275 7.392 122.916 -0.11889 0.18367 0.041 0.82905 8.0000 25.10 0.8554 0.9098 1.343671 
922.3283 6.304 34.704 0.16689 0.11558 1.356 0.90767 8.0000 25.04 0.9542 1.0988 1.344252 
921.9291 7.790 34.550 0.22133 0.15240 0.000 0.96381 8.0000 25.23 1.2783 1.5641 1.344834 
921.5298 9.083 22.357 0.29732 0.12229 0.000 0.97982 8.0000 25.10 1.4031 1.7627 1.345417 
921.1305 8.844 26.401 0.28538 0.14167 0.000 0.99905 8.0000 24.75 1.5074 1.9031 1.346000 
920.7311 9.819 18.960 0.32050 0.11010 0.000 0.94971 8.0000 25.09 1.3392 1.6518 1.346584 
920.3315 9.386 29.015 0.27686 0.15356 0.000 0.93151 8.0000 25.82 1.1643 1.4036 1.347169 
919.9319 7.732 60.872 0.11969 0.21479 0.000 0.88878 8.0000 25.39 1.0519 1.1717 1.347754 
919.5322 9.250 113.382 -0.11405 0.26377 1.685 0.85882 8.0000 25.06 0.9618 0.9950 1.348340 
919.1324 17.384 146.684 -0.49864 0.32775 1.305 0.85958 8.0000 25.84 0.9118 1.0869 1.348926 
918.7326 11.005 116.495 -0.14394 0.28876 5.073 0.79815 8.0000 25.60 0.7621 0.7980 1.349513 
918.3326 18.995 113.710 -0.11803 0.26874 -6.341 0.37581 8.0000 26.15 1.4479 1.7336 1.350101 
917.9326 4.121 96.749 -0.01592 0.13452 1.503 0.93522 8.0000 26.00 0.5780 0.6406 1.350689 
917.5325 57.387 122.230 -0.29316 0.46500 2.404 -0.25370 8.0000 25.82 1.3369 1.6748 1.351278 
917.1323 47.720 114.669 -0.14915 0.32474 2.011 -0.03403 8.0000 25.98 2.0596 2.6452 1.351868 
916.7321 53.246 115.710 -0.17531 0.36410 5.007 -0.11964 8.0000 26.17 2.4001 3.1388 1.352458 
916.3317 64.510 117.061 -0.19184 0.37551 102.320 -0.34171 8.0000 26.35 2.3925 3.1540 1.353049 
915.9313 71.647 117.781 -0.21784 0.41350 1.507 -0.62690 8.0000 26.26 2.1565 2.8618 1.353641 
915.5308 77.117 118.579 -0.28656 0.52605 2.813 -1.24103 8.0000 26.48 1.7570 2.3062 1.354233 
915.1302 80.137 123.579 -1.06589 1.60554 1.470 -5.37468 8.0000 26.76 1.2300 1.5554 1.354826 
914.7295 3.672 322.196 0.15550 -0.12064 0.001 1.52696 8.0000 26.62 0.9358 1.0373 1.355419 
914.3287 8.104 106.876 -0.04629 0.15260 0.004 0.54857 8.0000 26.40 1.6794 2.0123 1.356013 
913.9279 1.591 25.641 0.04428 0.02125 -0.010 0.88353 8.0000 26.68 0.7073 0.8006 1.356608 
913.5270 1.939 125.120 -0.03272 0.04651 -0.019 0.83908 8.0000 26.76 0.6453 0.6990 1.357203 
913.1259 7.866 113.261 -0.07890 0.18355 1.258 0.70928 8.0000 26.98 0.6125 0.6502 1.357799 
912.7249 4.480 82.130 0.01990 0.14396 0.000 0.92162 8.0000 26.54 0.7268 0.8093 1.358396 
912.3237 4.029 49.417 0.09343 0.10908 1.359 1.01448 8.0000 27.02 0.7953 0.9201 1.358993 
911.9224 6.345 29.593 0.19861 0.11279 -0.263 1.01427 8.0000 27.46 0.7486 0.8848 1.359591 
911.5211 16.804 109.888 -0.12568 0.34743 -0.252 0.55593 8.0000 27.66 0.6226 0.8051 1.360190 
911.1196 1.485 130.701 -0.02372 0.02757 0.160 0.70105 8.0000 27.88 0.5941 0.6323 1.360789 
910.7181 22.027 243.646 -0.34925 -0.70498 0.055 0.81315 8.0000 27.67 0.7682 0.8942 1.361389 
910.3165 24.573 44.686 0.66180 0.65458 0.092 0.80501 8.0000 27.68 1.0883 1.3032 1.361990 
909.9149 32.885 87.357 0.10614 2.29959 -0.059 1.03605 8.0000 27.47 1.7607 2.0386 1.362591 
909.5131 36.579 32.611 1.92696 1.23285 0.038 0.69250 8.0000 27.23 1.8746 2.1994 1.363193 
909.1113 41.193 8.722 3.27579 0.50255 0.011 0.44302 8.0000 27.41 2.4396 2.8690 1.363795 
908.7093 42.267 0.205 3.82387 0.01367 0.004 0.36589 8.0000 27.73 2.9029 3.4170 1.364399 
908.3073 42.765 356.344 3.94520 -0.25208 0.003 0.30902 8.0000 27.34 3.1006 3.6640 1.365003 
907.9052 44.192 356.348 4.17888 -0.26671 0.005 0.11812 8.0000 27.63 3.0798 3.5341 1.365607 
907.5031 56.139 359.630 3.47027 -0.02241 -1.222 -1.42173 8.0000 27.79 3.0103 3.3729 1.366212 
907.1008 37.461 1.532 3.53456 0.09455 -0.003 0.95252 8.0000 27.62 2.3801 2.6224 1.366818 
906.6984 22.923 14.528 0.97422 0.25245 -0.004 0.97708 8.0000 27.68 2.6327 2.7445 1.367425 
906.2960 14.470 48.482 1.05493 1.19162 -0.054 2.87824 8.0000 27.85 2.7085 2.7678 1.368032 
905.8935 15.511 90.172 -0.01591 5.29734 -0.426 8.80885 8.0000 28.07 3.2630 3.4738 1.368640 
905.4909 76.881 233.896 -51.95329 -71.23547 0.011 -178.87590 8.0000 27.83 2.9960 3.1483 1.369248 
905.0883 78.177 229.386 -3.65403 -4.26116 7.045 -12.81991 8.0000 28.10 2.8659 3.0308 1.369857 
904.6855 78.417 269.854 -0.04031 -15.84431 0.856 -37.02985 8.0000 28.75 3.2422 3.7138 1.370467 
904.2826 83.489 162.446 -1.63833 0.51827 -0.006 -7.43045 8.0000 28.40 1.6635 2.0112 1.371078 
903.8797 45.619 98.698 -0.73180 4.78358 -0.003 -0.10455 8.0000 29.01 1.7833 3.2938 1.371689 
903.4767 24.056 134.559 -3.01661 3.06342 1.471 3.85605 8.0000 28.84 2.9900 4.9076 1.372301 
903.0736 32.119 134.403 -2.91086 2.97219 0.191 2.00774 8.0000 28.79 2.9319 5.5403 1.372913 
902.6704 30.534 135.177 -2.74672 2.72976 0.016 2.14058 8.0000 29.00 3.1811 5.8424 1.373527 
902.2672 29.143 136.951 -2.28399 2.13355 -0.011 1.93144 8.0000 28.97 3.1766 5.5410 1.374140 
901.8638 27.437 138.532 -1.80629 1.59629 10.208 1.69581 8.0000 29.03 2.8962 4.7021 1.374755 
901.4604 25.923 138.176 -1.01813 0.91108 -0.040 1.07334 8.0000 28.85 2.2575 3.3805 1.375370 
901.0569 34.987 132.482 -0.19001 0.20749 -0.022 0.10255 8.0000 29.14 1.6711 1.9520 1.375986 
900.6533 61.004 332.321 1.44284 -0.75683 -1.206 -1.01840 8.0000 29.03 1.9644 3.4666 1.376603 
900.2496 83.262 274.811 0.01786 -0.21227 -0.281 -0.88898 8.0000 29.29 1.2666 1.7132 1.377220 
899.8458 13.611 45.638 0.80855 0.82676 0.193 2.24800 8.0000 28.83 0.9141 2.0270 1.377838 
899.4420 69.659 206.189 -39.44542 -19.39986 0.257 -51.14000 8.0000 29.40 1.1766 2.9090 1.378457 
899.0380 67.530 203.195 -4.73087 -2.02715 -0.462 -5.15767 8.0000 29.51 1.4044 3.4808 1.379076 
898.6340 66.961 200.955 -2.26745 -0.86837 0.121 -2.33828 8.0000 29.42 1.5845 3.7161 1.379696 
898.2299 65.289 182.209 -2.59827 -0.10021 -0.718 -2.22687 8.0000 29.43 1.5794 3.6005 1.380317 
897.8257 72.441 209.291 -5.88164 -3.29943 -0.649 -9.58924 8.0000 29.84 1.2795 2.9202 1.380938 
897.4214 13.226 90.274 -0.00579 1.20954 0.236 2.43112 8.0000 30.38 1.1861 2.0805 1.381560 
897.0171 19.141 130.866 -0.56906 0.65773 0.023 1.10200 8.0000 29.88 1.4116 1.7205 1.382183 
896.6127 27.278 150.021 -0.73074 0.42153 0.018 0.60051 8.0000 29.71 1.9039 2.6464 1.382807 
896.2081 23.210 135.173 -0.68969 0.68555 0.010 0.92537 8.0000 29.69 1.6382 1.8909 1.383431 
895.8035 23.391 134.678 -0.66218 0.66966 0.012 0.88491 8.0000 29.73 1.6161 1.9960 1.384056 
895.3989 23.275 134.255 -0.62772 0.64426 0.006 0.85211 8.0000 29.97 1.3444 1.8444 1.384681 
894.9941 20.712 133.689 -0.49008 0.51304 22.704 0.80411 8.0000 30.48 1.1291 1.7129 1.385307 
894.5892 12.672 133.050 -0.25722 0.27536 1.306 0.79556 8.0000 30.75 0.8395 1.5007 1.385934 
894.1843 6.728 307.794 0.13260 -0.17099 0.000 0.90440 8.0000 30.13 0.7689 1.3020 1.386562 
893.7792 7.121 133.886 -0.15147 0.15747 0.006 0.86080 8.0000 30.44 0.7921 1.4040 1.387190 
893.3741 3.417 117.529 -0.05144 0.09870 1.405 0.92886 8.0000 30.23 0.7916 1.3120 1.387819 
892.9689 3.268 1.756 0.10767 0.00330 -7.441 0.94005 8.0000 30.70 0.7224 1.0536 1.388449 
892.5637 7.591 333.418 0.21533 -0.10775 -0.866 0.88738 8.0000 30.67 0.6662 0.8049 1.389079 
892.1583 8.971 329.972 0.25485 -0.14730 0.319 0.90909 8.0000 31.28 0.6170 0.7520 1.389711 
891.7528 6.717 333.871 0.17352 -0.08511 0.598 0.80912 8.0000 30.79 0.6246 0.8031 1.390343 
891.3473 6.740 330.292 0.14054 -0.08019 -0.493 0.67505 8.0000 31.34 0.5938 0.8142 1.390975 
890.9417 4.912 329.897 0.08069 -0.04678 1.255 0.53859 8.0000 30.89 0.5808 0.7931 1.391608 
890.5359 1.743 318.479 0.02841 -0.02516 0.000 0.62305 8.0000 30.93 0.5758 0.7537 1.392242 
890.1302 1.880 219.710 -0.02517 -0.02091 0.065 0.49797 8.0000 31.43 0.5417 0.6559 1.392877 
889.7243 5.589 200.092 -0.06781 -0.02481 0.000 0.36541 8.0000 30.93 0.5211 0.6543 1.393512 
889.3184 7.233 326.479 0.06968 -0.04616 0.000 0.32397 8.0000 31.14 0.5191 0.5485 1.394148 
888.9123 8.244 357.126 0.11086 -0.00556 1.315 0.37499 8.0000 31.26 0.5257 0.5596 1.394785 
888.5062 7.057 0.040 0.09429 0.00007 -2.273 0.37502 8.0000 31.93 0.5325 0.6542 1.395423 
888.1000 6.108 119.356 -0.07438 0.13223 -101.978 0.70077 8.0000 31.42 0.6573 0.7370 1.396061 
887.6937 6.573 118.971 -0.08642 0.15610 1.365 0.76393 8.0000 31.85 0.7432 0.8416 1.396700 
887.2873 7.011 122.335 -0.10798 0.17058 -920.895 0.80839 8.0000 32.29 0.7799 0.8877 1.397340 
886.8808 7.924 124.224 -0.13457 0.19784 1.418 0.84283 8.0000 31.72 0.8387 0.9148 1.397980 
886.4743 5.803 130.809 -0.12803 0.14827 1.834 0.95385 8.0000 31.95 0.7490 0.8221 1.398621 
886.0676 7.861 139.034 -0.17057 0.14810 1.491 0.80249 8.0000 31.88 0.6959 0.7446 1.399263 
885.6609 9.143 144.696 -0.21131 0.14964 1.305 0.78355 8.0000 31.95 0.6704 0.6912 1.399906 
885.2541 7.993 136.385 -0.15720 0.14978 0.071 0.75795 8.0000 32.33 0.6408 0.6850 1.400549 
884.8472 7.707 133.542 -0.12816 0.13485 0.011 0.67475 8.0000 32.16 0.5967 0.6391 1.401193 
884.4402 7.562 127.912 -0.09205 0.11819 152.986 0.55426 8.0000 32.45 0.5624 0.6006 1.401838 
884.0332 10.145 129.307 -0.15535 0.18975 1.292 0.66331 8.0000 32.63 0.6170 0.6395 1.402483 
883.6260 9.717 126.066 -0.14190 0.19484 0.000 0.68320 8.0000 32.59 0.6169 0.6319 1.403130 
883.2188 12.064 123.379 -0.13541 0.20552 0.000 0.54949 8.0000 32.98 0.5908 0.6013 1.403777 
882.8115 10.558 107.088 -0.06333 0.20601 0.000 0.55808 8.0000 32.69 0.6180 0.6496 1.404424 
882.4041 2.104 146.675 -0.03570 0.02347 0.046 0.58072 8.0000 32.84 0.5508 0.5561 1.405073 
881.9966 3.478 202.541 -0.07584 -0.03148 0.032 0.67299 8.0000 33.00 0.5805 0.6281 1.405722 
881.5890 5.042 233.716 -0.07820 -0.10652 0.022 0.74313 8.0000 33.16 0.6267 0.7288 1.406372 
881.1813 9.040 248.610 -0.07658 -0.19551 0.017 0.64314 8.0000 32.85 0.6013 0.7458 1.407023 
880.7736 17.799 294.621 0.13965 -0.30473 0.558 0.46826 8.0000 33.34 0.5954 0.7975 1.407674 
880.3658 31.830 257.564 -0.07539 -0.34186 -0.016 0.17333 8.0000 32.81 0.5538 0.7388 1.408326 
879.9579 48.145 287.513 0.95314 -3.02055 -0.022 -0.34917 8.0000 33.11 0.9878 1.2015 1.408979 
879.5499 40.140 150.983 -0.67192 0.37271 0.019 0.13161 8.0000 33.15 0.6031 0.8065 1.409632 
879.1418 38.398 127.415 -1.08509 1.41847 0.121 0.41902 8.0000 33.30 1.3429 1.5431 1.410287 
878.7336 34.128 123.705 -1.01290 1.51852 -0.006 0.72798 8.0000 33.41 2.0625 2.2387 1.410942 
878.3253 34.731 123.539 -1.16651 1.75979 -0.175 0.79101 8.0000 33.77 2.3867 2.7069 1.411598 
877.9170 34.579 122.688 -1.18361 1.84450 1.352 0.83431 8.0000 33.64 2.4994 2.9126 1.412254 
877.5085 34.513 120.763 -1.13137 1.90071 361.038 0.84797 8.0000 33.92 2.3480 2.8542 1.412912 
877.1000 33.433 120.670 -0.98649 1.66342 1.505 0.82628 8.0000 34.11 1.9247 2.4778 1.413570 
876.6915 30.997 118.483 -0.65270 1.20299 1.363 0.72793 8.0000 33.99 1.2486 1.8682 1.414228 
876.2828 20.795 136.160 -0.32072 0.30799 0.084 0.50098 8.0000 34.04 0.6542 0.9564 1.414888 
875.8740 41.015 292.889 1.15818 -2.74331 0.162 0.41694 8.0000 34.86 1.0050 1.1297 1.415548 
875.4651 10.454 152.541 -0.30138 0.15661 0.039 0.88910 8.0000 34.63 1.3050 7.0647 1.416209 
875.0562 15.607 293.715 0.17296 -0.39372 0.208 0.70967 8.0000 34.63 0.7522 1.8969 1.416871 
874.6472 26.755 136.656 -0.99829 0.94219 4.303 1.01540 8.0000 34.27 1.4235 8.6352 1.417534 
874.2380 18.960 139.889 -0.60591 0.51043 0.000 1.01699 8.0000 34.63 2.2200 13.3247 1.418197 
873.8289 17.617 140.539 -0.55291 0.45514 1.292 1.01395 8.0000 34.29 2.6705 16.2225 1.418861 
873.4196 17.367 141.043 -0.55294 0.44708 1.297 1.02558 8.0000 35.16 2.6798 17.1562 1.419526 
873.0102 17.620 141.072 -0.56306 0.45479 0.041 1.02455 8.0000 35.00 2.5045 16.1834 1.420192 
872.6007 18.286 139.691 -0.61119 0.51849 -0.069 1.08032 8.0000 34.57 2.0456 13.2666 1.420858 
872.1912 25.899 133.230 -1.24449 1.32385 -0.118 1.42994 8.0000 35.25 1.1551 8.5582 1.421525 
871.7816 5.333 239.723 -0.08553 -0.14650 -0.048 0.90072 8.0000 34.63 0.6758 1.7651 1.422193 
871.3718 9.835 153.304 -0.30304 0.15238 1.314 0.94889 8.0000 35.87 1.6887 7.2819 1.422862 
870.9620 4.735 186.724 -0.13344 -0.01573 -0.138 0.80550 8.0000 35.62 0.6602 0.7344 1.423532 
870.5521 5.399 135.116 -0.10047 0.10006 1.391 0.74343 8.0000 35.72 0.6180 0.7253 1.424202 
870.1422 3.540 159.270 -0.08119 0.03073 1.327 0.69905 8.0000 35.96 0.5924 0.7128 1.424873 
869.7321 5.282 157.554 -0.11844 0.04893 0.032 0.68718 8.0000 35.71 0.6099 0.7143 1.425545 
869.3219 7.060 148.404 -0.15474 0.09518 1.285 0.72225 8.0000 35.76 0.6644 0.7371 1.426217 
868.9117 8.753 139.037 -0.18558 0.16111 1.366 0.77920 8.0000 36.08 0.7252 0.7596 1.426891 
868.5013 9.940 133.369 -0.20425 0.21622 -0.011 0.82252 8.0000 36.10 0.8098 0.8160 1.427565 
868.0909 10.746 129.564 -0.21773 0.26353 1.260 0.86816 8.0000 36.27 0.9435 0.9519 1.428240 
867.6805 10.713 131.724 -0.22833 0.25606 -0.016 0.87424 8.0000 36.39 0.9139 0.9173 1.428915 
867.2699 9.960 131.462 -0.20206 0.22869 1.281 0.84212 8.0000 36.43 0.8042 0.8056 1.429592 
866.8592 9.703 130.963 -0.19140 0.22047 1.285 0.82874 8.0000 36.83 0.7610 0.7626 1.430269 
866.4485 8.658 129.571 -0.16643 0.20139 -0.238 0.83797 8.0000 36.44 0.7126 0.7151 1.430947 
866.0376 8.847 129.655 -0.16563 0.19983 1.237 0.81355 8.0000 36.46 0.6904 0.7031 1.431626 
865.6267 9.060 128.766 -0.16752 0.20860 1.272 0.81755 8.0000 37.70 0.6982 0.6992 1.432306 
865.2157 8.884 127.226 -0.15468 0.20358 -0.015 0.79784 8.0000 36.69 0.6794 0.6877 1.432986 
864.8046 9.420 126.713 -0.16405 0.21999 1.263 0.80429 8.0000 37.03 0.7013 0.7224 1.433667 
864.3934 9.207 126.716 -0.16127 0.21624 1.270 0.81023 8.0000 37.15 0.7022 0.7346 1.434349 
863.9821 10.087 130.903 -0.19707 0.22748 1.348 0.81919 8.0000 37.04 0.7169 0.7637 1.435032 
863.5707 8.910 128.504 -0.16867 0.21202 -3.217 0.84288 8.0000 37.54 0.7303 0.7613 1.435716 
863.1593 6.697 125.388 -0.11314 0.15927 1.350 0.82039 8.0000 37.74 0.6760 0.6937 1.436400 
862.7477 6.917 125.099 -0.12209 0.17372 1.273 0.86225 8.0000 38.08 0.7261 0.7311 1.437085 
862.3361 6.575 124.522 -0.11570 0.16820 -0.005 0.87384 8.0000 37.65 0.7384 0.7447 1.437771 
861.9244 6.627 127.076 -0.12351 0.16345 1.274 0.86982 8.0000 37.94 0.7531 0.7787 1.438458 
861.5126 6.828 127.244 -0.13070 0.17192 -1.644 0.88885 8.0000 38.10 0.7592 0.7783 1.439145 
861.1008 5.619 127.874 -0.10296 0.13238 1.249 0.84403 8.0000 38.05 0.7054 0.7104 1.439834 
860.6888 5.178 128.990 -0.09727 0.12016 1.253 0.84604 8.0000 38.34 0.6847 0.6914 1.440523 
860.2767 5.960 129.140 -0.11079 0.13613 1.271 0.83145 8.0000 37.88 0.6679 0.6849 1.441213 
859.8646 5.935 128.629 -0.10272 0.12853 -0.004 0.78286 8.0000 38.24 0.6417 0.6705 1.441904 
859.4523 6.496 131.114 -0.12919 0.14802 1.275 0.85155 8.0000 38.57 0.6639 0.6927 1.442595 
859.0400 6.731 131.135 -0.14454 0.16548 5.044 0.91787 8.0000 38.64 0.6817 0.7068 1.443288 
858.6276 6.851 131.492 -0.16432 0.18578 1.263 1.01732 8.0000 39.13 0.6987 0.7155 1.443981 
858.2151 7.422 131.853 -0.17402 0.19427 1.283 0.98405 8.0000 39.28 0.7235 0.7298 1.444675 
857.8026 7.670 132.057 -0.16067 0.17809 1.298 0.87435 8.0000 38.74 0.7553 0.7572 1.445370 
857.3899 7.584 132.006 -0.15566 0.17284 1.257 0.85795 8.0000 39.00 0.7907 0.8036 1.446065 
856.9771 7.806 132.017 -0.15161 0.16828 1.271 0.81059 8.0000 38.31 0.8027 0.8059 1.446762 
856.5643 8.054 131.885 -0.15784 0.17601 1.249 0.81869 8.0000 38.91 0.8087 0.8118 1.447459 
856.1514 8.389 131.629 -0.15798 0.17776 0.001 0.78876 8.0000 39.52 0.8169 0.8199 1.448157 
855.7383 8.327 131.552 -0.15485 0.17470 1.271 0.78042 8.0000 39.57 0.8123 0.8152 1.448856 
855.3253 8.408 131.432 -0.15508 0.17571 1.256 0.77543 8.0000 39.63 0.8255 0.8282 1.449556 
854.9120 8.334 131.237 -0.16460 0.18777 1.334 0.83395 8.0000 39.38 0.8241 0.8262 1.450257 
854.4988 8.450 131.042 -0.18108 0.20800 1.292 0.90767 8.0000 39.58 0.7994 0.8005 1.450958 
854.0854 8.536 131.089 -0.18171 0.20838 1.296 0.90027 8.0000 39.38 0.8045 0.8058 1.451660 
853.6719 8.447 131.015 -0.17805 0.20472 1.295 0.89339 8.0000 39.89 0.8146 0.8161 1.452364 
853.2584 8.645 130.855 -0.18701 0.21623 1.267 0.91839 8.0000 39.95 0.7960 0.7972 1.453067 
852.8448 8.728 130.795 -0.19159 0.22200 1.248 0.93255 8.0000 39.92 0.7860 0.7869 1.453772 
852.4311 8.988 130.818 -0.19604 0.22697 1.300 0.92430 8.0000 39.71 0.7708 0.7715 1.454478 
852.0173 9.890 130.409 -0.18773 0.22051 1.273 0.80527 8.0000 40.09 0.7573 0.7580 1.455184 
851.6034 9.187 129.961 -0.18756 0.22383 1.267 0.87925 8.0000 40.00 0.7778 0.7785 1.455891 
851.1894 9.362 129.660 -0.18635 0.22479 1.266 0.86147 8.0000 39.93 0.7805 0.7813 1.456599 
850.7753 9.340 129.680 -0.18369 0.22142 1.263 0.85096 8.0000 40.08 0.7854 0.7864 1.457308 
850.3612 9.275 129.573 -0.19254 0.23296 1.290 0.90064 8.0000 40.43 0.7785 0.7794 1.458018 
849.9470 9.259 129.255 -0.19338 0.23664 1.226 0.91244 8.0000 40.21 0.7809 0.7821 1.458728 
849.5326 9.268 129.333 -0.19019 0.23210 1.296 0.89497 8.0000 40.19 0.7893 0.7906 1.459440 
849.1182 9.584 129.244 -0.18873 0.23105 1.272 0.85826 8.0000 40.83 0.7832 0.7844 1.460152 
848.7037 9.358 129.258 -0.19150 0.23432 1.261 0.89320 8.0000 40.65 0.7894 0.7908 1.460865 
848.2891 9.208 129.314 -0.19429 0.23727 1.290 0.92104 8.0000 40.58 0.7955 0.7968 1.461579 
847.8744 8.986 129.209 -0.19745 0.24202 1.259 0.96288 8.0000 41.41 0.8031 0.8045 1.462294 
847.4597 9.705 129.100 -0.19813 0.24380 1.256 0.89162 8.0000 41.24 0.7770 0.7784 1.463010 
847.0448 9.878 129.148 -0.20286 0.24919 1.252 0.89470 8.0000 41.55 0.7699 0.7712 1.463726 
846.6298 10.126 129.034 -0.20272 0.25003 1.259 0.87245 8.0000 41.82 0.7650 0.7663 1.464444 
846.2148 10.801 129.002 -0.20224 0.24973 1.243 0.81153 8.0000 41.41 0.7489 0.7503 1.465162 
845.7997 10.764 129.144 -0.20519 0.25209 1.248 0.82395 8.0000 41.59 0.7528 0.7542 1.465881 
845.3845 10.665 129.231 -0.21064 0.25798 1.253 0.85291 8.0000 41.54 0.7523 0.7538 1.466601 
844.9692 10.535 129.338 -0.21298 0.25986 1.253 0.87206 8.0000 41.77 0.7612 0.7630 1.467322 
844.5538 10.045 128.666 -0.21180 0.26469 1.264 0.92689 8.0000 41.47 0.7677 0.7694 1.468044 
844.1383 10.096 128.699 -0.20815 0.25982 1.246 0.90522 8.0000 41.62 0.7737 0.7754 1.468766 
843.7227 9.952 128.804 -0.20533 0.25534 1.253 0.90491 8.0000 42.52 0.7865 0.7887 1.469490 
843.3071 10.285 128.777 -0.20408 0.25403 1.222 0.86826 8.0000 42.17 0.7787 0.7808 1.470214 
842.8914 10.148 128.766 -0.20667 0.25736 1.269 0.89244 8.0000 42.39 0.7840 0.7861 1.470939 
842.4755 10.048 128.645 -0.20271 0.25352 1.257 0.88723 8.0000 42.48 0.7894 0.7915 1.471665 
842.0596 10.037 128.448 -0.20225 0.25474 1.263 0.89008 8.0000 42.75 0.7804 0.7823 1.472392 
841.6436 10.002 128.353 -0.20091 0.25392 1.235 0.88941 8.0000 43.01 0.7829 0.7848 1.473120 
841.2275 9.734 128.231 -0.19538 0.24801 1.233 0.89322 8.0000 42.84 0.8017 0.8032 1.473849 
840.8113 9.511 128.138 -0.18916 0.24091 1.227 0.88840 8.0000 43.20 0.8160 0.8175 1.474578 
840.3951 9.545 128.000 -0.18994 0.24311 1.229 0.89143 8.0000 43.01 0.8165 0.8179 1.475308 
839.9787 9.440 127.861 -0.18826 0.24217 1.233 0.89695 8.0000 43.03 0.8190 0.8207 1.476040 
839.5623 9.283 127.704 -0.18429 0.23841 1.247 0.89717 8.0000 43.79 0.8277 0.8298 1.476772 
839.1457 9.541 127.859 -0.18802 0.24188 1.261 0.88568 8.0000 43.47 0.8247 0.8268 1.477505 
838.7291 9.644 127.821 -0.18977 0.24447 1.252 0.88430 8.0000 43.58 0.8230 0.8251 1.478239 
838.3124 9.710 127.786 -0.19029 0.24545 1.255 0.88096 8.0000 44.05 0.8213 0.8234 1.478974 
837.8956 9.743 127.590 -0.19041 0.24734 1.263 0.88210 8.0000 44.41 0.8218 0.8236 1.479709 
837.4787 9.750 127.518 -0.19226 0.25040 1.259 0.89150 8.0000 44.32 0.8173 0.8189 1.480446 
837.0617 9.902 127.504 -0.19459 0.25357 1.289 0.88764 8.0000 44.18 0.8167 0.8184 1.481183 
836.6447 9.891 127.455 -0.19556 0.25528 1.268 0.89407 8.0000 44.39 0.8194 0.8213 1.481922 
836.2275 10.006 127.400 -0.19791 0.25885 1.255 0.89461 8.0000 44.91 0.8162 0.8181 1.482661 
835.8102 10.027 127.282 -0.19909 0.26152 1.234 0.90041 8.0000 45.15 0.8170 0.8191 1.483401 
835.3929 10.007 127.206 -0.19779 0.26052 1.232 0.89803 8.0000 44.80 0.8187 0.8207 1.484142 
834.9755 10.062 127.120 -0.19894 0.26286 1.236 0.89964 8.0000 45.11 0.8175 0.8197 1.484884 
834.5579 10.126 127.082 -0.19958 0.26407 1.238 0.89716 8.0000 45.23 0.8166 0.8187 1.485627 
834.1403 10.107 127.023 -0.19840 0.26306 1.241 0.89489 8.0000 45.60 0.8158 0.8179 1.486371 
833.7227 10.157 127.010 -0.19953 0.26469 1.231 0.89538 8.0000 45.50 0.8168 0.8189 1.487115 
833.3049 10.262 126.991 -0.20128 0.26720 1.246 0.89361 8.0000 45.96 0.8150 0.8172 1.487861 
832.8870 10.311 126.949 -0.20228 0.26893 1.240 0.89425 8.0000 45.55 0.8148 0.8169 1.488608 
832.4691 10.226 126.834 -0.20048 0.26765 1.253 0.89674 8.0000 46.37 0.8166 0.8188 1.489355 
832.0510 10.288 126.795 -0.20147 0.26936 1.257 0.89601 8.0000 46.52 0.8163 0.8184 1.490103 
831.6329 10.332 126.788 -0.20236 0.27061 1.261 0.89594 8.0000 46.05 0.8159 0.8180 1.490852 
831.2146 10.329 126.679 -0.20186 0.27103 1.242 0.89629 8.0000 46.84 0.8164 0.8185 1.491603 
830.7963 10.441 126.718 -0.20445 0.27412 1.240 0.89636 8.0000 46.65 0.8165 0.8187 1.492354 
830.3779 10.531 126.680 -0.20585 0.27638 1.240 0.89485 8.0000 46.67 0.8171 0.8193 1.493106 
829.9594 10.531 126.649 -0.20572 0.27651 1.240 0.89491 8.0000 48.16 0.8191 0.8212 1.493858 
829.5408 10.564 126.613 -0.20685 0.27839 1.238 0.89752 8.0000 47.41 0.8212 0.8233 1.494612 
829.1221 10.522 126.556 -0.20572 0.27745 1.237 0.89775 8.0000 46.86 0.8226 0.8248 1.495367 
828.7034 10.549 126.535 -0.20648 0.27868 1.251 0.89896 8.0000 47.93 0.8240 0.8262 1.496123 
828.2845 10.509 126.501 -0.20542 0.27760 1.256 0.89881 8.0000 48.30 0.8236 0.8258 1.496879 
827.8656 10.552 126.485 -0.20657 0.27932 1.242 0.90013 8.0000 47.21 0.8249 0.8271 1.497637 
827.4465 10.556 126.417 -0.20636 0.27972 1.261 0.90023 8.0000 48.31 0.8257 0.8278 1.498395 
827.0275 10.543 126.337 -0.20580 0.27978 1.252 0.90079 8.0000 48.43 0.8275 0.8296 1.499154 
826.6082 10.564 126.313 -0.20621 0.28058 1.242 0.90108 8.0000 48.34 0.8276 0.8298 1.499915 
826.1889 10.573 126.252 -0.20590 0.28079 1.254 0.90024 8.0000 48.57 0.8290 0.8311 1.500676 
825.7695 10.576 126.224 -0.20571 0.28082 1.248 0.89972 8.0000 49.43 0.8300 0.8322 1.501438 
825.3500 10.561 126.205 -0.20499 0.28003 1.247 0.89833 8.0000 48.92 0.8309 0.8331 1.502201 
824.9305 10.545 126.202 -0.20479 0.27979 1.233 0.89900 8.0000 48.66 0.8324 0.8345 1.502965 
824.5108 10.557 126.160 -0.20540 0.28105 1.232 0.90145 8.0000 49.03 0.8332 0.8353 1.503730 
824.0911 10.557 126.086 -0.20508 0.28137 1.245 0.90161 8.0000 49.09 0.8341 0.8361 1.504496 
823.6713 10.571 126.037 -0.20521 0.28206 1.252 0.90198 8.0000 49.42 0.8348 0.8368 1.505263 
823.2513 10.567 126.015 -0.20508 0.28211 1.267 0.90232 8.0000 49.28 0.8360 0.8380 1.506031 
822.8313 10.569 126.021 -0.20533 0.28239 1.253 0.90309 8.0000 49.37 0.8358 0.8379 1.506800 
822.4112 10.591 126.017 -0.20589 0.28321 1.248 0.90358 8.0000 49.85 0.8376 0.8396 1.507569 
821.9910 10.605 126.084 -0.20662 0.28352 1.239 0.90398 8.0000 49.57 0.8401 0.8421 1.508340 
821.5707 10.597 126.069 -0.20643 0.28341 1.242 0.90418 8.0000 50.12 0.8403 0.8423 1.509112 
821.1503 10.600 126.080 -0.20655 0.28346 1.249 0.90426 8.0000 50.62 0.8400 0.8419 1.509884 
820.7299 10.626 126.071 -0.20724 0.28449 1.254 0.90501 8.0000 51.06 0.8410 0.8429 1.510658 
820.3093 10.640 126.095 -0.20779 0.28500 1.231 0.90558 8.0000 50.67 0.8429 0.8448 1.511432 
819.8886 10.651 126.055 -0.20760 0.28515 1.233 0.90456 8.0000 50.57 0.8426 0.8445 1.512208 
819.4679 10.665 126.024 -0.20776 0.28570 1.236 0.90465 8.0000 51.66 0.8433 0.8452 1.512984 
819.0471 10.683 126.054 -0.20837 0.28623 1.238 0.90496 8.0000 51.23 0.8447 0.8466 1.513761 
818.6262 10.700 126.047 -0.20878 0.28688 1.246 0.90538 8.0000 52.45 0.8454 0.8472 1.514540 
818.2051 10.709 126.014 -0.20882 0.28727 1.243 0.90534 8.0000 51.73 0.8456 0.8473 1.515319 
817.7841 10.723 126.016 -0.20915 0.28771 1.234 0.90552 8.0000 51.79 0.8456 0.8474 1.516099 
817.3629 10.722 126.040 -0.20929 0.28763 1.239 0.90559 8.0000 52.00 0.8456 0.8473 1.516881 
816.9416 10.743 126.068 -0.20996 0.28827 1.237 0.90602 8.0000 51.73 0.8475 0.8492 1.517663 
816.5202 10.756 126.074 -0.21037 0.28877 1.243 0.90645 8.0000 52.29 0.8480 0.8497 1.518446 
816.0988 10.770 126.104 -0.21089 0.28915 1.235 0.90671 8.0000 52.96 0.8487 0.8504 1.519230 
815.6772 10.795 126.057 -0.21120 0.29008 1.235 0.90676 8.0000 52.42 0.8491 0.8508 1.520015 
815.2556 10.794 126.054 -0.21114 0.29003 1.232 0.90666 8.0000 52.46 0.8490 0.8507 1.520801 
814.8338 10.812 126.055 -0.21150 0.29051 1.228 0.90653 8.0000 52.64 0.8501 0.8518 1.521589 
814.4120 10.827 126.042 -0.21180 0.29108 1.227 0.90675 8.0000 53.38 0.8508 0.8525 1.522377 
813.9901 10.836 126.078 -0.21233 0.29141 1.239 0.90731 8.0000 54.09 0.8515 0.8532 1.523166 
813.5681 10.851 126.111 -0.21288 0.29181 1.239 0.90758 8.0000 53.61 0.8525 0.8542 1.523956 
813.1460 10.855 126.095 -0.21286 0.29196 1.242 0.90743 8.0000 53.48 0.8516 0.8532 1.524747 
812.7238 10.856 126.105 -0.21292 0.29193 1.247 0.90744 8.0000 54.16 0.8514 0.8531 1.525539 
812.3015 10.890 126.074 -0.21363 0.29324 1.249 0.90796 8.0000 54.39 0.8536 0.8553 1.526332 
811.8792 10.870 126.133 -0.21359 0.29255 1.246 0.90835 8.0000 55.02 0.8532 0.8548 1.527126 
811.4567 10.880 126.123 -0.21380 0.29295 1.234 0.90856 8.0000 55.13 0.8544 0.8560 1.527921 
811.0341 10.885 126.121 -0.21384 0.29302 1.228 0.90832 8.0000 54.15 0.8542 0.8558 1.528717 
810.6115 10.889 126.191 -0.21438 0.29301 1.231 0.90872 8.0000 54.52 0.8549 0.8566 1.529514 
810.1888 10.895 126.170 -0.21443 0.29331 1.219 0.90884 8.0000 53.89 0.8545 0.8562 1.530312 
809.7659 10.912 126.147 -0.21466 0.29387 1.231 0.90876 8.0000 55.19 0.8547 0.8564 1.531111 
809.3430 10.924 126.133 -0.21478 0.29419 1.232 0.90849 8.0000 55.76 0.8542 0.8559 1.531912 
808.9200 10.936 126.060 -0.21475 0.29493 1.237 0.90881 8.0000 55.26 0.8549 0.8566 1.532713 
808.4969 10.947 126.014 -0.21471 0.29537 1.232 0.90864 8.0000 56.12 0.8551 0.8568 1.533515 
808.0737 10.951 125.982 -0.21457 0.29552 1.235 0.90833 8.0000 55.87 0.8546 0.8563 1.534318 
807.6505 10.958 125.970 -0.21466 0.29579 1.236 0.90843 8.0000 56.26 0.8552 0.8569 1.535122 
807.2271 10.955 125.991 -0.21475 0.29567 1.235 0.90855 8.0000 56.25 0.8549 0.8565 1.535927 
806.8036 10.973 125.929 -0.21477 0.29637 1.241 0.90839 8.0000 57.12 0.8544 0.8561 1.536733 
806.3801 10.987 125.912 -0.21488 0.29671 1.233 0.90792 8.0000 56.02 0.8541 0.8558 1.537540 
805.9564 11.004 125.870 -0.21480 0.29707 1.227 0.90701 8.0000 56.98 0.8540 0.8557 1.538349 
805.5327 11.015 125.831 -0.21481 0.29750 1.231 0.90681 8.0000 56.72 0.8545 0.8562 1.539158 
805.1089 11.031 125.778 -0.21482 0.29810 1.233 0.90663 8.0000 56.40 0.8546 0.8563 1.539968 
804.6850 11.048 125.772 -0.21516 0.29864 1.233 0.90669 8.0000 57.02 0.8558 0.8575 1.540779 
804.2610 11.050 125.754 -0.21509 0.29874 1.230 0.90658 8.0000 57.90 0.8553 0.8570 1.541591 
803.8369 11.063 125.727 -0.21524 0.29924 1.226 0.90662 8.0000 57.16 0.8557 0.8574 1.542405 
803.4127 11.078 125.717 -0.21548 0.29968 1.228 0.90651 8.0000 57.63 0.8566 0.8583 1.543219 
802.9884 11.085 125.723 -0.21570 0.29993 1.243 0.90661 8.0000 57.71 0.8569 0.8586 1.544035 
802.5640 11.098 125.716 -0.21599 0.30040 1.237 0.90682 8.0000 57.53 0.8577 0.8595 1.544851 
802.1396 11.098 125.706 -0.21586 0.30034 1.229 0.90654 8.0000 58.76 0.8569 0.8587 1.545669 
801.7150 11.103 125.733 -0.21611 0.30038 1.241 0.90648 8.0000 59.23 0.8574 0.8592 1.546487 
801.2903 11.120 125.708 -0.21629 0.30090 1.235 0.90628 8.0000 58.84 0.8575 0.8593 1.547307 
800.8657 11.121 125.726 -0.21635 0.30080 1.229 0.90609 8.0000 58.36 0.8578 0.8596 1.548127 
800.4408 11.116 125.705 -0.21607 0.30064 1.226 0.90576 8.0000 57.85 0.8569 0.8587 1.548949 
800.0159 11.126 125.718 -0.21631 0.30083 1.233 0.90555 8.0000 59.26 0.8567 0.8585 1.549772 
799.5909 11.134 125.684 -0.21626 0.30114 1.228 0.90539 8.0000 58.77 0.8558 0.8576 1.550595 
799.1658 11.147 125.677 -0.21651 0.30155 1.231 0.90542 8.0000 58.96 0.8564 0.8582 1.551420 
798.7406 11.163 125.636 -0.21663 0.30219 1.233 0.90537 8.0000 59.21 0.8569 0.8587 1.552246 
798.3153 11.182 125.635 -0.21696 0.30265 1.230 0.90509 8.0000 59.26 0.8576 0.8593 1.553073 
797.8899 11.207 125.580 -0.21715 0.30354 1.241 0.90483 8.0000 60.08 0.8583 0.8601 1.553901 
797.4644 11.217 125.592 -0.21734 0.30367 1.235 0.90453 8.0000 60.34 0.8584 0.8601 1.554730 
797.0389 11.238 125.551 -0.21758 0.30447 1.232 0.90457 8.0000 60.09 0.8588 0.8605 1.555560 
796.6132 11.247 125.520 -0.21764 0.30489 1.224 0.90458 8.0000 59.82 0.8594 0.8612 1.556391 
796.1875 11.250 125.504 -0.21748 0.30485 1.231 0.90402 8.0000 60.68 0.8592 0.8609 1.557224 
795.7617 11.265 125.467 -0.21748 0.30526 1.234 0.90352 8.0000 59.90 0.8586 0.8605 1.558057 
795.3357 11.276 125.423 -0.21741 0.30566 1.238 0.90323 8.0000 60.68 0.8594 0.8612 1.558891 
794.9097 11.293 125.378 -0.21752 0.30632 1.230 0.90322 8.0000 61.08 0.8600 0.8619 1.559727 
794.4836 11.303 125.308 -0.21724 0.30673 1.236 0.90268 8.0000 61.23 0.8594 0.8614 1.560563 
794.0574 11.315 125.302 -0.21745 0.30710 1.237 0.90266 8.0000 61.04 0.8602 0.8621 1.561401 
793.6310 11.331 125.281 -0.21768 0.30766 1.241 0.90264 8.0000 61.94 0.8602 0.8621 1.562240 
793.2047 11.346 125.222 -0.21763 0.30825 1.244 0.90238 8.0000 62.02 0.8605 0.8625 1.563079 
792.7782 11.356 125.185 -0.21749 0.30849 1.235 0.90177 8.0000 61.24 0.8599 0.8619 1.563920 
792.3516 11.368 125.175 -0.21758 0.30872 1.233 0.90134 8.0000 61.71 0.8598 0.8617 1.564762 
791.9249 11.372 125.161 -0.21752 0.30880 1.228 0.90106 8.0000 61.03 0.8592 0.8612 1.565605 
791.4982 11.391 125.144 -0.21775 0.30933 1.225 0.90070 8.0000 60.94 0.8590 0.8610 1.566449 
791.0714 11.401 125.137 -0.21789 0.30960 1.221 0.90057 8.0000 61.96 0.8596 0.8615 1.567295 
790.6444 11.410 125.129 -0.21812 0.31002 1.226 0.90088 8.0000 61.56 0.8603 0.8623 1.568141 
790.2173 11.414 125.109 -0.21806 0.31016 1.222 0.90069 8.0000 61.65 0.8607 0.8627 1.568989 
789.7902 11.428 125.082 -0.21820 0.31068 1.232 0.90070 8.0000 62.22 0.8606 0.8626 1.569837 
789.3630 11.436 125.055 -0.21819 0.31096 1.232 0.90049 8.0000 61.69 0.8607 0.8627 1.570687 
788.9357 11.449 125.057 -0.21838 0.31122 1.230 0.90016 8.0000 62.86 0.8610 0.8630 1.571537 
788.5083 11.454 125.045 -0.21835 0.31132 1.224 0.89987 8.0000 63.13 0.8604 0.8623 1.572389 
788.0807 11.458 125.059 -0.21858 0.31149 1.227 0.90011 8.0000 62.62 0.8608 0.8627 1.573242 
787.6532 11.472 125.037 -0.21876 0.31199 1.227 0.90014 8.0000 62.60 0.8611 0.8630 1.574096 
787.2255 11.470 125.045 -0.21873 0.31185 1.222 0.89998 8.0000 62.59 0.8607 0.8626 1.574951 
786.7977 11.470 124.988 -0.21838 0.31202 1.221 0.89983 8.0000 63.16 0.8600 0.8619 1.575808 
786.3699 11.483 124.966 -0.21856 0.31254 1.230 0.89994 8.0000 63.34 0.8603 0.8621 1.576665 
785.9419 11.493 124.945 -0.21873 0.31302 1.223 0.90022 8.0000 63.39 0.8614 0.8633 1.577524 
785.5139 11.499 124.931 -0.21874 0.31319 1.229 0.90003 8.0000 62.82 0.8618 0.8637 1.578383 
785.0857 11.509 124.913 -0.21879 0.31347 1.230 0.89981 8.0000 64.19 0.8612 0.8630 1.579244 
784.6575 11.522 124.871 -0.21887 0.31407 1.226 0.89997 8.0000 63.86 0.8613 0.8632 1.580106 
784.2291 11.526 124.854 -0.21888 0.31430 1.236 0.90003 8.0000 64.28 0.8617 0.8635 1.580969 
783.8007 11.529 124.823 -0.21873 0.31445 1.231 0.89985 8.0000 64.01 0.8618 0.8636 1.581833 
783.3722 11.535 124.809 -0.21879 0.31470 1.222 0.89987 8.0000 64.08 0.8619 0.8637 1.582698 
782.9435 11.548 124.782 -0.21888 0.31515 1.223 0.89973 8.0000 64.45 0.8622 0.8640 1.583565 
782.5148 11.561 124.763 -0.21913 0.31572 1.218 0.90004 8.0000 64.36 0.8632 0.8650 1.584433 
782.0861 11.562 124.785 -0.21935 0.31579 1.211 0.90043 8.0000 63.97 0.8636 0.8653 1.585301 
781.6572 11.563 124.782 -0.21941 0.31590 1.220 0.90055 8.0000 63.74 0.8637 0.8654 1.586171 
781.2282 11.568 124.762 -0.21945 0.31619 1.220 0.90074 8.0000 64.46 0.8639 0.8656 1.587042 
780.7991 11.575 124.758 -0.21959 0.31645 1.227 0.90086 8.0000 64.40 0.8642 0.8660 1.587914 
780.3699 11.584 124.748 -0.21978 0.31684 1.232 0.90105 8.0000 64.57 0.8648 0.8665 1.588788 
779.9407 11.590 124.732 -0.21984 0.31710 1.224 0.90113 8.0000 64.79 0.8652 0.8669 1.589662 
779.5113 11.595 124.720 -0.21996 0.31742 1.225 0.90151 8.0000 64.85 0.8653 0.8670 1.590537 
779.0818 11.607 124.704 -0.22013 0.31786 1.232 0.90147 8.0000 64.92 0.8654 0.8671 1.591414 
778.6523 11.624 124.681 -0.22039 0.31851 1.227 0.90158 8.0000 65.17 0.8658 0.8675 1.592292 
778.2227 11.639 124.649 -0.22048 0.31902 1.218 0.90140 8.0000 65.52 0.8660 0.8677 1.593171 
777.7930 11.647 124.634 -0.22059 0.31936 1.223 0.90148 8.0000 65.08 0.8667 0.8684 1.594051 
777.3632 11.659 124.637 -0.22091 0.31978 1.226 0.90166 8.0000 64.95 0.8671 0.8688 1.594933 
776.9332 11.667 124.620 -0.22093 0.32002 1.225 0.90148 8.0000 65.88 0.8675 0.8692 1.595815 
776.5032 11.675 124.604 -0.22095 0.32024 1.217 0.90125 8.0000 66.32 0.8677 0.8694 1.596699 
776.0731 11.680 124.601 -0.22106 0.32043 1.227 0.90130 8.0000 66.17 0.8677 0.8694 1.597584 
775.6429 11.690 124.573 -0.22116 0.32091 1.233 0.90147 8.0000 65.29 0.8677 0.8694 1.598470 
775.2126 11.699 124.562 -0.22125 0.32119 1.227 0.90140 8.0000 66.18 0.8677 0.8694 1.599357 
774.7822 11.708 124.538 -0.22132 0.32157 1.225 0.90137 8.0000 66.64 0.8682 0.8699 1.600246 
774.3517 11.712 124.558 -0.22152 0.32162 1.231 0.90139 8.0000 66.93 0.8683 0.8699 1.601135 
773.9212 11.717 124.538 -0.22145 0.32174 1.218 0.90109 8.0000 66.45 0.8685 0.8702 1.602026 
773.4905 11.724 124.562 -0.22171 0.32185 1.204 0.90107 8.0000 66.37 0.8688 0.8704 1.602918 
773.0598 11.735 124.563 -0.22196 0.32219 1.208 0.90113 8.0000 67.60 0.8689 0.8705 1.603811 
772.6289 11.743 124.544 -0.22198 0.32246 1.218 0.90096 8.0000 67.11 0.8693 0.8709 1.604706 
772.1980 11.754 124.548 -0.22225 0.32278 1.226 0.90096 8.0000 67.01 0.8697 0.8714 1.605601 
771.7669 11.756 124.528 -0.22216 0.32291 1.223 0.90093 8.0000 67.12 0.8699 0.8715 1.606498 
771.3358 11.759 124.544 -0.22231 0.32294 1.226 0.90087 8.0000 67.54 0.8704 0.8720 1.607396 
770.9046 11.765 124.523 -0.22231 0.32318 1.219 0.90082 8.0000 67.09 0.8707 0.8723 1.608295 
770.4733 11.771 124.547 -0.22264 0.32338 1.215 0.90109 8.0000 67.34 0.8714 0.8729 1.609195 
770.0419 11.779 124.559 -0.22284 0.32352 1.220 0.90099 8.0000 66.92 0.8718 0.8733 1.610097 
769.6104 11.789 124.575 -0.22310 0.32371 1.219 0.90080 8.0000 67.53 0.8719 0.8735 1.610999 
769.1787 11.796 124.597 -0.22332 0.32377 1.218 0.90058 8.0000 68.07 0.8718 0.8734 1.611904 
768.7471 11.795 124.603 -0.22328 0.32363 1.219 0.90041 8.0000 68.19 0.8720 0.8735 1.612809 
768.3152 11.810 124.609 -0.22361 0.32404 1.219 0.90031 8.0000 68.29 0.8724 0.8739 1.613715 
767.8834 11.823 124.584 -0.22367 0.32442 1.231 0.90003 8.0000 68.86 0.8722 0.8737 1.614623 
767.4514 11.832 124.558 -0.22362 0.32466 1.223 0.89960 8.0000 69.22 0.8723 0.8738 1.615531 
767.0193 11.838 124.555 -0.22361 0.32468 1.224 0.89912 8.0000 69.08 0.8720 0.8735 1.616442 
766.5872 11.848 124.535 -0.22368 0.32503 1.233 0.89896 8.0000 68.89 0.8721 0.8736 1.617353 
766.1549 11.854 124.526 -0.22364 0.32507 1.228 0.89854 8.0000 69.49 0.8718 0.8733 1.618265 
765.7225 11.862 124.534 -0.22375 0.32515 1.228 0.89810 8.0000 70.07 0.8716 0.8731 1.619179 
765.2901 11.872 124.532 -0.22386 0.32533 1.216 0.89775 8.0000 69.77 0.8718 0.8732 1.620094 
764.8575 11.882 124.547 -0.22409 0.32548 1.225 0.89746 8.0000 70.41 0.8719 0.8733 1.621010 
764.4249 11.891 124.533 -0.22416 0.32575 1.223 0.89727 8.0000 69.99 0.8724 0.8738 1.621928 
763.9922 11.904 124.533 -0.22436 0.32605 1.218 0.89701 8.0000 70.14 0.8728 0.8743 1.622846 
763.5593 11.917 124.515 -0.22451 0.32648 1.228 0.89690 8.0000 71.00 0.8730 0.8744 1.623766 
763.1264 11.925 124.535 -0.22472 0.32654 1.224 0.89662 8.0000 70.79 0.8730 0.8744 1.624687 
762.6934 11.935 124.504 -0.22471 0.32691 1.226 0.89648 8.0000 71.25 0.8729 0.8743 1.625610 
762.2603 11.939 124.498 -0.22468 0.32694 1.233 0.89609 8.0000 71.21 0.8728 0.8742 1.626533 
761.8271 11.947 124.491 -0.22484 0.32725 1.236 0.89620 8.0000 72.01 0.8729 0.8743 1.627458 
761.3938 11.951 124.485 -0.22477 0.32723 1.231 0.89580 8.0000 71.56 0.8729 0.8743 1.628385 
760.9604 11.962 124.451 -0.22477 0.32764 1.222 0.89558 8.0000 71.02 0.8728 0.8742 1.629312 
760.5269 11.974 124.443 -0.22492 0.32797 1.225 0.89543 8.0000 72.06 0.8729 0.8743 1.630241 
760.0933 11.989 124.427 -0.22505 0.32835 1.220 0.89502 8.0000 72.56 0.8734 0.8748 1.631171 
759.6597 12.004 124.392 -0.22519 0.32898 1.228 0.89507 8.0000 72.86 0.8738 0.8752 1.632102 
759.2259 12.010 124.403 -0.22528 0.32897 1.237 0.89469 8.0000 72.12 0.8740 0.8754 1.633034 
758.7921 12.019 124.409 -0.22549 0.32922 1.227 0.89462 8.0000 72.30 0.8744 0.8757 1.633968 
758.3581 12.031 124.387 -0.22552 0.32953 1.225 0.89423 8.0000 72.87 0.8742 0.8756 1.634903 
757.9240 12.036 124.372 -0.22544 0.32959 1.229 0.89385 8.0000 73.51 0.8740 0.8754 1.635839 
757.4899 12.047 124.356 -0.22559 0.33000 1.239 0.89390 8.0000 73.86 0.8742 0.8756 1.636777 
757.0556 12.056 124.345 -0.22570 0.33030 1.230 0.89384 8.0000 73.50 0.8742 0.8756 1.637716 
756.6213 12.072 124.334 -0.22592 0.33077 1.219 0.89360 8.0000 72.89 0.8745 0.8758 1.638656 
756.1868 12.087 124.291 -0.22597 0.33138 1.220 0.89356 8.0000 72.91 0.8745 0.8759 1.639597 
755.7523 12.095 124.271 -0.22608 0.33178 1.218 0.89380 8.0000 72.47 0.8747 0.8761 1.640540 
755.3177 12.108 124.230 -0.22626 0.33256 1.228 0.89429 8.0000 74.39 0.8749 0.8763 1.641484 
754.8830 12.118 124.200 -0.22633 0.33303 1.235 0.89445 8.0000 74.15 0.8749 0.8763 1.642429 
754.4482 12.128 124.188 -0.22643 0.33333 1.232 0.89432 8.0000 74.36 0.8752 0.8765 1.643376 
754.0132 12.140 124.168 -0.22662 0.33386 1.242 0.89447 8.0000 75.35 0.8753 0.8767 1.644324 
753.5782 12.155 124.127 -0.22680 0.33465 1.231 0.89493 8.0000 74.49 0.8754 0.8767 1.645273 
753.1431 12.167 124.082 -0.22695 0.33543 1.237 0.89553 8.0000 75.40 0.8756 0.8769 1.646223 
752.7079 12.181 124.052 -0.22717 0.33614 1.222 0.89598 8.0000 74.37 0.8759 0.8772 1.647175 
752.2726 12.195 124.013 -0.22727 0.33678 1.235 0.89610 8.0000 76.11 0.8759 0.8773 1.648129 
751.8373 12.207 123.980 -0.22733 0.33729 1.228 0.89611 8.0000 75.08 0.8758 0.8772 1.649083 
751.4018 12.227 123.892 -0.22736 0.33845 1.234 0.89660 8.0000 75.83 0.8761 0.8775 1.650039 
750.9662 12.243 123.843 -0.22758 0.33941 1.231 0.89724 8.0000 75.92 0.8767 0.8781 1.650996 
750.5306 12.255 123.802 -0.22774 0.34017 1.236 0.89786 8.0000 75.88 0.8770 0.8784 1.651954 
750.0948 12.269 123.746 -0.22780 0.34098 1.230 0.89822 8.0000 75.93 0.8767 0.8781 1.652914 
749.6589 12.287 123.693 -0.22810 0.34211 1.233 0.89916 8.0000 76.02 0.8769 0.8783 1.653875 
749.2230 12.301 123.628 -0.22821 0.34313 1.237 0.89998 8.0000 76.37 0.8771 0.8785 1.654837 
748.7869 12.313 123.575 -0.22834 0.34400 1.231 0.90073 8.0000 76.75 0.8772 0.8786 1.655801 
748.3508 12.332 123.520 -0.22861 0.34514 1.229 0.90152 8.0000 76.50 0.8774 0.8789 1.656766 
747.9146 12.349 123.477 -0.22901 0.34630 1.234 0.90275 8.0000 76.52 0.8777 0.8792 1.657732 
747.4782 12.361 123.435 -0.22930 0.34729 1.227 0.90393 8.0000 75.95 0.8779 0.8794 1.658700 
747.0417 12.375 123.369 -0.22956 0.34855 1.245 0.90532 8.0000 76.60 0.8779 0.8794 1.659669 
746.6052 12.388 123.299 -0.22969 0.34969 1.239 0.90647 8.0000 76.94 0.8779 0.8794 1.660639 
746.1686 12.407 123.217 -0.22987 0.35105 1.237 0.90752 8.0000 77.22 0.8779 0.8795 1.661611 
745.7319 12.425 123.143 -0.23013 0.35244 1.240 0.90885 8.0000 76.90 0.8780 0.8797 1.662584 
745.2950 12.445 123.077 -0.23043 0.35379 1.243 0.91002 8.0000 76.90 0.8782 0.8799 1.663559 
744.8582 12.462 123.000 -0.23062 0.35513 1.244 0.91123 8.0000 77.27 0.8782 0.8800 1.664534 
744.4211 12.472 122.939 -0.23082 0.35626 1.231 0.91268 8.0000 76.86 0.8782 0.8800 1.665512 
743.9841 12.483 122.902 -0.23122 0.35739 1.233 0.91428 8.0000 77.35 0.8782 0.8800 1.666490 
743.5468 12.495 122.844 -0.23138 0.35843 1.232 0.91535 8.0000 76.94 0.8781 0.8799 1.667470 
743.1096 12.505 122.774 -0.23160 0.35973 1.234 0.91704 8.0000 77.65 0.8781 0.8800 1.668451 
742.6722 12.516 122.730 -0.23188 0.36078 1.245 0.91840 8.0000 77.34 0.8781 0.8800 1.669434 
742.2347 12.521 122.677 -0.23202 0.36173 1.239 0.91984 8.0000 77.75 0.8779 0.8798 1.670418 
741.7971 12.525 122.613 -0.23211 0.36276 1.242 0.92148 8.0000 78.06 0.8774 0.8794 1.671403 
741.3594 12.533 122.562 -0.23230 0.36377 1.240 0.92284 8.0000 77.30 0.8773 0.8794 1.672390 
740.9216 12.543 122.523 -0.23266 0.36488 1.251 0.92443 8.0000 78.28 0.8773 0.8794 1.673378 
740.4838 12.552 122.474 -0.23296 0.36603 1.242 0.92609 8.0000 78.20 0.8772 0.8793 1.674367 
740.0458 12.555 122.440 -0.23324 0.36696 1.235 0.92782 8.0000 78.39 0.8770 0.8792 1.675358 
739.6077 12.559 122.403 -0.23342 0.36777 1.243 0.92914 8.0000 78.39 0.8768 0.8791 1.676351 
739.1696 12.568 122.355 -0.23361 0.36876 1.240 0.93038 8.0000 78.14 0.8765 0.8789 1.677344 
738.7313 12.573 122.327 -0.23390 0.36960 1.251 0.93175 8.0000 78.49 0.8763 0.8787 1.678339 
738.2930 12.579 122.274 -0.23401 0.37054 1.243 0.93312 8.0000 78.74 0.8760 0.8784 1.679336 
737.8545 12.587 122.237 -0.23440 0.37169 1.247 0.93496 8.0000 78.62 0.8758 0.8783 1.680334 
737.4160 12.594 122.182 -0.23458 0.37278 1.249 0.93649 8.0000 78.47 0.8756 0.8782 1.681333 
736.9773 12.598 122.153 -0.23481 0.37356 1.240 0.93784 8.0000 78.18 0.8754 0.8781 1.682334 
736.5386 12.603 122.130 -0.23512 0.37437 1.247 0.93917 8.0000 78.32 0.8753 0.8780 1.683336 
736.0997 12.604 122.086 -0.23518 0.37511 1.256 0.94049 8.0000 79.51 0.8748 0.8776 1.684340 
735.6608 12.607 122.052 -0.23537 0.37591 1.249 0.94191 8.0000 78.89 0.8743 0.8772 1.685344 
735.2218 12.607 122.011 -0.23544 0.37663 1.247 0.94326 8.0000 78.82 0.8739 0.8768 1.686351 
734.7827 12.605 122.021 -0.23579 0.37704 1.250 0.94461 8.0000 78.81 0.8736 0.8765 1.687359 
734.3434 12.608 121.972 -0.23580 0.37777 1.262 0.94569 8.0000 79.18 0.8730 0.8760 1.688368 
733.9041 12.612 121.938 -0.23595 0.37851 1.265 0.94682 8.0000 79.23 0.8725 0.8756 1.689379 
733.4647 12.609 121.894 -0.23584 0.37899 1.260 0.94786 8.0000 79.64 0.8719 0.8751 1.690391 
733.0252 12.603 121.867 -0.23581 0.37934 1.259 0.94897 8.0000 79.30 0.8715 0.8747 1.691404 
732.5856 12.606 121.809 -0.23577 0.38013 1.255 0.95007 8.0000 79.35 0.8710 0.8742 1.692419 
732.1459 12.599 121.776 -0.23564 0.38040 1.254 0.95105 8.0000 79.12 0.8703 0.8736 1.693436 
731.7061 12.585 121.732 -0.23533 0.38057 1.263 0.95216 8.0000 79.55 0.8695 0.8729 1.694453 
731.2662 12.581 121.703 -0.23531 0.38096 1.251 0.95320 8.0000 79.44 0.8690 0.8725 1.695473 
730.8262 12.576 121.684 -0.23534 0.38129 1.266 0.95429 8.0000 79.54 0.8687 0.8722 1.696494 
730.3861 12.563 121.662 -0.23515 0.38130 1.270 0.95519 8.0000 79.58 0.8681 0.8716 1.697516 
729.9459 12.558 121.626 -0.23503 0.38165 1.272 0.95618 8.0000 79.78 0.8676 0.8712 1.698539 
729.5057 12.544 121.588 -0.23468 0.38165 1.270 0.95699 8.0000 79.37 0.8670 0.8706 1.699564 
729.0653 12.538 121.529 -0.23436 0.38200 1.276 0.95779 8.0000 79.37 0.8663 0.8700 1.700591 
728.6248 12.524 121.493 -0.23402 0.38200 1.267 0.95859 8.0000 79.34 0.8654 0.8692 1.701619 
728.1843 12.512 121.449 -0.23364 0.38204 1.275 0.95934 8.0000 79.63 0.8645 0.8683 1.702648 
727.7436 12.502 121.422 -0.23338 0.38201 1.267 0.95986 8.0000 79.53 0.8638 0.8676 1.703680 
727.3028 12.490 121.419 -0.23325 0.38184 1.277 0.96047 8.0000 79.56 0.8632 0.8670 1.704712 
726.8619 12.482 121.369 -0.23290 0.38201 1.276 0.96105 8.0000 79.72 0.8623 0.8662 1.705746 
726.4210 12.464 121.327 -0.23235 0.38175 1.278 0.96151 8.0000 79.82 0.8614 0.8653 1.706781 
725.9799 12.453 121.279 -0.23189 0.38171 1.276 0.96187 8.0000 79.54 0.8606 0.8646 1.707818 
725.5388 12.443 121.229 -0.23136 0.38159 1.274 0.96195 8.0000 79.53 0.8598 0.8638 1.708857 
725.0975 12.437 121.176 -0.23093 0.38168 1.284 0.96220 8.0000 79.92 0.8592 0.8632 1.709897 
724.6561 12.426 121.143 -0.23050 0.38145 1.274 0.96226 8.0000 79.36 0.8585 0.8626 1.710938 
724.2147 12.408 121.117 -0.23001 0.38105 1.280 0.96252 8.0000 79.76 0.8579 0.8619 1.711981 
723.7732 12.390 121.064 -0.22937 0.38078 1.280 0.96292 8.0000 79.65 0.8569 0.8610 1.713025 
723.3315 12.370 121.021 -0.22866 0.38024 1.284 0.96286 8.0000 79.30 0.8560 0.8601 1.714072 
722.8898 12.355 120.930 -0.22777 0.38012 1.295 0.96300 8.0000 80.00 0.8549 0.8591 1.715119 
722.4479 12.338 120.867 -0.22699 0.37977 1.291 0.96303 8.0000 79.90 0.8538 0.8580 1.716168 
722.0060 12.318 120.790 -0.22611 0.37946 1.296 0.96318 8.0000 79.85 0.8527 0.8569 1.717218 
721.5640 12.311 120.715 -0.22550 0.37956 1.287 0.96329 8.0000 79.63 0.8520 0.8562 1.718270 
721.1218 12.300 120.676 -0.22498 0.37927 1.293 0.96318 8.0000 79.77 0.8512 0.8555 1.719324 
720.6796 12.285 120.631 -0.22435 0.37890 1.291 0.96312 8.0000 80.06 0.8503 0.8546 1.720379 
720.2373 12.271 120.567 -0.22370 0.37874 1.293 0.96333 8.0000 80.06 0.8495 0.8538 1.721435 
719.7949 12.253 120.528 -0.22305 0.37825 1.290 0.96330 8.0000 80.00 0.8486 0.8530 1.722493 
719.3524 12.237 120.450 -0.22216 0.37792 1.299 0.96314 8.0000 79.97 0.8478 0.8521 1.723553 
718.9097 12.219 120.390 -0.22134 0.37742 1.308 0.96284 8.0000 79.90 0.8469 0.8513 1.724614 
718.4670 12.196 120.299 -0.22018 0.37681 1.312 0.96241 8.0000 80.24 0.8458 0.8501 1.725677 
718.0242 12.183 120.182 -0.21918 0.37686 1.318 0.96257 8.0000 80.34 0.8446 0.8490 1.726741 
717.5813 12.167 120.098 -0.21822 0.37649 1.306 0.96227 8.0000 80.32 0.8436 0.8480 1.727807 
717.1383 12.150 120.016 -0.21726 0.37606 1.302 0.96193 8.0000 79.89 0.8425 0.8470 1.728874 
716.6952 12.134 119.923 -0.21623 0.37569 1.313 0.96148 8.0000 80.16 0.8415 0.8460 1.729943 
716.2520 12.118 119.833 -0.21524 0.37533 1.324 0.96114 8.0000 80.33 0.8404 0.8449 1.731013 
715.8087 12.101 119.722 -0.21415 0.37510 1.321 0.96098 8.0000 80.46 0.8392 0.8438 1.732086 
715.3653 12.083 119.612 -0.21308 0.37490 1.327 0.96104 8.0000 80.48 0.8381 0.8427 1.733159 
714.9218 12.059 119.518 -0.21197 0.37438 1.322 0.96093 8.0000 80.36 0.8369 0.8416 1.734234 
714.4782 12.042 119.414 -0.21089 0.37407 1.321 0.96075 8.0000 80.38 0.8358 0.8405 1.735311 
714.0345 12.032 119.319 -0.21002 0.37398 1.328 0.96046 8.0000 80.38 0.8348 0.8395 1.736389 
713.5907 12.018 119.222 -0.20913 0.37384 1.322 0.96047 8.0000 80.42 0.8340 0.8387 1.737469 
713.1469 12.000 119.111 -0.20798 0.37351 1.320 0.96023 8.0000 80.07 0.8328 0.8376 1.738550 
712.7028 11.976 118.979 -0.20663 0.37309 1.330 0.96007 8.0000 80.33 0.8315 0.8364 1.739634 
712.2588 11.959 118.843 -0.20538 0.37293 1.339 0.95989 8.0000 80.63 0.8304 0.8353 1.740718 
711.8146 11.940 118.712 -0.20415 0.37270 1.340 0.95987 8.0000 80.35 0.8291 0.8341 1.741805 
711.3703 11.925 118.589 -0.20301 0.37251 1.350 0.95963 8.0000 80.60 0.8281 0.8331 1.742892 
710.9259 11.913 118.461 -0.20188 0.37242 1.344 0.95931 8.0000 80.45 0.8270 0.8320 1.743982 
710.4814 11.899 118.372 -0.20096 0.37209 1.336 0.95892 8.0000 80.41 0.8261 0.8312 1.745073 
710.0369 11.885 118.268 -0.19995 0.37184 1.339 0.95862 8.0000 80.49 0.8250 0.8302 1.746165 
709.5922 11.868 118.148 -0.19878 0.37153 1.338 0.95829 8.0000 80.35 0.8239 0.8292 1.747260 
709.1474 11.851 118.027 -0.19760 0.37120 1.344 0.95790 8.0000 80.60 0.8229 0.8282 1.748356 
708.7026 11.830 117.896 -0.19631 0.37082 1.361 0.95765 8.0000 80.81 0.8216 0.8270 1.749453 
708.2576 11.811 117.772 -0.19512 0.37052 1.358 0.95750 8.0000 80.75 0.8205 0.8259 1.750552 
707.8125 11.794 117.640 -0.19385 0.37017 1.355 0.95699 8.0000 80.49 0.8193 0.8247 1.751653 
707.3674 11.785 117.549 -0.19300 0.36999 1.359 0.95652 8.0000 80.59 0.8184 0.8240 1.752755 
706.9221 11.774 117.446 -0.19209 0.36985 1.365 0.95631 8.0000 80.76 0.8176 0.8232 1.753859 
706.4767 11.768 117.358 -0.19129 0.36970 1.368 0.95566 8.0000 80.84 0.8169 0.8225 1.754965 
706.0313 11.759 117.262 -0.19043 0.36956 1.373 0.95533 8.0000 80.79 0.8161 0.8217 1.756072 
705.5857 11.752 117.180 -0.18972 0.36948 1.374 0.95499 8.0000 80.98 0.8155 0.8212 1.757181 
705.1401 11.746 117.096 -0.18891 0.36923 1.359 0.95423 8.0000 80.66 0.8148 0.8205 1.758292 
704.6943 11.737 116.992 -0.18800 0.36910 1.374 0.95380 8.0000 80.73 0.8139 0.8197 1.759404 
704.2484 11.727 116.901 -0.18717 0.36892 1.371 0.95346 8.0000 80.56 0.8131 0.8189 1.760518 
703.8025 11.719 116.828 -0.18646 0.36868 1.383 0.95301 8.0000 80.60 0.8122 0.8181 1.761633 
703.3564 11.716 116.742 -0.18572 0.36860 1.380 0.95234 8.0000 80.54 0.8116 0.8175 1.762751 
702.9103 11.711 116.656 -0.18499 0.36852 1.385 0.95186 8.0000 80.89 0.8110 0.8170 1.763869 
702.4641 11.706 116.555 -0.18418 0.36851 1.390 0.95147 8.0000 81.02 0.8104 0.8164 1.764990 
702.0177 11.701 116.457 -0.18339 0.36852 1.391 0.95108 8.0000 80.94 0.8097 0.8158 1.766112 
701.5712 11.700 116.378 -0.18273 0.36846 1.392 0.95046 8.0000 80.99 0.8092 0.8153 1.767236 
701.1247 11.697 116.326 -0.18228 0.36840 1.404 0.95006 8.0000 81.06 0.8088 0.8149 1.768361 
700.6780 11.694 116.248 -0.18160 0.36828 1.396 0.94943 8.0000 80.76 0.8082 0.8144 1.769489 
700.2313 11.690 116.179 -0.18099 0.36816 1.409 0.94893 8.0000 80.99 0.8077 0.8139 1.770618 
699.7844 11.686 116.099 -0.18033 0.36812 1.400 0.94852 8.0000 80.58 0.8071 0.8134 1.771748 
699.3375 11.686 116.046 -0.17990 0.36810 1.398 0.94805 8.0000 80.78 0.8067 0.8130 1.772881 
698.8904 11.689 115.984 -0.17942 0.36812 1.401 0.94733 8.0000 80.92 0.8064 0.8127 1.774015 
698.4433 11.691 115.933 -0.17901 0.36811 1.404 0.94670 8.0000 80.94 0.8061 0.8125 1.775150 
697.9961 11.697 115.852 -0.17845 0.36828 1.410 0.94601 8.0000 80.87 0.8058 0.8122 1.776288 
697.5488 11.698 115.810 -0.17811 0.36828 1.418 0.94550 8.0000 80.96 0.8055 0.8119 1.777427 
697.1013 11.698 115.771 -0.17778 0.36821 1.423 0.94505 8.0000 80.95 0.8052 0.8116 1.778568 
696.6537 11.698 115.722 -0.17734 0.36812 1.426 0.94445 8.0000 80.94 0.8048 0.8112 1.779711 
696.2061 11.702 115.648 -0.17682 0.36826 1.425 0.94384 8.0000 80.77 0.8043 0.8108 1.780855 
695.7584 11.708 115.625 -0.17665 0.36829 1.425 0.94321 8.0000 80.83 0.8042 0.8106 1.782001 
695.3105 11.715 115.584 -0.17642 0.36848 1.438 0.94271 8.0000 81.12 0.8040 0.8104 1.783149 
694.8626 11.726 115.573 -0.17641 0.36864 1.434 0.94205 8.0000 81.10 0.8041 0.8106 1.784298 
694.4146 11.731 115.557 -0.17630 0.36867 1.436 0.94159 8.0000 81.14 0.8041 0.8106 1.785449 
693.9664 11.736 115.509 -0.17597 0.36877 1.434 0.94101 8.0000 80.75 0.8038 0.8103 1.786602 
693.5182 11.749 115.481 -0.17589 0.36909 1.435 0.94038 8.0000 80.78 0.8037 0.8102 1.787757 
693.0699 11.759 115.457 -0.17577 0.36923 1.441 0.93969 8.0000 80.78 0.8035 0.8101 1.788913 
692.6215 11.770 115.441 -0.17572 0.36938 1.442 0.93897 8.0000 80.89 0.8034 0.8099 1.790071 
692.1729 11.780 115.449 -0.17583 0.36949 1.452 0.93836 8.0000 80.92 0.8034 0.8099 1.791231 
691.7243 11.793 115.464 -0.17603 0.36966 1.453 0.93779 8.0000 81.14 0.8036 0.8101 1.792393 
691.2756 11.807 115.485 -0.17629 0.36985 1.446 0.93721 8.0000 81.02 0.8039 0.8104 1.793557 
690.8267 11.815 115.473 -0.17625 0.36995 1.455 0.93665 8.0000 80.87 0.8039 0.8104 1.794722 
690.3778 11.827 115.444 -0.17611 0.37015 1.452 0.93584 8.0000 80.81 0.8038 0.8103 1.795889 
689.9288 11.841 115.447 -0.17622 0.37033 1.461 0.93508 8.0000 80.70 0.8039 0.8104 1.797058 
689.4797 11.858 115.464 -0.17648 0.37061 1.458 0.93439 8.0000 80.74 0.8042 0.8107 1.798228 
689.0304 11.870 115.500 -0.17682 0.37070 1.445 0.93381 8.0000 80.42 0.8045 0.8110 1.799401 
688.5811 11.881 115.482 -0.17675 0.37086 1.463 0.93316 8.0000 81.02 0.8045 0.8110 1.800575 
688.1317 11.891 115.492 -0.17688 0.37097 1.459 0.93258 8.0000 80.89 0.8047 0.8111 1.801751 
687.6821 11.902 115.496 -0.17695 0.37106 1.468 0.93189 8.0000 81.00 0.8047 0.8111 1.802929 
687.2325 11.916 115.473 -0.17691 0.37134 1.478 0.93115 8.0000 81.02 0.8047 0.8111 1.804108 
686.7828 11.930 115.493 -0.17714 0.37150 1.492 0.93048 8.0000 80.99 0.8048 0.8112 1.805290 
686.3329 11.947 115.518 -0.17745 0.37173 1.482 0.92981 8.0000 80.81 0.8051 0.8115 1.806473 
685.8830 11.963 115.569 -0.17797 0.37195 1.481 0.92931 8.0000 80.74 0.8054 0.8118 1.807658 
685.4330 11.981 115.581 -0.17820 0.37225 1.486 0.92861 8.0000 80.88 0.8056 0.8119 1.808845 
684.9828 12.000 115.622 -0.17869 0.37259 1.488 0.92809 8.0000 80.89 0.8060 0.8123 1.810034 
684.5327 12.011 115.652 -0.17895 0.37263 1.490 0.92749 8.0000 80.91 0.8062 0.8125 1.811224 
684.0823 12.020 115.638 -0.17888 0.37272 1.497 0.92681 8.0000 80.78 0.8061 0.8124 1.812416 
683.6319 12.033 115.660 -0.17913 0.37286 1.507 0.92622 8.0000 80.88 0.8062 0.8125 1.813610 
683.1813 12.042 115.666 -0.17919 0.37290 1.507 0.92560 8.0000 80.73 0.8062 0.8125 1.814807 
682.7307 12.055 115.656 -0.17922 0.37313 1.510 0.92492 8.0000 80.84 0.8063 0.8126 1.816004 
682.2800 12.070 115.690 -0.17955 0.37324 1.513 0.92421 8.0000 80.96 0.8065 0.8128 1.817204 
681.8292 12.080 115.659 -0.17935 0.37335 1.500 0.92338 8.0000 80.67 0.8064 0.8127 1.818405 
681.3782 12.099 115.713 -0.17989 0.37357 1.509 0.92272 8.0000 80.92 0.8068 0.8131 1.819609 
680.9272 12.114 115.766 -0.18037 0.37368 1.524 0.92212 8.0000 80.82 0.8073 0.8134 1.820814 
680.4761 12.127 115.781 -0.18056 0.37382 1.526 0.92146 8.0000 80.92 0.8074 0.8136 1.822021 
680.0248 12.140 115.812 -0.18086 0.37392 1.529 0.92081 8.0000 80.71 0.8076 0.8138 1.823230 
679.5735 12.150 115.815 -0.18094 0.37405 1.534 0.92028 8.0000 80.85 0.8077 0.8139 1.824441 
679.1221 12.162 115.853 -0.18132 0.37419 1.532 0.91986 8.0000 80.76 0.8080 0.8142 1.825654 
678.6705 12.177 115.890 -0.18171 0.37439 1.548 0.91935 8.0000 81.01 0.8084 0.8145 1.826869 
678.2189 12.191 115.917 -0.18202 0.37457 1.549 0.91879 8.0000 81.09 0.8086 0.8147 1.828085 
677.7672 12.208 115.944 -0.18236 0.37483 1.542 0.91820 8.0000 80.77 0.8089 0.8149 1.829303 
677.3154 12.224 115.996 -0.18285 0.37497 1.548 0.91763 8.0000 80.64 0.8093 0.8153 1.830524 
676.8634 12.236 116.012 -0.18307 0.37515 1.566 0.91719 8.0000 80.91 0.8095 0.8155 1.831746 
676.4114 12.243 116.025 -0.18317 0.37513 1.568 0.91663 8.0000 80.88 0.8096 0.8156 1.832970 
675.9592 12.250 116.033 -0.18325 0.37517 1.571 0.91615 8.0000 80.92 0.8097 0.8157 1.834196 
675.5070 12.265 116.076 -0.18368 0.37533 1.567 0.91566 8.0000 80.89 0.8102 0.8162 1.835424 
675.0547 12.278 116.122 -0.18408 0.37539 1.569 0.91508 8.0000 80.78 0.8105 0.8165 1.836654 
674.6022 12.288 116.147 -0.18431 0.37543 1.575 0.91454 8.0000 80.75 0.8107 0.8166 1.837886 
674.1497 12.299 116.175 -0.18457 0.37551 1.580 0.91401 8.0000 80.88 0.8109 0.8168 1.839120 
673.6971 12.309 116.212 -0.18488 0.37552 1.577 0.91343 8.0000 80.68 0.8112 0.8171 1.840355 
673.2443 12.319 116.229 -0.18505 0.37558 1.595 0.91291 8.0000 80.91 0.8114 0.8173 1.841593 
672.7915 12.329 116.258 -0.18531 0.37564 1.603 0.91245 8.0000 81.02 0.8117 0.8176 1.842832 
672.3386 12.343 116.319 -0.18588 0.37579 1.604 0.91207 8.0000 80.91 0.8124 0.8182 1.844074 
671.8855 12.356 116.359 -0.18626 0.37589 1.592 0.91161 8.0000 80.78 0.8127 0.8186 1.845317 
671.4324 12.370 116.412 -0.18676 0.37603 1.608 0.91112 8.0000 80.79 0.8133 0.8191 1.846563 
670.9791 12.387 116.460 -0.18724 0.37621 1.612 0.91057 8.0000 81.00 0.8137 0.8194 1.847810 
670.5258 12.402 116.528 -0.18790 0.37642 1.625 0.91029 8.0000 80.87 0.8144 0.8201 1.849059 
670.0723 12.416 116.577 -0.18840 0.37659 1.642 0.90996 8.0000 81.07 0.8150 0.8207 1.850311 
669.6188 12.428 116.622 -0.18884 0.37675 1.627 0.90970 8.0000 80.65 0.8155 0.8212 1.851564 
669.1651 12.436 116.643 -0.18906 0.37684 1.647 0.90943 8.0000 80.97 0.8158 0.8215 1.852819 
668.7114 12.449 116.681 -0.18947 0.37702 1.638 0.90910 8.0000 80.86 0.8162 0.8219 1.854076 
668.2575 12.460 116.711 -0.18976 0.37711 1.645 0.90866 8.0000 80.84 0.8164 0.8220 1.855336 
667.8035 12.473 116.744 -0.19013 0.37731 1.641 0.90830 8.0000 80.89 0.8168 0.8224 1.856597 
667.3495 12.486 116.800 -0.19066 0.37744 1.658 0.90799 8.0000 80.96 0.8173 0.8229 1.857860 
666.8953 12.500 116.864 -0.19126 0.37757 1.671 0.90764 8.0000 80.99 0.8180 0.8236 1.859125 
666.4411 12.513 116.912 -0.19173 0.37772 1.667 0.90734 8.0000 80.58 0.8186 0.8241 1.860392 
665.9868 12.525 116.945 -0.19208 0.37787 1.669 0.90697 8.0000 80.78 0.8191 0.8246 1.861661 
665.5323 12.537 116.976 -0.19243 0.37804 1.681 0.90665 8.0000 80.94 0.8194 0.8249 1.862933 
665.0777 12.555 117.049 -0.19315 0.37827 1.678 0.90631 8.0000 80.65 0.8201 0.8256 1.864206 
664.6230 12.568 117.105 -0.19369 0.37842 1.687 0.90601 8.0000 80.93 0.8208 0.8262 1.865482 
664.1683 12.583 117.164 -0.19430 0.37865 1.690 0.90581 8.0000 80.83 0.8214 0.8268 1.866759 
663.7134 12.598 117.220 -0.19486 0.37884 1.700 0.90546 8.0000 80.84 0.8220 0.8274 1.868038 
663.2584 12.614 117.296 -0.19557 0.37899 1.700 0.90518 8.0000 80.90 0.8228 0.8281 1.869319 
662.8034 12.628 117.348 -0.19611 0.37917 1.699 0.90491 8.0000 80.41 0.8234 0.8286 1.870603 
662.3482 12.645 117.434 -0.19694 0.37938 1.719 0.90466 8.0000 80.83 0.8243 0.8295 1.871888 
661.8929 12.664 117.512 -0.19773 0.37964 1.727 0.90440 8.0000 80.89 0.8251 0.8303 1.873176 
661.4376 12.680 117.575 -0.19835 0.37981 1.730 0.90406 8.0000 80.74 0.8258 0.8309 1.874465 
660.9821 12.694 117.633 -0.19893 0.37999 1.737 0.90380 8.0000 80.85 0.8264 0.8315 1.875757 
660.5265 12.709 117.702 -0.19960 0.38015 1.735 0.90355 8.0000 80.36 0.8271 0.8321 1.877051 
660.0708 12.722 117.752 -0.20012 0.38033 1.757 0.90325 8.0000 80.82 0.8276 0.8326 1.878347 
659.6151 12.740 117.802 -0.20070 0.38062 1.759 0.90297 8.0000 80.82 0.8283 0.8332 1.879644 
659.1592 12.761 117.900 -0.20170 0.38094 1.760 0.90282 8.0000 80.72 0.8293 0.8343 1.880945 
658.7032 12.781 118.011 -0.20278 0.38119 1.753 0.90273 8.0000 80.57 0.8305 0.8354 1.882247 
658.2471 12.799 118.106 -0.20370 0.38140 1.778 0.90258 8.0000 80.84 0.8317 0.8365 1.883551 
657.7909 12.816 118.207 -0.20466 0.38158 1.782 0.90244 8.0000 80.85 0.8328 0.8376 1.884857 
657.3346 12.836 118.312 -0.20569 0.38180 1.804 0.90227 8.0000 80.82 0.8338 0.8385 1.886166 
656.8782 12.855 118.405 -0.20660 0.38202 1.796 0.90206 8.0000 80.73 0.8348 0.8394 1.887476 
656.4218 12.874 118.503 -0.20757 0.38226 1.810 0.90191 8.0000 80.73 0.8358 0.8403 1.888788 
655.9651 12.894 118.614 -0.20864 0.38244 1.816 0.90169 8.0000 80.65 0.8369 0.8414 1.890103 
655.5084 12.912 118.698 -0.20950 0.38270 1.811 0.90151 8.0000 80.40 0.8380 0.8424 1.891420 
655.0516 12.930 118.803 -0.21051 0.38287 1.832 0.90145 8.0000 80.49 0.8392 0.8435 1.892739 
654.5947 12.943 118.871 -0.21119 0.38303 1.844 0.90130 8.0000 80.74 0.8401 0.8444 1.894060 
654.1377 12.960 118.936 -0.21188 0.38325 1.844 0.90109 8.0000 80.61 0.8408 0.8451 1.895384 
653.6806 12.975 119.009 -0.21262 0.38343 1.859 0.90091 8.0000 80.62 0.8417 0.8460 1.896709 
653.2234 12.993 119.102 -0.21355 0.38364 1.871 0.90079 8.0000 80.90 0.8429 0.8471 1.898037 
652.7661 13.009 119.184 -0.21439 0.38386 1.865 0.90070 8.0000 80.58 0.8439 0.8481 1.899366 
652.3087 13.024 119.250 -0.21506 0.38403 1.881 0.90049 8.0000 80.58 0.8448 0.8489 1.900698 
651.8511 13.039 119.325 -0.21581 0.38417 1.888 0.90035 8.0000 80.51 0.8457 0.8498 1.902032 
651.3936 13.056 119.380 -0.21644 0.38445 1.902 0.90014 8.0000 80.38 0.8466 0.8506 1.903368 
650.9358 13.072 119.456 -0.21726 0.38469 1.922 0.90011 8.0000 80.80 0.8474 0.8514 1.904707 
650.4780 13.088 119.509 -0.21788 0.38497 1.923 0.89997 8.0000 80.54 0.8482 0.8522 1.906047 
650.0201 13.105 119.578 -0.21867 0.38527 1.925 0.89992 8.0000 80.22 0.8492 0.8531 1.907390 
649.5620 13.120 119.643 -0.21936 0.38546 1.921 0.89976 8.0000 80.57 0.8501 0.8539 1.908735 
649.1039 13.133 119.691 -0.21991 0.38568 1.930 0.89967 8.0000 80.34 0.8509 0.8547 1.910082 
648.6457 13.146 119.738 -0.22044 0.38587 1.947 0.89950 8.0000 80.21 0.8518 0.8556 1.911432 
648.1873 13.161 119.776 -0.22094 0.38615 1.971 0.89931 8.0000 80.41 0.8524 0.8562 1.912783 
647.7289 13.177 119.841 -0.22167 0.38641 1.992 0.89923 8.0000 80.66 0.8535 0.8572 1.914137 
647.2703 13.191 119.893 -0.22226 0.38664 1.985 0.89913 8.0000 80.44 0.8542 0.8579 1.915493 
646.8117 13.203 119.926 -0.22269 0.38686 1.989 0.89896 8.0000 80.30 0.8549 0.8586 1.916851 
646.3530 13.218 119.987 -0.22335 0.38706 1.985 0.89880 8.0000 79.82 0.8558 0.8595 1.918212 
645.8941 13.231 120.027 -0.22382 0.38724 2.022 0.89861 8.0000 80.51 0.8565 0.8602 1.919575 
645.4351 13.244 120.071 -0.22434 0.38746 2.023 0.89849 8.0000 80.14 0.8573 0.8608 1.920940 
644.9761 13.258 120.122 -0.22493 0.38768 2.043 0.89833 8.0000 80.20 0.8579 0.8615 1.922307 
644.5169 13.269 120.154 -0.22536 0.38793 2.038 0.89833 8.0000 80.24 0.8589 0.8624 1.923676 
644.0577 13.286 120.215 -0.22609 0.38823 2.045 0.89827 8.0000 80.18 0.8599 0.8634 1.925048 
643.5983 13.296 120.243 -0.22649 0.38847 2.058 0.89831 8.0000 79.99 0.8605 0.8640 1.926422 
643.1389 13.306 120.269 -0.22685 0.38869 2.083 0.89824 8.0000 80.32 0.8610 0.8645 1.927798 
642.6793 13.314 120.313 -0.22735 0.38887 2.100 0.89840 8.0000 80.46 0.8617 0.8651 1.929177 
642.2196 13.324 120.342 -0.22773 0.38906 2.083 0.89839 8.0000 79.98 0.8624 0.8658 1.930558 
641.7598 13.340 120.406 -0.22847 0.38934 2.105 0.89837 8.0000 79.81 0.8634 0.8668 1.931941 
641.2999 13.352 120.432 -0.22886 0.38959 2.114 0.89822 8.0000 79.86 0.8641 0.8674 1.933326 
640.8400 13.366 120.461 -0.22929 0.38986 2.120 0.89804 8.0000 79.86 0.8646 0.8680 1.934714 
640.3799 13.376 120.496 -0.22971 0.39004 2.149 0.89799 8.0000 80.06 0.8651 0.8685 1.936104 
639.9197 13.389 120.534 -0.23024 0.39033 2.182 0.89796 8.0000 80.25 0.8659 0.8693 1.937496 
639.4594 13.399 120.557 -0.23056 0.39053 2.180 0.89790 8.0000 80.30 0.8664 0.8698 1.938891 
638.9990 13.405 120.579 -0.23081 0.39061 2.182 0.89781 8.0000 80.45 0.8671 0.8704 1.940288 
638.5385 13.414 120.607 -0.23117 0.39078 2.213 0.89773 8.0000 80.43 0.8676 0.8709 1.941687 
638.0779 13.423 120.636 -0.23151 0.39090 2.208 0.89762 8.0000 80.52 0.8684 0.8717 1.943089 
637.6172 13.432 120.659 -0.23181 0.39106 2.202 0.89744 8.0000 80.31 0.8691 0.8723 1.944493 
637.1564 13.443 120.696 -0.23228 0.39126 2.215 0.89743 8.0000 80.27 0.8700 0.8732 1.945899 
636.6954 13.454 120.752 -0.23288 0.39140 2.242 0.89745 8.0000 80.53 0.8707 0.8740 1.947308 
636.2344 13.468 120.780 -0.23332 0.39170 2.259 0.89727 8.0000 80.38 0.8715 0.8747 1.948719 
635.7733 13.477 120.805 -0.23362 0.39182 2.258 0.89707 8.0000 80.42 0.8721 0.8752 1.950132 
635.3121 13.482 120.835 -0.23391 0.39184 2.265 0.89702 8.0000 80.04 0.8727 0.8759 1.951548 
634.8508 13.492 120.859 -0.23426 0.39205 2.272 0.89694 8.0000 80.25 0.8735 0.8766 1.952966 
634.3893 13.500 120.871 -0.23444 0.39216 2.304 0.89674 8.0000 80.26 0.8737 0.8768 1.954387 
633.9278 13.517 120.897 -0.23492 0.39258 2.323 0.89656 8.0000 80.45 0.8740 0.8771 1.955809 
633.4662 13.534 120.925 -0.23544 0.39299 2.337 0.89645 8.0000 80.22 0.8746 0.8777 1.957235 
633.0044 13.544 120.967 -0.23591 0.39313 2.351 0.89641 8.0000 80.23 0.8751 0.8782 1.958662 
632.5425 13.554 121.009 -0.23634 0.39320 2.353 0.89616 8.0000 80.31 0.8754 0.8785 1.960093 
632.0806 13.562 121.028 -0.23656 0.39327 2.364 0.89594 8.0000 80.36 0.8762 0.8792 1.961525 
631.6186 13.563 121.066 -0.23679 0.39305 2.371 0.89572 8.0000 79.94 0.8764 0.8793 1.962960 
631.1564 13.572 121.119 -0.23728 0.39306 2.406 0.89550 8.0000 80.21 0.8776 0.8805 1.964397 
630.6942 13.573 121.136 -0.23739 0.39297 2.401 0.89537 8.0000 80.33 0.8793 0.8822 1.965837 
630.2318 13.580 121.161 -0.23768 0.39306 2.444 0.89534 8.0000 80.23 0.8811 0.8840 1.967279 
629.7693 13.578 121.206 -0.23798 0.39285 2.447 0.89539 8.0000 79.88 0.8829 0.8858 1.968724 
629.3068 13.594 121.229 -0.23840 0.39320 2.456 0.89518 8.0000 80.33 0.8839 0.8868 1.970171 
628.8441 13.592 121.251 -0.23848 0.39299 2.471 0.89504 8.0000 79.84 0.8845 0.8874 1.971620 
628.3813 13.610 121.283 -0.23901 0.39337 2.469 0.89482 8.0000 80.23 0.8850 0.8878 1.973073 
627.9184 13.627 121.319 -0.23957 0.39372 2.498 0.89469 8.0000 79.89 0.8863 0.8891 1.974527 
627.4554 13.651 121.393 -0.24047 0.39406 2.502 0.89430 8.0000 80.01 0.8865 0.8892 1.975984 
626.9923 13.660 121.410 -0.24070 0.39417 2.538 0.89403 8.0000 80.06 0.8863 0.8891 1.977444 
626.5291 13.661 121.467 -0.24103 0.39384 2.530 0.89378 8.0000 80.01 0.8862 0.8889 1.978905 
626.0658 13.666 121.518 -0.24149 0.39379 2.538 0.89379 8.0000 79.99 0.8882 0.8909 1.980370 
625.6024 13.677 121.564 -0.24197 0.39387 2.566 0.89358 8.0000 80.06 0.8897 0.8923 1.981837 
625.1389 13.688 121.647 -0.24269 0.39376 2.599 0.89327 8.0000 80.11 0.8911 0.8937 1.983306 
624.6753 13.707 121.714 -0.24344 0.39394 2.596 0.89285 8.0000 80.03 0.8908 0.8933 1.984778 
624.2115 13.709 121.777 -0.24386 0.39367 2.612 0.89270 8.0000 79.71 0.8929 0.8953 1.986253 
623.7477 13.714 121.823 -0.24415 0.39343 2.580 0.89219 8.0000 79.69 0.8957 0.8980 1.987730 
623.2838 13.745 121.907 -0.24540 0.39415 2.609 0.89233 8.0000 79.50 0.8974 0.8998 1.989209 
622.8198 13.763 121.957 -0.24615 0.39458 2.645 0.89242 8.0000 79.88 0.9010 0.9032 1.990691 
622.3557 13.771 121.915 -0.24614 0.39520 2.675 0.89275 8.0000 79.85 0.9050 0.9073 1.992176 
621.8914 13.782 121.884 -0.24616 0.39572 2.695 0.89279 8.0000 79.79 0.9087 0.9109 1.993663 
621.4271 13.788 121.839 -0.24598 0.39612 2.703 0.89282 8.0000 79.76 0.9110 0.9132 1.995153 
620.9626 13.787 121.762 -0.24537 0.39633 2.634 0.89259 8.0000 79.48 0.9128 0.9149 1.996645 
620.4980 13.777 121.700 -0.24462 0.39606 2.714 0.89217 8.0000 79.61 0.9133 0.9154 1.998140 
620.0334 13.786 121.618 -0.24410 0.39651 2.686 0.89173 8.0000 79.54 0.9156 0.9177 1.999637 
619.5687 13.804 121.529 -0.24363 0.39712 2.774 0.89089 8.0000 79.42 0.9173 0.9193 2.001137 
619.1038 13.807 121.454 -0.24297 0.39721 2.717 0.89016 8.0000 79.55 0.9202 0.9222 2.002640 
618.6388 13.807 121.386 -0.24240 0.39733 2.754 0.88978 8.0000 79.35 0.9235 0.9254 2.004145 
618.1737 13.817 121.303 -0.24189 0.39780 2.767 0.88925 8.0000 79.72 0.9260 0.9279 2.005653 
617.7086 13.816 121.214 -0.24105 0.39780 2.808 0.88853 8.0000 79.34 0.9291 0.9309 2.007163 
617.2433 13.819 121.136 -0.24037 0.39789 2.755 0.88778 8.0000 79.18 0.9314 0.9332 2.008676 
616.7779 13.828 121.055 -0.23982 0.39826 2.761 0.88715 8.0000 79.77 0.9339 0.9356 2.010192 
616.3124 13.834 121.005 -0.23941 0.39837 2.828 0.88646 8.0000 79.57 0.9358 0.9375 2.011710 
615.8468 13.832 120.950 -0.23883 0.39826 2.771 0.88588 8.0000 79.23 0.9380 0.9397 2.013231 
615.3810 13.842 120.884 -0.23839 0.39858 2.777 0.88522 8.0000 79.05 0.9407 0.9423 2.014755 
614.9153 13.841 120.814 -0.23769 0.39850 2.808 0.88451 8.0000 79.29 0.9430 0.9446 2.016281 
614.4493 13.844 120.748 -0.23713 0.39861 2.733 0.88388 8.0000 79.48 0.9453 0.9469 2.017810 
613.9833 13.848 120.696 -0.23667 0.39866 2.855 0.88321 8.0000 79.07 0.9474 0.9489 2.019341 
613.5172 13.856 120.633 -0.23621 0.39889 2.763 0.88253 8.0000 78.46 0.9496 0.9512 2.020875 
613.0510 13.866 120.571 -0.23578 0.39915 2.759 0.88178 8.0000 79.19 0.9513 0.9529 2.022412 
612.5847 13.878 120.530 -0.23554 0.39939 2.833 0.88105 8.0000 79.20 0.9533 0.9548 2.023952 
612.1182 13.890 120.476 -0.23518 0.39963 2.771 0.88023 8.0000 78.95 0.9549 0.9564 2.025494 
611.6517 13.901 120.413 -0.23470 0.39984 2.937 0.87931 8.0000 79.00 0.9562 0.9577 2.027039 
611.1850 13.913 120.363 -0.23439 0.40011 3.105 0.87852 8.0000 78.50 0.9572 0.9588 2.028587 
610.7183 13.925 120.320 -0.23409 0.40028 2.866 0.87762 8.0000 79.20 0.9583 0.9598 2.030137 
610.2514 13.937 120.266 -0.23373 0.40052 2.896 0.87678 8.0000 78.87 0.9591 0.9606 2.031690 
609.7844 13.950 120.221 -0.23342 0.40072 2.783 0.87589 8.0000 79.29 0.9599 0.9614 2.033246 
609.3173 13.966 120.182 -0.23323 0.40102 2.777 0.87503 8.0000 78.73 0.9607 0.9622 2.034805 
608.8502 13.986 120.150 -0.23317 0.40143 2.780 0.87417 8.0000 78.28 0.9611 0.9626 2.036366 
608.3829 14.001 120.124 -0.23304 0.40163 2.833 0.87325 8.0000 78.48 0.9612 0.9627 2.037930 
607.9155 14.018 120.093 -0.23295 0.40197 2.606 0.87241 8.0000 79.04 0.9613 0.9627 2.039497 
607.4480 14.038 120.070 -0.23294 0.40233 2.580 0.87153 8.0000 78.75 0.9613 0.9627 2.041067 
606.9804 14.058 120.050 -0.23295 0.40267 2.626 0.87065 8.0000 77.83 0.9611 0.9624 2.042639 
606.5127 14.080 120.023 -0.23296 0.40314 2.827 0.86984 8.0000 77.32 0.9607 0.9621 2.044214 
606.0449 14.100 120.004 -0.23300 0.40350 2.781 0.86895 8.0000 77.99 0.9601 0.9615 2.045792 
605.5770 14.121 119.999 -0.23315 0.40385 2.769 0.86818 8.0000 77.44 0.9597 0.9611 2.047373 
605.1089 14.146 119.989 -0.23331 0.40428 2.801 0.86721 8.0000 78.19 0.9592 0.9605 2.048957 
604.6408 14.169 119.981 -0.23350 0.40473 2.845 0.86639 8.0000 78.45 0.9588 0.9601 2.050543 
604.1726 14.199 119.978 -0.23378 0.40527 2.832 0.86539 8.0000 77.48 0.9580 0.9593 2.052132 
603.7042 14.228 119.978 -0.23412 0.40585 2.393 0.86453 8.0000 77.64 0.9571 0.9584 2.053724 
603.2358 14.257 119.979 -0.23445 0.40642 2.761 0.86365 8.0000 77.39 0.9562 0.9574 2.055319 
602.7673 14.284 119.987 -0.23481 0.40691 2.411 0.86280 8.0000 76.58 0.9550 0.9562 2.056916 
602.2986 14.310 119.995 -0.23514 0.40736 2.599 0.86198 8.0000 77.66 0.9537 0.9549 2.058517 
601.8298 14.336 120.007 -0.23551 0.40780 2.440 0.86113 8.0000 77.16 0.9527 0.9539 2.060121 
601.3610 14.364 120.022 -0.23592 0.40826 2.499 0.86026 8.0000 76.92 0.9513 0.9525 2.061726 
600.8920 14.391 120.041 -0.23636 0.40872 2.576 0.85946 8.0000 76.82 0.9500 0.9512 2.063336 
600.4229 14.421 120.062 -0.23685 0.40922 2.713 0.85858 8.0000 76.30 0.9484 0.9495 2.064948 
599.9537 14.450 120.088 -0.23740 0.40973 2.931 0.85779 8.0000 77.25 0.9468 0.9479 2.066563 
599.4844 14.481 120.116 -0.23798 0.41027 2.922 0.85696 8.0000 76.67 0.9450 0.9461 2.068181 
599.0150 14.514 120.155 -0.23870 0.41087 2.779 0.85623 8.0000 75.38 0.9432 0.9443 2.069801 
598.5455 14.544 120.183 -0.23927 0.41139 2.705 0.85546 8.0000 75.29 0.9412 0.9422 2.071425 
598.0759 14.576 120.207 -0.23985 0.41199 2.973 0.85466 8.0000 76.59 0.9394 0.9404 2.073051 
597.6062 14.602 120.251 -0.24050 0.41238 2.839 0.85401 8.0000 76.12 0.9374 0.9384 2.074680 
597.1364 14.633 120.297 -0.24127 0.41293 2.787 0.85340 8.0000 75.24 0.9355 0.9364 2.076313 
596.6664 14.669 120.345 -0.24212 0.41360 2.717 0.85273 8.0000 75.57 0.9333 0.9343 2.077948 
596.1964 14.700 120.393 -0.24290 0.41414 2.658 0.85204 8.0000 74.77 0.9311 0.9320 2.079586 
595.7263 14.732 120.442 -0.24374 0.41475 2.871 0.85152 8.0000 75.34 0.9291 0.9300 2.081227 
595.2560 14.758 120.495 -0.24449 0.41513 2.834 0.85101 8.0000 74.59 0.9276 0.9285 2.082872 
594.7857 14.781 120.552 -0.24521 0.41542 2.838 0.85046 8.0000 74.81 0.9256 0.9266 2.084519 
594.3152 14.809 120.600 -0.24595 0.41587 2.852 0.84988 8.0000 74.41 0.9241 0.9250 2.086169 
593.8447 14.835 120.654 -0.24677 0.41637 2.841 0.84956 8.0000 74.54 0.9228 0.9237 2.087822 
593.3740 14.861 120.706 -0.24755 0.41682 2.813 0.84917 8.0000 74.18 0.9209 0.9219 2.089478 
592.9032 14.896 120.751 -0.24846 0.41762 2.851 0.84878 8.0000 74.67 0.9199 0.9208 2.091137 
592.4323 14.928 120.794 -0.24930 0.41831 2.814 0.84838 8.0000 73.20 0.9179 0.9189 2.092799 
591.9613 14.966 120.850 -0.25035 0.41914 2.812 0.84793 8.0000 72.88 0.9155 0.9165 2.094464 
591.4902 15.001 120.912 -0.25139 0.41984 2.786 0.84752 8.0000 72.75 0.9130 0.9140 2.096133 
591.0190 15.044 120.966 -0.25251 0.42082 2.753 0.84699 8.0000 72.69 0.9105 0.9115 2.097804 
590.5477 15.071 121.027 -0.25339 0.42127 2.760 0.84666 8.0000 72.57 0.9086 0.9096 2.099478 
590.0763 15.113 121.079 -0.25453 0.42229 2.753 0.84628 8.0000 72.46 0.9068 0.9078 2.101155 
589.6048 15.135 121.129 -0.25529 0.42272 2.760 0.84611 8.0000 71.57 0.9057 0.9067 2.102836 
589.1331 15.162 121.182 -0.25614 0.42323 2.699 0.84576 8.0000 71.98 0.9039 0.9049 2.104519 
588.6614 15.176 121.208 -0.25664 0.42364 2.703 0.84587 8.0000 72.37 0.9037 0.9047 2.106206 
588.1896 15.197 121.252 -0.25741 0.42416 2.698 0.84587 8.0000 72.62 0.9039 0.9048 2.107895 
587.7176 15.230 121.272 -0.25825 0.42522 2.692 0.84593 8.0000 69.39 0.9047 0.9057 2.109588 
587.2455 15.264 121.288 -0.25898 0.42615 2.628 0.84565 8.0000 69.59 0.9037 0.9046 2.111284 
586.7734 15.288 121.294 -0.25952 0.42693 2.643 0.84562 8.0000 71.01 0.9034 0.9043 2.112983 
586.3011 15.309 121.253 -0.25967 0.42788 2.618 0.84569 8.0000 71.51 0.9034 0.9043 2.114685 
585.8287 15.318 121.216 -0.25969 0.42852 2.662 0.84603 8.0000 71.90 0.9057 0.9065 2.116390 
585.3563 15.345 121.153 -0.25976 0.42971 2.590 0.84599 8.0000 70.06 0.9056 0.9065 2.118098 
584.8837 15.371 121.077 -0.25981 0.43108 2.568 0.84625 8.0000 69.10 0.9050 0.9060 2.119809 
584.4109 15.369 120.968 -0.25890 0.43142 2.556 0.84611 8.0000 68.88 0.9059 0.9069 2.121524 
583.9382 15.377 120.870 -0.25824 0.43201 2.549 0.84583 8.0000 69.19 0.9052 0.9062 2.123242 
583.4652 15.395 120.840 -0.25818 0.43241 2.527 0.84519 8.0000 69.61 0.9038 0.9048 2.124963 
582.9922 15.409 120.802 -0.25804 0.43283 2.502 0.84471 8.0000 69.10 0.9026 0.9035 2.126687 
582.5191 15.424 120.767 -0.25792 0.43323 2.472 0.84416 8.0000 68.92 0.9027 0.9036 2.128414 
582.0458 15.442 120.750 -0.25805 0.43375 2.473 0.84384 8.0000 67.90 0.9035 0.9043 2.130145 
581.5725 15.467 120.724 -0.25832 0.43465 2.458 0.84367 8.0000 68.24 0.9058 0.9066 2.131878 
581.0991 15.478 120.709 -0.25833 0.43493 2.429 0.84339 8.0000 67.69 0.9064 0.9072 2.133615 
580.6255 15.476 120.705 -0.25832 0.43497 2.410 0.84354 8.0000 67.73 0.9076 0.9084 2.135356 
580.1519 15.488 120.679 -0.25837 0.43551 2.389 0.84353 8.0000 66.92 0.9079 0.9087 2.137099 
579.6780 15.506 120.655 -0.25843 0.43603 2.360 0.84317 8.0000 66.78 0.9078 0.9086 2.138846 
579.2042 15.511 120.643 -0.25837 0.43612 2.371 0.84291 8.0000 67.86 0.9083 0.9091 2.140595 
578.7302 15.528 120.628 -0.25858 0.43675 2.356 0.84286 8.0000 67.48 0.9081 0.9089 2.142349 
578.2561 15.539 120.618 -0.25872 0.43717 2.325 0.84281 8.0000 66.53 0.9086 0.9094 2.144105 
577.7819 15.544 120.609 -0.25871 0.43730 2.304 0.84266 8.0000 66.59 0.9090 0.9098 2.145865 
577.3076 15.553 120.588 -0.25870 0.43765 2.285 0.84257 8.0000 66.77 0.9100 0.9108 2.147628 
576.8332 15.572 120.570 -0.25887 0.43825 2.259 0.84229 8.0000 65.43 0.9107 0.9115 2.149394 
576.3586 15.581 120.559 -0.25889 0.43847 2.234 0.84206 8.0000 65.19 0.9108 0.9116 2.151164 
575.8840 15.598 120.545 -0.25909 0.43905 2.218 0.84187 8.0000 66.59 0.9111 0.9119 2.152937 
575.4093 15.616 120.535 -0.25927 0.43953 2.214 0.84156 8.0000 66.60 0.9112 0.9121 2.154713 
574.9344 15.632 120.518 -0.25938 0.44003 2.186 0.84129 8.0000 65.21 0.9115 0.9123 2.156493 
574.4595 15.647 120.509 -0.25951 0.44041 2.187 0.84096 8.0000 65.64 0.9113 0.9121 2.158276 
573.9844 15.658 120.496 -0.25956 0.44072 2.154 0.84068 8.0000 64.73 0.9114 0.9123 2.160062 
573.5092 15.671 120.474 -0.25955 0.44108 2.140 0.84031 8.0000 65.91 0.9114 0.9123 2.161852 
573.0339 15.685 120.462 -0.25964 0.44145 2.132 0.83998 8.0000 64.52 0.9115 0.9123 2.163645 
572.5586 15.699 120.450 -0.25974 0.44184 2.102 0.83974 8.0000 64.53 0.9114 0.9122 2.165441 
572.0831 15.712 120.439 -0.25984 0.44220 2.075 0.83947 8.0000 64.45 0.9115 0.9123 2.167241 
571.6075 15.728 120.426 -0.25999 0.44269 2.061 0.83924 8.0000 64.19 0.9117 0.9125 2.169044 
571.1318 15.745 120.422 -0.26023 0.44317 2.059 0.83898 8.0000 62.88 0.9118 0.9126 2.170851 
570.6559 15.763 120.416 -0.26046 0.44365 2.029 0.83868 8.0000 63.52 0.9117 0.9126 2.172661 
570.1801 15.779 120.412 -0.26065 0.44406 2.003 0.83836 8.0000 63.13 0.9116 0.9124 2.174474 
569.7040 15.789 120.409 -0.26076 0.44430 1.992 0.83810 8.0000 62.28 0.9117 0.9125 2.176291 
569.2278 15.808 120.405 -0.26103 0.44484 1.989 0.83786 8.0000 62.95 0.9119 0.9128 2.178112 
568.7516 15.823 120.399 -0.26119 0.44522 1.964 0.83755 8.0000 61.75 0.9120 0.9129 2.179936 
568.2753 15.838 120.390 -0.26136 0.44567 1.940 0.83732 8.0000 61.34 0.9121 0.9130 2.181763 
567.7988 15.853 120.375 -0.26147 0.44612 1.926 0.83706 8.0000 61.86 0.9123 0.9132 2.183594 
567.3222 15.865 120.369 -0.26160 0.44644 1.916 0.83681 8.0000 61.98 0.9126 0.9135 2.185428 
566.8455 15.881 120.364 -0.26180 0.44686 1.901 0.83655 8.0000 61.18 0.9127 0.9136 2.187266 
566.3687 15.896 120.354 -0.26194 0.44729 1.889 0.83624 8.0000 61.73 0.9127 0.9135 2.189107 
565.8918 15.911 120.354 -0.26218 0.44770 1.856 0.83603 8.0000 60.86 0.9128 0.9136 2.190952 
565.4149 15.929 120.351 -0.26242 0.44817 1.855 0.83575 8.0000 60.66 0.9128 0.9136 2.192800 
564.9377 15.941 120.344 -0.26254 0.44850 1.837 0.83554 8.0000 60.95 0.9128 0.9137 2.194653 
564.4605 15.953 120.339 -0.26266 0.44880 1.824 0.83525 8.0000 60.57 0.9128 0.9137 2.196508 
563.9832 15.963 120.334 -0.26274 0.44902 1.815 0.83499 8.0000 59.84 0.9128 0.9137 2.198367 
563.5057 15.974 120.327 -0.26285 0.44932 1.780 0.83472 8.0000 59.11 0.9127 0.9136 2.200230 
563.0282 15.986 120.324 -0.26299 0.44962 1.775 0.83451 8.0000 59.39 0.9127 0.9136 2.202096 
562.5505 16.002 120.320 -0.26319 0.45004 1.755 0.83423 8.0000 58.73 0.9127 0.9135 2.203966 
562.0728 16.015 120.319 -0.26339 0.45039 1.766 0.83402 8.0000 59.81 0.9126 0.9135 2.205839 
561.5948 16.029 120.314 -0.26355 0.45076 1.733 0.83374 8.0000 59.00 0.9126 0.9134 2.207716 
561.1169 16.043 120.310 -0.26373 0.45113 1.723 0.83352 8.0000 58.53 0.9124 0.9133 2.209597 
560.6388 16.055 120.302 -0.26386 0.45151 1.703 0.83332 8.0000 58.54 0.9124 0.9133 2.211481 
560.1606 16.069 120.296 -0.26402 0.45190 1.702 0.83309 8.0000 58.28 0.9124 0.9133 2.213369 
559.6823 16.080 120.288 -0.26413 0.45222 1.691 0.83292 8.0000 58.79 0.9124 0.9132 2.215260 
559.2039 16.093 120.286 -0.26430 0.45255 1.674 0.83271 8.0000 58.38 0.9122 0.9130 2.217155 
558.7253 16.104 120.284 -0.26445 0.45285 1.659 0.83249 8.0000 58.64 0.9121 0.9129 2.219055 
558.2467 16.119 120.286 -0.26472 0.45328 1.647 0.83232 8.0000 57.23 0.9121 0.9129 2.220957 
557.7679 16.134 120.283 -0.26496 0.45373 1.634 0.83217 8.0000 57.22 0.9120 0.9128 2.222864 
557.2891 16.149 120.275 -0.26512 0.45416 1.620 0.83195 8.0000 57.31 0.9120 0.9128 2.224773 
556.8102 16.161 120.273 -0.26528 0.45447 1.612 0.83171 8.0000 56.77 0.9119 0.9127 2.226687 
556.3311 16.175 120.269 -0.26546 0.45484 1.585 0.83147 8.0000 55.24 0.9120 0.9128 2.228604 
555.8519 16.188 120.276 -0.26573 0.45518 1.597 0.83131 8.0000 56.25 0.9120 0.9128 2.230525 
555.3726 16.201 120.272 -0.26590 0.45554 1.574 0.83112 8.0000 55.53 0.9120 0.9128 2.232451 
554.8932 16.213 120.266 -0.26607 0.45595 1.566 0.83099 8.0000 56.34 0.9120 0.9128 2.234379 
554.4137 16.225 120.256 -0.26617 0.45629 1.554 0.83077 8.0000 56.03 0.9120 0.9128 2.236312 
553.9341 16.239 120.253 -0.26637 0.45671 1.550 0.83060 8.0000 56.46 0.9121 0.9128 2.238248 
553.4543 16.253 120.251 -0.26659 0.45710 1.539 0.83045 8.0000 54.43 0.9121 0.9128 2.240188 
552.9745 16.264 120.244 -0.26673 0.45748 1.520 0.83034 8.0000 54.45 0.9121 0.9129 2.242132 
552.4946 16.275 120.244 -0.26690 0.45778 1.509 0.83019 8.0000 54.38 0.9123 0.9131 2.244080 
552.0145 16.287 120.245 -0.26711 0.45811 1.507 0.83001 8.0000 54.08 0.9125 0.9132 2.246031 
551.5344 16.301 120.244 -0.26732 0.45849 1.500 0.82979 8.0000 54.33 0.9125 0.9133 2.247986 
551.0541 16.313 120.245 -0.26754 0.45885 1.487 0.82972 8.0000 54.40 0.9126 0.9134 2.249946 
550.5737 16.324 120.248 -0.26776 0.45918 1.471 0.82961 8.0000 53.69 0.9129 0.9137 2.251909 
550.0933 16.338 120.244 -0.26796 0.45958 1.468 0.82946 8.0000 54.75 0.9131 0.9139 2.253876 
549.6127 16.348 120.243 -0.26813 0.45990 1.463 0.82936 8.0000 54.34 0.9133 0.9141 2.255847 
549.1320 16.360 120.239 -0.26827 0.46021 1.451 0.82914 8.0000 53.11 0.9135 0.9143 2.257821 
548.6511 16.371 120.236 -0.26844 0.46057 1.442 0.82901 8.0000 52.42 0.9138 0.9146 2.259800 
548.1702 16.384 120.230 -0.26860 0.46094 1.428 0.82883 8.0000 52.78 0.9140 0.9148 2.261783 
547.6891 16.395 120.228 -0.26878 0.46129 1.414 0.82874 8.0000 52.07 0.9143 0.9151 2.263770 
547.2080 16.406 120.227 -0.26896 0.46163 1.416 0.82863 8.0000 52.03 0.9146 0.9154 2.265760 
546.7267 16.419 120.227 -0.26918 0.46199 1.404 0.82847 8.0000 52.88 0.9149 0.9157 2.267755 
546.2454 16.430 120.229 -0.26938 0.46230 1.396 0.82835 8.0000 51.48 0.9152 0.9159 2.269752 
545.7639 16.441 120.229 -0.26958 0.46264 1.385 0.82822 8.0000 50.89 0.9154 0.9162 2.271755 
545.2823 16.452 120.229 -0.26976 0.46296 1.381 0.82811 8.0000 51.56 0.9157 0.9164 2.273762 
544.8007 16.462 120.229 -0.26994 0.46326 1.377 0.82802 8.0000 50.38 0.9160 0.9168 2.275771 
544.3188 16.474 120.226 -0.27014 0.46368 1.370 0.82798 8.0000 50.31 0.9164 0.9172 2.277786 
543.8369 16.485 120.224 -0.27030 0.46398 1.359 0.82784 8.0000 50.18 0.9168 0.9176 2.279805 
543.3549 16.495 120.218 -0.27043 0.46431 1.335 0.82769 8.0000 49.45 0.9172 0.9180 2.281827 
542.8728 16.504 120.220 -0.27059 0.46455 1.339 0.82756 8.0000 49.60 0.9176 0.9184 2.283853 
542.3905 16.515 120.219 -0.27075 0.46484 1.329 0.82741 8.0000 49.41 0.9179 0.9187 2.285884 
541.9082 16.527 120.215 -0.27092 0.46520 1.321 0.82726 8.0000 49.06 0.9181 0.9189 2.287919 
541.4257 16.538 120.213 -0.27111 0.46557 1.320 0.82718 8.0000 48.71 0.9185 0.9193 2.289958 
540.9431 16.550 120.209 -0.27125 0.46588 1.307 0.82699 8.0000 47.63 0.9190 0.9198 2.292001 
540.4604 16.560 120.211 -0.27143 0.46616 1.301 0.82683 8.0000 48.21 0.9194 0.9202 2.294048 
539.9777 16.573 120.208 -0.27163 0.46656 1.315 0.82672 8.0000 48.77 0.9197 0.9206 2.296098 
539.4948 16.584 120.204 -0.27179 0.46691 1.296 0.82660 8.0000 47.73 0.9202 0.9210 2.298154 
539.0118 16.597 120.200 -0.27197 0.46728 1.286 0.82644 8.0000 47.23 0.9207 0.9215 2.300213 
538.5286 16.608 120.199 -0.27214 0.46760 1.277 0.82630 8.0000 46.27 0.9212 0.9220 2.302277 
538.0454 16.619 120.201 -0.27233 0.46789 1.277 0.82614 8.0000 46.21 0.9216 0.9224 2.304344 
537.5621 16.630 120.200 -0.27252 0.46824 1.261 0.82600 8.0000 45.87 0.9220 0.9229 2.306416 
537.0786 16.641 120.194 -0.27266 0.46858 1.252 0.82589 8.0000 45.54 0.9224 0.9232 2.308492 
536.5950 16.652 120.194 -0.27283 0.46889 1.247 0.82572 8.0000 44.73 0.9229 0.9237 2.310573 
536.1114 16.665 120.194 -0.27304 0.46926 1.257 0.82556 8.0000 45.75 0.9232 0.9240 2.312657 
535.6276 16.676 120.196 -0.27326 0.46957 1.243 0.82542 8.0000 44.04 0.9236 0.9244 2.314746 
535.1437 16.689 120.193 -0.27345 0.46997 1.238 0.82527 8.0000 44.47 0.9241 0.9250 2.316839 
534.6597 16.702 120.193 -0.27364 0.47029 1.229 0.82506 8.0000 44.22 0.9244 0.9253 2.318936 
534.1756 16.716 120.192 -0.27389 0.47075 1.222 0.82495 8.0000 42.99 0.9248 0.9257 2.321038 
533.6913 16.727 120.190 -0.27404 0.47103 1.215 0.82479 8.0000 42.27 0.9252 0.9261 2.323144 
533.2070 16.740 120.188 -0.27425 0.47143 1.214 0.82460 8.0000 42.26 0.9257 0.9266 2.325254 
532.7226 16.756 120.193 -0.27452 0.47180 1.211 0.82435 8.0000 41.78 0.9261 0.9270 2.327369 
532.2380 16.770 120.188 -0.27469 0.47220 1.204 0.82411 8.0000 41.40 0.9264 0.9273 2.329488 
531.7534 16.786 120.189 -0.27497 0.47265 1.198 0.82389 8.0000 41.30 0.9269 0.9278 2.331611 
531.2686 16.802 120.192 -0.27523 0.47306 1.194 0.82363 8.0000 41.28 0.9272 0.9281 2.333738 
530.7837 16.820 120.195 -0.27555 0.47355 1.194 0.82341 8.0000 40.37 0.9277 0.9286 2.335870 
530.2987 16.836 120.194 -0.27581 0.47401 1.190 0.82319 8.0000 39.26 0.9280 0.9289 2.338007 
529.8136 16.852 120.189 -0.27603 0.47446 1.187 0.82294 8.0000 39.80 0.9284 0.9293 2.340147 
529.3284 16.869 120.190 -0.27629 0.47490 1.173 0.82268 8.0000 38.86 0.9286 0.9295 2.342292 
528.8430 16.884 120.188 -0.27651 0.47531 1.176 0.82238 8.0000 38.90 0.9289 0.9298 2.344442 
528.3576 16.904 120.188 -0.27683 0.47588 1.174 0.82212 8.0000 38.76 0.9292 0.9302 2.346596 
527.8720 16.922 120.186 -0.27708 0.47634 1.166 0.82182 8.0000 37.91 0.9295 0.9304 2.348755 
527.3864 16.938 120.181 -0.27731 0.47683 1.167 0.82159 8.0000 37.53 0.9296 0.9306 2.350917 
526.9006 16.958 120.178 -0.27757 0.47735 1.158 0.82124 8.0000 37.08 0.9299 0.9309 2.353085 
526.4147 16.979 120.178 -0.27790 0.47791 1.149 0.82094 8.0000 36.06 0.9301 0.9311 2.355257 
525.9287 16.999 120.174 -0.27817 0.47843 1.145 0.82056 8.0000 35.94 0.9304 0.9314 2.357433 
525.4426 17.019 120.177 -0.27848 0.47893 1.156 0.82016 8.0000 36.27 0.9306 0.9316 2.359614 
524.9564 17.039 120.173 -0.27871 0.47938 1.145 0.81970 8.0000 35.13 0.9307 0.9317 2.361800 
524.4700 17.061 120.173 -0.27900 0.47989 1.145 0.81922 8.0000 34.49 0.9308 0.9317 2.363990 
523.9836 17.084 120.171 -0.27936 0.48055 1.136 0.81890 8.0000 34.06 0.9309 0.9319 2.366185 
523.4971 17.109 120.169 -0.27976 0.48127 1.129 0.81856 8.0000 33.96 0.9312 0.9322 2.368384 
523.0104 17.132 120.165 -0.28009 0.48191 1.127 0.81819 8.0000 33.18 0.9312 0.9322 2.370588 
522.5236 17.156 120.165 -0.28044 0.48251 1.124 0.81777 8.0000 32.41 0.9313 0.9323 2.372796 
522.0367 17.181 120.161 -0.28077 0.48317 1.121 0.81730 8.0000 32.25 0.9314 0.9324 2.375009 
521.5497 17.204 120.159 -0.28109 0.48376 1.110 0.81688 8.0000 31.82 0.9315 0.9325 2.377227 
521.0626 17.226 120.163 -0.28144 0.48429 1.109 0.81647 8.0000 31.33 0.9316 0.9326 2.379449 
520.5754 17.252 120.162 -0.28180 0.48492 1.113 0.81594 8.0000 31.51 0.9315 0.9326 2.381676 
520.0881 17.278 120.160 -0.28219 0.48563 1.112 0.81552 8.0000 31.25 0.9317 0.9327 2.383908 
519.6006 17.304 120.163 -0.28260 0.48628 1.099 0.81505 8.0000 30.84 0.9318 0.9328 2.386144 
519.1131 17.329 120.164 -0.28299 0.48693 1.099 0.81461 8.0000 30.53 0.9319 0.9330 2.388385 
518.6254 17.357 120.165 -0.28343 0.48767 1.096 0.81417 8.0000 29.60 0.9319 0.9330 2.390631 
518.1377 17.381 120.158 -0.28369 0.48824 1.097 0.81364 8.0000 29.60 0.9317 0.9328 2.392881 
517.6498 17.406 120.154 -0.28400 0.48886 1.085 0.81310 8.0000 28.62 0.9318 0.9328 2.395137 
517.1618 17.426 120.159 -0.28430 0.48929 1.083 0.81265 8.0000 28.37 0.9318 0.9328 2.397397 
516.6737 17.450 120.167 -0.28478 0.48995 1.077 0.81232 8.0000 27.91 0.9318 0.9329 2.399661 
516.1855 17.477 120.163 -0.28512 0.49062 1.083 0.81180 8.0000 27.57 0.9318 0.9329 2.401931 
515.6971 17.504 120.155 -0.28546 0.49136 1.078 0.81133 8.0000 27.47 0.9319 0.9330 2.404206 
515.2087 17.529 120.150 -0.28578 0.49201 1.072 0.81084 8.0000 27.33 0.9320 0.9331 2.406485 
514.7202 17.556 120.152 -0.28618 0.49265 1.064 0.81028 8.0000 26.94 0.9322 0.9333 2.408769 
514.2314 17.583 120.157 -0.28664 0.49335 1.061 0.80985 8.0000 26.50 0.9323 0.9334 2.411058 
513.7427 17.607 120.160 -0.28699 0.49388 1.068 0.80932 8.0000 26.57 0.9323 0.9334 2.413352 
513.2538 17.637 120.161 -0.28744 0.49464 1.063 0.80879 8.0000 25.99 0.9325 0.9337 2.415651 
512.7648 17.661 120.165 -0.28781 0.49521 1.063 0.80827 8.0000 25.78 0.9324 0.9335 2.417955 
512.2757 17.687 120.165 -0.28815 0.49579 1.062 0.80771 8.0000 25.61 0.9323 0.9335 2.420263 
511.7864 17.719 120.159 -0.28857 0.49662 1.054 0.80707 8.0000 25.36 0.9324 0.9336 2.422577 
511.2971 17.747 120.152 -0.28889 0.49732 1.054 0.80648 8.0000 25.36 0.9324 0.9335 2.424895 
510.8076 17.773 120.151 -0.28920 0.49787 1.041 0.80582 8.0000 24.82 0.9324 0.9336 2.427219 
510.3181 17.800 120.144 -0.28952 0.49856 1.052 0.80530 8.0000 24.26 0.9324 0.9335 2.429547 
509.8284 17.819 120.136 -0.28969 0.49903 1.052 0.80485 8.0000 23.90 0.9320 0.9332 2.431881 
509.3386 17.840 120.136 -0.28996 0.49949 1.037 0.80436 8.0000 23.95 0.9317 0.9329 2.434219 
508.8488 17.865 120.133 -0.29027 0.50009 1.028 0.80382 8.0000 23.30 0.9317 0.9329 2.436563 
508.3587 17.892 120.127 -0.29060 0.50078 1.030 0.80326 8.0000 23.50 0.9316 0.9328 2.438912 
507.8686 17.917 120.124 -0.29090 0.50134 1.040 0.80266 8.0000 23.43 0.9314 0.9326 2.441265 
507.3784 17.942 120.116 -0.29114 0.50191 1.045 0.80204 8.0000 23.06 0.9312 0.9325 2.443624 
506.8880 17.962 120.107 -0.29124 0.50226 1.031 0.80132 8.0000 22.21 0.9309 0.9321 2.445988 
506.3976 17.986 120.094 -0.29143 0.50286 1.030 0.80078 8.0000 22.00 0.9306 0.9319 2.448357 
505.9070 18.007 120.081 -0.29153 0.50330 1.019 0.80013 8.0000 21.42 0.9303 0.9316 2.450731 
505.4163 18.035 120.075 -0.29184 0.50397 1.026 0.79953 8.0000 21.35 0.9303 0.9316 2.453110 
504.9255 18.060 120.068 -0.29214 0.50462 1.017 0.79901 8.0000 21.39 0.9303 0.9316 2.455495 
504.4346 18.085 120.058 -0.29236 0.50520 1.027 0.79836 8.0000 21.36 0.9301 0.9314 2.457884 
503.9436 18.106 120.053 -0.29252 0.50559 1.024 0.79776 8.0000 20.92 0.9296 0.9309 2.460279 
503.4525 18.123 120.046 -0.29265 0.50595 1.016 0.79725 8.0000 20.79 0.9292 0.9305 2.462679 
502.9612 18.146 120.036 -0.29286 0.50650 1.013 0.79673 8.0000 20.46 0.9290 0.9303 2.465085 
502.4698 18.166 120.023 -0.29300 0.50702 1.017 0.79624 8.0000 20.59 0.9287 0.9300 2.467495 
501.9784 18.187 120.011 -0.29313 0.50749 1.022 0.79565 8.0000 20.52 0.9286 0.9299 2.469911 
501.4868 18.208 120.006 -0.29331 0.50790 1.023 0.79507 8.0000 20.51 0.9285 0.9298 2.472332 
500.9951 18.229 119.996 -0.29344 0.50834 1.009 0.79443 8.0000 19.96 0.9282 0.9295 2.474759 
500.5033 18.254 119.980 -0.29363 0.50898 0.984 0.79387 8.0000 18.94 0.9280 0.9293 2.477190 
500.0114 18.276 119.967 -0.29375 0.50947 0.990 0.79324 8.0000 19.05 0.9278 0.9292 2.479627 
499.5193 18.299 119.953 -0.29390 0.51001 1.003 0.79268 8.0000 19.51 0.9276 0.9289 2.482070 
499.0272 18.319 119.943 -0.29402 0.51044 1.000 0.79206 8.0000 18.81 0.9272 0.9285 2.484518 
498.5349 18.338 119.931 -0.29413 0.51087 0.986 0.79155 8.0000 18.13 0.9268 0.9282 2.486971 
498.0426 18.359 119.920 -0.29429 0.51136 0.980 0.79103 8.0000 17.86 0.9267 0.9280 2.489429 
497.5501 18.379 119.904 -0.29435 0.51181 0.972 0.79044 8.0000 17.18 0.9262 0.9276 2.491894 
497.0575 18.403 119.887 -0.29451 0.51244 0.979 0.78988 8.0000 17.28 0.9260 0.9274 2.494363 
496.5648 18.430 119.875 -0.29474 0.51309 0.976 0.78925 8.0000 16.66 0.9262 0.9275 2.496838 
496.0720 18.452 119.861 -0.29490 0.51366 0.974 0.78877 8.0000 16.48 0.9259 0.9272 2.499318 
495.5790 18.473 119.855 -0.29513 0.51418 0.972 0.78828 8.0000 16.01 0.9255 0.9269 2.501805 
495.0860 18.498 119.835 -0.29529 0.51489 0.963 0.78776 8.0000 15.51 0.9253 0.9267 2.504296 
494.5928 18.518 119.821 -0.29536 0.51529 0.975 0.78718 8.0000 15.97 0.9245 0.9259 2.506793 
494.0995 18.540 119.806 -0.29549 0.51583 0.972 0.78659 8.0000 15.76 0.9242 0.9256 2.509296 
493.6062 18.562 119.791 -0.29559 0.51633 0.966 0.78597 8.0000 15.56 0.9238 0.9252 2.511804 
493.1127 18.586 119.781 -0.29578 0.51685 0.952 0.78533 8.0000 15.07 0.9234 0.9248 2.514318 
492.6190 18.612 119.767 -0.29600 0.51755 0.962 0.78482 8.0000 15.25 0.9231 0.9244 2.516837 
492.1253 18.637 119.749 -0.29618 0.51823 0.968 0.78429 8.0000 15.67 0.9227 0.9241 2.519362 
491.6315 18.659 119.738 -0.29636 0.51878 0.942 0.78380 8.0000 15.42 0.9225 0.9239 2.521893 
491.1375 18.680 119.726 -0.29653 0.51933 0.920 0.78330 8.0000 15.12 0.9220 0.9233 2.524429 
490.6435 18.704 119.709 -0.29671 0.51999 0.908 0.78281 8.0000 14.77 0.9216 0.9230 2.526971 
490.1493 18.728 119.695 -0.29686 0.52055 0.918 0.78220 8.0000 14.64 0.9211 0.9224 2.529519 
489.6550 18.751 119.684 -0.29706 0.52115 0.907 0.78171 8.0000 14.81 0.9206 0.9219 2.532072 
489.1606 18.776 119.674 -0.29732 0.52181 0.915 0.78119 8.0000 14.90 0.9201 0.9215 2.534631 
488.6661 18.801 119.658 -0.29755 0.52254 0.904 0.78078 8.0000 14.38 0.9198 0.9212 2.537196 
488.1714 18.830 119.645 -0.29788 0.52342 0.888 0.78036 8.0000 14.05 0.9197 0.9210 2.539768 
487.6767 18.853 119.632 -0.29809 0.52406 0.905 0.77992 8.0000 14.28 0.9192 0.9205 2.542344 
487.1818 18.880 119.622 -0.29839 0.52481 0.880 0.77942 8.0000 14.15 0.9189 0.9201 2.544927 
486.6869 18.906 119.612 -0.29870 0.52553 0.875 0.77894 8.0000 13.91 0.9186 0.9198 2.547514 
486.1918 18.934 119.605 -0.29901 0.52626 0.858 0.77840 8.0000 13.34 0.9181 0.9194 2.550109 
485.6966 18.956 119.596 -0.29920 0.52678 0.866 0.77789 8.0000 13.44 0.9176 0.9188 2.552709 
485.2013 18.985 119.584 -0.29956 0.52767 0.877 0.77747 8.0000 13.87 0.9172 0.9185 2.555314 
484.7058 19.009 119.571 -0.29980 0.52837 0.873 0.77705 8.0000 13.93 0.9166 0.9179 2.557927 
484.2103 19.034 119.562 -0.30014 0.52917 0.853 0.77674 8.0000 13.53 0.9161 0.9174 2.560544 
483.7146 19.064 119.549 -0.30054 0.53014 0.854 0.77643 8.0000 14.04 0.9160 0.9172 2.563168 
483.2189 19.094 119.539 -0.30093 0.53105 0.852 0.77600 8.0000 14.91 0.9158 0.9170 2.565798 
482.7230 19.122 119.528 -0.30126 0.53188 0.841 0.77559 8.0000 15.41 0.9153 0.9165 2.568433 
482.2270 19.146 119.517 -0.30155 0.53261 0.851 0.77522 8.0000 16.26 0.9148 0.9160 2.571075 
481.7309 19.171 119.501 -0.30181 0.53343 0.835 0.77491 8.0000 16.68 0.9144 0.9156 2.573723 
481.2346 19.192 119.494 -0.30212 0.53412 0.834 0.77467 8.0000 17.63 0.9139 0.9150 2.576377 
480.7383 19.217 119.487 -0.30250 0.53494 0.805 0.77443 8.0000 17.33 0.9135 0.9146 2.579037 
480.2419 19.245 119.477 -0.30290 0.53588 0.795 0.77416 8.0000 17.75 0.9131 0.9143 2.581703 
479.7453 19.270 119.473 -0.30336 0.53676 0.787 0.77399 8.0000 18.37 0.9129 0.9140 2.584375 
479.2486 19.294 119.471 -0.30376 0.53754 0.774 0.77376 8.0000 18.45 0.9124 0.9135 2.587054 
478.7518 19.316 119.465 -0.30411 0.53829 0.762 0.77359 8.0000 18.60 0.9119 0.9130 2.589738 
478.2549 19.340 119.459 -0.30447 0.53906 0.758 0.77332 8.0000 19.00 0.9112 0.9123 2.592429 
477.7579 19.363 119.451 -0.30480 0.53982 0.762 0.77307 8.0000 19.79 0.9108 0.9119 2.595126 
477.2608 19.386 119.451 -0.30525 0.54060 0.753 0.77292 8.0000 19.36 0.9105 0.9115 2.597829 
476.7635 19.410 119.449 -0.30569 0.54142 0.753 0.77278 8.0000 20.00 0.9100 0.9110 2.600539 
476.2662 19.437 119.446 -0.30620 0.54241 0.756 0.77263 8.0000 20.66 0.9097 0.9107 2.603254 
475.7687 19.465 119.439 -0.30664 0.54333 0.757 0.77238 8.0000 21.05 0.9094 0.9104 2.605976 
475.2711 19.490 119.437 -0.30709 0.54418 0.766 0.77218 8.0000 22.57 0.9090 0.9100 2.608705 
474.7734 19.514 119.433 -0.30746 0.54493 0.762 0.77188 8.0000 23.35 0.9087 0.9097 2.611439 
474.2756 19.540 119.431 -0.30794 0.54581 0.758 0.77171 8.0000 24.27 0.9084 0.9093 2.614180 
473.7776 19.560 119.427 -0.30826 0.54647 0.761 0.77150 8.0000 25.94 0.9079 0.9088 2.616928 
473.2796 19.580 119.423 -0.30853 0.54704 0.747 0.77117 8.0000 26.86 0.9074 0.9084 2.619682 
472.7814 19.603 119.415 -0.30888 0.54784 0.737 0.77098 8.0000 27.15 0.9070 0.9080 2.622442 
472.2831 19.620 119.411 -0.30912 0.54835 0.730 0.77070 8.0000 28.77 0.9065 0.9075 2.625209 
471.7848 19.643 119.410 -0.30946 0.54897 0.724 0.77034 8.0000 30.28 0.9063 0.9073 2.627982 
471.2863 19.670 119.407 -0.30992 0.54985 0.714 0.77006 8.0000 31.04 0.9061 0.9070 2.630762 
470.7876 19.688 119.408 -0.31021 0.55035 0.703 0.76975 8.0000 31.74 0.9056 0.9065 2.633548 
470.2889 19.711 119.415 -0.31068 0.55103 0.697 0.76948 8.0000 32.35 0.9054 0.9063 2.636341 
469.7900 19.737 119.418 -0.31113 0.55176 0.691 0.76915 8.0000 32.55 0.9051 0.9060 2.639141 
469.2911 19.758 119.429 -0.31154 0.55224 0.685 0.76872 8.0000 32.88 0.9046 0.9055 2.641946 
468.7920 19.790 119.437 -0.31207 0.55300 0.683 0.76813 8.0000 33.18 0.9047 0.9056 2.644759 
468.2928 19.820 119.441 -0.31255 0.55376 0.684 0.76753 8.0000 33.77 0.9047 0.9056 2.647578 
467.7935 19.847 119.449 -0.31301 0.55438 0.687 0.76702 8.0000 34.62 0.9044 0.9054 2.650404 
467.2941 19.874 119.464 -0.31352 0.55496 0.691 0.76644 8.0000 35.06 0.9044 0.9053 2.653237 
466.7945 19.905 119.481 -0.31411 0.55562 0.698 0.76581 8.0000 36.75 0.9045 0.9054 2.656077 
466.2949 19.933 119.496 -0.31466 0.55625 0.698 0.76527 8.0000 38.76 0.9044 0.9053 2.658922 
465.7951 19.962 119.511 -0.31521 0.55689 0.705 0.76469 8.0000 40.72 0.9046 0.9054 2.661775 
465.2952 19.984 119.534 -0.31572 0.55726 0.703 0.76414 8.0000 42.82 0.9043 0.9052 2.664635 
464.7952 20.015 119.559 -0.31639 0.55787 0.701 0.76351 8.0000 46.01 0.9045 0.9054 2.667502 
464.2951 20.040 119.577 -0.31687 0.55830 0.695 0.76288 8.0000 49.51 0.9044 0.9053 2.670375 
463.7949 20.066 119.593 -0.31723 0.55858 0.686 0.76201 8.0000 52.22 0.9042 0.9050 2.673255 
463.2946 20.084 119.617 -0.31763 0.55875 0.677 0.76144 8.0000 54.59 0.9040 0.9049 2.676142 
462.7941 20.111 119.630 -0.31802 0.55913 0.667 0.76061 8.0000 57.17 0.9044 0.9053 2.679036 
462.2935 20.137 119.640 -0.31835 0.55949 0.657 0.75977 8.0000 60.07 0.9045 0.9053 2.681937 
461.7928 20.159 119.659 -0.31868 0.55963 0.647 0.75890 8.0000 61.77 0.9045 0.9054 2.684845 
461.2921 20.188 119.682 -0.31919 0.56002 0.641 0.75803 8.0000 63.48 0.9048 0.9057 2.687759 
460.7911 20.216 119.699 -0.31962 0.56037 0.635 0.75716 8.0000 63.39 0.9051 0.9060 2.690681 
460.2901 20.246 119.713 -0.32008 0.56086 0.629 0.75631 8.0000 63.60 0.9053 0.9062 2.693610 
459.7889 20.273 119.736 -0.32060 0.56125 0.627 0.75556 8.0000 63.18 0.9054 0.9063 2.696546 
459.2877 20.301 119.758 -0.32114 0.56170 0.628 0.75483 8.0000 63.76 0.9059 0.9069 2.699489 
458.7863 20.333 119.782 -0.32174 0.56221 0.630 0.75400 8.0000 64.14 0.9065 0.9074 2.702439 
458.2848 20.365 119.809 -0.32226 0.56249 0.632 0.75289 8.0000 65.31 0.9066 0.9075 2.705396 
457.7832 20.389 119.838 -0.32267 0.56255 0.636 0.75187 8.0000 66.46 0.9063 0.9072 2.708360 
457.2815 20.416 119.864 -0.32302 0.56258 0.635 0.75068 8.0000 67.68 0.9064 0.9073 2.711332 
456.7796 20.451 119.892 -0.32362 0.56296 0.635 0.74958 8.0000 68.28 0.9071 0.9080 2.714311 
456.2777 20.487 119.927 -0.32437 0.56349 0.631 0.74865 8.0000 69.71 0.9080 0.9089 2.717297 
455.7756 20.516 119.965 -0.32497 0.56364 0.625 0.74760 8.0000 69.28 0.9085 0.9095 2.720290 
455.2734 20.557 120.002 -0.32557 0.56386 0.616 0.74603 8.0000 68.87 0.9087 0.9096 2.723291 
454.7711 20.593 120.044 -0.32634 0.56424 0.610 0.74495 8.0000 68.26 0.9095 0.9105 2.726299 
454.2687 20.631 120.079 -0.32705 0.56468 0.600 0.74376 8.0000 66.63 0.9104 0.9114 2.729314 
453.7662 20.666 120.108 -0.32776 0.56524 0.592 0.74288 8.0000 63.97 0.9112 0.9122 2.732336 
453.2635 20.702 120.137 -0.32832 0.56553 0.585 0.74162 8.0000 61.26 0.9114 0.9124 2.735367 
452.7608 20.738 120.166 -0.32900 0.56605 0.578 0.74066 8.0000 57.67 0.9120 0.9131 2.738404 
452.2579 20.774 120.195 -0.32964 0.56649 0.575 0.73956 8.0000 53.40 0.9125 0.9135 2.741449 
451.7549 20.810 120.224 -0.33030 0.56696 0.577 0.73851 8.0000 50.96 0.9130 0.9141 2.744501 
451.2518 20.847 120.253 -0.33094 0.56741 0.578 0.73742 8.0000 47.15 0.9135 0.9146 2.747561 
450.7485 20.884 120.282 -0.33169 0.56803 0.579 0.73652 8.0000 44.18 0.9143 0.9154 2.750629 
450.2452 20.921 120.310 -0.33229 0.56841 0.585 0.73530 8.0000 41.20 0.9146 0.9157 2.753704 
449.7417 20.959 120.339 -0.33296 0.56889 0.586 0.73419 8.0000 37.87 0.9151 0.9162 2.756787 
449.2382 20.996 120.367 -0.33365 0.56944 0.589 0.73319 8.0000 36.44 0.9158 0.9169 2.759876 
448.7345 21.034 120.396 -0.33431 0.56991 0.590 0.73203 8.0000 34.81 0.9162 0.9174 2.762974 
448.2307 21.073 120.424 -0.33500 0.57044 0.589 0.73097 8.0000 32.68 0.9168 0.9180 2.766080 
447.7267 21.111 120.453 -0.33577 0.57111 0.586 0.73007 8.0000 31.48 0.9177 0.9189 2.769193 
447.2227 21.150 120.481 -0.33649 0.57169 0.582 0.72904 8.0000 29.63 0.9183 0.9195 2.772314 
446.7186 21.189 120.509 -0.33710 0.57207 0.574 0.72773 8.0000 26.54 0.9186 0.9198 2.775443 
446.2143 21.228 120.537 -0.33785 0.57270 0.568 0.72674 8.0000 24.66 0.9193 0.9206 2.778580 
445.7099 21.268 120.565 -0.33859 0.57331 0.564 0.72571 8.0000 22.75 0.9200 0.9213 2.781724 
445.2054 21.308 120.593 -0.33933 0.57393 0.561 0.72468 8.0000 20.58 0.9208 0.9220 2.784876 
444.7008 21.348 120.621 -0.34006 0.57453 0.564 0.72360 8.0000 19.02 0.9214 0.9227 2.788036 
444.1960 21.388 120.648 -0.34079 0.57513 0.563 0.72253 8.0000 16.90 0.9221 0.9234 2.791204 
443.6912 21.429 120.676 -0.34151 0.57572 0.566 0.72141 8.0000 15.38 0.9227 0.9240 2.794380 
443.1862 21.470 120.704 -0.34225 0.57633 0.573 0.72034 8.0000 13.89 0.9234 0.9247 2.797564 
442.6812 21.510 120.731 -0.34305 0.57706 0.577 0.71938 8.0000 12.77 0.9242 0.9256 2.800756 
442.1759 21.552 120.758 -0.34379 0.57766 0.582 0.71826 8.0000 11.75 0.9249 0.9263 2.803956 
441.6706 21.593 120.786 -0.34451 0.57825 0.587 0.71710 8.0000 10.97 0.9255 0.9269 2.807164 
441.1652 21.635 120.813 -0.34529 0.57893 0.592 0.71606 8.0000 10.18 0.9262 0.9277 2.810380 
440.6596 21.677 120.840 -0.34605 0.57960 0.589 0.71498 8.0000 9.69 0.9270 0.9285 2.813605 
440.1540 21.720 120.867 -0.34676 0.58015 0.588 0.71373 8.0000 8.93 0.9274 0.9290 2.816837 
439.6482 21.720 120.867 -0.34676 0.58015 0.591 0.71373 8.0000 8.39 0.9274 0.9290 2.820077 

# MINIMA:
439.6482 0.922 0.040 -199.13747 -71.23547 -4651.139 -178.87590 8.0000 8.33 0.5128 0.5485 1.240099 

# MAXIMA:
999.7925 83.489 359.630 7.88922 55.89799 361.038 167.04066 8.0000 81.14 2.72081573996658688E18 1.59750507305621258E19 2.820077 

# PEAKS:

# END SPECTRUM

