## SPECTRUM TYPE:
LCE

## DATE:
18/08/2026

## COMMENTS:

## NUMBER OF SPECTRUM:
1

## ELLIPSOMETRIC CONFIGURATION:
0.00 ø :Modulator
+45.00 øAnalyser

## UNIT:
nm


# SPECTRUM:
1

# CAPTION:


# START TIME:
14:06:09

# END TIME:
14:06:09

# THETA ANGLE:
0.00 ø

# INCIDENCE ANGLE:
69.95 ø

# ACCUMULATION NUMBER:
28

# ELLIPSOMETRIC CONFIGURATION:
0.00 ø :Modulator
+45.00 øAnalyser

# INTEGRATION TIME:
8 ms

# FIRST POINT:
999.79 nm

# LAST POINT:
439.65 nm

# INCREMENT:
0.00 nm

# NUMBER OF POINTS:
1273

# DATA:
nm Psi Delta Ic Is Reflectance IcPrim IntegrationTime IntensityMax Polarization PolarizationGen eV 
999.7925 1.260 208.109 -2.61421 -1.39636 0.000 67.35753 8.0000 7.79 2.72013376787945882E18 1.42873861438329324E19 1.240099 
999.4089 1.260 208.109 -2.61421 -1.39636 0.926 67.35753 8.0000 7.73 2.52992732724513997E18 1.32883357939751977E19 1.240575 
999.0253 1.260 208.109 -2.61421 -1.39636 0.588 67.35753 8.0000 7.94 2.41174109725340467E18 1.2667566922095657E19 1.241052 
998.6415 1.260 208.109 -2.61421 -1.39636 1.082 67.35753 8.0000 7.97 2.27693464949620736E18 1.19595023245288407E19 1.241529 
998.2578 1.260 208.109 -2.61421 -1.39636 0.242 67.35753 8.0000 8.00 2.12366162907260518E18 1.11544432092061368E19 1.242006 
997.8739 1.260 208.109 -2.61421 -1.39636 0.680 67.35753 8.0000 8.07 1.95007540620374835E18 1.02426874855240499E19 1.242484 
997.4900 1.260 208.109 -2.61421 -1.39636 -0.023 67.35753 8.0000 8.12 1.7543292136718336E18 9.2145396599488512E18 1.242962 
997.1060 1.260 208.109 -2.61421 -1.39636 -0.003 67.35753 8.0000 8.17 1.53457628425905766E18 8.06029709212123136E18 1.243440 
996.7219 1.260 208.109 -2.61421 -1.39636 -4.127 67.35752 8.0000 8.21 1.2889702630644777E18 6.77026153972839219E18 1.243920 
996.3377 1.260 208.109 -2.61421 -1.39636 -0.960 67.35753 8.0000 8.29 1.01566424543133696E18 5.33473311119009382E18 1.244399 
995.9535 1.260 208.109 -2.61421 -1.39636 -0.301 67.35753 8.0000 8.24 716504998577438720.0000 3.76341197296448307E18 1.244879 
995.5692 1.260 208.109 -2.61421 -1.39636 1.162 67.35752 8.0000 8.44 393339049202417664.0000 2.06599664224226509E18 1.245360 
995.1848 1.260 208.109 -2.61421 -1.39636 -0.797 67.35752 8.0000 8.55 51706544340860928.0000 271586415807037440.0000 1.245841 
994.8003 1.260 208.109 -2.61421 -1.39636 0.022 67.35753 8.0000 8.62 295465987296198656.0000 1.55192245457675878E18 1.246322 
994.4158 1.260 208.109 -2.61421 -1.39636 0.012 67.35753 8.0000 8.53 629711818423533568.0000 3.3075346608792535E18 1.246804 
994.0311 22.068 177.932 -0.25239 0.00911 0.012 0.26028 8.0000 8.64 0.5310 0.7288 1.247287 
993.6464 24.188 148.492 -0.17796 0.10909 0.587 0.18548 8.0000 8.67 0.5125 0.7627 1.247770 
993.2617 53.563 111.534 -0.08613 0.21827 1.160 -0.07231 8.0000 8.67 0.5184 0.8122 1.248253 
992.8768 65.192 119.616 -0.15607 0.27455 -0.195 -0.26863 8.0000 8.77 0.5440 0.8191 1.248737 
992.4919 69.607 68.734 0.05199 0.13359 0.169 -0.16615 8.0000 8.86 0.5913 0.8224 1.249221 
992.1069 26.900 108.406 -0.07160 0.21517 -8.891 0.16597 8.0000 8.90 0.5572 0.6685 1.249706 
991.7218 10.659 99.750 -0.04148 0.24139 -0.824 0.62763 8.0000 8.99 0.6974 0.7226 1.250191 
991.3367 11.021 81.665 0.03760 0.25663 0.293 0.64059 8.0000 9.18 0.7303 0.7593 1.250677 
990.9514 14.750 76.036 0.08959 0.36031 1.255 0.65621 8.0000 9.18 0.8562 0.8946 1.251163 
990.5661 7.508 86.036 0.01678 0.24215 11.976 0.90484 8.0000 9.10 0.8911 0.9190 1.251650 
990.1807 6.352 59.998 0.10479 0.18149 -22.972 0.92956 8.0000 9.20 0.7914 0.8401 1.252137 
989.7953 2.870 83.329 0.01043 0.08914 -0.459 0.89271 8.0000 9.28 0.7531 0.8166 1.252625 
989.4097 5.808 102.294 -0.03945 0.18104 -2.013 0.90141 8.0000 9.44 0.7400 0.8206 1.253113 
989.0241 8.235 115.550 -0.11329 0.23698 1.140 0.88848 8.0000 9.44 0.7539 0.8488 1.253601 
988.6384 11.709 125.161 -0.22099 0.31373 1.809 0.88604 8.0000 9.34 0.7746 0.8490 1.254090 
988.2526 11.305 103.012 -0.08463 0.36622 28.815 0.90250 8.0000 9.61 0.7521 0.8353 1.254580 
987.8668 12.317 97.117 -0.05194 0.41596 1.125 0.91415 8.0000 9.57 0.7565 0.8443 1.255070 
987.4809 11.303 99.831 -0.06117 0.35298 -4364.811 0.86037 8.0000 9.57 0.6905 0.7428 1.255560 
987.0949 10.598 103.106 -0.08522 0.36602 1.348 0.96907 8.0000 9.67 0.6778 0.6959 1.256051 
986.7088 5.809 103.322 -0.05437 0.22959 1.125 1.14758 8.0000 9.84 0.7779 0.7888 1.256543 
986.3226 4.435 139.484 -0.12758 0.10902 -2.445 1.07526 8.0000 9.76 0.8538 0.8621 1.257035 
985.9364 6.891 105.415 -0.06072 0.22022 -8.175 0.93123 8.0000 9.80 0.9012 0.9252 1.257527 
985.5501 8.434 94.328 -0.01934 0.25563 87.611 0.84551 8.0000 9.84 0.9760 1.0372 1.258020 
985.1638 11.470 91.094 -0.00667 0.34929 -2.156 0.82539 8.0000 10.05 1.0931 1.1783 1.258513 
984.7773 14.170 89.746 0.00189 0.42477 1.140 0.78759 8.0000 10.10 1.1402 1.2210 1.259007 
984.3907 18.592 82.942 0.06437 0.51987 -0.714 0.69052 8.0000 10.19 1.0111 1.0853 1.259502 
984.0041 13.331 84.734 0.03477 0.37730 -0.548 0.75463 8.0000 10.20 0.9093 0.9655 1.259997 
983.6174 6.226 73.560 0.04561 0.15457 0.626 0.72981 8.0000 10.47 0.7084 0.7745 1.260492 
983.2307 5.835 75.471 0.04805 0.18541 0.681 0.92734 8.0000 10.56 0.6944 0.7667 1.260988 
982.8438 5.937 220.663 -0.18108 -0.15555 0.566 1.13532 8.0000 10.50 0.8173 0.8695 1.261484 
982.4569 9.637 26.897 0.28262 0.14336 0.571 0.90619 8.0000 10.53 0.8329 0.9611 1.261981 
982.0699 12.407 61.651 0.15485 0.28699 -2.756 0.70526 8.0000 10.66 0.7484 0.8516 1.262478 
981.6828 16.210 80.821 0.06114 0.37838 -0.013 0.60349 8.0000 10.83 0.7286 0.7962 1.262976 
981.2957 18.560 97.460 -0.06403 0.48894 -0.007 0.65156 8.0000 10.81 0.7358 0.8016 1.263474 
980.9084 20.318 110.314 -0.16677 0.45049 0.004 0.55974 8.0000 10.90 0.7495 0.9621 1.263973 
980.5211 37.484 122.438 -0.30618 0.48177 0.009 0.15329 8.0000 10.91 0.5836 0.6424 1.264472 
980.1337 38.223 121.081 -0.41063 0.68122 -0.001 0.19174 8.0000 11.08 0.5890 0.7431 1.264972 
979.7463 37.008 133.751 -0.66338 0.69294 -0.001 0.27477 8.0000 10.88 0.6391 0.9316 1.265472 
979.3587 57.866 148.717 -1.75275 1.06499 8.302 -0.98849 8.0000 11.13 0.7040 0.8846 1.265973 
978.9711 61.422 143.487 -1.31786 0.97563 6.093 -1.05847 8.0000 11.15 0.7196 1.2566 1.266474 
978.5834 62.033 131.593 -0.54631 0.61547 1.295 -0.55647 8.0000 11.06 0.6987 1.4669 1.266976 
978.1956 40.848 119.460 -0.25757 0.45600 7.744 0.07644 8.0000 11.27 0.6688 1.5421 1.267478 
977.8077 21.413 121.596 -0.19876 0.32313 -3.058 0.40931 8.0000 11.34 0.7116 1.4786 1.267981 
977.4199 11.754 137.126 -0.21186 0.19669 3.286 0.66463 8.0000 11.46 0.8572 1.3322 1.268484 
977.0319 10.919 159.108 -0.27053 0.10326 2.671 0.72258 8.0000 11.53 0.9564 1.0953 1.268988 
976.6437 13.539 164.611 -0.36283 0.09986 1.251 0.73613 8.0000 11.54 0.9177 1.2523 1.269493 
976.2556 12.281 177.863 -0.40582 0.01514 -9.129 0.88855 8.0000 11.58 1.0842 1.2099 1.269997 
975.8674 8.027 145.996 -0.23055 0.15553 1.231 0.96639 8.0000 11.81 1.0782 1.1490 1.270502 
975.4790 12.788 154.620 -0.35582 0.16880 0.913 0.82287 8.0000 11.89 1.0566 1.1494 1.271008 
975.0906 8.829 113.601 -0.10339 0.23664 -1.701 0.81124 8.0000 11.80 1.0538 1.0974 1.271515 
974.7021 10.407 123.026 -0.15804 0.24312 -17.479 0.76279 8.0000 11.97 1.0180 1.0824 1.272021 
974.3136 10.605 121.040 -0.15358 0.25521 1.143 0.76749 8.0000 11.89 0.9151 0.9631 1.272529 
973.9250 10.264 118.123 -0.12636 0.23642 0.027 0.71590 8.0000 12.04 0.7737 0.8115 1.273036 
973.5363 13.155 105.088 -0.08881 0.32940 0.057 0.68996 8.0000 12.17 0.7052 0.7370 1.273545 
973.1475 10.137 120.458 -0.09640 0.16393 -5.195 0.51483 8.0000 12.07 0.5474 0.5668 1.274053 
972.7586 8.439 105.755 -0.04338 0.15376 -2.745 0.52656 8.0000 12.27 0.5513 0.5744 1.274563 
972.3697 10.236 125.692 -0.07415 0.10322 -1.029 0.34045 8.0000 12.37 0.5243 0.5466 1.275073 
971.9807 24.444 136.744 -0.12550 0.11808 -0.446 0.15038 8.0000 12.44 0.5211 0.5445 1.275583 
971.5916 42.247 126.448 -0.14893 0.20165 -0.672 0.02417 8.0000 12.50 0.6084 0.6300 1.276094 
971.2024 49.970 116.601 -0.12720 0.25401 0.422 -0.04979 8.0000 12.74 0.8087 0.8269 1.276605 
970.8131 64.046 113.435 -0.10157 0.23432 0.045 -0.20018 8.0000 12.66 0.9010 0.9162 1.277117 
970.4238 68.041 106.949 -0.06745 0.22133 0.011 -0.24030 8.0000 12.65 0.9076 0.9222 1.277629 
970.0344 61.069 58.216 0.20202 0.32604 0.007 -0.24096 8.0000 13.06 0.9217 0.9604 1.278142 
969.6449 36.906 107.264 -0.09777 0.31459 0.005 0.09563 8.0000 13.01 0.9958 1.0197 1.278656 
969.2553 28.328 138.744 -0.35863 0.31458 0.002 0.31388 8.0000 13.03 1.0628 1.1094 1.279170 
968.8657 23.868 152.686 -0.59956 0.30964 -1.832 0.61325 8.0000 13.11 1.1074 1.2040 1.279684 
968.4760 24.536 161.207 -0.76695 0.26099 1.175 0.70244 8.0000 13.24 1.1670 1.2905 1.280199 
968.0861 23.226 163.719 -0.88443 0.25831 0.289 0.87580 8.0000 13.65 1.2074 1.3396 1.280714 
967.6962 18.829 161.581 -0.83588 0.27836 -1.236 1.14159 8.0000 13.59 1.3026 1.5324 1.281230 
967.3063 21.783 157.587 -0.68579 0.28284 1.199 0.77991 8.0000 13.52 1.2373 1.2942 1.281747 
966.9163 21.993 151.796 -0.47309 0.25371 1.274 0.55618 8.0000 13.70 1.0255 1.1056 1.282264 
966.5261 17.890 135.843 -0.23911 0.23217 -5.654 0.46246 8.0000 13.58 1.1432 1.3708 1.282782 
966.1359 21.767 39.468 0.44386 0.36547 1.163 0.60514 8.0000 13.45 0.7225 0.9469 1.283300 
965.7457 21.624 21.531 2.02483 0.79887 -0.747 2.31409 8.0000 13.58 0.8396 1.2362 1.283818 
965.3553 44.398 178.680 -1.89350 0.04363 1.221 0.03982 8.0000 13.87 1.0818 1.6271 1.284337 
964.9649 30.500 166.069 -1.09595 0.27185 11.427 0.62590 8.0000 13.94 1.4700 2.1088 1.284857 
964.5743 23.941 160.339 -0.89910 0.32123 1.689 0.86325 8.0000 13.81 1.7704 2.4683 1.285377 
964.1838 20.255 161.072 -0.86239 0.29572 -0.190 1.06706 8.0000 13.96 1.7887 2.5348 1.285898 
963.7931 16.240 168.262 -1.07817 0.22403 1.330 1.72985 8.0000 14.13 1.4711 2.1901 1.286419 
963.4023 79.510 16.094 6.34047 1.82936 0.141 -17.20993 8.0000 14.31 0.9389 1.5839 1.286941 
963.0115 68.203 70.196 0.22341 0.62042 1.226 -0.69262 8.0000 14.40 0.6476 1.1695 1.287463 
962.6207 19.702 132.733 -0.22327 0.24168 1.202 0.40052 8.0000 14.35 0.8658 1.0491 1.287986 
962.2297 15.477 153.329 -0.35859 0.18013 1.282 0.66907 8.0000 14.59 0.7477 0.8247 1.288509 
961.8386 9.926 145.490 -0.27965 0.19227 1.300 0.93996 8.0000 14.74 0.9099 1.1313 1.289033 
961.4474 11.210 183.318 -0.34626 -0.02008 1.281 0.84065 8.0000 14.86 0.8320 1.0618 1.289558 
961.0562 12.105 196.685 -0.35639 -0.10682 1.539 0.82749 8.0000 14.63 0.8703 1.1679 1.290083 
960.6649 13.111 206.228 -0.37335 -0.18393 0.022 0.84498 8.0000 15.00 0.7737 1.0135 1.290608 
960.2736 15.173 229.333 -0.31110 -0.36210 0.025 0.81546 8.0000 14.86 0.6536 0.7938 1.291134 
959.8821 9.221 193.545 -0.25547 -0.06154 0.960 0.78800 8.0000 14.91 0.6218 0.6732 1.291661 
959.4905 11.849 128.628 -0.19376 0.24247 1.607 0.70710 8.0000 15.02 0.6261 0.6772 1.292188 
959.0989 24.808 85.903 0.03746 0.52306 1.195 0.44605 8.0000 15.30 0.5687 0.7400 1.292715 
958.7073 11.262 101.061 -0.03778 0.19329 2.361 0.47489 8.0000 15.33 0.5434 0.6995 1.293243 
958.3155 16.823 117.733 -0.16836 0.32022 -22.865 0.54356 8.0000 15.05 0.5592 0.5961 1.293772 
957.9236 15.440 119.387 -0.17577 0.31210 1.262 0.59895 8.0000 15.11 0.6132 0.6223 1.294301 
957.5317 11.473 123.945 -0.14998 0.22282 -135.665 0.63445 8.0000 15.18 0.6744 0.6851 1.294831 
957.1396 7.687 123.347 -0.10956 0.16650 1.230 0.72484 8.0000 15.03 0.8053 0.8313 1.295362 
956.7476 5.448 124.883 -0.08822 0.12655 -3.047 0.80133 8.0000 15.50 0.8325 0.8574 1.295892 
956.3554 1.471 145.725 -0.03665 0.02498 1.493 0.86285 8.0000 16.04 0.8202 0.8531 1.296424 
955.9632 5.844 156.885 -0.17016 0.07263 -0.011 0.89440 8.0000 16.17 0.8727 0.9111 1.296956 
955.5709 3.309 82.070 0.01595 0.11447 -0.008 0.99602 8.0000 15.81 0.9490 0.9962 1.297488 
955.1784 5.176 46.640 0.10503 0.11122 -0.008 0.83749 8.0000 15.97 0.7456 0.8061 1.298021 
954.7859 9.583 36.694 0.18021 0.13429 1.313 0.64662 8.0000 16.18 0.6342 0.7921 1.298555 
954.3934 18.682 43.860 0.22015 0.21156 12.581 0.39987 8.0000 15.96 0.6181 0.8587 1.299089 
954.0007 26.916 54.054 0.18859 0.26008 1.411 0.23485 8.0000 16.00 0.6300 0.9097 1.299624 
953.6080 21.114 91.647 -0.00981 0.34112 1.634 0.37598 8.0000 16.41 0.7270 1.0031 1.300159 
953.2152 32.425 97.682 -0.05460 0.40476 -1.147 0.19176 8.0000 16.44 0.5978 0.8284 1.300695 
952.8223 27.668 86.964 0.01684 0.31747 1.217 0.21984 8.0000 16.32 0.5299 0.7039 1.301231 
952.4293 18.390 80.596 0.04360 0.26326 1.431 0.35696 8.0000 16.50 0.5536 0.6841 1.301768 
952.0363 12.217 97.795 -0.03326 0.24296 1.524 0.53973 8.0000 16.47 0.6615 0.7568 1.302305 
951.6432 12.010 50.624 0.23897 0.29117 1.321 0.84527 8.0000 16.83 0.8046 0.9149 1.302843 
951.2499 13.031 57.604 0.19822 0.31239 4.246 0.75650 8.0000 16.47 0.6734 0.7423 1.303382 
950.8567 44.703 332.571 0.87946 -0.45643 4.473 0.01026 8.0000 16.55 0.6751 1.6310 1.303921 
950.4633 9.207 64.559 0.13267 0.27888 1.232 0.92766 8.0000 16.68 0.6744 0.8275 1.304461 
950.0699 12.589 106.067 -0.14470 0.50243 -0.258 1.11224 8.0000 16.84 1.1676 2.3217 1.305001 
949.6763 16.121 117.849 -0.26544 0.50240 -0.131 0.90083 8.0000 16.99 1.4923 3.4439 1.305542 
949.2827 17.147 120.782 -0.35588 0.59741 -0.091 1.01962 8.0000 17.11 1.4114 3.9136 1.306083 
948.8890 12.648 130.205 -0.41974 0.49660 -0.174 1.37582 8.0000 17.57 1.5313 4.1722 1.306625 
948.4953 16.127 121.107 -0.31856 0.52793 0.009 0.97705 8.0000 17.52 1.4086 3.9783 1.307167 
948.1014 80.496 259.451 -0.14130 -0.75878 0.392 -2.24060 8.0000 17.50 2.6909 4.1958 1.307710 
947.7075 21.648 86.969 0.01524 0.28779 0.815 0.30587 8.0000 17.54 1.8826 3.2797 1.308254 
947.3135 15.278 97.988 -0.23990 1.70952 1.852 2.92405 8.0000 16.98 2.9824 3.1262 1.308798 
946.9194 75.565 277.845 0.82356 -5.97707 0.434 -10.94306 8.0000 17.17 4.1015 4.7739 1.309343 
946.5253 75.713 286.386 1.22247 -4.15727 0.140 -7.95636 8.0000 17.43 4.7033 5.5038 1.309888 
946.1310 58.978 195.850 -7.04692 -2.00074 1.403 -3.88784 8.0000 17.91 8.9826 17.8059 1.310434 
945.7367 70.262 322.026 2.54891 -1.98959 1.343 -3.92594 8.0000 17.57 5.7002 7.5283 1.310980 
945.3423 55.397 349.067 8.97199 -1.73302 0.223 -3.47013 8.0000 17.92 11.5408 21.2211 1.311527 
944.9478 52.202 352.671 15.65141 -2.01296 0.239 -4.05300 8.0000 18.15 16.6579 32.4319 1.312074 
944.5532 51.272 353.772 37.12281 -4.05102 1.213 -8.30878 8.0000 17.91 19.7750 39.1974 1.312623 
944.1586 38.732 173.812 -86.69620 9.39925 -2.127 19.39010 8.0000 17.88 20.6774 41.4615 1.313171 
943.7639 38.099 173.319 -13.87872 1.62580 -0.278 3.43253 8.0000 18.06 19.4068 39.2594 1.313720 
943.3691 36.291 171.535 -29.90129 4.44987 2.104 9.48392 8.0000 18.12 16.5708 32.5239 1.314270 
942.9742 31.944 166.852 -16.83065 3.93136 2.338 8.47206 8.0000 18.32 11.3559 21.1221 1.314821 
942.5792 15.971 134.196 -3.02562 3.11179 1.499 6.96140 8.0000 18.53 5.5757 6.6671 1.315372 
942.1841 30.658 12.674 14.28109 3.21149 -1.805 8.00870 8.0000 18.44 9.2455 17.3515 1.315923 
941.7890 11.101 82.304 0.19861 1.46967 -1.745 3.63362 8.0000 18.81 2.7482 2.7661 1.316475 
941.3938 71.645 301.764 0.39179 -0.63278 -37.206 -0.99815 8.0000 18.66 1.1488 1.2459 1.317028 
940.9985 18.592 11.890 0.80179 0.16881 0.602 1.08014 8.0000 18.88 0.6944 0.7580 1.317581 
940.6031 12.016 23.912 0.28430 0.12606 -10.065 0.69743 8.0000 18.83 0.6212 0.7464 1.318135 
940.2077 7.567 117.372 -0.09179 0.17730 3.712 0.73823 8.0000 18.98 0.6123 0.7695 1.318689 
939.8122 17.631 151.341 -0.44941 0.24563 4.253 0.72436 8.0000 19.20 0.6516 0.8111 1.319244 
939.4166 20.608 160.209 -0.65531 0.23581 1.969 0.79512 8.0000 19.00 0.8015 0.9172 1.319800 
939.0209 18.702 151.562 -0.52773 0.28579 -6.252 0.78487 8.0000 18.82 0.7853 0.9622 1.320356 
938.6251 19.079 148.299 -0.48441 0.29920 1.477 0.72461 8.0000 18.99 0.7905 0.9162 1.320913 
938.2292 19.327 156.072 -0.46157 0.20481 1.314 0.63135 8.0000 19.33 0.7275 0.7948 1.321470 
937.8333 17.501 132.245 -0.34298 0.37766 1.294 0.72855 8.0000 19.20 0.8327 0.9096 1.322028 
937.4373 20.489 110.046 -0.20423 0.55972 -3.594 0.68596 8.0000 19.80 0.6739 0.7881 1.322586 
937.0412 17.036 39.718 0.28928 0.24032 12.627 0.55603 8.0000 19.69 0.6217 0.6844 1.323146 
936.6450 11.253 40.136 0.18396 0.15510 1.388 0.58075 8.0000 19.35 0.7384 0.8423 1.323705 
936.2487 9.715 39.133 0.16704 0.13590 1.339 0.61047 8.0000 19.65 0.8881 1.0748 1.324266 
935.8524 11.173 33.052 0.17917 0.11658 0.949 0.52002 8.0000 19.99 0.9139 1.2053 1.324826 
935.4560 14.833 23.666 0.19711 0.08639 1.253 0.37783 8.0000 20.00 0.8385 1.2212 1.325388 
935.0594 18.455 343.430 0.23482 -0.06987 -0.853 0.32617 8.0000 20.23 0.8105 1.2065 1.325950 
934.6629 3.072 293.423 0.02734 -0.06311 -0.072 0.63888 8.0000 20.10 0.8494 1.0693 1.326512 
934.2662 15.040 283.704 0.05158 -0.21153 1.525 0.37592 8.0000 20.00 0.6908 0.8958 1.327076 
933.8694 63.477 4.564 0.42252 0.03372 1.926 -0.31886 8.0000 20.48 0.7746 1.3092 1.327640 
933.4727 12.390 170.535 -1.83860 0.30653 -5.854 4.03763 8.0000 20.53 1.3760 2.3945 1.328204 
933.0757 14.704 165.104 -2.23305 0.59401 -1.079 4.09944 8.0000 20.48 1.6524 2.9502 1.328769 
932.6787 15.473 172.769 -2.62943 0.33362 1.256 4.42076 8.0000 20.79 1.6642 3.0601 1.329334 
932.2817 14.591 208.439 -12.40300 -6.71706 31.743 25.25767 8.0000 20.76 1.3711 2.7618 1.329901 
931.8845 13.452 220.749 -22.68930 -19.54939 0.226 59.02382 8.0000 20.83 1.2660 2.6045 1.330467 
931.4873 73.676 62.873 1.43758 2.80605 -131.132 -4.92087 8.0000 20.67 0.9663 2.0156 1.331035 
931.0900 54.577 86.493 0.04607 0.75170 0.391 -0.26157 8.0000 21.06 0.6126 1.1833 1.331603 
930.6926 25.589 133.764 -0.61472 0.64184 1.265 0.71510 8.0000 21.10 0.6736 0.7700 1.332171 
930.2951 12.493 126.971 -0.14526 0.19297 -7.654 0.51832 8.0000 21.14 0.6915 0.7733 1.332740 
929.8975 14.761 108.311 -0.08773 0.26509 0.076 0.49310 8.0000 21.34 0.7855 0.9198 1.333310 
929.4999 7.922 84.447 0.01627 0.16734 12.848 0.59240 8.0000 21.76 0.9755 1.1549 1.333881 
929.1022 4.532 14.741 0.12058 0.03172 10.996 0.78152 8.0000 22.15 1.1026 1.2741 1.334452 
928.7043 4.819 5.222 0.13357 0.01221 1.673 0.78983 8.0000 21.71 1.3899 1.5421 1.335023 
928.3065 3.731 29.907 0.09321 0.05361 2.426 0.82104 8.0000 21.80 1.5155 1.6392 1.335595 
927.9085 3.976 17.202 0.11757 0.03640 1.276 0.88111 8.0000 21.88 1.4695 1.5527 1.336168 
927.5104 4.218 12.790 0.12847 0.02916 0.313 0.88829 8.0000 22.22 1.2605 1.3365 1.336742 
927.1123 5.066 6.580 0.15078 0.01739 0.133 0.84945 8.0000 22.09 0.9002 1.0484 1.337316 
926.7141 6.994 339.863 0.16471 -0.06040 0.043 0.70426 8.0000 22.07 0.5961 0.9919 1.337890 
926.3158 6.388 288.447 0.04187 -0.12551 0.672 0.58352 8.0000 22.30 0.6789 0.8303 1.338466 
925.9174 7.042 164.584 -0.10890 0.03003 0.559 0.45028 8.0000 22.38 0.6350 0.7154 1.339042 
925.5190 3.794 198.278 -0.06379 -0.02107 -0.194 0.50434 8.0000 22.36 0.5698 0.6506 1.339618 
925.1204 13.518 269.819 -0.00087 -0.27588 -0.075 0.54063 8.0000 22.55 0.5470 0.6369 1.340195 
924.7218 11.710 262.709 -0.01820 -0.14228 -0.051 0.33116 8.0000 22.27 0.5390 0.6035 1.340773 
924.3231 4.755 262.818 -0.00775 -0.06151 -0.025 0.37005 8.0000 22.67 0.5370 0.5803 1.341351 
923.9243 8.344 111.860 -0.05087 0.12679 1.366 0.45568 8.0000 22.85 0.5405 0.5559 1.341930 
923.5255 13.760 107.656 -0.08377 0.26320 1.374 0.53012 8.0000 23.25 0.5946 0.6077 1.342510 
923.1265 22.556 131.873 -0.41981 0.46834 0.063 0.62651 8.0000 22.56 0.7833 0.8716 1.343090 
922.7275 12.988 103.064 -0.07838 0.33777 0.040 0.71167 8.0000 23.27 0.8260 0.8849 1.343671 
922.3283 8.330 53.398 0.14341 0.19309 1.376 0.80373 8.0000 23.24 0.8675 0.9632 1.344252 
921.9291 10.391 48.134 0.22047 0.24601 0.000 0.87047 8.0000 23.41 1.1215 1.3256 1.344834 
921.5298 10.591 30.832 0.29648 0.17697 0.000 0.89098 8.0000 23.47 1.1952 1.4476 1.345417 
921.1305 10.856 35.227 0.29715 0.20983 0.000 0.91352 8.0000 23.10 1.2799 1.5678 1.346000 
920.7311 11.163 23.394 0.32413 0.14022 0.000 0.85999 8.0000 23.31 1.1257 1.3240 1.346584 
920.3315 11.931 36.995 0.29963 0.22574 0.000 0.84805 8.0000 24.02 0.9942 1.1436 1.347169 
919.9319 13.085 65.087 0.16297 0.35088 0.000 0.78729 8.0000 23.67 0.9370 1.0218 1.347754 
919.5322 15.760 94.458 -0.03535 0.45340 1.631 0.74158 8.0000 23.44 0.9139 0.9564 1.348340 
919.1324 21.232 120.234 -0.33569 0.57597 1.293 0.72844 8.0000 24.08 0.9287 1.0479 1.348926 
918.7326 16.787 96.412 -0.05425 0.48274 5.102 0.73188 8.0000 23.71 0.7798 0.8282 1.349513 
918.3326 22.593 101.460 -0.07070 0.34874 -5.915 0.35354 8.0000 24.30 1.1626 1.3630 1.350101 
917.9326 11.042 80.283 0.05442 0.31780 1.567 0.79466 8.0000 24.14 0.5792 0.6424 1.350689 
917.5325 71.054 126.106 -0.49137 0.67370 2.282 -1.07145 8.0000 23.93 1.0113 1.2171 1.351278 
917.1323 22.022 110.437 -0.06306 0.16922 1.908 0.18671 8.0000 24.24 1.7773 2.2609 1.351868 
916.7321 67.182 111.505 -0.15500 0.39338 5.076 -0.41353 8.0000 24.40 1.7222 2.2166 1.352458 
916.3317 78.725 128.064 -0.55993 0.71502 100.187 -2.18702 8.0000 24.49 1.6724 2.1609 1.353049 
915.9313 81.338 136.512 -3.36015 3.18729 2.011 -14.84812 8.0000 24.42 1.9142 2.4176 1.353641 
915.5308 7.354 321.568 1.35376 -1.07420 2.779 6.58375 8.0000 24.65 2.1987 2.6988 1.354233 
915.1302 6.876 322.872 0.59756 -0.45240 1.513 3.06255 8.0000 25.06 2.4340 2.9432 1.354826 
914.7295 5.414 330.659 0.30835 -0.17333 0.000 1.84924 8.0000 24.72 2.5628 3.0725 1.355419 
914.3287 3.330 11.255 0.12763 0.02540 0.001 1.11430 8.0000 24.65 2.6693 3.2134 1.356013 
913.9279 4.698 342.955 0.23993 -0.07356 -0.009 1.51657 8.0000 24.74 1.6077 1.9220 1.356608 
913.5270 3.111 9.597 0.13011 0.02200 -0.019 1.21033 8.0000 24.86 0.9140 1.0327 1.357203 
913.1259 40.313 106.917 -0.18414 0.60543 1.205 0.10446 8.0000 25.05 0.7507 0.8584 1.357799 
912.7249 10.374 94.304 -0.02178 0.28936 0.000 0.76602 8.0000 24.74 0.6684 0.7497 1.358396 
912.3237 6.185 55.576 0.12636 0.18438 1.412 1.01917 8.0000 25.13 0.7898 0.8966 1.358993 
911.9224 7.414 47.143 0.16547 0.17834 -0.249 0.91891 8.0000 25.47 0.7148 0.8149 1.359591 
911.5211 29.044 88.102 0.01642 0.49539 -0.238 0.30867 8.0000 25.61 0.6121 0.8163 1.360190 
911.1196 6.618 184.714 -0.17199 -0.01418 0.162 0.73368 8.0000 25.86 0.6061 0.6520 1.360789 
910.7181 23.970 235.476 -0.63340 -0.92076 0.054 1.00837 8.0000 25.79 0.8313 0.9861 1.361389 
910.3165 27.321 15.382 1.47483 0.40573 0.088 1.08539 8.0000 25.80 1.1951 1.4830 1.361990 
909.9149 33.656 37.167 2.68168 2.03308 -0.059 1.40688 8.0000 25.61 1.6752 2.0491 1.362591 
909.5131 34.641 17.761 2.82034 0.90340 0.086 1.12012 8.0000 25.32 2.0249 2.4489 1.363193 
909.1113 35.598 2.766 2.83490 0.13697 0.025 0.96639 8.0000 25.54 2.2908 2.7556 1.363795 
908.7093 38.188 354.346 2.50552 -0.24805 0.005 0.61021 8.0000 25.84 2.3941 2.8850 1.364399 
908.3073 41.585 351.632 2.68180 -0.39446 0.006 0.32465 8.0000 25.42 2.4553 2.8700 1.365003 
907.9052 45.024 353.527 2.32921 -0.26427 0.005 -0.00196 8.0000 25.71 2.2108 2.6474 1.365607 
907.5031 65.800 4.899 2.31576 0.19850 -1.258 -2.06359 8.0000 25.84 2.3578 2.7849 1.366212 
907.1008 32.676 7.044 1.56666 0.19357 -0.003 0.72431 8.0000 25.77 1.7547 2.0360 1.366818 
906.6984 18.228 25.120 1.38296 0.64842 -0.004 2.06756 8.0000 25.85 2.0706 2.3408 1.367425 
906.2960 16.036 45.067 1.34279 1.34595 -0.051 3.03412 8.0000 25.79 2.6261 2.6973 1.368032 
905.8935 17.363 60.186 1.42254 2.48253 -0.460 4.12801 8.0000 26.06 3.0902 3.2710 1.368640 
905.4909 13.554 51.175 1.40170 1.74179 0.010 4.36771 8.0000 25.87 2.8968 3.0829 1.369248 
905.0883 10.867 54.888 0.83316 1.18492 6.534 3.63350 8.0000 25.98 2.7190 2.9380 1.369857 
904.6855 86.951 113.072 -0.37618 0.88312 0.842 -8.98637 8.0000 26.72 2.1351 2.5866 1.370467 
904.2826 10.725 153.168 -0.51843 0.26225 -0.006 1.47869 8.0000 26.35 1.9572 2.1862 1.371078 
903.8797 25.374 169.850 -0.76096 0.13624 -0.003 0.63168 8.0000 26.96 2.9348 3.3024 1.371689 
903.4767 37.910 115.717 -0.25693 0.53346 1.515 0.14960 8.0000 26.84 3.1476 3.8890 1.372301 
903.0736 27.114 115.552 -0.25769 0.53900 0.186 0.43045 8.0000 26.81 3.9314 4.6956 1.372913 
902.6704 29.185 118.109 -0.29886 0.55949 0.016 0.39070 8.0000 26.98 4.0214 4.8798 1.373527 
902.2672 31.705 122.402 -0.36196 0.57030 0.015 0.33811 8.0000 26.89 3.6463 4.5311 1.374140 
901.8638 34.030 126.898 -0.42729 0.56915 11.263 0.28669 8.0000 27.04 2.8289 3.6765 1.374755 
901.4604 35.536 126.695 -0.42936 0.57614 -0.038 0.24641 8.0000 26.77 1.7946 2.6869 1.375370 
901.0569 27.851 137.402 -0.19343 0.17785 -0.025 0.17923 8.0000 27.06 0.6890 1.6053 1.375986 
900.6533 27.517 95.480 -1.31321 13.68722 -1.206 9.61566 8.0000 26.98 1.6013 2.4625 1.376603 
900.2496 22.303 76.720 0.08408 0.35624 -0.283 0.37109 8.0000 27.21 0.5750 1.5559 1.377220 
899.8458 24.631 49.575 1.45710 1.71058 0.198 1.93530 8.0000 26.73 1.0004 2.0886 1.377838 
899.4420 63.970 212.720 -17.11737 -10.99742 0.258 -15.86140 8.0000 27.18 1.3594 2.9977 1.378457 
899.0380 64.204 209.841 -4.85111 -2.78286 -0.453 -4.43400 8.0000 27.35 1.6448 3.5882 1.379076 
898.6340 64.750 207.525 -3.78296 -1.97137 0.125 -3.51650 8.0000 27.36 1.7622 3.8053 1.379696 
898.2299 65.339 186.042 -3.76621 -0.39861 -0.664 -3.25511 8.0000 27.35 1.6553 3.6564 1.380317 
897.8257 68.468 215.753 -14.17529 -10.20589 -0.671 -18.68899 8.0000 27.74 1.4635 3.0307 1.380938 
897.4214 22.953 76.321 0.51769 2.12702 0.222 2.12089 8.0000 28.15 1.3684 2.2303 1.381560 
897.0171 29.108 109.208 -0.40348 1.15813 0.023 0.75994 8.0000 27.78 1.4387 1.7730 1.382183 
896.6127 37.083 134.844 -0.71459 0.71850 0.019 0.28741 8.0000 27.45 1.7790 2.5667 1.382807 
896.2081 32.275 114.067 -0.55252 1.23708 0.010 0.64478 8.0000 27.60 1.7140 1.9725 1.383431 
895.8035 30.338 113.316 -0.50378 1.16889 0.014 0.71495 8.0000 27.54 1.7285 2.1124 1.384056 
895.3989 29.368 112.098 -0.43788 1.07848 0.007 0.70672 8.0000 27.81 1.4263 1.9450 1.384681 
894.9941 26.370 113.497 -0.35896 0.82566 22.645 0.68485 8.0000 28.22 1.1703 1.7889 1.385307 
894.5892 17.899 125.612 -0.29119 0.40654 1.272 0.69340 8.0000 28.49 0.8375 1.5569 1.385934 
894.1843 13.041 231.785 -0.24063 -0.30563 0.000 0.79466 8.0000 27.88 0.8035 1.3691 1.386562 
893.7792 8.882 133.879 -0.17582 0.18284 0.006 0.79177 8.0000 28.19 0.7813 1.4752 1.387190 
893.3741 4.315 62.025 0.06003 0.11302 1.458 0.84325 8.0000 27.96 0.7565 1.3470 1.387819 
892.9689 5.093 346.659 0.15198 -0.03604 -7.207 0.86936 8.0000 28.30 0.6839 1.0547 1.388449 
892.5637 9.129 321.154 0.20242 -0.16302 -0.857 0.78781 8.0000 28.43 0.6210 0.7623 1.389079 
892.1583 9.699 317.888 0.20717 -0.18727 0.317 0.79309 8.0000 28.99 0.5851 0.7215 1.389711 
891.7528 6.306 333.292 0.14892 -0.07492 0.608 0.74505 8.0000 28.45 0.6033 0.7892 1.390343 
891.3473 5.490 343.767 0.11223 -0.03267 -0.469 0.60241 8.0000 29.09 0.5794 0.8120 1.390975 
890.9417 4.454 35.388 0.05900 0.04191 1.218 0.46172 8.0000 28.70 0.5792 0.8017 1.391608 
890.5359 4.224 80.710 0.01255 0.07671 0.000 0.52326 8.0000 28.59 0.5688 0.7568 1.392242 
890.1302 5.327 117.365 -0.03570 0.06898 0.057 0.41290 8.0000 29.20 0.5371 0.6664 1.392877 
889.7243 9.814 172.161 -0.09822 0.01352 0.000 0.27800 8.0000 28.75 0.5172 0.6686 1.393512 
889.3184 8.123 352.294 0.07557 -0.01023 0.000 0.26172 8.0000 28.86 0.5165 0.5489 1.394148 
888.9123 13.672 10.476 0.16279 0.03010 1.332 0.32016 8.0000 28.92 0.5261 0.5604 1.394785 
888.5062 11.751 17.016 0.12255 0.03751 -2.210 0.29473 8.0000 29.53 0.5294 0.6610 1.395423 
888.1000 10.874 92.851 -0.01209 0.24270 -96.324 0.60912 8.0000 29.01 0.6514 0.7366 1.396061 
887.6937 12.358 92.481 -0.01323 0.30543 1.426 0.66417 8.0000 29.40 0.7381 0.8464 1.396700 
887.2873 12.568 95.029 -0.02888 0.32815 -800.388 0.70211 8.0000 29.77 0.7714 0.8894 1.397340 
886.8808 13.708 98.047 -0.05188 0.36693 1.448 0.71440 8.0000 29.30 0.8243 0.9088 1.397980 
886.4743 9.694 103.337 -0.06675 0.28156 1.820 0.82229 8.0000 29.52 0.7240 0.8072 1.398621 
886.0676 11.908 111.836 -0.11292 0.28180 1.508 0.68777 8.0000 29.41 0.6752 0.7284 1.399263 
885.6609 12.846 120.765 -0.16235 0.27272 1.271 0.65973 8.0000 29.48 0.6460 0.6719 1.399906 
885.2541 11.968 109.392 -0.09777 0.27775 0.069 0.66332 8.0000 29.86 0.6262 0.6735 1.400549 
884.8472 11.830 106.533 -0.07336 0.24713 0.011 0.58836 8.0000 29.84 0.5849 0.6303 1.401193 
884.4402 12.100 102.208 -0.04596 0.21241 142.284 0.48358 8.0000 30.15 0.5540 0.5966 1.401838 
884.0332 15.458 104.179 -0.08510 0.33683 1.293 0.58012 8.0000 30.26 0.6113 0.6388 1.402483 
883.6260 15.190 101.514 -0.06881 0.33779 0.000 0.58802 8.0000 30.10 0.6093 0.6288 1.403130 
883.2188 19.971 100.366 -0.06464 0.35336 0.000 0.42897 8.0000 30.42 0.5860 0.5969 1.403777 
882.8115 17.939 81.591 0.04317 0.29200 0.000 0.40811 8.0000 30.15 0.6160 0.6530 1.404424 
882.4041 5.947 124.692 -0.05772 0.08338 0.045 0.48147 8.0000 30.23 0.5405 0.5478 1.405073 
881.9966 6.736 174.752 -0.14426 0.01325 0.033 0.60469 8.0000 30.37 0.5635 0.6205 1.405722 
881.5890 8.036 206.881 -0.18352 -0.09303 0.022 0.71415 8.0000 30.50 0.6067 0.7257 1.406372 
881.1813 10.797 224.570 -0.18657 -0.18379 0.018 0.66165 8.0000 30.25 0.5960 0.7690 1.407023 
880.7736 23.623 237.623 -0.30857 -0.48666 0.496 0.53274 8.0000 30.81 0.6064 0.7805 1.407674 
880.3658 35.820 206.209 -0.80062 -0.39411 -0.015 0.29615 8.0000 30.33 0.5961 0.8120 1.408326 
879.9579 48.297 255.765 -0.93736 -3.69489 -0.022 -0.44067 8.0000 30.51 0.9583 1.1781 1.408979 
879.5499 42.044 149.673 -1.09549 0.64086 0.020 0.13142 8.0000 30.59 0.6710 0.9214 1.409632 
879.1418 39.703 119.163 -0.93086 1.66814 0.123 0.35726 8.0000 30.76 1.3620 1.6034 1.410287 
878.7336 35.313 112.136 -0.64812 1.59325 -0.005 0.60486 8.0000 30.70 2.0385 2.2129 1.410942 
878.3253 35.486 112.724 -0.78121 1.86539 -0.197 0.69749 8.0000 31.18 2.3566 2.7151 1.411598 
877.9170 35.346 111.862 -0.78466 1.95561 1.453 0.73821 8.0000 30.97 2.4610 2.9303 1.412254 
877.5085 35.130 111.275 -0.75468 1.93818 333.759 0.74637 8.0000 31.29 2.3054 2.8819 1.412912 
877.1000 34.388 111.786 -0.70254 1.75776 1.583 0.73514 8.0000 31.38 1.8811 2.5105 1.413570 
876.6915 32.409 113.450 -0.56518 1.30293 1.384 0.66777 8.0000 31.34 1.2162 1.9045 1.414228 
876.2828 30.872 136.986 -0.59564 0.55572 0.062 0.43782 8.0000 31.32 0.6895 1.0641 1.414888 
875.8740 42.308 267.909 -0.09877 -2.70466 0.173 0.25505 8.0000 32.16 0.9705 1.1045 1.415548 
875.4651 13.459 139.791 -0.28737 0.24292 0.039 0.74112 8.0000 31.94 0.7367 2.4646 1.416209 
875.0562 8.687 177.085 -0.21698 0.01105 0.193 0.69434 8.0000 31.80 0.6769 0.8965 1.416871 
874.6472 11.711 290.491 0.11157 -0.29854 4.180 0.73574 8.0000 31.62 0.6778 2.9586 1.417534 
874.2380 41.161 319.246 1.85600 -1.59948 0.000 0.33029 8.0000 31.97 0.8441 4.3382 1.418197 
873.8289 35.143 101.714 -4.33841 20.92363 1.259 7.65666 8.0000 31.61 0.9228 5.2606 1.418861 
873.4196 56.955 272.558 0.09512 -2.12872 1.303 -0.94468 8.0000 32.42 0.8401 5.5419 1.419526 
873.0102 48.628 264.721 -0.10217 -1.10570 0.118 -0.14136 8.0000 32.06 0.7970 5.2280 1.420192 
872.6007 31.139 253.859 -0.09823 -0.33944 -0.067 0.18570 8.0000 31.88 0.7021 4.2803 1.420858 
872.1912 7.427 139.579 -0.11210 0.09548 -0.115 0.55520 8.0000 32.41 0.5671 2.8667 1.421525 
871.7816 7.612 127.213 -0.12377 0.16299 -0.048 0.75205 8.0000 31.83 0.6879 0.8420 1.422193 
871.3718 10.005 115.934 -0.12462 0.25626 1.398 0.78247 8.0000 33.04 0.9524 2.6109 1.422862 
870.9620 7.345 129.916 -0.10596 0.12666 -0.130 0.62989 8.0000 32.57 0.6286 0.7013 1.423532 
870.5521 7.966 126.647 -0.09738 0.13089 1.399 0.57152 8.0000 32.86 0.5951 0.6986 1.424202 
870.1422 5.960 139.785 -0.09004 0.07613 1.342 0.55857 8.0000 33.02 0.5769 0.6923 1.424873 
869.7321 7.845 133.527 -0.10992 0.11572 0.031 0.56818 8.0000 32.75 0.5929 0.6939 1.425545 
869.3219 10.992 122.863 -0.12554 0.19432 1.277 0.57306 8.0000 32.87 0.6388 0.7105 1.426217 
868.9117 13.920 113.638 -0.13062 0.29843 1.398 0.61683 8.0000 33.11 0.6960 0.7316 1.426891 
868.5013 15.899 108.396 -0.12749 0.38334 -0.011 0.65160 8.0000 33.17 0.7800 0.7875 1.427565 
868.0909 17.359 105.208 -0.12513 0.46029 1.246 0.68842 8.0000 33.36 0.9122 0.9226 1.428240 
867.6805 17.017 106.989 -0.13681 0.44779 -0.017 0.69326 8.0000 33.46 0.8851 0.8890 1.428915 
867.2699 15.966 106.798 -0.11970 0.39652 1.311 0.66458 8.0000 33.54 0.7750 0.7770 1.429592 
866.8592 15.541 106.058 -0.10946 0.38028 1.338 0.65648 8.0000 33.74 0.7334 0.7351 1.430269 
866.4485 13.677 104.519 -0.08984 0.34688 -0.230 0.69264 8.0000 33.43 0.6900 0.6924 1.430947 
866.0376 14.120 102.531 -0.07983 0.35919 1.202 0.68510 8.0000 33.53 0.6752 0.6867 1.431626 
865.6267 14.095 104.038 -0.09353 0.37406 1.242 0.71936 8.0000 34.61 0.6905 0.6921 1.432306 
865.2157 13.796 104.893 -0.09460 0.35569 -0.014 0.70427 8.0000 33.62 0.6730 0.6828 1.432986 
864.8046 14.654 105.345 -0.10312 0.37576 1.239 0.69409 8.0000 33.92 0.6924 0.7150 1.433667 
864.3934 14.313 106.203 -0.10619 0.36543 1.225 0.69723 8.0000 34.10 0.6930 0.7277 1.434349 
863.9821 15.594 110.088 -0.14528 0.39726 1.340 0.69879 8.0000 33.96 0.7104 0.7597 1.435032 
863.5707 13.976 107.884 -0.11796 0.36556 -3.021 0.72389 8.0000 34.46 0.7194 0.7528 1.435716 
863.1593 10.765 106.345 -0.07894 0.26919 1.354 0.71106 8.0000 34.63 0.6596 0.6796 1.436400 
862.7477 11.094 103.491 -0.07182 0.29937 1.239 0.75482 8.0000 34.98 0.7075 0.7137 1.437085 
862.3361 10.649 100.763 -0.05633 0.29633 -0.005 0.77376 8.0000 34.55 0.7192 0.7255 1.437771 
861.9244 10.954 100.263 -0.05442 0.30057 1.246 0.75953 8.0000 34.91 0.7312 0.7556 1.438458 
861.5126 10.956 102.637 -0.06929 0.30906 -1.614 0.78741 8.0000 34.97 0.7399 0.7572 1.439145 
861.1008 9.248 103.288 -0.05723 0.24232 1.213 0.74435 8.0000 34.95 0.6846 0.6900 1.439834 
860.6888 8.579 104.423 -0.05760 0.22396 1.221 0.74898 8.0000 35.18 0.6649 0.6728 1.440523 
860.2767 8.549 106.772 -0.06507 0.21590 1.230 0.73310 8.0000 34.73 0.6490 0.6671 1.441213 
859.8646 9.500 104.626 -0.05987 0.22943 -0.004 0.68864 8.0000 35.08 0.6281 0.6569 1.441904 
859.4523 8.515 110.380 -0.08082 0.21756 1.232 0.75768 8.0000 35.38 0.6467 0.6744 1.442595 
859.0400 8.810 110.222 -0.08852 0.24031 4.907 0.80637 8.0000 35.43 0.6603 0.6837 1.443288 
858.6276 8.478 111.696 -0.10004 0.25145 1.216 0.88764 8.0000 35.95 0.6720 0.6875 1.443981 
858.2151 9.900 110.094 -0.10596 0.28963 1.241 0.85662 8.0000 36.05 0.6971 0.7032 1.444675 
857.8026 13.133 105.481 -0.09903 0.35756 1.259 0.75181 8.0000 35.51 0.7389 0.7414 1.445370 
857.3899 14.487 103.578 -0.09575 0.39644 1.239 0.73657 8.0000 35.90 0.7792 0.7915 1.446065 
856.9771 14.892 103.808 -0.09449 0.38447 1.238 0.69176 8.0000 35.02 0.7901 0.7940 1.446762 
856.5643 14.833 104.241 -0.09694 0.38194 1.218 0.69177 8.0000 35.72 0.7926 0.7963 1.447459 
856.1514 15.937 103.526 -0.09571 0.39785 0.001 0.65808 8.0000 36.41 0.8054 0.8093 1.448157 
855.7383 15.760 103.678 -0.09378 0.38532 1.266 0.64663 8.0000 36.33 0.7985 0.8022 1.448856 
855.3253 16.549 102.986 -0.09352 0.40556 1.243 0.63853 8.0000 36.25 0.8156 0.8193 1.449556 
854.9120 16.046 103.123 -0.09811 0.42085 1.385 0.68908 8.0000 36.02 0.8133 0.8158 1.450257 
854.4988 14.071 105.358 -0.10733 0.39075 1.274 0.75754 8.0000 36.20 0.7765 0.7779 1.450958 
854.0854 14.188 105.312 -0.10780 0.39374 1.279 0.75573 8.0000 36.06 0.7831 0.7851 1.451660 
853.6719 14.492 104.550 -0.10539 0.40604 1.287 0.75731 8.0000 36.48 0.7976 0.7998 1.452364 
853.2584 13.641 105.776 -0.11001 0.38938 1.229 0.78455 8.0000 36.57 0.7757 0.7774 1.453067 
852.8448 13.376 106.221 -0.11232 0.38608 1.209 0.79762 8.0000 36.55 0.7653 0.7665 1.453772 
852.4311 13.069 107.379 -0.11428 0.36514 1.319 0.77970 8.0000 36.37 0.7458 0.7467 1.454478 
852.0173 15.547 105.493 -0.10885 0.39269 1.241 0.67567 8.0000 36.76 0.7450 0.7458 1.455184 
851.6034 14.036 106.074 -0.10850 0.37653 1.232 0.73472 8.0000 36.64 0.7549 0.7557 1.455891 
851.1894 14.698 105.409 -0.10765 0.39058 1.233 0.71911 8.0000 36.64 0.7588 0.7599 1.456599 
850.7753 15.589 104.189 -0.10598 0.41917 1.253 0.71452 8.0000 36.69 0.7708 0.7720 1.457308 
850.3612 13.929 106.012 -0.11126 0.38771 1.332 0.76319 8.0000 36.95 0.7541 0.7551 1.458018 
849.9470 13.966 105.651 -0.11105 0.39637 1.180 0.77636 8.0000 36.73 0.7587 0.7601 1.458728 
849.5326 14.753 104.512 -0.10899 0.42104 1.310 0.76852 8.0000 36.83 0.7759 0.7773 1.459440 
849.1182 15.484 103.887 -0.10716 0.43346 1.214 0.74407 8.0000 37.23 0.7776 0.7790 1.460152 
848.7037 14.878 104.040 -0.10839 0.43344 1.213 0.78150 8.0000 37.11 0.7840 0.7856 1.460865 
848.2891 14.494 104.262 -0.10967 0.43144 1.248 0.80350 8.0000 37.12 0.7872 0.7886 1.461579 
847.8744 13.753 104.720 -0.11117 0.42313 1.216 0.84021 8.0000 37.75 0.7907 0.7921 1.462294 
847.4597 14.848 104.607 -0.11094 0.42570 1.216 0.77140 8.0000 37.72 0.7680 0.7691 1.463010 
847.0448 14.763 104.911 -0.11240 0.42212 1.212 0.77127 8.0000 37.92 0.7626 0.7639 1.463726 
846.6298 15.050 104.915 -0.11258 0.42266 1.222 0.75456 8.0000 38.23 0.7557 0.7573 1.464444 
846.2148 16.017 104.856 -0.11220 0.42300 1.198 0.69942 8.0000 37.75 0.7416 0.7429 1.465162 
845.7997 15.644 105.214 -0.11455 0.42120 1.215 0.71827 8.0000 38.09 0.7425 0.7438 1.465881 
845.3845 15.571 105.038 -0.11387 0.42383 1.215 0.72629 8.0000 37.94 0.7508 0.7521 1.466601 
844.9692 15.196 105.294 -0.11760 0.43008 1.213 0.76020 8.0000 38.24 0.7530 0.7545 1.467322 
844.5538 14.734 104.398 -0.11410 0.44445 1.239 0.81210 8.0000 37.87 0.7599 0.7618 1.468044 
844.1383 14.795 104.339 -0.11202 0.43821 1.199 0.79652 8.0000 37.96 0.7678 0.7697 1.468766 
843.7227 14.697 104.287 -0.11080 0.43510 1.207 0.79703 8.0000 38.71 0.7809 0.7832 1.469490 
843.3071 15.215 104.176 -0.11006 0.43574 1.157 0.76513 8.0000 38.49 0.7757 0.7778 1.470214 
842.8914 15.023 104.111 -0.11138 0.44306 1.228 0.78979 8.0000 38.63 0.7812 0.7835 1.470939 
842.4755 15.069 103.759 -0.10861 0.44354 1.202 0.78653 8.0000 38.69 0.7876 0.7899 1.471665 
842.0596 15.268 103.374 -0.10762 0.45263 1.216 0.78870 8.0000 38.87 0.7798 0.7820 1.472392 
841.6436 15.262 103.211 -0.10642 0.45333 1.190 0.78978 8.0000 39.18 0.7828 0.7849 1.473120 
841.2275 14.916 103.083 -0.10317 0.44393 1.174 0.79478 8.0000 39.03 0.8005 0.8023 1.473849 
840.8113 14.865 102.780 -0.09945 0.43846 1.174 0.78727 8.0000 39.24 0.8150 0.8169 1.474578 
840.3951 14.856 102.696 -0.09912 0.43996 1.179 0.79026 8.0000 39.15 0.8153 0.8172 1.475308 
839.9787 14.847 102.446 -0.09777 0.44299 1.184 0.79552 8.0000 39.11 0.8184 0.8206 1.476040 
839.5623 14.729 102.175 -0.09508 0.44069 1.200 0.79821 8.0000 39.78 0.8279 0.8304 1.476772 
839.1457 15.081 102.293 -0.09730 0.44649 1.232 0.78638 8.0000 39.53 0.8266 0.8292 1.477505 
838.7291 15.241 102.237 -0.09786 0.45121 1.190 0.78440 8.0000 39.54 0.8257 0.8282 1.478239 
838.3124 15.338 102.196 -0.09797 0.45327 1.190 0.78179 8.0000 40.01 0.8247 0.8274 1.478974 
837.8956 15.405 102.002 -0.09693 0.45594 1.204 0.78163 8.0000 40.28 0.8251 0.8274 1.479709 
837.4787 15.468 101.873 -0.09742 0.46333 1.204 0.78997 8.0000 40.21 0.8208 0.8230 1.480446 
837.0617 15.555 101.957 -0.09837 0.46447 1.261 0.78670 8.0000 40.14 0.8204 0.8226 1.481183 
836.6447 15.444 101.980 -0.09859 0.46463 1.219 0.79400 8.0000 40.30 0.8225 0.8248 1.481922 
836.2275 15.542 101.983 -0.09939 0.46829 1.203 0.79405 8.0000 40.87 0.8194 0.8217 1.482661 
835.8102 15.529 101.912 -0.09945 0.47142 1.189 0.80000 8.0000 41.06 0.8202 0.8226 1.483401 
835.3929 15.531 101.818 -0.09844 0.47046 1.190 0.79796 8.0000 40.78 0.8222 0.8248 1.484142 
834.9755 15.583 101.765 -0.09846 0.47274 1.181 0.79841 8.0000 40.98 0.8209 0.8234 1.484884 
834.5579 15.646 101.749 -0.09863 0.47420 1.177 0.79688 8.0000 41.22 0.8201 0.8225 1.485627 
834.1403 15.663 101.657 -0.09782 0.47413 1.191 0.79544 8.0000 41.42 0.8196 0.8222 1.486371 
833.7227 15.706 101.669 -0.09833 0.47610 1.171 0.79605 8.0000 41.25 0.8206 0.8231 1.487115 
833.3049 15.847 101.611 -0.09861 0.47992 1.197 0.79345 8.0000 41.75 0.8191 0.8215 1.487861 
832.8870 15.887 101.568 -0.09865 0.48195 1.185 0.79423 8.0000 41.38 0.8191 0.8215 1.488608 
832.4691 15.843 101.439 -0.09737 0.48118 1.203 0.79530 8.0000 42.16 0.8205 0.8229 1.489355 
832.0510 15.914 101.426 -0.09771 0.48343 1.210 0.79457 8.0000 42.37 0.8204 0.8227 1.490103 
831.6329 15.937 101.463 -0.09820 0.48427 1.203 0.79468 8.0000 41.91 0.8199 0.8223 1.490852 
831.2146 15.931 101.366 -0.09731 0.48411 1.181 0.79448 8.0000 42.52 0.8205 0.8228 1.491603 
830.7963 16.034 101.431 -0.09867 0.48798 1.198 0.79462 8.0000 42.39 0.8207 0.8231 1.492354 
830.3779 16.139 101.393 -0.09890 0.49082 1.192 0.79267 8.0000 42.38 0.8217 0.8241 1.493106 
829.9594 16.122 101.384 -0.09869 0.49016 1.189 0.79262 8.0000 43.73 0.8237 0.8260 1.493858 
829.5408 16.154 101.348 -0.09890 0.49278 1.185 0.79477 8.0000 42.92 0.8258 0.8281 1.494612 
829.1221 16.104 101.285 -0.09795 0.49088 1.175 0.79465 8.0000 42.60 0.8270 0.8293 1.495367 
828.7034 16.142 101.263 -0.09818 0.49303 1.194 0.79574 8.0000 43.65 0.8284 0.8308 1.496123 
828.2845 16.092 101.216 -0.09735 0.49098 1.203 0.79534 8.0000 43.86 0.8278 0.8302 1.496879 
827.8656 16.158 101.169 -0.09754 0.49403 1.185 0.79611 8.0000 42.71 0.8293 0.8317 1.497637 
827.4465 16.166 101.115 -0.09709 0.49419 1.209 0.79570 8.0000 43.84 0.8300 0.8323 1.498395 
827.0275 16.170 101.037 -0.09629 0.49369 1.201 0.79442 8.0000 43.83 0.8311 0.8334 1.499154 
826.6082 16.178 101.019 -0.09637 0.49493 1.185 0.79590 8.0000 43.64 0.8317 0.8340 1.499915 
826.1889 16.181 100.972 -0.09598 0.49505 1.207 0.79578 8.0000 44.00 0.8334 0.8357 1.500676 
825.7695 16.186 100.946 -0.09571 0.49484 1.208 0.79503 8.0000 44.67 0.8345 0.8368 1.501438 
825.3500 16.159 100.930 -0.09526 0.49330 1.207 0.79420 8.0000 44.43 0.8355 0.8379 1.502201 
824.9305 16.137 100.926 -0.09514 0.49284 1.185 0.79480 8.0000 44.06 0.8369 0.8392 1.502965 
824.5108 16.141 100.889 -0.09518 0.49479 1.175 0.79761 8.0000 44.36 0.8379 0.8402 1.503730 
824.0911 16.126 100.831 -0.09469 0.49493 1.189 0.79860 8.0000 44.46 0.8390 0.8412 1.504496 
823.6713 16.142 100.796 -0.09454 0.49577 1.199 0.79889 8.0000 44.70 0.8397 0.8419 1.505263 
823.2513 16.146 100.789 -0.09447 0.49576 1.204 0.79860 8.0000 44.59 0.8408 0.8430 1.506031 
822.8313 16.135 100.786 -0.09455 0.49630 1.196 0.80015 8.0000 44.61 0.8410 0.8432 1.506800 
822.4112 16.172 100.800 -0.09495 0.49774 1.204 0.80019 8.0000 45.11 0.8428 0.8450 1.507569 
821.9910 16.197 100.838 -0.09545 0.49857 1.180 0.80010 8.0000 44.81 0.8453 0.8475 1.508340 
821.5707 16.186 100.828 -0.09532 0.49838 1.194 0.80044 8.0000 45.48 0.8455 0.8477 1.509112 
821.1503 16.182 100.829 -0.09538 0.49863 1.205 0.80109 8.0000 45.93 0.8454 0.8475 1.509884 
820.7299 16.214 100.809 -0.09557 0.50055 1.209 0.80213 8.0000 46.15 0.8468 0.8489 1.510658 
820.3093 16.232 100.815 -0.09583 0.50166 1.183 0.80279 8.0000 45.86 0.8489 0.8510 1.511432 
819.8886 16.256 100.788 -0.09561 0.50175 1.182 0.80136 8.0000 45.77 0.8486 0.8507 1.512208 
819.4679 16.274 100.759 -0.09550 0.50259 1.184 0.80155 8.0000 46.77 0.8494 0.8516 1.512984 
819.0471 16.298 100.778 -0.09590 0.50378 1.187 0.80199 8.0000 46.41 0.8510 0.8531 1.513761 
818.6262 16.317 100.755 -0.09589 0.50485 1.193 0.80244 8.0000 47.24 0.8518 0.8539 1.514540 
818.2051 16.327 100.716 -0.09563 0.50534 1.192 0.80254 8.0000 46.68 0.8520 0.8540 1.515319 
817.7841 16.343 100.705 -0.09570 0.50622 1.167 0.80295 8.0000 46.67 0.8523 0.8543 1.516099 
817.3629 16.340 100.714 -0.09581 0.50635 1.182 0.80332 8.0000 46.92 0.8524 0.8543 1.516881 
816.9416 16.371 100.735 -0.09627 0.50780 1.181 0.80379 8.0000 46.85 0.8545 0.8565 1.517663 
816.5202 16.383 100.719 -0.09634 0.50893 1.189 0.80478 8.0000 47.29 0.8553 0.8573 1.518446 
816.0988 16.401 100.726 -0.09660 0.50997 1.181 0.80536 8.0000 47.73 0.8562 0.8582 1.519230 
815.6772 16.431 100.681 -0.09648 0.51154 1.184 0.80581 8.0000 47.49 0.8570 0.8589 1.520015 
815.2556 16.435 100.676 -0.09645 0.51163 1.173 0.80568 8.0000 47.36 0.8569 0.8588 1.520801 
814.8338 16.455 100.682 -0.09668 0.51254 1.171 0.80590 8.0000 47.44 0.8582 0.8601 1.521589 
814.4120 16.472 100.666 -0.09676 0.51375 1.178 0.80676 8.0000 48.17 0.8592 0.8612 1.522377 
813.9901 16.482 100.698 -0.09724 0.51470 1.178 0.80773 8.0000 48.74 0.8602 0.8622 1.523166 
813.5681 16.504 100.700 -0.09741 0.51553 1.179 0.80766 8.0000 48.30 0.8613 0.8632 1.523956 
813.1460 16.509 100.667 -0.09714 0.51573 1.174 0.80757 8.0000 48.18 0.8603 0.8622 1.524747 
812.7238 16.512 100.666 -0.09719 0.51601 1.190 0.80784 8.0000 48.82 0.8603 0.8622 1.525539 
812.3015 16.558 100.620 -0.09721 0.51843 1.192 0.80866 8.0000 49.11 0.8629 0.8648 1.526332 
811.8792 16.530 100.661 -0.09746 0.51772 1.187 0.80938 8.0000 49.78 0.8624 0.8643 1.527126 
811.4567 16.538 100.655 -0.09753 0.51836 1.179 0.80982 8.0000 49.72 0.8638 0.8657 1.527921 
811.0341 16.549 100.638 -0.09742 0.51868 1.170 0.80965 8.0000 48.91 0.8637 0.8656 1.528717 
810.6115 16.554 100.695 -0.09808 0.51932 1.178 0.81048 8.0000 49.18 0.8648 0.8667 1.529514 
810.1888 16.555 100.667 -0.09787 0.51964 1.157 0.81082 8.0000 48.64 0.8644 0.8663 1.530312 
809.7659 16.580 100.632 -0.09771 0.52049 1.167 0.81050 8.0000 49.67 0.8647 0.8666 1.531111 
809.3430 16.594 100.608 -0.09757 0.52099 1.162 0.81034 8.0000 50.15 0.8644 0.8663 1.531912 
808.9200 16.613 100.533 -0.09707 0.52205 1.175 0.81062 8.0000 49.70 0.8652 0.8671 1.532713 
808.4969 16.631 100.482 -0.09668 0.52259 1.176 0.81025 8.0000 50.54 0.8653 0.8673 1.533515 
808.0737 16.637 100.456 -0.09642 0.52248 1.182 0.80962 8.0000 50.32 0.8648 0.8667 1.534318 
807.6505 16.646 100.462 -0.09656 0.52297 1.183 0.80984 8.0000 50.48 0.8655 0.8674 1.535122 
807.2271 16.644 100.458 -0.09656 0.52310 1.178 0.81014 8.0000 50.60 0.8652 0.8670 1.535927 
806.8036 16.672 100.403 -0.09622 0.52410 1.177 0.80986 8.0000 51.35 0.8649 0.8668 1.536733 
806.3801 16.695 100.371 -0.09605 0.52485 1.171 0.80951 8.0000 50.50 0.8648 0.8666 1.537540 
805.9564 16.721 100.323 -0.09574 0.52560 1.164 0.80896 8.0000 51.25 0.8649 0.8668 1.538349 
805.5327 16.739 100.294 -0.09558 0.52627 1.175 0.80882 8.0000 51.12 0.8656 0.8675 1.539158 
805.1089 16.763 100.232 -0.09508 0.52674 1.170 0.80790 8.0000 50.79 0.8656 0.8675 1.539968 
804.6850 16.781 100.215 -0.09510 0.52775 1.171 0.80830 8.0000 51.20 0.8671 0.8690 1.540779 
804.2610 16.789 100.186 -0.09487 0.52800 1.170 0.80812 8.0000 51.97 0.8667 0.8686 1.541591 
803.8369 16.809 100.159 -0.09473 0.52863 1.164 0.80779 8.0000 51.25 0.8671 0.8689 1.542405 
803.4127 16.833 100.133 -0.09462 0.52942 1.170 0.80743 8.0000 51.70 0.8680 0.8699 1.543219 
802.9884 16.846 100.123 -0.09461 0.52988 1.180 0.80734 8.0000 51.79 0.8683 0.8702 1.544035 
802.5640 16.863 100.112 -0.09466 0.53076 1.172 0.80763 8.0000 51.63 0.8693 0.8713 1.544851 
802.1396 16.866 100.090 -0.09444 0.53069 1.174 0.80724 8.0000 52.78 0.8685 0.8705 1.545669 
801.7150 16.874 100.108 -0.09464 0.53087 1.181 0.80710 8.0000 53.16 0.8690 0.8710 1.546487 
801.2903 16.897 100.074 -0.09445 0.53162 1.173 0.80676 8.0000 52.94 0.8692 0.8712 1.547307 
800.8657 16.904 100.080 -0.09451 0.53166 1.170 0.80640 8.0000 52.42 0.8694 0.8714 1.548127 
800.4408 16.897 100.055 -0.09423 0.53140 1.172 0.80635 8.0000 52.02 0.8685 0.8705 1.548949 
800.0159 16.913 100.056 -0.09432 0.53185 1.172 0.80607 8.0000 53.06 0.8685 0.8704 1.549772 
799.5909 16.927 100.014 -0.09400 0.53231 1.162 0.80582 8.0000 52.75 0.8676 0.8695 1.550595 
799.1658 16.940 100.013 -0.09409 0.53289 1.169 0.80589 8.0000 52.84 0.8683 0.8702 1.551420 
798.7406 16.959 99.979 -0.09391 0.53375 1.174 0.80594 8.0000 53.01 0.8689 0.8708 1.552246 
798.3153 16.984 99.979 -0.09406 0.53457 1.173 0.80564 8.0000 53.14 0.8698 0.8716 1.553073 
797.8899 17.016 99.936 -0.09388 0.53592 1.181 0.80565 8.0000 54.02 0.8708 0.8727 1.553901 
797.4644 17.027 99.930 -0.09391 0.53640 1.176 0.80572 8.0000 54.15 0.8710 0.8728 1.554730 
797.0389 17.051 99.890 -0.09371 0.53748 1.179 0.80578 8.0000 53.88 0.8714 0.8733 1.555560 
796.6132 17.068 99.851 -0.09347 0.53828 1.172 0.80582 8.0000 53.69 0.8722 0.8741 1.556391 
796.1875 17.072 99.830 -0.09324 0.53812 1.174 0.80530 8.0000 54.44 0.8720 0.8739 1.557224 
795.7617 17.091 99.797 -0.09303 0.53878 1.170 0.80508 8.0000 53.64 0.8717 0.8736 1.558057 
795.3357 17.110 99.767 -0.09284 0.53937 1.175 0.80473 8.0000 54.26 0.8726 0.8746 1.558891 
794.9097 17.131 99.726 -0.09258 0.54016 1.170 0.80453 8.0000 54.71 0.8734 0.8753 1.559727 
794.4836 17.145 99.670 -0.09208 0.54044 1.175 0.80399 8.0000 54.65 0.8729 0.8749 1.560563 
794.0574 17.157 99.677 -0.09223 0.54090 1.175 0.80395 8.0000 54.79 0.8736 0.8756 1.561401 
793.6310 17.177 99.651 -0.09214 0.54183 1.177 0.80404 8.0000 55.33 0.8738 0.8758 1.562240 
793.2047 17.196 99.598 -0.09174 0.54254 1.185 0.80384 8.0000 55.72 0.8742 0.8762 1.563079 
792.7782 17.205 99.578 -0.09159 0.54277 1.179 0.80358 8.0000 54.82 0.8737 0.8757 1.563920 
792.3516 17.218 99.578 -0.09164 0.54307 1.180 0.80325 8.0000 55.30 0.8736 0.8756 1.564762 
791.9249 17.219 99.577 -0.09165 0.54322 1.167 0.80342 8.0000 54.59 0.8732 0.8753 1.565605 
791.4982 17.246 99.554 -0.09159 0.54415 1.164 0.80314 8.0000 54.61 0.8733 0.8753 1.566449 
791.0714 17.260 99.543 -0.09156 0.54461 1.157 0.80294 8.0000 55.38 0.8738 0.8759 1.567295 
790.6444 17.271 99.543 -0.09164 0.54509 1.164 0.80299 8.0000 54.92 0.8746 0.8767 1.568141 
790.2173 17.281 99.529 -0.09152 0.54525 1.159 0.80258 8.0000 55.13 0.8750 0.8771 1.568989 
789.7902 17.298 99.504 -0.09138 0.54583 1.173 0.80234 8.0000 55.52 0.8748 0.8769 1.569837 
789.3630 17.311 99.486 -0.09127 0.54622 1.167 0.80212 8.0000 55.20 0.8750 0.8771 1.570687 
788.9357 17.330 99.484 -0.09133 0.54674 1.166 0.80173 8.0000 56.16 0.8754 0.8775 1.571537 
788.5083 17.340 99.469 -0.09124 0.54704 1.161 0.80156 8.0000 56.27 0.8749 0.8770 1.572389 
788.0807 17.345 99.486 -0.09143 0.54717 1.167 0.80149 8.0000 55.97 0.8753 0.8773 1.573242 
787.6532 17.361 99.463 -0.09131 0.54787 1.168 0.80151 8.0000 55.90 0.8757 0.8777 1.574096 
787.2255 17.358 99.464 -0.09131 0.54773 1.154 0.80144 8.0000 55.77 0.8752 0.8772 1.574951 
786.7977 17.360 99.419 -0.09087 0.54777 1.161 0.80131 8.0000 56.55 0.8745 0.8764 1.575808 
786.3699 17.374 99.401 -0.09083 0.54857 1.169 0.80156 8.0000 56.55 0.8749 0.8769 1.576665 
785.9419 17.388 99.395 -0.09087 0.54918 1.157 0.80162 8.0000 56.70 0.8760 0.8780 1.577524 
785.5139 17.398 99.379 -0.09078 0.54959 1.164 0.80162 8.0000 56.11 0.8765 0.8785 1.578383 
785.0857 17.408 99.359 -0.09064 0.54997 1.167 0.80148 8.0000 57.20 0.8759 0.8778 1.579244 
784.6575 17.426 99.320 -0.09035 0.55055 1.164 0.80119 8.0000 57.04 0.8760 0.8779 1.580106 
784.2291 17.431 99.312 -0.09029 0.55065 1.173 0.80099 8.0000 57.61 0.8763 0.8782 1.580969 
783.8007 17.435 99.289 -0.09007 0.55069 1.170 0.80079 8.0000 57.20 0.8763 0.8782 1.581833 
783.3722 17.444 99.280 -0.09003 0.55096 1.162 0.80062 8.0000 57.42 0.8765 0.8784 1.582698 
782.9435 17.465 99.255 -0.08987 0.55156 1.162 0.80015 8.0000 57.64 0.8768 0.8787 1.583565 
782.5148 17.482 99.244 -0.08991 0.55238 1.154 0.80034 8.0000 57.58 0.8778 0.8797 1.584433 
782.0861 17.482 99.262 -0.09010 0.55247 1.151 0.80049 8.0000 57.17 0.8782 0.8801 1.585301 
781.6572 17.482 99.269 -0.09017 0.55251 1.157 0.80056 8.0000 56.83 0.8783 0.8802 1.586171 
781.2282 17.492 99.257 -0.09009 0.55279 1.159 0.80035 8.0000 57.36 0.8785 0.8803 1.587042 
780.7991 17.502 99.259 -0.09017 0.55313 1.163 0.80024 8.0000 57.41 0.8788 0.8807 1.587914 
780.3699 17.516 99.253 -0.09017 0.55352 1.169 0.80001 8.0000 57.60 0.8794 0.8812 1.588788 
779.9407 17.520 99.251 -0.09016 0.55357 1.167 0.79984 8.0000 57.81 0.8797 0.8815 1.589662 
779.5113 17.526 99.249 -0.09017 0.55370 1.167 0.79962 8.0000 57.80 0.8796 0.8814 1.590537 
779.0818 17.550 99.224 -0.09002 0.55432 1.173 0.79905 8.0000 57.93 0.8798 0.8816 1.591414 
778.6523 17.574 99.189 -0.08982 0.55520 1.165 0.79880 8.0000 58.12 0.8802 0.8820 1.592292 
778.2227 17.596 99.165 -0.08969 0.55591 1.157 0.79848 8.0000 58.38 0.8805 0.8823 1.593171 
777.7930 17.606 99.165 -0.08973 0.55618 1.163 0.79826 8.0000 57.89 0.8812 0.8830 1.594051 
777.3632 17.628 99.160 -0.08979 0.55684 1.166 0.79791 8.0000 57.80 0.8816 0.8834 1.594933 
776.9332 17.643 99.141 -0.08965 0.55719 1.163 0.79750 8.0000 58.76 0.8821 0.8839 1.595815 
776.5032 17.656 99.127 -0.08956 0.55748 1.158 0.79709 8.0000 58.90 0.8824 0.8842 1.596699 
776.0731 17.666 99.117 -0.08950 0.55770 1.164 0.79681 8.0000 58.78 0.8823 0.8841 1.597584 
775.6429 17.679 99.084 -0.08923 0.55807 1.171 0.79648 8.0000 58.16 0.8823 0.8841 1.598470 
775.2126 17.693 99.072 -0.08912 0.55817 1.165 0.79580 8.0000 59.03 0.8821 0.8839 1.599357 
774.7822 17.710 99.053 -0.08899 0.55856 1.168 0.79529 8.0000 59.51 0.8826 0.8844 1.600246 
774.3517 17.717 99.070 -0.08919 0.55874 1.168 0.79519 8.0000 59.71 0.8827 0.8844 1.601135 
773.9212 17.733 99.061 -0.08920 0.55933 1.160 0.79505 8.0000 59.24 0.8831 0.8849 1.602026 
773.4905 17.745 99.067 -0.08931 0.55967 1.147 0.79487 8.0000 59.23 0.8835 0.8852 1.602918 
773.0598 17.761 99.066 -0.08939 0.56021 1.146 0.79469 8.0000 60.29 0.8837 0.8854 1.603811 
772.6289 17.779 99.042 -0.08924 0.56077 1.159 0.79433 8.0000 59.88 0.8841 0.8859 1.604706 
772.1980 17.800 99.013 -0.08905 0.56143 1.166 0.79397 8.0000 59.77 0.8846 0.8864 1.605601 
771.7669 17.808 98.996 -0.08890 0.56154 1.160 0.79366 8.0000 59.71 0.8848 0.8866 1.606498 
771.3358 17.815 98.997 -0.08892 0.56161 1.163 0.79336 8.0000 60.22 0.8853 0.8870 1.607396 
770.9046 17.826 98.979 -0.08878 0.56186 1.157 0.79304 8.0000 59.94 0.8857 0.8874 1.608295 
770.4733 17.840 98.984 -0.08888 0.56224 1.157 0.79274 8.0000 60.18 0.8864 0.8881 1.609195 
770.0419 17.854 98.978 -0.08888 0.56255 1.160 0.79237 8.0000 59.66 0.8868 0.8885 1.610097 
769.6104 17.871 98.981 -0.08901 0.56320 1.157 0.79226 8.0000 60.36 0.8872 0.8888 1.610999 
769.1787 17.886 98.983 -0.08911 0.56365 1.158 0.79204 8.0000 60.77 0.8871 0.8888 1.611904 
768.7471 17.885 98.992 -0.08916 0.56345 1.160 0.79181 8.0000 60.81 0.8872 0.8888 1.612809 
768.3152 17.908 98.995 -0.08932 0.56428 1.160 0.79166 8.0000 60.75 0.8878 0.8895 1.613715 
767.8834 17.929 98.969 -0.08919 0.56507 1.162 0.79150 8.0000 61.24 0.8878 0.8895 1.614623 
767.4514 17.947 98.934 -0.08891 0.56562 1.163 0.79115 8.0000 61.82 0.8881 0.8897 1.615531 
767.0193 17.961 98.928 -0.08890 0.56591 1.160 0.79070 8.0000 61.74 0.8879 0.8895 1.616442 
766.5872 17.976 98.911 -0.08883 0.56652 1.168 0.79064 8.0000 61.27 0.8881 0.8897 1.617353 
766.1549 17.989 98.894 -0.08871 0.56686 1.162 0.79035 8.0000 61.79 0.8880 0.8896 1.618265 
765.7225 17.999 98.909 -0.08889 0.56707 1.161 0.79008 8.0000 62.73 0.8878 0.8894 1.619179 
765.2901 18.014 98.910 -0.08897 0.56752 1.155 0.78987 8.0000 62.17 0.8880 0.8896 1.620094 
764.8575 18.030 98.919 -0.08916 0.56815 1.165 0.78981 8.0000 62.85 0.8883 0.8898 1.621010 
764.4249 18.047 98.912 -0.08920 0.56883 1.161 0.78979 8.0000 62.37 0.8889 0.8904 1.621928 
763.9922 18.063 98.911 -0.08929 0.56946 1.151 0.78972 8.0000 62.48 0.8894 0.8910 1.622846 
763.5593 18.085 98.887 -0.08915 0.57016 1.165 0.78932 8.0000 63.27 0.8897 0.8912 1.623766 
763.1264 18.100 98.898 -0.08933 0.57055 1.160 0.78904 8.0000 63.07 0.8897 0.8912 1.624687 
762.6934 18.116 98.865 -0.08909 0.57118 1.163 0.78893 8.0000 63.51 0.8897 0.8913 1.625610 
762.2603 18.126 98.856 -0.08901 0.57131 1.167 0.78853 8.0000 63.59 0.8895 0.8911 1.626533 
761.8271 18.138 98.842 -0.08894 0.57171 1.171 0.78833 8.0000 64.26 0.8896 0.8912 1.627458 
761.3938 18.149 98.833 -0.08887 0.57185 1.165 0.78790 8.0000 63.83 0.8897 0.8912 1.628385 
760.9604 18.164 98.801 -0.08862 0.57239 1.163 0.78766 8.0000 63.30 0.8896 0.8911 1.629312 
760.5269 18.181 98.799 -0.08870 0.57302 1.161 0.78760 8.0000 64.27 0.8898 0.8913 1.630241 
760.0933 18.203 98.780 -0.08862 0.57376 1.160 0.78731 8.0000 64.62 0.8904 0.8919 1.631171 
759.6597 18.222 98.742 -0.08834 0.57446 1.162 0.78706 8.0000 64.91 0.8906 0.8922 1.632102 
759.2259 18.232 98.744 -0.08839 0.57472 1.171 0.78688 8.0000 64.27 0.8908 0.8923 1.633034 
758.7921 18.245 98.743 -0.08844 0.57512 1.164 0.78667 8.0000 64.70 0.8911 0.8926 1.633968 
758.3581 18.262 98.713 -0.08822 0.57566 1.164 0.78636 8.0000 65.19 0.8910 0.8925 1.634903 
757.9240 18.266 98.709 -0.08817 0.57560 1.165 0.78603 8.0000 65.71 0.8907 0.8922 1.635839 
757.4899 18.279 98.701 -0.08813 0.57587 1.171 0.78564 8.0000 65.93 0.8908 0.8923 1.636777 
757.0556 18.291 98.697 -0.08812 0.57607 1.164 0.78522 8.0000 65.55 0.8907 0.8922 1.637716 
756.6213 18.310 98.692 -0.08818 0.57685 1.156 0.78519 8.0000 65.21 0.8909 0.8924 1.638656 
756.1868 18.328 98.661 -0.08795 0.57737 1.159 0.78481 8.0000 65.20 0.8909 0.8924 1.639597 
755.7523 18.334 98.665 -0.08803 0.57761 1.162 0.78480 8.0000 64.69 0.8909 0.8924 1.640540 
755.3177 18.348 98.657 -0.08802 0.57810 1.165 0.78464 8.0000 66.47 0.8912 0.8926 1.641484 
754.8830 18.359 98.652 -0.08798 0.57818 1.170 0.78409 8.0000 66.23 0.8910 0.8925 1.642429 
754.4482 18.367 98.637 -0.08781 0.57807 1.170 0.78348 8.0000 66.51 0.8908 0.8923 1.643376 
754.0132 18.380 98.637 -0.08787 0.57846 1.178 0.78326 8.0000 67.27 0.8909 0.8924 1.644324 
753.5782 18.393 98.626 -0.08783 0.57892 1.166 0.78313 8.0000 66.82 0.8909 0.8924 1.645273 
753.1431 18.404 98.616 -0.08779 0.57941 1.173 0.78313 8.0000 67.44 0.8911 0.8926 1.646223 
752.7079 18.415 98.616 -0.08784 0.57973 1.161 0.78292 8.0000 67.00 0.8912 0.8927 1.647175 
752.2726 18.428 98.608 -0.08781 0.58012 1.170 0.78271 8.0000 67.96 0.8911 0.8926 1.648129 
751.8373 18.436 98.601 -0.08774 0.58007 1.163 0.78218 8.0000 67.43 0.8907 0.8922 1.649083 
751.4018 18.455 98.553 -0.08732 0.58061 1.171 0.78169 8.0000 68.08 0.8909 0.8924 1.650039 
750.9662 18.470 98.541 -0.08725 0.58099 1.170 0.78137 8.0000 68.00 0.8914 0.8928 1.650996 
750.5306 18.479 98.542 -0.08729 0.58118 1.172 0.78107 8.0000 67.99 0.8916 0.8931 1.651954 
750.0948 18.490 98.516 -0.08706 0.58140 1.166 0.78072 8.0000 68.24 0.8911 0.8926 1.652914 
749.6589 18.503 98.514 -0.08710 0.58182 1.176 0.78055 8.0000 68.34 0.8913 0.8928 1.653875 
749.2230 18.512 98.505 -0.08704 0.58203 1.177 0.78031 8.0000 68.71 0.8914 0.8929 1.654837 
748.7869 18.520 98.502 -0.08702 0.58214 1.174 0.77996 8.0000 69.01 0.8913 0.8928 1.655801 
748.3508 18.538 98.482 -0.08691 0.58275 1.171 0.77976 8.0000 68.81 0.8915 0.8929 1.656766 
747.9146 18.551 98.494 -0.08712 0.58338 1.178 0.77988 8.0000 68.69 0.8919 0.8934 1.657732 
747.4782 18.562 98.501 -0.08724 0.58362 1.166 0.77959 8.0000 68.25 0.8921 0.8936 1.658700 
747.0417 18.573 98.497 -0.08726 0.58408 1.183 0.77954 8.0000 68.83 0.8922 0.8937 1.659669 
746.6052 18.584 98.479 -0.08711 0.58433 1.178 0.77923 8.0000 69.44 0.8922 0.8936 1.660639 
746.1686 18.601 98.458 -0.08700 0.58507 1.175 0.77920 8.0000 69.69 0.8924 0.8939 1.661611 
745.7319 18.620 98.434 -0.08686 0.58580 1.179 0.77907 8.0000 69.21 0.8926 0.8941 1.662584 
745.2950 18.636 98.429 -0.08688 0.58633 1.180 0.77889 8.0000 69.31 0.8929 0.8944 1.663559 
744.8582 18.652 98.405 -0.08670 0.58678 1.183 0.77850 8.0000 69.72 0.8930 0.8944 1.664534 
744.4211 18.661 98.408 -0.08678 0.58713 1.173 0.77849 8.0000 69.44 0.8931 0.8945 1.665512 
743.9841 18.673 98.412 -0.08691 0.58771 1.174 0.77857 8.0000 69.88 0.8934 0.8949 1.666490 
743.5468 18.688 98.389 -0.08672 0.58804 1.171 0.77810 8.0000 69.38 0.8934 0.8949 1.667470 
743.1096 18.699 98.394 -0.08682 0.58838 1.176 0.77796 8.0000 70.15 0.8937 0.8951 1.668451 
742.6722 18.709 98.412 -0.08704 0.58860 1.184 0.77773 8.0000 69.76 0.8939 0.8953 1.669434 
742.2347 18.716 98.412 -0.08705 0.58868 1.180 0.77741 8.0000 70.57 0.8939 0.8953 1.670418 
741.7971 18.726 98.399 -0.08697 0.58909 1.184 0.77736 8.0000 71.18 0.8938 0.8952 1.671403 
741.3594 18.730 98.394 -0.08692 0.58909 1.178 0.77713 8.0000 70.08 0.8938 0.8952 1.672390 
740.9216 18.738 98.403 -0.08705 0.58930 1.192 0.77698 8.0000 71.76 0.8940 0.8954 1.673378 
740.4838 18.749 98.401 -0.08707 0.58956 1.182 0.77675 8.0000 71.41 0.8940 0.8954 1.674367 
740.0458 18.753 98.419 -0.08729 0.58973 1.177 0.77673 8.0000 71.76 0.8942 0.8955 1.675358 
739.6077 18.758 98.436 -0.08749 0.58989 1.186 0.77672 8.0000 71.85 0.8943 0.8956 1.676351 
739.1696 18.769 98.437 -0.08757 0.59035 1.177 0.77671 8.0000 71.33 0.8944 0.8957 1.677344 
738.7313 18.778 98.448 -0.08772 0.59063 1.188 0.77663 8.0000 71.87 0.8946 0.8959 1.678339 
738.2930 18.788 98.445 -0.08772 0.59085 1.185 0.77634 8.0000 72.44 0.8945 0.8958 1.679336 
737.8545 18.794 98.443 -0.08772 0.59099 1.184 0.77618 8.0000 72.14 0.8945 0.8958 1.680334 
737.4160 18.805 98.442 -0.08777 0.59136 1.190 0.77601 8.0000 71.86 0.8947 0.8960 1.681333 
736.9773 18.813 98.448 -0.08784 0.59142 1.180 0.77569 8.0000 71.35 0.8947 0.8960 1.682334 
736.5386 18.821 98.462 -0.08800 0.59154 1.185 0.77543 8.0000 71.82 0.8948 0.8961 1.683336 
736.0997 18.827 98.469 -0.08810 0.59168 1.185 0.77524 8.0000 74.16 0.8948 0.8961 1.684340 
735.6608 18.836 98.476 -0.08821 0.59195 1.187 0.77511 8.0000 72.71 0.8948 0.8961 1.685344 
735.2218 18.845 98.475 -0.08824 0.59221 1.186 0.77499 8.0000 72.49 0.8949 0.8961 1.686351 
734.7827 18.846 98.509 -0.08859 0.59217 1.188 0.77494 8.0000 72.73 0.8948 0.8961 1.687359 
734.3434 18.853 98.500 -0.08855 0.59252 1.197 0.77499 8.0000 73.44 0.8947 0.8959 1.688368 
733.9041 18.862 98.499 -0.08860 0.59288 1.204 0.77494 8.0000 73.60 0.8947 0.8959 1.689379 
733.4647 18.863 98.502 -0.08863 0.59291 1.189 0.77492 8.0000 74.68 0.8945 0.8957 1.690391 
733.0252 18.866 98.514 -0.08877 0.59292 1.192 0.77481 8.0000 73.88 0.8946 0.8958 1.691404 
732.5856 18.882 98.493 -0.08864 0.59361 1.191 0.77478 8.0000 73.79 0.8947 0.8959 1.692419 
732.1459 18.886 98.493 -0.08867 0.59378 1.195 0.77477 8.0000 73.74 0.8947 0.8959 1.693436 
731.7061 18.884 98.491 -0.08860 0.59348 1.197 0.77445 8.0000 74.46 0.8944 0.8956 1.694453 
731.2662 18.890 98.499 -0.08872 0.59369 1.189 0.77443 8.0000 74.26 0.8946 0.8958 1.695473 
730.8262 18.894 98.499 -0.08874 0.59385 1.199 0.77443 8.0000 74.32 0.8947 0.8958 1.696494 
730.3861 18.893 98.513 -0.08885 0.59360 1.200 0.77420 8.0000 74.69 0.8946 0.8958 1.697516 
729.9459 18.899 98.498 -0.08872 0.59381 1.201 0.77411 8.0000 75.02 0.8945 0.8957 1.698539 
729.5057 18.902 98.490 -0.08863 0.59379 1.206 0.77388 8.0000 74.30 0.8946 0.8957 1.699564 
729.0653 18.914 98.457 -0.08834 0.59412 1.207 0.77358 8.0000 74.33 0.8946 0.8957 1.700591 
728.6248 18.913 98.453 -0.08827 0.59399 1.208 0.77347 8.0000 74.27 0.8944 0.8955 1.701619 
728.1843 18.912 98.441 -0.08814 0.59399 1.207 0.77346 8.0000 74.79 0.8941 0.8952 1.702648 
727.7436 18.918 98.433 -0.08807 0.59409 1.201 0.77325 8.0000 74.59 0.8940 0.8951 1.703680 
727.3028 18.920 98.439 -0.08813 0.59404 1.210 0.77312 8.0000 74.65 0.8939 0.8950 1.704712 
726.8619 18.929 98.408 -0.08785 0.59435 1.207 0.77291 8.0000 74.93 0.8937 0.8948 1.705746 
726.4210 18.929 98.394 -0.08768 0.59421 1.205 0.77275 8.0000 75.21 0.8934 0.8945 1.706781 
725.9799 18.933 98.371 -0.08746 0.59434 1.210 0.77263 8.0000 74.83 0.8933 0.8944 1.707818 
725.5388 18.941 98.342 -0.08716 0.59443 1.211 0.77225 8.0000 74.66 0.8931 0.8942 1.708857 
725.0975 18.953 98.303 -0.08680 0.59474 1.212 0.77192 8.0000 75.40 0.8931 0.8942 1.709897 
724.6561 18.961 98.286 -0.08663 0.59488 1.212 0.77158 8.0000 74.22 0.8932 0.8943 1.710938 
724.2147 18.962 98.271 -0.08646 0.59476 1.211 0.77138 8.0000 75.10 0.8931 0.8942 1.711981 
723.7732 18.962 98.249 -0.08621 0.59469 1.211 0.77124 8.0000 74.86 0.8928 0.8939 1.713025 
723.3315 18.964 98.236 -0.08607 0.59465 1.217 0.77102 8.0000 74.13 0.8926 0.8937 1.714072 
722.8898 18.971 98.186 -0.08556 0.59478 1.223 0.77073 8.0000 75.81 0.8924 0.8934 1.715119 
722.4479 18.974 98.158 -0.08527 0.59482 1.217 0.77056 8.0000 75.63 0.8920 0.8931 1.716168 
722.0060 18.975 98.121 -0.08487 0.59478 1.221 0.77038 8.0000 75.55 0.8916 0.8927 1.717218 
721.5640 18.991 98.067 -0.08436 0.59521 1.217 0.76997 8.0000 75.04 0.8916 0.8927 1.718270 
721.1218 19.000 98.048 -0.08421 0.59555 1.221 0.76987 8.0000 75.47 0.8916 0.8927 1.719324 
720.6796 19.004 98.028 -0.08402 0.59567 1.218 0.76974 8.0000 76.07 0.8914 0.8925 1.720379 
720.2373 19.010 97.994 -0.08367 0.59576 1.221 0.76948 8.0000 76.10 0.8913 0.8923 1.721435 
719.7949 19.011 97.980 -0.08350 0.59565 1.215 0.76925 8.0000 75.86 0.8910 0.8921 1.722493 
719.3524 19.018 97.932 -0.08302 0.59581 1.223 0.76899 8.0000 75.84 0.8909 0.8919 1.723553 
718.9097 19.021 97.899 -0.08267 0.59588 1.228 0.76882 8.0000 75.83 0.8906 0.8917 1.724614 
718.4670 19.021 97.851 -0.08217 0.59586 1.231 0.76875 8.0000 76.48 0.8902 0.8913 1.725677 
718.0242 19.034 97.798 -0.08168 0.59646 1.239 0.76868 8.0000 76.83 0.8901 0.8911 1.726741 
717.5813 19.041 97.754 -0.08123 0.59656 1.232 0.76834 8.0000 76.68 0.8898 0.8909 1.727807 
717.1383 19.048 97.704 -0.08072 0.59669 1.224 0.76800 8.0000 75.71 0.8894 0.8905 1.728874 
716.6952 19.054 97.655 -0.08022 0.59688 1.230 0.76786 8.0000 76.34 0.8891 0.8901 1.729943 
716.2520 19.060 97.608 -0.07975 0.59704 1.239 0.76765 8.0000 76.76 0.8887 0.8898 1.731013 
715.8087 19.069 97.540 -0.07906 0.59725 1.238 0.76731 8.0000 76.93 0.8883 0.8894 1.732086 
715.3653 19.075 97.492 -0.07859 0.59757 1.244 0.76729 8.0000 77.20 0.8881 0.8892 1.733159 
714.9218 19.074 97.459 -0.07824 0.59759 1.238 0.76729 8.0000 76.79 0.8877 0.8888 1.734234 
714.4782 19.080 97.412 -0.07776 0.59777 1.242 0.76712 8.0000 77.01 0.8874 0.8885 1.735311 
714.0345 19.094 97.353 -0.07718 0.59815 1.245 0.76676 8.0000 76.92 0.8870 0.8881 1.736389 
713.5907 19.103 97.310 -0.07678 0.59853 1.246 0.76669 8.0000 77.07 0.8869 0.8880 1.737469 
713.1469 19.108 97.249 -0.07613 0.59856 1.238 0.76630 8.0000 76.39 0.8864 0.8875 1.738550 
712.7028 19.110 97.185 -0.07546 0.59857 1.247 0.76612 8.0000 76.92 0.8859 0.8870 1.739634 
712.2588 19.117 97.118 -0.07479 0.59893 1.251 0.76606 8.0000 77.49 0.8856 0.8867 1.740718 
711.8146 19.123 97.064 -0.07426 0.59923 1.251 0.76604 8.0000 77.00 0.8853 0.8864 1.741805 
711.3703 19.132 96.999 -0.07360 0.59948 1.261 0.76578 8.0000 77.45 0.8849 0.8860 1.742892 
710.9259 19.142 96.932 -0.07294 0.59995 1.257 0.76572 8.0000 77.23 0.8845 0.8857 1.743982 
710.4814 19.149 96.883 -0.07244 0.60007 1.252 0.76541 8.0000 77.32 0.8842 0.8854 1.745073 
710.0369 19.156 96.838 -0.07199 0.60038 1.254 0.76532 8.0000 77.26 0.8838 0.8850 1.746165 
709.5922 19.162 96.783 -0.07143 0.60059 1.254 0.76518 8.0000 77.08 0.8834 0.8846 1.747260 
709.1474 19.169 96.730 -0.07090 0.60079 1.256 0.76495 8.0000 77.56 0.8831 0.8843 1.748356 
708.7026 19.173 96.672 -0.07029 0.60091 1.264 0.76480 8.0000 77.91 0.8825 0.8838 1.749453 
708.2576 19.178 96.623 -0.06979 0.60112 1.265 0.76473 8.0000 77.79 0.8821 0.8834 1.750552 
707.8125 19.180 96.569 -0.06923 0.60123 1.264 0.76466 8.0000 77.21 0.8816 0.8829 1.751653 
707.3674 19.191 96.517 -0.06871 0.60153 1.268 0.76435 8.0000 77.49 0.8812 0.8826 1.752755 
706.9221 19.199 96.477 -0.06833 0.60193 1.273 0.76438 8.0000 77.96 0.8810 0.8824 1.753859 
706.4767 19.209 96.424 -0.06781 0.60229 1.274 0.76420 8.0000 78.10 0.8808 0.8821 1.754965 
706.0313 19.217 96.368 -0.06726 0.60264 1.279 0.76412 8.0000 78.07 0.8804 0.8818 1.756072 
705.5857 19.227 96.326 -0.06685 0.60300 1.277 0.76397 8.0000 78.26 0.8803 0.8817 1.757181 
705.1401 19.237 96.277 -0.06635 0.60324 1.265 0.76367 8.0000 77.78 0.8799 0.8814 1.758292 
704.6943 19.246 96.236 -0.06595 0.60359 1.277 0.76353 8.0000 77.81 0.8797 0.8811 1.759404 
704.2484 19.251 96.195 -0.06554 0.60382 1.278 0.76350 8.0000 77.62 0.8792 0.8806 1.760518 
703.8025 19.256 96.162 -0.06521 0.60408 1.288 0.76353 8.0000 77.78 0.8788 0.8802 1.761633 
703.3564 19.266 96.108 -0.06468 0.60447 1.289 0.76339 8.0000 77.52 0.8784 0.8799 1.762751 
702.9103 19.277 96.066 -0.06427 0.60480 1.285 0.76317 8.0000 78.31 0.8782 0.8797 1.763869 
702.4641 19.288 96.014 -0.06375 0.60520 1.294 0.76296 8.0000 78.58 0.8780 0.8795 1.764990 
702.0177 19.299 95.969 -0.06333 0.60564 1.292 0.76286 8.0000 78.33 0.8777 0.8793 1.766112 
701.5712 19.308 95.930 -0.06295 0.60604 1.293 0.76284 8.0000 78.51 0.8775 0.8792 1.767236 
701.1247 19.320 95.902 -0.06270 0.60658 1.301 0.76280 8.0000 78.53 0.8775 0.8791 1.768361 
700.6780 19.330 95.867 -0.06237 0.60694 1.298 0.76266 8.0000 78.06 0.8772 0.8789 1.769489 
700.2313 19.340 95.839 -0.06211 0.60738 1.307 0.76260 8.0000 78.46 0.8771 0.8788 1.770618 
699.7844 19.349 95.802 -0.06176 0.60780 1.304 0.76260 8.0000 77.85 0.8769 0.8786 1.771748 
699.3375 19.361 95.774 -0.06150 0.60819 1.301 0.76243 8.0000 78.06 0.8768 0.8785 1.772881 
698.8904 19.371 95.743 -0.06122 0.60868 1.303 0.76243 8.0000 78.43 0.8768 0.8785 1.774015 
698.4433 19.383 95.718 -0.06100 0.60917 1.302 0.76237 8.0000 78.33 0.8768 0.8785 1.775150 
697.9961 19.399 95.675 -0.06060 0.60979 1.310 0.76223 8.0000 78.31 0.8768 0.8786 1.776288 
697.5488 19.411 95.649 -0.06035 0.61018 1.316 0.76202 8.0000 78.45 0.8769 0.8787 1.777427 
697.1013 19.422 95.624 -0.06013 0.61056 1.322 0.76186 8.0000 78.42 0.8768 0.8786 1.778568 
696.6537 19.433 95.601 -0.05992 0.61100 1.325 0.76180 8.0000 78.45 0.8767 0.8785 1.779711 
696.2061 19.445 95.569 -0.05963 0.61155 1.326 0.76176 8.0000 78.19 0.8765 0.8784 1.780855 
695.7584 19.459 95.554 -0.05951 0.61199 1.325 0.76152 8.0000 78.35 0.8765 0.8784 1.782001 
695.3105 19.472 95.524 -0.05923 0.61241 1.331 0.76129 8.0000 78.92 0.8764 0.8783 1.783149 
694.8626 19.488 95.510 -0.05912 0.61296 1.329 0.76111 8.0000 78.83 0.8767 0.8786 1.784298 
694.4146 19.500 95.498 -0.05905 0.61344 1.328 0.76105 8.0000 78.77 0.8769 0.8788 1.785449 
693.9664 19.514 95.477 -0.05887 0.61392 1.334 0.76085 8.0000 78.21 0.8768 0.8788 1.786602 
693.5182 19.534 95.457 -0.05873 0.61476 1.333 0.76078 8.0000 78.35 0.8770 0.8789 1.787757 
693.0699 19.551 95.448 -0.05869 0.61538 1.339 0.76061 8.0000 78.23 0.8770 0.8790 1.788913 
692.6215 19.567 95.439 -0.05866 0.61603 1.337 0.76054 8.0000 78.50 0.8771 0.8791 1.790071 
692.1729 19.582 95.437 -0.05869 0.61664 1.347 0.76045 8.0000 78.60 0.8772 0.8792 1.791231 
691.7243 19.600 95.433 -0.05870 0.61725 1.343 0.76026 8.0000 78.82 0.8775 0.8795 1.792393 
691.2756 19.620 95.428 -0.05872 0.61795 1.340 0.76003 8.0000 78.64 0.8778 0.8798 1.793557 
690.8267 19.634 95.417 -0.05865 0.61848 1.353 0.75991 8.0000 78.40 0.8779 0.8800 1.794722 
690.3778 19.650 95.405 -0.05858 0.61919 1.349 0.75985 8.0000 78.30 0.8781 0.8801 1.795889 
689.9288 19.668 95.400 -0.05860 0.61987 1.356 0.75975 8.0000 78.14 0.8784 0.8805 1.797058 
689.4797 19.687 95.400 -0.05867 0.62064 1.354 0.75967 8.0000 78.25 0.8788 0.8809 1.798228 
689.0304 19.704 95.406 -0.05879 0.62120 1.349 0.75942 8.0000 77.74 0.8791 0.8811 1.799401 
688.5811 19.719 95.402 -0.05880 0.62183 1.356 0.75936 8.0000 78.69 0.8793 0.8814 1.800575 
688.1317 19.732 95.398 -0.05882 0.62244 1.354 0.75939 8.0000 78.48 0.8796 0.8816 1.801751 
687.6821 19.746 95.400 -0.05889 0.62303 1.363 0.75936 8.0000 78.62 0.8797 0.8818 1.802929 
687.2325 19.763 95.385 -0.05879 0.62377 1.370 0.75933 8.0000 78.61 0.8799 0.8820 1.804108 
686.7828 19.780 95.388 -0.05889 0.62445 1.381 0.75926 8.0000 78.67 0.8801 0.8822 1.805290 
686.3329 19.797 95.397 -0.05906 0.62513 1.378 0.75919 8.0000 78.42 0.8804 0.8825 1.806473 
685.8830 19.815 95.413 -0.05931 0.62588 1.376 0.75916 8.0000 78.27 0.8807 0.8828 1.807658 
685.4330 19.834 95.422 -0.05949 0.62667 1.378 0.75907 8.0000 78.49 0.8811 0.8831 1.808845 
684.9828 19.854 95.435 -0.05970 0.62747 1.381 0.75898 8.0000 78.54 0.8816 0.8836 1.810034 
684.5327 19.867 95.450 -0.05991 0.62803 1.379 0.75898 8.0000 78.61 0.8817 0.8838 1.811224 
684.0823 19.879 95.446 -0.05992 0.62847 1.386 0.75887 8.0000 78.37 0.8817 0.8838 1.812416 
683.6319 19.895 95.454 -0.06007 0.62914 1.397 0.75880 8.0000 78.45 0.8820 0.8840 1.813610 
683.1813 19.910 95.456 -0.06014 0.62963 1.400 0.75863 8.0000 78.19 0.8820 0.8841 1.814807 
682.7307 19.929 95.443 -0.06007 0.63035 1.406 0.75845 8.0000 78.42 0.8823 0.8843 1.816004 
682.2800 19.946 95.457 -0.06027 0.63091 1.405 0.75823 8.0000 78.65 0.8825 0.8846 1.817204 
681.8292 19.960 95.452 -0.06029 0.63160 1.392 0.75827 8.0000 78.18 0.8826 0.8847 1.818405 
681.3782 19.979 95.467 -0.06051 0.63228 1.399 0.75808 8.0000 78.58 0.8831 0.8852 1.819609 
680.9272 19.994 95.481 -0.06072 0.63285 1.416 0.75801 8.0000 78.41 0.8835 0.8856 1.820814 
680.4761 20.008 95.484 -0.06082 0.63340 1.414 0.75792 8.0000 78.59 0.8837 0.8858 1.822021 
680.0248 20.021 95.495 -0.06098 0.63385 1.421 0.75775 8.0000 78.35 0.8840 0.8860 1.823230 
679.5735 20.035 95.508 -0.06118 0.63446 1.423 0.75772 8.0000 78.45 0.8842 0.8863 1.824441 
679.1221 20.049 95.516 -0.06131 0.63489 1.423 0.75751 8.0000 78.43 0.8845 0.8866 1.825654 
678.6705 20.064 95.527 -0.06147 0.63531 1.435 0.75723 8.0000 78.76 0.8848 0.8869 1.826869 
678.2189 20.078 95.536 -0.06163 0.63580 1.436 0.75707 8.0000 78.93 0.8850 0.8871 1.828085 
677.7672 20.095 95.543 -0.06177 0.63651 1.435 0.75699 8.0000 78.41 0.8853 0.8874 1.829303 
677.3154 20.111 95.554 -0.06195 0.63708 1.441 0.75684 8.0000 78.18 0.8856 0.8877 1.830524 
676.8634 20.126 95.554 -0.06201 0.63764 1.450 0.75672 8.0000 78.65 0.8859 0.8880 1.831746 
676.4114 20.137 95.556 -0.06206 0.63795 1.454 0.75648 8.0000 78.56 0.8861 0.8881 1.832970 
675.9592 20.147 95.557 -0.06211 0.63838 1.456 0.75649 8.0000 78.63 0.8862 0.8883 1.834196 
675.5070 20.161 95.569 -0.06230 0.63889 1.457 0.75634 8.0000 78.57 0.8867 0.8887 1.835424 
675.0547 20.173 95.591 -0.06259 0.63933 1.459 0.75624 8.0000 78.35 0.8870 0.8890 1.836654 
674.6022 20.185 95.605 -0.06279 0.63983 1.463 0.75619 8.0000 78.40 0.8872 0.8892 1.837886 
674.1497 20.199 95.618 -0.06299 0.64035 1.467 0.75611 8.0000 78.62 0.8875 0.8895 1.839120 
673.6971 20.209 95.628 -0.06314 0.64069 1.468 0.75595 8.0000 78.21 0.8877 0.8898 1.840355 
673.2443 20.222 95.635 -0.06327 0.64121 1.479 0.75591 8.0000 78.57 0.8880 0.8900 1.841593 
672.7915 20.234 95.640 -0.06337 0.64163 1.484 0.75577 8.0000 78.83 0.8883 0.8904 1.842832 
672.3386 20.247 95.653 -0.06353 0.64191 1.487 0.75544 8.0000 78.67 0.8888 0.8908 1.844074 
671.8855 20.258 95.666 -0.06373 0.64236 1.481 0.75537 8.0000 78.44 0.8891 0.8911 1.845317 
671.4324 20.271 95.685 -0.06399 0.64286 1.496 0.75528 8.0000 78.54 0.8896 0.8916 1.846563 
670.9791 20.286 95.703 -0.06426 0.64344 1.493 0.75521 8.0000 78.82 0.8899 0.8919 1.847810 
670.5258 20.302 95.722 -0.06453 0.64407 1.510 0.75512 8.0000 78.66 0.8905 0.8925 1.849059 
670.0723 20.315 95.725 -0.06461 0.64443 1.519 0.75487 8.0000 78.85 0.8910 0.8929 1.850311 
669.6188 20.327 95.737 -0.06479 0.64482 1.514 0.75468 8.0000 78.18 0.8914 0.8934 1.851564 
669.1651 20.338 95.747 -0.06494 0.64527 1.529 0.75462 8.0000 78.83 0.8917 0.8936 1.852819 
668.7114 20.351 95.753 -0.06505 0.64566 1.524 0.75438 8.0000 78.67 0.8919 0.8939 1.854076 
668.2575 20.362 95.769 -0.06528 0.64612 1.530 0.75435 8.0000 78.64 0.8921 0.8940 1.855336 
667.8035 20.377 95.779 -0.06545 0.64671 1.523 0.75428 8.0000 78.56 0.8924 0.8944 1.856597 
667.3495 20.390 95.790 -0.06563 0.64720 1.537 0.75417 8.0000 78.75 0.8928 0.8947 1.857860 
666.8953 20.404 95.801 -0.06579 0.64759 1.548 0.75390 8.0000 78.69 0.8932 0.8952 1.859125 
666.4411 20.417 95.808 -0.06591 0.64799 1.552 0.75368 8.0000 78.12 0.8937 0.8956 1.860392 
665.9868 20.429 95.818 -0.06607 0.64841 1.551 0.75354 8.0000 78.54 0.8941 0.8960 1.861661 
665.5323 20.442 95.828 -0.06624 0.64901 1.559 0.75358 8.0000 78.78 0.8945 0.8964 1.862933 
665.0777 20.457 95.832 -0.06634 0.64941 1.561 0.75325 8.0000 78.20 0.8950 0.8969 1.864206 
664.6230 20.470 95.842 -0.06649 0.64980 1.565 0.75303 8.0000 78.65 0.8954 0.8973 1.865482 
664.1683 20.487 95.853 -0.06666 0.65027 1.568 0.75268 8.0000 78.59 0.8959 0.8978 1.866759 
663.7134 20.500 95.859 -0.06677 0.65065 1.578 0.75240 8.0000 78.56 0.8962 0.8981 1.868038 
663.2584 20.514 95.870 -0.06693 0.65106 1.580 0.75218 8.0000 78.66 0.8967 0.8986 1.869319 
662.8034 20.526 95.879 -0.06708 0.65144 1.588 0.75200 8.0000 77.81 0.8971 0.8990 1.870603 
662.3482 20.541 95.886 -0.06721 0.65190 1.598 0.75173 8.0000 78.61 0.8976 0.8995 1.871888 
661.8929 20.555 95.888 -0.06727 0.65228 1.607 0.75143 8.0000 78.70 0.8981 0.8999 1.873176 
661.4376 20.569 95.897 -0.06741 0.65269 1.611 0.75118 8.0000 78.41 0.8986 0.9004 1.874465 
660.9821 20.581 95.906 -0.06756 0.65304 1.614 0.75096 8.0000 78.55 0.8989 0.9008 1.875757 
660.5265 20.595 95.917 -0.06773 0.65350 1.623 0.75075 8.0000 77.88 0.8993 0.9011 1.877051 
660.0708 20.607 95.920 -0.06780 0.65381 1.633 0.75050 8.0000 78.67 0.8996 0.9013 1.878347 
659.6151 20.622 95.917 -0.06780 0.65423 1.634 0.75016 8.0000 78.63 0.8999 0.9017 1.879644 
659.1592 20.640 95.920 -0.06788 0.65465 1.637 0.74971 8.0000 78.40 0.9005 0.9023 1.880945 
658.7032 20.656 95.920 -0.06792 0.65502 1.635 0.74926 8.0000 78.26 0.9011 0.9029 1.882247 
658.2471 20.669 95.913 -0.06787 0.65533 1.652 0.74891 8.0000 78.65 0.9017 0.9034 1.883551 
657.7909 20.684 95.913 -0.06790 0.65559 1.656 0.74846 8.0000 78.60 0.9023 0.9040 1.884857 
657.3346 20.700 95.908 -0.06788 0.65590 1.678 0.74794 8.0000 78.42 0.9027 0.9044 1.886166 
656.8782 20.716 95.912 -0.06796 0.65625 1.677 0.74752 8.0000 78.37 0.9032 0.9048 1.887476 
656.4218 20.730 95.913 -0.06800 0.65656 1.687 0.74712 8.0000 78.41 0.9036 0.9052 1.888788 
655.9651 20.746 95.910 -0.06800 0.65684 1.697 0.74661 8.0000 78.33 0.9040 0.9057 1.890103 
655.5084 20.760 95.901 -0.06792 0.65712 1.696 0.74618 8.0000 77.93 0.9046 0.9062 1.891420 
655.0516 20.773 95.901 -0.06794 0.65736 1.712 0.74575 8.0000 78.15 0.9052 0.9068 1.892739 
654.5947 20.784 95.897 -0.06792 0.65755 1.719 0.74540 8.0000 78.44 0.9056 0.9072 1.894060 
654.1377 20.796 95.893 -0.06790 0.65785 1.724 0.74508 8.0000 78.19 0.9060 0.9076 1.895384 
653.6806 20.806 95.887 -0.06785 0.65801 1.737 0.74477 8.0000 78.33 0.9064 0.9079 1.896709 
653.2234 20.819 95.884 -0.06784 0.65825 1.741 0.74432 8.0000 78.75 0.9069 0.9084 1.898037 
652.7661 20.832 95.880 -0.06781 0.65844 1.743 0.74385 8.0000 78.16 0.9074 0.9089 1.899366 
652.3087 20.842 95.870 -0.06771 0.65860 1.755 0.74350 8.0000 78.11 0.9078 0.9093 1.900698 
651.8511 20.854 95.865 -0.06766 0.65874 1.764 0.74304 8.0000 78.00 0.9082 0.9097 1.902032 
651.3936 20.865 95.856 -0.06760 0.65909 1.781 0.74282 8.0000 77.87 0.9086 0.9101 1.903368 
650.9358 20.878 95.853 -0.06759 0.65930 1.793 0.74238 8.0000 78.65 0.9090 0.9105 1.904707 
650.4780 20.892 95.845 -0.06751 0.65954 1.795 0.74192 8.0000 78.17 0.9094 0.9108 1.906047 
650.0201 20.907 95.836 -0.06744 0.65983 1.802 0.74147 8.0000 77.80 0.9099 0.9113 1.907390 
649.5620 20.920 95.828 -0.06736 0.66001 1.794 0.74097 8.0000 78.23 0.9103 0.9117 1.908735 
649.1039 20.931 95.817 -0.06724 0.66009 1.808 0.74049 8.0000 77.82 0.9107 0.9122 1.910082 
648.6457 20.941 95.799 -0.06705 0.66025 1.826 0.74010 8.0000 77.69 0.9112 0.9126 1.911432 
648.1873 20.953 95.786 -0.06692 0.66044 1.846 0.73971 8.0000 78.09 0.9115 0.9129 1.912783 
647.7289 20.965 95.772 -0.06678 0.66064 1.862 0.73926 8.0000 78.36 0.9120 0.9134 1.914137 
647.2703 20.978 95.762 -0.06667 0.66080 1.860 0.73877 8.0000 78.07 0.9124 0.9137 1.915493 
646.8117 20.988 95.736 -0.06639 0.66092 1.869 0.73836 8.0000 77.73 0.9127 0.9140 1.916851 
646.3530 21.001 95.724 -0.06626 0.66110 1.866 0.73785 8.0000 77.03 0.9131 0.9145 1.918212 
645.8941 21.011 95.708 -0.06609 0.66120 1.892 0.73743 8.0000 78.19 0.9135 0.9149 1.919575 
645.4351 21.022 95.689 -0.06589 0.66136 1.899 0.73702 8.0000 77.62 0.9139 0.9152 1.920940 
644.9761 21.035 95.677 -0.06577 0.66159 1.919 0.73657 8.0000 77.65 0.9142 0.9155 1.922307 
644.5169 21.046 95.648 -0.06545 0.66176 1.914 0.73618 8.0000 77.82 0.9147 0.9161 1.923676 
644.0577 21.059 95.627 -0.06522 0.66197 1.921 0.73567 8.0000 77.76 0.9152 0.9165 1.925048 
643.5983 21.069 95.604 -0.06496 0.66211 1.935 0.73533 8.0000 77.35 0.9156 0.9169 1.926422 
643.1389 21.079 95.584 -0.06475 0.66226 1.952 0.73493 8.0000 77.92 0.9158 0.9171 1.927798 
642.6793 21.088 95.563 -0.06450 0.66226 1.966 0.73445 8.0000 78.13 0.9160 0.9173 1.929177 
642.2196 21.097 95.538 -0.06423 0.66244 1.964 0.73417 8.0000 77.37 0.9164 0.9177 1.930558 
641.7598 21.111 95.517 -0.06400 0.66260 1.983 0.73357 8.0000 77.05 0.9168 0.9181 1.931941 
641.2999 21.125 95.491 -0.06373 0.66288 1.992 0.73315 8.0000 77.23 0.9172 0.9185 1.933326 
640.8400 21.139 95.469 -0.06350 0.66325 1.997 0.73278 8.0000 77.25 0.9176 0.9188 1.934714 
640.3799 21.150 95.447 -0.06327 0.66343 2.020 0.73242 8.0000 77.46 0.9178 0.9190 1.936104 
639.9197 21.165 95.421 -0.06298 0.66370 2.046 0.73192 8.0000 77.93 0.9182 0.9195 1.937496 
639.4594 21.174 95.403 -0.06279 0.66386 2.044 0.73161 8.0000 77.93 0.9185 0.9197 1.938891 
638.9990 21.182 95.374 -0.06246 0.66394 2.045 0.73124 8.0000 78.24 0.9189 0.9201 1.940288 
638.5385 21.192 95.351 -0.06221 0.66417 2.076 0.73096 8.0000 78.29 0.9191 0.9203 1.941687 
638.0779 21.201 95.326 -0.06192 0.66422 2.068 0.73049 8.0000 78.42 0.9195 0.9207 1.943089 
637.6172 21.211 95.304 -0.06169 0.66442 2.067 0.73018 8.0000 77.98 0.9199 0.9211 1.944493 
637.1564 21.226 95.281 -0.06145 0.66480 2.074 0.72982 8.0000 77.99 0.9205 0.9217 1.945899 
636.6954 21.238 95.254 -0.06115 0.66493 2.098 0.72933 8.0000 78.41 0.9208 0.9219 1.947308 
636.2344 21.252 95.224 -0.06082 0.66522 2.115 0.72890 8.0000 78.07 0.9211 0.9223 1.948719 
635.7733 21.263 95.201 -0.06057 0.66540 2.116 0.72850 8.0000 78.18 0.9213 0.9225 1.950132 
635.3121 21.269 95.174 -0.06026 0.66542 2.127 0.72816 8.0000 77.62 0.9216 0.9228 1.951548 
634.8508 21.281 95.141 -0.05990 0.66573 2.132 0.72786 8.0000 77.92 0.9220 0.9232 1.952966 
634.3893 21.292 95.112 -0.05959 0.66607 2.162 0.72765 8.0000 77.89 0.9220 0.9232 1.954387 
633.9278 21.313 95.084 -0.05931 0.66669 2.175 0.72722 8.0000 78.24 0.9220 0.9231 1.955809 
633.4662 21.336 95.052 -0.05899 0.66733 2.188 0.72673 8.0000 77.99 0.9224 0.9235 1.957235 
633.0044 21.349 95.030 -0.05877 0.66779 2.207 0.72652 8.0000 77.97 0.9226 0.9237 1.958662 
632.5425 21.363 95.008 -0.05853 0.66796 2.209 0.72597 8.0000 78.03 0.9225 0.9236 1.960093 
632.0806 21.376 94.986 -0.05830 0.66830 2.222 0.72568 8.0000 78.14 0.9230 0.9240 1.961525 
631.6186 21.380 94.970 -0.05811 0.66829 2.224 0.72545 8.0000 77.47 0.9228 0.9238 1.962960 
631.1564 21.392 94.951 -0.05790 0.66842 2.256 0.72495 8.0000 77.94 0.9235 0.9246 1.964397 
630.6942 21.396 94.920 -0.05754 0.66849 2.250 0.72479 8.0000 78.04 0.9249 0.9259 1.965837 
630.2318 21.402 94.881 -0.05710 0.66866 2.294 0.72460 8.0000 77.95 0.9262 0.9272 1.967279 
629.7693 21.398 94.858 -0.05681 0.66842 2.297 0.72455 8.0000 77.50 0.9275 0.9285 1.968724 
629.3068 21.417 94.820 -0.05640 0.66893 2.307 0.72410 8.0000 78.10 0.9281 0.9291 1.970171 
628.8441 21.418 94.794 -0.05610 0.66889 2.318 0.72397 8.0000 77.31 0.9283 0.9293 1.971620 
628.3813 21.442 94.771 -0.05591 0.66980 2.318 0.72371 8.0000 77.94 0.9285 0.9295 1.973073 
627.9184 21.460 94.747 -0.05569 0.67051 2.345 0.72351 8.0000 77.50 0.9295 0.9305 1.974527 
627.4554 21.488 94.738 -0.05563 0.67127 2.347 0.72293 8.0000 77.60 0.9291 0.9300 1.975984 
626.9923 21.499 94.708 -0.05532 0.67164 2.382 0.72271 8.0000 77.80 0.9285 0.9295 1.977444 
626.5291 21.502 94.690 -0.05508 0.67138 2.376 0.72227 8.0000 77.65 0.9278 0.9288 1.978905 
626.0658 21.506 94.672 -0.05489 0.67165 2.380 0.72234 8.0000 77.54 0.9294 0.9303 1.980370 
625.6024 21.517 94.657 -0.05473 0.67196 2.407 0.72210 8.0000 77.72 0.9303 0.9312 1.981837 
625.1389 21.530 94.678 -0.05501 0.67227 2.437 0.72181 8.0000 77.65 0.9312 0.9322 1.983306 
624.6753 21.555 94.676 -0.05502 0.67267 2.444 0.72099 8.0000 77.70 0.9302 0.9311 1.984778 
624.2115 21.556 94.680 -0.05505 0.67246 2.455 0.72071 8.0000 77.12 0.9318 0.9326 1.986253 
623.7477 21.561 94.680 -0.05505 0.67251 2.430 0.72053 8.0000 77.07 0.9341 0.9349 1.987730 
623.2838 21.591 94.684 -0.05523 0.67410 2.444 0.72071 8.0000 76.79 0.9356 0.9364 1.989209 
622.8198 21.606 94.658 -0.05501 0.67505 2.486 0.72091 8.0000 77.54 0.9385 0.9393 1.990691 
622.3557 21.604 94.549 -0.05377 0.67577 2.510 0.72168 8.0000 77.27 0.9420 0.9428 1.992176 
621.8914 21.607 94.453 -0.05267 0.67624 2.531 0.72194 8.0000 77.42 0.9449 0.9457 1.993663 
621.4271 21.604 94.347 -0.05143 0.67655 2.542 0.72231 8.0000 77.28 0.9465 0.9473 1.995153 
620.9626 21.598 94.225 -0.04997 0.67637 2.479 0.72234 8.0000 76.87 0.9476 0.9484 1.996645 
620.4980 21.584 94.122 -0.04868 0.67554 2.549 0.72203 8.0000 76.90 0.9472 0.9480 1.998140 
620.0334 21.591 94.013 -0.04740 0.67560 2.527 0.72165 8.0000 77.08 0.9489 0.9497 1.999637 
619.5687 21.614 93.894 -0.04601 0.67594 2.602 0.72074 8.0000 76.72 0.9498 0.9506 2.001137 
619.1038 21.618 93.802 -0.04491 0.67576 2.557 0.72031 8.0000 76.94 0.9520 0.9528 2.002640 
618.6388 21.611 93.710 -0.04379 0.67531 2.585 0.72008 8.0000 76.80 0.9545 0.9553 2.004145 
618.1737 21.619 93.616 -0.04268 0.67531 2.603 0.71959 8.0000 77.25 0.9564 0.9572 2.005653 
617.7086 21.615 93.524 -0.04154 0.67465 2.636 0.71902 8.0000 76.61 0.9587 0.9595 2.007163 
617.2433 21.617 93.435 -0.04047 0.67418 2.585 0.71838 8.0000 76.41 0.9602 0.9610 2.008676 
616.7779 21.624 93.350 -0.03946 0.67401 2.601 0.71775 8.0000 77.35 0.9621 0.9629 2.010192 
616.3124 21.627 93.281 -0.03861 0.67357 2.658 0.71712 8.0000 76.98 0.9632 0.9640 2.011710 
615.8468 21.618 93.216 -0.03781 0.67279 2.606 0.71667 8.0000 76.48 0.9646 0.9654 2.013231 
615.3810 21.626 93.143 -0.03693 0.67252 2.612 0.71592 8.0000 76.35 0.9664 0.9673 2.014755 
614.9153 21.619 93.079 -0.03613 0.67163 2.638 0.71528 8.0000 76.55 0.9680 0.9688 2.016281 
614.4493 21.617 93.020 -0.03540 0.67106 2.571 0.71472 8.0000 76.83 0.9696 0.9705 2.017810 
613.9833 21.619 92.975 -0.03484 0.67043 2.671 0.71396 8.0000 76.05 0.9709 0.9717 2.019341 
613.5172 21.622 92.925 -0.03424 0.67008 2.609 0.71339 8.0000 75.29 0.9724 0.9733 2.020875 
613.0510 21.631 92.877 -0.03366 0.66975 2.599 0.71255 8.0000 76.48 0.9735 0.9744 2.022412 
612.5847 21.638 92.839 -0.03320 0.66939 2.658 0.71179 8.0000 76.43 0.9747 0.9756 2.023952 
612.1182 21.648 92.805 -0.03279 0.66912 2.605 0.71103 8.0000 75.91 0.9756 0.9766 2.025494 
611.6517 21.655 92.768 -0.03233 0.66873 2.746 0.71020 8.0000 75.97 0.9764 0.9774 2.027039 
611.1850 21.665 92.737 -0.03196 0.66846 2.906 0.70941 8.0000 75.18 0.9768 0.9778 2.028587 
610.7183 21.674 92.712 -0.03165 0.66820 2.688 0.70866 8.0000 76.52 0.9772 0.9782 2.030137 
610.2514 21.684 92.684 -0.03130 0.66788 2.723 0.70784 8.0000 75.91 0.9775 0.9785 2.031690 
609.7844 21.695 92.657 -0.03097 0.66754 2.615 0.70690 8.0000 76.70 0.9777 0.9787 2.033246 
609.3173 21.710 92.638 -0.03076 0.66745 2.607 0.70607 8.0000 75.51 0.9779 0.9790 2.034805 
608.8502 21.729 92.625 -0.03060 0.66753 2.621 0.70522 8.0000 74.98 0.9778 0.9789 2.036366 
608.3829 21.743 92.622 -0.03056 0.66737 2.667 0.70435 8.0000 75.28 0.9774 0.9785 2.037930 
607.9155 21.760 92.617 -0.03051 0.66741 2.458 0.70353 8.0000 76.20 0.9771 0.9782 2.039497 
607.4480 21.780 92.617 -0.03051 0.66749 2.435 0.70262 8.0000 75.76 0.9766 0.9777 2.041067 
606.9804 21.799 92.623 -0.03058 0.66761 2.480 0.70182 8.0000 74.12 0.9759 0.9770 2.042639 
606.5127 21.821 92.623 -0.03060 0.66783 2.659 0.70098 8.0000 73.34 0.9753 0.9764 2.044214 
606.0449 21.841 92.635 -0.03074 0.66798 2.616 0.70017 8.0000 74.26 0.9743 0.9754 2.045792 
605.5770 21.863 92.648 -0.03090 0.66808 2.612 0.69921 8.0000 73.75 0.9736 0.9747 2.047373 
605.1089 21.888 92.662 -0.03107 0.66837 2.635 0.69831 8.0000 74.70 0.9726 0.9737 2.048957 
604.6408 21.912 92.673 -0.03122 0.66868 2.667 0.69745 8.0000 75.13 0.9717 0.9728 2.050543 
604.1726 21.944 92.694 -0.03150 0.66932 2.666 0.69661 8.0000 73.71 0.9706 0.9717 2.052132 
603.7042 21.975 92.719 -0.03181 0.66991 2.283 0.69570 8.0000 73.77 0.9695 0.9706 2.053724 
603.2358 22.005 92.744 -0.03213 0.67047 2.601 0.69483 8.0000 73.66 0.9683 0.9694 2.055319 
602.7673 22.034 92.776 -0.03254 0.67100 2.300 0.69400 8.0000 72.52 0.9669 0.9680 2.056916 
602.2986 22.061 92.806 -0.03290 0.67143 2.464 0.69315 8.0000 73.94 0.9654 0.9665 2.058517 
601.8298 22.090 92.837 -0.03330 0.67196 2.323 0.69230 8.0000 73.29 0.9641 0.9652 2.060121 
601.3610 22.120 92.870 -0.03372 0.67249 2.374 0.69143 8.0000 73.10 0.9625 0.9635 2.061726 
600.8920 22.152 92.903 -0.03413 0.67309 2.442 0.69055 8.0000 72.85 0.9610 0.9620 2.063336 
600.4229 22.183 92.943 -0.03464 0.67379 2.558 0.68976 8.0000 72.32 0.9591 0.9602 2.064948 
599.9537 22.217 92.982 -0.03514 0.67453 2.743 0.68890 8.0000 73.21 0.9575 0.9585 2.066563 
599.4844 22.253 93.022 -0.03565 0.67537 2.739 0.68807 8.0000 72.58 0.9556 0.9566 2.068181 
599.0150 22.292 93.066 -0.03623 0.67635 2.614 0.68721 8.0000 71.38 0.9537 0.9547 2.069801 
598.5455 22.327 93.106 -0.03674 0.67711 2.550 0.68637 8.0000 70.98 0.9516 0.9526 2.071425 
598.0759 22.363 93.149 -0.03730 0.67805 2.780 0.68559 8.0000 72.60 0.9498 0.9508 2.073051 
597.6062 22.395 93.196 -0.03790 0.67878 2.663 0.68482 8.0000 71.95 0.9479 0.9488 2.074680 
597.1364 22.433 93.242 -0.03851 0.67988 2.616 0.68416 8.0000 71.14 0.9460 0.9469 2.076313 
596.6664 22.476 93.290 -0.03916 0.68115 2.557 0.68341 8.0000 71.46 0.9439 0.9448 2.077948 
596.1964 22.515 93.345 -0.03987 0.68216 2.502 0.68260 8.0000 70.49 0.9417 0.9426 2.079586 
595.7263 22.555 93.400 -0.04059 0.68334 2.685 0.68192 8.0000 71.25 0.9399 0.9408 2.081227 
595.2560 22.587 93.454 -0.04129 0.68422 2.650 0.68134 8.0000 70.37 0.9384 0.9393 2.082872 
594.7857 22.614 93.510 -0.04202 0.68498 2.657 0.68083 8.0000 70.54 0.9366 0.9374 2.084519 
594.3152 22.648 93.557 -0.04264 0.68585 2.663 0.68011 8.0000 70.08 0.9350 0.9359 2.086169 
593.8447 22.681 93.607 -0.04329 0.68688 2.656 0.67960 8.0000 70.33 0.9338 0.9347 2.087822 
593.3740 22.713 93.658 -0.04399 0.68794 2.629 0.67917 8.0000 70.02 0.9321 0.9329 2.089478 
592.9032 22.755 93.701 -0.04460 0.68949 2.657 0.67872 8.0000 70.52 0.9313 0.9321 2.091137 
592.4323 22.793 93.745 -0.04523 0.69092 2.629 0.67840 8.0000 68.89 0.9296 0.9304 2.092799 
591.9613 22.839 93.794 -0.04593 0.69262 2.626 0.67793 8.0000 68.69 0.9275 0.9283 2.094464 
591.4902 22.882 93.848 -0.04669 0.69417 2.602 0.67740 8.0000 68.56 0.9253 0.9261 2.096133 
591.0190 22.938 93.891 -0.04734 0.69606 2.571 0.67667 8.0000 68.38 0.9231 0.9239 2.097804 
590.5477 22.971 93.943 -0.04806 0.69730 2.575 0.67635 8.0000 68.19 0.9215 0.9223 2.099478 
590.0763 23.022 93.986 -0.04874 0.69933 2.565 0.67592 8.0000 68.20 0.9201 0.9209 2.101155 
589.6048 23.048 94.027 -0.04931 0.70031 2.575 0.67571 8.0000 67.71 0.9191 0.9199 2.102836 
589.1331 23.081 94.063 -0.04983 0.70154 2.518 0.67534 8.0000 67.88 0.9175 0.9183 2.104519 
588.6614 23.099 94.078 -0.05008 0.70241 2.521 0.67536 8.0000 68.06 0.9175 0.9183 2.106206 
588.1896 23.125 94.113 -0.05060 0.70374 2.520 0.67540 8.0000 67.86 0.9180 0.9187 2.107895 
587.7176 23.163 94.132 -0.05098 0.70567 2.510 0.67552 8.0000 65.80 0.9191 0.9198 2.109588 
587.2455 23.202 94.141 -0.05121 0.70728 2.453 0.67518 8.0000 65.68 0.9183 0.9190 2.111284 
586.7734 23.232 94.139 -0.05128 0.70874 2.465 0.67519 8.0000 67.09 0.9183 0.9190 2.112983 
586.3011 23.256 94.086 -0.05072 0.71003 2.441 0.67523 8.0000 67.73 0.9185 0.9191 2.114685 
585.8287 23.261 94.036 -0.05018 0.71116 2.477 0.67604 8.0000 67.64 0.9210 0.9217 2.116390 
585.3563 23.290 93.967 -0.04944 0.71296 2.415 0.67631 8.0000 66.51 0.9214 0.9221 2.118098 
584.8837 23.320 93.883 -0.04851 0.71475 2.395 0.67651 8.0000 65.56 0.9211 0.9218 2.119809 
584.4109 23.320 93.770 -0.04710 0.71468 2.383 0.67635 8.0000 65.14 0.9217 0.9224 2.121524 
583.9382 23.331 93.665 -0.04579 0.71496 2.374 0.67601 8.0000 65.37 0.9211 0.9218 2.123242 
583.4652 23.360 93.624 -0.04530 0.71523 2.354 0.67486 8.0000 66.05 0.9195 0.9202 2.124963 
582.9922 23.385 93.575 -0.04471 0.71555 2.332 0.67398 8.0000 65.57 0.9183 0.9190 2.126687 
582.5191 23.412 93.535 -0.04423 0.71584 2.303 0.67295 8.0000 65.63 0.9184 0.9190 2.128414 
582.0458 23.440 93.509 -0.04393 0.71637 2.302 0.67210 8.0000 64.20 0.9190 0.9197 2.130145 
581.5725 23.473 93.476 -0.04359 0.71749 2.288 0.67155 8.0000 64.79 0.9214 0.9220 2.131878 
581.0991 23.490 93.453 -0.04331 0.71774 2.260 0.67100 8.0000 64.31 0.9220 0.9226 2.133615 
580.6255 23.487 93.446 -0.04322 0.71763 2.244 0.67104 8.0000 64.34 0.9232 0.9238 2.135356 
580.1519 23.500 93.421 -0.04292 0.71802 2.224 0.67074 8.0000 63.45 0.9235 0.9241 2.137099 
579.6780 23.526 93.394 -0.04261 0.71851 2.198 0.67000 8.0000 63.36 0.9235 0.9241 2.138846 
579.2042 23.536 93.373 -0.04234 0.71848 2.206 0.66946 8.0000 64.44 0.9239 0.9245 2.140595 
578.7302 23.558 93.356 -0.04217 0.71918 2.189 0.66910 8.0000 63.86 0.9238 0.9244 2.142349 
578.2561 23.572 93.346 -0.04207 0.71956 2.165 0.66875 8.0000 63.06 0.9244 0.9249 2.144105 
577.7819 23.581 93.333 -0.04190 0.71949 2.144 0.66827 8.0000 63.26 0.9246 0.9252 2.145865 
577.3076 23.593 93.314 -0.04167 0.71965 2.128 0.66783 8.0000 63.28 0.9255 0.9261 2.147628 
576.8332 23.619 93.291 -0.04141 0.72024 2.103 0.66717 8.0000 61.99 0.9262 0.9268 2.149394 
576.3586 23.631 93.283 -0.04132 0.72042 2.078 0.66678 8.0000 61.85 0.9264 0.9270 2.151164 
575.8840 23.656 93.270 -0.04120 0.72112 2.066 0.66623 8.0000 63.24 0.9267 0.9273 2.152937 
575.4093 23.680 93.261 -0.04112 0.72167 2.062 0.66563 8.0000 63.26 0.9269 0.9275 2.154713 
574.9344 23.701 93.243 -0.04092 0.72216 2.033 0.66506 8.0000 61.82 0.9273 0.9278 2.156493 
574.4595 23.723 93.235 -0.04083 0.72251 2.032 0.66437 8.0000 62.26 0.9271 0.9277 2.158276 
573.9844 23.738 93.223 -0.04070 0.72274 2.000 0.66386 8.0000 61.31 0.9272 0.9278 2.160062 
573.5092 23.757 93.206 -0.04051 0.72312 1.992 0.66332 8.0000 62.63 0.9273 0.9279 2.161852 
573.0339 23.777 93.193 -0.04035 0.72345 1.984 0.66271 8.0000 61.42 0.9273 0.9279 2.163645 
572.5586 23.795 93.182 -0.04024 0.72380 1.956 0.66217 8.0000 61.23 0.9272 0.9278 2.165441 
572.0831 23.814 93.170 -0.04011 0.72416 1.926 0.66159 8.0000 61.10 0.9274 0.9280 2.167241 
571.6075 23.836 93.156 -0.03996 0.72461 1.914 0.66101 8.0000 60.80 0.9275 0.9281 2.169044 
571.1318 23.860 93.151 -0.03992 0.72517 1.914 0.66041 8.0000 59.85 0.9277 0.9282 2.170851 
570.6559 23.881 93.146 -0.03989 0.72576 1.887 0.65994 8.0000 60.50 0.9277 0.9282 2.172661 
570.1801 23.903 93.140 -0.03983 0.72622 1.861 0.65935 8.0000 60.07 0.9275 0.9281 2.174474 
569.7040 23.918 93.136 -0.03980 0.72644 1.850 0.65883 8.0000 59.13 0.9276 0.9281 2.176291 
569.2278 23.942 93.131 -0.03977 0.72708 1.848 0.65832 8.0000 59.94 0.9278 0.9284 2.178112 
568.7516 23.961 93.123 -0.03969 0.72750 1.824 0.65781 8.0000 58.67 0.9278 0.9284 2.179936 
568.2753 23.980 93.115 -0.03961 0.72798 1.802 0.65735 8.0000 58.30 0.9279 0.9285 2.181763 
567.7988 24.001 93.103 -0.03949 0.72841 1.789 0.65678 8.0000 58.95 0.9281 0.9286 2.183594 
567.3222 24.018 93.096 -0.03942 0.72874 1.779 0.65631 8.0000 58.96 0.9283 0.9289 2.185428 
566.8455 24.038 93.087 -0.03933 0.72921 1.766 0.65578 8.0000 58.15 0.9284 0.9289 2.187266 
566.3687 24.057 93.078 -0.03923 0.72967 1.755 0.65532 8.0000 58.85 0.9283 0.9289 2.189107 
565.8918 24.078 93.073 -0.03919 0.73011 1.725 0.65477 8.0000 57.86 0.9284 0.9290 2.190952 
565.4149 24.099 93.067 -0.03915 0.73062 1.720 0.65422 8.0000 57.79 0.9284 0.9290 2.192800 
564.9377 24.115 93.062 -0.03909 0.73088 1.704 0.65372 8.0000 57.93 0.9284 0.9290 2.194653 
564.4605 24.133 93.053 -0.03900 0.73116 1.694 0.65313 8.0000 57.64 0.9284 0.9290 2.196508 
563.9832 24.148 93.045 -0.03891 0.73132 1.683 0.65261 8.0000 57.12 0.9284 0.9290 2.198367 
563.5057 24.164 93.035 -0.03879 0.73158 1.651 0.65207 8.0000 56.28 0.9283 0.9288 2.200230 
563.0282 24.181 93.026 -0.03869 0.73183 1.646 0.65151 8.0000 56.57 0.9283 0.9288 2.202096 
562.5505 24.203 93.016 -0.03858 0.73221 1.629 0.65086 8.0000 56.06 0.9282 0.9288 2.203966 
562.0728 24.221 93.008 -0.03850 0.73255 1.638 0.65032 8.0000 57.13 0.9282 0.9287 2.205839 
561.5948 24.240 92.998 -0.03839 0.73292 1.606 0.64976 8.0000 56.31 0.9281 0.9287 2.207716 
561.1169 24.259 92.987 -0.03826 0.73326 1.598 0.64919 8.0000 55.79 0.9280 0.9286 2.209597 
560.6388 24.278 92.973 -0.03811 0.73359 1.578 0.64862 8.0000 55.79 0.9280 0.9285 2.211481 
560.1606 24.296 92.967 -0.03803 0.73391 1.578 0.64806 8.0000 55.62 0.9280 0.9285 2.213369 
559.6823 24.313 92.953 -0.03786 0.73410 1.568 0.64747 8.0000 56.08 0.9280 0.9285 2.215260 
559.2039 24.331 92.940 -0.03771 0.73436 1.554 0.64687 8.0000 55.64 0.9277 0.9283 2.217155 
558.7253 24.347 92.929 -0.03759 0.73461 1.539 0.64633 8.0000 55.90 0.9276 0.9281 2.219055 
558.2467 24.369 92.923 -0.03753 0.73509 1.526 0.64577 8.0000 54.47 0.9276 0.9281 2.220957 
557.7679 24.389 92.911 -0.03740 0.73549 1.512 0.64520 8.0000 54.69 0.9276 0.9281 2.222864 
557.2891 24.409 92.900 -0.03728 0.73583 1.501 0.64460 8.0000 54.90 0.9276 0.9281 2.224773 
556.8102 24.426 92.892 -0.03719 0.73614 1.496 0.64409 8.0000 54.24 0.9274 0.9280 2.226687 
556.3311 24.445 92.881 -0.03706 0.73649 1.469 0.64353 8.0000 52.71 0.9275 0.9280 2.228604 
555.8519 24.464 92.875 -0.03701 0.73685 1.480 0.64296 8.0000 53.69 0.9274 0.9279 2.230525 
555.3726 24.482 92.866 -0.03691 0.73721 1.459 0.64244 8.0000 53.09 0.9274 0.9279 2.232451 
554.8932 24.500 92.853 -0.03676 0.73758 1.450 0.64197 8.0000 53.82 0.9274 0.9279 2.234379 
554.4137 24.517 92.838 -0.03658 0.73789 1.439 0.64145 8.0000 53.35 0.9274 0.9279 2.236312 
553.9341 24.536 92.827 -0.03645 0.73827 1.438 0.64091 8.0000 53.85 0.9275 0.9280 2.238248 
553.4543 24.554 92.818 -0.03635 0.73863 1.426 0.64040 8.0000 52.04 0.9274 0.9279 2.240188 
552.9745 24.570 92.801 -0.03616 0.73888 1.407 0.63992 8.0000 51.95 0.9275 0.9279 2.242132 
552.4946 24.586 92.795 -0.03608 0.73906 1.399 0.63932 8.0000 51.98 0.9276 0.9280 2.244080 
552.0145 24.604 92.788 -0.03601 0.73935 1.394 0.63876 8.0000 51.57 0.9277 0.9282 2.246031 
551.5344 24.623 92.778 -0.03589 0.73969 1.388 0.63818 8.0000 51.82 0.9278 0.9282 2.247986 
551.0541 24.640 92.770 -0.03580 0.73995 1.378 0.63766 8.0000 52.08 0.9279 0.9283 2.249946 
550.5737 24.657 92.763 -0.03572 0.74016 1.362 0.63705 8.0000 51.27 0.9280 0.9285 2.251909 
550.0933 24.675 92.752 -0.03560 0.74056 1.358 0.63658 8.0000 52.19 0.9282 0.9286 2.253876 
549.6127 24.692 92.742 -0.03548 0.74074 1.353 0.63598 8.0000 51.79 0.9284 0.9288 2.255847 
549.1320 24.708 92.734 -0.03538 0.74096 1.342 0.63544 8.0000 50.73 0.9285 0.9290 2.257821 
548.6511 24.725 92.723 -0.03525 0.74121 1.336 0.63491 8.0000 50.02 0.9287 0.9292 2.259800 
548.1702 24.742 92.710 -0.03510 0.74154 1.322 0.63440 8.0000 50.38 0.9289 0.9294 2.261783 
547.6891 24.757 92.699 -0.03497 0.74179 1.307 0.63392 8.0000 49.71 0.9291 0.9295 2.263770 
547.2080 24.774 92.691 -0.03487 0.74201 1.309 0.63336 8.0000 49.66 0.9293 0.9298 2.265760 
546.7267 24.792 92.684 -0.03480 0.74232 1.300 0.63282 8.0000 50.51 0.9296 0.9300 2.267755 
546.2454 24.810 92.677 -0.03472 0.74259 1.291 0.63222 8.0000 49.20 0.9298 0.9302 2.269752 
545.7639 24.828 92.671 -0.03466 0.74290 1.282 0.63171 8.0000 48.45 0.9300 0.9304 2.271755 
545.2823 24.842 92.660 -0.03453 0.74317 1.278 0.63127 8.0000 49.21 0.9301 0.9306 2.273762 
544.8007 24.859 92.650 -0.03441 0.74334 1.276 0.63069 8.0000 48.18 0.9304 0.9308 2.275771 
544.3188 24.875 92.636 -0.03424 0.74365 1.269 0.63022 8.0000 48.12 0.9308 0.9312 2.277786 
543.8369 24.890 92.629 -0.03415 0.74386 1.258 0.62971 8.0000 47.86 0.9311 0.9315 2.279805 
543.3549 24.906 92.617 -0.03401 0.74417 1.235 0.62925 8.0000 47.14 0.9314 0.9319 2.281827 
542.8728 24.919 92.610 -0.03392 0.74429 1.239 0.62877 8.0000 47.28 0.9317 0.9322 2.283853 
542.3905 24.934 92.605 -0.03387 0.74450 1.229 0.62828 8.0000 47.14 0.9319 0.9324 2.285884 
541.9082 24.950 92.593 -0.03373 0.74474 1.222 0.62776 8.0000 46.77 0.9321 0.9326 2.287919 
541.4257 24.966 92.582 -0.03360 0.74509 1.222 0.62734 8.0000 46.52 0.9324 0.9328 2.289958 
540.9431 24.982 92.572 -0.03348 0.74531 1.209 0.62683 8.0000 45.53 0.9328 0.9332 2.292001 
540.4604 24.997 92.569 -0.03345 0.74551 1.202 0.62630 8.0000 45.95 0.9330 0.9335 2.294048 
539.9777 25.016 92.556 -0.03329 0.74589 1.217 0.62579 8.0000 46.57 0.9334 0.9338 2.296098 
539.4948 25.032 92.546 -0.03319 0.74623 1.199 0.62535 8.0000 45.56 0.9337 0.9342 2.298154 
539.0118 25.050 92.535 -0.03305 0.74653 1.189 0.62482 8.0000 45.07 0.9342 0.9347 2.300213 
538.5286 25.065 92.529 -0.03298 0.74673 1.181 0.62430 8.0000 44.26 0.9346 0.9351 2.302277 
538.0454 25.081 92.525 -0.03294 0.74698 1.181 0.62382 8.0000 44.16 0.9349 0.9354 2.304344 
537.5621 25.097 92.518 -0.03286 0.74736 1.168 0.62340 8.0000 43.87 0.9353 0.9358 2.306416 
537.0786 25.113 92.507 -0.03274 0.74766 1.160 0.62293 8.0000 43.53 0.9355 0.9360 2.308492 
536.5950 25.132 92.503 -0.03269 0.74791 1.155 0.62233 8.0000 42.73 0.9359 0.9364 2.310573 
536.1114 25.148 92.499 -0.03266 0.74828 1.166 0.62192 8.0000 43.69 0.9362 0.9367 2.312657 
535.6276 25.164 92.498 -0.03266 0.74871 1.152 0.62155 8.0000 42.01 0.9365 0.9369 2.314746 
535.1437 25.181 92.493 -0.03261 0.74912 1.146 0.62115 8.0000 42.37 0.9369 0.9373 2.316839 
534.6597 25.199 92.489 -0.03258 0.74946 1.140 0.62064 8.0000 42.13 0.9371 0.9376 2.318936 
534.1756 25.218 92.483 -0.03252 0.74991 1.133 0.62019 8.0000 41.02 0.9374 0.9378 2.321038 
533.6913 25.234 92.475 -0.03243 0.75024 1.126 0.61973 8.0000 40.44 0.9377 0.9382 2.323144 
533.2070 25.254 92.469 -0.03237 0.75073 1.126 0.61924 8.0000 40.41 0.9380 0.9385 2.325254 
532.7226 25.277 92.468 -0.03238 0.75121 1.124 0.61866 8.0000 39.98 0.9383 0.9388 2.327369 
532.2380 25.297 92.457 -0.03225 0.75166 1.114 0.61812 8.0000 39.42 0.9385 0.9390 2.329488 
531.7534 25.318 92.456 -0.03226 0.75217 1.110 0.61762 8.0000 39.47 0.9389 0.9394 2.331611 
531.2686 25.341 92.453 -0.03225 0.75267 1.107 0.61704 8.0000 39.50 0.9391 0.9396 2.333738 
530.7837 25.365 92.448 -0.03221 0.75332 1.110 0.61649 8.0000 38.63 0.9395 0.9400 2.335870 
530.2987 25.388 92.444 -0.03217 0.75386 1.102 0.61594 8.0000 37.66 0.9398 0.9403 2.338007 
529.8136 25.410 92.437 -0.03211 0.75448 1.102 0.61544 8.0000 38.11 0.9402 0.9407 2.340147 
529.3284 25.433 92.432 -0.03207 0.75504 1.088 0.61492 8.0000 37.18 0.9404 0.9409 2.342292 
528.8430 25.455 92.428 -0.03204 0.75553 1.093 0.61432 8.0000 37.25 0.9406 0.9411 2.344442 
528.3576 25.483 92.422 -0.03199 0.75625 1.093 0.61369 8.0000 37.18 0.9409 0.9414 2.346596 
527.8720 25.507 92.414 -0.03190 0.75687 1.082 0.61313 8.0000 36.31 0.9412 0.9417 2.348755 
527.3864 25.531 92.406 -0.03182 0.75743 1.083 0.61253 8.0000 35.93 0.9412 0.9418 2.350917 
526.9006 25.558 92.399 -0.03176 0.75812 1.073 0.61191 8.0000 35.39 0.9415 0.9420 2.353085 
526.4147 25.585 92.397 -0.03176 0.75885 1.067 0.61131 8.0000 34.49 0.9417 0.9422 2.355257 
525.9287 25.613 92.393 -0.03174 0.75950 1.064 0.61062 8.0000 34.36 0.9419 0.9425 2.357433 
525.4426 25.642 92.387 -0.03169 0.76022 1.075 0.60992 8.0000 34.75 0.9421 0.9427 2.359614 
524.9564 25.670 92.378 -0.03160 0.76084 1.065 0.60920 8.0000 33.69 0.9422 0.9428 2.361800 
524.4700 25.699 92.375 -0.03159 0.76146 1.064 0.60843 8.0000 33.03 0.9422 0.9428 2.363990 
523.9836 25.729 92.370 -0.03155 0.76230 1.057 0.60779 8.0000 32.61 0.9424 0.9430 2.366185 
523.4971 25.761 92.363 -0.03149 0.76323 1.051 0.60712 8.0000 32.55 0.9427 0.9433 2.368384 
523.0104 25.792 92.358 -0.03146 0.76401 1.050 0.60641 8.0000 31.79 0.9428 0.9434 2.370588 
522.5236 25.824 92.354 -0.03144 0.76482 1.047 0.60565 8.0000 30.98 0.9429 0.9435 2.372796 
522.0367 25.859 92.349 -0.03141 0.76559 1.042 0.60476 8.0000 30.85 0.9430 0.9436 2.375009 
521.5497 25.891 92.343 -0.03135 0.76633 1.032 0.60393 8.0000 30.42 0.9432 0.9437 2.377227 
521.0626 25.921 92.343 -0.03138 0.76699 1.033 0.60314 8.0000 30.02 0.9433 0.9438 2.379449 
520.5754 25.956 92.339 -0.03135 0.76775 1.035 0.60223 8.0000 30.18 0.9433 0.9439 2.381676 
520.0881 25.991 92.332 -0.03130 0.76866 1.034 0.60145 8.0000 29.78 0.9435 0.9441 2.383908 
519.6006 26.026 92.328 -0.03128 0.76953 1.024 0.60062 8.0000 29.41 0.9437 0.9443 2.386144 
519.1131 26.058 92.325 -0.03128 0.77038 1.024 0.59986 8.0000 29.29 0.9440 0.9446 2.388385 
518.6254 26.094 92.325 -0.03132 0.77142 1.022 0.59914 8.0000 28.40 0.9441 0.9447 2.390631 
518.1377 26.126 92.322 -0.03130 0.77216 1.022 0.59831 8.0000 28.24 0.9440 0.9446 2.392881 
517.6498 26.160 92.317 -0.03128 0.77299 1.011 0.59747 8.0000 27.38 0.9441 0.9447 2.395137 
517.1618 26.189 92.316 -0.03128 0.77360 1.010 0.59672 8.0000 27.15 0.9440 0.9446 2.397397 
516.6737 26.222 92.316 -0.03133 0.77451 1.003 0.59601 8.0000 26.69 0.9441 0.9448 2.399661 
516.1855 26.257 92.310 -0.03128 0.77538 1.007 0.59517 8.0000 26.26 0.9442 0.9448 2.401931 
515.6971 26.291 92.304 -0.03123 0.77625 1.003 0.59436 8.0000 26.19 0.9444 0.9450 2.404206 
515.2087 26.323 92.296 -0.03116 0.77699 0.999 0.59353 8.0000 26.08 0.9446 0.9452 2.406485 
514.7202 26.360 92.298 -0.03122 0.77787 0.991 0.59264 8.0000 25.75 0.9448 0.9454 2.408769 
514.2314 26.393 92.300 -0.03129 0.77885 0.987 0.59197 8.0000 25.17 0.9449 0.9456 2.411058 
513.7427 26.423 92.302 -0.03134 0.77957 0.993 0.59121 8.0000 25.35 0.9450 0.9457 2.413352 
513.2538 26.459 92.299 -0.03133 0.78051 0.990 0.59039 8.0000 24.76 0.9454 0.9460 2.415651 
512.7648 26.491 92.294 -0.03130 0.78125 0.987 0.58957 8.0000 24.58 0.9452 0.9459 2.417955 
512.2757 26.523 92.289 -0.03126 0.78194 0.987 0.58873 8.0000 24.44 0.9452 0.9459 2.420263 
511.7864 26.560 92.278 -0.03115 0.78296 0.980 0.58788 8.0000 24.28 0.9453 0.9460 2.422577 
511.2971 26.596 92.268 -0.03104 0.78375 0.980 0.58694 8.0000 24.14 0.9454 0.9461 2.424895 
510.8076 26.629 92.263 -0.03100 0.78445 0.968 0.58605 8.0000 23.60 0.9454 0.9461 2.427219 
510.3181 26.661 92.253 -0.03090 0.78532 0.977 0.58536 8.0000 23.08 0.9454 0.9461 2.429547 
509.8284 26.685 92.245 -0.03081 0.78575 0.978 0.58463 8.0000 22.68 0.9450 0.9458 2.431881 
509.3386 26.710 92.241 -0.03077 0.78630 0.966 0.58397 8.0000 22.66 0.9447 0.9454 2.434219 
508.8488 26.743 92.233 -0.03069 0.78703 0.954 0.58313 8.0000 22.15 0.9447 0.9454 2.436563 
508.3587 26.777 92.225 -0.03060 0.78779 0.957 0.58223 8.0000 22.27 0.9446 0.9453 2.438912 
507.8686 26.808 92.217 -0.03052 0.78841 0.966 0.58136 8.0000 22.14 0.9444 0.9452 2.441265 
507.3784 26.839 92.203 -0.03036 0.78903 0.971 0.58048 8.0000 21.86 0.9443 0.9451 2.443624 
506.8880 26.866 92.193 -0.03023 0.78944 0.956 0.57966 8.0000 20.90 0.9440 0.9447 2.445988 
506.3976 26.894 92.176 -0.03003 0.79016 0.953 0.57896 8.0000 20.62 0.9437 0.9445 2.448357 
505.9070 26.918 92.162 -0.02984 0.79060 0.943 0.57826 8.0000 20.18 0.9433 0.9441 2.450731 
505.4163 26.951 92.150 -0.02971 0.79141 0.951 0.57746 8.0000 20.10 0.9433 0.9441 2.453110 
504.9255 26.982 92.141 -0.02961 0.79217 0.941 0.57672 8.0000 20.09 0.9434 0.9442 2.455495 
504.4346 27.010 92.129 -0.02948 0.79284 0.951 0.57599 8.0000 20.14 0.9431 0.9439 2.457884 
503.9436 27.035 92.124 -0.02942 0.79327 0.946 0.57524 8.0000 19.69 0.9425 0.9433 2.460279 
503.4525 27.057 92.111 -0.02925 0.79358 0.942 0.57454 8.0000 19.55 0.9419 0.9427 2.462679 
502.9612 27.083 92.098 -0.02909 0.79416 0.936 0.57386 8.0000 19.03 0.9417 0.9425 2.465085 
502.4698 27.109 92.081 -0.02888 0.79467 0.940 0.57314 8.0000 19.36 0.9414 0.9422 2.467495 
501.9784 27.134 92.067 -0.02869 0.79514 0.944 0.57242 8.0000 19.20 0.9412 0.9420 2.469911 
501.4868 27.158 92.060 -0.02863 0.79567 0.944 0.57178 8.0000 19.22 0.9411 0.9419 2.472332 
500.9951 27.183 92.051 -0.02851 0.79614 0.932 0.57108 8.0000 18.65 0.9407 0.9416 2.474759 
500.5033 27.210 92.033 -0.02829 0.79682 0.907 0.57041 8.0000 17.62 0.9405 0.9414 2.477190 
500.0114 27.237 92.017 -0.02808 0.79739 0.912 0.56968 8.0000 17.69 0.9403 0.9412 2.479627 
499.5193 27.263 92.000 -0.02787 0.79795 0.926 0.56899 8.0000 18.17 0.9400 0.9409 2.482070 
499.0272 27.287 91.984 -0.02766 0.79836 0.923 0.56823 8.0000 17.42 0.9395 0.9404 2.484518 
498.5349 27.311 91.966 -0.02742 0.79884 0.910 0.56757 8.0000 16.83 0.9390 0.9399 2.486971 
498.0426 27.335 91.951 -0.02724 0.79945 0.905 0.56702 8.0000 16.47 0.9388 0.9396 2.489429 
497.5501 27.359 91.933 -0.02701 0.79998 0.895 0.56635 8.0000 15.91 0.9382 0.9391 2.491894 
497.0575 27.388 91.914 -0.02675 0.80065 0.903 0.56563 8.0000 15.97 0.9380 0.9388 2.494363 
496.5648 27.418 91.899 -0.02657 0.80146 0.895 0.56493 8.0000 15.32 0.9381 0.9389 2.496838 
496.0720 27.442 91.881 -0.02634 0.80207 0.898 0.56436 8.0000 15.25 0.9377 0.9385 2.499318 
495.5790 27.466 91.868 -0.02618 0.80269 0.895 0.56378 8.0000 14.71 0.9373 0.9381 2.501805 
495.0860 27.495 91.842 -0.02584 0.80339 0.884 0.56305 8.0000 14.17 0.9371 0.9380 2.504296 
494.5928 27.518 91.821 -0.02555 0.80388 0.894 0.56241 8.0000 14.64 0.9361 0.9370 2.506793 
494.0995 27.545 91.801 -0.02529 0.80442 0.892 0.56165 8.0000 14.50 0.9358 0.9367 2.509296 
493.6062 27.573 91.777 -0.02498 0.80497 0.887 0.56088 8.0000 14.26 0.9354 0.9362 2.511804 
493.1127 27.600 91.761 -0.02476 0.80554 0.875 0.56013 8.0000 13.79 0.9349 0.9357 2.514318 
492.6190 27.627 91.740 -0.02450 0.80636 0.884 0.55954 8.0000 13.93 0.9346 0.9354 2.516837 
492.1253 27.655 91.716 -0.02418 0.80713 0.885 0.55891 8.0000 14.31 0.9342 0.9350 2.519362 
491.6315 27.680 91.700 -0.02397 0.80771 0.860 0.55830 8.0000 13.95 0.9339 0.9347 2.521893 
491.1375 27.706 91.679 -0.02370 0.80840 0.840 0.55767 8.0000 13.80 0.9334 0.9342 2.524429 
490.6435 27.733 91.657 -0.02341 0.80916 0.830 0.55708 8.0000 13.42 0.9330 0.9338 2.526971 
490.1493 27.760 91.641 -0.02320 0.80978 0.839 0.55638 8.0000 13.26 0.9324 0.9332 2.529519 
489.6550 27.784 91.624 -0.02298 0.81052 0.828 0.55587 8.0000 13.47 0.9318 0.9326 2.532072 
489.1606 27.812 91.604 -0.02272 0.81131 0.836 0.55525 8.0000 13.50 0.9314 0.9321 2.534631 
488.6661 27.840 91.583 -0.02244 0.81217 0.827 0.55467 8.0000 13.04 0.9311 0.9319 2.537196 
488.1714 27.871 91.560 -0.02215 0.81320 0.807 0.55406 8.0000 12.65 0.9310 0.9317 2.539768 
487.6767 27.896 91.540 -0.02188 0.81400 0.824 0.55357 8.0000 12.92 0.9304 0.9312 2.542344 
487.1818 27.926 91.521 -0.02163 0.81482 0.800 0.55288 8.0000 12.64 0.9300 0.9308 2.544927 
486.6869 27.952 91.502 -0.02139 0.81573 0.796 0.55241 8.0000 12.39 0.9297 0.9304 2.547514 
486.1918 27.982 91.485 -0.02117 0.81655 0.780 0.55170 8.0000 11.94 0.9293 0.9300 2.550109 
485.6966 28.007 91.468 -0.02094 0.81713 0.790 0.55105 8.0000 12.03 0.9287 0.9294 2.552709 
485.2013 28.037 91.445 -0.02065 0.81821 0.796 0.55051 8.0000 12.35 0.9284 0.9291 2.555314 
484.7058 28.063 91.430 -0.02044 0.81896 0.792 0.54997 8.0000 12.37 0.9278 0.9285 2.557927 
484.2103 28.088 91.414 -0.02023 0.81984 0.771 0.54951 8.0000 12.07 0.9273 0.9279 2.560544 
483.7146 28.118 91.394 -0.01998 0.82101 0.773 0.54905 8.0000 12.50 0.9272 0.9279 2.563168 
483.2189 28.150 91.375 -0.01974 0.82207 0.771 0.54840 8.0000 13.29 0.9270 0.9277 2.565798 
482.7230 28.180 91.358 -0.01951 0.82303 0.759 0.54780 8.0000 13.67 0.9266 0.9272 2.568433 
482.2270 28.206 91.338 -0.01924 0.82392 0.770 0.54733 8.0000 14.33 0.9260 0.9267 2.571075 
481.7309 28.230 91.316 -0.01896 0.82485 0.754 0.54692 8.0000 14.76 0.9256 0.9262 2.573723 
481.2346 28.250 91.301 -0.01875 0.82574 0.753 0.54668 8.0000 15.55 0.9250 0.9256 2.576377 
480.7383 28.273 91.286 -0.01857 0.82675 0.727 0.54638 8.0000 15.28 0.9247 0.9253 2.579037 
480.2419 28.302 91.269 -0.01834 0.82785 0.719 0.54593 8.0000 15.52 0.9244 0.9250 2.581703 
479.7453 28.327 91.257 -0.01818 0.82898 0.711 0.54562 8.0000 16.12 0.9242 0.9248 2.584375 
479.2486 28.351 91.243 -0.01801 0.82993 0.699 0.54524 8.0000 16.18 0.9237 0.9243 2.587054 
478.7518 28.372 91.230 -0.01784 0.83086 0.688 0.54499 8.0000 16.27 0.9231 0.9237 2.589738 
478.2549 28.396 91.219 -0.01770 0.83182 0.683 0.54461 8.0000 16.59 0.9224 0.9230 2.592429 
477.7579 28.419 91.206 -0.01753 0.83274 0.687 0.54425 8.0000 17.34 0.9220 0.9225 2.595126 
477.2608 28.441 91.193 -0.01736 0.83372 0.680 0.54397 8.0000 16.86 0.9216 0.9221 2.597829 
476.7635 28.464 91.183 -0.01724 0.83470 0.679 0.54369 8.0000 17.44 0.9211 0.9216 2.600539 
476.2662 28.489 91.171 -0.01708 0.83591 0.683 0.54342 8.0000 17.95 0.9208 0.9213 2.603254 
475.7687 28.515 91.156 -0.01689 0.83698 0.685 0.54303 8.0000 18.33 0.9204 0.9209 2.605976 
475.2711 28.539 91.146 -0.01676 0.83785 0.691 0.54258 8.0000 19.54 0.9200 0.9205 2.608705 
474.7734 28.564 91.131 -0.01656 0.83869 0.689 0.54208 8.0000 20.19 0.9197 0.9202 2.611439 
474.2756 28.589 91.125 -0.01649 0.83976 0.686 0.54175 8.0000 20.98 0.9194 0.9198 2.614180 
473.7776 28.609 91.113 -0.01632 0.84038 0.684 0.54132 8.0000 22.49 0.9188 0.9193 2.616928 
473.2796 28.631 91.099 -0.01613 0.84085 0.674 0.54071 8.0000 23.24 0.9182 0.9187 2.619682 
472.7814 28.655 91.081 -0.01588 0.84154 0.667 0.54015 8.0000 23.46 0.9178 0.9182 2.622442 
472.2831 28.677 91.070 -0.01572 0.84193 0.658 0.53947 8.0000 24.75 0.9171 0.9176 2.625209 
471.7848 28.703 91.068 -0.01570 0.84236 0.652 0.53868 8.0000 25.98 0.9169 0.9173 2.627982 
471.2863 28.734 91.060 -0.01560 0.84320 0.642 0.53792 8.0000 26.51 0.9167 0.9171 2.630762 
470.7876 28.759 91.056 -0.01554 0.84346 0.632 0.53705 8.0000 27.11 0.9161 0.9166 2.633548 
470.2889 28.785 91.058 -0.01558 0.84405 0.627 0.53637 8.0000 27.65 0.9158 0.9162 2.636341 
469.7900 28.814 91.055 -0.01556 0.84461 0.621 0.53551 8.0000 27.66 0.9155 0.9159 2.639141 
469.2911 28.841 91.061 -0.01565 0.84485 0.616 0.53455 8.0000 27.92 0.9150 0.9154 2.641946 
468.7920 28.880 91.063 -0.01568 0.84548 0.614 0.53333 8.0000 28.06 0.9151 0.9155 2.644759 
468.2928 28.918 91.065 -0.01573 0.84607 0.615 0.53214 8.0000 28.65 0.9151 0.9155 2.647578 
467.7935 28.951 91.070 -0.01580 0.84641 0.618 0.53102 8.0000 29.28 0.9149 0.9153 2.650404 
467.2941 28.985 91.077 -0.01592 0.84682 0.620 0.52987 8.0000 29.64 0.9148 0.9152 2.653237 
466.7945 29.024 91.089 -0.01610 0.84728 0.627 0.52856 8.0000 30.84 0.9150 0.9153 2.656077 
466.2949 29.059 91.102 -0.01631 0.84770 0.626 0.52739 8.0000 32.63 0.9148 0.9152 2.658922 
465.7951 29.095 91.113 -0.01647 0.84799 0.634 0.52606 8.0000 34.27 0.9149 0.9153 2.661775 
465.2952 29.125 91.132 -0.01676 0.84801 0.632 0.52487 8.0000 35.85 0.9146 0.9150 2.664635 
464.7952 29.162 91.152 -0.01705 0.84840 0.630 0.52358 8.0000 38.50 0.9148 0.9152 2.667502 
464.2951 29.194 91.165 -0.01726 0.84834 0.626 0.52225 8.0000 41.33 0.9147 0.9150 2.670375 
463.7949 29.229 91.177 -0.01742 0.84801 0.618 0.52062 8.0000 43.62 0.9144 0.9148 2.673255 
463.2946 29.255 91.194 -0.01767 0.84767 0.610 0.51935 8.0000 45.55 0.9142 0.9146 2.676142 
462.7941 29.291 91.206 -0.01784 0.84757 0.601 0.51783 8.0000 47.56 0.9146 0.9150 2.679036 
462.2935 29.328 91.214 -0.01795 0.84734 0.593 0.51619 8.0000 49.97 0.9146 0.9150 2.681937 
461.7928 29.361 91.231 -0.01820 0.84689 0.584 0.51460 8.0000 51.37 0.9146 0.9150 2.684845 
461.2921 29.399 91.248 -0.01845 0.84683 0.578 0.51303 8.0000 52.70 0.9151 0.9154 2.687759 
460.7911 29.437 91.260 -0.01863 0.84677 0.573 0.51147 8.0000 52.61 0.9153 0.9156 2.690681 
460.2901 29.477 91.268 -0.01874 0.84674 0.569 0.50982 8.0000 52.47 0.9154 0.9158 2.693610 
459.7889 29.516 91.284 -0.01898 0.84673 0.569 0.50827 8.0000 52.15 0.9155 0.9159 2.696546 
459.2877 29.554 91.305 -0.01929 0.84677 0.570 0.50674 8.0000 52.70 0.9160 0.9164 2.699489 
458.7863 29.596 91.330 -0.01966 0.84681 0.572 0.50508 8.0000 52.81 0.9166 0.9170 2.702439 
458.2848 29.638 91.351 -0.01996 0.84657 0.574 0.50326 8.0000 53.63 0.9167 0.9171 2.705396 
457.7832 29.676 91.373 -0.02027 0.84598 0.579 0.50140 8.0000 54.65 0.9164 0.9168 2.708360 
457.2815 29.718 91.395 -0.02059 0.84530 0.577 0.49933 8.0000 55.47 0.9164 0.9168 2.711332 
456.7796 29.765 91.422 -0.02098 0.84518 0.578 0.49741 8.0000 55.56 0.9172 0.9176 2.714311 
456.2777 29.813 91.456 -0.02148 0.84533 0.574 0.49559 8.0000 57.09 0.9182 0.9186 2.717297 
455.7756 29.857 91.490 -0.02198 0.84477 0.568 0.49355 8.0000 56.64 0.9187 0.9192 2.720290 
455.2734 29.910 91.525 -0.02248 0.84441 0.560 0.49123 8.0000 56.21 0.9190 0.9194 2.723291 
454.7711 29.957 91.556 -0.02293 0.84432 0.555 0.48935 8.0000 55.54 0.9198 0.9203 2.726299 
454.2687 30.008 91.586 -0.02337 0.84415 0.543 0.48726 8.0000 53.59 0.9209 0.9214 2.729314 
453.7662 30.050 91.611 -0.02375 0.84444 0.537 0.48575 8.0000 51.34 0.9217 0.9221 2.732336 
453.2635 30.093 91.636 -0.02412 0.84435 0.530 0.48402 8.0000 49.07 0.9219 0.9223 2.735367 
452.7608 30.136 91.661 -0.02449 0.84461 0.522 0.48252 8.0000 45.96 0.9225 0.9230 2.738404 
452.2579 30.178 91.686 -0.02486 0.84476 0.518 0.48095 8.0000 42.40 0.9229 0.9234 2.741449 
451.7549 30.220 91.711 -0.02524 0.84499 0.520 0.47945 8.0000 40.47 0.9234 0.9239 2.744501 
451.2518 30.262 91.736 -0.02561 0.84520 0.521 0.47793 8.0000 37.23 0.9239 0.9244 2.747561 
450.7485 30.304 91.761 -0.02600 0.84567 0.521 0.47657 8.0000 34.67 0.9247 0.9252 2.750629 
450.2452 30.346 91.786 -0.02637 0.84581 0.525 0.47503 8.0000 32.29 0.9249 0.9254 2.753704 
449.7417 30.388 91.811 -0.02675 0.84610 0.525 0.47357 8.0000 29.50 0.9254 0.9259 2.756787 
449.2382 30.429 91.836 -0.02713 0.84652 0.528 0.47223 8.0000 28.59 0.9260 0.9265 2.759876 
448.7345 30.470 91.861 -0.02751 0.84684 0.527 0.47080 8.0000 27.38 0.9264 0.9269 2.762974 
448.2307 30.511 91.886 -0.02790 0.84727 0.524 0.46946 8.0000 25.75 0.9269 0.9275 2.766080 
447.7267 30.552 91.911 -0.02828 0.84791 0.520 0.46825 8.0000 24.94 0.9277 0.9283 2.769193 
447.2227 30.593 91.935 -0.02867 0.84844 0.515 0.46699 8.0000 23.59 0.9283 0.9289 2.772314 
446.7186 30.634 91.961 -0.02905 0.84869 0.508 0.46555 8.0000 21.25 0.9285 0.9291 2.775443 
446.2143 30.674 91.985 -0.02944 0.84933 0.502 0.46436 8.0000 19.84 0.9291 0.9298 2.778580 
445.7099 30.714 92.010 -0.02983 0.84996 0.496 0.46316 8.0000 18.39 0.9297 0.9304 2.781724 
445.2054 30.754 92.035 -0.03023 0.85061 0.493 0.46199 8.0000 16.69 0.9304 0.9310 2.784876 
444.7008 30.794 92.060 -0.03062 0.85124 0.494 0.46081 8.0000 15.47 0.9309 0.9316 2.788036 
444.1960 30.833 92.085 -0.03101 0.85191 0.492 0.45966 8.0000 13.86 0.9315 0.9322 2.791204 
443.6912 30.872 92.110 -0.03141 0.85256 0.494 0.45850 8.0000 12.56 0.9320 0.9327 2.794380 
443.1862 30.912 92.134 -0.03180 0.85327 0.499 0.45739 8.0000 11.44 0.9325 0.9333 2.797564 
442.6812 30.950 92.159 -0.03220 0.85416 0.502 0.45639 8.0000 10.66 0.9333 0.9341 2.800756 
442.1759 30.989 92.184 -0.03260 0.85490 0.506 0.45530 8.0000 9.81 0.9338 0.9346 2.803956 
441.6706 31.028 92.209 -0.03300 0.85562 0.508 0.45422 8.0000 9.20 0.9342 0.9351 2.807164 
441.1652 31.066 92.233 -0.03340 0.85650 0.510 0.45322 8.0000 8.63 0.9349 0.9357 2.810380 
440.6596 31.104 92.258 -0.03380 0.85736 0.508 0.45223 8.0000 8.17 0.9354 0.9363 2.813605 
440.1540 31.142 92.283 -0.03421 0.85808 0.510 0.45115 8.0000 7.62 0.9358 0.9367 2.816837 
439.6482 31.142 92.283 -0.03421 0.85808 0.508 0.45115 8.0000 7.18 0.9358 0.9367 2.820077 

# MINIMA:
439.6482 1.260 2.766 -86.69620 -19.54939 -4364.811 -18.68899 8.0000 7.18 0.5125 0.5445 1.240099 

# MAXIMA:
999.7925 86.951 354.346 37.12281 20.92363 333.759 67.35753 8.0000 78.93 2.72013376787945882E18 1.42873861438329324E19 2.820077 

# PEAKS:

# END SPECTRUM

