## SPECTRUM TYPE:
LCE

## DATE:
18/08/2026

## COMMENTS:

## NUMBER OF SPECTRUM:
1

## ELLIPSOMETRIC CONFIGURATION:
0.00 ø :Modulator
+45.00 øAnalyser

## UNIT:
nm


# SPECTRUM:
1

# CAPTION:


# START TIME:
14:27:20

# END TIME:
14:27:20

# THETA ANGLE:
0.00 ø

# INCIDENCE ANGLE:
69.95 ø

# ACCUMULATION NUMBER:
28

# ELLIPSOMETRIC CONFIGURATION:
0.00 ø :Modulator
+45.00 øAnalyser

# INTEGRATION TIME:
8 ms

# FIRST POINT:
999.79 nm

# LAST POINT:
439.65 nm

# INCREMENT:
0.00 nm

# NUMBER OF POINTS:
1273

# DATA:
nm Psi Delta Ic Is Reflectance IcPrim IntegrationTime IntensityMax Polarization PolarizationGen eV 
999.7925 1.284 214.279 -2.49559 -1.70104 0.000 67.35753 8.0000 7.35 2.72023464807130726E18 1.45496394582668083E19 1.240099 
999.4089 1.284 214.279 -2.49560 -1.70104 0.980 67.35753 8.0000 7.28 2.53002106061140787E18 1.35322514534810255E19 1.240575 
999.0253 1.284 214.279 -2.49560 -1.70104 0.640 67.35754 8.0000 7.44 2.41183070745106842E18 1.29000872430912143E19 1.241052 
998.6415 1.284 214.279 -2.49559 -1.70104 1.303 67.35754 8.0000 7.47 2.27701917445259264E18 1.21790264180840858E19 1.241529 
998.2578 1.284 214.279 -2.49560 -1.70104 0.262 67.35753 8.0000 7.52 2.12374051903189811E18 1.13591887669724447E19 1.242006 
997.8739 1.284 214.279 -2.49559 -1.70104 0.691 67.35753 8.0000 7.58 1.9501478365322281E18 1.0430698476315607E19 1.242484 
997.4900 1.284 214.279 -2.49560 -1.70104 -0.042 67.35753 8.0000 7.52 1.75439435973577933E18 9.38367863316126106E18 1.242962 
997.1060 1.284 214.279 -2.49560 -1.70104 -0.007 67.35753 8.0000 7.61 1.53463332142474854E18 8.2082484762663977E18 1.243440 
996.7219 1.284 214.279 -2.49560 -1.70104 -3.844 67.35753 8.0000 7.67 1.28901809182028595E18 6.89453384145777459E18 1.243920 
996.3377 1.284 214.279 -2.49559 -1.70104 -1.145 67.35754 8.0000 7.72 1.01570197242406502E18 5.43265561675982438E18 1.244399 
995.9535 1.284 214.279 -2.49560 -1.70104 -0.547 67.35754 8.0000 7.70 716531593014935552.0000 3.83249181463648666E18 1.244879 
995.5692 1.284 214.279 -2.49560 -1.70104 1.123 67.35753 8.0000 7.85 393353652091224064.0000 2.10391934804007322E18 1.245360 
995.1848 1.284 214.279 -2.49560 -1.70104 -0.779 67.35753 8.0000 7.97 51708464191242240.0000 276571567167635456.0000 1.245841 
994.8003 1.284 214.279 -2.49560 -1.70104 0.024 67.35754 8.0000 8.08 295476948052738048.0000 1.58040887670708634E18 1.246322 
994.4158 1.284 214.279 -2.49560 -1.70104 0.014 67.35753 8.0000 7.98 629735251765100544.0000 3.36824666930806784E18 1.246804 
994.0311 27.962 140.431 -0.25019 0.20675 0.012 0.21954 8.0000 8.08 0.5325 0.6586 1.247287 
993.6464 26.748 125.038 -0.18278 0.26067 0.704 0.23561 8.0000 8.17 0.5327 0.6938 1.247770 
993.2617 40.056 105.062 -0.08439 0.31358 1.180 0.05661 8.0000 8.11 0.5277 0.7310 1.248253 
992.8768 52.504 102.048 -0.07991 0.37440 -0.357 -0.10264 8.0000 8.20 0.5430 0.7502 1.248737 
992.4919 54.475 45.251 0.14126 0.14250 0.220 -0.06889 8.0000 8.34 0.5757 0.7476 1.249221 
992.1069 32.555 93.339 -0.01701 0.29153 -7.918 0.13549 8.0000 8.36 0.5655 0.6597 1.249706 
991.7218 16.495 86.286 0.02014 0.31023 -1.060 0.47889 8.0000 8.41 0.6560 0.6840 1.250191 
991.3367 15.506 71.110 0.10285 0.30058 0.334 0.52846 8.0000 8.63 0.6862 0.7218 1.250677 
990.9514 18.165 64.543 0.18676 0.39231 1.362 0.59084 8.0000 8.61 0.8068 0.8513 1.251163 
990.5661 10.173 73.236 0.08566 0.28437 12.841 0.80087 8.0000 8.53 0.8375 0.8690 1.251650 
990.1807 8.229 54.116 0.14503 0.20046 -22.571 0.83752 8.0000 8.64 0.7733 0.8251 1.252137 
989.7953 3.924 81.639 0.01778 0.12097 -0.484 0.88704 8.0000 8.69 0.7500 0.8138 1.252625 
989.4097 6.738 91.212 -0.00512 0.24181 -1.917 1.00929 8.0000 8.80 0.7711 0.8457 1.253113 
989.0241 8.889 103.216 -0.07397 0.31499 1.167 1.00916 8.0000 8.81 0.7886 0.8753 1.253601 
988.6384 16.408 111.084 -0.16702 0.43318 1.709 0.71995 8.0000 8.78 0.7319 0.8067 1.254090 
988.2526 13.946 88.498 0.01229 0.46878 27.486 0.88599 8.0000 8.92 0.7495 0.8323 1.254580 
987.8668 15.694 81.546 0.07718 0.51929 1.122 0.86046 8.0000 8.91 0.7483 0.8397 1.255070 
987.4809 11.086 84.647 0.04062 0.43356 -4241.653 1.06852 8.0000 8.98 0.7555 0.8044 1.255560 
987.0949 10.520 87.910 0.01601 0.43891 1.388 1.14177 8.0000 9.05 0.7267 0.7446 1.256051 
986.7088 8.093 87.075 0.01529 0.29930 1.163 1.03247 8.0000 9.15 0.7384 0.7523 1.256543 
986.3226 6.263 111.970 -0.07801 0.19338 -2.330 0.93857 8.0000 9.13 0.7825 0.7944 1.257035 
985.9364 9.135 91.698 -0.00838 0.28245 -7.971 0.85597 8.0000 9.23 0.8412 0.8676 1.257527 
985.5501 9.972 83.408 0.03357 0.29053 83.016 0.80597 8.0000 9.23 0.9157 0.9818 1.258020 
985.1638 15.807 80.179 0.06874 0.39707 -2.330 0.65467 8.0000 9.37 0.9561 1.0587 1.258513 
984.7773 20.534 78.274 0.10131 0.48812 1.078 0.57213 8.0000 9.39 0.9843 1.0842 1.259007 
984.3907 21.857 71.259 0.20203 0.59546 -0.872 0.65766 8.0000 9.53 0.9887 1.0786 1.259502 
984.0041 16.801 67.495 0.16308 0.39362 -0.759 0.64125 8.0000 9.57 0.8392 0.9140 1.259997 
983.6174 6.654 47.165 0.10578 0.11409 0.697 0.65770 8.0000 9.74 0.6635 0.7529 1.260492 
983.2307 6.490 83.827 0.01779 0.16446 0.717 0.71761 8.0000 9.82 0.6394 0.7232 1.260988 
982.8438 6.862 222.006 -0.14910 -0.13427 0.590 0.82159 8.0000 9.79 0.7478 0.8079 1.261484 
982.4569 10.127 130.852 -0.17401 0.20122 0.589 0.72095 8.0000 9.78 0.7896 0.9378 1.261981 
982.0699 15.000 102.447 -0.06967 0.31565 -2.632 0.55989 8.0000 9.98 0.7336 0.8552 1.262478 
981.6828 25.257 92.018 -0.01498 0.42513 -0.014 0.35050 8.0000 10.12 0.7150 0.7969 1.262976 
981.2957 27.790 102.198 -0.11469 0.53056 -0.007 0.37197 8.0000 10.10 0.7382 0.8465 1.263474 
980.9084 37.264 72.066 0.16195 0.50038 0.004 0.14559 8.0000 10.12 0.6670 0.7854 1.263973 
980.5211 46.772 22.798 1.16475 0.48957 0.009 -0.07825 8.0000 10.18 0.7806 0.9051 1.264472 
980.1337 41.032 57.394 0.37974 0.59364 -0.002 0.09825 8.0000 10.31 0.5712 0.7155 1.264972 
979.7463 32.674 68.067 0.21831 0.54217 -0.002 0.26823 8.0000 10.18 0.5984 0.7805 1.265472 
979.3587 38.194 126.908 -0.54949 0.73164 8.530 0.22156 8.0000 10.35 0.6482 0.8476 1.265973 
978.9711 39.685 161.721 -2.07256 0.68460 5.854 0.40964 8.0000 10.38 0.7895 0.9751 1.266474 
978.5834 38.742 163.797 -1.76651 0.51332 1.545 0.40839 8.0000 10.37 0.9573 1.1155 1.266976 
978.1956 36.109 164.240 -1.55189 0.43798 7.232 0.51715 8.0000 10.46 1.1217 1.2761 1.267478 
977.8077 33.124 164.708 -1.23128 0.33666 -2.927 0.56174 8.0000 10.58 1.2198 1.3730 1.267981 
977.4199 29.370 167.551 -0.95697 0.21126 3.263 0.59494 8.0000 10.67 1.2833 1.4304 1.268484 
977.0319 19.637 165.086 -0.43686 0.11636 2.482 0.55285 8.0000 10.73 0.9950 1.1902 1.268988 
976.6437 6.249 102.557 -0.02919 0.13107 1.316 0.60581 8.0000 10.74 0.7783 1.0104 1.269493 
976.2556 12.578 169.768 -0.31489 0.05684 -8.530 0.68135 8.0000 10.74 0.9247 1.0987 1.269997 
975.8674 7.378 101.009 -0.04396 0.22597 1.230 0.87399 8.0000 10.92 0.9435 1.0275 1.270502 
975.4790 9.126 96.786 -0.03115 0.26182 0.959 0.79948 8.0000 11.07 0.9454 1.0023 1.271008 
975.0906 15.350 106.086 -0.11049 0.38317 -1.705 0.67165 8.0000 10.96 0.9348 0.9869 1.271515 
974.7021 14.606 104.432 -0.09202 0.35755 -21.398 0.66029 8.0000 11.11 0.9017 0.9541 1.272021 
974.3136 14.930 105.322 -0.10153 0.37057 1.179 0.66929 8.0000 11.08 0.8274 0.8712 1.272529 
973.9250 15.205 103.059 -0.07849 0.33841 0.028 0.59186 8.0000 11.17 0.7103 0.7473 1.273036 
973.5363 19.589 96.409 -0.04696 0.41808 0.060 0.51624 8.0000 11.37 0.6571 0.7036 1.273545 
973.1475 18.390 102.722 -0.05588 0.24751 -5.502 0.33943 8.0000 11.24 0.5315 0.5449 1.274053 
972.7586 19.603 101.158 -0.04324 0.21922 -2.758 0.27391 8.0000 11.43 0.5241 0.5501 1.274563 
972.3697 26.489 113.118 -0.06542 0.15325 -1.063 0.12566 8.0000 11.57 0.5095 0.5363 1.275073 
971.9807 46.999 122.555 -0.08917 0.13967 -0.647 -0.01158 8.0000 11.54 0.5099 0.5378 1.275583 
971.5916 61.297 112.083 -0.09541 0.23517 -0.849 -0.16226 8.0000 11.62 0.5680 0.5931 1.276094 
971.2024 69.413 103.523 -0.06245 0.25966 0.514 -0.30535 8.0000 11.99 0.7029 0.7270 1.276605 
970.8131 78.792 101.092 -0.04022 0.20515 0.059 -0.50678 8.0000 11.79 0.8018 0.8198 1.277117 
970.4238 81.521 93.088 -0.00902 0.16722 0.018 -0.54917 8.0000 11.78 0.8248 0.8446 1.277629 
970.0344 69.026 17.453 0.62589 0.19678 0.012 -0.73001 8.0000 12.16 0.9567 1.0264 1.278142 
969.6449 59.445 103.169 -0.07527 0.32170 0.011 -0.18231 8.0000 12.09 0.8806 0.9144 1.278656 
969.2553 39.062 142.073 -0.53825 0.41943 0.003 0.14350 8.0000 12.09 1.1222 1.2100 1.279170 
968.8657 33.002 150.958 -0.88716 0.49261 -2.523 0.45170 8.0000 12.18 1.3882 1.5349 1.279684 
968.4760 31.250 155.894 -1.13264 0.50678 1.262 0.64596 8.0000 12.33 1.5827 1.7615 1.280199 
968.0861 30.064 156.299 -1.27354 0.55908 0.345 0.79884 8.0000 12.60 1.6706 1.8595 1.280714 
967.6962 29.108 154.628 -1.20070 0.56943 -0.859 0.82346 8.0000 12.62 1.6564 1.8303 1.281230 
967.3063 28.165 151.571 -0.99417 0.53820 1.223 0.75308 8.0000 12.59 1.5478 1.6516 1.281747 
966.9163 24.050 147.015 -0.68686 0.44579 1.369 0.73468 8.0000 12.66 1.1940 1.2772 1.282264 
966.5261 12.926 118.127 -0.17926 0.33535 -5.827 0.78479 8.0000 12.63 0.9301 1.0404 1.282782 
966.1359 30.386 14.286 0.98496 0.25081 1.214 0.56869 8.0000 12.48 0.7727 0.9860 1.283300 
965.7457 17.684 34.900 0.55125 0.38456 -0.817 0.94690 8.0000 12.57 0.7566 0.9311 1.283818 
965.3553 40.097 359.177 2.01816 -0.02900 1.276 0.34885 8.0000 12.88 0.7082 0.9754 1.284337 
964.9649 30.911 155.539 -9.13507 4.15551 11.377 5.37612 8.0000 12.97 0.8743 1.2398 1.284857 
964.5743 23.003 143.533 -2.24661 1.66040 2.026 2.69713 8.0000 12.86 1.0862 1.5235 1.285377 
964.1838 19.041 143.681 -2.06137 1.51528 -0.475 3.26492 8.0000 13.01 1.1263 1.6219 1.285898 
963.7931 15.558 152.767 -39.49017 20.32385 1.272 73.57636 8.0000 13.19 0.9591 1.4429 1.286419 
963.4023 75.524 22.300 0.49174 0.20168 0.143 -0.96071 8.0000 13.25 0.7053 1.0998 1.286941 
963.0115 51.923 69.133 0.22834 0.59898 1.251 -0.15800 8.0000 13.37 0.6744 1.0245 1.287463 
962.6207 21.391 103.956 -0.07050 0.28371 1.571 0.31590 8.0000 13.39 0.6543 0.8392 1.287986 
962.2297 16.765 134.951 -0.22906 0.22945 1.350 0.48928 8.0000 13.49 0.6884 0.7697 1.288509 
961.8386 9.297 114.719 -0.10981 0.23854 1.401 0.78061 8.0000 13.72 0.8335 1.0550 1.289033 
961.4474 7.210 187.505 -0.18221 -0.02401 1.311 0.71479 8.0000 13.76 0.7708 1.0039 1.289558 
961.0562 8.968 207.970 -0.20927 -0.11113 1.795 0.73207 8.0000 13.63 0.8183 1.1186 1.290083 
960.6649 11.883 223.716 -0.22425 -0.21442 0.021 0.70460 8.0000 13.98 0.7315 0.9777 1.290608 
960.2736 17.073 245.428 -0.19814 -0.43335 0.025 0.70256 8.0000 13.82 0.6384 0.7839 1.291134 
959.8821 6.978 207.097 -0.14183 -0.07257 1.088 0.64103 8.0000 13.80 0.5841 0.6388 1.291661 
959.4905 15.372 106.283 -0.09650 0.33038 2.190 0.57867 8.0000 13.91 0.5853 0.6268 1.292188 
959.0989 34.220 85.615 0.05358 0.69869 1.221 0.27689 8.0000 14.11 0.5684 0.7271 1.292715 
958.7073 21.085 94.341 -0.01880 0.24760 2.313 0.27415 8.0000 14.16 0.5286 0.6741 1.293243 
958.3155 26.667 105.329 -0.11295 0.41204 -22.778 0.31807 8.0000 13.99 0.5388 0.5798 1.293772 
957.9236 24.282 107.230 -0.12436 0.40099 1.377 0.37062 8.0000 13.99 0.5685 0.5850 1.294301 
957.5317 18.356 110.148 -0.10515 0.28661 -159.782 0.40940 8.0000 14.01 0.6044 0.6219 1.294831 
957.1396 10.901 108.564 -0.06762 0.20134 1.607 0.53098 8.0000 13.94 0.7079 0.7463 1.295362 
956.7476 7.193 108.984 -0.05483 0.15937 -4.167 0.65709 8.0000 14.39 0.7393 0.7901 1.295892 
956.3554 1.439 127.291 -0.02399 0.03150 1.685 0.78733 8.0000 14.84 0.7507 0.8232 1.296424 
955.9632 7.334 142.240 -0.17172 0.13301 -0.011 0.82988 8.0000 14.89 0.8076 0.8805 1.296956 
955.5709 4.998 70.689 0.05462 0.15587 -0.008 0.93698 8.0000 14.70 0.8783 0.9510 1.297488 
955.1784 6.655 33.124 0.16094 0.10501 -0.008 0.81226 8.0000 14.76 0.7286 0.8197 1.298021 
954.7859 11.806 20.069 0.25662 0.09375 1.275 0.62499 8.0000 14.94 0.6249 0.7698 1.298555 
954.3934 19.942 27.584 0.31194 0.16297 12.661 0.42117 8.0000 14.78 0.5938 0.7815 1.299089 
954.0007 28.452 33.463 0.30575 0.20208 1.582 0.23889 8.0000 14.79 0.5901 0.7978 1.299624 
953.6080 25.491 64.520 0.15012 0.31501 1.616 0.28276 8.0000 15.10 0.6477 0.8436 1.300159 
953.2152 39.561 78.685 0.07781 0.38886 -1.505 0.07621 8.0000 15.08 0.5824 0.7275 1.300695 
952.8223 33.897 72.633 0.09670 0.30919 1.219 0.13224 8.0000 15.10 0.5396 0.6336 1.301231 
952.4293 24.673 71.632 0.08406 0.25315 1.490 0.22906 8.0000 15.21 0.5460 0.6052 1.301768 
952.0363 19.645 92.147 -0.01025 0.27334 1.982 0.33431 8.0000 15.25 0.6176 1.0685 1.302305 
951.6432 17.348 46.836 0.27041 0.28832 1.465 0.57095 8.0000 15.51 0.7249 0.7889 1.302843 
951.2499 17.756 50.361 0.23157 0.27953 6.402 0.50867 8.0000 15.23 0.6405 0.9100 1.303382 
950.8567 62.849 299.506 1.54157 -2.72410 4.441 -2.24891 8.0000 15.28 1.0614 2.8094 1.303921 
950.4633 12.782 70.093 0.14560 0.40205 1.431 0.89395 8.0000 15.39 0.7502 1.2983 1.304461 
950.0699 17.188 95.772 -0.08725 0.86322 -0.268 1.26823 8.0000 15.61 1.7210 3.7192 1.305001 
949.6763 21.135 97.795 -0.15801 1.15418 -0.136 1.28165 8.0000 15.73 2.3013 5.5216 1.305542 
949.2827 23.824 97.452 -0.17983 1.37484 -0.095 1.26399 8.0000 15.87 2.4828 6.5018 1.306083 
948.8890 26.570 99.331 -0.35017 2.13118 -0.179 1.61922 8.0000 16.18 2.5282 6.8491 1.306625 
948.4953 23.651 96.602 -0.15115 1.30585 0.005 1.21301 8.0000 16.08 2.3730 6.5032 1.307167 
948.1014 34.063 37.805 0.99083 0.76871 0.430 0.50349 8.0000 16.13 2.8326 5.8271 1.307710 
947.7075 18.899 91.380 -0.01751 0.72704 0.924 0.93764 8.0000 16.20 2.1138 4.0590 1.308254 
947.3135 16.345 150.997 -0.69437 0.38494 2.731 1.23714 8.0000 15.63 2.1237 2.5926 1.308798 
946.9194 19.892 188.713 -1.18133 -0.18103 0.469 1.43528 8.0000 15.84 2.5236 3.7806 1.309343 
946.5253 22.412 168.435 -1.52388 0.31184 0.154 1.56504 8.0000 15.97 2.6809 3.6011 1.309888 
946.1310 23.238 186.122 -1.70598 -0.18297 1.428 1.62958 8.0000 16.58 2.8095 5.7822 1.310434 
945.7367 23.887 171.277 -1.83644 0.28176 1.616 1.68625 8.0000 16.18 2.7139 4.2402 1.310980 
945.3423 24.992 159.362 -1.93596 0.72913 -0.235 1.73687 8.0000 16.55 2.6415 6.8596 1.311527 
944.9478 26.525 152.503 -2.07709 1.08114 0.287 1.76135 8.0000 16.74 2.7472 9.4407 1.312074 
944.5532 28.308 148.652 -2.45586 1.49599 1.557 1.89492 8.0000 16.54 2.8809 10.9048 1.312623 
944.1586 29.966 147.426 -2.91302 1.86106 -0.668 2.00125 8.0000 16.43 2.9931 11.2506 1.313171 
943.7639 32.124 146.706 -3.84648 2.52608 -0.941 2.21991 8.0000 16.73 3.0676 10.5716 1.313720 
943.3691 30.043 153.641 -3.85281 1.90911 1.809 2.47388 8.0000 16.78 3.1503 9.0120 1.314270 
942.9742 30.489 159.272 -4.75182 1.79819 2.267 2.81882 8.0000 16.86 3.0900 6.1845 1.314821 
942.5792 31.270 167.938 -7.50137 1.60293 1.833 3.98623 8.0000 17.03 2.9334 3.1341 1.315372 
942.1841 32.065 186.624 -33.45841 -3.88555 -1.850 16.33447 8.0000 17.04 2.7477 5.1871 1.315923 
941.7890 26.809 170.581 -2.91475 0.48353 -1.896 2.17682 8.0000 17.29 1.5972 1.6098 1.316475 
941.3938 36.134 5.272 0.97529 0.09000 -35.259 0.31317 8.0000 17.24 0.9798 1.0392 1.317028 
940.9985 15.247 345.216 0.32184 -0.08494 0.662 0.56520 8.0000 17.33 0.6216 0.6942 1.317581 
940.6031 12.263 2.896 0.27583 0.01395 -10.547 0.60533 8.0000 17.32 0.5894 0.7071 1.318135 
940.2077 4.458 69.650 0.03448 0.09297 3.765 0.63205 8.0000 17.45 0.5804 0.7075 1.318689 
939.8122 17.661 141.583 -0.32319 0.25632 4.183 0.58210 8.0000 17.62 0.5947 0.7174 1.319244 
939.4166 22.101 149.480 -0.56731 0.33444 1.908 0.67716 8.0000 17.52 0.7253 0.8063 1.319800 
939.0209 19.529 140.672 -0.40700 0.33346 -6.201 0.64842 8.0000 17.26 0.6949 0.8081 1.320356 
938.6251 20.818 136.058 -0.36885 0.35547 1.681 0.57622 8.0000 17.47 0.7000 0.7870 1.320913 
938.2292 22.671 148.548 -0.39914 0.24414 1.390 0.46235 8.0000 17.78 0.6522 0.6944 1.321470 
937.8333 21.636 116.705 -0.23696 0.47105 1.408 0.56009 8.0000 17.72 0.7581 0.8131 1.322028 
937.4373 25.847 94.912 -0.05371 0.62504 -3.769 0.49554 8.0000 18.21 0.6602 0.7687 1.322586 
937.0412 23.795 41.495 0.35546 0.31443 13.116 0.43348 8.0000 18.10 0.6118 0.6526 1.323146 
936.6450 18.933 35.570 0.29915 0.21394 1.510 0.47303 8.0000 17.76 0.6816 0.7501 1.323705 
936.2487 18.317 32.585 0.29299 0.18727 1.452 0.46764 8.0000 18.04 0.7790 0.9067 1.324266 
935.8524 20.885 30.141 0.29778 0.17291 0.949 0.38554 8.0000 18.32 0.7936 1.0570 1.324826 
935.4560 28.126 24.668 0.30261 0.13898 1.282 0.22248 8.0000 18.48 0.7272 0.9973 1.325388 
935.0594 29.540 346.962 0.29339 -0.06794 -1.122 0.18039 8.0000 18.59 0.6876 0.9901 1.325950 
934.6629 2.269 305.193 0.02489 -0.03529 -0.085 0.54397 8.0000 18.50 0.7360 0.9542 1.326512 
934.2662 23.232 254.444 -0.06586 -0.23659 1.781 0.23334 8.0000 18.34 0.6329 0.8224 1.327076 
933.8694 70.436 3.205 0.45935 0.02572 2.512 -0.56555 8.0000 18.79 0.7256 1.2964 1.327640 
933.4727 13.790 164.775 -2.51548 0.68460 -8.449 4.99100 8.0000 18.88 1.3447 2.3446 1.328204 
933.0757 16.256 160.788 -2.15333 0.75038 -1.082 3.57781 8.0000 18.75 1.7050 2.9192 1.328769 
932.6787 16.972 170.186 -2.41342 0.41748 1.336 3.63872 8.0000 19.22 1.8041 3.0701 1.329334 
932.2817 16.487 196.009 -4.41752 -1.26745 29.831 7.08391 8.0000 19.10 1.6004 2.8314 1.329901 
931.8845 15.408 205.506 -4.97016 -2.37132 0.182 9.23189 8.0000 19.11 1.4529 2.6362 1.330467 
931.4873 73.298 43.538 6.17173 5.86463 -125.162 -12.90967 8.0000 19.09 1.1068 2.4352 1.331035 
931.0900 62.240 65.912 0.36785 0.82282 0.475 -0.61899 8.0000 19.36 0.6612 1.2701 1.331603 
930.6926 7.840 61.518 0.08657 0.15956 1.405 0.64672 8.0000 19.41 5.1282 6.8744 1.332171 
930.2951 15.993 359.593 0.86891 -0.00617 -9.434 1.39139 8.0000 19.50 1.2108 1.8938 1.332740 
929.8975 7.115 23.332 0.17039 0.07350 0.103 0.73171 8.0000 19.61 5.9804 8.2271 1.333310 
929.4999 7.377 35.459 0.14788 0.10533 15.109 0.68943 8.0000 19.93 9.3427 12.8330 1.333881 
929.1022 8.166 44.521 0.13439 0.13216 14.883 0.64325 8.0000 20.27 11.3768 15.7014 1.334452 
928.7043 8.686 46.780 0.13077 0.13915 2.043 0.61036 8.0000 20.00 11.8179 16.5481 1.335023 
928.3065 9.121 45.906 0.13545 0.13980 -0.236 0.59059 8.0000 20.08 10.9767 15.5849 1.335595 
927.9085 9.385 48.676 0.13180 0.14989 1.291 0.58729 8.0000 19.95 8.8856 12.8799 1.336168 
927.5104 9.762 52.964 0.12931 0.17137 0.245 0.60545 8.0000 20.33 5.5076 8.3321 1.336742 
927.1123 11.494 84.925 0.06670 0.75106 0.113 1.77739 8.0000 20.33 1.0343 2.2552 1.337316 
926.7141 9.873 29.203 0.13900 0.07769 0.052 0.44363 8.0000 20.16 5.2901 6.6892 1.337890 
926.3158 51.258 277.306 0.03739 -0.29161 0.685 -0.06527 8.0000 20.41 0.6243 0.8443 1.338466 
925.9174 32.975 194.208 -0.06623 -0.01677 0.594 0.03049 8.0000 20.50 0.5655 1.2860 1.339042 
925.5190 4.202 261.120 -0.01963 -0.12562 -0.223 0.86056 8.0000 20.50 0.7496 0.8938 1.339618 
925.1204 24.061 273.036 0.02442 -0.46037 -0.083 0.41333 8.0000 20.70 0.5626 0.7451 1.340195 
924.7218 28.390 273.425 0.01782 -0.29782 -0.057 0.19539 8.0000 20.43 0.5363 0.6880 1.340773 
924.3231 18.135 281.453 0.03554 -0.17543 -0.027 0.24394 8.0000 20.79 0.5247 0.6352 1.341351 
923.9243 8.854 83.767 0.01169 0.10707 1.347 0.33732 8.0000 21.03 0.5239 0.5736 1.341930 
923.5255 19.781 93.158 -0.01848 0.33498 1.501 0.40608 8.0000 21.29 0.5752 0.5981 1.342510 
923.1265 30.812 119.681 -0.40053 0.70274 0.065 0.43691 8.0000 20.78 0.7848 0.8529 1.343090 
922.7275 19.024 87.483 0.01846 0.41984 0.040 0.53697 8.0000 21.41 0.7476 0.8124 1.343671 
922.3283 13.239 36.967 0.25716 0.19355 1.453 0.64615 8.0000 21.32 0.7909 0.9147 1.344252 
921.9291 15.963 32.878 0.38351 0.24789 0.000 0.73289 8.0000 21.51 1.0185 1.2641 1.344834 
921.5298 16.206 16.902 0.46443 0.14113 0.000 0.76451 8.0000 21.35 1.0925 1.3916 1.345417 
921.1305 16.451 20.842 0.48184 0.18344 0.000 0.79691 8.0000 21.11 1.1726 1.5058 1.346000 
920.7311 16.759 9.659 0.48592 0.08270 0.000 0.74421 8.0000 21.41 1.0500 1.2933 1.346584 
920.3315 17.172 24.561 0.47478 0.21699 0.000 0.76396 8.0000 21.86 0.9434 1.1269 1.347169 
919.9319 18.682 51.055 0.33371 0.41290 0.000 0.69527 8.0000 21.56 0.8838 0.9987 1.347754 
919.5322 21.643 79.283 0.11145 0.58889 1.633 0.63633 8.0000 21.37 0.8703 0.9299 1.348340 
919.1324 27.331 106.413 -0.23582 0.80061 1.375 0.59178 8.0000 21.95 0.9283 1.0480 1.348926 
918.7326 22.433 82.267 0.08473 0.62398 5.548 0.63266 8.0000 21.72 0.7786 0.8422 1.349513 
918.3326 26.429 88.128 0.01442 0.44128 -5.663 0.33442 8.0000 22.16 0.9929 1.1523 1.350101 
917.9326 19.092 69.296 0.15324 0.40545 1.820 0.55113 8.0000 22.10 0.5709 0.6468 1.350689 
917.5325 70.244 129.659 -1.81728 2.19212 2.233 -3.45266 8.0000 21.91 0.7946 0.9539 1.351278 
917.1323 77.090 132.816 -0.72732 0.78500 1.870 -2.21174 8.0000 22.09 1.0245 1.3056 1.351868 
916.7321 70.143 118.414 -0.30472 0.56326 5.479 -0.77096 8.0000 22.24 1.2656 1.6235 1.352458 
916.3317 67.228 124.353 -0.16160 0.23642 102.266 -0.28098 8.0000 22.42 1.3622 1.7786 1.353049 
915.9313 23.184 138.383 -0.05887 0.05230 2.565 0.07507 8.0000 22.33 1.3773 1.7962 1.353641 
915.5308 10.252 301.269 0.07619 -0.12547 3.065 0.39254 8.0000 22.51 1.3122 1.6601 1.354233 
915.1302 8.314 334.092 0.41968 -0.20386 1.673 1.56237 8.0000 22.76 1.1261 1.3660 1.354826 
914.7295 78.056 139.969 -0.71732 0.60256 -0.001 -2.11521 8.0000 22.55 0.8686 1.0118 1.355419 
914.3287 69.660 121.470 -0.23574 0.38514 -0.003 -0.52538 8.0000 22.46 0.8738 1.0593 1.356013 
913.9279 77.598 126.159 -0.26021 0.35607 -0.007 -0.95429 8.0000 22.58 0.6792 0.7813 1.356608 
913.5270 29.266 114.301 -0.08195 0.18148 -0.021 0.12187 8.0000 22.74 0.5335 0.5956 1.357203 
913.1259 8.074 59.664 0.11622 0.19861 1.199 0.79471 8.0000 22.90 0.7171 0.8058 1.357799 
912.7249 9.610 51.959 0.18239 0.23310 0.000 0.84896 8.0000 22.54 0.7378 0.8140 1.358396 
912.3237 9.915 51.817 0.17202 0.21873 1.548 0.77167 8.0000 22.90 0.6986 0.7980 1.358993 
911.9224 10.069 48.414 0.18471 0.20815 -0.253 0.75889 8.0000 23.25 0.6581 0.7432 1.359591 
911.5211 28.278 82.720 0.06583 0.51533 -0.237 0.34314 8.0000 23.39 0.6310 0.8026 1.360190 
911.1196 1.221 282.402 0.00742 -0.03374 0.164 0.80996 8.0000 23.58 0.5970 0.6401 1.360789 
910.7181 21.551 247.014 -0.39576 -0.93296 0.054 1.08290 8.0000 23.51 0.7944 0.9398 1.361389 
910.3165 11.977 48.322 0.31176 0.35018 0.088 1.05529 8.0000 23.41 1.0623 1.3662 1.361990 
909.9149 26.491 93.446 -0.11338 1.88291 -0.059 1.42243 8.0000 23.29 1.5870 1.9218 1.362591 
909.5131 30.580 22.744 1.88686 0.79098 0.165 1.12665 8.0000 22.97 1.7707 2.1731 1.363193 
909.1113 37.897 1.050 3.34021 0.06123 0.043 0.84570 8.0000 23.24 2.3299 2.8307 1.363795 
908.7093 40.963 356.152 3.95032 -0.26568 0.010 0.56159 8.0000 23.42 2.7729 3.3484 1.364399 
908.3073 42.620 354.810 4.11978 -0.37424 0.012 0.34453 8.0000 23.17 2.9851 3.5956 1.365003 
907.9052 45.278 357.044 4.31928 -0.22306 0.005 -0.04202 8.0000 23.29 2.9192 3.4127 1.365607 
907.5031 57.772 3.210 4.65527 0.26109 -1.306 -2.22828 8.0000 23.51 2.9278 3.3069 1.366212 
907.1008 39.346 4.306 3.11340 0.23441 -0.004 0.62430 8.0000 23.39 2.2243 2.4539 1.366818 
906.6984 23.469 18.150 2.05495 0.67364 -0.005 2.02094 8.0000 23.44 2.1515 2.2634 1.367425 
906.2960 13.897 57.917 0.84062 1.34097 -0.049 3.00261 8.0000 23.43 2.5279 2.5798 1.368032 
905.8935 14.922 93.872 -0.15974 2.36021 -0.500 4.12319 8.0000 23.76 3.1188 3.2628 1.368640 
905.4909 11.433 62.880 0.82795 1.61656 0.010 4.30696 8.0000 23.56 2.8733 2.9662 1.369248 
905.0883 9.652 59.100 0.65280 1.09075 6.105 3.62899 8.0000 23.79 2.7100 2.8013 1.369857 
904.6855 6.858 30.008 0.85243 0.49232 0.894 4.03338 8.0000 24.29 2.1619 2.2975 1.370467 
904.2826 3.660 103.566 -0.04939 0.20471 -0.008 1.63909 8.0000 24.01 1.6752 1.7236 1.371078 
903.8797 19.749 192.872 -0.58359 -0.13336 -0.003 0.72627 8.0000 24.56 1.6606 1.7448 1.371689 
903.4767 58.275 113.018 -0.18887 0.44457 1.726 -0.24136 8.0000 24.41 1.4812 1.7588 1.372301 
903.0736 27.955 113.555 -0.18479 0.42387 0.192 0.31296 8.0000 24.31 1.5645 1.8897 1.372913 
902.6704 33.251 114.261 -0.20136 0.44677 0.017 0.21306 8.0000 24.42 1.5035 1.9367 1.373527 
902.2672 40.408 115.335 -0.20880 0.44102 0.046 0.07889 8.0000 24.41 1.2632 1.8055 1.374140 
901.8638 50.596 117.764 -0.20995 0.39881 12.895 -0.08917 8.0000 24.53 0.9376 1.4964 1.374755 
901.4604 56.365 115.974 -0.21657 0.44455 -0.040 -0.20716 8.0000 24.31 0.7835 1.5393 1.375370 
901.0569 83.137 216.331 -0.04783 -0.03517 -0.033 -0.24308 8.0000 24.63 0.6544 1.0132 1.375986 
900.6533 64.090 234.951 -0.62565 -0.89191 -1.263 -0.85669 8.0000 24.47 1.1516 1.9307 1.376603 
900.2496 36.797 64.205 0.20970 0.43388 -0.329 0.14188 8.0000 24.75 0.5750 1.3641 1.377220 
899.8458 30.395 48.030 1.74220 1.93697 0.217 1.45665 8.0000 24.27 1.1303 2.1236 1.377838 
899.4420 31.742 33.731 23.60501 15.76131 0.277 14.16171 8.0000 24.83 1.4711 2.9315 1.378457 
899.0380 58.852 211.341 -12.09567 -7.36619 -0.416 -7.43634 8.0000 24.95 1.7674 3.4920 1.379076 
898.6340 59.715 209.440 -7.39371 -4.17297 0.143 -4.78971 8.0000 24.84 1.8797 3.7009 1.379696 
898.2299 61.472 189.915 -6.26818 -1.09571 -0.619 -4.12349 8.0000 24.78 1.6396 3.5001 1.380317 
897.8257 27.679 36.679 113.83479 84.78375 -0.744 98.06719 8.0000 25.25 1.5625 2.9706 1.380938 
897.4214 29.777 67.653 1.11180 2.70449 0.229 1.71871 8.0000 25.58 1.5149 2.2884 1.381560 
897.0171 34.758 96.286 -0.16648 1.51133 0.026 0.56799 8.0000 25.19 1.4671 1.7979 1.382183 
896.6127 41.364 126.248 -0.66749 0.91042 0.020 0.14403 8.0000 25.05 1.6337 2.4071 1.382807 
896.2081 37.322 101.751 -0.34032 1.63602 0.011 0.45887 8.0000 25.10 1.7413 1.9659 1.383431 
895.8035 35.223 100.639 -0.28186 1.50044 0.017 0.54222 8.0000 25.07 1.7210 2.0583 1.384056 
895.3989 34.231 99.073 -0.21787 1.36440 0.009 0.54531 8.0000 25.23 1.4163 1.9155 1.384681 
894.9941 30.965 98.930 -0.15721 1.00047 24.400 0.54010 8.0000 25.62 1.1189 1.7460 1.385307 
894.5892 18.816 102.286 -0.09322 0.42804 1.347 0.56820 8.0000 25.97 0.7572 1.5270 1.385934 
894.1843 17.299 265.435 -0.03640 -0.45582 0.000 0.66290 8.0000 25.45 0.7993 1.3695 1.386562 
893.7792 5.397 112.207 -0.05031 0.12325 0.005 0.69830 8.0000 25.64 0.7335 1.4817 1.387190 
893.3741 4.599 43.944 0.08885 0.08564 1.621 0.76217 8.0000 25.43 0.7085 1.3365 1.387819 
892.9689 6.718 350.838 0.19175 -0.03093 -7.506 0.81301 8.0000 25.82 0.6465 1.0224 1.388449 
892.5637 9.210 327.962 0.19388 -0.12133 -0.894 0.68669 8.0000 25.88 0.5810 0.6934 1.389079 
892.1583 10.351 306.515 0.13973 -0.18873 0.329 0.62135 8.0000 26.30 0.5622 0.6912 1.389711 
891.7528 6.048 339.324 0.12833 -0.04843 0.664 0.63998 8.0000 25.89 0.5863 0.7541 1.390343 
891.3473 5.921 12.624 0.10092 0.02260 -0.477 0.49328 8.0000 26.39 0.5691 0.7877 1.390975 
890.9417 11.011 61.918 0.06521 0.12222 1.218 0.34247 8.0000 26.00 0.5776 0.7910 1.391608 
890.5359 11.621 80.015 0.02788 0.15838 0.000 0.37445 8.0000 26.02 0.5605 0.7441 1.392242 
890.1302 13.087 96.912 -0.01625 0.13404 0.052 0.27471 8.0000 26.53 0.5301 0.6672 1.392877 
889.7243 19.514 161.468 -0.10985 0.03682 0.000 0.14293 8.0000 26.00 0.5134 0.6807 1.393512 
889.3184 12.826 9.300 0.08476 0.01388 0.000 0.17884 8.0000 26.16 0.5133 0.5479 1.394148 
888.9123 18.787 14.419 0.20269 0.05211 1.422 0.27202 8.0000 26.24 0.5270 0.5604 1.394785 
888.5062 17.349 30.622 0.14736 0.08723 -2.203 0.24732 8.0000 26.90 0.5314 0.6665 1.395423 
888.1000 16.129 77.320 0.07100 0.31559 -92.598 0.51251 8.0000 26.42 0.6366 0.7285 1.396061 
887.6937 18.716 77.462 0.08844 0.39768 1.509 0.53225 8.0000 26.81 0.7038 0.8228 1.396700 
887.2873 19.020 79.196 0.07956 0.41691 -741.210 0.54245 8.0000 27.12 0.7207 0.8512 1.397340 
886.8808 20.938 82.400 0.06099 0.45708 1.583 0.51438 8.0000 26.72 0.7545 0.8490 1.397980 
886.4743 14.614 86.650 0.01996 0.34111 2.024 0.61069 8.0000 26.91 0.6537 0.7477 1.398621 
886.0676 17.412 95.773 -0.03339 0.33029 1.797 0.47723 8.0000 26.86 0.6123 0.6702 1.399263 
885.6609 18.524 107.350 -0.09620 0.30791 1.317 0.42734 8.0000 27.00 0.5889 0.6203 1.399906 
885.2541 17.156 92.894 -0.01669 0.33010 0.070 0.48431 8.0000 27.17 0.5872 0.6406 1.400549 
884.8472 17.176 91.184 -0.00621 0.30041 0.012 0.43961 8.0000 27.06 0.5617 0.6146 1.401193 
884.4402 18.165 87.900 0.00989 0.26974 131.564 0.36705 8.0000 27.28 0.5414 0.5911 1.401838 
884.0332 21.710 89.448 0.00398 0.41318 1.411 0.43663 8.0000 27.46 0.5914 0.6271 1.402483 
883.6260 22.474 87.142 0.02049 0.41039 0.000 0.41165 8.0000 27.35 0.5860 0.6130 1.403130 
883.2188 32.309 86.526 0.02651 0.43667 0.000 0.20756 8.0000 27.66 0.5719 0.5837 1.403777 
882.8115 33.434 61.288 0.17125 0.31264 0.000 0.15228 8.0000 27.37 0.6171 0.6781 1.404424 
882.4041 13.223 143.108 -0.13075 0.09814 0.048 0.32866 8.0000 27.51 0.5257 0.5624 1.405073 
881.9966 16.435 173.802 -0.26599 0.02889 0.035 0.41403 8.0000 27.65 0.5359 0.6420 1.405722 
881.5890 19.758 200.742 -0.29805 -0.11288 0.027 0.38640 8.0000 27.73 0.5343 0.6643 1.406372 
881.1813 17.731 224.086 -0.19688 -0.19070 0.020 0.38480 8.0000 27.62 0.5469 0.6690 1.407023 
880.7736 27.405 213.494 -0.82631 -0.54680 0.425 0.69871 8.0000 28.00 0.6266 0.8458 1.407674 
880.3658 35.237 198.840 -1.65410 -0.56440 -0.012 0.61978 8.0000 27.60 0.6653 0.8938 1.408326 
879.9579 44.407 238.311 -4.47434 -7.24761 -0.025 0.17647 8.0000 27.74 1.0494 1.3217 1.408979 
879.5499 39.287 155.361 -1.37658 0.63138 0.022 0.30609 8.0000 27.76 0.6899 0.9021 1.409632 
879.1418 37.560 113.659 -0.71485 1.63164 0.141 0.47330 8.0000 28.06 1.2808 1.5073 1.410287 
878.7336 38.796 105.569 -0.40610 1.45756 -0.006 0.33290 8.0000 28.01 1.9206 2.0894 1.410942 
878.3253 38.823 102.593 -0.41686 1.86605 -0.330 0.41878 8.0000 28.41 2.2081 2.5805 1.411598 
877.9170 38.256 101.291 -0.40660 2.03644 1.677 0.49807 8.0000 28.23 2.3310 2.8775 1.412254 
877.5085 37.420 101.877 -0.43224 2.05511 308.659 0.56897 8.0000 28.53 2.2166 2.8954 1.412912 
877.1000 35.810 104.694 -0.50713 1.93389 1.993 0.66431 8.0000 28.64 1.8466 2.5926 1.413570 
876.6915 33.648 113.096 -0.65091 1.52632 1.519 0.69427 8.0000 28.61 1.2544 2.0207 1.414228 
876.2828 32.214 141.283 -0.97912 0.78489 0.042 0.60048 8.0000 28.55 0.7289 1.2582 1.414888 
875.8740 39.844 241.267 -1.73420 -3.16323 0.197 0.65639 8.0000 29.20 0.9393 1.1250 1.415548 
875.4651 25.329 150.712 -0.56246 0.31548 0.040 0.52863 8.0000 29.10 0.6976 1.6328 1.416209 
875.0562 21.521 163.409 -0.46209 0.13767 0.182 0.51631 8.0000 29.01 0.6440 0.8262 1.416871 
874.6472 7.322 162.261 -0.06287 0.02011 4.339 0.25261 8.0000 28.73 0.5972 1.7827 1.417534 
874.2380 30.897 21.923 0.65011 0.26165 0.000 0.37586 8.0000 29.09 0.6620 2.2674 1.418197 
873.8289 8.757 119.888 -0.10867 0.18907 1.329 0.69103 8.0000 28.82 0.6312 2.6697 1.418861 
873.4196 18.598 124.256 -0.18199 0.26723 1.406 0.42600 8.0000 29.59 0.5849 2.7904 1.419526 
873.0102 20.507 126.353 -0.20866 0.28351 0.206 0.40474 8.0000 29.23 0.5864 2.6464 1.420192 
872.6007 21.445 125.962 -0.19358 0.26681 -0.069 0.35486 8.0000 29.03 0.5656 2.1780 1.420858 
872.1912 24.238 99.737 -0.08005 0.46651 -0.117 0.41912 8.0000 29.52 0.5900 1.5581 1.421525 
871.7816 17.738 98.141 -0.05606 0.39188 -0.051 0.55549 8.0000 29.00 0.6599 0.7546 1.422193 
871.3718 17.000 91.749 -0.01195 0.39123 1.586 0.58028 8.0000 30.12 0.7711 1.5061 1.422862 
870.9620 12.206 110.629 -0.06442 0.17111 -0.129 0.40282 8.0000 29.80 0.5833 0.6480 1.423532 
870.5521 7.575 160.282 -0.08486 0.03042 1.566 0.33293 8.0000 30.01 0.5556 0.6602 1.424202 
870.1422 7.216 185.014 -0.09107 -0.00799 1.493 0.35522 8.0000 30.27 0.5484 0.6364 1.424873 
869.7321 10.656 127.008 -0.08823 0.11705 0.031 0.37572 8.0000 30.01 0.5612 0.6447 1.425545 
869.3219 17.699 107.182 -0.07695 0.24886 1.326 0.36657 8.0000 30.02 0.5992 0.6663 1.426217 
868.9117 21.226 98.297 -0.05529 0.37914 1.535 0.41883 8.0000 30.33 0.6519 0.6869 1.426891 
868.5013 23.397 93.660 -0.03098 0.48434 -0.011 0.45585 8.0000 30.34 0.7315 0.7404 1.427565 
868.0909 24.857 90.916 -0.00930 0.58142 1.273 0.49289 8.0000 30.48 0.8568 0.8697 1.428240 
867.6805 24.290 92.333 -0.02303 0.56545 -0.019 0.49926 8.0000 30.55 0.8329 0.8378 1.428915 
867.2699 22.990 92.205 -0.01916 0.49767 1.403 0.48128 8.0000 30.49 0.7317 0.7349 1.429592 
866.8592 22.428 91.375 -0.01142 0.47584 1.427 0.47837 8.0000 30.79 0.6955 0.6975 1.430269 
866.4485 19.738 89.632 0.00280 0.43558 -0.228 0.52885 8.0000 30.63 0.6572 0.6595 1.430947 
866.0376 20.685 86.751 0.02612 0.46009 1.203 0.52327 8.0000 30.55 0.6505 0.6602 1.431626 
865.6267 20.040 89.437 0.00465 0.47318 1.283 0.56233 8.0000 31.54 0.6642 0.6664 1.432306 
865.2157 19.584 91.064 -0.00830 0.44674 -0.014 0.54848 8.0000 30.73 0.6472 0.6584 1.432986 
864.8046 20.606 92.086 -0.01716 0.47127 1.279 0.53844 8.0000 30.92 0.6653 0.6887 1.433667 
864.3934 20.108 93.513 -0.02811 0.45794 1.251 0.54262 8.0000 31.22 0.6659 0.7025 1.434349 
863.9821 21.657 97.328 -0.06491 0.50475 1.454 0.53977 8.0000 30.98 0.6859 0.7372 1.435032 
863.5707 19.689 95.496 -0.04439 0.46138 -2.925 0.56471 8.0000 31.53 0.6872 0.7237 1.435716 
863.1593 15.553 94.991 -0.02954 0.33821 1.405 0.56265 8.0000 31.58 0.6271 0.6512 1.436400 
862.7477 15.952 91.033 -0.00684 0.37924 1.261 0.60928 8.0000 31.87 0.6690 0.6779 1.437085 
862.3361 15.544 87.446 0.01681 0.37690 -0.005 0.62571 8.0000 31.67 0.6777 0.6842 1.437771 
861.9244 16.486 85.370 0.03122 0.38552 1.295 0.59625 8.0000 31.84 0.6858 0.7083 1.438458 
861.5126 16.137 88.218 0.01234 0.39678 -1.683 0.62858 8.0000 31.89 0.6949 0.7100 1.439145 
861.1008 13.833 89.058 0.00517 0.31421 1.230 0.59941 8.0000 31.91 0.6445 0.6503 1.439834 
860.6888 12.848 90.288 -0.00146 0.29111 1.249 0.60501 8.0000 32.13 0.6274 0.6367 1.440523 
860.2767 12.692 89.989 0.00006 0.28037 1.263 0.59089 8.0000 31.71 0.6154 0.6347 1.441213 
859.8646 14.518 89.489 0.00269 0.30180 -0.004 0.54368 8.0000 32.04 0.6008 0.6298 1.441904 
859.4523 12.506 91.422 -0.00703 0.28319 1.256 0.60714 8.0000 32.33 0.6124 0.6394 1.442595 
859.0400 13.054 91.241 -0.00674 0.31085 4.899 0.63444 8.0000 32.36 0.6212 0.6433 1.443288 
858.6276 12.645 91.477 -0.00842 0.32637 1.232 0.69095 8.0000 32.86 0.6292 0.6436 1.443981 
858.2151 14.710 91.654 -0.01076 0.37248 1.263 0.66078 8.0000 32.98 0.6504 0.6564 1.444675 
857.8026 19.311 90.422 -0.00339 0.45955 1.337 0.57525 8.0000 32.43 0.6954 0.6980 1.445370 
857.3899 21.135 90.615 -0.00549 0.51142 1.253 0.56266 8.0000 32.77 0.7345 0.7444 1.446065 
856.9771 21.518 91.510 -0.01295 0.49128 1.251 0.52637 8.0000 32.10 0.7414 0.7450 1.446762 
856.5643 21.454 91.916 -0.01617 0.48325 1.226 0.52019 8.0000 32.51 0.7417 0.7453 1.447459 
856.1514 22.899 92.323 -0.02039 0.50274 0.001 0.48933 8.0000 33.12 0.7574 0.7615 1.448157 
855.7383 22.938 92.940 -0.02480 0.48283 1.333 0.46891 8.0000 33.03 0.7478 0.7518 1.448856 
855.3253 23.929 92.629 -0.02340 0.50958 1.294 0.46160 8.0000 33.13 0.7680 0.7726 1.449556 
854.9120 23.356 91.632 -0.01511 0.53040 1.529 0.49982 8.0000 32.95 0.7678 0.7707 1.450257 
854.4988 20.945 91.113 -0.00965 0.49696 1.316 0.55418 8.0000 32.92 0.7283 0.7306 1.450958 
854.0854 21.142 91.612 -0.01417 0.50360 1.353 0.55398 8.0000 32.92 0.7334 0.7366 1.451660 
853.6719 21.676 90.893 -0.00815 0.52267 1.364 0.55369 8.0000 33.51 0.7479 0.7513 1.452364 
853.2584 20.097 90.720 -0.00636 0.50582 1.258 0.59873 8.0000 33.43 0.7326 0.7348 1.453067 
852.8448 19.465 90.243 -0.00210 0.49682 1.210 0.61506 8.0000 33.49 0.7253 0.7270 1.453772 
852.4311 18.550 90.135 -0.00111 0.46848 1.388 0.61945 8.0000 33.31 0.7117 0.7129 1.454478 
852.0173 20.280 89.720 0.00245 0.50208 1.262 0.58661 8.0000 33.56 0.7335 0.7348 1.455184 
851.6034 19.755 90.239 -0.00199 0.47698 1.244 0.57841 8.0000 33.46 0.7206 0.7220 1.455891 
851.1894 20.666 89.785 0.00185 0.49404 1.239 0.56170 8.0000 33.40 0.7245 0.7263 1.456599 
850.7753 21.862 89.396 0.00563 0.53419 1.316 0.55855 8.0000 33.55 0.7397 0.7412 1.457308 
850.3612 20.479 89.590 0.00353 0.49270 1.409 0.56765 8.0000 33.65 0.7084 0.7098 1.458018 
849.9470 20.410 89.844 0.00137 0.50597 1.186 0.58577 8.0000 33.54 0.7159 0.7177 1.458728 
849.5326 21.404 89.867 0.00125 0.53932 1.410 0.58226 8.0000 33.55 0.7380 0.7397 1.459440 
849.1182 22.213 89.663 0.00328 0.55634 1.225 0.56760 8.0000 34.09 0.7454 0.7467 1.460152 
848.7037 22.131 89.485 0.00501 0.55800 1.231 0.57258 8.0000 33.91 0.7426 0.7441 1.460865 
848.2891 21.755 89.641 0.00348 0.55532 1.288 0.58499 8.0000 34.01 0.7415 0.7430 1.461579 
847.8744 21.277 89.590 0.00389 0.54331 1.227 0.59181 8.0000 34.54 0.7335 0.7350 1.462294 
847.4597 21.226 89.283 0.00685 0.54681 1.237 0.59777 8.0000 34.55 0.7360 0.7371 1.463010 
847.0448 21.125 89.186 0.00772 0.54345 1.209 0.59834 8.0000 34.77 0.7312 0.7323 1.463726 
846.6298 21.166 89.160 0.00797 0.54342 1.231 0.59659 8.0000 35.04 0.7291 0.7302 1.464444 
846.2148 21.040 88.801 0.01139 0.54399 1.191 0.60260 8.0000 34.56 0.7319 0.7329 1.465162 
845.7997 20.931 88.571 0.01354 0.54267 1.219 0.60580 8.0000 34.90 0.7287 0.7299 1.465881 
845.3845 20.894 88.501 0.01431 0.54683 1.223 0.61209 8.0000 34.76 0.7364 0.7376 1.466601 
844.9692 21.082 88.436 0.01516 0.55515 1.233 0.61323 8.0000 35.02 0.7299 0.7312 1.467322 
844.5538 21.658 88.168 0.01834 0.57346 1.281 0.60852 8.0000 34.65 0.7236 0.7252 1.468044 
844.1383 21.196 88.193 0.01769 0.56087 1.189 0.61470 8.0000 34.86 0.7349 0.7366 1.468766 
843.7227 20.901 88.336 0.01630 0.56089 1.223 0.62754 8.0000 35.64 0.7499 0.7520 1.469490 
843.3071 20.650 88.201 0.01740 0.55408 1.144 0.63099 8.0000 35.33 0.7538 0.7559 1.470214 
842.8914 20.615 88.204 0.01746 0.55683 1.240 0.63568 8.0000 35.39 0.7519 0.7538 1.470939 
842.4755 20.944 88.214 0.01776 0.56966 1.213 0.63547 8.0000 35.44 0.7615 0.7635 1.471665 
842.0596 21.391 88.301 0.01755 0.59161 1.224 0.63958 8.0000 35.70 0.7587 0.7606 1.472392 
841.6436 21.390 88.168 0.01903 0.59509 1.197 0.64342 8.0000 35.96 0.7637 0.7655 1.473120 
841.2275 20.987 88.192 0.01844 0.58415 1.159 0.64968 8.0000 35.77 0.7796 0.7813 1.473849 
840.8113 20.819 88.167 0.01829 0.57145 1.154 0.64312 8.0000 36.07 0.7904 0.7924 1.474578 
840.3951 21.122 88.141 0.01897 0.58441 1.164 0.64385 8.0000 35.93 0.7925 0.7943 1.475308 
839.9787 21.153 88.111 0.01941 0.58867 1.186 0.64717 8.0000 35.87 0.7936 0.7954 1.476040 
839.5623 21.075 88.124 0.01923 0.58704 1.201 0.64890 8.0000 36.52 0.8013 0.8033 1.476772 
839.1457 21.459 88.097 0.01958 0.58905 1.282 0.63385 8.0000 36.39 0.7996 0.8017 1.477505 
838.7291 21.561 88.032 0.02024 0.58903 1.203 0.62935 8.0000 36.40 0.7973 0.7994 1.478239 
838.3124 21.657 88.034 0.02029 0.59115 1.192 0.62736 8.0000 36.79 0.7970 0.7995 1.478974 
837.8956 21.690 87.889 0.02189 0.59391 1.206 0.62893 8.0000 36.98 0.7986 0.8010 1.479709 
837.4787 21.570 87.763 0.02336 0.59792 1.215 0.63854 8.0000 37.09 0.7949 0.7973 1.480446 
837.0617 21.641 87.619 0.02489 0.59843 1.314 0.63598 8.0000 36.93 0.7949 0.7973 1.481183 
836.6447 21.516 87.505 0.02620 0.60120 1.232 0.64461 8.0000 36.97 0.7975 0.8000 1.481922 
836.2275 21.506 87.417 0.02717 0.60241 1.204 0.64638 8.0000 37.52 0.7951 0.7975 1.482661 
835.8102 21.473 87.338 0.02812 0.60496 1.187 0.65067 8.0000 37.62 0.7956 0.7981 1.483401 
835.3929 21.579 87.224 0.02941 0.60661 1.185 0.64770 8.0000 37.44 0.7986 0.8012 1.484142 
834.9755 21.645 87.157 0.03022 0.60850 1.174 0.64673 8.0000 37.64 0.7976 0.8002 1.484884 
834.5579 21.727 87.115 0.03083 0.61171 1.169 0.64645 8.0000 37.81 0.7980 0.8005 1.485627 
834.1403 21.710 87.084 0.03106 0.60974 1.204 0.64517 8.0000 37.97 0.7976 0.8001 1.486371 
833.7227 21.729 87.065 0.03134 0.61121 1.155 0.64587 8.0000 37.87 0.7984 0.8008 1.487115 
833.3049 21.815 87.007 0.03201 0.61222 1.193 0.64309 8.0000 38.33 0.7969 0.7992 1.487861 
832.8870 21.832 86.944 0.03276 0.61354 1.167 0.64376 8.0000 38.04 0.7967 0.7989 1.488608 
832.4691 21.794 86.879 0.03333 0.61138 1.205 0.64323 8.0000 38.65 0.7973 0.7995 1.489355 
832.0510 21.862 86.837 0.03392 0.61390 1.223 0.64287 8.0000 38.96 0.7976 0.7998 1.490103 
831.6329 21.901 86.845 0.03393 0.61566 1.217 0.64292 8.0000 38.51 0.7976 0.7997 1.490852 
831.2146 21.940 86.739 0.03509 0.61587 1.165 0.64146 8.0000 39.12 0.7981 0.8002 1.491603 
830.7963 22.036 86.749 0.03520 0.61980 1.204 0.64123 8.0000 39.06 0.7985 0.8006 1.492354 
830.3779 22.158 86.696 0.03599 0.62343 1.181 0.63954 8.0000 39.05 0.8000 0.8020 1.493106 
829.9594 22.180 86.680 0.03626 0.62507 1.180 0.64029 8.0000 40.20 0.8027 0.8047 1.493858 
829.5408 22.192 86.625 0.03702 0.62767 1.182 0.64244 8.0000 39.64 0.8048 0.8068 1.494612 
829.1221 22.179 86.576 0.03752 0.62719 1.165 0.64254 8.0000 39.20 0.8062 0.8082 1.495367 
828.7034 22.181 86.549 0.03789 0.62828 1.194 0.64359 8.0000 39.96 0.8073 0.8094 1.496123 
828.2845 22.163 86.513 0.03822 0.62713 1.218 0.64327 8.0000 40.33 0.8071 0.8091 1.496879 
827.8656 22.206 86.463 0.03892 0.62964 1.181 0.64394 8.0000 39.36 0.8084 0.8104 1.497637 
827.4465 22.239 86.407 0.03958 0.63027 1.205 0.64311 8.0000 40.35 0.8091 0.8111 1.498395 
827.0275 22.254 86.341 0.04037 0.63121 1.204 0.64347 8.0000 40.31 0.8112 0.8131 1.499154 
826.6082 22.247 86.321 0.04066 0.63226 1.178 0.64485 8.0000 40.24 0.8117 0.8137 1.499915 
826.1889 22.266 86.274 0.04127 0.63362 1.211 0.64543 8.0000 40.57 0.8138 0.8157 1.500676 
825.7695 22.284 86.256 0.04149 0.63403 1.211 0.64504 8.0000 41.14 0.8150 0.8170 1.501438 
825.3500 22.300 86.241 0.04166 0.63414 1.212 0.64443 8.0000 40.92 0.8165 0.8185 1.502201 
824.9305 22.289 86.246 0.04165 0.63472 1.173 0.64553 8.0000 40.52 0.8181 0.8201 1.502965 
824.5108 22.278 86.207 0.04218 0.63622 1.165 0.64757 8.0000 40.79 0.8188 0.8208 1.503730 
824.0911 22.281 86.156 0.04283 0.63730 1.174 0.64858 8.0000 40.82 0.8202 0.8221 1.504496 
823.6713 22.280 86.121 0.04328 0.63821 1.201 0.64959 8.0000 41.17 0.8211 0.8230 1.505263 
823.2513 22.289 86.117 0.04338 0.63901 1.200 0.64999 8.0000 41.02 0.8226 0.8245 1.506031 
822.8313 22.300 86.108 0.04352 0.63972 1.199 0.65022 8.0000 41.32 0.8224 0.8243 1.506800 
822.4112 22.327 86.113 0.04361 0.64194 1.207 0.65124 8.0000 41.64 0.8247 0.8266 1.507569 
821.9910 22.360 86.158 0.04319 0.64313 1.171 0.65089 8.0000 41.43 0.8270 0.8289 1.508340 
821.5707 22.344 86.141 0.04337 0.64302 1.178 0.65155 8.0000 41.99 0.8272 0.8291 1.509112 
821.1503 22.331 86.148 0.04333 0.64360 1.191 0.65270 8.0000 42.43 0.8273 0.8291 1.509884 
820.7299 22.350 86.137 0.04363 0.64604 1.200 0.65432 8.0000 42.61 0.8291 0.8309 1.510658 
820.3093 22.368 86.153 0.04355 0.64760 1.168 0.65508 8.0000 42.34 0.8313 0.8330 1.511432 
819.8886 22.411 86.135 0.04374 0.64753 1.171 0.65306 8.0000 42.19 0.8309 0.8327 1.512208 
819.4679 22.431 86.116 0.04403 0.64847 1.171 0.65310 8.0000 43.10 0.8317 0.8335 1.512984 
819.0471 22.456 86.127 0.04402 0.65024 1.189 0.65374 8.0000 42.74 0.8335 0.8353 1.513761 
818.6262 22.472 86.113 0.04428 0.65172 1.191 0.65451 8.0000 43.67 0.8345 0.8362 1.514540 
818.2051 22.479 86.085 0.04465 0.65239 1.186 0.65487 8.0000 43.06 0.8349 0.8366 1.515319 
817.7841 22.492 86.074 0.04486 0.65371 1.144 0.65563 8.0000 43.09 0.8354 0.8371 1.516099 
817.3629 22.482 86.093 0.04467 0.65408 1.166 0.65643 8.0000 43.40 0.8356 0.8372 1.516881 
816.9416 22.511 86.110 0.04460 0.65587 1.164 0.65688 8.0000 43.17 0.8377 0.8394 1.517663 
816.5202 22.512 86.095 0.04487 0.65734 1.179 0.65834 8.0000 43.65 0.8388 0.8405 1.518446 
816.0988 22.519 86.111 0.04480 0.65896 1.170 0.65958 8.0000 44.16 0.8400 0.8416 1.519230 
815.6772 22.544 86.068 0.04543 0.66104 1.173 0.66056 8.0000 43.76 0.8411 0.8428 1.520015 
815.2556 22.551 86.062 0.04551 0.66112 1.161 0.66031 8.0000 43.73 0.8411 0.8428 1.520801 
814.8338 22.574 86.068 0.04553 0.66244 1.151 0.66057 8.0000 43.87 0.8425 0.8441 1.521589 
814.4120 22.593 86.042 0.04594 0.66386 1.165 0.66115 8.0000 44.49 0.8436 0.8452 1.522377 
813.9901 22.596 86.078 0.04561 0.66516 1.168 0.66227 8.0000 44.96 0.8448 0.8464 1.523166 
813.5681 22.623 86.093 0.04548 0.66592 1.169 0.66174 8.0000 44.58 0.8457 0.8474 1.523956 
813.1460 22.631 86.053 0.04596 0.66612 1.158 0.66164 8.0000 44.56 0.8450 0.8466 1.524747 
812.7238 22.635 86.054 0.04597 0.66650 1.196 0.66183 8.0000 45.10 0.8451 0.8467 1.525539 
812.3015 22.682 86.006 0.04675 0.66966 1.183 0.66280 8.0000 45.43 0.8480 0.8496 1.526332 
811.8792 22.644 86.050 0.04618 0.66890 1.173 0.66377 8.0000 45.91 0.8475 0.8491 1.527126 
811.4567 22.655 86.043 0.04633 0.66982 1.164 0.66417 8.0000 45.97 0.8489 0.8505 1.527921 
811.0341 22.674 86.029 0.04650 0.66984 1.143 0.66335 8.0000 45.11 0.8487 0.8503 1.528717 
810.6115 22.674 86.096 0.04579 0.67100 1.163 0.66445 8.0000 45.42 0.8499 0.8514 1.529514 
810.1888 22.675 86.070 0.04614 0.67154 1.138 0.66496 8.0000 44.92 0.8496 0.8512 1.530312 
809.7659 22.704 86.027 0.04670 0.67231 1.146 0.66438 8.0000 46.05 0.8500 0.8515 1.531111 
809.3430 22.724 86.004 0.04699 0.67270 1.138 0.66389 8.0000 46.46 0.8497 0.8512 1.531912 
808.9200 22.746 85.925 0.04800 0.67367 1.167 0.66388 8.0000 46.14 0.8504 0.8520 1.532713 
808.4969 22.769 85.876 0.04862 0.67427 1.163 0.66344 8.0000 46.80 0.8507 0.8523 1.533515 
808.0737 22.787 85.846 0.04896 0.67412 1.176 0.66248 8.0000 46.65 0.8501 0.8517 1.534318 
807.6505 22.794 85.857 0.04889 0.67484 1.182 0.66284 8.0000 47.01 0.8510 0.8525 1.535122 
807.2271 22.797 85.855 0.04892 0.67496 1.164 0.66284 8.0000 46.80 0.8507 0.8522 1.535927 
806.8036 22.830 85.798 0.04967 0.67609 1.159 0.66247 8.0000 47.63 0.8507 0.8522 1.536733 
806.3801 22.860 85.776 0.04997 0.67647 1.154 0.66150 8.0000 46.68 0.8505 0.8520 1.537540 
805.9564 22.892 85.729 0.05056 0.67707 1.138 0.66064 8.0000 47.47 0.8506 0.8522 1.538349 
805.5327 22.920 85.692 0.05105 0.67771 1.147 0.66000 8.0000 47.37 0.8513 0.8528 1.539158 
805.1089 22.954 85.632 0.05181 0.67824 1.143 0.65899 8.0000 47.15 0.8513 0.8529 1.539968 
804.6850 22.976 85.623 0.05201 0.67947 1.151 0.65918 8.0000 47.48 0.8528 0.8543 1.540779 
804.2610 22.982 85.595 0.05236 0.67963 1.156 0.65907 8.0000 48.27 0.8524 0.8540 1.541591 
803.8369 23.003 85.571 0.05270 0.68039 1.144 0.65888 8.0000 47.58 0.8529 0.8544 1.542405 
803.4127 23.033 85.557 0.05294 0.68135 1.159 0.65844 8.0000 47.98 0.8540 0.8556 1.543219 
802.9884 23.045 85.554 0.05302 0.68191 1.176 0.65843 8.0000 48.15 0.8544 0.8560 1.544035 
802.5640 23.066 85.549 0.05316 0.68295 1.151 0.65846 8.0000 47.96 0.8555 0.8570 1.544851 
802.1396 23.067 85.533 0.05335 0.68295 1.161 0.65843 8.0000 48.98 0.8547 0.8563 1.545669 
801.7150 23.079 85.551 0.05315 0.68309 1.162 0.65798 8.0000 49.31 0.8551 0.8567 1.546487 
801.2903 23.114 85.516 0.05362 0.68378 1.157 0.65711 8.0000 49.13 0.8553 0.8569 1.547307 
800.8657 23.123 85.525 0.05352 0.68382 1.156 0.65672 8.0000 48.56 0.8555 0.8570 1.548127 
800.4408 23.122 85.500 0.05378 0.68331 1.162 0.65631 8.0000 48.20 0.8546 0.8561 1.548949 
800.0159 23.140 85.508 0.05372 0.68375 1.155 0.65587 8.0000 49.29 0.8546 0.8561 1.549772 
799.5909 23.155 85.464 0.05426 0.68408 1.144 0.65552 8.0000 48.95 0.8538 0.8553 1.550595 
799.1658 23.174 85.460 0.05438 0.68488 1.152 0.65546 8.0000 48.89 0.8545 0.8560 1.551420 
798.7406 23.197 85.421 0.05493 0.68584 1.159 0.65534 8.0000 49.25 0.8552 0.8567 1.552246 
798.3153 23.227 85.411 0.05512 0.68673 1.162 0.65482 8.0000 49.22 0.8560 0.8575 1.553073 
797.8899 23.267 85.366 0.05579 0.68824 1.164 0.65449 8.0000 50.03 0.8573 0.8588 1.553901 
797.4644 23.280 85.365 0.05584 0.68880 1.159 0.65444 8.0000 50.24 0.8576 0.8591 1.554730 
797.0389 23.304 85.329 0.05641 0.69036 1.162 0.65484 8.0000 50.05 0.8583 0.8598 1.555560 
796.6132 23.322 85.290 0.05696 0.69138 1.162 0.65502 8.0000 49.76 0.8592 0.8607 1.556391 
796.1875 23.329 85.269 0.05719 0.69110 1.149 0.65446 8.0000 50.44 0.8590 0.8605 1.557224 
795.7617 23.351 85.239 0.05762 0.69182 1.146 0.65415 8.0000 49.94 0.8588 0.8603 1.558057 
795.3357 23.381 85.205 0.05808 0.69228 1.156 0.65323 8.0000 50.41 0.8595 0.8611 1.558891 
794.9097 23.410 85.164 0.05865 0.69332 1.150 0.65293 8.0000 50.78 0.8603 0.8619 1.559727 
794.4836 23.436 85.106 0.05937 0.69347 1.157 0.65194 8.0000 50.95 0.8599 0.8615 1.560563 
794.0574 23.450 85.117 0.05930 0.69415 1.160 0.65194 8.0000 50.88 0.8607 0.8624 1.561401 
793.6310 23.471 85.095 0.05969 0.69546 1.154 0.65225 8.0000 51.56 0.8612 0.8628 1.562240 
793.2047 23.496 85.043 0.06038 0.69613 1.157 0.65176 8.0000 51.62 0.8616 0.8632 1.563079 
792.7782 23.511 85.022 0.06066 0.69637 1.159 0.65131 8.0000 50.97 0.8612 0.8629 1.563920 
792.3516 23.525 85.021 0.06073 0.69703 1.162 0.65130 8.0000 51.54 0.8613 0.8630 1.564762 
791.9249 23.522 85.018 0.06079 0.69727 1.139 0.65166 8.0000 50.75 0.8611 0.8627 1.565605 
791.4982 23.557 84.989 0.06121 0.69813 1.139 0.65090 8.0000 50.77 0.8612 0.8628 1.566449 
791.0714 23.572 84.980 0.06137 0.69868 1.131 0.65074 8.0000 51.57 0.8617 0.8634 1.567295 
790.6444 23.588 84.974 0.06149 0.69924 1.147 0.65056 8.0000 51.30 0.8625 0.8641 1.568141 
790.2173 23.602 84.962 0.06163 0.69915 1.143 0.64986 8.0000 51.27 0.8627 0.8643 1.568989 
789.7902 23.625 84.931 0.06207 0.69975 1.160 0.64937 8.0000 51.71 0.8626 0.8642 1.569837 
789.3630 23.642 84.917 0.06227 0.70011 1.144 0.64896 8.0000 51.25 0.8627 0.8644 1.570687 
788.9357 23.664 84.918 0.06233 0.70079 1.143 0.64860 8.0000 52.30 0.8632 0.8649 1.571537 
788.5083 23.676 84.902 0.06255 0.70110 1.132 0.64835 8.0000 52.39 0.8628 0.8645 1.572389 
788.0807 23.678 84.917 0.06240 0.70150 1.139 0.64860 8.0000 52.00 0.8633 0.8649 1.573242 
787.6532 23.693 84.905 0.06262 0.70239 1.142 0.64876 8.0000 52.03 0.8639 0.8655 1.574096 
787.2255 23.691 84.905 0.06260 0.70220 1.132 0.64867 8.0000 51.89 0.8635 0.8650 1.574951 
786.7977 23.695 84.859 0.06317 0.70209 1.135 0.64845 8.0000 52.57 0.8628 0.8644 1.575808 
786.3699 23.706 84.853 0.06333 0.70304 1.143 0.64882 8.0000 52.68 0.8634 0.8649 1.576665 
785.9419 23.720 84.852 0.06340 0.70372 1.135 0.64883 8.0000 52.65 0.8645 0.8660 1.577524 
785.5139 23.734 84.841 0.06358 0.70413 1.141 0.64859 8.0000 52.33 0.8649 0.8664 1.578383 
785.0857 23.746 84.820 0.06386 0.70452 1.146 0.64839 8.0000 53.32 0.8643 0.8659 1.579244 
784.6575 23.765 84.785 0.06434 0.70497 1.138 0.64799 8.0000 53.01 0.8645 0.8660 1.580106 
784.2291 23.769 84.788 0.06433 0.70515 1.149 0.64797 8.0000 53.53 0.8648 0.8663 1.580969 
783.8007 23.774 84.769 0.06458 0.70529 1.145 0.64787 8.0000 53.26 0.8648 0.8663 1.581833 
783.3722 23.786 84.760 0.06472 0.70567 1.137 0.64770 8.0000 53.39 0.8650 0.8666 1.582698 
782.9435 23.815 84.731 0.06513 0.70614 1.137 0.64686 8.0000 53.61 0.8653 0.8668 1.583565 
782.5148 23.830 84.721 0.06532 0.70700 1.121 0.64696 8.0000 53.65 0.8664 0.8679 1.584433 
782.0861 23.829 84.742 0.06508 0.70720 1.121 0.64716 8.0000 53.26 0.8668 0.8683 1.585301 
781.6572 23.829 84.754 0.06493 0.70727 1.130 0.64723 8.0000 52.92 0.8669 0.8683 1.586171 
781.2282 23.843 84.743 0.06510 0.70760 1.134 0.64688 8.0000 53.68 0.8670 0.8685 1.587042 
780.7991 23.859 84.746 0.06509 0.70786 1.140 0.64642 8.0000 53.56 0.8673 0.8688 1.587914 
780.3699 23.877 84.740 0.06520 0.70825 1.138 0.64598 8.0000 53.75 0.8678 0.8693 1.588788 
779.9407 23.886 84.739 0.06522 0.70826 1.143 0.64556 8.0000 53.91 0.8680 0.8695 1.589662 
779.5113 23.898 84.739 0.06523 0.70843 1.139 0.64518 8.0000 53.94 0.8680 0.8695 1.590537 
779.0818 23.930 84.713 0.06560 0.70897 1.159 0.64423 8.0000 53.88 0.8681 0.8696 1.591414 
778.6523 23.960 84.682 0.06610 0.71006 1.139 0.64390 8.0000 54.16 0.8687 0.8701 1.592292 
778.2227 23.984 84.657 0.06649 0.71086 1.129 0.64357 8.0000 54.38 0.8691 0.8706 1.593171 
777.7930 23.998 84.661 0.06647 0.71126 1.134 0.64331 8.0000 53.92 0.8698 0.8713 1.594051 
777.3632 24.020 84.659 0.06657 0.71211 1.138 0.64310 8.0000 53.88 0.8703 0.8718 1.594933 
776.9332 24.041 84.645 0.06678 0.71240 1.139 0.64242 8.0000 54.62 0.8707 0.8722 1.595815 
776.5032 24.058 84.627 0.06705 0.71287 1.130 0.64209 8.0000 54.97 0.8710 0.8725 1.596699 
776.0731 24.069 84.623 0.06713 0.71321 1.143 0.64188 8.0000 54.87 0.8711 0.8725 1.597584 
775.6429 24.086 84.590 0.06759 0.71369 1.151 0.64160 8.0000 54.32 0.8711 0.8725 1.598470 
775.2126 24.104 84.583 0.06768 0.71367 1.140 0.64076 8.0000 55.09 0.8708 0.8723 1.599357 
774.7822 24.127 84.575 0.06781 0.71404 1.139 0.64009 8.0000 55.36 0.8713 0.8728 1.600246 
774.3517 24.137 84.599 0.06755 0.71445 1.145 0.63998 8.0000 55.54 0.8715 0.8729 1.601135 
773.9212 24.154 84.590 0.06773 0.71523 1.134 0.63990 8.0000 55.15 0.8721 0.8735 1.602026 
773.4905 24.169 84.602 0.06763 0.71574 1.118 0.63969 8.0000 55.17 0.8725 0.8739 1.602918 
773.0598 24.188 84.606 0.06765 0.71646 1.118 0.63948 8.0000 56.22 0.8727 0.8741 1.603811 
772.6289 24.213 84.595 0.06784 0.71697 1.133 0.63883 8.0000 55.90 0.8732 0.8746 1.604706 
772.1980 24.241 84.568 0.06824 0.71761 1.138 0.63814 8.0000 55.81 0.8737 0.8751 1.605601 
771.7669 24.251 84.556 0.06841 0.71777 1.132 0.63785 8.0000 55.69 0.8739 0.8753 1.606498 
771.3358 24.260 84.555 0.06844 0.71797 1.129 0.63762 8.0000 56.22 0.8743 0.8757 1.607396 
770.9046 24.276 84.547 0.06860 0.71859 1.129 0.63747 8.0000 55.75 0.8748 0.8762 1.608295 
770.4733 24.293 84.546 0.06868 0.71928 1.130 0.63734 8.0000 56.03 0.8756 0.8770 1.609195 
770.0419 24.306 84.551 0.06865 0.71975 1.130 0.63715 8.0000 55.57 0.8761 0.8774 1.610097 
769.6104 24.328 84.557 0.06864 0.72039 1.126 0.63673 8.0000 56.16 0.8764 0.8778 1.610999 
769.1787 24.346 84.566 0.06858 0.72093 1.128 0.63640 8.0000 56.63 0.8765 0.8778 1.611904 
768.7471 24.349 84.583 0.06835 0.72084 1.133 0.63618 8.0000 56.54 0.8766 0.8779 1.612809 
768.3152 24.378 84.589 0.06839 0.72201 1.136 0.63590 8.0000 56.57 0.8774 0.8787 1.613715 
767.8834 24.403 84.567 0.06874 0.72281 1.137 0.63547 8.0000 57.12 0.8775 0.8788 1.614623 
767.4514 24.427 84.531 0.06925 0.72332 1.137 0.63491 8.0000 57.64 0.8778 0.8791 1.615531 
767.0193 24.445 84.523 0.06939 0.72359 1.131 0.63434 8.0000 57.55 0.8776 0.8789 1.616442 
766.5872 24.469 84.502 0.06971 0.72419 1.140 0.63384 8.0000 57.06 0.8778 0.8791 1.617353 
766.1549 24.485 84.481 0.07000 0.72453 1.134 0.63341 8.0000 57.57 0.8777 0.8790 1.618265 
765.7225 24.506 84.499 0.06982 0.72490 1.130 0.63279 8.0000 58.43 0.8777 0.8790 1.619179 
765.2901 24.528 84.502 0.06983 0.72541 1.128 0.63226 8.0000 57.83 0.8780 0.8793 1.620094 
764.8575 24.547 84.520 0.06967 0.72618 1.130 0.63207 8.0000 58.33 0.8784 0.8797 1.621010 
764.4249 24.564 84.512 0.06984 0.72686 1.131 0.63189 8.0000 58.00 0.8790 0.8803 1.621928 
763.9922 24.583 84.517 0.06985 0.72767 1.124 0.63174 8.0000 58.22 0.8797 0.8810 1.622846 
763.5593 24.612 84.501 0.07012 0.72844 1.139 0.63116 8.0000 58.92 0.8801 0.8814 1.623766 
763.1264 24.631 84.517 0.06998 0.72893 1.130 0.63069 8.0000 58.51 0.8802 0.8815 1.624687 
762.6934 24.649 84.497 0.07029 0.72963 1.136 0.63053 8.0000 59.09 0.8804 0.8817 1.625610 
762.2603 24.663 84.496 0.07031 0.72971 1.136 0.62999 8.0000 58.97 0.8803 0.8815 1.626533 
761.8271 24.678 84.495 0.07039 0.73035 1.135 0.62986 8.0000 59.70 0.8806 0.8818 1.627458 
761.3938 24.697 84.489 0.07047 0.73038 1.138 0.62906 8.0000 59.28 0.8806 0.8818 1.628385 
760.9604 24.721 84.469 0.07077 0.73079 1.131 0.62834 8.0000 58.86 0.8806 0.8819 1.629312 
760.5269 24.743 84.470 0.07083 0.73164 1.128 0.62810 8.0000 59.73 0.8809 0.8822 1.630241 
760.0933 24.770 84.460 0.07105 0.73256 1.131 0.62773 8.0000 60.12 0.8817 0.8830 1.631171 
759.6597 24.796 84.436 0.07145 0.73341 1.130 0.62734 8.0000 60.41 0.8823 0.8835 1.632102 
759.2259 24.810 84.448 0.07132 0.73365 1.142 0.62690 8.0000 59.92 0.8825 0.8837 1.633034 
758.7921 24.825 84.454 0.07129 0.73419 1.129 0.62668 8.0000 60.13 0.8829 0.8841 1.633968 
758.3581 24.852 84.429 0.07166 0.73461 1.133 0.62586 8.0000 60.49 0.8829 0.8841 1.634903 
757.9240 24.866 84.420 0.07175 0.73441 1.136 0.62509 8.0000 61.01 0.8825 0.8838 1.635839 
757.4899 24.885 84.415 0.07184 0.73475 1.136 0.62452 8.0000 61.23 0.8828 0.8840 1.636777 
757.0556 24.902 84.421 0.07179 0.73502 1.131 0.62400 8.0000 60.93 0.8827 0.8840 1.637716 
756.6213 24.927 84.418 0.07190 0.73568 1.125 0.62346 8.0000 60.37 0.8830 0.8843 1.638656 
756.1868 24.954 84.390 0.07231 0.73615 1.128 0.62271 8.0000 60.29 0.8831 0.8843 1.639597 
755.7523 24.963 84.403 0.07215 0.73635 1.131 0.62245 8.0000 60.01 0.8832 0.8844 1.640540 
755.3177 24.982 84.403 0.07223 0.73704 1.132 0.62222 8.0000 61.68 0.8835 0.8848 1.641484 
754.8830 24.999 84.409 0.07217 0.73724 1.143 0.62160 8.0000 61.36 0.8834 0.8847 1.642429 
754.4482 25.012 84.421 0.07202 0.73724 1.138 0.62105 8.0000 61.52 0.8835 0.8847 1.643376 
754.0132 25.028 84.433 0.07191 0.73769 1.144 0.62070 8.0000 62.67 0.8836 0.8848 1.644324 
753.5782 25.044 84.421 0.07213 0.73840 1.133 0.62060 8.0000 61.88 0.8838 0.8850 1.645273 
753.1431 25.062 84.415 0.07225 0.73880 1.139 0.62016 8.0000 62.65 0.8840 0.8853 1.646223 
752.7079 25.073 84.420 0.07222 0.73918 1.127 0.61996 8.0000 61.74 0.8842 0.8854 1.647175 
752.2726 25.091 84.414 0.07232 0.73953 1.134 0.61947 8.0000 63.21 0.8841 0.8853 1.648129 
751.8373 25.103 84.421 0.07223 0.73944 1.131 0.61889 8.0000 62.45 0.8838 0.8850 1.649083 
751.4018 25.128 84.385 0.07275 0.73997 1.133 0.61828 8.0000 63.13 0.8841 0.8853 1.650039 
750.9662 25.145 84.383 0.07281 0.74034 1.135 0.61781 8.0000 62.90 0.8846 0.8858 1.650996 
750.5306 25.162 84.383 0.07284 0.74054 1.137 0.61724 8.0000 62.99 0.8848 0.8860 1.651954 
750.0948 25.181 84.363 0.07310 0.74060 1.135 0.61649 8.0000 63.09 0.8844 0.8856 1.652914 
749.6589 25.198 84.363 0.07316 0.74123 1.143 0.61627 8.0000 63.25 0.8846 0.8858 1.653875 
749.2230 25.209 84.360 0.07323 0.74149 1.141 0.61599 8.0000 63.54 0.8848 0.8860 1.654837 
748.7869 25.221 84.359 0.07326 0.74167 1.136 0.61561 8.0000 63.99 0.8847 0.8859 1.655801 
748.3508 25.242 84.346 0.07349 0.74230 1.135 0.61526 8.0000 63.71 0.8850 0.8862 1.656766 
747.9146 25.255 84.358 0.07340 0.74294 1.142 0.61518 8.0000 63.78 0.8854 0.8866 1.657732 
747.4782 25.270 84.370 0.07326 0.74321 1.135 0.61476 8.0000 62.96 0.8856 0.8868 1.658700 
747.0417 25.285 84.362 0.07343 0.74379 1.148 0.61458 8.0000 63.70 0.8858 0.8870 1.659669 
746.6052 25.298 84.349 0.07363 0.74409 1.140 0.61427 8.0000 64.13 0.8857 0.8869 1.660639 
746.1686 25.320 84.328 0.07398 0.74484 1.134 0.61393 8.0000 64.54 0.8860 0.8872 1.661611 
745.7319 25.344 84.300 0.07442 0.74557 1.141 0.61352 8.0000 63.90 0.8862 0.8874 1.662584 
745.2950 25.362 84.291 0.07461 0.74626 1.144 0.61333 8.0000 64.09 0.8866 0.8877 1.663559 
744.8582 25.382 84.270 0.07493 0.74672 1.143 0.61284 8.0000 64.59 0.8867 0.8879 1.664534 
744.4211 25.393 84.273 0.07493 0.74714 1.134 0.61271 8.0000 63.90 0.8868 0.8879 1.665512 
743.9841 25.407 84.274 0.07500 0.74797 1.135 0.61278 8.0000 64.50 0.8872 0.8883 1.666490 
743.5468 25.425 84.259 0.07523 0.74824 1.137 0.61224 8.0000 64.16 0.8872 0.8883 1.667470 
743.1096 25.440 84.255 0.07534 0.74877 1.141 0.61202 8.0000 64.89 0.8874 0.8886 1.668451 
742.6722 25.451 84.269 0.07518 0.74904 1.146 0.61176 8.0000 64.57 0.8877 0.8888 1.669434 
742.2347 25.461 84.272 0.07514 0.74912 1.144 0.61137 8.0000 65.13 0.8875 0.8887 1.670418 
741.7971 25.476 84.246 0.07552 0.74946 1.148 0.61101 8.0000 65.63 0.8874 0.8885 1.671403 
741.3594 25.487 84.241 0.07558 0.74946 1.141 0.61057 8.0000 64.60 0.8873 0.8884 1.672390 
740.9216 25.497 84.249 0.07552 0.74987 1.154 0.61044 8.0000 66.09 0.8875 0.8886 1.673378 
740.4838 25.509 84.251 0.07552 0.75014 1.141 0.61011 8.0000 65.74 0.8875 0.8886 1.674367 
740.0458 25.520 84.266 0.07535 0.75034 1.137 0.60981 8.0000 66.17 0.8876 0.8886 1.675358 
739.6077 25.525 84.281 0.07518 0.75078 1.145 0.60992 8.0000 66.18 0.8877 0.8888 1.676351 
739.1696 25.540 84.274 0.07533 0.75130 1.139 0.60970 8.0000 65.79 0.8878 0.8889 1.677344 
738.7313 25.551 84.276 0.07534 0.75161 1.150 0.60948 8.0000 66.19 0.8879 0.8890 1.678339 
738.2930 25.564 84.267 0.07549 0.75187 1.148 0.60913 8.0000 66.76 0.8879 0.8889 1.679336 
737.8545 25.574 84.263 0.07556 0.75211 1.143 0.60887 8.0000 66.53 0.8879 0.8889 1.680334 
737.4160 25.590 84.262 0.07565 0.75281 1.148 0.60877 8.0000 66.25 0.8881 0.8892 1.681333 
736.9773 25.601 84.263 0.07564 0.75288 1.144 0.60835 8.0000 65.82 0.8881 0.8891 1.682334 
736.5386 25.611 84.262 0.07566 0.75300 1.147 0.60798 8.0000 65.88 0.8880 0.8890 1.683336 
736.0997 25.623 84.267 0.07561 0.75312 1.151 0.60756 8.0000 67.88 0.8879 0.8889 1.684340 
735.6608 25.634 84.277 0.07553 0.75366 1.150 0.60753 8.0000 66.80 0.8880 0.8890 1.685344 
735.2218 25.643 84.282 0.07551 0.75403 1.148 0.60741 8.0000 66.77 0.8880 0.8890 1.686351 
734.7827 25.646 84.306 0.07518 0.75397 1.146 0.60722 8.0000 66.77 0.8878 0.8888 1.687359 
734.3434 25.656 84.298 0.07531 0.75431 1.160 0.60707 8.0000 67.63 0.8877 0.8887 1.688368 
733.9041 25.672 84.285 0.07553 0.75469 1.159 0.60669 8.0000 67.92 0.8876 0.8886 1.689379 
733.4647 25.675 84.290 0.07547 0.75480 1.150 0.60664 8.0000 68.31 0.8875 0.8884 1.690391 
733.0252 25.682 84.299 0.07535 0.75483 1.150 0.60637 8.0000 67.69 0.8875 0.8885 1.691404 
732.5856 25.699 84.279 0.07570 0.75558 1.147 0.60622 8.0000 67.62 0.8876 0.8886 1.692419 
732.1459 25.709 84.275 0.07574 0.75558 1.150 0.60581 8.0000 67.67 0.8875 0.8885 1.693436 
731.7061 25.709 84.280 0.07565 0.75532 1.153 0.60560 8.0000 68.22 0.8873 0.8882 1.694453 
731.2662 25.715 84.297 0.07547 0.75567 1.150 0.60559 8.0000 68.08 0.8875 0.8884 1.695473 
730.8262 25.724 84.296 0.07549 0.75586 1.158 0.60537 8.0000 68.29 0.8875 0.8885 1.696494 
730.3861 25.724 84.325 0.07510 0.75580 1.157 0.60526 8.0000 68.50 0.8875 0.8884 1.697516 
729.9459 25.737 84.319 0.07520 0.75597 1.163 0.60484 8.0000 68.51 0.8875 0.8884 1.698539 
729.5057 25.744 84.321 0.07517 0.75582 1.163 0.60444 8.0000 67.96 0.8875 0.8885 1.699564 
729.0653 25.759 84.301 0.07545 0.75612 1.165 0.60405 8.0000 67.82 0.8876 0.8885 1.700591 
728.6248 25.761 84.306 0.07538 0.75600 1.157 0.60385 8.0000 67.85 0.8874 0.8883 1.701619 
728.1843 25.759 84.324 0.07516 0.75623 1.163 0.60411 8.0000 68.37 0.8874 0.8883 1.702648 
727.7436 25.768 84.332 0.07507 0.75634 1.157 0.60381 8.0000 68.22 0.8874 0.8883 1.703680 
727.3028 25.774 84.342 0.07492 0.75627 1.162 0.60348 8.0000 68.33 0.8873 0.8882 1.704712 
726.8619 25.789 84.323 0.07521 0.75657 1.162 0.60308 8.0000 68.56 0.8873 0.8882 1.705746 
726.4210 25.790 84.331 0.07510 0.75647 1.164 0.60295 8.0000 68.55 0.8871 0.8880 1.706781 
725.9799 25.798 84.331 0.07511 0.75671 1.162 0.60278 8.0000 68.30 0.8873 0.8882 1.707818 
725.5388 25.811 84.317 0.07530 0.75669 1.162 0.60224 8.0000 68.30 0.8872 0.8881 1.708857 
725.0975 25.827 84.299 0.07558 0.75703 1.170 0.60182 8.0000 68.66 0.8874 0.8883 1.709897 
724.6561 25.838 84.297 0.07562 0.75719 1.163 0.60150 8.0000 67.97 0.8876 0.8885 1.710938 
724.2147 25.841 84.302 0.07553 0.75700 1.166 0.60122 8.0000 68.55 0.8876 0.8885 1.711981 
723.7732 25.847 84.304 0.07550 0.75693 1.167 0.60090 8.0000 68.22 0.8875 0.8884 1.713025 
723.3315 25.854 84.312 0.07537 0.75679 1.161 0.60047 8.0000 67.99 0.8875 0.8884 1.714072 
722.8898 25.868 84.295 0.07562 0.75690 1.172 0.59998 8.0000 69.20 0.8876 0.8884 1.715119 
722.4479 25.876 84.292 0.07566 0.75696 1.168 0.59964 8.0000 69.13 0.8875 0.8884 1.716168 
722.0060 25.882 84.289 0.07570 0.75689 1.174 0.59934 8.0000 69.01 0.8874 0.8883 1.717218 
721.5640 25.901 84.266 0.07604 0.75734 1.163 0.59894 8.0000 68.60 0.8877 0.8886 1.718270 
721.1218 25.910 84.273 0.07598 0.75767 1.173 0.59881 8.0000 68.97 0.8879 0.8887 1.719324 
720.6796 25.919 84.276 0.07596 0.75775 1.168 0.59845 8.0000 69.49 0.8879 0.8887 1.720379 
720.2373 25.929 84.271 0.07602 0.75777 1.169 0.59803 8.0000 69.49 0.8880 0.8888 1.721435 
719.7949 25.933 84.287 0.07580 0.75764 1.168 0.59775 8.0000 69.29 0.8880 0.8888 1.722493 
719.3524 25.944 84.279 0.07593 0.75793 1.173 0.59752 8.0000 69.25 0.8883 0.8891 1.723553 
718.9097 25.952 84.277 0.07596 0.75798 1.181 0.59721 8.0000 69.44 0.8884 0.8892 1.724614 
718.4670 25.958 84.270 0.07605 0.75792 1.181 0.59691 8.0000 69.93 0.8884 0.8893 1.725677 
718.0242 25.981 84.240 0.07651 0.75848 1.180 0.59643 8.0000 70.41 0.8886 0.8895 1.726741 
717.5813 25.994 84.227 0.07668 0.75851 1.174 0.59590 8.0000 69.89 0.8887 0.8895 1.727807 
717.1383 26.009 84.218 0.07682 0.75860 1.177 0.59534 8.0000 69.09 0.8887 0.8895 1.728874 
716.6952 26.021 84.207 0.07697 0.75875 1.182 0.59496 8.0000 69.76 0.8888 0.8896 1.729943 
716.2520 26.036 84.197 0.07713 0.75889 1.185 0.59442 8.0000 70.32 0.8888 0.8897 1.731013 
715.8087 26.051 84.171 0.07749 0.75911 1.183 0.59397 8.0000 70.49 0.8889 0.8897 1.732086 
715.3653 26.067 84.149 0.07782 0.75946 1.187 0.59359 8.0000 70.71 0.8891 0.8900 1.733159 
714.9218 26.076 84.154 0.07777 0.75960 1.185 0.59330 8.0000 70.28 0.8892 0.8900 1.734234 
714.4782 26.092 84.136 0.07804 0.75978 1.183 0.59278 8.0000 70.49 0.8893 0.8901 1.735311 
714.0345 26.110 84.110 0.07842 0.76006 1.189 0.59227 8.0000 70.39 0.8893 0.8901 1.736389 
713.5907 26.123 84.096 0.07865 0.76054 1.183 0.59209 8.0000 70.52 0.8896 0.8904 1.737469 
713.1469 26.137 84.074 0.07894 0.76047 1.187 0.59149 8.0000 69.67 0.8895 0.8903 1.738550 
712.7028 26.150 84.056 0.07918 0.76048 1.193 0.59096 8.0000 70.29 0.8895 0.8903 1.739634 
712.2588 26.169 84.030 0.07956 0.76085 1.189 0.59046 8.0000 71.32 0.8899 0.8907 1.740718 
711.8146 26.188 84.003 0.07996 0.76119 1.197 0.58994 8.0000 70.42 0.8901 0.8909 1.741805 
711.3703 26.208 83.976 0.08035 0.76143 1.199 0.58930 8.0000 71.17 0.8902 0.8910 1.742892 
710.9259 26.230 83.939 0.08089 0.76182 1.197 0.58869 8.0000 70.53 0.8903 0.8911 1.743982 
710.4814 26.243 83.927 0.08107 0.76200 1.191 0.58830 8.0000 70.60 0.8904 0.8912 1.745073 
710.0369 26.263 83.911 0.08134 0.76245 1.192 0.58780 8.0000 70.80 0.8906 0.8914 1.746165 
709.5922 26.281 83.890 0.08166 0.76282 1.202 0.58737 8.0000 70.37 0.8907 0.8915 1.747260 
709.1474 26.301 83.876 0.08188 0.76320 1.198 0.58683 8.0000 71.17 0.8910 0.8918 1.748356 
708.7026 26.319 83.858 0.08215 0.76341 1.201 0.58622 8.0000 71.67 0.8911 0.8919 1.749453 
708.2576 26.340 83.839 0.08244 0.76376 1.200 0.58562 8.0000 71.55 0.8913 0.8921 1.750552 
707.8125 26.357 83.825 0.08267 0.76407 1.207 0.58516 8.0000 70.61 0.8914 0.8922 1.751653 
707.3674 26.380 83.799 0.08305 0.76437 1.208 0.58446 8.0000 71.03 0.8915 0.8923 1.752755 
706.9221 26.401 83.774 0.08343 0.76481 1.208 0.58390 8.0000 71.65 0.8917 0.8925 1.753859 
706.4767 26.423 83.751 0.08377 0.76507 1.212 0.58320 8.0000 72.04 0.8919 0.8927 1.754965 
706.0313 26.445 83.714 0.08431 0.76544 1.214 0.58261 8.0000 71.86 0.8919 0.8927 1.756072 
705.5857 26.468 83.690 0.08469 0.76593 1.212 0.58202 8.0000 72.22 0.8922 0.8930 1.757181 
705.1401 26.489 83.679 0.08489 0.76637 1.204 0.58152 8.0000 71.46 0.8925 0.8933 1.758292 
704.6943 26.511 83.664 0.08516 0.76686 1.212 0.58096 8.0000 71.34 0.8927 0.8935 1.759404 
704.2484 26.528 83.644 0.08546 0.76717 1.214 0.58050 8.0000 70.93 0.8927 0.8935 1.760518 
703.8025 26.547 83.626 0.08573 0.76752 1.224 0.57999 8.0000 71.21 0.8926 0.8934 1.761633 
703.3564 26.567 83.591 0.08626 0.76799 1.222 0.57951 8.0000 70.95 0.8927 0.8935 1.762751 
702.9103 26.593 83.569 0.08660 0.76834 1.220 0.57871 8.0000 72.09 0.8929 0.8937 1.763869 
702.4641 26.619 83.537 0.08709 0.76887 1.225 0.57809 8.0000 72.45 0.8932 0.8940 1.764990 
702.0177 26.643 83.516 0.08744 0.76942 1.223 0.57750 8.0000 72.11 0.8935 0.8943 1.766112 
701.5712 26.666 83.492 0.08783 0.76993 1.224 0.57694 8.0000 72.47 0.8937 0.8945 1.767236 
701.1247 26.689 83.477 0.08811 0.77056 1.233 0.57645 8.0000 72.42 0.8940 0.8948 1.768361 
700.6780 26.713 83.458 0.08841 0.77087 1.234 0.57572 8.0000 71.75 0.8941 0.8949 1.769489 
700.2313 26.735 83.437 0.08874 0.77137 1.239 0.57517 8.0000 72.42 0.8943 0.8951 1.770618 
699.7844 26.756 83.419 0.08907 0.77204 1.239 0.57484 8.0000 71.00 0.8946 0.8954 1.771748 
699.3375 26.777 83.402 0.08937 0.77269 1.233 0.57443 8.0000 71.47 0.8948 0.8956 1.772881 
698.8904 26.801 83.377 0.08978 0.77316 1.234 0.57382 8.0000 72.32 0.8950 0.8958 1.774015 
698.4433 26.825 83.356 0.09012 0.77365 1.236 0.57319 8.0000 72.02 0.8953 0.8961 1.775150 
697.9961 26.854 83.318 0.09073 0.77439 1.242 0.57258 8.0000 71.88 0.8957 0.8965 1.776288 
697.5488 26.877 83.296 0.09107 0.77482 1.247 0.57197 8.0000 72.16 0.8960 0.8968 1.777427 
697.1013 26.895 83.279 0.09136 0.77526 1.252 0.57154 8.0000 72.12 0.8960 0.8968 1.778568 
696.6537 26.918 83.261 0.09166 0.77570 1.255 0.57092 8.0000 72.12 0.8962 0.8970 1.779711 
696.2061 26.942 83.241 0.09202 0.77641 1.253 0.57047 8.0000 71.44 0.8964 0.8972 1.780855 
695.7584 26.965 83.227 0.09227 0.77688 1.250 0.56985 8.0000 71.65 0.8966 0.8974 1.782001 
695.3105 26.986 83.209 0.09257 0.77739 1.257 0.56937 8.0000 72.85 0.8968 0.8976 1.783149 
694.8626 27.012 83.188 0.09293 0.77795 1.256 0.56874 8.0000 72.66 0.8972 0.8980 1.784298 
694.4146 27.034 83.169 0.09325 0.77840 1.257 0.56815 8.0000 72.61 0.8974 0.8982 1.785449 
693.9664 27.055 83.162 0.09342 0.77903 1.262 0.56775 8.0000 71.28 0.8977 0.8985 1.786602 
693.5182 27.086 83.136 0.09387 0.77988 1.261 0.56712 8.0000 71.62 0.8980 0.8988 1.787757 
693.0699 27.109 83.131 0.09402 0.78055 1.266 0.56664 8.0000 71.54 0.8983 0.8991 1.788913 
692.6215 27.132 83.121 0.09426 0.78130 1.264 0.56626 8.0000 71.92 0.8985 0.8993 1.790071 
692.1729 27.153 83.110 0.09448 0.78188 1.271 0.56580 8.0000 72.07 0.8986 0.8995 1.791231 
691.7243 27.175 83.101 0.09468 0.78249 1.268 0.56535 8.0000 72.67 0.8990 0.8998 1.792393 
691.2756 27.205 83.081 0.09503 0.78306 1.267 0.56451 8.0000 72.26 0.8993 0.9002 1.793557 
690.8267 27.227 83.065 0.09532 0.78364 1.279 0.56403 8.0000 71.57 0.8996 0.9004 1.794722 
690.3778 27.251 83.047 0.09565 0.78436 1.277 0.56358 8.0000 71.53 0.8999 0.9007 1.795889 
689.9288 27.270 83.039 0.09584 0.78499 1.284 0.56324 8.0000 71.02 0.9002 0.9010 1.797058 
689.4797 27.297 83.022 0.09617 0.78570 1.280 0.56266 8.0000 71.16 0.9006 0.9014 1.798228 
689.0304 27.319 83.011 0.09637 0.78611 1.277 0.56207 8.0000 70.23 0.9008 0.9016 1.799401 
688.5811 27.342 82.995 0.09667 0.78681 1.279 0.56162 8.0000 72.25 0.9011 0.9019 1.800575 
688.1317 27.362 82.982 0.09690 0.78722 1.278 0.56109 8.0000 71.78 0.9012 0.9021 1.801751 
687.6821 27.382 82.976 0.09707 0.78785 1.286 0.56071 8.0000 72.22 0.9014 0.9023 1.802929 
687.2325 27.408 82.955 0.09744 0.78846 1.294 0.56011 8.0000 72.28 0.9017 0.9025 1.804108 
686.7828 27.430 82.945 0.09765 0.78901 1.305 0.55958 8.0000 72.34 0.9018 0.9026 1.805290 
686.3329 27.451 82.937 0.09785 0.78968 1.301 0.55919 8.0000 71.61 0.9020 0.9029 1.806473 
685.8830 27.472 82.933 0.09799 0.79033 1.297 0.55879 8.0000 71.27 0.9022 0.9031 1.807658 
685.4330 27.499 82.923 0.09822 0.79116 1.301 0.55828 8.0000 72.03 0.9026 0.9034 1.808845 
684.9828 27.525 82.911 0.09849 0.79195 1.303 0.55778 8.0000 71.98 0.9030 0.9038 1.810034 
684.5327 27.543 82.908 0.09859 0.79242 1.303 0.55734 8.0000 72.20 0.9031 0.9039 1.811224 
684.0823 27.565 82.892 0.09886 0.79280 1.309 0.55672 8.0000 71.60 0.9031 0.9040 1.812416 
683.6319 27.586 82.887 0.09900 0.79342 1.319 0.55631 8.0000 71.87 0.9033 0.9042 1.813610 
683.1813 27.606 82.876 0.09922 0.79390 1.321 0.55583 8.0000 71.30 0.9034 0.9042 1.814807 
682.7307 27.632 82.854 0.09962 0.79460 1.323 0.55527 8.0000 71.72 0.9037 0.9045 1.816004 
682.2800 27.653 82.851 0.09972 0.79505 1.323 0.55469 8.0000 72.22 0.9038 0.9046 1.817204 
681.8292 27.678 82.833 0.10005 0.79564 1.314 0.55411 8.0000 71.25 0.9040 0.9048 1.818405 
681.3782 27.702 82.821 0.10028 0.79615 1.320 0.55348 8.0000 71.88 0.9042 0.9050 1.819609 
680.9272 27.719 82.811 0.10047 0.79658 1.335 0.55307 8.0000 71.59 0.9043 0.9052 1.820814 
680.4761 27.742 82.794 0.10077 0.79700 1.334 0.55245 8.0000 71.95 0.9045 0.9053 1.822021 
680.0248 27.761 82.784 0.10095 0.79736 1.340 0.55195 8.0000 71.38 0.9046 0.9054 1.823230 
679.5735 27.782 82.770 0.10122 0.79790 1.344 0.55146 8.0000 71.83 0.9048 0.9056 1.824441 
679.1221 27.802 82.759 0.10142 0.79817 1.340 0.55084 8.0000 71.63 0.9049 0.9057 1.825654 
678.6705 27.823 82.751 0.10158 0.79857 1.351 0.55026 8.0000 72.49 0.9050 0.9058 1.826869 
678.2189 27.843 82.742 0.10176 0.79903 1.351 0.54976 8.0000 72.52 0.9051 0.9059 1.828085 
677.7672 27.864 82.722 0.10212 0.79956 1.351 0.54928 8.0000 71.37 0.9052 0.9060 1.829303 
677.3154 27.883 82.715 0.10229 0.80010 1.359 0.54886 8.0000 71.10 0.9053 0.9062 1.830524 
676.8634 27.905 82.702 0.10254 0.80066 1.367 0.54838 8.0000 72.08 0.9056 0.9065 1.831746 
676.4114 27.925 82.691 0.10272 0.80088 1.370 0.54772 8.0000 71.88 0.9057 0.9066 1.832970 
675.9592 27.943 82.673 0.10301 0.80113 1.371 0.54716 8.0000 72.04 0.9058 0.9067 1.834196 
675.5070 27.964 82.657 0.10329 0.80153 1.372 0.54660 8.0000 71.84 0.9060 0.9068 1.835424 
675.0547 27.982 82.652 0.10341 0.80186 1.376 0.54607 8.0000 71.65 0.9061 0.9069 1.836654 
674.6022 28.000 82.642 0.10358 0.80219 1.379 0.54557 8.0000 71.42 0.9061 0.9070 1.837886 
674.1497 28.019 82.634 0.10375 0.80263 1.384 0.54509 8.0000 72.08 0.9062 0.9071 1.839120 
673.6971 28.037 82.626 0.10390 0.80289 1.385 0.54455 8.0000 71.23 0.9064 0.9072 1.840355 
673.2443 28.059 82.613 0.10414 0.80328 1.394 0.54393 8.0000 72.03 0.9066 0.9074 1.841593 
672.7915 28.078 82.600 0.10435 0.80352 1.399 0.54333 8.0000 72.38 0.9068 0.9076 1.842832 
672.3386 28.097 82.591 0.10452 0.80371 1.402 0.54267 8.0000 71.89 0.9070 0.9078 1.844074 
671.8855 28.116 82.578 0.10472 0.80390 1.397 0.54207 8.0000 71.37 0.9071 0.9079 1.845317 
671.4324 28.134 82.568 0.10491 0.80422 1.410 0.54156 8.0000 71.61 0.9073 0.9081 1.846563 
670.9791 28.153 82.558 0.10510 0.80463 1.408 0.54106 8.0000 72.25 0.9074 0.9082 1.847810 
670.5258 28.173 82.543 0.10536 0.80491 1.422 0.54047 8.0000 71.83 0.9076 0.9084 1.849059 
670.0723 28.191 82.528 0.10560 0.80517 1.430 0.53992 8.0000 72.51 0.9079 0.9087 1.850311 
669.6188 28.209 82.519 0.10576 0.80540 1.425 0.53931 8.0000 71.05 0.9081 0.9090 1.851564 
669.1651 28.226 82.510 0.10591 0.80562 1.438 0.53880 8.0000 72.36 0.9083 0.9091 1.852819 
668.7114 28.247 82.500 0.10611 0.80594 1.436 0.53816 8.0000 71.85 0.9084 0.9092 1.854076 
668.2575 28.265 82.493 0.10623 0.80619 1.438 0.53759 8.0000 71.83 0.9084 0.9092 1.855336 
667.8035 28.283 82.483 0.10641 0.80649 1.437 0.53707 8.0000 71.93 0.9086 0.9094 1.856597 
667.3495 28.300 82.472 0.10661 0.80672 1.448 0.53656 8.0000 72.11 0.9087 0.9095 1.857860 
666.8953 28.320 82.462 0.10678 0.80695 1.459 0.53592 8.0000 72.05 0.9089 0.9097 1.859125 
666.4411 28.339 82.449 0.10700 0.80718 1.463 0.53532 8.0000 70.73 0.9092 0.9100 1.860392 
665.9868 28.357 82.441 0.10715 0.80741 1.461 0.53473 8.0000 71.60 0.9095 0.9102 1.861661 
665.5323 28.370 82.438 0.10724 0.80781 1.470 0.53447 8.0000 72.04 0.9097 0.9104 1.862933 
665.0777 28.389 82.426 0.10744 0.80802 1.471 0.53383 8.0000 70.99 0.9098 0.9106 1.864206 
664.6230 28.405 82.416 0.10762 0.80823 1.475 0.53337 8.0000 71.94 0.9100 0.9108 1.865482 
664.1683 28.422 82.411 0.10772 0.80852 1.480 0.53285 8.0000 71.71 0.9103 0.9110 1.866759 
663.7134 28.439 82.404 0.10786 0.80874 1.487 0.53231 8.0000 71.51 0.9104 0.9112 1.868038 
663.2584 28.455 82.394 0.10803 0.80900 1.490 0.53188 8.0000 71.86 0.9106 0.9114 1.869319 
662.8034 28.468 82.392 0.10809 0.80925 1.497 0.53151 8.0000 70.12 0.9108 0.9116 1.870603 
662.3482 28.482 82.387 0.10820 0.80946 1.502 0.53107 8.0000 71.83 0.9110 0.9118 1.871888 
661.8929 28.501 82.375 0.10839 0.80964 1.512 0.53045 8.0000 71.90 0.9112 0.9120 1.873176 
661.4376 28.516 82.365 0.10856 0.80981 1.516 0.52994 8.0000 71.25 0.9114 0.9122 1.874465 
660.9821 28.531 82.361 0.10864 0.81001 1.521 0.52950 8.0000 71.72 0.9116 0.9123 1.875757 
660.5265 28.544 82.361 0.10867 0.81024 1.527 0.52913 8.0000 70.22 0.9116 0.9124 1.877051 
660.0708 28.556 82.360 0.10872 0.81046 1.535 0.52874 8.0000 71.69 0.9117 0.9125 1.878347 
659.6151 28.572 82.359 0.10878 0.81081 1.537 0.52836 8.0000 71.64 0.9120 0.9128 1.879644 
659.1592 28.588 82.356 0.10885 0.81111 1.540 0.52789 8.0000 71.29 0.9122 0.9130 1.880945 
658.7032 28.600 82.355 0.10890 0.81133 1.538 0.52757 8.0000 70.81 0.9125 0.9133 1.882247 
658.2471 28.611 82.348 0.10903 0.81154 1.555 0.52727 8.0000 71.68 0.9128 0.9136 1.883551 
657.7909 28.623 82.347 0.10906 0.81170 1.561 0.52688 8.0000 71.58 0.9131 0.9139 1.884857 
657.3346 28.638 82.343 0.10916 0.81193 1.577 0.52642 8.0000 71.23 0.9132 0.9140 1.886166 
656.8782 28.653 82.345 0.10917 0.81227 1.573 0.52605 8.0000 70.92 0.9133 0.9141 1.887476 
656.4218 28.665 82.343 0.10924 0.81252 1.583 0.52570 8.0000 70.89 0.9134 0.9142 1.888788 
655.9651 28.679 82.338 0.10933 0.81267 1.589 0.52524 8.0000 70.67 0.9136 0.9144 1.890103 
655.5084 28.694 82.328 0.10951 0.81289 1.591 0.52480 8.0000 70.03 0.9139 0.9146 1.891420 
655.0516 28.708 82.324 0.10957 0.81292 1.606 0.52426 8.0000 70.34 0.9141 0.9149 1.892739 
654.5947 28.719 82.322 0.10962 0.81313 1.612 0.52397 8.0000 70.97 0.9143 0.9151 1.894060 
654.1377 28.732 82.320 0.10969 0.81343 1.615 0.52363 8.0000 70.44 0.9145 0.9153 1.895384 
653.6806 28.741 82.318 0.10975 0.81363 1.627 0.52339 8.0000 70.70 0.9146 0.9154 1.896709 
653.2234 28.756 82.310 0.10987 0.81375 1.633 0.52288 8.0000 71.62 0.9148 0.9156 1.898037 
652.7661 28.768 82.312 0.10988 0.81395 1.634 0.52253 8.0000 70.29 0.9151 0.9159 1.899366 
652.3087 28.780 82.310 0.10992 0.81403 1.646 0.52208 8.0000 70.41 0.9153 0.9161 1.900698 
651.8511 28.791 82.310 0.10993 0.81417 1.657 0.52172 8.0000 70.19 0.9155 0.9162 1.902032 
651.3936 28.807 82.305 0.11007 0.81458 1.670 0.52137 8.0000 69.94 0.9158 0.9166 1.903368 
650.9358 28.818 82.312 0.11001 0.81486 1.679 0.52110 8.0000 71.15 0.9159 0.9167 1.904707 
650.4780 28.832 82.314 0.11003 0.81524 1.679 0.52076 8.0000 70.18 0.9162 0.9170 1.906047 
650.0201 28.850 82.309 0.11014 0.81553 1.687 0.52025 8.0000 69.64 0.9166 0.9174 1.907390 
649.5620 28.865 82.305 0.11023 0.81582 1.679 0.51981 8.0000 70.11 0.9168 0.9176 1.908735 
649.1039 28.877 82.305 0.11025 0.81597 1.694 0.51942 8.0000 69.44 0.9171 0.9179 1.910082 
648.6457 28.892 82.293 0.11044 0.81612 1.713 0.51896 8.0000 69.29 0.9175 0.9182 1.911432 
648.1873 28.908 82.291 0.11053 0.81645 1.728 0.51852 8.0000 69.81 0.9177 0.9185 1.912783 
647.7289 28.922 82.279 0.11071 0.81662 1.738 0.51809 8.0000 70.23 0.9180 0.9188 1.914137 
647.2703 28.936 82.278 0.11078 0.81692 1.735 0.51771 8.0000 69.43 0.9182 0.9190 1.915493 
646.8117 28.949 82.265 0.11100 0.81714 1.742 0.51732 8.0000 69.01 0.9184 0.9192 1.916851 
646.3530 28.964 82.264 0.11104 0.81734 1.752 0.51685 8.0000 68.45 0.9187 0.9195 1.918212 
645.8941 28.978 82.257 0.11115 0.81749 1.763 0.51640 8.0000 69.67 0.9190 0.9198 1.919575 
645.4351 28.993 82.249 0.11130 0.81775 1.774 0.51597 8.0000 68.93 0.9192 0.9200 1.920940 
644.9761 29.010 82.245 0.11142 0.81809 1.789 0.51552 8.0000 69.02 0.9194 0.9202 1.922307 
644.5169 29.026 82.225 0.11173 0.81831 1.783 0.51506 8.0000 69.18 0.9199 0.9206 1.923676 
644.0577 29.041 82.212 0.11195 0.81851 1.789 0.51457 8.0000 68.92 0.9201 0.9209 1.925048 
643.5983 29.055 82.200 0.11216 0.81878 1.811 0.51421 8.0000 68.75 0.9204 0.9212 1.926422 
643.1389 29.071 82.196 0.11227 0.81914 1.821 0.51381 8.0000 69.30 0.9207 0.9214 1.927798 
642.6793 29.083 82.194 0.11234 0.81941 1.825 0.51350 8.0000 69.15 0.9209 0.9217 1.929177 
642.2196 29.097 82.179 0.11258 0.81964 1.829 0.51309 8.0000 68.17 0.9212 0.9220 1.930558 
641.7598 29.114 82.175 0.11268 0.81998 1.848 0.51262 8.0000 67.89 0.9215 0.9222 1.931941 
641.2999 29.133 82.162 0.11294 0.82039 1.856 0.51214 8.0000 68.01 0.9219 0.9226 1.933326 
640.8400 29.154 82.151 0.11315 0.82080 1.861 0.51158 8.0000 68.10 0.9222 0.9229 1.934714 
640.3799 29.168 82.141 0.11334 0.82108 1.884 0.51119 8.0000 68.46 0.9223 0.9231 1.936104 
639.9197 29.189 82.127 0.11360 0.82148 1.905 0.51064 8.0000 69.14 0.9227 0.9235 1.937496 
639.4594 29.205 82.117 0.11378 0.82177 1.909 0.51020 8.0000 69.20 0.9230 0.9237 1.938891 
638.9990 29.221 82.103 0.11400 0.82187 1.907 0.50964 8.0000 69.62 0.9233 0.9240 1.940288 
638.5385 29.237 82.091 0.11421 0.82218 1.931 0.50920 8.0000 69.63 0.9235 0.9242 1.941687 
638.0779 29.252 82.081 0.11439 0.82230 1.920 0.50868 8.0000 69.72 0.9238 0.9245 1.943089 
637.6172 29.267 82.068 0.11460 0.82252 1.925 0.50822 8.0000 69.27 0.9240 0.9248 1.944493 
637.1564 29.287 82.060 0.11478 0.82293 1.937 0.50771 8.0000 69.50 0.9246 0.9253 1.945899 
636.6954 29.303 82.051 0.11494 0.82322 1.954 0.50724 8.0000 69.86 0.9248 0.9256 1.947308 
636.2344 29.324 82.028 0.11534 0.82363 1.970 0.50670 8.0000 69.52 0.9251 0.9258 1.948719 
635.7733 29.342 82.014 0.11558 0.82383 1.964 0.50612 8.0000 69.34 0.9252 0.9260 1.950132 
635.3121 29.354 82.004 0.11574 0.82393 1.983 0.50572 8.0000 68.77 0.9254 0.9262 1.951548 
634.8508 29.371 81.986 0.11605 0.82435 1.987 0.50530 8.0000 69.11 0.9259 0.9266 1.952966 
634.3893 29.389 81.972 0.11630 0.82460 2.014 0.50476 8.0000 69.10 0.9259 0.9266 1.954387 
633.9278 29.414 81.955 0.11666 0.82538 2.022 0.50427 8.0000 69.43 0.9259 0.9267 1.955809 
633.4662 29.443 81.941 0.11696 0.82606 2.039 0.50358 8.0000 69.07 0.9263 0.9270 1.957235 
633.0044 29.464 81.929 0.11721 0.82650 2.050 0.50302 8.0000 69.11 0.9265 0.9272 1.958662 
632.5425 29.483 81.922 0.11734 0.82677 2.053 0.50242 8.0000 69.14 0.9263 0.9270 1.960093 
632.0806 29.501 81.913 0.11751 0.82706 2.060 0.50188 8.0000 69.08 0.9268 0.9275 1.961525 
631.6186 29.511 81.911 0.11753 0.82692 2.072 0.50142 8.0000 68.38 0.9264 0.9271 1.962960 
631.1564 29.530 81.907 0.11761 0.82705 2.100 0.50075 8.0000 69.01 0.9270 0.9277 1.964397 
630.6942 29.541 81.889 0.11784 0.82683 2.091 0.50020 8.0000 69.13 0.9280 0.9287 1.965837 
630.2318 29.550 81.869 0.11815 0.82691 2.129 0.49991 8.0000 68.87 0.9291 0.9298 1.967279 
629.7693 29.552 81.856 0.11829 0.82656 2.135 0.49964 8.0000 68.41 0.9300 0.9306 1.968724 
629.3068 29.572 81.837 0.11865 0.82712 2.137 0.49921 8.0000 68.89 0.9305 0.9312 1.970171 
628.8441 29.577 81.827 0.11875 0.82684 2.152 0.49884 8.0000 68.16 0.9306 0.9313 1.971620 
628.3813 29.606 81.817 0.11901 0.82765 2.152 0.49820 8.0000 68.58 0.9308 0.9315 1.973073 
627.9184 29.628 81.806 0.11928 0.82831 2.176 0.49775 8.0000 68.21 0.9316 0.9323 1.974527 
627.4554 29.660 81.807 0.11938 0.82911 2.180 0.49697 8.0000 68.49 0.9313 0.9320 1.975984 
626.9923 29.671 81.794 0.11960 0.82933 2.208 0.49668 8.0000 68.54 0.9308 0.9315 1.977444 
626.5291 29.682 81.784 0.11968 0.82887 2.203 0.49600 8.0000 68.50 0.9299 0.9306 1.978905 
626.0658 29.688 81.777 0.11980 0.82906 2.212 0.49587 8.0000 68.33 0.9311 0.9318 1.980370 
625.6024 29.705 81.772 0.11990 0.82919 2.234 0.49530 8.0000 68.41 0.9318 0.9324 1.981837 
625.1389 29.723 81.802 0.11950 0.82946 2.256 0.49471 8.0000 68.46 0.9324 0.9331 1.983306 
624.6753 29.764 81.806 0.11943 0.82943 2.260 0.49306 8.0000 68.23 0.9312 0.9319 1.984778 
624.2115 29.771 81.823 0.11914 0.82912 2.273 0.49258 8.0000 67.60 0.9322 0.9329 1.986253 
623.7477 29.777 81.836 0.11895 0.82913 2.255 0.49233 8.0000 67.55 0.9341 0.9348 1.987730 
623.2838 29.799 81.855 0.11894 0.83108 2.274 0.49259 8.0000 67.33 0.9357 0.9363 1.989209 
622.8198 29.811 81.846 0.11924 0.83222 2.303 0.49282 8.0000 68.01 0.9380 0.9387 1.990691 
622.3557 29.797 81.756 0.12070 0.83306 2.328 0.49397 8.0000 67.91 0.9410 0.9417 1.992176 
621.8914 29.798 81.672 0.12197 0.83329 2.346 0.49418 8.0000 67.83 0.9434 0.9440 1.993663 
621.4271 29.793 81.577 0.12339 0.83330 2.351 0.49450 8.0000 67.69 0.9445 0.9452 1.995153 
620.9626 29.790 81.467 0.12493 0.83266 2.304 0.49439 8.0000 67.19 0.9450 0.9457 1.996645 
620.4980 29.789 81.368 0.12614 0.83097 2.362 0.49355 8.0000 67.22 0.9440 0.9447 1.998140 
620.0334 29.804 81.269 0.12754 0.83041 2.344 0.49274 8.0000 67.28 0.9450 0.9457 1.999637 
619.5687 29.843 81.158 0.12912 0.83004 2.406 0.49113 8.0000 67.06 0.9454 0.9461 2.001137 
619.1038 29.858 81.077 0.13019 0.82919 2.370 0.49018 8.0000 67.32 0.9468 0.9476 2.002640 
618.6388 29.860 80.995 0.13125 0.82818 2.394 0.48961 8.0000 67.15 0.9485 0.9493 2.004145 
618.1737 29.880 80.908 0.13244 0.82754 2.410 0.48857 8.0000 67.45 0.9498 0.9506 2.005653 
617.7086 29.891 80.826 0.13340 0.82607 2.437 0.48736 8.0000 66.78 0.9513 0.9520 2.007163 
617.2433 29.906 80.750 0.13434 0.82484 2.401 0.48616 8.0000 66.70 0.9521 0.9529 2.008676 
616.7779 29.924 80.678 0.13528 0.82416 2.411 0.48516 8.0000 67.71 0.9533 0.9541 2.010192 
616.3124 29.939 80.617 0.13601 0.82308 2.457 0.48402 8.0000 67.24 0.9538 0.9546 2.011710 
615.8468 29.941 80.564 0.13656 0.82169 2.414 0.48319 8.0000 66.59 0.9545 0.9553 2.013231 
615.3810 29.964 80.497 0.13739 0.82072 2.423 0.48183 8.0000 66.37 0.9556 0.9565 2.014755 
614.9153 29.971 80.444 0.13790 0.81916 2.446 0.48073 8.0000 66.72 0.9564 0.9573 2.016281 
614.4493 29.983 80.393 0.13844 0.81794 2.399 0.47959 8.0000 67.13 0.9573 0.9582 2.017810 
613.9833 29.999 80.358 0.13877 0.81679 2.481 0.47838 8.0000 66.35 0.9578 0.9587 2.019341 
613.5172 30.016 80.316 0.13922 0.81588 2.418 0.47726 8.0000 65.19 0.9588 0.9597 2.020875 
613.0510 30.036 80.283 0.13957 0.81505 2.421 0.47602 8.0000 66.55 0.9592 0.9602 2.022412 
612.5847 30.060 80.252 0.13985 0.81405 2.470 0.47458 8.0000 66.38 0.9598 0.9608 2.023952 
612.1182 30.085 80.224 0.14012 0.81320 2.427 0.47317 8.0000 66.15 0.9603 0.9613 2.025494 
611.6517 30.108 80.197 0.14034 0.81229 2.543 0.47178 8.0000 65.90 0.9605 0.9615 2.027039 
611.1850 30.131 80.180 0.14048 0.81155 2.659 0.47052 8.0000 65.04 0.9604 0.9615 2.028587 
610.7183 30.155 80.162 0.14060 0.81077 2.491 0.46915 8.0000 66.46 0.9604 0.9615 2.030137 
610.2514 30.179 80.146 0.14070 0.81002 2.514 0.46783 8.0000 65.78 0.9603 0.9614 2.031690 
609.7844 30.204 80.128 0.14082 0.80921 2.441 0.46646 8.0000 66.69 0.9601 0.9612 2.033246 
609.3173 30.233 80.126 0.14076 0.80870 2.428 0.46506 8.0000 65.38 0.9600 0.9611 2.034805 
608.8502 30.266 80.123 0.14075 0.80839 2.437 0.46364 8.0000 64.86 0.9596 0.9608 2.036366 
608.3829 30.295 80.130 0.14055 0.80783 2.475 0.46220 8.0000 65.18 0.9590 0.9602 2.037930 
607.9155 30.326 80.135 0.14044 0.80756 2.313 0.46087 8.0000 66.18 0.9584 0.9596 2.039497 
607.4480 30.361 80.147 0.14023 0.80739 2.297 0.45946 8.0000 65.70 0.9578 0.9590 2.041067 
606.9804 30.394 80.162 0.13998 0.80723 2.328 0.45811 8.0000 64.23 0.9571 0.9583 2.042639 
606.5127 30.429 80.176 0.13977 0.80722 2.471 0.45676 8.0000 63.35 0.9564 0.9576 2.044214 
606.0449 30.462 80.200 0.13943 0.80721 2.438 0.45550 8.0000 64.34 0.9555 0.9567 2.045792 
605.5770 30.495 80.230 0.13899 0.80722 2.428 0.45420 8.0000 63.64 0.9547 0.9559 2.047373 
605.1089 30.533 80.258 0.13861 0.80735 2.447 0.45285 8.0000 64.61 0.9538 0.9550 2.048957 
604.6408 30.570 80.281 0.13831 0.80754 2.477 0.45152 8.0000 64.96 0.9530 0.9542 2.050543 
604.1726 30.614 80.311 0.13795 0.80800 2.470 0.45011 8.0000 63.51 0.9520 0.9532 2.052132 
603.7042 30.657 80.349 0.13751 0.80858 2.175 0.44878 8.0000 63.58 0.9511 0.9523 2.053724 
603.2358 30.699 80.385 0.13708 0.80916 2.416 0.44748 8.0000 63.49 0.9501 0.9513 2.055319 
602.7673 30.741 80.429 0.13653 0.80969 2.179 0.44618 8.0000 62.40 0.9490 0.9502 2.056916 
602.2986 30.777 80.473 0.13597 0.81018 2.307 0.44503 8.0000 63.63 0.9477 0.9489 2.058517 
601.8298 30.820 80.518 0.13540 0.81066 2.199 0.44367 8.0000 63.10 0.9467 0.9478 2.060121 
601.3610 30.860 80.567 0.13478 0.81126 2.235 0.44244 8.0000 62.82 0.9453 0.9465 2.061726 
600.8920 30.902 80.617 0.13418 0.81195 2.287 0.44121 8.0000 62.85 0.9441 0.9452 2.063336 
600.4229 30.943 80.670 0.13353 0.81275 2.379 0.44005 8.0000 62.28 0.9427 0.9438 2.064948 
599.9537 30.986 80.724 0.13289 0.81362 2.524 0.43885 8.0000 63.27 0.9414 0.9425 2.066563 
599.4844 31.031 80.780 0.13224 0.81466 2.517 0.43770 8.0000 62.44 0.9400 0.9411 2.068181 
599.0150 31.079 80.845 0.13148 0.81584 2.419 0.43649 8.0000 61.34 0.9386 0.9397 2.069801 
598.5455 31.121 80.901 0.13081 0.81679 2.364 0.43536 8.0000 61.07 0.9370 0.9381 2.071425 
598.0759 31.167 80.957 0.13017 0.81783 2.544 0.43416 8.0000 62.22 0.9356 0.9367 2.073051 
597.6062 31.207 81.024 0.12932 0.81877 2.452 0.43308 8.0000 61.83 0.9342 0.9352 2.074680 
597.1364 31.251 81.090 0.12858 0.82014 2.411 0.43212 8.0000 61.16 0.9329 0.9339 2.076313 
596.6664 31.300 81.155 0.12787 0.82167 2.363 0.43104 8.0000 61.31 0.9314 0.9324 2.077948 
596.1964 31.346 81.225 0.12702 0.82293 2.322 0.42993 8.0000 60.53 0.9297 0.9307 2.079586 
595.7263 31.391 81.294 0.12624 0.82443 2.462 0.42898 8.0000 61.20 0.9285 0.9295 2.081227 
595.2560 31.428 81.368 0.12533 0.82556 2.434 0.42811 8.0000 60.49 0.9276 0.9285 2.082872 
594.7857 31.460 81.442 0.12440 0.82663 2.435 0.42739 8.0000 60.57 0.9262 0.9271 2.084519 
594.3152 31.497 81.512 0.12354 0.82778 2.437 0.42656 8.0000 60.21 0.9252 0.9261 2.086169 
593.8447 31.533 81.577 0.12278 0.82916 2.433 0.42587 8.0000 60.41 0.9245 0.9254 2.087822 
593.3740 31.569 81.643 0.12200 0.83049 2.410 0.42516 8.0000 60.10 0.9233 0.9242 2.089478 
592.9032 31.612 81.700 0.12144 0.83242 2.428 0.42450 8.0000 60.42 0.9230 0.9239 2.091137 
592.4323 31.650 81.757 0.12085 0.83426 2.402 0.42397 8.0000 59.16 0.9220 0.9228 2.092799 
591.9613 31.694 81.824 0.12018 0.83646 2.393 0.42339 8.0000 58.92 0.9208 0.9216 2.094464 
591.4902 31.740 81.891 0.11946 0.83848 2.376 0.42264 8.0000 58.87 0.9193 0.9201 2.096133 
591.0190 31.795 81.953 0.11889 0.84094 2.352 0.42180 8.0000 58.76 0.9179 0.9188 2.097804 
590.5477 31.833 82.016 0.11816 0.84250 2.353 0.42110 8.0000 58.44 0.9169 0.9177 2.099478 
590.0763 31.883 82.073 0.11767 0.84508 2.343 0.42047 8.0000 58.60 0.9163 0.9171 2.101155 
589.6048 31.906 82.132 0.11698 0.84649 2.342 0.42025 8.0000 57.77 0.9157 0.9165 2.102836 
589.1331 31.939 82.187 0.11637 0.84812 2.295 0.41980 8.0000 58.05 0.9147 0.9155 2.104519 
588.6614 31.958 82.214 0.11613 0.84927 2.296 0.41962 8.0000 58.34 0.9149 0.9157 2.106206 
588.1896 31.988 82.256 0.11572 0.85096 2.292 0.41931 8.0000 58.48 0.9157 0.9164 2.107895 
587.7176 32.020 82.287 0.11559 0.85340 2.281 0.41930 8.0000 56.18 0.9171 0.9178 2.109588 
587.2455 32.060 82.309 0.11551 0.85536 2.236 0.41873 8.0000 56.12 0.9169 0.9176 2.111284 
586.7734 32.086 82.320 0.11560 0.85731 2.242 0.41871 8.0000 57.33 0.9172 0.9179 2.112983 
586.3011 32.107 82.284 0.11637 0.85889 2.223 0.41874 8.0000 57.69 0.9177 0.9183 2.114685 
585.8287 32.096 82.250 0.11713 0.86065 2.247 0.42005 8.0000 58.00 0.9203 0.9210 2.116390 
585.3563 32.120 82.190 0.11833 0.86271 2.192 0.42020 8.0000 56.80 0.9211 0.9218 2.118098 
584.8837 32.144 82.120 0.11968 0.86466 2.172 0.42033 8.0000 55.78 0.9211 0.9218 2.119809 
584.4109 32.152 82.023 0.12110 0.86426 2.163 0.41994 8.0000 55.55 0.9215 0.9222 2.121524 
583.9382 32.169 81.931 0.12251 0.86417 2.155 0.41935 8.0000 55.63 0.9210 0.9217 2.123242 
583.4652 32.217 81.903 0.12292 0.86403 2.134 0.41752 8.0000 56.26 0.9195 0.9202 2.124963 
582.9922 32.254 81.868 0.12347 0.86415 2.112 0.41623 8.0000 55.81 0.9184 0.9191 2.126687 
582.5191 32.297 81.840 0.12390 0.86415 2.088 0.41465 8.0000 55.79 0.9184 0.9191 2.128414 
582.0458 32.337 81.828 0.12414 0.86453 2.085 0.41335 8.0000 54.69 0.9190 0.9196 2.130145 
581.5725 32.374 81.810 0.12461 0.86576 2.067 0.41257 8.0000 55.04 0.9214 0.9220 2.131878 
581.0991 32.401 81.800 0.12478 0.86596 2.047 0.41165 8.0000 54.57 0.9219 0.9225 2.133615 
580.6255 32.400 81.808 0.12467 0.86596 2.031 0.41169 8.0000 54.77 0.9230 0.9237 2.135356 
580.1519 32.421 81.797 0.12489 0.86633 2.014 0.41110 8.0000 54.02 0.9234 0.9241 2.137099 
579.6780 32.456 81.784 0.12515 0.86675 1.993 0.40998 8.0000 53.88 0.9235 0.9241 2.138846 
579.2042 32.477 81.779 0.12521 0.86664 1.989 0.40919 8.0000 54.67 0.9237 0.9244 2.140595 
578.7302 32.502 81.776 0.12537 0.86743 1.978 0.40861 8.0000 54.29 0.9238 0.9244 2.142349 
578.2561 32.524 81.778 0.12540 0.86790 1.951 0.40803 8.0000 53.54 0.9243 0.9250 2.144105 
577.7819 32.542 81.779 0.12537 0.86774 1.934 0.40728 8.0000 53.66 0.9245 0.9251 2.145865 
577.3076 32.563 81.775 0.12545 0.86786 1.918 0.40654 8.0000 53.71 0.9253 0.9260 2.147628 
576.8332 32.600 81.766 0.12567 0.86839 1.894 0.40544 8.0000 52.56 0.9260 0.9266 2.149394 
576.3586 32.619 81.774 0.12557 0.86863 1.874 0.40481 8.0000 52.41 0.9261 0.9267 2.151164 
575.8840 32.651 81.777 0.12564 0.86938 1.860 0.40399 8.0000 53.53 0.9265 0.9272 2.152937 
575.4093 32.682 81.781 0.12564 0.86989 1.857 0.40305 8.0000 53.65 0.9267 0.9274 2.154713 
574.9344 32.714 81.776 0.12579 0.87035 1.833 0.40212 8.0000 52.33 0.9271 0.9277 2.156493 
574.4595 32.745 81.781 0.12576 0.87071 1.828 0.40109 8.0000 52.76 0.9270 0.9276 2.158276 
573.9844 32.772 81.783 0.12577 0.87090 1.801 0.40020 8.0000 51.93 0.9271 0.9277 2.160062 
573.5092 32.800 81.779 0.12588 0.87126 1.790 0.39932 8.0000 53.02 0.9271 0.9278 2.161852 
573.0339 32.831 81.779 0.12592 0.87157 1.781 0.39833 8.0000 51.87 0.9271 0.9278 2.163645 
572.5586 32.858 81.781 0.12594 0.87194 1.756 0.39747 8.0000 51.79 0.9271 0.9278 2.165441 
572.0831 32.888 81.783 0.12596 0.87226 1.732 0.39654 8.0000 51.77 0.9273 0.9279 2.167241 
571.6075 32.920 81.781 0.12606 0.87279 1.720 0.39558 8.0000 51.38 0.9275 0.9281 2.169044 
571.1318 32.953 81.789 0.12603 0.87344 1.716 0.39464 8.0000 50.62 0.9277 0.9283 2.170851 
570.6559 32.985 81.797 0.12601 0.87407 1.691 0.39373 8.0000 51.13 0.9278 0.9284 2.172661 
570.1801 33.017 81.803 0.12598 0.87455 1.668 0.39275 8.0000 50.79 0.9277 0.9283 2.174474 
569.7040 33.043 81.813 0.12586 0.87478 1.661 0.39189 8.0000 50.02 0.9278 0.9284 2.176291 
569.2278 33.075 81.819 0.12586 0.87551 1.655 0.39102 8.0000 50.69 0.9281 0.9288 2.178112 
568.7516 33.105 81.824 0.12584 0.87593 1.635 0.39010 8.0000 49.61 0.9282 0.9288 2.179936 
568.2753 33.134 81.829 0.12584 0.87642 1.613 0.38926 8.0000 49.27 0.9284 0.9290 2.181763 
567.7988 33.164 81.831 0.12588 0.87686 1.602 0.38835 8.0000 49.69 0.9286 0.9292 2.183594 
567.3222 33.191 81.837 0.12583 0.87718 1.592 0.38747 8.0000 49.64 0.9288 0.9295 2.185428 
566.8455 33.223 81.842 0.12582 0.87766 1.580 0.38651 8.0000 49.18 0.9290 0.9296 2.187266 
566.3687 33.254 81.846 0.12583 0.87817 1.568 0.38561 8.0000 49.48 0.9290 0.9296 2.189107 
565.8918 33.285 81.855 0.12576 0.87870 1.542 0.38469 8.0000 48.90 0.9292 0.9298 2.190952 
565.4149 33.317 81.863 0.12572 0.87926 1.537 0.38374 8.0000 48.70 0.9293 0.9299 2.192800 
564.9377 33.345 81.870 0.12565 0.87957 1.521 0.38284 8.0000 49.03 0.9293 0.9300 2.194653 
564.4605 33.374 81.876 0.12559 0.87983 1.513 0.38187 8.0000 48.56 0.9293 0.9300 2.196508 
563.9832 33.402 81.882 0.12553 0.88001 1.502 0.38092 8.0000 48.13 0.9293 0.9300 2.198367 
563.5057 33.430 81.889 0.12547 0.88033 1.475 0.38003 8.0000 47.31 0.9292 0.9299 2.200230 
563.0282 33.459 81.895 0.12540 0.88055 1.469 0.37904 8.0000 47.52 0.9293 0.9299 2.202096 
562.5505 33.492 81.901 0.12537 0.88104 1.453 0.37802 8.0000 47.15 0.9293 0.9299 2.203966 
562.0728 33.522 81.909 0.12531 0.88143 1.457 0.37711 8.0000 47.93 0.9293 0.9300 2.205839 
561.5948 33.553 81.915 0.12526 0.88181 1.430 0.37611 8.0000 47.27 0.9293 0.9299 2.207716 
561.1169 33.586 81.920 0.12524 0.88219 1.422 0.37508 8.0000 46.84 0.9292 0.9299 2.209597 
560.6388 33.617 81.923 0.12524 0.88252 1.404 0.37407 8.0000 46.84 0.9292 0.9299 2.211481 
560.1606 33.650 81.929 0.12519 0.88283 1.403 0.37299 8.0000 46.68 0.9292 0.9298 2.213369 
559.6823 33.679 81.930 0.12520 0.88307 1.392 0.37203 8.0000 46.94 0.9292 0.9298 2.215260 
559.2039 33.710 81.935 0.12517 0.88335 1.379 0.37101 8.0000 46.63 0.9290 0.9296 2.217155 
558.7253 33.740 81.942 0.12511 0.88366 1.366 0.37005 8.0000 46.91 0.9288 0.9294 2.219055 
558.2467 33.774 81.952 0.12501 0.88411 1.353 0.36897 8.0000 45.69 0.9288 0.9295 2.220957 
557.7679 33.806 81.958 0.12498 0.88461 1.341 0.36802 8.0000 45.80 0.9288 0.9295 2.222864 
557.2891 33.838 81.965 0.12494 0.88503 1.329 0.36701 8.0000 45.82 0.9289 0.9295 2.224773 
556.8102 33.869 81.974 0.12483 0.88532 1.325 0.36600 8.0000 45.21 0.9288 0.9295 2.226687 
556.3311 33.901 81.982 0.12476 0.88574 1.306 0.36499 8.0000 44.09 0.9289 0.9296 2.228604 
555.8519 33.934 81.995 0.12461 0.88611 1.310 0.36393 8.0000 44.84 0.9289 0.9295 2.230525 
555.3726 33.967 82.002 0.12454 0.88641 1.291 0.36286 8.0000 44.41 0.9289 0.9296 2.232451 
554.8932 33.996 82.007 0.12454 0.88692 1.281 0.36201 8.0000 44.95 0.9290 0.9296 2.234379 
554.4137 34.028 82.010 0.12453 0.88722 1.274 0.36094 8.0000 44.57 0.9290 0.9296 2.236312 
553.9341 34.061 82.019 0.12446 0.88766 1.271 0.35994 8.0000 44.86 0.9290 0.9296 2.238248 
553.4543 34.092 82.029 0.12435 0.88810 1.257 0.35896 8.0000 43.39 0.9291 0.9297 2.240188 
552.9745 34.122 82.034 0.12432 0.88840 1.239 0.35800 8.0000 43.45 0.9291 0.9297 2.242132 
552.4946 34.153 82.047 0.12414 0.88865 1.233 0.35697 8.0000 43.29 0.9291 0.9298 2.244080 
552.0145 34.185 82.060 0.12399 0.88894 1.229 0.35590 8.0000 43.02 0.9293 0.9299 2.246031 
551.5344 34.218 82.070 0.12389 0.88933 1.224 0.35486 8.0000 43.15 0.9293 0.9300 2.247986 
551.0541 34.248 82.082 0.12374 0.88967 1.212 0.35389 8.0000 43.24 0.9294 0.9300 2.249946 
550.5737 34.281 82.095 0.12356 0.88990 1.200 0.35278 8.0000 42.65 0.9296 0.9302 2.251909 
550.0933 34.313 82.104 0.12349 0.89034 1.195 0.35177 8.0000 43.34 0.9298 0.9304 2.253876 
549.6127 34.347 82.113 0.12337 0.89055 1.191 0.35065 8.0000 43.00 0.9299 0.9305 2.255847 
549.1320 34.380 82.123 0.12325 0.89081 1.180 0.34954 8.0000 41.99 0.9300 0.9307 2.257821 
548.6511 34.411 82.130 0.12317 0.89114 1.172 0.34853 8.0000 41.48 0.9303 0.9309 2.259800 
548.1702 34.444 82.139 0.12310 0.89154 1.160 0.34749 8.0000 41.64 0.9304 0.9310 2.261783 
547.6891 34.475 82.148 0.12300 0.89183 1.148 0.34647 8.0000 41.01 0.9306 0.9312 2.263770 
547.2080 34.508 82.159 0.12285 0.89203 1.149 0.34536 8.0000 41.20 0.9307 0.9314 2.265760 
546.7267 34.541 82.171 0.12271 0.89242 1.141 0.34431 8.0000 41.77 0.9309 0.9316 2.267755 
546.2454 34.574 82.184 0.12254 0.89268 1.130 0.34323 8.0000 40.60 0.9311 0.9317 2.269752 
545.7639 34.605 82.197 0.12238 0.89302 1.123 0.34221 8.0000 39.97 0.9313 0.9319 2.271755 
545.2823 34.637 82.207 0.12225 0.89329 1.118 0.34116 8.0000 40.59 0.9314 0.9320 2.273762 
544.8007 34.670 82.219 0.12209 0.89347 1.113 0.34003 8.0000 39.72 0.9316 0.9322 2.275771 
544.3188 34.702 82.226 0.12204 0.89386 1.108 0.33902 8.0000 39.51 0.9319 0.9325 2.277786 
543.8369 34.735 82.239 0.12186 0.89408 1.100 0.33790 8.0000 39.37 0.9322 0.9328 2.279805 
543.3549 34.768 82.248 0.12175 0.89437 1.080 0.33683 8.0000 38.79 0.9325 0.9331 2.281827 
542.8728 34.799 82.263 0.12153 0.89444 1.083 0.33574 8.0000 38.83 0.9327 0.9333 2.283853 
542.3905 34.830 82.280 0.12129 0.89473 1.072 0.33473 8.0000 38.67 0.9329 0.9335 2.285884 
541.9082 34.863 82.291 0.12115 0.89503 1.070 0.33363 8.0000 38.36 0.9330 0.9336 2.287919 
541.4257 34.896 82.302 0.12103 0.89544 1.065 0.33261 8.0000 38.11 0.9332 0.9338 2.289958 
540.9431 34.929 82.314 0.12087 0.89561 1.053 0.33145 8.0000 37.32 0.9335 0.9341 2.292001 
540.4604 34.961 82.331 0.12064 0.89585 1.047 0.33039 8.0000 37.64 0.9337 0.9343 2.294048 
539.9777 34.995 82.341 0.12052 0.89626 1.058 0.32934 8.0000 38.03 0.9340 0.9346 2.296098 
539.4948 35.027 82.353 0.12038 0.89656 1.044 0.32829 8.0000 37.17 0.9342 0.9349 2.298154 
539.0118 35.062 82.365 0.12023 0.89688 1.033 0.32715 8.0000 36.76 0.9346 0.9352 2.300213 
538.5286 35.094 82.381 0.11999 0.89706 1.025 0.32604 8.0000 36.06 0.9349 0.9355 2.302277 
538.0454 35.128 82.401 0.11971 0.89730 1.021 0.32492 8.0000 35.87 0.9351 0.9357 2.304344 
537.5621 35.160 82.418 0.11949 0.89766 1.013 0.32388 8.0000 35.72 0.9354 0.9360 2.306416 
537.0786 35.192 82.431 0.11933 0.89799 1.005 0.32285 8.0000 35.35 0.9355 0.9362 2.308492 
536.5950 35.227 82.448 0.11907 0.89812 1.000 0.32163 8.0000 34.73 0.9358 0.9365 2.310573 
536.1114 35.259 82.466 0.11884 0.89854 1.008 0.32064 8.0000 35.43 0.9360 0.9367 2.312657 
535.6276 35.291 82.486 0.11858 0.89900 0.997 0.31965 8.0000 34.01 0.9363 0.9369 2.314746 
535.1437 35.324 82.503 0.11836 0.89940 0.992 0.31861 8.0000 34.34 0.9366 0.9373 2.316839 
534.6597 35.359 82.522 0.11810 0.89967 0.986 0.31744 8.0000 34.15 0.9368 0.9375 2.318936 
534.1756 35.392 82.538 0.11791 0.90016 0.977 0.31642 8.0000 33.17 0.9370 0.9377 2.321038 
533.6913 35.425 82.553 0.11770 0.90042 0.971 0.31533 8.0000 32.53 0.9373 0.9380 2.323144 
533.2070 35.462 82.570 0.11747 0.90079 0.971 0.31415 8.0000 32.55 0.9376 0.9383 2.325254 
532.7226 35.501 82.592 0.11716 0.90115 0.969 0.31286 8.0000 32.12 0.9380 0.9387 2.327369 
532.2380 35.537 82.608 0.11696 0.90156 0.960 0.31172 8.0000 31.79 0.9382 0.9389 2.329488 
531.7534 35.574 82.633 0.11662 0.90199 0.956 0.31054 8.0000 31.73 0.9385 0.9392 2.331611 
531.2686 35.613 82.655 0.11631 0.90234 0.953 0.30928 8.0000 31.70 0.9388 0.9395 2.333738 
530.7837 35.652 82.676 0.11605 0.90290 0.953 0.30806 8.0000 30.92 0.9392 0.9399 2.335870 
530.2987 35.691 82.697 0.11576 0.90332 0.944 0.30681 8.0000 30.08 0.9393 0.9401 2.338007 
529.8136 35.727 82.717 0.11553 0.90392 0.947 0.30571 8.0000 30.54 0.9397 0.9405 2.340147 
529.3284 35.766 82.738 0.11526 0.90452 0.933 0.30454 8.0000 29.76 0.9399 0.9407 2.342292 
528.8430 35.805 82.761 0.11494 0.90491 0.936 0.30328 8.0000 29.80 0.9402 0.9409 2.344442 
528.3576 35.847 82.783 0.11467 0.90558 0.937 0.30198 8.0000 29.63 0.9406 0.9413 2.346596 
527.8720 35.887 82.802 0.11444 0.90613 0.926 0.30074 8.0000 28.90 0.9408 0.9416 2.348755 
527.3864 35.927 82.823 0.11418 0.90669 0.924 0.29950 8.0000 28.63 0.9409 0.9417 2.350917 
526.9006 35.969 82.844 0.11391 0.90731 0.916 0.29820 8.0000 28.17 0.9412 0.9420 2.353085 
526.4147 36.012 82.868 0.11360 0.90792 0.910 0.29686 8.0000 27.46 0.9415 0.9423 2.355257 
525.9287 36.059 82.888 0.11334 0.90842 0.907 0.29539 8.0000 27.32 0.9418 0.9426 2.357433 
525.4426 36.103 82.913 0.11302 0.90908 0.916 0.29403 8.0000 27.58 0.9420 0.9428 2.359614 
524.9564 36.148 82.934 0.11274 0.90950 0.903 0.29257 8.0000 26.69 0.9421 0.9430 2.361800 
524.4700 36.196 82.956 0.11243 0.90997 0.904 0.29099 8.0000 26.14 0.9422 0.9430 2.363990 
523.9836 36.242 82.979 0.11215 0.91063 0.895 0.28958 8.0000 25.61 0.9425 0.9433 2.366185 
523.4971 36.288 83.002 0.11187 0.91141 0.893 0.28819 8.0000 25.67 0.9428 0.9437 2.368384 
523.0104 36.333 83.026 0.11158 0.91216 0.889 0.28682 8.0000 25.03 0.9429 0.9438 2.370588 
522.5236 36.381 83.053 0.11123 0.91282 0.887 0.28533 8.0000 24.38 0.9431 0.9440 2.372796 
522.0367 36.434 83.076 0.11092 0.91344 0.886 0.28364 8.0000 24.31 0.9432 0.9441 2.375009 
521.5497 36.484 83.099 0.11062 0.91401 0.872 0.28203 8.0000 23.85 0.9434 0.9443 2.377227 
521.0626 36.531 83.129 0.11019 0.91443 0.873 0.28049 8.0000 23.55 0.9436 0.9445 2.379449 
520.5754 36.583 83.156 0.10983 0.91505 0.871 0.27885 8.0000 23.60 0.9436 0.9445 2.381676 
520.0881 36.633 83.180 0.10952 0.91576 0.874 0.27731 8.0000 23.34 0.9439 0.9448 2.383908 
519.6006 36.685 83.210 0.10912 0.91641 0.865 0.27565 8.0000 23.08 0.9442 0.9452 2.386144 
519.1131 36.732 83.238 0.10874 0.91712 0.861 0.27418 8.0000 22.86 0.9445 0.9455 2.388385 
518.6254 36.783 83.269 0.10834 0.91804 0.857 0.27266 8.0000 22.04 0.9447 0.9457 2.390631 
518.1377 36.833 83.297 0.10795 0.91854 0.857 0.27104 8.0000 21.97 0.9446 0.9456 2.392881 
517.6498 36.885 83.324 0.10758 0.91902 0.848 0.26934 8.0000 21.30 0.9449 0.9459 2.395137 
517.1618 36.931 83.353 0.10714 0.91947 0.847 0.26785 8.0000 21.15 0.9449 0.9459 2.397397 
516.6737 36.976 83.385 0.10673 0.92036 0.840 0.26651 8.0000 20.72 0.9451 0.9461 2.399661 
516.1855 37.027 83.411 0.10639 0.92111 0.847 0.26494 8.0000 20.41 0.9452 0.9462 2.401931 
515.6971 37.078 83.436 0.10607 0.92178 0.842 0.26334 8.0000 20.30 0.9455 0.9465 2.404206 
515.2087 37.127 83.462 0.10571 0.92245 0.837 0.26179 8.0000 20.22 0.9456 0.9467 2.406485 
514.7202 37.181 83.495 0.10525 0.92313 0.831 0.26007 8.0000 19.95 0.9460 0.9471 2.408769 
514.2314 37.229 83.531 0.10478 0.92400 0.826 0.25863 8.0000 19.46 0.9463 0.9473 2.411058 
513.7427 37.278 83.563 0.10430 0.92454 0.832 0.25704 8.0000 19.54 0.9465 0.9475 2.413352 
513.2538 37.331 83.596 0.10388 0.92550 0.828 0.25545 8.0000 19.05 0.9469 0.9480 2.415651 
512.7648 37.381 83.623 0.10349 0.92605 0.824 0.25384 8.0000 18.88 0.9468 0.9479 2.417955 
512.2757 37.431 83.654 0.10304 0.92655 0.823 0.25220 8.0000 18.87 0.9468 0.9479 2.420263 
511.7864 37.487 83.680 0.10270 0.92731 0.817 0.25044 8.0000 18.59 0.9470 0.9482 2.422577 
511.2971 37.543 83.702 0.10240 0.92783 0.815 0.24862 8.0000 18.53 0.9472 0.9483 2.424895 
510.8076 37.598 83.730 0.10200 0.92827 0.805 0.24679 8.0000 18.04 0.9473 0.9485 2.427219 
510.3181 37.645 83.753 0.10170 0.92907 0.813 0.24536 8.0000 17.63 0.9473 0.9485 2.429547 
509.8284 37.687 83.778 0.10133 0.92953 0.808 0.24400 8.0000 17.35 0.9469 0.9481 2.431881 
509.3386 37.730 83.810 0.10086 0.92997 0.805 0.24261 8.0000 17.30 0.9466 0.9478 2.434219 
508.8488 37.781 83.836 0.10050 0.93049 0.793 0.24095 8.0000 16.93 0.9466 0.9478 2.436563 
508.3587 37.835 83.861 0.10014 0.93107 0.796 0.23921 8.0000 17.03 0.9465 0.9477 2.438912 
507.8686 37.887 83.888 0.09974 0.93151 0.801 0.23751 8.0000 16.84 0.9465 0.9477 2.441265 
507.3784 37.941 83.910 0.09943 0.93200 0.806 0.23574 8.0000 16.61 0.9465 0.9477 2.443624 
506.8880 37.989 83.933 0.09908 0.93219 0.796 0.23410 8.0000 15.88 0.9460 0.9472 2.445988 
506.3976 38.040 83.952 0.09881 0.93259 0.794 0.23242 8.0000 15.71 0.9459 0.9471 2.448357 
505.9070 38.086 83.970 0.09854 0.93284 0.783 0.23088 8.0000 15.28 0.9455 0.9467 2.450731 
505.4163 38.139 83.995 0.09821 0.93353 0.786 0.22921 8.0000 15.18 0.9456 0.9469 2.453110 
504.9255 38.188 84.022 0.09784 0.93429 0.781 0.22769 8.0000 15.19 0.9458 0.9470 2.455495 
504.4346 38.238 84.044 0.09752 0.93479 0.787 0.22605 8.0000 15.17 0.9455 0.9468 2.457884 
503.9436 38.285 84.074 0.09706 0.93504 0.780 0.22448 8.0000 14.79 0.9448 0.9461 2.460279 
503.4525 38.327 84.098 0.09668 0.93527 0.779 0.22305 8.0000 14.69 0.9441 0.9454 2.462679 
502.9612 38.373 84.123 0.09631 0.93572 0.772 0.22157 8.0000 14.38 0.9439 0.9452 2.465085 
502.4698 38.418 84.145 0.09600 0.93619 0.780 0.22012 8.0000 14.54 0.9435 0.9447 2.467495 
501.9784 38.468 84.167 0.09566 0.93645 0.781 0.21842 8.0000 14.39 0.9433 0.9445 2.469911 
501.4868 38.516 84.195 0.09524 0.93675 0.779 0.21681 8.0000 14.43 0.9431 0.9444 2.472332 
500.9951 38.561 84.225 0.09478 0.93711 0.768 0.21533 8.0000 13.94 0.9427 0.9440 2.474759 
500.5033 38.606 84.248 0.09447 0.93777 0.748 0.21391 8.0000 13.23 0.9426 0.9438 2.477190 
500.0114 38.657 84.268 0.09417 0.93813 0.748 0.21223 8.0000 13.25 0.9424 0.9436 2.479627 
499.5193 38.707 84.291 0.09382 0.93848 0.760 0.21058 8.0000 13.52 0.9421 0.9433 2.482070 
499.0272 38.755 84.313 0.09348 0.93879 0.760 0.20900 8.0000 13.07 0.9416 0.9428 2.484518 
498.5349 38.801 84.338 0.09310 0.93906 0.748 0.20746 8.0000 12.47 0.9411 0.9424 2.486971 
498.0426 38.847 84.364 0.09273 0.93956 0.743 0.20596 8.0000 12.22 0.9409 0.9421 2.489429 
497.5501 38.894 84.384 0.09242 0.93990 0.730 0.20439 8.0000 11.77 0.9403 0.9415 2.491894 
497.0575 38.943 84.406 0.09211 0.94055 0.738 0.20283 8.0000 11.76 0.9401 0.9414 2.494363 
496.5648 38.995 84.433 0.09173 0.94118 0.735 0.20118 8.0000 11.36 0.9404 0.9416 2.496838 
496.0720 39.040 84.458 0.09138 0.94175 0.735 0.19972 8.0000 11.20 0.9399 0.9411 2.499318 
495.5790 39.086 84.484 0.09099 0.94223 0.734 0.19824 8.0000 10.86 0.9395 0.9407 2.501805 
495.0860 39.135 84.502 0.09076 0.94286 0.722 0.19667 8.0000 10.47 0.9394 0.9407 2.504296 
494.5928 39.180 84.524 0.09043 0.94320 0.731 0.19519 8.0000 10.79 0.9384 0.9396 2.506793 
494.0995 39.229 84.548 0.09007 0.94359 0.731 0.19356 8.0000 10.57 0.9381 0.9393 2.509296 
493.6062 39.279 84.568 0.08976 0.94395 0.729 0.19191 8.0000 10.47 0.9377 0.9389 2.511804 
493.1127 39.329 84.598 0.08932 0.94447 0.717 0.19030 8.0000 10.13 0.9373 0.9385 2.514318 
492.6190 39.374 84.621 0.08902 0.94544 0.725 0.18891 8.0000 10.20 0.9369 0.9381 2.516837 
492.1253 39.421 84.641 0.08875 0.94620 0.725 0.18745 8.0000 10.38 0.9366 0.9377 2.519362 
491.6315 39.468 84.669 0.08835 0.94677 0.700 0.18595 8.0000 10.20 0.9362 0.9374 2.521893 
491.1375 39.512 84.695 0.08798 0.94746 0.684 0.18455 8.0000 10.01 0.9357 0.9368 2.524429 
490.6435 39.558 84.717 0.08768 0.94824 0.676 0.18310 8.0000 9.78 0.9353 0.9364 2.526971 
490.1493 39.607 84.747 0.08724 0.94885 0.682 0.18151 8.0000 9.66 0.9348 0.9359 2.529519 
489.6550 39.649 84.772 0.08689 0.94965 0.676 0.18022 8.0000 9.73 0.9343 0.9354 2.532072 
489.1606 39.697 84.802 0.08645 0.95040 0.683 0.17871 8.0000 9.76 0.9338 0.9350 2.534631 
488.6661 39.742 84.831 0.08605 0.95120 0.675 0.17729 8.0000 9.41 0.9335 0.9347 2.537196 
488.1714 39.791 84.857 0.08572 0.95237 0.655 0.17582 8.0000 9.14 0.9334 0.9345 2.539768 
487.6767 39.834 84.883 0.08535 0.95318 0.666 0.17448 8.0000 9.25 0.9328 0.9339 2.542344 
487.1818 39.883 84.915 0.08489 0.95403 0.653 0.17294 8.0000 9.18 0.9323 0.9335 2.544927 
486.6869 39.926 84.945 0.08447 0.95495 0.650 0.17160 8.0000 8.99 0.9319 0.9330 2.547514 
486.1918 39.976 84.977 0.08401 0.95577 0.629 0.17001 8.0000 8.59 0.9314 0.9325 2.550109 
485.6966 40.020 85.009 0.08352 0.95638 0.641 0.16858 8.0000 8.63 0.9307 0.9318 2.552709 
485.2013 40.065 85.040 0.08311 0.95761 0.647 0.16722 8.0000 8.88 0.9303 0.9314 2.555314 
484.7058 40.110 85.071 0.08265 0.95836 0.646 0.16582 8.0000 8.91 0.9296 0.9307 2.557927 
484.2103 40.149 85.103 0.08220 0.95944 0.626 0.16463 8.0000 8.66 0.9289 0.9300 2.560544 
483.7146 40.191 85.137 0.08175 0.96085 0.625 0.16341 8.0000 8.91 0.9288 0.9299 2.563168 
483.2189 40.238 85.173 0.08124 0.96210 0.622 0.16198 8.0000 9.44 0.9285 0.9295 2.565798 
482.7230 40.283 85.210 0.08072 0.96326 0.614 0.16062 8.0000 9.74 0.9279 0.9290 2.568433 
482.2270 40.324 85.244 0.08023 0.96428 0.624 0.15935 8.0000 10.25 0.9272 0.9283 2.571075 
481.7309 40.365 85.274 0.07981 0.96535 0.608 0.15812 8.0000 10.50 0.9266 0.9276 2.573723 
481.2346 40.397 85.312 0.07926 0.96649 0.608 0.15717 8.0000 11.05 0.9258 0.9268 2.576377 
480.7383 40.433 85.352 0.07867 0.96771 0.586 0.15611 8.0000 10.85 0.9252 0.9263 2.579037 
480.2419 40.475 85.390 0.07814 0.96910 0.580 0.15488 8.0000 11.03 0.9248 0.9258 2.581703 
479.7453 40.513 85.431 0.07754 0.97038 0.574 0.15372 8.0000 11.34 0.9246 0.9256 2.584375 
479.2486 40.552 85.475 0.07689 0.97159 0.562 0.15255 8.0000 11.45 0.9240 0.9250 2.587054 
478.7518 40.586 85.518 0.07625 0.97280 0.554 0.15155 8.0000 11.51 0.9232 0.9242 2.589738 
478.2549 40.628 85.562 0.07559 0.97389 0.549 0.15023 8.0000 11.70 0.9223 0.9233 2.592429 
477.7579 40.667 85.604 0.07495 0.97500 0.551 0.14905 8.0000 12.16 0.9217 0.9227 2.595126 
477.2608 40.700 85.646 0.07433 0.97633 0.544 0.14807 8.0000 11.86 0.9211 0.9221 2.597829 
476.7635 40.737 85.693 0.07363 0.97773 0.542 0.14701 8.0000 12.18 0.9204 0.9214 2.600539 
476.2662 40.774 85.738 0.07297 0.97922 0.546 0.14590 8.0000 12.57 0.9200 0.9210 2.603254 
475.7687 40.818 85.782 0.07232 0.98054 0.547 0.14457 8.0000 12.79 0.9195 0.9205 2.605976 
475.2711 40.861 85.830 0.07157 0.98160 0.549 0.14319 8.0000 13.56 0.9189 0.9199 2.608705 
474.7734 40.907 85.878 0.07082 0.98268 0.550 0.14173 8.0000 13.98 0.9184 0.9194 2.611439 
474.2756 40.949 85.929 0.07003 0.98403 0.547 0.14044 8.0000 14.52 0.9180 0.9190 2.614180 
473.7776 40.992 85.979 0.06924 0.98483 0.544 0.13904 8.0000 15.55 0.9172 0.9181 2.616928 
473.2796 41.041 86.027 0.06844 0.98540 0.536 0.13738 8.0000 15.98 0.9163 0.9173 2.619682 
472.7814 41.089 86.073 0.06771 0.98633 0.532 0.13583 8.0000 16.19 0.9157 0.9167 2.622442 
472.2831 41.140 86.125 0.06682 0.98663 0.524 0.13405 8.0000 16.99 0.9149 0.9159 2.625209 
471.7848 41.195 86.184 0.06584 0.98714 0.520 0.13218 8.0000 17.88 0.9145 0.9154 2.627982 
471.2863 41.252 86.238 0.06497 0.98802 0.509 0.13030 8.0000 18.23 0.9142 0.9152 2.630762 
470.7876 41.308 86.297 0.06396 0.98828 0.501 0.12833 8.0000 18.66 0.9135 0.9144 2.633548 
470.2889 41.363 86.367 0.06278 0.98894 0.499 0.12649 8.0000 18.87 0.9130 0.9140 2.636341 
469.7900 41.423 86.431 0.06171 0.98944 0.492 0.12442 8.0000 18.93 0.9126 0.9135 2.639141 
469.2911 41.487 86.502 0.06049 0.98948 0.491 0.12216 8.0000 19.05 0.9118 0.9128 2.641946 
468.7920 41.566 86.567 0.05938 0.98976 0.486 0.11944 8.0000 19.28 0.9119 0.9128 2.644759 
468.2928 41.641 86.633 0.05825 0.99009 0.488 0.11681 8.0000 19.61 0.9117 0.9127 2.647578 
467.7935 41.714 86.704 0.05702 0.99020 0.488 0.11427 8.0000 20.05 0.9115 0.9124 2.650404 
467.2941 41.788 86.783 0.05566 0.99022 0.490 0.11166 8.0000 20.38 0.9115 0.9124 2.653237 
466.7945 41.872 86.863 0.05426 0.99017 0.494 0.10870 8.0000 21.17 0.9117 0.9126 2.656077 
466.2949 41.945 86.944 0.05286 0.99027 0.492 0.10617 8.0000 22.51 0.9114 0.9123 2.658922 
465.7951 42.025 87.023 0.05149 0.99016 0.499 0.10333 8.0000 23.69 0.9117 0.9126 2.661775 
465.2952 42.100 87.112 0.04994 0.99000 0.496 0.10068 8.0000 24.98 0.9112 0.9121 2.664635 
464.7952 42.183 87.201 0.04841 0.99002 0.494 0.09780 8.0000 26.86 0.9113 0.9122 2.667502 
464.2951 42.266 87.289 0.04685 0.98952 0.492 0.09482 8.0000 28.90 0.9110 0.9119 2.670375 
463.7949 42.359 87.374 0.04533 0.98845 0.483 0.09147 8.0000 30.69 0.9106 0.9115 2.673255 
463.2946 42.437 87.465 0.04373 0.98767 0.478 0.08869 8.0000 31.91 0.9103 0.9112 2.676142 
462.7941 42.530 87.548 0.04226 0.98694 0.470 0.08538 8.0000 33.41 0.9108 0.9117 2.679036 
462.2935 42.626 87.623 0.04092 0.98590 0.461 0.08197 8.0000 35.03 0.9109 0.9118 2.681937 
461.7928 42.719 87.717 0.03927 0.98485 0.455 0.07865 8.0000 36.15 0.9109 0.9117 2.684845 
461.2921 42.816 87.809 0.03765 0.98406 0.449 0.07521 8.0000 37.21 0.9113 0.9122 2.687759 
460.7911 42.913 87.901 0.03605 0.98330 0.444 0.07183 8.0000 37.25 0.9114 0.9123 2.690681 
460.2901 43.009 87.986 0.03456 0.98260 0.440 0.06845 8.0000 37.29 0.9116 0.9125 2.693610 
459.7889 43.108 88.083 0.03286 0.98183 0.440 0.06497 8.0000 37.16 0.9117 0.9126 2.696546 
459.2877 43.208 88.184 0.03110 0.98107 0.440 0.06147 8.0000 37.55 0.9123 0.9132 2.699489 
458.7863 43.312 88.285 0.02935 0.98033 0.440 0.05785 8.0000 37.86 0.9130 0.9139 2.702439 
458.2848 43.413 88.385 0.02760 0.97925 0.442 0.05432 8.0000 38.60 0.9133 0.9142 2.705396 
457.7832 43.518 88.488 0.02580 0.97775 0.446 0.05065 8.0000 39.38 0.9131 0.9140 2.708360 
457.2815 43.636 88.596 0.02392 0.97603 0.441 0.04653 8.0000 40.19 0.9132 0.9141 2.711332 
456.7796 43.748 88.702 0.02209 0.97504 0.443 0.04264 8.0000 40.28 0.9143 0.9152 2.714311 
456.2777 43.864 88.814 0.02017 0.97430 0.439 0.03866 8.0000 41.58 0.9154 0.9163 2.717297 
455.7756 43.983 88.937 0.01804 0.97262 0.435 0.03456 8.0000 41.47 0.9162 0.9171 2.720290 
455.2734 44.104 89.051 0.01608 0.97108 0.428 0.03039 8.0000 41.40 0.9168 0.9177 2.723291 
454.7711 44.219 89.170 0.01405 0.96997 0.425 0.02644 8.0000 41.04 0.9178 0.9187 2.726299 
454.2687 44.342 89.287 0.01206 0.96878 0.414 0.02225 8.0000 39.87 0.9191 0.9200 2.729314 
453.7662 44.445 89.399 0.01015 0.96826 0.410 0.01877 8.0000 38.30 0.9200 0.9210 2.732336 
453.2635 44.548 89.514 0.00821 0.96729 0.405 0.01526 8.0000 36.80 0.9204 0.9213 2.735367 
452.7608 44.649 89.627 0.00629 0.96674 0.398 0.01186 8.0000 34.75 0.9212 0.9221 2.738404 
452.2579 44.750 89.743 0.00434 0.96606 0.394 0.00842 8.0000 32.17 0.9218 0.9228 2.741449 
451.7549 44.850 89.858 0.00240 0.96547 0.398 0.00507 8.0000 30.78 0.9224 0.9235 2.744501 
451.2518 44.949 89.974 0.00043 0.96486 0.397 0.00171 8.0000 28.49 0.9231 0.9241 2.747561 
450.7485 45.048 90.092 -0.00155 0.96454 0.397 -0.00162 8.0000 26.78 0.9240 0.9251 2.750629 
450.2452 45.146 90.210 -0.00353 0.96384 0.400 -0.00492 8.0000 25.03 0.9245 0.9255 2.753704 
449.7417 45.244 90.329 -0.00554 0.96332 0.398 -0.00822 8.0000 23.02 0.9251 0.9262 2.756787 
449.2382 45.340 90.447 -0.00752 0.96295 0.400 -0.01142 8.0000 22.26 0.9259 0.9270 2.759876 
448.7345 45.436 90.569 -0.00955 0.96245 0.398 -0.01466 8.0000 21.22 0.9264 0.9276 2.762974 
448.2307 45.531 90.689 -0.01157 0.96209 0.396 -0.01784 8.0000 19.92 0.9272 0.9283 2.766080 
447.7267 45.625 90.810 -0.01361 0.96196 0.393 -0.02100 8.0000 19.17 0.9281 0.9293 2.769193 
447.2227 45.718 90.932 -0.01565 0.96172 0.390 -0.02413 8.0000 18.13 0.9289 0.9301 2.772314 
446.7186 45.812 91.056 -0.01772 0.96114 0.385 -0.02726 8.0000 16.31 0.9293 0.9305 2.775443 
446.2143 45.904 91.180 -0.01979 0.96102 0.383 -0.03034 8.0000 15.22 0.9301 0.9314 2.778580 
445.7099 45.995 91.304 -0.02187 0.96087 0.376 -0.03341 8.0000 14.03 0.9309 0.9323 2.781724 
445.2054 46.086 91.429 -0.02397 0.96075 0.374 -0.03644 8.0000 12.77 0.9317 0.9331 2.784876 
444.7008 46.176 91.555 -0.02608 0.96061 0.376 -0.03946 8.0000 11.73 0.9325 0.9339 2.788036 
444.1960 46.265 91.681 -0.02819 0.96051 0.374 -0.04244 8.0000 10.43 0.9332 0.9347 2.791204 
443.6912 46.353 91.808 -0.03032 0.96039 0.374 -0.04541 8.0000 9.48 0.9339 0.9354 2.794380 
443.1862 46.440 91.936 -0.03246 0.96035 0.381 -0.04835 8.0000 8.65 0.9347 0.9362 2.797564 
442.6812 46.526 92.063 -0.03460 0.96050 0.377 -0.05124 8.0000 7.98 0.9356 0.9372 2.800756 
442.1759 46.612 92.193 -0.03678 0.96047 0.384 -0.05415 8.0000 7.34 0.9363 0.9380 2.803956 
441.6706 46.697 92.322 -0.03895 0.96043 0.388 -0.05701 8.0000 6.87 0.9370 0.9387 2.807164 
441.1652 46.782 92.452 -0.04114 0.96056 0.385 -0.05987 8.0000 6.37 0.9378 0.9396 2.810380 
440.6596 46.865 92.583 -0.04334 0.96068 0.386 -0.06268 8.0000 6.08 0.9386 0.9404 2.813605 
440.1540 46.948 92.716 -0.04556 0.96063 0.384 -0.06551 8.0000 5.62 0.9391 0.9410 2.816837 
439.6482 46.948 92.716 -0.04556 0.96063 0.382 -0.06551 8.0000 5.29 0.9391 0.9410 2.820077 

# MINIMA:
439.6482 1.221 1.050 -39.49017 -7.36619 -4241.653 -12.90967 8.0000 5.29 0.5095 0.5363 1.240099 

# MAXIMA:
999.7925 83.137 359.593 113.83479 84.78375 308.659 98.06719 8.0000 72.85 2.72023464807130726E18 1.45496394582668083E19 2.820077 

# PEAKS:

# END SPECTRUM

