## SPECTRUM TYPE:
LCE

## DATE:
18/08/2026

## COMMENTS:

## NUMBER OF SPECTRUM:
1

## ELLIPSOMETRIC CONFIGURATION:
0.00 ø :Modulator
+45.00 øAnalyser

## UNIT:
nm


# SPECTRUM:
1

# CAPTION:


# START TIME:
14:10:59

# END TIME:
14:10:59

# THETA ANGLE:
0.00 ø

# INCIDENCE ANGLE:
69.95 ø

# ACCUMULATION NUMBER:
28

# ELLIPSOMETRIC CONFIGURATION:
0.00 ø :Modulator
+45.00 øAnalyser

# INTEGRATION TIME:
8 ms

# FIRST POINT:
999.79 nm

# LAST POINT:
439.65 nm

# INCREMENT:
0.00 nm

# NUMBER OF POINTS:
1273

# DATA:
nm Psi Delta Ic Is Reflectance IcPrim IntegrationTime IntensityMax Polarization PolarizationGen eV 
999.7925 1.342 205.056 -2.86128 -1.33766 0.000 67.35753 8.0000 7.99 2.72049028452476518E18 1.51933144558878065E19 1.240099 
999.4089 1.342 205.056 -2.86128 -1.33766 0.908 67.35753 8.0000 7.96 2.53025910487882138E18 1.41309157435957576E19 1.240575 
999.0253 1.342 205.056 -2.86128 -1.33766 0.583 67.35754 8.0000 8.09 2.41205720684639027E18 1.34707854549534638E19 1.241052 
998.6415 1.342 205.056 -2.86128 -1.33766 0.871 67.35754 8.0000 8.14 2.27723316690314854E18 1.27178244990896701E19 1.241529 
998.2578 1.342 205.056 -2.86128 -1.33766 0.248 67.35753 8.0000 8.21 2.12394008039233946E18 1.18617172579125821E19 1.242006 
997.8739 1.342 205.056 -2.86128 -1.33766 0.702 67.35753 8.0000 8.32 1.95033104265720627E18 1.08921514118652887E19 1.242484 
997.4900 1.342 205.056 -2.86128 -1.33766 -0.007 67.35753 8.0000 8.26 1.75455914904099226E18 9.79881024334436762E18 1.242962 
997.1060 1.342 205.056 -2.86128 -1.33766 -0.003 67.35753 8.0000 8.37 1.53477749488694067E18 8.57138033328128E18 1.243440 
996.7219 1.342 205.056 -2.86128 -1.33766 -4.220 67.35753 8.0000 8.36 1.28913917553829478E18 7.1995471630958592E18 1.243920 
996.3377 1.342 205.056 -2.86128 -1.33766 -0.800 67.35754 8.0000 8.52 1.01579742377725133E18 5.67299566445212467E18 1.244399 
995.9535 1.342 205.056 -2.86128 -1.33766 -0.209 67.35754 8.0000 8.46 716598938102136832.0000 4.00204063080815002E18 1.244879 
995.5692 1.342 205.056 -2.86128 -1.33766 1.179 67.35753 8.0000 8.57 393390623169708032.0000 2.19699644330514842E18 1.245360 
995.1848 1.342 205.056 -2.86128 -1.33766 -0.801 67.35753 8.0000 8.78 51713321799254016.0000 288807035640741888.0000 1.245841 
994.8003 1.342 205.056 -2.86128 -1.33766 0.022 67.35754 8.0000 8.76 295504710721339392.0000 1.65032599648364134E18 1.246322 
994.4158 1.342 205.056 -2.86128 -1.33766 0.014 67.35753 8.0000 8.68 629794419234570240.0000 3.51725715802868941E18 1.246804 
994.0311 19.984 290.850 0.04949 -0.12995 0.013 0.16591 8.0000 8.86 0.5408 0.8963 1.247287 
993.6464 7.282 157.085 -0.03070 0.01298 0.633 0.12829 8.0000 8.93 0.5157 0.8441 1.247770 
993.2617 29.992 125.101 -0.11584 0.16482 1.204 0.11638 8.0000 8.89 0.5082 0.7603 1.248253 
992.8768 29.065 133.833 -0.21648 0.22548 -0.184 0.19434 8.0000 8.90 0.5713 0.6571 1.248737 
992.4919 13.049 118.582 -0.08096 0.14859 0.167 0.34546 8.0000 9.01 0.7044 0.7822 1.249221 
992.1069 17.121 120.457 -0.10744 0.18271 -8.566 0.31140 8.0000 9.10 0.5813 0.6731 1.249706 
991.7218 13.500 109.858 -0.07568 0.20954 -0.780 0.43724 8.0000 9.21 0.6210 0.6901 1.250191 
991.3367 13.144 91.043 -0.00431 0.23646 0.295 0.47877 8.0000 9.36 0.6591 0.7041 1.250677 
990.9514 12.187 82.408 0.04246 0.31860 1.255 0.70941 8.0000 9.40 0.8710 0.9024 1.251163 
990.5661 6.777 97.789 -0.02750 0.20102 11.877 0.84158 8.0000 9.36 0.8447 0.8738 1.251650 
990.1807 5.490 68.943 0.06539 0.16983 -23.436 0.93799 8.0000 9.49 0.7727 0.8194 1.252137 
989.7953 2.791 86.504 0.00527 0.08630 -0.467 0.88481 8.0000 9.56 0.7398 0.8009 1.252625 
989.4097 5.098 110.314 -0.05518 0.14906 -2.157 0.88366 8.0000 9.63 0.7267 0.8072 1.253113 
989.0241 7.041 126.227 -0.13135 0.17929 1.163 0.88607 8.0000 9.65 0.7451 0.8420 1.253601 
988.6384 9.934 137.589 -0.24341 0.22235 1.822 0.91235 8.0000 9.66 0.7701 0.8481 1.254090 
988.2526 9.309 116.639 -0.14175 0.28260 30.161 0.93843 8.0000 9.78 0.7536 0.8370 1.254580 
987.8668 9.804 111.438 -0.12590 0.32062 1.148 0.96687 8.0000 9.78 0.7637 0.8504 1.255070 
987.4809 8.946 115.610 -0.13013 0.27148 -4434.836 0.93255 8.0000 9.86 0.7020 0.7541 1.255560 
987.0949 8.655 117.732 -0.15122 0.28764 1.297 1.04273 8.0000 9.89 0.6874 0.7052 1.256051 
986.7088 4.836 116.599 -0.09002 0.17978 1.112 1.17980 8.0000 10.02 0.7874 0.7977 1.256543 
986.3226 3.888 151.185 -0.13410 0.07377 -2.473 1.12084 8.0000 9.95 0.8746 0.8819 1.257035 
985.9364 5.811 115.222 -0.08574 0.18203 -8.141 0.97836 8.0000 10.06 0.9263 0.9476 1.257527 
985.5501 7.357 101.638 -0.04731 0.22971 90.365 0.89311 8.0000 10.15 1.0057 1.0592 1.258020 
985.1638 9.746 98.508 -0.04664 0.31176 -2.214 0.89053 8.0000 10.23 1.1258 1.1951 1.258513 
984.7773 12.029 97.951 -0.05316 0.38063 1.115 0.86087 8.0000 10.30 1.1665 1.2301 1.259007 
984.3907 14.974 92.158 -0.01703 0.45193 -0.619 0.78499 8.0000 10.49 1.0352 1.0891 1.259502 
984.0041 11.319 87.706 0.01396 0.34858 -0.526 0.83653 8.0000 10.45 0.9439 0.9850 1.259997 
983.6174 5.996 79.081 0.03268 0.16940 0.608 0.81214 8.0000 10.70 0.7386 0.7860 1.260492 
983.2307 6.072 82.518 0.02792 0.21256 0.680 0.99633 8.0000 10.75 0.7082 0.7665 1.260988 
982.8438 2.717 275.784 0.01119 -0.11045 0.546 1.16682 8.0000 10.77 0.8172 0.8691 1.261484 
982.4569 5.313 125.646 -0.10650 0.14851 0.498 0.97407 8.0000 10.71 0.8053 0.8831 1.261981 
982.0699 10.373 107.345 -0.08793 0.28154 -2.986 0.77870 8.0000 10.88 0.7400 0.8424 1.262478 
981.6828 14.473 114.005 -0.15309 0.34377 -0.012 0.68039 8.0000 11.06 0.7275 0.8377 1.262976 
981.2957 20.438 137.427 -0.47039 0.43214 -0.007 0.73804 8.0000 11.07 0.7799 0.9086 1.263474 
980.9084 17.099 109.827 -0.14385 0.39897 0.004 0.62411 8.0000 11.15 0.7383 1.0191 1.263973 
980.5211 38.127 23.831 0.90666 0.40047 0.009 0.24245 8.0000 11.18 0.7829 0.9732 1.264472 
980.1337 36.153 57.399 0.38339 0.59946 -0.001 0.22702 8.0000 11.35 0.5938 0.7751 1.264972 
979.7463 34.376 39.621 0.63447 0.52527 -0.002 0.32029 8.0000 11.21 0.6273 0.9012 1.265472 
979.3587 69.106 111.924 -0.28891 0.71783 8.224 -0.86577 8.0000 11.42 0.6593 0.8460 1.265973 
978.9711 64.631 148.739 -0.96867 0.58806 6.206 -0.92628 8.0000 11.48 0.7051 1.2565 1.266474 
978.5834 56.765 160.490 -1.15422 0.40895 1.367 -0.53319 8.0000 11.34 0.7946 1.5090 1.266976 
978.1956 43.795 163.812 -1.08061 0.31370 7.913 0.04736 8.0000 11.53 0.9110 1.6719 1.267478 
977.8077 34.202 166.950 -0.97978 0.22711 -3.041 0.39811 8.0000 11.67 1.0460 1.6879 1.267981 
977.4199 26.745 171.088 -0.86571 0.13575 3.173 0.64864 8.0000 11.78 1.2071 1.6192 1.268484 
977.0319 12.895 170.842 -0.33450 0.05393 2.685 0.70117 8.0000 11.77 0.9610 1.1104 1.268988 
976.6437 3.380 33.683 0.06991 0.04660 1.289 0.70873 8.0000 11.79 0.8089 1.1993 1.269493 
976.2556 8.915 186.256 -0.27913 -0.03060 -9.280 0.87303 8.0000 11.81 1.0372 1.1736 1.269997 
975.8674 4.168 133.304 -0.09645 0.10234 1.231 0.95965 8.0000 12.06 1.0673 1.1351 1.270502 
975.4790 8.061 152.400 -0.21194 0.11080 1.023 0.82743 8.0000 12.21 1.0423 1.1289 1.271008 
975.0906 7.868 136.334 -0.16909 0.16140 -1.733 0.82965 8.0000 12.09 1.0676 1.1411 1.271515 
974.7021 8.380 133.337 -0.16370 0.17348 -16.973 0.79206 8.0000 12.25 1.0346 1.1041 1.272021 
974.3136 8.585 130.481 -0.15939 0.18675 1.136 0.79466 8.0000 12.17 0.9311 0.9799 1.272529 
973.9250 8.221 126.937 -0.13775 0.18322 0.028 0.77679 8.0000 12.34 0.7975 0.8321 1.273036 
973.5363 11.072 109.617 -0.10374 0.29106 0.057 0.75926 8.0000 12.47 0.7216 0.7532 1.273545 
973.1475 8.310 130.420 -0.10725 0.12593 -4.987 0.55411 8.0000 12.39 0.5519 0.5751 1.274053 
972.7586 7.056 97.523 -0.01778 0.13462 -2.818 0.54008 8.0000 12.56 0.5577 0.5816 1.274563 
972.3697 7.194 128.691 -0.07103 0.08869 -1.059 0.44289 8.0000 12.72 0.5356 0.5565 1.275073 
971.9807 15.557 143.212 -0.14835 0.11093 -0.402 0.30692 8.0000 12.78 0.5390 0.5592 1.275583 
971.5916 25.419 136.411 -0.18681 0.17782 -0.657 0.21006 8.0000 12.79 0.6325 0.6488 1.276094 
971.2024 31.943 128.032 -0.17476 0.22343 0.433 0.13904 8.0000 13.14 0.8292 0.8424 1.276605 
970.8131 46.261 125.248 -0.15022 0.21257 0.038 -0.01147 8.0000 12.97 0.9063 0.9169 1.277117 
970.4238 53.898 120.953 -0.11984 0.19981 0.008 -0.07479 8.0000 12.96 0.9066 0.9177 1.277629 
970.0344 52.464 72.740 0.09727 0.31305 0.006 -0.08739 8.0000 13.31 0.9032 0.9391 1.278142 
969.6449 28.465 118.148 -0.13795 0.25784 0.004 0.19040 8.0000 13.36 1.0139 1.0352 1.278656 
969.2553 24.765 147.648 -0.34783 0.22033 0.002 0.35128 8.0000 13.37 1.0588 1.0952 1.279170 
968.8657 21.432 162.081 -0.54760 0.17707 -1.927 0.62011 8.0000 13.43 1.0604 1.1430 1.279684 
968.4760 21.780 168.743 -0.64505 0.12839 1.226 0.69165 8.0000 13.58 0.9947 1.0992 1.280199 
968.0861 19.913 171.068 -0.61483 0.09663 0.284 0.74630 8.0000 13.92 1.0338 1.1380 1.280714 
967.6962 7.196 208.777 -0.32273 -0.17726 -1.260 1.43499 8.0000 13.92 1.7555 3.3213 1.281230 
967.3063 12.660 163.895 -0.46983 0.13565 1.196 1.03361 8.0000 13.94 1.3188 1.4930 1.281747 
966.9163 11.072 169.319 -0.42032 0.07927 1.291 1.05100 8.0000 14.05 2.3097 3.3275 1.282264 
966.5261 10.524 180.511 -0.40211 -0.00358 -5.740 1.04496 8.0000 13.94 2.7818 4.2514 1.282782 
966.1359 10.638 166.404 -0.39039 0.09441 1.199 1.03142 8.0000 13.88 3.0579 4.7616 1.283300 
965.7457 10.680 157.739 -0.36979 0.15137 -0.743 1.02170 8.0000 13.87 3.0063 4.7091 1.283818 
965.3553 11.259 155.449 -0.38975 0.17804 1.262 1.03355 8.0000 14.20 2.9877 4.7171 1.284337 
964.9649 11.647 157.512 -0.41217 0.17063 11.720 1.03613 8.0000 14.32 2.9273 4.7717 1.284857 
964.5743 11.777 159.727 -0.42502 0.15699 1.559 1.03932 8.0000 14.17 2.7722 4.7674 1.285377 
964.1838 11.462 158.864 -0.41261 0.15951 0.038 1.04597 8.0000 14.39 2.6304 4.7746 1.285898 
963.7931 13.301 161.919 -0.51597 0.16845 1.370 1.08383 8.0000 14.55 2.6835 4.9071 1.286419 
963.4023 13.431 161.127 -0.48802 0.16683 0.142 1.01828 8.0000 14.67 2.6562 4.7772 1.286941 
963.0115 12.572 158.484 -0.40203 0.15849 1.165 0.92071 8.0000 14.72 2.4827 4.1320 1.287463 
962.6207 1.782 190.994 -0.04309 -0.00837 1.380 0.70470 8.0000 14.80 2.1960 3.0196 1.287986 
962.2297 5.066 163.932 -0.14938 0.04303 1.243 0.86995 8.0000 14.85 2.0860 2.7562 1.288509 
961.8386 4.799 154.962 -0.15953 0.07452 1.301 1.04126 8.0000 15.13 1.7421 2.2994 1.289033 
961.4474 7.020 182.697 -0.26265 -0.01237 1.247 1.05154 8.0000 15.22 1.1457 1.4319 1.289558 
961.0562 21.182 192.906 -9.56925 -2.19267 1.379 10.76447 8.0000 15.14 1.0075 1.4967 1.290083 
960.6649 11.761 202.125 -0.39876 -0.16212 0.023 0.98895 8.0000 15.46 0.8007 1.0276 1.290608 
960.2736 13.224 221.641 -0.30420 -0.27047 0.025 0.81830 8.0000 15.28 0.6706 0.8014 1.291134 
959.8821 11.646 192.651 -0.31478 -0.07066 0.915 0.74937 8.0000 15.33 0.6036 0.6473 1.291661 
959.4905 13.183 143.639 -0.26386 0.19426 1.523 0.66105 8.0000 15.36 0.5904 0.6325 1.292188 
959.0989 17.478 87.353 0.01756 0.37975 1.199 0.54382 8.0000 15.75 0.5743 0.7437 1.292715 
958.7073 7.598 122.445 -0.07559 0.11891 2.365 0.51873 8.0000 15.74 0.5502 0.7072 1.293243 
958.3155 14.602 132.337 -0.20394 0.22383 -22.355 0.54171 8.0000 15.47 0.5572 0.5930 1.293772 
957.9236 13.357 132.818 -0.20257 0.21862 1.303 0.59224 8.0000 15.46 0.6058 0.6144 1.294301 
957.5317 10.055 135.036 -0.16354 0.16334 -132.229 0.63126 8.0000 15.50 0.6673 0.6751 1.294831 
957.1396 6.712 132.350 -0.11499 0.12615 1.229 0.71517 8.0000 15.41 0.7966 0.8163 1.295362 
956.7476 4.979 134.421 -0.09858 0.10059 -3.209 0.80220 8.0000 15.92 0.8343 0.8477 1.295892 
956.3554 1.690 144.749 -0.04237 0.02995 1.522 0.87867 8.0000 16.45 0.8321 0.8483 1.296424 
955.9632 5.035 165.540 -0.15744 0.04060 -0.011 0.91549 8.0000 16.54 0.8893 0.9133 1.296956 
955.5709 2.637 96.756 -0.01131 0.09548 -0.008 1.04154 8.0000 16.34 0.9936 1.0366 1.297488 
955.1784 4.428 65.407 0.05768 0.12604 -0.008 0.88971 8.0000 16.36 0.7701 0.8193 1.298021 
954.7859 8.374 58.319 0.10888 0.17642 1.242 0.68894 8.0000 16.56 0.6479 0.8267 1.298555 
954.3934 16.585 66.037 0.12063 0.27142 12.613 0.45441 8.0000 16.37 0.6408 0.9287 1.299089 
954.0007 26.021 73.089 0.09425 0.31001 1.388 0.25278 8.0000 16.48 0.6555 0.9990 1.299624 
953.6080 21.880 104.815 -0.08973 0.33926 1.661 0.36645 8.0000 16.78 0.7496 1.0899 1.300159 
953.2152 36.227 106.600 -0.11212 0.37611 -0.974 0.12409 8.0000 16.84 0.6054 0.9086 1.300695 
952.8223 32.652 93.646 -0.01925 0.30212 1.197 0.13922 8.0000 16.79 0.5209 0.7593 1.301231 
952.4293 19.476 82.936 0.02763 0.22295 1.417 0.27790 8.0000 16.96 0.5345 0.7060 1.301768 
952.0363 8.772 99.633 -0.02639 0.15547 1.620 0.49883 8.0000 16.94 0.6419 0.7554 1.302305 
951.6432 9.609 49.850 0.19310 0.22891 1.383 0.85914 8.0000 17.24 0.8047 0.9485 1.302843 
951.2499 10.947 61.245 0.14718 0.26822 4.055 0.76126 8.0000 16.91 0.6562 0.7407 1.303382 
950.8567 42.339 329.235 0.79672 -0.47428 4.620 0.08636 8.0000 16.97 0.6534 1.5719 1.303921 
950.4633 7.641 70.262 0.08911 0.24836 1.242 0.96572 8.0000 17.17 0.6720 0.8254 1.304461 
950.0699 11.314 110.345 -0.16113 0.43456 -0.260 1.11193 8.0000 17.32 1.1469 2.2622 1.305001 
949.6763 14.878 122.227 -0.26989 0.42813 -0.129 0.88529 8.0000 17.42 1.4629 3.3395 1.305542 
949.2827 15.631 123.372 -0.33646 0.51082 -0.090 1.00757 8.0000 17.62 1.3682 3.7812 1.306083 
948.8890 11.243 131.172 -0.35682 0.40799 -0.172 1.30945 8.0000 18.04 1.4648 4.0785 1.306625 
948.4953 14.634 124.664 -0.31124 0.45009 0.009 0.97638 8.0000 17.77 1.3847 3.8591 1.307167 
948.1014 80.908 258.235 -0.13794 -0.66232 0.385 -2.05960 8.0000 17.95 2.5980 4.8384 1.307710 
947.7075 17.948 100.628 -0.04928 0.26259 0.821 0.36915 8.0000 18.09 1.8069 3.1284 1.308254 
947.3135 13.666 102.789 -0.32077 1.41315 1.503 2.80362 8.0000 17.46 2.8705 3.0016 1.308798 
946.9194 77.067 280.524 1.70092 -9.15607 0.442 -19.20837 8.0000 17.64 3.9255 4.2665 1.309343 
946.5253 77.160 288.232 1.82245 -5.53250 0.143 -12.11385 8.0000 17.87 4.4929 4.6430 1.309888 
946.1310 61.260 196.753 -7.33242 -2.20722 1.448 -4.88223 8.0000 18.44 7.8991 15.7019 1.310434 
945.7367 72.200 321.424 2.80965 -2.24102 1.157 -5.02003 8.0000 18.06 5.2847 6.6268 1.310980 
945.3423 57.087 348.583 9.50264 -1.91902 0.256 -4.35174 8.0000 18.38 9.8673 19.6542 1.311527 
944.9478 53.458 352.325 16.74651 -2.25667 0.232 -5.13886 8.0000 18.67 14.0664 29.9278 1.312074 
944.5532 52.362 353.449 46.80933 -5.37570 1.165 -12.38248 8.0000 18.37 16.6718 36.0334 1.312623 
944.1586 37.655 173.509 -52.88303 6.01715 -2.579 13.95332 8.0000 18.39 17.4526 37.9588 1.313171 
943.7639 36.953 173.016 -11.70035 1.43336 -0.298 3.40126 8.0000 18.59 16.4631 35.7231 1.313720 
943.3691 34.921 171.132 -22.58319 3.52348 2.245 8.39014 8.0000 18.57 14.1067 29.8120 1.314270 
942.9742 30.203 166.330 -13.61929 3.31242 2.365 7.96025 8.0000 18.85 9.8682 19.4786 1.314821 
942.5792 14.696 134.288 -2.72257 2.79109 1.458 6.92219 8.0000 18.99 5.2998 6.7248 1.315372 
942.1841 28.746 13.424 11.92699 2.84662 -1.823 7.81414 8.0000 18.97 8.0031 16.1264 1.315923 
941.7890 10.117 86.411 0.08353 1.33188 -1.729 3.62042 8.0000 19.30 2.6528 2.9619 1.316475 
941.3938 72.732 300.344 0.31251 -0.53384 -38.827 -0.89881 8.0000 19.27 1.1230 1.3771 1.317028 
940.9985 16.377 19.114 0.72269 0.25045 0.596 1.18888 8.0000 19.41 0.6984 0.7526 1.317581 
940.6031 9.681 44.432 0.18653 0.18287 -10.021 0.74336 8.0000 19.42 0.6300 0.7544 1.318135 
940.2077 9.604 131.805 -0.18108 0.20249 3.668 0.77968 8.0000 19.49 0.6304 0.7903 1.318689 
939.8122 18.021 156.923 -0.51124 0.21782 4.294 0.76369 8.0000 19.67 0.6740 0.8412 1.319244 
939.4166 20.060 165.905 -0.67461 0.16938 1.993 0.82538 8.0000 19.58 0.8170 0.9425 1.319800 
939.0209 18.650 157.790 -0.58008 0.23685 -6.261 0.82249 8.0000 19.30 0.8094 1.0026 1.320356 
938.6251 18.811 155.520 -0.53793 0.24493 1.469 0.76690 8.0000 19.57 0.8143 0.9479 1.320913 
938.2292 18.403 162.037 -0.48885 0.15848 1.313 0.68678 8.0000 19.91 0.7474 0.8227 1.321470 
937.8333 16.043 142.190 -0.39232 0.30443 1.289 0.79204 8.0000 19.81 0.8508 0.9372 1.322028 
937.4373 19.290 122.048 -0.32192 0.51423 -3.509 0.76053 8.0000 20.33 0.6692 0.8379 1.322586 
937.0412 12.622 38.644 0.23090 0.18462 12.876 0.62702 8.0000 20.16 0.6290 0.7066 1.323146 
936.6450 6.836 43.003 0.11568 0.10789 1.339 0.65031 8.0000 19.94 0.7938 0.9489 1.323705 
936.2487 5.733 38.064 0.10883 0.08523 1.304 0.68149 8.0000 20.20 0.9849 1.2641 1.324266 
935.8524 6.307 28.571 0.11897 0.06479 0.959 0.60538 8.0000 20.49 1.0300 1.4337 1.324826 
935.4560 8.142 15.859 0.13767 0.03911 1.271 0.48988 8.0000 20.59 0.9541 1.4571 1.325388 
935.0594 12.351 337.465 0.18815 -0.07807 -0.676 0.44285 8.0000 20.78 0.9155 1.4147 1.325950 
934.6629 3.281 281.014 0.01578 -0.08106 -0.068 0.71801 8.0000 20.73 0.9593 1.2592 1.326512 
934.2662 11.488 292.595 0.07934 -0.19066 1.496 0.48706 8.0000 20.56 0.7466 0.9897 1.327076 
933.8694 56.911 6.768 0.34407 0.04083 2.032 -0.15298 8.0000 20.96 0.7681 1.2987 1.327640 
933.4727 10.611 177.399 -1.34476 0.06109 -5.526 3.46674 8.0000 21.13 1.3658 2.3774 1.328204 
933.0757 13.430 169.600 -2.23069 0.40940 -1.092 4.47817 8.0000 21.11 1.6095 2.8836 1.328769 
932.6787 14.213 173.899 -2.68823 0.28734 1.231 4.99481 8.0000 21.43 1.6093 2.9707 1.329334 
932.2817 12.510 214.449 -309.48764 -212.30276 32.491 804.10858 8.0000 21.34 1.3139 2.6706 1.329901 
931.8845 78.251 51.450 15.96946 20.04046 0.243 -58.94014 8.0000 21.44 1.2150 2.5309 1.330467 
931.4873 74.444 75.516 0.62091 2.40368 -135.659 -4.11349 8.0000 21.32 0.9357 1.9745 1.331035 
931.0900 51.756 98.464 -0.11017 0.74032 0.392 -0.17985 8.0000 21.75 0.6137 1.1895 1.331603 
930.6926 18.797 131.178 -0.38989 0.44572 1.263 0.76914 8.0000 21.72 0.6685 0.7103 1.332171 
930.2951 12.478 127.459 -0.16430 0.21443 -6.165 0.58045 8.0000 21.82 0.6667 0.7416 1.332740 
929.8975 17.054 125.126 -0.20292 0.28845 0.070 0.52076 8.0000 21.96 0.6510 0.7185 1.333310 
929.4999 7.793 111.815 -0.06649 0.16611 10.561 0.64147 8.0000 22.39 0.7010 0.7383 1.333881 
929.1022 3.237 339.487 0.09600 -0.03592 9.995 0.90320 8.0000 22.75 0.7536 0.7810 1.334452 
928.7043 4.278 328.781 0.11774 -0.07136 1.672 0.91517 8.0000 22.41 0.9904 1.0409 1.335023 
928.3065 1.751 12.264 0.05573 0.01211 3.858 0.93173 8.0000 22.59 1.1246 1.1827 1.335595 
927.9085 2.610 0.772 0.09069 0.00122 1.273 0.99271 8.0000 22.48 1.1656 1.2505 1.336168 
927.5104 3.107 2.963 0.10656 0.00552 0.325 0.97991 8.0000 22.95 1.0924 1.2055 1.336742 
927.1123 4.245 3.332 0.13681 0.00797 0.140 0.91809 8.0000 22.78 0.9052 1.0730 1.337316 
926.7141 5.359 0.729 0.14714 0.00187 0.038 0.77750 8.0000 22.74 0.7120 0.9567 1.337890 
926.3158 4.069 298.347 0.04446 -0.08241 0.714 0.65491 8.0000 22.89 0.7038 0.8443 1.338466 
925.9174 6.907 159.580 -0.12121 0.04513 0.561 0.52598 8.0000 23.02 0.6485 0.7080 1.339042 
925.5190 3.254 177.082 -0.06581 0.00335 -0.187 0.57761 8.0000 23.04 0.5768 0.6315 1.339618 
925.1204 9.843 273.793 0.01405 -0.21191 -0.074 0.59361 8.0000 23.25 0.5509 0.6159 1.340195 
924.7218 6.902 260.191 -0.01705 -0.09864 -0.050 0.40742 8.0000 22.97 0.5491 0.5919 1.340773 
924.3231 2.539 245.997 -0.01557 -0.03496 -0.025 0.43063 8.0000 23.41 0.5480 0.5753 1.341351 
923.9243 7.147 125.797 -0.07734 0.10724 1.385 0.51892 8.0000 23.57 0.5506 0.5582 1.341930 
923.5255 10.731 119.797 -0.11936 0.20843 1.362 0.61095 8.0000 23.91 0.6076 0.6190 1.342510 
923.1265 20.311 144.424 -0.50351 0.36016 0.062 0.72174 8.0000 23.31 0.7872 0.9099 1.343090 
922.7275 10.025 111.839 -0.10761 0.26851 0.040 0.79262 8.0000 24.01 0.8500 0.9080 1.343671 
922.3283 7.090 46.976 0.15003 0.16075 1.343 0.87028 8.0000 23.92 0.9161 1.0334 1.344252 
921.9291 9.068 42.854 0.21998 0.20409 0.000 0.91618 8.0000 24.17 1.1937 1.4384 1.344834 
921.5298 10.132 26.819 0.30339 0.15338 0.000 0.92084 8.0000 24.06 1.2830 1.5910 1.345417 
921.1305 10.193 30.997 0.29836 0.17925 0.000 0.93658 8.0000 23.74 1.3721 1.7177 1.346000 
920.7311 11.026 20.916 0.33298 0.12726 0.000 0.87998 8.0000 24.04 1.2098 1.4712 1.346584 
920.3315 11.001 33.036 0.29250 0.19021 0.000 0.86350 8.0000 24.68 1.0551 1.2546 1.347169 
919.9319 10.436 64.808 0.13333 0.28345 0.000 0.82153 8.0000 24.34 0.9732 1.0761 1.347754 
919.5322 12.592 104.622 -0.09426 0.36132 1.650 0.79413 8.0000 24.11 0.9266 0.9624 1.348340 
919.1324 19.505 134.252 -0.44596 0.45775 1.268 0.78893 8.0000 24.83 0.9177 1.0599 1.348926 
918.7326 13.792 107.944 -0.12573 0.38825 4.857 0.78118 8.0000 24.49 0.7755 0.8156 1.349513 
918.3326 20.659 109.258 -0.10712 0.30660 -6.112 0.36946 8.0000 25.07 1.3031 1.5427 1.350101 
917.9326 7.854 90.953 -0.00392 0.23577 1.522 0.83841 8.0000 24.88 0.5751 0.6351 1.350689 
917.5325 62.966 123.195 -0.35185 0.53778 2.318 -0.46574 8.0000 24.63 1.1581 1.4279 1.351278 
917.1323 54.101 115.747 -0.15591 0.32328 1.935 -0.11802 8.0000 24.86 1.7474 2.2385 1.351868 
916.7321 55.822 113.798 -0.16443 0.37286 4.960 -0.16171 8.0000 25.04 2.0482 2.6611 1.352458 
916.3317 70.435 119.240 -0.21605 0.38595 101.172 -0.54366 8.0000 25.21 2.0116 2.6384 1.353049 
915.9313 76.817 123.528 -0.28976 0.43732 1.713 -1.05842 8.0000 25.20 1.8225 2.4016 1.353641 
915.5308 80.800 127.707 -0.48755 0.63065 2.853 -2.39641 8.0000 25.43 1.5451 1.9880 1.354233 
915.1302 7.754 313.381 11.84361 -12.53271 1.510 62.14210 8.0000 25.80 1.2124 1.4809 1.354826 
914.7295 4.039 335.350 0.20795 -0.09543 0.001 1.61203 8.0000 25.45 1.0825 1.2161 1.355419 
914.3287 6.349 91.010 -0.00254 0.14393 0.002 0.63883 8.0000 25.34 1.6210 1.9257 1.356013 
913.9279 3.177 16.860 0.10667 0.03233 -0.010 1.00108 8.0000 25.51 0.7942 0.9048 1.356608 
913.5270 2.191 72.091 0.02127 0.06582 -0.019 0.90279 8.0000 25.62 0.6852 0.7464 1.357203 
913.1259 10.107 101.797 -0.04937 0.23641 1.220 0.65594 8.0000 25.84 0.6073 0.6425 1.357799 
912.7249 7.641 87.446 0.00934 0.20945 0.000 0.76735 8.0000 25.42 0.6648 0.7450 1.358396 
912.3237 5.536 55.029 0.10711 0.15314 1.389 0.95495 8.0000 25.80 0.7714 0.8910 1.358993 
911.9224 6.924 40.624 0.17474 0.14990 -0.254 0.93398 8.0000 26.21 0.7196 0.8378 1.359591 
911.5211 22.197 89.799 0.00158 0.45174 -0.247 0.46140 8.0000 26.46 0.6318 0.8389 1.360190 
911.1196 0.404 150.203 -0.00937 0.00537 0.158 0.76622 8.0000 26.61 0.6023 0.6469 1.360789 
910.7181 22.309 242.884 -0.43415 -0.84781 0.054 0.96533 8.0000 26.47 0.8040 0.9477 1.361389 
910.3165 18.435 42.689 0.53586 0.49429 0.089 0.97199 8.0000 26.50 1.1162 1.3846 1.361990 
909.9149 29.846 93.034 -0.11367 2.14441 -0.059 1.25523 8.0000 26.34 1.7599 2.1131 1.362591 
909.5131 33.383 29.988 1.78261 1.02869 0.056 0.88354 8.0000 26.00 1.8693 2.2441 1.363193 
909.1113 39.756 4.859 3.18208 0.27050 0.019 0.59115 8.0000 26.22 2.3925 2.8355 1.363795 
908.7093 41.606 357.631 3.72830 -0.15421 0.004 0.44415 8.0000 26.56 2.8219 3.3373 1.364399 
908.3073 42.870 358.709 4.38136 -0.09873 0.004 0.32643 8.0000 26.20 3.0723 3.6232 1.365003 
907.9052 44.587 1.433 4.33993 0.10859 0.006 0.06263 8.0000 26.45 2.9065 3.4234 1.365607 
907.5031 57.023 4.935 4.27973 0.36954 -1.237 -1.91676 8.0000 26.58 2.8977 3.3443 1.366212 
907.1008 36.930 8.969 2.69167 0.42481 -0.003 0.78860 8.0000 26.43 2.1725 2.4639 1.366818 
906.6984 22.550 324.293 1.71472 -1.23246 -0.004 2.10426 8.0000 26.47 2.9282 3.9649 1.367425 
906.2960 8.327 44.773 0.64895 0.64384 -0.052 3.05588 8.0000 26.57 2.6249 2.6957 1.368032 
905.8935 13.388 107.965 -0.63982 1.97331 -0.462 4.11106 8.0000 26.93 3.0915 3.5241 1.368640 
905.4909 17.283 82.922 0.36590 2.94673 0.011 4.30973 8.0000 26.69 2.9463 3.6963 1.369248 
905.0883 18.680 86.934 0.14739 2.75144 7.145 3.60921 8.0000 26.86 2.8882 3.8996 1.369857 
904.6855 56.067 235.724 -0.47200 -0.69254 0.843 -0.34088 8.0000 27.52 3.5963 5.4106 1.370467 
904.2826 18.512 123.899 -0.50130 0.74605 -0.006 1.19172 8.0000 27.24 2.8069 4.0602 1.371078 
903.8797 23.476 166.904 -0.58026 0.13498 -0.003 0.55647 8.0000 27.74 5.9286 7.4554 1.371689 
903.4767 27.588 152.745 -0.45175 0.23272 1.484 0.35350 8.0000 27.58 7.9130 10.1687 1.372301 
903.0736 23.354 155.069 -0.45399 0.21103 0.187 0.47166 8.0000 27.63 9.8829 12.3679 1.372913 
902.6704 24.405 154.499 -0.47164 0.22497 0.016 0.45730 8.0000 27.73 10.3470 13.0376 1.373527 
902.2672 26.221 150.702 -0.49618 0.27843 0.005 0.43749 8.0000 27.68 9.6970 12.3448 1.374140 
901.8638 27.688 149.171 -0.52233 0.31174 10.853 0.42000 8.0000 27.79 7.8328 10.2908 1.374755 
901.4604 30.006 136.643 -0.52280 0.49365 -0.040 0.41493 8.0000 27.55 5.2127 7.3882 1.375370 
901.0569 37.494 103.303 -0.35547 1.50336 -0.023 0.41426 8.0000 27.85 2.4103 4.5711 1.375986 
900.6533 28.568 234.300 -0.60816 -0.84635 -1.193 0.67328 8.0000 27.77 4.0211 5.7378 1.376603 
900.2496 37.454 89.459 0.01914 2.02699 -0.287 0.54662 8.0000 28.07 1.3485 2.6891 1.377220 
899.8458 15.808 335.814 1.27331 -0.57188 0.191 2.26746 8.0000 27.51 0.8332 2.0819 1.377838 
899.4420 68.661 202.428 -9.99157 -4.12386 0.254 -11.72242 8.0000 28.11 1.2551 2.9393 1.378457 
899.0380 68.089 200.790 -3.84011 -1.45794 -0.445 -4.28001 8.0000 28.24 1.5268 3.5405 1.379076 
898.6340 67.689 202.622 -3.16432 -1.31862 0.123 -3.47359 8.0000 28.24 1.6682 3.7676 1.379696 
898.2299 66.468 181.666 -3.41356 -0.09927 -0.682 -3.17734 8.0000 28.22 1.6189 3.6396 1.380317 
897.8257 71.986 211.281 -12.04531 -7.31807 -0.657 -19.37891 8.0000 28.65 1.3835 2.9743 1.380938 
897.4214 18.196 82.415 0.21546 1.61792 0.230 2.21451 8.0000 29.02 1.2641 2.1263 1.381560 
897.0171 25.745 119.187 -0.51832 0.92792 0.023 0.84576 8.0000 28.66 1.3856 1.7261 1.382183 
896.6127 34.831 141.353 -0.75775 0.60593 0.018 0.35962 8.0000 28.37 1.7918 2.6232 1.382807 
896.2081 28.968 123.760 -0.66153 0.98966 0.010 0.74572 8.0000 28.49 1.6551 1.9432 1.383431 
895.8035 27.214 123.141 -0.62034 0.95013 0.013 0.81156 8.0000 28.41 1.6787 2.0780 1.384056 
895.3989 26.810 122.132 -0.57534 0.91601 0.006 0.79692 8.0000 28.66 1.3989 1.9074 1.384681 
894.9941 23.875 121.435 -0.43312 0.70859 22.351 0.75438 8.0000 29.07 1.1502 1.7475 1.385307 
894.5892 14.001 120.804 -0.20475 0.34342 1.272 0.75192 8.0000 29.41 0.8261 1.5098 1.385934 
894.1843 10.858 296.272 0.15127 -0.30645 0.000 0.85814 8.0000 28.84 0.7848 1.3194 1.386562 
893.7792 6.274 127.280 -0.11405 0.14982 0.006 0.84595 8.0000 29.09 0.7884 1.4267 1.387190 
893.3741 3.728 99.488 -0.01940 0.11608 1.402 0.89938 8.0000 28.90 0.7758 1.3236 1.387819 
892.9689 4.296 4.613 0.13764 0.01111 -7.267 0.91383 8.0000 29.37 0.7044 1.0561 1.388449 
892.5637 7.870 337.388 0.21905 -0.09123 -0.860 0.84193 8.0000 29.45 0.6430 0.7892 1.389079 
892.1583 9.394 324.939 0.23924 -0.16790 0.311 0.85920 8.0000 29.96 0.6015 0.7357 1.389711 
891.7528 6.703 333.365 0.16558 -0.08304 0.594 0.77716 8.0000 29.36 0.6129 0.8034 1.390343 
891.3473 6.154 335.352 0.12746 -0.05849 -0.471 0.64270 8.0000 29.99 0.5858 0.8199 1.390975 
890.9417 3.753 357.435 0.06694 -0.00300 1.231 0.50855 8.0000 29.62 0.5793 0.8021 1.391608 
890.5359 1.561 61.513 0.01516 0.02793 0.000 0.58268 8.0000 29.53 0.5719 0.7571 1.392242 
890.1302 2.788 146.076 -0.03746 0.02520 0.060 0.46250 8.0000 30.19 0.5391 0.6607 1.392877 
889.7243 7.485 181.387 -0.09003 -0.00218 0.000 0.33680 8.0000 29.56 0.5202 0.6607 1.393512 
889.3184 6.503 338.877 0.06696 -0.02587 0.000 0.31076 8.0000 29.75 0.5185 0.5497 1.394148 
888.9123 10.146 6.198 0.13270 0.01441 1.307 0.36102 8.0000 29.86 0.5267 0.5597 1.394785 
888.5062 9.014 8.225 0.10930 0.01580 -2.237 0.33935 8.0000 30.60 0.5311 0.6572 1.395423 
888.1000 8.259 104.867 -0.05101 0.19217 -97.940 0.67042 8.0000 30.01 0.6572 0.7391 1.396061 
887.6937 9.308 104.036 -0.05979 0.23917 1.321 0.73186 8.0000 30.34 0.7460 0.8497 1.396700 
887.2873 9.609 107.049 -0.07950 0.25924 -868.560 0.77789 8.0000 30.74 0.7833 0.8972 1.397340 
886.8808 10.602 109.717 -0.10526 0.29372 1.419 0.80425 8.0000 30.34 0.8401 0.9219 1.397980 
886.4743 7.650 115.578 -0.10810 0.22586 1.795 0.91526 8.0000 30.48 0.7450 0.8261 1.398621 
886.0676 9.781 123.878 -0.15146 0.22559 1.446 0.76464 8.0000 30.46 0.6920 0.7460 1.399263 
885.6609 10.903 131.334 -0.19610 0.22295 1.287 0.74215 8.0000 30.57 0.6653 0.6912 1.399906 
885.2541 9.897 121.330 -0.13563 0.22280 0.070 0.72478 8.0000 30.81 0.6382 0.6857 1.400549 
884.8472 9.723 118.491 -0.10680 0.19677 0.011 0.63410 8.0000 30.75 0.5921 0.6371 1.401193 
884.4402 9.836 113.014 -0.07158 0.16850 147.503 0.51211 8.0000 31.07 0.5573 0.5980 1.401838 
884.0332 12.872 115.324 -0.12846 0.27147 1.274 0.62282 8.0000 31.22 0.6152 0.6412 1.402483 
883.6260 12.541 112.306 -0.11289 0.27517 0.000 0.63547 8.0000 31.09 0.6139 0.6320 1.403130 
883.2188 15.960 110.397 -0.10714 0.28813 0.000 0.49346 8.0000 31.50 0.5892 0.5994 1.403777 
882.8115 14.029 92.899 -0.01317 0.26004 0.000 0.48851 8.0000 31.16 0.6167 0.6506 1.404424 
882.4041 2.817 135.232 -0.03792 0.03762 0.045 0.54152 8.0000 31.29 0.5453 0.5515 1.405073 
881.9966 4.858 187.885 -0.11035 -0.01528 0.032 0.65065 8.0000 31.45 0.5732 0.6245 1.405722 
881.5890 6.783 216.673 -0.14354 -0.10688 0.022 0.74170 8.0000 31.59 0.6186 0.7277 1.406372 
881.1813 11.471 231.553 -0.17452 -0.21982 0.017 0.66311 8.0000 31.23 0.5993 0.7565 1.407023 
880.7736 19.679 273.991 0.02887 -0.41377 0.525 0.50569 8.0000 31.91 0.5959 0.7812 1.407674 
880.3658 31.537 242.095 -0.22001 -0.41544 -0.015 0.23877 8.0000 31.36 0.5648 0.7656 1.408326 
879.9579 48.387 284.480 0.85432 -3.30812 -0.022 -0.40587 8.0000 31.59 0.9736 1.1822 1.408979 
879.5499 40.504 147.121 -0.74631 0.48242 0.019 0.14061 8.0000 31.61 0.6197 0.8358 1.409632 
879.1418 39.141 124.992 -1.06361 1.51942 0.121 0.38472 8.0000 31.78 1.3489 1.5675 1.410287 
878.7336 34.975 120.920 -0.92550 1.54515 -0.005 0.65734 8.0000 31.83 2.0547 2.2339 1.410942 
878.3253 35.521 121.718 -1.11729 1.80781 -0.198 0.72999 8.0000 32.36 2.3788 2.7273 1.411598 
877.9170 35.432 121.079 -1.14405 1.89807 1.400 0.76895 8.0000 32.11 2.4890 2.9422 1.412254 
877.5085 35.310 119.750 -1.09808 1.92121 343.384 0.77843 8.0000 32.50 2.3357 2.8878 1.412912 
877.1000 34.398 119.350 -0.96098 1.70897 1.598 0.76064 8.0000 32.60 1.9094 2.5047 1.413570 
876.6915 32.150 117.013 -0.64037 1.25608 1.371 0.67855 8.0000 32.50 1.2328 1.8774 1.414228 
876.2828 25.382 126.998 -0.33757 0.44801 0.072 0.45808 8.0000 32.44 0.6573 0.9988 1.414888 
875.8740 41.580 293.979 1.16658 -2.62275 0.164 0.34434 8.0000 33.30 0.9845 1.1140 1.415548 
875.4651 9.372 133.003 -0.18847 0.20208 0.038 0.81434 8.0000 33.03 0.8352 3.6135 1.416209 
875.0562 2.847 291.726 0.02714 -0.06812 0.198 0.73539 8.0000 33.07 0.6893 1.1194 1.416871 
874.6472 32.659 308.326 0.97012 -1.22725 4.197 0.71894 8.0000 32.77 0.8199 4.3943 1.417534 
874.2380 26.258 128.950 -0.92117 1.13957 0.000 1.12377 8.0000 33.14 1.1446 6.6319 1.418197 
873.8289 21.592 129.079 -0.62412 0.76855 1.273 1.05491 8.0000 32.76 1.3227 8.0645 1.418861 
873.4196 20.286 129.625 -0.64855 0.78326 1.303 1.18766 8.0000 33.61 1.2537 8.5127 1.419526 
873.0102 21.083 129.465 -0.71120 0.86384 0.080 1.23545 8.0000 33.33 1.1725 8.0293 1.420192 
872.6007 23.105 128.343 -1.23300 1.55883 -0.067 1.90530 8.0000 32.98 0.9811 6.5759 1.420858 
872.1912 12.568 291.376 0.08138 -0.20791 -0.115 0.47586 8.0000 33.59 0.6284 4.3145 1.421525 
871.7816 5.349 155.292 -0.14092 0.06484 -0.048 0.82108 8.0000 32.97 0.6888 1.0388 1.422193 
871.3718 9.246 137.456 -0.21116 0.19379 1.350 0.85694 8.0000 34.16 1.1331 3.8007 1.422862 
870.9620 5.785 152.196 -0.12885 0.06794 -0.134 0.71148 8.0000 33.89 0.6447 0.7187 1.423532 
870.5521 6.500 134.425 -0.10537 0.10750 1.351 0.65197 8.0000 33.99 0.6072 0.7138 1.424202 
870.1422 4.617 148.468 -0.08787 0.05392 1.328 0.63417 8.0000 34.26 0.5862 0.7055 1.424873 
869.7321 6.431 144.963 -0.11987 0.08405 0.031 0.64117 8.0000 33.97 0.6040 0.7079 1.425545 
869.3219 8.866 135.227 -0.14972 0.14854 1.270 0.65957 8.0000 34.04 0.6547 0.7273 1.426217 
868.9117 11.091 125.791 -0.16941 0.23497 1.339 0.71048 8.0000 34.34 0.7137 0.7490 1.426891 
868.5013 12.646 120.168 -0.17890 0.30779 -0.011 0.75344 8.0000 34.37 0.7999 0.8066 1.427565 
868.0909 13.815 116.505 -0.18501 0.37100 1.232 0.79201 8.0000 34.64 0.9330 0.9430 1.428240 
867.6805 13.651 118.491 -0.19522 0.35969 -0.016 0.79286 8.0000 34.67 0.9023 0.9062 1.428915 
867.2699 12.732 118.524 -0.17204 0.31654 1.277 0.75657 8.0000 34.74 0.7896 0.7914 1.429592 
866.8592 12.423 117.356 -0.15889 0.30710 1.302 0.74673 8.0000 35.06 0.7479 0.7495 1.430269 
866.4485 11.101 115.548 -0.13446 0.28130 -0.232 0.76392 8.0000 34.76 0.7011 0.7035 1.430947 
866.0376 11.429 113.997 -0.12915 0.29012 1.207 0.75329 8.0000 34.69 0.6838 0.6955 1.431626 
865.6267 11.616 114.750 -0.13954 0.30268 1.253 0.77640 8.0000 35.87 0.6967 0.6980 1.432306 
865.2157 11.450 114.566 -0.13374 0.29257 -0.015 0.76156 8.0000 34.96 0.6797 0.6890 1.432986 
864.8046 12.072 114.763 -0.14336 0.31079 1.230 0.76353 8.0000 35.25 0.7009 0.7231 1.433667 
864.3934 11.786 115.413 -0.14363 0.30231 1.230 0.76710 8.0000 35.39 0.7015 0.7357 1.434349 
863.9821 12.845 119.544 -0.18253 0.32204 1.317 0.76951 8.0000 35.18 0.7160 0.7649 1.435032 
863.5707 11.435 117.368 -0.15256 0.29471 -3.107 0.78674 8.0000 35.75 0.7249 0.7574 1.435716 
863.1593 8.648 115.692 -0.10364 0.21543 1.333 0.76776 8.0000 35.86 0.6672 0.6861 1.436400 
862.7477 8.976 113.376 -0.10388 0.24034 1.242 0.80811 8.0000 36.34 0.7162 0.7215 1.437085 
862.3361 8.579 111.725 -0.09363 0.23500 -0.005 0.81927 8.0000 35.86 0.7273 0.7333 1.437771 
861.9244 8.649 112.461 -0.09700 0.23462 1.260 0.81521 8.0000 36.13 0.7415 0.7663 1.438458 
861.5126 8.802 113.821 -0.10745 0.24339 -1.609 0.83845 8.0000 36.25 0.7489 0.7667 1.439145 
861.1008 7.295 114.174 -0.08485 0.18904 1.211 0.79605 8.0000 36.16 0.6947 0.6997 1.439834 
860.6888 6.748 115.269 -0.08188 0.17346 1.232 0.79915 8.0000 36.60 0.6745 0.6816 1.440523 
860.2767 7.761 115.471 -0.09326 0.19579 1.244 0.78084 8.0000 36.08 0.6593 0.6770 1.441213 
859.8646 7.774 115.089 -0.08611 0.18393 -0.004 0.72996 8.0000 36.46 0.6334 0.6626 1.441904 
859.4523 8.432 117.465 -0.11177 0.21502 1.252 0.79944 8.0000 36.67 0.6565 0.6849 1.442595 
859.0400 8.611 117.815 -0.12422 0.23546 4.941 0.85888 8.0000 36.79 0.6727 0.6974 1.443288 
858.6276 8.772 118.070 -0.14069 0.26381 1.241 0.94572 8.0000 37.35 0.6876 0.7041 1.443981 
858.2151 9.479 118.324 -0.14908 0.27660 1.249 0.91475 8.0000 37.43 0.7126 0.7191 1.444675 
857.8026 9.871 118.428 -0.13871 0.25624 1.279 0.81189 8.0000 36.89 0.7454 0.7476 1.445370 
857.3899 10.058 117.367 -0.13443 0.25970 1.233 0.79837 8.0000 37.19 0.7807 0.7928 1.446065 
856.9771 10.832 116.300 -0.13203 0.26715 1.241 0.75022 8.0000 36.46 0.7944 0.7978 1.446762 
856.5643 11.174 116.095 -0.13665 0.27901 1.227 0.75570 8.0000 37.06 0.8005 0.8038 1.447459 
856.1514 11.952 115.070 -0.13602 0.29077 0.001 0.72428 8.0000 37.65 0.8110 0.8143 1.448157 
855.7383 12.237 114.225 -0.13315 0.29592 1.255 0.71289 8.0000 37.66 0.8066 0.8096 1.448856 
855.3253 12.790 113.195 -0.13344 0.31140 1.248 0.70777 8.0000 37.66 0.8220 0.8249 1.449556 
854.9120 12.074 114.330 -0.14111 0.31209 1.354 0.76394 8.0000 37.47 0.8183 0.8204 1.450257 
854.4988 11.280 116.565 -0.15530 0.31060 1.251 0.83591 8.0000 37.62 0.7889 0.7901 1.450958 
854.0854 11.451 116.374 -0.15622 0.31507 1.283 0.83243 8.0000 37.50 0.7955 0.7971 1.451660 
853.6719 11.129 116.789 -0.15293 0.30290 1.272 0.82905 8.0000 37.96 0.8054 0.8071 1.452364 
853.2584 11.019 117.656 -0.16048 0.30624 1.230 0.85408 8.0000 37.89 0.7857 0.7871 1.453067 
852.8448 10.915 118.235 -0.16394 0.30530 1.216 0.86505 8.0000 38.05 0.7755 0.7765 1.453772 
852.4311 10.713 119.998 -0.16732 0.28983 1.302 0.85278 8.0000 37.80 0.7580 0.7587 1.454478 
852.0173 12.672 117.181 -0.16015 0.31186 1.248 0.74021 8.0000 38.33 0.7508 0.7515 1.455184 
851.6034 11.393 118.053 -0.15975 0.29977 1.240 0.80866 8.0000 38.11 0.7664 0.7671 1.455891 
851.1894 11.918 116.972 -0.15868 0.31179 1.235 0.79190 8.0000 37.98 0.7698 0.7707 1.456599 
850.7753 12.595 115.105 -0.15647 0.33395 1.233 0.78408 8.0000 38.29 0.7789 0.7798 1.457308 
850.3612 11.382 117.984 -0.16423 0.30908 1.305 0.83406 8.0000 38.31 0.7657 0.7664 1.458018 
849.9470 11.387 117.737 -0.16487 0.31354 1.189 0.84383 8.0000 38.07 0.7683 0.7694 1.458728 
849.5326 11.999 115.951 -0.16239 0.33367 1.291 0.83356 8.0000 38.15 0.7823 0.7835 1.459440 
849.1182 12.637 114.992 -0.16067 0.34469 1.235 0.80544 8.0000 38.77 0.7814 0.7825 1.460152 
848.7037 12.157 115.263 -0.16286 0.34512 1.229 0.84468 8.0000 38.63 0.7888 0.7901 1.460865 
848.2891 11.790 115.744 -0.16516 0.34251 1.256 0.87123 8.0000 38.70 0.7935 0.7947 1.461579 
847.8744 11.193 116.513 -0.16762 0.33600 1.222 0.91162 8.0000 39.36 0.7993 0.8004 1.462294 
847.4597 12.111 116.347 -0.16769 0.33860 1.211 0.83988 8.0000 39.18 0.7747 0.7758 1.463010 
847.0448 12.103 116.869 -0.17041 0.33634 1.214 0.83871 8.0000 39.54 0.7692 0.7704 1.463726 
846.6298 12.352 116.979 -0.17143 0.33677 1.224 0.82143 8.0000 39.82 0.7618 0.7630 1.464444 
846.2148 13.202 116.912 -0.17123 0.33734 1.206 0.76193 8.0000 39.35 0.7457 0.7469 1.465162 
845.7997 12.944 117.579 -0.17511 0.33526 1.221 0.77933 8.0000 39.61 0.7463 0.7475 1.465881 
845.3845 12.883 117.368 -0.17451 0.33713 1.231 0.78650 8.0000 39.52 0.7543 0.7555 1.466601 
844.9692 12.585 117.724 -0.17980 0.34212 1.214 0.82244 8.0000 39.79 0.7577 0.7591 1.467322 
844.5538 12.147 116.720 -0.17771 0.35304 1.239 0.87561 8.0000 39.31 0.7643 0.7658 1.468044 
844.1383 12.204 116.665 -0.17475 0.34797 1.212 0.85811 8.0000 39.53 0.7718 0.7733 1.468766 
843.7227 12.109 116.526 -0.17248 0.34555 1.211 0.85864 8.0000 40.31 0.7849 0.7868 1.469490 
843.3071 12.581 116.305 -0.17135 0.34662 1.180 0.82314 8.0000 40.14 0.7781 0.7800 1.470214 
842.8914 12.423 116.213 -0.17359 0.35258 1.231 0.84871 8.0000 40.22 0.7837 0.7857 1.470939 
842.4755 12.441 115.712 -0.17001 0.35307 1.222 0.84491 8.0000 40.26 0.7896 0.7915 1.471665 
842.0596 12.609 115.165 -0.16924 0.36021 1.221 0.84507 8.0000 40.61 0.7807 0.7825 1.472392 
841.6436 12.601 114.957 -0.16804 0.36106 1.205 0.84624 8.0000 40.73 0.7836 0.7854 1.473120 
841.2275 12.372 114.598 -0.16332 0.35675 1.195 0.85132 8.0000 40.58 0.8027 0.8042 1.473849 
840.8113 12.179 114.273 -0.15781 0.34994 1.187 0.84790 8.0000 40.94 0.8178 0.8193 1.474578 
840.3951 12.213 114.141 -0.15823 0.35305 1.192 0.85190 8.0000 40.73 0.8186 0.8201 1.475308 
839.9787 12.150 113.840 -0.15664 0.35447 1.201 0.85830 8.0000 40.75 0.8223 0.8241 1.476040 
839.5623 12.017 113.527 -0.15302 0.35147 1.199 0.85965 8.0000 41.48 0.8316 0.8336 1.476772 
839.1457 12.230 113.924 -0.15594 0.35151 1.224 0.84539 8.0000 41.24 0.8285 0.8307 1.477505 
838.7291 12.312 113.972 -0.15720 0.35355 1.201 0.84417 8.0000 41.26 0.8272 0.8294 1.478239 
838.3124 12.388 113.891 -0.15778 0.35620 1.208 0.84405 8.0000 41.79 0.8262 0.8284 1.478974 
837.8956 12.407 113.780 -0.15744 0.35730 1.217 0.84450 8.0000 42.05 0.8261 0.8281 1.479709 
837.4787 12.455 113.672 -0.15886 0.36238 1.218 0.85199 8.0000 42.02 0.8210 0.8227 1.480446 
837.0617 12.570 113.811 -0.16055 0.36383 1.258 0.84742 8.0000 41.95 0.8202 0.8220 1.481183 
836.6447 12.509 113.889 -0.16132 0.36422 1.213 0.85357 8.0000 42.05 0.8226 0.8244 1.481922 
836.2275 12.617 113.915 -0.16309 0.36777 1.206 0.85361 8.0000 42.52 0.8194 0.8214 1.482661 
835.8102 12.643 113.804 -0.16389 0.37152 1.206 0.85954 8.0000 42.81 0.8203 0.8223 1.483401 
835.3929 12.654 113.653 -0.16272 0.37150 1.196 0.85765 8.0000 42.49 0.8223 0.8243 1.484142 
834.9755 12.725 113.561 -0.16345 0.37481 1.203 0.85924 8.0000 42.65 0.8212 0.8233 1.484884 
834.5579 12.803 113.521 -0.16386 0.37649 1.199 0.85677 8.0000 42.92 0.8203 0.8224 1.485627 
834.1403 12.787 113.471 -0.16287 0.37510 1.196 0.85451 8.0000 43.14 0.8195 0.8216 1.486371 
833.7227 12.851 113.475 -0.16381 0.37718 1.191 0.85434 8.0000 43.05 0.8206 0.8227 1.487115 
833.3049 12.979 113.426 -0.16472 0.38017 1.204 0.85103 8.0000 43.65 0.8187 0.8208 1.487861 
832.8870 13.038 113.356 -0.16520 0.38256 1.196 0.85152 8.0000 43.21 0.8187 0.8208 1.488608 
832.4691 12.946 113.264 -0.16355 0.38042 1.214 0.85307 8.0000 43.91 0.8201 0.8222 1.489355 
832.0510 13.030 113.224 -0.16428 0.38284 1.213 0.85186 8.0000 44.05 0.8199 0.8219 1.490103 
831.6329 13.075 113.229 -0.16501 0.38446 1.220 0.85210 8.0000 43.75 0.8195 0.8215 1.490852 
831.2146 13.074 113.133 -0.16439 0.38479 1.200 0.85234 8.0000 44.48 0.8201 0.8221 1.491603 
830.7963 13.209 113.156 -0.16649 0.38927 1.200 0.85223 8.0000 44.37 0.8203 0.8223 1.492354 
830.3779 13.313 113.126 -0.16757 0.39238 1.204 0.85108 8.0000 44.34 0.8213 0.8233 1.493106 
829.9594 13.312 113.100 -0.16741 0.39249 1.201 0.85124 8.0000 45.65 0.8234 0.8254 1.493858 
829.5408 13.354 113.045 -0.16814 0.39525 1.200 0.85369 8.0000 44.98 0.8255 0.8275 1.494612 
829.1221 13.308 112.986 -0.16709 0.39392 1.200 0.85388 8.0000 44.57 0.8269 0.8289 1.495367 
828.7034 13.339 112.974 -0.16770 0.39558 1.212 0.85509 8.0000 45.35 0.8282 0.8303 1.496123 
828.2845 13.296 112.933 -0.16666 0.39390 1.219 0.85440 8.0000 45.67 0.8278 0.8298 1.496879 
827.8656 13.351 112.891 -0.16735 0.39636 1.197 0.85541 8.0000 44.75 0.8291 0.8312 1.497637 
827.4465 13.357 112.831 -0.16699 0.39666 1.221 0.85522 8.0000 45.66 0.8298 0.8318 1.498395 
827.0275 13.344 112.740 -0.16617 0.39647 1.213 0.85519 8.0000 45.81 0.8314 0.8334 1.499154 
826.6082 13.375 112.729 -0.16655 0.39757 1.199 0.85521 8.0000 45.71 0.8315 0.8335 1.499915 
826.1889 13.381 112.669 -0.16613 0.39775 1.217 0.85472 8.0000 45.99 0.8331 0.8350 1.500676 
825.7695 13.385 112.651 -0.16599 0.39777 1.208 0.85435 8.0000 46.75 0.8342 0.8362 1.501438 
825.3500 13.364 112.631 -0.16528 0.39645 1.215 0.85296 8.0000 46.49 0.8352 0.8371 1.502201 
824.9305 13.347 112.630 -0.16518 0.39622 1.193 0.85372 8.0000 46.03 0.8366 0.8386 1.502965 
824.5108 13.357 112.600 -0.16553 0.39766 1.191 0.85592 8.0000 46.28 0.8373 0.8392 1.503730 
824.0911 13.350 112.542 -0.16510 0.39778 1.204 0.85634 8.0000 46.46 0.8382 0.8401 1.504496 
823.6713 13.362 112.502 -0.16504 0.39841 1.208 0.85653 8.0000 46.73 0.8389 0.8407 1.505263 
823.2513 13.356 112.482 -0.16483 0.39829 1.213 0.85661 8.0000 46.60 0.8400 0.8419 1.506031 
822.8313 13.360 112.475 -0.16488 0.39857 1.212 0.85682 8.0000 46.82 0.8397 0.8416 1.506800 
822.4112 13.385 112.485 -0.16546 0.39976 1.215 0.85761 8.0000 47.16 0.8417 0.8436 1.507569 
821.9910 13.403 112.533 -0.16612 0.40040 1.199 0.85794 8.0000 47.02 0.8443 0.8461 1.508340 
821.5707 13.396 112.519 -0.16599 0.40035 1.204 0.85826 8.0000 47.63 0.8445 0.8464 1.509112 
821.1503 13.398 112.525 -0.16614 0.40061 1.208 0.85872 8.0000 47.98 0.8443 0.8461 1.509884 
820.7299 13.427 112.522 -0.16671 0.40203 1.214 0.85959 8.0000 48.19 0.8455 0.8473 1.510658 
820.3093 13.441 112.541 -0.16714 0.40269 1.199 0.86005 8.0000 47.98 0.8475 0.8492 1.511432 
819.8886 13.460 112.519 -0.16697 0.40273 1.198 0.85859 8.0000 47.90 0.8471 0.8489 1.512208 
819.4679 13.473 112.502 -0.16720 0.40363 1.196 0.85944 8.0000 48.89 0.8481 0.8499 1.512984 
819.0471 13.493 112.512 -0.16772 0.40467 1.201 0.86023 8.0000 48.46 0.8497 0.8514 1.513761 
818.6262 13.513 112.483 -0.16781 0.40546 1.207 0.86027 8.0000 49.57 0.8503 0.8520 1.514540 
818.2051 13.524 112.449 -0.16773 0.40596 1.200 0.86031 8.0000 48.83 0.8505 0.8522 1.515319 
817.7841 13.538 112.425 -0.16776 0.40651 1.188 0.86028 8.0000 48.82 0.8505 0.8521 1.516099 
817.3629 13.537 112.437 -0.16784 0.40646 1.197 0.86028 8.0000 49.20 0.8504 0.8521 1.516881 
816.9416 13.562 112.462 -0.16852 0.40762 1.198 0.86103 8.0000 48.98 0.8525 0.8542 1.517663 
816.5202 13.577 112.442 -0.16866 0.40836 1.205 0.86135 8.0000 49.49 0.8531 0.8547 1.518446 
816.0988 13.595 112.455 -0.16910 0.40915 1.199 0.86182 8.0000 50.03 0.8539 0.8555 1.519230 
815.6772 13.624 112.397 -0.16917 0.41049 1.194 0.86215 8.0000 49.53 0.8545 0.8561 1.520015 
815.2556 13.628 112.390 -0.16910 0.41047 1.188 0.86176 8.0000 49.66 0.8543 0.8559 1.520801 
814.8338 13.646 112.400 -0.16952 0.41128 1.186 0.86217 8.0000 49.72 0.8555 0.8571 1.521589 
814.4120 13.662 112.384 -0.16972 0.41210 1.194 0.86262 8.0000 50.42 0.8563 0.8579 1.522377 
813.9901 13.673 112.429 -0.17030 0.41259 1.195 0.86310 8.0000 51.04 0.8571 0.8587 1.523166 
813.5681 13.689 112.443 -0.17063 0.41310 1.194 0.86308 8.0000 50.63 0.8581 0.8597 1.523956 
813.1460 13.695 112.403 -0.17040 0.41335 1.188 0.86291 8.0000 50.59 0.8571 0.8587 1.524747 
812.7238 13.699 112.410 -0.17053 0.41355 1.202 0.86308 8.0000 51.07 0.8571 0.8586 1.525539 
812.3015 13.741 112.357 -0.17087 0.41545 1.211 0.86359 8.0000 51.36 0.8594 0.8610 1.526332 
811.8792 13.720 112.394 -0.17089 0.41472 1.207 0.86386 8.0000 52.18 0.8589 0.8604 1.527126 
811.4567 13.731 112.392 -0.17104 0.41513 1.197 0.86392 8.0000 52.11 0.8601 0.8616 1.527921 
811.0341 13.737 112.367 -0.17084 0.41517 1.187 0.86336 8.0000 51.25 0.8598 0.8614 1.528717 
810.6115 13.745 112.436 -0.17155 0.41547 1.195 0.86384 8.0000 51.63 0.8608 0.8623 1.529514 
810.1888 13.751 112.412 -0.17146 0.41576 1.173 0.86386 8.0000 50.84 0.8603 0.8618 1.530312 
809.7659 13.772 112.366 -0.17138 0.41649 1.188 0.86353 8.0000 52.17 0.8606 0.8621 1.531111 
809.3430 13.783 112.352 -0.17140 0.41684 1.186 0.86337 8.0000 52.61 0.8602 0.8617 1.531912 
808.9200 13.799 112.285 -0.17113 0.41758 1.195 0.86329 8.0000 52.10 0.8608 0.8623 1.532713 
808.4969 13.812 112.244 -0.17102 0.41815 1.189 0.86330 8.0000 52.97 0.8610 0.8626 1.533515 
808.0737 13.818 112.212 -0.17073 0.41812 1.202 0.86255 8.0000 52.76 0.8604 0.8620 1.534318 
807.6505 13.827 112.218 -0.17094 0.41849 1.200 0.86269 8.0000 53.04 0.8610 0.8626 1.535122 
807.2271 13.828 112.218 -0.17096 0.41857 1.202 0.86283 8.0000 53.17 0.8607 0.8622 1.535927 
806.8036 13.847 112.162 -0.17080 0.41933 1.195 0.86260 8.0000 53.88 0.8603 0.8618 1.536733 
806.3801 13.865 112.141 -0.17083 0.41985 1.189 0.86226 8.0000 52.86 0.8600 0.8615 1.537540 
805.9564 13.884 112.106 -0.17075 0.42039 1.180 0.86175 8.0000 53.82 0.8601 0.8616 1.538349 
805.5327 13.901 112.068 -0.17067 0.42097 1.191 0.86150 8.0000 53.60 0.8607 0.8622 1.539158 
805.1089 13.921 112.014 -0.17046 0.42162 1.184 0.86104 8.0000 53.30 0.8607 0.8622 1.539968 
804.6850 13.939 112.010 -0.17073 0.42236 1.192 0.86122 8.0000 53.77 0.8620 0.8635 1.540779 
804.2610 13.945 111.986 -0.17062 0.42260 1.190 0.86111 8.0000 54.68 0.8616 0.8631 1.541591 
803.8369 13.961 111.974 -0.17081 0.42332 1.186 0.86137 8.0000 54.12 0.8621 0.8636 1.542405 
803.4127 13.981 111.957 -0.17094 0.42401 1.192 0.86116 8.0000 54.44 0.8631 0.8647 1.543219 
802.9884 13.993 111.957 -0.17106 0.42430 1.202 0.86093 8.0000 54.47 0.8633 0.8649 1.544035 
802.5640 14.009 111.955 -0.17129 0.42492 1.194 0.86103 8.0000 54.28 0.8642 0.8658 1.544851 
802.1396 14.010 111.948 -0.17122 0.42491 1.189 0.86086 8.0000 55.46 0.8634 0.8650 1.545669 
801.7150 14.015 111.966 -0.17142 0.42501 1.206 0.86078 8.0000 55.87 0.8638 0.8654 1.546487 
801.2903 14.040 111.924 -0.17135 0.42572 1.194 0.86021 8.0000 55.67 0.8640 0.8656 1.547307 
800.8657 14.044 111.936 -0.17149 0.42581 1.190 0.86014 8.0000 55.14 0.8643 0.8659 1.548127 
800.4408 14.041 111.915 -0.17124 0.42564 1.189 0.85990 8.0000 54.55 0.8634 0.8650 1.548949 
800.0159 14.056 111.916 -0.17140 0.42604 1.190 0.85962 8.0000 55.85 0.8633 0.8649 1.549772 
799.5909 14.068 111.880 -0.17123 0.42639 1.187 0.85922 8.0000 55.43 0.8623 0.8639 1.550595 
799.1658 14.082 111.877 -0.17139 0.42686 1.194 0.85916 8.0000 55.47 0.8630 0.8645 1.551420 
798.7406 14.101 111.843 -0.17144 0.42770 1.189 0.85928 8.0000 55.79 0.8635 0.8651 1.552246 
798.3153 14.123 111.844 -0.17173 0.42840 1.191 0.85909 8.0000 55.78 0.8643 0.8658 1.553073 
797.8899 14.154 111.803 -0.17183 0.42954 1.199 0.85893 8.0000 56.73 0.8652 0.8668 1.553901 
797.4644 14.166 111.802 -0.17198 0.42994 1.193 0.85882 8.0000 56.83 0.8654 0.8669 1.554730 
797.0389 14.189 111.763 -0.17202 0.43089 1.196 0.85882 8.0000 56.60 0.8657 0.8673 1.555560 
796.6132 14.203 111.739 -0.17207 0.43153 1.187 0.85898 8.0000 56.34 0.8665 0.8680 1.556391 
796.1875 14.205 111.723 -0.17190 0.43147 1.191 0.85861 8.0000 57.02 0.8663 0.8679 1.557224 
795.7617 14.221 111.703 -0.17193 0.43198 1.184 0.85838 8.0000 56.41 0.8660 0.8676 1.558057 
795.3357 14.235 111.662 -0.17181 0.43258 1.197 0.85829 8.0000 57.06 0.8668 0.8685 1.558891 
794.9097 14.255 111.625 -0.17181 0.43339 1.191 0.85826 8.0000 57.55 0.8675 0.8692 1.559727 
794.4836 14.268 111.575 -0.17153 0.43379 1.194 0.85781 8.0000 57.62 0.8670 0.8687 1.560563 
794.0574 14.279 111.588 -0.17177 0.43409 1.197 0.85773 8.0000 57.55 0.8677 0.8694 1.561401 
793.6310 14.300 111.565 -0.17191 0.43495 1.198 0.85780 8.0000 58.38 0.8678 0.8695 1.562240 
793.2047 14.319 111.518 -0.17175 0.43561 1.201 0.85750 8.0000 58.50 0.8681 0.8698 1.563079 
792.7782 14.326 111.511 -0.17177 0.43582 1.198 0.85733 8.0000 57.62 0.8676 0.8693 1.563920 
792.3516 14.339 111.514 -0.17196 0.43623 1.195 0.85720 8.0000 58.28 0.8676 0.8693 1.564762 
791.9249 14.343 111.516 -0.17200 0.43628 1.188 0.85707 8.0000 57.50 0.8671 0.8688 1.565605 
791.4982 14.368 111.490 -0.17207 0.43704 1.183 0.85666 8.0000 57.47 0.8670 0.8688 1.566449 
791.0714 14.379 111.482 -0.17212 0.43736 1.174 0.85645 8.0000 58.34 0.8676 0.8693 1.567295 
790.6444 14.392 111.468 -0.17216 0.43778 1.186 0.85627 8.0000 58.00 0.8683 0.8700 1.568141 
790.2173 14.401 111.451 -0.17208 0.43796 1.175 0.85589 8.0000 58.16 0.8687 0.8704 1.568989 
789.7902 14.416 111.428 -0.17202 0.43831 1.190 0.85532 8.0000 58.46 0.8683 0.8701 1.569837 
789.3630 14.427 111.407 -0.17198 0.43869 1.186 0.85519 8.0000 58.06 0.8685 0.8702 1.570687 
788.9357 14.440 111.412 -0.17220 0.43914 1.187 0.85519 8.0000 59.23 0.8689 0.8707 1.571537 
788.5083 14.448 111.399 -0.17223 0.43950 1.178 0.85527 8.0000 59.42 0.8684 0.8702 1.572389 
788.0807 14.452 111.418 -0.17245 0.43962 1.184 0.85531 8.0000 58.94 0.8688 0.8705 1.573242 
787.6532 14.464 111.411 -0.17262 0.44023 1.186 0.85561 8.0000 58.96 0.8692 0.8709 1.574096 
787.2255 14.461 111.421 -0.17265 0.44008 1.177 0.85558 8.0000 58.87 0.8687 0.8704 1.574951 
786.7977 14.463 111.385 -0.17235 0.44012 1.181 0.85534 8.0000 59.36 0.8681 0.8697 1.575808 
786.3699 14.473 111.385 -0.17254 0.44061 1.189 0.85554 8.0000 59.58 0.8683 0.8700 1.576665 
785.9419 14.482 111.394 -0.17275 0.44095 1.183 0.85564 8.0000 59.63 0.8694 0.8710 1.577524 
785.5139 14.492 111.380 -0.17272 0.44117 1.183 0.85527 8.0000 59.14 0.8697 0.8714 1.578383 
785.0857 14.503 111.362 -0.17267 0.44147 1.186 0.85501 8.0000 60.35 0.8690 0.8707 1.579244 
784.6575 14.518 111.327 -0.17264 0.44216 1.184 0.85506 8.0000 60.05 0.8692 0.8709 1.580106 
784.2291 14.520 111.337 -0.17266 0.44200 1.193 0.85467 8.0000 60.52 0.8694 0.8711 1.580969 
783.8007 14.524 111.323 -0.17256 0.44207 1.189 0.85446 8.0000 60.14 0.8694 0.8710 1.581833 
783.3722 14.531 111.315 -0.17256 0.44225 1.178 0.85422 8.0000 60.35 0.8696 0.8712 1.582698 
782.9435 14.548 111.288 -0.17251 0.44276 1.184 0.85385 8.0000 60.65 0.8699 0.8714 1.583565 
782.5148 14.565 111.277 -0.17269 0.44346 1.177 0.85397 8.0000 60.70 0.8708 0.8724 1.584433 
782.0861 14.567 111.302 -0.17292 0.44347 1.170 0.85403 8.0000 60.29 0.8712 0.8727 1.585301 
781.6572 14.567 111.315 -0.17298 0.44332 1.174 0.85381 8.0000 59.88 0.8712 0.8727 1.586171 
781.2282 14.574 111.304 -0.17297 0.44356 1.178 0.85368 8.0000 60.41 0.8713 0.8728 1.587042 
780.7991 14.583 111.309 -0.17309 0.44375 1.185 0.85346 8.0000 60.53 0.8716 0.8731 1.587914 
780.3699 14.592 111.310 -0.17323 0.44408 1.188 0.85345 8.0000 60.80 0.8721 0.8736 1.588788 
779.9407 14.594 111.318 -0.17331 0.44411 1.184 0.85344 8.0000 60.88 0.8725 0.8740 1.589662 
779.5113 14.598 111.322 -0.17336 0.44414 1.184 0.85324 8.0000 60.96 0.8724 0.8738 1.590537 
779.0818 14.619 111.295 -0.17338 0.44480 1.195 0.85285 8.0000 61.06 0.8726 0.8741 1.591414 
778.6523 14.643 111.252 -0.17335 0.44572 1.186 0.85273 8.0000 61.25 0.8730 0.8745 1.592292 
778.2227 14.662 111.223 -0.17339 0.44650 1.179 0.85274 8.0000 61.54 0.8733 0.8748 1.593171 
777.7930 14.672 111.223 -0.17346 0.44666 1.181 0.85233 8.0000 61.16 0.8740 0.8754 1.594051 
777.3632 14.690 111.218 -0.17363 0.44721 1.186 0.85211 8.0000 61.10 0.8743 0.8758 1.594933 
776.9332 14.702 111.196 -0.17360 0.44766 1.183 0.85196 8.0000 61.86 0.8748 0.8763 1.595815 
776.5032 14.713 111.174 -0.17355 0.44803 1.179 0.85180 8.0000 62.21 0.8750 0.8765 1.596699 
776.0731 14.722 111.166 -0.17358 0.44830 1.186 0.85166 8.0000 62.17 0.8750 0.8765 1.597584 
775.6429 14.735 111.137 -0.17349 0.44873 1.190 0.85139 8.0000 61.45 0.8750 0.8765 1.598470 
775.2126 14.745 111.133 -0.17348 0.44880 1.185 0.85079 8.0000 62.20 0.8749 0.8763 1.599357 
774.7822 14.760 111.123 -0.17354 0.44920 1.187 0.85048 8.0000 62.69 0.8754 0.8768 1.600246 
774.3517 14.769 111.141 -0.17377 0.44937 1.195 0.85027 8.0000 62.96 0.8754 0.8769 1.601135 
773.9212 14.781 111.130 -0.17389 0.44993 1.178 0.85043 8.0000 62.32 0.8758 0.8773 1.602026 
773.4905 14.792 111.138 -0.17413 0.45037 1.165 0.85053 8.0000 62.32 0.8762 0.8776 1.602918 
773.0598 14.805 111.138 -0.17430 0.45082 1.167 0.85048 8.0000 63.49 0.8764 0.8778 1.603811 
772.6289 14.818 111.120 -0.17435 0.45137 1.176 0.85049 8.0000 63.16 0.8768 0.8782 1.604706 
772.1980 14.840 111.094 -0.17443 0.45220 1.188 0.85045 8.0000 62.97 0.8774 0.8788 1.605601 
771.7669 14.844 111.082 -0.17438 0.45234 1.176 0.85036 8.0000 62.88 0.8776 0.8790 1.606498 
771.3358 14.855 111.078 -0.17450 0.45274 1.182 0.85031 8.0000 63.47 0.8782 0.8796 1.607396 
770.9046 14.861 111.068 -0.17450 0.45299 1.183 0.85032 8.0000 63.04 0.8785 0.8799 1.608295 
770.4733 14.875 111.079 -0.17486 0.45366 1.180 0.85068 8.0000 63.32 0.8793 0.8807 1.609195 
770.0419 14.882 111.081 -0.17497 0.45389 1.179 0.85059 8.0000 62.77 0.8797 0.8810 1.610097 
769.6104 14.899 111.087 -0.17522 0.45441 1.177 0.85044 8.0000 63.44 0.8800 0.8813 1.610999 
769.1787 14.913 111.088 -0.17539 0.45480 1.178 0.85025 8.0000 63.98 0.8799 0.8812 1.611904 
768.7471 14.912 111.099 -0.17544 0.45468 1.181 0.85014 8.0000 64.00 0.8800 0.8813 1.612809 
768.3152 14.934 111.094 -0.17566 0.45538 1.179 0.84991 8.0000 63.93 0.8805 0.8818 1.613715 
767.8834 14.953 111.066 -0.17568 0.45608 1.186 0.84975 8.0000 64.42 0.8804 0.8817 1.614623 
767.4514 14.966 111.029 -0.17554 0.45661 1.180 0.84963 8.0000 64.99 0.8806 0.8819 1.615531 
767.0193 14.977 111.023 -0.17562 0.45694 1.179 0.84950 8.0000 64.92 0.8804 0.8817 1.616442 
766.5872 14.993 110.997 -0.17559 0.45749 1.192 0.84927 8.0000 64.51 0.8806 0.8819 1.617353 
766.1549 15.005 110.976 -0.17556 0.45794 1.185 0.84910 8.0000 64.98 0.8805 0.8818 1.618265 
765.7225 15.016 110.990 -0.17575 0.45810 1.184 0.84876 8.0000 65.94 0.8803 0.8816 1.619179 
765.2901 15.030 110.992 -0.17589 0.45839 1.175 0.84832 8.0000 65.36 0.8804 0.8817 1.620094 
764.8575 15.045 110.999 -0.17611 0.45882 1.186 0.84815 8.0000 66.10 0.8806 0.8818 1.621010 
764.4249 15.058 110.995 -0.17628 0.45934 1.179 0.84820 8.0000 65.65 0.8811 0.8824 1.621928 
763.9922 15.074 110.989 -0.17644 0.45991 1.175 0.84809 8.0000 65.72 0.8817 0.8829 1.622846 
763.5593 15.094 110.963 -0.17643 0.46051 1.186 0.84772 8.0000 66.53 0.8819 0.8832 1.623766 
763.1264 15.106 110.971 -0.17659 0.46074 1.179 0.84738 8.0000 66.37 0.8819 0.8831 1.624687 
762.6934 15.117 110.946 -0.17650 0.46111 1.181 0.84714 8.0000 66.66 0.8819 0.8831 1.625610 
762.2603 15.123 110.936 -0.17645 0.46119 1.191 0.84687 8.0000 66.68 0.8816 0.8829 1.626533 
761.8271 15.131 110.936 -0.17655 0.46145 1.194 0.84682 8.0000 67.23 0.8817 0.8830 1.627458 
761.3938 15.138 110.929 -0.17649 0.46147 1.184 0.84631 8.0000 66.85 0.8817 0.8830 1.628385 
760.9604 15.153 110.901 -0.17636 0.46181 1.183 0.84578 8.0000 66.56 0.8816 0.8828 1.629312 
760.5269 15.168 110.896 -0.17648 0.46227 1.183 0.84555 8.0000 67.50 0.8817 0.8829 1.630241 
760.0933 15.186 110.878 -0.17656 0.46288 1.177 0.84535 8.0000 67.91 0.8822 0.8835 1.631171 
759.6597 15.205 110.854 -0.17654 0.46345 1.181 0.84497 8.0000 67.96 0.8825 0.8838 1.632102 
759.2259 15.212 110.861 -0.17665 0.46354 1.192 0.84467 8.0000 67.49 0.8827 0.8839 1.633034 
758.7921 15.223 110.867 -0.17677 0.46373 1.187 0.84433 8.0000 67.89 0.8830 0.8842 1.633968 
758.3581 15.239 110.837 -0.17665 0.46413 1.186 0.84384 8.0000 68.47 0.8829 0.8841 1.634903 
757.9240 15.240 110.837 -0.17657 0.46392 1.187 0.84335 8.0000 68.80 0.8826 0.8838 1.635839 
757.4899 15.251 110.829 -0.17658 0.46414 1.193 0.84297 8.0000 68.89 0.8827 0.8840 1.636777 
757.0556 15.261 110.833 -0.17663 0.46419 1.184 0.84240 8.0000 68.59 0.8826 0.8838 1.637716 
756.6213 15.278 110.831 -0.17675 0.46454 1.178 0.84192 8.0000 68.20 0.8828 0.8840 1.638656 
756.1868 15.292 110.803 -0.17663 0.46490 1.178 0.84143 8.0000 68.08 0.8827 0.8839 1.639597 
755.7523 15.297 110.812 -0.17673 0.46496 1.183 0.84128 8.0000 68.37 0.8829 0.8841 1.640540 
755.3177 15.310 110.811 -0.17690 0.46543 1.187 0.84126 8.0000 69.73 0.8831 0.8843 1.641484 
754.8830 15.316 110.822 -0.17702 0.46547 1.194 0.84101 8.0000 69.36 0.8830 0.8842 1.642429 
754.4482 15.321 110.830 -0.17703 0.46530 1.190 0.84042 8.0000 69.60 0.8830 0.8841 1.643376 
754.0132 15.329 110.835 -0.17717 0.46555 1.203 0.84030 8.0000 70.76 0.8831 0.8843 1.644324 
753.5782 15.340 110.833 -0.17728 0.46589 1.187 0.84019 8.0000 69.78 0.8831 0.8843 1.645273 
753.1431 15.353 110.828 -0.17734 0.46617 1.199 0.83984 8.0000 70.64 0.8832 0.8844 1.646223 
752.7079 15.361 110.839 -0.17747 0.46622 1.180 0.83943 8.0000 69.60 0.8833 0.8845 1.647175 
752.2726 15.372 110.842 -0.17758 0.46644 1.197 0.83913 8.0000 71.37 0.8832 0.8844 1.648129 
751.8373 15.378 110.850 -0.17760 0.46630 1.186 0.83847 8.0000 70.44 0.8829 0.8841 1.649083 
751.4018 15.396 110.811 -0.17743 0.46682 1.193 0.83804 8.0000 71.03 0.8831 0.8843 1.650039 
750.9662 15.406 110.804 -0.17749 0.46713 1.190 0.83785 8.0000 71.07 0.8836 0.8848 1.650996 
750.5306 15.415 110.803 -0.17752 0.46725 1.194 0.83750 8.0000 71.04 0.8839 0.8850 1.651954 
750.0948 15.427 110.778 -0.17735 0.46742 1.189 0.83689 8.0000 71.36 0.8834 0.8846 1.652914 
749.6589 15.439 110.778 -0.17751 0.46784 1.196 0.83683 8.0000 71.29 0.8836 0.8848 1.653875 
749.2230 15.445 110.777 -0.17756 0.46800 1.200 0.83666 8.0000 71.65 0.8837 0.8849 1.654837 
748.7869 15.453 110.778 -0.17759 0.46804 1.196 0.83624 8.0000 72.19 0.8837 0.8848 1.655801 
748.3508 15.470 110.757 -0.17760 0.46861 1.192 0.83603 8.0000 71.93 0.8838 0.8850 1.656766 
747.9146 15.481 110.762 -0.17779 0.46899 1.199 0.83601 8.0000 72.07 0.8841 0.8853 1.657732 
747.4782 15.489 110.774 -0.17800 0.46924 1.188 0.83594 8.0000 71.13 0.8843 0.8855 1.658700 
747.0417 15.499 110.768 -0.17810 0.46963 1.204 0.83596 8.0000 71.86 0.8844 0.8856 1.659669 
746.6052 15.507 110.758 -0.17811 0.46990 1.200 0.83584 8.0000 72.50 0.8844 0.8855 1.660639 
746.1686 15.523 110.731 -0.17809 0.47052 1.198 0.83576 8.0000 72.84 0.8845 0.8857 1.661611 
745.7319 15.540 110.706 -0.17812 0.47123 1.200 0.83578 8.0000 72.20 0.8847 0.8859 1.662584 
745.2950 15.555 110.703 -0.17830 0.47176 1.203 0.83573 8.0000 72.38 0.8850 0.8861 1.663559 
744.8582 15.570 110.676 -0.17826 0.47235 1.206 0.83562 8.0000 72.84 0.8851 0.8862 1.664534 
744.4211 15.579 110.677 -0.17838 0.47263 1.192 0.83552 8.0000 72.30 0.8851 0.8862 1.665512 
743.9841 15.592 110.674 -0.17859 0.47326 1.194 0.83577 8.0000 72.98 0.8853 0.8865 1.666490 
743.5468 15.605 110.645 -0.17850 0.47377 1.193 0.83562 8.0000 72.48 0.8853 0.8865 1.667470 
743.1096 15.612 110.647 -0.17869 0.47423 1.197 0.83599 8.0000 73.32 0.8855 0.8867 1.668451 
742.6722 15.620 110.660 -0.17891 0.47448 1.204 0.83601 8.0000 72.68 0.8857 0.8868 1.669434 
742.2347 15.624 110.660 -0.17898 0.47465 1.201 0.83603 8.0000 73.45 0.8856 0.8867 1.670418 
741.7971 15.630 110.642 -0.17903 0.47525 1.205 0.83659 8.0000 73.81 0.8855 0.8866 1.671403 
741.3594 15.634 110.640 -0.17909 0.47546 1.200 0.83666 8.0000 72.77 0.8855 0.8867 1.672390 
740.9216 15.642 110.653 -0.17934 0.47578 1.213 0.83676 8.0000 74.35 0.8857 0.8868 1.673378 
740.4838 15.651 110.656 -0.17947 0.47607 1.204 0.83671 8.0000 74.01 0.8857 0.8868 1.674367 
740.0458 15.655 110.673 -0.17975 0.47637 1.198 0.83705 8.0000 74.46 0.8858 0.8869 1.675358 
739.6077 15.660 110.685 -0.18000 0.47673 1.207 0.83748 8.0000 74.51 0.8858 0.8869 1.676351 
739.1696 15.672 110.675 -0.18016 0.47740 1.201 0.83778 8.0000 74.08 0.8859 0.8870 1.677344 
738.7313 15.679 110.679 -0.18034 0.47780 1.210 0.83804 8.0000 74.43 0.8859 0.8870 1.678339 
738.2930 15.686 110.671 -0.18045 0.47830 1.208 0.83844 8.0000 75.15 0.8858 0.8869 1.679336 
737.8545 15.692 110.665 -0.18053 0.47862 1.205 0.83854 8.0000 74.87 0.8858 0.8869 1.680334 
737.4160 15.702 110.656 -0.18066 0.47920 1.211 0.83886 8.0000 74.54 0.8859 0.8870 1.681333 
736.9773 15.708 110.661 -0.18081 0.47948 1.205 0.83899 8.0000 74.14 0.8859 0.8870 1.682334 
736.5386 15.715 110.671 -0.18103 0.47982 1.209 0.83916 8.0000 74.35 0.8860 0.8871 1.683336 
736.0997 15.717 110.671 -0.18107 0.47990 1.214 0.83919 8.0000 76.54 0.8857 0.8868 1.684340 
735.6608 15.723 110.670 -0.18123 0.48037 1.209 0.83959 8.0000 75.31 0.8856 0.8867 1.685344 
735.2218 15.724 110.669 -0.18128 0.48055 1.208 0.83986 8.0000 75.27 0.8854 0.8865 1.686351 
734.7827 15.727 110.699 -0.18163 0.48072 1.211 0.84012 8.0000 75.15 0.8854 0.8865 1.687359 
734.3434 15.730 110.683 -0.18155 0.48088 1.221 0.84008 8.0000 75.82 0.8850 0.8861 1.688368 
733.9041 15.740 110.682 -0.18173 0.48141 1.226 0.84038 8.0000 76.00 0.8849 0.8860 1.689379 
733.4647 15.739 110.676 -0.18173 0.48155 1.216 0.84064 8.0000 76.72 0.8846 0.8857 1.690391 
733.0252 15.739 110.679 -0.18183 0.48172 1.220 0.84097 8.0000 76.11 0.8846 0.8857 1.691404 
732.5856 15.750 110.655 -0.18183 0.48235 1.215 0.84120 8.0000 76.11 0.8844 0.8855 1.692419 
732.1459 15.751 110.646 -0.18182 0.48253 1.217 0.84139 8.0000 75.85 0.8842 0.8853 1.693436 
731.7061 15.744 110.626 -0.18160 0.48247 1.220 0.84165 8.0000 76.63 0.8837 0.8848 1.694453 
731.2662 15.747 110.621 -0.18166 0.48275 1.212 0.84190 8.0000 76.44 0.8836 0.8847 1.695473 
730.8262 15.750 110.616 -0.18166 0.48291 1.223 0.84194 8.0000 76.45 0.8835 0.8846 1.696494 
730.3861 15.744 110.616 -0.18163 0.48282 1.225 0.84220 8.0000 76.69 0.8833 0.8844 1.697516 
729.9459 15.746 110.596 -0.18150 0.48295 1.228 0.84216 8.0000 76.97 0.8830 0.8841 1.698539 
729.5057 15.743 110.579 -0.18136 0.48302 1.227 0.84242 8.0000 76.23 0.8828 0.8839 1.699564 
729.0653 15.747 110.535 -0.18112 0.48353 1.232 0.84279 8.0000 76.18 0.8826 0.8837 1.700591 
728.6248 15.741 110.518 -0.18097 0.48355 1.230 0.84315 8.0000 76.01 0.8821 0.8832 1.701619 
728.1843 15.737 110.494 -0.18074 0.48355 1.232 0.84328 8.0000 76.62 0.8815 0.8826 1.702648 
727.7436 15.735 110.480 -0.18064 0.48364 1.224 0.84345 8.0000 76.55 0.8812 0.8823 1.703680 
727.3028 15.731 110.485 -0.18068 0.48363 1.234 0.84373 8.0000 76.51 0.8809 0.8820 1.704712 
726.8619 15.734 110.451 -0.18045 0.48391 1.229 0.84382 8.0000 76.75 0.8804 0.8816 1.705746 
726.4210 15.728 110.422 -0.18017 0.48390 1.231 0.84408 8.0000 77.06 0.8798 0.8810 1.706781 
725.9799 15.728 110.388 -0.17989 0.48402 1.231 0.84411 8.0000 76.58 0.8795 0.8807 1.707818 
725.5388 15.729 110.347 -0.17955 0.48416 1.232 0.84408 8.0000 76.58 0.8790 0.8802 1.708857 
725.0975 15.733 110.307 -0.17926 0.48443 1.239 0.84406 8.0000 77.13 0.8788 0.8800 1.709897 
724.6561 15.732 110.282 -0.17908 0.48460 1.236 0.84424 8.0000 76.07 0.8786 0.8798 1.710938 
724.2147 15.725 110.264 -0.17886 0.48444 1.236 0.84432 8.0000 76.85 0.8783 0.8795 1.711981 
723.7732 15.720 110.226 -0.17847 0.48436 1.234 0.84434 8.0000 76.61 0.8776 0.8788 1.713025 
723.3315 15.712 110.193 -0.17810 0.48427 1.243 0.84451 8.0000 76.00 0.8771 0.8783 1.714072 
722.8898 15.709 110.125 -0.17750 0.48439 1.247 0.84457 8.0000 77.30 0.8764 0.8776 1.715119 
722.4479 15.704 110.078 -0.17705 0.48438 1.247 0.84463 8.0000 77.15 0.8757 0.8769 1.716168 
722.0060 15.697 110.028 -0.17654 0.48432 1.249 0.84472 8.0000 77.11 0.8749 0.8762 1.717218 
721.5640 15.703 109.968 -0.17613 0.48473 1.243 0.84471 8.0000 76.66 0.8746 0.8759 1.718270 
721.1218 15.702 109.942 -0.17591 0.48484 1.247 0.84485 8.0000 76.91 0.8742 0.8755 1.719324 
720.6796 15.698 109.902 -0.17556 0.48494 1.244 0.84503 8.0000 77.45 0.8737 0.8750 1.720379 
720.2373 15.695 109.853 -0.17512 0.48501 1.245 0.84511 8.0000 77.43 0.8732 0.8746 1.721435 
719.7949 15.687 109.824 -0.17480 0.48489 1.243 0.84528 8.0000 77.34 0.8727 0.8740 1.722493 
719.3524 15.684 109.759 -0.17422 0.48500 1.250 0.84531 8.0000 77.36 0.8721 0.8735 1.723553 
718.9097 15.678 109.708 -0.17369 0.48488 1.258 0.84524 8.0000 77.35 0.8715 0.8729 1.724614 
718.4670 15.668 109.632 -0.17291 0.48471 1.261 0.84522 8.0000 77.82 0.8707 0.8721 1.725677 
718.0242 15.670 109.548 -0.17224 0.48510 1.268 0.84532 8.0000 78.12 0.8699 0.8713 1.726741 
717.5813 15.665 109.490 -0.17167 0.48505 1.256 0.84523 8.0000 77.90 0.8692 0.8706 1.727807 
717.1383 15.662 109.422 -0.17102 0.48505 1.254 0.84513 8.0000 77.13 0.8685 0.8699 1.728874 
716.6952 15.657 109.353 -0.17034 0.48499 1.260 0.84496 8.0000 77.69 0.8677 0.8692 1.729943 
716.2520 15.654 109.282 -0.16968 0.48503 1.270 0.84490 8.0000 78.01 0.8669 0.8685 1.731013 
715.8087 15.651 109.190 -0.16883 0.48510 1.266 0.84469 8.0000 78.11 0.8660 0.8676 1.732086 
715.3653 15.647 109.112 -0.16814 0.48524 1.277 0.84483 8.0000 78.29 0.8653 0.8669 1.733159 
714.9218 15.638 109.042 -0.16741 0.48504 1.270 0.84473 8.0000 78.12 0.8644 0.8660 1.734234 
714.4782 15.633 108.962 -0.16666 0.48505 1.273 0.84465 8.0000 78.21 0.8636 0.8652 1.735311 
714.0345 15.635 108.890 -0.16604 0.48523 1.274 0.84447 8.0000 78.11 0.8628 0.8645 1.736389 
713.5907 15.633 108.826 -0.16548 0.48537 1.275 0.84455 8.0000 78.28 0.8623 0.8640 1.737469 
713.1469 15.626 108.744 -0.16466 0.48524 1.265 0.84434 8.0000 77.69 0.8614 0.8631 1.738550 
712.7028 15.618 108.644 -0.16368 0.48514 1.276 0.84425 8.0000 78.10 0.8604 0.8621 1.739634 
712.2588 15.614 108.543 -0.16277 0.48526 1.283 0.84418 8.0000 78.62 0.8596 0.8614 1.740718 
711.8146 15.609 108.448 -0.16191 0.48535 1.285 0.84420 8.0000 78.17 0.8587 0.8606 1.741805 
711.3703 15.608 108.355 -0.16107 0.48547 1.294 0.84404 8.0000 78.62 0.8580 0.8599 1.742892 
710.9259 15.609 108.256 -0.16022 0.48569 1.289 0.84387 8.0000 78.35 0.8571 0.8591 1.743982 
710.4814 15.607 108.188 -0.15955 0.48562 1.287 0.84357 8.0000 78.35 0.8565 0.8584 1.745073 
710.0369 15.606 108.112 -0.15886 0.48569 1.288 0.84338 8.0000 78.46 0.8557 0.8577 1.746165 
709.5922 15.602 108.022 -0.15801 0.48567 1.286 0.84319 8.0000 78.21 0.8548 0.8568 1.747260 
709.1474 15.601 107.929 -0.15714 0.48568 1.291 0.84278 8.0000 78.61 0.8540 0.8561 1.748356 
708.7026 15.595 107.831 -0.15621 0.48561 1.302 0.84260 8.0000 78.90 0.8530 0.8552 1.749453 
708.2576 15.591 107.744 -0.15539 0.48560 1.301 0.84247 8.0000 78.87 0.8522 0.8544 1.750552 
707.8125 15.584 107.647 -0.15445 0.48553 1.298 0.84236 8.0000 78.49 0.8512 0.8535 1.751653 
707.3674 15.586 107.571 -0.15376 0.48557 1.301 0.84195 8.0000 78.64 0.8506 0.8529 1.752755 
706.9221 15.585 107.500 -0.15314 0.48570 1.309 0.84188 8.0000 78.92 0.8500 0.8523 1.753859 
706.4767 15.589 107.424 -0.15244 0.48574 1.311 0.84137 8.0000 79.08 0.8494 0.8518 1.754965 
706.0313 15.589 107.342 -0.15171 0.48583 1.316 0.84111 8.0000 79.02 0.8487 0.8512 1.756072 
705.5857 15.592 107.279 -0.15117 0.48598 1.315 0.84090 8.0000 79.23 0.8484 0.8509 1.757181 
705.1401 15.595 107.207 -0.15049 0.48596 1.301 0.84034 8.0000 78.87 0.8477 0.8503 1.758292 
704.6943 15.596 107.131 -0.14981 0.48605 1.314 0.84007 8.0000 78.81 0.8471 0.8496 1.759404 
704.2484 15.596 107.063 -0.14918 0.48603 1.314 0.83975 8.0000 78.65 0.8463 0.8489 1.760518 
703.8025 15.597 107.005 -0.14864 0.48604 1.326 0.83945 8.0000 78.86 0.8456 0.8483 1.761633 
703.3564 15.602 106.926 -0.14795 0.48616 1.322 0.83895 8.0000 78.71 0.8450 0.8478 1.762751 
702.9103 15.607 106.860 -0.14737 0.48628 1.324 0.83852 8.0000 79.17 0.8445 0.8473 1.763869 
702.4641 15.611 106.782 -0.14668 0.48638 1.333 0.83815 8.0000 79.40 0.8440 0.8469 1.764990 
702.0177 15.615 106.712 -0.14609 0.48657 1.331 0.83789 8.0000 79.27 0.8435 0.8464 1.766112 
701.5712 15.620 106.653 -0.14556 0.48663 1.332 0.83739 8.0000 79.38 0.8431 0.8460 1.767236 
701.1247 15.627 106.606 -0.14519 0.48684 1.342 0.83708 8.0000 79.44 0.8428 0.8458 1.768361 
700.6780 15.631 106.549 -0.14468 0.48688 1.337 0.83663 8.0000 79.10 0.8423 0.8453 1.769489 
700.2313 15.637 106.500 -0.14425 0.48697 1.347 0.83621 8.0000 79.37 0.8419 0.8450 1.770618 
699.7844 15.641 106.438 -0.14371 0.48708 1.342 0.83585 8.0000 78.85 0.8415 0.8446 1.771748 
699.3375 15.647 106.400 -0.14340 0.48724 1.339 0.83558 8.0000 79.08 0.8412 0.8444 1.772881 
698.8904 15.655 106.356 -0.14303 0.48736 1.342 0.83508 8.0000 79.34 0.8410 0.8442 1.774015 
698.4433 15.663 106.317 -0.14273 0.48757 1.344 0.83471 8.0000 79.35 0.8408 0.8440 1.775150 
697.9961 15.675 106.255 -0.14227 0.48794 1.349 0.83431 8.0000 79.36 0.8407 0.8439 1.776288 
697.5488 15.682 106.220 -0.14200 0.48816 1.355 0.83403 8.0000 79.42 0.8406 0.8439 1.777427 
697.1013 15.689 106.189 -0.14175 0.48827 1.361 0.83363 8.0000 79.35 0.8404 0.8437 1.778568 
696.6537 15.697 106.149 -0.14141 0.48837 1.365 0.83317 8.0000 79.38 0.8401 0.8434 1.779711 
696.2061 15.706 106.100 -0.14103 0.48858 1.363 0.83272 8.0000 79.21 0.8397 0.8431 1.780855 
695.7584 15.717 106.080 -0.14090 0.48881 1.365 0.83232 8.0000 79.29 0.8397 0.8431 1.782001 
695.3105 15.726 106.046 -0.14064 0.48898 1.375 0.83187 8.0000 79.73 0.8395 0.8429 1.783149 
694.8626 15.741 106.038 -0.14065 0.48931 1.372 0.83141 8.0000 79.69 0.8398 0.8433 1.784298 
694.4146 15.751 106.024 -0.14058 0.48951 1.373 0.83104 8.0000 79.65 0.8399 0.8433 1.785449 
693.9664 15.760 105.993 -0.14037 0.48976 1.373 0.83076 8.0000 79.20 0.8397 0.8432 1.786602 
693.5182 15.779 105.974 -0.14034 0.49025 1.374 0.83029 8.0000 79.22 0.8398 0.8433 1.787757 
693.0699 15.792 105.960 -0.14030 0.49057 1.379 0.82992 8.0000 79.26 0.8397 0.8433 1.788913 
692.6215 15.805 105.949 -0.14028 0.49086 1.379 0.82949 8.0000 79.46 0.8397 0.8433 1.790071 
692.1729 15.818 105.948 -0.14033 0.49107 1.388 0.82898 8.0000 79.49 0.8397 0.8433 1.791231 
691.7243 15.833 105.953 -0.14044 0.49130 1.387 0.82846 8.0000 79.76 0.8400 0.8436 1.792393 
691.2756 15.849 105.963 -0.14063 0.49164 1.382 0.82802 8.0000 79.65 0.8403 0.8439 1.793557 
690.8267 15.860 105.954 -0.14059 0.49179 1.392 0.82755 8.0000 79.42 0.8404 0.8440 1.794722 
690.3778 15.875 105.939 -0.14053 0.49207 1.388 0.82699 8.0000 79.40 0.8405 0.8441 1.795889 
689.9288 15.888 105.942 -0.14063 0.49233 1.396 0.82656 8.0000 79.15 0.8407 0.8444 1.797058 
689.4797 15.906 105.954 -0.14085 0.49269 1.394 0.82609 8.0000 79.29 0.8411 0.8448 1.798228 
689.0304 15.921 105.977 -0.14114 0.49296 1.385 0.82567 8.0000 78.85 0.8415 0.8451 1.799401 
688.5811 15.933 105.971 -0.14115 0.49320 1.398 0.82525 8.0000 79.69 0.8416 0.8453 1.800575 
688.1317 15.946 105.977 -0.14128 0.49345 1.396 0.82489 8.0000 79.52 0.8418 0.8455 1.801751 
687.6821 15.959 105.982 -0.14140 0.49371 1.405 0.82449 8.0000 79.62 0.8420 0.8456 1.802929 
687.2325 15.974 105.967 -0.14137 0.49407 1.413 0.82405 8.0000 79.68 0.8421 0.8458 1.804108 
686.7828 15.988 105.982 -0.14160 0.49439 1.426 0.82374 8.0000 79.67 0.8423 0.8460 1.805290 
686.3329 16.004 106.006 -0.14191 0.49471 1.418 0.82337 8.0000 79.47 0.8426 0.8463 1.806473 
685.8830 16.022 106.040 -0.14233 0.49505 1.415 0.82294 8.0000 79.29 0.8430 0.8467 1.807658 
685.4330 16.039 106.053 -0.14256 0.49542 1.421 0.82251 8.0000 79.54 0.8433 0.8470 1.808845 
684.9828 16.057 106.084 -0.14296 0.49583 1.422 0.82220 8.0000 79.57 0.8438 0.8475 1.810034 
684.5327 16.068 106.108 -0.14325 0.49604 1.423 0.82190 8.0000 79.66 0.8441 0.8477 1.811224 
684.0823 16.080 106.101 -0.14323 0.49619 1.428 0.82139 8.0000 79.41 0.8440 0.8477 1.812416 
683.6319 16.094 106.119 -0.14347 0.49646 1.439 0.82099 8.0000 79.45 0.8443 0.8480 1.813610 
683.1813 16.106 106.126 -0.14359 0.49661 1.442 0.82054 8.0000 79.31 0.8443 0.8480 1.814807 
682.7307 16.122 106.122 -0.14366 0.49701 1.445 0.82013 8.0000 79.50 0.8446 0.8482 1.816004 
682.2800 16.136 106.154 -0.14403 0.49721 1.447 0.81972 8.0000 79.63 0.8448 0.8485 1.817204 
681.8292 16.147 106.142 -0.14397 0.49742 1.433 0.81929 8.0000 79.31 0.8449 0.8486 1.818405 
681.3782 16.165 106.181 -0.14444 0.49776 1.440 0.81890 8.0000 79.54 0.8454 0.8491 1.819609 
680.9272 16.179 106.215 -0.14483 0.49803 1.457 0.81860 8.0000 79.45 0.8458 0.8495 1.820814 
680.4761 16.194 106.225 -0.14501 0.49830 1.457 0.81815 8.0000 79.61 0.8461 0.8497 1.822021 
680.0248 16.206 106.247 -0.14527 0.49848 1.460 0.81774 8.0000 79.37 0.8464 0.8500 1.823230 
679.5735 16.218 106.258 -0.14544 0.49872 1.467 0.81743 8.0000 79.52 0.8466 0.8503 1.824441 
679.1221 16.231 106.286 -0.14577 0.49897 1.464 0.81713 8.0000 79.41 0.8470 0.8506 1.825654 
678.6705 16.245 106.316 -0.14614 0.49926 1.479 0.81690 8.0000 79.70 0.8474 0.8510 1.826869 
678.2189 16.259 106.336 -0.14643 0.49958 1.480 0.81660 8.0000 79.84 0.8477 0.8513 1.828085 
677.7672 16.275 106.357 -0.14672 0.49991 1.475 0.81626 8.0000 79.44 0.8480 0.8516 1.829303 
677.3154 16.290 106.395 -0.14718 0.50024 1.481 0.81599 8.0000 79.27 0.8485 0.8521 1.830524 
676.8634 16.305 106.401 -0.14735 0.50061 1.496 0.81568 8.0000 79.62 0.8488 0.8524 1.831746 
676.4114 16.315 106.410 -0.14748 0.50076 1.496 0.81533 8.0000 79.49 0.8490 0.8526 1.832970 
675.9592 16.325 106.415 -0.14757 0.50093 1.500 0.81503 8.0000 79.63 0.8492 0.8527 1.834196 
675.5070 16.339 106.444 -0.14795 0.50127 1.498 0.81477 8.0000 79.51 0.8497 0.8532 1.835424 
675.0547 16.352 106.482 -0.14837 0.50147 1.501 0.81446 8.0000 79.45 0.8501 0.8536 1.836654 
674.6022 16.363 106.505 -0.14864 0.50164 1.505 0.81412 8.0000 79.39 0.8504 0.8539 1.837886 
674.1497 16.376 106.526 -0.14892 0.50190 1.511 0.81384 8.0000 79.59 0.8507 0.8542 1.839120 
673.6971 16.388 106.554 -0.14925 0.50212 1.507 0.81356 8.0000 79.29 0.8511 0.8545 1.840355 
673.2443 16.400 106.565 -0.14945 0.50244 1.523 0.81337 8.0000 79.56 0.8514 0.8548 1.841593 
672.7915 16.413 106.584 -0.14971 0.50273 1.529 0.81316 8.0000 79.74 0.8518 0.8552 1.842832 
672.3386 16.427 106.623 -0.15020 0.50309 1.532 0.81303 8.0000 79.62 0.8524 0.8559 1.844074 
671.8855 16.438 106.654 -0.15059 0.50339 1.523 0.81295 8.0000 79.42 0.8529 0.8563 1.845317 
671.4324 16.451 106.696 -0.15109 0.50373 1.536 0.81287 8.0000 79.45 0.8535 0.8569 1.846563 
670.9791 16.465 106.729 -0.15152 0.50411 1.538 0.81271 8.0000 79.73 0.8540 0.8573 1.847810 
670.5258 16.481 106.775 -0.15207 0.50450 1.551 0.81254 8.0000 79.56 0.8547 0.8581 1.849059 
670.0723 16.496 106.807 -0.15252 0.50494 1.565 0.81246 8.0000 79.81 0.8554 0.8587 1.850311 
669.6188 16.510 106.839 -0.15293 0.50528 1.555 0.81232 8.0000 79.27 0.8560 0.8593 1.851564 
669.1651 16.520 106.859 -0.15320 0.50554 1.573 0.81216 8.0000 79.76 0.8564 0.8596 1.852819 
668.7114 16.535 106.885 -0.15358 0.50595 1.567 0.81200 8.0000 79.54 0.8568 0.8600 1.854076 
668.2575 16.548 106.912 -0.15394 0.50630 1.571 0.81189 8.0000 79.51 0.8570 0.8603 1.855336 
667.8035 16.563 106.942 -0.15438 0.50678 1.566 0.81184 8.0000 79.54 0.8575 0.8607 1.856597 
667.3495 16.578 106.980 -0.15487 0.50721 1.581 0.81180 8.0000 79.70 0.8581 0.8613 1.857860 
666.8953 16.593 107.018 -0.15538 0.50766 1.593 0.81174 8.0000 79.68 0.8588 0.8620 1.859125 
666.4411 16.607 107.048 -0.15582 0.50812 1.594 0.81176 8.0000 79.21 0.8594 0.8625 1.860392 
665.9868 16.620 107.081 -0.15626 0.50851 1.594 0.81174 8.0000 79.49 0.8600 0.8631 1.861661 
665.5323 16.632 107.109 -0.15665 0.50893 1.605 0.81175 8.0000 79.70 0.8605 0.8636 1.862933 
665.0777 16.649 107.156 -0.15729 0.50951 1.602 0.81181 8.0000 79.30 0.8612 0.8643 1.864206 
664.6230 16.664 107.197 -0.15782 0.50992 1.609 0.81176 8.0000 79.59 0.8619 0.8649 1.865482 
664.1683 16.680 107.236 -0.15837 0.51045 1.611 0.81179 8.0000 79.45 0.8626 0.8656 1.866759 
663.7134 16.696 107.274 -0.15889 0.51095 1.624 0.81177 8.0000 79.52 0.8632 0.8661 1.868038 
663.2584 16.711 107.321 -0.15949 0.51141 1.624 0.81176 8.0000 79.63 0.8639 0.8669 1.869319 
662.8034 16.725 107.357 -0.15999 0.51188 1.626 0.81178 8.0000 78.95 0.8646 0.8675 1.870603 
662.3482 16.743 107.405 -0.16065 0.51250 1.641 0.81190 8.0000 79.53 0.8654 0.8683 1.871888 
661.8929 16.760 107.445 -0.16124 0.51310 1.650 0.81199 8.0000 79.62 0.8662 0.8690 1.873176 
661.4376 16.776 107.486 -0.16182 0.51367 1.651 0.81210 8.0000 79.41 0.8670 0.8698 1.874465 
660.9821 16.791 107.529 -0.16239 0.51414 1.656 0.81210 8.0000 79.50 0.8677 0.8704 1.875757 
660.5265 16.807 107.576 -0.16303 0.51471 1.659 0.81222 8.0000 78.97 0.8683 0.8710 1.877051 
660.0708 16.822 107.610 -0.16353 0.51520 1.677 0.81224 8.0000 79.54 0.8689 0.8715 1.878347 
659.6151 16.840 107.635 -0.16400 0.51588 1.678 0.81230 8.0000 79.52 0.8695 0.8722 1.879644 
659.1592 16.861 107.683 -0.16470 0.51660 1.680 0.81236 8.0000 79.42 0.8705 0.8731 1.880945 
658.7032 16.880 107.738 -0.16546 0.51728 1.673 0.81248 8.0000 79.23 0.8716 0.8741 1.882247 
658.2471 16.898 107.778 -0.16607 0.51792 1.697 0.81261 8.0000 79.47 0.8726 0.8751 1.883551 
657.7909 16.916 107.828 -0.16677 0.51854 1.699 0.81271 8.0000 79.51 0.8736 0.8761 1.884857 
657.3346 16.934 107.875 -0.16746 0.51924 1.721 0.81288 8.0000 79.42 0.8744 0.8769 1.886166 
656.8782 16.952 107.924 -0.16816 0.51988 1.714 0.81298 8.0000 79.35 0.8753 0.8776 1.887476 
656.4218 16.972 107.971 -0.16882 0.52048 1.728 0.81297 8.0000 79.39 0.8761 0.8784 1.888788 
655.9651 16.990 108.022 -0.16954 0.52110 1.735 0.81301 8.0000 79.31 0.8770 0.8793 1.890103 
655.5084 17.009 108.060 -0.17013 0.52174 1.732 0.81308 8.0000 78.94 0.8779 0.8802 1.891420 
655.0516 17.025 108.111 -0.17084 0.52235 1.750 0.81323 8.0000 79.04 0.8790 0.8812 1.892739 
654.5947 17.039 108.151 -0.17142 0.52287 1.761 0.81337 8.0000 79.36 0.8798 0.8820 1.894060 
654.1377 17.056 108.187 -0.17198 0.52348 1.762 0.81347 8.0000 79.22 0.8805 0.8827 1.895384 
653.6806 17.070 108.221 -0.17250 0.52400 1.776 0.81357 8.0000 79.24 0.8812 0.8834 1.896709 
653.2234 17.088 108.266 -0.17316 0.52463 1.785 0.81365 8.0000 79.60 0.8822 0.8843 1.898037 
652.7661 17.104 108.309 -0.17379 0.52523 1.783 0.81384 8.0000 79.11 0.8831 0.8852 1.899366 
652.3087 17.119 108.338 -0.17426 0.52574 1.795 0.81386 8.0000 79.14 0.8839 0.8859 1.900698 
651.8511 17.133 108.376 -0.17482 0.52628 1.802 0.81400 8.0000 79.04 0.8847 0.8866 1.902032 
651.3936 17.148 108.403 -0.17531 0.52689 1.819 0.81412 8.0000 79.00 0.8854 0.8874 1.903368 
650.9358 17.165 108.447 -0.17595 0.52749 1.833 0.81422 8.0000 79.43 0.8861 0.8881 1.904707 
650.4780 17.182 108.473 -0.17643 0.52810 1.834 0.81429 8.0000 79.15 0.8868 0.8888 1.906047 
650.0201 17.199 108.504 -0.17695 0.52874 1.838 0.81438 8.0000 78.83 0.8877 0.8896 1.907390 
649.5620 17.215 108.533 -0.17744 0.52930 1.832 0.81441 8.0000 79.17 0.8885 0.8903 1.908735 
649.1039 17.228 108.559 -0.17787 0.52979 1.845 0.81448 8.0000 78.88 0.8892 0.8911 1.910082 
648.6457 17.241 108.574 -0.17821 0.53033 1.863 0.81456 8.0000 78.72 0.8899 0.8918 1.911432 
648.1873 17.256 108.597 -0.17860 0.53081 1.884 0.81451 8.0000 78.97 0.8905 0.8924 1.912783 
647.7289 17.272 108.624 -0.17909 0.53141 1.901 0.81457 8.0000 79.26 0.8914 0.8932 1.914137 
647.2703 17.288 108.649 -0.17953 0.53196 1.897 0.81457 8.0000 79.03 0.8921 0.8939 1.915493 
646.8117 17.301 108.655 -0.17975 0.53243 1.905 0.81456 8.0000 78.78 0.8926 0.8944 1.916851 
646.3530 17.316 108.681 -0.18021 0.53299 1.897 0.81460 8.0000 78.06 0.8935 0.8952 1.918212 
645.8941 17.328 108.697 -0.18053 0.53345 1.932 0.81464 8.0000 79.14 0.8941 0.8958 1.919575 
645.4351 17.341 108.713 -0.18086 0.53394 1.933 0.81470 8.0000 78.66 0.8947 0.8964 1.920940 
644.9761 17.356 108.729 -0.18121 0.53446 1.953 0.81464 8.0000 78.69 0.8952 0.8970 1.922307 
644.5169 17.368 108.730 -0.18138 0.53494 1.949 0.81466 8.0000 78.84 0.8961 0.8978 1.923676 
644.0577 17.384 108.749 -0.18178 0.53551 1.954 0.81463 8.0000 78.70 0.8969 0.8986 1.925048 
643.5983 17.395 108.755 -0.18198 0.53594 1.965 0.81466 8.0000 78.42 0.8975 0.8991 1.926422 
643.1389 17.408 108.764 -0.18222 0.53637 1.988 0.81460 8.0000 78.85 0.8979 0.8995 1.927798 
642.6793 17.418 108.784 -0.18260 0.53685 2.001 0.81479 8.0000 79.00 0.8985 0.9001 1.929177 
642.2196 17.429 108.786 -0.18274 0.53725 1.996 0.81474 8.0000 78.41 0.8991 0.9008 1.930558 
641.7598 17.446 108.804 -0.18314 0.53784 2.016 0.81467 8.0000 78.16 0.8998 0.9015 1.931941 
641.2999 17.461 108.800 -0.18327 0.53835 2.024 0.81456 8.0000 78.28 0.9004 0.9020 1.933326 
640.8400 17.478 108.796 -0.18341 0.53890 2.029 0.81430 8.0000 78.23 0.9009 0.9025 1.934714 
640.3799 17.489 108.802 -0.18363 0.53934 2.055 0.81435 8.0000 78.40 0.9013 0.9029 1.936104 
639.9197 17.505 108.806 -0.18389 0.54000 2.083 0.81436 8.0000 78.83 0.9020 0.9036 1.937496 
639.4594 17.517 108.805 -0.18403 0.54044 2.083 0.81431 8.0000 78.83 0.9024 0.9040 1.938891 
638.9990 17.526 108.801 -0.18411 0.54079 2.083 0.81430 8.0000 79.08 0.9029 0.9045 1.940288 
638.5385 17.538 108.800 -0.18425 0.54122 2.112 0.81421 8.0000 79.04 0.9033 0.9049 1.941687 
638.0779 17.548 108.803 -0.18442 0.54164 2.107 0.81425 8.0000 79.21 0.9040 0.9056 1.943089 
637.6172 17.558 108.794 -0.18446 0.54201 2.105 0.81414 8.0000 78.84 0.9045 0.9061 1.944493 
637.1564 17.572 108.796 -0.18468 0.54260 2.109 0.81418 8.0000 78.87 0.9053 0.9069 1.945899 
636.6954 17.586 108.804 -0.18494 0.54311 2.137 0.81418 8.0000 79.16 0.9059 0.9074 1.947308 
636.2344 17.602 108.793 -0.18501 0.54367 2.154 0.81397 8.0000 78.98 0.9064 0.9079 1.948719 
635.7733 17.614 108.784 -0.18502 0.54401 2.153 0.81374 8.0000 79.01 0.9067 0.9083 1.950132 
635.3121 17.622 108.777 -0.18505 0.54430 2.165 0.81365 8.0000 78.56 0.9072 0.9088 1.951548 
634.8508 17.634 108.764 -0.18509 0.54480 2.170 0.81362 8.0000 78.75 0.9078 0.9094 1.952966 
634.3893 17.644 108.745 -0.18500 0.54514 2.198 0.81342 8.0000 78.76 0.9079 0.9094 1.954387 
633.9278 17.666 108.729 -0.18508 0.54589 2.214 0.81314 8.0000 79.05 0.9080 0.9095 1.955809 
633.4662 17.688 108.716 -0.18521 0.54667 2.228 0.81291 8.0000 78.78 0.9085 0.9099 1.957235 
633.0044 17.702 108.721 -0.18544 0.54721 2.242 0.81286 8.0000 78.79 0.9088 0.9103 1.958662 
632.5425 17.717 108.719 -0.18557 0.54763 2.247 0.81260 8.0000 78.86 0.9089 0.9104 1.960093 
632.0806 17.728 108.703 -0.18552 0.54799 2.260 0.81242 8.0000 78.90 0.9094 0.9109 1.961525 
631.6186 17.732 108.702 -0.18553 0.54806 2.260 0.81224 8.0000 78.33 0.9094 0.9108 1.962960 
631.1564 17.745 108.701 -0.18563 0.54838 2.295 0.81195 8.0000 78.75 0.9104 0.9118 1.964397 
630.6942 17.748 108.683 -0.18550 0.54857 2.290 0.81194 8.0000 78.88 0.9119 0.9133 1.965837 
630.2318 17.756 108.659 -0.18536 0.54891 2.335 0.81185 8.0000 78.72 0.9134 0.9148 1.967279 
629.7693 17.755 108.651 -0.18525 0.54884 2.335 0.81180 8.0000 78.32 0.9149 0.9163 1.968724 
629.3068 17.774 108.625 -0.18519 0.54950 2.346 0.81150 8.0000 78.86 0.9156 0.9170 1.970171 
628.8441 17.774 108.611 -0.18502 0.54944 2.353 0.81133 8.0000 78.12 0.9160 0.9174 1.971620 
628.3813 17.798 108.597 -0.18515 0.55024 2.358 0.81105 8.0000 78.63 0.9163 0.9177 1.973073 
627.9184 17.818 108.580 -0.18520 0.55095 2.383 0.81080 8.0000 78.30 0.9174 0.9187 1.974527 
627.4554 17.846 108.592 -0.18560 0.55173 2.386 0.81034 8.0000 78.40 0.9172 0.9185 1.975984 
626.9923 17.856 108.580 -0.18557 0.55204 2.422 0.81016 8.0000 78.49 0.9168 0.9182 1.977444 
626.5291 17.859 108.577 -0.18551 0.55197 2.413 0.80984 8.0000 78.46 0.9164 0.9177 1.978905 
626.0658 17.865 108.564 -0.18545 0.55220 2.419 0.80973 8.0000 78.42 0.9181 0.9194 1.980370 
625.6024 17.878 108.557 -0.18549 0.55255 2.448 0.80946 8.0000 78.52 0.9193 0.9205 1.981837 
625.1389 17.893 108.578 -0.18580 0.55280 2.478 0.80904 8.0000 78.45 0.9203 0.9216 1.983306 
624.6753 17.916 108.583 -0.18602 0.55330 2.479 0.80841 8.0000 78.51 0.9195 0.9207 1.984778 
624.2115 17.917 108.601 -0.18617 0.55315 2.493 0.80821 8.0000 77.96 0.9213 0.9225 1.986253 
623.7477 17.924 108.599 -0.18614 0.55316 2.465 0.80781 8.0000 77.97 0.9239 0.9250 1.987730 
623.2838 17.957 108.614 -0.18675 0.55446 2.491 0.80784 8.0000 77.76 0.9254 0.9265 1.989209 
622.8198 17.976 108.592 -0.18681 0.55534 2.523 0.80788 8.0000 78.30 0.9284 0.9295 1.990691 
622.3557 17.981 108.484 -0.18592 0.55619 2.548 0.80829 8.0000 78.19 0.9321 0.9331 1.992176 
621.8914 17.989 108.392 -0.18517 0.55691 2.569 0.80843 8.0000 78.13 0.9353 0.9363 1.993663 
621.4271 17.992 108.289 -0.18422 0.55741 2.577 0.80850 8.0000 78.05 0.9370 0.9381 1.995153 
620.9626 17.990 108.162 -0.18291 0.55757 2.515 0.80829 8.0000 77.76 0.9383 0.9393 1.996645 
620.4980 17.979 108.047 -0.18154 0.55717 2.588 0.80778 8.0000 77.78 0.9381 0.9391 1.998140 
620.0334 17.987 107.930 -0.18040 0.55751 2.561 0.80728 8.0000 77.84 0.9400 0.9410 1.999637 
619.5687 18.009 107.802 -0.17922 0.55817 2.645 0.80634 8.0000 77.55 0.9411 0.9421 2.001137 
619.1038 18.013 107.692 -0.17805 0.55817 2.590 0.80562 8.0000 77.75 0.9435 0.9444 2.002640 
618.6388 18.010 107.591 -0.17693 0.55805 2.630 0.80515 8.0000 77.56 0.9462 0.9471 2.004145 
618.1737 18.020 107.486 -0.17588 0.55830 2.639 0.80448 8.0000 77.98 0.9483 0.9492 2.005653 
617.7086 18.017 107.377 -0.17461 0.55799 2.679 0.80370 8.0000 77.49 0.9509 0.9517 2.007163 
617.2433 18.018 107.275 -0.17347 0.55780 2.629 0.80292 8.0000 77.30 0.9526 0.9534 2.008676 
616.7779 18.026 107.178 -0.17247 0.55791 2.632 0.80221 8.0000 78.14 0.9546 0.9554 2.010192 
616.3124 18.030 107.097 -0.17155 0.55775 2.695 0.80141 8.0000 77.81 0.9560 0.9568 2.011710 
615.8468 18.023 107.024 -0.17063 0.55727 2.645 0.80082 8.0000 77.35 0.9576 0.9584 2.013231 
615.3810 18.031 106.936 -0.16969 0.55725 2.652 0.79996 8.0000 77.11 0.9597 0.9605 2.014755 
614.9153 18.025 106.862 -0.16873 0.55670 2.678 0.79917 8.0000 77.41 0.9615 0.9623 2.016281 
614.4493 18.025 106.789 -0.16786 0.55637 2.605 0.79839 8.0000 77.60 0.9633 0.9642 2.017810 
613.9833 18.026 106.733 -0.16717 0.55605 2.717 0.79763 8.0000 77.05 0.9648 0.9657 2.019341 
613.5172 18.031 106.670 -0.16645 0.55588 2.644 0.79688 8.0000 76.22 0.9666 0.9674 2.020875 
613.0510 18.039 106.609 -0.16579 0.55578 2.633 0.79600 8.0000 77.33 0.9678 0.9686 2.022412 
612.5847 18.046 106.562 -0.16525 0.55564 2.700 0.79517 8.0000 77.27 0.9692 0.9701 2.023952 
612.1182 18.055 106.516 -0.16472 0.55552 2.644 0.79429 8.0000 76.84 0.9704 0.9712 2.025494 
611.6517 18.063 106.465 -0.16413 0.55531 2.794 0.79334 8.0000 76.88 0.9713 0.9722 2.027039 
611.1850 18.072 106.426 -0.16368 0.55521 2.958 0.79250 8.0000 76.22 0.9718 0.9727 2.028587 
610.7183 18.081 106.391 -0.16327 0.55505 2.730 0.79161 8.0000 77.34 0.9724 0.9733 2.030137 
610.2514 18.091 106.353 -0.16282 0.55491 2.762 0.79070 8.0000 76.73 0.9728 0.9737 2.031690 
609.7844 18.100 106.317 -0.16241 0.55480 2.652 0.78985 8.0000 77.46 0.9732 0.9741 2.033246 
609.3173 18.113 106.292 -0.16215 0.55479 2.646 0.78899 8.0000 76.49 0.9735 0.9745 2.034805 
608.8502 18.129 106.270 -0.16195 0.55491 2.654 0.78812 8.0000 75.82 0.9735 0.9744 2.036366 
608.3829 18.142 106.259 -0.16181 0.55482 2.705 0.78722 8.0000 76.12 0.9732 0.9741 2.037930 
607.9155 18.158 106.246 -0.16170 0.55488 2.489 0.78633 8.0000 76.96 0.9730 0.9739 2.039497 
607.4480 18.176 106.241 -0.16167 0.55502 2.472 0.78546 8.0000 76.54 0.9726 0.9735 2.041067 
606.9804 18.193 106.239 -0.16169 0.55513 2.513 0.78463 8.0000 75.18 0.9719 0.9729 2.042639 
606.5127 18.213 106.238 -0.16174 0.55535 2.697 0.78380 8.0000 74.44 0.9713 0.9722 2.044214 
606.0449 18.232 106.242 -0.16182 0.55549 2.655 0.78295 8.0000 75.41 0.9704 0.9713 2.045792 
605.5770 18.251 106.254 -0.16201 0.55569 2.641 0.78218 8.0000 74.81 0.9697 0.9706 2.047373 
605.1089 18.274 106.267 -0.16224 0.55600 2.672 0.78133 8.0000 75.51 0.9688 0.9697 2.048957 
604.6408 18.297 106.276 -0.16243 0.55632 2.714 0.78055 8.0000 76.04 0.9680 0.9689 2.050543 
604.1726 18.325 106.287 -0.16267 0.55675 2.707 0.77960 8.0000 74.62 0.9668 0.9678 2.052132 
603.7042 18.354 106.314 -0.16312 0.55732 2.299 0.77885 8.0000 74.65 0.9657 0.9666 2.053724 
603.2358 18.381 106.340 -0.16355 0.55783 2.636 0.77812 8.0000 74.43 0.9645 0.9654 2.055319 
602.7673 18.408 106.372 -0.16403 0.55832 2.316 0.77739 8.0000 73.51 0.9631 0.9640 2.056916 
602.2986 18.433 106.406 -0.16451 0.55875 2.489 0.77675 8.0000 74.90 0.9615 0.9624 2.058517 
601.8298 18.460 106.439 -0.16499 0.55919 2.341 0.77597 8.0000 74.06 0.9602 0.9611 2.060121 
601.3610 18.487 106.475 -0.16551 0.55964 2.393 0.77522 8.0000 73.94 0.9586 0.9595 2.061726 
600.8920 18.514 106.512 -0.16605 0.56015 2.463 0.77452 8.0000 73.79 0.9571 0.9579 2.063336 
600.4229 18.543 106.552 -0.16664 0.56068 2.592 0.77377 8.0000 73.24 0.9552 0.9561 2.064948 
599.9537 18.574 106.595 -0.16729 0.56133 2.789 0.77311 8.0000 74.21 0.9534 0.9543 2.066563 
599.4844 18.607 106.638 -0.16795 0.56201 2.783 0.77236 8.0000 73.69 0.9515 0.9524 2.068181 
599.0150 18.643 106.695 -0.16879 0.56281 2.647 0.77168 8.0000 72.17 0.9495 0.9504 2.069801 
598.5455 18.675 106.738 -0.16944 0.56343 2.578 0.77093 8.0000 71.86 0.9473 0.9482 2.071425 
598.0759 18.709 106.782 -0.17013 0.56413 2.826 0.77019 8.0000 73.50 0.9454 0.9463 2.073051 
597.6062 18.737 106.841 -0.17093 0.56468 2.702 0.76960 8.0000 72.79 0.9434 0.9443 2.074680 
597.1364 18.771 106.901 -0.17183 0.56553 2.654 0.76909 8.0000 71.91 0.9414 0.9423 2.076313 
596.6664 18.810 106.960 -0.17276 0.56646 2.589 0.76847 8.0000 72.39 0.9393 0.9401 2.077948 
596.1964 18.845 107.024 -0.17369 0.56727 2.536 0.76785 8.0000 71.42 0.9369 0.9378 2.079586 
595.7263 18.882 107.088 -0.17466 0.56818 2.727 0.76734 8.0000 72.08 0.9350 0.9358 2.081227 
595.2560 18.910 107.159 -0.17562 0.56880 2.693 0.76693 8.0000 71.16 0.9335 0.9343 2.082872 
594.7857 18.935 107.226 -0.17652 0.56932 2.698 0.76651 8.0000 71.42 0.9315 0.9323 2.084519 
594.3152 18.966 107.282 -0.17734 0.57000 2.706 0.76593 8.0000 70.85 0.9299 0.9307 2.086169 
593.8447 18.996 107.345 -0.17827 0.57078 2.698 0.76561 8.0000 71.10 0.9286 0.9295 2.087822 
593.3740 19.025 107.409 -0.17919 0.57150 2.671 0.76521 8.0000 70.77 0.9268 0.9276 2.089478 
592.9032 19.065 107.462 -0.18015 0.57268 2.703 0.76485 8.0000 71.51 0.9258 0.9267 2.091137 
592.4323 19.100 107.516 -0.18108 0.57376 2.672 0.76456 8.0000 69.85 0.9240 0.9249 2.092799 
591.9613 19.144 107.572 -0.18210 0.57502 2.670 0.76405 8.0000 69.51 0.9217 0.9226 2.094464 
591.4902 19.185 107.638 -0.18319 0.57618 2.642 0.76361 8.0000 69.41 0.9193 0.9202 2.096133 
591.0190 19.237 107.694 -0.18430 0.57770 2.613 0.76307 8.0000 69.22 0.9169 0.9178 2.097804 
590.5477 19.267 107.763 -0.18534 0.57854 2.617 0.76278 8.0000 68.90 0.9152 0.9161 2.099478 
590.0763 19.317 107.814 -0.18643 0.58015 2.611 0.76240 8.0000 68.88 0.9136 0.9146 2.101155 
589.6048 19.341 107.867 -0.18725 0.58087 2.618 0.76227 8.0000 68.36 0.9125 0.9135 2.102836 
589.1331 19.372 107.920 -0.18814 0.58179 2.559 0.76202 8.0000 68.62 0.9108 0.9117 2.104519 
588.6614 19.389 107.945 -0.18865 0.58252 2.563 0.76214 8.0000 68.71 0.9107 0.9116 2.106206 
588.1896 19.418 107.971 -0.18927 0.58351 2.557 0.76197 8.0000 68.36 0.9109 0.9118 2.107895 
587.7176 19.456 107.989 -0.18997 0.58506 2.552 0.76198 8.0000 66.38 0.9118 0.9127 2.109588 
587.2455 19.495 108.007 -0.19062 0.58642 2.491 0.76175 8.0000 66.37 0.9109 0.9118 2.111284 
586.7734 19.524 108.005 -0.19098 0.58760 2.505 0.76168 8.0000 67.81 0.9107 0.9115 2.112983 
586.3011 19.548 107.961 -0.19088 0.58883 2.480 0.76178 8.0000 68.19 0.9108 0.9116 2.114685 
585.8287 19.557 107.920 -0.19072 0.58978 2.519 0.76234 8.0000 68.18 0.9132 0.9140 2.116390 
585.3563 19.590 107.840 -0.19034 0.59141 2.454 0.76230 8.0000 67.11 0.9133 0.9141 2.118098 
584.8837 19.621 107.757 -0.18993 0.59310 2.433 0.76246 8.0000 66.16 0.9128 0.9137 2.119809 
584.4109 19.621 107.644 -0.18872 0.59334 2.421 0.76226 8.0000 65.74 0.9135 0.9144 2.121524 
583.9382 19.632 107.540 -0.18770 0.59387 2.413 0.76190 8.0000 65.94 0.9128 0.9137 2.123242 
583.4652 19.657 107.503 -0.18743 0.59434 2.393 0.76099 8.0000 66.63 0.9114 0.9122 2.124963 
582.9922 19.678 107.456 -0.18702 0.59477 2.369 0.76022 8.0000 65.98 0.9101 0.9109 2.126687 
582.5191 19.700 107.416 -0.18671 0.59520 2.339 0.75941 8.0000 66.11 0.9101 0.9109 2.128414 
582.0458 19.725 107.396 -0.18667 0.59581 2.342 0.75878 8.0000 64.81 0.9108 0.9116 2.130145 
581.5725 19.755 107.372 -0.18673 0.59688 2.323 0.75841 8.0000 65.37 0.9132 0.9139 2.131878 
581.0991 19.771 107.348 -0.18657 0.59722 2.298 0.75787 8.0000 64.69 0.9137 0.9145 2.133615 
580.6255 19.769 107.342 -0.18646 0.59712 2.280 0.75785 8.0000 64.88 0.9150 0.9157 2.135356 
580.1519 19.783 107.322 -0.18637 0.59756 2.259 0.75756 8.0000 63.94 0.9153 0.9160 2.137099 
579.6780 19.805 107.300 -0.18630 0.59814 2.235 0.75700 8.0000 63.71 0.9152 0.9159 2.138846 
579.2042 19.814 107.285 -0.18617 0.59827 2.242 0.75666 8.0000 65.03 0.9157 0.9164 2.140595 
578.7302 19.834 107.272 -0.18622 0.59892 2.227 0.75634 8.0000 64.38 0.9156 0.9163 2.142349 
578.2561 19.849 107.266 -0.18629 0.59936 2.199 0.75608 8.0000 63.53 0.9161 0.9168 2.144105 
577.7819 19.856 107.260 -0.18624 0.59941 2.179 0.75574 8.0000 63.73 0.9164 0.9171 2.145865 
577.3076 19.867 107.246 -0.18615 0.59968 2.161 0.75541 8.0000 63.76 0.9174 0.9181 2.147628 
576.8332 19.891 107.225 -0.18612 0.60033 2.136 0.75484 8.0000 62.33 0.9181 0.9188 2.149394 
576.3586 19.902 107.223 -0.18617 0.60057 2.110 0.75453 8.0000 62.12 0.9183 0.9190 2.151164 
575.8840 19.925 107.212 -0.18625 0.60125 2.097 0.75413 8.0000 63.70 0.9186 0.9193 2.152937 
575.4093 19.947 107.206 -0.18635 0.60178 2.093 0.75362 8.0000 63.53 0.9188 0.9195 2.154713 
574.9344 19.967 107.191 -0.18634 0.60230 2.066 0.75313 8.0000 62.23 0.9190 0.9198 2.156493 
574.4595 19.986 107.188 -0.18643 0.60270 2.065 0.75258 8.0000 62.70 0.9189 0.9196 2.158276 
573.9844 20.001 107.179 -0.18641 0.60300 2.033 0.75214 8.0000 61.69 0.9190 0.9197 2.160062 
573.5092 20.018 107.165 -0.18639 0.60344 2.021 0.75171 8.0000 62.85 0.9191 0.9198 2.161852 
573.0339 20.036 107.153 -0.18638 0.60383 2.014 0.75119 8.0000 61.55 0.9191 0.9198 2.163645 
572.5586 20.053 107.146 -0.18642 0.60424 1.985 0.75075 8.0000 61.55 0.9190 0.9197 2.165441 
572.0831 20.071 107.138 -0.18645 0.60465 1.959 0.75027 8.0000 61.25 0.9192 0.9199 2.167241 
571.6075 20.092 107.126 -0.18649 0.60519 1.945 0.74981 8.0000 61.01 0.9193 0.9200 2.169044 
571.1318 20.113 107.126 -0.18664 0.60572 1.941 0.74936 8.0000 60.25 0.9194 0.9202 2.170851 
570.6559 20.134 107.124 -0.18680 0.60629 1.917 0.74894 8.0000 60.66 0.9194 0.9202 2.172661 
570.1801 20.154 107.120 -0.18690 0.60677 1.891 0.74844 8.0000 60.27 0.9193 0.9200 2.174474 
569.7040 20.168 107.122 -0.18701 0.60705 1.881 0.74805 8.0000 59.35 0.9193 0.9201 2.176291 
569.2278 20.191 107.119 -0.18718 0.60770 1.879 0.74765 8.0000 60.25 0.9196 0.9203 2.178112 
568.7516 20.208 107.116 -0.18727 0.60814 1.855 0.74725 8.0000 58.98 0.9195 0.9203 2.179936 
568.2753 20.226 107.113 -0.18738 0.60860 1.830 0.74684 8.0000 58.61 0.9197 0.9204 2.181763 
567.7988 20.245 107.106 -0.18745 0.60910 1.817 0.74643 8.0000 59.04 0.9199 0.9206 2.183594 
567.3222 20.261 107.100 -0.18748 0.60941 1.808 0.74597 8.0000 59.28 0.9201 0.9209 2.185428 
566.8455 20.280 107.097 -0.18760 0.60991 1.795 0.74555 8.0000 58.32 0.9202 0.9209 2.187266 
566.3687 20.298 107.096 -0.18773 0.61039 1.783 0.74515 8.0000 59.02 0.9201 0.9209 2.189107 
565.8918 20.317 107.095 -0.18788 0.61091 1.750 0.74480 8.0000 58.19 0.9202 0.9209 2.190952 
565.4149 20.338 107.094 -0.18803 0.61144 1.747 0.74435 8.0000 57.89 0.9202 0.9209 2.192800 
564.9377 20.354 107.092 -0.18813 0.61183 1.732 0.74398 8.0000 58.17 0.9203 0.9210 2.194653 
564.4605 20.369 107.088 -0.18819 0.61218 1.720 0.74358 8.0000 57.79 0.9202 0.9210 2.196508 
563.9832 20.383 107.083 -0.18821 0.61242 1.710 0.74314 8.0000 57.21 0.9202 0.9210 2.198367 
563.5057 20.398 107.080 -0.18828 0.61278 1.679 0.74277 8.0000 56.36 0.9201 0.9209 2.200230 
563.0282 20.413 107.077 -0.18834 0.61308 1.672 0.74236 8.0000 56.63 0.9202 0.9209 2.202096 
562.5505 20.432 107.075 -0.18845 0.61354 1.654 0.74191 8.0000 56.24 0.9201 0.9208 2.203966 
562.0728 20.448 107.074 -0.18856 0.61392 1.663 0.74150 8.0000 57.17 0.9201 0.9208 2.205839 
561.5948 20.466 107.073 -0.18867 0.61433 1.633 0.74106 8.0000 56.32 0.9201 0.9208 2.207716 
561.1169 20.484 107.068 -0.18875 0.61477 1.623 0.74064 8.0000 56.01 0.9200 0.9207 2.209597 
560.6388 20.500 107.060 -0.18877 0.61512 1.603 0.74018 8.0000 55.94 0.9200 0.9207 2.211481 
560.1606 20.517 107.056 -0.18883 0.61548 1.603 0.73969 8.0000 55.69 0.9199 0.9207 2.213369 
559.6823 20.532 107.049 -0.18884 0.61579 1.593 0.73927 8.0000 56.19 0.9199 0.9206 2.215260 
559.2039 20.548 107.044 -0.18888 0.61610 1.578 0.73880 8.0000 55.75 0.9197 0.9204 2.217155 
558.7253 20.563 107.040 -0.18891 0.61637 1.562 0.73833 8.0000 56.07 0.9196 0.9203 2.219055 
558.2467 20.582 107.042 -0.18909 0.61687 1.550 0.73793 8.0000 54.62 0.9196 0.9203 2.220957 
557.7679 20.600 107.037 -0.18918 0.61735 1.536 0.73754 8.0000 54.70 0.9195 0.9202 2.222864 
557.2891 20.620 107.032 -0.18926 0.61781 1.523 0.73707 8.0000 54.83 0.9195 0.9202 2.224773 
556.8102 20.636 107.029 -0.18932 0.61812 1.518 0.73657 8.0000 54.16 0.9194 0.9201 2.226687 
556.3311 20.654 107.026 -0.18941 0.61855 1.493 0.73612 8.0000 52.78 0.9195 0.9202 2.228604 
555.8519 20.671 107.029 -0.18956 0.61891 1.503 0.73569 8.0000 53.79 0.9195 0.9202 2.230525 
555.3726 20.687 107.026 -0.18963 0.61926 1.481 0.73526 8.0000 53.15 0.9195 0.9202 2.232451 
554.8932 20.703 107.018 -0.18967 0.61968 1.472 0.73491 8.0000 53.80 0.9195 0.9202 2.234379 
554.4137 20.720 107.008 -0.18965 0.62004 1.462 0.73443 8.0000 53.49 0.9195 0.9202 2.236312 
553.9341 20.738 107.002 -0.18972 0.62047 1.459 0.73400 8.0000 53.88 0.9196 0.9203 2.238248 
553.4543 20.754 106.999 -0.18981 0.62089 1.447 0.73366 8.0000 52.03 0.9196 0.9202 2.240188 
552.9745 20.768 106.991 -0.18982 0.62121 1.428 0.73329 8.0000 52.12 0.9196 0.9203 2.242132 
552.4946 20.782 106.992 -0.18992 0.62148 1.420 0.73287 8.0000 51.95 0.9198 0.9204 2.244080 
552.0145 20.797 106.994 -0.19004 0.62183 1.417 0.73252 8.0000 51.69 0.9199 0.9206 2.246031 
551.5344 20.814 106.992 -0.19015 0.62225 1.410 0.73215 8.0000 51.83 0.9200 0.9207 2.247986 
551.0541 20.829 106.991 -0.19024 0.62262 1.398 0.73181 8.0000 52.07 0.9201 0.9208 2.249946 
550.5737 20.844 106.990 -0.19033 0.62293 1.383 0.73136 8.0000 51.30 0.9203 0.9209 2.251909 
550.0933 20.862 106.985 -0.19040 0.62337 1.379 0.73094 8.0000 52.33 0.9205 0.9211 2.253876 
549.6127 20.876 106.982 -0.19045 0.62364 1.374 0.73054 8.0000 51.89 0.9207 0.9213 2.255847 
549.1320 20.891 106.978 -0.19048 0.62390 1.362 0.73006 8.0000 50.72 0.9208 0.9215 2.257821 
548.6511 20.906 106.972 -0.19051 0.62423 1.355 0.72967 8.0000 50.05 0.9211 0.9217 2.259800 
548.1702 20.921 106.964 -0.19054 0.62461 1.341 0.72929 8.0000 50.53 0.9213 0.9219 2.261783 
547.6891 20.935 106.961 -0.19059 0.62492 1.328 0.72894 8.0000 49.63 0.9215 0.9222 2.263770 
547.2080 20.950 106.958 -0.19065 0.62523 1.328 0.72852 8.0000 49.72 0.9218 0.9224 2.265760 
546.7267 20.966 106.959 -0.19078 0.62562 1.318 0.72815 8.0000 50.63 0.9220 0.9227 2.267755 
546.2454 20.982 106.959 -0.19089 0.62600 1.310 0.72776 8.0000 49.25 0.9223 0.9229 2.269752 
545.7639 20.997 106.959 -0.19101 0.62634 1.301 0.72741 8.0000 48.66 0.9225 0.9232 2.271755 
545.2823 21.010 106.957 -0.19108 0.62667 1.297 0.72711 8.0000 49.23 0.9227 0.9233 2.273762 
544.8007 21.024 106.955 -0.19114 0.62697 1.293 0.72674 8.0000 48.23 0.9230 0.9236 2.275771 
544.3188 21.039 106.948 -0.19119 0.62739 1.287 0.72644 8.0000 48.16 0.9233 0.9240 2.277786 
543.8369 21.053 106.946 -0.19125 0.62768 1.278 0.72605 8.0000 47.96 0.9237 0.9243 2.279805 
543.3549 21.067 106.941 -0.19131 0.62805 1.253 0.72573 8.0000 47.35 0.9241 0.9247 2.281827 
542.8728 21.079 106.940 -0.19135 0.62823 1.258 0.72533 8.0000 47.36 0.9244 0.9251 2.283853 
542.3905 21.092 106.943 -0.19148 0.62854 1.248 0.72506 8.0000 47.15 0.9247 0.9253 2.285884 
541.9082 21.107 106.937 -0.19151 0.62887 1.241 0.72464 8.0000 46.82 0.9249 0.9255 2.287919 
541.4257 21.122 106.933 -0.19157 0.62925 1.240 0.72430 8.0000 46.56 0.9252 0.9258 2.289958 
540.9431 21.136 106.931 -0.19165 0.62958 1.227 0.72396 8.0000 45.54 0.9256 0.9263 2.292001 
540.4604 21.149 106.932 -0.19175 0.62985 1.220 0.72360 8.0000 46.04 0.9259 0.9266 2.294048 
539.9777 21.166 106.927 -0.19181 0.63028 1.234 0.72322 8.0000 46.63 0.9263 0.9269 2.296098 
539.4948 21.181 106.922 -0.19188 0.63068 1.215 0.72291 8.0000 45.63 0.9267 0.9273 2.298154 
539.0118 21.196 106.918 -0.19196 0.63108 1.206 0.72257 8.0000 45.11 0.9271 0.9278 2.300213 
538.5286 21.209 106.918 -0.19205 0.63138 1.197 0.72226 8.0000 44.22 0.9276 0.9282 2.302277 
538.0454 21.225 106.916 -0.19212 0.63169 1.197 0.72183 8.0000 44.21 0.9279 0.9286 2.304344 
537.5621 21.240 106.915 -0.19222 0.63208 1.183 0.72149 8.0000 43.90 0.9284 0.9290 2.306416 
537.0786 21.254 106.909 -0.19227 0.63246 1.175 0.72119 8.0000 43.50 0.9286 0.9293 2.308492 
536.5950 21.270 106.909 -0.19237 0.63280 1.169 0.72079 8.0000 42.81 0.9290 0.9297 2.310573 
536.1114 21.286 106.909 -0.19250 0.63323 1.180 0.72048 8.0000 43.67 0.9294 0.9301 2.312657 
535.6276 21.301 106.912 -0.19267 0.63365 1.167 0.72019 8.0000 42.02 0.9297 0.9304 2.314746 
535.1437 21.317 106.910 -0.19277 0.63409 1.162 0.71988 8.0000 42.41 0.9301 0.9308 2.316839 
534.6597 21.334 106.910 -0.19289 0.63450 1.154 0.71950 8.0000 42.27 0.9304 0.9311 2.318936 
534.1756 21.351 106.909 -0.19303 0.63498 1.147 0.71917 8.0000 41.08 0.9307 0.9314 2.321038 
533.6913 21.366 106.906 -0.19309 0.63530 1.140 0.71878 8.0000 40.46 0.9311 0.9318 2.323144 
533.2070 21.384 106.906 -0.19323 0.63578 1.140 0.71841 8.0000 40.42 0.9315 0.9322 2.325254 
532.7226 21.403 106.911 -0.19343 0.63622 1.137 0.71795 8.0000 40.04 0.9319 0.9326 2.327369 
532.2380 21.421 106.906 -0.19351 0.63668 1.130 0.71756 8.0000 39.58 0.9322 0.9329 2.329488 
531.7534 21.440 106.907 -0.19368 0.63716 1.125 0.71716 8.0000 39.61 0.9326 0.9333 2.331611 
531.2686 21.460 106.910 -0.19386 0.63768 1.121 0.71672 8.0000 39.43 0.9329 0.9336 2.333738 
530.7837 21.482 106.912 -0.19407 0.63827 1.122 0.71632 8.0000 38.63 0.9333 0.9340 2.335870 
530.2987 21.502 106.913 -0.19424 0.63882 1.115 0.71589 8.0000 37.64 0.9335 0.9343 2.338007 
529.8136 21.523 106.909 -0.19438 0.63943 1.115 0.71554 8.0000 38.15 0.9339 0.9347 2.340147 
529.3284 21.543 106.909 -0.19455 0.63996 1.102 0.71512 8.0000 37.23 0.9342 0.9349 2.342292 
528.8430 21.563 106.909 -0.19470 0.64047 1.105 0.71469 8.0000 37.33 0.9344 0.9352 2.344442 
528.3576 21.590 106.909 -0.19492 0.64121 1.104 0.71420 8.0000 37.14 0.9347 0.9355 2.346596 
527.8720 21.612 106.903 -0.19503 0.64180 1.095 0.71372 8.0000 36.41 0.9350 0.9357 2.348755 
527.3864 21.634 106.902 -0.19522 0.64244 1.095 0.71330 8.0000 35.97 0.9351 0.9359 2.350917 
526.9006 21.659 106.901 -0.19540 0.64310 1.087 0.71283 8.0000 35.47 0.9353 0.9361 2.353085 
526.4147 21.684 106.901 -0.19562 0.64381 1.080 0.71232 8.0000 34.62 0.9355 0.9363 2.355257 
525.9287 21.710 106.900 -0.19579 0.64441 1.077 0.71170 8.0000 34.41 0.9358 0.9366 2.357433 
525.4426 21.736 106.899 -0.19599 0.64513 1.087 0.71118 8.0000 34.89 0.9359 0.9367 2.359614 
524.9564 21.761 106.894 -0.19610 0.64570 1.075 0.71058 8.0000 33.69 0.9360 0.9368 2.361800 
524.4700 21.789 106.890 -0.19625 0.64631 1.076 0.70983 8.0000 33.12 0.9360 0.9368 2.363990 
523.9836 21.818 106.889 -0.19648 0.64714 1.068 0.70928 8.0000 32.57 0.9362 0.9370 2.366185 
523.4971 21.848 106.885 -0.19670 0.64802 1.061 0.70876 8.0000 32.63 0.9364 0.9373 2.368384 
523.0104 21.876 106.882 -0.19691 0.64885 1.061 0.70825 8.0000 31.86 0.9365 0.9373 2.370588 
522.5236 21.906 106.882 -0.19714 0.64960 1.059 0.70761 8.0000 31.11 0.9366 0.9374 2.372796 
522.0367 21.939 106.877 -0.19731 0.65038 1.054 0.70682 8.0000 31.01 0.9366 0.9374 2.375009 
521.5497 21.969 106.873 -0.19748 0.65107 1.043 0.70606 8.0000 30.58 0.9367 0.9375 2.377227 
521.0626 21.996 106.875 -0.19768 0.65167 1.043 0.70537 8.0000 30.09 0.9368 0.9376 2.379449 
520.5754 22.028 106.876 -0.19792 0.65242 1.046 0.70461 8.0000 30.23 0.9368 0.9377 2.381676 
520.0881 22.061 106.874 -0.19817 0.65331 1.045 0.70395 8.0000 29.88 0.9370 0.9378 2.383908 
519.6006 22.094 106.872 -0.19840 0.65416 1.037 0.70325 8.0000 29.67 0.9371 0.9380 2.386144 
519.1131 22.125 106.869 -0.19861 0.65498 1.035 0.70257 8.0000 29.41 0.9373 0.9381 2.388385 
518.6254 22.160 106.872 -0.19894 0.65595 1.033 0.70191 8.0000 28.48 0.9373 0.9382 2.390631 
518.1377 22.190 106.870 -0.19912 0.65662 1.035 0.70118 8.0000 28.37 0.9371 0.9380 2.392881 
517.6498 22.222 106.866 -0.19931 0.65739 1.022 0.70043 8.0000 27.52 0.9372 0.9381 2.395137 
517.1618 22.247 106.869 -0.19953 0.65802 1.020 0.69985 8.0000 27.30 0.9371 0.9380 2.397397 
516.6737 22.278 106.872 -0.19984 0.65889 1.015 0.69927 8.0000 26.79 0.9372 0.9381 2.399661 
516.1855 22.310 106.869 -0.20004 0.65969 1.020 0.69857 8.0000 26.44 0.9373 0.9382 2.401931 
515.6971 22.342 106.865 -0.20027 0.66060 1.017 0.69794 8.0000 26.36 0.9373 0.9383 2.404206 
515.2087 22.374 106.861 -0.20045 0.66139 1.009 0.69720 8.0000 26.27 0.9375 0.9384 2.406485 
514.7202 22.408 106.862 -0.20073 0.66223 1.002 0.69646 8.0000 25.88 0.9376 0.9385 2.408769 
514.2314 22.439 106.867 -0.20104 0.66310 0.999 0.69587 8.0000 25.45 0.9377 0.9386 2.411058 
513.7427 22.469 106.869 -0.20129 0.66382 1.005 0.69519 8.0000 25.49 0.9377 0.9387 2.413352 
513.2538 22.505 106.869 -0.20158 0.66477 1.002 0.69443 8.0000 24.93 0.9379 0.9389 2.415651 
512.7648 22.536 106.869 -0.20182 0.66556 1.001 0.69373 8.0000 24.68 0.9378 0.9388 2.417955 
512.2757 22.565 106.870 -0.20204 0.66625 1.000 0.69305 8.0000 24.63 0.9377 0.9387 2.420263 
511.7864 22.603 106.862 -0.20222 0.66719 0.992 0.69218 8.0000 24.45 0.9378 0.9388 2.422577 
511.2971 22.637 106.852 -0.20235 0.66802 0.993 0.69136 8.0000 24.43 0.9377 0.9387 2.424895 
510.8076 22.669 106.850 -0.20254 0.66873 0.982 0.69056 8.0000 23.81 0.9377 0.9387 2.427219 
510.3181 22.697 106.841 -0.20267 0.66953 0.990 0.68997 8.0000 23.20 0.9377 0.9387 2.429547 
509.8284 22.719 106.834 -0.20274 0.67005 0.990 0.68942 8.0000 22.92 0.9373 0.9383 2.431881 
509.3386 22.745 106.834 -0.20291 0.67064 0.978 0.68879 8.0000 22.83 0.9369 0.9380 2.434219 
508.8488 22.775 106.829 -0.20308 0.67141 0.967 0.68811 8.0000 22.39 0.9369 0.9379 2.436563 
508.3587 22.809 106.823 -0.20326 0.67226 0.970 0.68734 8.0000 22.58 0.9367 0.9378 2.438912 
507.8686 22.839 106.820 -0.20343 0.67293 0.977 0.68655 8.0000 22.36 0.9366 0.9376 2.441265 
507.3784 22.871 106.810 -0.20350 0.67361 0.985 0.68570 8.0000 22.12 0.9364 0.9375 2.443624 
506.8880 22.896 106.800 -0.20352 0.67407 0.970 0.68493 8.0000 21.25 0.9360 0.9371 2.445988 
506.3976 22.925 106.786 -0.20354 0.67477 0.969 0.68419 8.0000 20.98 0.9358 0.9369 2.448357 
505.9070 22.949 106.772 -0.20352 0.67528 0.956 0.68353 8.0000 20.44 0.9354 0.9365 2.450731 
505.4163 22.982 106.764 -0.20368 0.67613 0.962 0.68279 8.0000 20.35 0.9354 0.9365 2.453110 
504.9255 23.012 106.755 -0.20381 0.67695 0.955 0.68214 8.0000 20.40 0.9355 0.9366 2.455495 
504.4346 23.041 106.743 -0.20387 0.67767 0.965 0.68142 8.0000 20.29 0.9352 0.9363 2.457884 
503.9436 23.065 106.741 -0.20398 0.67814 0.959 0.68075 8.0000 20.00 0.9346 0.9357 2.460279 
503.4525 23.087 106.732 -0.20399 0.67859 0.955 0.68013 8.0000 19.88 0.9341 0.9352 2.462679 
502.9612 23.113 106.722 -0.20405 0.67918 0.950 0.67945 8.0000 19.48 0.9339 0.9350 2.465085 
502.4698 23.139 106.711 -0.20409 0.67981 0.956 0.67882 8.0000 19.61 0.9335 0.9346 2.467495 
501.9784 23.166 106.695 -0.20403 0.68031 0.959 0.67799 8.0000 19.55 0.9333 0.9345 2.469911 
501.4868 23.190 106.690 -0.20411 0.68077 0.959 0.67726 8.0000 19.54 0.9332 0.9344 2.472332 
500.9951 23.215 106.684 -0.20420 0.68133 0.946 0.67664 8.0000 18.98 0.9328 0.9340 2.474759 
500.5033 23.242 106.670 -0.20424 0.68207 0.923 0.67602 8.0000 18.06 0.9326 0.9338 2.477190 
500.0114 23.269 106.658 -0.20427 0.68267 0.927 0.67532 8.0000 18.08 0.9324 0.9335 2.479627 
499.5193 23.294 106.646 -0.20428 0.68327 0.939 0.67467 8.0000 18.44 0.9321 0.9333 2.482070 
499.0272 23.319 106.636 -0.20430 0.68374 0.939 0.67394 8.0000 17.88 0.9316 0.9328 2.484518 
498.5349 23.342 106.623 -0.20428 0.68422 0.924 0.67326 8.0000 17.21 0.9312 0.9324 2.486971 
498.0426 23.368 106.610 -0.20427 0.68479 0.920 0.67258 8.0000 16.89 0.9309 0.9321 2.489429 
497.5501 23.392 106.595 -0.20424 0.68531 0.911 0.67188 8.0000 16.35 0.9304 0.9316 2.491894 
497.0575 23.420 106.579 -0.20424 0.68604 0.916 0.67124 8.0000 16.33 0.9302 0.9314 2.494363 
496.5648 23.450 106.566 -0.20430 0.68679 0.912 0.67050 8.0000 15.78 0.9303 0.9315 2.496838 
496.0720 23.475 106.553 -0.20431 0.68741 0.911 0.66990 8.0000 15.60 0.9299 0.9311 2.499318 
495.5790 23.500 106.542 -0.20434 0.68798 0.912 0.66926 8.0000 15.10 0.9295 0.9307 2.501805 
495.0860 23.528 106.518 -0.20425 0.68877 0.899 0.66863 8.0000 14.58 0.9293 0.9305 2.504296 
494.5928 23.551 106.501 -0.20417 0.68922 0.913 0.66795 8.0000 15.06 0.9285 0.9297 2.506793 
494.0995 23.577 106.485 -0.20413 0.68980 0.908 0.66723 8.0000 14.88 0.9281 0.9293 2.509296 
493.6062 23.604 106.465 -0.20406 0.69043 0.902 0.66651 8.0000 14.64 0.9277 0.9289 2.511804 
493.1127 23.631 106.452 -0.20408 0.69109 0.889 0.66585 8.0000 14.22 0.9272 0.9284 2.514318 
492.6190 23.659 106.436 -0.20412 0.69193 0.899 0.66525 8.0000 14.36 0.9268 0.9280 2.516837 
492.1253 23.688 106.414 -0.20408 0.69279 0.904 0.66470 8.0000 14.72 0.9264 0.9276 2.519362 
491.6315 23.713 106.401 -0.20410 0.69342 0.877 0.66409 8.0000 14.45 0.9261 0.9273 2.521893 
491.1375 23.739 106.385 -0.20409 0.69412 0.855 0.66350 8.0000 14.20 0.9256 0.9268 2.524429 
490.6435 23.767 106.364 -0.20405 0.69493 0.846 0.66290 8.0000 13.85 0.9252 0.9263 2.526971 
490.1493 23.794 106.348 -0.20406 0.69564 0.857 0.66223 8.0000 13.72 0.9246 0.9257 2.529519 
489.6550 23.820 106.331 -0.20405 0.69638 0.846 0.66169 8.0000 13.87 0.9240 0.9252 2.532072 
489.1606 23.848 106.315 -0.20407 0.69720 0.853 0.66109 8.0000 13.95 0.9236 0.9247 2.534631 
488.6661 23.877 106.297 -0.20408 0.69805 0.842 0.66051 8.0000 13.43 0.9233 0.9244 2.537196 
488.1714 23.910 106.277 -0.20412 0.69908 0.826 0.65989 8.0000 13.14 0.9231 0.9242 2.539768 
487.6767 23.935 106.258 -0.20409 0.69984 0.844 0.65939 8.0000 13.35 0.9226 0.9237 2.542344 
487.1818 23.966 106.244 -0.20415 0.70068 0.821 0.65869 8.0000 13.18 0.9222 0.9234 2.544927 
486.6869 23.993 106.227 -0.20417 0.70153 0.815 0.65817 8.0000 12.99 0.9219 0.9230 2.547514 
486.1918 24.025 106.213 -0.20424 0.70239 0.797 0.65750 8.0000 12.46 0.9214 0.9225 2.550109 
485.6966 24.050 106.199 -0.20423 0.70300 0.806 0.65687 8.0000 12.55 0.9209 0.9219 2.552709 
485.2013 24.082 106.178 -0.20427 0.70411 0.814 0.65633 8.0000 12.86 0.9206 0.9216 2.555314 
484.7058 24.109 106.164 -0.20430 0.70487 0.811 0.65576 8.0000 12.93 0.9200 0.9210 2.557927 
484.2103 24.136 106.151 -0.20439 0.70577 0.790 0.65531 8.0000 12.57 0.9195 0.9205 2.560544 
483.7146 24.166 106.135 -0.20451 0.70694 0.792 0.65496 8.0000 13.05 0.9194 0.9204 2.563168 
483.2189 24.198 106.119 -0.20461 0.70799 0.789 0.65439 8.0000 13.81 0.9192 0.9202 2.565798 
482.7230 24.229 106.103 -0.20468 0.70898 0.778 0.65382 8.0000 14.27 0.9188 0.9198 2.568433 
482.2270 24.256 106.088 -0.20471 0.70980 0.787 0.65328 8.0000 15.06 0.9183 0.9193 2.571075 
481.7309 24.284 106.065 -0.20467 0.71074 0.773 0.65280 8.0000 15.48 0.9179 0.9188 2.573723 
481.2346 24.306 106.051 -0.20474 0.71160 0.770 0.65254 8.0000 16.32 0.9173 0.9183 2.576377 
480.7383 24.331 106.037 -0.20484 0.71263 0.746 0.65227 8.0000 16.13 0.9170 0.9179 2.579037 
480.2419 24.362 106.023 -0.20498 0.71374 0.736 0.65185 8.0000 16.36 0.9167 0.9176 2.581703 
479.7453 24.389 106.010 -0.20511 0.71483 0.729 0.65152 8.0000 17.00 0.9165 0.9174 2.584375 
479.2486 24.415 105.998 -0.20520 0.71574 0.717 0.65112 8.0000 17.01 0.9160 0.9169 2.587054 
478.7518 24.438 105.987 -0.20530 0.71660 0.707 0.65081 8.0000 17.14 0.9154 0.9163 2.589738 
478.2549 24.464 105.978 -0.20544 0.71750 0.701 0.65043 8.0000 17.53 0.9148 0.9157 2.592429 
477.7579 24.488 105.965 -0.20552 0.71841 0.705 0.65010 8.0000 18.24 0.9144 0.9152 2.595126 
477.2608 24.513 105.953 -0.20565 0.71940 0.696 0.64981 8.0000 17.80 0.9140 0.9148 2.597829 
476.7635 24.538 105.944 -0.20580 0.72035 0.696 0.64951 8.0000 18.41 0.9135 0.9144 2.600539 
476.2662 24.567 105.932 -0.20595 0.72145 0.699 0.64915 8.0000 19.01 0.9132 0.9141 2.603254 
475.7687 24.594 105.920 -0.20608 0.72251 0.700 0.64880 8.0000 19.40 0.9130 0.9138 2.605976 
475.2711 24.620 105.909 -0.20621 0.72343 0.708 0.64839 8.0000 20.65 0.9126 0.9134 2.608705 
474.7734 24.647 105.897 -0.20627 0.72427 0.706 0.64789 8.0000 21.39 0.9123 0.9131 2.611439 
474.2756 24.673 105.888 -0.20644 0.72530 0.701 0.64760 8.0000 22.28 0.9120 0.9128 2.614180 
473.7776 24.695 105.879 -0.20651 0.72598 0.703 0.64717 8.0000 23.81 0.9115 0.9123 2.616928 
473.2796 24.717 105.866 -0.20652 0.72660 0.689 0.64664 8.0000 24.66 0.9110 0.9118 2.619682 
472.7814 24.741 105.851 -0.20653 0.72739 0.683 0.64620 8.0000 24.98 0.9106 0.9114 2.622442 
472.2831 24.762 105.842 -0.20654 0.72787 0.674 0.64567 8.0000 26.23 0.9102 0.9109 2.625209 
471.7848 24.785 105.838 -0.20665 0.72842 0.669 0.64506 8.0000 27.73 0.9099 0.9107 2.627982 
471.2863 24.817 105.829 -0.20678 0.72933 0.660 0.64438 8.0000 28.37 0.9097 0.9105 2.630762 
470.7876 24.841 105.826 -0.20687 0.72981 0.650 0.64374 8.0000 29.01 0.9092 0.9100 2.633548 
470.2889 24.866 105.827 -0.20708 0.73048 0.644 0.64315 8.0000 29.51 0.9090 0.9098 2.636341 
469.7900 24.895 105.825 -0.20723 0.73111 0.638 0.64242 8.0000 29.72 0.9088 0.9095 2.639141 
469.2911 24.922 105.830 -0.20743 0.73155 0.634 0.64160 8.0000 30.01 0.9084 0.9091 2.641946 
468.7920 24.960 105.831 -0.20764 0.73227 0.631 0.64051 8.0000 30.27 0.9085 0.9092 2.644759 
468.2928 24.996 105.831 -0.20784 0.73298 0.632 0.63946 8.0000 30.78 0.9086 0.9093 2.647578 
467.7935 25.029 105.833 -0.20801 0.73348 0.633 0.63843 8.0000 31.40 0.9084 0.9091 2.650404 
467.2941 25.061 105.842 -0.20829 0.73401 0.636 0.63747 8.0000 31.86 0.9083 0.9090 2.653237 
466.7945 25.098 105.852 -0.20860 0.73461 0.643 0.63636 8.0000 33.23 0.9085 0.9092 2.656077 
466.2949 25.131 105.865 -0.20895 0.73524 0.642 0.63544 8.0000 35.13 0.9084 0.9091 2.658922 
465.7951 25.165 105.876 -0.20924 0.73572 0.648 0.63433 8.0000 36.90 0.9086 0.9093 2.661775 
465.2952 25.194 105.894 -0.20957 0.73597 0.647 0.63332 8.0000 38.68 0.9083 0.9090 2.664635 
464.7952 25.231 105.911 -0.20994 0.73647 0.645 0.63215 8.0000 41.51 0.9085 0.9092 2.667502 
464.2951 25.260 105.924 -0.21018 0.73669 0.641 0.63107 8.0000 44.68 0.9084 0.9091 2.670375 
463.7949 25.292 105.939 -0.21037 0.73661 0.632 0.62961 8.0000 47.22 0.9081 0.9088 2.673255 
463.2946 25.315 105.956 -0.21058 0.73650 0.625 0.62855 8.0000 49.16 0.9080 0.9086 2.676142 
462.7941 25.349 105.967 -0.21077 0.73664 0.616 0.62715 8.0000 51.41 0.9084 0.9091 2.679036 
462.2935 25.383 105.978 -0.21092 0.73665 0.608 0.62570 8.0000 54.12 0.9084 0.9091 2.681937 
461.7928 25.412 105.996 -0.21112 0.73649 0.600 0.62434 8.0000 55.79 0.9084 0.9091 2.684845 
461.2921 25.446 106.011 -0.21136 0.73657 0.593 0.62293 8.0000 57.25 0.9088 0.9095 2.687759 
460.7911 25.480 106.030 -0.21166 0.73666 0.589 0.62155 8.0000 57.25 0.9091 0.9098 2.690681 
460.2901 25.516 106.041 -0.21188 0.73694 0.583 0.62022 8.0000 57.32 0.9092 0.9099 2.693610 
459.7889 25.552 106.058 -0.21218 0.73711 0.583 0.61884 8.0000 56.91 0.9094 0.9101 2.696546 
459.2877 25.588 106.076 -0.21248 0.73733 0.584 0.61749 8.0000 57.49 0.9099 0.9106 2.699489 
458.7863 25.626 106.096 -0.21286 0.73764 0.586 0.61614 8.0000 57.78 0.9105 0.9112 2.702439 
458.2848 25.664 106.116 -0.21316 0.73773 0.587 0.61458 8.0000 58.79 0.9106 0.9113 2.705396 
457.7832 25.697 106.136 -0.21337 0.73750 0.591 0.61300 8.0000 59.68 0.9103 0.9110 2.708360 
457.2815 25.734 106.161 -0.21364 0.73724 0.590 0.61126 8.0000 60.86 0.9103 0.9110 2.711332 
456.7796 25.777 106.188 -0.21409 0.73747 0.591 0.60966 8.0000 60.97 0.9110 0.9117 2.714311 
456.2777 25.820 106.220 -0.21463 0.73780 0.588 0.60814 8.0000 62.61 0.9119 0.9127 2.717297 
455.7756 25.857 106.255 -0.21505 0.73758 0.582 0.60644 8.0000 62.39 0.9125 0.9132 2.720290 
455.2734 25.906 106.287 -0.21550 0.73756 0.574 0.60439 8.0000 62.00 0.9127 0.9134 2.723291 
454.7711 25.949 106.321 -0.21600 0.73764 0.569 0.60272 8.0000 61.57 0.9135 0.9143 2.726299 
454.2687 25.996 106.355 -0.21649 0.73774 0.559 0.60084 8.0000 59.57 0.9145 0.9153 2.729314 
453.7662 26.037 106.379 -0.21697 0.73821 0.552 0.59953 8.0000 57.12 0.9153 0.9161 2.732336 
453.2635 26.079 106.403 -0.21736 0.73835 0.546 0.59793 8.0000 54.65 0.9154 0.9163 2.735367 
452.7608 26.120 106.427 -0.21782 0.73879 0.539 0.59660 8.0000 51.46 0.9160 0.9169 2.738404 
452.2579 26.162 106.451 -0.21826 0.73915 0.536 0.59516 8.0000 47.57 0.9165 0.9173 2.741449 
451.7549 26.203 106.475 -0.21871 0.73956 0.538 0.59380 8.0000 45.38 0.9170 0.9178 2.744501 
451.2518 26.244 106.499 -0.21916 0.73995 0.538 0.59240 8.0000 41.86 0.9174 0.9183 2.747561 
450.7485 26.286 106.522 -0.21968 0.74057 0.539 0.59119 8.0000 39.09 0.9182 0.9191 2.750629 
450.2452 26.328 106.545 -0.22010 0.74089 0.543 0.58973 8.0000 36.33 0.9184 0.9193 2.753704 
449.7417 26.370 106.569 -0.22057 0.74136 0.543 0.58838 8.0000 33.35 0.9189 0.9198 2.756787 
449.2382 26.411 106.592 -0.22106 0.74193 0.546 0.58713 8.0000 32.12 0.9195 0.9204 2.759876 
448.7345 26.454 106.615 -0.22153 0.74240 0.546 0.58578 8.0000 30.52 0.9199 0.9208 2.762974 
448.2307 26.496 106.638 -0.22202 0.74298 0.544 0.58452 8.0000 28.52 0.9204 0.9213 2.766080 
447.7267 26.538 106.660 -0.22257 0.74374 0.540 0.58341 8.0000 27.37 0.9212 0.9221 2.769193 
447.2227 26.580 106.683 -0.22308 0.74440 0.535 0.58221 8.0000 25.74 0.9218 0.9228 2.772314 
446.7186 26.622 106.705 -0.22353 0.74481 0.529 0.58080 8.0000 23.12 0.9219 0.9229 2.775443 
446.2143 26.665 106.727 -0.22406 0.74556 0.524 0.57966 8.0000 21.33 0.9226 0.9236 2.778580 
445.7099 26.707 106.749 -0.22460 0.74630 0.518 0.57851 8.0000 19.70 0.9232 0.9243 2.781724 
445.2054 26.749 106.771 -0.22514 0.74705 0.515 0.57738 8.0000 17.66 0.9238 0.9249 2.784876 
444.7008 26.792 106.793 -0.22567 0.74779 0.517 0.57622 8.0000 16.29 0.9244 0.9255 2.788036 
444.1960 26.834 106.815 -0.22621 0.74856 0.515 0.57509 8.0000 14.52 0.9249 0.9261 2.791204 
443.6912 26.877 106.836 -0.22674 0.74931 0.517 0.57394 8.0000 13.13 0.9254 0.9266 2.794380 
443.1862 26.920 106.857 -0.22729 0.75011 0.523 0.57283 8.0000 11.79 0.9260 0.9272 2.797564 
442.6812 26.962 106.878 -0.22788 0.75106 0.525 0.57184 8.0000 10.93 0.9267 0.9279 2.800756 
442.1759 27.005 106.899 -0.22843 0.75188 0.529 0.57073 8.0000 10.04 0.9272 0.9285 2.803956 
441.6706 27.048 106.920 -0.22898 0.75269 0.532 0.56961 8.0000 9.47 0.9277 0.9290 2.807164 
441.1652 27.090 106.941 -0.22956 0.75363 0.534 0.56859 8.0000 8.84 0.9283 0.9296 2.810380 
440.6596 27.133 106.962 -0.23014 0.75455 0.531 0.56757 8.0000 8.39 0.9289 0.9303 2.813605 
440.1540 27.176 106.982 -0.23068 0.75535 0.533 0.56642 8.0000 7.84 0.9292 0.9306 2.816837 
439.6482 27.176 106.982 -0.23068 0.75535 0.533 0.56642 8.0000 7.43 0.9292 0.9306 2.820077 

# MINIMA:
439.6482 0.404 0.729 -309.48764 -212.30276 -4434.836 -58.94014 8.0000 7.43 0.5082 0.5497 1.240099 

# MAXIMA:
999.7925 80.908 358.709 46.80933 20.04046 343.384 804.10858 8.0000 79.84 2.72049028452476518E18 1.51933144558878065E19 2.820077 

# PEAKS:

# END SPECTRUM

