## SPECTRUM TYPE:
LCE

## DATE:
18/08/2026

## COMMENTS:

## NUMBER OF SPECTRUM:
1

## ELLIPSOMETRIC CONFIGURATION:
0.00 ø :Modulator
+45.00 øAnalyser

## UNIT:
nm


# SPECTRUM:
1

# CAPTION:


# START TIME:
14:02:23

# END TIME:
14:02:23

# THETA ANGLE:
0.00 ø

# INCIDENCE ANGLE:
69.95 ø

# ACCUMULATION NUMBER:
28

# ELLIPSOMETRIC CONFIGURATION:
0.00 ø :Modulator
+45.00 øAnalyser

# INTEGRATION TIME:
8 ms

# FIRST POINT:
999.79 nm

# LAST POINT:
439.65 nm

# INCREMENT:
0.00 nm

# NUMBER OF POINTS:
1273

# DATA:
nm Psi Delta Ic Is Reflectance IcPrim IntegrationTime IntensityMax Polarization PolarizationGen eV 
999.7925 1.092 209.470 -2.23619 -1.26363 0.000 67.35753 8.0000 7.72 2.7194795584609321E18 1.24560637658650378E19 1.240099 
999.4089 1.092 209.470 -2.23619 -1.26363 0.774 67.35753 8.0000 7.69 2.52931874755916595E18 1.15850691372478628E19 1.240575 
999.0253 1.092 209.470 -2.23619 -1.26363 0.534 67.35753 8.0000 7.81 2.41116110486975283E18 1.10438686233355878E19 1.241052 
998.6415 1.092 209.470 -2.23619 -1.26363 0.926 67.35753 8.0000 7.84 2.27638709270557491E18 1.04265632130835415E19 1.241529 
998.2578 1.092 209.470 -2.23619 -1.26363 0.219 67.35753 8.0000 7.94 2.1231510433604567E18 9.72469326402761523E18 1.242006 
997.8739 1.092 209.470 -2.23619 -1.26363 0.616 67.35753 8.0000 7.97 1.94960646449450189E18 8.92980518101765325E18 1.242484 
997.4900 1.092 209.470 -2.23619 -1.26363 -0.015 67.35753 8.0000 7.94 1.75390727608467456E18 8.03344207036861645E18 1.242962 
997.1060 1.092 209.470 -2.23619 -1.26363 0.002 67.35753 8.0000 8.04 1.53420726066898534E18 7.02714758815127962E18 1.243440 
996.7219 1.092 209.470 -2.23619 -1.26363 -3.772 67.35753 8.0000 8.08 1.28866020078544486E18 5.90246594019223142E18 1.243920 
996.3377 1.092 209.470 -2.23619 -1.26363 -0.660 67.35753 8.0000 8.23 1.01542001641101722E18 4.65094023280643277E18 1.244399 
995.9535 1.092 209.470 -2.23619 -1.26363 -0.187 67.35753 8.0000 8.17 716332718849261568.0000 3.28102680992310886E18 1.244879 
995.5692 1.092 209.470 -2.23619 -1.26363 1.081 67.35753 8.0000 8.32 393244456842690560.0000 1.80118229034939187E18 1.245360 
995.1848 1.092 209.470 -2.23619 -1.26363 -0.741 67.35753 8.0000 8.50 51694110410539008.0000 236775121757405184.0000 1.245841 
994.8003 1.092 209.470 -2.23619 -1.26363 0.018 67.35754 8.0000 8.53 295394931357253632.0000 1.35300087246382694E18 1.246322 
994.4158 1.092 209.470 -2.23619 -1.26363 0.011 67.35753 8.0000 8.41 629560429416284160.0000 2.88358304329603482E18 1.246804 
994.0311 22.949 234.704 -0.12741 -0.17997 0.011 0.21370 8.0000 8.62 0.5226 1.0823 1.247287 
993.6464 41.722 190.915 -0.31474 -0.06069 0.545 0.03684 8.0000 8.66 0.5211 0.9363 1.247770 
993.2617 50.796 170.381 -0.56577 0.09588 1.059 -0.11771 8.0000 8.63 0.5731 0.7945 1.248253 
992.8768 42.544 134.721 -0.30926 0.31228 -0.155 0.03778 8.0000 8.65 0.6153 0.7434 1.248737 
992.4919 21.755 82.040 0.02466 0.17635 0.143 0.18758 8.0000 8.73 0.7609 0.9036 1.249221 
992.1069 32.215 132.528 -0.18857 0.20558 -10.184 0.13348 8.0000 8.82 0.6162 0.7478 1.249706 
991.7218 22.884 119.590 -0.13415 0.23624 -0.575 0.26448 8.0000 8.91 0.6467 0.7505 1.250191 
991.3367 18.175 92.871 -0.01305 0.26035 0.264 0.35422 8.0000 9.07 0.6872 0.7554 1.250677 
990.9514 15.361 74.222 0.10648 0.37683 1.175 0.65891 8.0000 9.11 0.9690 1.0159 1.251163 
990.5661 9.185 84.676 0.02384 0.25588 10.871 0.77385 8.0000 9.04 0.9100 0.9526 1.251650 
990.1807 6.967 59.389 0.11439 0.19334 -21.804 0.90552 8.0000 9.18 0.8332 0.8930 1.252137 
989.7953 3.593 83.385 0.01294 0.11153 -0.419 0.89052 8.0000 9.26 0.7938 0.8715 1.252625 
989.4097 6.394 102.862 -0.04582 0.20069 -1.892 0.90696 8.0000 9.36 0.7738 0.8667 1.253113 
989.0241 8.955 117.118 -0.13226 0.25826 1.037 0.89782 8.0000 9.38 0.7943 0.8989 1.253601 
988.6384 12.707 125.401 -0.24608 0.34627 1.647 0.89410 8.0000 9.35 0.8257 0.9050 1.254090 
988.2526 12.277 104.568 -0.10422 0.40102 26.974 0.90696 8.0000 9.49 0.7891 0.8775 1.254580 
987.8668 13.096 98.836 -0.07036 0.45265 1.060 0.93131 8.0000 9.49 0.8041 0.8967 1.255070 
987.4809 11.744 102.032 -0.08208 0.38511 -4072.639 0.90606 8.0000 9.57 0.7299 0.7891 1.255560 
987.0949 11.223 104.646 -0.10550 0.40369 1.181 1.00997 8.0000 9.60 0.7113 0.7337 1.256051 
986.7088 6.108 103.137 -0.06023 0.25808 1.037 1.22416 8.0000 9.68 0.8319 0.8436 1.256543 
986.3226 4.745 137.199 -0.13431 0.12438 -2.283 1.09498 8.0000 9.66 0.9369 0.9460 1.257035 
985.9364 7.728 102.884 -0.05620 0.24571 -6.778 0.91159 8.0000 9.74 1.0152 1.0478 1.257527 
985.5501 9.862 91.646 -0.00840 0.29239 84.246 0.81592 8.0000 9.77 1.1310 1.2119 1.258020 
985.1638 13.350 89.300 0.00483 0.39543 -1.874 0.78628 8.0000 9.89 1.2972 1.4085 1.258513 
984.7773 16.408 87.947 0.01707 0.47608 0.967 0.73876 8.0000 9.97 1.3632 1.4716 1.259007 
984.3907 21.345 82.341 0.07769 0.57769 -0.559 0.63191 8.0000 10.05 1.1972 1.3016 1.259502 
984.0041 15.887 82.934 0.05466 0.44099 -0.456 0.71744 8.0000 10.10 1.0506 1.1320 1.259997 
983.6174 8.678 71.395 0.07249 0.21533 0.517 0.72696 8.0000 10.33 0.7812 0.8672 1.260492 
983.2307 7.691 74.027 0.07338 0.25636 0.628 0.96928 8.0000 10.43 0.7418 0.8370 1.260988 
982.8438 4.529 219.646 -0.15315 -0.12691 0.480 1.24765 8.0000 10.36 0.8718 0.9371 1.261484 
982.4569 9.093 28.694 0.28100 0.15381 0.497 0.97510 8.0000 10.41 0.9098 1.0631 1.261981 
982.0699 12.073 64.403 0.14702 0.30689 -2.380 0.75907 8.0000 10.63 0.8200 0.9458 1.262478 
981.6828 16.119 81.318 0.06100 0.39951 -0.011 0.64081 8.0000 10.70 0.8100 0.8987 1.262976 
981.2957 18.811 98.636 -0.07686 0.50611 -0.006 0.66419 8.0000 10.77 0.8117 0.9008 1.263474 
980.9084 24.729 107.067 -0.18291 0.59578 0.004 0.53308 8.0000 10.81 0.8476 1.0671 1.263973 
980.5211 41.033 111.387 -0.33353 0.85164 0.008 0.12746 8.0000 10.86 0.6367 0.7057 1.264472 
980.1337 39.082 125.428 -0.46981 0.66041 -0.001 0.16984 8.0000 11.07 0.6029 0.7925 1.264972 
979.7463 37.401 146.159 -0.85513 0.57335 -0.001 0.27969 8.0000 10.90 0.6788 1.0238 1.265472 
979.3587 55.917 136.578 -3.56234 3.37137 7.322 -1.96522 8.0000 11.07 0.7542 0.9524 1.265973 
978.9711 63.537 175.126 -2.86638 0.24442 5.859 -2.17357 8.0000 11.16 0.8125 1.3727 1.266474 
978.5834 63.536 213.628 -0.72638 -0.48312 1.169 -0.65912 8.0000 11.04 0.8389 1.6170 1.266976 
978.1956 40.287 232.190 -0.27512 -0.35455 7.398 0.07451 8.0000 11.13 0.8274 1.6982 1.267478 
977.8077 15.399 215.894 -0.20002 -0.14476 -2.694 0.41423 8.0000 11.24 0.8356 1.6141 1.267981 
977.4199 9.155 191.065 -0.20886 -0.04084 2.785 0.64311 8.0000 11.37 0.9548 1.4404 1.268484 
977.0319 10.689 175.482 -0.26602 0.02102 2.417 0.68171 8.0000 11.39 1.0586 1.2051 1.268988 
976.6437 13.820 180.456 -0.36752 -0.00292 1.143 0.70184 8.0000 11.43 1.0060 1.3588 1.269493 
976.2556 13.035 177.862 -0.41667 0.01556 -8.495 0.85228 8.0000 11.44 1.1769 1.3177 1.269997 
975.8674 11.717 130.803 -0.26142 0.30283 1.100 0.92294 8.0000 11.66 1.1692 1.2452 1.270502 
975.4790 20.085 125.052 -0.38310 0.54607 0.836 0.79016 8.0000 11.89 1.2236 1.3190 1.271008 
975.0906 14.191 103.296 -0.09738 0.41205 -1.530 0.78365 8.0000 11.72 1.1759 1.2221 1.271515 
974.7021 14.104 116.182 -0.17419 0.35428 -15.956 0.73602 8.0000 11.91 1.1349 1.2016 1.272021 
974.3136 12.771 118.835 -0.17386 0.31580 0.979 0.75438 8.0000 11.84 1.0097 1.0618 1.272529 
973.9250 12.644 116.856 -0.15030 0.29683 0.025 0.70426 8.0000 11.97 0.8394 0.8802 1.273036 
973.5363 12.309 113.404 -0.11617 0.26842 0.049 0.63830 8.0000 12.08 0.7251 0.7573 1.273545 
973.1475 12.717 121.157 -0.12091 0.19998 -4.812 0.49138 8.0000 12.03 0.5507 0.5704 1.274053 
972.7586 2.002 232.879 -0.02757 -0.03642 -2.508 0.65261 8.0000 12.23 0.5787 0.6040 1.274563 
972.3697 8.154 171.397 -0.09055 0.01370 -0.952 0.31300 8.0000 12.35 0.5245 0.5490 1.275073 
971.9807 38.232 132.530 -0.13210 0.14400 -0.457 0.04704 8.0000 12.36 0.5690 0.5915 1.275583 
971.5916 54.222 125.257 -0.14810 0.20951 -0.605 -0.08557 8.0000 12.37 0.8125 0.8348 1.276094 
971.2024 60.333 115.198 -0.11754 0.24982 0.366 -0.16371 8.0000 12.73 1.2765 1.2995 1.276605 
970.8131 69.321 112.004 -0.09333 0.23095 0.043 -0.28296 8.0000 12.57 1.5348 1.5575 1.277117 
970.4238 70.902 107.826 -0.07092 0.22053 0.007 -0.29442 8.0000 12.61 1.5989 1.6202 1.277629 
970.0344 68.054 60.319 0.17797 0.31225 0.005 -0.37357 8.0000 12.91 1.5431 1.5911 1.278142 
969.6449 52.047 107.542 -0.09370 0.29641 0.005 -0.07805 8.0000 12.92 1.5914 1.6135 1.278656 
969.2553 35.393 139.808 -0.34314 0.28989 0.001 0.15654 8.0000 12.93 1.5282 1.5742 1.279170 
968.8657 27.013 155.518 -0.62736 0.28567 -1.916 0.50036 8.0000 13.02 1.4047 1.5148 1.279684 
968.4760 26.424 163.536 -0.82290 0.24320 1.057 0.65017 8.0000 13.21 1.4874 1.6380 1.280199 
968.0861 24.594 165.841 -0.96048 0.24231 0.283 0.85542 8.0000 13.57 1.5449 1.7042 1.280714 
967.6962 21.372 164.952 -0.95415 0.25652 -0.965 1.06909 8.0000 13.59 1.5626 1.7959 1.281230 
967.3063 22.716 160.016 -0.76204 0.27712 1.087 0.79871 8.0000 13.53 1.5317 1.6127 1.281747 
966.9163 21.204 154.456 -0.54719 0.26152 1.130 0.66400 8.0000 13.67 1.2423 1.3237 1.282264 
966.5261 16.071 133.712 -0.26132 0.27334 -4.961 0.60185 8.0000 13.56 1.2351 1.4119 1.282782 
966.1359 22.941 34.869 0.64265 0.44781 1.046 0.75952 8.0000 13.39 0.7512 0.9948 1.283300 
965.7457 17.592 21.270 1.56829 0.61052 -0.688 2.38703 8.0000 13.48 0.8319 1.1396 1.283818 
965.3553 49.891 174.346 -2.21968 0.21975 1.183 -0.38454 8.0000 13.83 1.0535 1.4515 1.284337 
964.9649 34.235 160.700 -1.13802 0.39852 10.128 0.47568 8.0000 13.81 1.4692 1.9426 1.284857 
964.5743 26.153 153.961 -0.91714 0.44810 1.565 0.78878 8.0000 13.73 1.7945 2.3293 1.285377 
964.1838 22.136 153.649 -0.88161 0.43669 -0.213 1.00915 8.0000 13.87 1.8026 2.4089 1.285898 
963.7931 17.501 160.509 -1.17583 0.41617 1.203 1.78122 8.0000 14.01 1.4638 2.0841 1.286419 
963.4023 79.573 11.558 2.09546 0.42855 0.132 -5.61456 8.0000 14.14 0.9025 1.5072 1.286941 
963.0115 64.908 72.444 0.18710 0.59139 1.088 -0.51710 8.0000 14.23 0.6634 1.1665 1.287463 
962.6207 21.100 125.963 -0.20278 0.27948 1.205 0.38082 8.0000 14.27 0.9066 1.0473 1.287986 
962.2297 16.268 148.308 -0.33658 0.20781 1.171 0.62003 8.0000 14.45 0.8024 0.8850 1.288509 
961.8386 10.444 139.514 -0.26023 0.22215 1.156 0.89654 8.0000 14.57 0.9811 1.2019 1.289033 
961.4474 10.604 180.353 -0.32715 -0.00202 1.062 0.84312 8.0000 14.76 0.8878 1.1228 1.289558 
961.0562 11.249 196.073 -0.34354 -0.09898 1.324 0.86323 8.0000 14.59 0.9304 1.2373 1.290083 
960.6649 13.080 209.806 -0.37524 -0.21496 0.021 0.88042 8.0000 14.98 0.8137 1.0590 1.290608 
960.2736 16.456 233.941 -0.33557 -0.46087 0.023 0.88082 8.0000 14.95 0.6771 0.8217 1.291134 
959.8821 10.440 199.724 -0.28113 -0.10079 0.824 0.78295 8.0000 14.93 0.6275 0.6855 1.291661 
959.4905 13.276 132.859 -0.23284 0.25092 1.335 0.68502 8.0000 14.94 0.6333 0.7009 1.292188 
959.0989 25.551 91.115 -0.01078 0.55413 1.093 0.44719 8.0000 15.18 0.5689 0.7649 1.292715 
958.7073 12.166 110.821 -0.07409 0.19481 2.199 0.46093 8.0000 15.28 0.5412 0.7098 1.293243 
958.3155 19.201 121.720 -0.20505 0.33175 -20.778 0.49203 8.0000 15.06 0.5650 0.6028 1.293772 
957.9236 17.781 121.110 -0.19656 0.32570 1.157 0.53211 8.0000 15.01 0.6379 0.6477 1.294301 
957.5317 13.985 123.730 -0.16146 0.24182 -112.543 0.54755 8.0000 15.15 0.7070 0.7248 1.294831 
957.1396 9.389 122.106 -0.11261 0.17947 0.930 0.62315 8.0000 14.89 0.8397 0.8798 1.295362 
956.7476 6.984 122.677 -0.09797 0.15274 -2.771 0.72946 8.0000 15.39 0.8719 0.9038 1.295892 
956.3554 2.478 128.084 -0.04426 0.05648 1.372 0.82729 8.0000 15.91 0.8529 0.8902 1.296424 
955.9632 7.230 152.055 -0.19791 0.10499 -0.010 0.86879 8.0000 15.96 0.9293 0.9707 1.296956 
955.5709 4.720 91.558 -0.00449 0.16514 -0.007 0.99360 8.0000 15.75 1.0295 1.0775 1.297488 
955.1784 6.056 53.737 0.11276 0.15371 -0.007 0.88840 8.0000 15.83 0.8087 0.8806 1.298021 
954.7859 10.954 38.591 0.22530 0.17980 1.020 0.71674 8.0000 16.08 0.6774 0.8612 1.298555 
954.3934 18.724 41.169 0.29759 0.26024 11.466 0.51616 8.0000 15.87 0.6496 0.9258 1.299089 
954.0007 27.420 45.430 0.28374 0.28803 1.205 0.28479 8.0000 15.91 0.6535 0.9718 1.299624 
953.6080 23.267 83.100 0.04318 0.35685 1.461 0.34070 8.0000 16.32 0.7583 1.0646 1.300159 
953.2152 37.581 88.502 0.01038 0.39669 -1.016 0.10513 8.0000 16.32 0.6109 0.8693 1.300695 
952.8223 31.675 77.244 0.06911 0.30528 1.103 0.15708 8.0000 16.26 0.5312 0.7306 1.301231 
952.4293 21.261 71.269 0.08212 0.24218 1.271 0.27886 8.0000 16.43 0.5502 0.6962 1.301768 
952.0363 13.144 98.275 -0.03332 0.22912 1.465 0.46869 8.0000 16.37 0.6690 0.7738 1.302305 
951.6432 13.001 52.328 0.23682 0.30672 1.189 0.79440 8.0000 16.70 0.8342 0.9406 1.302843 
951.2499 13.699 55.476 0.21641 0.31460 3.827 0.73671 8.0000 16.27 0.6978 0.7668 1.303382 
950.8567 45.207 312.642 1.15026 -1.24906 4.013 -0.01228 8.0000 16.37 0.7986 1.8405 1.303921 
950.4633 10.660 75.757 0.09196 0.36229 1.122 0.95770 8.0000 16.57 0.7178 0.8967 1.304461 
950.0699 16.483 102.388 -0.14693 0.66898 -0.229 1.05608 8.0000 16.70 1.3726 2.6185 1.305001 
949.6763 18.573 105.330 -0.17773 0.64832 -0.114 0.88741 8.0000 16.88 1.8848 3.9342 1.305542 
949.2827 20.177 106.351 -0.21636 0.73746 -0.083 0.90451 8.0000 17.02 1.7733 4.4143 1.306083 
948.8890 18.305 110.238 -0.27221 0.73834 -0.153 1.05924 8.0000 17.38 1.9333 4.6837 1.306625 
948.4953 20.202 107.617 -0.19715 0.62086 0.007 0.76528 8.0000 17.31 1.6679 4.4511 1.307167 
948.1014 51.799 7.676 1.36542 0.18403 0.324 -0.33326 8.0000 17.41 2.2712 4.1661 1.307710 
947.7075 29.504 98.773 -0.14537 0.94202 0.629 0.57256 8.0000 17.46 0.9915 2.5901 1.308254 
947.3135 22.571 141.753 -0.95611 0.75365 1.615 1.21141 8.0000 16.97 2.0449 2.1596 1.308798 
946.9194 22.531 150.295 -1.31739 0.75158 0.387 1.51345 8.0000 17.19 2.7889 3.2332 1.309343 
946.5253 21.871 154.378 -0.99200 0.47575 0.124 1.14956 8.0000 17.34 3.6245 4.0674 1.309888 
946.1310 20.886 155.696 -0.99884 0.45109 1.250 1.22700 8.0000 17.85 3.9021 7.1181 1.310434 
945.7367 21.511 156.609 -0.97092 0.41998 1.045 1.13356 8.0000 17.51 3.9518 4.8944 1.310980 
945.3423 22.140 157.534 -1.13220 0.46818 -0.357 1.25635 8.0000 17.86 3.6025 8.4143 1.311527 
944.9478 23.766 158.470 -1.57160 0.62001 0.196 1.54638 8.0000 18.12 3.3545 11.8410 1.312074 
944.5532 26.384 160.917 -2.46977 0.85439 1.048 1.98600 8.0000 17.81 3.2090 13.8397 1.312623 
944.1586 29.351 162.148 -6.94702 2.23744 -2.645 4.43731 8.0000 17.78 3.2266 14.3936 1.313171 
943.7639 57.229 344.647 12.51313 -3.43565 -0.709 -5.90223 8.0000 17.99 3.3687 13.5645 1.313720 
943.3691 28.817 162.585 -7.66923 2.40558 2.123 5.09427 8.0000 18.01 3.5439 11.5258 1.314270 
942.9742 28.497 162.220 -5.72740 1.83663 2.164 3.90701 8.0000 18.12 3.5955 7.8022 1.314821 
942.5792 27.894 162.421 -3.93400 1.24635 1.229 2.80569 8.0000 18.32 3.4937 3.7547 1.315372 
942.1841 26.051 162.487 -3.52208 1.11141 -1.605 2.87494 8.0000 18.37 3.1440 6.6289 1.315923 
941.7890 24.732 160.299 -1.70371 0.61006 -1.614 1.54752 8.0000 18.63 1.8957 1.9215 1.316475 
941.3938 39.836 354.618 1.26812 -0.11947 -31.542 0.23213 8.0000 18.57 1.0144 1.1379 1.317028 
940.9985 9.150 26.990 0.40472 0.20612 0.537 1.37328 8.0000 18.77 0.6789 0.7667 1.317581 
940.6031 9.296 32.747 0.20881 0.13430 -9.288 0.73810 8.0000 18.74 0.6278 0.7859 1.318135 
940.2077 7.901 115.585 -0.09946 0.20773 3.351 0.81383 8.0000 18.88 0.6376 0.8435 1.318689 
939.8122 18.101 149.173 -0.49641 0.29624 3.924 0.78982 8.0000 19.05 0.7010 0.9073 1.319244 
939.4166 20.952 157.950 -0.70675 0.28626 1.842 0.84971 8.0000 18.95 0.9039 1.0574 1.319800 
939.0209 19.172 149.521 -0.56452 0.33224 -5.490 0.82812 8.0000 18.67 0.8849 1.0898 1.320356 
938.6251 19.491 146.490 -0.52137 0.34522 1.176 0.77269 8.0000 19.00 0.8986 1.0643 1.320913 
938.2292 19.719 153.743 -0.50447 0.24886 1.185 0.68388 8.0000 19.26 0.8184 0.9169 1.321470 
937.8333 18.261 131.968 -0.37429 0.41615 1.148 0.75580 8.0000 19.19 0.9412 1.0384 1.322028 
937.4373 20.494 110.382 -0.24229 0.65214 -3.109 0.80065 8.0000 19.72 0.7302 0.9228 1.322586 
937.0412 18.204 39.746 0.31825 0.26464 11.313 0.56124 8.0000 19.55 0.6433 0.7225 1.323146 
936.6450 12.613 42.777 0.18362 0.16989 1.179 0.53100 8.0000 19.30 0.7895 0.9346 1.323705 
936.2487 10.811 44.092 0.15488 0.15004 1.214 0.54404 8.0000 19.53 1.0012 1.2620 1.324266 
935.8524 13.251 38.053 0.16644 0.13028 0.864 0.42388 8.0000 19.89 1.0233 1.4572 1.324826 
935.4560 19.829 27.868 0.18538 0.09802 1.132 0.25296 8.0000 19.93 0.9249 1.4470 1.325388 
935.0594 27.710 344.038 0.23089 -0.06604 -0.761 0.16554 8.0000 20.14 0.8457 1.4027 1.325950 
934.6629 4.444 289.840 0.02457 -0.06810 -0.059 0.46292 8.0000 20.10 0.8709 1.1677 1.326512 
934.2662 23.595 280.615 0.04035 -0.21529 1.307 0.20291 8.0000 20.01 0.6978 0.9663 1.327076 
933.8694 68.268 4.972 0.47361 0.04120 1.513 -0.50161 8.0000 20.42 0.7845 1.4184 1.327640 
933.4727 13.556 168.825 -1.14894 0.22697 -5.873 2.28738 8.0000 20.49 1.4913 2.5091 1.328204 
933.0757 16.237 162.894 -1.56612 0.48198 -0.987 2.57458 8.0000 20.44 1.7591 2.9647 1.328769 
932.6787 17.491 172.391 -1.96849 0.26295 1.134 2.83817 8.0000 20.82 1.7286 2.9683 1.329334 
932.2817 18.679 211.091 -8.05415 -4.85677 30.875 12.32018 8.0000 20.75 1.3649 2.5357 1.329901 
931.8845 15.947 220.207 -5.24352 -4.43221 0.217 11.03274 8.0000 20.78 1.2871 2.4784 1.330467 
931.4873 72.006 60.596 2.69592 4.78378 -122.599 -7.56125 8.0000 20.70 0.9823 1.9395 1.331035 
931.0900 55.668 83.244 0.09544 0.80564 0.343 -0.31690 8.0000 21.05 0.6219 1.2083 1.331603 
930.6926 23.683 132.497 -0.46789 0.51066 1.115 0.63765 8.0000 20.99 0.6754 0.8236 1.332171 
930.2951 14.313 136.321 -0.16968 0.16203 -7.155 0.42985 8.0000 21.12 0.6682 0.7985 1.332740 
929.8975 19.061 118.162 -0.14368 0.26838 0.059 0.38793 8.0000 21.16 0.6691 0.8525 1.333310 
929.4999 6.355 94.793 -0.01010 0.12049 9.318 0.53612 8.0000 21.72 0.7594 0.8777 1.333881 
929.1022 6.053 325.907 0.14983 -0.10142 9.027 0.84357 8.0000 22.04 0.8576 0.9324 1.334452 
928.7043 5.753 336.219 0.15190 -0.06694 1.422 0.81552 8.0000 21.78 1.1829 1.2509 1.335023 
928.3065 3.398 6.767 0.10159 0.01205 3.882 0.85855 8.0000 21.83 1.3862 1.4532 1.335595 
927.9085 4.182 359.948 0.13551 -0.00012 1.125 0.92160 8.0000 21.82 1.4103 1.5071 1.336168 
927.5104 4.542 3.550 0.14734 0.00914 0.276 0.92327 8.0000 22.23 1.2972 1.4389 1.336742 
927.1123 5.516 14.384 0.16388 0.04203 0.127 0.86787 8.0000 22.15 1.0205 1.2471 1.337316 
926.7141 6.054 4.030 0.15170 0.01069 0.034 0.70884 8.0000 22.00 0.7488 1.1037 1.337890 
926.3158 7.334 283.657 0.03473 -0.14294 0.556 0.56198 8.0000 22.19 0.7779 0.9684 1.338466 
925.9174 9.217 178.402 -0.13307 0.00371 0.520 0.39940 8.0000 22.32 0.7158 0.8524 1.339042 
925.5190 9.290 232.234 -0.09320 -0.12030 -0.158 0.45272 8.0000 22.37 0.6007 0.7608 1.339618 
925.1204 24.439 267.428 -0.02560 -0.56991 -0.059 0.49807 8.0000 22.47 0.5729 0.7535 1.340195 
924.7218 25.334 263.159 -0.03511 -0.29270 -0.042 0.24156 8.0000 22.19 0.5517 0.6966 1.340773 
924.3231 12.875 266.686 -0.01033 -0.17836 -0.022 0.37040 8.0000 22.55 0.5471 0.6465 1.341351 
923.9243 6.521 120.990 -0.05668 0.09436 1.246 0.47523 8.0000 22.73 0.5480 0.5857 1.341930 
923.5255 14.957 107.207 -0.09245 0.29852 1.236 0.54315 8.0000 23.14 0.6225 0.6368 1.342510 
923.1265 23.746 128.905 -0.43427 0.53811 0.056 0.63383 8.0000 22.56 0.8758 0.9601 1.343090 
922.7275 14.714 104.823 -0.09951 0.37602 0.036 0.68954 8.0000 23.26 0.9316 1.0037 1.343671 
922.3283 9.049 63.374 0.11348 0.22636 1.185 0.77479 8.0000 23.11 0.9621 1.0693 1.344252 
921.9291 11.266 57.862 0.18135 0.28867 0.000 0.82174 8.0000 23.44 1.2782 1.4894 1.344834 
921.5298 10.944 40.950 0.25385 0.22028 0.000 0.83657 8.0000 23.35 1.3588 1.6154 1.345417 
921.1305 11.381 45.139 0.25374 0.25498 0.000 0.85734 8.0000 23.02 1.4633 1.7521 1.346000 
920.7311 11.269 33.393 0.28160 0.18564 0.000 0.81276 8.0000 23.38 1.2745 1.4688 1.346584 
920.3315 12.356 46.462 0.26108 0.27476 0.000 0.82364 8.0000 23.99 1.1089 1.2568 1.347169 
919.9319 14.415 72.906 0.12270 0.39899 0.000 0.75836 8.0000 23.63 1.0502 1.1395 1.347754 
919.5322 17.681 98.196 -0.07207 0.50038 1.503 0.71235 8.0000 23.33 1.0308 1.0881 1.348340 
919.1324 22.837 120.795 -0.36941 0.61982 1.135 0.70477 8.0000 23.99 1.0414 1.1778 1.348926 
918.7326 18.720 99.711 -0.09159 0.53523 4.559 0.70922 8.0000 23.72 0.8418 0.9026 1.349513 
918.3326 26.294 104.066 -0.08796 0.35104 -5.472 0.27681 8.0000 24.28 1.3451 1.5862 1.350101 
917.9326 13.104 86.252 0.02640 0.40293 1.332 0.82030 8.0000 24.03 0.5902 0.6748 1.350689 
917.5325 68.838 126.644 -0.33245 0.44693 2.135 -0.61163 8.0000 23.89 1.2101 1.5100 1.351278 
917.1323 7.388 318.484 1.85498 -1.64205 1.765 9.39293 8.0000 24.14 3.7461 4.5755 1.351868 
916.7321 56.139 121.339 -0.13425 0.22047 4.554 -0.10575 8.0000 24.36 2.2813 2.9875 1.352458 
916.3317 4.281 339.248 0.16484 -0.06246 91.271 1.17092 8.0000 24.47 5.6131 7.0353 1.353049 
915.9313 5.427 329.853 0.26659 -0.15483 1.650 1.60783 8.0000 24.37 8.4121 10.4015 1.353641 
915.5308 5.889 327.808 0.33503 -0.21092 2.411 1.89881 8.0000 24.64 10.0746 12.3714 1.354233 
915.1302 5.948 328.075 0.39567 -0.24652 1.214 2.21291 8.0000 24.92 10.5273 12.8516 1.354826 
914.7295 6.302 326.355 0.51506 -0.34279 0.000 2.76678 8.0000 24.70 9.7594 11.8595 1.355419 
914.3287 7.269 321.788 0.98536 -0.77574 -0.001 4.83611 8.0000 24.60 7.8607 9.5221 1.356013 
913.9279 6.575 325.303 0.66191 -0.45829 -0.011 3.44582 8.0000 24.75 5.4033 6.4991 1.356608 
913.5270 80.630 144.387 -4.75165 3.40349 -0.017 -17.22774 8.0000 24.81 1.4169 1.6900 1.357203 
913.1259 4.438 337.599 0.26843 -0.11065 1.132 1.85918 8.0000 25.05 4.0079 4.9009 1.357799 
912.7249 5.740 44.272 0.18238 0.17780 0.000 1.25408 8.0000 24.66 1.1175 1.3204 1.358396 
912.3237 7.474 63.838 0.10584 0.21547 1.233 0.89918 8.0000 25.08 0.7902 0.9948 1.358993 
911.9224 7.908 59.955 0.11969 0.20694 -0.225 0.84394 8.0000 25.41 0.7163 0.9081 1.359591 
911.5211 37.684 87.236 0.03494 0.72366 -0.217 0.18914 8.0000 25.52 0.7288 1.1506 1.360190 
911.1196 5.266 299.845 0.09358 -0.16311 0.154 1.01156 8.0000 25.77 0.6801 0.7733 1.360789 
910.7181 13.046 275.995 0.07600 -0.72371 0.049 1.48598 8.0000 25.65 1.0038 1.3111 1.361389 
910.3165 16.832 262.342 -0.12886 -0.95830 0.082 1.45184 8.0000 25.65 1.1701 1.8271 1.361990 
909.9149 33.156 222.999 -2.85252 -2.65995 -0.053 1.71120 8.0000 25.50 2.0066 2.6998 1.362591 
909.5131 25.275 302.597 0.83361 -1.30362 0.126 1.27328 8.0000 25.24 1.5346 2.5781 1.363193 
909.1113 38.441 357.561 3.72637 -0.15874 0.021 0.86918 8.0000 25.53 2.8311 3.6169 1.363795 
908.7093 42.187 10.364 5.09955 0.93265 0.003 0.51071 8.0000 25.82 3.9046 4.5267 1.364399 
908.3073 43.933 16.537 5.71519 1.69692 0.003 0.22209 8.0000 25.41 4.5275 5.0154 1.365003 
907.9052 46.197 22.896 6.22751 2.63014 0.003 -0.28265 8.0000 25.63 4.6744 4.9885 1.365607 
907.5031 53.907 29.963 6.80126 3.92086 -1.355 -2.52270 8.0000 25.85 4.6240 4.8850 1.366212 
907.1008 40.549 29.059 4.10089 2.27873 -0.003 0.73485 8.0000 25.76 3.6464 3.7914 1.366818 
906.6984 27.354 33.837 2.39472 1.60539 -0.003 2.04065 8.0000 25.68 2.7910 3.2832 1.367425 
906.2960 7.573 67.023 0.30898 0.72872 -0.048 2.92397 8.0000 25.67 2.3712 2.4474 1.368032 
905.8935 16.207 194.936 -2.47371 -0.65986 -0.448 4.03200 8.0000 26.06 3.2290 3.4746 1.368640 
905.4909 2.384 111.558 -0.13443 0.34026 0.010 4.38582 8.0000 25.82 2.6215 2.9494 1.369248 
905.0883 0.560 95.243 -0.00638 0.06954 7.540 3.56986 8.0000 25.93 2.4984 2.9375 1.369857 
904.6855 65.977 126.899 -0.96132 1.28038 0.770 -1.43930 8.0000 26.58 2.9161 3.9797 1.370467 
904.2826 8.266 122.128 -0.18689 0.29761 -0.005 1.18399 8.0000 26.30 2.1092 2.6787 1.371078 
903.8797 28.937 124.623 -0.40640 0.58861 -0.003 0.44915 8.0000 26.76 4.3168 5.2064 1.371689 
903.4767 39.744 124.945 -0.44356 0.63476 1.284 0.14370 8.0000 26.75 5.9606 7.4534 1.372301 
903.0736 34.581 125.122 -0.45085 0.64097 0.170 0.29828 8.0000 26.68 7.2976 9.0227 1.372913 
902.6704 35.602 125.441 -0.46105 0.64778 0.014 0.27061 8.0000 26.97 7.5562 9.4736 1.373527 
902.2672 36.816 125.739 -0.46668 0.64852 0.008 0.23466 8.0000 26.79 6.9126 8.8627 1.374140 
901.8638 38.771 126.077 -0.47193 0.64773 10.625 0.17706 8.0000 27.00 5.4320 7.2329 1.374755 
901.4604 40.719 126.038 -0.47478 0.65256 -0.032 0.12150 8.0000 26.69 3.4307 5.0363 1.375370 
901.0569 42.617 132.203 -0.27123 0.29909 -0.022 0.03367 8.0000 27.07 0.9090 2.5528 1.375986 
900.6533 36.550 110.898 -0.63726 1.66898 -1.067 0.54279 8.0000 26.97 2.7678 3.8450 1.376603 
900.2496 14.943 83.937 0.03986 0.37524 -0.241 0.65660 8.0000 27.12 0.6908 1.7967 1.377220 
899.8458 21.047 54.975 1.12097 1.59941 0.173 2.16195 8.0000 26.65 1.0545 2.0449 1.377838 
899.4420 63.373 214.640 -17.96306 -12.41029 0.217 -16.30137 8.0000 27.24 1.2941 2.9090 1.378457 
899.0380 61.961 210.934 -4.31151 -2.58382 -0.344 -3.38038 8.0000 27.29 1.5548 3.5063 1.379076 
898.6340 61.996 208.036 -3.28499 -1.74934 0.117 -2.50958 8.0000 27.28 1.6670 3.7276 1.379696 
898.2299 62.989 184.541 -3.29868 -0.26200 -0.786 -2.40230 8.0000 27.22 1.5731 3.5972 1.380317 
897.8257 66.546 217.172 -11.86364 -8.99575 -0.598 -13.92869 8.0000 27.71 1.3501 2.9416 1.380938 
897.4214 22.707 81.468 0.28226 1.88140 0.203 1.87515 8.0000 28.07 1.3809 2.1936 1.381560 
897.0171 26.423 111.280 -0.42087 1.08062 0.020 0.87878 8.0000 27.76 1.6406 1.9536 1.382183 
896.6127 32.023 133.166 -0.66342 0.70732 0.016 0.47200 8.0000 27.62 2.0872 2.8623 1.382807 
896.2081 30.908 115.378 -0.55048 1.16044 0.009 0.68822 8.0000 27.67 1.9055 2.1963 1.383431 
895.8035 30.718 113.686 -0.48832 1.11317 0.015 0.66177 8.0000 27.53 1.9027 2.2951 1.384056 
895.3989 30.202 112.518 -0.43349 1.04562 0.006 0.64291 8.0000 27.75 1.5709 2.1134 1.384681 
894.9941 27.502 110.129 -0.30650 0.83624 20.741 0.62356 8.0000 28.14 1.3059 2.0020 1.385307 
894.5892 18.625 104.411 -0.12302 0.47875 1.168 0.65004 8.0000 28.48 0.9344 1.7954 1.385934 
894.1843 7.151 312.463 0.13423 -0.14667 0.000 0.77988 8.0000 27.89 0.8720 1.6432 1.386562 
893.7792 9.530 104.379 -0.06636 0.25885 0.005 0.77341 8.0000 28.17 0.8482 1.7111 1.387190 
893.3741 6.208 83.353 0.02108 0.18089 1.296 0.82721 8.0000 27.90 0.8211 1.5442 1.387819 
892.9689 5.802 1.562 0.17995 0.00491 -6.531 0.87671 8.0000 28.35 0.7161 1.1635 1.388449 
892.5637 10.620 322.019 0.24455 -0.19093 -0.753 0.79825 8.0000 28.39 0.6364 0.7946 1.389079 
892.1583 12.428 310.606 0.25553 -0.29807 0.283 0.84747 8.0000 28.91 0.5997 0.7873 1.389711 
891.7528 7.197 333.781 0.17870 -0.08800 0.527 0.77615 8.0000 28.47 0.6154 0.8148 1.390343 
891.3473 6.078 346.910 0.13074 -0.03040 -0.404 0.62310 8.0000 29.11 0.5914 0.8385 1.390975 
890.9417 5.312 45.603 0.06262 0.06395 1.133 0.47719 8.0000 28.67 0.5993 0.8330 1.391608 
890.5359 5.556 88.139 0.00359 0.11060 0.000 0.56342 8.0000 28.70 0.5913 0.7889 1.392242 
890.1302 7.152 119.424 -0.05854 0.10379 0.048 0.46737 8.0000 29.23 0.5550 0.6934 1.392877 
889.7243 11.104 160.279 -0.13271 0.04757 0.000 0.34531 8.0000 28.68 0.5301 0.6952 1.393512 
889.3184 5.554 7.674 0.06243 0.00841 0.000 0.32082 8.0000 28.83 0.5237 0.5592 1.394148 
888.9123 12.079 14.683 0.16036 0.04202 1.170 0.36959 8.0000 28.93 0.5329 0.5679 1.394785 
888.5062 12.480 7.473 0.13457 0.01765 -2.023 0.29157 8.0000 29.56 0.5331 0.6776 1.395423 
888.1000 11.801 95.551 -0.02606 0.26816 -89.086 0.61663 8.0000 28.93 0.6894 0.7723 1.396061 
887.6937 13.640 95.682 -0.03409 0.34258 1.249 0.66758 8.0000 29.50 0.8144 0.9218 1.396700 
887.2873 13.984 97.948 -0.05155 0.36923 -776.615 0.70210 8.0000 29.73 0.8675 0.9844 1.397340 
886.8808 15.056 100.466 -0.07600 0.41139 1.273 0.72137 8.0000 29.26 0.9450 1.0309 1.397980 
886.4743 11.051 105.045 -0.08973 0.33382 1.616 0.85117 8.0000 29.44 0.8151 0.9044 1.398621 
886.0676 13.393 111.861 -0.13485 0.33610 1.210 0.71734 8.0000 29.48 0.7579 0.8162 1.399263 
885.6609 14.407 119.266 -0.18170 0.32423 1.154 0.67566 8.0000 29.48 0.7146 0.7479 1.399906 
885.2541 13.539 109.769 -0.11648 0.32410 0.064 0.67365 8.0000 29.87 0.6734 0.7243 1.400549 
884.8472 13.632 107.612 -0.09091 0.28637 0.010 0.58299 8.0000 29.84 0.6053 0.6553 1.401193 
884.4402 14.219 103.108 -0.05511 0.23667 140.988 0.44872 8.0000 30.15 0.5554 0.6030 1.401838 
884.0332 17.749 105.508 -0.10618 0.38265 1.166 0.55674 8.0000 30.29 0.6379 0.6713 1.402483 
883.6260 17.454 102.932 -0.08853 0.38558 0.000 0.56691 8.0000 30.12 0.6354 0.6591 1.403130 
883.2188 23.197 102.037 -0.08800 0.41266 0.000 0.40190 8.0000 30.44 0.6075 0.6222 1.403777 
882.8115 20.155 83.830 0.03531 0.32665 0.000 0.38728 8.0000 30.07 0.6493 0.7030 1.404424 
882.4041 3.934 128.085 -0.04141 0.05284 0.042 0.48581 8.0000 30.29 0.5442 0.5519 1.405073 
881.9966 6.872 180.614 -0.15057 -0.00161 0.030 0.61566 8.0000 30.36 0.5701 0.6402 1.405722 
881.5890 9.492 208.869 -0.22060 -0.12162 0.020 0.73224 8.0000 30.45 0.6148 0.7656 1.406372 
881.1813 15.080 222.655 -0.30076 -0.27710 0.016 0.70377 8.0000 30.18 0.6031 0.8268 1.407023 
880.7736 23.493 268.355 -0.01848 -0.64351 0.414 0.60060 8.0000 30.75 0.6241 0.8452 1.407674 
880.3658 33.940 231.443 -0.50651 -0.63547 -0.014 0.33029 8.0000 30.28 0.6012 0.8865 1.408326 
879.9579 49.767 275.139 0.45655 -5.07626 -0.020 -0.85602 8.0000 30.57 0.9592 1.2479 1.408979 
879.5499 44.239 144.716 -1.21229 0.85784 0.017 0.03948 8.0000 30.53 0.7079 1.0567 1.409632 
879.1418 41.337 123.456 -1.22142 1.84845 0.112 0.28482 8.0000 30.77 1.4453 1.7210 1.410287 
878.7336 36.804 118.310 -0.85689 1.59073 -0.005 0.53154 8.0000 30.73 2.1616 2.3295 1.410942 
878.3253 36.688 119.997 -1.08788 1.88449 -0.167 0.64971 8.0000 31.21 2.4905 2.8373 1.411598 
877.9170 36.285 119.445 -1.10933 1.96514 1.295 0.70852 8.0000 31.03 2.5948 3.0522 1.412254 
877.5085 35.900 118.032 -1.04918 1.97059 317.349 0.73402 8.0000 31.28 2.4233 3.0035 1.412912 
877.1000 34.420 117.371 -0.89324 1.72536 1.445 0.75204 8.0000 31.42 1.9602 2.6274 1.413570 
876.6915 30.593 114.074 -0.54373 1.21700 1.233 0.73319 8.0000 31.41 1.2409 2.0351 1.414228 
876.2828 26.298 123.463 -0.39578 0.59880 0.055 0.54885 8.0000 31.32 0.6954 1.1309 1.414888 
875.8740 40.443 292.771 1.15921 -2.76158 0.156 0.48047 8.0000 32.17 0.9722 1.1096 1.415548 
875.4651 11.396 116.924 -0.15062 0.29658 0.035 0.79158 8.0000 31.76 0.7702 2.5883 1.416209 
875.0562 2.013 60.731 0.02672 0.04767 0.178 0.77639 8.0000 31.87 0.6918 0.9263 1.416871 
874.6472 13.734 314.113 0.29147 -0.30064 3.811 0.80551 8.0000 31.64 0.6822 3.1056 1.417534 
874.2380 34.602 304.171 2.07568 -3.05761 0.000 1.40358 8.0000 32.02 0.8591 4.5376 1.418197 
873.8289 42.064 121.946 -1.91214 3.06652 1.128 0.37172 8.0000 31.59 0.9465 5.5014 1.418861 
873.4196 48.860 303.207 2.96203 -4.52524 1.196 -0.73326 8.0000 32.54 0.8450 5.7909 1.419526 
873.0102 39.668 301.429 1.04852 -1.71578 0.112 0.37865 8.0000 32.30 0.8018 5.4602 1.420192 
872.6007 24.759 300.858 0.28033 -0.46917 -0.062 0.46648 8.0000 31.85 0.7062 4.4657 1.420858 
872.1912 5.443 114.136 -0.04701 0.10491 -0.104 0.59779 8.0000 32.37 0.5715 2.9908 1.421525 
871.7816 7.835 127.792 -0.12782 0.16483 -0.044 0.74357 8.0000 31.91 0.7324 0.8914 1.422193 
871.3718 11.236 122.803 -0.16579 0.25723 1.257 0.73987 8.0000 32.99 1.0418 2.7452 1.422862 
870.9620 8.059 132.635 -0.12084 0.13125 -0.119 0.61738 8.0000 32.68 0.6607 0.7387 1.423532 
870.5521 9.464 126.292 -0.11245 0.15312 1.248 0.55398 8.0000 32.79 0.6181 0.7292 1.424202 
870.1422 6.930 139.693 -0.10598 0.08990 1.220 0.56329 8.0000 33.06 0.5932 0.7165 1.424873 
869.7321 9.047 133.996 -0.12743 0.13198 0.028 0.56149 8.0000 32.80 0.6150 0.7215 1.425545 
869.3219 12.590 122.911 -0.13941 0.21540 1.184 0.54572 8.0000 32.94 0.6781 0.7517 1.426217 
868.9117 15.592 113.921 -0.14528 0.32752 1.244 0.59200 8.0000 33.23 0.7523 0.7876 1.426891 
868.5013 17.605 108.848 -0.14244 0.41728 -0.010 0.62480 8.0000 33.36 0.8594 0.8677 1.427565 
868.0909 19.058 105.731 -0.13856 0.49192 1.126 0.65141 8.0000 33.52 1.0218 1.0364 1.428240 
867.6805 18.629 107.390 -0.15036 0.48007 -0.015 0.66139 8.0000 33.56 0.9909 0.9965 1.428915 
867.2699 17.492 107.331 -0.13412 0.42978 1.200 0.64338 8.0000 33.66 0.8507 0.8538 1.429592 
866.8592 17.002 106.574 -0.12414 0.41711 1.203 0.64512 8.0000 33.84 0.7998 0.8022 1.430269 
866.4485 14.958 105.135 -0.10396 0.38436 -0.211 0.69198 8.0000 33.51 0.7393 0.7422 1.430947 
866.0376 15.378 102.823 -0.09168 0.40281 1.099 0.69422 8.0000 33.52 0.7216 0.7325 1.431626 
865.6267 15.289 104.393 -0.10617 0.41370 1.134 0.72285 8.0000 34.51 0.7370 0.7392 1.432306 
865.2157 14.994 104.887 -0.10483 0.39433 -0.014 0.70709 8.0000 33.71 0.7145 0.7262 1.432986 
864.8046 15.915 105.524 -0.11452 0.41227 1.118 0.68926 8.0000 33.82 0.7395 0.7645 1.433667 
864.3934 15.532 106.653 -0.11924 0.39863 1.132 0.69072 8.0000 34.06 0.7398 0.7781 1.434349 
863.9821 16.800 110.627 -0.16142 0.42883 1.216 0.68967 8.0000 33.87 0.7607 0.8145 1.435032 
863.5707 15.082 108.710 -0.13305 0.39285 -2.767 0.71368 8.0000 34.47 0.7695 0.8056 1.435716 
863.1593 11.630 107.933 -0.09390 0.29017 1.208 0.70952 8.0000 34.59 0.6922 0.7138 1.436400 
862.7477 12.092 104.873 -0.08626 0.32481 1.138 0.74835 8.0000 34.99 0.7504 0.7572 1.437085 
862.3361 11.674 102.384 -0.07047 0.32093 -0.005 0.76118 8.0000 34.66 0.7614 0.7684 1.437771 
861.9244 12.103 101.586 -0.06726 0.32810 1.144 0.74505 8.0000 34.99 0.7798 0.8053 1.438458 
861.5126 12.037 103.849 -0.08342 0.33837 -1.459 0.78001 8.0000 35.00 0.7898 0.8085 1.439145 
861.1008 9.987 105.233 -0.07133 0.26195 1.116 0.74697 8.0000 34.94 0.7228 0.7290 1.439834 
860.6888 9.039 106.688 -0.07099 0.23681 1.124 0.75737 8.0000 35.31 0.6978 0.7061 1.440523 
860.2767 9.518 107.820 -0.07902 0.24581 1.114 0.74831 8.0000 34.76 0.6818 0.7008 1.441213 
859.8646 10.893 105.057 -0.07243 0.26924 -0.003 0.69760 8.0000 35.02 0.6560 0.6861 1.441904 
859.4523 9.395 111.438 -0.09570 0.24372 1.126 0.76954 8.0000 35.36 0.6767 0.7055 1.442595 
859.0400 9.684 111.297 -0.10468 0.26854 4.592 0.81995 8.0000 35.46 0.6940 0.7183 1.443288 
858.6276 9.189 113.152 -0.11875 0.27771 1.124 0.90909 8.0000 35.84 0.7047 0.7207 1.443981 
858.2151 10.823 111.249 -0.12378 0.31831 1.133 0.86059 8.0000 36.02 0.7364 0.7423 1.444675 
857.8026 14.505 106.063 -0.11316 0.39299 1.165 0.73750 8.0000 35.57 0.7951 0.7979 1.445370 
857.3899 15.991 103.936 -0.10797 0.43513 1.118 0.71797 8.0000 35.92 0.8478 0.8606 1.446065 
856.9771 16.482 103.932 -0.10511 0.42371 1.138 0.67318 8.0000 35.22 0.8670 0.8715 1.446762 
856.5643 16.408 104.280 -0.10736 0.42182 1.128 0.67501 8.0000 35.70 0.8725 0.8769 1.447459 
856.1514 17.498 103.616 -0.10575 0.43658 0.001 0.64163 8.0000 36.30 0.8921 0.8967 1.448157 
855.7383 17.411 103.743 -0.10319 0.42194 1.129 0.62448 8.0000 36.28 0.8837 0.8881 1.448856 
855.3253 18.138 103.109 -0.10255 0.44036 1.129 0.61609 8.0000 36.30 0.9069 0.9115 1.449556 
854.9120 17.469 103.343 -0.10758 0.45354 1.224 0.66724 8.0000 35.99 0.8995 0.9023 1.450257 
854.4988 15.265 105.783 -0.11925 0.42192 1.167 0.74344 8.0000 36.15 0.8445 0.8462 1.450958 
854.0854 15.457 105.814 -0.11970 0.42264 1.179 0.73357 8.0000 35.96 0.8498 0.8523 1.451660 
853.6719 15.870 105.042 -0.11711 0.43577 1.163 0.72948 8.0000 36.53 0.8653 0.8681 1.452364 
853.2584 14.910 106.376 -0.12330 0.41958 1.133 0.76298 8.0000 36.56 0.8330 0.8350 1.453067 
852.8448 14.619 106.802 -0.12594 0.41710 1.115 0.77841 8.0000 36.55 0.8207 0.8221 1.453772 
852.4311 14.350 107.918 -0.12847 0.39733 1.212 0.76271 8.0000 36.39 0.7978 0.7988 1.454478 
852.0173 17.053 105.939 -0.12178 0.42641 1.149 0.65483 8.0000 36.87 0.8029 0.8037 1.455184 
851.6034 15.427 106.410 -0.12104 0.41099 1.134 0.71718 8.0000 36.73 0.8149 0.8157 1.455891 
851.1894 16.080 105.714 -0.11972 0.42553 1.135 0.70303 8.0000 36.54 0.8220 0.8231 1.456599 
850.7753 17.002 104.481 -0.11787 0.45639 1.155 0.69875 8.0000 36.77 0.8371 0.8382 1.457308 
850.3612 15.230 106.365 -0.12442 0.42371 1.192 0.75091 8.0000 36.90 0.8121 0.8131 1.458018 
849.9470 15.228 106.086 -0.12425 0.43089 1.091 0.76266 8.0000 36.77 0.8164 0.8177 1.458728 
849.5326 16.030 104.935 -0.12156 0.45574 1.203 0.75310 8.0000 36.85 0.8391 0.8404 1.459440 
849.1182 16.710 104.344 -0.12400 0.48493 1.110 0.75849 8.0000 37.29 0.8292 0.8304 1.460152 
848.7037 16.111 104.512 -0.11946 0.46152 1.120 0.75639 8.0000 37.12 0.8531 0.8545 1.460865 
848.2891 15.634 104.797 -0.11810 0.44709 1.153 0.76152 8.0000 37.25 0.8655 0.8669 1.461579 
847.8744 14.854 105.290 -0.11570 0.42321 1.110 0.76895 8.0000 37.74 0.8826 0.8839 1.462294 
847.4597 16.024 105.192 -0.12303 0.45310 1.118 0.74994 8.0000 37.63 0.8306 0.8318 1.463010 
847.0448 15.953 105.478 -0.12585 0.45448 1.116 0.75744 8.0000 38.12 0.8206 0.8219 1.463726 
846.6298 16.260 105.457 -0.12793 0.46268 1.129 0.75292 8.0000 38.32 0.8078 0.8092 1.464444 
846.2148 17.261 105.387 -0.13546 0.49223 1.113 0.74220 8.0000 37.83 0.7723 0.7736 1.465162 
845.7997 16.848 105.761 -0.13576 0.48101 1.123 0.74951 8.0000 38.16 0.7788 0.7803 1.465881 
845.3845 16.795 105.593 -0.13332 0.47773 1.134 0.74679 8.0000 38.04 0.7914 0.7928 1.466601 
844.9692 16.258 106.022 -0.13215 0.46020 1.126 0.75110 8.0000 38.26 0.8055 0.8073 1.467322 
844.5538 15.857 105.037 -0.12333 0.45909 1.139 0.76928 8.0000 37.97 0.8275 0.8292 1.468044 
844.1383 15.804 105.118 -0.12564 0.46506 1.109 0.78279 8.0000 38.09 0.8240 0.8257 1.468766 
843.7227 15.616 105.134 -0.12482 0.46151 1.121 0.78842 8.0000 38.83 0.8374 0.8395 1.469490 
843.3071 16.127 105.052 -0.12723 0.47309 1.088 0.77630 8.0000 38.59 0.8217 0.8236 1.470214 
842.8914 16.205 104.709 -0.12581 0.47924 1.124 0.78044 8.0000 38.63 0.8370 0.8390 1.470939 
842.4755 16.323 104.268 -0.12274 0.48263 1.111 0.77729 8.0000 38.81 0.8446 0.8467 1.471665 
842.0596 16.498 103.922 -0.12202 0.49228 1.120 0.78111 8.0000 39.02 0.8339 0.8360 1.472392 
841.6436 16.666 103.589 -0.12067 0.49922 1.107 0.78092 8.0000 39.26 0.8386 0.8407 1.473120 
841.2275 16.362 103.453 -0.11656 0.48730 1.110 0.77975 8.0000 39.18 0.8583 0.8601 1.473849 
840.8113 16.140 103.288 -0.11181 0.47345 1.095 0.77013 8.0000 39.53 0.8761 0.8782 1.474578 
840.3951 16.334 103.006 -0.11139 0.48226 1.100 0.77195 8.0000 39.28 0.8784 0.8806 1.475308 
839.9787 16.244 102.789 -0.10978 0.48364 1.111 0.77882 8.0000 39.17 0.8831 0.8855 1.476040 
839.5623 16.100 102.468 -0.10650 0.48164 1.111 0.78329 8.0000 39.94 0.8959 0.8984 1.476772 
839.1457 16.453 102.629 -0.10852 0.48434 1.143 0.76705 8.0000 39.75 0.8963 0.8990 1.477505 
838.7291 16.554 102.621 -0.10902 0.48691 1.103 0.76517 8.0000 39.73 0.8962 0.8988 1.478239 
838.3124 16.650 102.566 -0.10911 0.48951 1.110 0.76346 8.0000 40.06 0.8960 0.8988 1.478974 
837.8956 16.783 102.350 -0.10804 0.49347 1.109 0.76132 8.0000 40.45 0.8965 0.8991 1.479709 
837.4787 16.790 102.303 -0.10890 0.49936 1.115 0.76986 8.0000 40.34 0.8890 0.8913 1.480446 
837.0617 16.875 102.430 -0.11012 0.49960 1.166 0.76565 8.0000 40.30 0.8873 0.8896 1.481183 
836.6447 16.806 102.420 -0.11058 0.50211 1.125 0.77347 8.0000 40.44 0.8891 0.8916 1.481922 
836.2275 16.804 102.514 -0.11166 0.50307 1.118 0.77540 8.0000 41.04 0.8846 0.8871 1.482661 
835.8102 16.734 102.480 -0.11175 0.50488 1.113 0.78221 8.0000 41.26 0.8847 0.8873 1.483401 
835.3929 16.790 102.330 -0.11048 0.50540 1.108 0.77925 8.0000 40.99 0.8877 0.8903 1.484142 
834.9755 16.835 102.271 -0.11046 0.50789 1.108 0.78023 8.0000 41.24 0.8862 0.8888 1.484884 
834.5579 16.933 102.227 -0.11067 0.51073 1.107 0.77867 8.0000 41.29 0.8850 0.8875 1.485627 
834.1403 16.977 102.112 -0.10986 0.51194 1.111 0.77759 8.0000 41.52 0.8848 0.8874 1.486371 
833.7227 16.964 102.173 -0.11046 0.51204 1.096 0.77868 8.0000 41.40 0.8854 0.8880 1.487115 
833.3049 17.007 102.225 -0.11098 0.51223 1.106 0.77660 8.0000 41.82 0.8826 0.8851 1.487861 
832.8870 17.000 102.235 -0.11122 0.51287 1.100 0.77805 8.0000 41.55 0.8823 0.8847 1.488608 
832.4691 16.940 102.111 -0.10974 0.51142 1.115 0.77896 8.0000 42.22 0.8838 0.8863 1.489355 
832.0510 17.006 102.103 -0.11011 0.51348 1.121 0.77823 8.0000 42.52 0.8835 0.8858 1.490103 
831.6329 17.047 102.126 -0.11069 0.51515 1.129 0.77844 8.0000 41.98 0.8830 0.8853 1.490852 
831.2146 17.112 102.008 -0.10968 0.51567 1.109 0.77508 8.0000 42.65 0.8829 0.8852 1.491603 
830.7963 17.156 102.088 -0.11118 0.51914 1.117 0.77794 8.0000 42.63 0.8838 0.8861 1.492354 
830.3779 17.239 102.058 -0.11161 0.52246 1.107 0.77797 8.0000 42.56 0.8860 0.8883 1.493106 
829.9594 17.314 102.003 -0.11131 0.52355 1.109 0.77511 8.0000 43.88 0.8880 0.8903 1.493858 
829.5408 17.370 101.978 -0.11152 0.52564 1.105 0.77486 8.0000 43.23 0.8893 0.8916 1.494612 
829.1221 17.368 101.887 -0.11055 0.52516 1.099 0.77400 8.0000 42.79 0.8910 0.8933 1.495367 
828.7034 17.350 101.910 -0.11093 0.52595 1.111 0.77628 8.0000 43.53 0.8927 0.8951 1.496123 
828.2845 17.342 101.838 -0.10998 0.52472 1.115 0.77474 8.0000 43.76 0.8919 0.8942 1.496879 
827.8656 17.348 101.823 -0.11027 0.52680 1.103 0.77742 8.0000 42.75 0.8939 0.8963 1.497637 
827.4465 17.330 101.757 -0.10981 0.52759 1.124 0.77943 8.0000 43.85 0.8957 0.8979 1.498395 
827.0275 17.325 101.657 -0.10900 0.52832 1.118 0.78054 8.0000 43.96 0.8982 0.9005 1.499154 
826.6082 17.345 101.659 -0.10919 0.52916 1.111 0.78057 8.0000 43.70 0.8979 0.9002 1.499915 
826.1889 17.378 101.595 -0.10871 0.52986 1.127 0.77953 8.0000 44.26 0.8998 0.9020 1.500676 
825.7695 17.417 101.577 -0.10855 0.52991 1.120 0.77730 8.0000 44.95 0.9006 0.9029 1.501438 
825.3500 17.432 101.520 -0.10801 0.52995 1.126 0.77632 8.0000 44.62 0.9023 0.9046 1.502201 
824.9305 17.441 101.504 -0.10793 0.53029 1.103 0.77625 8.0000 44.23 0.9038 0.9061 1.502965 
824.5108 17.397 101.488 -0.10803 0.53155 1.101 0.78064 8.0000 44.60 0.9051 0.9074 1.503730 
824.0911 17.380 101.415 -0.10745 0.53217 1.114 0.78233 8.0000 44.51 0.9066 0.9088 1.504496 
823.6713 17.365 101.381 -0.10724 0.53280 1.117 0.78403 8.0000 44.81 0.9079 0.9100 1.505263 
823.2513 17.361 101.361 -0.10712 0.53311 1.120 0.78464 8.0000 44.67 0.9097 0.9119 1.506031 
822.8313 17.347 101.356 -0.10719 0.53372 1.114 0.78637 8.0000 44.84 0.9098 0.9120 1.506800 
822.4112 17.374 101.359 -0.10754 0.53536 1.115 0.78721 8.0000 45.28 0.9122 0.9144 1.507569 
821.9910 17.424 101.415 -0.10822 0.53601 1.099 0.78535 8.0000 45.10 0.9145 0.9167 1.508340 
821.5707 17.399 101.406 -0.10810 0.53587 1.110 0.78659 8.0000 45.67 0.9150 0.9172 1.509112 
821.1503 17.381 101.411 -0.10823 0.53622 1.112 0.78822 8.0000 46.08 0.9149 0.9170 1.509884 
820.7299 17.406 101.400 -0.10852 0.53824 1.128 0.78968 8.0000 46.39 0.9165 0.9187 1.510658 
820.3093 17.424 101.407 -0.10882 0.53933 1.107 0.79021 8.0000 46.12 0.9189 0.9211 1.511432 
819.8886 17.434 101.386 -0.10859 0.53923 1.107 0.78945 8.0000 46.02 0.9191 0.9213 1.512208 
819.4679 17.468 101.360 -0.10851 0.54014 1.111 0.78867 8.0000 46.91 0.9197 0.9218 1.512984 
819.0471 17.505 101.361 -0.10878 0.54137 1.107 0.78834 8.0000 46.48 0.9213 0.9234 1.513761 
818.6262 17.532 101.353 -0.10890 0.54239 1.110 0.78818 8.0000 47.46 0.9219 0.9240 1.514540 
818.2051 17.535 101.318 -0.10866 0.54291 1.110 0.78869 8.0000 46.74 0.9224 0.9244 1.515319 
817.7841 17.548 101.296 -0.10862 0.54380 1.098 0.78917 8.0000 46.86 0.9225 0.9245 1.516099 
817.3629 17.544 101.311 -0.10880 0.54392 1.106 0.78962 8.0000 47.11 0.9223 0.9243 1.516881 
816.9416 17.574 101.323 -0.10917 0.54520 1.103 0.78972 8.0000 46.96 0.9247 0.9267 1.517663 
816.5202 17.584 101.307 -0.10923 0.54627 1.107 0.79067 8.0000 47.36 0.9255 0.9275 1.518446 
816.0988 17.598 101.321 -0.10960 0.54745 1.106 0.79159 8.0000 47.99 0.9265 0.9285 1.519230 
815.6772 17.627 101.271 -0.10943 0.54911 1.102 0.79215 8.0000 47.56 0.9274 0.9294 1.520015 
815.2556 17.628 101.266 -0.10941 0.54919 1.104 0.79220 8.0000 47.57 0.9273 0.9293 1.520801 
814.8338 17.649 101.276 -0.10970 0.55018 1.095 0.79238 8.0000 47.67 0.9288 0.9307 1.521589 
814.4120 17.667 101.250 -0.10965 0.55125 1.095 0.79281 8.0000 48.27 0.9298 0.9318 1.522377 
813.9901 17.678 101.274 -0.11006 0.55212 1.104 0.79348 8.0000 48.79 0.9307 0.9327 1.523166 
813.5681 17.699 101.277 -0.11020 0.55262 1.101 0.79300 8.0000 48.54 0.9319 0.9339 1.523956 
813.1460 17.699 101.237 -0.10983 0.55280 1.099 0.79311 8.0000 48.37 0.9307 0.9326 1.524747 
812.7238 17.701 101.238 -0.10990 0.55310 1.110 0.79345 8.0000 49.08 0.9306 0.9326 1.525539 
812.3015 17.747 101.190 -0.10989 0.55548 1.118 0.79404 8.0000 49.25 0.9336 0.9355 1.526332 
811.8792 17.714 101.239 -0.11021 0.55466 1.109 0.79493 8.0000 49.99 0.9328 0.9347 1.527126 
811.4567 17.724 101.234 -0.11031 0.55535 1.100 0.79532 8.0000 49.99 0.9343 0.9362 1.527921 
811.0341 17.733 101.218 -0.11019 0.55558 1.097 0.79503 8.0000 49.04 0.9342 0.9361 1.528717 
810.6115 17.741 101.277 -0.11092 0.55626 1.102 0.79575 8.0000 49.41 0.9352 0.9372 1.529514 
810.1888 17.742 101.252 -0.11076 0.55668 1.086 0.79621 8.0000 48.89 0.9347 0.9366 1.530312 
809.7659 17.766 101.207 -0.11048 0.55759 1.099 0.79595 8.0000 50.05 0.9351 0.9370 1.531111 
809.3430 17.782 101.178 -0.11028 0.55807 1.097 0.79564 8.0000 50.38 0.9347 0.9366 1.531912 
808.9200 17.804 101.097 -0.10966 0.55911 1.101 0.79558 8.0000 49.89 0.9355 0.9375 1.532713 
808.4969 17.821 101.047 -0.10928 0.55974 1.098 0.79536 8.0000 50.63 0.9358 0.9378 1.533515 
808.0737 17.831 101.014 -0.10892 0.55960 1.103 0.79451 8.0000 50.52 0.9352 0.9371 1.534318 
807.6505 17.840 101.020 -0.10908 0.56013 1.103 0.79474 8.0000 50.90 0.9359 0.9378 1.535122 
807.2271 17.841 101.023 -0.10915 0.56031 1.104 0.79494 8.0000 50.80 0.9354 0.9373 1.535927 
806.8036 17.866 100.964 -0.10873 0.56125 1.104 0.79463 8.0000 51.60 0.9350 0.9369 1.536733 
806.3801 17.893 100.928 -0.10850 0.56194 1.099 0.79394 8.0000 50.63 0.9347 0.9366 1.537540 
805.9564 17.921 100.875 -0.10810 0.56270 1.093 0.79327 8.0000 51.44 0.9349 0.9368 1.538349 
805.5327 17.940 100.838 -0.10782 0.56321 1.101 0.79275 8.0000 51.38 0.9357 0.9376 1.539158 
805.1089 17.965 100.771 -0.10726 0.56382 1.105 0.79197 8.0000 51.02 0.9358 0.9377 1.539968 
804.6850 17.983 100.766 -0.10738 0.56476 1.105 0.79223 8.0000 51.58 0.9375 0.9393 1.540779 
804.2610 17.989 100.735 -0.10709 0.56484 1.100 0.79194 8.0000 52.09 0.9369 0.9387 1.541591 
803.8369 18.007 100.706 -0.10693 0.56561 1.090 0.79187 8.0000 51.64 0.9375 0.9393 1.542405 
803.4127 18.035 100.682 -0.10682 0.56628 1.097 0.79113 8.0000 51.94 0.9386 0.9405 1.543219 
802.9884 18.048 100.682 -0.10689 0.56664 1.110 0.79086 8.0000 52.15 0.9389 0.9408 1.544035 
802.5640 18.070 100.671 -0.10692 0.56746 1.102 0.79072 8.0000 51.83 0.9399 0.9418 1.544851 
802.1396 18.075 100.650 -0.10671 0.56741 1.099 0.79031 8.0000 52.95 0.9388 0.9407 1.545669 
801.7150 18.083 100.669 -0.10693 0.56761 1.106 0.79017 8.0000 53.46 0.9393 0.9413 1.546487 
801.2903 18.108 100.631 -0.10669 0.56839 1.100 0.78973 8.0000 53.39 0.9396 0.9415 1.547307 
800.8657 18.116 100.631 -0.10667 0.56829 1.100 0.78908 8.0000 52.66 0.9398 0.9417 1.548127 
800.4408 18.109 100.615 -0.10642 0.56782 1.100 0.78882 8.0000 52.21 0.9386 0.9405 1.548949 
800.0159 18.126 100.622 -0.10656 0.56819 1.102 0.78834 8.0000 53.38 0.9385 0.9404 1.549772 
799.5909 18.139 100.580 -0.10620 0.56858 1.095 0.78802 8.0000 52.96 0.9374 0.9393 1.550595 
799.1658 18.156 100.571 -0.10624 0.56928 1.098 0.78804 8.0000 53.08 0.9383 0.9401 1.551420 
798.7406 18.176 100.533 -0.10602 0.57021 1.101 0.78805 8.0000 53.32 0.9390 0.9408 1.552246 
798.3153 18.202 100.531 -0.10616 0.57104 1.100 0.78771 8.0000 53.30 0.9399 0.9417 1.553073 
797.8899 18.235 100.483 -0.10589 0.57227 1.108 0.78734 8.0000 54.16 0.9410 0.9428 1.553901 
797.4644 18.245 100.487 -0.10602 0.57275 1.105 0.78747 8.0000 54.40 0.9412 0.9429 1.554730 
797.0389 18.270 100.456 -0.10593 0.57398 1.105 0.78765 8.0000 54.18 0.9418 0.9436 1.555560 
796.6132 18.286 100.421 -0.10571 0.57479 1.100 0.78771 8.0000 53.89 0.9426 0.9444 1.556391 
796.1875 18.291 100.395 -0.10542 0.57467 1.101 0.78725 8.0000 54.71 0.9423 0.9442 1.557224 
795.7617 18.309 100.369 -0.10526 0.57526 1.101 0.78696 8.0000 54.00 0.9420 0.9438 1.558057 
795.3357 18.326 100.329 -0.10492 0.57571 1.101 0.78646 8.0000 54.42 0.9430 0.9448 1.558891 
794.9097 18.352 100.289 -0.10466 0.57658 1.101 0.78607 8.0000 54.92 0.9439 0.9457 1.559727 
794.4836 18.366 100.236 -0.10417 0.57689 1.103 0.78556 8.0000 54.95 0.9433 0.9452 1.560563 
794.0574 18.377 100.249 -0.10441 0.57744 1.104 0.78571 8.0000 55.05 0.9442 0.9462 1.561401 
793.6310 18.398 100.226 -0.10437 0.57857 1.105 0.78597 8.0000 55.80 0.9445 0.9464 1.562240 
793.2047 18.417 100.182 -0.10404 0.57930 1.110 0.78576 8.0000 55.75 0.9449 0.9468 1.563079 
792.7782 18.431 100.161 -0.10390 0.57969 1.106 0.78548 8.0000 55.13 0.9444 0.9463 1.563920 
792.3516 18.441 100.163 -0.10399 0.58007 1.108 0.78541 8.0000 55.56 0.9443 0.9462 1.564762 
791.9249 18.441 100.161 -0.10398 0.58014 1.101 0.78552 8.0000 54.93 0.9437 0.9456 1.565605 
791.4982 18.469 100.132 -0.10384 0.58112 1.097 0.78515 8.0000 54.82 0.9437 0.9457 1.566449 
791.0714 18.480 100.121 -0.10380 0.58150 1.093 0.78499 8.0000 55.82 0.9443 0.9463 1.567295 
790.6444 18.493 100.116 -0.10385 0.58205 1.100 0.78500 8.0000 55.26 0.9452 0.9472 1.568141 
790.2173 18.504 100.104 -0.10374 0.58217 1.089 0.78453 8.0000 55.37 0.9457 0.9477 1.568989 
789.7902 18.521 100.083 -0.10362 0.58273 1.100 0.78425 8.0000 55.74 0.9455 0.9475 1.569837 
789.3630 18.532 100.064 -0.10348 0.58305 1.097 0.78398 8.0000 55.38 0.9456 0.9476 1.570687 
788.9357 18.548 100.067 -0.10359 0.58352 1.097 0.78375 8.0000 56.60 0.9462 0.9482 1.571537 
788.5083 18.556 100.052 -0.10352 0.58395 1.090 0.78384 8.0000 56.60 0.9456 0.9476 1.572389 
788.0807 18.561 100.067 -0.10373 0.58426 1.099 0.78398 8.0000 56.25 0.9460 0.9479 1.573242 
787.6532 18.579 100.047 -0.10364 0.58501 1.100 0.78393 8.0000 56.19 0.9464 0.9483 1.574096 
787.2255 18.575 100.053 -0.10368 0.58479 1.089 0.78385 8.0000 56.13 0.9458 0.9476 1.574951 
786.7977 18.577 100.002 -0.10315 0.58490 1.096 0.78378 8.0000 56.84 0.9449 0.9467 1.575808 
786.3699 18.588 99.996 -0.10321 0.58556 1.098 0.78403 8.0000 56.88 0.9453 0.9471 1.576665 
785.9419 18.600 99.995 -0.10329 0.58606 1.092 0.78402 8.0000 56.81 0.9465 0.9483 1.577524 
785.5139 18.614 99.978 -0.10317 0.58642 1.096 0.78365 8.0000 56.40 0.9469 0.9488 1.578383 
785.0857 18.625 99.956 -0.10301 0.58683 1.097 0.78350 8.0000 57.47 0.9461 0.9480 1.579244 
784.6575 18.641 99.918 -0.10270 0.58736 1.092 0.78322 8.0000 57.27 0.9462 0.9481 1.580106 
784.2291 18.645 99.916 -0.10271 0.58752 1.103 0.78320 8.0000 57.74 0.9466 0.9484 1.580969 
783.8007 18.648 99.900 -0.10257 0.58768 1.103 0.78320 8.0000 57.57 0.9466 0.9485 1.581833 
783.3722 18.658 99.890 -0.10252 0.58800 1.094 0.78303 8.0000 57.67 0.9469 0.9487 1.582698 
782.9435 18.678 99.862 -0.10231 0.58852 1.095 0.78253 8.0000 58.01 0.9473 0.9491 1.583565 
782.5148 18.693 99.868 -0.10252 0.58934 1.090 0.78279 8.0000 57.84 0.9485 0.9503 1.584433 
782.0861 18.694 99.888 -0.10276 0.58950 1.087 0.78298 8.0000 57.47 0.9489 0.9507 1.585301 
781.6572 18.693 99.898 -0.10287 0.58956 1.091 0.78318 8.0000 57.19 0.9490 0.9508 1.586171 
781.2282 18.704 99.891 -0.10286 0.58988 1.093 0.78294 8.0000 57.80 0.9492 0.9509 1.587042 
780.7991 18.716 99.895 -0.10294 0.59012 1.097 0.78256 8.0000 57.57 0.9495 0.9513 1.587914 
780.3699 18.731 99.893 -0.10300 0.59061 1.098 0.78239 8.0000 57.95 0.9502 0.9519 1.588788 
779.9407 18.738 99.897 -0.10306 0.59069 1.095 0.78210 8.0000 58.11 0.9506 0.9523 1.589662 
779.5113 18.743 99.906 -0.10318 0.59082 1.098 0.78201 8.0000 58.13 0.9505 0.9523 1.590537 
779.0818 18.764 99.878 -0.10296 0.59128 1.106 0.78138 8.0000 58.18 0.9507 0.9525 1.591414 
778.6523 18.788 99.853 -0.10284 0.59213 1.101 0.78110 8.0000 58.38 0.9512 0.9530 1.592292 
778.2227 18.806 99.832 -0.10272 0.59270 1.092 0.78076 8.0000 58.80 0.9516 0.9533 1.593171 
777.7930 18.818 99.839 -0.10287 0.59315 1.098 0.78070 8.0000 58.31 0.9524 0.9542 1.594051 
777.3632 18.839 99.837 -0.10297 0.59382 1.098 0.78042 8.0000 58.25 0.9529 0.9547 1.594933 
776.9332 18.854 99.826 -0.10291 0.59420 1.098 0.78004 8.0000 58.94 0.9535 0.9552 1.595815 
776.5032 18.869 99.811 -0.10281 0.59452 1.089 0.77958 8.0000 59.34 0.9538 0.9555 1.596699 
776.0731 18.879 99.805 -0.10280 0.59484 1.102 0.77938 8.0000 59.09 0.9538 0.9555 1.597584 
775.6429 18.894 99.777 -0.10260 0.59540 1.104 0.77924 8.0000 58.55 0.9538 0.9556 1.598470 
775.2126 18.906 99.771 -0.10254 0.59543 1.100 0.77861 8.0000 59.31 0.9536 0.9554 1.599357 
774.7822 18.925 99.754 -0.10243 0.59582 1.102 0.77801 8.0000 59.88 0.9542 0.9560 1.600246 
774.3517 18.933 99.774 -0.10269 0.59612 1.111 0.77797 8.0000 59.97 0.9543 0.9560 1.601135 
773.9212 18.950 99.758 -0.10264 0.59680 1.097 0.77788 8.0000 59.64 0.9548 0.9566 1.602026 
773.4905 18.962 99.764 -0.10277 0.59717 1.085 0.77771 8.0000 59.57 0.9551 0.9568 1.602918 
773.0598 18.979 99.765 -0.10288 0.59773 1.088 0.77746 8.0000 60.70 0.9552 0.9569 1.603811 
772.6289 18.999 99.745 -0.10276 0.59831 1.094 0.77707 8.0000 60.27 0.9557 0.9574 1.604706 
772.1980 19.022 99.729 -0.10269 0.59894 1.103 0.77659 8.0000 60.05 0.9564 0.9581 1.605601 
771.7669 19.029 99.704 -0.10246 0.59918 1.095 0.77643 8.0000 60.06 0.9566 0.9583 1.606498 
771.3358 19.039 99.702 -0.10245 0.59927 1.097 0.77597 8.0000 60.62 0.9571 0.9588 1.607396 
770.9046 19.049 99.689 -0.10239 0.59972 1.096 0.77596 8.0000 60.18 0.9575 0.9592 1.608295 
770.4733 19.063 99.696 -0.10253 0.60010 1.096 0.77568 8.0000 60.56 0.9583 0.9600 1.609195 
770.0419 19.076 99.690 -0.10253 0.60046 1.098 0.77540 8.0000 60.09 0.9588 0.9604 1.610097 
769.6104 19.095 99.697 -0.10271 0.60104 1.096 0.77514 8.0000 60.79 0.9591 0.9607 1.610999 
769.1787 19.109 99.705 -0.10285 0.60140 1.097 0.77485 8.0000 61.11 0.9590 0.9606 1.611904 
768.7471 19.108 99.713 -0.10291 0.60120 1.099 0.77465 8.0000 61.18 0.9590 0.9606 1.612809 
768.3152 19.133 99.717 -0.10310 0.60209 1.095 0.77439 8.0000 61.17 0.9597 0.9613 1.613715 
767.8834 19.154 99.694 -0.10298 0.60282 1.102 0.77413 8.0000 61.56 0.9596 0.9612 1.614623 
767.4514 19.175 99.654 -0.10264 0.60336 1.098 0.77358 8.0000 62.15 0.9599 0.9615 1.615531 
767.0193 19.188 99.646 -0.10261 0.60375 1.098 0.77333 8.0000 62.10 0.9597 0.9613 1.616442 
766.5872 19.207 99.621 -0.10246 0.60442 1.104 0.77310 8.0000 61.75 0.9600 0.9615 1.617353 
766.1549 19.222 99.601 -0.10230 0.60475 1.103 0.77259 8.0000 62.32 0.9598 0.9614 1.618265 
765.7225 19.235 99.612 -0.10245 0.60494 1.105 0.77219 8.0000 63.15 0.9595 0.9611 1.619179 
765.2901 19.249 99.617 -0.10257 0.60534 1.098 0.77190 8.0000 62.62 0.9597 0.9613 1.620094 
764.8575 19.265 99.626 -0.10276 0.60593 1.104 0.77180 8.0000 63.35 0.9599 0.9615 1.621010 
764.4249 19.281 99.615 -0.10275 0.60657 1.103 0.77170 8.0000 62.99 0.9605 0.9620 1.621928 
763.9922 19.299 99.611 -0.10283 0.60726 1.094 0.77159 8.0000 62.92 0.9611 0.9626 1.622846 
763.5593 19.320 99.597 -0.10279 0.60791 1.106 0.77122 8.0000 63.76 0.9613 0.9628 1.623766 
763.1264 19.335 99.607 -0.10295 0.60818 1.099 0.77077 8.0000 63.51 0.9613 0.9628 1.624687 
762.6934 19.349 99.576 -0.10271 0.60886 1.100 0.77080 8.0000 63.93 0.9613 0.9628 1.625610 
762.2603 19.357 99.568 -0.10265 0.60896 1.109 0.77042 8.0000 64.08 0.9611 0.9626 1.626533 
761.8271 19.367 99.556 -0.10259 0.60939 1.115 0.77038 8.0000 64.74 0.9611 0.9626 1.627458 
761.3938 19.378 99.544 -0.10248 0.60952 1.111 0.76995 8.0000 64.40 0.9611 0.9626 1.628385 
760.9604 19.395 99.514 -0.10222 0.60994 1.105 0.76948 8.0000 63.95 0.9609 0.9624 1.629312 
760.5269 19.410 99.513 -0.10232 0.61061 1.102 0.76946 8.0000 64.86 0.9611 0.9625 1.630241 
760.0933 19.430 99.495 -0.10225 0.61136 1.098 0.76929 8.0000 65.20 0.9617 0.9632 1.631171 
759.6597 19.450 99.465 -0.10204 0.61209 1.105 0.76902 8.0000 65.58 0.9620 0.9635 1.632102 
759.2259 19.458 99.473 -0.10215 0.61219 1.113 0.76872 8.0000 64.80 0.9622 0.9636 1.633034 
758.7921 19.469 99.475 -0.10225 0.61266 1.105 0.76871 8.0000 65.13 0.9625 0.9640 1.633968 
758.3581 19.486 99.440 -0.10194 0.61310 1.104 0.76831 8.0000 65.61 0.9623 0.9638 1.634903 
757.9240 19.493 99.426 -0.10178 0.61308 1.107 0.76784 8.0000 66.12 0.9618 0.9633 1.635839 
757.4899 19.506 99.415 -0.10171 0.61341 1.115 0.76749 8.0000 66.51 0.9620 0.9635 1.636777 
757.0556 19.515 99.415 -0.10173 0.61348 1.108 0.76709 8.0000 66.03 0.9618 0.9632 1.637716 
756.6213 19.537 99.407 -0.10173 0.61403 1.097 0.76660 8.0000 65.72 0.9619 0.9633 1.638656 
756.1868 19.557 99.374 -0.10144 0.61446 1.102 0.76593 8.0000 65.61 0.9618 0.9632 1.639597 
755.7523 19.563 99.381 -0.10153 0.61459 1.106 0.76579 8.0000 65.20 0.9617 0.9631 1.640540 
755.3177 19.580 99.374 -0.10155 0.61512 1.106 0.76549 8.0000 66.80 0.9619 0.9633 1.641484 
754.8830 19.591 99.368 -0.10149 0.61516 1.112 0.76494 8.0000 66.72 0.9617 0.9631 1.642429 
754.4482 19.598 99.361 -0.10138 0.61497 1.110 0.76431 8.0000 67.06 0.9614 0.9628 1.643376 
754.0132 19.612 99.359 -0.10141 0.61528 1.118 0.76395 8.0000 67.77 0.9615 0.9629 1.644324 
753.5782 19.627 99.348 -0.10137 0.61579 1.111 0.76374 8.0000 67.34 0.9614 0.9628 1.645273 
753.1431 19.640 99.334 -0.10128 0.61621 1.116 0.76350 8.0000 67.97 0.9615 0.9629 1.646223 
752.7079 19.651 99.338 -0.10136 0.61639 1.106 0.76314 8.0000 67.42 0.9616 0.9629 1.647175 
752.2726 19.664 99.335 -0.10137 0.61672 1.116 0.76281 8.0000 68.54 0.9614 0.9628 1.648129 
751.8373 19.672 99.330 -0.10129 0.61656 1.109 0.76218 8.0000 67.96 0.9609 0.9623 1.649083 
751.4018 19.693 99.283 -0.10087 0.61714 1.114 0.76167 8.0000 68.52 0.9611 0.9624 1.650039 
750.9662 19.709 99.275 -0.10084 0.61750 1.113 0.76125 8.0000 68.41 0.9616 0.9630 1.650996 
750.5306 19.719 99.276 -0.10089 0.61773 1.114 0.76099 8.0000 68.49 0.9619 0.9633 1.651954 
750.0948 19.732 99.248 -0.10062 0.61796 1.110 0.76047 8.0000 68.77 0.9613 0.9627 1.652914 
749.6589 19.746 99.246 -0.10067 0.61841 1.117 0.76031 8.0000 68.79 0.9615 0.9629 1.653875 
749.2230 19.754 99.245 -0.10067 0.61851 1.120 0.75997 8.0000 69.14 0.9616 0.9629 1.654837 
748.7869 19.763 99.245 -0.10071 0.61875 1.121 0.75977 8.0000 69.69 0.9615 0.9629 1.655801 
748.3508 19.781 99.228 -0.10061 0.61929 1.116 0.75941 8.0000 69.37 0.9617 0.9630 1.656766 
747.9146 19.794 99.241 -0.10084 0.61979 1.122 0.75939 8.0000 69.46 0.9621 0.9634 1.657732 
747.4782 19.805 99.255 -0.10104 0.62004 1.110 0.75910 8.0000 68.73 0.9623 0.9636 1.658700 
747.0417 19.817 99.255 -0.10110 0.62048 1.126 0.75902 8.0000 69.29 0.9624 0.9637 1.659669 
746.6052 19.829 99.238 -0.10094 0.62064 1.120 0.75853 8.0000 70.00 0.9622 0.9636 1.660639 
746.1686 19.849 99.212 -0.10076 0.62128 1.118 0.75818 8.0000 70.23 0.9624 0.9637 1.661611 
745.7319 19.868 99.192 -0.10063 0.62186 1.122 0.75778 8.0000 69.70 0.9626 0.9639 1.662584 
745.2950 19.885 99.187 -0.10068 0.62250 1.125 0.75767 8.0000 69.74 0.9629 0.9643 1.663559 
744.8582 19.901 99.165 -0.10053 0.62306 1.129 0.75741 8.0000 70.50 0.9630 0.9644 1.664534 
744.4211 19.911 99.170 -0.10063 0.62338 1.118 0.75731 8.0000 69.99 0.9631 0.9644 1.665512 
743.9841 19.923 99.176 -0.10079 0.62398 1.120 0.75739 8.0000 70.62 0.9634 0.9647 1.666490 
743.5468 19.938 99.154 -0.10057 0.62416 1.117 0.75675 8.0000 69.95 0.9632 0.9645 1.667470 
743.1096 19.949 99.162 -0.10072 0.62452 1.122 0.75664 8.0000 70.92 0.9635 0.9648 1.668451 
742.6722 19.958 99.177 -0.10093 0.62479 1.126 0.75647 8.0000 70.41 0.9637 0.9650 1.669434 
742.2347 19.966 99.180 -0.10100 0.62497 1.125 0.75629 8.0000 71.03 0.9636 0.9649 1.670418 
741.7971 19.975 99.171 -0.10094 0.62525 1.128 0.75614 8.0000 71.75 0.9635 0.9648 1.671403 
741.3594 19.983 99.171 -0.10095 0.62530 1.124 0.75577 8.0000 70.71 0.9635 0.9647 1.672390 
740.9216 19.992 99.179 -0.10108 0.62555 1.138 0.75560 8.0000 72.37 0.9637 0.9649 1.673378 
740.4838 20.002 99.180 -0.10113 0.62578 1.130 0.75536 8.0000 71.97 0.9636 0.9648 1.674367 
740.0458 20.009 99.201 -0.10138 0.62588 1.126 0.75515 8.0000 72.38 0.9637 0.9649 1.675358 
739.6077 20.013 99.214 -0.10154 0.62599 1.132 0.75509 8.0000 72.50 0.9638 0.9650 1.676351 
739.1696 20.026 99.206 -0.10155 0.62655 1.126 0.75503 8.0000 72.07 0.9639 0.9651 1.677344 
738.7313 20.036 99.217 -0.10173 0.62688 1.134 0.75495 8.0000 72.25 0.9640 0.9652 1.678339 
738.2930 20.047 99.211 -0.10170 0.62718 1.128 0.75469 8.0000 73.11 0.9640 0.9651 1.679336 
737.8545 20.054 99.210 -0.10173 0.62738 1.128 0.75455 8.0000 72.63 0.9639 0.9651 1.680334 
737.4160 20.068 99.210 -0.10181 0.62786 1.135 0.75439 8.0000 72.39 0.9640 0.9652 1.681333 
736.9773 20.075 99.215 -0.10187 0.62796 1.128 0.75412 8.0000 72.18 0.9641 0.9652 1.682334 
736.5386 20.084 99.227 -0.10205 0.62819 1.133 0.75399 8.0000 72.38 0.9642 0.9654 1.683336 
736.0997 20.091 99.227 -0.10209 0.62845 1.134 0.75390 8.0000 74.73 0.9641 0.9653 1.684340 
735.6608 20.102 99.234 -0.10220 0.62869 1.133 0.75358 8.0000 73.33 0.9641 0.9652 1.685344 
735.2218 20.109 99.231 -0.10222 0.62901 1.130 0.75361 8.0000 73.19 0.9641 0.9652 1.686351 
734.7827 20.112 99.262 -0.10255 0.62886 1.133 0.75333 8.0000 73.26 0.9640 0.9651 1.687359 
734.3434 20.121 99.246 -0.10243 0.62923 1.142 0.75328 8.0000 73.97 0.9636 0.9648 1.688368 
733.9041 20.133 99.245 -0.10246 0.62952 1.150 0.75298 8.0000 74.14 0.9636 0.9647 1.689379 
733.4647 20.136 99.241 -0.10244 0.62961 1.137 0.75293 8.0000 75.13 0.9633 0.9644 1.690391 
733.0252 20.140 99.247 -0.10252 0.62969 1.141 0.75282 8.0000 74.55 0.9634 0.9645 1.691404 
732.5856 20.158 99.225 -0.10239 0.63045 1.138 0.75273 8.0000 74.61 0.9635 0.9645 1.692419 
732.1459 20.163 99.223 -0.10238 0.63051 1.144 0.75254 8.0000 74.19 0.9633 0.9644 1.693436 
731.7061 20.162 99.211 -0.10221 0.63032 1.144 0.75232 8.0000 75.10 0.9630 0.9640 1.694453 
731.2662 20.167 99.218 -0.10233 0.63054 1.136 0.75231 8.0000 74.90 0.9631 0.9641 1.695473 
730.8262 20.173 99.220 -0.10236 0.63060 1.146 0.75210 8.0000 74.88 0.9630 0.9641 1.696494 
730.3861 20.172 99.230 -0.10243 0.63035 1.148 0.75185 8.0000 75.17 0.9629 0.9639 1.697516 
729.9459 20.178 99.213 -0.10226 0.63048 1.148 0.75167 8.0000 75.61 0.9626 0.9637 1.698539 
729.5057 20.179 99.205 -0.10217 0.63044 1.153 0.75153 8.0000 74.78 0.9626 0.9637 1.699564 
729.0653 20.191 99.168 -0.10182 0.63088 1.157 0.75136 8.0000 74.83 0.9626 0.9636 1.700591 
728.6248 20.191 99.160 -0.10172 0.63080 1.153 0.75121 8.0000 74.65 0.9622 0.9633 1.701619 
728.1843 20.191 99.148 -0.10159 0.63085 1.154 0.75128 8.0000 75.35 0.9618 0.9628 1.702648 
727.7436 20.194 99.142 -0.10153 0.63093 1.146 0.75117 8.0000 75.09 0.9617 0.9627 1.703680 
727.3028 20.196 99.144 -0.10155 0.63091 1.156 0.75109 8.0000 75.05 0.9616 0.9625 1.704712 
726.8619 20.205 99.112 -0.10124 0.63124 1.155 0.75094 8.0000 75.35 0.9612 0.9622 1.705746 
726.4210 20.203 99.097 -0.10105 0.63110 1.153 0.75081 8.0000 75.64 0.9607 0.9617 1.706781 
725.9799 20.209 99.071 -0.10079 0.63126 1.156 0.75067 8.0000 75.30 0.9605 0.9615 1.707818 
725.5388 20.218 99.037 -0.10043 0.63144 1.158 0.75029 8.0000 75.32 0.9602 0.9612 1.708857 
725.0975 20.229 98.997 -0.10002 0.63170 1.160 0.74995 8.0000 75.91 0.9602 0.9612 1.709897 
724.6561 20.236 98.975 -0.09980 0.63188 1.161 0.74974 8.0000 74.82 0.9602 0.9612 1.710938 
724.2147 20.234 98.959 -0.09958 0.63169 1.161 0.74958 8.0000 75.76 0.9600 0.9610 1.711981 
723.7732 20.236 98.929 -0.09924 0.63161 1.159 0.74934 8.0000 75.46 0.9596 0.9605 1.713025 
723.3315 20.235 98.913 -0.09903 0.63148 1.166 0.74917 8.0000 74.74 0.9592 0.9601 1.714072 
722.8898 20.242 98.857 -0.09841 0.63156 1.168 0.74883 8.0000 76.24 0.9587 0.9597 1.715119 
722.4479 20.245 98.824 -0.09804 0.63157 1.167 0.74858 8.0000 76.18 0.9582 0.9591 1.716168 
722.0060 20.248 98.784 -0.09758 0.63146 1.170 0.74823 8.0000 76.23 0.9576 0.9585 1.717218 
721.5640 20.262 98.734 -0.09706 0.63181 1.165 0.74782 8.0000 75.76 0.9575 0.9584 1.718270 
721.1218 20.268 98.713 -0.09685 0.63193 1.171 0.74758 8.0000 75.98 0.9573 0.9582 1.719324 
720.6796 20.273 98.686 -0.09656 0.63204 1.169 0.74739 8.0000 76.68 0.9570 0.9579 1.720379 
720.2373 20.278 98.653 -0.09619 0.63207 1.170 0.74712 8.0000 76.66 0.9567 0.9576 1.721435 
719.7949 20.275 98.636 -0.09598 0.63197 1.165 0.74708 8.0000 76.36 0.9563 0.9572 1.722493 
719.3524 20.281 98.588 -0.09545 0.63204 1.171 0.74679 8.0000 76.35 0.9560 0.9569 1.723553 
718.9097 20.283 98.549 -0.09501 0.63204 1.178 0.74659 8.0000 76.48 0.9555 0.9565 1.724614 
718.4670 20.281 98.496 -0.09439 0.63193 1.182 0.74645 8.0000 76.97 0.9549 0.9559 1.725677 
718.0242 20.294 98.435 -0.09379 0.63247 1.191 0.74631 8.0000 77.28 0.9546 0.9555 1.726741 
717.5813 20.298 98.390 -0.09329 0.63250 1.183 0.74603 8.0000 77.18 0.9542 0.9551 1.727807 
717.1383 20.303 98.338 -0.09272 0.63266 1.176 0.74585 8.0000 76.25 0.9537 0.9547 1.728874 
716.6952 20.308 98.286 -0.09214 0.63273 1.183 0.74560 8.0000 76.96 0.9532 0.9541 1.729943 
716.2520 20.313 98.235 -0.09160 0.63287 1.190 0.74540 8.0000 77.25 0.9527 0.9536 1.731013 
715.8087 20.320 98.161 -0.09078 0.63303 1.186 0.74507 8.0000 77.31 0.9520 0.9529 1.732086 
715.3653 20.325 98.107 -0.09022 0.63332 1.194 0.74504 8.0000 77.57 0.9516 0.9525 1.733159 
714.9218 20.325 98.070 -0.08979 0.63325 1.191 0.74492 8.0000 77.29 0.9510 0.9519 1.734234 
714.4782 20.328 98.015 -0.08918 0.63337 1.195 0.74476 8.0000 77.49 0.9504 0.9513 1.735311 
714.0345 20.340 97.954 -0.08855 0.63371 1.198 0.74441 8.0000 77.39 0.9498 0.9508 1.736389 
713.5907 20.347 97.909 -0.08807 0.63401 1.195 0.74432 8.0000 77.56 0.9495 0.9505 1.737469 
713.1469 20.352 97.848 -0.08737 0.63394 1.190 0.74391 8.0000 76.96 0.9488 0.9498 1.738550 
712.7028 20.353 97.776 -0.08656 0.63390 1.199 0.74364 8.0000 77.37 0.9480 0.9491 1.739634 
712.2588 20.360 97.705 -0.08579 0.63409 1.202 0.74338 8.0000 77.92 0.9476 0.9486 1.740718 
711.8146 20.364 97.643 -0.08512 0.63432 1.204 0.74333 8.0000 77.47 0.9470 0.9481 1.741805 
711.3703 20.372 97.576 -0.08439 0.63447 1.212 0.74297 8.0000 78.01 0.9465 0.9475 1.742892 
710.9259 20.381 97.503 -0.08360 0.63475 1.211 0.74270 8.0000 77.68 0.9459 0.9469 1.743982 
710.4814 20.386 97.451 -0.08303 0.63486 1.205 0.74250 8.0000 77.73 0.9454 0.9465 1.745073 
710.0369 20.394 97.396 -0.08245 0.63516 1.209 0.74234 8.0000 77.89 0.9448 0.9459 1.746165 
709.5922 20.397 97.336 -0.08180 0.63534 1.208 0.74225 8.0000 77.56 0.9442 0.9453 1.747260 
709.1474 20.405 97.277 -0.08116 0.63556 1.212 0.74202 8.0000 77.99 0.9437 0.9448 1.748356 
708.7026 20.407 97.217 -0.08048 0.63550 1.220 0.74175 8.0000 78.32 0.9428 0.9440 1.749453 
708.2576 20.412 97.162 -0.07987 0.63561 1.217 0.74152 8.0000 78.23 0.9422 0.9435 1.750552 
707.8125 20.414 97.101 -0.07918 0.63560 1.217 0.74131 8.0000 77.74 0.9414 0.9427 1.751653 
707.3674 20.423 97.043 -0.07854 0.63572 1.221 0.74087 8.0000 78.01 0.9409 0.9422 1.752755 
706.9221 20.430 96.998 -0.07807 0.63604 1.227 0.74082 8.0000 78.30 0.9406 0.9419 1.753859 
706.4767 20.441 96.942 -0.07747 0.63626 1.231 0.74038 8.0000 78.51 0.9402 0.9415 1.754965 
706.0313 20.450 96.880 -0.07679 0.63648 1.234 0.74009 8.0000 78.48 0.9396 0.9409 1.756072 
705.5857 20.459 96.838 -0.07636 0.63676 1.234 0.73990 8.0000 78.65 0.9393 0.9407 1.757181 
705.1401 20.469 96.785 -0.07579 0.63694 1.222 0.73950 8.0000 78.24 0.9387 0.9401 1.758292 
704.6943 20.477 96.734 -0.07524 0.63719 1.230 0.73932 8.0000 78.23 0.9382 0.9397 1.759404 
704.2484 20.481 96.691 -0.07477 0.63731 1.231 0.73914 8.0000 78.05 0.9376 0.9390 1.760518 
703.8025 20.488 96.656 -0.07440 0.63757 1.243 0.73905 8.0000 78.27 0.9370 0.9385 1.761633 
703.3564 20.497 96.597 -0.07378 0.63796 1.241 0.73893 8.0000 78.07 0.9365 0.9380 1.762751 
702.9103 20.509 96.554 -0.07333 0.63830 1.243 0.73864 8.0000 78.71 0.9361 0.9376 1.763869 
702.4641 20.521 96.500 -0.07276 0.63864 1.248 0.73836 8.0000 78.91 0.9357 0.9373 1.764990 
702.0177 20.532 96.451 -0.07225 0.63907 1.248 0.73820 8.0000 78.78 0.9353 0.9369 1.766112 
701.5712 20.541 96.409 -0.07183 0.63941 1.248 0.73804 8.0000 78.90 0.9350 0.9366 1.767236 
701.1247 20.554 96.378 -0.07153 0.63993 1.256 0.73794 8.0000 78.86 0.9348 0.9365 1.768361 
700.6780 20.563 96.340 -0.07114 0.64021 1.251 0.73770 8.0000 78.52 0.9344 0.9362 1.769489 
700.2313 20.574 96.305 -0.07078 0.64060 1.264 0.73753 8.0000 78.84 0.9342 0.9359 1.770618 
699.7844 20.585 96.264 -0.07036 0.64095 1.259 0.73734 8.0000 78.29 0.9339 0.9356 1.771748 
699.3375 20.597 96.235 -0.07007 0.64134 1.258 0.73711 8.0000 78.49 0.9336 0.9354 1.772881 
698.8904 20.608 96.204 -0.06976 0.64178 1.261 0.73701 8.0000 78.82 0.9334 0.9352 1.774015 
698.4433 20.622 96.179 -0.06952 0.64219 1.264 0.73672 8.0000 78.79 0.9333 0.9351 1.775150 
697.9961 20.639 96.133 -0.06907 0.64277 1.266 0.73642 8.0000 78.61 0.9333 0.9351 1.776288 
697.5488 20.653 96.110 -0.06884 0.64311 1.271 0.73607 8.0000 78.78 0.9333 0.9352 1.777427 
697.1013 20.665 96.086 -0.06862 0.64355 1.276 0.73594 8.0000 78.78 0.9331 0.9351 1.778568 
696.6537 20.676 96.062 -0.06838 0.64387 1.279 0.73567 8.0000 78.87 0.9329 0.9348 1.779711 
696.2061 20.691 96.027 -0.06803 0.64431 1.281 0.73536 8.0000 78.65 0.9326 0.9346 1.780855 
695.7584 20.705 96.013 -0.06791 0.64471 1.281 0.73507 8.0000 78.72 0.9325 0.9345 1.782001 
695.3105 20.719 95.987 -0.06766 0.64518 1.289 0.73486 8.0000 79.23 0.9323 0.9344 1.783149 
694.8626 20.735 95.975 -0.06758 0.64564 1.287 0.73453 8.0000 79.14 0.9326 0.9347 1.784298 
694.4146 20.748 95.964 -0.06750 0.64612 1.286 0.73438 8.0000 79.15 0.9327 0.9348 1.785449 
693.9664 20.763 95.945 -0.06734 0.64665 1.289 0.73419 8.0000 78.59 0.9326 0.9347 1.786602 
693.5182 20.783 95.928 -0.06722 0.64746 1.289 0.73405 8.0000 78.67 0.9328 0.9349 1.787757 
693.0699 20.800 95.921 -0.06721 0.64806 1.295 0.73386 8.0000 78.62 0.9328 0.9349 1.788913 
692.6215 20.816 95.913 -0.06718 0.64865 1.296 0.73367 8.0000 78.88 0.9328 0.9349 1.790071 
692.1729 20.832 95.913 -0.06723 0.64915 1.305 0.73342 8.0000 78.94 0.9328 0.9349 1.791231 
691.7243 20.850 95.913 -0.06729 0.64975 1.302 0.73318 8.0000 79.19 0.9331 0.9352 1.792393 
691.2756 20.869 95.918 -0.06742 0.65041 1.298 0.73294 8.0000 79.02 0.9334 0.9355 1.793557 
690.8267 20.884 95.911 -0.06739 0.65089 1.307 0.73269 8.0000 78.76 0.9335 0.9356 1.794722 
690.3778 20.902 95.897 -0.06730 0.65151 1.304 0.73245 8.0000 78.66 0.9336 0.9358 1.795889 
689.9288 20.917 95.899 -0.06738 0.65213 1.313 0.73235 8.0000 78.49 0.9339 0.9361 1.797058 
689.4797 20.937 95.901 -0.06747 0.65278 1.311 0.73207 8.0000 78.61 0.9343 0.9365 1.798228 
689.0304 20.954 95.912 -0.06765 0.65328 1.306 0.73178 8.0000 78.13 0.9346 0.9368 1.799401 
688.5811 20.968 95.910 -0.06768 0.65379 1.317 0.73161 8.0000 79.03 0.9348 0.9370 1.800575 
688.1317 20.983 95.913 -0.06777 0.65433 1.314 0.73145 8.0000 78.83 0.9350 0.9371 1.801751 
687.6821 20.997 95.917 -0.06787 0.65485 1.319 0.73131 8.0000 79.02 0.9351 0.9373 1.802929 
687.2325 21.016 95.903 -0.06778 0.65549 1.326 0.73104 8.0000 78.99 0.9352 0.9375 1.804108 
686.7828 21.032 95.912 -0.06793 0.65605 1.338 0.73087 8.0000 79.04 0.9354 0.9376 1.805290 
686.3329 21.050 95.927 -0.06818 0.65676 1.333 0.73075 8.0000 78.73 0.9357 0.9379 1.806473 
685.8830 21.068 95.948 -0.06849 0.65743 1.332 0.73060 8.0000 78.68 0.9361 0.9383 1.807658 
685.4330 21.088 95.960 -0.06871 0.65817 1.336 0.73045 8.0000 78.88 0.9364 0.9386 1.808845 
684.9828 21.107 95.981 -0.06904 0.65898 1.340 0.73036 8.0000 78.98 0.9370 0.9392 1.810034 
684.5327 21.121 95.996 -0.06927 0.65950 1.339 0.73027 8.0000 79.01 0.9371 0.9393 1.811224 
684.0823 21.134 95.995 -0.06931 0.65999 1.344 0.73014 8.0000 78.73 0.9371 0.9393 1.812416 
683.6319 21.149 96.006 -0.06950 0.66054 1.355 0.72998 8.0000 78.88 0.9373 0.9395 1.813610 
683.1813 21.162 96.011 -0.06960 0.66101 1.356 0.72986 8.0000 78.63 0.9373 0.9395 1.814807 
682.7307 21.181 96.005 -0.06961 0.66173 1.361 0.72965 8.0000 78.83 0.9375 0.9397 1.816004 
682.2800 21.198 96.024 -0.06990 0.66236 1.362 0.72948 8.0000 79.03 0.9378 0.9400 1.817204 
681.8292 21.213 96.023 -0.06994 0.66291 1.352 0.72934 8.0000 78.65 0.9379 0.9401 1.818405 
681.3782 21.232 96.045 -0.07027 0.66355 1.357 0.72910 8.0000 78.92 0.9384 0.9406 1.819609 
680.9272 21.247 96.064 -0.07054 0.66403 1.375 0.72892 8.0000 78.82 0.9388 0.9409 1.820814 
680.4761 21.261 96.068 -0.07064 0.66453 1.372 0.72871 8.0000 78.96 0.9389 0.9411 1.822021 
680.0248 21.276 96.082 -0.07086 0.66505 1.376 0.72857 8.0000 78.69 0.9391 0.9412 1.823230 
679.5735 21.290 96.094 -0.07107 0.66563 1.381 0.72850 8.0000 78.89 0.9393 0.9415 1.824441 
679.1221 21.305 96.110 -0.07130 0.66609 1.380 0.72824 8.0000 78.87 0.9396 0.9418 1.825654 
678.6705 21.320 96.126 -0.07154 0.66658 1.393 0.72802 8.0000 79.20 0.9399 0.9421 1.826869 
678.2189 21.336 96.138 -0.07175 0.66714 1.395 0.72788 8.0000 79.24 0.9402 0.9423 1.828085 
677.7672 21.352 96.148 -0.07193 0.66778 1.393 0.72774 8.0000 78.81 0.9405 0.9426 1.829303 
677.3154 21.368 96.166 -0.07221 0.66831 1.398 0.72755 8.0000 78.59 0.9408 0.9429 1.830524 
676.8634 21.383 96.170 -0.07232 0.66890 1.408 0.72744 8.0000 79.05 0.9411 0.9432 1.831746 
676.4114 21.393 96.178 -0.07245 0.66926 1.411 0.72731 8.0000 78.92 0.9412 0.9433 1.832970 
675.9592 21.403 96.185 -0.07257 0.66970 1.413 0.72729 8.0000 79.03 0.9413 0.9435 1.834196 
675.5070 21.417 96.204 -0.07286 0.67027 1.416 0.72723 8.0000 79.00 0.9418 0.9439 1.835424 
675.0547 21.428 96.230 -0.07322 0.67072 1.417 0.72717 8.0000 78.87 0.9422 0.9443 1.836654 
674.6022 21.440 96.250 -0.07350 0.67114 1.422 0.72707 8.0000 78.78 0.9424 0.9445 1.837886 
674.1497 21.453 96.268 -0.07377 0.67166 1.425 0.72701 8.0000 79.00 0.9426 0.9447 1.839120 
673.6971 21.464 96.282 -0.07397 0.67199 1.424 0.72683 8.0000 78.67 0.9428 0.9449 1.840355 
673.2443 21.477 96.291 -0.07413 0.67245 1.435 0.72665 8.0000 78.99 0.9430 0.9451 1.841593 
672.7915 21.488 96.303 -0.07432 0.67287 1.441 0.72655 8.0000 79.16 0.9433 0.9454 1.842832 
672.3386 21.502 96.323 -0.07461 0.67326 1.448 0.72632 8.0000 79.07 0.9439 0.9460 1.844074 
671.8855 21.512 96.345 -0.07491 0.67369 1.441 0.72628 8.0000 78.90 0.9443 0.9463 1.845317 
671.4324 21.524 96.367 -0.07523 0.67414 1.455 0.72618 8.0000 78.92 0.9448 0.9468 1.846563 
670.9791 21.537 96.391 -0.07556 0.67465 1.454 0.72613 8.0000 79.17 0.9451 0.9471 1.847810 
670.5258 21.552 96.419 -0.07597 0.67533 1.464 0.72611 8.0000 78.99 0.9457 0.9478 1.849059 
670.0723 21.565 96.430 -0.07615 0.67571 1.476 0.72587 8.0000 79.30 0.9462 0.9482 1.850311 
669.6188 21.579 96.447 -0.07640 0.67607 1.472 0.72561 8.0000 78.71 0.9467 0.9487 1.851564 
669.1651 21.588 96.462 -0.07662 0.67653 1.487 0.72562 8.0000 79.27 0.9470 0.9490 1.852819 
668.7114 21.601 96.479 -0.07688 0.67697 1.484 0.72550 8.0000 79.03 0.9473 0.9493 1.854076 
668.2575 21.611 96.500 -0.07718 0.67742 1.488 0.72552 8.0000 79.03 0.9474 0.9494 1.855336 
667.8035 21.625 96.520 -0.07750 0.67805 1.484 0.72550 8.0000 79.09 0.9478 0.9498 1.856597 
667.3495 21.638 96.539 -0.07779 0.67856 1.495 0.72541 8.0000 79.19 0.9482 0.9502 1.857860 
666.8953 21.651 96.554 -0.07801 0.67898 1.505 0.72519 8.0000 79.20 0.9487 0.9507 1.859125 
666.4411 21.664 96.564 -0.07818 0.67938 1.513 0.72501 8.0000 78.67 0.9492 0.9511 1.860392 
665.9868 21.675 96.580 -0.07841 0.67976 1.510 0.72488 8.0000 79.06 0.9496 0.9516 1.861661 
665.5323 21.687 96.600 -0.07873 0.68045 1.521 0.72501 8.0000 79.26 0.9501 0.9520 1.862933 
665.0777 21.700 96.618 -0.07900 0.68088 1.521 0.72482 8.0000 78.76 0.9506 0.9525 1.864206 
664.6230 21.712 96.637 -0.07928 0.68135 1.525 0.72475 8.0000 79.14 0.9511 0.9530 1.865482 
664.1683 21.727 96.655 -0.07956 0.68188 1.527 0.72458 8.0000 79.05 0.9516 0.9535 1.866759 
663.7134 21.741 96.671 -0.07980 0.68231 1.537 0.72437 8.0000 79.05 0.9520 0.9539 1.868038 
663.2584 21.755 96.688 -0.08006 0.68274 1.538 0.72413 8.0000 79.07 0.9526 0.9544 1.869319 
662.8034 21.767 96.705 -0.08032 0.68320 1.548 0.72405 8.0000 78.39 0.9530 0.9549 1.870603 
662.3482 21.781 96.721 -0.08057 0.68363 1.556 0.72380 8.0000 79.07 0.9536 0.9554 1.871888 
661.8929 21.795 96.732 -0.08074 0.68400 1.564 0.72351 8.0000 79.18 0.9541 0.9559 1.873176 
661.4376 21.809 96.746 -0.08096 0.68443 1.567 0.72327 8.0000 78.93 0.9546 0.9565 1.874465 
660.9821 21.822 96.764 -0.08123 0.68487 1.573 0.72312 8.0000 79.08 0.9551 0.9569 1.875757 
660.5265 21.835 96.782 -0.08150 0.68532 1.579 0.72295 8.0000 78.38 0.9555 0.9573 1.877051 
660.0708 21.846 96.791 -0.08165 0.68568 1.589 0.72277 8.0000 79.14 0.9558 0.9576 1.878347 
659.6151 21.861 96.793 -0.08174 0.68614 1.592 0.72254 8.0000 79.09 0.9562 0.9580 1.879644 
659.1592 21.879 96.805 -0.08193 0.68662 1.597 0.72216 8.0000 79.02 0.9569 0.9587 1.880945 
658.7032 21.895 96.818 -0.08216 0.68714 1.593 0.72192 8.0000 78.79 0.9577 0.9594 1.882247 
658.2471 21.909 96.821 -0.08224 0.68753 1.609 0.72163 8.0000 79.10 0.9584 0.9601 1.883551 
657.7909 21.923 96.827 -0.08234 0.68782 1.614 0.72120 8.0000 79.14 0.9591 0.9608 1.884857 
657.3346 21.938 96.835 -0.08249 0.68819 1.636 0.72084 8.0000 78.97 0.9596 0.9613 1.886166 
656.8782 21.955 96.845 -0.08266 0.68858 1.631 0.72045 8.0000 78.85 0.9601 0.9618 1.887476 
656.4218 21.969 96.853 -0.08280 0.68893 1.646 0.72012 8.0000 78.97 0.9606 0.9622 1.888788 
655.9651 21.985 96.860 -0.08291 0.68921 1.654 0.71962 8.0000 78.94 0.9612 0.9628 1.890103 
655.5084 21.999 96.859 -0.08293 0.68951 1.652 0.71923 8.0000 78.53 0.9618 0.9634 1.891420 
655.0516 22.012 96.865 -0.08303 0.68972 1.667 0.71876 8.0000 78.64 0.9625 0.9641 1.892739 
654.5947 22.024 96.871 -0.08315 0.69003 1.673 0.71854 8.0000 78.98 0.9631 0.9646 1.894060 
654.1377 22.036 96.875 -0.08324 0.69039 1.676 0.71830 8.0000 78.83 0.9635 0.9651 1.895384 
653.6806 22.047 96.875 -0.08327 0.69061 1.691 0.71798 8.0000 78.92 0.9640 0.9655 1.896709 
653.2234 22.060 96.877 -0.08332 0.69082 1.697 0.71754 8.0000 79.22 0.9646 0.9661 1.898037 
652.7661 22.073 96.884 -0.08344 0.69108 1.700 0.71718 8.0000 78.76 0.9652 0.9666 1.899366 
652.3087 22.085 96.883 -0.08344 0.69129 1.712 0.71678 8.0000 78.74 0.9656 0.9671 1.900698 
651.8511 22.096 96.886 -0.08351 0.69149 1.718 0.71644 8.0000 78.62 0.9661 0.9675 1.902032 
651.3936 22.108 96.884 -0.08352 0.69182 1.734 0.71619 8.0000 78.52 0.9666 0.9681 1.903368 
650.9358 22.121 96.894 -0.08369 0.69215 1.745 0.71590 8.0000 79.08 0.9671 0.9685 1.904707 
650.4780 22.133 96.891 -0.08369 0.69245 1.750 0.71558 8.0000 78.71 0.9675 0.9689 1.906047 
650.0201 22.149 96.888 -0.08370 0.69280 1.758 0.71517 8.0000 78.44 0.9680 0.9695 1.907390 
649.5620 22.162 96.889 -0.08374 0.69307 1.752 0.71480 8.0000 78.78 0.9685 0.9699 1.908735 
649.1039 22.172 96.885 -0.08370 0.69322 1.766 0.71440 8.0000 78.46 0.9690 0.9704 1.910082 
648.6457 22.183 96.872 -0.08357 0.69344 1.780 0.71409 8.0000 78.27 0.9695 0.9709 1.911432 
648.1873 22.194 96.867 -0.08355 0.69372 1.798 0.71380 8.0000 78.59 0.9699 0.9713 1.912783 
647.7289 22.207 96.860 -0.08349 0.69398 1.812 0.71342 8.0000 78.92 0.9705 0.9719 1.914137 
647.2703 22.219 96.855 -0.08346 0.69424 1.812 0.71311 8.0000 78.65 0.9709 0.9722 1.915493 
646.8117 22.228 96.836 -0.08325 0.69439 1.822 0.71275 8.0000 78.44 0.9711 0.9725 1.916851 
646.3530 22.241 96.832 -0.08322 0.69462 1.822 0.71237 8.0000 77.74 0.9717 0.9730 1.918212 
645.8941 22.250 96.821 -0.08311 0.69475 1.846 0.71200 8.0000 78.72 0.9720 0.9734 1.919575 
645.4351 22.262 96.808 -0.08296 0.69496 1.851 0.71162 8.0000 78.21 0.9724 0.9738 1.920940 
644.9761 22.275 96.799 -0.08288 0.69523 1.869 0.71122 8.0000 78.26 0.9728 0.9741 1.922307 
644.5169 22.284 96.777 -0.08263 0.69536 1.865 0.71087 8.0000 78.40 0.9733 0.9747 1.923676 
644.0577 22.299 96.758 -0.08244 0.69565 1.873 0.71043 8.0000 78.35 0.9738 0.9751 1.925048 
643.5983 22.308 96.742 -0.08226 0.69583 1.887 0.71016 8.0000 78.06 0.9741 0.9755 1.926422 
643.1389 22.318 96.731 -0.08215 0.69613 1.902 0.70992 8.0000 78.58 0.9743 0.9757 1.927798 
642.6793 22.326 96.718 -0.08202 0.69627 1.915 0.70965 8.0000 78.63 0.9747 0.9760 1.929177 
642.2196 22.335 96.697 -0.08177 0.69637 1.913 0.70926 8.0000 78.03 0.9751 0.9764 1.930558 
641.7598 22.350 96.684 -0.08164 0.69665 1.935 0.70879 8.0000 77.87 0.9755 0.9768 1.931941 
641.2999 22.362 96.659 -0.08137 0.69694 1.944 0.70846 8.0000 77.90 0.9759 0.9772 1.933326 
640.8400 22.377 96.637 -0.08115 0.69733 1.949 0.70811 8.0000 77.95 0.9762 0.9775 1.934714 
640.3799 22.386 96.621 -0.08096 0.69748 1.971 0.70779 8.0000 78.11 0.9764 0.9777 1.936104 
639.9197 22.399 96.599 -0.08072 0.69781 1.995 0.70741 8.0000 78.56 0.9769 0.9782 1.937496 
639.4594 22.409 96.583 -0.08055 0.69803 1.995 0.70716 8.0000 78.53 0.9771 0.9784 1.938891 
638.9990 22.416 96.557 -0.08023 0.69804 1.996 0.70676 8.0000 78.82 0.9775 0.9787 1.940288 
638.5385 22.426 96.535 -0.07999 0.69820 2.024 0.70641 8.0000 78.80 0.9777 0.9789 1.941687 
638.0779 22.434 96.512 -0.07970 0.69816 2.020 0.70593 8.0000 79.01 0.9781 0.9793 1.943089 
637.6172 22.443 96.489 -0.07943 0.69830 2.021 0.70558 8.0000 78.66 0.9784 0.9796 1.944493 
637.1564 22.456 96.470 -0.07922 0.69859 2.027 0.70521 8.0000 78.68 0.9790 0.9802 1.945899 
636.6954 22.467 96.445 -0.07893 0.69870 2.050 0.70474 8.0000 78.96 0.9792 0.9805 1.947308 
636.2344 22.482 96.413 -0.07857 0.69899 2.067 0.70429 8.0000 78.76 0.9796 0.9808 1.948719 
635.7733 22.491 96.393 -0.07833 0.69912 2.067 0.70394 8.0000 78.86 0.9798 0.9811 1.950132 
635.3121 22.496 96.370 -0.07805 0.69914 2.082 0.70368 8.0000 78.42 0.9801 0.9814 1.951548 
634.8508 22.506 96.339 -0.07770 0.69937 2.086 0.70340 8.0000 78.65 0.9806 0.9818 1.952966 
634.3893 22.515 96.311 -0.07736 0.69956 2.113 0.70309 8.0000 78.55 0.9805 0.9818 1.954387 
633.9278 22.533 96.287 -0.07714 0.70017 2.125 0.70278 8.0000 78.87 0.9805 0.9817 1.955809 
633.4662 22.554 96.263 -0.07691 0.70082 2.139 0.70236 8.0000 78.64 0.9808 0.9820 1.957235 
633.0044 22.569 96.234 -0.07660 0.70123 2.157 0.70200 8.0000 78.70 0.9809 0.9822 1.958662 
632.5425 22.581 96.212 -0.07634 0.70133 2.161 0.70150 8.0000 78.73 0.9808 0.9820 1.960093 
632.0806 22.591 96.189 -0.07608 0.70157 2.175 0.70121 8.0000 78.87 0.9813 0.9825 1.961525 
631.6186 22.592 96.174 -0.07587 0.70141 2.179 0.70098 8.0000 78.27 0.9810 0.9822 1.962960 
631.1564 22.604 96.156 -0.07565 0.70145 2.208 0.70040 8.0000 78.62 0.9818 0.9829 1.964397 
630.6942 22.609 96.117 -0.07516 0.70136 2.201 0.70002 8.0000 78.80 0.9831 0.9843 1.965837 
630.2318 22.615 96.079 -0.07470 0.70141 2.246 0.69971 8.0000 78.70 0.9845 0.9857 1.967279 
629.7693 22.612 96.044 -0.07422 0.70097 2.252 0.69939 8.0000 78.33 0.9858 0.9869 1.968724 
629.3068 22.627 96.013 -0.07389 0.70138 2.262 0.69904 8.0000 78.77 0.9865 0.9876 1.970171 
628.8441 22.627 95.984 -0.07349 0.70115 2.273 0.69876 8.0000 78.20 0.9867 0.9878 1.971620 
628.3813 22.650 95.957 -0.07325 0.70199 2.273 0.69843 8.0000 78.65 0.9868 0.9879 1.973073 
627.9184 22.670 95.929 -0.07297 0.70264 2.298 0.69811 8.0000 78.28 0.9878 0.9889 1.974527 
627.4554 22.695 95.915 -0.07286 0.70331 2.302 0.69750 8.0000 78.51 0.9874 0.9884 1.975984 
626.9923 22.707 95.873 -0.07237 0.70359 2.337 0.69714 8.0000 78.55 0.9866 0.9877 1.977444 
626.5291 22.710 95.845 -0.07199 0.70320 2.330 0.69661 8.0000 78.49 0.9857 0.9868 1.978905 
626.0658 22.714 95.824 -0.07173 0.70327 2.337 0.69645 8.0000 78.47 0.9874 0.9884 1.980370 
625.6024 22.726 95.798 -0.07143 0.70340 2.360 0.69595 8.0000 78.55 0.9883 0.9893 1.981837 
625.1389 22.738 95.815 -0.07166 0.70362 2.390 0.69559 8.0000 78.47 0.9893 0.9903 1.983306 
624.6753 22.764 95.807 -0.07158 0.70383 2.392 0.69455 8.0000 78.54 0.9882 0.9891 1.984778 
624.2115 22.767 95.800 -0.07145 0.70345 2.410 0.69401 8.0000 78.12 0.9898 0.9907 1.986253 
623.7477 22.773 95.787 -0.07128 0.70331 2.386 0.69355 8.0000 78.11 0.9924 0.9933 1.987730 
623.2838 22.802 95.786 -0.07142 0.70481 2.404 0.69361 8.0000 77.83 0.9940 0.9950 1.989209 
622.8198 22.819 95.752 -0.07107 0.70556 2.439 0.69350 8.0000 78.36 0.9972 0.9981 1.990691 
622.3557 22.817 95.637 -0.06971 0.70621 2.461 0.69412 8.0000 78.26 1.0010 1.0020 1.992176 
621.8914 22.821 95.532 -0.06844 0.70656 2.484 0.69412 8.0000 78.30 1.0042 1.0052 1.993663 
621.4271 22.820 95.423 -0.06709 0.70675 2.496 0.69424 8.0000 78.21 1.0059 1.0068 1.995153 
620.9626 22.815 95.291 -0.06542 0.70646 2.437 0.69407 8.0000 77.99 1.0070 1.0080 1.996645 
620.4980 22.802 95.177 -0.06391 0.70541 2.505 0.69351 8.0000 77.98 1.0065 1.0075 1.998140 
620.0334 22.810 95.062 -0.06247 0.70530 2.480 0.69289 8.0000 78.05 1.0084 1.0094 1.999637 
619.5687 22.836 94.935 -0.06091 0.70551 2.555 0.69172 8.0000 77.74 1.0096 1.0106 2.001137 
619.1038 22.842 94.834 -0.05963 0.70508 2.510 0.69093 8.0000 78.03 1.0120 1.0130 2.002640 
618.6388 22.837 94.738 -0.05839 0.70447 2.539 0.69043 8.0000 77.96 1.0148 1.0158 2.004145 
618.1737 22.848 94.637 -0.05713 0.70430 2.558 0.68963 8.0000 78.19 1.0170 1.0180 2.005653 
617.7086 22.848 94.537 -0.05582 0.70350 2.593 0.68875 8.0000 77.76 1.0196 1.0207 2.007163 
617.2433 22.852 94.442 -0.05460 0.70288 2.539 0.68788 8.0000 77.70 1.0213 1.0224 2.008676 
616.7779 22.862 94.354 -0.05351 0.70268 2.552 0.68713 8.0000 78.37 1.0235 1.0246 2.010192 
616.3124 22.866 94.280 -0.05254 0.70210 2.614 0.68629 8.0000 78.06 1.0248 1.0259 2.011710 
615.8468 22.860 94.210 -0.05162 0.70115 2.568 0.68561 8.0000 77.76 1.0264 1.0276 2.013231 
615.3810 22.870 94.131 -0.05061 0.70074 2.573 0.68463 8.0000 77.53 1.0286 1.0297 2.014755 
614.9153 22.866 94.066 -0.04975 0.69984 2.597 0.68388 8.0000 77.78 1.0304 1.0316 2.016281 
614.4493 22.868 94.000 -0.04889 0.69912 2.535 0.68306 8.0000 77.94 1.0323 1.0335 2.017810 
613.9833 22.871 93.952 -0.04825 0.69838 2.634 0.68214 8.0000 77.41 1.0338 1.0351 2.019341 
613.5172 22.877 93.897 -0.04755 0.69790 2.559 0.68136 8.0000 76.62 1.0357 1.0370 2.020875 
613.0510 22.887 93.847 -0.04691 0.69753 2.560 0.68046 8.0000 77.86 1.0369 1.0382 2.022412 
612.5847 22.897 93.804 -0.04635 0.69706 2.623 0.67947 8.0000 77.67 1.0384 1.0397 2.023952 
612.1182 22.910 93.766 -0.04586 0.69667 2.566 0.67848 8.0000 77.30 1.0395 1.0409 2.025494 
611.6517 22.920 93.727 -0.04535 0.69624 2.704 0.67754 8.0000 77.31 1.0405 1.0420 2.027039 
611.1850 22.932 93.693 -0.04492 0.69590 2.858 0.67661 8.0000 76.75 1.0411 1.0425 2.028587 
610.7183 22.944 93.666 -0.04457 0.69556 2.652 0.67573 8.0000 77.82 1.0416 1.0430 2.030137 
610.2514 22.956 93.634 -0.04416 0.69520 2.678 0.67475 8.0000 77.30 1.0420 1.0434 2.031690 
609.7844 22.969 93.606 -0.04379 0.69481 2.584 0.67374 8.0000 77.83 1.0424 1.0438 2.033246 
609.3173 22.986 93.587 -0.04354 0.69462 2.564 0.67274 8.0000 76.98 1.0428 1.0443 2.034805 
608.8502 23.008 93.569 -0.04332 0.69458 2.578 0.67167 8.0000 76.46 1.0428 1.0443 2.036366 
608.3829 23.025 93.564 -0.04324 0.69434 2.625 0.67062 8.0000 76.69 1.0425 1.0440 2.037930 
607.9155 23.046 93.554 -0.04312 0.69431 2.425 0.66962 8.0000 77.56 1.0423 1.0438 2.039497 
607.4480 23.069 93.552 -0.04311 0.69440 2.393 0.66864 8.0000 77.16 1.0419 1.0434 2.041067 
606.9804 23.090 93.558 -0.04318 0.69450 2.438 0.66776 8.0000 75.94 1.0412 1.0427 2.042639 
606.5127 23.114 93.558 -0.04320 0.69473 2.622 0.66686 8.0000 75.13 1.0406 1.0421 2.044214 
606.0449 23.137 93.567 -0.04332 0.69491 2.569 0.66598 8.0000 76.08 1.0397 1.0412 2.045792 
605.5770 23.160 93.584 -0.04353 0.69505 2.570 0.66505 8.0000 75.55 1.0391 1.0405 2.047373 
605.1089 23.188 93.594 -0.04368 0.69536 2.595 0.66404 8.0000 76.47 1.0382 1.0396 2.048957 
604.6408 23.215 93.601 -0.04377 0.69562 2.624 0.66307 8.0000 76.75 1.0374 1.0388 2.050543 
604.1726 23.247 93.619 -0.04403 0.69621 2.627 0.66212 8.0000 75.43 1.0363 1.0377 2.052132 
603.7042 23.280 93.643 -0.04436 0.69678 2.243 0.66117 8.0000 75.44 1.0352 1.0366 2.053724 
603.2358 23.312 93.668 -0.04471 0.69735 2.559 0.66024 8.0000 75.37 1.0340 1.0354 2.055319 
602.7673 23.343 93.700 -0.04513 0.69790 2.265 0.65935 8.0000 74.36 1.0326 1.0340 2.056916 
602.2986 23.370 93.732 -0.04555 0.69830 2.423 0.65851 8.0000 75.72 1.0311 1.0324 2.058517 
601.8298 23.401 93.763 -0.04596 0.69882 2.286 0.65761 8.0000 75.08 1.0298 1.0311 2.060121 
601.3610 23.432 93.796 -0.04641 0.69939 2.334 0.65673 8.0000 74.74 1.0280 1.0293 2.061726 
600.8920 23.464 93.830 -0.04686 0.70000 2.401 0.65588 8.0000 74.72 1.0265 1.0277 2.063336 
600.4229 23.496 93.870 -0.04741 0.70073 2.521 0.65513 8.0000 74.29 1.0245 1.0258 2.064948 
599.9537 23.530 93.911 -0.04796 0.70151 2.706 0.65433 8.0000 75.20 1.0227 1.0239 2.066563 
599.4844 23.564 93.954 -0.04855 0.70242 2.705 0.65363 8.0000 74.70 1.0208 1.0220 2.068181 
599.0150 23.602 94.003 -0.04923 0.70342 2.578 0.65285 8.0000 73.21 1.0188 1.0199 2.069801 
598.5455 23.637 94.045 -0.04981 0.70422 2.509 0.65208 8.0000 72.94 1.0165 1.0176 2.071425 
598.0759 23.672 94.092 -0.05045 0.70520 2.743 0.65138 8.0000 74.53 1.0145 1.0156 2.073051 
597.6062 23.704 94.143 -0.05113 0.70592 2.628 0.65067 8.0000 73.85 1.0124 1.0135 2.074680 
597.1364 23.741 94.190 -0.05180 0.70703 2.584 0.65003 8.0000 73.12 1.0103 1.0113 2.076313 
596.6664 23.782 94.237 -0.05247 0.70826 2.523 0.64931 8.0000 73.40 1.0081 1.0090 2.077948 
596.1964 23.820 94.295 -0.05327 0.70934 2.470 0.64863 8.0000 72.46 1.0056 1.0065 2.079586 
595.7263 23.858 94.352 -0.05407 0.71055 2.649 0.64808 8.0000 73.29 1.0035 1.0044 2.081227 
595.2560 23.890 94.402 -0.05476 0.71141 2.620 0.64744 8.0000 72.52 1.0018 1.0026 2.082872 
594.7857 23.917 94.455 -0.05549 0.71219 2.625 0.64697 8.0000 72.64 0.9996 1.0004 2.084519 
594.3152 23.947 94.511 -0.05625 0.71305 2.632 0.64642 8.0000 72.10 0.9980 0.9987 2.086169 
593.8447 23.979 94.560 -0.05695 0.71406 2.624 0.64596 8.0000 72.32 0.9966 0.9973 2.087822 
593.3740 24.010 94.610 -0.05766 0.71509 2.597 0.64552 8.0000 71.98 0.9946 0.9953 2.089478 
592.9032 24.051 94.651 -0.05830 0.71666 2.628 0.64509 8.0000 72.64 0.9936 0.9943 2.091137 
592.4323 24.085 94.695 -0.05897 0.71808 2.600 0.64485 8.0000 71.01 0.9916 0.9923 2.092799 
591.9613 24.128 94.748 -0.05978 0.71980 2.599 0.64452 8.0000 70.72 0.9893 0.9899 2.094464 
591.4902 24.170 94.797 -0.06054 0.72136 2.570 0.64405 8.0000 70.79 0.9867 0.9873 2.096133 
591.0190 24.222 94.846 -0.06132 0.72333 2.541 0.64353 8.0000 70.65 0.9843 0.9848 2.097804 
590.5477 24.255 94.889 -0.06198 0.72454 2.544 0.64312 8.0000 70.25 0.9823 0.9828 2.099478 
590.0763 24.304 94.933 -0.06271 0.72664 2.541 0.64281 8.0000 70.43 0.9808 0.9812 2.101155 
589.6048 24.327 94.974 -0.06332 0.72757 2.551 0.64264 8.0000 69.70 0.9795 0.9800 2.102836 
589.1331 24.357 95.012 -0.06392 0.72880 2.492 0.64240 8.0000 69.85 0.9777 0.9781 2.104519 
588.6614 24.374 95.023 -0.06412 0.72959 2.493 0.64233 8.0000 70.14 0.9775 0.9779 2.106206 
588.1896 24.399 95.057 -0.06467 0.73083 2.489 0.64235 8.0000 69.80 0.9779 0.9783 2.107895 
587.7176 24.434 95.074 -0.06506 0.73272 2.483 0.64241 8.0000 67.62 0.9791 0.9794 2.109588 
587.2455 24.472 95.079 -0.06525 0.73426 2.429 0.64207 8.0000 68.01 0.9781 0.9785 2.111284 
586.7734 24.498 95.077 -0.06537 0.73570 2.441 0.64216 8.0000 69.18 0.9780 0.9783 2.112983 
586.3011 24.521 95.019 -0.06472 0.73695 2.417 0.64215 8.0000 69.64 0.9781 0.9784 2.114685 
585.8287 24.523 94.967 -0.06414 0.73801 2.453 0.64290 8.0000 69.58 0.9808 0.9811 2.116390 
585.3563 24.550 94.899 -0.06341 0.73982 2.390 0.64322 8.0000 68.26 0.9811 0.9814 2.118098 
584.8837 24.575 94.817 -0.06249 0.74160 2.372 0.64352 8.0000 67.38 0.9806 0.9809 2.119809 
584.4109 24.575 94.704 -0.06101 0.74146 2.361 0.64332 8.0000 67.11 0.9813 0.9816 2.121524 
583.9382 24.582 94.599 -0.05967 0.74171 2.350 0.64309 8.0000 67.38 0.9804 0.9808 2.123242 
583.4652 24.611 94.556 -0.05912 0.74188 2.330 0.64192 8.0000 67.73 0.9788 0.9791 2.124963 
582.9922 24.632 94.508 -0.05851 0.74211 2.310 0.64113 8.0000 67.37 0.9773 0.9776 2.126687 
582.5191 24.657 94.464 -0.05795 0.74224 2.284 0.64005 8.0000 67.31 0.9774 0.9776 2.128414 
582.0458 24.684 94.441 -0.05768 0.74266 2.284 0.63919 8.0000 66.19 0.9781 0.9784 2.130145 
581.5725 24.715 94.411 -0.05736 0.74363 2.265 0.63857 8.0000 66.59 0.9808 0.9811 2.131878 
581.0991 24.731 94.384 -0.05702 0.74372 2.240 0.63793 8.0000 66.15 0.9814 0.9816 2.133615 
580.6255 24.724 94.379 -0.05693 0.74345 2.223 0.63799 8.0000 66.31 0.9828 0.9830 2.135356 
580.1519 24.736 94.351 -0.05660 0.74376 2.206 0.63768 8.0000 65.51 0.9830 0.9833 2.137099 
579.6780 24.760 94.320 -0.05622 0.74418 2.181 0.63694 8.0000 65.20 0.9829 0.9831 2.138846 
579.2042 24.769 94.299 -0.05593 0.74408 2.187 0.63646 8.0000 66.30 0.9833 0.9836 2.140595 
578.7302 24.787 94.281 -0.05575 0.74467 2.173 0.63613 8.0000 65.80 0.9832 0.9834 2.142349 
578.2561 24.799 94.271 -0.05563 0.74495 2.145 0.63581 8.0000 65.11 0.9838 0.9840 2.144105 
577.7819 24.805 94.257 -0.05544 0.74478 2.128 0.63537 8.0000 65.23 0.9840 0.9842 2.145865 
577.3076 24.817 94.237 -0.05519 0.74483 2.112 0.63490 8.0000 65.30 0.9850 0.9852 2.147628 
576.8332 24.841 94.215 -0.05493 0.74532 2.086 0.63421 8.0000 63.82 0.9858 0.9860 2.149394 
576.3586 24.850 94.207 -0.05483 0.74536 2.061 0.63382 8.0000 63.82 0.9859 0.9861 2.151164 
575.8840 24.873 94.193 -0.05468 0.74588 2.047 0.63323 8.0000 65.15 0.9863 0.9865 2.152937 
575.4093 24.894 94.185 -0.05460 0.74631 2.044 0.63264 8.0000 65.22 0.9864 0.9867 2.154713 
574.9344 24.914 94.166 -0.05439 0.74669 2.019 0.63206 8.0000 63.94 0.9867 0.9870 2.156493 
574.4595 24.934 94.157 -0.05429 0.74694 2.017 0.63135 8.0000 64.22 0.9865 0.9867 2.158276 
573.9844 24.949 94.142 -0.05410 0.74701 1.986 0.63075 8.0000 63.18 0.9867 0.9869 2.160062 
573.5092 24.966 94.125 -0.05389 0.74728 1.975 0.63021 8.0000 64.46 0.9867 0.9869 2.161852 
573.0339 24.983 94.109 -0.05370 0.74750 1.969 0.62960 8.0000 63.32 0.9867 0.9869 2.163645 
572.5586 24.999 94.096 -0.05355 0.74774 1.940 0.62906 8.0000 63.24 0.9866 0.9868 2.165441 
572.0831 25.017 94.084 -0.05341 0.74796 1.913 0.62846 8.0000 63.10 0.9867 0.9869 2.167241 
571.6075 25.038 94.067 -0.05321 0.74833 1.901 0.62783 8.0000 62.72 0.9870 0.9872 2.169044 
571.1318 25.059 94.060 -0.05314 0.74873 1.901 0.62720 8.0000 61.69 0.9871 0.9873 2.170851 
570.6559 25.080 94.050 -0.05304 0.74919 1.877 0.62664 8.0000 62.54 0.9871 0.9873 2.172661 
570.1801 25.102 94.040 -0.05294 0.74954 1.851 0.62598 8.0000 62.06 0.9870 0.9872 2.174474 
569.7040 25.116 94.034 -0.05287 0.74963 1.839 0.62542 8.0000 61.13 0.9870 0.9872 2.176291 
569.2278 25.138 94.027 -0.05281 0.75018 1.837 0.62489 8.0000 61.98 0.9873 0.9875 2.178112 
568.7516 25.155 94.017 -0.05270 0.75045 1.813 0.62435 8.0000 60.70 0.9873 0.9875 2.179936 
568.2753 25.173 94.008 -0.05260 0.75076 1.792 0.62382 8.0000 60.36 0.9874 0.9876 2.181763 
567.7988 25.192 93.993 -0.05244 0.75110 1.778 0.62325 8.0000 60.92 0.9876 0.9878 2.183594 
567.3222 25.207 93.984 -0.05232 0.75125 1.769 0.62267 8.0000 61.01 0.9879 0.9881 2.185428 
566.8455 25.227 93.973 -0.05220 0.75157 1.755 0.62208 8.0000 60.12 0.9880 0.9881 2.187266 
566.3687 25.244 93.961 -0.05207 0.75190 1.746 0.62156 8.0000 60.78 0.9879 0.9881 2.189107 
565.8918 25.263 93.956 -0.05202 0.75221 1.717 0.62100 8.0000 60.01 0.9879 0.9881 2.190952 
565.4149 25.283 93.950 -0.05197 0.75258 1.712 0.62042 8.0000 59.72 0.9879 0.9881 2.192800 
564.9377 25.299 93.942 -0.05187 0.75275 1.697 0.61984 8.0000 60.11 0.9879 0.9881 2.194653 
564.4605 25.315 93.934 -0.05178 0.75293 1.686 0.61925 8.0000 59.59 0.9879 0.9880 2.196508 
563.9832 25.329 93.922 -0.05162 0.75301 1.678 0.61873 8.0000 59.12 0.9878 0.9880 2.198367 
563.5057 25.343 93.910 -0.05148 0.75315 1.648 0.61818 8.0000 58.28 0.9876 0.9878 2.200230 
563.0282 25.359 93.898 -0.05133 0.75328 1.640 0.61758 8.0000 58.49 0.9876 0.9877 2.202096 
562.5505 25.380 93.887 -0.05120 0.75359 1.621 0.61692 8.0000 58.08 0.9875 0.9876 2.203966 
562.0728 25.396 93.880 -0.05112 0.75381 1.631 0.61640 8.0000 59.01 0.9874 0.9876 2.205839 
561.5948 25.413 93.868 -0.05099 0.75406 1.603 0.61581 8.0000 58.24 0.9873 0.9875 2.207716 
561.1169 25.432 93.856 -0.05085 0.75428 1.593 0.61518 8.0000 57.92 0.9871 0.9873 2.209597 
560.6388 25.450 93.841 -0.05065 0.75446 1.574 0.61453 8.0000 57.77 0.9871 0.9872 2.211481 
560.1606 25.468 93.830 -0.05052 0.75464 1.574 0.61384 8.0000 57.65 0.9870 0.9872 2.213369 
559.6823 25.484 93.813 -0.05029 0.75468 1.563 0.61321 8.0000 58.11 0.9869 0.9871 2.215260 
559.2039 25.500 93.797 -0.05010 0.75482 1.550 0.61256 8.0000 57.74 0.9866 0.9868 2.217155 
558.7253 25.517 93.786 -0.04996 0.75496 1.536 0.61195 8.0000 58.02 0.9864 0.9866 2.219055 
558.2467 25.537 93.778 -0.04988 0.75533 1.522 0.61137 8.0000 56.60 0.9863 0.9865 2.220957 
557.7679 25.556 93.765 -0.04972 0.75559 1.509 0.61075 8.0000 56.65 0.9862 0.9864 2.222864 
557.2891 25.575 93.754 -0.04959 0.75586 1.499 0.61012 8.0000 56.75 0.9861 0.9863 2.224773 
556.8102 25.592 93.744 -0.04947 0.75601 1.494 0.60951 8.0000 56.21 0.9859 0.9861 2.226687 
556.3311 25.610 93.733 -0.04935 0.75626 1.469 0.60892 8.0000 54.66 0.9860 0.9861 2.228604 
555.8519 25.627 93.728 -0.04929 0.75645 1.479 0.60831 8.0000 55.83 0.9859 0.9860 2.230525 
555.3726 25.645 93.715 -0.04912 0.75660 1.457 0.60765 8.0000 55.18 0.9858 0.9860 2.232451 
554.8932 25.661 93.701 -0.04896 0.75693 1.451 0.60719 8.0000 55.99 0.9857 0.9859 2.234379 
554.4137 25.678 93.685 -0.04876 0.75708 1.439 0.60659 8.0000 55.44 0.9857 0.9858 2.236312 
553.9341 25.696 93.672 -0.04861 0.75733 1.437 0.60598 8.0000 56.02 0.9856 0.9858 2.238248 
553.4543 25.714 93.663 -0.04849 0.75758 1.425 0.60541 8.0000 53.96 0.9856 0.9857 2.240188 
552.9745 25.729 93.645 -0.04827 0.75772 1.408 0.60483 8.0000 54.06 0.9856 0.9857 2.242132 
552.4946 25.745 93.635 -0.04814 0.75778 1.400 0.60421 8.0000 54.10 0.9856 0.9858 2.244080 
552.0145 25.762 93.626 -0.04804 0.75794 1.396 0.60358 8.0000 53.52 0.9857 0.9859 2.246031 
551.5344 25.780 93.615 -0.04790 0.75816 1.390 0.60297 8.0000 53.73 0.9857 0.9858 2.247986 
551.0541 25.795 93.606 -0.04779 0.75831 1.378 0.60241 8.0000 54.01 0.9856 0.9858 2.249946 
550.5737 25.812 93.599 -0.04770 0.75839 1.365 0.60176 8.0000 53.27 0.9857 0.9859 2.251909 
550.0933 25.830 93.586 -0.04755 0.75865 1.360 0.60119 8.0000 54.27 0.9858 0.9860 2.253876 
549.6127 25.846 93.572 -0.04737 0.75869 1.355 0.60052 8.0000 53.83 0.9859 0.9861 2.255847 
549.1320 25.861 93.561 -0.04722 0.75874 1.344 0.59990 8.0000 52.59 0.9860 0.9862 2.257821 
548.6511 25.877 93.549 -0.04707 0.75887 1.338 0.59929 8.0000 51.98 0.9862 0.9864 2.259800 
548.1702 25.893 93.535 -0.04689 0.75903 1.325 0.59873 8.0000 52.36 0.9863 0.9865 2.261783 
547.6891 25.909 93.524 -0.04675 0.75915 1.312 0.59816 8.0000 51.58 0.9865 0.9867 2.263770 
547.2080 25.925 93.512 -0.04660 0.75924 1.313 0.59752 8.0000 51.73 0.9867 0.9868 2.265760 
546.7267 25.941 93.504 -0.04651 0.75940 1.304 0.59697 8.0000 52.71 0.9868 0.9870 2.267755 
546.2454 25.957 93.496 -0.04641 0.75955 1.296 0.59638 8.0000 51.14 0.9870 0.9871 2.269752 
545.7639 25.972 93.488 -0.04630 0.75968 1.285 0.59581 8.0000 50.47 0.9872 0.9873 2.271755 
545.2823 25.987 93.476 -0.04615 0.75979 1.282 0.59527 8.0000 51.17 0.9873 0.9874 2.273762 
544.8007 26.002 93.463 -0.04598 0.75977 1.279 0.59459 8.0000 50.12 0.9875 0.9876 2.275771 
544.3188 26.019 93.445 -0.04574 0.75989 1.275 0.59397 8.0000 50.04 0.9878 0.9880 2.277786 
543.8369 26.035 93.434 -0.04560 0.75992 1.264 0.59329 8.0000 49.83 0.9880 0.9882 2.279805 
543.3549 26.051 93.419 -0.04542 0.76007 1.240 0.59270 8.0000 49.12 0.9883 0.9885 2.281827 
542.8728 26.064 93.411 -0.04530 0.76003 1.244 0.59213 8.0000 49.19 0.9886 0.9887 2.283853 
542.3905 26.078 93.402 -0.04518 0.76010 1.235 0.59157 8.0000 49.13 0.9887 0.9889 2.285884 
541.9082 26.093 93.388 -0.04500 0.76020 1.230 0.59098 8.0000 48.80 0.9888 0.9890 2.287919 
541.4257 26.110 93.374 -0.04483 0.76044 1.228 0.59045 8.0000 48.43 0.9890 0.9892 2.289958 
540.9431 26.126 93.360 -0.04465 0.76053 1.215 0.58983 8.0000 47.36 0.9894 0.9895 2.292001 
540.4604 26.141 93.352 -0.04455 0.76060 1.207 0.58924 8.0000 47.80 0.9896 0.9897 2.294048 
539.9777 26.158 93.338 -0.04437 0.76080 1.224 0.58867 8.0000 48.55 0.9899 0.9900 2.296098 
539.4948 26.173 93.324 -0.04420 0.76094 1.206 0.58813 8.0000 47.42 0.9902 0.9903 2.298154 
539.0118 26.190 93.311 -0.04403 0.76115 1.196 0.58757 8.0000 47.04 0.9905 0.9907 2.300213 
538.5286 26.205 93.302 -0.04391 0.76123 1.189 0.58700 8.0000 46.04 0.9909 0.9910 2.302277 
538.0454 26.220 93.294 -0.04382 0.76129 1.189 0.58641 8.0000 46.05 0.9912 0.9913 2.304344 
537.5621 26.235 93.284 -0.04369 0.76145 1.175 0.58588 8.0000 45.63 0.9915 0.9916 2.306416 
537.0786 26.250 93.269 -0.04350 0.76160 1.166 0.58534 8.0000 45.21 0.9916 0.9918 2.308492 
536.5950 26.267 93.258 -0.04336 0.76167 1.163 0.58467 8.0000 44.65 0.9919 0.9921 2.310573 
536.1114 26.283 93.248 -0.04324 0.76192 1.173 0.58421 8.0000 45.53 0.9921 0.9923 2.312657 
535.6276 26.299 93.240 -0.04314 0.76219 1.161 0.58372 8.0000 43.85 0.9924 0.9925 2.314746 
535.1437 26.314 93.228 -0.04300 0.76243 1.155 0.58325 8.0000 44.12 0.9927 0.9929 2.316839 
534.6597 26.330 93.219 -0.04288 0.76259 1.148 0.58270 8.0000 44.13 0.9929 0.9930 2.318936 
534.1756 26.347 93.208 -0.04276 0.76294 1.141 0.58223 8.0000 42.79 0.9931 0.9932 2.321038 
533.6913 26.363 93.195 -0.04260 0.76310 1.135 0.58169 8.0000 42.16 0.9933 0.9935 2.323144 
533.2070 26.382 93.182 -0.04244 0.76337 1.135 0.58108 8.0000 42.11 0.9936 0.9938 2.325254 
532.7226 26.403 93.174 -0.04234 0.76363 1.133 0.58041 8.0000 41.80 0.9939 0.9941 2.327369 
532.2380 26.421 93.159 -0.04216 0.76393 1.126 0.57987 8.0000 41.22 0.9941 0.9942 2.329488 
531.7534 26.440 93.150 -0.04206 0.76427 1.120 0.57932 8.0000 41.20 0.9944 0.9945 2.331611 
531.2686 26.460 93.144 -0.04200 0.76459 1.118 0.57871 8.0000 41.22 0.9946 0.9948 2.333738 
530.7837 26.482 93.136 -0.04191 0.76503 1.119 0.57811 8.0000 40.22 0.9950 0.9952 2.335870 
530.2987 26.502 93.126 -0.04180 0.76538 1.114 0.57752 8.0000 39.22 0.9951 0.9953 2.338007 
529.8136 26.522 93.116 -0.04168 0.76582 1.113 0.57700 8.0000 39.72 0.9955 0.9957 2.340147 
529.3284 26.543 93.105 -0.04156 0.76620 1.099 0.57644 8.0000 38.93 0.9957 0.9958 2.342292 
528.8430 26.562 93.097 -0.04147 0.76650 1.104 0.57584 8.0000 39.03 0.9958 0.9960 2.344442 
528.3576 26.587 93.087 -0.04136 0.76709 1.102 0.57523 8.0000 38.73 0.9961 0.9963 2.346596 
527.8720 26.609 93.075 -0.04123 0.76751 1.095 0.57464 8.0000 37.98 0.9963 0.9964 2.348755 
527.3864 26.631 93.062 -0.04108 0.76791 1.096 0.57400 8.0000 37.64 0.9963 0.9965 2.350917 
526.9006 26.655 93.052 -0.04097 0.76840 1.087 0.57336 8.0000 37.07 0.9965 0.9967 2.353085 
526.4147 26.681 93.045 -0.04091 0.76894 1.080 0.57268 8.0000 36.09 0.9966 0.9968 2.355257 
525.9287 26.706 93.033 -0.04076 0.76937 1.078 0.57192 8.0000 35.93 0.9969 0.9971 2.357433 
525.4426 26.732 93.023 -0.04066 0.76990 1.090 0.57123 8.0000 36.37 0.9970 0.9972 2.359614 
524.9564 26.758 93.010 -0.04050 0.77027 1.078 0.57044 8.0000 35.23 0.9971 0.9972 2.361800 
524.4700 26.785 92.999 -0.04037 0.77071 1.078 0.56961 8.0000 34.67 0.9970 0.9971 2.363990 
523.9836 26.814 92.987 -0.04024 0.77130 1.070 0.56883 8.0000 34.04 0.9972 0.9973 2.366185 
523.4971 26.844 92.976 -0.04013 0.77197 1.066 0.56808 8.0000 34.04 0.9974 0.9976 2.368384 
523.0104 26.873 92.966 -0.04003 0.77266 1.064 0.56740 8.0000 33.28 0.9974 0.9976 2.370588 
522.5236 26.901 92.961 -0.04000 0.77324 1.063 0.56662 8.0000 32.54 0.9975 0.9977 2.372796 
522.0367 26.934 92.950 -0.03989 0.77386 1.060 0.56572 8.0000 32.41 0.9975 0.9976 2.375009 
521.5497 26.963 92.939 -0.03975 0.77437 1.049 0.56488 8.0000 31.86 0.9976 0.9978 2.377227 
521.0626 26.991 92.933 -0.03969 0.77479 1.050 0.56405 8.0000 31.52 0.9976 0.9978 2.379449 
520.5754 27.021 92.927 -0.03965 0.77542 1.054 0.56324 8.0000 31.68 0.9976 0.9978 2.381676 
520.0881 27.051 92.919 -0.03957 0.77614 1.053 0.56252 8.0000 31.32 0.9978 0.9980 2.383908 
519.6006 27.083 92.915 -0.03955 0.77683 1.043 0.56171 8.0000 31.05 0.9980 0.9982 2.386144 
519.1131 27.111 92.909 -0.03952 0.77752 1.042 0.56103 8.0000 30.77 0.9982 0.9983 2.388385 
518.6254 27.143 92.903 -0.03947 0.77834 1.040 0.56031 8.0000 29.88 0.9982 0.9984 2.390631 
518.1377 27.172 92.893 -0.03937 0.77887 1.042 0.55950 8.0000 29.70 0.9980 0.9982 2.392881 
517.6498 27.202 92.886 -0.03930 0.77946 1.031 0.55867 8.0000 28.78 0.9980 0.9982 2.395137 
517.1618 27.225 92.883 -0.03927 0.77989 1.029 0.55802 8.0000 28.53 0.9979 0.9981 2.397397 
516.6737 27.253 92.881 -0.03929 0.78068 1.023 0.55743 8.0000 28.13 0.9980 0.9982 2.399661 
516.1855 27.284 92.871 -0.03918 0.78133 1.029 0.55663 8.0000 27.81 0.9980 0.9982 2.401931 
515.6971 27.315 92.859 -0.03906 0.78205 1.026 0.55584 8.0000 27.64 0.9982 0.9984 2.404206 
515.2087 27.343 92.850 -0.03896 0.78261 1.021 0.55509 8.0000 27.57 0.9983 0.9985 2.406485 
514.7202 27.375 92.845 -0.03893 0.78326 1.013 0.55423 8.0000 27.14 0.9986 0.9987 2.408769 
514.2314 27.405 92.843 -0.03893 0.78397 1.009 0.55352 8.0000 26.68 0.9988 0.9990 2.411058 
513.7427 27.433 92.838 -0.03889 0.78445 1.016 0.55270 8.0000 26.73 0.9989 0.9991 2.413352 
513.2538 27.466 92.832 -0.03884 0.78522 1.013 0.55187 8.0000 26.14 0.9992 0.9994 2.415651 
512.7648 27.496 92.827 -0.03880 0.78578 1.011 0.55102 8.0000 25.96 0.9990 0.9992 2.417955 
512.2757 27.525 92.822 -0.03875 0.78630 1.012 0.55022 8.0000 25.92 0.9989 0.9991 2.420263 
511.7864 27.560 92.812 -0.03866 0.78705 1.006 0.54932 8.0000 25.67 0.9991 0.9993 2.422577 
511.2971 27.592 92.799 -0.03851 0.78760 1.005 0.54838 8.0000 25.65 0.9991 0.9993 2.424895 
510.8076 27.624 92.791 -0.03842 0.78812 0.994 0.54743 8.0000 24.90 0.9991 0.9993 2.427219 
510.3181 27.651 92.776 -0.03825 0.78881 1.004 0.54681 8.0000 24.47 0.9990 0.9992 2.429547 
509.8284 27.672 92.766 -0.03812 0.78921 1.003 0.54620 8.0000 24.00 0.9985 0.9988 2.431881 
509.3386 27.693 92.763 -0.03810 0.78959 0.994 0.54560 8.0000 24.04 0.9982 0.9984 2.434219 
508.8488 27.723 92.753 -0.03800 0.79012 0.982 0.54476 8.0000 23.43 0.9982 0.9984 2.436563 
508.3587 27.755 92.743 -0.03788 0.79074 0.984 0.54389 8.0000 23.63 0.9981 0.9983 2.438912 
507.8686 27.783 92.735 -0.03780 0.79118 0.994 0.54304 8.0000 23.43 0.9979 0.9981 2.441265 
507.3784 27.812 92.720 -0.03761 0.79159 1.001 0.54215 8.0000 23.13 0.9978 0.9980 2.443624 
506.8880 27.836 92.705 -0.03741 0.79176 0.986 0.54129 8.0000 22.28 0.9973 0.9975 2.445988 
506.3976 27.865 92.685 -0.03715 0.79215 0.984 0.54036 8.0000 22.01 0.9971 0.9973 2.448357 
505.9070 27.887 92.665 -0.03688 0.79238 0.973 0.53961 8.0000 21.41 0.9966 0.9968 2.450731 
505.4163 27.917 92.649 -0.03668 0.79289 0.979 0.53872 8.0000 21.31 0.9966 0.9969 2.453110 
504.9255 27.946 92.633 -0.03649 0.79352 0.972 0.53797 8.0000 21.39 0.9967 0.9969 2.455495 
504.4346 27.973 92.617 -0.03629 0.79400 0.979 0.53720 8.0000 21.34 0.9964 0.9966 2.457884 
503.9436 27.997 92.606 -0.03615 0.79429 0.976 0.53643 8.0000 20.93 0.9956 0.9959 2.460279 
503.4525 28.016 92.590 -0.03594 0.79444 0.972 0.53576 8.0000 20.74 0.9951 0.9953 2.462679 
502.9612 28.039 92.575 -0.03574 0.79477 0.966 0.53506 8.0000 20.32 0.9949 0.9951 2.465085 
502.4698 28.062 92.557 -0.03551 0.79514 0.970 0.53437 8.0000 20.50 0.9945 0.9947 2.467495 
501.9784 28.086 92.538 -0.03525 0.79537 0.975 0.53353 8.0000 20.33 0.9943 0.9946 2.469911 
501.4868 28.109 92.523 -0.03506 0.79568 0.975 0.53281 8.0000 20.41 0.9942 0.9944 2.472332 
500.9951 28.130 92.507 -0.03485 0.79593 0.964 0.53211 8.0000 19.81 0.9938 0.9940 2.474759 
500.5033 28.155 92.484 -0.03455 0.79643 0.939 0.53146 8.0000 18.88 0.9935 0.9938 2.477190 
500.0114 28.180 92.461 -0.03424 0.79677 0.944 0.53065 8.0000 18.88 0.9933 0.9936 2.479627 
499.5193 28.204 92.440 -0.03397 0.79712 0.957 0.52991 8.0000 19.22 0.9931 0.9933 2.482070 
499.0272 28.228 92.419 -0.03369 0.79738 0.957 0.52913 8.0000 18.63 0.9925 0.9927 2.484518 
498.5349 28.248 92.398 -0.03340 0.79757 0.944 0.52843 8.0000 17.93 0.9920 0.9923 2.486971 
498.0426 28.271 92.376 -0.03310 0.79793 0.937 0.52777 8.0000 17.61 0.9918 0.9920 2.489429 
497.5501 28.294 92.352 -0.03279 0.79824 0.927 0.52701 8.0000 16.95 0.9912 0.9914 2.491894 
497.0575 28.321 92.325 -0.03243 0.79876 0.931 0.52626 8.0000 16.98 0.9909 0.9912 2.494363 
496.5648 28.350 92.301 -0.03212 0.79929 0.928 0.52546 8.0000 16.36 0.9911 0.9914 2.496838 
496.0720 28.372 92.277 -0.03180 0.79970 0.929 0.52485 8.0000 16.20 0.9908 0.9910 2.499318 
495.5790 28.394 92.259 -0.03156 0.80005 0.927 0.52419 8.0000 15.60 0.9903 0.9906 2.501805 
495.0860 28.419 92.226 -0.03111 0.80049 0.916 0.52346 8.0000 15.12 0.9902 0.9904 2.504296 
494.5928 28.441 92.198 -0.03073 0.80076 0.927 0.52276 8.0000 15.55 0.9892 0.9894 2.506793 
494.0995 28.465 92.172 -0.03038 0.80109 0.925 0.52198 8.0000 15.38 0.9889 0.9891 2.509296 
493.6062 28.490 92.142 -0.02997 0.80138 0.919 0.52117 8.0000 15.15 0.9884 0.9887 2.511804 
493.1127 28.514 92.119 -0.02966 0.80168 0.905 0.52040 8.0000 14.64 0.9880 0.9882 2.514318 
492.6190 28.539 92.090 -0.02928 0.80226 0.914 0.51979 8.0000 14.74 0.9876 0.9879 2.516837 
492.1253 28.564 92.060 -0.02888 0.80280 0.915 0.51914 8.0000 15.14 0.9873 0.9875 2.519362 
491.6315 28.586 92.034 -0.02852 0.80311 0.889 0.51844 8.0000 14.80 0.9869 0.9872 2.521893 
491.1375 28.609 92.008 -0.02817 0.80350 0.870 0.51778 8.0000 14.63 0.9864 0.9866 2.524429 
490.6435 28.635 91.975 -0.02772 0.80400 0.859 0.51708 8.0000 14.22 0.9859 0.9861 2.526971 
490.1493 28.660 91.949 -0.02737 0.80439 0.870 0.51632 8.0000 14.12 0.9853 0.9855 2.529519 
489.6550 28.682 91.919 -0.02697 0.80485 0.858 0.51574 8.0000 14.25 0.9847 0.9849 2.532072 
489.1606 28.707 91.889 -0.02656 0.80537 0.866 0.51506 8.0000 14.26 0.9842 0.9844 2.534631 
488.6661 28.732 91.859 -0.02616 0.80595 0.856 0.51445 8.0000 13.82 0.9839 0.9841 2.537196 
488.1714 28.760 91.827 -0.02573 0.80673 0.838 0.51379 8.0000 13.46 0.9837 0.9839 2.539768 
487.6767 28.782 91.796 -0.02531 0.80722 0.856 0.51323 8.0000 13.66 0.9831 0.9833 2.542344 
487.1818 28.811 91.766 -0.02491 0.80780 0.830 0.51246 8.0000 13.43 0.9826 0.9828 2.544927 
486.6869 28.834 91.736 -0.02451 0.80845 0.825 0.51195 8.0000 13.15 0.9822 0.9824 2.547514 
486.1918 28.862 91.707 -0.02411 0.80896 0.804 0.51114 8.0000 12.63 0.9817 0.9819 2.550109 
485.6966 28.885 91.677 -0.02369 0.80931 0.814 0.51047 8.0000 12.73 0.9810 0.9812 2.552709 
485.2013 28.913 91.645 -0.02326 0.81009 0.821 0.50985 8.0000 13.04 0.9806 0.9808 2.555314 
484.7058 28.937 91.616 -0.02286 0.81060 0.816 0.50921 8.0000 13.01 0.9799 0.9800 2.557927 
484.2103 28.958 91.587 -0.02248 0.81125 0.795 0.50879 8.0000 12.70 0.9793 0.9794 2.560544 
483.7146 28.984 91.555 -0.02205 0.81214 0.795 0.50829 8.0000 13.14 0.9792 0.9793 2.563168 
483.2189 29.012 91.527 -0.02167 0.81296 0.790 0.50771 8.0000 13.95 0.9789 0.9790 2.565798 
482.7230 29.038 91.498 -0.02127 0.81371 0.783 0.50713 8.0000 14.35 0.9783 0.9785 2.568433 
482.2270 29.059 91.467 -0.02085 0.81430 0.792 0.50665 8.0000 15.11 0.9777 0.9778 2.571075 
481.7309 29.081 91.427 -0.02030 0.81496 0.776 0.50620 8.0000 15.47 0.9771 0.9773 2.573723 
481.2346 29.097 91.398 -0.01990 0.81559 0.775 0.50595 8.0000 16.38 0.9764 0.9766 2.576377 
480.7383 29.118 91.370 -0.01952 0.81635 0.750 0.50560 8.0000 16.18 0.9759 0.9760 2.579037 
480.2419 29.142 91.340 -0.01912 0.81725 0.741 0.50519 8.0000 16.38 0.9755 0.9756 2.581703 
479.7453 29.164 91.313 -0.01874 0.81801 0.735 0.50480 8.0000 16.96 0.9752 0.9754 2.584375 
479.2486 29.185 91.285 -0.01836 0.81871 0.723 0.50438 8.0000 17.05 0.9746 0.9747 2.587054 
478.7518 29.203 91.256 -0.01796 0.81935 0.712 0.50409 8.0000 17.12 0.9738 0.9740 2.589738 
478.2549 29.225 91.229 -0.01759 0.81998 0.707 0.50357 8.0000 17.56 0.9730 0.9731 2.592429 
477.7579 29.245 91.202 -0.01722 0.82061 0.711 0.50318 8.0000 18.19 0.9724 0.9725 2.595126 
477.2608 29.263 91.179 -0.01690 0.82132 0.703 0.50289 8.0000 17.85 0.9718 0.9720 2.597829 
476.7635 29.282 91.155 -0.01657 0.82206 0.702 0.50259 8.0000 18.41 0.9712 0.9714 2.600539 
476.2662 29.306 91.128 -0.01621 0.82295 0.705 0.50221 8.0000 18.98 0.9708 0.9709 2.603254 
475.7687 29.330 91.100 -0.01581 0.82368 0.707 0.50169 8.0000 19.31 0.9704 0.9705 2.605976 
475.2711 29.352 91.076 -0.01548 0.82425 0.715 0.50114 8.0000 20.54 0.9699 0.9700 2.608705 
474.7734 29.374 91.050 -0.01511 0.82473 0.711 0.50058 8.0000 21.17 0.9694 0.9696 2.611439 
474.2756 29.397 91.029 -0.01483 0.82554 0.708 0.50016 8.0000 22.07 0.9690 0.9691 2.614180 
473.7776 29.417 91.007 -0.01451 0.82579 0.708 0.49953 8.0000 23.55 0.9683 0.9684 2.616928 
473.2796 29.438 90.982 -0.01415 0.82604 0.696 0.49884 8.0000 24.39 0.9675 0.9676 2.619682 
472.7814 29.460 90.956 -0.01379 0.82651 0.690 0.49825 8.0000 24.69 0.9669 0.9670 2.622442 
472.2831 29.480 90.934 -0.01348 0.82656 0.682 0.49750 8.0000 26.12 0.9662 0.9663 2.625209 
471.7848 29.503 90.917 -0.01324 0.82673 0.679 0.49670 8.0000 27.44 0.9658 0.9660 2.627982 
471.2863 29.532 90.897 -0.01296 0.82724 0.668 0.49587 8.0000 28.11 0.9655 0.9657 2.630762 
470.7876 29.554 90.879 -0.01270 0.82725 0.659 0.49500 8.0000 28.74 0.9648 0.9650 2.633548 
470.2889 29.578 90.870 -0.01257 0.82764 0.655 0.49428 8.0000 29.19 0.9644 0.9646 2.636341 
469.7900 29.604 90.858 -0.01239 0.82785 0.649 0.49338 8.0000 29.36 0.9640 0.9642 2.639141 
469.2911 29.632 90.854 -0.01233 0.82779 0.645 0.49228 8.0000 29.61 0.9633 0.9635 2.641946 
468.7920 29.669 90.845 -0.01221 0.82793 0.641 0.49089 8.0000 29.84 0.9635 0.9637 2.644759 
468.2928 29.708 90.834 -0.01206 0.82812 0.643 0.48948 8.0000 30.32 0.9634 0.9636 2.647578 
467.7935 29.740 90.824 -0.01191 0.82810 0.644 0.48824 8.0000 30.83 0.9631 0.9633 2.650404 
467.2941 29.771 90.821 -0.01187 0.82806 0.647 0.48699 8.0000 31.23 0.9630 0.9632 2.653237 
466.7945 29.811 90.820 -0.01185 0.82807 0.653 0.48546 8.0000 32.46 0.9632 0.9634 2.656077 
466.2949 29.845 90.819 -0.01183 0.82814 0.651 0.48416 8.0000 34.23 0.9630 0.9632 2.658922 
465.7951 29.880 90.819 -0.01184 0.82802 0.658 0.48274 8.0000 36.11 0.9632 0.9634 2.661775 
465.2952 29.908 90.827 -0.01195 0.82780 0.656 0.48154 8.0000 37.76 0.9628 0.9630 2.664635 
464.7952 29.946 90.833 -0.01203 0.82783 0.655 0.48008 8.0000 40.59 0.9630 0.9632 2.667502 
464.2951 29.977 90.838 -0.01211 0.82755 0.652 0.47872 8.0000 43.57 0.9628 0.9630 2.670375 
463.7949 30.012 90.841 -0.01214 0.82688 0.644 0.47700 8.0000 46.10 0.9625 0.9627 2.673255 
463.2946 30.038 90.851 -0.01227 0.82621 0.638 0.47562 8.0000 48.11 0.9622 0.9625 2.676142 
462.7941 30.072 90.853 -0.01229 0.82571 0.631 0.47400 8.0000 50.43 0.9627 0.9629 2.679036 
462.2935 30.111 90.853 -0.01229 0.82506 0.623 0.47216 8.0000 52.97 0.9628 0.9630 2.681937 
461.7928 30.143 90.859 -0.01236 0.82436 0.616 0.47053 8.0000 54.47 0.9627 0.9630 2.684845 
461.2921 30.181 90.864 -0.01243 0.82392 0.611 0.46883 8.0000 56.05 0.9632 0.9634 2.687759 
460.7911 30.216 90.867 -0.01245 0.82344 0.607 0.46723 8.0000 56.01 0.9634 0.9636 2.690681 
460.2901 30.257 90.868 -0.01247 0.82310 0.603 0.46548 8.0000 56.27 0.9636 0.9638 2.693610 
459.7889 30.295 90.879 -0.01262 0.82270 0.603 0.46379 8.0000 55.79 0.9637 0.9640 2.696546 
459.2877 30.334 90.891 -0.01279 0.82232 0.605 0.46214 8.0000 56.19 0.9643 0.9646 2.699489 
458.7863 30.377 90.906 -0.01300 0.82196 0.606 0.46030 8.0000 56.46 0.9650 0.9653 2.702439 
458.2848 30.417 90.918 -0.01317 0.82133 0.609 0.45844 8.0000 57.49 0.9653 0.9655 2.705396 
457.7832 30.454 90.934 -0.01337 0.82041 0.614 0.45656 8.0000 58.32 0.9649 0.9651 2.708360 
457.2815 30.497 90.948 -0.01356 0.81940 0.612 0.45439 8.0000 59.14 0.9649 0.9652 2.711332 
456.7796 30.543 90.968 -0.01384 0.81886 0.614 0.45238 8.0000 59.24 0.9659 0.9661 2.714311 
456.2777 30.591 90.992 -0.01418 0.81860 0.611 0.45044 8.0000 60.87 0.9670 0.9672 2.717297 
455.7756 30.634 91.019 -0.01454 0.81772 0.606 0.44835 8.0000 60.67 0.9676 0.9679 2.720290 
455.2734 30.688 91.044 -0.01489 0.81704 0.599 0.44598 8.0000 60.28 0.9680 0.9682 2.723291 
454.7711 30.733 91.067 -0.01521 0.81653 0.595 0.44404 8.0000 59.74 0.9689 0.9692 2.726299 
454.2687 30.784 91.094 -0.01558 0.81603 0.585 0.44190 8.0000 57.85 0.9701 0.9703 2.729314 
453.7662 30.826 91.110 -0.01581 0.81598 0.579 0.44032 8.0000 55.45 0.9709 0.9712 2.732336 
453.2635 30.869 91.126 -0.01603 0.81559 0.573 0.43855 8.0000 53.04 0.9711 0.9713 2.735367 
452.7608 30.910 91.142 -0.01625 0.81552 0.565 0.43699 8.0000 49.87 0.9718 0.9720 2.738404 
452.2579 30.952 91.158 -0.01648 0.81536 0.562 0.43537 8.0000 46.03 0.9722 0.9725 2.741449 
451.7549 30.994 91.173 -0.01670 0.81528 0.565 0.43382 8.0000 44.11 0.9728 0.9730 2.744501 
451.2518 31.035 91.189 -0.01692 0.81519 0.564 0.43225 8.0000 41.09 0.9732 0.9735 2.747561 
450.7485 31.077 91.205 -0.01715 0.81534 0.564 0.43083 8.0000 38.65 0.9741 0.9743 2.750629 
450.2452 31.118 91.220 -0.01737 0.81519 0.568 0.42926 8.0000 36.20 0.9743 0.9745 2.753704 
449.7417 31.159 91.236 -0.01759 0.81520 0.567 0.42776 8.0000 33.41 0.9748 0.9750 2.756787 
449.2382 31.199 91.251 -0.01781 0.81532 0.570 0.42637 8.0000 32.36 0.9754 0.9756 2.759876 
448.7345 31.240 91.266 -0.01803 0.81536 0.568 0.42491 8.0000 30.88 0.9758 0.9760 2.762974 
448.2307 31.280 91.282 -0.01824 0.81551 0.565 0.42353 8.0000 29.12 0.9763 0.9765 2.766080 
447.7267 31.320 91.297 -0.01846 0.81585 0.562 0.42226 8.0000 28.23 0.9771 0.9773 2.769193 
447.2227 31.360 91.312 -0.01868 0.81610 0.558 0.42096 8.0000 26.78 0.9777 0.9779 2.772314 
446.7186 31.401 91.327 -0.01890 0.81611 0.550 0.41951 8.0000 24.10 0.9778 0.9780 2.775443 
446.2143 31.440 91.341 -0.01912 0.81647 0.546 0.41828 8.0000 22.56 0.9785 0.9787 2.778580 
445.7099 31.480 91.356 -0.01934 0.81682 0.539 0.41704 8.0000 20.98 0.9791 0.9793 2.781724 
445.2054 31.519 91.371 -0.01955 0.81721 0.536 0.41583 8.0000 18.99 0.9797 0.9799 2.784876 
444.7008 31.558 91.385 -0.01977 0.81758 0.537 0.41462 8.0000 17.58 0.9803 0.9804 2.788036 
444.1960 31.597 91.400 -0.01999 0.81799 0.534 0.41344 8.0000 15.74 0.9808 0.9810 2.791204 
443.6912 31.635 91.414 -0.02020 0.81839 0.536 0.41226 8.0000 14.31 0.9813 0.9814 2.794380 
443.1862 31.674 91.428 -0.02042 0.81886 0.541 0.41113 8.0000 13.03 0.9818 0.9819 2.797564 
442.6812 31.711 91.442 -0.02063 0.81949 0.541 0.41009 8.0000 12.06 0.9825 0.9827 2.800756 
442.1759 31.750 91.456 -0.02085 0.81999 0.546 0.40898 8.0000 11.05 0.9830 0.9831 2.803956 
441.6706 31.787 91.470 -0.02106 0.82048 0.548 0.40788 8.0000 10.41 0.9834 0.9835 2.807164 
441.1652 31.825 91.484 -0.02127 0.82112 0.549 0.40686 8.0000 9.66 0.9840 0.9841 2.810380 
440.6596 31.862 91.498 -0.02149 0.82176 0.546 0.40585 8.0000 9.19 0.9845 0.9846 2.813605 
440.1540 31.900 91.512 -0.02170 0.82227 0.547 0.40476 8.0000 8.56 0.9847 0.9849 2.816837 
439.6482 31.900 91.512 -0.02170 0.82227 0.546 0.40476 8.0000 8.05 0.9847 0.9849 2.820077 

# MINIMA:
439.6482 0.560 1.562 -17.96306 -12.41029 -4072.639 -17.22774 8.0000 7.69 0.5211 0.5490 1.240099 

# MAXIMA:
999.7925 80.630 359.948 12.51313 4.78378 317.349 67.35754 8.0000 79.30 2.7194795584609321E18 1.24560637658650378E19 2.820077 

# PEAKS:

# END SPECTRUM

