## SPECTRUM TYPE:
LCE

## DATE:
25/06/2026

## COMMENTS:

## NUMBER OF SPECTRUM:
1

## ELLIPSOMETRIC CONFIGURATION:
0.00 ø :Modulator
+45.00 øAnalyser

## UNIT:
nm


# SPECTRUM:
1

# CAPTION:


# START TIME:
11:26:52

# END TIME:
11:26:52

# THETA ANGLE:
0.00 ø

# INCIDENCE ANGLE:
69.95 ø

# ACCUMULATION NUMBER:
19

# ELLIPSOMETRIC CONFIGURATION:
0.00 ø :Modulator
+45.00 øAnalyser

# INTEGRATION TIME:
12 ms

# FIRST POINT:
999.79 nm

# LAST POINT:
439.65 nm

# INCREMENT:
0.00 nm

# NUMBER OF POINTS:
1273

# DATA:
nm Psi Delta Ic Is Reflectance IcPrim IntegrationTime IntensityMax Polarization PolarizationGen eV 
999.7925 1.873 198.470 -4.18196 -1.39679 0.000 67.35753 12.0000 4.39 2.72331932794303283E18 2.10429043321444762E19 1.240099 
999.4089 1.873 198.470 -4.18196 -1.39679 0.547 67.35753 12.0000 4.34 2.5328899613261824E18 1.95714719011569664E19 1.240575 
999.0253 1.873 198.470 -4.18196 -1.39679 0.276 67.35753 12.0000 4.46 2.41456546774725427E18 1.86571840021961114E19 1.241052 
998.6415 1.873 198.470 -4.18196 -1.39679 0.597 67.35753 12.0000 4.47 2.2796012400714711E18 1.7614323611529642E19 1.241529 
998.2578 1.873 198.470 -4.18196 -1.39679 0.128 67.35753 12.0000 4.53 2.1261487243746345E18 1.64286069736011203E19 1.242006 
997.8739 1.873 198.470 -4.18196 -1.39679 0.345 67.35753 12.0000 4.52 1.9523590918546391E18 1.50857470343192248E19 1.242484 
997.4900 1.873 198.470 -4.18196 -1.39679 -0.012 67.35753 12.0000 4.46 1.75638365114833306E18 1.35714578391042621E19 1.242962 
997.1060 1.873 198.470 -4.18196 -1.39679 -0.004 67.35753 12.0000 4.53 1.53637357345361101E18 1.18714545328881664E19 1.243440 
996.7219 1.873 198.470 -4.18196 -1.39679 -2.328 67.35752 12.0000 4.59 1.29047975509046067E18 9.97145116109124403E18 1.243920 
996.3377 1.873 198.470 -4.18196 -1.39679 -0.255 67.35753 12.0000 4.64 1.01685371085416038E18 7.85716011986635981E18 1.244399 
995.9535 1.873 198.470 -4.18196 -1.39679 -0.125 67.35753 12.0000 4.61 717344132107862016.0000 5.54286956281646285E18 1.244879 
995.5692 1.873 198.470 -4.18196 -1.39679 0.637 67.35752 12.0000 4.68 393799710214717440.0000 3.04286379525380506E18 1.245360 
995.1848 1.873 198.470 -4.18196 -1.39679 -0.432 67.35752 12.0000 4.74 51767099084767232.0000 400000887075897344.0000 1.245841 
994.8003 1.873 198.470 -4.18196 -1.39679 0.012 67.35753 12.0000 4.78 295812024221302784.0000 2.28571919764632371E18 1.246322 
994.4158 1.873 198.470 -4.18196 -1.39679 0.007 67.35753 12.0000 4.78 630449315847864320.0000 4.87143959317551514E18 1.246804 
994.0311 31.512 340.504 0.54528 -0.19305 0.008 0.29443 12.0000 4.84 0.5700 0.9838 1.247287 
993.6464 27.010 345.924 0.29454 -0.07385 0.376 0.22046 12.0000 4.88 0.5330 0.8970 1.247770 
993.2617 6.658 81.392 0.00815 0.05382 0.663 0.22999 12.0000 4.87 0.5118 0.7519 1.248253 
992.8768 23.263 148.766 -0.21049 0.12765 -0.128 0.23339 12.0000 4.91 0.5738 0.6416 1.248737 
992.4919 11.228 124.394 -0.08650 0.12635 0.051 0.37047 12.0000 4.90 0.6804 0.7398 1.249221 
992.1069 9.273 110.720 -0.04434 0.11723 -4.591 0.37360 12.0000 4.90 0.5827 0.6805 1.249706 
991.7218 8.324 105.473 -0.03997 0.14439 -0.302 0.50100 12.0000 5.02 0.6307 0.7095 1.250191 
991.3367 9.624 95.062 -0.01641 0.18529 0.133 0.53275 12.0000 5.14 0.6703 0.7171 1.250677 
990.9514 9.588 106.234 -0.06889 0.23660 0.692 0.70861 12.0000 5.06 0.8619 0.8849 1.251163 
990.5661 4.826 125.458 -0.08994 0.12628 5.951 0.91155 12.0000 5.07 0.8694 0.8978 1.251650 
990.1807 4.431 72.482 0.04688 0.14852 -12.319 0.99899 12.0000 5.12 0.7598 0.8065 1.252137 
989.7953 2.080 69.962 0.02416 0.06624 -0.253 0.96937 12.0000 5.13 0.7493 0.8107 1.252625 
989.4097 3.429 133.288 -0.07974 0.08466 -1.245 0.96706 12.0000 5.25 0.7404 0.8230 1.253113 
989.0241 5.536 154.891 -0.16894 0.07917 0.583 0.95344 12.0000 5.27 0.7559 0.8590 1.253601 
988.6384 8.464 165.068 -0.29053 0.07748 0.911 0.98790 12.0000 5.17 0.7795 0.8656 1.254090 
988.2526 7.826 143.256 -0.22367 0.16698 16.570 0.99622 12.0000 5.29 0.7639 0.8485 1.254580 
987.8668 8.388 138.820 -0.22779 0.19927 0.599 1.00398 12.0000 5.28 0.7710 0.8543 1.255070 
987.4809 8.201 139.996 -0.20701 0.17373 -2405.029 0.91808 12.0000 5.29 0.6941 0.7437 1.255560 
987.0949 7.578 136.726 -0.21370 0.20120 0.700 1.08364 12.0000 5.38 0.7006 0.7157 1.256051 
986.7088 4.424 132.623 -0.12838 0.13951 0.601 1.21805 12.0000 5.43 0.7993 0.8089 1.256543 
986.3226 2.828 163.753 -0.10731 0.03127 -1.329 1.12839 12.0000 5.38 0.8623 0.8701 1.257035 
985.9364 4.833 136.882 -0.12242 0.11463 -4.398 0.98465 12.0000 5.40 0.9003 0.9184 1.257527 
985.5501 6.310 122.961 -0.10870 0.16764 49.019 0.89243 12.0000 5.43 0.9641 1.0073 1.258020 
985.1638 8.444 121.536 -0.14034 0.22870 -1.118 0.88378 12.0000 5.50 1.0659 1.1195 1.258513 
984.7773 10.625 121.680 -0.17336 0.28092 0.684 0.84885 12.0000 5.59 1.0951 1.1420 1.259007 
984.3907 13.148 115.196 -0.16207 0.34447 -0.369 0.77041 12.0000 5.63 0.9667 1.0058 1.259502 
984.0041 9.676 114.022 -0.11960 0.26835 -0.277 0.83653 12.0000 5.70 0.9010 0.9353 1.259997 
983.6174 5.125 124.908 -0.08173 0.11711 0.328 0.78974 12.0000 5.71 0.7232 0.7655 1.260492 
983.2307 4.660 107.341 -0.04927 0.15779 0.370 1.00712 12.0000 5.81 0.7265 0.7805 1.260988 
982.8438 3.355 284.666 0.03390 -0.12953 0.275 1.13808 12.0000 5.82 0.8321 0.8760 1.261484 
982.4569 3.386 127.874 -0.06950 0.08936 0.251 0.95321 12.0000 5.83 0.8043 0.8840 1.261981 
982.0699 8.527 119.017 -0.11782 0.21241 -1.587 0.79180 12.0000 5.85 0.7409 0.8410 1.262478 
981.6828 12.897 129.473 -0.21906 0.26600 -0.007 0.71303 12.0000 5.95 0.7302 0.8291 1.262976 
981.2957 21.118 151.036 -0.62628 0.34663 -0.004 0.78840 12.0000 5.93 0.7934 0.8968 1.263474 
980.9084 15.874 132.042 -0.27907 0.30948 0.002 0.67347 12.0000 6.00 0.7872 1.1148 1.263973 
980.5211 35.369 19.390 0.82926 0.29187 0.005 0.30722 12.0000 5.98 0.7954 0.9727 1.264472 
980.1337 34.857 51.978 0.43802 0.56018 -0.001 0.26286 12.0000 6.07 0.6192 0.8886 1.264972 
979.7463 39.510 23.317 1.20990 0.52148 -0.001 0.25560 12.0000 6.01 0.6852 1.1457 1.265472 
979.3587 79.777 83.549 0.11709 1.03550 4.412 -2.79524 12.0000 6.09 0.7355 1.1401 1.265973 
978.9711 80.751 126.380 -0.60368 0.81940 3.293 -3.04203 12.0000 6.20 0.7774 1.5916 1.266474 
978.5834 66.784 161.582 -1.23015 0.40963 0.537 -1.23333 12.0000 6.12 0.8239 1.8022 1.266976 
978.1956 48.955 165.857 -1.08966 0.27457 4.365 -0.15615 12.0000 6.14 0.8886 1.8707 1.267478 
977.8077 35.855 169.597 -1.00281 0.18410 -1.626 0.33700 12.0000 6.26 1.0058 1.7769 1.267981 
977.4199 27.180 173.406 -0.89723 0.10372 1.559 0.64757 12.0000 6.29 1.1857 1.6160 1.268484 
977.0319 12.680 174.490 -0.33121 0.03195 1.475 0.70202 12.0000 6.33 0.9720 1.0842 1.268988 
976.6437 3.434 6.849 0.08655 0.01039 0.675 0.72375 12.0000 6.26 0.8063 1.1905 1.269493 
976.2556 8.632 192.611 -0.27191 -0.06083 -4.956 0.89653 12.0000 6.30 1.0424 1.1808 1.269997 
975.8674 3.303 144.863 -0.09455 0.06654 0.650 0.99827 12.0000 6.44 1.0933 1.1648 1.270502 
975.4790 8.050 163.255 -0.23922 0.07198 0.525 0.86554 12.0000 6.45 1.0775 1.1625 1.271008 
975.0906 6.712 147.061 -0.17137 0.11103 -0.914 0.85560 12.0000 6.40 1.0899 1.1739 1.271515 
974.7021 7.396 141.461 -0.16854 0.13425 -8.513 0.81604 12.0000 6.55 1.0563 1.1352 1.272021 
974.3136 7.523 137.958 -0.16348 0.14742 0.603 0.81892 12.0000 6.48 0.9497 1.0035 1.272529 
973.9250 6.859 138.437 -0.14692 0.13027 0.014 0.80444 12.0000 6.53 0.8066 0.8405 1.273036 
973.5363 8.787 114.175 -0.10566 0.23538 0.030 0.81460 12.0000 6.54 0.7280 0.7624 1.273545 
973.1475 5.616 147.073 -0.09743 0.06309 -2.843 0.58446 12.0000 6.56 0.5542 0.5854 1.274053 
972.7586 4.210 106.271 -0.02492 0.08539 -1.515 0.60083 12.0000 6.67 0.5605 0.5837 1.274563 
972.3697 4.366 134.395 -0.05292 0.05405 -0.549 0.49246 12.0000 6.73 0.5417 0.5631 1.275073 
971.9807 17.667 132.602 -0.06806 0.07401 -0.230 0.14182 12.0000 6.72 0.5198 0.5463 1.275583 
971.5916 19.236 130.084 -0.13885 0.16499 -0.332 0.27136 12.0000 6.74 0.5859 0.6068 1.276094 
971.2024 23.305 122.027 -0.15024 0.24018 0.228 0.26781 12.0000 6.91 0.7489 0.7646 1.276605 
970.8131 29.446 119.007 -0.13924 0.25113 0.019 0.17328 12.0000 6.83 0.7926 0.8057 1.277117 
970.4238 30.374 116.027 -0.12514 0.25628 0.006 0.15973 12.0000 6.85 0.7872 0.7989 1.277629 
970.0344 32.410 78.767 0.07210 0.36303 0.004 0.17401 12.0000 7.05 0.7958 0.8308 1.278142 
969.6449 18.091 114.436 -0.13064 0.28752 0.001 0.43177 12.0000 6.99 0.9376 0.9585 1.278656 
969.2553 17.908 143.447 -0.32049 0.23761 0.001 0.55286 12.0000 6.98 0.9943 1.0201 1.279170 
968.8657 16.792 159.676 -0.48574 0.17991 -0.872 0.78011 12.0000 7.06 1.0171 1.0805 1.279684 
968.4760 19.070 171.717 -0.59300 0.08633 0.664 0.76317 12.0000 7.17 1.0039 1.0842 1.280199 
968.0861 18.855 177.837 -0.64351 0.02430 0.161 0.83289 12.0000 7.31 0.9787 1.0534 1.280714 
967.6962 6.003 171.101 -0.61686 0.09659 -0.714 2.93606 12.0000 7.24 2.4355 5.2977 1.281230 
967.3063 22.540 165.495 -0.50463 0.13056 0.617 0.51978 12.0000 7.23 1.0963 1.2636 1.281747 
966.9163 75.704 157.079 -0.35281 0.14919 0.700 -0.70278 12.0000 7.27 1.5889 3.6190 1.282264 
966.5261 51.113 162.283 -0.37603 0.12013 -3.135 -0.08554 12.0000 7.21 4.4942 6.4103 1.282782 
966.1359 6.879 193.363 -4.45144 -1.05746 0.630 18.68536 12.0000 7.16 2.2047 5.4793 1.283300 
965.7457 16.872 172.762 -0.54810 0.06961 -0.383 0.82710 12.0000 7.27 4.6475 7.1395 1.283818 
965.3553 19.392 170.239 -0.50571 0.08700 0.641 0.63860 12.0000 7.40 7.1679 9.1970 1.284337 
964.9649 20.202 168.605 -0.49065 0.09889 6.268 0.58802 12.0000 7.41 8.8643 10.8504 1.284857 
964.5743 20.257 167.716 -0.48295 0.10516 0.866 0.57843 12.0000 7.30 9.5689 11.6769 1.285377 
964.1838 19.413 167.872 -0.48089 0.10334 -0.013 0.61118 12.0000 7.40 9.1525 11.5404 1.285898 
963.7931 17.756 169.381 -0.49154 0.09216 0.732 0.70080 12.0000 7.47 7.5370 10.3594 1.286419 
963.4023 14.282 173.493 -0.53199 0.06068 0.075 0.98353 12.0000 7.54 4.8305 8.3252 1.286941 
963.0115 6.498 207.438 -2.48126 -1.28825 0.608 12.11423 12.0000 7.60 2.0789 5.8729 1.287463 
962.6207 56.235 161.402 -0.37580 0.12646 0.653 -0.16400 12.0000 7.66 4.1474 5.2546 1.287986 
962.2297 83.203 162.572 -0.35156 0.11036 0.671 -1.52381 12.0000 7.68 1.6643 3.1772 1.288509 
961.8386 76.449 154.106 -0.29087 0.14120 0.670 -0.63180 12.0000 7.72 1.4344 2.6162 1.289033 
961.4474 27.796 186.538 -0.37760 -0.04328 0.644 0.26031 12.0000 7.79 0.8904 1.4205 1.289558 
961.0562 5.356 196.491 -0.39061 -0.11564 0.708 2.15340 12.0000 7.61 1.3167 1.9285 1.290083 
960.6649 12.027 204.541 -0.42057 -0.19203 0.012 1.03584 12.0000 7.88 0.7913 1.0110 1.290608 
960.2736 15.371 222.413 -0.39186 -0.35798 0.013 0.89240 12.0000 7.77 0.6652 0.7901 1.291134 
959.8821 11.263 196.759 -0.28496 -0.08581 0.458 0.71753 12.0000 7.72 0.6063 0.6457 1.291661 
959.4905 11.097 134.469 -0.18025 0.18361 0.764 0.63070 12.0000 7.82 0.6012 0.6459 1.292188 
959.0989 16.836 74.498 0.11755 0.42381 0.610 0.66016 12.0000 7.99 0.5899 0.7588 1.292715 
958.7073 7.665 84.165 0.02000 0.19568 1.199 0.71750 12.0000 7.96 0.5757 0.7320 1.293243 
958.3155 11.144 107.715 -0.09593 0.30033 -11.162 0.76919 12.0000 7.81 0.5950 0.6306 1.293772 
957.9236 10.164 109.415 -0.10018 0.28425 0.595 0.81351 12.0000 7.79 0.6586 0.6661 1.294301 
957.5317 7.560 113.230 -0.08896 0.20727 -64.391 0.83482 12.0000 7.84 0.7302 0.7364 1.294831 
957.1396 5.507 112.756 -0.06615 0.15771 0.540 0.87868 12.0000 7.70 0.8621 0.8796 1.295362 
956.7476 4.126 114.653 -0.05543 0.12078 -1.397 0.91638 12.0000 7.97 0.8843 0.8952 1.295892 
956.3554 1.252 130.181 -0.02639 0.03125 0.732 0.93548 12.0000 8.19 0.8625 0.8740 1.296424 
955.9632 4.501 149.855 -0.13145 0.07634 -0.006 0.95962 12.0000 8.29 0.9077 0.9266 1.296956 
955.5709 2.786 74.810 0.02627 0.09675 -0.004 1.02751 12.0000 8.09 0.9711 1.0039 1.297488 
955.1784 4.198 52.100 0.07766 0.09975 -0.004 0.85651 12.0000 8.16 0.7574 0.8019 1.298021 
954.7859 7.407 45.983 0.12652 0.13094 0.650 0.68842 12.0000 8.25 0.6454 0.7997 1.298555 
954.3934 14.940 50.113 0.15309 0.18317 6.227 0.41549 12.0000 8.03 0.6225 0.8711 1.299089 
954.0007 19.940 67.118 0.10528 0.24944 0.696 0.32404 12.0000 8.07 0.6359 0.9311 1.299624 
953.6080 17.829 96.155 -0.03585 0.33250 0.842 0.46614 12.0000 8.26 0.7341 1.0210 1.300159 
953.2152 25.611 99.171 -0.06536 0.40485 -0.561 0.32945 12.0000 8.33 0.6118 0.8551 1.300695 
952.8223 20.461 92.689 -0.01477 0.31442 0.597 0.36309 12.0000 8.16 0.5462 0.7204 1.301231 
952.4293 13.453 86.849 0.01373 0.24953 0.724 0.49244 12.0000 8.25 0.5728 0.6858 1.301768 
952.0363 8.847 96.167 -0.02296 0.21249 0.615 0.66997 12.0000 8.26 0.6814 0.7523 1.302305 
951.6432 9.164 46.261 0.21428 0.22393 0.696 0.93560 12.0000 8.43 0.8370 0.9412 1.302843 
951.2499 9.906 55.364 0.17184 0.24877 2.338 0.83921 12.0000 8.27 0.6886 0.7378 1.303382 
950.8567 42.177 316.673 0.62005 -0.58486 2.301 0.08426 12.0000 8.28 0.6539 1.6861 1.303921 
950.4633 7.951 53.914 0.15554 0.21341 0.594 0.92688 12.0000 8.31 0.6726 0.8399 1.304461 
950.0699 10.979 94.190 -0.03445 0.47020 -0.126 1.16934 12.0000 8.28 1.2066 2.4362 1.305001 
949.6763 13.738 103.189 -0.13750 0.58677 -0.066 1.15886 12.0000 8.47 1.3717 3.5359 1.305542 
949.2827 14.400 104.411 -0.15480 0.60240 -0.044 1.13140 12.0000 8.44 1.3816 4.0851 1.306083 
948.8890 10.857 112.642 -0.14897 0.35715 -0.087 0.97171 12.0000 8.64 1.7421 4.4457 1.306625 
948.4953 13.189 103.533 -0.13349 0.55462 0.004 1.15031 12.0000 8.59 1.3448 4.1461 1.307167 
948.1014 13.932 92.383 -1.57794 37.91071 0.187 71.77349 12.0000 8.57 28.3266 29.0834 1.307710 
947.7075 73.235 347.983 0.26208 -0.05579 0.456 -0.40439 12.0000 8.51 0.5777 2.5983 1.308254 
947.3135 14.217 92.568 -0.30370 6.77170 0.900 12.51878 12.0000 8.27 15.9442 16.1980 1.308798 
946.9194 14.159 92.868 -0.42588 8.50210 0.192 15.79790 12.0000 8.38 25.1233 25.6004 1.309343 
946.5253 14.131 93.624 -0.57412 9.06446 0.071 16.89469 12.0000 8.45 30.0657 30.6146 1.309888 
946.1310 32.913 13.912 37.36976 9.25615 0.685 17.28154 12.0000 8.66 70.9475 133.6719 1.310434 
945.7367 19.033 136.950 -9.99975 9.34119 0.605 17.47326 12.0000 8.53 36.9433 46.8178 1.310980 
945.3423 34.958 168.748 -47.54837 9.46008 0.151 17.72615 12.0000 8.67 84.7639 161.7999 1.311527 
944.9478 38.156 172.535 -72.91186 9.55406 0.106 17.90968 12.0000 8.81 126.7505 250.4946 1.312074 
944.5532 38.928 173.416 -89.56091 10.33770 0.608 19.39985 12.0000 8.60 152.9437 304.3117 1.312623 
944.1586 38.881 173.365 -92.34885 10.74291 -1.557 20.16477 12.0000 8.62 161.9711 322.4989 1.313171 
943.7639 38.185 172.590 -86.65318 11.26997 -0.017 21.19012 12.0000 8.65 153.7433 304.8920 1.313720 
943.3691 36.474 170.621 -65.40516 10.80346 1.043 20.33357 12.0000 8.62 129.2143 251.9469 1.314270 
942.9742 32.287 165.379 -40.61200 10.59465 1.140 19.95330 12.0000 8.73 88.9035 164.2426 1.314821 
942.5792 17.398 130.392 -8.48728 9.97539 0.700 18.84740 12.0000 8.71 44.2017 52.9916 1.315372 
942.1841 31.952 14.847 31.03496 8.22686 -0.877 15.72622 12.0000 8.74 72.6993 134.4031 1.315923 
941.7890 13.747 91.287 -0.16649 7.40954 -0.837 14.24026 12.0000 8.85 20.8011 21.1578 1.316475 
941.3938 75.341 274.902 1.93929 -22.61369 -19.647 -40.41547 12.0000 8.79 9.6233 9.8306 1.317028 
940.9985 15.939 356.788 0.44736 -0.02511 0.315 0.72048 12.0000 8.86 0.6838 0.7437 1.317581 
940.6031 10.204 350.246 0.23658 -0.04067 -4.717 0.64517 12.0000 8.84 0.6142 0.7178 1.318135 
940.2077 3.860 146.705 -0.07891 0.05183 1.730 0.69651 12.0000 8.90 0.6024 0.7188 1.318689 
939.8122 15.206 150.844 -0.35456 0.19780 1.948 0.69166 12.0000 8.85 0.6208 0.7346 1.319244 
939.4166 18.446 152.153 -0.52306 0.27632 0.925 0.78813 12.0000 8.83 0.7394 0.8217 1.319800 
939.0209 16.311 146.882 -0.40303 0.26292 -2.954 0.75180 12.0000 8.71 0.7177 0.8281 1.320356 
938.6251 16.072 141.708 -0.35527 0.28050 0.828 0.72036 12.0000 8.79 0.7274 0.8128 1.320913 
938.2292 16.716 149.117 -0.36516 0.21840 0.610 0.64450 12.0000 8.92 0.6855 0.7260 1.321470 
937.8333 13.889 116.822 -0.18477 0.36543 0.597 0.77739 12.0000 8.87 0.7946 0.8521 1.322028 
937.4373 18.907 89.161 0.00898 0.61279 -1.639 0.78970 12.0000 9.12 0.6680 0.8792 1.322586 
937.0412 15.025 24.549 0.36880 0.16845 5.926 0.70083 12.0000 9.01 0.6637 0.7046 1.323146 
936.6450 10.159 6.375 0.24012 0.02683 0.596 0.65251 12.0000 8.78 0.7925 0.9391 1.323705 
936.2487 10.554 357.175 0.24594 -0.01214 0.624 0.63785 12.0000 9.00 0.9588 1.2497 1.324266 
935.8524 11.841 353.114 0.23601 -0.02850 0.433 0.54199 12.0000 9.03 0.9975 1.4205 1.324826 
935.4560 15.169 345.815 0.23008 -0.05816 0.593 0.40549 12.0000 9.04 0.9217 1.4478 1.325388 
935.0594 18.870 315.907 0.19157 -0.18560 -0.326 0.34461 12.0000 9.15 0.8834 1.3920 1.325950 
934.6629 4.979 281.312 0.02233 -0.11162 -0.037 0.64834 12.0000 9.11 0.9183 1.2314 1.326512 
934.2662 12.954 252.142 -0.05999 -0.18618 0.748 0.40268 12.0000 8.99 0.7299 0.9564 1.327076 
933.8694 65.523 351.108 0.28769 -0.04501 0.958 -0.25353 12.0000 9.21 0.7582 1.2663 1.327640 
933.4727 9.165 160.928 -1.34942 0.46655 -2.570 4.30951 12.0000 9.14 1.3382 2.3634 1.328204 
933.0757 13.385 148.928 -2.20432 1.32825 -0.489 5.10121 12.0000 9.05 1.5840 2.8766 1.328769 
932.6787 15.661 157.329 -3.14559 1.31398 0.564 5.60210 12.0000 9.23 1.6089 3.0004 1.329334 
932.2817 15.973 184.942 -530.38232 -45.85702 14.409 853.72009 12.0000 9.13 1.3553 2.7408 1.329901 
931.8845 76.121 17.416 25.99484 8.15449 0.104 -51.76615 12.0000 9.20 1.2416 2.5596 1.330467 
931.4873 74.174 38.986 2.11820 1.71441 -57.582 -4.42058 12.0000 9.11 0.9520 1.9737 1.331035 
931.0900 55.488 65.236 0.28179 0.61086 0.177 -0.25792 12.0000 9.31 0.6101 1.1527 1.331603 
930.6926 22.976 109.757 -0.26503 0.73790 0.577 0.75844 12.0000 9.23 0.6685 0.7440 1.332171 
930.2951 14.019 119.582 -0.14333 0.25249 -2.907 0.54514 12.0000 9.26 0.6857 0.7713 1.332740 
929.8975 12.228 100.363 -0.04135 0.22610 0.039 0.50537 12.0000 9.32 0.7488 0.8710 1.333310 
929.4999 5.689 72.484 0.03674 0.11643 5.586 0.60669 12.0000 9.40 0.9138 1.0651 1.333881 
929.1022 2.766 342.203 0.07395 -0.02374 4.739 0.80174 12.0000 9.57 1.0218 1.1706 1.334452 
928.7043 4.545 350.697 0.12822 -0.02100 0.746 0.81210 12.0000 9.43 1.3007 1.4252 1.335023 
928.3065 3.711 26.090 0.09869 0.04833 1.080 0.84346 12.0000 9.43 1.4291 1.5209 1.335595 
927.9085 4.106 22.265 0.11897 0.04871 0.557 0.89070 12.0000 9.43 1.3920 1.4508 1.336168 
927.5104 4.777 24.351 0.13731 0.06214 0.138 0.89551 12.0000 9.41 1.2134 1.2706 1.336742 
927.1123 5.733 31.598 0.15104 0.09291 0.060 0.87426 12.0000 9.39 0.8998 1.0344 1.337316 
926.7141 9.334 14.033 0.24216 0.06053 0.018 0.73878 12.0000 9.34 0.6074 0.9813 1.337890 
926.3158 3.715 296.710 0.03603 -0.07160 0.290 0.61461 12.0000 9.42 0.6824 0.8404 1.338466 
925.9174 0.524 25.450 0.00790 0.00376 0.244 0.47813 12.0000 9.43 0.6383 0.7281 1.339042 
925.5190 6.437 315.911 0.08666 -0.08394 -0.080 0.52785 12.0000 9.39 0.5779 0.6666 1.339618 
925.1204 17.121 277.811 0.05027 -0.36646 -0.033 0.54343 12.0000 9.48 0.5582 0.6518 1.340195 
924.7218 15.797 288.351 0.06463 -0.19484 -0.024 0.33376 12.0000 9.39 0.5484 0.6199 1.340773 
924.3231 11.137 306.365 0.09133 -0.12404 -0.011 0.37607 12.0000 9.40 0.5437 0.5920 1.341351 
923.9243 8.504 30.113 0.12007 0.06964 0.585 0.45377 12.0000 9.47 0.5415 0.5606 1.341930 
923.5255 12.440 58.678 0.13830 0.22726 0.564 0.57367 12.0000 9.60 0.5990 0.6158 1.342510 
923.1265 26.009 108.585 -0.27450 0.81638 0.025 0.67249 12.0000 9.31 0.8140 0.9554 1.343090 
922.7275 12.460 46.749 0.22835 0.24274 0.017 0.71732 12.0000 9.57 0.8059 0.8701 1.343671 
922.3283 14.453 349.337 0.43992 -0.08283 0.572 0.81069 12.0000 9.57 0.9827 1.1804 1.344252 
921.9291 17.513 346.947 0.57598 -0.13354 0.000 0.84357 12.0000 9.41 1.3224 1.7078 1.344834 
921.5298 18.873 338.531 0.61408 -0.24151 0.000 0.85232 12.0000 9.46 1.4582 1.9420 1.345417 
921.1305 19.130 340.430 0.68978 -0.24521 0.000 0.92828 12.0000 9.23 1.5157 2.0580 1.346000 
920.7311 20.399 335.541 0.63689 -0.28969 0.000 0.81067 12.0000 9.42 1.3899 1.7998 1.346584 
920.3315 20.323 343.192 0.62096 -0.18758 0.000 0.75559 12.0000 9.57 1.2456 1.5672 1.347169 
919.9319 18.519 2.294 0.39833 0.01595 0.000 0.52829 12.0000 9.45 1.3265 1.4810 1.347754 
919.5322 16.681 40.988 0.31177 0.27090 0.662 0.62727 12.0000 9.23 0.9964 1.0403 1.348340 
919.1324 24.070 91.112 -0.01253 0.64551 0.541 0.57849 12.0000 9.51 0.9610 1.1127 1.348926 
918.7326 17.396 50.288 0.30675 0.36933 2.139 0.69096 12.0000 9.28 0.7743 0.8136 1.349513 
918.3326 18.766 64.383 0.27330 0.56999 -2.415 0.82288 12.0000 9.53 0.7604 0.9676 1.350101 
917.9326 14.312 33.822 0.30605 0.20505 0.639 0.67501 12.0000 9.46 0.5751 0.6358 1.350689 
917.5325 67.704 110.749 -0.55586 1.46727 0.882 -1.59153 12.0000 9.28 0.8379 1.0118 1.351278 
917.1323 77.076 125.288 -0.65672 0.92794 0.750 -2.34652 12.0000 9.34 1.0729 1.3807 1.351868 
916.7321 46.323 101.145 -0.07859 0.39894 2.040 -0.01879 12.0000 9.41 1.4246 1.8427 1.352458 
916.3317 54.898 123.681 -0.18295 0.27452 38.058 -0.11875 12.0000 9.42 1.5192 2.0056 1.353049 
915.9313 62.047 148.129 -0.29982 0.18641 0.940 -0.23897 12.0000 9.32 1.4753 1.9469 1.353641 
915.5308 69.876 167.010 -0.48184 0.11115 1.072 -0.58417 12.0000 9.39 1.3225 1.6995 1.354233 
915.1302 75.054 171.144 -1.24006 0.19321 0.531 -2.18326 12.0000 9.51 1.0263 1.2592 1.354826 
914.7295 12.508 37.648 0.26271 0.20267 0.000 0.71100 12.0000 9.32 0.6912 0.7441 1.355419 
914.3287 20.673 70.314 0.08868 0.24787 0.000 0.29918 12.0000 9.24 0.8499 0.9770 1.356013 
913.9279 14.596 27.267 0.25539 0.13163 -0.002 0.51427 12.0000 9.31 0.5695 0.6014 1.356608 
913.5270 5.990 10.724 0.17756 0.03363 -0.007 0.85165 12.0000 9.25 0.6506 0.7114 1.357203 
913.1259 7.476 16.567 0.27702 0.08241 0.456 1.08229 12.0000 9.21 0.9157 0.9913 1.357799 
912.7249 14.644 35.045 0.26213 0.18385 0.000 0.57083 12.0000 9.07 0.6067 0.7094 1.358396 
912.3237 11.247 21.654 0.33805 0.13421 0.533 0.87840 12.0000 9.19 0.7515 0.8596 1.358993 
911.9224 11.539 21.216 0.34283 0.13309 -0.094 0.86306 12.0000 9.36 0.7032 0.8086 1.359591 
911.5211 19.186 63.442 0.17944 0.35900 -0.088 0.50690 12.0000 9.37 0.6143 0.7615 1.360190 
911.1196 14.414 5.104 0.41959 0.03748 0.050 0.76537 12.0000 9.34 0.6358 0.7869 1.360789 
910.7181 20.869 227.933 -0.53832 -0.59645 0.019 0.90055 12.0000 9.27 0.7348 0.8425 1.361389 
910.3165 12.520 82.790 0.05862 0.46340 0.031 0.99990 12.0000 9.19 0.8864 1.1197 1.361990 
909.9149 31.742 119.298 -1.04743 1.86663 -0.021 1.06792 12.0000 9.19 1.3370 1.5818 1.362591 
909.5131 31.544 46.809 0.82107 0.87462 0.031 0.60891 12.0000 8.96 1.3030 1.6369 1.363193 
909.1113 40.671 6.428 2.06706 0.23287 0.013 0.31676 12.0000 9.01 1.7457 2.0925 1.363795 
908.7093 43.755 357.186 2.70463 -0.13294 0.003 0.11774 12.0000 9.04 2.1724 2.5359 1.364399 
908.3073 44.807 353.108 2.98530 -0.36086 0.004 0.02021 12.0000 8.93 2.4306 2.7674 1.365003 
907.9052 47.203 355.283 3.24258 -0.26755 -0.001 -0.25068 12.0000 8.94 2.4669 2.7775 1.365607 
907.5031 62.189 0.616 3.70285 0.03980 -0.581 -2.53342 12.0000 8.96 2.8111 3.1208 1.366212 
907.1008 38.237 2.994 2.55259 0.13353 -0.001 0.61485 12.0000 8.88 1.9941 2.1814 1.366818 
906.6984 19.301 15.897 1.75051 0.49854 -0.002 2.27990 12.0000 8.91 2.1933 2.2658 1.367425 
906.2960 10.421 51.643 0.82886 1.04738 -0.018 3.50852 12.0000 8.88 2.8166 2.8836 1.368032 
905.8935 11.889 103.119 -0.45977 1.97277 -0.097 4.59755 12.0000 8.93 3.3706 3.5194 1.368640 
905.4909 8.507 62.340 0.70929 1.35331 0.004 4.99310 12.0000 8.76 3.2127 3.3101 1.369248 
905.0883 6.937 59.739 0.53101 0.91014 0.834 4.26648 12.0000 8.85 3.0642 3.1618 1.369857 
904.6855 3.892 54.332 0.30977 0.43160 0.288 3.88610 12.0000 8.98 2.5153 2.6501 1.370467 
904.2826 2.512 17.316 0.16440 0.05125 -0.002 1.95880 12.0000 8.88 1.8915 1.9556 1.371078 
903.8797 12.711 234.391 -0.23143 -0.32316 -0.001 0.83624 12.0000 9.00 1.4341 1.4955 1.371689 
903.4767 73.280 61.138 0.12678 0.23003 0.535 -0.39773 12.0000 8.92 1.3113 1.5053 1.372301 
903.0736 16.183 64.837 0.10981 0.23374 0.065 0.40749 12.0000 8.85 1.2066 1.4114 1.372913 
902.6704 21.628 56.684 0.15400 0.23430 0.006 0.29799 12.0000 8.90 1.1237 1.3776 1.373527 
902.2672 30.625 58.281 0.14525 0.23499 0.025 0.15156 12.0000 8.84 0.9232 1.2328 1.374140 
901.8638 45.733 53.115 0.13699 0.18255 3.901 -0.00584 12.0000 8.78 0.7785 1.0637 1.374755 
901.4604 40.079 75.276 0.03451 0.13133 -0.014 0.02356 12.0000 8.71 1.0696 1.8045 1.375370 
901.0569 42.807 355.984 0.30730 -0.02157 -0.009 0.02362 12.0000 8.80 0.6769 0.7624 1.375986 
900.6533 62.082 305.663 0.91383 -1.27348 -0.388 -1.06377 12.0000 8.74 0.9576 1.9822 1.376603 
900.2496 37.846 140.102 -3.95798 3.30917 -0.099 1.31584 12.0000 8.73 0.7613 1.6797 1.377220 
899.8458 26.770 52.300 2.33380 3.01960 0.068 2.81978 12.0000 8.57 1.0028 2.4099 1.377838 
899.4420 27.431 41.921 2.66018 2.38862 0.085 2.51625 12.0000 8.75 1.3187 3.2245 1.378457 
899.0380 26.824 40.695 2.81071 2.41715 -0.109 2.72838 12.0000 8.79 1.5887 3.8057 1.379076 
898.6340 25.901 39.163 2.36486 1.92618 0.047 2.39990 12.0000 8.72 1.7051 4.0025 1.379696 
898.2299 21.999 357.908 2.11457 -0.07724 -0.184 2.19127 12.0000 8.62 1.4241 3.7844 1.380317 
897.8257 27.449 42.330 1.80275 1.64213 -0.229 1.71396 12.0000 8.77 1.6732 3.3337 1.380938 
897.4214 34.634 59.445 1.65980 2.81158 0.076 1.23577 12.0000 8.88 2.0096 2.9129 1.381560 
897.0171 39.883 65.131 1.60100 3.45388 0.009 0.68724 12.0000 8.69 2.1189 2.6335 1.382183 
896.6127 44.314 64.689 1.53608 3.24793 0.006 0.08609 12.0000 8.57 2.0427 2.9961 1.382807 
896.2081 42.088 66.031 1.47566 3.31915 0.003 0.37046 12.0000 8.65 2.5144 2.8855 1.383431 
895.8035 40.676 63.022 1.43140 2.81196 0.002 0.47989 12.0000 8.63 2.3899 2.8540 1.384056 
895.3989 37.907 57.890 1.27469 2.03125 0.002 0.60620 12.0000 8.65 2.0746 2.6419 1.384681 
894.9941 33.578 45.517 1.07574 1.09534 7.133 0.64674 12.0000 8.75 1.6600 2.2789 1.385307 
894.5892 25.743 10.537 0.78863 0.14669 0.386 0.63840 12.0000 8.83 1.3938 2.0306 1.385934 
894.1843 28.220 314.015 0.86576 -0.89604 0.000 0.82658 12.0000 8.66 1.5188 1.8989 1.386562 
893.7792 16.837 353.293 0.56877 -0.06689 0.002 0.85957 12.0000 8.71 0.9287 1.5875 1.387190 
893.3741 8.406 206.291 -0.23971 -0.11842 0.479 0.88489 12.0000 8.62 0.7045 1.3273 1.387819 
892.9689 7.432 283.135 0.04766 -0.20425 -2.256 0.79025 12.0000 8.75 0.6532 0.9887 1.388449 
892.5637 4.538 298.007 0.05706 -0.10728 -0.273 0.76069 12.0000 8.77 0.6144 0.6885 1.389079 
892.1583 7.000 3.227 0.19373 0.01092 0.097 0.77826 12.0000 8.88 0.5669 0.7130 1.389711 
891.7528 7.537 357.515 0.22171 -0.00962 0.205 0.82396 12.0000 8.68 0.6125 0.7387 1.390343 
891.3473 10.790 8.472 0.28139 0.04192 -0.141 0.71927 12.0000 8.89 0.6060 0.8019 1.390975 
890.9417 15.055 12.623 0.33623 0.07530 0.369 0.59416 12.0000 8.74 0.6199 0.8434 1.391608 
890.5359 13.533 15.149 0.32850 0.08894 0.000 0.66604 12.0000 8.72 0.6112 0.8056 1.392242 
890.1302 12.451 15.718 0.23316 0.06562 0.011 0.52177 12.0000 8.89 0.5655 0.7274 1.392877 
889.7243 7.509 74.325 0.02407 0.08578 0.000 0.33207 12.0000 8.76 0.5310 0.7317 1.393512 
889.3184 15.708 332.724 0.14121 -0.07281 0.000 0.26011 12.0000 8.80 0.5244 0.5835 1.394148 
888.9123 24.395 318.674 0.20122 -0.17694 0.416 0.23466 12.0000 8.78 0.5250 0.5556 1.394785 
888.5062 26.033 334.220 0.18670 -0.09017 -0.680 0.16161 12.0000 9.05 0.5217 0.6634 1.395423 
888.1000 16.460 354.395 0.34463 -0.03382 -24.810 0.53487 12.0000 8.85 0.6386 0.7215 1.396061 
887.6937 18.981 356.094 0.44965 -0.03070 0.432 0.57766 12.0000 8.97 0.7258 0.8333 1.396700 
887.2873 18.718 356.775 0.46505 -0.02621 -261.311 0.60841 12.0000 9.13 0.7508 0.8702 1.397340 
886.8808 19.070 0.021 0.48413 0.00018 0.473 0.61656 12.0000 9.02 0.7908 0.8889 1.397980 
886.4743 13.171 4.656 0.36410 0.02965 0.588 0.73777 12.0000 9.07 0.6914 0.7934 1.398621 
886.0676 14.301 2.760 0.31638 0.01525 0.494 0.58090 12.0000 9.04 0.6364 0.6870 1.399263 
885.6609 12.284 2.782 0.24265 0.01179 0.404 0.53138 12.0000 9.10 0.6038 0.6213 1.399906 
885.2541 13.681 352.503 0.30128 -0.03965 0.021 0.58716 12.0000 9.14 0.6027 0.6536 1.400549 
884.8472 13.198 347.402 0.25780 -0.05762 0.003 0.53223 12.0000 9.10 0.5713 0.6282 1.401193 
884.4402 13.537 339.996 0.21144 -0.07697 41.289 0.44020 12.0000 9.23 0.5474 0.6089 1.401838 
884.0332 20.873 349.620 0.33814 -0.06194 0.422 0.38521 12.0000 9.30 0.5737 0.6172 1.402483 
883.6260 21.717 348.699 0.33141 -0.06623 0.000 0.35696 12.0000 9.29 0.5603 0.6333 1.403130 
883.2188 32.279 350.418 0.34658 -0.05851 0.000 0.16721 12.0000 9.46 0.5410 0.5594 1.403777 
882.8115 38.316 327.155 0.20542 -0.13261 0.000 0.05810 12.0000 9.37 0.5673 0.6104 1.404424 
882.4041 17.455 32.947 0.16429 0.10647 0.015 0.28052 12.0000 9.45 0.5239 0.6121 1.405073 
881.9966 15.524 63.567 0.10627 0.21376 0.011 0.39655 12.0000 9.54 0.5510 0.6296 1.405722 
881.5890 9.819 95.827 -0.02768 0.27124 0.008 0.76405 12.0000 9.56 0.6018 0.7379 1.406372 
881.1813 13.284 346.101 0.49263 -0.12191 0.006 1.01483 12.0000 9.61 0.6201 0.7680 1.407023 
880.7736 23.261 116.497 -0.48724 0.97740 0.123 1.03555 12.0000 9.74 0.7163 0.8892 1.407674 
880.3658 32.069 120.646 -1.31458 2.21874 -0.004 1.25018 12.0000 9.63 0.9216 1.0585 1.408326 
879.9579 35.138 121.533 -3.54632 5.77955 -0.007 2.43099 12.0000 9.66 1.0643 1.3454 1.408979 
879.5499 33.378 122.528 -1.35257 2.12080 0.006 1.08036 12.0000 9.76 1.0647 1.1538 1.409632 
879.1418 33.153 129.772 -0.73666 0.88505 0.040 0.50535 12.0000 9.85 0.9333 1.1648 1.410287 
878.7336 28.749 124.801 -0.41784 0.60117 -0.002 0.46643 12.0000 9.84 1.1679 1.4810 1.410942 
878.3253 28.844 121.614 -0.40826 0.66324 -0.120 0.49257 12.0000 10.04 1.1761 1.8270 1.411598 
877.9170 29.122 118.494 -0.35734 0.65830 0.478 0.46362 12.0000 10.09 1.1708 2.0855 1.412254 
877.5085 31.528 118.454 -0.38017 0.70152 111.665 0.40558 12.0000 10.14 1.1581 2.2088 1.412912 
877.1000 34.389 116.167 -0.40046 0.81503 0.572 0.35262 12.0000 10.37 1.1353 2.1028 1.413570 
876.6915 37.950 115.864 -0.50103 1.03348 0.498 0.28850 12.0000 10.37 1.1180 1.8980 1.414228 
876.2828 38.944 114.765 -0.71678 1.55378 0.019 0.36719 12.0000 10.44 1.1058 1.5070 1.414888 
875.8740 40.445 112.268 -1.06692 2.60554 0.059 0.45150 12.0000 10.71 1.1159 1.4125 1.415548 
875.4651 27.453 108.350 -0.31335 0.94469 0.013 0.69937 12.0000 10.67 1.0726 2.7085 1.416209 
875.0562 33.412 99.967 -0.21417 1.21867 0.061 0.52969 12.0000 10.73 0.9309 1.3144 1.416871 
874.6472 33.465 66.633 0.38896 0.90023 1.394 0.41768 12.0000 10.68 0.7615 3.0125 1.417534 
874.2380 52.287 345.744 6.45926 -1.64122 0.000 -1.73286 12.0000 10.81 0.9552 4.2648 1.418197 
873.8289 57.332 61.077 11.52042 20.84963 0.445 -10.93851 12.0000 10.81 1.0425 5.1449 1.418861 
873.4196 53.691 61.713 3.31854 6.16661 0.471 -2.19208 12.0000 11.23 1.0341 5.4192 1.419526 
873.0102 51.658 60.564 2.66610 4.72471 0.038 -1.28398 12.0000 11.14 1.0306 5.1416 1.420192 
872.6007 48.724 60.836 1.43876 2.57813 -0.023 -0.38595 12.0000 11.05 0.9404 4.2413 1.420858 
872.1912 32.002 31.464 0.71335 0.43653 -0.038 0.40782 12.0000 11.34 0.7146 2.8745 1.421525 
871.7816 13.674 347.449 0.35010 -0.07794 -0.017 0.69350 12.0000 11.23 0.6856 1.0302 1.422193 
871.3718 14.924 293.452 0.17491 -0.40318 0.513 0.76590 12.0000 11.76 0.9767 2.5968 1.422862 
870.9620 7.707 332.818 0.13593 -0.06980 -0.043 0.55422 12.0000 11.69 0.6148 0.7246 1.423532 
870.5521 1.853 15.673 0.02998 0.00841 0.497 0.48078 12.0000 11.81 0.5822 0.7712 1.424202 
870.1422 2.019 117.267 -0.01560 0.03028 0.470 0.48243 12.0000 11.94 0.5711 0.7117 1.424873 
869.7321 4.609 338.867 0.08030 -0.03104 0.009 0.53040 12.0000 11.90 0.5857 0.7112 1.425545 
869.3219 10.430 332.468 0.18199 -0.09487 0.452 0.53857 12.0000 12.04 0.6211 0.7179 1.426217 
868.9117 14.156 327.431 0.27110 -0.17317 0.492 0.59716 12.0000 12.24 0.6791 0.7207 1.426891 
868.5013 16.471 325.433 0.33963 -0.23400 -0.004 0.63651 12.0000 12.32 0.7626 0.7675 1.427565 
868.0909 18.113 325.489 0.41375 -0.28448 0.438 0.68539 12.0000 12.42 0.9026 0.9150 1.428240 
867.6805 17.472 323.421 0.38822 -0.28810 -0.006 0.69187 12.0000 12.55 0.8697 0.8726 1.428915 
867.2699 16.395 324.041 0.34697 -0.25171 0.483 0.66539 12.0000 12.67 0.7660 0.7677 1.429592 
866.8592 15.819 321.749 0.32110 -0.25314 0.484 0.66362 12.0000 12.88 0.7274 0.7294 1.430269 
866.4485 13.984 317.610 0.27260 -0.24883 -0.083 0.69510 12.0000 12.79 0.6859 0.6878 1.430947 
866.0376 15.149 311.880 0.26964 -0.30073 0.429 0.69127 12.0000 12.92 0.6768 0.6898 1.431626 
865.6267 13.688 317.567 0.28461 -0.26018 0.456 0.74470 12.0000 13.38 0.6895 0.6913 1.432306 
865.2157 12.582 322.980 0.27328 -0.20608 -0.005 0.72852 12.0000 13.27 0.6693 0.6802 1.432986 
864.8046 12.933 326.487 0.28795 -0.19068 0.463 0.71233 12.0000 13.39 0.6836 0.7092 1.433667 
864.3934 12.145 328.530 0.27475 -0.16817 0.454 0.71376 12.0000 13.53 0.6833 0.7204 1.434349 
863.9821 13.208 328.941 0.30360 -0.18285 0.506 0.71346 12.0000 13.52 0.6982 0.7485 1.435032 
863.5707 11.887 327.175 0.27071 -0.17463 -1.106 0.73130 12.0000 13.80 0.7069 0.7403 1.435716 
863.1593 8.864 328.002 0.19365 -0.12100 0.519 0.71431 12.0000 13.92 0.6525 0.6713 1.436400 
862.7477 10.115 318.799 0.20709 -0.18130 0.479 0.74684 12.0000 14.17 0.6963 0.7007 1.437085 
862.3361 10.765 311.586 0.19750 -0.22257 -0.002 0.75425 12.0000 14.13 0.7079 0.7119 1.437771 
861.9244 12.062 306.091 0.19379 -0.26585 0.495 0.73465 12.0000 14.24 0.7213 0.7472 1.438458 
861.5126 11.057 309.609 0.19922 -0.24074 -0.636 0.76901 12.0000 14.45 0.7276 0.7483 1.439145 
861.1008 9.491 313.305 0.17223 -0.18274 0.479 0.73005 12.0000 14.57 0.6769 0.6850 1.439834 
860.6888 8.647 316.423 0.16478 -0.15679 0.489 0.73058 12.0000 14.73 0.6574 0.6658 1.440523 
860.2767 9.291 313.903 0.16733 -0.17386 0.497 0.71781 12.0000 14.64 0.6445 0.6614 1.441213 
859.8646 9.859 312.249 0.16275 -0.17918 -0.001 0.67538 12.0000 14.89 0.6235 0.6507 1.441904 
859.4523 9.448 310.369 0.16642 -0.19575 0.493 0.75057 12.0000 15.14 0.6435 0.6716 1.442595 
859.0400 9.540 308.108 0.17140 -0.21854 1.901 0.80299 12.0000 15.12 0.6574 0.6829 1.443288 
858.6276 9.014 308.514 0.17889 -0.22478 0.503 0.88265 12.0000 15.50 0.6694 0.6877 1.443981 
858.2151 9.920 307.151 0.18666 -0.24636 0.509 0.85670 12.0000 15.64 0.6931 0.7002 1.444675 
857.8026 11.931 304.171 0.18767 -0.27645 0.526 0.75537 12.0000 15.53 0.7296 0.7319 1.445370 
857.3899 13.085 303.410 0.20192 -0.30610 0.508 0.74620 12.0000 15.78 0.7687 0.7823 1.446065 
856.9771 13.479 303.843 0.19896 -0.29672 0.513 0.70242 12.0000 15.57 0.7806 0.7837 1.446762 
856.5643 13.540 302.837 0.19562 -0.30311 0.501 0.70561 12.0000 15.85 0.7846 0.7873 1.447459 
856.1514 14.614 302.010 0.20062 -0.32094 0.001 0.67645 12.0000 16.28 0.7977 0.8006 1.448157 
855.7383 14.569 301.424 0.19518 -0.31946 0.547 0.67155 12.0000 16.40 0.7933 0.7964 1.448856 
855.3253 15.004 301.513 0.20206 -0.32957 0.526 0.66936 12.0000 16.43 0.8106 0.8144 1.449556 
854.9120 14.157 301.168 0.20082 -0.33201 0.584 0.72021 12.0000 16.38 0.8071 0.8111 1.450257 
854.4988 12.709 298.274 0.17904 -0.33287 0.534 0.79535 12.0000 16.66 0.7785 0.7818 1.450958 
854.0854 12.778 297.584 0.17716 -0.33910 0.550 0.80007 12.0000 16.66 0.7858 0.7886 1.451660 
853.6719 12.469 297.819 0.17359 -0.32897 0.546 0.79989 12.0000 16.95 0.7963 0.7988 1.452364 
853.2584 11.948 295.916 0.16158 -0.33253 0.535 0.83445 12.0000 17.03 0.7789 0.7806 1.453067 
852.8448 11.530 294.018 0.14768 -0.33142 0.531 0.85229 12.0000 17.04 0.7699 0.7707 1.453772 
852.4311 11.138 292.495 0.13178 -0.31823 0.546 0.84084 12.0000 17.02 0.7521 0.7528 1.454478 
852.0173 13.408 290.948 0.13135 -0.34310 0.544 0.72683 12.0000 17.35 0.7481 0.7488 1.455184 
851.6034 12.093 290.879 0.12569 -0.32952 0.535 0.78525 12.0000 17.37 0.7597 0.7605 1.455891 
851.1894 12.634 290.628 0.12669 -0.33654 0.537 0.76185 12.0000 17.47 0.7615 0.7627 1.456599 
850.7753 13.586 290.218 0.13242 -0.35956 0.553 0.74647 12.0000 17.51 0.7695 0.7710 1.457308 
850.3612 11.912 290.324 0.12183 -0.32891 0.605 0.79434 12.0000 17.69 0.7535 0.7549 1.458018 
849.9470 12.001 290.625 0.12573 -0.33404 0.538 0.80158 12.0000 17.79 0.7554 0.7574 1.458728 
849.5326 12.833 289.628 0.12719 -0.35665 0.582 0.78797 12.0000 17.92 0.7694 0.7717 1.459440 
849.1182 13.464 288.219 0.12101 -0.36764 0.558 0.76197 12.0000 18.20 0.7696 0.7718 1.460152 
848.7037 12.811 287.475 0.11607 -0.36870 0.564 0.80596 12.0000 18.20 0.7771 0.7793 1.460865 
848.2891 12.371 287.030 0.11217 -0.36620 0.582 0.83106 12.0000 18.42 0.7811 0.7832 1.461579 
847.8744 11.665 286.267 0.10532 -0.36096 0.570 0.87182 12.0000 18.80 0.7860 0.7877 1.462294 
847.4597 12.509 285.090 0.09825 -0.36437 0.573 0.80866 12.0000 18.84 0.7642 0.7659 1.463010 
847.0448 12.417 284.185 0.09216 -0.36462 0.571 0.81264 12.0000 19.17 0.7603 0.7617 1.463726 
846.6298 12.627 283.374 0.08709 -0.36633 0.567 0.79822 12.0000 19.36 0.7538 0.7553 1.464444 
846.2148 13.420 282.183 0.07936 -0.36757 0.562 0.74316 12.0000 19.11 0.7392 0.7407 1.465162 
845.7997 13.044 281.333 0.07353 -0.36687 0.580 0.76419 12.0000 19.45 0.7402 0.7418 1.465881 
845.3845 12.976 280.285 0.06697 -0.36905 0.583 0.77069 12.0000 19.36 0.7479 0.7495 1.466601 
844.9692 12.612 279.366 0.06192 -0.37543 0.580 0.80771 12.0000 19.58 0.7509 0.7525 1.467322 
844.5538 12.230 278.542 0.05831 -0.38821 0.592 0.86296 12.0000 19.44 0.7582 0.7600 1.468044 
844.1383 12.227 277.549 0.05073 -0.38282 0.576 0.84921 12.0000 19.75 0.7671 0.7689 1.468766 
843.7227 12.137 276.636 0.04424 -0.38027 0.582 0.84895 12.0000 20.12 0.7802 0.7827 1.469490 
843.3071 12.572 275.628 0.03752 -0.38072 0.564 0.81503 12.0000 20.08 0.7737 0.7758 1.470214 
842.8914 12.417 274.686 0.03171 -0.38680 0.593 0.83860 12.0000 20.21 0.7795 0.7815 1.470939 
842.4755 12.485 273.753 0.02540 -0.38713 0.598 0.83313 12.0000 20.40 0.7850 0.7872 1.471665 
842.0596 12.674 272.995 0.02067 -0.39515 0.600 0.83526 12.0000 20.58 0.7767 0.7786 1.472392 
841.6436 12.655 272.120 0.01463 -0.39508 0.591 0.83600 12.0000 20.76 0.7797 0.7816 1.473120 
841.2275 12.432 271.127 0.00765 -0.38884 0.588 0.83921 12.0000 20.80 0.7987 0.8001 1.473849 
840.8113 12.245 270.271 0.00180 -0.38020 0.590 0.83469 12.0000 21.09 0.8136 0.8148 1.474578 
840.3951 12.259 269.429 -0.00381 -0.38251 0.594 0.83866 12.0000 21.06 0.8146 0.8158 1.475308 
839.9787 12.236 268.539 -0.00978 -0.38356 0.595 0.84298 12.0000 21.07 0.8166 0.8182 1.476040 
839.5623 12.153 267.763 -0.01481 -0.37929 0.606 0.84040 12.0000 21.58 0.8247 0.8267 1.476772 
839.1457 12.275 267.088 -0.01932 -0.37984 0.626 0.83264 12.0000 21.42 0.8221 0.8242 1.477505 
838.7291 12.280 266.238 -0.02512 -0.38196 0.612 0.83760 12.0000 21.50 0.8213 0.8234 1.478239 
838.3124 12.333 265.344 -0.03128 -0.38410 0.613 0.83916 12.0000 21.84 0.8199 0.8223 1.478974 
837.8956 12.310 264.538 -0.03675 -0.38429 0.628 0.84245 12.0000 22.07 0.8211 0.8231 1.479709 
837.4787 12.331 263.740 -0.04256 -0.38796 0.616 0.85006 12.0000 22.15 0.8170 0.8189 1.480446 
837.0617 12.357 262.855 -0.04861 -0.38775 0.625 0.84905 12.0000 22.07 0.8168 0.8187 1.481183 
836.6447 12.268 262.119 -0.05354 -0.38678 0.625 0.85537 12.0000 22.26 0.8193 0.8213 1.481922 
836.2275 12.347 261.252 -0.05975 -0.38833 0.629 0.85447 12.0000 22.63 0.8160 0.8180 1.482661 
835.8102 12.341 260.280 -0.06674 -0.38964 0.616 0.86021 12.0000 22.92 0.8168 0.8191 1.483401 
835.3929 12.351 259.417 -0.07242 -0.38760 0.619 0.85721 12.0000 22.72 0.8187 0.8208 1.484142 
834.9755 12.404 258.506 -0.07903 -0.38866 0.621 0.85801 12.0000 22.92 0.8175 0.8196 1.484884 
834.5579 12.482 257.686 -0.08499 -0.38935 0.623 0.85605 12.0000 23.10 0.8169 0.8190 1.485627 
834.1403 12.453 256.724 -0.09115 -0.38630 0.623 0.85481 12.0000 23.23 0.8165 0.8186 1.486371 
833.7227 12.502 256.099 -0.09580 -0.38709 0.623 0.85500 12.0000 23.18 0.8176 0.8197 1.487115 
833.3049 12.618 255.401 -0.10122 -0.38863 0.642 0.85204 12.0000 23.61 0.8155 0.8176 1.487861 
832.8870 12.671 254.691 -0.10659 -0.38940 0.636 0.85246 12.0000 23.41 0.8153 0.8175 1.488608 
832.4691 12.565 253.545 -0.11356 -0.38449 0.644 0.85466 12.0000 23.89 0.8169 0.8190 1.489355 
832.0510 12.626 252.823 -0.11899 -0.38492 0.643 0.85418 12.0000 24.12 0.8167 0.8188 1.490103 
831.6329 12.658 252.063 -0.12440 -0.38431 0.652 0.85390 12.0000 23.88 0.8163 0.8184 1.490852 
831.2146 12.641 251.011 -0.13131 -0.38160 0.643 0.85446 12.0000 24.33 0.8167 0.8188 1.491603 
830.7963 12.748 250.461 -0.13631 -0.38409 0.650 0.85464 12.0000 24.48 0.8166 0.8187 1.492354 
830.3779 12.839 249.865 -0.14109 -0.38482 0.649 0.85246 12.0000 24.46 0.8173 0.8194 1.493106 
829.9594 12.829 249.062 -0.14638 -0.38257 0.644 0.85268 12.0000 25.25 0.8193 0.8213 1.493858 
829.5408 12.852 248.228 -0.15270 -0.38232 0.650 0.85523 12.0000 24.87 0.8213 0.8233 1.494612 
829.1221 12.796 247.180 -0.15891 -0.37765 0.648 0.85548 12.0000 24.66 0.8226 0.8246 1.495367 
828.7034 12.816 246.423 -0.16437 -0.37662 0.656 0.85641 12.0000 25.27 0.8239 0.8260 1.496123 
828.2845 12.775 245.357 -0.17058 -0.37182 0.668 0.85574 12.0000 25.50 0.8235 0.8255 1.496879 
827.8656 12.813 244.524 -0.17671 -0.37089 0.657 0.85653 12.0000 24.98 0.8245 0.8265 1.497637 
827.4465 12.811 243.655 -0.18231 -0.36816 0.672 0.85660 12.0000 25.67 0.8252 0.8272 1.498395 
827.0275 12.804 242.638 -0.18876 -0.36474 0.664 0.85686 12.0000 25.77 0.8271 0.8291 1.499154 
826.6082 12.808 241.856 -0.19412 -0.36288 0.663 0.85834 12.0000 25.81 0.8275 0.8295 1.499915 
826.1889 12.807 241.033 -0.19928 -0.36001 0.671 0.85834 12.0000 26.10 0.8292 0.8311 1.500676 
825.7695 12.814 240.208 -0.20446 -0.35712 0.676 0.85781 12.0000 26.63 0.8303 0.8323 1.501438 
825.3500 12.806 239.246 -0.20988 -0.35272 0.670 0.85619 12.0000 26.44 0.8313 0.8332 1.502201 
824.9305 12.786 238.363 -0.21512 -0.34916 0.664 0.85706 12.0000 26.27 0.8327 0.8346 1.502965 
824.5108 12.799 237.533 -0.22093 -0.34723 0.667 0.85904 12.0000 26.63 0.8332 0.8352 1.503730 
824.0911 12.802 236.672 -0.22625 -0.34407 0.676 0.85934 12.0000 26.81 0.8342 0.8360 1.504496 
823.6713 12.820 235.713 -0.23247 -0.34096 0.685 0.85974 12.0000 27.03 0.8349 0.8367 1.505263 
823.2513 12.812 234.839 -0.23757 -0.33727 0.682 0.86009 12.0000 26.86 0.8361 0.8379 1.506031 
822.8313 12.828 233.979 -0.24304 -0.33426 0.683 0.86039 12.0000 27.21 0.8357 0.8376 1.506800 
822.4112 12.856 233.184 -0.24836 -0.33180 0.682 0.86072 12.0000 27.43 0.8376 0.8394 1.507569 
821.9910 12.882 232.443 -0.25306 -0.32912 0.681 0.86014 12.0000 27.38 0.8398 0.8416 1.508340 
821.5707 12.891 231.617 -0.25803 -0.32576 0.685 0.86034 12.0000 27.89 0.8401 0.8418 1.509112 
821.1503 12.901 230.781 -0.26308 -0.32236 0.692 0.86062 12.0000 28.20 0.8398 0.8415 1.509884 
820.7299 12.939 230.045 -0.26803 -0.31994 0.694 0.86039 12.0000 28.31 0.8406 0.8423 1.510658 
820.3093 12.954 229.253 -0.27303 -0.31690 0.681 0.86118 12.0000 28.36 0.8426 0.8443 1.511432 
819.8886 12.979 228.411 -0.27819 -0.31345 0.684 0.86083 12.0000 28.31 0.8426 0.8443 1.512208 
819.4679 13.000 227.607 -0.28333 -0.31036 0.690 0.86160 12.0000 29.14 0.8435 0.8452 1.512984 
819.0471 13.034 226.877 -0.28814 -0.30767 0.692 0.86164 12.0000 28.93 0.8448 0.8465 1.513761 
818.6262 13.053 226.053 -0.29314 -0.30412 0.695 0.86198 12.0000 29.59 0.8455 0.8472 1.514540 
818.2051 13.075 225.189 -0.29828 -0.30025 0.693 0.86199 12.0000 29.29 0.8458 0.8474 1.515319 
817.7841 13.102 224.417 -0.30314 -0.29703 0.687 0.86233 12.0000 29.14 0.8460 0.8476 1.516099 
817.3629 13.112 223.559 -0.30782 -0.29272 0.697 0.86235 12.0000 29.56 0.8460 0.8476 1.516881 
816.9416 13.142 222.818 -0.31261 -0.28966 0.692 0.86292 12.0000 29.48 0.8480 0.8495 1.517663 
816.5202 13.171 221.978 -0.31767 -0.28581 0.700 0.86302 12.0000 29.79 0.8486 0.8501 1.518446 
816.0988 13.202 221.185 -0.32243 -0.28212 0.692 0.86290 12.0000 30.09 0.8492 0.8507 1.519230 
815.6772 13.244 220.349 -0.32765 -0.27834 0.700 0.86271 12.0000 30.10 0.8496 0.8511 1.520015 
815.2556 13.263 219.476 -0.33221 -0.27362 0.695 0.86223 12.0000 30.17 0.8494 0.8509 1.520801 
814.8338 13.290 218.658 -0.33697 -0.26956 0.692 0.86249 12.0000 30.20 0.8506 0.8521 1.521589 
814.4120 13.330 217.902 -0.34160 -0.26595 0.702 0.86230 12.0000 30.91 0.8513 0.8528 1.522377 
813.9901 13.359 217.190 -0.34586 -0.26243 0.706 0.86256 12.0000 31.36 0.8521 0.8536 1.523166 
813.5681 13.391 216.404 -0.35020 -0.25822 0.701 0.86204 12.0000 31.06 0.8529 0.8544 1.523956 
813.1460 13.425 215.487 -0.35495 -0.25307 0.706 0.86115 12.0000 31.11 0.8519 0.8534 1.524747 
812.7238 13.440 214.623 -0.35926 -0.24805 0.713 0.86127 12.0000 31.58 0.8518 0.8533 1.525539 
812.3015 13.495 213.935 -0.36403 -0.24494 0.717 0.86148 12.0000 31.76 0.8540 0.8555 1.526332 
811.8792 13.495 213.013 -0.36810 -0.23917 0.717 0.86189 12.0000 32.34 0.8536 0.8551 1.527126 
811.4567 13.525 212.182 -0.37255 -0.23444 0.707 0.86207 12.0000 32.34 0.8549 0.8564 1.527921 
811.0341 13.557 211.318 -0.37679 -0.22926 0.709 0.86138 12.0000 31.82 0.8547 0.8562 1.528717 
810.6115 13.581 210.548 -0.38065 -0.22465 0.713 0.86143 12.0000 32.22 0.8554 0.8569 1.529514 
810.1888 13.611 209.714 -0.38471 -0.21956 0.698 0.86109 12.0000 31.80 0.8549 0.8564 1.530312 
809.7659 13.646 208.845 -0.38900 -0.21425 0.711 0.86070 12.0000 32.72 0.8551 0.8566 1.531111 
809.3430 13.687 208.008 -0.39314 -0.20911 0.711 0.86000 12.0000 32.88 0.8546 0.8561 1.531912 
808.9200 13.730 207.186 -0.39752 -0.20417 0.718 0.85996 12.0000 32.76 0.8553 0.8568 1.532713 
808.4969 13.775 206.304 -0.40178 -0.19860 0.721 0.85916 12.0000 33.38 0.8554 0.8570 1.533515 
808.0737 13.815 205.453 -0.40569 -0.19310 0.724 0.85834 12.0000 33.17 0.8550 0.8566 1.534318 
807.6505 13.846 204.660 -0.40929 -0.18790 0.724 0.85810 12.0000 33.51 0.8556 0.8571 1.535122 
807.2271 13.875 203.766 -0.41297 -0.18185 0.722 0.85763 12.0000 33.41 0.8551 0.8566 1.535927 
806.8036 13.929 202.892 -0.41709 -0.17612 0.720 0.85661 12.0000 33.99 0.8547 0.8562 1.536733 
806.3801 13.976 202.023 -0.42082 -0.17022 0.721 0.85547 12.0000 33.59 0.8542 0.8557 1.537540 
805.9564 14.028 201.186 -0.42457 -0.16456 0.716 0.85439 12.0000 34.27 0.8542 0.8557 1.538349 
805.5327 14.068 200.370 -0.42800 -0.15892 0.725 0.85374 12.0000 34.10 0.8547 0.8562 1.539158 
805.1089 14.114 199.483 -0.43175 -0.15274 0.722 0.85308 12.0000 33.84 0.8547 0.8562 1.539968 
804.6850 14.157 198.681 -0.43510 -0.14712 0.730 0.85253 12.0000 34.32 0.8558 0.8573 1.540779 
804.2610 14.201 197.786 -0.43852 -0.14068 0.727 0.85165 12.0000 35.00 0.8553 0.8568 1.541591 
803.8369 14.249 197.022 -0.44157 -0.13519 0.725 0.85057 12.0000 34.53 0.8555 0.8570 1.542405 
803.4127 14.306 196.228 -0.44505 -0.12954 0.728 0.84974 12.0000 34.70 0.8564 0.8580 1.543219 
802.9884 14.351 195.441 -0.44837 -0.12385 0.731 0.84955 12.0000 34.95 0.8568 0.8583 1.544035 
802.5640 14.394 194.613 -0.45153 -0.11773 0.735 0.84920 12.0000 34.75 0.8576 0.8591 1.544851 
802.1396 14.440 193.756 -0.45437 -0.11123 0.731 0.84807 12.0000 35.64 0.8567 0.8583 1.545669 
801.7150 14.484 192.939 -0.45712 -0.10502 0.742 0.84727 12.0000 35.96 0.8570 0.8586 1.546487 
801.2903 14.534 192.081 -0.46004 -0.09846 0.731 0.84639 12.0000 35.80 0.8571 0.8587 1.547307 
800.8657 14.574 191.310 -0.46233 -0.09247 0.732 0.84544 12.0000 35.50 0.8573 0.8589 1.548127 
800.4408 14.606 190.404 -0.46451 -0.08529 0.736 0.84461 12.0000 35.21 0.8564 0.8580 1.548949 
800.0159 14.653 189.629 -0.46683 -0.07921 0.740 0.84357 12.0000 36.02 0.8561 0.8577 1.549772 
799.5909 14.705 188.798 -0.46937 -0.07264 0.733 0.84259 12.0000 35.76 0.8552 0.8568 1.550595 
799.1658 14.757 188.051 -0.47183 -0.06674 0.734 0.84180 12.0000 35.95 0.8557 0.8573 1.551420 
798.7406 14.814 187.213 -0.47461 -0.06007 0.739 0.84120 12.0000 36.10 0.8563 0.8578 1.552246 
798.3153 14.876 186.419 -0.47722 -0.05369 0.741 0.84018 12.0000 36.16 0.8569 0.8585 1.553073 
797.8899 14.943 185.622 -0.48003 -0.04725 0.747 0.83932 12.0000 36.86 0.8578 0.8594 1.553901 
797.4644 14.992 184.827 -0.48199 -0.04071 0.744 0.83832 12.0000 37.06 0.8578 0.8594 1.554730 
797.0389 15.057 184.069 -0.48455 -0.03447 0.745 0.83755 12.0000 36.75 0.8582 0.8598 1.555560 
796.6132 15.114 183.310 -0.48687 -0.02816 0.738 0.83701 12.0000 36.75 0.8588 0.8604 1.556391 
796.1875 15.155 182.472 -0.48832 -0.02108 0.744 0.83611 12.0000 37.24 0.8586 0.8602 1.557224 
795.7617 15.213 181.706 -0.49016 -0.01460 0.742 0.83498 12.0000 36.74 0.8582 0.8598 1.558057 
795.3357 15.268 180.979 -0.49195 -0.00841 0.745 0.83405 12.0000 37.17 0.8590 0.8606 1.558891 
794.9097 15.329 180.198 -0.49377 -0.00170 0.746 0.83298 12.0000 37.62 0.8596 0.8613 1.559727 
794.4836 15.389 179.382 -0.49510 0.00534 0.747 0.83134 12.0000 37.55 0.8589 0.8607 1.560563 
794.0574 15.442 178.618 -0.49668 0.01198 0.754 0.83067 12.0000 37.54 0.8597 0.8614 1.561401 
793.6310 15.511 177.785 -0.49862 0.01929 0.755 0.82972 12.0000 38.13 0.8598 0.8615 1.562240 
793.2047 15.572 177.003 -0.50014 0.02619 0.757 0.82881 12.0000 38.38 0.8601 0.8618 1.563079 
792.7782 15.624 176.169 -0.50128 0.03357 0.751 0.82801 12.0000 37.82 0.8597 0.8614 1.563920 
792.3516 15.680 175.434 -0.50236 0.04012 0.753 0.82691 12.0000 38.01 0.8595 0.8612 1.564762 
791.9249 15.735 174.630 -0.50327 0.04731 0.746 0.82584 12.0000 37.61 0.8590 0.8607 1.565605 
791.4982 15.805 173.866 -0.50456 0.05423 0.748 0.82458 12.0000 37.75 0.8589 0.8606 1.566449 
791.0714 15.861 173.150 -0.50540 0.06071 0.745 0.82351 12.0000 38.34 0.8593 0.8610 1.567295 
790.6444 15.915 172.373 -0.50614 0.06777 0.750 0.82267 12.0000 38.12 0.8600 0.8617 1.568141 
790.2173 15.968 171.623 -0.50663 0.07461 0.748 0.82155 12.0000 38.20 0.8603 0.8621 1.568989 
789.7902 16.029 170.836 -0.50717 0.08181 0.756 0.82026 12.0000 38.46 0.8600 0.8618 1.569837 
789.3630 16.090 170.083 -0.50791 0.08880 0.752 0.81940 12.0000 38.18 0.8601 0.8619 1.570687 
788.9357 16.150 169.369 -0.50850 0.09545 0.750 0.81840 12.0000 38.87 0.8605 0.8623 1.571537 
788.5083 16.207 168.583 -0.50869 0.10272 0.749 0.81729 12.0000 38.95 0.8599 0.8617 1.572389 
788.0807 16.261 167.854 -0.50890 0.10953 0.752 0.81640 12.0000 38.67 0.8603 0.8619 1.573242 
787.6532 16.324 167.084 -0.50926 0.11678 0.753 0.81550 12.0000 38.75 0.8607 0.8623 1.574096 
787.2255 16.378 166.350 -0.50907 0.12363 0.747 0.81422 12.0000 38.68 0.8601 0.8618 1.574951 
786.7977 16.434 165.570 -0.50887 0.13094 0.751 0.81322 12.0000 39.05 0.8595 0.8612 1.575808 
786.3699 16.498 164.858 -0.50898 0.13773 0.755 0.81210 12.0000 39.15 0.8598 0.8614 1.576665 
785.9419 16.557 164.126 -0.50896 0.14473 0.750 0.81127 12.0000 39.20 0.8609 0.8625 1.577524 
785.5139 16.614 163.392 -0.50874 0.15173 0.754 0.81043 12.0000 38.97 0.8614 0.8630 1.578383 
785.0857 16.682 162.614 -0.50824 0.15914 0.760 0.80879 12.0000 39.52 0.8606 0.8622 1.579244 
784.6575 16.745 161.878 -0.50794 0.16623 0.756 0.80777 12.0000 39.54 0.8608 0.8623 1.580106 
784.2291 16.802 161.193 -0.50719 0.17273 0.762 0.80630 12.0000 39.76 0.8609 0.8625 1.580969 
783.8007 16.855 160.465 -0.50607 0.17956 0.761 0.80486 12.0000 39.63 0.8608 0.8624 1.581833 
783.3722 16.911 159.729 -0.50523 0.18660 0.756 0.80384 12.0000 39.73 0.8610 0.8625 1.582698 
782.9435 16.979 159.011 -0.50440 0.19351 0.756 0.80220 12.0000 39.80 0.8611 0.8626 1.583565 
782.5148 17.046 158.295 -0.50384 0.20056 0.755 0.80121 12.0000 39.91 0.8620 0.8635 1.584433 
782.0861 17.098 157.616 -0.50296 0.20714 0.752 0.80051 12.0000 39.49 0.8623 0.8638 1.585301 
781.6572 17.150 156.908 -0.50182 0.21397 0.754 0.79975 12.0000 39.26 0.8625 0.8640 1.586171 
781.2282 17.207 156.167 -0.50063 0.22115 0.753 0.79888 12.0000 39.65 0.8626 0.8641 1.587042 
780.7991 17.269 155.448 -0.49934 0.22811 0.761 0.79763 12.0000 39.80 0.8629 0.8643 1.587914 
780.3699 17.328 154.716 -0.49788 0.23518 0.762 0.79651 12.0000 39.74 0.8633 0.8648 1.588788 
779.9407 17.386 154.011 -0.49624 0.24192 0.761 0.79518 12.0000 40.01 0.8636 0.8651 1.589662 
779.5113 17.449 153.272 -0.49476 0.24914 0.756 0.79414 12.0000 39.87 0.8636 0.8651 1.590537 
779.0818 17.520 152.547 -0.49336 0.25631 0.768 0.79281 12.0000 39.84 0.8638 0.8653 1.591414 
778.6523 17.596 151.817 -0.49207 0.26366 0.764 0.79162 12.0000 40.05 0.8642 0.8657 1.592292 
778.2227 17.670 151.074 -0.49050 0.27107 0.758 0.79035 12.0000 40.33 0.8646 0.8660 1.593171 
777.7930 17.734 150.367 -0.48882 0.27806 0.759 0.78934 12.0000 39.92 0.8653 0.8667 1.594051 
777.3632 17.806 149.670 -0.48711 0.28499 0.762 0.78796 12.0000 39.78 0.8656 0.8670 1.594933 
776.9332 17.871 148.953 -0.48500 0.29195 0.761 0.78660 12.0000 40.25 0.8661 0.8675 1.595815 
776.5032 17.940 148.231 -0.48283 0.29900 0.757 0.78510 12.0000 40.47 0.8664 0.8677 1.596699 
776.0731 18.006 147.520 -0.48048 0.30586 0.764 0.78362 12.0000 40.39 0.8663 0.8677 1.597584 
775.6429 18.074 146.806 -0.47817 0.31284 0.770 0.78224 12.0000 39.88 0.8663 0.8676 1.598470 
775.2126 18.143 146.122 -0.47585 0.31950 0.764 0.78069 12.0000 40.50 0.8662 0.8676 1.599357 
774.7822 18.211 145.428 -0.47344 0.32626 0.767 0.77922 12.0000 40.56 0.8667 0.8681 1.600246 
774.3517 18.275 144.756 -0.47102 0.33281 0.768 0.77797 12.0000 40.73 0.8669 0.8683 1.601135 
773.9212 18.342 144.063 -0.46855 0.33964 0.759 0.77683 12.0000 40.40 0.8674 0.8687 1.602026 
773.4905 18.407 143.385 -0.46610 0.34635 0.751 0.77586 12.0000 40.39 0.8677 0.8691 1.602918 
773.0598 18.478 142.687 -0.46348 0.35325 0.751 0.77456 12.0000 41.13 0.8679 0.8692 1.603811 
772.6289 18.552 141.993 -0.46083 0.36012 0.759 0.77320 12.0000 40.60 0.8685 0.8698 1.604706 
772.1980 18.625 141.311 -0.45816 0.36690 0.765 0.77190 12.0000 40.49 0.8690 0.8703 1.605601 
771.7669 18.688 140.631 -0.45516 0.37346 0.759 0.77074 12.0000 40.67 0.8693 0.8706 1.606498 
771.3358 18.747 139.963 -0.45203 0.37980 0.762 0.76959 12.0000 40.85 0.8698 0.8710 1.607396 
770.9046 18.818 139.267 -0.44876 0.38645 0.761 0.76805 12.0000 40.53 0.8702 0.8714 1.608295 
770.4733 18.888 138.591 -0.44573 0.39308 0.757 0.76682 12.0000 40.58 0.8709 0.8721 1.609195 
770.0419 18.956 137.936 -0.44268 0.39950 0.762 0.76567 12.0000 40.26 0.8714 0.8726 1.610097 
769.6104 19.026 137.265 -0.43940 0.40596 0.764 0.76427 12.0000 40.76 0.8717 0.8729 1.610999 
769.1787 19.092 136.597 -0.43592 0.41227 0.759 0.76288 12.0000 40.87 0.8717 0.8729 1.611904 
768.7471 19.149 135.960 -0.43227 0.41802 0.764 0.76149 12.0000 40.89 0.8718 0.8730 1.612809 
768.3152 19.223 135.331 -0.42925 0.42432 0.762 0.76026 12.0000 40.70 0.8724 0.8736 1.613715 
767.8834 19.302 134.640 -0.42568 0.43107 0.766 0.75882 12.0000 41.00 0.8726 0.8738 1.614623 
767.4514 19.373 133.966 -0.42178 0.43728 0.763 0.75708 12.0000 41.29 0.8727 0.8739 1.615531 
767.0193 19.445 133.289 -0.41787 0.44361 0.760 0.75553 12.0000 41.09 0.8726 0.8738 1.616442 
766.5872 19.519 132.620 -0.41400 0.44991 0.766 0.75401 12.0000 40.62 0.8729 0.8741 1.617353 
766.1549 19.593 131.941 -0.40991 0.45620 0.761 0.75236 12.0000 41.05 0.8728 0.8740 1.618265 
765.7225 19.666 131.286 -0.40583 0.46217 0.759 0.75060 12.0000 41.55 0.8728 0.8739 1.619179 
765.2901 19.742 130.649 -0.40197 0.46819 0.758 0.74902 12.0000 41.17 0.8731 0.8743 1.620094 
764.8575 19.817 129.994 -0.39775 0.47411 0.759 0.74718 12.0000 41.45 0.8733 0.8745 1.621010 
764.4249 19.887 129.356 -0.39364 0.47997 0.760 0.74571 12.0000 41.15 0.8739 0.8750 1.621928 
763.9922 19.956 128.736 -0.38970 0.48580 0.756 0.74455 12.0000 41.22 0.8745 0.8756 1.622846 
763.5593 20.032 128.093 -0.38553 0.49181 0.765 0.74305 12.0000 41.54 0.8748 0.8760 1.623766 
763.1264 20.104 127.475 -0.38128 0.49735 0.758 0.74134 12.0000 41.25 0.8749 0.8760 1.624687 
762.6934 20.178 126.809 -0.37667 0.50334 0.759 0.73982 12.0000 41.57 0.8750 0.8761 1.625610 
762.2603 20.246 126.164 -0.37190 0.50882 0.764 0.73810 12.0000 41.58 0.8749 0.8760 1.626533 
761.8271 20.315 125.536 -0.36750 0.51453 0.761 0.73695 12.0000 41.64 0.8752 0.8763 1.627458 
761.3938 20.384 124.911 -0.36285 0.51991 0.762 0.73533 12.0000 41.38 0.8754 0.8764 1.628385 
760.9604 20.461 124.251 -0.35787 0.52560 0.756 0.73348 12.0000 41.19 0.8754 0.8765 1.629312 
760.5269 20.536 123.619 -0.35313 0.53112 0.754 0.73183 12.0000 41.62 0.8756 0.8767 1.630241 
760.0933 20.612 122.985 -0.34837 0.53675 0.754 0.73031 12.0000 41.83 0.8763 0.8774 1.631171 
759.6597 20.689 122.344 -0.34343 0.54233 0.752 0.72867 12.0000 42.00 0.8767 0.8778 1.632102 
759.2259 20.758 121.733 -0.33857 0.54747 0.759 0.72717 12.0000 41.53 0.8770 0.8781 1.633034 
758.7921 20.825 121.128 -0.33370 0.55258 0.756 0.72578 12.0000 41.73 0.8775 0.8786 1.633968 
758.3581 20.903 120.489 -0.32851 0.55796 0.754 0.72403 12.0000 41.84 0.8775 0.8786 1.634903 
757.9240 20.972 119.858 -0.32310 0.56283 0.756 0.72218 12.0000 42.19 0.8772 0.8783 1.635839 
757.4899 21.042 119.233 -0.31771 0.56771 0.759 0.72038 12.0000 42.52 0.8774 0.8785 1.636777 
757.0556 21.110 118.608 -0.31220 0.57242 0.751 0.71856 12.0000 41.99 0.8773 0.8784 1.637716 
756.6213 21.190 117.990 -0.30702 0.57765 0.747 0.71691 12.0000 41.80 0.8777 0.8788 1.638656 
756.1868 21.269 117.358 -0.30147 0.58265 0.747 0.71499 12.0000 41.52 0.8778 0.8789 1.639597 
755.7523 21.330 116.759 -0.29606 0.58714 0.749 0.71359 12.0000 41.51 0.8779 0.8790 1.640540 
755.3177 21.401 116.153 -0.29070 0.59200 0.754 0.71216 12.0000 42.34 0.8783 0.8794 1.641484 
754.8830 21.471 115.536 -0.28502 0.59661 0.753 0.71048 12.0000 42.02 0.8784 0.8794 1.642429 
754.4482 21.540 114.945 -0.27952 0.60093 0.754 0.70872 12.0000 42.04 0.8784 0.8795 1.643376 
754.0132 21.608 114.341 -0.27390 0.60548 0.755 0.70728 12.0000 42.74 0.8787 0.8797 1.644324 
753.5782 21.683 113.721 -0.26814 0.61025 0.747 0.70570 12.0000 41.98 0.8789 0.8799 1.645273 
753.1431 21.757 113.119 -0.26236 0.61455 0.747 0.70382 12.0000 42.48 0.8791 0.8802 1.646223 
752.7079 21.826 112.512 -0.25653 0.61894 0.739 0.70227 12.0000 41.84 0.8793 0.8804 1.647175 
752.2726 21.907 111.895 -0.25060 0.62353 0.742 0.70043 12.0000 42.71 0.8794 0.8805 1.648129 
751.8373 21.980 111.285 -0.24445 0.62747 0.741 0.69831 12.0000 42.14 0.8792 0.8802 1.649083 
751.4018 22.063 110.663 -0.23835 0.63200 0.741 0.69640 12.0000 42.39 0.8795 0.8805 1.650039 
750.9662 22.138 110.068 -0.23240 0.63617 0.739 0.69462 12.0000 42.20 0.8800 0.8811 1.650996 
750.5306 22.213 109.478 -0.22647 0.64032 0.739 0.69292 12.0000 42.14 0.8804 0.8814 1.651954 
750.0948 22.293 108.850 -0.21999 0.64439 0.734 0.69084 12.0000 42.05 0.8800 0.8811 1.652914 
749.6589 22.370 108.241 -0.21377 0.64862 0.740 0.68918 12.0000 42.06 0.8803 0.8814 1.653875 
749.2230 22.440 107.641 -0.20751 0.65254 0.738 0.68759 12.0000 42.22 0.8805 0.8816 1.654837 
748.7869 22.511 107.057 -0.20135 0.65624 0.736 0.68589 12.0000 42.42 0.8805 0.8816 1.655801 
748.3508 22.592 106.465 -0.19524 0.66057 0.731 0.68441 12.0000 41.90 0.8809 0.8819 1.656766 
747.9146 22.665 105.913 -0.18944 0.66446 0.731 0.68303 12.0000 42.05 0.8814 0.8825 1.657732 
747.4782 22.741 105.354 -0.18341 0.66796 0.726 0.68113 12.0000 41.24 0.8817 0.8828 1.658700 
747.0417 22.818 104.776 -0.17717 0.67171 0.733 0.67944 12.0000 41.46 0.8820 0.8831 1.659669 
746.6052 22.898 104.176 -0.17058 0.67532 0.726 0.67746 12.0000 41.73 0.8821 0.8832 1.660639 
746.1686 22.986 103.597 -0.16425 0.67910 0.724 0.67534 12.0000 41.85 0.8825 0.8835 1.661611 
745.7319 23.072 103.020 -0.15788 0.68278 0.725 0.67337 12.0000 41.38 0.8828 0.8838 1.662584 
745.2950 23.159 102.446 -0.15151 0.68650 0.724 0.67141 12.0000 41.32 0.8832 0.8843 1.663559 
744.8582 23.245 101.862 -0.14501 0.69040 0.722 0.66970 12.0000 41.61 0.8835 0.8846 1.664534 
744.4211 23.327 101.294 -0.13854 0.69368 0.714 0.66767 12.0000 41.06 0.8838 0.8848 1.665512 
743.9841 23.409 100.745 -0.13233 0.69735 0.712 0.66614 12.0000 41.35 0.8843 0.8853 1.666490 
743.5468 23.497 100.169 -0.12566 0.70060 0.712 0.66388 12.0000 40.86 0.8844 0.8854 1.667470 
743.1096 23.581 99.621 -0.11929 0.70372 0.709 0.66182 12.0000 41.00 0.8848 0.8858 1.668451 
742.6722 23.666 99.076 -0.11291 0.70679 0.711 0.65973 12.0000 40.79 0.8852 0.8862 1.669434 
742.2347 23.748 98.519 -0.10629 0.70955 0.707 0.65754 12.0000 41.03 0.8852 0.8862 1.670418 
741.7971 23.837 97.952 -0.09955 0.71262 0.706 0.65535 12.0000 40.98 0.8853 0.8863 1.671403 
741.3594 23.921 97.397 -0.09289 0.71545 0.697 0.65321 12.0000 40.25 0.8854 0.8864 1.672390 
740.9216 24.009 96.849 -0.08629 0.71840 0.706 0.65111 12.0000 41.05 0.8857 0.8867 1.673378 
740.4838 24.099 96.301 -0.07965 0.72132 0.697 0.64891 12.0000 40.70 0.8859 0.8869 1.674367 
740.0458 24.184 95.785 -0.07335 0.72400 0.692 0.64680 12.0000 40.78 0.8862 0.8872 1.675358 
739.6077 24.268 95.276 -0.06710 0.72658 0.692 0.64473 12.0000 40.60 0.8864 0.8874 1.676351 
739.1696 24.364 94.753 -0.06067 0.72975 0.685 0.64269 12.0000 40.14 0.8868 0.8878 1.677344 
738.7313 24.455 94.233 -0.05421 0.73235 0.688 0.64037 12.0000 40.09 0.8870 0.8880 1.678339 
738.2930 24.554 93.696 -0.04749 0.73516 0.683 0.63797 12.0000 40.35 0.8872 0.8882 1.679336 
737.8545 24.647 93.171 -0.04087 0.73780 0.676 0.63570 12.0000 39.90 0.8874 0.8883 1.680334 
737.4160 24.753 92.639 -0.03413 0.74061 0.677 0.63308 12.0000 39.47 0.8877 0.8887 1.681333 
736.9773 24.854 92.107 -0.02734 0.74310 0.670 0.63042 12.0000 38.92 0.8879 0.8888 1.682334 
736.5386 24.956 91.587 -0.02065 0.74546 0.671 0.62770 12.0000 38.88 0.8879 0.8888 1.683336 
736.0997 25.063 91.074 -0.01402 0.74796 0.669 0.62493 12.0000 39.96 0.8881 0.8890 1.684340 
735.6608 25.171 90.575 -0.00753 0.75050 0.664 0.62218 12.0000 38.90 0.8883 0.8892 1.685344 
735.2218 25.282 90.070 -0.00092 0.75298 0.658 0.61929 12.0000 38.48 0.8886 0.8895 1.686351 
734.7827 25.387 89.596 0.00532 0.75518 0.653 0.61650 12.0000 38.33 0.8886 0.8895 1.687359 
734.3434 25.502 89.074 0.01225 0.75779 0.654 0.61365 12.0000 38.47 0.8887 0.8896 1.688368 
733.9041 25.627 88.549 0.01926 0.76043 0.653 0.61043 12.0000 38.23 0.8889 0.8898 1.689379 
733.4647 25.744 88.033 0.02620 0.76286 0.642 0.60742 12.0000 38.44 0.8891 0.8899 1.690391 
733.0252 25.868 87.541 0.03286 0.76534 0.638 0.60420 12.0000 37.70 0.8894 0.8903 1.691404 
732.5856 25.988 87.014 0.04002 0.76733 0.633 0.60084 12.0000 37.51 0.8895 0.8904 1.692419 
732.1459 26.119 86.501 0.04708 0.77000 0.630 0.59755 12.0000 36.88 0.8899 0.8907 1.693436 
731.7061 26.257 85.995 0.05410 0.77258 0.626 0.59397 12.0000 36.90 0.8901 0.8909 1.694453 
731.2662 26.380 85.490 0.06108 0.77430 0.616 0.59038 12.0000 36.41 0.8903 0.8911 1.695473 
730.8262 26.507 84.968 0.06830 0.77571 0.617 0.58649 12.0000 36.22 0.8903 0.8911 1.696494 
730.3861 26.649 84.475 0.07522 0.77767 0.611 0.58240 12.0000 36.07 0.8904 0.8912 1.697516 
729.9459 26.795 83.974 0.08230 0.77957 0.610 0.57815 12.0000 35.87 0.8905 0.8913 1.698539 
729.5057 26.960 83.481 0.08935 0.78188 0.603 0.57346 12.0000 34.94 0.8908 0.8916 1.699564 
729.0653 27.135 82.990 0.09648 0.78462 0.598 0.56867 12.0000 34.51 0.8912 0.8920 1.700591 
728.6248 27.273 82.466 0.10387 0.78532 0.589 0.56409 12.0000 34.11 0.8907 0.8915 1.701619 
728.1843 27.439 81.942 0.11142 0.78704 0.586 0.55910 12.0000 33.91 0.8907 0.8915 1.702648 
727.7436 27.620 81.433 0.11882 0.78868 0.575 0.55352 12.0000 33.43 0.8907 0.8915 1.703680 
727.3028 27.801 80.929 0.12616 0.79024 0.571 0.54791 12.0000 32.86 0.8907 0.8914 1.704712 
726.8619 28.004 80.398 0.13404 0.79234 0.566 0.54185 12.0000 32.68 0.8907 0.8915 1.705746 
726.4210 28.210 79.857 0.14208 0.79419 0.563 0.53563 12.0000 32.44 0.8906 0.8914 1.706781 
725.9799 28.430 79.328 0.15002 0.79609 0.554 0.52890 12.0000 31.65 0.8906 0.8914 1.707818 
725.5388 28.675 78.774 0.15843 0.79828 0.548 0.52148 12.0000 31.15 0.8906 0.8913 1.708857 
725.0975 28.930 78.218 0.16688 0.80005 0.542 0.51346 12.0000 31.01 0.8906 0.8914 1.709897 
724.6561 29.186 77.657 0.17526 0.80090 0.530 0.50492 12.0000 29.97 0.8903 0.8911 1.710938 
724.2147 29.476 77.071 0.18436 0.80310 0.526 0.49603 12.0000 29.91 0.8904 0.8912 1.711981 
723.7732 29.772 76.474 0.19353 0.80448 0.518 0.48655 12.0000 29.27 0.8901 0.8908 1.713025 
723.3315 30.092 75.870 0.20287 0.80585 0.510 0.47623 12.0000 28.76 0.8899 0.8907 1.714072 
722.8898 30.439 75.231 0.21287 0.80744 0.505 0.46518 12.0000 28.83 0.8898 0.8905 1.715119 
722.4479 30.807 74.586 0.22320 0.80952 0.496 0.45376 12.0000 28.25 0.8897 0.8905 1.716168 
722.0060 31.195 73.907 0.23407 0.81133 0.491 0.44165 12.0000 27.81 0.8896 0.8904 1.717218 
721.5640 31.624 73.208 0.24544 0.81335 0.480 0.42825 12.0000 27.08 0.8900 0.8908 1.718270 
721.1218 32.066 72.475 0.25755 0.81557 0.474 0.41471 12.0000 26.77 0.8905 0.8912 1.719324 
720.6796 32.513 71.698 0.27005 0.81645 0.465 0.40053 12.0000 26.54 0.8904 0.8911 1.720379 
720.2373 32.995 70.909 0.28306 0.81783 0.456 0.38549 12.0000 25.91 0.8908 0.8915 1.721435 
719.7949 33.488 70.112 0.29628 0.81902 0.446 0.37013 12.0000 25.34 0.8910 0.8918 1.722493 
719.3524 33.961 69.311 0.31015 0.82128 0.439 0.35608 12.0000 24.72 0.8926 0.8933 1.723553 
718.9097 34.438 68.429 0.32505 0.82220 0.433 0.34159 12.0000 24.16 0.8936 0.8943 1.724614 
718.4670 34.922 67.470 0.34050 0.82081 0.423 0.32619 12.0000 23.84 0.8941 0.8948 1.725677 
718.0242 35.433 66.558 0.35628 0.82167 0.415 0.31074 12.0000 23.50 0.8958 0.8965 1.726741 
717.5813 35.971 65.650 0.37268 0.82349 0.405 0.29471 12.0000 22.82 0.8979 0.8986 1.727807 
717.1383 36.563 64.717 0.38934 0.82429 0.395 0.27652 12.0000 21.80 0.8998 0.9005 1.728874 
716.6952 37.145 63.667 0.40682 0.82194 0.386 0.25797 12.0000 21.52 0.9007 0.9015 1.729943 
716.2520 37.727 62.595 0.42440 0.81860 0.378 0.23924 12.0000 21.03 0.9017 0.9025 1.731013 
715.8087 38.327 61.404 0.44419 0.81485 0.370 0.22016 12.0000 20.44 0.9033 0.9041 1.732086 
715.3653 38.924 60.194 0.46431 0.81053 0.361 0.20114 12.0000 19.92 0.9053 0.9061 1.733159 
714.9218 39.516 59.012 0.48426 0.80634 0.353 0.18228 12.0000 19.26 0.9075 0.9083 1.734234 
714.4782 40.091 57.837 0.50287 0.79968 0.342 0.16347 12.0000 18.69 0.9088 0.9096 1.735311 
714.0345 40.683 56.791 0.52165 0.79690 0.334 0.14462 12.0000 18.01 0.9118 0.9126 1.736389 
713.5907 41.249 55.737 0.54029 0.79314 0.326 0.12639 12.0000 17.49 0.9149 0.9158 1.737469 
713.1469 41.805 54.678 0.55897 0.78883 0.315 0.10827 12.0000 16.59 0.9181 0.9190 1.738550 
712.7028 42.328 53.545 0.57747 0.78168 0.307 0.09091 12.0000 16.09 0.9205 0.9214 1.739634 
712.2588 42.826 52.334 0.59560 0.77158 0.300 0.07412 12.0000 15.75 0.9224 0.9233 1.740718 
711.8146 43.303 51.077 0.61340 0.75957 0.290 0.05790 12.0000 15.03 0.9237 0.9246 1.741805 
711.3703 43.748 49.603 0.63098 0.74148 0.283 0.04257 12.0000 14.50 0.9230 0.9240 1.742892 
710.9259 44.181 48.141 0.64849 0.72379 0.274 0.02779 12.0000 13.90 0.9227 0.9236 1.743982 
710.4814 44.589 46.574 0.66536 0.70295 0.266 0.01389 12.0000 13.37 0.9215 0.9225 1.745073 
710.0369 44.973 44.856 0.68174 0.67831 0.261 0.00090 12.0000 13.04 0.9193 0.9203 1.746165 
709.5922 45.332 43.146 0.69775 0.65399 0.255 -0.01108 12.0000 12.74 0.9175 0.9185 1.747260 
709.1474 45.659 41.372 0.71298 0.62796 0.247 -0.02187 12.0000 12.65 0.9154 0.9164 1.748356 
708.7026 45.906 39.464 0.72778 0.59917 0.243 -0.02981 12.0000 12.56 0.9126 0.9137 1.749453 
708.2576 46.175 37.446 0.74157 0.56791 0.237 -0.03833 12.0000 12.29 0.9095 0.9106 1.750552 
707.8125 46.418 35.188 0.75489 0.53228 0.231 -0.04575 12.0000 11.95 0.9054 0.9065 1.751653 
707.3674 46.635 32.709 0.76752 0.49291 0.227 -0.05210 12.0000 11.84 0.9009 0.9021 1.752755 
706.9221 46.813 29.978 0.77921 0.44948 0.223 -0.05701 12.0000 11.72 0.8958 0.8970 1.753859 
706.4767 46.959 27.177 0.79025 0.40573 0.219 -0.06084 12.0000 11.61 0.8913 0.8924 1.754965 
706.0313 47.070 24.133 0.80043 0.35860 0.216 -0.06350 12.0000 11.34 0.8865 0.8877 1.756072 
705.5857 47.143 20.930 0.80943 0.30957 0.213 -0.06493 12.0000 11.27 0.8823 0.8835 1.757181 
705.1401 47.169 17.573 0.81776 0.25898 0.210 -0.06506 12.0000 10.99 0.8786 0.8798 1.758292 
704.6943 47.147 14.066 0.82539 0.20681 0.210 -0.06389 12.0000 10.88 0.8757 0.8769 1.759404 
704.2484 47.086 10.504 0.83215 0.15430 0.209 -0.06172 12.0000 10.62 0.8734 0.8746 1.760518 
703.8025 46.976 6.989 0.83818 0.10276 0.211 -0.05835 12.0000 10.53 0.8723 0.8735 1.761633 
703.3564 46.824 3.245 0.84306 0.04780 0.210 -0.05384 12.0000 10.42 0.8719 0.8731 1.762751 
702.9103 46.623 359.624 0.84680 -0.00556 0.211 -0.04803 12.0000 10.48 0.8726 0.8738 1.763869 
702.4641 46.381 356.034 0.84944 -0.05889 0.214 -0.04108 12.0000 10.42 0.8742 0.8754 1.764990 
702.0177 46.093 352.641 0.85113 -0.10993 0.217 -0.03276 12.0000 10.29 0.8765 0.8777 1.766112 
701.5712 45.771 349.377 0.85179 -0.15976 0.219 -0.02334 12.0000 10.35 0.8797 0.8809 1.767236 
701.1247 45.420 346.450 0.85143 -0.20520 0.224 -0.01283 12.0000 10.71 0.8832 0.8844 1.768361 
700.6780 45.039 343.706 0.85015 -0.24851 0.229 -0.00120 12.0000 10.93 0.8870 0.8882 1.769489 
700.2313 44.631 341.189 0.84788 -0.28883 0.235 0.01152 12.0000 11.46 0.8909 0.8921 1.770618 
699.7844 44.201 338.884 0.84458 -0.32617 0.241 0.02526 12.0000 11.69 0.8948 0.8959 1.771748 
699.3375 43.755 336.822 0.84055 -0.35989 0.245 0.03978 12.0000 12.32 0.8984 0.8996 1.772881 
698.8904 43.289 334.905 0.83690 -0.39195 0.252 0.05527 12.0000 12.87 0.9025 0.9036 1.774015 
698.4433 42.824 333.108 0.83160 -0.42174 0.260 0.07096 12.0000 13.39 0.9060 0.9071 1.775150 
697.9961 42.315 331.394 0.82508 -0.44996 0.267 0.08834 12.0000 14.03 0.9094 0.9104 1.776288 
697.5488 41.772 329.786 0.81648 -0.47548 0.277 0.10690 12.0000 14.60 0.9117 0.9128 1.777427 
697.1013 41.214 328.321 0.80681 -0.49789 0.287 0.12602 12.0000 15.33 0.9134 0.9144 1.778568 
696.6537 40.637 327.025 0.79630 -0.51663 0.296 0.14569 12.0000 16.06 0.9143 0.9154 1.779711 
696.2061 40.046 325.705 0.78532 -0.53560 0.305 0.16604 12.0000 16.69 0.9155 0.9165 1.780855 
695.7584 39.434 324.548 0.77309 -0.55046 0.316 0.18675 12.0000 17.41 0.9157 0.9167 1.782001 
695.3105 38.806 323.435 0.76009 -0.56377 0.326 0.20785 12.0000 18.60 0.9155 0.9165 1.783149 
694.8626 38.158 322.368 0.74558 -0.57483 0.337 0.22922 12.0000 19.34 0.9148 0.9158 1.784298 
694.4146 37.438 321.354 0.72997 -0.58369 0.346 0.25260 12.0000 19.97 0.9136 0.9146 1.785449 
693.9664 36.786 320.252 0.71510 -0.59470 0.359 0.27422 12.0000 20.46 0.9133 0.9143 1.786602 
693.5182 36.115 319.265 0.69946 -0.60238 0.369 0.29583 12.0000 21.30 0.9123 0.9132 1.787757 
693.0699 35.454 318.213 0.68358 -0.61090 0.382 0.31734 12.0000 22.13 0.9118 0.9127 1.788913 
692.6215 34.803 317.312 0.66950 -0.61754 0.393 0.33864 12.0000 23.12 0.9115 0.9124 1.790071 
692.1729 34.153 316.392 0.65441 -0.62336 0.406 0.35954 12.0000 24.04 0.9110 0.9119 1.791231 
691.7243 33.523 315.421 0.63914 -0.62983 0.416 0.38006 12.0000 25.07 0.9110 0.9119 1.792393 
691.2756 32.885 314.571 0.62397 -0.63339 0.426 0.40014 12.0000 25.60 0.9104 0.9113 1.793557 
690.8267 32.267 313.665 0.60860 -0.63764 0.442 0.41981 12.0000 26.41 0.9101 0.9110 1.794722 
690.3778 31.670 312.755 0.59320 -0.64162 0.453 0.43872 12.0000 27.12 0.9100 0.9109 1.795889 
689.9288 31.077 311.927 0.57772 -0.64326 0.467 0.45673 12.0000 27.76 0.9093 0.9101 1.797058 
689.4797 30.520 311.019 0.56235 -0.64648 0.478 0.47419 12.0000 28.63 0.9093 0.9101 1.798228 
689.0304 29.948 310.126 0.54547 -0.64718 0.488 0.49072 12.0000 29.03 0.9082 0.9091 1.799401 
688.5811 29.418 309.150 0.52875 -0.64946 0.499 0.50649 12.0000 30.59 0.9078 0.9086 1.800575 
688.1317 28.891 308.223 0.51211 -0.65023 0.511 0.52158 12.0000 31.25 0.9069 0.9077 1.801751 
687.6821 28.371 307.332 0.49580 -0.65007 0.524 0.53616 12.0000 32.34 0.9059 0.9067 1.802929 
687.2325 27.899 306.379 0.47968 -0.65112 0.538 0.54966 12.0000 32.91 0.9054 0.9062 1.804108 
686.7828 27.464 305.362 0.46350 -0.65311 0.553 0.56229 12.0000 33.63 0.9051 0.9059 1.805290 
686.3329 27.067 304.313 0.44792 -0.65632 0.562 0.57448 12.0000 34.03 0.9053 0.9061 1.806473 
685.8830 26.693 303.276 0.43244 -0.65891 0.573 0.58561 12.0000 34.74 0.9054 0.9062 1.807658 
685.4330 26.314 302.347 0.41746 -0.65916 0.583 0.59591 12.0000 35.73 0.9050 0.9058 1.808845 
684.9828 25.975 301.378 0.40280 -0.66046 0.594 0.60549 12.0000 36.21 0.9051 0.9059 1.810034 
684.5327 25.638 300.409 0.38810 -0.66126 0.605 0.61478 12.0000 37.06 0.9046 0.9054 1.811224 
684.0823 25.318 299.450 0.37366 -0.66179 0.618 0.62345 12.0000 37.39 0.9043 0.9051 1.812416 
683.6319 24.993 298.576 0.35971 -0.66041 0.633 0.63134 12.0000 38.16 0.9035 0.9042 1.813610 
683.1813 24.672 297.710 0.34590 -0.65858 0.644 0.63885 12.0000 38.45 0.9024 0.9031 1.814807 
682.7307 24.399 296.808 0.33268 -0.65836 0.653 0.64582 12.0000 39.30 0.9021 0.9028 1.816004 
682.2800 24.155 295.847 0.31933 -0.65918 0.662 0.65236 12.0000 39.99 0.9020 0.9027 1.817204 
681.8292 23.930 294.890 0.30622 -0.65999 0.667 0.65832 12.0000 40.15 0.9020 0.9028 1.818405 
681.3782 23.704 293.959 0.29342 -0.66030 0.677 0.66423 12.0000 41.00 0.9020 0.9027 1.819609 
680.9272 23.459 293.077 0.28074 -0.65891 0.693 0.66982 12.0000 41.23 0.9013 0.9020 1.820814 
680.4761 23.255 292.132 0.26805 -0.65906 0.701 0.67495 12.0000 41.95 0.9012 0.9020 1.822021 
680.0248 23.073 291.157 0.25552 -0.66023 0.713 0.68020 12.0000 42.35 0.9015 0.9022 1.823230 
679.5735 22.878 290.227 0.24319 -0.66000 0.723 0.68504 12.0000 42.70 0.9015 0.9022 1.824441 
679.1221 22.694 289.275 0.23084 -0.66011 0.732 0.68992 12.0000 43.27 0.9016 0.9023 1.825654 
678.6705 22.516 288.322 0.21851 -0.65989 0.744 0.69433 12.0000 44.15 0.9016 0.9023 1.826869 
678.2189 22.345 287.367 0.20634 -0.65977 0.751 0.69881 12.0000 44.80 0.9014 0.9022 1.828085 
677.7672 22.177 286.422 0.19433 -0.65933 0.759 0.70307 12.0000 44.59 0.9014 0.9021 1.829303 
677.3154 22.003 285.473 0.18220 -0.65820 0.769 0.70707 12.0000 44.90 0.9012 0.9019 1.830524 
676.8634 21.856 284.498 0.17007 -0.65767 0.782 0.71056 12.0000 45.83 0.9012 0.9019 1.831746 
676.4114 21.701 283.528 0.15793 -0.65641 0.790 0.71390 12.0000 46.01 0.9010 0.9017 1.832970 
675.9592 21.548 282.556 0.14589 -0.65504 0.798 0.71725 12.0000 46.63 0.9007 0.9014 1.834196 
675.5070 21.420 281.556 0.13381 -0.65446 0.804 0.72039 12.0000 46.91 0.9008 0.9015 1.835424 
675.0547 21.291 280.551 0.12173 -0.65356 0.812 0.72344 12.0000 47.13 0.9008 0.9015 1.836654 
674.6022 21.172 279.523 0.10955 -0.65300 0.821 0.72655 12.0000 47.48 0.9009 0.9016 1.837886 
674.1497 21.047 278.512 0.09753 -0.65164 0.830 0.72936 12.0000 47.89 0.9007 0.9014 1.839120 
673.6971 20.930 277.476 0.08534 -0.65033 0.836 0.73206 12.0000 47.98 0.9008 0.9015 1.840355 
673.2443 20.806 276.442 0.07323 -0.64856 0.847 0.73484 12.0000 48.70 0.9008 0.9015 1.841593 
672.7915 20.699 275.376 0.06092 -0.64729 0.857 0.73751 12.0000 49.19 0.9009 0.9016 1.842832 
672.3386 20.580 274.321 0.04874 -0.64504 0.865 0.73996 12.0000 49.41 0.9010 0.9017 1.844074 
671.8855 20.480 273.242 0.03644 -0.64326 0.866 0.74224 12.0000 49.39 0.9011 0.9018 1.845317 
671.4324 20.371 272.154 0.02410 -0.64087 0.878 0.74451 12.0000 49.98 0.9011 0.9018 1.846563 
670.9791 20.276 271.060 0.01182 -0.63877 0.881 0.74667 12.0000 50.63 0.9012 0.9018 1.847810 
670.5258 20.173 269.948 -0.00058 -0.63600 0.896 0.74873 12.0000 51.05 0.9012 0.9018 1.849059 
670.0723 20.079 268.836 -0.01287 -0.63346 0.906 0.75087 12.0000 51.68 0.9013 0.9020 1.850311 
669.6188 19.983 267.709 -0.02521 -0.63037 0.910 0.75273 12.0000 51.16 0.9014 0.9021 1.851564 
669.1651 19.890 266.572 -0.03757 -0.62715 0.922 0.75462 12.0000 52.48 0.9015 0.9022 1.852819 
668.7114 19.814 265.432 -0.04989 -0.62449 0.923 0.75652 12.0000 52.58 0.9017 0.9023 1.854076 
668.2575 19.727 264.281 -0.06220 -0.62108 0.931 0.75845 12.0000 52.87 0.9016 0.9023 1.855336 
667.8035 19.637 263.096 -0.07473 -0.61724 0.933 0.76033 12.0000 53.35 0.9016 0.9022 1.856597 
667.3495 19.560 261.910 -0.08721 -0.61354 0.946 0.76198 12.0000 53.94 0.9017 0.9023 1.857860 
666.8953 19.481 260.726 -0.09952 -0.60943 0.956 0.76359 12.0000 54.14 0.9018 0.9025 1.859125 
666.4411 19.404 259.529 -0.11185 -0.60522 0.961 0.76524 12.0000 53.43 0.9020 0.9026 1.860392 
665.9868 19.335 258.337 -0.12404 -0.60093 0.964 0.76671 12.0000 54.35 0.9022 0.9028 1.861661 
665.5323 19.261 257.108 -0.13642 -0.59602 0.977 0.76810 12.0000 55.32 0.9022 0.9029 1.862933 
665.0777 19.192 255.871 -0.14877 -0.59102 0.979 0.76937 12.0000 54.75 0.9023 0.9029 1.864206 
664.6230 19.129 254.623 -0.16112 -0.58587 0.986 0.77056 12.0000 55.83 0.9024 0.9030 1.865482 
664.1683 19.064 253.374 -0.17335 -0.58051 0.991 0.77188 12.0000 56.00 0.9026 0.9032 1.866759 
663.7134 19.008 252.116 -0.18558 -0.57510 1.000 0.77300 12.0000 56.15 0.9027 0.9033 1.868038 
663.2584 18.954 250.846 -0.19780 -0.56946 1.004 0.77414 12.0000 56.44 0.9029 0.9035 1.869319 
662.8034 18.903 249.565 -0.20998 -0.56355 1.013 0.77516 12.0000 55.40 0.9030 0.9036 1.870603 
662.3482 18.854 248.275 -0.22212 -0.55743 1.021 0.77615 12.0000 57.13 0.9032 0.9038 1.871888 
661.8929 18.809 246.982 -0.23414 -0.55114 1.029 0.77708 12.0000 57.38 0.9034 0.9040 1.873176 
661.4376 18.765 245.682 -0.24606 -0.54451 1.037 0.77784 12.0000 57.22 0.9036 0.9042 1.874465 
660.9821 18.725 244.369 -0.25798 -0.53770 1.041 0.77865 12.0000 57.59 0.9038 0.9044 1.875757 
660.5265 18.687 243.053 -0.26977 -0.53067 1.048 0.77933 12.0000 56.66 0.9038 0.9044 1.877051 
660.0708 18.651 241.730 -0.28145 -0.52336 1.060 0.77999 12.0000 58.24 0.9039 0.9045 1.878347 
659.6151 18.619 240.409 -0.29300 -0.51596 1.063 0.78064 12.0000 58.28 0.9041 0.9047 1.879644 
659.1592 18.592 239.081 -0.30450 -0.50841 1.069 0.78121 12.0000 58.30 0.9043 0.9049 1.880945 
658.7032 18.562 237.724 -0.31600 -0.50034 1.071 0.78177 12.0000 58.36 0.9045 0.9051 1.882247 
658.2471 18.536 236.367 -0.32735 -0.49209 1.085 0.78230 12.0000 59.19 0.9048 0.9053 1.883551 
657.7909 18.511 235.019 -0.33845 -0.48369 1.088 0.78280 12.0000 59.28 0.9050 0.9056 1.884857 
657.3346 18.490 233.666 -0.34938 -0.47502 1.106 0.78306 12.0000 59.11 0.9051 0.9057 1.886166 
656.8782 18.474 232.303 -0.36024 -0.46615 1.106 0.78326 12.0000 59.25 0.9052 0.9058 1.887476 
656.4218 18.462 230.931 -0.37105 -0.45707 1.118 0.78344 12.0000 59.48 0.9053 0.9059 1.888788 
655.9651 18.450 229.550 -0.38170 -0.44771 1.125 0.78357 12.0000 59.36 0.9055 0.9060 1.890103 
655.5084 18.441 228.165 -0.39216 -0.43807 1.126 0.78362 12.0000 59.04 0.9057 0.9063 1.891420 
655.0516 18.432 226.774 -0.40247 -0.42820 1.139 0.78369 12.0000 59.23 0.9059 0.9065 1.892739 
654.5947 18.425 225.382 -0.41253 -0.41806 1.149 0.78369 12.0000 60.02 0.9061 0.9067 1.894060 
654.1377 18.423 223.986 -0.42251 -0.40782 1.152 0.78367 12.0000 59.67 0.9063 0.9068 1.895384 
653.6806 18.421 222.580 -0.43228 -0.39722 1.165 0.78353 12.0000 60.11 0.9064 0.9070 1.896709 
653.2234 18.424 221.174 -0.44190 -0.38649 1.171 0.78336 12.0000 60.83 0.9066 0.9072 1.898037 
652.7661 18.427 219.774 -0.45119 -0.37556 1.174 0.78315 12.0000 59.89 0.9069 0.9074 1.899366 
652.3087 18.432 218.356 -0.46038 -0.36432 1.182 0.78295 12.0000 60.12 0.9071 0.9076 1.900698 
651.8511 18.443 216.942 -0.46939 -0.35296 1.192 0.78262 12.0000 59.84 0.9073 0.9078 1.902032 
651.3936 18.455 215.538 -0.47824 -0.34160 1.205 0.78247 12.0000 59.99 0.9076 0.9081 1.903368 
650.9358 18.472 214.128 -0.48683 -0.32996 1.216 0.78205 12.0000 60.99 0.9077 0.9083 1.904707 
650.4780 18.489 212.724 -0.49512 -0.31816 1.221 0.78161 12.0000 60.28 0.9080 0.9085 1.906047 
650.0201 18.510 211.305 -0.50331 -0.30608 1.228 0.78117 12.0000 60.00 0.9083 0.9089 1.907390 
649.5620 18.532 209.885 -0.51118 -0.29377 1.227 0.78060 12.0000 60.60 0.9086 0.9091 1.908735 
649.1039 18.554 208.468 -0.51875 -0.28128 1.235 0.78001 12.0000 59.98 0.9089 0.9094 1.910082 
648.6457 18.579 207.043 -0.52609 -0.26856 1.249 0.77936 12.0000 59.77 0.9092 0.9097 1.911432 
648.1873 18.608 205.614 -0.53331 -0.25568 1.265 0.77873 12.0000 60.33 0.9095 0.9100 1.912783 
647.7289 18.638 204.183 -0.54026 -0.24262 1.279 0.77812 12.0000 60.96 0.9098 0.9103 1.914137 
647.2703 18.670 202.757 -0.54694 -0.22942 1.279 0.77744 12.0000 60.38 0.9100 0.9106 1.915493 
646.8117 18.703 201.331 -0.55328 -0.21606 1.285 0.77673 12.0000 59.66 0.9102 0.9108 1.916851 
646.3530 18.739 199.904 -0.55938 -0.20254 1.286 0.77596 12.0000 58.71 0.9105 0.9110 1.918212 
645.8941 18.777 198.493 -0.56513 -0.18902 1.308 0.77509 12.0000 60.52 0.9108 0.9113 1.919575 
645.4351 18.817 197.078 -0.57066 -0.17532 1.315 0.77425 12.0000 59.61 0.9110 0.9115 1.920940 
644.9761 18.860 195.664 -0.57597 -0.16151 1.331 0.77340 12.0000 59.56 0.9112 0.9117 1.922307 
644.5169 18.902 194.238 -0.58091 -0.14741 1.329 0.77250 12.0000 59.83 0.9117 0.9122 1.923676 
644.0577 18.949 192.814 -0.58561 -0.13319 1.336 0.77154 12.0000 59.53 0.9119 0.9124 1.925048 
643.5983 18.995 191.396 -0.58993 -0.11890 1.346 0.77056 12.0000 59.08 0.9122 0.9127 1.926422 
643.1389 19.045 189.998 -0.59401 -0.10472 1.357 0.76952 12.0000 59.71 0.9124 0.9129 1.927798 
642.6793 19.095 188.598 -0.59767 -0.09037 1.370 0.76840 12.0000 59.95 0.9127 0.9132 1.929177 
642.2196 19.146 187.203 -0.60102 -0.07595 1.370 0.76728 12.0000 58.60 0.9130 0.9135 1.930558 
641.7598 19.202 185.787 -0.60425 -0.06124 1.386 0.76617 12.0000 58.30 0.9133 0.9138 1.931941 
641.2999 19.260 184.375 -0.60711 -0.04645 1.394 0.76494 12.0000 58.24 0.9137 0.9142 1.933326 
640.8400 19.321 182.963 -0.60970 -0.03156 1.400 0.76364 12.0000 58.26 0.9139 0.9144 1.934714 
640.3799 19.381 181.573 -0.61193 -0.01680 1.417 0.76242 12.0000 58.28 0.9141 0.9146 1.936104 
639.9197 19.443 180.178 -0.61382 -0.00191 1.438 0.76110 12.0000 58.92 0.9145 0.9150 1.937496 
639.4594 19.506 178.805 -0.61539 0.01284 1.441 0.75979 12.0000 58.92 0.9148 0.9153 1.938891 
638.9990 19.568 177.405 -0.61654 0.02794 1.443 0.75848 12.0000 59.39 0.9152 0.9157 1.940288 
638.5385 19.633 176.035 -0.61748 0.04279 1.465 0.75713 12.0000 59.06 0.9155 0.9160 1.941687 
638.0779 19.697 174.675 -0.61791 0.05759 1.461 0.75567 12.0000 59.26 0.9159 0.9164 1.943089 
637.6172 19.763 173.319 -0.61811 0.07240 1.464 0.75425 12.0000 58.49 0.9162 0.9167 1.944493 
637.1564 19.834 171.940 -0.61811 0.08753 1.472 0.75280 12.0000 58.42 0.9168 0.9173 1.945899 
636.6954 19.903 170.600 -0.61773 0.10226 1.492 0.75134 12.0000 58.65 0.9171 0.9176 1.947308 
636.2344 19.974 169.249 -0.61711 0.11718 1.503 0.74995 12.0000 58.13 0.9174 0.9179 1.948719 
635.7733 20.046 167.920 -0.61606 0.13184 1.505 0.74839 12.0000 58.02 0.9176 0.9181 1.950132 
635.3121 20.115 166.595 -0.61454 0.14647 1.513 0.74680 12.0000 56.95 0.9180 0.9185 1.951548 
634.8508 20.187 165.243 -0.61270 0.16139 1.519 0.74518 12.0000 57.13 0.9184 0.9189 1.952966 
634.3893 20.263 163.930 -0.61078 0.17594 1.538 0.74355 12.0000 57.03 0.9185 0.9190 1.954387 
633.9278 20.343 162.615 -0.60874 0.19059 1.550 0.74199 12.0000 57.52 0.9185 0.9190 1.955809 
633.4662 20.426 161.282 -0.60631 0.20543 1.566 0.74028 12.0000 57.30 0.9188 0.9193 1.957235 
633.0044 20.506 159.976 -0.60355 0.21996 1.577 0.73867 12.0000 57.37 0.9191 0.9196 1.958662 
632.5425 20.587 158.698 -0.60052 0.23415 1.578 0.73695 12.0000 57.51 0.9191 0.9196 1.960093 
632.0806 20.663 157.397 -0.59690 0.24850 1.588 0.73530 12.0000 57.66 0.9196 0.9201 1.961525 
631.6186 20.738 156.158 -0.59312 0.26211 1.593 0.73358 12.0000 56.90 0.9195 0.9200 1.962960 
631.1564 20.816 154.866 -0.58886 0.27627 1.618 0.73178 12.0000 57.62 0.9202 0.9207 1.964397 
630.6942 20.885 153.561 -0.58378 0.29028 1.615 0.72994 12.0000 57.79 0.9214 0.9219 1.965837 
630.2318 20.956 152.259 -0.57859 0.30430 1.648 0.72831 12.0000 57.51 0.9226 0.9231 1.967279 
629.7693 21.019 150.984 -0.57303 0.31784 1.651 0.72676 12.0000 56.89 0.9237 0.9242 1.968724 
629.3068 21.100 149.701 -0.56770 0.33173 1.654 0.72512 12.0000 57.61 0.9242 0.9247 1.970171 
628.8441 21.172 148.478 -0.56198 0.34467 1.668 0.72339 12.0000 56.90 0.9246 0.9251 1.971620 
628.3813 21.264 147.216 -0.55628 0.35828 1.668 0.72139 12.0000 57.43 0.9248 0.9253 1.973073 
627.9184 21.348 145.933 -0.55003 0.37193 1.691 0.71962 12.0000 56.75 0.9256 0.9261 1.974527 
627.4554 21.444 144.730 -0.54436 0.38499 1.690 0.71782 12.0000 56.91 0.9253 0.9258 1.975984 
626.9923 21.522 143.544 -0.53799 0.39745 1.715 0.71618 12.0000 57.07 0.9250 0.9255 1.977444 
626.5291 21.598 142.404 -0.53138 0.40916 1.710 0.71428 12.0000 56.92 0.9244 0.9249 1.978905 
626.0658 21.669 141.147 -0.52373 0.42189 1.714 0.71270 12.0000 56.69 0.9257 0.9262 1.980370 
625.6024 21.750 139.922 -0.51612 0.43428 1.736 0.71079 12.0000 56.83 0.9265 0.9270 1.981837 
625.1389 21.840 138.727 -0.50867 0.44645 1.757 0.70872 12.0000 56.77 0.9274 0.9279 1.983306 
624.6753 21.943 137.610 -0.50173 0.45798 1.759 0.70629 12.0000 56.70 0.9264 0.9269 1.984778 
624.2115 22.019 136.407 -0.49331 0.46965 1.770 0.70440 12.0000 55.77 0.9278 0.9283 1.986253 
623.7477 22.095 135.165 -0.48427 0.48150 1.752 0.70250 12.0000 55.71 0.9300 0.9304 1.987730 
623.2838 22.190 133.902 -0.47585 0.49445 1.765 0.70126 12.0000 55.20 0.9314 0.9318 1.989209 
622.8198 22.268 132.608 -0.46614 0.50679 1.793 0.69981 12.0000 55.92 0.9338 0.9342 1.990691 
622.3557 22.312 131.246 -0.45498 0.51888 1.812 0.69920 12.0000 55.51 0.9366 0.9371 1.992176 
621.8914 22.367 129.945 -0.44393 0.53009 1.825 0.69788 12.0000 55.46 0.9389 0.9394 1.993663 
621.4271 22.416 128.701 -0.43313 0.54062 1.828 0.69680 12.0000 55.13 0.9400 0.9405 1.995153 
620.9626 22.464 127.488 -0.42209 0.55031 1.786 0.69527 12.0000 54.50 0.9407 0.9412 1.996645 
620.4980 22.515 126.372 -0.41153 0.55876 1.835 0.69324 12.0000 54.35 0.9400 0.9405 1.998140 
620.0334 22.579 125.121 -0.39974 0.56832 1.821 0.69102 12.0000 54.21 0.9411 0.9417 1.999637 
619.5687 22.660 123.884 -0.38797 0.57770 1.873 0.68815 12.0000 53.94 0.9416 0.9421 2.001137 
619.1038 22.721 122.673 -0.37598 0.58625 1.841 0.68580 12.0000 53.78 0.9432 0.9437 2.002640 
618.6388 22.776 121.463 -0.36384 0.59460 1.860 0.68380 12.0000 53.36 0.9451 0.9456 2.004145 
618.1737 22.843 120.254 -0.35173 0.60303 1.867 0.68158 12.0000 53.46 0.9465 0.9471 2.005653 
617.7086 22.913 119.047 -0.33929 0.61091 1.889 0.67892 12.0000 52.51 0.9484 0.9490 2.007163 
617.2433 22.986 117.870 -0.32712 0.61861 1.852 0.67644 12.0000 52.15 0.9496 0.9501 2.008676 
616.7779 23.057 116.700 -0.31487 0.62605 1.865 0.67403 12.0000 52.83 0.9509 0.9515 2.010192 
616.3124 23.144 115.549 -0.30302 0.63389 1.903 0.67168 12.0000 52.21 0.9521 0.9527 2.011710 
615.8468 23.226 114.414 -0.29110 0.64132 1.863 0.66949 12.0000 51.40 0.9535 0.9541 2.013231 
615.3810 23.310 113.262 -0.27877 0.64847 1.866 0.66701 12.0000 50.93 0.9551 0.9557 2.014755 
614.9153 23.397 112.137 -0.26661 0.65535 1.879 0.66452 12.0000 50.91 0.9567 0.9573 2.016281 
614.4493 23.470 111.043 -0.25440 0.66123 1.836 0.66205 12.0000 50.94 0.9580 0.9587 2.017810 
613.9833 23.563 109.957 -0.24243 0.66764 1.904 0.65946 12.0000 50.00 0.9593 0.9600 2.019341 
613.5172 23.650 108.863 -0.23023 0.67386 1.850 0.65709 12.0000 49.10 0.9608 0.9615 2.020875 
613.0510 23.743 107.800 -0.21826 0.67982 1.844 0.65457 12.0000 50.34 0.9618 0.9626 2.022412 
612.5847 23.846 106.745 -0.20635 0.68583 1.882 0.65188 12.0000 50.16 0.9632 0.9639 2.023952 
612.1182 23.942 105.708 -0.19444 0.69134 1.839 0.64925 12.0000 49.82 0.9642 0.9650 2.025494 
611.6517 24.057 104.664 -0.18251 0.69751 1.935 0.64657 12.0000 49.71 0.9654 0.9662 2.027039 
611.1850 24.158 103.662 -0.17082 0.70278 2.029 0.64401 12.0000 49.19 0.9660 0.9669 2.028587 
610.7183 24.269 102.669 -0.15922 0.70829 1.885 0.64143 12.0000 50.29 0.9667 0.9676 2.030137 
610.2514 24.371 101.695 -0.14759 0.71301 1.895 0.63875 12.0000 49.81 0.9672 0.9682 2.031690 
609.7844 24.480 100.720 -0.13588 0.71779 1.828 0.63594 12.0000 50.25 0.9677 0.9687 2.033246 
609.3173 24.581 99.758 -0.12419 0.72216 1.814 0.63335 12.0000 49.34 0.9683 0.9692 2.034805 
608.8502 24.692 98.817 -0.11268 0.72639 1.813 0.63041 12.0000 48.86 0.9682 0.9692 2.036366 
608.3829 24.805 97.919 -0.10156 0.73015 1.837 0.62717 12.0000 48.93 0.9680 0.9690 2.037930 
607.9155 24.917 97.020 -0.09034 0.73366 1.703 0.62394 12.0000 49.64 0.9676 0.9687 2.039497 
607.4480 25.025 96.139 -0.07926 0.73689 1.678 0.62078 12.0000 49.14 0.9673 0.9684 2.041067 
606.9804 25.101 95.283 -0.06828 0.73841 1.695 0.61781 12.0000 47.87 0.9663 0.9673 2.042639 
606.5127 25.191 94.417 -0.05718 0.74037 1.805 0.61472 12.0000 47.31 0.9654 0.9665 2.044214 
606.0449 25.331 93.552 -0.04621 0.74446 1.769 0.61132 12.0000 48.01 0.9650 0.9661 2.045792 
605.5770 25.366 92.724 -0.03535 0.74282 1.751 0.60798 12.0000 47.25 0.9628 0.9639 2.047373 
605.1089 25.351 91.900 -0.02450 0.73826 1.759 0.60456 12.0000 47.83 0.9592 0.9603 2.048957 
604.6408 25.351 91.078 -0.01379 0.73303 1.771 0.60006 12.0000 47.70 0.9555 0.9566 2.050543 
604.1726 25.131 90.252 -0.00316 0.71772 1.758 0.59667 12.0000 46.68 0.9479 0.9491 2.052132 
603.7042 25.172 89.351 0.00810 0.71435 1.516 0.59219 12.0000 46.57 0.9446 0.9458 2.053724 
603.2358 24.998 88.410 0.01944 0.70047 1.694 0.58806 12.0000 46.12 0.9376 0.9388 2.055319 
602.7673 25.170 87.507 0.03062 0.70341 1.503 0.58372 12.0000 45.25 0.9365 0.9377 2.056916 
602.2986 25.806 86.733 0.04171 0.73057 1.589 0.57973 12.0000 45.98 0.9443 0.9455 2.058517 
601.8298 26.392 86.011 0.05267 0.75531 1.495 0.57503 12.0000 45.24 0.9516 0.9528 2.060121 
601.3610 26.897 85.286 0.06383 0.77405 1.514 0.56858 12.0000 44.84 0.9560 0.9572 2.061726 
600.8920 27.168 84.519 0.07487 0.78024 1.538 0.56250 12.0000 44.40 0.9560 0.9571 2.063336 
600.4229 27.176 83.615 0.08639 0.77203 1.591 0.55714 12.0000 43.63 0.9505 0.9516 2.064948 
599.9537 27.173 82.673 0.09777 0.76037 1.681 0.54993 12.0000 43.79 0.9435 0.9446 2.066563 
599.4844 27.083 81.646 0.10924 0.74394 1.660 0.54297 12.0000 43.06 0.9348 0.9359 2.068181 
599.0150 27.151 80.687 0.12034 0.73379 1.573 0.53428 12.0000 41.91 0.9281 0.9292 2.069801 
598.5455 27.630 80.084 0.13128 0.75094 1.522 0.52864 12.0000 41.32 0.9321 0.9333 2.071425 
598.0759 27.971 79.302 0.14212 0.75234 1.625 0.51757 12.0000 41.64 0.9295 0.9306 2.073051 
597.6062 28.391 78.642 0.15280 0.76066 1.542 0.50805 12.0000 40.76 0.9302 0.9313 2.074680 
597.1364 28.714 77.986 0.16314 0.76658 1.496 0.50068 12.0000 39.85 0.9305 0.9317 2.076313 
596.6664 29.176 77.370 0.17344 0.77398 1.446 0.48888 12.0000 39.43 0.9302 0.9313 2.077948 
596.1964 29.321 76.665 0.18371 0.77504 1.396 0.48539 12.0000 38.40 0.9296 0.9307 2.079586 
595.7263 29.394 75.974 0.19365 0.77522 1.467 0.48416 12.0000 38.26 0.9296 0.9306 2.081227 
595.2560 29.606 75.297 0.20388 0.77696 1.425 0.47861 12.0000 37.26 0.9297 0.9308 2.082872 
594.7857 29.977 74.390 0.21588 0.77268 1.403 0.46404 12.0000 36.54 0.9252 0.9262 2.084519 
594.3152 30.359 73.466 0.22913 0.77186 1.377 0.45149 12.0000 35.56 0.9232 0.9243 2.086169 
593.8447 30.666 72.649 0.24186 0.77411 1.347 0.44344 12.0000 34.89 0.9239 0.9250 2.087822 
593.3740 30.957 71.729 0.25514 0.77278 1.307 0.43429 12.0000 34.01 0.9226 0.9237 2.089478 
592.9032 31.495 70.897 0.26946 0.77802 1.287 0.41970 12.0000 33.53 0.9235 0.9246 2.091137 
592.4323 32.047 70.035 0.28529 0.78531 1.246 0.40580 12.0000 31.99 0.9250 0.9261 2.092799 
591.9613 32.511 69.234 0.30079 0.79323 1.213 0.39520 12.0000 30.98 0.9272 0.9282 2.094464 
591.4902 32.810 68.285 0.31649 0.79472 1.171 0.38766 12.0000 30.02 0.9276 0.9286 2.096133 
591.0190 33.394 67.440 0.33238 0.80004 1.125 0.37152 12.0000 29.03 0.9280 0.9290 2.097804 
590.5477 33.977 66.540 0.34887 0.80390 1.093 0.35488 12.0000 28.00 0.9288 0.9298 2.099478 
590.0763 34.585 65.581 0.36592 0.80597 1.057 0.33675 12.0000 27.02 0.9289 0.9299 2.101155 
589.6048 35.221 64.614 0.38284 0.80678 1.025 0.31725 12.0000 25.74 0.9292 0.9302 2.102836 
589.1331 35.858 63.573 0.40132 0.80751 0.969 0.29795 12.0000 24.93 0.9295 0.9304 2.104519 
588.6614 36.597 62.477 0.42082 0.80758 0.934 0.27504 12.0000 23.90 0.9310 0.9319 2.106206 
588.1896 37.394 61.344 0.44103 0.80703 0.899 0.25007 12.0000 22.98 0.9328 0.9337 2.107895 
587.7176 38.301 60.089 0.46330 0.80534 0.858 0.22129 12.0000 20.78 0.9350 0.9359 2.109588 
587.2455 39.217 58.610 0.48844 0.80052 0.807 0.19193 12.0000 19.87 0.9358 0.9366 2.111284 
586.7734 40.177 56.931 0.51605 0.79255 0.775 0.16074 12.0000 19.18 0.9370 0.9379 2.112983 
586.3011 41.288 55.230 0.54531 0.78548 0.733 0.12460 12.0000 18.27 0.9397 0.9406 2.114685 
585.8287 42.427 53.420 0.57184 0.77054 0.705 0.08641 12.0000 17.20 0.9418 0.9427 2.116390 
585.3563 43.598 51.422 0.60069 0.75307 0.656 0.04719 12.0000 15.89 0.9427 0.9436 2.118098 
584.8837 44.898 49.293 0.62999 0.73224 0.618 0.00345 12.0000 14.57 0.9431 0.9439 2.119809 
584.4109 46.220 46.982 0.65646 0.70351 0.586 -0.04100 12.0000 14.13 0.9428 0.9437 2.121524 
583.9382 47.606 44.527 0.68254 0.67136 0.553 -0.08734 12.0000 13.79 0.9418 0.9427 2.123242 
583.4652 49.023 41.795 0.70798 0.63290 0.522 -0.13423 12.0000 13.52 0.9398 0.9407 2.124963 
582.9922 50.486 38.704 0.73174 0.58631 0.488 -0.18179 12.0000 12.95 0.9372 0.9381 2.126687 
582.5191 51.950 35.206 0.75224 0.53076 0.460 -0.22785 12.0000 12.54 0.9346 0.9355 2.128414 
582.0458 53.374 31.192 0.76987 0.46610 0.440 -0.27083 12.0000 11.92 0.9314 0.9323 2.130145 
581.5725 54.700 26.539 0.78381 0.39146 0.418 -0.30854 12.0000 11.55 0.9283 0.9292 2.131878 
581.0991 55.847 21.123 0.79617 0.30758 0.400 -0.33954 12.0000 11.10 0.9241 0.9249 2.133615 
580.6255 56.715 15.042 0.80508 0.21635 0.384 -0.36127 12.0000 10.77 0.9205 0.9214 2.135356 
580.1519 57.252 8.405 0.81142 0.11989 0.371 -0.37387 12.0000 10.24 0.9173 0.9181 2.137099 
579.6780 57.365 1.330 0.81458 0.01891 0.361 -0.37529 12.0000 9.92 0.9151 0.9159 2.138846 
579.2042 57.042 354.264 0.81419 -0.08178 0.357 -0.36575 12.0000 9.75 0.9149 0.9157 2.140595 
578.7302 56.323 347.470 0.81093 -0.18023 0.353 -0.34659 12.0000 9.32 0.9160 0.9168 2.142349 
578.2561 55.218 341.158 0.80643 -0.27518 0.352 -0.31749 12.0000 8.90 0.9202 0.9210 2.144105 
577.7819 53.862 335.629 0.79758 -0.36132 0.356 -0.27985 12.0000 8.63 0.9245 0.9254 2.145865 
577.3076 52.339 330.834 0.78677 -0.43910 0.362 -0.23601 12.0000 8.39 0.9304 0.9312 2.147628 
576.8332 50.709 326.631 0.77049 -0.50745 0.370 -0.18633 12.0000 8.79 0.9349 0.9357 2.149394 
576.3586 49.038 322.928 0.74972 -0.56644 0.382 -0.13335 12.0000 9.34 0.9380 0.9388 2.151164 
575.8840 47.364 319.593 0.72397 -0.61629 0.394 -0.07864 12.0000 10.19 0.9398 0.9406 2.152937 
575.4093 45.688 316.623 0.69618 -0.65781 0.411 -0.02302 12.0000 10.83 0.9410 0.9418 2.154713 
574.9344 44.068 313.954 0.66699 -0.69179 0.426 0.03128 12.0000 11.23 0.9420 0.9428 2.156493 
574.4595 42.524 311.558 0.63670 -0.71818 0.447 0.08315 12.0000 12.11 0.9419 0.9427 2.158276 
573.9844 41.047 309.318 0.60459 -0.73820 0.463 0.13252 12.0000 12.66 0.9411 0.9419 2.160062 
573.5092 39.669 307.249 0.57278 -0.75327 0.483 0.17815 12.0000 13.72 0.9400 0.9408 2.161852 
573.0339 38.367 305.335 0.54072 -0.76269 0.506 0.22043 12.0000 14.30 0.9379 0.9387 2.163645 
572.5586 37.143 303.514 0.50963 -0.76955 0.523 0.25968 12.0000 15.15 0.9359 0.9367 2.165441 
572.0831 36.008 301.832 0.48119 -0.77512 0.541 0.29614 12.0000 16.04 0.9351 0.9358 2.167241 
571.6075 34.941 300.212 0.45342 -0.77868 0.565 0.33006 12.0000 16.80 0.9342 0.9349 2.169044 
571.1318 33.955 298.659 0.42670 -0.78071 0.590 0.36108 12.0000 17.43 0.9333 0.9340 2.170851 
570.6559 33.039 297.167 0.40117 -0.78168 0.607 0.38977 12.0000 18.38 0.9325 0.9332 2.172661 
570.1801 32.179 295.750 0.37703 -0.78167 0.622 0.41657 12.0000 19.04 0.9317 0.9324 2.174474 
569.7040 31.349 294.376 0.35340 -0.77993 0.646 0.44197 12.0000 19.76 0.9309 0.9316 2.176291 
569.2278 30.577 293.055 0.33072 -0.77706 0.669 0.46515 12.0000 20.94 0.9300 0.9307 2.178112 
568.7516 29.871 291.745 0.30853 -0.77354 0.683 0.48581 12.0000 21.61 0.9288 0.9295 2.179936 
568.2753 29.214 290.443 0.28700 -0.76998 0.697 0.50496 12.0000 22.25 0.9277 0.9284 2.181763 
567.7988 28.607 289.130 0.26614 -0.76725 0.715 0.52309 12.0000 23.34 0.9272 0.9279 2.183594 
567.3222 28.063 287.786 0.24546 -0.76518 0.733 0.53946 12.0000 24.42 0.9270 0.9277 2.185428 
566.8455 27.524 286.484 0.22526 -0.76125 0.749 0.55490 12.0000 24.87 0.9262 0.9268 2.187266 
566.3687 27.026 285.171 0.20540 -0.75750 0.763 0.56914 12.0000 25.88 0.9254 0.9260 2.189107 
565.8918 26.574 283.854 0.18581 -0.75343 0.768 0.58164 12.0000 26.25 0.9244 0.9250 2.190952 
565.4149 26.145 282.488 0.16617 -0.75032 0.785 0.59417 12.0000 26.91 0.9238 0.9245 2.192800 
564.9377 25.720 281.094 0.14639 -0.74656 0.797 0.60645 12.0000 27.87 0.9235 0.9242 2.194653 
564.4605 25.316 279.702 0.12688 -0.74208 0.809 0.61769 12.0000 28.34 0.9229 0.9235 2.196508 
563.9832 24.950 278.318 0.10776 -0.73704 0.819 0.62724 12.0000 28.70 0.9219 0.9226 2.198367 
563.5057 24.614 276.860 0.08812 -0.73246 0.819 0.63617 12.0000 28.87 0.9212 0.9218 2.200230 
563.0282 24.276 275.387 0.06862 -0.72776 0.831 0.64552 12.0000 29.70 0.9209 0.9215 2.202096 
562.5505 23.969 273.923 0.04957 -0.72283 0.836 0.65377 12.0000 29.96 0.9204 0.9210 2.203966 
562.0728 23.690 272.404 0.03014 -0.71806 0.854 0.66133 12.0000 30.95 0.9201 0.9207 2.205839 
561.5948 23.431 270.911 0.01133 -0.71297 0.849 0.66818 12.0000 30.93 0.9198 0.9204 2.207716 
561.1169 23.175 269.368 -0.00780 -0.70714 0.856 0.67462 12.0000 31.35 0.9192 0.9198 2.209597 
560.6388 22.903 267.782 -0.02713 -0.70067 0.858 0.68173 12.0000 31.63 0.9190 0.9197 2.211481 
560.1606 22.648 266.170 -0.04645 -0.69378 0.869 0.68818 12.0000 32.02 0.9188 0.9195 2.213369 
559.6823 22.439 264.546 -0.06563 -0.68731 0.872 0.69340 12.0000 32.53 0.9187 0.9193 2.215260 
559.2039 22.240 262.897 -0.08473 -0.67997 0.876 0.69777 12.0000 32.87 0.9182 0.9188 2.217155 
558.7253 22.033 261.227 -0.10375 -0.67229 0.876 0.70282 12.0000 33.30 0.9180 0.9186 2.219055 
558.2467 21.854 259.528 -0.12285 -0.66465 0.878 0.70711 12.0000 32.69 0.9178 0.9184 2.220957 
557.7679 21.695 257.792 -0.14195 -0.65609 0.879 0.71011 12.0000 33.02 0.9172 0.9178 2.222864 
557.2891 21.538 256.022 -0.16109 -0.64714 0.879 0.71325 12.0000 33.34 0.9168 0.9174 2.224773 
556.8102 21.382 254.247 -0.17983 -0.63748 0.884 0.71620 12.0000 33.18 0.9162 0.9168 2.226687 
556.3311 21.220 252.424 -0.19878 -0.62752 0.876 0.71987 12.0000 32.51 0.9161 0.9167 2.228604 
555.8519 21.050 250.600 -0.21728 -0.61698 0.889 0.72396 12.0000 33.28 0.9162 0.9168 2.230525 
555.3726 20.912 248.744 -0.23582 -0.60621 0.882 0.72690 12.0000 33.04 0.9160 0.9167 2.232451 
554.8932 20.772 246.840 -0.25439 -0.59466 0.885 0.72991 12.0000 33.72 0.9159 0.9165 2.234379 
554.4137 20.626 244.953 -0.27246 -0.58306 0.883 0.73380 12.0000 33.57 0.9161 0.9167 2.236312 
553.9341 20.478 243.017 -0.29049 -0.57054 0.886 0.73764 12.0000 34.03 0.9162 0.9169 2.238248 
553.4543 20.368 241.093 -0.30806 -0.55789 0.884 0.73997 12.0000 32.88 0.9161 0.9167 2.240188 
552.9745 20.260 239.118 -0.32542 -0.54413 0.879 0.74181 12.0000 32.88 0.9158 0.9164 2.242132 
552.4946 20.168 237.164 -0.34231 -0.53043 0.876 0.74344 12.0000 32.97 0.9157 0.9163 2.244080 
552.0145 20.079 235.159 -0.35911 -0.51591 0.879 0.74496 12.0000 32.71 0.9155 0.9161 2.246031 
551.5344 19.989 233.136 -0.37554 -0.50084 0.880 0.74662 12.0000 32.78 0.9153 0.9160 2.247986 
551.0541 19.913 231.090 -0.39208 -0.48573 0.876 0.74851 12.0000 32.84 0.9155 0.9161 2.249946 
550.5737 19.844 229.020 -0.40780 -0.46946 0.871 0.74936 12.0000 32.45 0.9153 0.9159 2.251909 
550.0933 19.761 226.933 -0.42314 -0.45270 0.872 0.75115 12.0000 32.96 0.9153 0.9160 2.253876 
549.6127 19.718 224.832 -0.43859 -0.43602 0.872 0.75194 12.0000 32.64 0.9154 0.9160 2.255847 
549.1320 19.669 222.738 -0.45325 -0.41880 0.868 0.75296 12.0000 31.78 0.9155 0.9161 2.257821 
548.6511 19.619 220.642 -0.46736 -0.40118 0.867 0.75418 12.0000 31.35 0.9157 0.9164 2.259800 
548.1702 19.582 218.533 -0.48122 -0.38323 0.860 0.75522 12.0000 31.42 0.9160 0.9167 2.261783 
547.6891 19.548 216.462 -0.49420 -0.36518 0.855 0.75623 12.0000 30.91 0.9163 0.9169 2.263770 
547.2080 19.534 214.368 -0.50706 -0.34678 0.859 0.75678 12.0000 30.78 0.9166 0.9172 2.265760 
546.7267 19.511 212.289 -0.51898 -0.32794 0.853 0.75752 12.0000 31.13 0.9168 0.9175 2.267755 
546.2454 19.482 210.198 -0.53034 -0.30864 0.850 0.75872 12.0000 30.15 0.9173 0.9180 2.269752 
545.7639 19.467 208.106 -0.54118 -0.28904 0.846 0.75944 12.0000 29.59 0.9176 0.9183 2.271755 
545.2823 19.460 206.027 -0.55137 -0.26925 0.846 0.75988 12.0000 29.81 0.9179 0.9185 2.273762 
544.8007 19.449 203.940 -0.56092 -0.24904 0.845 0.76066 12.0000 28.96 0.9183 0.9190 2.275771 
544.3188 19.450 201.859 -0.56980 -0.22858 0.844 0.76086 12.0000 28.92 0.9187 0.9193 2.277786 
543.8369 19.440 199.791 -0.57764 -0.20786 0.839 0.76138 12.0000 28.88 0.9191 0.9198 2.279805 
543.3549 19.447 197.724 -0.58508 -0.18700 0.825 0.76140 12.0000 28.67 0.9194 0.9201 2.281827 
542.8728 19.448 195.658 -0.59182 -0.16588 0.830 0.76183 12.0000 28.81 0.9200 0.9207 2.283853 
542.3905 19.444 193.595 -0.59755 -0.14451 0.825 0.76221 12.0000 28.77 0.9203 0.9210 2.285884 
541.9082 19.451 191.544 -0.60304 -0.12318 0.821 0.76272 12.0000 28.65 0.9209 0.9216 2.287919 
541.4257 19.457 189.489 -0.60719 -0.10149 0.821 0.76254 12.0000 28.60 0.9210 0.9217 2.289958 
540.9431 19.460 187.445 -0.61060 -0.07979 0.814 0.76261 12.0000 27.93 0.9215 0.9222 2.292001 
540.4604 19.474 185.395 -0.61331 -0.05792 0.811 0.76214 12.0000 28.20 0.9216 0.9224 2.294048 
539.9777 19.482 183.342 -0.61556 -0.03594 0.822 0.76240 12.0000 28.55 0.9221 0.9228 2.296098 
539.4948 19.502 181.295 -0.61671 -0.01394 0.811 0.76165 12.0000 27.92 0.9221 0.9229 2.298154 
539.0118 19.509 179.248 -0.61700 0.00810 0.805 0.76149 12.0000 27.61 0.9225 0.9232 2.300213 
538.5286 19.528 177.223 -0.61678 0.02992 0.801 0.76105 12.0000 27.20 0.9228 0.9235 2.302277 
538.0454 19.541 175.189 -0.61550 0.05180 0.801 0.76056 12.0000 26.92 0.9228 0.9236 2.304344 
537.5621 19.542 173.147 -0.61336 0.07372 0.791 0.76063 12.0000 26.69 0.9232 0.9240 2.306416 
537.0786 19.568 171.124 -0.61072 0.09537 0.788 0.75963 12.0000 26.31 0.9232 0.9240 2.308492 
536.5950 19.605 169.108 -0.60785 0.11697 0.786 0.75870 12.0000 25.79 0.9235 0.9243 2.310573 
536.1114 19.635 167.090 -0.60429 0.13851 0.790 0.75824 12.0000 26.21 0.9238 0.9246 2.312657 
535.6276 19.675 165.085 -0.60017 0.15986 0.781 0.75747 12.0000 25.20 0.9241 0.9249 2.314746 
535.1437 19.706 163.060 -0.59503 0.18123 0.779 0.75696 12.0000 25.18 0.9245 0.9254 2.316839 
534.6597 19.742 161.047 -0.58944 0.20242 0.775 0.75647 12.0000 24.99 0.9250 0.9258 2.318936 
534.1756 19.790 159.033 -0.58320 0.22349 0.769 0.75548 12.0000 24.12 0.9252 0.9261 2.321038 
533.6913 19.837 157.044 -0.57624 0.24408 0.765 0.75446 12.0000 23.48 0.9255 0.9264 2.323144 
533.2070 19.891 155.078 -0.56903 0.26440 0.765 0.75358 12.0000 23.37 0.9261 0.9270 2.325254 
532.7226 19.946 153.122 -0.56128 0.28448 0.763 0.75279 12.0000 23.17 0.9267 0.9276 2.327369 
532.2380 20.000 151.197 -0.55297 0.30404 0.758 0.75202 12.0000 23.02 0.9272 0.9281 2.329488 
531.7534 20.055 149.263 -0.54390 0.32341 0.754 0.75122 12.0000 23.07 0.9278 0.9288 2.331611 
531.2686 20.109 147.368 -0.53432 0.34214 0.751 0.75033 12.0000 23.23 0.9284 0.9293 2.333738 
530.7837 20.165 145.460 -0.52408 0.36073 0.752 0.74945 12.0000 22.96 0.9290 0.9299 2.335870 
530.2987 20.217 143.603 -0.51345 0.37852 0.746 0.74864 12.0000 22.47 0.9295 0.9304 2.338007 
529.8136 20.271 141.738 -0.50218 0.39606 0.744 0.74773 12.0000 22.81 0.9302 0.9312 2.340147 
529.3284 20.321 139.910 -0.49055 0.41294 0.735 0.74698 12.0000 22.45 0.9306 0.9316 2.342292 
528.8430 20.377 138.084 -0.47850 0.42958 0.737 0.74620 12.0000 22.65 0.9312 0.9322 2.344442 
528.3576 20.426 136.279 -0.46583 0.44549 0.734 0.74534 12.0000 22.65 0.9317 0.9327 2.346596 
527.8720 20.480 134.475 -0.45282 0.46119 0.726 0.74454 12.0000 22.26 0.9322 0.9332 2.348755 
527.3864 20.528 132.707 -0.43936 0.47602 0.726 0.74373 12.0000 22.12 0.9325 0.9335 2.350917 
526.9006 20.577 130.933 -0.42548 0.49061 0.719 0.74304 12.0000 21.95 0.9330 0.9341 2.353085 
526.4147 20.622 129.194 -0.41129 0.50439 0.712 0.74226 12.0000 21.43 0.9334 0.9344 2.355257 
525.9287 20.664 127.448 -0.39647 0.51766 0.708 0.74144 12.0000 21.41 0.9338 0.9349 2.357433 
525.4426 20.705 125.706 -0.38127 0.53047 0.713 0.74071 12.0000 21.69 0.9342 0.9352 2.359614 
524.9564 20.747 123.975 -0.36574 0.54275 0.704 0.73991 12.0000 21.08 0.9344 0.9355 2.361800 
524.4700 20.794 122.235 -0.34983 0.55477 0.701 0.73902 12.0000 20.78 0.9347 0.9358 2.363990 
523.9836 20.828 120.499 -0.33333 0.56591 0.694 0.73830 12.0000 20.50 0.9350 0.9361 2.366185 
523.4971 20.857 118.776 -0.31656 0.57638 0.689 0.73770 12.0000 20.47 0.9352 0.9363 2.368384 
523.0104 20.888 117.062 -0.29953 0.58629 0.685 0.73698 12.0000 20.07 0.9352 0.9363 2.370588 
522.5236 20.925 115.350 -0.28234 0.59595 0.680 0.73626 12.0000 19.48 0.9353 0.9364 2.372796 
522.0367 20.953 113.652 -0.26479 0.60458 0.675 0.73547 12.0000 19.50 0.9354 0.9366 2.375009 
521.5497 20.976 111.971 -0.24711 0.61249 0.665 0.73475 12.0000 19.18 0.9354 0.9366 2.377227 
521.0626 20.998 110.265 -0.22880 0.61968 0.660 0.73374 12.0000 18.99 0.9354 0.9366 2.379449 
520.5754 21.003 108.612 -0.21066 0.62552 0.659 0.73290 12.0000 18.97 0.9350 0.9362 2.381676 
520.0881 21.028 106.945 -0.19250 0.63181 0.656 0.73210 12.0000 18.73 0.9350 0.9362 2.383908 
519.6006 21.045 105.289 -0.17412 0.63697 0.645 0.73105 12.0000 18.46 0.9348 0.9360 2.386144 
519.1131 21.068 103.623 -0.15557 0.64190 0.641 0.73005 12.0000 18.28 0.9347 0.9359 2.388385 
518.6254 21.105 101.957 -0.13693 0.64660 0.634 0.72865 12.0000 17.70 0.9344 0.9356 2.390631 
518.1377 21.156 100.301 -0.11837 0.65126 0.631 0.72716 12.0000 17.53 0.9342 0.9354 2.392881 
517.6498 21.199 98.641 -0.09956 0.65510 0.619 0.72570 12.0000 16.89 0.9341 0.9353 2.395137 
517.1618 21.251 97.000 -0.08089 0.65878 0.613 0.72427 12.0000 16.66 0.9338 0.9351 2.397397 
516.6737 21.306 95.345 -0.06193 0.66193 0.604 0.72269 12.0000 16.28 0.9337 0.9349 2.399661 
516.1855 21.365 93.695 -0.04290 0.66438 0.602 0.72073 12.0000 15.90 0.9334 0.9346 2.401931 
515.6971 21.425 92.058 -0.02395 0.66650 0.593 0.71895 12.0000 15.78 0.9331 0.9343 2.404206 
515.2087 21.477 90.413 -0.00481 0.66761 0.585 0.71709 12.0000 15.66 0.9327 0.9340 2.406485 
514.7202 21.523 88.764 0.01442 0.66794 0.572 0.71528 12.0000 15.22 0.9322 0.9334 2.408769 
514.2314 21.581 87.118 0.03365 0.66841 0.565 0.71364 12.0000 14.77 0.9320 0.9332 2.411058 
513.7427 21.617 85.502 0.05247 0.66704 0.562 0.71167 12.0000 14.66 0.9314 0.9326 2.413352 
513.2538 21.677 83.876 0.07150 0.66635 0.554 0.70982 12.0000 14.16 0.9313 0.9325 2.415651 
512.7648 21.699 82.220 0.09066 0.66357 0.543 0.70829 12.0000 13.84 0.9304 0.9317 2.417955 
512.2757 21.709 80.571 0.10958 0.65983 0.536 0.70686 12.0000 13.61 0.9296 0.9309 2.420263 
511.7864 21.719 78.860 0.12908 0.65554 0.525 0.70559 12.0000 13.24 0.9289 0.9301 2.422577 
511.2971 21.718 77.147 0.14838 0.65030 0.516 0.70445 12.0000 12.96 0.9279 0.9292 2.424895 
510.8076 21.757 75.441 0.16791 0.64649 0.501 0.70353 12.0000 12.43 0.9277 0.9290 2.427219 
510.3181 21.772 73.691 0.18760 0.64116 0.497 0.70291 12.0000 11.93 0.9273 0.9286 2.429547 
509.8284 21.792 71.949 0.20716 0.63565 0.488 0.70243 12.0000 11.55 0.9269 0.9282 2.431881 
509.3386 21.826 70.183 0.22717 0.63041 0.470 0.70238 12.0000 11.20 0.9270 0.9283 2.434219 
508.8488 21.828 68.394 0.24692 0.62347 0.457 0.70280 12.0000 10.70 0.9271 0.9283 2.436563 
508.3587 21.870 66.577 0.26758 0.61766 0.448 0.70340 12.0000 10.58 0.9277 0.9290 2.438912 
507.8686 21.888 64.755 0.28779 0.61036 0.439 0.70427 12.0000 10.22 0.9283 0.9295 2.441265 
507.3784 21.891 62.868 0.30832 0.60170 0.429 0.70546 12.0000 9.71 0.9286 0.9298 2.443624 
506.8880 21.900 60.897 0.32976 0.59239 0.412 0.70699 12.0000 9.07 0.9292 0.9304 2.445988 
506.3976 21.929 58.864 0.35213 0.58291 0.400 0.70872 12.0000 8.64 0.9304 0.9316 2.448357 
505.9070 21.975 56.702 0.37623 0.57280 0.381 0.71088 12.0000 8.12 0.9319 0.9331 2.450731 
505.4163 21.940 54.531 0.39817 0.55886 0.372 0.71355 12.0000 7.83 0.9327 0.9339 2.453110 
504.9255 21.924 52.246 0.42129 0.54403 0.358 0.71634 12.0000 7.55 0.9341 0.9352 2.455495 
504.4346 21.908 49.758 0.44594 0.52691 0.349 0.71942 12.0000 7.24 0.9354 0.9365 2.457884 
503.9436 21.854 47.162 0.46968 0.50654 0.335 0.72266 12.0000 6.78 0.9360 0.9372 2.460279 
503.4525 21.804 44.546 0.49310 0.48534 0.322 0.72636 12.0000 6.42 0.9371 0.9382 2.462679 
502.9612 21.721 41.709 0.51630 0.46016 0.309 0.73027 12.0000 6.06 0.9380 0.9391 2.465085 
502.4698 21.640 38.743 0.53945 0.43284 0.298 0.73448 12.0000 5.80 0.9389 0.9400 2.467495 
501.9784 21.528 35.699 0.56083 0.40298 0.288 0.73913 12.0000 5.54 0.9398 0.9410 2.469911 
501.4868 21.401 32.532 0.58082 0.37047 0.282 0.74390 12.0000 5.29 0.9407 0.9418 2.472332 
500.9951 21.216 29.208 0.59761 0.33410 0.266 0.74895 12.0000 4.87 0.9406 0.9417 2.474759 
500.5033 20.996 25.641 0.61214 0.29382 0.251 0.75434 12.0000 4.47 0.9403 0.9414 2.477190 
500.0114 20.791 21.795 0.62598 0.25032 0.245 0.75983 12.0000 4.31 0.9404 0.9415 2.479627 
499.5193 20.526 17.935 0.63434 0.20532 0.241 0.76558 12.0000 4.35 0.9397 0.9408 2.482070 
499.0272 20.228 13.923 0.63849 0.15828 0.235 0.77138 12.0000 4.19 0.9386 0.9396 2.484518 
498.5349 19.913 9.762 0.63895 0.10992 0.226 0.77743 12.0000 3.95 0.9374 0.9385 2.486971 
498.0426 19.574 5.595 0.63485 0.06219 0.219 0.78358 12.0000 3.86 0.9363 0.9373 2.489429 
497.5501 19.163 1.383 0.62404 0.01507 0.216 0.78967 12.0000 3.73 0.9341 0.9351 2.491894 
497.0575 18.691 357.082 0.60742 -0.03096 0.216 0.79605 12.0000 3.77 0.9315 0.9326 2.494363 
496.5648 18.132 352.752 0.58402 -0.07428 0.215 0.80251 12.0000 3.69 0.9285 0.9295 2.496838 
496.0720 17.547 348.234 0.55651 -0.11592 0.216 0.80902 12.0000 3.75 0.9251 0.9262 2.499318 
495.5790 16.928 343.741 0.52523 -0.15317 0.217 0.81551 12.0000 3.63 0.9217 0.9228 2.501805 
495.0860 16.259 339.296 0.49026 -0.18529 0.217 0.82211 12.0000 3.64 0.9182 0.9193 2.504296 
494.5928 15.569 334.698 0.45266 -0.21400 0.224 0.82878 12.0000 3.82 0.9144 0.9154 2.506793 
494.0995 14.913 329.979 0.41469 -0.23963 0.229 0.83538 12.0000 3.86 0.9116 0.9127 2.509296 
493.6062 14.229 325.310 0.37517 -0.25968 0.235 0.84186 12.0000 3.91 0.9089 0.9100 2.511804 
493.1127 13.535 320.825 0.33613 -0.27390 0.237 0.84837 12.0000 3.91 0.9063 0.9074 2.514318 
492.6190 12.852 316.188 0.29697 -0.28490 0.248 0.85495 12.0000 4.08 0.9041 0.9052 2.516837 
492.1253 12.142 311.517 0.25763 -0.29102 0.259 0.86142 12.0000 4.37 0.9020 0.9031 2.519362 
491.6315 11.479 306.612 0.21922 -0.29505 0.261 0.86770 12.0000 4.40 0.9005 0.9017 2.521893 
491.1375 10.885 301.652 0.18313 -0.29708 0.262 0.87388 12.0000 4.40 0.8994 0.9006 2.524429 
490.6435 10.258 296.670 0.14780 -0.29425 0.268 0.87997 12.0000 4.46 0.8984 0.8995 2.526971 
490.1493 9.669 291.493 0.11392 -0.28929 0.279 0.88593 12.0000 4.55 0.8975 0.8987 2.529519 
489.6550 9.137 285.809 0.08022 -0.28334 0.286 0.89172 12.0000 4.74 0.8971 0.8983 2.532072 
489.1606 8.636 280.230 0.04956 -0.27462 0.297 0.89754 12.0000 4.86 0.8969 0.8980 2.534631 
488.6661 8.156 274.228 0.01948 -0.26348 0.304 0.90282 12.0000 4.75 0.8970 0.8982 2.537196 
488.1714 7.707 267.771 -0.00974 -0.25017 0.307 0.90800 12.0000 4.75 0.8972 0.8984 2.539768 
487.6767 7.325 260.695 -0.03859 -0.23552 0.321 0.91301 12.0000 4.95 0.8975 0.8987 2.542344 
487.1818 7.003 253.354 -0.06556 -0.21929 0.321 0.91760 12.0000 4.98 0.8980 0.8992 2.544927 
486.6869 6.753 246.225 -0.08927 -0.20264 0.324 0.92189 12.0000 4.95 0.8988 0.9000 2.547514 
486.1918 6.567 238.973 -0.11133 -0.18509 0.327 0.92572 12.0000 4.84 0.8995 0.9007 2.550109 
485.6966 6.444 231.314 -0.13294 -0.16602 0.335 0.92947 12.0000 4.94 0.9003 0.9015 2.552709 
485.2013 6.378 223.709 -0.15266 -0.14593 0.347 0.93280 12.0000 5.15 0.9012 0.9025 2.555314 
484.7058 6.388 216.390 -0.17079 -0.12587 0.353 0.93570 12.0000 5.19 0.9021 0.9033 2.557927 
484.2103 6.453 209.218 -0.18766 -0.10496 0.350 0.93832 12.0000 5.11 0.9030 0.9043 2.560544 
483.7146 6.575 202.217 -0.20344 -0.08309 0.359 0.94063 12.0000 5.40 0.9043 0.9055 2.563168 
483.2189 6.741 195.594 -0.21761 -0.06073 0.367 0.94240 12.0000 5.76 0.9053 0.9066 2.565798 
482.7230 7.002 189.164 -0.23232 -0.03748 0.369 0.94356 12.0000 6.07 0.9064 0.9077 2.568433 
482.2270 7.252 183.287 -0.24391 -0.01401 0.378 0.94443 12.0000 6.57 0.9074 0.9087 2.571075 
481.7309 7.528 177.763 -0.25396 0.00992 0.378 0.94477 12.0000 6.90 0.9084 0.9097 2.573723 
481.2346 7.797 172.646 -0.26150 0.03375 0.385 0.94480 12.0000 7.48 0.9089 0.9102 2.576377 
480.7383 8.109 167.791 -0.26845 0.05809 0.378 0.94424 12.0000 7.56 0.9097 0.9110 2.579037 
480.2419 8.438 163.210 -0.27398 0.08267 0.377 0.94333 12.0000 7.84 0.9104 0.9116 2.581703 
479.7453 8.723 158.888 -0.27609 0.10660 0.379 0.94176 12.0000 8.31 0.9107 0.9120 2.584375 
479.2486 9.073 154.875 -0.27875 0.13072 0.378 0.93942 12.0000 8.46 0.9111 0.9123 2.587054 
478.7518 9.425 150.999 -0.27981 0.15511 0.377 0.93705 12.0000 8.70 0.9112 0.9124 2.589738 
478.2549 9.740 147.078 -0.27734 0.17957 0.378 0.93403 12.0000 9.02 0.9109 0.9121 2.592429 
477.7579 10.074 143.403 -0.27418 0.20360 0.382 0.93081 12.0000 9.47 0.9107 0.9119 2.595126 
477.2608 10.405 139.848 -0.26938 0.22726 0.378 0.92729 12.0000 9.36 0.9104 0.9116 2.597829 
476.7635 10.724 136.318 -0.26232 0.25052 0.380 0.92326 12.0000 9.78 0.9098 0.9110 2.600539 
476.2662 11.077 132.940 -0.25476 0.27378 0.383 0.91853 12.0000 10.26 0.9094 0.9106 2.603254 
475.7687 11.436 129.819 -0.24679 0.29601 0.384 0.91364 12.0000 10.45 0.9088 0.9100 2.605976 
475.2711 11.793 126.872 -0.23803 0.31735 0.391 0.90859 12.0000 11.26 0.9083 0.9094 2.608705 
474.7734 12.145 124.032 -0.22809 0.33776 0.391 0.90308 12.0000 11.76 0.9077 0.9089 2.611439 
474.2756 12.527 121.413 -0.21867 0.35805 0.389 0.89746 12.0000 12.35 0.9073 0.9084 2.614180 
473.7776 12.886 118.667 -0.20649 0.37768 0.393 0.89151 12.0000 13.22 0.9066 0.9078 2.616928 
473.2796 13.241 115.891 -0.19259 0.39678 0.385 0.88530 12.0000 13.73 0.9059 0.9070 2.619682 
472.7814 13.589 113.241 -0.17812 0.41478 0.382 0.87920 12.0000 14.00 0.9052 0.9062 2.622442 
472.2831 13.954 110.515 -0.16206 0.43312 0.378 0.87309 12.0000 14.84 0.9046 0.9057 2.625209 
471.7848 14.317 107.678 -0.14370 0.45089 0.375 0.86679 12.0000 15.62 0.9042 0.9053 2.627982 
471.2863 14.711 105.057 -0.12607 0.46864 0.370 0.86052 12.0000 16.01 0.9041 0.9051 2.630762 
470.7876 15.099 102.360 -0.10642 0.48561 0.365 0.85424 12.0000 16.35 0.9039 0.9049 2.633548 
470.2889 15.476 99.706 -0.08576 0.50142 0.359 0.84825 12.0000 16.57 0.9041 0.9050 2.636341 
469.7900 15.830 97.164 -0.06477 0.51529 0.355 0.84224 12.0000 16.55 0.9042 0.9051 2.639141 
469.2911 16.126 94.582 -0.04216 0.52610 0.350 0.83641 12.0000 16.66 0.9037 0.9046 2.641946 
468.7920 16.363 91.970 -0.01836 0.53360 0.345 0.83082 12.0000 16.52 0.9033 0.9042 2.644759 
468.2928 16.525 89.411 0.00552 0.53699 0.342 0.82537 12.0000 16.59 0.9021 0.9030 2.647578 
467.7935 16.609 86.777 0.03019 0.53618 0.339 0.82012 12.0000 16.67 0.9001 0.9009 2.650404 
467.2941 16.619 83.873 0.05701 0.53110 0.336 0.81512 12.0000 16.63 0.8976 0.8984 2.653237 
466.7945 16.552 80.942 0.08320 0.52185 0.333 0.81050 12.0000 16.91 0.8947 0.8954 2.656077 
466.2949 16.435 77.777 0.11028 0.50905 0.328 0.80606 12.0000 17.53 0.8913 0.8921 2.658922 
465.7951 16.280 74.177 0.13963 0.49268 0.326 0.80195 12.0000 18.06 0.8879 0.8887 2.661775 
465.2952 16.109 70.334 0.16932 0.47378 0.319 0.79837 12.0000 18.46 0.8844 0.8851 2.664635 
464.7952 15.919 66.391 0.19771 0.45234 0.313 0.79501 12.0000 19.37 0.8813 0.8819 2.667502 
464.2951 15.847 62.473 0.22591 0.43346 0.305 0.79161 12.0000 20.22 0.8790 0.8797 2.670375 
463.7949 15.804 58.214 0.25568 0.41260 0.296 0.78875 12.0000 20.82 0.8772 0.8778 2.673255 
463.2946 15.874 54.223 0.28443 0.39471 0.286 0.78626 12.0000 21.43 0.8767 0.8773 2.676142 
462.7941 15.999 49.946 0.31533 0.37508 0.277 0.78423 12.0000 22.31 0.8771 0.8777 2.679036 
462.2935 16.207 45.510 0.34815 0.35441 0.266 0.78244 12.0000 23.11 0.8781 0.8787 2.681937 
461.7928 16.443 41.134 0.38044 0.33228 0.256 0.78119 12.0000 23.44 0.8798 0.8804 2.684845 
461.2921 16.733 36.781 0.41302 0.30877 0.247 0.78012 12.0000 23.68 0.8825 0.8830 2.687759 
460.7911 17.103 32.462 0.44690 0.28429 0.238 0.77921 12.0000 23.24 0.8859 0.8865 2.690681 
460.2901 17.605 28.952 0.47973 0.26540 0.228 0.77691 12.0000 22.88 0.8901 0.8907 2.693610 
459.7889 18.109 25.501 0.51227 0.24435 0.221 0.77495 12.0000 22.22 0.8946 0.8952 2.696546 
459.2877 18.560 22.232 0.54161 0.22138 0.215 0.77309 12.0000 21.97 0.8993 0.8998 2.699489 
458.7863 19.035 18.996 0.57150 0.19674 0.209 0.77170 12.0000 21.66 0.9046 0.9052 2.702439 
458.2848 19.419 15.947 0.59627 0.17038 0.204 0.77024 12.0000 21.60 0.9089 0.9094 2.705396 
457.7832 19.780 12.908 0.61935 0.14194 0.200 0.76919 12.0000 21.66 0.9129 0.9134 2.708360 
457.2815 20.018 9.969 0.63592 0.11177 0.196 0.76849 12.0000 21.70 0.9159 0.9164 2.711332 
456.7796 20.144 7.068 0.64632 0.08014 0.193 0.76826 12.0000 21.56 0.9183 0.9188 2.714311 
456.2777 20.115 4.147 0.64849 0.04702 0.191 0.76858 12.0000 22.12 0.9189 0.9194 2.717297 
455.7756 19.950 1.063 0.64312 0.01193 0.189 0.76930 12.0000 22.05 0.9178 0.9183 2.720290 
455.2734 19.696 357.808 0.63197 -0.02419 0.187 0.77016 12.0000 22.03 0.9152 0.9157 2.723291 
454.7711 19.373 354.273 0.61641 -0.06182 0.186 0.77200 12.0000 22.00 0.9129 0.9134 2.726299 
454.2687 18.950 350.424 0.59432 -0.10027 0.186 0.77424 12.0000 21.50 0.9101 0.9106 2.729314 
453.7662 18.434 347.888 0.56909 -0.12213 0.187 0.77614 12.0000 20.95 0.9056 0.9061 2.732336 
453.2635 17.852 345.123 0.54031 -0.14353 0.188 0.77787 12.0000 20.33 0.9003 0.9008 2.735367 
452.7608 17.185 342.130 0.50781 -0.16373 0.190 0.78011 12.0000 19.56 0.8950 0.8956 2.738404 
452.2579 16.456 338.753 0.47203 -0.18353 0.195 0.78249 12.0000 18.37 0.8895 0.8901 2.741449 
451.7549 15.655 334.943 0.43258 -0.20223 0.200 0.78508 12.0000 17.84 0.8840 0.8846 2.744501 
451.2518 14.765 330.400 0.38805 -0.22045 0.206 0.78786 12.0000 16.83 0.8784 0.8790 2.747561 
450.7485 13.884 325.185 0.34198 -0.23782 0.211 0.79114 12.0000 15.88 0.8739 0.8745 2.750629 
450.2452 13.106 319.408 0.29691 -0.25442 0.219 0.79424 12.0000 15.10 0.8701 0.8708 2.753704 
449.7417 12.428 312.922 0.25166 -0.27061 0.227 0.79771 12.0000 14.11 0.8677 0.8684 2.756787 
449.2382 11.867 305.896 0.20662 -0.28548 0.235 0.80148 12.0000 13.89 0.8664 0.8672 2.759876 
448.7345 11.502 298.676 0.16407 -0.29998 0.242 0.80539 12.0000 13.45 0.8663 0.8671 2.762974 
448.2307 11.283 291.254 0.12196 -0.31355 0.249 0.80956 12.0000 12.78 0.8672 0.8680 2.766080 
447.7267 11.228 284.052 0.08171 -0.32645 0.254 0.81418 12.0000 12.45 0.8693 0.8702 2.769193 
447.2227 11.304 276.816 0.04047 -0.33858 0.258 0.81885 12.0000 11.94 0.8721 0.8730 2.772314 
446.7186 11.517 270.031 0.00019 -0.35010 0.262 0.82345 12.0000 10.91 0.8754 0.8763 2.775443 
446.2143 11.828 263.706 -0.03979 -0.36078 0.264 0.82862 12.0000 10.28 0.8798 0.8808 2.778580 
445.7099 12.229 257.798 -0.08017 -0.37076 0.268 0.83398 12.0000 9.70 0.8850 0.8860 2.781724 
445.2054 12.699 252.409 -0.12047 -0.37999 0.271 0.83959 12.0000 8.87 0.8909 0.8920 2.784876 
444.7008 13.204 247.746 -0.15898 -0.38853 0.277 0.84536 12.0000 8.35 0.8974 0.8986 2.788036 
444.1960 13.751 243.359 -0.19873 -0.39615 0.281 0.85133 12.0000 7.48 0.9046 0.9058 2.791204 
443.6912 14.298 239.584 -0.23667 -0.40314 0.287 0.85753 12.0000 6.88 0.9122 0.9135 2.794380 
443.1862 14.863 236.101 -0.27514 -0.40947 0.292 0.86397 12.0000 6.37 0.9206 0.9219 2.797564 
442.6812 15.397 233.077 -0.31177 -0.41489 0.298 0.87077 12.0000 6.04 0.9293 0.9307 2.800756 
442.1759 15.906 230.449 -0.34666 -0.41977 0.304 0.87765 12.0000 5.73 0.9382 0.9396 2.803956 
441.6706 16.343 228.288 -0.37771 -0.42375 0.309 0.88468 12.0000 5.58 0.9467 0.9482 2.807164 
441.1652 16.724 226.454 -0.40599 -0.42713 0.314 0.89209 12.0000 5.22 0.9552 0.9568 2.810380 
440.6596 17.050 224.867 -0.43172 -0.42972 0.317 0.89966 12.0000 5.12 0.9634 0.9651 2.813605 
440.1540 17.323 223.500 -0.45482 -0.43160 0.320 0.90733 12.0000 4.82 0.9710 0.9728 2.816837 
439.6482 17.323 223.500 -0.45482 -0.43160 0.324 0.90733 12.0000 4.61 0.9710 0.9728 2.820077 

# MINIMA:
439.6482 0.524 0.021 -530.38232 -45.85702 -2405.029 -51.76615 12.0000 3.63 0.5118 0.5463 1.240099 

# MAXIMA:
999.7925 83.203 359.624 37.36976 37.91071 111.665 853.72009 12.0000 60.99 2.72331932794303283E18 2.10429043321444762E19 2.820077 

# PEAKS:

# END SPECTRUM

