## SPECTRUM TYPE:
LCE

## DATE:
25/08/2026

## COMMENTS:

## NUMBER OF SPECTRUM:
1

## ELLIPSOMETRIC CONFIGURATION:
0.00 ø :Modulator
+45.00 øAnalyser

## UNIT:
nm


# SPECTRUM:
1

# CAPTION:


# START TIME:
10:42:40

# END TIME:
10:42:40

# THETA ANGLE:
0.00 ø

# INCIDENCE ANGLE:
69.95 ø

# ACCUMULATION NUMBER:
25

# ELLIPSOMETRIC CONFIGURATION:
0.00 ø :Modulator
+45.00 øAnalyser

# INTEGRATION TIME:
9 ms

# FIRST POINT:
999.79 nm

# LAST POINT:
439.65 nm

# INCREMENT:
0.00 nm

# NUMBER OF POINTS:
1273

# DATA:
nm Psi Delta Ic Is Reflectance IcPrim IntegrationTime IntensityMax Polarization PolarizationGen eV 
999.7925 1.065 213.092 -2.09981 -1.36843 0.000 67.35753 9.0000 4.60 2.71938500046094336E18 1.21690989275968963E19 1.240099 
999.4089 1.065 213.092 -2.09981 -1.36843 0.576 67.35753 9.0000 4.56 2.52923106150685082E18 1.13181703861866332E19 1.240575 
999.0253 1.065 213.092 -2.09981 -1.36843 0.355 67.35753 9.0000 4.70 2.41107726710813491E18 1.07894383341333381E19 1.241052 
998.6415 1.065 213.092 -2.09981 -1.36843 0.655 67.35753 9.0000 4.69 2.27630806530732851E18 1.01863540072749466E19 1.241529 
998.2578 1.065 213.092 -2.09981 -1.36843 0.149 67.35753 9.0000 4.76 2.12307723864244224E18 9.50065457572872192E18 1.242006 
997.8739 1.065 213.092 -2.09981 -1.36843 0.418 67.35753 9.0000 4.73 1.94953870709044019E18 8.7240794086351831E18 1.242484 
997.4900 1.065 213.092 -2.09981 -1.36843 -0.025 67.35753 9.0000 4.73 1.75384639062828646E18 7.84836677562322125E18 1.242962 
997.1060 1.065 213.092 -2.09981 -1.36843 -0.002 67.35753 9.0000 4.85 1.53415407179399168E18 6.86525549607754138E18 1.243440 
996.7219 1.065 213.092 -2.09981 -1.36843 -2.353 67.35752 9.0000 4.86 1.28861553312556646E18 5.76648383962703462E18 1.243920 
996.3377 1.065 213.092 -2.09981 -1.36843 -0.551 67.35753 9.0000 4.92 1.01538476331945165E18 4.5437911754122199E18 1.244399 
995.9535 1.065 213.092 -2.09981 -1.36843 -0.222 67.35753 9.0000 4.90 716307842398683136.0000 3.2054381342925783E18 1.244879 
995.5692 1.065 213.092 -2.09981 -1.36843 0.684 67.35752 9.0000 5.04 393230816026558464.0000 1.75968644663921869E18 1.245360 
995.1848 1.065 213.092 -2.09981 -1.36843 -0.467 67.35752 9.0000 5.08 51692315114209280.0000 231320289953185792.0000 1.245841 
994.8003 1.065 213.092 -2.09981 -1.36843 0.013 67.35753 9.0000 5.11 295384692155219968.0000 1.32183026757219123E18 1.246322 
994.4158 1.065 213.092 -2.09981 -1.36843 0.007 67.35753 9.0000 5.10 629538576622682112.0000 2.8171505507458089E18 1.246804 
994.0311 38.090 177.945 -0.52034 0.01867 0.007 0.12808 9.0000 5.12 0.5669 0.7399 1.247287 
993.6464 32.761 160.172 -0.32745 0.11807 0.392 0.15847 9.0000 5.18 0.5352 0.7482 1.247770 
993.2617 41.744 114.518 -0.10116 0.22179 0.671 0.02783 9.0000 5.15 0.5254 0.7949 1.248253 
992.8768 61.509 121.311 -0.20678 0.33994 -0.176 -0.25857 9.0000 5.17 0.5620 0.8033 1.248737 
992.4919 72.051 52.638 0.09685 0.12685 0.109 -0.22048 9.0000 5.19 0.6138 0.8261 1.249221 
992.1069 45.635 115.220 -0.10824 0.22981 -6.128 -0.00563 9.0000 5.22 0.5721 0.6896 1.249706 
991.7218 16.675 102.578 -0.05636 0.25261 -0.523 0.39327 9.0000 5.31 0.6642 0.7033 1.250191 
991.3367 15.010 76.685 0.06152 0.25996 0.203 0.46231 9.0000 5.44 0.6984 0.7407 1.250677 
990.9514 18.286 65.281 0.17513 0.38042 0.820 0.56451 9.0000 5.47 0.8485 0.8993 1.251163 
990.5661 9.622 73.833 0.07706 0.26583 7.329 0.79279 9.0000 5.42 0.8878 0.9226 1.251650 
990.1807 8.711 52.110 0.16443 0.21130 -13.448 0.85322 9.0000 5.48 0.8170 0.8732 1.252137 
989.7953 4.197 71.683 0.04177 0.12619 -0.284 0.90075 9.0000 5.51 0.7842 0.8566 1.252625 
989.4097 6.355 97.258 -0.02962 0.23255 -1.160 1.03944 9.0000 5.63 0.8044 0.8878 1.253113 
989.0241 8.824 113.290 -0.13188 0.30637 0.671 1.04844 9.0000 5.66 0.8301 0.9240 1.253601 
988.6384 16.658 123.123 -0.27247 0.41760 1.073 0.75865 9.0000 5.59 0.7794 0.8586 1.254090 
988.2526 13.687 101.094 -0.09237 0.47107 16.640 0.92710 9.0000 5.73 0.7873 0.8745 1.254580 
987.8668 14.935 94.363 -0.04011 0.52569 0.666 0.91797 9.0000 5.65 0.7901 0.8840 1.255070 
987.4809 10.443 98.415 -0.06485 0.43836 -2568.362 1.16126 9.0000 5.75 0.8029 0.8548 1.255560 
987.0949 10.257 100.694 -0.08652 0.45817 0.777 1.24618 9.0000 5.78 0.7723 0.7923 1.256051 
986.7088 7.428 97.371 -0.03825 0.29572 0.652 1.12414 9.0000 5.81 0.7800 0.7942 1.256543 
986.3226 6.205 121.410 -0.10962 0.17951 -1.432 0.95581 9.0000 5.82 0.8319 0.8436 1.257035 
985.9364 9.376 98.948 -0.04461 0.28331 -4.714 0.84480 9.0000 5.90 0.9077 0.9465 1.257527 
985.5501 10.567 89.492 0.00269 0.30292 51.353 0.78365 9.0000 5.89 1.0057 1.0955 1.258020 
985.1638 16.807 86.694 0.02413 0.41776 -1.339 0.62948 9.0000 5.89 1.0715 1.2058 1.258513 
984.7773 21.436 85.360 0.04093 0.50435 0.629 0.54508 9.0000 5.99 1.1052 1.2430 1.259007 
984.3907 21.992 78.641 0.12377 0.61612 -0.439 0.65112 9.0000 6.02 1.1032 1.2257 1.259502 
984.0041 17.123 74.577 0.11838 0.42909 -0.362 0.65386 9.0000 6.13 0.9325 1.0345 1.259997 
983.6174 7.624 57.928 0.09511 0.15178 0.401 0.65709 9.0000 6.26 0.7121 0.8111 1.260492 
983.2307 7.180 80.303 0.03656 0.21392 0.424 0.84767 9.0000 6.25 0.6811 0.7812 1.260988 
982.8438 3.963 236.417 -0.08627 -0.12994 0.331 1.12028 9.0000 6.32 0.8210 0.8913 1.261484 
982.4569 8.057 130.274 -0.16447 0.19411 0.316 0.88062 9.0000 6.32 0.8522 1.0100 1.261981 
982.0699 13.193 104.552 -0.08653 0.33332 -1.534 0.69415 9.0000 6.40 0.7874 0.9164 1.262478 
981.6828 19.601 100.508 -0.08058 0.43444 -0.008 0.54172 9.0000 6.45 0.7705 0.8569 1.262976 
981.2957 24.088 114.126 -0.24535 0.54783 -0.004 0.53716 9.0000 6.48 0.7965 0.9044 1.263474 
980.9084 24.773 89.400 0.00528 0.50387 0.002 0.42969 9.0000 6.53 0.7470 0.8957 1.263973 
980.5211 45.300 26.342 1.04403 0.51694 0.005 -0.01221 9.0000 6.50 0.7880 0.8980 1.264472 
980.1337 43.062 56.334 0.45232 0.67908 -0.001 0.05528 9.0000 6.64 0.5891 0.8062 1.264972 
979.7463 40.248 49.469 0.54857 0.64159 -0.001 0.14131 9.0000 6.55 0.6273 0.9667 1.265472 
979.3587 67.859 98.120 -0.14491 1.01558 4.838 -1.05192 9.0000 6.64 0.6823 0.8799 1.265973 
978.9711 55.837 153.808 -1.89240 0.93085 3.648 -0.83816 9.0000 6.73 0.7554 1.0794 1.266474 
978.5834 51.788 159.611 -1.58597 0.58946 0.847 -0.40858 9.0000 6.69 0.8926 1.2495 1.266976 
978.1956 42.464 161.849 -1.40577 0.46087 4.519 0.13129 9.0000 6.71 1.0531 1.3993 1.267478 
977.8077 35.733 163.929 -1.14439 0.32969 -1.724 0.39928 9.0000 6.81 1.1877 1.4799 1.267981 
977.4199 28.570 168.333 -0.93344 0.19275 1.848 0.61566 9.0000 6.85 1.3248 1.5198 1.268484 
977.0319 17.597 168.422 -0.45619 0.09346 1.522 0.66029 9.0000 6.88 1.0939 1.2769 1.268988 
976.6437 5.252 116.566 -0.05500 0.11000 0.792 0.66335 9.0000 6.83 0.8463 1.1563 1.269493 
976.2556 11.285 174.181 -0.33808 0.03445 -5.239 0.81756 9.0000 6.94 1.0591 1.2477 1.269997 
975.8674 6.955 119.689 -0.10820 0.18978 0.727 0.88209 9.0000 7.02 1.0413 1.1209 1.270502 
975.4790 9.643 120.700 -0.13014 0.21918 0.563 0.72844 9.0000 7.15 1.0135 1.0980 1.271008 
975.0906 13.431 117.446 -0.16911 0.32561 -1.041 0.72438 9.0000 7.10 1.0574 1.1059 1.271515 
974.7021 14.137 115.867 -0.15284 0.31522 -11.099 0.65131 9.0000 7.21 1.0025 1.0674 1.272021 
974.3136 15.005 115.789 -0.16199 0.33525 0.698 0.64462 9.0000 7.23 0.8971 0.9501 1.272529 
973.9250 14.878 114.212 -0.14034 0.31210 0.017 0.59858 9.0000 7.19 0.7642 0.8100 1.273036 
973.5363 18.856 104.712 -0.10754 0.40958 0.034 0.54768 9.0000 7.35 0.7011 0.7342 1.273545 
973.1475 15.763 115.204 -0.10704 0.22744 -3.336 0.40979 9.0000 7.30 0.5419 0.5594 1.274053 
972.7586 12.777 103.411 -0.04977 0.20872 -1.653 0.44876 9.0000 7.40 0.5416 0.5673 1.274563 
972.3697 13.770 118.255 -0.06683 0.12435 -0.643 0.27074 9.0000 7.49 0.5176 0.5393 1.275073 
971.9807 37.156 131.874 -0.10011 0.11168 -0.233 0.04212 9.0000 7.54 0.5155 0.5377 1.275583 
971.5916 59.907 119.367 -0.11539 0.20506 -0.469 -0.13484 9.0000 7.53 0.6051 0.6259 1.276094 
971.2024 68.764 109.465 -0.08573 0.24257 0.291 -0.28103 9.0000 7.73 0.8236 0.8465 1.276605 
970.8131 78.006 106.691 -0.06090 0.20311 0.033 -0.47652 9.0000 7.63 0.9790 0.9991 1.277117 
970.4238 80.743 100.864 -0.03350 0.17456 0.010 -0.53080 9.0000 7.59 1.0255 1.0450 1.277629 
970.0344 70.337 29.267 0.49202 0.27574 0.006 -0.68843 9.0000 7.82 1.1084 1.1802 1.278142 
969.6449 60.007 109.777 -0.11052 0.30736 0.005 -0.18868 9.0000 7.85 1.0975 1.1253 1.278656 
969.2553 39.000 147.045 -0.52817 0.34241 0.001 0.13380 9.0000 7.84 1.3117 1.3955 1.279170 
968.8657 31.891 156.890 -0.87407 0.37300 -1.538 0.46800 9.0000 7.91 1.5379 1.6965 1.279684 
968.4760 31.223 162.417 -1.11676 0.35390 0.756 0.61122 9.0000 8.02 1.7215 1.9214 1.280199 
968.0861 29.462 163.181 -1.26994 0.38388 0.198 0.79959 9.0000 8.19 1.7965 2.0089 1.280714 
967.6962 26.423 161.534 -1.21408 0.40542 -0.525 0.96996 9.0000 8.16 1.7953 2.0314 1.281230 
967.3063 27.416 157.976 -0.99968 0.40438 0.715 0.75981 9.0000 8.18 1.6767 1.7979 1.281747 
966.9163 25.306 152.996 -0.70877 0.36120 0.800 0.65315 9.0000 8.35 1.2917 1.3797 1.282264 
966.5261 17.592 127.903 -0.25233 0.32410 -3.551 0.58259 9.0000 8.19 1.0780 1.2149 1.282782 
966.1359 30.687 24.233 1.00105 0.45059 0.697 0.59917 9.0000 8.11 0.8049 1.0433 1.283300 
965.7457 18.239 30.946 0.87674 0.52568 -0.467 1.38265 9.0000 8.20 0.7918 1.0148 1.283818 
965.3553 53.123 177.407 -36.26644 1.64269 0.756 -10.57865 9.0000 8.40 0.8536 1.1463 1.284337 
964.9649 36.519 157.685 -1.92786 0.79127 6.584 0.63564 9.0000 8.44 1.1472 1.5232 1.284857 
964.5743 27.794 148.462 -1.27870 0.78476 1.278 1.02777 9.0000 8.33 1.4219 1.8694 1.285377 
964.1838 23.304 148.546 -1.20841 0.73919 -0.182 1.33923 9.0000 8.45 1.4509 1.9708 1.285898 
963.7931 18.048 155.659 -1.96565 0.88923 0.761 2.95900 9.0000 8.52 1.1984 1.7416 1.286419 
963.4023 79.623 13.462 0.95414 0.22840 0.083 -2.58898 9.0000 8.62 0.7976 1.3160 1.286941 
963.0115 63.921 74.268 0.17831 0.63300 0.718 -0.51087 9.0000 8.65 0.6663 1.1021 1.287463 
962.6207 25.136 118.517 -0.16695 0.30725 0.777 0.29059 9.0000 8.72 0.7682 0.9282 1.287986 
962.2297 18.772 137.304 -0.28769 0.26544 0.814 0.50933 9.0000 8.83 0.7475 0.8414 1.288509 
961.8386 11.049 122.633 -0.17229 0.26907 0.826 0.78692 9.0000 8.84 0.9055 1.1324 1.289033 
961.4474 8.881 177.972 -0.22791 0.00807 0.796 0.71193 9.0000 9.02 0.8186 1.0619 1.289558 
961.0562 10.080 202.675 -0.24600 -0.10278 1.110 0.72621 9.0000 8.90 0.8619 1.1770 1.290083 
960.6649 12.218 218.578 -0.26726 -0.21318 0.013 0.75240 9.0000 9.15 0.7688 1.0232 1.290608 
960.2736 16.950 243.179 -0.23216 -0.45917 0.015 0.76569 9.0000 9.02 0.6597 0.8123 1.291134 
959.8821 8.992 202.514 -0.20882 -0.08656 0.600 0.69638 9.0000 9.02 0.6055 0.6671 1.291661 
959.4905 15.057 119.837 -0.17783 0.31005 1.130 0.61623 9.0000 9.11 0.6012 0.6500 1.292188 
959.0989 32.573 92.530 -0.02987 0.67600 0.744 0.31344 9.0000 9.33 0.5684 0.7485 1.292715 
958.7073 19.517 107.930 -0.07433 0.22972 1.436 0.29781 9.0000 9.32 0.5316 0.6913 1.293243 
958.3155 26.521 116.752 -0.19781 0.39241 -13.976 0.33065 9.0000 9.16 0.5462 0.5898 1.293772 
957.9236 23.916 117.122 -0.19511 0.38090 0.801 0.38762 9.0000 9.18 0.5924 0.6081 1.294301 
957.5317 18.500 121.474 -0.16357 0.26719 -81.466 0.41574 9.0000 9.14 0.6405 0.6638 1.294831 
957.1396 11.382 120.740 -0.11315 0.19026 0.900 0.52751 9.0000 9.15 0.7592 0.8065 1.295362 
956.7476 7.761 122.521 -0.09582 0.15028 -2.233 0.64168 9.0000 9.40 0.7843 0.8389 1.295892 
956.3554 1.922 151.148 -0.04483 0.02470 0.972 0.76183 9.0000 9.69 0.7795 0.8511 1.296424 
955.9632 8.129 151.826 -0.21141 0.11323 -0.006 0.82240 9.0000 9.87 0.8516 0.9224 1.296956 
955.5709 4.862 81.679 0.02376 0.16244 -0.005 0.95792 9.0000 9.63 0.9421 1.0140 1.297488 
955.1784 6.723 38.243 0.15727 0.12395 -0.005 0.83756 9.0000 9.68 0.7576 0.8517 1.298021 
954.7859 12.471 23.288 0.27803 0.11967 0.760 0.65084 9.0000 9.81 0.6467 0.8206 1.298555 
954.3934 20.788 29.187 0.34625 0.19341 7.480 0.44707 9.0000 9.70 0.6250 0.8633 1.299089 
954.0007 28.994 34.204 0.33943 0.23071 0.866 0.25657 9.0000 9.62 0.6278 0.8937 1.299624 
953.6080 25.827 67.730 0.13667 0.33374 0.983 0.28528 9.0000 9.93 0.6893 0.9403 1.300159 
953.2152 40.538 80.526 0.06562 0.39319 -0.776 0.06260 9.0000 10.07 0.6018 0.8001 1.300695 
952.8223 35.840 73.202 0.09493 0.31447 0.719 0.10876 9.0000 9.94 0.5422 0.6757 1.301231 
952.4293 26.089 74.853 0.07279 0.26890 0.871 0.21625 9.0000 10.02 0.5498 0.6290 1.301768 
952.0363 19.680 100.741 -0.05526 0.29129 1.153 0.36146 9.0000 10.03 0.6465 1.0615 1.302305 
951.6432 16.489 55.978 0.22781 0.33746 0.874 0.62751 9.0000 10.25 0.7835 0.8557 1.302843 
951.2499 17.623 58.993 0.20042 0.33347 3.609 0.55058 9.0000 9.98 0.6759 0.9031 1.303382 
950.8567 58.686 306.816 1.26340 -1.68785 2.678 -1.09155 9.0000 10.06 0.9421 2.3625 1.303921 
950.4633 12.580 79.957 0.07449 0.42063 0.809 0.90942 9.0000 10.13 0.7507 1.2469 1.304461 
950.0699 17.433 101.622 -0.16556 0.80498 -0.159 1.17959 9.0000 10.28 1.5844 3.1875 1.305001 
949.6763 21.725 101.317 -0.18164 0.90758 -0.081 0.97706 9.0000 10.38 2.2142 4.7354 1.305542 
949.2827 24.514 101.848 -0.23271 1.10925 -0.058 0.98425 9.0000 10.45 2.3392 5.4994 1.306083 
948.8890 25.101 105.426 -0.29476 1.06823 -0.112 0.92317 9.0000 10.74 2.4013 5.7809 1.306625 
948.4953 24.203 101.894 -0.22078 1.04824 0.004 0.95091 9.0000 10.69 2.2624 5.5121 1.307167 
948.1014 35.767 41.696 0.95379 0.84967 0.259 0.42654 9.0000 10.73 2.2192 4.7800 1.307710 
947.7075 20.342 98.257 -0.15921 1.09709 0.472 1.28961 9.0000 10.72 1.5110 3.1951 1.308254 
947.3135 18.600 150.438 -0.95177 0.53985 1.478 1.44158 9.0000 10.28 1.7763 2.1116 1.308798 
946.9194 21.044 183.900 -1.63027 -0.11114 0.286 1.80922 9.0000 10.46 2.1709 3.0362 1.309343 
946.5253 23.456 164.529 -1.02481 0.28365 0.093 0.99464 9.0000 10.53 2.7065 3.0263 1.309888 
946.1310 23.658 177.926 -1.11097 0.04023 0.827 1.02524 9.0000 10.93 2.7508 5.0219 1.310434 
945.7367 24.467 165.580 -1.13864 0.29277 0.864 1.02436 9.0000 10.69 2.7160 3.2887 1.310980 
945.3423 25.379 156.726 -1.49246 0.64196 -0.348 1.32704 9.0000 10.95 2.4873 5.7808 1.311527 
944.9478 26.628 152.532 -2.47512 1.28670 0.160 2.08265 9.0000 11.18 2.4570 8.2805 1.312074 
944.5532 28.004 150.029 -5.05637 2.91588 0.915 3.93572 9.0000 10.94 2.5303 9.7394 1.312623 
944.1586 60.771 329.993 1862.38037 -1075.54456 -0.787 -1320.06848 9.0000 10.97 2.6411 10.1678 1.313171 
943.7639 59.039 329.602 7.22894 -4.24088 -0.668 -4.47110 9.0000 11.01 2.7374 9.6152 1.313720 
943.3691 28.982 156.279 -14.40556 6.32987 1.259 9.84580 9.0000 11.07 2.7778 8.1818 1.314270 
942.9742 29.293 160.427 -5.58419 1.98549 1.415 3.61950 9.0000 11.23 2.7373 5.5811 1.314821 
942.5792 29.550 167.155 -2.91239 0.66408 0.956 1.78779 9.0000 11.29 2.6110 2.7895 1.315372 
942.1841 28.579 181.653 -2.72336 -0.07858 -1.132 1.75864 9.0000 11.30 2.3365 4.6828 1.315923 
941.7890 24.292 165.716 -1.32984 0.33857 -1.114 1.21050 9.0000 11.44 1.4578 1.4791 1.316475 
941.3938 35.601 9.010 1.09300 0.17330 -20.351 0.37671 9.0000 11.47 0.8825 0.9826 1.317028 
940.9985 13.670 2.422 0.50376 0.02131 0.380 0.97524 9.0000 11.58 0.6250 0.7234 1.317581 
940.6031 13.191 20.223 0.31052 0.11439 -6.449 0.66717 9.0000 11.57 0.6152 0.7625 1.318135 
940.2077 6.654 83.678 0.01832 0.16540 2.229 0.70357 9.0000 11.59 0.6013 0.7661 1.318689 
939.8122 18.143 144.393 -0.39891 0.28566 2.588 0.66828 9.0000 11.80 0.6308 0.7894 1.319244 
939.4166 22.239 155.168 -0.66239 0.30652 1.198 0.74332 9.0000 11.67 0.7962 0.9036 1.319800 
939.0209 20.104 145.121 -0.49071 0.34205 -3.830 0.70761 9.0000 11.53 0.7634 0.9126 1.320356 
938.6251 21.027 141.148 -0.45116 0.36342 0.947 0.64218 9.0000 11.71 0.7742 0.8906 1.320913 
938.2292 22.263 151.478 -0.46256 0.25138 0.850 0.53526 9.0000 11.87 0.7139 0.7757 1.321470 
937.8333 21.249 123.931 -0.31696 0.47114 0.810 0.61973 9.0000 11.83 0.8344 0.9058 1.322028 
937.4373 24.142 103.067 -0.15285 0.65852 -2.285 0.60267 9.0000 12.13 0.6971 0.8228 1.322586 
937.0412 22.118 46.600 0.31570 0.33385 7.786 0.47191 9.0000 12.01 0.6271 0.6794 1.323146 
936.6450 16.790 48.027 0.20284 0.22549 0.859 0.45686 9.0000 11.88 0.7098 0.7944 1.323705 
936.2487 15.812 45.937 0.19117 0.19753 0.884 0.44640 9.0000 12.05 0.8403 0.9946 1.324266 
935.8524 17.443 48.062 0.16256 0.18094 0.585 0.34887 9.0000 12.24 0.8610 1.1569 1.324826 
935.4560 29.331 31.682 0.23751 0.14658 0.782 0.16995 9.0000 12.32 0.7826 1.1127 1.325388 
935.0594 35.213 349.600 0.29888 -0.05486 -0.658 0.10806 9.0000 12.45 0.7227 1.0905 1.325950 
934.6629 7.988 340.817 0.12362 -0.04301 -0.049 0.45714 9.0000 12.39 0.7670 0.9818 1.326512 
934.2662 30.581 310.566 0.19703 -0.23015 0.989 0.16683 9.0000 12.35 0.6389 0.8342 1.327076 
933.8694 64.151 2.936 1.33724 0.06858 1.336 -1.05757 9.0000 12.57 0.8062 1.3517 1.327640 
933.4727 76.872 341.327 5.62666 -1.90159 -4.760 -12.04048 9.0000 12.68 1.2854 2.3321 1.328204 
933.0757 76.682 336.195 6.96304 -3.07175 -0.662 -15.17440 9.0000 12.63 1.5789 2.8665 1.328769 
932.6787 77.435 347.195 10.38690 -2.36086 0.824 -22.70785 9.0000 12.82 1.6420 2.9823 1.329334 
932.2817 10.318 207.297 -2.53275 -1.30710 19.509 7.56859 9.0000 12.78 1.4992 2.7555 1.329901 
931.8845 78.438 40.788 0.88410 0.76281 0.123 -2.73456 9.0000 12.79 1.2671 2.5460 1.330467 
931.4873 69.899 60.744 0.35552 0.63466 -79.305 -0.86076 9.0000 12.78 0.9869 1.9865 1.331035 
931.0900 32.518 74.004 0.10537 0.36758 0.258 0.17802 9.0000 13.08 0.7153 1.2643 1.331603 
930.6926 12.014 120.962 -0.19284 0.32142 0.828 0.84080 9.0000 12.99 0.8078 1.1356 1.332171 
930.2951 6.261 102.862 -0.04082 0.17879 -5.156 0.82570 9.0000 12.99 0.8466 1.0116 1.332740 
929.8975 11.056 100.019 -0.06320 0.35777 0.056 0.89421 9.0000 13.18 0.9237 1.4340 1.333310 
929.4999 6.020 64.909 0.10721 0.22897 9.358 1.18539 9.0000 13.42 1.0696 1.7669 1.333881 
929.1022 4.476 352.156 0.23019 -0.03171 8.281 1.47502 9.0000 13.71 1.3151 1.9747 1.334452 
928.7043 5.122 344.743 0.27805 -0.07584 1.122 1.59479 9.0000 13.42 1.5531 2.1213 1.335023 
928.3065 4.022 350.340 0.21406 -0.03644 0.987 1.53650 9.0000 13.49 1.6908 2.1100 1.335595 
927.9085 4.580 342.722 0.21629 -0.06728 0.796 1.40485 9.0000 13.50 1.6704 1.9004 1.336168 
927.5104 5.098 339.239 0.17274 -0.06548 0.153 1.02710 9.0000 13.76 1.5538 1.6524 1.336742 
927.1123 6.150 340.806 0.14786 -0.05147 0.075 0.71803 9.0000 13.74 1.1402 1.2972 1.337316 
926.7141 23.182 304.140 0.07399 -0.10912 0.029 0.12571 9.0000 13.66 0.9358 1.5567 1.337890 
926.3158 14.500 276.276 0.02129 -0.19362 0.383 0.35142 9.0000 13.86 0.8848 1.0530 1.338466 
925.9174 12.891 184.914 -0.13299 -0.01143 0.374 0.27635 9.0000 13.86 0.6495 0.8278 1.339042 
925.5190 12.851 241.410 -0.38443 -0.70538 -0.125 1.66906 9.0000 13.88 0.6792 0.8628 1.339618 
925.1204 27.271 269.519 -0.00306 -0.36445 -0.042 0.25957 9.0000 13.98 0.5787 0.7924 1.340195 
924.7218 30.975 268.943 -0.00808 -0.43778 -0.033 0.23329 9.0000 13.77 0.5558 0.7327 1.340773 
924.3231 15.734 275.382 0.01702 -0.18062 -0.016 0.29642 9.0000 14.02 0.5324 0.6600 1.341351 
923.9243 9.040 98.828 -0.01928 0.12412 0.836 0.38476 9.0000 14.15 0.5328 0.5863 1.341930 
923.5255 19.848 98.997 -0.05607 0.35414 0.896 0.43193 9.0000 14.42 0.5944 0.6137 1.342510 
923.1265 28.616 121.676 -0.39443 0.63923 0.040 0.48346 9.0000 14.07 0.8187 0.8816 1.343090 
922.7275 18.618 98.809 -0.06567 0.42373 0.025 0.56418 9.0000 14.47 0.8151 0.8850 1.343671 
922.3283 11.276 59.807 0.13739 0.23612 0.850 0.65784 9.0000 14.31 0.8290 0.9342 1.344252 
921.9291 14.123 52.687 0.23569 0.30925 0.000 0.72379 9.0000 14.49 1.0641 1.2724 1.344834 
921.5298 13.474 33.936 0.31712 0.21339 0.000 0.75188 9.0000 14.58 1.1168 1.3676 1.345417 
921.1305 14.069 38.496 0.34513 0.27448 0.000 0.82457 9.0000 14.25 1.1675 1.4583 1.346000 
920.7311 13.777 25.819 0.33023 0.15977 0.000 0.70306 9.0000 14.51 1.0798 1.2743 1.346584 
920.3315 15.041 41.699 0.29703 0.26464 0.000 0.68678 9.0000 14.96 1.0044 1.1460 1.347169 
919.9319 18.012 67.325 0.12665 0.30312 0.000 0.45177 9.0000 14.70 1.2668 1.3375 1.347754 
919.5322 21.506 90.256 -0.00233 0.52163 1.002 0.55917 9.0000 14.43 0.9991 1.0557 1.348340 
919.1324 26.247 111.823 -0.27286 0.68140 0.823 0.56333 9.0000 14.93 1.0077 1.1248 1.348926 
918.7326 22.043 91.584 -0.01629 0.58888 3.244 0.60821 9.0000 14.71 0.8360 0.9002 1.349513 
918.3326 27.809 96.814 -0.09886 0.82735 -3.624 0.57013 9.0000 15.03 0.7781 1.0374 1.350101 
917.9326 17.583 78.129 0.09265 0.44077 1.044 0.63926 9.0000 15.00 0.5794 0.6585 1.350689 
917.5325 69.933 129.146 -0.60118 0.73855 1.406 -1.12955 9.0000 14.84 0.9589 1.1641 1.351278 
917.1323 77.413 132.589 -0.46555 0.50648 1.184 -1.46367 9.0000 14.93 1.2787 1.6134 1.351868 
916.7321 70.585 120.736 -0.24728 0.41588 3.349 -0.60113 9.0000 15.11 1.5915 2.0568 1.352458 
916.3317 62.840 120.142 -0.11184 0.19261 62.077 -0.15992 9.0000 15.20 1.7514 2.2780 1.353049 
915.9313 11.331 102.329 -0.01369 0.06262 1.367 0.15351 9.0000 15.18 1.7841 2.3264 1.353641 
915.5308 7.024 332.580 0.10021 -0.05199 1.876 0.45117 9.0000 15.42 1.7002 2.1705 1.354233 
915.1302 6.993 342.879 0.28836 -0.08883 0.988 1.21139 9.0000 15.56 1.4598 1.7954 1.354826 
914.7295 80.052 145.406 -2.40549 1.65908 -0.001 -8.07453 9.0000 15.36 1.1146 1.3210 1.355419 
914.3287 72.789 127.214 -0.30956 0.40761 -0.002 -0.74692 9.0000 15.33 1.1022 1.3332 1.356013 
913.9279 78.760 133.402 -0.43482 0.45977 -0.006 -1.52920 9.0000 15.43 0.7947 0.9203 1.356608 
913.5270 38.450 124.152 -0.13561 0.19990 -0.013 0.05621 9.0000 15.47 0.5450 0.6050 1.357203 
913.1259 6.726 65.146 0.08885 0.19182 0.757 0.88383 9.0000 15.61 0.8011 0.9090 1.357799 
912.7249 8.478 59.795 0.13953 0.23969 0.000 0.90964 9.0000 15.36 0.7952 0.8815 1.358396 
912.3237 9.019 60.763 0.12852 0.22961 0.924 0.80805 9.0000 15.60 0.7291 0.8303 1.358993 
911.9224 9.175 57.475 0.13831 0.21689 -0.155 0.77552 9.0000 15.91 0.6756 0.7562 1.359591 
911.5211 32.532 85.207 0.05082 0.60612 -0.149 0.28280 9.0000 16.01 0.6652 0.8904 1.360190 
911.1196 1.635 312.094 0.03431 -0.03798 0.105 0.89586 9.0000 16.10 0.6265 0.8576 1.360789 
910.7181 21.037 251.121 -0.36614 -1.07067 0.034 1.25342 9.0000 16.01 0.8882 1.1112 1.361389 
910.3165 6.464 129.693 -0.17017 0.20503 0.055 1.16072 9.0000 16.05 1.2306 1.7060 1.361990 
909.9149 22.457 86.899 0.08661 1.59864 -0.037 1.60577 9.0000 15.95 1.6205 2.2923 1.362591 
909.5131 31.796 10.598 2.64316 0.49457 0.113 1.33534 9.0000 15.80 2.0249 2.7751 1.363193 
909.1113 38.450 356.555 4.56768 -0.27494 0.026 1.06486 9.0000 15.86 2.8409 3.4880 1.363795 
908.7093 41.104 353.890 5.25545 -0.56259 0.005 0.72323 9.0000 16.04 3.4168 3.9642 1.364399 
908.3073 42.668 353.688 5.39579 -0.59681 0.005 0.44281 9.0000 15.90 3.6768 4.0827 1.365003 
907.9052 45.125 356.328 5.52270 -0.35439 0.001 -0.02410 9.0000 16.06 3.5390 3.8520 1.365607 
907.5031 55.872 2.739 5.75343 0.27524 -0.895 -2.29738 9.0000 16.11 3.3765 3.6670 1.366212 
907.1008 39.348 3.423 3.51453 0.21024 -0.002 0.70377 9.0000 16.01 2.5179 2.7485 1.366818 
906.6984 23.348 18.544 2.02979 0.68090 -0.003 2.01782 9.0000 16.09 2.1994 2.4090 1.367425 
906.2960 13.024 75.371 0.35433 1.35746 -0.032 2.87026 9.0000 16.01 2.5511 2.6732 1.368032 
905.8935 15.208 95.757 -0.24154 2.39572 -0.330 4.10151 9.0000 16.24 3.1419 3.3401 1.368640 
905.4909 11.528 65.920 0.75816 1.69651 0.006 4.36570 9.0000 16.12 2.8775 3.0360 1.369248 
905.0883 9.719 62.273 0.59273 1.12769 4.002 3.60984 9.0000 16.25 2.7037 2.8490 1.369857 
904.6855 6.963 13.014 1.55784 0.36005 0.558 6.44827 9.0000 16.67 2.1550 2.3711 1.370467 
904.2826 5.270 114.412 -0.11537 0.25418 -0.004 1.50021 9.0000 16.53 1.7447 1.8202 1.371078 
903.8797 21.344 176.783 -0.58248 0.03274 -0.002 0.63247 9.0000 16.80 2.0478 2.1970 1.371689 
903.4767 49.911 118.666 -0.27832 0.50907 1.043 -0.10044 9.0000 16.74 2.0811 2.5213 1.372301 
903.0736 31.318 119.413 -0.28168 0.49965 0.118 0.29687 9.0000 16.68 2.3786 2.8947 1.372913 
902.6704 34.945 120.214 -0.30533 0.52432 0.010 0.22215 9.0000 16.84 2.3500 2.9896 1.373527 
902.2672 39.534 121.553 -0.32538 0.52986 0.019 0.12010 9.0000 16.81 2.0251 2.7665 1.374140 
901.8638 44.711 123.855 -0.34283 0.51104 7.829 0.00621 9.0000 16.82 1.4885 2.2300 1.374755 
901.4604 48.850 123.593 -0.35461 0.53388 -0.023 -0.08665 9.0000 16.69 1.0554 1.8893 1.375370 
901.0569 73.599 169.534 -0.11631 0.02149 -0.019 -0.18353 9.0000 16.95 0.6803 1.1687 1.375986 
900.6533 64.141 250.646 -0.52367 -1.49091 -0.775 -1.24714 9.0000 16.87 1.2183 1.9609 1.376603 
900.2496 34.002 74.380 0.11477 0.41049 -0.195 0.17217 9.0000 16.99 0.5823 1.3609 1.377220 
899.8458 28.793 50.897 1.41477 1.74070 0.128 1.42429 9.0000 16.66 1.0624 2.0360 1.377838 
899.4420 30.167 32.200 61.90055 38.98096 0.165 41.66723 9.0000 17.01 1.3673 2.8621 1.378457 
899.0380 60.406 208.877 -7.63838 -4.21262 -0.261 -5.20240 9.0000 17.15 1.6515 3.4337 1.379076 
898.6340 61.310 206.243 -5.15605 -2.54188 0.086 -3.67927 9.0000 17.11 1.7685 3.6532 1.379696 
898.2299 62.461 186.420 -4.78005 -0.53787 -0.482 -3.35850 9.0000 17.07 1.6161 3.4999 1.380317 
897.8257 64.687 214.195 -39.38588 -26.76185 -0.452 -39.07692 9.0000 17.36 1.4518 2.9199 1.380938 
897.4214 27.223 71.865 0.73151 2.23347 0.136 1.67972 9.0000 17.61 1.3663 2.1881 1.381560 
897.0171 33.349 104.192 -0.31720 1.25427 0.015 0.55724 9.0000 17.43 1.4074 1.7439 1.382183 
896.6127 40.689 131.790 -0.70535 0.78917 0.012 0.16050 9.0000 17.26 1.7215 2.4734 1.382807 
896.2081 36.438 109.600 -0.48526 1.36275 0.007 0.44566 9.0000 17.34 1.6844 1.9308 1.383431 
895.8035 34.648 107.746 -0.40971 1.28020 0.012 0.50803 9.0000 17.41 1.7038 2.0510 1.384056 
895.3989 33.984 105.594 -0.33455 1.19868 0.006 0.50361 9.0000 17.36 1.4018 1.9328 1.384681 
894.9941 30.856 105.990 -0.26214 0.91479 15.508 0.51212 9.0000 17.75 1.1603 1.8442 1.385307 
894.5892 20.758 113.865 -0.19941 0.45075 0.834 0.55679 9.0000 17.96 0.8306 1.6768 1.385934 
894.1843 11.737 239.020 -0.15231 -0.25368 0.000 0.68135 9.0000 17.59 0.7974 1.5206 1.386562 
893.7792 9.046 121.065 -0.12158 0.20182 0.003 0.72120 9.0000 17.72 0.7933 1.6312 1.387190 
893.3741 6.097 62.654 0.07601 0.14697 0.978 0.76568 9.0000 17.59 0.7545 1.4574 1.387819 
892.9689 6.745 7.549 0.19405 0.02571 -4.650 0.81599 9.0000 17.82 0.6662 1.0877 1.388449 
892.5637 10.182 333.785 0.23423 -0.11534 -0.552 0.70343 9.0000 17.86 0.5921 0.7170 1.389079 
892.1583 13.197 303.211 0.18351 -0.28032 0.210 0.67513 9.0000 18.23 0.5736 0.7381 1.389711 
891.7528 6.699 335.662 0.14652 -0.06627 0.390 0.67517 9.0000 17.81 0.5949 0.7762 1.390343 
891.3473 5.566 2.835 0.10345 0.00512 -0.292 0.52636 9.0000 18.26 0.5772 0.8084 1.390975 
890.9417 8.629 67.266 0.04559 0.10880 0.783 0.37973 9.0000 18.05 0.5887 0.8100 1.391608 
890.5359 9.481 92.104 -0.00551 0.14998 0.000 0.43684 9.0000 18.03 0.5740 0.7628 1.392242 
890.1302 11.636 112.967 -0.05635 0.13295 0.032 0.33576 9.0000 18.35 0.5406 0.6793 1.392877 
889.7243 17.418 162.521 -0.13856 0.04363 0.000 0.20874 9.0000 18.00 0.5192 0.6919 1.393512 
889.3184 8.009 17.425 0.06443 0.02022 0.000 0.23523 9.0000 18.11 0.5177 0.5515 1.394148 
888.9123 15.763 18.821 0.18071 0.06159 0.869 0.31122 9.0000 18.22 0.5309 0.5685 1.394785 
888.5062 15.447 25.555 0.13697 0.06549 -1.398 0.25373 9.0000 18.59 0.5321 0.6820 1.395423 
888.1000 15.485 86.683 0.01788 0.30840 -59.805 0.51475 9.0000 18.22 0.6608 0.7558 1.396061 
887.6937 18.171 86.847 0.02149 0.39023 0.922 0.53120 9.0000 18.49 0.7519 0.8731 1.396700 
887.2873 18.683 88.836 0.00836 0.41158 -466.089 0.53911 9.0000 18.80 0.7805 0.9119 1.397340 
886.8808 20.389 91.906 -0.01507 0.45305 1.003 0.52557 9.0000 18.48 0.8315 0.9265 1.397980 
886.4743 14.581 96.487 -0.03974 0.34953 1.263 0.63041 9.0000 18.67 0.7068 0.8027 1.398621 
886.0676 17.586 104.531 -0.08970 0.34608 1.023 0.50736 9.0000 18.54 0.6600 0.7188 1.399263 
885.6609 18.645 114.184 -0.14835 0.33033 0.834 0.47552 9.0000 18.60 0.6288 0.6650 1.399906 
885.2541 16.901 102.118 -0.07490 0.34884 0.045 0.53293 9.0000 18.84 0.6199 0.6739 1.400549 
884.8472 16.820 100.133 -0.05679 0.31776 0.007 0.48511 9.0000 18.72 0.5805 0.6331 1.401193 
884.4402 17.558 96.341 -0.03112 0.28010 89.656 0.40077 9.0000 18.90 0.5497 0.5980 1.401838 
884.0332 21.253 98.294 -0.06282 0.43089 0.865 0.47512 9.0000 19.08 0.6153 0.6509 1.402483 
883.6260 21.707 95.965 -0.04508 0.43140 0.000 0.45843 9.0000 19.02 0.6095 0.6359 1.403130 
883.2188 30.116 95.214 -0.04197 0.45987 0.000 0.26412 9.0000 19.34 0.5900 0.6034 1.403777 
882.8115 29.607 72.874 0.10630 0.34495 0.000 0.21505 9.0000 19.01 0.6376 0.7083 1.404424 
882.4041 12.424 143.440 -0.13970 0.10360 0.030 0.37559 9.0000 19.15 0.5335 0.5436 1.405073 
881.9966 14.259 177.656 -0.23936 0.00980 0.022 0.44088 9.0000 19.25 0.5388 0.6336 1.405722 
881.5890 15.208 223.066 -0.16491 -0.15414 0.016 0.38449 9.0000 19.32 0.5281 0.7403 1.406372 
881.1813 24.000 226.371 -0.27017 -0.28342 0.012 0.35257 9.0000 19.11 0.5532 0.8535 1.407023 
880.7736 25.665 241.762 -0.35735 -0.66540 0.278 0.60444 9.0000 19.52 0.6082 0.8770 1.407674 
880.3658 35.977 206.645 -1.38727 -0.69607 -0.008 0.50569 9.0000 19.16 0.6445 0.9670 1.408326 
879.9579 45.313 237.743 -5.32726 -8.44084 -0.015 -0.10914 9.0000 19.35 1.0587 1.2862 1.408979 
879.5499 41.017 155.848 -1.66940 0.74857 0.013 0.25603 9.0000 19.40 0.7300 1.0146 1.409632 
879.1418 38.046 118.984 -0.96399 1.74024 0.086 0.49261 9.0000 19.42 1.3517 1.6218 1.410287 
878.7336 38.747 110.755 -0.56334 1.48655 -0.004 0.35259 9.0000 19.41 2.0275 2.1757 1.410942 
878.3253 38.654 107.624 -0.59174 1.86271 -0.176 0.44013 9.0000 19.83 2.2932 2.7109 1.411598 
877.9170 37.867 104.973 -0.53776 2.01078 0.994 0.52921 9.0000 19.62 2.3964 2.9744 1.412254 
877.5085 37.037 106.899 -0.62063 2.04288 203.982 0.60921 9.0000 19.80 2.2796 2.9757 1.412912 
877.1000 35.174 109.305 -0.66452 1.89706 1.184 0.71785 9.0000 19.93 1.8885 2.6410 1.413570 
876.6915 32.528 117.020 -0.74579 1.46243 0.923 0.76355 9.0000 19.88 1.2689 2.0572 1.414228 
876.2828 30.448 143.527 -1.03122 0.76230 0.029 0.71386 9.0000 19.85 0.7450 1.2729 1.414888 
875.8740 37.720 249.299 -1.28166 -3.39167 0.123 0.94171 9.0000 20.37 0.9442 1.1829 1.415548 
875.4651 17.363 131.243 -0.27217 0.31043 0.025 0.59564 9.0000 20.26 0.7127 1.7820 1.416209 
875.0562 4.639 70.605 0.03388 0.09624 0.120 0.62457 9.0000 20.21 0.6750 0.8736 1.416871 
874.6472 4.955 254.739 -0.01588 -0.05820 2.742 0.34525 9.0000 19.94 0.6065 1.9789 1.417534 
874.2380 18.342 349.296 0.39870 -0.07536 0.000 0.54470 9.0000 20.30 0.6648 2.5708 1.418197 
873.8289 1.655 295.762 0.02301 -0.04769 0.833 0.91562 9.0000 20.14 0.6590 3.0692 1.418861 
873.4196 8.477 131.823 -0.11117 0.12424 0.880 0.54690 9.0000 20.75 0.5968 3.2095 1.419526 
873.0102 10.359 134.841 -0.13898 0.13975 0.125 0.52113 9.0000 20.46 0.5955 3.0398 1.420192 
872.6007 12.194 129.719 -0.13080 0.15744 -0.044 0.45146 9.0000 20.28 0.5709 2.4930 1.420858 
872.1912 16.994 108.599 -0.10297 0.30597 -0.074 0.47883 9.0000 20.62 0.5822 1.7558 1.421525 
871.7816 13.537 111.375 -0.11124 0.28422 -0.032 0.59709 9.0000 20.24 0.6864 0.8012 1.422193 
871.3718 14.225 108.708 -0.10579 0.31241 0.978 0.60873 9.0000 21.04 0.8354 1.6996 1.422862 
870.9620 14.052 115.154 -0.10235 0.21795 -0.083 0.45090 9.0000 20.80 0.6150 0.6869 1.423532 
870.5521 12.503 125.174 -0.10307 0.14625 0.974 0.38358 9.0000 20.82 0.5806 0.6933 1.424202 
870.1422 12.269 123.400 -0.10146 0.15388 0.936 0.40373 9.0000 20.97 0.5705 0.6647 1.424873 
869.7321 16.395 116.028 -0.12003 0.24578 0.020 0.42458 9.0000 20.78 0.5907 0.6794 1.425545 
869.3219 20.985 110.032 -0.12556 0.34437 0.834 0.40751 9.0000 20.87 0.6442 0.7135 1.426217 
868.9117 19.882 108.505 -0.12196 0.36441 0.942 0.46181 9.0000 21.15 0.6951 0.7308 1.426891 
868.5013 20.592 104.673 -0.10947 0.41806 -0.007 0.49392 9.0000 21.18 0.7806 0.7902 1.427565 
868.0909 21.074 101.956 -0.09714 0.45873 0.816 0.51808 9.0000 21.32 0.9119 0.9282 1.428240 
867.6805 21.574 102.780 -0.10867 0.47908 -0.011 0.52408 9.0000 21.35 0.8918 0.8984 1.428915 
867.2699 22.416 100.747 -0.09494 0.50019 0.904 0.51214 9.0000 21.40 0.7876 0.7916 1.429592 
866.8592 22.315 99.762 -0.08597 0.49969 0.903 0.51362 9.0000 21.56 0.7485 0.7512 1.430269 
866.4485 20.009 98.279 -0.06840 0.47006 -0.149 0.56575 9.0000 21.38 0.7008 0.7037 1.430947 
866.0376 19.836 96.353 -0.05176 0.46488 0.779 0.56396 9.0000 21.38 0.6847 0.6946 1.431626 
865.6267 19.267 98.680 -0.07310 0.47886 0.814 0.60825 9.0000 22.12 0.7015 0.7040 1.432306 
865.2157 18.914 99.608 -0.07686 0.45402 -0.009 0.59305 9.0000 21.47 0.6813 0.6932 1.432986 
864.8046 20.006 100.453 -0.08733 0.47334 0.812 0.57339 9.0000 21.71 0.7024 0.7272 1.433667 
864.3934 19.586 101.420 -0.09208 0.45584 0.811 0.57078 9.0000 21.78 0.7010 0.7394 1.434349 
863.9821 21.138 105.068 -0.13353 0.49599 0.911 0.56496 9.0000 21.62 0.7229 0.7765 1.435032 
863.5707 19.170 103.332 -0.10777 0.45477 -1.912 0.59096 9.0000 22.01 0.7261 0.7639 1.435716 
863.1593 15.029 102.746 -0.07571 0.33471 0.891 0.59299 9.0000 22.03 0.6534 0.6776 1.436400 
862.7477 15.538 99.457 -0.06314 0.37905 0.822 0.63763 9.0000 22.33 0.7041 0.7128 1.437085 
862.3361 15.166 96.501 -0.04315 0.37869 -0.003 0.65142 9.0000 22.14 0.7136 0.7205 1.437771 
861.9244 15.961 94.839 -0.03278 0.38722 0.825 0.62377 9.0000 22.25 0.7259 0.7494 1.438458 
861.5126 15.650 97.456 -0.05203 0.39753 -1.073 0.65942 9.0000 22.31 0.7361 0.7527 1.439145 
861.1008 13.071 98.563 -0.04606 0.30591 0.804 0.63030 9.0000 22.36 0.6754 0.6818 1.439834 
860.6888 11.862 100.122 -0.04932 0.27628 0.809 0.63860 9.0000 22.55 0.6538 0.6634 1.440523 
860.2767 12.418 100.875 -0.05474 0.28493 0.813 0.62692 9.0000 22.25 0.6422 0.6620 1.441213 
859.8646 14.329 99.106 -0.05009 0.31253 -0.002 0.57914 9.0000 22.47 0.6251 0.6555 1.441904 
859.4523 12.016 103.608 -0.06808 0.28125 0.805 0.64896 9.0000 22.57 0.6388 0.6671 1.442595 
859.0400 12.501 103.220 -0.07274 0.30964 3.233 0.68202 9.0000 22.60 0.6500 0.6734 1.443288 
858.6276 12.003 104.023 -0.08073 0.32326 0.797 0.74814 9.0000 22.99 0.6576 0.6730 1.443981 
858.2151 14.090 102.823 -0.08409 0.36946 0.816 0.70727 9.0000 23.12 0.6837 0.6901 1.444675 
857.8026 18.683 99.821 -0.07870 0.45462 0.859 0.60422 9.0000 22.85 0.7391 0.7423 1.445370 
857.3899 20.528 98.473 -0.07539 0.50610 0.811 0.58745 9.0000 23.03 0.7869 0.7983 1.446065 
856.9771 21.079 98.730 -0.07463 0.48596 0.821 0.54303 9.0000 22.48 0.7987 0.8030 1.446762 
856.5643 20.996 98.930 -0.07559 0.48109 0.805 0.54100 9.0000 22.96 0.8014 0.8058 1.447459 
856.1514 22.383 98.705 -0.07621 0.49780 0.001 0.50773 9.0000 23.33 0.8210 0.8257 1.448157 
855.7383 22.402 99.101 -0.07653 0.47775 0.857 0.48716 9.0000 23.39 0.8116 0.8162 1.448856 
855.3253 23.303 98.994 -0.07932 0.50110 0.837 0.47966 9.0000 23.28 0.8339 0.8388 1.449556 
854.9120 22.589 98.045 -0.07324 0.51817 0.977 0.52007 9.0000 23.08 0.8294 0.8323 1.450257 
854.4988 19.949 99.465 -0.08077 0.48448 0.835 0.58746 9.0000 23.22 0.7798 0.7817 1.450958 
854.0854 20.074 99.614 -0.08318 0.49109 0.885 0.59047 9.0000 23.14 0.7875 0.7904 1.451660 
853.6719 20.431 99.257 -0.08299 0.50917 0.866 0.59636 9.0000 23.48 0.8067 0.8098 1.452364 
853.2584 19.327 100.224 -0.08922 0.49469 0.815 0.62849 9.0000 23.36 0.7813 0.7836 1.453067 
852.8448 18.959 100.482 -0.09004 0.48667 0.796 0.63537 9.0000 23.49 0.7697 0.7716 1.453772 
852.4311 18.511 100.939 -0.08911 0.46102 0.878 0.62263 9.0000 23.28 0.7485 0.7501 1.454478 
852.0173 21.540 99.629 -0.08363 0.49291 0.822 0.53464 9.0000 23.61 0.7605 0.7618 1.455184 
851.6034 19.754 100.016 -0.08322 0.47118 0.816 0.58029 9.0000 23.49 0.7615 0.7628 1.455891 
851.1894 20.601 99.684 -0.08324 0.48777 0.811 0.56519 9.0000 23.48 0.7659 0.7675 1.456599 
850.7753 21.636 98.740 -0.08091 0.52626 0.854 0.56555 9.0000 23.65 0.7831 0.7844 1.457308 
850.3612 19.529 99.776 -0.08414 0.48832 0.908 0.61067 9.0000 23.71 0.7550 0.7562 1.458018 
849.9470 19.581 98.720 -0.07694 0.50164 0.781 0.62311 9.0000 23.71 0.7612 0.7629 1.458728 
849.5326 20.569 98.103 -0.07576 0.53210 0.898 0.61527 9.0000 23.71 0.7864 0.7879 1.459440 
849.1182 21.235 97.801 -0.07506 0.54789 0.799 0.60415 9.0000 23.98 0.7954 0.7967 1.460152 
848.7037 20.396 97.816 -0.07524 0.54813 0.804 0.64118 9.0000 23.91 0.7999 0.8014 1.460865 
848.2891 19.845 97.718 -0.07383 0.54479 0.838 0.66243 9.0000 23.95 0.8011 0.8026 1.461579 
847.8744 18.844 97.802 -0.07313 0.53373 0.805 0.69730 9.0000 24.45 0.8008 0.8021 1.462294 
847.4597 20.170 97.730 -0.07300 0.53778 0.812 0.63904 9.0000 24.35 0.7824 0.7834 1.463010 
847.0448 20.011 97.759 -0.07322 0.53741 0.795 0.64588 9.0000 24.51 0.7750 0.7761 1.463726 
846.6298 20.384 97.706 -0.07239 0.53499 0.814 0.62614 9.0000 24.81 0.7711 0.7724 1.464444 
846.2148 21.544 97.821 -0.07352 0.53521 0.793 0.57753 9.0000 24.36 0.7609 0.7622 1.465162 
845.7997 20.959 97.944 -0.07363 0.52765 0.807 0.59338 9.0000 24.73 0.7625 0.7639 1.465881 
845.3845 21.023 97.727 -0.07477 0.55105 0.805 0.61660 9.0000 24.61 0.7626 0.7638 1.466601 
844.9692 20.184 97.913 -0.07484 0.53845 0.812 0.63946 9.0000 24.71 0.7667 0.7682 1.467322 
844.5538 19.303 97.991 -0.07625 0.54321 0.827 0.68699 9.0000 24.44 0.7689 0.7707 1.468044 
844.1383 19.701 97.767 -0.07480 0.54842 0.783 0.67376 9.0000 24.55 0.7830 0.7850 1.468766 
843.7227 19.883 97.545 -0.07389 0.55786 0.806 0.67624 9.0000 25.06 0.8002 0.8026 1.469490 
843.3071 20.603 97.437 -0.07345 0.56273 0.760 0.64810 9.0000 24.99 0.7987 0.8007 1.470214 
842.8914 20.239 97.422 -0.07394 0.56759 0.810 0.67073 9.0000 25.01 0.8017 0.8038 1.470939 
842.4755 20.235 97.273 -0.07241 0.56739 0.799 0.67042 9.0000 25.08 0.8091 0.8112 1.471665 
842.0596 20.188 97.360 -0.07348 0.56893 0.798 0.67464 9.0000 25.26 0.7987 0.8009 1.472392 
841.6436 20.263 97.268 -0.07305 0.57283 0.784 0.67552 9.0000 25.36 0.8034 0.8055 1.473120 
841.2275 20.347 97.009 -0.07119 0.57908 0.781 0.67845 9.0000 25.41 0.8258 0.8277 1.473849 
840.8113 20.393 96.823 -0.06874 0.57445 0.770 0.67061 9.0000 25.68 0.8424 0.8446 1.474578 
840.3951 20.269 96.878 -0.06873 0.56982 0.780 0.67110 9.0000 25.50 0.8402 0.8422 1.475308 
839.9787 20.206 96.809 -0.06816 0.57086 0.791 0.67523 9.0000 25.50 0.8427 0.8447 1.476040 
839.5623 20.247 96.543 -0.06599 0.57537 0.794 0.67822 9.0000 25.98 0.8556 0.8577 1.476772 
839.1457 20.643 96.650 -0.06734 0.57761 0.841 0.66225 9.0000 25.75 0.8553 0.8576 1.477505 
838.7291 20.720 96.665 -0.06749 0.57750 0.789 0.65856 9.0000 25.72 0.8535 0.8559 1.478239 
838.3124 20.678 96.676 -0.06734 0.57534 0.788 0.65805 9.0000 25.99 0.8526 0.8556 1.478974 
837.8956 20.735 96.489 -0.06594 0.57972 0.793 0.66016 9.0000 26.25 0.8538 0.8566 1.479709 
837.4787 20.697 96.438 -0.06614 0.58609 0.799 0.66915 9.0000 26.17 0.8484 0.8511 1.480446 
837.0617 20.793 96.443 -0.06644 0.58839 0.856 0.66728 9.0000 26.10 0.8480 0.8507 1.481183 
836.6447 20.723 96.386 -0.06641 0.59336 0.810 0.67615 9.0000 26.25 0.8505 0.8532 1.481922 
836.2275 20.719 96.407 -0.06666 0.59362 0.787 0.67667 9.0000 26.65 0.8464 0.8491 1.482661 
835.8102 20.656 96.329 -0.06603 0.59535 0.790 0.68155 9.0000 26.73 0.8466 0.8494 1.483401 
835.3929 20.737 96.238 -0.06509 0.59551 0.793 0.67773 9.0000 26.67 0.8497 0.8525 1.484142 
834.9755 20.764 96.187 -0.06468 0.59662 0.785 0.67764 9.0000 26.76 0.8482 0.8510 1.484884 
834.5579 20.876 96.133 -0.06453 0.60054 0.779 0.67666 9.0000 26.89 0.8482 0.8509 1.485627 
834.1403 20.918 96.066 -0.06385 0.60090 0.795 0.67501 9.0000 26.95 0.8482 0.8511 1.486371 
833.7227 20.935 96.085 -0.06417 0.60193 0.775 0.67536 9.0000 26.83 0.8489 0.8515 1.487115 
833.3049 21.003 96.065 -0.06401 0.60241 0.792 0.67267 9.0000 27.25 0.8466 0.8492 1.487861 
832.8870 21.003 96.023 -0.06367 0.60349 0.782 0.67383 9.0000 27.06 0.8465 0.8489 1.488608 
832.4691 21.003 95.911 -0.06249 0.60360 0.808 0.67379 9.0000 27.48 0.8479 0.8503 1.489355 
832.0510 21.072 95.890 -0.06255 0.60634 0.809 0.67359 9.0000 27.75 0.8482 0.8505 1.490103 
831.6329 21.118 95.908 -0.06298 0.60867 0.806 0.67398 9.0000 27.40 0.8482 0.8504 1.490852 
831.2146 21.154 95.798 -0.06186 0.60927 0.780 0.67283 9.0000 27.80 0.8489 0.8511 1.491603 
830.7963 21.257 95.845 -0.06278 0.61324 0.809 0.67238 9.0000 27.95 0.8493 0.8515 1.492354 
830.3779 21.393 95.797 -0.06262 0.61679 0.791 0.66980 9.0000 27.86 0.8509 0.8530 1.493106 
829.9594 21.411 95.762 -0.06233 0.61775 0.789 0.66996 9.0000 28.65 0.8538 0.8559 1.493858 
829.5408 21.430 95.710 -0.06200 0.62003 0.789 0.67152 9.0000 28.25 0.8559 0.8580 1.494612 
829.1221 21.413 95.627 -0.06104 0.61947 0.785 0.67159 9.0000 27.95 0.8575 0.8597 1.495367 
828.7034 21.419 95.622 -0.06107 0.62043 0.796 0.67236 9.0000 28.46 0.8586 0.8608 1.496123 
828.2845 21.390 95.562 -0.06030 0.61923 0.810 0.67235 9.0000 28.75 0.8583 0.8604 1.496879 
827.8656 21.433 95.533 -0.06023 0.62180 0.786 0.67305 9.0000 27.98 0.8597 0.8618 1.497637 
827.4465 21.465 95.470 -0.05965 0.62287 0.804 0.67266 9.0000 28.68 0.8607 0.8627 1.498395 
827.0275 21.501 95.386 -0.05879 0.62355 0.802 0.67158 9.0000 28.85 0.8625 0.8645 1.499154 
826.6082 21.491 95.376 -0.05877 0.62450 0.788 0.67306 9.0000 28.76 0.8629 0.8650 1.499915 
826.1889 21.504 95.314 -0.05820 0.62576 0.809 0.67373 9.0000 29.01 0.8652 0.8673 1.500676 
825.7695 21.516 95.299 -0.05807 0.62602 0.809 0.67347 9.0000 29.50 0.8667 0.8689 1.501438 
825.3500 21.525 95.264 -0.05767 0.62600 0.814 0.67297 9.0000 29.27 0.8685 0.8706 1.502201 
824.9305 21.511 95.257 -0.05763 0.62639 0.789 0.67402 9.0000 29.02 0.8703 0.8724 1.502965 
824.5108 21.490 95.232 -0.05751 0.62803 0.787 0.67679 9.0000 29.32 0.8711 0.8732 1.503730 
824.0911 21.480 95.168 -0.05688 0.62882 0.794 0.67802 9.0000 29.27 0.8725 0.8745 1.504496 
823.6713 21.485 95.132 -0.05655 0.62974 0.802 0.67872 9.0000 29.62 0.8735 0.8754 1.505263 
823.2513 21.507 95.118 -0.05647 0.63049 0.806 0.67848 9.0000 29.33 0.8749 0.8769 1.506031 
822.8313 21.488 95.117 -0.05651 0.63112 0.807 0.68009 9.0000 29.55 0.8751 0.8771 1.506800 
822.4112 21.529 95.122 -0.05678 0.63341 0.808 0.68058 9.0000 29.81 0.8775 0.8795 1.507569 
821.9910 21.565 95.164 -0.05732 0.63428 0.793 0.67987 9.0000 29.64 0.8800 0.8820 1.508340 
821.5707 21.548 95.154 -0.05719 0.63411 0.799 0.68048 9.0000 30.13 0.8802 0.8822 1.509112 
821.1503 21.541 95.151 -0.05721 0.63468 0.801 0.68143 9.0000 30.36 0.8802 0.8820 1.509884 
820.7299 21.563 95.142 -0.05733 0.63711 0.816 0.68297 9.0000 30.65 0.8821 0.8840 1.510658 
820.3093 21.580 95.153 -0.05758 0.63846 0.792 0.68360 9.0000 30.46 0.8845 0.8864 1.511432 
819.8886 21.618 95.135 -0.05735 0.63815 0.791 0.68147 9.0000 30.42 0.8841 0.8860 1.512208 
819.4679 21.635 95.115 -0.05721 0.63915 0.791 0.68169 9.0000 31.04 0.8850 0.8869 1.512984 
819.0471 21.655 95.135 -0.05760 0.64104 0.797 0.68277 9.0000 30.75 0.8871 0.8890 1.513761 
818.6262 21.669 95.117 -0.05753 0.64239 0.799 0.68352 9.0000 31.41 0.8881 0.8900 1.514540 
818.2051 21.677 95.085 -0.05721 0.64296 0.794 0.68371 9.0000 31.07 0.8885 0.8902 1.515319 
817.7841 21.690 95.067 -0.05711 0.64414 0.779 0.68430 9.0000 30.97 0.8888 0.8906 1.516099 
817.3629 21.684 95.077 -0.05727 0.64458 0.793 0.68509 9.0000 31.24 0.8889 0.8907 1.516881 
816.9416 21.714 95.097 -0.05766 0.64646 0.787 0.68564 9.0000 31.13 0.8913 0.8931 1.517663 
816.5202 21.724 95.080 -0.05760 0.64797 0.794 0.68678 9.0000 31.36 0.8923 0.8941 1.518446 
816.0988 21.735 95.088 -0.05783 0.64950 0.791 0.68785 9.0000 31.75 0.8935 0.8952 1.519230 
815.6772 21.756 95.055 -0.05762 0.65136 0.795 0.68876 9.0000 31.70 0.8945 0.8962 1.520015 
815.2556 21.766 95.058 -0.05764 0.65130 0.788 0.68823 9.0000 31.64 0.8944 0.8961 1.520801 
814.8338 21.789 95.064 -0.05781 0.65241 0.781 0.68831 9.0000 31.63 0.8958 0.8975 1.521589 
814.4120 21.805 95.040 -0.05768 0.65397 0.795 0.68916 9.0000 32.17 0.8971 0.8989 1.522377 
813.9901 21.809 95.081 -0.05825 0.65513 0.793 0.69025 9.0000 32.38 0.8984 0.9001 1.523166 
813.5681 21.835 95.091 -0.05842 0.65569 0.788 0.68959 9.0000 32.21 0.8994 0.9011 1.523956 
813.1460 21.836 95.054 -0.05802 0.65613 0.788 0.68997 9.0000 32.29 0.8985 0.9002 1.524747 
812.7238 21.833 95.063 -0.05815 0.65637 0.805 0.69036 9.0000 32.51 0.8985 0.9002 1.525539 
812.3015 21.880 95.014 -0.05787 0.65958 0.801 0.69143 9.0000 32.64 0.9017 0.9034 1.526332 
811.8792 21.845 95.055 -0.05826 0.65863 0.796 0.69217 9.0000 33.22 0.9010 0.9027 1.527126 
811.4567 21.857 95.054 -0.05832 0.65939 0.792 0.69235 9.0000 33.26 0.9025 0.9041 1.527921 
811.0341 21.876 95.039 -0.05816 0.65958 0.781 0.69165 9.0000 32.74 0.9023 0.9040 1.528717 
810.6115 21.877 95.100 -0.05893 0.66037 0.797 0.69246 9.0000 33.08 0.9034 0.9051 1.529514 
810.1888 21.880 95.069 -0.05862 0.66087 0.780 0.69284 9.0000 32.64 0.9030 0.9046 1.530312 
809.7659 21.908 95.026 -0.05820 0.66180 0.788 0.69238 9.0000 33.50 0.9034 0.9050 1.531111 
809.3430 21.925 95.000 -0.05796 0.66241 0.780 0.69218 9.0000 33.59 0.9032 0.9048 1.531912 
808.9200 21.944 94.931 -0.05724 0.66346 0.793 0.69227 9.0000 33.34 0.9040 0.9057 1.532713 
808.4969 21.965 94.882 -0.05673 0.66422 0.794 0.69201 9.0000 33.90 0.9043 0.9060 1.533515 
808.0737 21.983 94.841 -0.05624 0.66408 0.803 0.69094 9.0000 33.80 0.9037 0.9053 1.534318 
807.6505 21.990 94.850 -0.05641 0.66478 0.800 0.69136 9.0000 33.95 0.9045 0.9062 1.535122 
807.2271 21.989 94.847 -0.05638 0.66496 0.793 0.69157 9.0000 34.01 0.9041 0.9057 1.535927 
806.8036 22.023 94.782 -0.05574 0.66622 0.788 0.69120 9.0000 34.60 0.9041 0.9057 1.536733 
806.3801 22.053 94.761 -0.05556 0.66702 0.790 0.69055 9.0000 34.04 0.9039 0.9055 1.537540 
805.9564 22.087 94.723 -0.05516 0.66773 0.787 0.68960 9.0000 34.75 0.9042 0.9058 1.538349 
805.5327 22.116 94.684 -0.05474 0.66808 0.789 0.68856 9.0000 34.42 0.9048 0.9064 1.539158 
805.1089 22.146 94.626 -0.05412 0.66875 0.791 0.68774 9.0000 34.30 0.9049 0.9065 1.539968 
804.6850 22.171 94.613 -0.05402 0.66953 0.795 0.68730 9.0000 34.63 0.9064 0.9080 1.540779 
804.2610 22.182 94.580 -0.05365 0.66969 0.794 0.68690 9.0000 35.25 0.9059 0.9074 1.541591 
803.8369 22.203 94.552 -0.05337 0.67039 0.784 0.68660 9.0000 34.71 0.9064 0.9079 1.542405 
803.4127 22.237 94.530 -0.05317 0.67101 0.791 0.68560 9.0000 34.89 0.9074 0.9089 1.543219 
802.9884 22.251 94.526 -0.05315 0.67140 0.806 0.68531 9.0000 35.00 0.9076 0.9092 1.544035 
802.5640 22.270 94.521 -0.05316 0.67242 0.794 0.68543 9.0000 34.95 0.9088 0.9104 1.544851 
802.1396 22.272 94.503 -0.05298 0.67262 0.795 0.68554 9.0000 35.70 0.9079 0.9095 1.545669 
801.7150 22.281 94.521 -0.05320 0.67280 0.798 0.68527 9.0000 36.02 0.9084 0.9100 1.546487 
801.2903 22.311 94.483 -0.05282 0.67357 0.795 0.68459 9.0000 35.91 0.9086 0.9102 1.547307 
800.8657 22.319 94.493 -0.05295 0.67382 0.793 0.68449 9.0000 35.39 0.9089 0.9105 1.548127 
800.4408 22.316 94.471 -0.05265 0.67339 0.797 0.68417 9.0000 35.22 0.9078 0.9094 1.548949 
800.0159 22.333 94.471 -0.05269 0.67390 0.794 0.68389 9.0000 35.94 0.9078 0.9094 1.549772 
799.5909 22.345 94.431 -0.05225 0.67422 0.788 0.68362 9.0000 35.78 0.9069 0.9084 1.550595 
799.1658 22.362 94.426 -0.05225 0.67515 0.792 0.68371 9.0000 35.89 0.9078 0.9093 1.551420 
798.7406 22.385 94.385 -0.05186 0.67630 0.796 0.68375 9.0000 36.09 0.9085 0.9100 1.552246 
798.3153 22.413 94.384 -0.05192 0.67720 0.798 0.68335 9.0000 36.20 0.9094 0.9109 1.553073 
797.8899 22.445 94.344 -0.05156 0.67866 0.801 0.68323 9.0000 36.78 0.9108 0.9122 1.553901 
797.4644 22.459 94.339 -0.05154 0.67932 0.802 0.68322 9.0000 36.88 0.9110 0.9125 1.554730 
797.0389 22.487 94.300 -0.05118 0.68059 0.799 0.68313 9.0000 36.66 0.9116 0.9130 1.555560 
796.6132 22.503 94.263 -0.05079 0.68140 0.805 0.68313 9.0000 36.54 0.9124 0.9139 1.556391 
796.1875 22.508 94.239 -0.05050 0.68137 0.799 0.68283 9.0000 37.19 0.9122 0.9137 1.557224 
795.7617 22.530 94.214 -0.05027 0.68217 0.794 0.68258 9.0000 36.57 0.9120 0.9135 1.558057 
795.3357 22.549 94.177 -0.04986 0.68266 0.805 0.68213 9.0000 37.16 0.9129 0.9144 1.558891 
794.9097 22.573 94.138 -0.04947 0.68381 0.797 0.68210 9.0000 37.48 0.9139 0.9154 1.559727 
794.4836 22.591 94.090 -0.04892 0.68413 0.801 0.68154 9.0000 37.29 0.9134 0.9150 1.560563 
794.0574 22.607 94.097 -0.04904 0.68479 0.802 0.68142 9.0000 37.44 0.9143 0.9160 1.561401 
793.6310 22.624 94.080 -0.04894 0.68614 0.800 0.68194 9.0000 37.93 0.9148 0.9164 1.562240 
793.2047 22.648 94.036 -0.04846 0.68675 0.805 0.68139 9.0000 38.05 0.9152 0.9168 1.563079 
792.7782 22.662 94.019 -0.04827 0.68711 0.800 0.68106 9.0000 37.54 0.9147 0.9163 1.563920 
792.3516 22.678 94.019 -0.04831 0.68767 0.803 0.68087 9.0000 37.85 0.9147 0.9163 1.564762 
791.9249 22.676 94.019 -0.04834 0.68799 0.793 0.68124 9.0000 37.57 0.9143 0.9159 1.565605 
791.4982 22.706 93.995 -0.04812 0.68907 0.794 0.68086 9.0000 37.60 0.9145 0.9161 1.566449 
791.0714 22.721 93.989 -0.04808 0.68948 0.789 0.68057 9.0000 38.00 0.9150 0.9167 1.567295 
790.6444 22.739 93.979 -0.04801 0.69011 0.797 0.68032 9.0000 37.80 0.9159 0.9175 1.568141 
790.2173 22.753 93.964 -0.04782 0.69020 0.791 0.67974 9.0000 37.84 0.9162 0.9179 1.568989 
789.7902 22.775 93.939 -0.04757 0.69089 0.805 0.67935 9.0000 38.10 0.9161 0.9178 1.569837 
789.3630 22.789 93.923 -0.04741 0.69135 0.797 0.67911 9.0000 37.85 0.9163 0.9180 1.570687 
788.9357 22.807 93.927 -0.04751 0.69203 0.796 0.67896 9.0000 38.51 0.9169 0.9185 1.571537 
788.5083 22.814 93.923 -0.04747 0.69217 0.789 0.67875 9.0000 38.74 0.9163 0.9179 1.572389 
788.0807 22.816 93.939 -0.04769 0.69262 0.795 0.67911 9.0000 38.46 0.9167 0.9183 1.573242 
787.6532 22.831 93.928 -0.04763 0.69354 0.794 0.67929 9.0000 38.57 0.9172 0.9188 1.574096 
787.2255 22.830 93.932 -0.04766 0.69332 0.794 0.67912 9.0000 38.44 0.9166 0.9182 1.574951 
786.7977 22.831 93.888 -0.04712 0.69340 0.792 0.67914 9.0000 39.07 0.9158 0.9174 1.575808 
786.3699 22.841 93.880 -0.04710 0.69434 0.799 0.67955 9.0000 38.92 0.9164 0.9179 1.576665 
785.9419 22.854 93.883 -0.04718 0.69508 0.789 0.67965 9.0000 38.91 0.9177 0.9192 1.577524 
785.5139 22.868 93.869 -0.04703 0.69543 0.794 0.67935 9.0000 38.62 0.9181 0.9196 1.578383 
785.0857 22.880 93.847 -0.04680 0.69592 0.797 0.67923 9.0000 39.50 0.9173 0.9189 1.579244 
784.6575 22.899 93.808 -0.04637 0.69663 0.797 0.67901 9.0000 39.38 0.9175 0.9190 1.580106 
784.2291 22.904 93.818 -0.04649 0.69670 0.806 0.67883 9.0000 39.63 0.9178 0.9193 1.580969 
783.8007 22.912 93.801 -0.04630 0.69681 0.800 0.67856 9.0000 39.54 0.9177 0.9192 1.581833 
783.3722 22.925 93.789 -0.04617 0.69722 0.793 0.67833 9.0000 39.70 0.9179 0.9194 1.582698 
782.9435 22.951 93.760 -0.04585 0.69781 0.797 0.67762 9.0000 39.95 0.9182 0.9197 1.583565 
782.5148 22.969 93.753 -0.04584 0.69887 0.791 0.67780 9.0000 39.95 0.9194 0.9210 1.584433 
782.0861 22.967 93.778 -0.04617 0.69921 0.792 0.67824 9.0000 39.60 0.9199 0.9214 1.585301 
781.6572 22.967 93.786 -0.04628 0.69934 0.795 0.67837 9.0000 39.46 0.9200 0.9215 1.586171 
781.2282 22.973 93.786 -0.04629 0.69958 0.794 0.67833 9.0000 39.82 0.9201 0.9216 1.587042 
780.7991 22.985 93.795 -0.04642 0.69985 0.800 0.67805 9.0000 39.72 0.9205 0.9219 1.587914 
780.3699 23.001 93.795 -0.04646 0.70038 0.798 0.67778 9.0000 40.02 0.9211 0.9226 1.588788 
779.9407 23.008 93.794 -0.04644 0.70035 0.803 0.67741 9.0000 40.04 0.9213 0.9227 1.589662 
779.5113 23.016 93.798 -0.04649 0.70041 0.795 0.67711 9.0000 40.08 0.9212 0.9226 1.590537 
779.0818 23.047 93.768 -0.04616 0.70085 0.809 0.67603 9.0000 40.24 0.9212 0.9227 1.591414 
778.6523 23.076 93.728 -0.04573 0.70189 0.800 0.67566 9.0000 40.49 0.9217 0.9231 1.592292 
778.2227 23.100 93.706 -0.04551 0.70271 0.796 0.67527 9.0000 40.71 0.9221 0.9236 1.593171 
777.7930 23.115 93.709 -0.04556 0.70280 0.799 0.67466 9.0000 40.33 0.9227 0.9241 1.594051 
777.3632 23.141 93.707 -0.04559 0.70366 0.804 0.67426 9.0000 40.20 0.9232 0.9246 1.594933 
776.9332 23.164 93.688 -0.04537 0.70399 0.802 0.67348 9.0000 40.72 0.9236 0.9250 1.595815 
776.5032 23.184 93.671 -0.04521 0.70464 0.796 0.67313 9.0000 40.95 0.9239 0.9253 1.596699 
776.0731 23.199 93.662 -0.04512 0.70507 0.804 0.67287 9.0000 40.95 0.9239 0.9253 1.597584 
775.6429 23.215 93.626 -0.04470 0.70552 0.811 0.67250 9.0000 40.55 0.9237 0.9252 1.598470 
775.2126 23.234 93.612 -0.04455 0.70572 0.801 0.67180 9.0000 41.14 0.9235 0.9250 1.599357 
774.7822 23.255 93.595 -0.04437 0.70620 0.806 0.67126 9.0000 41.51 0.9241 0.9255 1.600246 
774.3517 23.267 93.616 -0.04465 0.70655 0.807 0.67106 9.0000 41.68 0.9242 0.9257 1.601135 
773.9212 23.284 93.606 -0.04456 0.70716 0.803 0.67080 9.0000 41.43 0.9247 0.9261 1.602026 
773.4905 23.299 93.610 -0.04464 0.70762 0.793 0.67052 9.0000 41.33 0.9250 0.9264 1.602918 
773.0598 23.320 93.608 -0.04467 0.70842 0.791 0.67031 9.0000 42.17 0.9252 0.9266 1.603811 
772.6289 23.343 93.594 -0.04454 0.70919 0.801 0.66994 9.0000 41.75 0.9258 0.9272 1.604706 
772.1980 23.371 93.561 -0.04417 0.70986 0.803 0.66923 9.0000 41.71 0.9262 0.9276 1.605601 
771.7669 23.386 93.541 -0.04395 0.71017 0.801 0.66883 9.0000 41.78 0.9264 0.9278 1.606498 
771.3358 23.399 93.531 -0.04383 0.71025 0.799 0.66829 9.0000 42.14 0.9268 0.9282 1.607396 
770.9046 23.414 93.526 -0.04379 0.71067 0.800 0.66798 9.0000 41.87 0.9272 0.9286 1.608295 
770.4733 23.429 93.519 -0.04374 0.71118 0.800 0.66775 9.0000 42.08 0.9279 0.9293 1.609195 
770.0419 23.445 93.521 -0.04379 0.71177 0.804 0.66756 9.0000 41.81 0.9285 0.9298 1.610097 
769.6104 23.469 93.521 -0.04383 0.71227 0.805 0.66690 9.0000 42.38 0.9287 0.9300 1.610999 
769.1787 23.484 93.530 -0.04398 0.71287 0.803 0.66677 9.0000 42.58 0.9287 0.9300 1.611904 
768.7471 23.487 93.538 -0.04406 0.71259 0.806 0.66637 9.0000 42.62 0.9286 0.9299 1.612809 
768.3152 23.516 93.540 -0.04416 0.71380 0.805 0.66617 9.0000 42.55 0.9294 0.9307 1.613715 
767.8834 23.539 93.518 -0.04394 0.71475 0.810 0.66594 9.0000 42.92 0.9295 0.9308 1.614623 
767.4514 23.560 93.482 -0.04354 0.71548 0.806 0.66561 9.0000 43.26 0.9298 0.9311 1.615531 
767.0193 23.578 93.468 -0.04338 0.71577 0.806 0.66506 9.0000 43.22 0.9295 0.9308 1.616442 
766.5872 23.604 93.443 -0.04310 0.71643 0.808 0.66445 9.0000 42.96 0.9298 0.9311 1.617353 
766.1549 23.621 93.417 -0.04280 0.71688 0.807 0.66404 9.0000 43.29 0.9296 0.9309 1.618265 
765.7225 23.639 93.433 -0.04303 0.71733 0.806 0.66362 9.0000 44.00 0.9296 0.9309 1.619179 
765.2901 23.660 93.442 -0.04317 0.71777 0.803 0.66308 9.0000 43.68 0.9299 0.9311 1.620094 
764.8575 23.678 93.453 -0.04335 0.71847 0.807 0.66287 9.0000 44.10 0.9301 0.9314 1.621010 
764.4249 23.696 93.443 -0.04327 0.71911 0.808 0.66262 9.0000 43.74 0.9306 0.9319 1.621928 
763.9922 23.717 93.447 -0.04337 0.72007 0.807 0.66256 9.0000 43.94 0.9313 0.9325 1.622846 
763.5593 23.743 93.431 -0.04322 0.72076 0.814 0.66195 9.0000 44.55 0.9316 0.9329 1.623766 
763.1264 23.762 93.441 -0.04336 0.72111 0.808 0.66140 9.0000 44.23 0.9317 0.9329 1.624687 
762.6934 23.780 93.415 -0.04308 0.72189 0.811 0.66128 9.0000 44.65 0.9318 0.9330 1.625610 
762.2603 23.796 93.404 -0.04294 0.72191 0.816 0.66056 9.0000 44.77 0.9315 0.9327 1.626533 
761.8271 23.808 93.403 -0.04296 0.72257 0.813 0.66058 9.0000 45.21 0.9319 0.9331 1.627458 
761.3938 23.826 93.393 -0.04285 0.72273 0.814 0.65990 9.0000 44.97 0.9319 0.9331 1.628385 
760.9604 23.847 93.373 -0.04263 0.72325 0.810 0.65936 9.0000 44.71 0.9319 0.9331 1.629312 
760.5269 23.869 93.372 -0.04267 0.72410 0.807 0.65915 9.0000 45.30 0.9322 0.9334 1.630241 
760.0933 23.893 93.357 -0.04253 0.72506 0.810 0.65891 9.0000 45.61 0.9330 0.9342 1.631171 
759.6597 23.920 93.335 -0.04230 0.72589 0.807 0.65840 9.0000 45.62 0.9334 0.9346 1.632102 
759.2259 23.937 93.344 -0.04243 0.72611 0.818 0.65781 9.0000 45.27 0.9337 0.9349 1.633034 
758.7921 23.951 93.358 -0.04263 0.72655 0.811 0.65756 9.0000 45.70 0.9340 0.9352 1.633968 
758.3581 23.974 93.341 -0.04243 0.72698 0.814 0.65687 9.0000 45.84 0.9339 0.9351 1.634903 
757.9240 23.988 93.333 -0.04232 0.72684 0.815 0.65613 9.0000 46.39 0.9334 0.9346 1.635839 
757.4899 24.007 93.328 -0.04229 0.72732 0.818 0.65565 9.0000 46.57 0.9337 0.9349 1.636777 
757.0556 24.020 93.334 -0.04238 0.72746 0.813 0.65518 9.0000 46.21 0.9336 0.9347 1.637716 
756.6213 24.044 93.333 -0.04241 0.72829 0.810 0.65486 9.0000 46.00 0.9339 0.9351 1.638656 
756.1868 24.070 93.307 -0.04210 0.72870 0.810 0.65402 9.0000 45.85 0.9339 0.9350 1.639597 
755.7523 24.078 93.322 -0.04230 0.72888 0.813 0.65378 9.0000 45.75 0.9339 0.9350 1.640540 
755.3177 24.097 93.326 -0.04240 0.72963 0.814 0.65361 9.0000 47.05 0.9342 0.9353 1.641484 
754.8830 24.111 93.337 -0.04255 0.72966 0.823 0.65300 9.0000 46.66 0.9340 0.9351 1.642429 
754.4482 24.121 93.346 -0.04266 0.72961 0.820 0.65249 9.0000 46.85 0.9339 0.9350 1.643376 
754.0132 24.135 93.363 -0.04290 0.73002 0.825 0.65222 9.0000 47.73 0.9340 0.9352 1.644324 
753.5782 24.149 93.360 -0.04290 0.73068 0.816 0.65218 9.0000 47.02 0.9341 0.9353 1.645273 
753.1431 24.165 93.362 -0.04295 0.73113 0.820 0.65186 9.0000 47.92 0.9343 0.9355 1.646223 
752.7079 24.177 93.376 -0.04316 0.73150 0.815 0.65166 9.0000 47.25 0.9345 0.9356 1.647175 
752.2726 24.193 93.378 -0.04320 0.73181 0.821 0.65116 9.0000 48.35 0.9344 0.9355 1.648129 
751.8373 24.207 93.380 -0.04322 0.73179 0.818 0.65051 9.0000 47.73 0.9339 0.9351 1.649083 
751.4018 24.231 93.349 -0.04286 0.73250 0.820 0.65003 9.0000 48.01 0.9343 0.9354 1.650039 
750.9662 24.248 93.349 -0.04289 0.73291 0.820 0.64961 9.0000 48.13 0.9348 0.9359 1.650996 
750.5306 24.264 93.357 -0.04300 0.73317 0.820 0.64911 9.0000 48.15 0.9351 0.9362 1.651954 
750.0948 24.283 93.338 -0.04277 0.73332 0.819 0.64841 9.0000 48.23 0.9345 0.9357 1.652914 
749.6589 24.299 93.343 -0.04286 0.73378 0.826 0.64808 9.0000 48.29 0.9347 0.9358 1.653875 
749.2230 24.309 93.345 -0.04290 0.73393 0.828 0.64772 9.0000 48.67 0.9347 0.9359 1.654837 
748.7869 24.322 93.352 -0.04299 0.73413 0.825 0.64733 9.0000 49.10 0.9347 0.9358 1.655801 
748.3508 24.342 93.337 -0.04285 0.73491 0.826 0.64709 9.0000 48.80 0.9349 0.9360 1.656766 
747.9146 24.356 93.353 -0.04309 0.73548 0.827 0.64696 9.0000 49.04 0.9353 0.9365 1.657732 
747.4782 24.369 93.371 -0.04333 0.73579 0.822 0.64666 9.0000 48.16 0.9356 0.9367 1.658700 
747.0417 24.381 93.376 -0.04342 0.73620 0.832 0.64648 9.0000 48.76 0.9357 0.9368 1.659669 
746.6052 24.393 93.363 -0.04328 0.73638 0.826 0.64608 9.0000 49.22 0.9355 0.9366 1.660639 
746.1686 24.415 93.342 -0.04304 0.73700 0.823 0.64562 9.0000 49.48 0.9356 0.9367 1.661611 
745.7319 24.435 93.327 -0.04288 0.73762 0.830 0.64523 9.0000 49.08 0.9357 0.9369 1.662584 
745.2950 24.455 93.322 -0.04285 0.73825 0.830 0.64486 9.0000 49.29 0.9360 0.9372 1.663559 
744.8582 24.477 93.300 -0.04259 0.73873 0.835 0.64426 9.0000 49.69 0.9360 0.9372 1.664534 
744.4211 24.490 93.303 -0.04265 0.73901 0.829 0.64395 9.0000 49.46 0.9361 0.9372 1.665512 
743.9841 24.503 93.310 -0.04279 0.73971 0.826 0.64394 9.0000 49.80 0.9364 0.9375 1.666490 
743.5468 24.521 93.293 -0.04259 0.74018 0.832 0.64352 9.0000 49.46 0.9364 0.9375 1.667470 
743.1096 24.536 93.298 -0.04268 0.74056 0.830 0.64320 9.0000 49.90 0.9365 0.9376 1.668451 
742.6722 24.547 93.315 -0.04290 0.74076 0.834 0.64289 9.0000 49.69 0.9368 0.9378 1.669434 
742.2347 24.558 93.317 -0.04294 0.74086 0.833 0.64248 9.0000 50.20 0.9366 0.9377 1.670418 
741.7971 24.572 93.301 -0.04275 0.74120 0.836 0.64212 9.0000 50.47 0.9364 0.9375 1.671403 
741.3594 24.583 93.295 -0.04267 0.74121 0.831 0.64164 9.0000 49.71 0.9362 0.9373 1.672390 
740.9216 24.595 93.307 -0.04284 0.74137 0.844 0.64123 9.0000 50.99 0.9363 0.9374 1.673378 
740.4838 24.608 93.308 -0.04285 0.74143 0.837 0.64069 9.0000 50.80 0.9362 0.9372 1.674367 
740.0458 24.617 93.324 -0.04306 0.74149 0.832 0.64037 9.0000 51.19 0.9363 0.9373 1.675358 
739.6077 24.624 93.338 -0.04326 0.74164 0.838 0.64016 9.0000 51.10 0.9363 0.9373 1.676351 
739.1696 24.639 93.335 -0.04325 0.74206 0.835 0.63986 9.0000 50.88 0.9364 0.9374 1.677344 
738.7313 24.651 93.345 -0.04338 0.74225 0.841 0.63949 9.0000 51.11 0.9364 0.9374 1.678339 
738.2930 24.665 93.338 -0.04331 0.74256 0.839 0.63913 9.0000 51.63 0.9363 0.9373 1.679336 
737.8545 24.675 93.336 -0.04330 0.74290 0.835 0.63895 9.0000 51.43 0.9362 0.9372 1.680334 
737.4160 24.693 93.333 -0.04330 0.74348 0.841 0.63864 9.0000 51.19 0.9364 0.9374 1.681333 
736.9773 24.706 93.334 -0.04331 0.74334 0.837 0.63791 9.0000 50.95 0.9362 0.9372 1.682334 
736.5386 24.719 93.336 -0.04333 0.74328 0.842 0.63731 9.0000 51.15 0.9361 0.9370 1.683336 
736.0997 24.731 93.345 -0.04345 0.74339 0.845 0.63684 9.0000 52.91 0.9360 0.9369 1.684340 
735.6608 24.745 93.355 -0.04360 0.74374 0.845 0.63655 9.0000 51.91 0.9360 0.9369 1.685344 
735.2218 24.756 93.362 -0.04370 0.74405 0.841 0.63629 9.0000 51.81 0.9360 0.9369 1.686351 
734.7827 24.761 93.382 -0.04395 0.74377 0.842 0.63585 9.0000 51.82 0.9357 0.9366 1.687359 
734.3434 24.773 93.375 -0.04388 0.74408 0.851 0.63556 9.0000 52.40 0.9355 0.9364 1.688368 
733.9041 24.789 93.366 -0.04377 0.74436 0.853 0.63507 9.0000 52.57 0.9353 0.9362 1.689379 
733.4647 24.797 93.366 -0.04378 0.74433 0.846 0.63469 9.0000 53.23 0.9351 0.9360 1.690391 
733.0252 24.805 93.379 -0.04394 0.74435 0.850 0.63437 9.0000 52.78 0.9351 0.9360 1.691404 
732.5856 24.826 93.358 -0.04373 0.74514 0.848 0.63410 9.0000 52.88 0.9352 0.9361 1.692419 
732.1459 24.835 93.362 -0.04378 0.74519 0.852 0.63374 9.0000 52.65 0.9351 0.9360 1.693436 
731.7061 24.840 93.359 -0.04372 0.74486 0.851 0.63323 9.0000 53.32 0.9348 0.9357 1.694453 
731.2662 24.851 93.371 -0.04389 0.74512 0.847 0.63297 9.0000 53.07 0.9350 0.9358 1.695473 
730.8262 24.859 93.375 -0.04394 0.74519 0.854 0.63268 9.0000 53.17 0.9349 0.9358 1.696494 
730.3861 24.862 93.396 -0.04420 0.74481 0.854 0.63221 9.0000 53.42 0.9347 0.9356 1.697516 
729.9459 24.876 93.395 -0.04419 0.74496 0.859 0.63173 9.0000 53.79 0.9347 0.9355 1.698539 
729.5057 24.884 93.396 -0.04419 0.74473 0.860 0.63114 9.0000 53.09 0.9346 0.9355 1.699564 
729.0653 24.899 93.376 -0.04395 0.74503 0.863 0.63072 9.0000 53.10 0.9347 0.9355 1.700591 
728.6248 24.903 93.382 -0.04402 0.74493 0.858 0.63050 9.0000 53.05 0.9344 0.9353 1.701619 
728.1843 24.908 93.392 -0.04416 0.74506 0.861 0.63035 9.0000 53.62 0.9344 0.9352 1.702648 
727.7436 24.920 93.396 -0.04421 0.74502 0.857 0.62981 9.0000 53.35 0.9343 0.9352 1.703680 
727.3028 24.926 93.403 -0.04430 0.74495 0.861 0.62950 9.0000 53.18 0.9343 0.9351 1.704712 
726.8619 24.941 93.387 -0.04411 0.74529 0.862 0.62908 9.0000 53.64 0.9342 0.9350 1.705746 
726.4210 24.948 93.390 -0.04415 0.74520 0.861 0.62870 9.0000 53.96 0.9339 0.9347 1.706781 
725.9799 24.960 93.390 -0.04415 0.74547 0.864 0.62839 9.0000 53.57 0.9340 0.9348 1.707818 
725.5388 24.977 93.368 -0.04387 0.74545 0.866 0.62762 9.0000 53.59 0.9338 0.9346 1.708857 
725.0975 24.995 93.344 -0.04358 0.74577 0.872 0.62706 9.0000 54.12 0.9340 0.9348 1.709897 
724.6561 25.009 93.338 -0.04350 0.74597 0.865 0.62660 9.0000 53.26 0.9341 0.9349 1.710938 
724.2147 25.015 93.340 -0.04353 0.74574 0.868 0.62616 9.0000 53.93 0.9341 0.9348 1.711981 
723.7732 25.022 93.344 -0.04357 0.74562 0.869 0.62573 9.0000 53.86 0.9339 0.9347 1.713025 
723.3315 25.033 93.350 -0.04364 0.74550 0.865 0.62514 9.0000 53.19 0.9339 0.9347 1.714072 
722.8898 25.048 93.331 -0.04340 0.74572 0.872 0.62466 9.0000 54.46 0.9340 0.9348 1.715119 
722.4479 25.061 93.325 -0.04333 0.74584 0.869 0.62417 9.0000 54.31 0.9339 0.9346 1.716168 
722.0060 25.071 93.317 -0.04323 0.74578 0.876 0.62369 9.0000 54.43 0.9338 0.9345 1.717218 
721.5640 25.093 93.293 -0.04294 0.74622 0.870 0.62306 9.0000 53.93 0.9340 0.9348 1.718270 
721.1218 25.106 93.291 -0.04293 0.74648 0.876 0.62270 9.0000 54.37 0.9341 0.9349 1.719324 
720.6796 25.119 93.291 -0.04294 0.74674 0.875 0.62235 9.0000 54.80 0.9342 0.9349 1.720379 
720.2373 25.130 93.286 -0.04287 0.74668 0.876 0.62182 9.0000 54.92 0.9342 0.9349 1.721435 
719.7949 25.134 93.300 -0.04305 0.74662 0.873 0.62159 9.0000 54.81 0.9341 0.9349 1.722493 
719.3524 25.150 93.290 -0.04293 0.74692 0.877 0.62115 9.0000 54.65 0.9344 0.9351 1.723553 
718.9097 25.160 93.284 -0.04286 0.74700 0.881 0.62074 9.0000 54.79 0.9344 0.9351 1.724614 
718.4670 25.170 93.276 -0.04276 0.74704 0.881 0.62032 9.0000 55.18 0.9345 0.9352 1.725677 
718.0242 25.195 93.253 -0.04250 0.74770 0.886 0.61978 9.0000 55.66 0.9347 0.9355 1.726741 
717.5813 25.210 93.240 -0.04233 0.74780 0.885 0.61918 9.0000 55.65 0.9348 0.9355 1.727807 
717.1383 25.227 93.227 -0.04218 0.74808 0.882 0.61865 9.0000 54.62 0.9349 0.9356 1.728874 
716.6952 25.240 93.216 -0.04205 0.74830 0.886 0.61825 9.0000 55.23 0.9350 0.9357 1.729943 
716.2520 25.257 93.199 -0.04184 0.74858 0.890 0.61772 9.0000 55.76 0.9350 0.9358 1.731013 
715.8087 25.275 93.167 -0.04145 0.74894 0.889 0.61722 9.0000 55.80 0.9350 0.9357 1.732086 
715.3653 25.292 93.151 -0.04124 0.74925 0.891 0.61674 9.0000 56.01 0.9352 0.9359 1.733159 
714.9218 25.302 93.154 -0.04130 0.74931 0.889 0.61633 9.0000 55.62 0.9352 0.9360 1.734234 
714.4782 25.319 93.137 -0.04109 0.74966 0.891 0.61587 9.0000 55.90 0.9353 0.9360 1.735311 
714.0345 25.339 93.105 -0.04069 0.75003 0.895 0.61526 9.0000 56.06 0.9352 0.9359 1.736389 
713.5907 25.355 93.093 -0.04055 0.75047 0.896 0.61493 9.0000 56.21 0.9355 0.9362 1.737469 
713.1469 25.371 93.070 -0.04026 0.75064 0.892 0.61437 9.0000 55.33 0.9354 0.9361 1.738550 
712.7028 25.385 93.052 -0.04003 0.75083 0.898 0.61388 9.0000 55.95 0.9355 0.9362 1.739634 
712.2588 25.406 93.031 -0.03979 0.75139 0.898 0.61342 9.0000 56.67 0.9359 0.9366 1.740718 
711.8146 25.424 93.015 -0.03960 0.75184 0.898 0.61298 9.0000 56.16 0.9361 0.9368 1.741805 
711.3703 25.443 92.992 -0.03931 0.75229 0.905 0.61249 9.0000 56.54 0.9363 0.9370 1.742892 
710.9259 25.465 92.958 -0.03889 0.75275 0.903 0.61189 9.0000 56.16 0.9363 0.9370 1.743982 
710.4814 25.481 92.943 -0.03871 0.75304 0.903 0.61145 9.0000 56.43 0.9364 0.9371 1.745073 
710.0369 25.500 92.933 -0.03861 0.75355 0.903 0.61103 9.0000 56.46 0.9366 0.9373 1.746165 
709.5922 25.518 92.918 -0.03843 0.75393 0.907 0.61050 9.0000 56.21 0.9367 0.9374 1.747260 
709.1474 25.541 92.905 -0.03828 0.75435 0.907 0.60986 9.0000 56.78 0.9371 0.9377 1.748356 
708.7026 25.558 92.891 -0.03811 0.75469 0.911 0.60939 9.0000 57.20 0.9371 0.9378 1.749453 
708.2576 25.577 92.881 -0.03801 0.75516 0.910 0.60894 9.0000 57.01 0.9373 0.9380 1.750552 
707.8125 25.593 92.874 -0.03792 0.75556 0.911 0.60855 9.0000 56.31 0.9374 0.9381 1.751653 
707.3674 25.616 92.849 -0.03761 0.75590 0.912 0.60779 9.0000 56.65 0.9375 0.9382 1.752755 
706.9221 25.637 92.832 -0.03742 0.75631 0.916 0.60720 9.0000 57.33 0.9377 0.9384 1.753859 
706.4767 25.660 92.808 -0.03712 0.75673 0.918 0.60656 9.0000 57.42 0.9379 0.9386 1.754965 
706.0313 25.681 92.780 -0.03677 0.75717 0.921 0.60597 9.0000 57.57 0.9379 0.9386 1.756072 
705.5857 25.703 92.766 -0.03660 0.75762 0.918 0.60537 9.0000 57.74 0.9382 0.9389 1.757181 
705.1401 25.725 92.754 -0.03647 0.75817 0.916 0.60487 9.0000 57.20 0.9384 0.9391 1.758292 
704.6943 25.745 92.745 -0.03637 0.75872 0.921 0.60440 9.0000 57.11 0.9387 0.9394 1.759404 
704.2484 25.762 92.726 -0.03615 0.75915 0.925 0.60401 9.0000 56.78 0.9386 0.9393 1.760518 
703.8025 25.780 92.714 -0.03601 0.75955 0.931 0.60357 9.0000 57.11 0.9385 0.9392 1.761633 
703.3564 25.802 92.682 -0.03561 0.76016 0.930 0.60308 9.0000 56.94 0.9385 0.9392 1.762751 
702.9103 25.826 92.667 -0.03543 0.76077 0.927 0.60252 9.0000 57.99 0.9387 0.9394 1.763869 
702.4641 25.850 92.640 -0.03511 0.76137 0.932 0.60191 9.0000 58.38 0.9390 0.9397 1.764990 
702.0177 25.872 92.626 -0.03495 0.76213 0.934 0.60157 9.0000 58.06 0.9392 0.9399 1.766112 
701.5712 25.894 92.608 -0.03474 0.76258 0.932 0.60098 9.0000 58.33 0.9394 0.9401 1.767236 
701.1247 25.917 92.593 -0.03457 0.76317 0.938 0.60042 9.0000 58.29 0.9396 0.9403 1.768361 
700.6780 25.939 92.580 -0.03442 0.76366 0.937 0.59986 9.0000 57.63 0.9397 0.9404 1.769489 
700.2313 25.961 92.565 -0.03423 0.76427 0.943 0.59940 9.0000 58.29 0.9399 0.9406 1.770618 
699.7844 25.981 92.549 -0.03405 0.76497 0.947 0.59906 9.0000 57.41 0.9402 0.9409 1.771748 
699.3375 26.002 92.536 -0.03390 0.76547 0.942 0.59854 9.0000 57.60 0.9403 0.9410 1.772881 
698.8904 26.024 92.512 -0.03361 0.76603 0.944 0.59804 9.0000 58.28 0.9405 0.9412 1.774015 
698.4433 26.046 92.498 -0.03344 0.76656 0.945 0.59748 9.0000 58.08 0.9407 0.9414 1.775150 
697.9961 26.073 92.468 -0.03308 0.76741 0.949 0.59699 9.0000 57.93 0.9411 0.9418 1.776288 
697.5488 26.097 92.447 -0.03281 0.76781 0.952 0.59626 9.0000 58.21 0.9413 0.9420 1.777427 
697.1013 26.115 92.432 -0.03263 0.76828 0.956 0.59583 9.0000 58.25 0.9414 0.9421 1.778568 
696.6537 26.135 92.420 -0.03249 0.76889 0.957 0.59545 9.0000 58.26 0.9415 0.9422 1.779711 
696.2061 26.159 92.399 -0.03224 0.76950 0.960 0.59487 9.0000 57.97 0.9417 0.9424 1.780855 
695.7584 26.181 92.390 -0.03214 0.76999 0.960 0.59430 9.0000 58.17 0.9419 0.9426 1.782001 
695.3105 26.204 92.367 -0.03185 0.77043 0.965 0.59366 9.0000 59.20 0.9419 0.9426 1.783149 
694.8626 26.226 92.351 -0.03165 0.77100 0.964 0.59312 9.0000 58.92 0.9423 0.9430 1.784298 
694.4146 26.248 92.337 -0.03149 0.77141 0.964 0.59251 9.0000 58.95 0.9425 0.9432 1.785449 
693.9664 26.273 92.326 -0.03136 0.77202 0.970 0.59192 9.0000 57.99 0.9427 0.9434 1.786602 
693.5182 26.302 92.306 -0.03113 0.77296 0.970 0.59137 9.0000 58.05 0.9430 0.9437 1.787757 
693.0699 26.327 92.298 -0.03105 0.77361 0.977 0.59079 9.0000 58.10 0.9433 0.9440 1.788913 
692.6215 26.350 92.289 -0.03095 0.77429 0.974 0.59033 9.0000 58.48 0.9435 0.9442 1.790071 
692.1729 26.373 92.274 -0.03076 0.77484 0.979 0.58976 9.0000 58.74 0.9435 0.9442 1.791231 
691.7243 26.396 92.258 -0.03058 0.77532 0.978 0.58913 9.0000 59.04 0.9437 0.9444 1.792393 
691.2756 26.423 92.243 -0.03039 0.77597 0.975 0.58845 9.0000 58.76 0.9440 0.9446 1.793557 
690.8267 26.445 92.227 -0.03019 0.77649 0.984 0.58792 9.0000 58.26 0.9441 0.9448 1.794722 
690.3778 26.470 92.208 -0.02997 0.77719 0.982 0.58739 9.0000 58.10 0.9444 0.9450 1.795889 
689.9288 26.492 92.192 -0.02977 0.77769 0.990 0.58680 9.0000 57.87 0.9446 0.9453 1.797058 
689.4797 26.518 92.174 -0.02955 0.77833 0.989 0.58617 9.0000 58.09 0.9449 0.9456 1.798228 
689.0304 26.540 92.160 -0.02937 0.77879 0.988 0.58556 9.0000 57.42 0.9450 0.9457 1.799401 
688.5811 26.563 92.148 -0.02924 0.77936 0.991 0.58501 9.0000 58.89 0.9453 0.9460 1.800575 
688.1317 26.584 92.133 -0.02905 0.77981 0.990 0.58446 9.0000 58.61 0.9455 0.9461 1.801751 
687.6821 26.604 92.125 -0.02896 0.78033 0.996 0.58400 9.0000 59.04 0.9456 0.9463 1.802929 
687.2325 26.628 92.103 -0.02868 0.78097 1.001 0.58343 9.0000 58.90 0.9459 0.9466 1.804108 
686.7828 26.652 92.088 -0.02849 0.78145 1.009 0.58280 9.0000 58.73 0.9459 0.9466 1.805290 
686.3329 26.674 92.077 -0.02836 0.78203 1.006 0.58227 9.0000 58.33 0.9461 0.9468 1.806473 
685.8830 26.696 92.066 -0.02823 0.78253 1.008 0.58170 9.0000 58.22 0.9462 0.9469 1.807658 
685.4330 26.723 92.055 -0.02810 0.78320 1.008 0.58105 9.0000 58.67 0.9465 0.9472 1.808845 
684.9828 26.748 92.040 -0.02792 0.78387 1.011 0.58048 9.0000 58.69 0.9468 0.9475 1.810034 
684.5327 26.767 92.030 -0.02780 0.78423 1.012 0.57992 9.0000 58.88 0.9469 0.9476 1.811224 
684.0823 26.787 92.020 -0.02767 0.78470 1.018 0.57944 9.0000 58.41 0.9469 0.9476 1.812416 
683.6319 26.810 92.009 -0.02754 0.78506 1.024 0.57875 9.0000 58.44 0.9470 0.9477 1.813610 
683.1813 26.831 91.996 -0.02738 0.78551 1.030 0.57817 9.0000 58.07 0.9470 0.9477 1.814807 
682.7307 26.857 91.972 -0.02707 0.78618 1.030 0.57753 9.0000 58.35 0.9473 0.9480 1.816004 
682.2800 26.879 91.962 -0.02695 0.78656 1.029 0.57689 9.0000 58.65 0.9473 0.9480 1.817204 
681.8292 26.904 91.946 -0.02674 0.78702 1.025 0.57618 9.0000 58.03 0.9476 0.9482 1.818405 
681.3782 26.928 91.932 -0.02656 0.78748 1.027 0.57548 9.0000 58.36 0.9477 0.9484 1.819609 
680.9272 26.946 91.918 -0.02638 0.78779 1.040 0.57495 9.0000 58.09 0.9478 0.9484 1.820814 
680.4761 26.968 91.901 -0.02616 0.78822 1.037 0.57432 9.0000 58.29 0.9478 0.9485 1.822021 
680.0248 26.988 91.889 -0.02600 0.78850 1.045 0.57371 9.0000 58.02 0.9478 0.9485 1.823230 
679.5735 27.010 91.876 -0.02584 0.78896 1.046 0.57310 9.0000 58.26 0.9480 0.9487 1.824441 
679.1221 27.030 91.866 -0.02572 0.78921 1.047 0.57243 9.0000 58.19 0.9481 0.9488 1.825654 
678.6705 27.051 91.853 -0.02554 0.78958 1.057 0.57180 9.0000 58.89 0.9482 0.9489 1.826869 
678.2189 27.072 91.841 -0.02539 0.79003 1.058 0.57125 9.0000 59.01 0.9483 0.9490 1.828085 
677.7672 27.094 91.821 -0.02513 0.79053 1.060 0.57067 9.0000 58.10 0.9485 0.9491 1.829303 
677.3154 27.114 91.812 -0.02501 0.79082 1.063 0.57004 9.0000 57.83 0.9485 0.9492 1.830524 
676.8634 27.136 91.800 -0.02487 0.79138 1.069 0.56955 9.0000 58.41 0.9488 0.9494 1.831746 
676.4114 27.154 91.790 -0.02474 0.79164 1.071 0.56896 9.0000 58.32 0.9488 0.9495 1.832970 
675.9592 27.172 91.776 -0.02456 0.79193 1.076 0.56843 9.0000 58.41 0.9489 0.9496 1.834196 
675.5070 27.192 91.761 -0.02436 0.79230 1.076 0.56782 9.0000 58.40 0.9491 0.9497 1.835424 
675.0547 27.211 91.754 -0.02427 0.79252 1.078 0.56718 9.0000 58.12 0.9492 0.9498 1.836654 
674.6022 27.231 91.741 -0.02409 0.79266 1.081 0.56647 9.0000 58.08 0.9491 0.9497 1.837886 
674.1497 27.251 91.731 -0.02396 0.79298 1.087 0.56586 9.0000 58.25 0.9492 0.9498 1.839120 
673.6971 27.267 91.722 -0.02385 0.79323 1.085 0.56535 9.0000 57.52 0.9493 0.9499 1.840355 
673.2443 27.288 91.713 -0.02373 0.79364 1.092 0.56476 9.0000 58.19 0.9494 0.9501 1.841593 
672.7915 27.307 91.700 -0.02357 0.79398 1.098 0.56421 9.0000 58.61 0.9496 0.9502 1.842832 
672.3386 27.325 91.689 -0.02342 0.79424 1.104 0.56363 9.0000 58.25 0.9498 0.9505 1.844074 
671.8855 27.342 91.676 -0.02324 0.79452 1.101 0.56311 9.0000 57.73 0.9499 0.9505 1.845317 
671.4324 27.361 91.663 -0.02308 0.79477 1.110 0.56252 9.0000 57.94 0.9501 0.9507 1.846563 
670.9791 27.382 91.650 -0.02290 0.79508 1.108 0.56186 9.0000 58.37 0.9502 0.9508 1.847810 
670.5258 27.402 91.631 -0.02265 0.79530 1.119 0.56116 9.0000 58.02 0.9503 0.9509 1.849059 
670.0723 27.422 91.616 -0.02245 0.79556 1.126 0.56053 9.0000 58.55 0.9505 0.9511 1.850311 
669.6188 27.441 91.606 -0.02231 0.79576 1.125 0.55986 9.0000 57.47 0.9507 0.9513 1.851564 
669.1651 27.459 91.595 -0.02216 0.79595 1.136 0.55926 9.0000 58.53 0.9508 0.9514 1.852819 
668.7114 27.478 91.586 -0.02204 0.79632 1.137 0.55871 9.0000 58.18 0.9509 0.9515 1.854076 
668.2575 27.496 91.579 -0.02196 0.79659 1.137 0.55817 9.0000 58.09 0.9509 0.9515 1.855336 
667.8035 27.515 91.566 -0.02179 0.79699 1.135 0.55765 9.0000 58.02 0.9510 0.9516 1.856597 
667.3495 27.532 91.552 -0.02160 0.79720 1.144 0.55706 9.0000 58.05 0.9510 0.9516 1.857860 
666.8953 27.551 91.543 -0.02149 0.79753 1.155 0.55652 9.0000 58.12 0.9512 0.9518 1.859125 
666.4411 27.570 91.531 -0.02132 0.79782 1.156 0.55595 9.0000 56.86 0.9514 0.9520 1.860392 
665.9868 27.587 91.526 -0.02126 0.79811 1.156 0.55543 9.0000 57.46 0.9517 0.9523 1.861661 
665.5323 27.605 91.512 -0.02107 0.79846 1.165 0.55492 9.0000 57.97 0.9519 0.9524 1.862933 
665.0777 27.624 91.499 -0.02090 0.79876 1.167 0.55435 9.0000 57.13 0.9520 0.9526 1.864206 
664.6230 27.643 91.480 -0.02065 0.79891 1.167 0.55368 9.0000 57.72 0.9521 0.9527 1.865482 
664.1683 27.663 91.467 -0.02047 0.79925 1.172 0.55308 9.0000 57.60 0.9523 0.9529 1.866759 
663.7134 27.681 91.458 -0.02034 0.79958 1.179 0.55254 9.0000 57.55 0.9525 0.9530 1.868038 
663.2584 27.697 91.446 -0.02019 0.79980 1.180 0.55205 9.0000 57.74 0.9526 0.9531 1.869319 
662.8034 27.712 91.437 -0.02007 0.80001 1.185 0.55155 9.0000 56.39 0.9527 0.9533 1.870603 
662.3482 27.730 91.427 -0.01993 0.80028 1.194 0.55103 9.0000 57.77 0.9529 0.9534 1.871888 
661.8929 27.748 91.413 -0.01974 0.80054 1.200 0.55046 9.0000 57.92 0.9530 0.9536 1.873176 
661.4376 27.766 91.399 -0.01955 0.80074 1.203 0.54985 9.0000 57.45 0.9532 0.9538 1.874465 
660.9821 27.781 91.390 -0.01944 0.80095 1.205 0.54936 9.0000 57.69 0.9533 0.9539 1.875757 
660.5265 27.797 91.379 -0.01929 0.80117 1.211 0.54886 9.0000 56.65 0.9534 0.9539 1.877051 
660.0708 27.812 91.370 -0.01916 0.80137 1.223 0.54838 9.0000 58.08 0.9534 0.9539 1.878347 
659.6151 27.832 91.359 -0.01902 0.80179 1.224 0.54785 9.0000 57.80 0.9536 0.9541 1.879644 
659.1592 27.852 91.350 -0.01890 0.80207 1.228 0.54722 9.0000 57.66 0.9538 0.9543 1.880945 
658.7032 27.868 91.337 -0.01873 0.80232 1.227 0.54670 9.0000 57.23 0.9540 0.9545 1.882247 
658.2471 27.883 91.322 -0.01853 0.80265 1.238 0.54632 9.0000 57.86 0.9542 0.9547 1.883551 
657.7909 27.898 91.314 -0.01842 0.80288 1.242 0.54588 9.0000 57.84 0.9545 0.9550 1.884857 
657.3346 27.915 91.307 -0.01833 0.80317 1.257 0.54538 9.0000 57.57 0.9545 0.9550 1.886166 
656.8782 27.932 91.303 -0.01827 0.80354 1.257 0.54493 9.0000 57.51 0.9546 0.9551 1.887476 
656.4218 27.947 91.294 -0.01815 0.80379 1.266 0.54447 9.0000 57.62 0.9547 0.9552 1.888788 
655.9651 27.961 91.287 -0.01807 0.80403 1.273 0.54405 9.0000 57.45 0.9548 0.9553 1.890103 
655.5084 27.977 91.271 -0.01784 0.80426 1.273 0.54356 9.0000 56.80 0.9550 0.9555 1.891420 
655.0516 27.991 91.260 -0.01770 0.80443 1.286 0.54309 9.0000 57.14 0.9551 0.9556 1.892739 
654.5947 28.003 91.252 -0.01759 0.80465 1.293 0.54274 9.0000 57.69 0.9553 0.9559 1.894060 
654.1377 28.018 91.243 -0.01746 0.80496 1.293 0.54235 9.0000 57.31 0.9555 0.9560 1.895384 
653.6806 28.029 91.231 -0.01729 0.80501 1.307 0.54192 9.0000 57.62 0.9556 0.9561 1.896709 
653.2234 28.045 91.221 -0.01716 0.80526 1.312 0.54144 9.0000 58.23 0.9557 0.9562 1.898037 
652.7661 28.060 91.214 -0.01707 0.80550 1.312 0.54100 9.0000 57.30 0.9560 0.9565 1.899366 
652.3087 28.075 91.206 -0.01696 0.80572 1.320 0.54054 9.0000 57.35 0.9561 0.9566 1.900698 
651.8511 28.088 91.197 -0.01683 0.80588 1.326 0.54012 9.0000 57.03 0.9563 0.9568 1.902032 
651.3936 28.102 91.189 -0.01673 0.80626 1.341 0.53977 9.0000 57.04 0.9566 0.9571 1.903368 
650.9358 28.118 91.183 -0.01665 0.80654 1.349 0.53931 9.0000 58.01 0.9568 0.9573 1.904707 
650.4780 28.134 91.177 -0.01657 0.80685 1.352 0.53886 9.0000 57.40 0.9571 0.9576 1.906047 
650.0201 28.153 91.169 -0.01647 0.80714 1.359 0.53829 9.0000 57.04 0.9574 0.9579 1.907390 
649.5620 28.169 91.163 -0.01639 0.80747 1.356 0.53785 9.0000 57.58 0.9577 0.9581 1.908735 
649.1039 28.185 91.154 -0.01627 0.80767 1.365 0.53733 9.0000 56.76 0.9580 0.9585 1.910082 
648.6457 28.199 91.137 -0.01604 0.80786 1.378 0.53690 9.0000 56.69 0.9583 0.9588 1.911432 
648.1873 28.217 91.128 -0.01591 0.80821 1.390 0.53639 9.0000 57.10 0.9586 0.9591 1.912783 
647.7289 28.232 91.109 -0.01565 0.80846 1.404 0.53595 9.0000 57.75 0.9589 0.9594 1.914137 
647.2703 28.247 91.100 -0.01553 0.80877 1.402 0.53552 9.0000 57.29 0.9591 0.9596 1.915493 
646.8117 28.261 91.084 -0.01531 0.80910 1.410 0.53518 9.0000 56.79 0.9593 0.9598 1.916851 
646.3530 28.278 91.076 -0.01520 0.80928 1.409 0.53461 9.0000 55.89 0.9596 0.9600 1.918212 
645.8941 28.292 91.066 -0.01507 0.80952 1.428 0.53420 9.0000 57.39 0.9598 0.9603 1.919575 
645.4351 28.307 91.053 -0.01488 0.80977 1.434 0.53374 9.0000 56.68 0.9601 0.9605 1.920940 
644.9761 28.325 91.044 -0.01476 0.81009 1.447 0.53322 9.0000 56.71 0.9602 0.9607 1.922307 
644.5169 28.340 91.025 -0.01450 0.81037 1.445 0.53281 9.0000 56.91 0.9607 0.9612 1.923676 
644.0577 28.355 91.005 -0.01422 0.81072 1.453 0.53242 9.0000 56.82 0.9609 0.9613 1.925048 
643.5983 28.368 90.989 -0.01400 0.81105 1.465 0.53209 9.0000 56.36 0.9612 0.9617 1.926422 
643.1389 28.385 90.978 -0.01385 0.81142 1.475 0.53165 9.0000 57.02 0.9614 0.9619 1.927798 
642.6793 28.398 90.966 -0.01369 0.81168 1.484 0.53128 9.0000 57.35 0.9617 0.9621 1.929177 
642.2196 28.413 90.948 -0.01343 0.81187 1.484 0.53083 9.0000 56.24 0.9620 0.9625 1.930558 
641.7598 28.431 90.935 -0.01325 0.81220 1.501 0.53029 9.0000 56.18 0.9622 0.9627 1.931941 
641.2999 28.451 90.914 -0.01297 0.81264 1.507 0.52980 9.0000 56.15 0.9626 0.9631 1.933326 
640.8400 28.472 90.901 -0.01279 0.81308 1.512 0.52922 9.0000 56.44 0.9629 0.9634 1.934714 
640.3799 28.486 90.887 -0.01260 0.81345 1.529 0.52889 9.0000 56.58 0.9631 0.9635 1.936104 
639.9197 28.504 90.867 -0.01232 0.81399 1.549 0.52852 9.0000 57.27 0.9635 0.9639 1.937496 
639.4594 28.519 90.853 -0.01213 0.81437 1.549 0.52814 9.0000 57.27 0.9637 0.9642 1.938891 
638.9990 28.534 90.835 -0.01187 0.81449 1.554 0.52760 9.0000 57.82 0.9641 0.9645 1.940288 
638.5385 28.551 90.819 -0.01164 0.81487 1.574 0.52719 9.0000 57.89 0.9643 0.9648 1.941687 
638.0779 28.565 90.804 -0.01144 0.81503 1.572 0.52672 9.0000 58.17 0.9647 0.9651 1.943089 
637.6172 28.578 90.788 -0.01122 0.81531 1.574 0.52635 9.0000 57.60 0.9649 0.9654 1.944493 
637.1564 28.597 90.776 -0.01105 0.81570 1.579 0.52586 9.0000 57.57 0.9655 0.9659 1.945899 
636.6954 28.611 90.764 -0.01088 0.81603 1.596 0.52548 9.0000 58.10 0.9657 0.9662 1.947308 
636.2344 28.630 90.739 -0.01053 0.81646 1.608 0.52501 9.0000 57.79 0.9659 0.9664 1.948719 
635.7733 28.648 90.721 -0.01028 0.81669 1.611 0.52444 9.0000 57.96 0.9661 0.9665 1.950132 
635.3121 28.659 90.706 -0.01006 0.81679 1.622 0.52404 9.0000 57.24 0.9663 0.9668 1.951548 
634.8508 28.676 90.683 -0.00974 0.81712 1.625 0.52358 9.0000 57.58 0.9668 0.9673 1.952966 
634.3893 28.692 90.667 -0.00952 0.81738 1.643 0.52308 9.0000 57.51 0.9668 0.9673 1.954387 
633.9278 28.716 90.649 -0.00927 0.81810 1.654 0.52260 9.0000 58.02 0.9668 0.9673 1.955809 
633.4662 28.743 90.631 -0.00902 0.81887 1.669 0.52199 9.0000 57.65 0.9672 0.9676 1.957235 
633.0044 28.762 90.618 -0.00884 0.81939 1.681 0.52158 9.0000 57.62 0.9674 0.9678 1.958662 
632.5425 28.779 90.608 -0.00870 0.81972 1.684 0.52107 9.0000 57.84 0.9672 0.9677 1.960093 
632.0806 28.795 90.597 -0.00855 0.82005 1.697 0.52064 9.0000 58.02 0.9677 0.9681 1.961525 
631.6186 28.802 90.590 -0.00845 0.81993 1.698 0.52028 9.0000 56.99 0.9674 0.9678 1.962960 
631.1564 28.819 90.587 -0.00840 0.82015 1.724 0.51974 9.0000 57.75 0.9680 0.9684 1.964397 
630.6942 28.831 90.562 -0.00805 0.81996 1.719 0.51916 9.0000 58.04 0.9691 0.9695 1.965837 
630.2318 28.839 90.536 -0.00767 0.82016 1.752 0.51894 9.0000 57.83 0.9702 0.9707 1.967279 
629.7693 28.838 90.519 -0.00743 0.81982 1.758 0.51876 9.0000 57.24 0.9712 0.9716 1.968724 
629.3068 28.856 90.500 -0.00716 0.82046 1.765 0.51847 9.0000 58.02 0.9718 0.9722 1.970171 
628.8441 28.859 90.486 -0.00696 0.82018 1.773 0.51814 9.0000 57.02 0.9720 0.9724 1.971620 
628.3813 28.887 90.472 -0.00676 0.82108 1.773 0.51758 9.0000 57.63 0.9722 0.9726 1.973073 
627.9184 28.910 90.452 -0.00648 0.82173 1.792 0.51710 9.0000 57.17 0.9730 0.9734 1.974527 
627.4554 28.935 90.457 -0.00657 0.82259 1.798 0.51664 9.0000 57.42 0.9726 0.9730 1.975984 
626.9923 28.945 90.440 -0.00632 0.82284 1.823 0.51640 9.0000 57.68 0.9720 0.9725 1.977444 
626.5291 28.952 90.427 -0.00613 0.82244 1.818 0.51585 9.0000 57.54 0.9711 0.9715 1.978905 
626.0658 28.956 90.419 -0.00602 0.82261 1.824 0.51578 9.0000 57.44 0.9724 0.9728 1.980370 
625.6024 28.971 90.410 -0.00589 0.82279 1.846 0.51530 9.0000 57.68 0.9731 0.9735 1.981837 
625.1389 28.989 90.435 -0.00625 0.82297 1.865 0.51472 9.0000 57.61 0.9737 0.9741 1.983306 
624.6753 29.024 90.439 -0.00631 0.82304 1.872 0.51335 9.0000 57.67 0.9724 0.9728 1.984778 
624.2115 29.029 90.450 -0.00646 0.82265 1.883 0.51290 9.0000 56.96 0.9735 0.9739 1.986253 
623.7477 29.038 90.451 -0.00648 0.82253 1.868 0.51248 9.0000 56.86 0.9756 0.9760 1.987730 
623.2838 29.060 90.464 -0.00668 0.82436 1.880 0.51273 9.0000 56.55 0.9772 0.9776 1.989209 
622.8198 29.072 90.448 -0.00646 0.82539 1.908 0.51289 9.0000 57.58 0.9797 0.9801 1.990691 
622.3557 29.058 90.354 -0.00510 0.82635 1.924 0.51403 9.0000 57.35 0.9830 0.9834 1.992176 
621.8914 29.057 90.269 -0.00389 0.82681 1.944 0.51435 9.0000 57.36 0.9855 0.9859 1.993663 
621.4271 29.050 90.174 -0.00252 0.82703 1.948 0.51478 9.0000 57.24 0.9866 0.9871 1.995153 
620.9626 29.045 90.060 -0.00087 0.82661 1.913 0.51472 9.0000 56.90 0.9872 0.9877 1.996645 
620.4980 29.040 89.962 0.00055 0.82533 1.963 0.51413 9.0000 56.94 0.9861 0.9866 1.998140 
620.0334 29.053 89.861 0.00201 0.82497 1.947 0.51337 9.0000 56.95 0.9873 0.9878 1.999637 
619.5687 29.090 89.747 0.00364 0.82486 2.000 0.51183 9.0000 56.73 0.9878 0.9883 2.001137 
619.1038 29.104 89.657 0.00493 0.82411 1.972 0.51080 9.0000 57.00 0.9894 0.9900 2.002640 
618.6388 29.106 89.571 0.00617 0.82318 1.994 0.51017 9.0000 56.84 0.9913 0.9919 2.004145 
618.1737 29.123 89.483 0.00743 0.82278 2.008 0.50926 9.0000 57.33 0.9927 0.9933 2.005653 
617.7086 29.134 89.392 0.00872 0.82154 2.028 0.50807 9.0000 56.63 0.9944 0.9950 2.007163 
617.2433 29.146 89.310 0.00988 0.82052 1.994 0.50694 9.0000 56.50 0.9953 0.9960 2.008676 
616.7779 29.164 89.232 0.01099 0.81996 2.009 0.50592 9.0000 57.63 0.9967 0.9974 2.010192 
616.3124 29.176 89.167 0.01191 0.81903 2.054 0.50485 9.0000 57.26 0.9972 0.9980 2.011710 
615.8468 29.176 89.113 0.01266 0.81784 2.018 0.50413 9.0000 56.70 0.9981 0.9988 2.013231 
615.3810 29.196 89.045 0.01361 0.81715 2.026 0.50295 9.0000 56.61 0.9994 1.0002 2.014755 
614.9153 29.201 88.985 0.01445 0.81572 2.044 0.50187 9.0000 56.87 1.0003 1.0012 2.016281 
614.4493 29.212 88.928 0.01525 0.81458 1.999 0.50077 9.0000 57.06 1.0013 1.0022 2.017810 
613.9833 29.224 88.888 0.01579 0.81351 2.072 0.49963 9.0000 56.35 1.0020 1.0029 2.019341 
613.5172 29.238 88.843 0.01642 0.81270 2.024 0.49860 9.0000 55.63 1.0031 1.0041 2.020875 
613.0510 29.258 88.800 0.01700 0.81199 2.024 0.49738 9.0000 56.88 1.0037 1.0046 2.022412 
612.5847 29.277 88.765 0.01749 0.81114 2.069 0.49612 9.0000 56.74 1.0043 1.0053 2.023952 
612.1182 29.300 88.732 0.01794 0.81047 2.029 0.49483 9.0000 56.29 1.0048 1.0058 2.025494 
611.6517 29.321 88.698 0.01841 0.80972 2.129 0.49356 9.0000 56.38 1.0051 1.0062 2.027039 
611.1850 29.343 88.670 0.01878 0.80906 2.235 0.49232 9.0000 55.52 1.0051 1.0062 2.028587 
610.7183 29.364 88.650 0.01906 0.80836 2.092 0.49111 9.0000 57.05 1.0050 1.0061 2.030137 
610.2514 29.387 88.627 0.01936 0.80775 2.115 0.48983 9.0000 56.30 1.0049 1.0061 2.031690 
609.7844 29.409 88.604 0.01967 0.80701 2.051 0.48854 9.0000 57.03 1.0047 1.0059 2.033246 
609.3173 29.437 88.594 0.01980 0.80656 2.036 0.48721 9.0000 55.85 1.0047 1.0058 2.034805 
608.8502 29.468 88.583 0.01994 0.80631 2.046 0.48583 9.0000 55.53 1.0043 1.0055 2.036366 
608.3829 29.496 88.584 0.01992 0.80575 2.078 0.48445 9.0000 55.82 1.0036 1.0048 2.037930 
607.9155 29.525 88.582 0.01995 0.80553 1.949 0.48320 9.0000 56.77 1.0030 1.0042 2.039497 
607.4480 29.558 88.586 0.01989 0.80541 1.931 0.48187 9.0000 56.20 1.0023 1.0036 2.041067 
606.9804 29.589 88.593 0.01978 0.80535 1.952 0.48063 9.0000 54.93 1.0015 1.0027 2.042639 
606.5127 29.623 88.600 0.01969 0.80545 2.080 0.47941 9.0000 54.30 1.0007 1.0020 2.044214 
606.0449 29.656 88.613 0.01951 0.80544 2.049 0.47816 9.0000 55.16 0.9997 1.0009 2.045792 
605.5770 29.689 88.634 0.01920 0.80544 2.042 0.47690 9.0000 54.72 0.9988 1.0000 2.047373 
605.1089 29.726 88.653 0.01895 0.80562 2.064 0.47559 9.0000 55.63 0.9977 0.9989 2.048957 
604.6408 29.762 88.667 0.01875 0.80582 2.092 0.47434 9.0000 55.92 0.9968 0.9980 2.050543 
604.1726 29.804 88.693 0.01840 0.80634 2.084 0.47306 9.0000 54.62 0.9956 0.9969 2.052132 
603.7042 29.846 88.724 0.01798 0.80695 1.826 0.47182 9.0000 54.87 0.9946 0.9958 2.053724 
603.2358 29.886 88.753 0.01758 0.80753 2.045 0.47064 9.0000 54.80 0.9934 0.9946 2.055319 
602.7673 29.925 88.788 0.01709 0.80804 1.841 0.46945 9.0000 53.82 0.9921 0.9933 2.056916 
602.2986 29.960 88.825 0.01658 0.80849 1.951 0.46839 9.0000 54.97 0.9906 0.9918 2.058517 
601.8298 29.999 88.863 0.01605 0.80899 1.855 0.46719 9.0000 54.46 0.9894 0.9906 2.060121 
601.3610 30.040 88.905 0.01548 0.80953 1.891 0.46596 9.0000 54.26 0.9878 0.9890 2.061726 
600.8920 30.081 88.944 0.01493 0.81012 1.935 0.46477 9.0000 54.17 0.9864 0.9876 2.063336 
600.4229 30.120 88.991 0.01428 0.81086 2.017 0.46371 9.0000 53.89 0.9848 0.9859 2.064948 
599.9537 30.162 89.037 0.01364 0.81160 2.146 0.46255 9.0000 54.70 0.9833 0.9844 2.066563 
599.4844 30.205 89.084 0.01299 0.81254 2.143 0.46145 9.0000 54.22 0.9816 0.9827 2.068181 
599.0150 30.253 89.140 0.01221 0.81361 2.053 0.46028 9.0000 53.08 0.9800 0.9810 2.069801 
598.5455 30.294 89.187 0.01156 0.81451 2.008 0.45921 9.0000 52.91 0.9781 0.9791 2.071425 
598.0759 30.339 89.232 0.01093 0.81552 2.171 0.45808 9.0000 54.18 0.9765 0.9775 2.073051 
597.6062 30.380 89.290 0.01012 0.81633 2.091 0.45701 9.0000 53.62 0.9748 0.9758 2.074680 
597.1364 30.423 89.346 0.00933 0.81755 2.059 0.45607 9.0000 53.13 0.9733 0.9742 2.076313 
596.6664 30.472 89.400 0.00857 0.81894 2.018 0.45503 9.0000 53.38 0.9716 0.9725 2.077948 
596.1964 30.516 89.462 0.00770 0.82010 1.982 0.45399 9.0000 52.65 0.9696 0.9705 2.079586 
595.7263 30.561 89.522 0.00686 0.82152 2.106 0.45313 9.0000 53.21 0.9681 0.9690 2.081227 
595.2560 30.598 89.584 0.00597 0.82258 2.083 0.45230 9.0000 52.46 0.9670 0.9678 2.082872 
594.7857 30.630 89.649 0.00505 0.82350 2.087 0.45159 9.0000 52.88 0.9653 0.9661 2.084519 
594.3152 30.667 89.708 0.00421 0.82452 2.089 0.45078 9.0000 52.46 0.9640 0.9647 2.086169 
593.8447 30.703 89.765 0.00339 0.82574 2.084 0.45010 9.0000 52.62 0.9631 0.9638 2.087822 
593.3740 30.738 89.822 0.00257 0.82697 2.065 0.44945 9.0000 52.44 0.9616 0.9623 2.089478 
592.9032 30.781 89.871 0.00186 0.82882 2.084 0.44884 9.0000 52.89 0.9611 0.9618 2.091137 
592.4323 30.819 89.918 0.00119 0.83049 2.067 0.44834 9.0000 51.71 0.9599 0.9605 2.092799 
591.9613 30.861 89.975 0.00036 0.83256 2.062 0.44788 9.0000 51.55 0.9583 0.9589 2.094464 
591.4902 30.906 90.034 -0.00050 0.83439 2.044 0.44716 9.0000 51.40 0.9565 0.9571 2.096133 
591.0190 30.961 90.087 -0.00128 0.83670 2.020 0.44633 9.0000 51.35 0.9548 0.9554 2.097804 
590.5477 31.000 90.140 -0.00205 0.83812 2.024 0.44565 9.0000 51.17 0.9535 0.9540 2.099478 
590.0763 31.050 90.188 -0.00275 0.84059 2.016 0.44508 9.0000 51.13 0.9526 0.9531 2.101155 
589.6048 31.073 90.235 -0.00345 0.84176 2.024 0.44481 9.0000 50.77 0.9518 0.9523 2.102836 
589.1331 31.105 90.280 -0.00413 0.84330 1.981 0.44443 9.0000 50.99 0.9505 0.9510 2.104519 
588.6614 31.125 90.294 -0.00433 0.84432 1.986 0.44421 9.0000 51.18 0.9506 0.9510 2.106206 
588.1896 31.156 90.324 -0.00478 0.84588 1.985 0.44387 9.0000 51.37 0.9512 0.9516 2.107895 
587.7176 31.191 90.345 -0.00511 0.84820 1.975 0.44377 9.0000 49.42 0.9525 0.9529 2.109588 
587.2455 31.232 90.356 -0.00528 0.85001 1.934 0.44319 9.0000 49.25 0.9521 0.9525 2.111284 
586.7734 31.258 90.355 -0.00528 0.85173 1.943 0.44307 9.0000 50.44 0.9523 0.9526 2.112983 
586.3011 31.279 90.306 -0.00456 0.85329 1.924 0.44310 9.0000 50.76 0.9527 0.9530 2.114685 
585.8287 31.272 90.259 -0.00387 0.85486 1.950 0.44418 9.0000 51.10 0.9554 0.9558 2.116390 
585.3563 31.297 90.189 -0.00283 0.85699 1.906 0.44433 9.0000 50.07 0.9561 0.9564 2.118098 
584.8837 31.321 90.109 -0.00164 0.85900 1.890 0.44446 9.0000 49.33 0.9559 0.9563 2.119809 
584.4109 31.329 90.001 -0.00002 0.85876 1.883 0.44404 9.0000 49.06 0.9563 0.9567 2.121524 
583.9382 31.346 89.896 0.00157 0.85880 1.873 0.44342 9.0000 49.22 0.9557 0.9560 2.123242 
583.4652 31.393 89.856 0.00216 0.85868 1.856 0.44158 9.0000 49.63 0.9540 0.9544 2.124963 
582.9922 31.429 89.808 0.00288 0.85876 1.839 0.44024 9.0000 49.42 0.9527 0.9530 2.126687 
582.5191 31.471 89.768 0.00348 0.85875 1.821 0.43864 9.0000 49.55 0.9526 0.9529 2.128414 
582.0458 31.511 89.744 0.00384 0.85908 1.819 0.43730 9.0000 48.38 0.9532 0.9535 2.130145 
581.5725 31.550 89.714 0.00429 0.86016 1.807 0.43639 9.0000 48.79 0.9557 0.9560 2.131878 
581.0991 31.576 89.690 0.00465 0.86022 1.786 0.43544 9.0000 48.54 0.9562 0.9565 2.133615 
580.6255 31.575 89.686 0.00471 0.86007 1.777 0.43539 9.0000 48.65 0.9574 0.9577 2.135356 
580.1519 31.595 89.665 0.00504 0.86036 1.761 0.43478 9.0000 47.91 0.9577 0.9579 2.137099 
579.6780 31.630 89.640 0.00541 0.86076 1.740 0.43367 9.0000 47.76 0.9576 0.9579 2.138846 
579.2042 31.649 89.621 0.00570 0.86053 1.744 0.43286 9.0000 48.64 0.9579 0.9581 2.140595 
578.7302 31.672 89.606 0.00591 0.86117 1.731 0.43230 9.0000 48.26 0.9578 0.9581 2.142349 
578.2561 31.692 89.599 0.00604 0.86150 1.712 0.43171 9.0000 47.70 0.9583 0.9586 2.144105 
577.7819 31.709 89.586 0.00622 0.86127 1.699 0.43097 9.0000 47.95 0.9584 0.9587 2.145865 
577.3076 31.729 89.569 0.00647 0.86123 1.687 0.43018 9.0000 47.99 0.9592 0.9595 2.147628 
576.8332 31.765 89.545 0.00684 0.86163 1.667 0.42904 9.0000 46.85 0.9598 0.9601 2.149394 
576.3586 31.784 89.538 0.00695 0.86164 1.648 0.42833 9.0000 46.80 0.9599 0.9601 2.151164 
575.8840 31.816 89.527 0.00712 0.86218 1.639 0.42741 9.0000 47.95 0.9602 0.9605 2.152937 
575.4093 31.847 89.519 0.00724 0.86261 1.636 0.42645 9.0000 47.85 0.9604 0.9606 2.154713 
574.9344 31.877 89.499 0.00754 0.86296 1.614 0.42551 9.0000 46.80 0.9607 0.9609 2.156493 
574.4595 31.908 89.489 0.00769 0.86313 1.613 0.42441 9.0000 47.18 0.9604 0.9607 2.158276 
573.9844 31.935 89.476 0.00790 0.86310 1.588 0.42343 9.0000 46.53 0.9605 0.9608 2.160062 
573.5092 31.962 89.460 0.00814 0.86334 1.582 0.42253 9.0000 47.46 0.9605 0.9608 2.161852 
573.0339 31.989 89.448 0.00833 0.86346 1.578 0.42156 9.0000 46.58 0.9605 0.9608 2.163645 
572.5586 32.016 89.436 0.00850 0.86359 1.554 0.42063 9.0000 46.60 0.9604 0.9607 2.165441 
572.0831 32.044 89.425 0.00866 0.86376 1.531 0.41967 9.0000 46.44 0.9605 0.9608 2.167241 
571.6075 32.076 89.407 0.00894 0.86411 1.524 0.41865 9.0000 46.21 0.9607 0.9610 2.169044 
571.1318 32.107 89.401 0.00904 0.86454 1.523 0.41768 9.0000 45.48 0.9609 0.9611 2.170851 
570.6559 32.138 89.395 0.00914 0.86501 1.504 0.41676 9.0000 46.07 0.9609 0.9612 2.172661 
570.1801 32.169 89.388 0.00924 0.86534 1.482 0.41578 9.0000 45.71 0.9608 0.9610 2.174474 
569.7040 32.193 89.385 0.00930 0.86539 1.474 0.41492 9.0000 45.04 0.9608 0.9610 2.176291 
569.2278 32.224 89.378 0.00940 0.86596 1.472 0.41403 9.0000 45.72 0.9611 0.9613 2.178112 
568.7516 32.252 89.371 0.00952 0.86620 1.456 0.41309 9.0000 44.86 0.9611 0.9613 2.179936 
568.2753 32.280 89.363 0.00963 0.86653 1.437 0.41222 9.0000 44.61 0.9612 0.9614 2.181763 
567.7988 32.309 89.350 0.00983 0.86679 1.426 0.41128 9.0000 45.04 0.9614 0.9616 2.183594 
567.3222 32.335 89.341 0.00997 0.86683 1.421 0.41032 9.0000 45.01 0.9616 0.9618 2.185428 
566.8455 32.365 89.333 0.01010 0.86709 1.412 0.40935 9.0000 44.51 0.9616 0.9619 2.187266 
566.3687 32.394 89.322 0.01027 0.86736 1.404 0.40841 9.0000 44.95 0.9617 0.9619 2.189107 
565.8918 32.423 89.317 0.01034 0.86763 1.380 0.40745 9.0000 44.48 0.9618 0.9620 2.190952 
565.4149 32.453 89.314 0.01040 0.86799 1.375 0.40651 9.0000 44.11 0.9618 0.9620 2.192800 
564.9377 32.479 89.306 0.01051 0.86808 1.362 0.40560 9.0000 44.36 0.9618 0.9620 2.194653 
564.4605 32.506 89.299 0.01062 0.86811 1.357 0.40460 9.0000 44.23 0.9617 0.9619 2.196508 
563.9832 32.532 89.291 0.01074 0.86805 1.349 0.40364 9.0000 43.91 0.9617 0.9619 2.198367 
563.5057 32.558 89.281 0.01089 0.86812 1.324 0.40270 9.0000 43.17 0.9616 0.9618 2.200230 
563.0282 32.586 89.272 0.01103 0.86815 1.319 0.40170 9.0000 43.28 0.9616 0.9618 2.202096 
562.5505 32.617 89.262 0.01119 0.86835 1.306 0.40062 9.0000 43.15 0.9616 0.9618 2.203966 
562.0728 32.645 89.254 0.01131 0.86845 1.315 0.39967 9.0000 43.80 0.9616 0.9618 2.205839 
561.5948 32.674 89.247 0.01142 0.86863 1.289 0.39869 9.0000 43.11 0.9615 0.9617 2.207716 
561.1169 32.704 89.235 0.01159 0.86876 1.282 0.39763 9.0000 42.84 0.9613 0.9615 2.209597 
560.6388 32.734 89.223 0.01179 0.86886 1.268 0.39660 9.0000 42.94 0.9612 0.9614 2.211481 
560.1606 32.764 89.213 0.01193 0.86892 1.265 0.39550 9.0000 42.66 0.9612 0.9614 2.213369 
559.6823 32.792 89.199 0.01215 0.86890 1.259 0.39449 9.0000 43.25 0.9612 0.9613 2.215260 
559.2039 32.821 89.190 0.01228 0.86897 1.249 0.39345 9.0000 42.94 0.9609 0.9611 2.217155 
558.7253 32.848 89.183 0.01240 0.86902 1.238 0.39247 9.0000 43.13 0.9608 0.9610 2.219055 
558.2467 32.879 89.179 0.01246 0.86928 1.227 0.39146 9.0000 42.03 0.9608 0.9609 2.220957 
557.7679 32.909 89.169 0.01262 0.86954 1.219 0.39049 9.0000 42.04 0.9607 0.9609 2.222864 
557.2891 32.939 89.159 0.01276 0.86972 1.208 0.38947 9.0000 42.30 0.9606 0.9608 2.224773 
556.8102 32.968 89.152 0.01287 0.86980 1.206 0.38847 9.0000 41.85 0.9605 0.9607 2.226687 
556.3311 32.998 89.144 0.01299 0.86996 1.185 0.38747 9.0000 40.71 0.9605 0.9607 2.228604 
555.8519 33.028 89.142 0.01303 0.87006 1.192 0.38641 9.0000 41.41 0.9605 0.9606 2.230525 
555.3726 33.058 89.132 0.01318 0.87013 1.178 0.38535 9.0000 41.05 0.9604 0.9606 2.232451 
554.8932 33.083 89.122 0.01335 0.87038 1.170 0.38453 9.0000 41.73 0.9604 0.9605 2.234379 
554.4137 33.112 89.108 0.01355 0.87043 1.162 0.38350 9.0000 41.28 0.9603 0.9605 2.236312 
553.9341 33.143 89.098 0.01370 0.87057 1.161 0.38246 9.0000 41.66 0.9603 0.9605 2.238248 
553.4543 33.171 89.092 0.01380 0.87068 1.150 0.38148 9.0000 40.38 0.9602 0.9604 2.240188 
552.9745 33.197 89.081 0.01396 0.87074 1.137 0.38057 9.0000 40.42 0.9602 0.9604 2.242132 
552.4946 33.226 89.077 0.01403 0.87071 1.130 0.37953 9.0000 40.34 0.9602 0.9604 2.244080 
552.0145 33.255 89.074 0.01408 0.87079 1.128 0.37851 9.0000 40.00 0.9603 0.9604 2.246031 
551.5344 33.284 89.067 0.01418 0.87092 1.123 0.37752 9.0000 40.15 0.9603 0.9604 2.247986 
551.0541 33.310 89.063 0.01425 0.87098 1.115 0.37658 9.0000 40.32 0.9602 0.9604 2.249946 
550.5737 33.341 89.056 0.01435 0.87092 1.105 0.37546 9.0000 39.87 0.9603 0.9604 2.251909 
550.0933 33.370 89.047 0.01449 0.87110 1.102 0.37450 9.0000 40.49 0.9604 0.9605 2.253876 
549.6127 33.399 89.039 0.01462 0.87097 1.095 0.37337 9.0000 40.24 0.9605 0.9607 2.255847 
549.1320 33.429 89.031 0.01473 0.87091 1.089 0.37227 9.0000 39.38 0.9606 0.9608 2.257821 
548.6511 33.458 89.021 0.01488 0.87093 1.082 0.37124 9.0000 38.92 0.9608 0.9610 2.259800 
548.1702 33.487 89.011 0.01504 0.87097 1.074 0.37024 9.0000 39.15 0.9609 0.9611 2.261783 
547.6891 33.513 89.001 0.01519 0.87103 1.062 0.36934 9.0000 38.70 0.9610 0.9612 2.263770 
547.2080 33.541 88.994 0.01530 0.87102 1.064 0.36830 9.0000 38.57 0.9611 0.9613 2.265760 
546.7267 33.571 88.987 0.01540 0.87111 1.057 0.36726 9.0000 39.29 0.9613 0.9614 2.267755 
546.2454 33.601 88.981 0.01549 0.87115 1.051 0.36622 9.0000 38.38 0.9613 0.9615 2.269752 
545.7639 33.629 88.976 0.01558 0.87118 1.041 0.36522 9.0000 37.82 0.9614 0.9616 2.271755 
545.2823 33.657 88.969 0.01568 0.87124 1.039 0.36426 9.0000 38.37 0.9615 0.9616 2.273762 
544.8007 33.686 88.958 0.01584 0.87114 1.038 0.36318 9.0000 37.60 0.9616 0.9617 2.275771 
544.3188 33.714 88.946 0.01603 0.87130 1.033 0.36225 9.0000 37.51 0.9618 0.9620 2.277786 
543.8369 33.743 88.940 0.01612 0.87129 1.026 0.36121 9.0000 37.33 0.9620 0.9622 2.279805 
543.3549 33.772 88.931 0.01626 0.87137 1.008 0.36022 9.0000 36.74 0.9622 0.9624 2.281827 
542.8728 33.798 88.927 0.01632 0.87115 1.011 0.35919 9.0000 36.94 0.9624 0.9625 2.283853 
542.3905 33.824 88.923 0.01638 0.87119 1.004 0.35827 9.0000 36.86 0.9625 0.9626 2.285884 
541.9082 33.853 88.913 0.01653 0.87119 1.000 0.35728 9.0000 36.50 0.9625 0.9626 2.287919 
541.4257 33.882 88.906 0.01665 0.87138 0.997 0.35632 9.0000 36.27 0.9626 0.9627 2.289958 
540.9431 33.911 88.897 0.01677 0.87129 0.989 0.35523 9.0000 35.65 0.9628 0.9630 2.292001 
540.4604 33.940 88.893 0.01683 0.87128 0.983 0.35422 9.0000 35.87 0.9630 0.9631 2.294048 
539.9777 33.968 88.886 0.01695 0.87141 0.995 0.35327 9.0000 36.48 0.9631 0.9633 2.296098 
539.4948 33.995 88.878 0.01706 0.87146 0.981 0.35234 9.0000 35.65 0.9634 0.9635 2.298154 
539.0118 34.026 88.872 0.01717 0.87161 0.975 0.35131 9.0000 35.34 0.9637 0.9638 2.300213 
538.5286 34.054 88.867 0.01724 0.87156 0.969 0.35029 9.0000 34.72 0.9639 0.9640 2.302277 
538.0454 34.084 88.865 0.01726 0.87154 0.967 0.34924 9.0000 34.54 0.9640 0.9642 2.304344 
537.5621 34.111 88.861 0.01734 0.87168 0.956 0.34832 9.0000 34.27 0.9643 0.9644 2.306416 
537.0786 34.139 88.852 0.01747 0.87174 0.952 0.34735 9.0000 34.00 0.9644 0.9645 2.308492 
536.5950 34.169 88.848 0.01753 0.87171 0.947 0.34630 9.0000 33.46 0.9646 0.9648 2.310573 
536.1114 34.196 88.845 0.01758 0.87191 0.956 0.34544 9.0000 34.22 0.9648 0.9649 2.312657 
535.6276 34.223 88.846 0.01757 0.87211 0.944 0.34457 9.0000 32.88 0.9649 0.9650 2.314746 
535.1437 34.251 88.840 0.01766 0.87223 0.940 0.34362 9.0000 33.11 0.9651 0.9653 2.316839 
534.6597 34.280 88.838 0.01769 0.87234 0.938 0.34264 9.0000 33.09 0.9652 0.9653 2.318936 
534.1756 34.309 88.834 0.01776 0.87266 0.930 0.34176 9.0000 32.14 0.9653 0.9655 2.321038 
533.6913 34.336 88.828 0.01786 0.87279 0.924 0.34085 9.0000 31.57 0.9655 0.9656 2.323144 
533.2070 34.368 88.824 0.01792 0.87307 0.925 0.33982 9.0000 31.57 0.9657 0.9658 2.325254 
532.7226 34.402 88.823 0.01794 0.87334 0.926 0.33873 9.0000 31.35 0.9659 0.9660 2.327369 
532.2380 34.434 88.815 0.01806 0.87358 0.917 0.33771 9.0000 30.95 0.9660 0.9661 2.329488 
531.7534 34.466 88.816 0.01806 0.87385 0.912 0.33671 9.0000 30.94 0.9663 0.9664 2.331611 
531.2686 34.499 88.819 0.01803 0.87408 0.913 0.33563 9.0000 30.91 0.9664 0.9666 2.333738 
530.7837 34.534 88.817 0.01806 0.87451 0.914 0.33457 9.0000 30.22 0.9668 0.9669 2.335870 
530.2987 34.568 88.816 0.01808 0.87480 0.907 0.33348 9.0000 29.53 0.9669 0.9671 2.338007 
529.8136 34.599 88.813 0.01814 0.87525 0.908 0.33258 9.0000 29.86 0.9672 0.9674 2.340147 
529.3284 34.632 88.811 0.01818 0.87555 0.896 0.33155 9.0000 29.16 0.9673 0.9674 2.342292 
528.8430 34.665 88.806 0.01825 0.87575 0.902 0.33045 9.0000 29.35 0.9674 0.9675 2.344442 
528.3576 34.704 88.803 0.01831 0.87630 0.903 0.32931 9.0000 29.22 0.9676 0.9678 2.346596 
527.8720 34.738 88.799 0.01838 0.87669 0.894 0.32827 9.0000 28.54 0.9677 0.9679 2.348755 
527.3864 34.772 88.797 0.01842 0.87708 0.893 0.32724 9.0000 28.21 0.9677 0.9678 2.350917 
526.9006 34.809 88.795 0.01846 0.87761 0.886 0.32614 9.0000 27.76 0.9678 0.9680 2.353085 
526.4147 34.846 88.797 0.01844 0.87818 0.882 0.32504 9.0000 27.11 0.9679 0.9681 2.355257 
525.9287 34.886 88.795 0.01849 0.87851 0.879 0.32378 9.0000 27.00 0.9681 0.9683 2.357433 
525.4426 34.925 88.796 0.01847 0.87892 0.886 0.32259 9.0000 27.27 0.9682 0.9684 2.359614 
524.9564 34.964 88.794 0.01851 0.87914 0.876 0.32129 9.0000 26.47 0.9682 0.9684 2.361800 
524.4700 35.007 88.793 0.01853 0.87947 0.877 0.31994 9.0000 25.97 0.9681 0.9683 2.363990 
523.9836 35.048 88.790 0.01858 0.87999 0.871 0.31871 9.0000 25.48 0.9682 0.9684 2.366185 
523.4971 35.088 88.789 0.01862 0.88075 0.867 0.31756 9.0000 25.40 0.9685 0.9687 2.368384 
523.0104 35.128 88.787 0.01867 0.88140 0.866 0.31642 9.0000 24.88 0.9685 0.9687 2.370588 
522.5236 35.170 88.791 0.01862 0.88193 0.862 0.31517 9.0000 24.26 0.9685 0.9687 2.372796 
522.0367 35.216 88.791 0.01862 0.88243 0.863 0.31372 9.0000 24.17 0.9685 0.9687 2.375009 
521.5497 35.260 88.790 0.01864 0.88283 0.851 0.31234 9.0000 23.89 0.9687 0.9689 2.377227 
521.0626 35.301 88.797 0.01855 0.88316 0.850 0.31103 9.0000 23.51 0.9687 0.9690 2.379449 
520.5754 35.346 88.799 0.01852 0.88369 0.853 0.30968 9.0000 23.66 0.9687 0.9689 2.381676 
520.0881 35.390 88.800 0.01852 0.88430 0.854 0.30838 9.0000 23.41 0.9689 0.9691 2.383908 
519.6006 35.435 88.803 0.01848 0.88495 0.843 0.30704 9.0000 22.95 0.9691 0.9693 2.386144 
519.1131 35.476 88.805 0.01848 0.88556 0.845 0.30582 9.0000 22.91 0.9692 0.9695 2.388385 
518.6254 35.520 88.811 0.01839 0.88634 0.843 0.30456 9.0000 22.18 0.9694 0.9696 2.390631 
518.1377 35.561 88.812 0.01840 0.88683 0.844 0.30331 9.0000 22.16 0.9691 0.9694 2.392881 
517.6498 35.607 88.812 0.01840 0.88734 0.833 0.30191 9.0000 21.40 0.9691 0.9694 2.395137 
517.1618 35.645 88.818 0.01832 0.88770 0.832 0.30070 9.0000 21.17 0.9690 0.9692 2.397397 
516.6737 35.686 88.826 0.01821 0.88854 0.826 0.29959 9.0000 20.82 0.9692 0.9694 2.399661 
516.1855 35.729 88.826 0.01822 0.88924 0.831 0.29833 9.0000 20.49 0.9692 0.9694 2.401931 
515.6971 35.773 88.827 0.01822 0.88994 0.827 0.29705 9.0000 20.42 0.9692 0.9695 2.404206 
515.2087 35.813 88.827 0.01823 0.89049 0.820 0.29583 9.0000 20.35 0.9693 0.9695 2.406485 
514.7202 35.860 88.834 0.01814 0.89101 0.812 0.29439 9.0000 19.98 0.9694 0.9697 2.408769 
514.2314 35.899 88.840 0.01806 0.89173 0.807 0.29327 9.0000 19.62 0.9696 0.9699 2.411058 
513.7427 35.941 88.845 0.01798 0.89215 0.812 0.29196 9.0000 19.56 0.9697 0.9700 2.413352 
513.2538 35.988 88.849 0.01795 0.89292 0.807 0.29059 9.0000 19.05 0.9699 0.9703 2.415651 
512.7648 36.032 88.851 0.01791 0.89331 0.803 0.28920 9.0000 18.82 0.9698 0.9701 2.417955 
512.2757 36.074 88.855 0.01786 0.89365 0.799 0.28786 9.0000 18.70 0.9696 0.9700 2.420263 
511.7864 36.123 88.854 0.01788 0.89418 0.794 0.28636 9.0000 18.47 0.9698 0.9701 2.422577 
511.2971 36.170 88.855 0.01789 0.89460 0.793 0.28488 9.0000 18.39 0.9698 0.9701 2.424895 
510.8076 36.216 88.856 0.01787 0.89494 0.780 0.28339 9.0000 17.93 0.9698 0.9702 2.427219 
510.3181 36.256 88.856 0.01788 0.89557 0.791 0.28224 9.0000 17.53 0.9698 0.9702 2.429547 
509.8284 36.289 88.857 0.01788 0.89582 0.788 0.28118 9.0000 17.18 0.9692 0.9696 2.431881 
509.3386 36.324 88.862 0.01781 0.89614 0.777 0.28006 9.0000 17.14 0.9689 0.9692 2.434219 
508.8488 36.368 88.863 0.01779 0.89659 0.766 0.27869 9.0000 16.68 0.9687 0.9691 2.436563 
508.3587 36.414 88.864 0.01779 0.89702 0.766 0.27725 9.0000 16.83 0.9686 0.9690 2.438912 
507.8686 36.456 88.868 0.01774 0.89733 0.775 0.27591 9.0000 16.68 0.9683 0.9687 2.441265 
507.3784 36.500 88.863 0.01781 0.89755 0.775 0.27445 9.0000 16.44 0.9683 0.9687 2.443624 
506.8880 36.539 88.860 0.01787 0.89757 0.762 0.27312 9.0000 15.67 0.9678 0.9682 2.445988 
506.3976 36.581 88.848 0.01805 0.89791 0.760 0.27179 9.0000 15.41 0.9676 0.9680 2.448357 
505.9070 36.619 88.843 0.01814 0.89800 0.749 0.27053 9.0000 15.05 0.9671 0.9674 2.450731 
505.4163 36.664 88.838 0.01823 0.89843 0.750 0.26911 9.0000 14.92 0.9671 0.9675 2.453110 
504.9255 36.705 88.832 0.01833 0.89905 0.739 0.26789 9.0000 14.76 0.9671 0.9674 2.455495 
504.4346 36.746 88.828 0.01840 0.89945 0.740 0.26661 9.0000 14.70 0.9667 0.9671 2.457884 
503.9436 36.785 88.832 0.01834 0.89967 0.732 0.26535 9.0000 14.31 0.9660 0.9663 2.460279 
503.4525 36.819 88.832 0.01835 0.89976 0.723 0.26424 9.0000 14.01 0.9653 0.9656 2.462679 
502.9612 36.855 88.830 0.01838 0.90020 0.717 0.26313 9.0000 13.71 0.9650 0.9653 2.465085 
502.4698 36.890 88.824 0.01849 0.90064 0.712 0.26207 9.0000 13.73 0.9644 0.9648 2.467495 
501.9784 36.930 88.820 0.01856 0.90074 0.707 0.26073 9.0000 13.44 0.9640 0.9644 2.469911 
501.4868 36.969 88.822 0.01853 0.90100 0.700 0.25947 9.0000 13.33 0.9639 0.9643 2.472332 
500.9951 37.005 88.822 0.01852 0.90110 0.687 0.25829 9.0000 12.83 0.9633 0.9637 2.474759 
500.5033 37.040 88.820 0.01856 0.90146 0.662 0.25717 9.0000 11.96 0.9630 0.9634 2.477190 
500.0114 37.076 88.816 0.01864 0.90173 0.659 0.25604 9.0000 12.00 0.9627 0.9630 2.479627 
499.5193 37.113 88.814 0.01868 0.90219 0.664 0.25491 9.0000 12.11 0.9623 0.9627 2.482070 
499.0272 37.152 88.818 0.01862 0.90235 0.660 0.25363 9.0000 11.60 0.9616 0.9619 2.484518 
498.5349 37.184 88.819 0.01861 0.90248 0.646 0.25257 9.0000 11.12 0.9611 0.9614 2.486971 
498.0426 37.220 88.816 0.01867 0.90282 0.638 0.25143 9.0000 10.76 0.9607 0.9611 2.489429 
497.5501 37.256 88.812 0.01872 0.90318 0.624 0.25032 9.0000 10.36 0.9599 0.9603 2.491894 
497.0575 37.296 88.809 0.01878 0.90341 0.623 0.24905 9.0000 10.24 0.9595 0.9598 2.494363 
496.5648 37.337 88.808 0.01880 0.90389 0.618 0.24778 9.0000 9.83 0.9596 0.9600 2.496838 
496.0720 37.369 88.806 0.01885 0.90444 0.618 0.24684 9.0000 9.75 0.9590 0.9593 2.499318 
495.5790 37.405 88.804 0.01889 0.90477 0.606 0.24570 9.0000 9.21 0.9586 0.9589 2.501805 
495.0860 37.444 88.793 0.01907 0.90513 0.587 0.24449 9.0000 8.73 0.9583 0.9586 2.504296 
494.5928 37.480 88.784 0.01922 0.90548 0.584 0.24337 9.0000 8.85 0.9571 0.9574 2.506793 
494.0995 37.518 88.783 0.01923 0.90574 0.571 0.24214 9.0000 8.56 0.9567 0.9570 2.509296 
493.6062 37.557 88.775 0.01938 0.90608 0.557 0.24091 9.0000 8.25 0.9561 0.9564 2.511804 
493.1127 37.597 88.776 0.01937 0.90634 0.537 0.23963 9.0000 7.77 0.9554 0.9557 2.514318 
492.6190 37.631 88.772 0.01944 0.90676 0.527 0.23859 9.0000 7.66 0.9547 0.9550 2.516837 
492.1253 37.669 88.765 0.01955 0.90704 0.516 0.23737 9.0000 7.64 0.9543 0.9546 2.519362 
491.6315 37.708 88.763 0.01958 0.90702 0.486 0.23606 9.0000 7.29 0.9539 0.9542 2.521893 
491.1375 37.744 88.760 0.01964 0.90725 0.464 0.23490 9.0000 7.04 0.9533 0.9536 2.524429 
490.6435 37.778 88.751 0.01980 0.90771 0.449 0.23387 9.0000 6.65 0.9529 0.9532 2.526971 
490.1493 37.816 88.751 0.01980 0.90790 0.446 0.23264 9.0000 6.49 0.9524 0.9526 2.529519 
489.6550 37.849 88.750 0.01982 0.90815 0.433 0.23157 9.0000 6.39 0.9517 0.9519 2.532072 
489.1606 37.888 88.752 0.01979 0.90858 0.428 0.23038 9.0000 6.33 0.9512 0.9515 2.534631 
488.6661 37.924 88.752 0.01981 0.90906 0.423 0.22928 9.0000 6.08 0.9508 0.9511 2.537196 
488.1714 37.960 88.750 0.01986 0.90999 0.403 0.22830 9.0000 5.80 0.9508 0.9510 2.539768 
487.6767 37.989 88.742 0.01999 0.91026 0.409 0.22739 9.0000 5.85 0.9499 0.9501 2.542344 
487.1818 38.025 88.740 0.02003 0.91078 0.391 0.22628 9.0000 5.67 0.9494 0.9497 2.544927 
486.6869 38.058 88.740 0.02004 0.91116 0.385 0.22526 9.0000 5.47 0.9490 0.9493 2.547514 
486.1918 38.096 88.742 0.02001 0.91169 0.369 0.22413 9.0000 5.16 0.9484 0.9487 2.550109 
485.6966 38.128 88.740 0.02005 0.91189 0.367 0.22311 9.0000 5.06 0.9476 0.9478 2.552709 
485.2013 38.160 88.738 0.02011 0.91273 0.357 0.22221 9.0000 5.07 0.9473 0.9475 2.555314 
484.7058 38.194 88.736 0.02015 0.91318 0.345 0.22118 9.0000 4.92 0.9466 0.9468 2.557927 
484.2103 38.222 88.734 0.02019 0.91389 0.322 0.22041 9.0000 4.60 0.9462 0.9464 2.560544 
483.7146 38.256 88.732 0.02025 0.91483 0.310 0.21947 9.0000 4.59 0.9460 0.9462 2.563168 
483.2189 38.292 88.731 0.02029 0.91560 0.296 0.21846 9.0000 4.66 0.9456 0.9458 2.565798 
482.7230 38.327 88.732 0.02028 0.91628 0.278 0.21742 9.0000 4.53 0.9451 0.9453 2.568433 
482.2270 38.359 88.738 0.02020 0.91670 0.268 0.21645 9.0000 4.50 0.9443 0.9445 2.571075 
481.7309 38.388 88.729 0.02034 0.91695 0.248 0.21554 9.0000 4.36 0.9436 0.9438 2.573723 
481.2346 38.410 88.729 0.02036 0.91771 0.234 0.21498 9.0000 4.39 0.9428 0.9430 2.576377 
480.7383 38.433 88.732 0.02033 0.91851 0.221 0.21436 9.0000 4.19 0.9422 0.9424 2.579037 
480.2419 38.464 88.734 0.02032 0.91955 0.206 0.21357 9.0000 4.06 0.9419 0.9421 2.581703 
479.7453 38.493 88.736 0.02031 0.92042 0.198 0.21279 9.0000 4.09 0.9420 0.9422 2.584375 
479.2486 38.520 88.748 0.02014 0.92106 0.189 0.21203 9.0000 3.96 0.9415 0.9417 2.587054 
478.7518 38.543 88.751 0.02010 0.92181 0.181 0.21143 9.0000 3.88 0.9405 0.9407 2.589738 
478.2549 38.570 88.754 0.02007 0.92254 0.173 0.21066 9.0000 3.86 0.9394 0.9396 2.592429 
477.7579 38.593 88.757 0.02002 0.92299 0.172 0.20999 9.0000 3.88 0.9386 0.9388 2.595126 
477.2608 38.613 88.760 0.01999 0.92350 0.164 0.20942 9.0000 3.70 0.9378 0.9380 2.597829 
476.7635 38.634 88.773 0.01980 0.92430 0.159 0.20889 9.0000 3.67 0.9372 0.9374 2.600539 
476.2662 38.656 88.772 0.01984 0.92526 0.152 0.20835 9.0000 3.63 0.9365 0.9367 2.603254 
475.7687 38.688 88.778 0.01975 0.92580 0.148 0.20739 9.0000 3.58 0.9357 0.9359 2.605976 
475.2711 38.719 88.787 0.01961 0.92602 0.142 0.20640 9.0000 3.60 0.9349 0.9351 2.608705 
474.7734 38.750 88.786 0.01964 0.92624 0.135 0.20539 9.0000 3.53 0.9345 0.9346 2.611439 
474.2756 38.779 88.794 0.01952 0.92680 0.125 0.20452 9.0000 3.44 0.9340 0.9342 2.614180 
473.7776 38.809 88.794 0.01951 0.92692 0.118 0.20355 9.0000 3.52 0.9332 0.9334 2.616928 
473.2796 38.840 88.803 0.01937 0.92675 0.109 0.20244 9.0000 3.41 0.9323 0.9325 2.619682 
472.7814 38.869 88.803 0.01937 0.92691 0.103 0.20149 9.0000 3.25 0.9316 0.9318 2.622442 
472.2831 38.903 88.811 0.01923 0.92671 0.095 0.20031 9.0000 3.20 0.9308 0.9309 2.625209 
471.7848 38.938 88.827 0.01897 0.92645 0.089 0.19906 9.0000 3.21 0.9304 0.9306 2.627982 
471.2863 38.982 88.831 0.01891 0.92656 0.085 0.19761 9.0000 3.16 0.9303 0.9305 2.630762 
470.7876 39.027 88.844 0.01868 0.92621 0.081 0.19601 9.0000 3.14 0.9299 0.9300 2.633548 
470.2889 39.070 88.860 0.01844 0.92616 0.078 0.19455 9.0000 3.06 0.9295 0.9297 2.636341 
469.7900 39.113 88.872 0.01823 0.92593 0.076 0.19305 9.0000 3.02 0.9289 0.9290 2.639141 
469.2911 39.158 88.890 0.01793 0.92559 0.074 0.19144 9.0000 3.00 0.9285 0.9287 2.641946 
468.7920 39.222 88.903 0.01771 0.92509 0.072 0.18920 9.0000 2.93 0.9287 0.9289 2.644759 
468.2928 39.277 88.915 0.01751 0.92479 0.071 0.18727 9.0000 2.91 0.9284 0.9285 2.647578 
467.7935 39.328 88.918 0.01745 0.92403 0.068 0.18540 9.0000 2.88 0.9280 0.9281 2.650404 
467.2941 39.384 88.938 0.01713 0.92376 0.067 0.18349 9.0000 2.81 0.9277 0.9278 2.653237 
466.7945 39.448 88.964 0.01670 0.92332 0.062 0.18125 9.0000 2.72 0.9275 0.9277 2.656077 
466.2949 39.508 88.991 0.01625 0.92308 0.059 0.17919 9.0000 2.71 0.9275 0.9277 2.658922 
465.7951 39.572 89.017 0.01583 0.92249 0.056 0.17692 9.0000 2.69 0.9278 0.9280 2.661775 
465.2952 39.629 89.052 0.01524 0.92140 0.052 0.17481 9.0000 2.64 0.9272 0.9273 2.664635 
464.7952 39.693 89.075 0.01487 0.92138 0.048 0.17269 9.0000 2.60 0.9277 0.9279 2.667502 
464.2951 39.750 89.100 0.01446 0.92054 0.045 0.17064 9.0000 2.59 0.9272 0.9273 2.670375 
463.7949 39.821 89.121 0.01410 0.91912 0.041 0.16801 9.0000 2.52 0.9267 0.9269 2.673255 
463.2946 39.878 89.148 0.01366 0.91786 0.038 0.16589 9.0000 2.50 0.9263 0.9265 2.676142 
462.7941 39.945 89.181 0.01310 0.91667 0.035 0.16348 9.0000 2.45 0.9266 0.9268 2.679036 
462.2935 40.018 89.194 0.01287 0.91510 0.033 0.16079 9.0000 2.42 0.9265 0.9267 2.681937 
461.7928 40.086 89.229 0.01229 0.91373 0.032 0.15829 9.0000 2.43 0.9261 0.9263 2.684845 
461.2921 40.166 89.261 0.01177 0.91233 0.030 0.15544 9.0000 2.38 0.9266 0.9268 2.687759 
460.7911 40.241 89.287 0.01134 0.91127 0.029 0.15280 9.0000 2.31 0.9269 0.9271 2.690681 
460.2901 40.313 89.314 0.01089 0.91031 0.029 0.15029 9.0000 2.28 0.9270 0.9272 2.693610 
459.7889 40.390 89.348 0.01035 0.90941 0.028 0.14762 9.0000 2.24 0.9269 0.9271 2.696546 
459.2877 40.467 89.376 0.00989 0.90826 0.028 0.14493 9.0000 2.23 0.9275 0.9277 2.699489 
458.7863 40.552 89.409 0.00936 0.90720 0.028 0.14200 9.0000 2.20 0.9279 0.9281 2.702439 
458.2848 40.631 89.436 0.00892 0.90597 0.027 0.13925 9.0000 2.18 0.9283 0.9284 2.705396 
457.7832 40.717 89.467 0.00841 0.90408 0.026 0.13619 9.0000 2.15 0.9278 0.9280 2.708360 
457.2815 40.811 89.502 0.00785 0.90216 0.025 0.13286 9.0000 2.11 0.9277 0.9278 2.711332 
456.7796 40.903 89.539 0.00724 0.90061 0.024 0.12968 9.0000 2.03 0.9287 0.9289 2.714311 
456.2777 40.998 89.582 0.00656 0.89906 0.023 0.12641 9.0000 2.07 0.9300 0.9302 2.717297 
455.7756 41.094 89.624 0.00589 0.89733 0.023 0.12310 9.0000 2.05 0.9312 0.9314 2.720290 
455.2734 41.186 89.668 0.00519 0.89612 0.022 0.12001 9.0000 1.98 0.9318 0.9320 2.723291 
454.7711 41.282 89.713 0.00448 0.89483 0.022 0.11678 9.0000 1.97 0.9327 0.9329 2.726299 
454.2687 41.377 89.744 0.00399 0.89372 0.022 0.11363 9.0000 1.94 0.9339 0.9341 2.729314 
453.7662 41.458 89.778 0.00347 0.89318 0.023 0.11101 9.0000 1.97 0.9348 0.9350 2.732336 
453.2635 41.539 89.812 0.00294 0.89227 0.023 0.10834 9.0000 2.01 0.9351 0.9353 2.735367 
452.7608 41.617 89.844 0.00242 0.89176 0.024 0.10579 9.0000 1.94 0.9359 0.9360 2.738404 
452.2579 41.697 89.878 0.00190 0.89116 0.025 0.10322 9.0000 1.94 0.9365 0.9366 2.741449 
451.7549 41.774 89.911 0.00139 0.89068 0.027 0.10072 9.0000 1.95 0.9371 0.9373 2.744501 
451.2518 41.852 89.943 0.00088 0.89019 0.029 0.09822 9.0000 1.94 0.9377 0.9378 2.747561 
450.7485 41.929 89.976 0.00037 0.89001 0.031 0.09579 9.0000 1.94 0.9386 0.9388 2.750629 
450.2452 42.005 90.009 -0.00014 0.88951 0.033 0.09334 9.0000 1.89 0.9390 0.9391 2.753704 
449.7417 42.081 90.042 -0.00064 0.88919 0.034 0.09092 9.0000 1.83 0.9396 0.9397 2.756787 
449.2382 42.155 90.073 -0.00114 0.88904 0.036 0.08859 9.0000 1.83 0.9403 0.9405 2.759876 
448.7345 42.229 90.106 -0.00164 0.88880 0.036 0.08623 9.0000 1.79 0.9408 0.9410 2.762974 
448.2307 42.302 90.138 -0.00214 0.88872 0.039 0.08394 9.0000 1.80 0.9415 0.9416 2.766080 
447.7267 42.375 90.169 -0.00263 0.88887 0.039 0.08169 9.0000 1.73 0.9424 0.9426 2.769193 
447.2227 42.446 90.201 -0.00312 0.88894 0.041 0.07945 9.0000 1.77 0.9431 0.9433 2.772314 
446.7186 42.518 90.233 -0.00361 0.88876 0.042 0.07719 9.0000 1.70 0.9434 0.9436 2.775443 
446.2143 42.588 90.264 -0.00410 0.88899 0.046 0.07502 9.0000 1.67 0.9442 0.9444 2.778580 
445.7099 42.658 90.295 -0.00458 0.88924 0.048 0.07286 9.0000 1.66 0.9449 0.9452 2.781724 
445.2054 42.727 90.326 -0.00507 0.88954 0.054 0.07074 9.0000 1.67 0.9457 0.9459 2.784876 
444.7008 42.795 90.357 -0.00555 0.88985 0.059 0.06863 9.0000 1.70 0.9464 0.9466 2.788036 
444.1960 42.862 90.388 -0.00603 0.89022 0.062 0.06656 9.0000 1.60 0.9470 0.9473 2.791204 
443.6912 42.929 90.418 -0.00650 0.89060 0.071 0.06451 9.0000 1.64 0.9476 0.9479 2.794380 
443.1862 42.994 90.449 -0.00698 0.89108 0.075 0.06249 9.0000 1.59 0.9483 0.9486 2.797564 
442.6812 43.059 90.478 -0.00744 0.89175 0.080 0.06052 9.0000 1.55 0.9492 0.9495 2.800756 
442.1759 43.123 90.509 -0.00792 0.89230 0.086 0.05854 9.0000 1.52 0.9498 0.9501 2.803956 
441.6706 43.187 90.538 -0.00839 0.89286 0.091 0.05660 9.0000 1.53 0.9504 0.9507 2.807164 
441.1652 43.249 90.568 -0.00886 0.89361 0.096 0.05468 9.0000 1.47 0.9511 0.9515 2.810380 
440.6596 43.311 90.597 -0.00932 0.89438 0.099 0.05280 9.0000 1.42 0.9518 0.9522 2.813605 
440.1540 43.373 90.627 -0.00979 0.89502 0.103 0.05090 9.0000 1.40 0.9522 0.9526 2.816837 
439.6482 43.373 90.627 -0.00979 0.89502 0.110 0.05090 9.0000 1.42 0.9522 0.9526 2.820077 

# MINIMA:
439.6482 1.065 2.422 -39.38588 -1075.54456 -2568.362 -1320.06848 9.0000 1.40 0.5155 0.5377 1.240099 

# MAXIMA:
999.7925 80.743 356.555 1862.38037 38.98096 203.982 67.35753 9.0000 59.20 2.71938500046094336E18 1.21690989275968963E19 2.820077 

# PEAKS:

# END SPECTRUM

