## SPECTRUM TYPE:
LCE

## DATE:
25/08/2026

## COMMENTS:

## NUMBER OF SPECTRUM:
1

## ELLIPSOMETRIC CONFIGURATION:
0.00 ø :Modulator
+45.00 øAnalyser

## UNIT:
nm


# SPECTRUM:
1

# CAPTION:


# START TIME:
10:59:03

# END TIME:
10:59:03

# THETA ANGLE:
0.00 ø

# INCIDENCE ANGLE:
69.95 ø

# ACCUMULATION NUMBER:
25

# ELLIPSOMETRIC CONFIGURATION:
0.00 ø :Modulator
+45.00 øAnalyser

# INTEGRATION TIME:
9 ms

# FIRST POINT:
999.79 nm

# LAST POINT:
439.65 nm

# INCREMENT:
0.00 nm

# NUMBER OF POINTS:
1273

# DATA:
nm Psi Delta Ic Is Reflectance IcPrim IntegrationTime IntensityMax Polarization PolarizationGen eV 
999.7925 1.234 213.687 -2.41570 -1.61027 0.000 67.35753 9.0000 4.61 2.72002739012947149E18 1.40061222733548093E19 1.240099 
999.4089 1.234 213.687 -2.41570 -1.61027 0.646 67.35753 9.0000 4.57 2.52982837119864013E18 1.3026738887983104E19 1.240575 
999.0253 1.234 213.687 -2.41570 -1.61027 0.413 67.35754 9.0000 4.72 2.41164681413132288E18 1.24181910878462935E19 1.241052 
998.6415 1.234 213.687 -2.41570 -1.61027 0.691 67.35754 9.0000 4.69 2.27684572649331098E18 1.17240660986964214E19 1.241529 
998.2578 1.234 213.687 -2.41570 -1.61027 0.158 67.35753 9.0000 4.74 2.12357875338366157E18 1.0934854244464853E19 1.242006 
997.8739 1.234 213.687 -2.41570 -1.61027 0.457 67.35753 9.0000 4.77 1.94999912758457139E18 1.00410491476178371E19 1.242484 
997.4900 1.234 213.687 -2.41570 -1.61027 -0.017 67.35753 9.0000 4.74 1.75426063163405107E18 9.03314058233092506E18 1.242962 
997.1060 1.234 213.687 -2.41570 -1.61027 -0.001 67.35753 9.0000 4.82 1.53451636087534387E18 7.90162052180292403E18 1.243440 
996.7219 1.234 213.687 -2.41570 -1.61027 -2.468 67.35753 9.0000 4.84 1.28891982296855347E18 6.63698093923264102E18 1.243920 
996.3377 1.234 213.687 -2.41570 -1.61027 -0.709 67.35754 9.0000 4.95 1.01562459429326029E18 5.2297127083072553E18 1.244399 
995.9535 1.234 213.687 -2.41570 -1.61027 -0.381 67.35754 9.0000 4.86 716477029750407168.0000 3.68932468046168064E18 1.244879 
995.5692 1.234 213.687 -2.41570 -1.61027 0.705 67.35753 9.0000 5.02 393323690399367168.0000 2.02532515737501696E18 1.245360 
995.1848 1.234 213.687 -2.41570 -1.61027 -0.479 67.35753 9.0000 5.07 51704521411264512.0000 266239920257892352.0000 1.245841 
994.8003 1.234 213.687 -2.41570 -1.61027 0.014 67.35754 9.0000 5.11 295454442424107008.0000 1.52137101217051443E18 1.246322 
994.4158 1.234 213.687 -2.41570 -1.61027 0.009 67.35753 9.0000 5.09 629687216850862080.0000 3.24242213203817267E18 1.246804 
994.0311 40.384 160.731 -0.52342 0.18298 0.008 0.09012 9.0000 5.10 0.5696 0.6894 1.247287 
993.6464 31.291 140.740 -0.27769 0.22697 0.390 0.18605 9.0000 5.14 0.5327 0.7111 1.247770 
993.2617 31.787 87.960 0.00936 0.26283 0.753 0.13070 9.0000 5.16 0.5463 0.8367 1.248253 
992.8768 56.236 111.874 -0.13718 0.34170 -0.186 -0.15230 9.0000 5.18 0.5396 0.7762 1.248737 
992.4919 64.664 46.553 0.08991 0.09492 0.105 -0.10711 9.0000 5.16 0.5661 0.7527 1.249221 
992.1069 31.658 105.322 -0.06839 0.24961 -5.295 0.13008 9.0000 5.26 0.5557 0.6601 1.249706 
991.7218 14.178 94.407 -0.02082 0.27016 -0.636 0.50206 9.0000 5.38 0.6483 0.6738 1.250191 
991.3367 13.729 73.860 0.07775 0.26867 0.208 0.53826 9.0000 5.48 0.6792 0.7119 1.250677 
990.9514 18.458 64.505 0.18534 0.38866 0.853 0.57315 9.0000 5.44 0.7992 0.8415 1.251163 
990.5661 10.015 73.099 0.08429 0.27742 8.743 0.79527 9.0000 5.43 0.8275 0.8546 1.251650 
990.1807 8.886 52.428 0.16489 0.21432 -14.430 0.84363 9.0000 5.48 0.7677 0.8128 1.252137 
989.7953 4.406 72.793 0.04132 0.13341 -0.304 0.90086 9.0000 5.53 0.7448 0.8047 1.252625 
989.4097 6.785 88.553 0.00613 0.24274 -1.273 1.00596 9.0000 5.64 0.7617 0.8351 1.253113 
989.0241 8.689 103.532 -0.07332 0.30467 0.750 1.00127 9.0000 5.57 0.7770 0.8650 1.253601 
988.6384 16.116 114.290 -0.18302 0.40554 1.097 0.70567 9.0000 5.55 0.7234 0.8000 1.254090 
988.2526 13.623 90.930 -0.00711 0.43764 17.702 0.85003 9.0000 5.73 0.7356 0.8202 1.254580 
987.8668 15.485 84.428 0.04775 0.48940 0.727 0.81933 9.0000 5.70 0.7344 0.8267 1.255070 
987.4809 10.882 88.198 0.01292 0.41074 -2720.725 1.02927 9.0000 5.70 0.7427 0.7929 1.255560 
987.0949 10.507 91.729 -0.01269 0.42047 0.924 1.09507 9.0000 5.81 0.7147 0.7331 1.256051 
986.7088 8.159 90.756 -0.00387 0.29365 0.740 1.00315 9.0000 5.83 0.7270 0.7408 1.256543 
986.3226 6.089 115.116 -0.08396 0.17911 -1.502 0.91662 9.0000 5.84 0.7648 0.7764 1.257035 
985.9364 8.745 92.169 -0.00978 0.25819 -5.011 0.81992 9.0000 5.87 0.8140 0.8386 1.257527 
985.5501 9.734 82.830 0.03366 0.26757 53.509 0.76290 9.0000 5.89 0.8836 0.9470 1.258020 
985.1638 15.966 80.337 0.06313 0.37077 -1.552 0.60348 9.0000 5.98 0.9218 1.0238 1.258513 
984.7773 21.102 79.009 0.08867 0.45653 0.724 0.51282 9.0000 6.00 0.9509 1.0537 1.259007 
984.3907 22.801 71.821 0.18631 0.56737 -0.626 0.58475 9.0000 6.14 0.9538 1.0496 1.259502 
984.0041 17.124 67.492 0.15063 0.36351 -0.514 0.57796 9.0000 6.06 0.8156 0.8953 1.259997 
983.6174 5.748 41.332 0.09471 0.08330 0.421 0.62021 9.0000 6.18 0.6590 0.7528 1.260492 
983.2307 6.293 85.104 0.01327 0.15496 0.490 0.69656 9.0000 6.28 0.6429 0.7279 1.260988 
982.8438 6.495 228.036 -0.12675 -0.14095 0.366 0.82165 9.0000 6.29 0.7534 0.8159 1.261484 
982.4569 9.860 131.408 -0.17265 0.19578 0.376 0.72822 9.0000 6.27 0.7917 0.9446 1.261981 
982.0699 14.937 105.844 -0.09018 0.31777 -1.641 0.57503 9.0000 6.38 0.7380 0.8627 1.262478 
981.6828 24.498 98.333 -0.06353 0.43370 -0.009 0.38109 9.0000 6.49 0.7240 0.8093 1.262976 
981.2957 27.608 109.165 -0.18710 0.53834 -0.005 0.39587 9.0000 6.47 0.7435 0.8557 1.263474 
980.9084 35.933 80.556 0.08502 0.51118 0.003 0.16972 9.0000 6.53 0.6621 0.7835 1.263973 
980.5211 46.630 25.676 1.07133 0.51504 0.006 -0.06769 9.0000 6.51 0.7735 0.8952 1.264472 
980.1337 40.583 64.150 0.30353 0.62650 -0.001 0.10819 9.0000 6.62 0.5734 0.7117 1.264972 
979.7463 31.936 73.425 0.16544 0.55585 -0.001 0.28448 9.0000 6.57 0.5991 0.7704 1.265472 
979.3587 36.528 121.429 -0.44204 0.72336 5.246 0.25829 9.0000 6.65 0.6474 0.8345 1.265973 
978.9711 38.551 158.839 -1.75968 0.68115 3.759 0.43207 9.0000 6.71 0.7735 0.9509 1.266474 
978.5834 38.283 162.626 -1.64624 0.51508 1.058 0.41203 9.0000 6.64 0.9483 1.0957 1.266976 
978.1956 35.721 163.675 -1.51363 0.44334 4.611 0.52950 9.0000 6.72 1.1248 1.2690 1.267478 
977.8077 32.774 164.605 -1.23611 0.34036 -1.900 0.58300 9.0000 6.81 1.2337 1.3762 1.267981 
977.4199 29.290 167.820 -0.98024 0.21157 2.140 0.61258 9.0000 6.80 1.3032 1.4396 1.268484 
977.0319 19.989 166.401 -0.46728 0.11303 1.608 0.57338 9.0000 6.84 1.0106 1.1936 1.268988 
976.6437 6.215 113.648 -0.05422 0.12383 0.832 0.61334 9.0000 6.86 0.7816 1.0055 1.269493 
976.2556 13.354 172.933 -0.34097 0.04227 -5.470 0.68287 9.0000 6.98 0.9344 1.1034 1.269997 
975.8674 7.175 107.707 -0.06726 0.21065 0.783 0.86442 9.0000 7.01 0.9436 1.0270 1.270502 
975.4790 8.884 99.944 -0.04423 0.25226 0.644 0.79924 9.0000 7.12 0.9522 1.0077 1.271008 
975.0906 15.283 107.255 -0.11841 0.38123 -1.109 0.67591 9.0000 7.08 0.9383 0.9919 1.271515 
974.7021 14.324 106.821 -0.10583 0.35006 -13.525 0.66940 9.0000 7.17 0.9050 0.9581 1.272021 
974.3136 14.740 107.706 -0.11521 0.36087 0.748 0.67009 9.0000 7.15 0.8235 0.8657 1.272529 
973.9250 14.907 104.149 -0.08569 0.33991 0.018 0.61175 9.0000 7.21 0.7129 0.7481 1.273036 
973.5363 19.598 97.291 -0.05445 0.42560 0.038 0.52615 9.0000 7.27 0.6598 0.7030 1.273545 
973.1475 17.865 106.709 -0.06857 0.22843 -3.668 0.33156 9.0000 7.31 0.5287 0.5430 1.274053 
972.7586 18.141 104.961 -0.05403 0.20220 -1.787 0.28512 9.0000 7.43 0.5233 0.5483 1.274563 
972.3697 19.772 120.701 -0.07712 0.12987 -0.703 0.18295 9.0000 7.49 0.5108 0.5350 1.275073 
971.9807 42.132 130.735 -0.09428 0.10947 -0.338 0.01451 9.0000 7.49 0.5083 0.5341 1.275583 
971.5916 60.081 115.521 -0.09836 0.20602 -0.574 -0.13267 9.0000 7.50 0.5599 0.5822 1.276094 
971.2024 69.302 105.468 -0.06616 0.23910 0.302 -0.28143 9.0000 7.74 0.6869 0.7101 1.276605 
970.8131 79.537 103.731 -0.04569 0.18701 0.035 -0.50343 9.0000 7.59 0.7845 0.8033 1.277117 
970.4238 81.984 95.622 -0.01556 0.15805 0.011 -0.55268 9.0000 7.57 0.8083 0.8319 1.277629 
970.0344 68.502 19.010 0.65239 0.22477 0.009 -0.74005 9.0000 7.85 0.9450 1.0192 1.278142 
969.6449 57.706 104.765 -0.08421 0.31951 0.006 -0.15699 9.0000 7.77 0.8643 0.9001 1.278656 
969.2553 37.701 144.848 -0.55442 0.39040 0.002 0.17661 9.0000 7.81 1.1241 1.2114 1.279170 
968.8657 31.695 153.619 -0.90105 0.44691 -1.552 0.50389 9.0000 7.89 1.4069 1.5532 1.279684 
968.4760 30.027 158.592 -1.13975 0.44685 0.776 0.70526 9.0000 7.94 1.6114 1.7894 1.280199 
968.0861 29.249 159.454 -1.27438 0.47763 0.223 0.83406 9.0000 8.22 1.6995 1.8870 1.280714 
967.6962 28.363 157.787 -1.19895 0.48960 -0.531 0.84983 9.0000 8.15 1.6880 1.8610 1.281230 
967.3063 27.568 154.852 -0.99870 0.46885 0.786 0.76864 9.0000 8.14 1.5791 1.6813 1.281747 
966.9163 23.566 150.945 -0.70598 0.39221 0.870 0.74965 9.0000 8.34 1.2170 1.3014 1.282264 
966.5261 12.707 124.256 -0.21598 0.31714 -3.817 0.80754 9.0000 8.19 0.9569 1.0801 1.282782 
966.1359 30.219 16.777 0.99754 0.30074 0.782 0.59098 9.0000 8.11 0.7696 0.9913 1.283300 
965.7457 17.660 33.790 0.58267 0.38991 -0.517 0.98947 9.0000 8.18 0.7589 0.9457 1.283818 
965.3553 41.161 0.398 2.57156 0.01785 0.825 0.34665 9.0000 8.36 0.7372 1.0308 1.284337 
964.9649 30.322 158.989 -5.48135 2.10526 7.229 3.30272 9.0000 8.41 0.9200 1.3161 1.284857 
964.5743 23.091 148.280 -2.00380 1.23851 1.275 2.26036 9.0000 8.31 1.1332 1.6010 1.285377 
964.1838 19.060 148.465 -1.85887 1.14066 -0.281 2.77949 9.0000 8.41 1.1667 1.6895 1.285898 
963.7931 15.659 158.345 -9.28071 3.68481 0.832 16.41133 9.0000 8.57 0.9817 1.4865 1.286419 
963.4023 75.037 25.978 0.54056 0.26340 0.095 -1.04461 9.0000 8.63 0.7062 1.1081 1.286941 
963.0115 51.901 70.670 0.21550 0.61431 0.828 -0.15993 9.0000 8.67 0.6711 1.0170 1.287463 
962.6207 21.643 108.796 -0.09801 0.28798 0.944 0.32296 9.0000 8.74 0.6665 0.8527 1.287986 
962.2297 17.426 137.927 -0.24408 0.22033 0.932 0.47218 9.0000 8.83 0.6858 0.7716 1.288509 
961.8386 9.138 118.519 -0.12067 0.22207 0.915 0.76531 9.0000 8.88 0.8261 1.0504 1.289033 
961.4474 7.657 188.402 -0.19126 -0.02825 0.857 0.70605 9.0000 8.95 0.7685 1.0037 1.289558 
961.0562 9.567 206.960 -0.22269 -0.11327 1.143 0.72011 9.0000 8.85 0.8176 1.1196 1.290083 
960.6649 11.604 221.370 -0.23466 -0.20667 0.014 0.72927 9.0000 9.07 0.7346 0.9801 1.290608 
960.2736 16.145 244.187 -0.19867 -0.41073 0.016 0.72199 9.0000 8.97 0.6384 0.7833 1.291134 
959.8821 6.966 203.136 -0.14927 -0.06378 0.672 0.65438 9.0000 8.95 0.5861 0.6394 1.291661 
959.4905 15.073 108.879 -0.11032 0.32261 1.398 0.58709 9.0000 9.02 0.5878 0.6276 1.292188 
959.0989 34.803 86.340 0.04332 0.67727 0.806 0.25230 9.0000 9.26 0.5660 0.7265 1.292715 
958.7073 20.350 97.982 -0.03186 0.22725 1.512 0.26678 9.0000 9.33 0.5278 0.6724 1.293243 
958.3155 25.694 108.479 -0.12919 0.38657 -14.953 0.32552 9.0000 9.15 0.5376 0.5785 1.293772 
957.9236 23.108 110.804 -0.14620 0.38482 0.906 0.39453 9.0000 9.11 0.5699 0.5867 1.294301 
957.5317 17.251 115.296 -0.12850 0.27189 -103.177 0.43753 9.0000 9.16 0.6070 0.6244 1.294831 
957.1396 10.406 115.586 -0.09024 0.18846 1.088 0.54970 9.0000 9.12 0.7097 0.7491 1.295362 
956.7476 7.034 112.379 -0.06482 0.15744 -2.423 0.67943 9.0000 9.39 0.7423 0.7971 1.295892 
956.3554 1.595 119.808 -0.02242 0.03913 1.102 0.80921 9.0000 9.70 0.7540 0.8334 1.296424 
955.9632 7.510 142.748 -0.18061 0.13735 -0.007 0.84558 9.0000 9.78 0.8112 0.8926 1.296956 
955.5709 5.186 69.296 0.06203 0.16413 -0.005 0.95875 9.0000 9.61 0.8871 0.9682 1.297488 
955.1784 7.343 33.266 0.18045 0.11838 -0.005 0.82353 9.0000 9.71 0.7301 0.8295 1.298021 
954.7859 12.518 21.138 0.28225 0.10913 0.810 0.64789 9.0000 9.77 0.6327 0.7878 1.298555 
954.3934 20.298 28.040 0.34048 0.18134 8.263 0.45015 9.0000 9.60 0.6065 0.8040 1.299089 
954.0007 29.407 31.065 0.33297 0.20058 0.988 0.23529 9.0000 9.63 0.6018 0.8182 1.299624 
953.6080 25.771 62.299 0.16056 0.30580 1.043 0.27433 9.0000 9.87 0.6596 0.8656 1.300159 
953.2152 41.851 75.948 0.09010 0.35998 -0.926 0.04096 9.0000 9.97 0.5836 0.7373 1.300695 
952.8223 38.643 66.088 0.12209 0.27535 0.810 0.06796 9.0000 9.85 0.5316 0.6369 1.301231 
952.4293 27.133 68.157 0.09670 0.24123 0.999 0.18698 9.0000 10.00 0.5382 0.6108 1.301768 
952.0363 20.884 94.134 -0.01985 0.27470 1.370 0.30838 9.0000 9.99 0.6174 1.1757 1.302305 
951.6432 17.257 48.082 0.27591 0.30731 0.935 0.60059 9.0000 10.19 0.7347 0.8139 1.302843 
951.2499 17.465 53.800 0.22967 0.31380 3.811 0.55681 9.0000 9.93 0.6506 0.9788 1.303382 
950.8567 63.363 300.330 2.42138 -4.13875 2.859 -3.57758 9.0000 10.04 1.1423 3.0705 1.303921 
950.4633 12.880 75.496 0.11646 0.45018 0.843 0.96360 9.0000 10.07 0.7891 1.4265 1.304461 
950.0699 17.206 98.557 -0.13301 0.88402 -0.176 1.30507 9.0000 10.24 1.8722 4.0489 1.305001 
949.6763 20.170 99.974 -0.20556 1.16885 -0.084 1.39739 9.0000 10.25 2.5302 6.0151 1.305542 
949.2827 22.997 99.218 -0.22577 1.39116 -0.062 1.36133 9.0000 10.42 2.7087 7.0706 1.306083 
948.8890 20.746 100.944 -0.41812 2.16230 -0.120 2.49008 9.0000 10.65 2.7685 7.4497 1.306625 
948.4953 24.532 98.109 -0.18974 1.33171 0.003 1.16670 9.0000 10.56 2.5376 7.0466 1.307167 
948.1014 38.323 45.643 0.80215 0.82035 0.268 0.27238 9.0000 10.67 2.6219 6.1144 1.307710 
947.7075 41.095 93.878 -0.05035 0.74280 0.614 0.10212 9.0000 10.64 2.0764 4.2912 1.308254 
947.3135 19.590 148.407 -0.59572 0.36638 1.568 0.85811 9.0000 10.24 1.9670 2.5513 1.308798 
946.9194 17.464 192.101 -0.97461 -0.20896 0.302 1.42736 9.0000 10.34 2.5887 4.0175 1.309343 
946.5253 16.425 168.819 -1.23882 0.24486 0.099 1.95577 9.0000 10.55 3.0176 3.9765 1.309888 
946.1310 14.804 186.506 -1.37146 -0.15639 0.912 2.42909 9.0000 10.84 3.4563 5.9546 1.310434 
945.7367 14.830 171.033 -1.46656 0.23142 0.980 2.60724 9.0000 10.63 3.4310 4.7844 1.310980 
945.3423 15.785 158.807 -1.53225 0.59411 -0.147 2.67450 9.0000 10.92 3.2871 6.8103 1.311527 
944.9478 18.672 151.711 -1.63694 0.88100 0.189 2.43635 9.0000 11.08 3.1027 8.9111 1.312074 
944.5532 24.075 147.426 -1.89821 1.21274 0.936 2.01755 9.0000 10.87 2.8022 10.0485 1.312623 
944.1586 32.470 145.795 -2.21438 1.50515 -0.657 1.25198 9.0000 10.82 2.6023 10.2436 1.313171 
943.7639 45.744 144.435 -2.84568 2.03471 -0.683 -0.09085 9.0000 10.95 2.6939 9.6337 1.313720 
943.3691 33.550 152.472 -2.82797 1.47389 1.257 1.34712 9.0000 11.02 2.7156 8.1863 1.314270 
942.9742 33.525 158.350 -3.42876 1.36101 1.471 1.56211 9.0000 11.11 2.6784 5.5839 1.314821 
942.5792 33.015 167.518 -5.08116 1.12479 1.188 2.31381 9.0000 11.21 2.5756 2.7679 1.315372 
942.1841 28.602 186.491 -15.24690 -1.73467 -1.214 9.88780 9.0000 11.21 2.4826 4.7433 1.315923 
941.7890 27.130 169.014 -2.40857 0.46757 -1.232 1.76559 9.0000 11.35 1.4285 1.4426 1.316475 
941.3938 33.601 6.347 0.94747 0.10539 -22.964 0.40071 9.0000 11.42 0.9103 0.9780 1.317028 
940.9985 12.348 351.653 0.30521 -0.04478 0.431 0.67083 9.0000 11.48 0.6414 0.7090 1.317581 
940.6031 11.573 11.712 0.25435 0.05273 -6.817 0.60767 9.0000 11.48 0.5890 0.7078 1.318135 
940.2077 5.301 84.840 0.01092 0.12092 2.503 0.64865 9.0000 11.48 0.5853 0.7174 1.318689 
939.8122 18.271 143.779 -0.35282 0.25843 2.740 0.59012 9.0000 11.65 0.6018 0.7318 1.319244 
939.4166 22.387 152.316 -0.59443 0.31186 1.271 0.67657 9.0000 11.59 0.7332 0.8210 1.319800 
939.0209 20.130 143.569 -0.43777 0.32312 -4.143 0.64249 9.0000 11.45 0.7027 0.8246 1.320356 
938.6251 21.232 139.155 -0.39879 0.34478 1.080 0.57601 9.0000 11.61 0.7077 0.8018 1.320913 
938.2292 23.056 152.182 -0.42426 0.22386 0.920 0.46143 9.0000 11.78 0.6565 0.7031 1.321470 
937.8333 21.631 119.390 -0.26084 0.46311 0.965 0.56476 9.0000 11.78 0.7616 0.8197 1.322028 
937.4373 25.045 96.501 -0.06902 0.60566 -2.482 0.50988 9.0000 12.08 0.6654 0.7600 1.322586 
937.0412 23.711 44.053 0.34327 0.33211 8.424 0.43887 9.0000 11.98 0.6126 0.6552 1.323146 
936.6450 18.679 41.107 0.27279 0.23803 0.972 0.47423 9.0000 11.81 0.6727 0.7311 1.323705 
936.2487 17.838 39.031 0.26134 0.21187 0.955 0.46860 9.0000 11.94 0.7599 0.8665 1.324266 
935.8524 20.635 36.679 0.26538 0.19766 0.618 0.37706 9.0000 12.15 0.7675 1.0029 1.324826 
935.4560 28.497 31.191 0.27113 0.16414 0.851 0.20587 9.0000 12.18 0.7001 0.9340 1.325388 
935.0594 29.857 349.511 0.26970 -0.04993 -0.831 0.16019 9.0000 12.35 0.6632 0.9339 1.325950 
934.6629 1.477 280.792 0.00524 -0.02747 -0.057 0.54175 9.0000 12.32 0.7194 0.9132 1.326512 
934.2662 23.867 253.717 -0.07163 -0.24524 1.147 0.23220 9.0000 12.23 0.6204 0.7978 1.327076 
933.8694 70.970 5.372 0.43306 0.04072 1.656 -0.55554 9.0000 12.49 0.7232 1.2913 1.327640 
933.4727 13.763 165.286 -3.01002 0.79046 -5.530 5.97170 9.0000 12.53 1.3286 2.3203 1.328204 
933.0757 15.765 161.478 -2.26021 0.75723 -0.709 3.88539 9.0000 12.50 1.6877 2.8851 1.328769 
932.6787 16.429 170.229 -2.52140 0.43422 0.881 3.96126 9.0000 12.76 1.7818 3.0244 1.329334 
932.2817 15.795 197.838 -5.08290 -1.63564 19.872 8.68261 9.0000 12.71 1.5730 2.8515 1.329901 
931.8845 14.824 208.344 -5.95342 -3.21148 0.124 11.88431 9.0000 12.74 1.4260 2.5649 1.330467 
931.4873 73.580 47.388 4.20105 4.56673 -83.081 -9.61340 9.0000 12.65 1.0849 2.0319 1.331035 
931.0900 61.615 70.915 0.28561 0.82550 0.307 -0.57226 9.0000 12.95 0.6515 1.3754 1.331603 
930.6926 6.526 66.992 0.05882 0.13851 0.907 0.64914 9.0000 12.89 6.0728 8.1850 1.332171 
930.2951 12.250 358.953 0.49504 -0.00905 -5.728 1.08646 9.0000 12.89 1.4251 2.1580 1.332740 
929.8975 5.490 27.031 0.12357 0.06305 0.069 0.71506 9.0000 13.13 7.1398 9.6892 1.333310 
929.4999 5.713 39.714 0.10618 0.08820 10.436 0.68299 9.0000 13.32 11.1643 15.1590 1.333881 
929.1022 6.381 48.903 0.09567 0.10968 10.184 0.64257 9.0000 13.64 13.5925 18.5738 1.334452 
928.7043 6.767 51.021 0.09287 0.11477 1.356 0.61336 9.0000 13.42 14.1553 19.5834 1.335023 
928.3065 7.038 49.660 0.09676 0.11394 -0.134 0.59616 9.0000 13.38 13.1731 18.4435 1.335595 
927.9085 7.219 52.211 0.09383 0.12102 0.847 0.59475 9.0000 13.36 10.6833 15.2198 1.336168 
927.5104 7.378 56.034 0.09074 0.13469 0.172 0.61656 9.0000 13.55 6.6458 9.8174 1.336742 
927.1123 7.378 85.627 0.03020 0.39495 0.076 1.50394 9.0000 13.53 1.2341 2.5775 1.337316 
926.7141 7.910 34.683 0.10305 0.07131 0.034 0.44231 9.0000 13.55 6.2450 8.0294 1.337890 
926.3158 58.243 274.373 0.02031 -0.26556 0.458 -0.13272 9.0000 13.65 0.6397 1.1429 1.338466 
925.9174 31.493 192.596 -0.08180 -0.01828 0.388 0.04273 9.0000 13.67 0.5645 0.7385 1.339042 
925.5190 3.337 254.051 -0.03246 -0.11357 -0.149 1.00948 9.0000 13.78 0.8069 1.4793 1.339618 
925.1204 22.197 272.485 0.01921 -0.44275 -0.054 0.45265 9.0000 13.95 0.5618 0.7264 1.340195 
924.7218 26.276 272.408 0.01177 -0.27997 -0.039 0.21462 9.0000 13.71 0.5347 0.6701 1.340773 
924.3231 15.466 280.531 0.02972 -0.15985 -0.018 0.27132 9.0000 13.98 0.5256 0.6234 1.341351 
923.9243 8.803 86.729 0.00643 0.11255 0.901 0.35524 9.0000 14.09 0.5257 0.5687 1.341930 
923.5255 19.569 93.719 -0.02121 0.32629 1.005 0.40180 9.0000 14.32 0.5728 0.5939 1.342510 
923.1265 29.967 120.055 -0.37717 0.65183 0.043 0.43594 9.0000 13.95 0.7658 0.8319 1.343090 
922.7275 18.580 90.253 -0.00181 0.40953 0.027 0.54031 9.0000 14.35 0.7433 0.8051 1.343671 
922.3283 12.384 42.558 0.21828 0.20042 0.963 0.64229 9.0000 14.27 0.7732 0.8837 1.344252 
921.9291 15.088 37.623 0.33469 0.25796 0.000 0.72672 9.0000 14.35 0.9849 1.2125 1.344834 
921.5298 15.153 20.609 0.41528 0.15617 0.000 0.75905 9.0000 14.41 1.0474 1.3260 1.345417 
921.1305 15.391 24.889 0.42452 0.19696 0.000 0.78565 9.0000 14.21 1.1231 1.4397 1.346000 
920.7311 15.530 13.370 0.42685 0.10145 0.000 0.72845 9.0000 14.35 1.0037 1.2352 1.346584 
920.3315 16.038 29.246 0.41383 0.23172 0.000 0.75677 9.0000 14.73 0.9094 1.0826 1.347169 
919.9319 18.214 55.669 0.28084 0.41123 0.000 0.67473 9.0000 14.53 0.8574 0.9666 1.347754 
919.5322 21.582 82.499 0.07452 0.56596 1.093 0.60868 9.0000 14.32 0.8496 0.9081 1.348340 
919.1324 26.972 108.078 -0.24365 0.74644 0.927 0.57167 9.0000 14.76 0.9040 1.0186 1.348926 
918.7326 22.094 84.736 0.05487 0.59559 3.703 0.61530 9.0000 14.52 0.7622 0.8221 1.349513 
918.3326 26.706 90.651 -0.00482 0.42432 -3.917 0.31500 9.0000 14.94 1.0108 1.1762 1.350101 
917.9326 18.347 69.810 0.13938 0.37903 1.265 0.54190 9.0000 14.91 0.5625 0.6330 1.350689 
917.5325 68.029 126.742 -1.13334 1.51818 1.506 -1.96578 9.0000 14.69 0.8331 0.9995 1.351278 
917.1323 76.799 129.387 -0.70996 0.86473 1.240 -2.25360 9.0000 14.79 1.0797 1.3771 1.351868 
916.7321 68.892 117.615 -0.29024 0.55484 3.751 -0.69020 9.0000 14.97 1.3433 1.7288 1.352458 
916.3317 49.790 116.420 -0.11431 0.23008 68.211 -0.04336 9.0000 15.09 1.5121 1.9712 1.353049 
915.9313 4.583 90.930 -0.00104 0.06392 1.617 0.39621 9.0000 15.02 1.6070 2.0814 1.353641 
915.5308 5.346 327.905 0.12819 -0.08040 2.150 0.80140 9.0000 15.19 1.5912 2.0061 1.354233 
915.1302 6.069 338.788 0.36199 -0.14049 1.150 1.80541 9.0000 15.41 1.4237 1.7405 1.354826 
914.7295 81.185 142.912 -2.92469 2.21098 -0.001 -11.53690 9.0000 15.24 1.1404 1.3581 1.355419 
914.3287 74.521 124.497 -0.32708 0.47597 -0.001 -0.96274 9.0000 15.27 1.0330 1.2548 1.356013 
913.9279 80.123 130.399 -0.43122 0.50670 -0.005 -1.85269 9.0000 15.21 0.8112 0.9479 1.356608 
913.5270 48.217 120.471 -0.11884 0.20199 -0.014 -0.02643 9.0000 15.29 0.5405 0.6035 1.357203 
913.1259 6.728 56.111 0.11522 0.17154 0.809 0.86368 9.0000 15.43 0.7774 0.8851 1.357799 
912.7249 8.564 50.162 0.17778 0.21309 0.000 0.90052 9.0000 15.21 0.7697 0.8502 1.358396 
912.3237 9.540 52.868 0.15994 0.21124 1.046 0.76600 9.0000 15.51 0.6954 0.7973 1.358993 
911.9224 9.779 48.248 0.17847 0.19994 -0.165 0.75439 9.0000 15.80 0.6554 0.7432 1.359591 
911.5211 28.128 82.192 0.06876 0.50140 -0.163 0.33808 9.0000 15.87 0.6279 0.7944 1.360190 
911.1196 0.877 294.036 0.01005 -0.02253 0.109 0.80516 9.0000 15.84 0.5948 0.6384 1.360789 
910.7181 21.728 246.139 -0.41215 -0.93180 0.036 1.07531 9.0000 15.76 0.7920 0.9337 1.361389 
910.3165 11.253 71.528 0.13259 0.39692 0.059 1.00997 9.0000 15.88 1.0815 1.4258 1.361990 
909.9149 26.938 92.758 -0.09378 1.94651 -0.040 1.42233 9.0000 15.74 1.6060 1.9321 1.362591 
909.5131 31.518 21.575 2.09191 0.82719 0.100 1.14442 9.0000 15.50 1.8151 2.2296 1.363193 
909.1113 38.136 1.249 3.67008 0.08000 0.029 0.89671 9.0000 15.76 2.4529 3.0240 1.363795 
908.7093 40.949 356.419 4.32317 -0.27054 0.006 0.61662 9.0000 15.87 2.9529 3.6366 1.364399 
908.3073 42.500 354.976 4.50805 -0.39629 0.008 0.39590 9.0000 15.73 3.1981 3.9434 1.365003 
907.9052 44.937 356.902 4.70742 -0.25474 0.002 0.01036 9.0000 15.88 3.1302 3.7468 1.365607 
907.5031 56.643 2.530 5.01926 0.22182 -0.857 -2.16236 9.0000 15.89 3.0730 3.5349 1.366212 
907.1008 39.435 3.885 3.28980 0.22343 -0.002 0.64867 9.0000 15.86 2.3398 2.6194 1.366818 
906.6984 23.622 15.560 2.08704 0.58113 -0.003 2.00301 9.0000 15.93 2.1887 2.3298 1.367425 
906.2960 10.262 50.311 0.70488 0.84938 -0.033 2.94854 9.0000 15.93 2.5340 2.5871 1.368032 
905.8935 4.963 104.602 -0.18008 0.69125 -0.342 4.08179 9.0000 16.10 3.0958 3.2413 1.368640 
905.4909 10.724 60.825 0.82017 1.46904 0.007 4.28264 9.0000 15.94 2.8702 2.9636 1.369248 
905.0883 11.124 64.220 0.64534 1.33615 4.273 3.62733 9.0000 16.12 2.7145 2.8073 1.369857 
904.6855 11.614 57.716 1.06044 1.67850 0.597 4.62601 9.0000 16.55 2.1269 2.2872 1.370467 
904.2826 7.686 99.219 -0.07156 0.44085 -0.005 1.62446 9.0000 16.31 1.7278 1.7767 1.371078 
903.8797 20.061 177.729 -0.59684 0.02367 -0.002 0.70878 9.0000 16.61 1.8244 1.9169 1.371689 
903.4767 56.753 128.367 -0.23245 0.29362 1.124 -0.16288 9.0000 16.61 1.5139 1.8731 1.372301 
903.0736 23.835 127.980 -0.23353 0.29912 0.130 0.34568 9.0000 16.52 1.7038 2.1138 1.372913 
902.6704 29.614 125.474 -0.25443 0.35705 0.012 0.26106 9.0000 16.59 1.6758 2.1966 1.373527 
902.2672 36.746 121.542 -0.26730 0.43547 0.025 0.15143 9.0000 16.68 1.4721 2.0862 1.374140 
901.8638 44.454 120.039 -0.27495 0.47546 8.845 0.01046 9.0000 16.66 1.1166 1.7280 1.374755 
901.4604 50.301 118.929 -0.27977 0.50620 -0.027 -0.10827 9.0000 16.60 0.8421 1.6465 1.375370 
901.0569 75.376 172.651 -0.08005 0.01032 -0.021 -0.14414 9.0000 16.76 0.6371 1.0467 1.375986 
900.6533 62.128 239.227 -0.75670 -1.27072 -0.869 -1.00724 9.0000 16.66 1.2380 1.9990 1.376603 
900.2496 32.813 65.155 0.20691 0.44686 -0.212 0.22311 9.0000 16.85 0.5864 1.4112 1.377220 
899.8458 30.314 48.088 1.78633 1.99006 0.149 1.50508 9.0000 16.53 1.1921 2.1913 1.377838 
899.4420 31.545 35.063 17.33041 12.16341 0.185 10.74659 9.0000 16.88 1.5740 3.0555 1.378457 
899.0380 58.916 212.905 -17.02626 -11.01677 -0.266 -10.70628 9.0000 17.04 1.8927 3.6477 1.379076 
898.6340 59.619 211.170 -9.28838 -5.61852 0.096 -6.07623 9.0000 16.93 2.0097 3.8700 1.379696 
898.2299 61.364 195.243 -8.03377 -2.18927 -0.386 -5.35132 9.0000 16.93 1.7647 3.6538 1.380317 
897.8257 27.770 37.086 35.50278 26.83657 -0.496 30.54163 9.0000 17.19 1.6531 3.1003 1.380938 
897.4214 28.990 65.677 1.17283 2.59475 0.150 1.78066 9.0000 17.49 1.5168 2.3371 1.381560 
897.0171 33.540 97.529 -0.18499 1.39973 0.017 0.59697 9.0000 17.24 1.3836 1.7363 1.382183 
896.6127 41.564 133.801 -0.74766 0.77963 0.014 0.13020 9.0000 17.10 1.5503 2.3650 1.382807 
896.2081 37.121 104.287 -0.37989 1.49180 0.008 0.43441 9.0000 17.19 1.6089 1.8556 1.383431 
895.8035 35.017 103.010 -0.31882 1.37986 0.013 0.51451 9.0000 17.23 1.6122 1.9631 1.384056 
895.3989 33.863 101.662 -0.25447 1.23289 0.006 0.51566 9.0000 17.26 1.3296 1.8456 1.384681 
894.9941 30.601 101.709 -0.19308 0.93163 16.685 0.52300 9.0000 17.57 1.0825 1.7231 1.385307 
894.5892 20.195 105.950 -0.13008 0.45515 0.917 0.55641 9.0000 17.83 0.7682 1.5470 1.385934 
894.1843 11.735 254.291 -0.07838 -0.27868 0.000 0.66673 9.0000 17.46 0.7798 1.3856 1.386562 
893.7792 8.413 111.665 -0.07852 0.19766 0.003 0.70333 9.0000 17.53 0.7503 1.5041 1.387190 
893.3741 5.127 57.788 0.07395 0.11738 1.088 0.76697 9.0000 17.45 0.7188 1.3527 1.387819 
892.9689 6.694 340.096 0.18386 -0.06657 -4.994 0.82149 9.0000 17.67 0.6510 1.0316 1.388449 
892.5637 10.708 316.477 0.20102 -0.19091 -0.594 0.70684 9.0000 17.69 0.5878 0.7017 1.389079 
892.1583 11.433 305.010 0.15448 -0.22053 0.224 0.63850 9.0000 18.03 0.5656 0.7002 1.389711 
891.7528 6.212 338.318 0.13201 -0.05249 0.446 0.64481 9.0000 17.70 0.5859 0.7544 1.390343 
891.3473 5.927 9.543 0.09953 0.01673 -0.321 0.48080 9.0000 18.13 0.5668 0.7842 1.390975 
890.9417 10.687 64.274 0.05622 0.11668 0.829 0.33093 9.0000 17.85 0.5766 0.7860 1.391608 
890.5359 11.295 84.275 0.01542 0.15385 0.000 0.37164 9.0000 17.82 0.5601 0.7394 1.392242 
890.1302 13.137 102.980 -0.03048 0.13225 0.036 0.27490 9.0000 18.14 0.5304 0.6626 1.392877 
889.7243 19.962 161.563 -0.11876 0.03959 0.000 0.14960 9.0000 17.92 0.5146 0.6754 1.393512 
889.3184 11.124 12.544 0.07556 0.01681 0.000 0.18923 9.0000 17.98 0.5139 0.5464 1.394148 
888.9123 17.441 15.697 0.19330 0.05432 0.939 0.28801 9.0000 18.11 0.5273 0.5606 1.394785 
888.5062 15.863 30.418 0.14402 0.08455 -1.506 0.27012 9.0000 18.43 0.5319 0.6645 1.395423 
888.1000 15.335 80.114 0.05347 0.30683 -63.518 0.52515 9.0000 18.12 0.6372 0.7274 1.396061 
887.6937 18.019 80.097 0.06738 0.38596 1.026 0.53850 9.0000 18.43 0.7034 0.8213 1.396700 
887.2873 18.524 81.956 0.05692 0.40275 -519.998 0.53882 9.0000 18.75 0.7194 0.8497 1.397340 
886.8808 20.433 85.253 0.03685 0.44377 1.076 0.51469 9.0000 18.36 0.7559 0.8508 1.397980 
886.4743 14.300 89.718 0.00162 0.32961 1.377 0.60458 9.0000 18.54 0.6548 0.7511 1.398621 
886.0676 17.192 99.102 -0.05161 0.32216 1.223 0.47679 9.0000 18.48 0.6150 0.6766 1.399263 
885.6609 18.374 110.408 -0.11248 0.30232 0.898 0.43199 9.0000 18.48 0.5922 0.6263 1.399906 
885.2541 16.858 95.995 -0.03420 0.32569 0.048 0.49075 9.0000 18.73 0.5893 0.6450 1.400549 
884.8472 16.801 94.133 -0.02152 0.29781 0.008 0.44937 9.0000 18.65 0.5633 0.6171 1.401193 
884.4402 17.655 90.765 -0.00360 0.26944 90.721 0.38045 9.0000 18.82 0.5428 0.5926 1.401838 
884.0332 21.249 92.865 -0.02055 0.41061 0.954 0.44869 9.0000 18.92 0.5936 0.6306 1.402483 
883.6260 21.798 90.170 -0.00122 0.41018 0.000 0.43079 9.0000 18.89 0.5891 0.6162 1.403130 
883.2188 30.786 89.044 0.00724 0.43396 0.000 0.23495 9.0000 19.12 0.5740 0.5849 1.403777 
882.8115 31.846 62.021 0.16864 0.31745 0.000 0.17773 9.0000 18.93 0.6172 0.6758 1.404424 
882.4041 13.568 142.755 -0.14063 0.10692 0.032 0.34467 9.0000 19.11 0.5275 0.5599 1.405073 
881.9966 16.679 172.155 -0.27471 0.03785 0.024 0.42124 9.0000 19.13 0.5380 0.6367 1.405722 
881.5890 19.626 199.156 -0.29538 -0.10261 0.018 0.38269 9.0000 19.18 0.5348 0.6569 1.406372 
881.1813 19.101 220.896 -0.21164 -0.18331 0.014 0.35577 9.0000 19.07 0.5458 0.6655 1.407023 
880.7736 28.806 213.049 -0.83327 -0.54214 0.307 0.63057 9.0000 19.42 0.6279 0.8391 1.407674 
880.3658 36.036 198.030 -1.63404 -0.53187 -0.008 0.55597 9.0000 19.09 0.6651 0.8905 1.408326 
879.9579 44.527 237.438 -4.11963 -6.45104 -0.017 0.12627 9.0000 19.27 1.0426 1.3112 1.408979 
879.5499 39.497 154.710 -1.37077 0.64765 0.015 0.29487 9.0000 19.25 0.6952 0.9107 1.409632 
879.1418 37.429 114.137 -0.73247 1.63461 0.094 0.48473 9.0000 19.36 1.2937 1.5140 1.410287 
878.7336 38.636 105.797 -0.41662 1.47261 -0.004 0.34566 9.0000 19.36 1.9341 2.0874 1.410942 
878.3253 38.718 102.771 -0.42317 1.86703 -0.208 0.42668 9.0000 19.73 2.2158 2.5719 1.411598 
877.9170 38.183 101.477 -0.41207 2.02964 1.162 0.50238 9.0000 19.55 2.3328 2.8606 1.412254 
877.5085 37.373 102.072 -0.43653 2.04111 213.760 0.56918 9.0000 19.77 2.2117 2.8703 1.412912 
877.1000 35.781 105.047 -0.51435 1.91330 1.344 0.66049 9.0000 19.86 1.8364 2.5628 1.413570 
876.6915 33.642 113.838 -0.66098 1.49593 1.046 0.68469 9.0000 19.88 1.2399 1.9963 1.414228 
876.2828 32.366 142.661 -0.99101 0.75601 0.030 0.58833 9.0000 19.80 0.7260 1.2444 1.414888 
875.8740 40.009 241.307 -1.72996 -3.16082 0.137 0.63415 9.0000 20.31 0.9405 1.1293 1.415548 
875.4651 25.531 151.470 -0.55907 0.30394 0.028 0.51417 9.0000 20.21 0.6978 1.6855 1.416209 
875.0562 21.297 164.770 -0.46165 0.12569 0.127 0.52044 9.0000 20.15 0.6447 0.8408 1.416871 
874.6472 5.315 171.327 -0.04969 0.00758 2.979 0.26780 9.0000 19.96 0.5995 1.8543 1.417534 
874.2380 31.064 17.873 0.68427 0.22065 0.000 0.38023 9.0000 20.23 0.6681 2.3925 1.418197 
873.8289 6.915 124.780 -0.09861 0.14199 0.917 0.70223 9.0000 20.04 0.6405 2.8249 1.418861 
873.4196 17.215 127.981 -0.17263 0.22111 0.963 0.40922 9.0000 20.64 0.5893 2.9544 1.419526 
873.0102 19.722 129.868 -0.19821 0.23732 0.136 0.37583 9.0000 20.48 0.5899 2.8018 1.420192 
872.6007 21.229 129.272 -0.18254 0.22324 -0.048 0.31516 9.0000 20.17 0.5665 2.3039 1.420858 
872.1912 24.288 101.572 -0.09115 0.44518 -0.082 0.40097 9.0000 20.63 0.5848 1.6374 1.421525 
871.7816 17.647 101.055 -0.07386 0.37805 -0.035 0.54415 9.0000 20.12 0.6605 0.7694 1.422193 
871.3718 16.862 96.026 -0.04079 0.38641 1.117 0.58209 9.0000 21.00 0.7817 1.5732 1.422862 
870.9620 12.105 114.443 -0.07553 0.16616 -0.088 0.40594 9.0000 20.73 0.5874 0.6549 1.423532 
870.5521 7.682 164.194 -0.09095 0.02575 1.080 0.34404 9.0000 20.87 0.5595 0.6675 1.424202 
870.1422 7.233 186.697 -0.09568 -0.01123 1.011 0.37339 9.0000 20.99 0.5518 0.6413 1.424873 
869.7321 10.334 131.298 -0.09840 0.11202 0.021 0.39527 9.0000 20.87 0.5649 0.6499 1.425545 
869.3219 17.250 111.002 -0.09174 0.23895 0.903 0.37243 9.0000 21.02 0.6021 0.6706 1.426217 
868.9117 20.831 101.874 -0.07767 0.36939 1.045 0.42422 9.0000 21.13 0.6550 0.6903 1.426891 
868.5013 23.120 96.990 -0.05816 0.47432 -0.008 0.45762 9.0000 21.14 0.7349 0.7439 1.427565 
868.0909 24.643 93.945 -0.03944 0.57188 0.882 0.49329 9.0000 21.24 0.8624 0.8766 1.428240 
867.6805 24.104 95.356 -0.05201 0.55485 -0.013 0.49812 9.0000 21.25 0.8373 0.8428 1.428915 
867.2699 22.699 95.266 -0.04504 0.48865 0.977 0.48395 9.0000 21.40 0.7352 0.7388 1.429592 
866.8592 22.115 94.461 -0.03663 0.46955 0.982 0.48380 9.0000 21.56 0.6991 0.7014 1.430269 
866.4485 19.416 92.651 -0.01991 0.43016 -0.159 0.53499 9.0000 21.35 0.6597 0.6620 1.430947 
866.0376 20.291 89.885 0.00091 0.45453 0.839 0.53066 9.0000 21.50 0.6522 0.6616 1.431626 
865.6267 19.738 92.156 -0.01756 0.46658 0.889 0.56691 9.0000 22.15 0.6656 0.6675 1.432306 
865.2157 19.416 93.553 -0.02734 0.44033 -0.010 0.54810 9.0000 21.60 0.6481 0.6593 1.432986 
864.8046 20.508 94.740 -0.03837 0.46281 0.898 0.53394 9.0000 21.73 0.6661 0.6903 1.433667 
864.3934 20.068 95.923 -0.04660 0.44921 0.879 0.53562 9.0000 21.84 0.6665 0.7039 1.434349 
863.9821 21.643 99.692 -0.08433 0.49374 1.002 0.53179 9.0000 21.70 0.6861 0.7383 1.435032 
863.5707 19.549 97.860 -0.06237 0.45179 -2.028 0.56126 9.0000 21.97 0.6883 0.7250 1.435716 
863.1593 15.357 97.323 -0.04249 0.33062 0.985 0.56110 9.0000 22.08 0.6279 0.6518 1.436400 
862.7477 15.753 93.442 -0.02236 0.37186 0.888 0.60777 9.0000 22.37 0.6698 0.6782 1.437085 
862.3361 15.271 89.897 0.00066 0.36934 -0.004 0.62595 9.0000 22.09 0.6784 0.6846 1.437771 
861.9244 16.099 88.187 0.01194 0.37735 0.902 0.59958 9.0000 22.28 0.6873 0.7100 1.438458 
861.5126 15.727 91.001 -0.00681 0.39008 -1.172 0.63777 9.0000 22.37 0.6983 0.7132 1.439145 
861.1008 13.134 91.746 -0.00911 0.29895 0.866 0.60599 9.0000 22.33 0.6462 0.6518 1.439834 
860.6888 11.968 93.068 -0.01459 0.27219 0.873 0.61406 9.0000 22.58 0.6291 0.6381 1.440523 
860.2767 12.631 93.263 -0.01617 0.28354 0.874 0.60185 9.0000 22.22 0.6193 0.6382 1.441213 
859.8646 14.649 92.455 -0.01345 0.31379 -0.003 0.55974 9.0000 22.56 0.6061 0.6347 1.441904 
859.4523 12.141 95.225 -0.02576 0.28169 0.871 0.62699 9.0000 22.69 0.6168 0.6437 1.442595 
859.0400 12.666 94.948 -0.02676 0.30908 3.449 0.65538 9.0000 22.63 0.6262 0.6483 1.443288 
858.6276 12.289 95.431 -0.03088 0.32476 0.852 0.71329 9.0000 23.05 0.6346 0.6492 1.443981 
858.2151 14.278 95.109 -0.03302 0.36935 0.875 0.68138 9.0000 23.20 0.6556 0.6618 1.444675 
857.8026 18.789 94.064 -0.03220 0.45312 0.916 0.59033 9.0000 22.87 0.7008 0.7033 1.445370 
857.3899 20.609 94.375 -0.03843 0.50232 0.879 0.57511 9.0000 23.05 0.7404 0.7501 1.446065 
856.9771 21.007 93.317 -0.02792 0.48173 0.876 0.53564 9.0000 22.52 0.7469 0.7502 1.446762 
856.5643 20.939 94.182 -0.03467 0.47412 0.859 0.53023 9.0000 22.98 0.7474 0.7507 1.447459 
856.1514 22.449 94.751 -0.04107 0.49411 0.001 0.49760 9.0000 23.39 0.7632 0.7669 1.448157 
855.7383 22.434 94.969 -0.04158 0.47818 0.932 0.48221 9.0000 23.46 0.7547 0.7584 1.448856 
855.3253 23.468 94.836 -0.04255 0.50292 0.908 0.47171 9.0000 23.30 0.7735 0.7776 1.449556 
854.9120 22.852 94.493 -0.04107 0.52275 1.055 0.51164 9.0000 23.13 0.7728 0.7754 1.450257 
854.4988 20.360 94.858 -0.04160 0.48945 0.914 0.57068 9.0000 23.31 0.7339 0.7358 1.450958 
854.0854 20.394 94.395 -0.03803 0.49486 0.950 0.57524 9.0000 23.26 0.7400 0.7427 1.451660 
853.6719 20.693 93.890 -0.03491 0.51338 0.943 0.58395 9.0000 23.55 0.7581 0.7611 1.452364 
853.2584 19.541 93.300 -0.02864 0.49672 0.892 0.61261 9.0000 23.60 0.7385 0.7406 1.453067 
852.8448 19.211 93.782 -0.03233 0.48898 0.844 0.61780 9.0000 23.62 0.7287 0.7305 1.453772 
852.4311 18.772 93.619 -0.02908 0.45979 0.959 0.59947 9.0000 23.34 0.7087 0.7103 1.454478 
852.0173 21.813 93.255 -0.02803 0.49284 0.882 0.51788 9.0000 23.59 0.7187 0.7201 1.455184 
851.6034 20.070 92.775 -0.02282 0.47068 0.869 0.55880 9.0000 23.66 0.7174 0.7187 1.455891 
851.1894 20.948 92.700 -0.02287 0.48502 0.868 0.54123 9.0000 23.55 0.7206 0.7224 1.456599 
850.7753 21.954 92.643 -0.02412 0.52253 0.934 0.54341 9.0000 23.59 0.7368 0.7382 1.457308 
850.3612 19.835 93.331 -0.02806 0.48216 0.996 0.58236 9.0000 23.79 0.7126 0.7139 1.458018 
849.9470 19.915 93.363 -0.02904 0.49430 0.831 0.59367 9.0000 23.72 0.7183 0.7198 1.458728 
849.5326 20.958 93.071 -0.02828 0.52719 0.980 0.58806 9.0000 23.75 0.7403 0.7418 1.459440 
849.1182 21.734 92.736 -0.02600 0.54395 0.852 0.57450 9.0000 24.05 0.7485 0.7496 1.460152 
848.7037 20.921 92.733 -0.02605 0.54562 0.868 0.61002 9.0000 24.01 0.7539 0.7552 1.460865 
848.2891 20.417 92.547 -0.02416 0.54308 0.902 0.62905 9.0000 24.12 0.7552 0.7564 1.461579 
847.8744 19.383 92.513 -0.02340 0.53306 0.877 0.66446 9.0000 24.59 0.7559 0.7571 1.462294 
847.4597 20.777 92.514 -0.02361 0.53784 0.870 0.60734 9.0000 24.48 0.7408 0.7418 1.463010 
847.0448 20.536 92.361 -0.02206 0.53496 0.855 0.61434 9.0000 24.59 0.7377 0.7387 1.463726 
846.6298 20.900 92.097 -0.01963 0.53625 0.872 0.60017 9.0000 24.94 0.7323 0.7334 1.464444 
846.2148 22.025 91.887 -0.01769 0.53706 0.841 0.55548 9.0000 24.55 0.7234 0.7243 1.465162 
845.7997 21.515 91.902 -0.01777 0.53508 0.863 0.57354 9.0000 24.92 0.7234 0.7247 1.465881 
845.3845 21.407 91.733 -0.01633 0.53965 0.858 0.58274 9.0000 24.77 0.7312 0.7325 1.466601 
844.9692 20.856 91.695 -0.01623 0.54846 0.862 0.61561 9.0000 24.81 0.7321 0.7334 1.467322 
844.5538 20.346 91.594 -0.01578 0.56735 0.892 0.66007 9.0000 24.59 0.7374 0.7389 1.468044 
844.1383 20.259 91.586 -0.01538 0.55555 0.828 0.65030 9.0000 24.69 0.7453 0.7469 1.468766 
843.7227 20.255 91.564 -0.01517 0.55568 0.862 0.65064 9.0000 25.28 0.7574 0.7594 1.469490 
843.3071 20.686 91.599 -0.01532 0.54899 0.809 0.62358 9.0000 25.10 0.7532 0.7551 1.470214 
842.8914 20.230 91.571 -0.01513 0.55170 0.874 0.64711 9.0000 25.10 0.7562 0.7580 1.470939 
842.4755 20.550 91.477 -0.01454 0.56391 0.857 0.64664 9.0000 25.30 0.7657 0.7675 1.471665 
842.0596 21.000 91.420 -0.01452 0.58557 0.859 0.65052 9.0000 25.38 0.7626 0.7643 1.472392 
841.6436 21.030 91.388 -0.01424 0.58765 0.841 0.65145 9.0000 25.50 0.7671 0.7690 1.473120 
841.2275 20.599 91.301 -0.01309 0.57604 0.825 0.65821 9.0000 25.54 0.7834 0.7852 1.473849 
840.8113 20.396 91.246 -0.01227 0.56398 0.821 0.65370 9.0000 25.74 0.7950 0.7971 1.474578 
840.3951 20.707 91.256 -0.01265 0.57696 0.830 0.65426 9.0000 25.65 0.7976 0.7996 1.475308 
839.9787 20.710 91.270 -0.01287 0.58075 0.845 0.65841 9.0000 25.63 0.7993 0.8013 1.476040 
839.5623 20.659 91.218 -0.01232 0.57964 0.848 0.65951 9.0000 26.05 0.8082 0.8102 1.476772 
839.1457 21.043 91.155 -0.01173 0.58157 0.893 0.64410 9.0000 25.99 0.8069 0.8090 1.477505 
838.7291 21.135 91.130 -0.01148 0.58198 0.848 0.64039 9.0000 25.93 0.8052 0.8074 1.478239 
838.3124 21.236 91.110 -0.01132 0.58447 0.847 0.63857 9.0000 26.23 0.8046 0.8070 1.478974 
837.8956 21.262 90.904 -0.00926 0.58654 0.853 0.63964 9.0000 26.47 0.8052 0.8074 1.479709 
837.4787 21.163 90.836 -0.00863 0.59203 0.859 0.65010 9.0000 26.38 0.8014 0.8035 1.480446 
837.0617 21.222 90.723 -0.00749 0.59286 0.919 0.64830 9.0000 26.30 0.8012 0.8034 1.481183 
836.6447 21.102 90.657 -0.00683 0.59571 0.867 0.65694 9.0000 26.38 0.8036 0.8060 1.481922 
836.2275 21.109 90.577 -0.00601 0.59710 0.857 0.65813 9.0000 26.80 0.8009 0.8031 1.482661 
835.8102 21.068 90.477 -0.00499 0.59938 0.844 0.66254 9.0000 27.00 0.8012 0.8035 1.483401 
835.3929 21.171 90.424 -0.00445 0.60133 0.843 0.65990 9.0000 26.77 0.8042 0.8065 1.484142 
834.9755 21.228 90.332 -0.00350 0.60339 0.828 0.65949 9.0000 26.92 0.8033 0.8056 1.484884 
834.5579 21.313 90.292 -0.00310 0.60726 0.833 0.65978 9.0000 27.11 0.8038 0.8060 1.485627 
834.1403 21.286 90.262 -0.00277 0.60536 0.852 0.65900 9.0000 27.16 0.8033 0.8056 1.486371 
833.7227 21.306 90.248 -0.00263 0.60628 0.823 0.65905 9.0000 27.13 0.8037 0.8060 1.487115 
833.3049 21.390 90.195 -0.00207 0.60718 0.847 0.65617 9.0000 27.45 0.8020 0.8041 1.487861 
832.8870 21.399 90.140 -0.00148 0.60858 0.834 0.65725 9.0000 27.28 0.8019 0.8040 1.488608 
832.4691 21.355 90.057 -0.00060 0.60639 0.854 0.65692 9.0000 27.73 0.8026 0.8046 1.489355 
832.0510 21.412 90.031 -0.00033 0.60872 0.868 0.65682 9.0000 27.89 0.8031 0.8050 1.490103 
831.6329 21.455 90.033 -0.00035 0.61052 0.865 0.65679 9.0000 27.68 0.8030 0.8049 1.490852 
831.2146 21.487 89.933 0.00071 0.61105 0.830 0.65585 9.0000 28.06 0.8035 0.8054 1.491603 
830.7963 21.584 89.962 0.00041 0.61493 0.856 0.65557 9.0000 28.20 0.8039 0.8058 1.492354 
830.3779 21.709 89.918 0.00089 0.61829 0.840 0.65342 9.0000 28.09 0.8053 0.8072 1.493106 
829.9594 21.735 89.878 0.00132 0.61983 0.841 0.65384 9.0000 28.95 0.8080 0.8098 1.493858 
829.5408 21.754 89.822 0.00194 0.62246 0.841 0.65578 9.0000 28.46 0.8100 0.8119 1.494612 
829.1221 21.747 89.762 0.00258 0.62217 0.836 0.65576 9.0000 28.24 0.8115 0.8134 1.495367 
828.7034 21.753 89.753 0.00268 0.62349 0.852 0.65688 9.0000 28.68 0.8126 0.8145 1.496123 
828.2845 21.733 89.716 0.00309 0.62244 0.871 0.65671 9.0000 29.05 0.8123 0.8141 1.496879 
827.8656 21.780 89.670 0.00360 0.62515 0.844 0.65740 9.0000 28.31 0.8136 0.8155 1.497637 
827.4465 21.817 89.622 0.00413 0.62604 0.865 0.65663 9.0000 28.99 0.8145 0.8164 1.498395 
827.0275 21.827 89.552 0.00491 0.62706 0.855 0.65724 9.0000 29.13 0.8166 0.8185 1.499154 
826.6082 21.828 89.524 0.00522 0.62817 0.840 0.65836 9.0000 29.06 0.8171 0.8189 1.499915 
826.1889 21.848 89.466 0.00587 0.62941 0.866 0.65874 9.0000 29.28 0.8192 0.8210 1.500676 
825.7695 21.868 89.443 0.00612 0.62973 0.863 0.65816 9.0000 29.65 0.8205 0.8224 1.501438 
825.3500 21.888 89.420 0.00637 0.62975 0.865 0.65730 9.0000 29.49 0.8220 0.8238 1.502201 
824.9305 21.874 89.426 0.00631 0.63011 0.840 0.65829 9.0000 29.22 0.8237 0.8255 1.502965 
824.5108 21.867 89.388 0.00674 0.63162 0.831 0.66019 9.0000 29.50 0.8244 0.8261 1.503730 
824.0911 21.872 89.340 0.00728 0.63259 0.845 0.66097 9.0000 29.61 0.8256 0.8273 1.504496 
823.6713 21.875 89.302 0.00772 0.63338 0.866 0.66168 9.0000 29.78 0.8265 0.8282 1.505263 
823.2513 21.886 89.299 0.00776 0.63420 0.856 0.66203 9.0000 29.52 0.8280 0.8297 1.506031 
822.8313 21.900 89.294 0.00782 0.63487 0.858 0.66209 9.0000 29.74 0.8278 0.8295 1.506800 
822.4112 21.922 89.305 0.00773 0.63710 0.859 0.66337 9.0000 29.91 0.8302 0.8319 1.507569 
821.9910 21.954 89.350 0.00724 0.63834 0.842 0.66319 9.0000 29.96 0.8326 0.8342 1.508340 
821.5707 21.938 89.340 0.00735 0.63830 0.846 0.66391 9.0000 30.34 0.8329 0.8346 1.509112 
821.1503 21.936 89.342 0.00733 0.63888 0.858 0.66461 9.0000 30.62 0.8330 0.8346 1.509884 
820.7299 21.959 89.335 0.00744 0.64137 0.866 0.66609 9.0000 30.84 0.8347 0.8363 1.510658 
820.3093 21.983 89.347 0.00732 0.64281 0.841 0.66647 9.0000 30.64 0.8369 0.8385 1.511432 
819.8886 22.023 89.330 0.00752 0.64270 0.841 0.66449 9.0000 30.53 0.8365 0.8382 1.512208 
819.4679 22.041 89.306 0.00780 0.64374 0.841 0.66475 9.0000 31.20 0.8374 0.8390 1.512984 
819.0471 22.069 89.314 0.00772 0.64541 0.854 0.66520 9.0000 30.99 0.8391 0.8407 1.513761 
818.6262 22.089 89.297 0.00794 0.64684 0.858 0.66573 9.0000 31.64 0.8401 0.8416 1.514540 
818.2051 22.099 89.265 0.00831 0.64762 0.852 0.66605 9.0000 31.33 0.8405 0.8420 1.515319 
817.7841 22.110 89.253 0.00846 0.64886 0.824 0.66681 9.0000 31.31 0.8410 0.8425 1.516099 
817.3629 22.103 89.270 0.00827 0.64910 0.843 0.66740 9.0000 31.52 0.8411 0.8426 1.516881 
816.9416 22.129 89.293 0.00803 0.65066 0.842 0.66780 9.0000 31.34 0.8432 0.8446 1.517663 
816.5202 22.135 89.277 0.00823 0.65214 0.848 0.66902 9.0000 31.73 0.8442 0.8457 1.518446 
816.0988 22.146 89.293 0.00807 0.65381 0.843 0.67024 9.0000 31.99 0.8454 0.8469 1.519230 
815.6772 22.176 89.255 0.00853 0.65571 0.844 0.67076 9.0000 31.87 0.8464 0.8479 1.520015 
815.2556 22.183 89.255 0.00853 0.65586 0.841 0.67061 9.0000 31.94 0.8465 0.8479 1.520801 
814.8338 22.207 89.271 0.00836 0.65716 0.828 0.67077 9.0000 31.95 0.8478 0.8493 1.521589 
814.4120 22.226 89.253 0.00858 0.65867 0.847 0.67146 9.0000 32.33 0.8490 0.8504 1.522377 
813.9901 22.231 89.291 0.00817 0.66004 0.846 0.67262 9.0000 32.74 0.8502 0.8516 1.523166 
813.5681 22.257 89.307 0.00800 0.66083 0.841 0.67221 9.0000 32.41 0.8513 0.8527 1.523956 
813.1460 22.257 89.271 0.00841 0.66110 0.842 0.67247 9.0000 32.59 0.8506 0.8520 1.524747 
812.7238 22.260 89.278 0.00834 0.66148 0.861 0.67271 9.0000 32.94 0.8507 0.8521 1.525539 
812.3015 22.305 89.233 0.00890 0.66472 0.855 0.67391 9.0000 33.13 0.8536 0.8551 1.526332 
811.8792 22.270 89.273 0.00842 0.66393 0.850 0.67472 9.0000 33.55 0.8531 0.8545 1.527126 
811.4567 22.278 89.273 0.00843 0.66462 0.844 0.67506 9.0000 33.66 0.8544 0.8558 1.527921 
811.0341 22.295 89.265 0.00852 0.66454 0.832 0.67417 9.0000 33.06 0.8541 0.8555 1.528717 
810.6115 22.295 89.326 0.00783 0.66543 0.847 0.67508 9.0000 33.35 0.8551 0.8565 1.529514 
810.1888 22.297 89.298 0.00816 0.66591 0.826 0.67544 9.0000 32.84 0.8548 0.8562 1.530312 
809.7659 22.326 89.259 0.00862 0.66691 0.833 0.67514 9.0000 33.75 0.8553 0.8566 1.531111 
809.3430 22.346 89.247 0.00877 0.66752 0.830 0.67481 9.0000 33.90 0.8551 0.8565 1.531912 
808.9200 22.368 89.171 0.00967 0.66843 0.846 0.67471 9.0000 33.71 0.8558 0.8572 1.532713 
808.4969 22.389 89.124 0.01023 0.66892 0.846 0.67420 9.0000 34.22 0.8561 0.8575 1.533515 
808.0737 22.403 89.100 0.01050 0.66880 0.854 0.67342 9.0000 34.20 0.8556 0.8570 1.534318 
807.6505 22.411 89.101 0.01051 0.66945 0.857 0.67372 9.0000 34.36 0.8564 0.8577 1.535122 
807.2271 22.406 89.102 0.01049 0.66973 0.845 0.67423 9.0000 34.32 0.8562 0.8575 1.535927 
806.8036 22.437 89.050 0.01113 0.67095 0.839 0.67398 9.0000 34.92 0.8562 0.8575 1.536733 
806.3801 22.468 89.027 0.01141 0.67150 0.842 0.67311 9.0000 34.39 0.8559 0.8572 1.537540 
805.9564 22.498 88.986 0.01190 0.67225 0.831 0.67243 9.0000 34.93 0.8561 0.8574 1.538349 
805.5327 22.520 88.955 0.01228 0.67280 0.838 0.67198 9.0000 34.73 0.8567 0.8581 1.539158 
805.1089 22.553 88.897 0.01296 0.67336 0.836 0.67100 9.0000 34.61 0.8568 0.8582 1.539968 
804.6850 22.576 88.887 0.01310 0.67441 0.848 0.67098 9.0000 34.99 0.8582 0.8596 1.540779 
804.2610 22.583 88.867 0.01334 0.67453 0.843 0.67079 9.0000 35.61 0.8579 0.8593 1.541591 
803.8369 22.605 88.835 0.01373 0.67543 0.840 0.67064 9.0000 35.03 0.8584 0.8597 1.542405 
803.4127 22.636 88.818 0.01395 0.67616 0.846 0.66990 9.0000 35.38 0.8593 0.8607 1.543219 
802.9884 22.654 88.811 0.01404 0.67680 0.860 0.66970 9.0000 35.32 0.8597 0.8611 1.544035 
802.5640 22.670 88.804 0.01415 0.67794 0.840 0.67009 9.0000 35.28 0.8607 0.8621 1.544851 
802.1396 22.673 88.788 0.01435 0.67799 0.849 0.67002 9.0000 36.14 0.8600 0.8613 1.545669 
801.7150 22.686 88.803 0.01418 0.67828 0.848 0.66969 9.0000 36.33 0.8603 0.8617 1.546487 
801.2903 22.718 88.759 0.01470 0.67891 0.844 0.66880 9.0000 36.13 0.8605 0.8618 1.547307 
800.8657 22.725 88.772 0.01455 0.67903 0.843 0.66861 9.0000 35.68 0.8607 0.8620 1.548127 
800.4408 22.721 88.754 0.01477 0.67873 0.849 0.66849 9.0000 35.53 0.8599 0.8612 1.548949 
800.0159 22.738 88.770 0.01458 0.67915 0.841 0.66812 9.0000 36.27 0.8598 0.8612 1.549772 
799.5909 22.753 88.725 0.01513 0.67940 0.835 0.66765 9.0000 36.09 0.8589 0.8603 1.550595 
799.1658 22.772 88.723 0.01516 0.68044 0.842 0.66781 9.0000 36.16 0.8598 0.8611 1.551420 
798.7406 22.799 88.679 0.01572 0.68161 0.847 0.66771 9.0000 36.25 0.8605 0.8618 1.552246 
798.3153 22.830 88.673 0.01581 0.68256 0.852 0.66718 9.0000 36.47 0.8614 0.8627 1.553073 
797.8899 22.870 88.632 0.01633 0.68408 0.851 0.66682 9.0000 37.00 0.8626 0.8639 1.553901 
797.4644 22.881 88.643 0.01622 0.68472 0.852 0.66693 9.0000 37.26 0.8629 0.8642 1.554730 
797.0389 22.910 88.607 0.01668 0.68601 0.851 0.66684 9.0000 37.04 0.8635 0.8648 1.555560 
796.6132 22.928 88.580 0.01703 0.68707 0.853 0.66707 9.0000 36.82 0.8643 0.8657 1.556391 
796.1875 22.938 88.560 0.01727 0.68701 0.848 0.66652 9.0000 37.39 0.8641 0.8655 1.557224 
795.7617 22.963 88.529 0.01766 0.68768 0.842 0.66605 9.0000 36.82 0.8639 0.8653 1.558057 
795.3357 22.991 88.488 0.01817 0.68817 0.852 0.66520 9.0000 37.31 0.8646 0.8660 1.558891 
794.9097 23.016 88.456 0.01857 0.68910 0.847 0.66495 9.0000 37.67 0.8654 0.8669 1.559727 
794.4836 23.037 88.404 0.01921 0.68931 0.851 0.66421 9.0000 37.73 0.8649 0.8664 1.560563 
794.0574 23.053 88.413 0.01912 0.68989 0.853 0.66401 9.0000 37.74 0.8658 0.8672 1.561401 
793.6310 23.074 88.389 0.01944 0.69101 0.846 0.66414 9.0000 38.31 0.8661 0.8675 1.562240 
793.2047 23.097 88.342 0.02002 0.69156 0.851 0.66358 9.0000 38.35 0.8665 0.8679 1.563079 
792.7782 23.111 88.324 0.02025 0.69185 0.851 0.66324 9.0000 37.84 0.8661 0.8675 1.563920 
792.3516 23.122 88.326 0.02024 0.69247 0.855 0.66334 9.0000 38.10 0.8661 0.8676 1.564762 
791.9249 23.122 88.326 0.02025 0.69272 0.842 0.66356 9.0000 37.72 0.8658 0.8672 1.565605 
791.4982 23.155 88.306 0.02052 0.69394 0.843 0.66319 9.0000 37.82 0.8660 0.8674 1.566449 
791.0714 23.169 88.298 0.02064 0.69445 0.835 0.66303 9.0000 38.36 0.8666 0.8681 1.567295 
790.6444 23.182 88.289 0.02076 0.69507 0.843 0.66301 9.0000 38.03 0.8674 0.8688 1.568141 
790.2173 23.196 88.278 0.02089 0.69506 0.846 0.66239 9.0000 38.24 0.8676 0.8691 1.568989 
789.7902 23.217 88.251 0.02124 0.69569 0.853 0.66200 9.0000 38.52 0.8675 0.8690 1.569837 
789.3630 23.232 88.236 0.02145 0.69631 0.846 0.66191 9.0000 38.12 0.8677 0.8692 1.570687 
788.9357 23.255 88.238 0.02145 0.69696 0.848 0.66146 9.0000 39.02 0.8682 0.8697 1.571537 
788.5083 23.268 88.226 0.02160 0.69729 0.840 0.66117 9.0000 39.11 0.8678 0.8693 1.572389 
788.0807 23.269 88.241 0.02142 0.69762 0.841 0.66146 9.0000 38.87 0.8682 0.8696 1.573242 
787.6532 23.287 88.226 0.02164 0.69848 0.846 0.66144 9.0000 38.80 0.8687 0.8702 1.574096 
787.2255 23.289 88.227 0.02161 0.69805 0.837 0.66094 9.0000 38.70 0.8681 0.8695 1.574951 
786.7977 23.290 88.179 0.02219 0.69810 0.842 0.66094 9.0000 39.26 0.8675 0.8688 1.575808 
786.3699 23.303 88.172 0.02230 0.69893 0.848 0.66116 9.0000 39.15 0.8679 0.8693 1.576665 
785.9419 23.314 88.177 0.02226 0.69949 0.842 0.66117 9.0000 39.29 0.8689 0.8703 1.577524 
785.5139 23.329 88.164 0.02243 0.69980 0.842 0.66075 9.0000 39.03 0.8693 0.8707 1.578383 
785.0857 23.341 88.145 0.02268 0.70025 0.846 0.66066 9.0000 39.80 0.8687 0.8701 1.579244 
784.6575 23.361 88.104 0.02320 0.70077 0.844 0.66024 9.0000 39.63 0.8688 0.8702 1.580106 
784.2291 23.366 88.113 0.02309 0.70100 0.850 0.66022 9.0000 39.97 0.8692 0.8705 1.580969 
783.8007 23.368 88.099 0.02327 0.70101 0.848 0.66012 9.0000 39.88 0.8691 0.8704 1.581833 
783.3722 23.380 88.089 0.02341 0.70132 0.840 0.65986 9.0000 39.93 0.8693 0.8706 1.582698 
782.9435 23.409 88.063 0.02373 0.70171 0.845 0.65893 9.0000 40.09 0.8695 0.8708 1.583565 
782.5148 23.425 88.060 0.02381 0.70286 0.838 0.65926 9.0000 40.22 0.8706 0.8720 1.584433 
782.0861 23.422 88.082 0.02354 0.70312 0.836 0.65960 9.0000 39.95 0.8711 0.8724 1.585301 
781.6572 23.425 88.091 0.02345 0.70325 0.841 0.65959 9.0000 39.67 0.8712 0.8725 1.586171 
781.2282 23.435 88.083 0.02355 0.70361 0.845 0.65947 9.0000 40.03 0.8713 0.8726 1.587042 
780.7991 23.450 88.089 0.02349 0.70386 0.848 0.65903 9.0000 40.16 0.8716 0.8729 1.587914 
780.3699 23.465 88.087 0.02353 0.70452 0.844 0.65895 9.0000 40.22 0.8723 0.8736 1.588788 
779.9407 23.476 88.088 0.02352 0.70467 0.853 0.65860 9.0000 40.44 0.8725 0.8738 1.589662 
779.5113 23.482 88.092 0.02348 0.70489 0.846 0.65852 9.0000 40.36 0.8724 0.8737 1.590537 
779.0818 23.513 88.066 0.02382 0.70529 0.858 0.65745 9.0000 40.48 0.8725 0.8738 1.591414 
778.6523 23.541 88.031 0.02428 0.70626 0.851 0.65708 9.0000 40.63 0.8729 0.8742 1.592292 
778.2227 23.562 88.011 0.02456 0.70711 0.842 0.65692 9.0000 40.88 0.8733 0.8746 1.593171 
777.7930 23.580 88.014 0.02453 0.70755 0.846 0.65652 9.0000 40.62 0.8740 0.8753 1.594051 
777.3632 23.603 88.013 0.02457 0.70832 0.847 0.65618 9.0000 40.59 0.8744 0.8757 1.594933 
776.9332 23.621 87.993 0.02483 0.70857 0.850 0.65558 9.0000 41.09 0.8747 0.8760 1.595815 
776.5032 23.635 87.979 0.02502 0.70911 0.843 0.65543 9.0000 41.30 0.8750 0.8762 1.596699 
776.0731 23.647 87.973 0.02511 0.70949 0.851 0.65526 9.0000 41.38 0.8750 0.8762 1.597584 
775.6429 23.660 87.939 0.02555 0.71000 0.858 0.65513 9.0000 40.86 0.8750 0.8762 1.598470 
775.2126 23.679 87.935 0.02560 0.70999 0.850 0.65427 9.0000 41.48 0.8748 0.8761 1.599357 
774.7822 23.701 87.925 0.02574 0.71038 0.855 0.65360 9.0000 41.79 0.8753 0.8766 1.600246 
774.3517 23.712 87.950 0.02544 0.71074 0.855 0.65344 9.0000 41.94 0.8754 0.8767 1.601135 
773.9212 23.726 87.938 0.02561 0.71127 0.850 0.65326 9.0000 41.57 0.8758 0.8771 1.602026 
773.4905 23.738 87.941 0.02559 0.71180 0.840 0.65320 9.0000 41.56 0.8762 0.8774 1.602918 
773.0598 23.757 87.937 0.02567 0.71267 0.841 0.65315 9.0000 42.42 0.8764 0.8777 1.603811 
772.6289 23.781 87.924 0.02585 0.71318 0.849 0.65251 9.0000 42.07 0.8769 0.8781 1.604706 
772.1980 23.809 87.906 0.02611 0.71394 0.853 0.65194 9.0000 42.02 0.8774 0.8786 1.605601 
771.7669 23.820 87.888 0.02633 0.71405 0.849 0.65157 9.0000 42.06 0.8775 0.8787 1.606498 
771.3358 23.831 87.889 0.02632 0.71400 0.848 0.65100 9.0000 42.38 0.8778 0.8790 1.607396 
770.9046 23.848 87.878 0.02647 0.71440 0.848 0.65060 9.0000 42.13 0.8782 0.8794 1.608295 
770.4733 23.866 87.875 0.02653 0.71497 0.847 0.65028 9.0000 42.42 0.8789 0.8801 1.609195 
770.0419 23.882 87.879 0.02650 0.71551 0.849 0.65005 9.0000 42.05 0.8794 0.8806 1.610097 
769.6104 23.903 87.883 0.02648 0.71631 0.848 0.64981 9.0000 42.58 0.8797 0.8809 1.610999 
769.1787 23.922 87.889 0.02643 0.71677 0.847 0.64935 9.0000 42.93 0.8797 0.8809 1.611904 
768.7471 23.926 87.895 0.02634 0.71663 0.852 0.64906 9.0000 42.89 0.8797 0.8808 1.612809 
768.3152 23.958 87.903 0.02628 0.71772 0.856 0.64859 9.0000 42.93 0.8804 0.8816 1.613715 
767.8834 23.984 87.886 0.02653 0.71862 0.854 0.64823 9.0000 43.23 0.8806 0.8817 1.614623 
767.4514 24.006 87.852 0.02698 0.71925 0.854 0.64779 9.0000 43.51 0.8808 0.8820 1.615531 
767.0193 24.027 87.841 0.02712 0.71959 0.852 0.64717 9.0000 43.57 0.8807 0.8818 1.616442 
766.5872 24.052 87.823 0.02739 0.72040 0.857 0.64675 9.0000 43.28 0.8810 0.8822 1.617353 
766.1549 24.067 87.805 0.02763 0.72085 0.856 0.64647 9.0000 43.67 0.8810 0.8821 1.618265 
765.7225 24.085 87.829 0.02735 0.72137 0.851 0.64613 9.0000 44.44 0.8810 0.8821 1.619179 
765.2901 24.108 87.834 0.02730 0.72185 0.850 0.64550 9.0000 44.03 0.8813 0.8824 1.620094 
764.8575 24.129 87.848 0.02715 0.72253 0.852 0.64513 9.0000 44.40 0.8816 0.8827 1.621010 
764.4249 24.148 87.842 0.02726 0.72345 0.855 0.64513 9.0000 44.12 0.8822 0.8833 1.621928 
763.9922 24.172 87.846 0.02725 0.72438 0.849 0.64487 9.0000 44.40 0.8829 0.8840 1.622846 
763.5593 24.202 87.825 0.02753 0.72498 0.857 0.64403 9.0000 44.81 0.8832 0.8843 1.623766 
763.1264 24.222 87.843 0.02732 0.72529 0.855 0.64340 9.0000 44.67 0.8833 0.8844 1.624687 
762.6934 24.242 87.823 0.02760 0.72609 0.861 0.64323 9.0000 45.08 0.8835 0.8846 1.625610 
762.2603 24.256 87.815 0.02770 0.72602 0.864 0.64251 9.0000 45.10 0.8832 0.8843 1.626533 
761.8271 24.273 87.810 0.02780 0.72672 0.860 0.64238 9.0000 45.52 0.8835 0.8846 1.627458 
761.3938 24.288 87.804 0.02787 0.72695 0.863 0.64191 9.0000 45.26 0.8836 0.8847 1.628385 
760.9604 24.312 87.778 0.02822 0.72727 0.857 0.64110 9.0000 44.98 0.8835 0.8846 1.629312 
760.5269 24.335 87.779 0.02824 0.72806 0.853 0.64075 9.0000 45.48 0.8838 0.8849 1.630241 
760.0933 24.362 87.771 0.02837 0.72897 0.858 0.64037 9.0000 45.96 0.8846 0.8857 1.631171 
759.6597 24.387 87.753 0.02863 0.72978 0.856 0.63996 9.0000 45.99 0.8851 0.8863 1.632102 
759.2259 24.403 87.765 0.02850 0.73001 0.864 0.63942 9.0000 45.73 0.8854 0.8865 1.633034 
758.7921 24.419 87.777 0.02837 0.73066 0.857 0.63925 9.0000 46.00 0.8858 0.8869 1.633968 
758.3581 24.444 87.759 0.02861 0.73125 0.861 0.63868 9.0000 46.23 0.8858 0.8870 1.634903 
757.9240 24.455 87.759 0.02861 0.73118 0.861 0.63813 9.0000 46.81 0.8855 0.8866 1.635839 
757.4899 24.475 87.757 0.02867 0.73180 0.865 0.63775 9.0000 46.95 0.8859 0.8870 1.636777 
757.0556 24.493 87.762 0.02861 0.73196 0.860 0.63707 9.0000 46.59 0.8858 0.8869 1.637716 
756.6213 24.520 87.760 0.02866 0.73275 0.858 0.63655 9.0000 46.24 0.8862 0.8873 1.638656 
756.1868 24.545 87.730 0.02907 0.73326 0.858 0.63589 9.0000 46.18 0.8862 0.8873 1.639597 
755.7523 24.556 87.740 0.02894 0.73332 0.858 0.63546 9.0000 46.12 0.8863 0.8874 1.640540 
755.3177 24.574 87.745 0.02890 0.73399 0.861 0.63520 9.0000 47.38 0.8866 0.8877 1.641484 
754.8830 24.592 87.756 0.02876 0.73405 0.869 0.63444 9.0000 47.08 0.8865 0.8876 1.642429 
754.4482 24.606 87.762 0.02868 0.73401 0.867 0.63380 9.0000 47.22 0.8865 0.8876 1.643376 
754.0132 24.623 87.775 0.02853 0.73445 0.872 0.63343 9.0000 47.97 0.8866 0.8877 1.644324 
753.5782 24.636 87.774 0.02857 0.73510 0.863 0.63337 9.0000 47.34 0.8868 0.8879 1.645273 
753.1431 24.653 87.769 0.02866 0.73560 0.867 0.63307 9.0000 48.06 0.8870 0.8881 1.646223 
752.7079 24.664 87.778 0.02855 0.73595 0.859 0.63286 9.0000 47.51 0.8871 0.8882 1.647175 
752.2726 24.683 87.780 0.02855 0.73644 0.865 0.63243 9.0000 48.58 0.8871 0.8882 1.648129 
751.8373 24.693 87.785 0.02849 0.73646 0.864 0.63201 9.0000 47.96 0.8868 0.8879 1.649083 
751.4018 24.717 87.757 0.02887 0.73727 0.867 0.63164 9.0000 48.55 0.8872 0.8883 1.650039 
750.9662 24.736 87.762 0.02883 0.73775 0.864 0.63121 9.0000 48.57 0.8877 0.8888 1.650996 
750.5306 24.751 87.768 0.02876 0.73797 0.868 0.63071 9.0000 48.57 0.8879 0.8890 1.651954 
750.0948 24.771 87.749 0.02902 0.73829 0.866 0.63012 9.0000 48.70 0.8876 0.8886 1.652914 
749.6589 24.788 87.752 0.02901 0.73888 0.873 0.62987 9.0000 48.62 0.8878 0.8888 1.653875 
749.2230 24.799 87.755 0.02897 0.73908 0.874 0.62952 9.0000 49.04 0.8878 0.8889 1.654837 
748.7869 24.810 87.764 0.02887 0.73938 0.873 0.62931 9.0000 49.38 0.8878 0.8889 1.655801 
748.3508 24.829 87.751 0.02906 0.74011 0.870 0.62905 9.0000 49.19 0.8880 0.8891 1.656766 
747.9146 24.845 87.769 0.02886 0.74079 0.875 0.62894 9.0000 49.30 0.8885 0.8896 1.657732 
747.4782 24.857 87.789 0.02861 0.74106 0.869 0.62861 9.0000 48.55 0.8887 0.8898 1.658700 
747.0417 24.869 87.791 0.02860 0.74155 0.878 0.62852 9.0000 49.10 0.8889 0.8900 1.659669 
746.6052 24.883 87.781 0.02875 0.74180 0.873 0.62810 9.0000 49.56 0.8888 0.8899 1.660639 
746.1686 24.906 87.761 0.02904 0.74256 0.873 0.62771 9.0000 49.94 0.8891 0.8901 1.661611 
745.7319 24.929 87.744 0.02929 0.74337 0.874 0.62741 9.0000 49.46 0.8893 0.8904 1.662584 
745.2950 24.947 87.741 0.02935 0.74406 0.877 0.62717 9.0000 49.58 0.8896 0.8907 1.663559 
744.8582 24.968 87.725 0.02958 0.74464 0.879 0.62673 9.0000 50.09 0.8897 0.8908 1.664534 
744.4211 24.980 87.730 0.02953 0.74495 0.874 0.62647 9.0000 49.73 0.8898 0.8909 1.665512 
743.9841 24.993 87.737 0.02946 0.74570 0.872 0.62654 9.0000 50.13 0.8902 0.8912 1.666490 
743.5468 25.011 87.721 0.02969 0.74593 0.877 0.62594 9.0000 49.81 0.8901 0.8912 1.667470 
743.1096 25.023 87.723 0.02967 0.74637 0.877 0.62575 9.0000 50.34 0.8903 0.8914 1.668451 
742.6722 25.035 87.743 0.02943 0.74665 0.879 0.62544 9.0000 50.03 0.8906 0.8916 1.669434 
742.2347 25.048 87.749 0.02936 0.74678 0.878 0.62497 9.0000 50.53 0.8905 0.8915 1.670418 
741.7971 25.059 87.732 0.02958 0.74688 0.883 0.62456 9.0000 50.90 0.8902 0.8913 1.671403 
741.3594 25.068 87.733 0.02956 0.74685 0.876 0.62414 9.0000 50.08 0.8901 0.8912 1.672390 
740.9216 25.079 87.747 0.02940 0.74725 0.888 0.62399 9.0000 51.36 0.8903 0.8913 1.673378 
740.4838 25.093 87.754 0.02932 0.74739 0.881 0.62348 9.0000 51.24 0.8903 0.8913 1.674367 
740.0458 25.102 87.775 0.02905 0.74754 0.880 0.62322 9.0000 51.48 0.8904 0.8914 1.675358 
739.6077 25.111 87.794 0.02880 0.74773 0.885 0.62294 9.0000 51.59 0.8904 0.8914 1.676351 
739.1696 25.126 87.796 0.02880 0.74827 0.882 0.62276 9.0000 51.24 0.8905 0.8915 1.677344 
738.7313 25.137 87.800 0.02876 0.74851 0.886 0.62245 9.0000 51.50 0.8905 0.8915 1.678339 
738.2930 25.152 87.793 0.02886 0.74867 0.885 0.62194 9.0000 51.98 0.8904 0.8914 1.679336 
737.8545 25.164 87.793 0.02887 0.74893 0.885 0.62160 9.0000 51.71 0.8904 0.8914 1.680334 
737.4160 25.181 87.795 0.02885 0.74940 0.887 0.62126 9.0000 51.65 0.8906 0.8915 1.681333 
736.9773 25.193 87.805 0.02873 0.74938 0.883 0.62071 9.0000 51.35 0.8905 0.8914 1.682334 
736.5386 25.204 87.806 0.02871 0.74949 0.887 0.62030 9.0000 51.50 0.8904 0.8913 1.683336 
736.0997 25.218 87.812 0.02864 0.74955 0.891 0.61973 9.0000 53.17 0.8903 0.8912 1.684340 
735.6608 25.233 87.826 0.02846 0.74990 0.891 0.61936 9.0000 52.32 0.8903 0.8912 1.685344 
735.2218 25.245 87.829 0.02844 0.75025 0.891 0.61911 9.0000 52.11 0.8904 0.8913 1.686351 
734.7827 25.251 87.856 0.02808 0.75003 0.889 0.61869 9.0000 52.22 0.8902 0.8911 1.687359 
734.3434 25.262 87.851 0.02815 0.75039 0.896 0.61847 9.0000 52.88 0.8901 0.8910 1.688368 
733.9041 25.279 87.839 0.02833 0.75073 0.901 0.61801 9.0000 53.03 0.8899 0.8908 1.689379 
733.4647 25.286 87.845 0.02824 0.75068 0.894 0.61766 9.0000 53.63 0.8898 0.8907 1.690391 
733.0252 25.292 87.864 0.02800 0.75089 0.895 0.61755 9.0000 53.09 0.8899 0.8908 1.691404 
732.5856 25.312 87.850 0.02822 0.75163 0.893 0.61729 9.0000 53.08 0.8901 0.8910 1.692419 
732.1459 25.323 87.852 0.02819 0.75166 0.896 0.61686 9.0000 53.10 0.8900 0.8909 1.693436 
731.7061 25.327 87.857 0.02812 0.75139 0.898 0.61643 9.0000 53.62 0.8897 0.8906 1.694453 
731.2662 25.338 87.873 0.02791 0.75163 0.892 0.61616 9.0000 53.39 0.8899 0.8907 1.695473 
730.8262 25.347 87.879 0.02784 0.75176 0.899 0.61588 9.0000 53.60 0.8899 0.8908 1.696494 
730.3861 25.352 87.903 0.02752 0.75148 0.901 0.61542 9.0000 53.75 0.8898 0.8907 1.697516 
729.9459 25.367 87.900 0.02755 0.75161 0.906 0.61487 9.0000 54.07 0.8897 0.8906 1.698539 
729.5057 25.377 87.904 0.02750 0.75139 0.906 0.61426 9.0000 53.36 0.8897 0.8906 1.699564 
729.0653 25.395 87.885 0.02777 0.75171 0.907 0.61374 9.0000 53.61 0.8898 0.8907 1.700591 
728.6248 25.400 87.890 0.02769 0.75162 0.902 0.61343 9.0000 53.28 0.8897 0.8905 1.701619 
728.1843 25.406 87.901 0.02755 0.75165 0.907 0.61320 9.0000 53.87 0.8896 0.8904 1.702648 
727.7436 25.417 87.907 0.02747 0.75163 0.901 0.61268 9.0000 53.83 0.8896 0.8904 1.703680 
727.3028 25.423 87.922 0.02727 0.75152 0.905 0.61233 9.0000 53.66 0.8895 0.8903 1.704712 
726.8619 25.438 87.906 0.02749 0.75182 0.907 0.61190 9.0000 53.99 0.8894 0.8902 1.705746 
726.4210 25.444 87.914 0.02738 0.75179 0.912 0.61164 9.0000 54.32 0.8893 0.8901 1.706781 
725.9799 25.456 87.918 0.02734 0.75214 0.910 0.61141 9.0000 53.90 0.8895 0.8903 1.707818 
725.5388 25.471 87.902 0.02755 0.75206 0.912 0.61066 9.0000 53.94 0.8893 0.8901 1.708857 
725.0975 25.491 87.882 0.02782 0.75228 0.917 0.60999 9.0000 54.43 0.8895 0.8903 1.709897 
724.6561 25.507 87.880 0.02786 0.75259 0.910 0.60956 9.0000 53.60 0.8897 0.8905 1.710938 
724.2147 25.510 87.887 0.02775 0.75235 0.913 0.60924 9.0000 54.26 0.8897 0.8905 1.711981 
723.7732 25.518 87.889 0.02773 0.75239 0.915 0.60892 9.0000 54.14 0.8896 0.8904 1.713025 
723.3315 25.527 87.897 0.02763 0.75234 0.910 0.60845 9.0000 53.53 0.8896 0.8904 1.714072 
722.8898 25.543 87.880 0.02786 0.75265 0.919 0.60805 9.0000 54.75 0.8897 0.8905 1.715119 
722.4479 25.555 87.879 0.02788 0.75271 0.917 0.60754 9.0000 54.61 0.8897 0.8904 1.716168 
722.0060 25.564 87.871 0.02798 0.75268 0.922 0.60713 9.0000 54.73 0.8896 0.8904 1.717218 
721.5640 25.587 87.849 0.02829 0.75321 0.915 0.60657 9.0000 54.34 0.8899 0.8906 1.718270 
721.1218 25.601 87.848 0.02831 0.75339 0.920 0.60614 9.0000 54.75 0.8900 0.8907 1.719324 
720.6796 25.612 87.853 0.02825 0.75368 0.920 0.60588 9.0000 55.17 0.8900 0.8908 1.720379 
720.2373 25.625 87.846 0.02835 0.75372 0.922 0.60534 9.0000 55.25 0.8901 0.8909 1.721435 
719.7949 25.632 87.861 0.02815 0.75360 0.918 0.60494 9.0000 55.08 0.8900 0.8908 1.722493 
719.3524 25.646 87.853 0.02827 0.75399 0.921 0.60466 9.0000 54.98 0.8904 0.8911 1.723553 
718.9097 25.657 87.848 0.02834 0.75410 0.927 0.60428 9.0000 55.09 0.8904 0.8911 1.724614 
718.4670 25.667 87.842 0.02842 0.75424 0.928 0.60394 9.0000 55.55 0.8905 0.8912 1.725677 
718.0242 25.691 87.823 0.02870 0.75505 0.932 0.60358 9.0000 55.93 0.8908 0.8915 1.726741 
717.5813 25.708 87.810 0.02889 0.75521 0.929 0.60298 9.0000 55.87 0.8908 0.8916 1.727807 
717.1383 25.726 87.798 0.02904 0.75537 0.926 0.60232 9.0000 54.87 0.8909 0.8916 1.728874 
716.6952 25.741 87.791 0.02915 0.75569 0.932 0.60195 9.0000 55.58 0.8910 0.8917 1.729943 
716.2520 25.758 87.782 0.02928 0.75594 0.934 0.60143 9.0000 56.03 0.8911 0.8918 1.731013 
715.8087 25.776 87.754 0.02966 0.75617 0.935 0.60083 9.0000 56.20 0.8911 0.8918 1.732086 
715.3653 25.795 87.739 0.02988 0.75655 0.938 0.60032 9.0000 56.42 0.8913 0.8920 1.733159 
714.9218 25.807 87.741 0.02984 0.75666 0.937 0.59990 9.0000 56.05 0.8914 0.8921 1.734234 
714.4782 25.824 87.729 0.03002 0.75702 0.938 0.59944 9.0000 56.13 0.8915 0.8922 1.735311 
714.0345 25.846 87.699 0.03043 0.75743 0.942 0.59882 9.0000 56.26 0.8916 0.8923 1.736389 
713.5907 25.864 87.686 0.03062 0.75781 0.941 0.59837 9.0000 56.38 0.8918 0.8925 1.737469 
713.1469 25.880 87.665 0.03090 0.75785 0.937 0.59772 9.0000 55.61 0.8917 0.8924 1.738550 
712.7028 25.895 87.649 0.03112 0.75809 0.942 0.59726 9.0000 56.16 0.8918 0.8925 1.739634 
712.2588 25.919 87.628 0.03142 0.75854 0.944 0.59661 9.0000 56.97 0.8922 0.8929 1.740718 
711.8146 25.940 87.612 0.03165 0.75897 0.945 0.59606 9.0000 56.38 0.8924 0.8931 1.741805 
711.3703 25.961 87.589 0.03197 0.75937 0.951 0.59548 9.0000 57.01 0.8926 0.8933 1.742892 
710.9259 25.984 87.558 0.03241 0.75991 0.950 0.59492 9.0000 56.38 0.8928 0.8935 1.743982 
710.4814 26.001 87.544 0.03260 0.76019 0.946 0.59441 9.0000 56.58 0.8929 0.8936 1.745073 
710.0369 26.023 87.532 0.03278 0.76070 0.950 0.59390 9.0000 56.79 0.8931 0.8938 1.746165 
709.5922 26.041 87.518 0.03299 0.76119 0.953 0.59352 9.0000 56.45 0.8933 0.8940 1.747260 
709.1474 26.063 87.507 0.03317 0.76167 0.950 0.59296 9.0000 57.12 0.8936 0.8943 1.748356 
708.7026 26.081 87.497 0.03331 0.76205 0.956 0.59250 9.0000 57.47 0.8937 0.8944 1.749453 
708.2576 26.101 87.487 0.03346 0.76244 0.956 0.59193 9.0000 57.34 0.8939 0.8946 1.750552 
707.8125 26.118 87.478 0.03361 0.76282 0.959 0.59151 9.0000 56.67 0.8940 0.8947 1.751653 
707.3674 26.142 87.455 0.03392 0.76319 0.962 0.59079 9.0000 56.95 0.8941 0.8948 1.752755 
706.9221 26.164 87.439 0.03415 0.76369 0.962 0.59025 9.0000 57.66 0.8944 0.8951 1.753859 
706.4767 26.188 87.420 0.03443 0.76407 0.964 0.58954 9.0000 57.84 0.8946 0.8953 1.754965 
706.0313 26.210 87.388 0.03487 0.76455 0.967 0.58899 9.0000 57.87 0.8946 0.8953 1.756072 
705.5857 26.232 87.375 0.03507 0.76499 0.964 0.58840 9.0000 58.11 0.8949 0.8956 1.757181 
705.1401 26.254 87.363 0.03526 0.76566 0.962 0.58796 9.0000 57.47 0.8952 0.8959 1.758292 
704.6943 26.276 87.353 0.03543 0.76627 0.965 0.58749 9.0000 57.41 0.8955 0.8962 1.759404 
704.2484 26.296 87.337 0.03566 0.76662 0.970 0.58694 9.0000 57.19 0.8955 0.8962 1.760518 
703.8025 26.314 87.324 0.03585 0.76701 0.977 0.58646 9.0000 57.48 0.8954 0.8961 1.761633 
703.3564 26.336 87.295 0.03626 0.76753 0.978 0.58596 9.0000 57.20 0.8955 0.8962 1.762751 
702.9103 26.359 87.282 0.03646 0.76816 0.975 0.58545 9.0000 58.32 0.8958 0.8965 1.763869 
702.4641 26.384 87.254 0.03687 0.76873 0.977 0.58484 9.0000 58.63 0.8961 0.8968 1.764990 
702.0177 26.409 87.239 0.03710 0.76939 0.979 0.58431 9.0000 58.26 0.8963 0.8971 1.766112 
701.5712 26.431 87.223 0.03735 0.76999 0.976 0.58383 9.0000 58.52 0.8966 0.8973 1.767236 
701.1247 26.453 87.216 0.03748 0.77074 0.985 0.58346 9.0000 58.55 0.8969 0.8977 1.768361 
700.6780 26.476 87.207 0.03763 0.77138 0.985 0.58298 9.0000 57.99 0.8972 0.8979 1.769489 
700.2313 26.497 87.195 0.03782 0.77198 0.990 0.58254 9.0000 58.50 0.8974 0.8982 1.770618 
699.7844 26.518 87.182 0.03804 0.77265 0.992 0.58217 9.0000 57.68 0.8978 0.8985 1.771748 
699.3375 26.539 87.170 0.03822 0.77321 0.989 0.58173 9.0000 57.94 0.8980 0.8988 1.772881 
698.8904 26.560 87.150 0.03852 0.77376 0.990 0.58127 9.0000 58.69 0.8982 0.8989 1.774015 
698.4433 26.584 87.140 0.03869 0.77433 0.990 0.58067 9.0000 58.31 0.8985 0.8992 1.775150 
697.9961 26.610 87.112 0.03911 0.77527 0.997 0.58029 9.0000 58.22 0.8990 0.8997 1.776288 
697.5488 26.632 87.097 0.03934 0.77578 0.998 0.57975 9.0000 58.48 0.8992 0.8999 1.777427 
697.1013 26.651 87.088 0.03949 0.77621 1.003 0.57929 9.0000 58.43 0.8993 0.9001 1.778568 
696.6537 26.672 87.080 0.03962 0.77677 1.007 0.57879 9.0000 58.70 0.8995 0.9003 1.779711 
696.2061 26.698 87.062 0.03990 0.77742 1.006 0.57822 9.0000 58.16 0.8997 0.9005 1.780855 
695.7584 26.723 87.053 0.04005 0.77797 1.008 0.57757 9.0000 58.34 0.8999 0.9007 1.782001 
695.3105 26.746 87.038 0.04028 0.77854 1.012 0.57702 9.0000 59.40 0.9000 0.9008 1.783149 
694.8626 26.770 87.023 0.04052 0.77921 1.009 0.57650 9.0000 59.28 0.9004 0.9012 1.784298 
694.4146 26.792 87.012 0.04070 0.77975 1.009 0.57601 9.0000 59.09 0.9007 0.9015 1.785449 
693.9664 26.816 87.004 0.04085 0.78036 1.017 0.57545 9.0000 58.21 0.9010 0.9018 1.786602 
693.5182 26.844 86.986 0.04114 0.78126 1.014 0.57494 9.0000 58.28 0.9014 0.9021 1.787757 
693.0699 26.869 86.981 0.04124 0.78192 1.023 0.57439 9.0000 58.45 0.9016 0.9024 1.788913 
692.6215 26.893 86.974 0.04138 0.78270 1.020 0.57394 9.0000 58.80 0.9019 0.9027 1.790071 
692.1729 26.916 86.968 0.04149 0.78333 1.026 0.57346 9.0000 58.83 0.9020 0.9028 1.791231 
691.7243 26.938 86.961 0.04161 0.78391 1.023 0.57295 9.0000 59.34 0.9023 0.9031 1.792393 
691.2756 26.966 86.947 0.04185 0.78449 1.020 0.57221 9.0000 58.86 0.9026 0.9033 1.793557 
690.8267 26.987 86.936 0.04202 0.78500 1.031 0.57171 9.0000 58.58 0.9028 0.9036 1.794722 
690.3778 27.012 86.923 0.04223 0.78578 1.028 0.57121 9.0000 58.29 0.9031 0.9039 1.795889 
689.9288 27.035 86.915 0.04239 0.78640 1.037 0.57070 9.0000 58.00 0.9034 0.9042 1.797058 
689.4797 27.061 86.897 0.04267 0.78698 1.036 0.57004 9.0000 58.43 0.9037 0.9045 1.798228 
689.0304 27.086 86.886 0.04283 0.78737 1.035 0.56929 9.0000 57.60 0.9038 0.9046 1.799401 
688.5811 27.110 86.876 0.04300 0.78799 1.037 0.56873 9.0000 59.17 0.9041 0.9049 1.800575 
688.1317 27.131 86.867 0.04316 0.78853 1.035 0.56826 9.0000 58.76 0.9043 0.9051 1.801751 
687.6821 27.152 86.862 0.04325 0.78900 1.039 0.56774 9.0000 59.08 0.9045 0.9052 1.802929 
687.2325 27.178 86.843 0.04355 0.78958 1.049 0.56706 9.0000 59.06 0.9047 0.9055 1.804108 
686.7828 27.201 86.837 0.04366 0.79007 1.055 0.56644 9.0000 59.03 0.9048 0.9056 1.805290 
686.3329 27.224 86.832 0.04376 0.79073 1.053 0.56598 9.0000 58.47 0.9050 0.9058 1.806473 
685.8830 27.247 86.824 0.04390 0.79122 1.053 0.56536 9.0000 58.38 0.9052 0.9060 1.807658 
685.4330 27.276 86.816 0.04405 0.79189 1.055 0.56466 9.0000 58.84 0.9054 0.9062 1.808845 
684.9828 27.302 86.810 0.04417 0.79254 1.057 0.56402 9.0000 58.78 0.9058 0.9066 1.810034 
684.5327 27.323 86.802 0.04429 0.79287 1.056 0.56338 9.0000 59.05 0.9058 0.9066 1.811224 
684.0823 27.345 86.797 0.04439 0.79329 1.065 0.56276 9.0000 58.58 0.9059 0.9067 1.812416 
683.6319 27.369 86.792 0.04449 0.79371 1.073 0.56206 9.0000 58.69 0.9060 0.9069 1.813610 
683.1813 27.390 86.786 0.04459 0.79420 1.074 0.56157 9.0000 58.31 0.9061 0.9069 1.814807 
682.7307 27.417 86.768 0.04489 0.79487 1.078 0.56091 9.0000 58.68 0.9064 0.9072 1.816004 
682.2800 27.442 86.764 0.04497 0.79524 1.078 0.56014 9.0000 58.80 0.9065 0.9073 1.817204 
681.8292 27.467 86.754 0.04513 0.79570 1.074 0.55941 9.0000 58.18 0.9067 0.9076 1.818405 
681.3782 27.491 86.744 0.04530 0.79618 1.077 0.55875 9.0000 58.64 0.9069 0.9077 1.819609 
680.9272 27.513 86.734 0.04545 0.79649 1.088 0.55809 9.0000 58.18 0.9070 0.9078 1.820814 
680.4761 27.537 86.722 0.04564 0.79685 1.085 0.55735 9.0000 58.59 0.9071 0.9079 1.822021 
680.0248 27.558 86.714 0.04577 0.79720 1.092 0.55674 9.0000 58.35 0.9072 0.9080 1.823230 
679.5735 27.582 86.705 0.04592 0.79764 1.094 0.55605 9.0000 58.42 0.9074 0.9082 1.824441 
679.1221 27.604 86.696 0.04606 0.79790 1.097 0.55533 9.0000 58.40 0.9075 0.9083 1.825654 
678.6705 27.626 86.692 0.04615 0.79830 1.104 0.55468 9.0000 59.15 0.9076 0.9085 1.826869 
678.2189 27.648 86.684 0.04628 0.79873 1.104 0.55408 9.0000 59.20 0.9077 0.9085 1.828085 
677.7672 27.671 86.669 0.04652 0.79920 1.106 0.55345 9.0000 58.21 0.9079 0.9087 1.829303 
677.3154 27.693 86.659 0.04667 0.79957 1.110 0.55282 9.0000 58.09 0.9079 0.9087 1.830524 
676.8634 27.715 86.651 0.04682 0.80012 1.117 0.55228 9.0000 58.79 0.9082 0.9090 1.831746 
676.4114 27.735 86.643 0.04694 0.80037 1.121 0.55163 9.0000 58.71 0.9082 0.9091 1.832970 
675.9592 27.754 86.634 0.04710 0.80075 1.123 0.55114 9.0000 58.85 0.9084 0.9092 1.834196 
675.5070 27.776 86.622 0.04728 0.80105 1.125 0.55042 9.0000 58.83 0.9086 0.9094 1.835424 
675.0547 27.795 86.622 0.04730 0.80136 1.126 0.54987 9.0000 58.49 0.9087 0.9095 1.836654 
674.6022 27.815 86.615 0.04741 0.80158 1.130 0.54922 9.0000 58.49 0.9087 0.9095 1.837886 
674.1497 27.835 86.608 0.04753 0.80199 1.135 0.54864 9.0000 58.97 0.9088 0.9096 1.839120 
673.6971 27.855 86.602 0.04763 0.80220 1.136 0.54799 9.0000 58.34 0.9089 0.9097 1.840355 
673.2443 27.877 86.597 0.04773 0.80267 1.144 0.54742 9.0000 58.88 0.9091 0.9099 1.841593 
672.7915 27.897 86.589 0.04786 0.80299 1.149 0.54679 9.0000 59.27 0.9093 0.9101 1.842832 
672.3386 27.917 86.581 0.04798 0.80319 1.153 0.54611 9.0000 58.97 0.9096 0.9103 1.844074 
671.8855 27.935 86.574 0.04810 0.80346 1.148 0.54559 9.0000 58.56 0.9097 0.9105 1.845317 
671.4324 27.954 86.567 0.04822 0.80378 1.160 0.54503 9.0000 58.73 0.9099 0.9107 1.846563 
670.9791 27.974 86.559 0.04836 0.80417 1.156 0.54446 9.0000 59.14 0.9100 0.9108 1.847810 
670.5258 27.996 86.549 0.04852 0.80452 1.168 0.54381 9.0000 58.85 0.9102 0.9110 1.849059 
670.0723 28.015 86.537 0.04870 0.80481 1.176 0.54323 9.0000 59.48 0.9105 0.9112 1.850311 
669.6188 28.035 86.531 0.04880 0.80504 1.174 0.54256 9.0000 58.49 0.9107 0.9115 1.851564 
669.1651 28.054 86.524 0.04891 0.80534 1.186 0.54201 9.0000 59.53 0.9109 0.9117 1.852819 
668.7114 28.075 86.520 0.04899 0.80568 1.184 0.54137 9.0000 59.16 0.9110 0.9118 1.854076 
668.2575 28.094 86.518 0.04905 0.80602 1.184 0.54083 9.0000 58.97 0.9111 0.9119 1.855336 
667.8035 28.115 86.509 0.04919 0.80642 1.186 0.54026 9.0000 59.17 0.9113 0.9120 1.856597 
667.3495 28.132 86.499 0.04935 0.80670 1.195 0.53973 9.0000 59.28 0.9114 0.9121 1.857860 
666.8953 28.151 86.493 0.04945 0.80700 1.205 0.53915 9.0000 59.34 0.9116 0.9124 1.859125 
666.4411 28.171 86.487 0.04956 0.80731 1.206 0.53856 9.0000 58.30 0.9118 0.9126 1.860392 
665.9868 28.190 86.484 0.04962 0.80767 1.205 0.53805 9.0000 58.90 0.9122 0.9129 1.861661 
665.5323 28.209 86.475 0.04977 0.80806 1.215 0.53754 9.0000 59.46 0.9124 0.9132 1.862933 
665.0777 28.228 86.470 0.04987 0.80847 1.216 0.53704 9.0000 58.58 0.9126 0.9134 1.864206 
664.6230 28.246 86.463 0.04999 0.80876 1.219 0.53650 9.0000 59.38 0.9128 0.9136 1.865482 
664.1683 28.266 86.458 0.05008 0.80911 1.224 0.53590 9.0000 59.16 0.9130 0.9138 1.866759 
663.7134 28.285 86.452 0.05019 0.80941 1.230 0.53535 9.0000 59.00 0.9132 0.9140 1.868038 
663.2584 28.302 86.442 0.05034 0.80959 1.233 0.53479 9.0000 59.20 0.9134 0.9141 1.869319 
662.8034 28.319 86.435 0.05046 0.80983 1.239 0.53424 9.0000 57.95 0.9135 0.9143 1.870603 
662.3482 28.338 86.428 0.05057 0.81018 1.246 0.53372 9.0000 59.19 0.9137 0.9144 1.871888 
661.8929 28.356 86.421 0.05070 0.81057 1.251 0.53324 9.0000 59.43 0.9139 0.9147 1.873176 
661.4376 28.374 86.415 0.05080 0.81089 1.254 0.53271 9.0000 58.88 0.9142 0.9149 1.874465 
660.9821 28.392 86.409 0.05090 0.81112 1.259 0.53217 9.0000 59.30 0.9144 0.9151 1.875757 
660.5265 28.410 86.406 0.05097 0.81136 1.264 0.53159 9.0000 58.09 0.9144 0.9152 1.877051 
660.0708 28.428 86.402 0.05103 0.81160 1.274 0.53100 9.0000 59.44 0.9146 0.9153 1.878347 
659.6151 28.450 86.394 0.05118 0.81208 1.278 0.53044 9.0000 59.40 0.9149 0.9156 1.879644 
659.1592 28.471 86.389 0.05127 0.81246 1.282 0.52985 9.0000 59.20 0.9151 0.9159 1.880945 
658.7032 28.488 86.382 0.05139 0.81275 1.278 0.52935 9.0000 58.72 0.9153 0.9161 1.882247 
658.2471 28.502 86.375 0.05150 0.81301 1.294 0.52894 9.0000 59.51 0.9156 0.9164 1.883551 
657.7909 28.519 86.371 0.05158 0.81323 1.296 0.52842 9.0000 59.36 0.9160 0.9167 1.884857 
657.3346 28.537 86.368 0.05164 0.81356 1.312 0.52791 9.0000 59.10 0.9161 0.9168 1.886166 
656.8782 28.555 86.367 0.05168 0.81394 1.312 0.52740 9.0000 58.99 0.9162 0.9169 1.887476 
656.4218 28.573 86.363 0.05176 0.81422 1.318 0.52689 9.0000 59.06 0.9163 0.9170 1.888788 
655.9651 28.589 86.359 0.05182 0.81449 1.327 0.52640 9.0000 58.98 0.9164 0.9172 1.890103 
655.5084 28.608 86.350 0.05198 0.81473 1.328 0.52582 9.0000 58.41 0.9167 0.9175 1.891420 
655.0516 28.624 86.342 0.05209 0.81482 1.342 0.52521 9.0000 58.68 0.9169 0.9177 1.892739 
654.5947 28.639 86.334 0.05222 0.81497 1.347 0.52471 9.0000 59.13 0.9171 0.9179 1.894060 
654.1377 28.656 86.329 0.05230 0.81527 1.348 0.52422 9.0000 58.72 0.9173 0.9180 1.895384 
653.6806 28.671 86.323 0.05241 0.81540 1.359 0.52373 9.0000 58.97 0.9174 0.9181 1.896709 
653.2234 28.688 86.319 0.05248 0.81567 1.364 0.52320 9.0000 59.61 0.9176 0.9183 1.898037 
652.7661 28.705 86.315 0.05254 0.81591 1.367 0.52268 9.0000 58.82 0.9178 0.9186 1.899366 
652.3087 28.721 86.309 0.05264 0.81613 1.376 0.52217 9.0000 58.79 0.9180 0.9187 1.900698 
651.8511 28.736 86.310 0.05265 0.81632 1.385 0.52169 9.0000 58.55 0.9182 0.9189 1.902032 
651.3936 28.751 86.307 0.05271 0.81671 1.398 0.52133 9.0000 58.47 0.9186 0.9193 1.903368 
650.9358 28.768 86.309 0.05271 0.81709 1.407 0.52092 9.0000 59.51 0.9187 0.9194 1.904707 
650.4780 28.787 86.309 0.05274 0.81748 1.409 0.52040 9.0000 58.85 0.9190 0.9197 1.906047 
650.0201 28.806 86.307 0.05279 0.81792 1.415 0.51989 9.0000 58.30 0.9193 0.9200 1.907390 
649.5620 28.825 86.306 0.05283 0.81831 1.412 0.51940 9.0000 58.97 0.9196 0.9203 1.908735 
649.1039 28.843 86.301 0.05292 0.81846 1.423 0.51875 9.0000 58.22 0.9199 0.9206 1.910082 
648.6457 28.860 86.290 0.05308 0.81868 1.434 0.51823 9.0000 57.90 0.9202 0.9209 1.911432 
648.1873 28.881 86.288 0.05314 0.81907 1.448 0.51766 9.0000 58.43 0.9205 0.9212 1.912783 
647.7289 28.897 86.280 0.05328 0.81942 1.462 0.51723 9.0000 59.07 0.9208 0.9215 1.914137 
647.2703 28.916 86.275 0.05337 0.81977 1.460 0.51667 9.0000 58.69 0.9211 0.9218 1.915493 
646.8117 28.933 86.265 0.05353 0.82007 1.468 0.51622 9.0000 58.19 0.9213 0.9220 1.916851 
646.3530 28.952 86.259 0.05363 0.82031 1.466 0.51562 9.0000 57.18 0.9216 0.9223 1.918212 
645.8941 28.968 86.254 0.05372 0.82056 1.489 0.51512 9.0000 58.92 0.9218 0.9225 1.919575 
645.4351 28.986 86.247 0.05384 0.82081 1.493 0.51456 9.0000 58.00 0.9221 0.9228 1.920940 
644.9761 29.006 86.244 0.05391 0.82118 1.507 0.51399 9.0000 58.02 0.9223 0.9230 1.922307 
644.5169 29.022 86.228 0.05416 0.82144 1.506 0.51352 9.0000 58.29 0.9227 0.9234 1.923676 
644.0577 29.041 86.212 0.05441 0.82180 1.511 0.51299 9.0000 58.22 0.9229 0.9236 1.925048 
643.5983 29.058 86.200 0.05461 0.82215 1.523 0.51256 9.0000 57.75 0.9232 0.9239 1.926422 
643.1389 29.075 86.196 0.05469 0.82258 1.533 0.51213 9.0000 58.29 0.9235 0.9241 1.927798 
642.6793 29.090 86.194 0.05475 0.82292 1.547 0.51176 9.0000 58.57 0.9238 0.9244 1.929177 
642.2196 29.107 86.180 0.05497 0.82319 1.544 0.51125 9.0000 57.55 0.9241 0.9248 1.930558 
641.7598 29.128 86.172 0.05511 0.82362 1.557 0.51070 9.0000 57.05 0.9243 0.9250 1.931941 
641.2999 29.148 86.160 0.05531 0.82406 1.568 0.51017 9.0000 57.46 0.9247 0.9254 1.933326 
640.8400 29.171 86.149 0.05550 0.82455 1.572 0.50956 9.0000 57.54 0.9250 0.9257 1.934714 
640.3799 29.188 86.143 0.05562 0.82492 1.591 0.50914 9.0000 57.62 0.9252 0.9258 1.936104 
639.9197 29.209 86.130 0.05583 0.82542 1.613 0.50859 9.0000 58.39 0.9256 0.9263 1.937496 
639.4594 29.228 86.126 0.05592 0.82578 1.611 0.50807 9.0000 58.30 0.9258 0.9265 1.938891 
638.9990 29.245 86.115 0.05610 0.82594 1.615 0.50749 9.0000 58.86 0.9262 0.9269 1.940288 
638.5385 29.264 86.108 0.05622 0.82628 1.637 0.50697 9.0000 58.89 0.9264 0.9271 1.941687 
638.0779 29.281 86.101 0.05633 0.82645 1.637 0.50639 9.0000 59.42 0.9268 0.9274 1.943089 
637.6172 29.297 86.091 0.05650 0.82675 1.635 0.50594 9.0000 58.69 0.9271 0.9277 1.944493 
637.1564 29.318 86.086 0.05660 0.82728 1.644 0.50543 9.0000 58.74 0.9276 0.9283 1.945899 
636.6954 29.337 86.081 0.05670 0.82767 1.662 0.50492 9.0000 59.19 0.9279 0.9286 1.947308 
636.2344 29.359 86.062 0.05700 0.82810 1.676 0.50434 9.0000 58.92 0.9282 0.9288 1.948719 
635.7733 29.378 86.053 0.05715 0.82830 1.675 0.50371 9.0000 59.00 0.9283 0.9290 1.950132 
635.3121 29.392 86.043 0.05730 0.82839 1.683 0.50320 9.0000 57.96 0.9286 0.9292 1.951548 
634.8508 29.409 86.028 0.05755 0.82883 1.689 0.50280 9.0000 58.49 0.9290 0.9297 1.952966 
634.3893 29.429 86.020 0.05769 0.82916 1.707 0.50223 9.0000 58.16 0.9291 0.9297 1.954387 
633.9278 29.455 86.006 0.05795 0.82999 1.719 0.50172 9.0000 58.68 0.9291 0.9298 1.955809 
633.4662 29.485 85.994 0.05818 0.83076 1.736 0.50097 9.0000 58.56 0.9295 0.9301 1.957235 
633.0044 29.507 85.987 0.05831 0.83121 1.745 0.50038 9.0000 58.57 0.9297 0.9304 1.958662 
632.5425 29.528 85.982 0.05841 0.83149 1.750 0.49975 9.0000 58.51 0.9296 0.9302 1.960093 
632.0806 29.548 85.978 0.05848 0.83176 1.762 0.49911 9.0000 58.73 0.9300 0.9307 1.961525 
631.6186 29.559 85.982 0.05842 0.83161 1.763 0.49857 9.0000 57.67 0.9297 0.9304 1.962960 
631.1564 29.578 85.986 0.05837 0.83186 1.792 0.49798 9.0000 58.51 0.9304 0.9310 1.964397 
630.6942 29.591 85.970 0.05860 0.83173 1.788 0.49740 9.0000 58.75 0.9314 0.9320 1.965837 
630.2318 29.601 85.952 0.05887 0.83190 1.818 0.49709 9.0000 58.43 0.9324 0.9330 1.967279 
629.7693 29.602 85.946 0.05894 0.83162 1.822 0.49691 9.0000 57.82 0.9334 0.9340 1.968724 
629.3068 29.622 85.933 0.05919 0.83230 1.829 0.49652 9.0000 58.73 0.9339 0.9345 1.970171 
628.8441 29.628 85.928 0.05924 0.83216 1.840 0.49621 9.0000 57.72 0.9341 0.9347 1.971620 
628.3813 29.659 85.922 0.05940 0.83309 1.843 0.49557 9.0000 58.36 0.9344 0.9350 1.973073 
627.9184 29.683 85.912 0.05960 0.83381 1.861 0.49502 9.0000 57.94 0.9352 0.9358 1.974527 
627.4554 29.712 85.923 0.05950 0.83474 1.864 0.49445 9.0000 58.01 0.9349 0.9355 1.975984 
626.9923 29.726 85.911 0.05968 0.83494 1.888 0.49401 9.0000 58.08 0.9344 0.9350 1.977444 
626.5291 29.737 85.904 0.05976 0.83449 1.887 0.49331 9.0000 58.12 0.9336 0.9342 1.978905 
626.0658 29.744 85.904 0.05978 0.83477 1.893 0.49322 9.0000 58.07 0.9348 0.9354 1.980370 
625.6024 29.762 85.903 0.05981 0.83499 1.914 0.49264 9.0000 58.23 0.9354 0.9361 1.981837 
625.1389 29.782 85.935 0.05936 0.83526 1.934 0.49197 9.0000 58.21 0.9361 0.9367 1.983306 
624.6753 29.823 85.947 0.05919 0.83536 1.942 0.49044 9.0000 58.25 0.9349 0.9355 1.984778 
624.2115 29.830 85.968 0.05885 0.83503 1.952 0.48994 9.0000 57.40 0.9360 0.9366 1.986253 
623.7477 29.841 85.984 0.05862 0.83500 1.937 0.48949 9.0000 57.39 0.9379 0.9384 1.987730 
623.2838 29.867 86.004 0.05847 0.83694 1.951 0.48961 9.0000 56.99 0.9394 0.9400 1.989209 
622.8198 29.879 86.001 0.05860 0.83818 1.979 0.48987 9.0000 58.00 0.9418 0.9424 1.990691 
622.3557 29.866 85.914 0.05995 0.83924 1.999 0.49104 9.0000 57.88 0.9448 0.9454 1.992176 
621.8914 29.866 85.838 0.06110 0.83973 2.016 0.49137 9.0000 57.94 0.9471 0.9478 1.993663 
621.4271 29.860 85.752 0.06239 0.83998 2.023 0.49179 9.0000 57.73 0.9482 0.9489 1.995153 
620.9626 29.858 85.646 0.06392 0.83949 1.982 0.49167 9.0000 57.45 0.9488 0.9494 1.996645 
620.4980 29.856 85.556 0.06514 0.83807 2.036 0.49096 9.0000 57.33 0.9477 0.9484 1.998140 
620.0334 29.872 85.463 0.06648 0.83773 2.019 0.49019 9.0000 57.49 0.9488 0.9495 1.999637 
619.5687 29.912 85.358 0.06800 0.83750 2.073 0.48858 9.0000 57.26 0.9492 0.9499 2.001137 
619.1038 29.929 85.278 0.06911 0.83675 2.044 0.48754 9.0000 57.42 0.9506 0.9513 2.002640 
618.6388 29.932 85.202 0.07016 0.83589 2.066 0.48695 9.0000 57.27 0.9523 0.9530 2.004145 
618.1737 29.952 85.122 0.07130 0.83552 2.081 0.48603 9.0000 57.69 0.9536 0.9543 2.005653 
617.7086 29.965 85.042 0.07237 0.83421 2.101 0.48479 9.0000 57.08 0.9550 0.9557 2.007163 
617.2433 29.981 84.968 0.07335 0.83315 2.071 0.48362 9.0000 56.86 0.9557 0.9565 2.008676 
616.7779 30.001 84.901 0.07430 0.83265 2.084 0.48258 9.0000 57.94 0.9569 0.9577 2.010192 
616.3124 30.017 84.847 0.07502 0.83180 2.129 0.48154 9.0000 57.69 0.9574 0.9582 2.011710 
615.8468 30.020 84.798 0.07562 0.83057 2.088 0.48075 9.0000 57.03 0.9581 0.9589 2.013231 
615.3810 30.042 84.740 0.07640 0.82983 2.099 0.47950 9.0000 56.82 0.9592 0.9600 2.014755 
614.9153 30.050 84.688 0.07703 0.82836 2.115 0.47838 9.0000 57.32 0.9600 0.9609 2.016281 
614.4493 30.064 84.640 0.07762 0.82721 2.076 0.47723 9.0000 57.64 0.9608 0.9617 2.017810 
613.9833 30.081 84.608 0.07798 0.82612 2.148 0.47597 9.0000 56.87 0.9614 0.9623 2.019341 
613.5172 30.098 84.572 0.07844 0.82539 2.097 0.47490 9.0000 55.95 0.9623 0.9632 2.020875 
613.0510 30.123 84.537 0.07887 0.82467 2.100 0.47356 9.0000 57.13 0.9627 0.9637 2.022412 
612.5847 30.147 84.511 0.07917 0.82380 2.139 0.47216 9.0000 57.12 0.9632 0.9642 2.023952 
612.1182 30.173 84.487 0.07944 0.82304 2.103 0.47075 9.0000 56.77 0.9636 0.9646 2.025494 
611.6517 30.200 84.460 0.07975 0.82218 2.208 0.46925 9.0000 56.61 0.9639 0.9649 2.027039 
611.1850 30.226 84.443 0.07992 0.82152 2.311 0.46789 9.0000 55.95 0.9638 0.9649 2.028587 
610.7183 30.251 84.431 0.08004 0.82086 2.166 0.46658 9.0000 57.24 0.9636 0.9648 2.030137 
610.2514 30.279 84.416 0.08019 0.82019 2.190 0.46515 9.0000 56.51 0.9635 0.9647 2.031690 
609.7844 30.305 84.403 0.08030 0.81949 2.124 0.46378 9.0000 57.44 0.9633 0.9645 2.033246 
609.3173 30.338 84.400 0.08030 0.81898 2.115 0.46226 9.0000 56.34 0.9632 0.9644 2.034805 
608.8502 30.372 84.399 0.08029 0.81871 2.121 0.46079 9.0000 55.92 0.9628 0.9640 2.036366 
608.3829 30.405 84.408 0.08011 0.81822 2.153 0.45929 9.0000 56.10 0.9621 0.9634 2.037930 
607.9155 30.438 84.415 0.07999 0.81804 2.023 0.45793 9.0000 57.12 0.9615 0.9628 2.039497 
607.4480 30.477 84.426 0.07981 0.81787 2.004 0.45637 9.0000 56.56 0.9609 0.9622 2.041067 
606.9804 30.514 84.442 0.07958 0.81780 2.025 0.45495 9.0000 55.16 0.9602 0.9614 2.042639 
606.5127 30.553 84.456 0.07938 0.81787 2.156 0.45349 9.0000 54.69 0.9595 0.9608 2.044214 
606.0449 30.589 84.481 0.07904 0.81794 2.128 0.45215 9.0000 55.59 0.9585 0.9598 2.045792 
605.5770 30.628 84.511 0.07860 0.81792 2.116 0.45067 9.0000 54.93 0.9577 0.9590 2.047373 
605.1089 30.671 84.539 0.07821 0.81807 2.136 0.44915 9.0000 55.65 0.9568 0.9581 2.048957 
604.6408 30.712 84.560 0.07792 0.81822 2.165 0.44767 9.0000 56.05 0.9559 0.9572 2.050543 
604.1726 30.760 84.591 0.07752 0.81869 2.158 0.44611 9.0000 54.89 0.9549 0.9562 2.052132 
603.7042 30.808 84.629 0.07703 0.81928 1.900 0.44462 9.0000 54.94 0.9540 0.9553 2.053724 
603.2358 30.854 84.667 0.07653 0.81978 2.118 0.44316 9.0000 54.92 0.9530 0.9543 2.055319 
602.7673 30.899 84.714 0.07590 0.82034 1.910 0.44178 9.0000 54.11 0.9518 0.9532 2.056916 
602.2986 30.940 84.759 0.07529 0.82080 2.021 0.44046 9.0000 55.24 0.9505 0.9519 2.058517 
601.8298 30.987 84.806 0.07466 0.82130 1.928 0.43899 9.0000 54.63 0.9495 0.9508 2.060121 
601.3610 31.031 84.854 0.07401 0.82186 1.961 0.43760 9.0000 54.40 0.9481 0.9494 2.061726 
600.8920 31.078 84.902 0.07337 0.82250 2.008 0.43621 9.0000 54.50 0.9469 0.9482 2.063336 
600.4229 31.123 84.956 0.07265 0.82324 2.088 0.43488 9.0000 53.80 0.9455 0.9468 2.064948 
599.9537 31.170 85.012 0.07193 0.82413 2.218 0.43357 9.0000 54.72 0.9442 0.9454 2.066563 
599.4844 31.219 85.067 0.07122 0.82512 2.212 0.43226 9.0000 54.27 0.9428 0.9440 2.068181 
599.0150 31.271 85.133 0.07036 0.82632 2.122 0.43095 9.0000 53.14 0.9414 0.9426 2.069801 
598.5455 31.318 85.187 0.06964 0.82718 2.080 0.42962 9.0000 52.91 0.9397 0.9409 2.071425 
598.0759 31.368 85.241 0.06895 0.82821 2.240 0.42827 9.0000 54.16 0.9384 0.9396 2.073051 
597.6062 31.413 85.307 0.06805 0.82905 2.158 0.42701 9.0000 53.66 0.9369 0.9381 2.074680 
597.1364 31.461 85.371 0.06724 0.83038 2.125 0.42591 9.0000 53.23 0.9356 0.9368 2.076313 
596.6664 31.515 85.436 0.06641 0.83190 2.086 0.42467 9.0000 53.34 0.9342 0.9353 2.077948 
596.1964 31.566 85.507 0.06546 0.83310 2.044 0.42339 9.0000 52.59 0.9325 0.9336 2.079586 
595.7263 31.614 85.576 0.06456 0.83456 2.170 0.42233 9.0000 53.26 0.9313 0.9324 2.081227 
595.2560 31.656 85.649 0.06358 0.83563 2.147 0.42128 9.0000 52.57 0.9304 0.9314 2.082872 
594.7857 31.692 85.724 0.06255 0.83662 2.151 0.42041 9.0000 52.72 0.9290 0.9300 2.084519 
594.3152 31.734 85.790 0.06166 0.83777 2.150 0.41943 9.0000 52.40 0.9279 0.9289 2.086169 
593.8447 31.774 85.855 0.06081 0.83906 2.148 0.41854 9.0000 52.46 0.9272 0.9282 2.087822 
593.3740 31.813 85.921 0.05993 0.84041 2.129 0.41775 9.0000 52.23 0.9261 0.9270 2.089478 
592.9032 31.859 85.977 0.05925 0.84236 2.145 0.41700 9.0000 52.82 0.9258 0.9267 2.091137 
592.4323 31.902 86.031 0.05857 0.84412 2.127 0.41630 9.0000 51.71 0.9247 0.9257 2.092799 
591.9613 31.948 86.096 0.05775 0.84630 2.122 0.41563 9.0000 51.51 0.9234 0.9244 2.094464 
591.4902 31.999 86.161 0.05692 0.84825 2.105 0.41468 9.0000 51.48 0.9220 0.9229 2.096133 
591.0190 32.059 86.219 0.05622 0.85062 2.078 0.41359 9.0000 51.25 0.9206 0.9216 2.097804 
590.5477 32.102 86.281 0.05539 0.85216 2.083 0.41276 9.0000 50.98 0.9196 0.9205 2.099478 
590.0763 32.157 86.334 0.05476 0.85468 2.074 0.41191 9.0000 51.10 0.9190 0.9199 2.101155 
589.6048 32.185 86.387 0.05405 0.85601 2.076 0.41151 9.0000 50.66 0.9184 0.9193 2.102836 
589.1331 32.221 86.439 0.05337 0.85763 2.034 0.41092 9.0000 50.77 0.9174 0.9183 2.104519 
588.6614 32.246 86.461 0.05311 0.85873 2.039 0.41053 9.0000 51.07 0.9177 0.9185 2.106206 
588.1896 32.279 86.500 0.05262 0.86040 2.038 0.41009 9.0000 51.26 0.9184 0.9192 2.107895 
587.7176 32.314 86.530 0.05232 0.86290 2.028 0.40996 9.0000 49.12 0.9198 0.9206 2.109588 
587.2455 32.359 86.549 0.05216 0.86481 1.984 0.40921 9.0000 49.13 0.9196 0.9204 2.111284 
586.7734 32.389 86.555 0.05217 0.86668 1.994 0.40896 9.0000 50.20 0.9199 0.9207 2.112983 
586.3011 32.413 86.516 0.05287 0.86835 1.976 0.40889 9.0000 50.65 0.9204 0.9212 2.114685 
585.8287 32.406 86.480 0.05353 0.87012 2.001 0.41001 9.0000 50.83 0.9231 0.9239 2.116390 
585.3563 32.433 86.417 0.05462 0.87233 1.952 0.41007 9.0000 49.93 0.9239 0.9246 2.118098 
584.8837 32.461 86.343 0.05588 0.87439 1.935 0.41000 9.0000 49.11 0.9239 0.9247 2.119809 
584.4109 32.472 86.246 0.05736 0.87412 1.925 0.40951 9.0000 48.74 0.9243 0.9251 2.121524 
583.9382 32.495 86.149 0.05884 0.87414 1.921 0.40874 9.0000 48.93 0.9238 0.9246 2.123242 
583.4652 32.547 86.121 0.05927 0.87405 1.905 0.40677 9.0000 49.43 0.9224 0.9231 2.124963 
582.9922 32.588 86.083 0.05986 0.87415 1.884 0.40529 9.0000 49.22 0.9212 0.9220 2.126687 
582.5191 32.636 86.053 0.06031 0.87415 1.864 0.40354 9.0000 49.16 0.9212 0.9220 2.128414 
582.0458 32.681 86.040 0.06055 0.87454 1.860 0.40205 9.0000 48.07 0.9219 0.9226 2.130145 
581.5725 32.722 86.019 0.06096 0.87580 1.847 0.40114 9.0000 48.62 0.9243 0.9250 2.131878 
581.0991 32.753 86.005 0.06118 0.87597 1.830 0.40007 9.0000 48.14 0.9248 0.9255 2.133615 
580.6255 32.755 86.009 0.06111 0.87598 1.817 0.39998 9.0000 48.18 0.9259 0.9266 2.135356 
580.1519 32.780 85.995 0.06136 0.87640 1.800 0.39926 9.0000 47.56 0.9263 0.9270 2.137099 
579.6780 32.819 85.980 0.06163 0.87684 1.780 0.39804 9.0000 47.52 0.9263 0.9270 2.138846 
579.2042 32.843 85.971 0.06175 0.87672 1.782 0.39710 9.0000 48.29 0.9266 0.9273 2.140595 
578.7302 32.872 85.966 0.06188 0.87750 1.770 0.39639 9.0000 47.77 0.9267 0.9274 2.142349 
578.2561 32.897 85.966 0.06192 0.87795 1.753 0.39567 9.0000 47.33 0.9272 0.9279 2.144105 
577.7819 32.919 85.963 0.06196 0.87776 1.736 0.39475 9.0000 47.45 0.9274 0.9281 2.145865 
577.3076 32.944 85.956 0.06206 0.87780 1.724 0.39385 9.0000 47.47 0.9282 0.9289 2.147628 
576.8332 32.985 85.943 0.06229 0.87831 1.704 0.39257 9.0000 46.59 0.9288 0.9295 2.149394 
576.3586 33.009 85.949 0.06222 0.87843 1.684 0.39176 9.0000 46.45 0.9290 0.9297 2.151164 
575.8840 33.045 85.950 0.06225 0.87918 1.672 0.39076 9.0000 47.54 0.9294 0.9301 2.152937 
575.4093 33.082 85.951 0.06226 0.87969 1.670 0.38964 9.0000 47.46 0.9296 0.9303 2.154713 
574.9344 33.116 85.944 0.06241 0.88017 1.646 0.38858 9.0000 46.45 0.9299 0.9306 2.156493 
574.4595 33.154 85.945 0.06242 0.88044 1.645 0.38732 9.0000 46.76 0.9298 0.9305 2.158276 
573.9844 33.184 85.943 0.06245 0.88056 1.621 0.38626 9.0000 46.00 0.9299 0.9306 2.160062 
573.5092 33.216 85.939 0.06254 0.88092 1.613 0.38526 9.0000 46.99 0.9300 0.9307 2.161852 
573.0339 33.250 85.937 0.06260 0.88122 1.607 0.38413 9.0000 46.04 0.9300 0.9307 2.163645 
572.5586 33.282 85.937 0.06262 0.88154 1.584 0.38308 9.0000 46.09 0.9300 0.9307 2.165441 
572.0831 33.315 85.936 0.06265 0.88184 1.561 0.38201 9.0000 45.91 0.9301 0.9308 2.167241 
571.6075 33.352 85.931 0.06277 0.88232 1.554 0.38087 9.0000 45.80 0.9304 0.9311 2.169044 
571.1318 33.389 85.935 0.06274 0.88290 1.552 0.37977 9.0000 45.08 0.9305 0.9312 2.170851 
570.6559 33.426 85.939 0.06272 0.88349 1.531 0.37866 9.0000 45.47 0.9306 0.9313 2.172661 
570.1801 33.463 85.943 0.06270 0.88399 1.510 0.37753 9.0000 45.21 0.9305 0.9312 2.174474 
569.7040 33.494 85.950 0.06260 0.88418 1.502 0.37645 9.0000 44.54 0.9306 0.9313 2.176291 
569.2278 33.532 85.953 0.06261 0.88488 1.500 0.37539 9.0000 45.24 0.9309 0.9316 2.178112 
568.7516 33.567 85.956 0.06259 0.88526 1.479 0.37427 9.0000 44.15 0.9310 0.9317 2.179936 
568.2753 33.599 85.962 0.06254 0.88578 1.462 0.37331 9.0000 43.77 0.9312 0.9319 2.181763 
567.7988 33.634 85.960 0.06260 0.88619 1.449 0.37222 9.0000 44.43 0.9314 0.9321 2.183594 
567.3222 33.666 85.962 0.06257 0.88645 1.446 0.37113 9.0000 44.56 0.9316 0.9323 2.185428 
566.8455 33.703 85.963 0.06259 0.88689 1.435 0.36998 9.0000 44.00 0.9317 0.9324 2.187266 
566.3687 33.738 85.964 0.06261 0.88735 1.425 0.36889 9.0000 44.36 0.9318 0.9325 2.189107 
565.8918 33.774 85.969 0.06255 0.88777 1.399 0.36776 9.0000 43.73 0.9319 0.9326 2.190952 
565.4149 33.811 85.977 0.06248 0.88837 1.398 0.36668 9.0000 43.58 0.9320 0.9327 2.192800 
564.9377 33.842 85.982 0.06243 0.88872 1.383 0.36568 9.0000 43.83 0.9320 0.9327 2.194653 
564.4605 33.875 85.987 0.06237 0.88896 1.375 0.36458 9.0000 43.43 0.9320 0.9327 2.196508 
563.9832 33.907 85.990 0.06233 0.88913 1.367 0.36348 9.0000 43.15 0.9320 0.9327 2.198367 
563.5057 33.940 85.992 0.06232 0.88947 1.342 0.36244 9.0000 42.41 0.9319 0.9326 2.200230 
563.0282 33.973 85.994 0.06230 0.88969 1.339 0.36130 9.0000 42.69 0.9319 0.9326 2.202096 
562.5505 34.011 85.996 0.06229 0.89007 1.325 0.36008 9.0000 42.33 0.9320 0.9327 2.203966 
562.0728 34.045 86.002 0.06223 0.89043 1.329 0.35899 9.0000 43.01 0.9320 0.9327 2.205839 
561.5948 34.080 86.007 0.06219 0.89085 1.305 0.35789 9.0000 42.35 0.9320 0.9327 2.207716 
561.1169 34.118 86.006 0.06222 0.89121 1.298 0.35669 9.0000 42.10 0.9319 0.9326 2.209597 
560.6388 34.154 86.005 0.06226 0.89148 1.283 0.35548 9.0000 42.20 0.9319 0.9326 2.211481 
560.1606 34.191 86.008 0.06224 0.89179 1.282 0.35425 9.0000 42.05 0.9319 0.9326 2.213369 
559.6823 34.227 86.005 0.06229 0.89195 1.271 0.35304 9.0000 42.30 0.9319 0.9326 2.215260 
559.2039 34.263 86.007 0.06228 0.89224 1.263 0.35185 9.0000 42.05 0.9317 0.9324 2.217155 
558.7253 34.297 86.009 0.06226 0.89248 1.251 0.35072 9.0000 42.18 0.9316 0.9323 2.219055 
558.2467 34.336 86.017 0.06218 0.89292 1.239 0.34950 9.0000 41.21 0.9316 0.9323 2.220957 
557.7679 34.372 86.019 0.06217 0.89338 1.230 0.34835 9.0000 41.36 0.9316 0.9323 2.222864 
557.2891 34.409 86.022 0.06215 0.89380 1.221 0.34720 9.0000 41.44 0.9316 0.9323 2.224773 
556.8102 34.445 86.025 0.06213 0.89411 1.216 0.34604 9.0000 41.07 0.9315 0.9322 2.226687 
556.3311 34.481 86.027 0.06212 0.89451 1.197 0.34490 9.0000 39.84 0.9316 0.9323 2.228604 
555.8519 34.518 86.036 0.06201 0.89493 1.203 0.34371 9.0000 40.62 0.9316 0.9323 2.230525 
555.3726 34.554 86.037 0.06202 0.89522 1.185 0.34251 9.0000 40.23 0.9316 0.9323 2.232451 
554.8932 34.588 86.038 0.06204 0.89571 1.178 0.34151 9.0000 40.63 0.9316 0.9323 2.234379 
554.4137 34.624 86.036 0.06208 0.89596 1.172 0.34030 9.0000 40.33 0.9316 0.9323 2.236312 
553.9341 34.662 86.039 0.06207 0.89632 1.169 0.33908 9.0000 40.76 0.9317 0.9324 2.238248 
553.4543 34.698 86.042 0.06205 0.89675 1.158 0.33794 9.0000 39.36 0.9317 0.9323 2.240188 
552.9745 34.733 86.041 0.06208 0.89698 1.143 0.33678 9.0000 39.39 0.9317 0.9324 2.242132 
552.4946 34.770 86.047 0.06199 0.89713 1.136 0.33550 9.0000 39.22 0.9318 0.9325 2.244080 
552.0145 34.807 86.055 0.06189 0.89739 1.134 0.33427 9.0000 39.13 0.9320 0.9326 2.246031 
551.5344 34.844 86.061 0.06182 0.89775 1.129 0.33308 9.0000 39.17 0.9321 0.9327 2.247986 
551.0541 34.881 86.066 0.06176 0.89805 1.119 0.33189 9.0000 39.28 0.9321 0.9328 2.249946 
550.5737 34.919 86.072 0.06167 0.89815 1.110 0.33055 9.0000 38.90 0.9323 0.9329 2.251909 
550.0933 34.956 86.076 0.06163 0.89855 1.104 0.32937 9.0000 39.37 0.9325 0.9331 2.253876 
549.6127 34.994 86.080 0.06157 0.89869 1.100 0.32807 9.0000 39.20 0.9326 0.9332 2.255847 
549.1320 35.032 86.086 0.06151 0.89892 1.091 0.32679 9.0000 38.19 0.9327 0.9334 2.257821 
548.6511 35.070 86.086 0.06152 0.89917 1.086 0.32553 9.0000 37.86 0.9329 0.9335 2.259800 
548.1702 35.108 86.086 0.06154 0.89946 1.077 0.32430 9.0000 38.09 0.9330 0.9337 2.261783 
547.6891 35.144 86.089 0.06152 0.89975 1.063 0.32312 9.0000 37.50 0.9331 0.9338 2.263770 
547.2080 35.181 86.093 0.06146 0.89995 1.063 0.32186 9.0000 37.53 0.9333 0.9340 2.265760 
546.7267 35.219 86.099 0.06139 0.90033 1.058 0.32066 9.0000 38.19 0.9335 0.9342 2.267755 
546.2454 35.257 86.105 0.06132 0.90058 1.050 0.31940 9.0000 37.06 0.9336 0.9343 2.269752 
545.7639 35.295 86.112 0.06122 0.90089 1.039 0.31817 9.0000 36.57 0.9338 0.9345 2.271755 
545.2823 35.330 86.117 0.06116 0.90116 1.038 0.31700 9.0000 37.14 0.9339 0.9346 2.273762 
544.8007 35.368 86.122 0.06110 0.90132 1.036 0.31573 9.0000 36.32 0.9340 0.9347 2.275771 
544.3188 35.404 86.122 0.06112 0.90171 1.031 0.31457 9.0000 36.22 0.9344 0.9351 2.277786 
543.8369 35.442 86.128 0.06103 0.90188 1.022 0.31329 9.0000 36.13 0.9346 0.9353 2.279805 
543.3549 35.479 86.131 0.06101 0.90218 1.005 0.31210 9.0000 35.53 0.9348 0.9356 2.281827 
542.8728 35.515 86.140 0.06089 0.90229 1.009 0.31085 9.0000 35.60 0.9350 0.9357 2.283853 
542.3905 35.551 86.147 0.06079 0.90255 1.000 0.30967 9.0000 35.57 0.9351 0.9359 2.285884 
541.9082 35.590 86.148 0.06078 0.90275 0.995 0.30838 9.0000 35.26 0.9352 0.9360 2.287919 
541.4257 35.627 86.151 0.06077 0.90318 0.993 0.30722 9.0000 34.99 0.9354 0.9361 2.289958 
540.9431 35.666 86.153 0.06074 0.90328 0.982 0.30585 9.0000 34.34 0.9357 0.9364 2.292001 
540.4604 35.703 86.160 0.06064 0.90341 0.978 0.30461 9.0000 34.57 0.9358 0.9366 2.294048 
539.9777 35.741 86.164 0.06060 0.90383 0.988 0.30341 9.0000 35.00 0.9361 0.9368 2.296098 
539.4948 35.777 86.167 0.06058 0.90411 0.975 0.30224 9.0000 34.30 0.9363 0.9371 2.298154 
539.0118 35.815 86.171 0.06053 0.90442 0.967 0.30100 9.0000 33.94 0.9366 0.9374 2.300213 
538.5286 35.853 86.179 0.06041 0.90454 0.961 0.29972 9.0000 33.24 0.9368 0.9376 2.302277 
538.0454 35.890 86.190 0.06026 0.90472 0.958 0.29846 9.0000 33.20 0.9370 0.9378 2.304344 
537.5621 35.929 86.196 0.06017 0.90503 0.948 0.29721 9.0000 32.96 0.9373 0.9380 2.306416 
537.0786 35.965 86.200 0.06013 0.90532 0.943 0.29603 9.0000 32.69 0.9374 0.9381 2.308492 
536.5950 36.005 86.206 0.06004 0.90547 0.938 0.29466 9.0000 32.12 0.9376 0.9383 2.310573 
536.1114 36.042 86.214 0.05995 0.90592 0.945 0.29352 9.0000 32.71 0.9377 0.9385 2.312657 
535.6276 36.078 86.225 0.05981 0.90638 0.934 0.29239 9.0000 31.47 0.9379 0.9387 2.314746 
535.1437 36.115 86.230 0.05975 0.90682 0.931 0.29125 9.0000 31.73 0.9382 0.9390 2.316839 
534.6597 36.155 86.240 0.05961 0.90713 0.927 0.28996 9.0000 31.62 0.9383 0.9391 2.318936 
534.1756 36.193 86.248 0.05953 0.90766 0.920 0.28879 9.0000 30.82 0.9384 0.9392 2.321038 
533.6913 36.231 86.253 0.05946 0.90795 0.913 0.28755 9.0000 30.19 0.9386 0.9394 2.323144 
533.2070 36.272 86.259 0.05940 0.90836 0.913 0.28625 9.0000 30.24 0.9388 0.9396 2.325254 
532.7226 36.316 86.272 0.05921 0.90876 0.912 0.28483 9.0000 29.85 0.9391 0.9399 2.327369 
532.2380 36.358 86.275 0.05918 0.90909 0.901 0.28347 9.0000 29.55 0.9392 0.9401 2.329488 
531.7534 36.400 86.288 0.05901 0.90957 0.900 0.28216 9.0000 29.37 0.9395 0.9403 2.331611 
531.2686 36.444 86.299 0.05886 0.90996 0.899 0.28073 9.0000 29.45 0.9398 0.9406 2.333738 
530.7837 36.487 86.310 0.05872 0.91057 0.898 0.27941 9.0000 28.75 0.9401 0.9410 2.335870 
530.2987 36.531 86.320 0.05858 0.91094 0.891 0.27800 9.0000 27.96 0.9403 0.9411 2.338007 
529.8136 36.572 86.329 0.05849 0.91158 0.893 0.27676 9.0000 28.26 0.9406 0.9415 2.340147 
529.3284 36.615 86.341 0.05833 0.91204 0.880 0.27541 9.0000 27.68 0.9408 0.9416 2.342292 
528.8430 36.658 86.350 0.05819 0.91233 0.884 0.27399 9.0000 27.75 0.9409 0.9418 2.344442 
528.3576 36.706 86.359 0.05809 0.91301 0.884 0.27254 9.0000 27.59 0.9412 0.9421 2.346596 
527.8720 36.750 86.368 0.05799 0.91354 0.874 0.27114 9.0000 26.92 0.9414 0.9423 2.348755 
527.3864 36.793 86.376 0.05788 0.91401 0.873 0.26978 9.0000 26.61 0.9416 0.9425 2.350917 
526.9006 36.840 86.385 0.05778 0.91458 0.868 0.26831 9.0000 26.32 0.9418 0.9427 2.353085 
526.4147 36.889 86.397 0.05763 0.91518 0.862 0.26679 9.0000 25.65 0.9420 0.9429 2.355257 
525.9287 36.939 86.408 0.05748 0.91568 0.856 0.26521 9.0000 25.44 0.9423 0.9432 2.357433 
525.4426 36.988 86.418 0.05735 0.91619 0.865 0.26365 9.0000 25.69 0.9425 0.9434 2.359614 
524.9564 37.038 86.427 0.05723 0.91657 0.857 0.26202 9.0000 24.87 0.9425 0.9435 2.361800 
524.4700 37.091 86.437 0.05711 0.91711 0.853 0.26032 9.0000 24.40 0.9426 0.9435 2.363990 
523.9836 37.143 86.448 0.05696 0.91777 0.850 0.25873 9.0000 23.97 0.9429 0.9438 2.366185 
523.4971 37.194 86.459 0.05684 0.91856 0.845 0.25718 9.0000 24.00 0.9432 0.9442 2.368384 
523.0104 37.243 86.472 0.05667 0.91921 0.840 0.25564 9.0000 23.30 0.9433 0.9443 2.370588 
522.5236 37.296 86.486 0.05648 0.91985 0.840 0.25399 9.0000 22.73 0.9435 0.9445 2.372796 
522.0367 37.354 86.499 0.05631 0.92046 0.836 0.25214 9.0000 22.66 0.9436 0.9446 2.375009 
521.5497 37.409 86.510 0.05617 0.92092 0.826 0.25036 9.0000 22.30 0.9438 0.9449 2.377227 
521.0626 37.463 86.529 0.05589 0.92137 0.825 0.24862 9.0000 21.96 0.9440 0.9451 2.379449 
520.5754 37.520 86.545 0.05567 0.92204 0.826 0.24683 9.0000 22.10 0.9441 0.9451 2.381676 
520.0881 37.574 86.559 0.05548 0.92286 0.827 0.24517 9.0000 21.86 0.9444 0.9455 2.383908 
519.6006 37.630 86.574 0.05529 0.92352 0.818 0.24339 9.0000 21.49 0.9447 0.9457 2.386144 
519.1131 37.683 86.590 0.05508 0.92420 0.818 0.24176 9.0000 21.34 0.9449 0.9460 2.388385 
518.6254 37.739 86.607 0.05484 0.92504 0.814 0.24003 9.0000 20.69 0.9451 0.9462 2.390631 
518.1377 37.791 86.624 0.05461 0.92564 0.812 0.23839 9.0000 20.57 0.9449 0.9460 2.392881 
517.6498 37.848 86.640 0.05439 0.92630 0.803 0.23660 9.0000 19.94 0.9451 0.9462 2.395137 
517.1618 37.897 86.657 0.05412 0.92671 0.801 0.23499 9.0000 19.60 0.9450 0.9462 2.397397 
516.6737 37.946 86.680 0.05380 0.92756 0.795 0.23351 9.0000 19.40 0.9452 0.9463 2.399661 
516.1855 38.002 86.695 0.05360 0.92824 0.796 0.23174 9.0000 18.95 0.9453 0.9465 2.401931 
515.6971 38.059 86.707 0.05344 0.92884 0.796 0.22995 9.0000 18.95 0.9455 0.9466 2.404206 
515.2087 38.114 86.722 0.05323 0.92940 0.790 0.22817 9.0000 18.80 0.9457 0.9469 2.406485 
514.7202 38.173 86.741 0.05296 0.92998 0.782 0.22627 9.0000 18.54 0.9460 0.9472 2.408769 
514.2314 38.224 86.760 0.05268 0.93078 0.777 0.22470 9.0000 18.14 0.9462 0.9474 2.411058 
513.7427 38.279 86.777 0.05243 0.93122 0.778 0.22293 9.0000 18.18 0.9464 0.9476 2.413352 
513.2538 38.336 86.794 0.05221 0.93208 0.774 0.22116 9.0000 17.59 0.9468 0.9481 2.415651 
512.7648 38.393 86.812 0.05195 0.93264 0.769 0.21935 9.0000 17.37 0.9468 0.9481 2.417955 
512.2757 38.448 86.829 0.05171 0.93321 0.767 0.21758 9.0000 17.33 0.9466 0.9479 2.420263 
511.7864 38.509 86.841 0.05154 0.93394 0.758 0.21563 9.0000 17.12 0.9468 0.9481 2.422577 
511.2971 38.571 86.852 0.05139 0.93441 0.757 0.21360 9.0000 17.02 0.9469 0.9482 2.424895 
510.8076 38.633 86.866 0.05117 0.93473 0.746 0.21156 9.0000 16.50 0.9469 0.9482 2.427219 
510.3181 38.683 86.877 0.05104 0.93551 0.752 0.21000 9.0000 16.05 0.9469 0.9482 2.429547 
509.8284 38.729 86.890 0.05085 0.93587 0.747 0.20850 9.0000 15.74 0.9463 0.9476 2.431881 
509.3386 38.777 86.910 0.05054 0.93621 0.740 0.20693 9.0000 15.70 0.9459 0.9472 2.434219 
508.8488 38.833 86.923 0.05035 0.93679 0.730 0.20512 9.0000 15.34 0.9459 0.9472 2.436563 
508.3587 38.891 86.938 0.05014 0.93741 0.730 0.20326 9.0000 15.40 0.9458 0.9472 2.438912 
507.8686 38.946 86.958 0.04985 0.93783 0.739 0.20147 9.0000 15.31 0.9457 0.9471 2.441265 
507.3784 39.003 86.967 0.04971 0.93820 0.739 0.19959 9.0000 15.07 0.9457 0.9471 2.443624 
506.8880 39.056 86.978 0.04954 0.93820 0.728 0.19778 9.0000 14.44 0.9452 0.9466 2.445988 
506.3976 39.112 86.986 0.04942 0.93860 0.724 0.19596 9.0000 14.11 0.9452 0.9466 2.448357 
505.9070 39.160 86.991 0.04935 0.93878 0.711 0.19432 9.0000 13.70 0.9448 0.9462 2.450731 
505.4163 39.217 87.001 0.04920 0.93922 0.713 0.19247 9.0000 13.59 0.9450 0.9464 2.453110 
504.9255 39.271 87.013 0.04904 0.93980 0.702 0.19076 9.0000 13.48 0.9451 0.9465 2.455495 
504.4346 39.323 87.020 0.04894 0.94020 0.704 0.18905 9.0000 13.37 0.9450 0.9464 2.457884 
503.9436 39.374 87.034 0.04873 0.94039 0.698 0.18734 9.0000 13.11 0.9441 0.9455 2.460279 
503.4525 39.420 87.043 0.04857 0.94039 0.688 0.18577 9.0000 12.84 0.9435 0.9449 2.462679 
502.9612 39.472 87.054 0.04840 0.94065 0.682 0.18403 9.0000 12.52 0.9433 0.9447 2.465085 
502.4698 39.523 87.064 0.04826 0.94101 0.674 0.18237 9.0000 12.47 0.9430 0.9444 2.467495 
501.9784 39.578 87.076 0.04806 0.94102 0.673 0.18050 9.0000 12.25 0.9428 0.9442 2.469911 
501.4868 39.629 87.092 0.04780 0.94102 0.664 0.17877 9.0000 12.13 0.9426 0.9440 2.472332 
500.9951 39.677 87.108 0.04755 0.94131 0.648 0.17718 9.0000 11.60 0.9423 0.9438 2.474759 
500.5033 39.723 87.122 0.04735 0.94191 0.628 0.17572 9.0000 10.97 0.9421 0.9435 2.477190 
500.0114 39.776 87.136 0.04713 0.94223 0.623 0.17397 9.0000 10.88 0.9419 0.9433 2.479627 
499.5193 39.827 87.151 0.04692 0.94259 0.630 0.17230 9.0000 11.02 0.9415 0.9430 2.482070 
499.0272 39.878 87.165 0.04668 0.94253 0.622 0.17054 9.0000 10.52 0.9409 0.9423 2.484518 
498.5349 39.926 87.176 0.04649 0.94248 0.610 0.16891 9.0000 10.07 0.9403 0.9417 2.486971 
498.0426 39.973 87.186 0.04633 0.94277 0.600 0.16736 9.0000 9.74 0.9399 0.9413 2.489429 
497.5501 40.023 87.199 0.04614 0.94299 0.588 0.16570 9.0000 9.34 0.9392 0.9406 2.491894 
497.0575 40.077 87.205 0.04607 0.94362 0.592 0.16398 9.0000 9.32 0.9390 0.9404 2.494363 
496.5648 40.133 87.220 0.04584 0.94404 0.583 0.16215 9.0000 8.83 0.9391 0.9406 2.496838 
496.0720 40.181 87.231 0.04567 0.94436 0.578 0.16056 9.0000 8.67 0.9385 0.9399 2.499318 
495.5790 40.228 87.243 0.04549 0.94485 0.570 0.15905 9.0000 8.30 0.9382 0.9396 2.501805 
495.0860 40.280 87.243 0.04552 0.94529 0.552 0.15737 9.0000 7.86 0.9381 0.9395 2.504296 
494.5928 40.327 87.252 0.04539 0.94543 0.551 0.15577 9.0000 7.98 0.9370 0.9384 2.506793 
494.0995 40.380 87.263 0.04520 0.94566 0.540 0.15400 9.0000 7.71 0.9369 0.9383 2.509296 
493.6062 40.433 87.275 0.04501 0.94585 0.524 0.15224 9.0000 7.49 0.9367 0.9381 2.511804 
493.1127 40.482 87.288 0.04482 0.94604 0.507 0.15061 9.0000 7.03 0.9362 0.9376 2.514318 
492.6190 40.531 87.301 0.04464 0.94678 0.499 0.14906 9.0000 6.95 0.9360 0.9373 2.516837 
492.1253 40.579 87.309 0.04452 0.94728 0.487 0.14752 9.0000 6.95 0.9355 0.9369 2.519362 
491.6315 40.626 87.322 0.04432 0.94745 0.457 0.14595 9.0000 6.61 0.9351 0.9365 2.521893 
491.1375 40.675 87.333 0.04416 0.94806 0.435 0.14439 9.0000 6.29 0.9347 0.9360 2.524429 
490.6435 40.723 87.346 0.04397 0.94864 0.420 0.14284 9.0000 5.99 0.9342 0.9355 2.526971 
490.1493 40.774 87.360 0.04377 0.94905 0.417 0.14118 9.0000 5.85 0.9336 0.9349 2.529519 
489.6550 40.816 87.374 0.04356 0.94982 0.406 0.13986 9.0000 5.76 0.9331 0.9344 2.532072 
489.1606 40.865 87.385 0.04339 0.95024 0.401 0.13826 9.0000 5.67 0.9325 0.9339 2.534631 
488.6661 40.911 87.399 0.04318 0.95076 0.391 0.13679 9.0000 5.38 0.9320 0.9333 2.537196 
488.1714 40.965 87.406 0.04311 0.95163 0.378 0.13508 9.0000 5.22 0.9317 0.9330 2.539768 
487.6767 41.008 87.417 0.04296 0.95231 0.381 0.13371 9.0000 5.20 0.9309 0.9322 2.542344 
487.1818 41.061 87.434 0.04271 0.95288 0.368 0.13199 9.0000 5.07 0.9303 0.9316 2.544927 
486.6869 41.105 87.449 0.04249 0.95376 0.360 0.13060 9.0000 4.89 0.9297 0.9309 2.547514 
486.1918 41.153 87.470 0.04217 0.95442 0.342 0.12905 9.0000 4.61 0.9290 0.9303 2.550109 
485.6966 41.201 87.481 0.04199 0.95458 0.343 0.12745 9.0000 4.54 0.9282 0.9295 2.552709 
485.2013 41.251 87.495 0.04180 0.95547 0.334 0.12587 9.0000 4.53 0.9278 0.9290 2.555314 
484.7058 41.297 87.513 0.04153 0.95605 0.323 0.12439 9.0000 4.39 0.9270 0.9283 2.557927 
484.2103 41.338 87.530 0.04129 0.95709 0.301 0.12311 9.0000 4.07 0.9264 0.9277 2.560544 
483.7146 41.380 87.546 0.04107 0.95807 0.291 0.12183 9.0000 4.06 0.9261 0.9273 2.563168 
483.2189 41.428 87.562 0.04084 0.95911 0.272 0.12032 9.0000 4.13 0.9255 0.9268 2.565798 
482.7230 41.476 87.579 0.04059 0.96007 0.258 0.11882 9.0000 4.00 0.9250 0.9262 2.568433 
482.2270 41.516 87.597 0.04032 0.96085 0.246 0.11753 9.0000 4.01 0.9242 0.9254 2.571075 
481.7309 41.555 87.614 0.04009 0.96210 0.232 0.11634 9.0000 3.92 0.9234 0.9246 2.573723 
481.2346 41.591 87.634 0.03980 0.96323 0.219 0.11525 9.0000 3.94 0.9230 0.9242 2.576377 
480.7383 41.631 87.657 0.03947 0.96455 0.203 0.11406 9.0000 3.71 0.9224 0.9236 2.579037 
480.2419 41.672 87.675 0.03921 0.96555 0.196 0.11278 9.0000 3.62 0.9218 0.9230 2.581703 
479.7453 41.712 87.694 0.03893 0.96661 0.185 0.11153 9.0000 3.60 0.9214 0.9226 2.584375 
479.2486 41.758 87.711 0.03868 0.96778 0.177 0.11008 9.0000 3.53 0.9209 0.9221 2.587054 
478.7518 41.791 87.727 0.03845 0.96869 0.168 0.10906 9.0000 3.41 0.9199 0.9210 2.589738 
478.2549 41.833 87.747 0.03813 0.96945 0.161 0.10771 9.0000 3.37 0.9188 0.9200 2.592429 
477.7579 41.871 87.768 0.03782 0.97028 0.157 0.10646 9.0000 3.41 0.9181 0.9193 2.595126 
477.2608 41.911 87.788 0.03752 0.97124 0.151 0.10521 9.0000 3.22 0.9177 0.9189 2.597829 
476.7635 41.951 87.811 0.03716 0.97213 0.146 0.10392 9.0000 3.24 0.9169 0.9181 2.600539 
476.2662 41.993 87.829 0.03689 0.97335 0.142 0.10260 9.0000 3.21 0.9165 0.9177 2.603254 
475.7687 42.043 87.847 0.03663 0.97446 0.136 0.10102 9.0000 3.11 0.9161 0.9173 2.605976 
475.2711 42.093 87.872 0.03623 0.97524 0.128 0.09938 9.0000 3.18 0.9155 0.9167 2.608705 
474.7734 42.140 87.902 0.03575 0.97607 0.125 0.09782 9.0000 3.09 0.9150 0.9162 2.611439 
474.2756 42.183 87.931 0.03530 0.97714 0.117 0.09646 9.0000 3.04 0.9144 0.9156 2.614180 
473.7776 42.226 87.954 0.03491 0.97711 0.107 0.09498 9.0000 3.00 0.9134 0.9146 2.616928 
473.2796 42.280 87.981 0.03446 0.97752 0.102 0.09314 9.0000 2.96 0.9129 0.9140 2.619682 
472.7814 42.333 88.007 0.03405 0.97844 0.095 0.09142 9.0000 2.83 0.9122 0.9134 2.622442 
472.2831 42.394 88.035 0.03357 0.97828 0.088 0.08929 9.0000 2.81 0.9117 0.9129 2.625209 
471.7848 42.445 88.060 0.03314 0.97815 0.084 0.08751 9.0000 2.85 0.9109 0.9121 2.627982 
471.2863 42.504 88.088 0.03266 0.97834 0.078 0.08549 9.0000 2.81 0.9105 0.9117 2.630762 
470.7876 42.564 88.122 0.03207 0.97799 0.074 0.08341 9.0000 2.78 0.9100 0.9112 2.633548 
470.2889 42.620 88.156 0.03149 0.97835 0.073 0.08152 9.0000 2.76 0.9095 0.9107 2.636341 
469.7900 42.683 88.193 0.03088 0.97857 0.070 0.07937 9.0000 2.70 0.9094 0.9106 2.639141 
469.2911 42.749 88.231 0.03020 0.97802 0.068 0.07705 9.0000 2.69 0.9088 0.9100 2.641946 
468.7920 42.828 88.264 0.02963 0.97753 0.067 0.07429 9.0000 2.70 0.9090 0.9102 2.644759 
468.2928 42.906 88.292 0.02915 0.97741 0.065 0.07160 9.0000 2.65 0.9089 0.9101 2.647578 
467.7935 42.981 88.333 0.02843 0.97718 0.062 0.06902 9.0000 2.61 0.9089 0.9101 2.650404 
467.2941 43.059 88.377 0.02767 0.97669 0.060 0.06629 9.0000 2.53 0.9091 0.9103 2.653237 
466.7945 43.148 88.424 0.02686 0.97617 0.058 0.06322 9.0000 2.53 0.9093 0.9105 2.656077 
466.2949 43.229 88.475 0.02599 0.97614 0.054 0.06045 9.0000 2.50 0.9096 0.9108 2.658922 
465.7951 43.309 88.529 0.02506 0.97582 0.051 0.05768 9.0000 2.48 0.9098 0.9111 2.661775 
465.2952 43.383 88.586 0.02407 0.97489 0.047 0.05509 9.0000 2.41 0.9091 0.9104 2.664635 
464.7952 43.466 88.648 0.02302 0.97510 0.043 0.05228 9.0000 2.37 0.9095 0.9107 2.667502 
464.2951 43.550 88.697 0.02217 0.97448 0.040 0.04938 9.0000 2.38 0.9092 0.9104 2.670375 
463.7949 43.642 88.747 0.02128 0.97259 0.037 0.04614 9.0000 2.39 0.9088 0.9101 2.673255 
463.2946 43.729 88.809 0.02019 0.97173 0.034 0.04314 9.0000 2.32 0.9087 0.9099 2.676142 
462.7941 43.824 88.870 0.01915 0.97064 0.031 0.03989 9.0000 2.28 0.9095 0.9107 2.679036 
462.2935 43.919 88.928 0.01814 0.96972 0.029 0.03660 9.0000 2.30 0.9096 0.9109 2.681937 
461.7928 44.014 88.994 0.01702 0.96879 0.028 0.03338 9.0000 2.29 0.9096 0.9109 2.684845 
461.2921 44.110 89.058 0.01591 0.96766 0.027 0.03009 9.0000 2.28 0.9099 0.9112 2.687759 
460.7911 44.197 89.105 0.01511 0.96670 0.026 0.02712 9.0000 2.25 0.9097 0.9109 2.690681 
460.2901 44.294 89.159 0.01418 0.96579 0.026 0.02380 9.0000 2.23 0.9098 0.9110 2.693610 
459.7889 44.396 89.216 0.01319 0.96458 0.026 0.02035 9.0000 2.16 0.9098 0.9110 2.696546 
459.2877 44.498 89.272 0.01225 0.96347 0.025 0.01690 9.0000 2.13 0.9105 0.9117 2.699489 
458.7863 44.607 89.334 0.01119 0.96267 0.024 0.01322 9.0000 2.10 0.9114 0.9127 2.702439 
458.2848 44.709 89.394 0.01017 0.96126 0.025 0.00976 9.0000 2.13 0.9119 0.9131 2.705396 
457.7832 44.810 89.453 0.00916 0.95978 0.023 0.00636 9.0000 2.07 0.9120 0.9133 2.708360 
457.2815 44.931 89.527 0.00790 0.95763 0.022 0.00230 9.0000 2.06 0.9121 0.9133 2.711332 
456.7796 45.043 89.597 0.00673 0.95636 0.022 -0.00145 9.0000 2.04 0.9130 0.9143 2.714311 
456.2777 45.160 89.670 0.00551 0.95554 0.021 -0.00533 9.0000 2.02 0.9140 0.9153 2.717297 
455.7756 45.280 89.745 0.00424 0.95374 0.021 -0.00932 9.0000 1.99 0.9145 0.9158 2.720290 
455.2734 45.400 89.824 0.00293 0.95230 0.020 -0.01330 9.0000 1.97 0.9148 0.9161 2.723291 
454.7711 45.516 89.897 0.00171 0.95096 0.020 -0.01714 9.0000 2.00 0.9154 0.9167 2.726299 
454.2687 45.644 89.973 0.00044 0.94940 0.020 -0.02136 9.0000 1.98 0.9159 0.9172 2.729314 
453.7662 45.749 90.037 -0.00062 0.94867 0.020 -0.02482 9.0000 1.91 0.9166 0.9179 2.732336 
453.2635 45.855 90.102 -0.00169 0.94750 0.021 -0.02830 9.0000 1.93 0.9166 0.9179 2.735367 
452.7608 45.959 90.165 -0.00273 0.94673 0.021 -0.03170 9.0000 1.91 0.9171 0.9185 2.738404 
452.2579 46.063 90.229 -0.00378 0.94584 0.023 -0.03512 9.0000 1.90 0.9174 0.9188 2.741449 
451.7549 46.166 90.292 -0.00481 0.94505 0.025 -0.03848 9.0000 1.93 0.9178 0.9192 2.744501 
451.2518 46.269 90.355 -0.00585 0.94423 0.026 -0.04185 9.0000 1.90 0.9181 0.9195 2.747561 
450.7485 46.371 90.417 -0.00687 0.94371 0.027 -0.04520 9.0000 1.85 0.9188 0.9201 2.750629 
450.2452 46.473 90.479 -0.00789 0.94280 0.028 -0.04851 9.0000 1.83 0.9189 0.9202 2.753704 
449.7417 46.575 90.542 -0.00891 0.94208 0.030 -0.05185 9.0000 1.77 0.9192 0.9206 2.756787 
449.2382 46.674 90.603 -0.00990 0.94150 0.031 -0.05509 9.0000 1.75 0.9196 0.9210 2.759876 
448.7345 46.775 90.664 -0.01091 0.94080 0.033 -0.05837 9.0000 1.73 0.9198 0.9212 2.762974 
448.2307 46.874 90.725 -0.01190 0.94024 0.034 -0.06160 9.0000 1.70 0.9202 0.9216 2.766080 
447.7267 46.973 90.785 -0.01288 0.93991 0.034 -0.06483 9.0000 1.71 0.9208 0.9222 2.769193 
447.2227 47.071 90.845 -0.01386 0.93947 0.036 -0.06803 9.0000 1.68 0.9212 0.9226 2.772314 
446.7186 47.169 90.906 -0.01484 0.93870 0.039 -0.07122 9.0000 1.65 0.9212 0.9226 2.775443 
446.2143 47.266 90.965 -0.01581 0.93837 0.041 -0.07439 9.0000 1.62 0.9216 0.9231 2.778580 
445.7099 47.363 91.024 -0.01677 0.93802 0.043 -0.07755 9.0000 1.60 0.9220 0.9235 2.781724 
445.2054 47.459 91.083 -0.01773 0.93771 0.049 -0.08069 9.0000 1.62 0.9224 0.9239 2.784876 
444.7008 47.554 91.142 -0.01868 0.93738 0.051 -0.08381 9.0000 1.61 0.9228 0.9243 2.788036 
444.1960 47.649 91.200 -0.01963 0.93708 0.055 -0.08690 9.0000 1.55 0.9231 0.9246 2.791204 
443.6912 47.743 91.258 -0.02057 0.93678 0.062 -0.08999 9.0000 1.60 0.9233 0.9249 2.794380 
443.1862 47.836 91.316 -0.02151 0.93654 0.067 -0.09306 9.0000 1.50 0.9237 0.9252 2.797564 
442.6812 47.928 91.372 -0.02243 0.93650 0.069 -0.09609 9.0000 1.51 0.9242 0.9257 2.800756 
442.1759 48.021 91.429 -0.02336 0.93628 0.079 -0.09914 9.0000 1.49 0.9244 0.9260 2.803956 
441.6706 48.113 91.486 -0.02428 0.93605 0.082 -0.10215 9.0000 1.47 0.9246 0.9262 2.807164 
441.1652 48.204 91.542 -0.02520 0.93599 0.086 -0.10517 9.0000 1.44 0.9249 0.9266 2.810380 
440.6596 48.294 91.598 -0.02611 0.93593 0.090 -0.10815 9.0000 1.43 0.9252 0.9269 2.813605 
440.1540 48.385 91.654 -0.02702 0.93569 0.094 -0.11114 9.0000 1.38 0.9253 0.9270 2.816837 
439.6482 48.385 91.654 -0.02702 0.93569 0.096 -0.11114 9.0000 1.36 0.9253 0.9270 2.820077 

# MINIMA:
439.6482 0.877 0.398 -17.02626 -11.01677 -2720.725 -11.53690 9.0000 1.36 0.5083 0.5341 1.240099 

# MAXIMA:
999.7925 81.984 358.953 35.50278 26.83657 213.760 67.35754 9.0000 59.61 2.72002739012947149E18 1.40061222733548093E19 2.820077 

# PEAKS:

# END SPECTRUM

