## SPECTRUM TYPE:
LCE

## DATE:
25/08/2026

## COMMENTS:

## NUMBER OF SPECTRUM:
1

## ELLIPSOMETRIC CONFIGURATION:
0.00 ø :Modulator
+45.00 øAnalyser

## UNIT:
nm


# SPECTRUM:
1

# CAPTION:


# START TIME:
11:00:25

# END TIME:
11:00:25

# THETA ANGLE:
0.00 ø

# INCIDENCE ANGLE:
69.95 ø

# ACCUMULATION NUMBER:
25

# ELLIPSOMETRIC CONFIGURATION:
0.00 ø :Modulator
+45.00 øAnalyser

# INTEGRATION TIME:
9 ms

# FIRST POINT:
999.79 nm

# LAST POINT:
439.65 nm

# INCREMENT:
0.00 nm

# NUMBER OF POINTS:
1273

# DATA:
nm Psi Delta Ic Is Reflectance IcPrim IntegrationTime IntensityMax Polarization PolarizationGen eV 
999.7925 1.171 213.744 -2.29102 -1.53048 0.000 67.35753 9.0000 4.62 2.7197769763562455E18 1.33197125572970414E19 1.240099 
999.4089 1.171 213.744 -2.29102 -1.53048 0.669 67.35753 9.0000 4.65 2.52959554961145856E18 1.23883272525242696E19 1.240575 
999.0253 1.171 213.744 -2.29102 -1.53048 0.393 67.35753 9.0000 4.76 2.41142471278251213E18 1.18096015062676275E19 1.241052 
998.6415 1.171 213.744 -2.29102 -1.53048 0.888 67.35753 9.0000 4.75 2.2766359946503127E18 1.11494943073695171E19 1.241529 
998.2578 1.171 213.744 -2.29102 -1.53048 0.160 67.35753 9.0000 4.72 2.12338317775287091E18 1.0398959973668225E19 1.242006 
997.8739 1.171 213.744 -2.29102 -1.53048 0.437 67.35753 9.0000 4.78 1.94981963231133696E18 9.54895832056017715E18 1.242484 
997.4900 1.171 213.744 -2.29102 -1.53048 -0.025 67.35753 9.0000 4.81 1.754099003424768E18 8.59044586490691584E18 1.242962 
997.1060 1.171 213.744 -2.29102 -1.53048 -0.004 67.35753 9.0000 4.85 1.53437507363117466E18 7.51437967332579738E18 1.243440 
996.7219 1.171 213.744 -2.29102 -1.53048 -2.426 67.35753 9.0000 4.86 1.28880121315170714E18 6.31171681243417805E18 1.243920 
996.3377 1.171 213.744 -2.29102 -1.53048 -0.536 67.35753 9.0000 4.90 1.01553106708542259E18 4.97341599811685581E18 1.244399 
995.9535 1.171 213.744 -2.29102 -1.53048 -0.291 67.35753 9.0000 4.89 716410990333263872.0000 3.50851878936693965E18 1.244879 
995.5692 1.171 213.744 -2.29102 -1.53048 0.712 67.35753 9.0000 5.05 393287475235127296.0000 1.92606839444498022E18 1.245360 
995.1848 1.171 213.744 -2.29102 -1.53048 -0.483 67.35753 9.0000 5.11 51699762587500544.0000 253192084490551296.0000 1.245841 
994.8003 1.171 213.744 -2.29102 -1.53048 0.015 67.35754 9.0000 5.13 295427229511319552.0000 1.44681189174044262E18 1.246322 
994.4158 1.171 213.744 -2.29102 -1.53048 0.009 67.35753 9.0000 5.05 629629217612496896.0000 3.08351796281291571E18 1.246804 
994.0311 21.993 146.471 -0.20614 0.13659 0.008 0.25621 9.0000 5.14 0.5275 0.6723 1.247287 
993.6464 21.963 127.789 -0.15968 0.20594 0.407 0.27054 9.0000 5.19 0.5296 0.6968 1.247770 
993.2617 37.064 108.248 -0.09504 0.28824 0.758 0.08630 9.0000 5.17 0.5248 0.7242 1.248253 
992.8768 52.285 107.856 -0.12490 0.38772 -0.225 -0.10588 9.0000 5.24 0.5493 0.7502 1.248737 
992.4919 57.769 47.251 0.12911 0.13968 0.170 -0.09088 9.0000 5.23 0.5806 0.7512 1.249221 
992.1069 32.829 96.697 -0.03260 0.27765 -5.761 0.12648 9.0000 5.29 0.5650 0.6475 1.249706 
991.7218 16.123 88.863 0.00585 0.29449 -0.699 0.46692 9.0000 5.29 0.6530 0.6760 1.250191 
991.3367 15.113 72.766 0.08755 0.28222 0.218 0.50717 9.0000 5.48 0.6804 0.7160 1.250677 
990.9514 17.386 65.722 0.16902 0.37472 0.888 0.59208 9.0000 5.50 0.7962 0.8408 1.251163 
990.5661 9.417 79.754 0.04886 0.27034 7.730 0.80545 9.0000 5.44 0.8313 0.8590 1.251650 
990.1807 7.774 59.752 0.11821 0.20272 -14.575 0.84342 9.0000 5.45 0.7686 0.8163 1.252137 
989.7953 4.057 85.139 0.01072 0.12601 -0.307 0.88704 9.0000 5.58 0.7448 0.8069 1.252625 
989.4097 6.606 94.508 -0.01838 0.23320 -1.269 0.99642 9.0000 5.62 0.7622 0.8365 1.253113 
989.0241 8.664 106.069 -0.08564 0.29731 0.751 0.99168 9.0000 5.65 0.7782 0.8654 1.253601 
988.6384 16.119 113.289 -0.17567 0.40813 1.089 0.70456 9.0000 5.59 0.7252 0.8012 1.254090 
988.2526 13.675 90.957 -0.00743 0.44461 18.359 0.85971 9.0000 5.75 0.7401 0.8239 1.254580 
987.8668 15.740 83.882 0.05331 0.49734 0.720 0.81687 9.0000 5.69 0.7355 0.8274 1.255070 
987.4809 11.086 86.717 0.02426 0.42286 -2670.319 1.03932 9.0000 5.72 0.7495 0.7991 1.255560 
987.0949 10.358 91.016 -0.00752 0.42402 0.912 1.12139 9.0000 5.83 0.7220 0.7406 1.256051 
986.7088 7.957 89.785 0.00111 0.29531 0.735 1.03575 9.0000 5.86 0.7370 0.7503 1.256543 
986.3226 5.979 113.662 -0.07935 0.18109 -1.526 0.93360 9.0000 5.86 0.7742 0.7854 1.257035 
985.9364 8.623 93.071 -0.01388 0.25873 -5.017 0.83461 9.0000 5.89 0.8236 0.8514 1.257527 
985.5501 9.617 85.151 0.02330 0.27458 53.343 0.78980 9.0000 5.92 0.8984 0.9693 1.258020 
985.1638 15.706 82.059 0.05442 0.39008 -1.609 0.64492 9.0000 6.02 0.9422 1.0503 1.258513 
984.7773 20.430 80.783 0.07884 0.48587 0.699 0.56905 9.0000 6.04 0.9738 1.0808 1.259007 
984.3907 21.660 73.784 0.17517 0.60230 -0.655 0.66516 9.0000 6.12 0.9871 1.0820 1.259502 
984.0041 16.334 70.805 0.14209 0.40813 -0.514 0.67398 9.0000 6.13 0.8547 0.9326 1.259997 
983.6174 6.199 55.660 0.09017 0.13199 0.376 0.72716 9.0000 6.30 0.6891 0.7756 1.260492 
983.2307 6.779 88.881 0.00372 0.19018 0.447 0.78871 9.0000 6.33 0.6604 0.7414 1.260988 
982.8438 5.892 220.082 -0.14125 -0.11887 0.376 0.88487 9.0000 6.34 0.7670 0.8278 1.261484 
982.4569 10.018 129.637 -0.17479 0.21101 0.382 0.75131 9.0000 6.35 0.7967 0.9452 1.261981 
982.0699 15.042 105.027 -0.08412 0.31335 -1.695 0.56005 9.0000 6.45 0.7332 0.8564 1.262478 
981.6828 24.609 96.270 -0.04716 0.42927 -0.008 0.37252 9.0000 6.47 0.7174 0.8019 1.262976 
981.2957 27.404 106.299 -0.15803 0.54045 -0.005 0.39710 9.0000 6.47 0.7408 0.8530 1.263474 
980.9084 36.001 77.676 0.11275 0.51605 0.003 0.17161 9.0000 6.48 0.6644 0.7882 1.263973 
980.5211 46.316 24.979 1.09633 0.51074 0.006 -0.05560 9.0000 6.49 0.7707 0.8953 1.264472 
980.1337 40.143 64.062 0.30533 0.62774 -0.001 0.11949 9.0000 6.64 0.5724 0.7163 1.264972 
979.7463 31.382 75.140 0.15121 0.56989 -0.001 0.30348 9.0000 6.56 0.6020 0.7771 1.265472 
979.3587 37.234 131.056 -0.64995 0.74621 5.255 0.27502 9.0000 6.68 0.6545 0.8439 1.265973 
978.9711 39.100 161.086 -2.02271 0.69310 3.767 0.44672 9.0000 6.64 0.7981 0.9725 1.266474 
978.5834 38.850 163.440 -1.75882 0.52300 1.021 0.40010 9.0000 6.65 0.9700 1.1200 1.266976 
978.1956 36.395 163.956 -1.56184 0.44916 4.677 0.50338 9.0000 6.75 1.1376 1.2872 1.267478 
977.8077 33.191 164.509 -1.24943 0.34628 -1.951 0.56692 9.0000 6.86 1.2292 1.3798 1.267981 
977.4199 29.466 167.311 -0.97263 0.21899 2.134 0.60065 9.0000 6.89 1.2843 1.4322 1.268484 
977.0319 19.981 164.891 -0.45871 0.12385 1.634 0.56701 9.0000 6.91 0.9838 1.1804 1.268988 
976.6437 6.437 104.485 -0.03498 0.13542 0.869 0.61202 9.0000 6.90 0.7751 1.0095 1.269493 
976.2556 12.638 169.651 -0.31989 0.05842 -5.557 0.68869 9.0000 6.94 0.9366 1.1123 1.269997 
975.8674 7.358 103.273 -0.05267 0.22326 0.760 0.87344 9.0000 7.02 0.9697 1.0579 1.270502 
975.4790 8.952 101.576 -0.05224 0.25504 0.645 0.80581 9.0000 7.14 0.9857 1.0471 1.271008 
975.0906 14.625 106.903 -0.11231 0.36958 -1.077 0.68975 9.0000 7.12 0.9756 1.0320 1.271515 
974.7021 14.016 105.580 -0.09730 0.34896 -11.770 0.68042 9.0000 7.21 0.9443 1.0058 1.272021 
974.3136 14.508 106.553 -0.10753 0.36179 0.740 0.68044 9.0000 7.12 0.8575 0.9098 1.272529 
973.9250 14.549 104.257 -0.08631 0.33969 0.019 0.62976 9.0000 7.27 0.7365 0.7802 1.273036 
973.5363 18.827 97.588 -0.05628 0.42251 0.037 0.55241 9.0000 7.26 0.6712 0.7203 1.273545 
973.1475 17.037 107.958 -0.07777 0.23994 -3.492 0.37291 9.0000 7.34 0.5331 0.5498 1.274053 
972.7586 17.764 105.844 -0.05995 0.21122 -1.757 0.30749 9.0000 7.39 0.5261 0.5511 1.274563 
972.3697 23.100 124.063 -0.09189 0.13591 -0.700 0.15733 9.0000 7.44 0.5103 0.5372 1.275073 
971.9807 47.757 130.246 -0.11108 0.13123 -0.328 -0.01660 9.0000 7.50 0.5105 0.5389 1.275583 
971.5916 59.278 116.549 -0.11499 0.23015 -0.531 -0.14001 9.0000 7.49 0.5686 0.5952 1.276094 
971.2024 66.617 105.637 -0.07442 0.26588 0.306 -0.25958 9.0000 7.70 0.6915 0.7161 1.276605 
970.8131 76.822 102.101 -0.04679 0.21825 0.039 -0.45053 9.0000 7.64 0.7806 0.8000 1.277117 
970.4238 80.085 91.574 -0.00499 0.18153 0.011 -0.50361 9.0000 7.59 0.8052 0.8293 1.277629 
970.0344 66.861 19.957 0.68713 0.24951 0.007 -0.69915 9.0000 7.89 0.9542 1.0338 1.278142 
969.6449 55.077 104.323 -0.08277 0.32416 0.005 -0.12279 9.0000 7.88 0.8753 0.9173 1.278656 
969.2553 36.850 145.737 -0.57287 0.39024 0.002 0.20268 9.0000 7.87 1.1603 1.2591 1.279170 
968.8657 32.017 154.936 -0.93093 0.43537 -1.983 0.50049 9.0000 7.92 1.4581 1.6183 1.279684 
968.4760 30.955 159.929 -1.17760 0.43028 0.837 0.66915 9.0000 7.99 1.6677 1.8573 1.280199 
968.0861 30.097 160.739 -1.32481 0.46292 0.221 0.80392 9.0000 8.25 1.7543 1.9553 1.280714 
967.6962 29.012 158.998 -1.25546 0.48198 -0.517 0.83953 9.0000 8.17 1.7417 1.9253 1.281230 
967.3063 27.824 155.759 -1.04895 0.47233 0.780 0.78625 9.0000 8.16 1.6183 1.7302 1.281747 
966.9163 23.829 151.511 -0.73561 0.39923 0.893 0.76271 9.0000 8.30 1.2451 1.3341 1.282264 
966.5261 12.890 123.887 -0.21426 0.31901 -3.925 0.79562 9.0000 8.21 0.9457 1.0593 1.282782 
966.1359 31.080 16.721 1.04173 0.31294 0.785 0.57446 9.0000 8.13 0.7835 1.0129 1.283300 
965.7457 16.863 36.713 0.52351 0.39040 -0.508 0.97828 9.0000 8.18 0.7607 0.9410 1.283818 
965.3553 38.951 0.784 2.01550 0.02759 0.815 0.43205 9.0000 8.44 0.7086 0.9790 1.284337 
964.9649 30.633 157.005 -9.31185 3.95162 7.419 5.54599 9.0000 8.48 0.8764 1.2484 1.284857 
964.5743 22.975 145.974 -2.23590 1.50962 1.258 2.60988 9.0000 8.35 1.0899 1.5371 1.285377 
964.1838 19.148 146.381 -1.98804 1.32182 -0.308 3.02332 9.0000 8.44 1.1324 1.6393 1.285898 
963.7931 15.783 156.359 -18.28670 8.00474 0.838 32.49192 9.0000 8.49 0.9582 1.4536 1.286419 
963.4023 74.389 28.104 0.48111 0.25693 0.091 -0.89980 9.0000 8.62 0.7060 1.1087 1.286941 
963.0115 49.940 71.922 0.19885 0.60919 0.834 -0.11161 9.0000 8.72 0.6730 1.0281 1.287463 
962.6207 20.765 109.241 -0.09997 0.28642 0.883 0.34254 9.0000 8.80 0.6554 0.8351 1.287986 
962.2297 17.118 139.185 -0.26305 0.22717 0.896 0.51074 9.0000 8.81 0.6931 0.7816 1.288509 
961.8386 9.414 120.213 -0.13700 0.23527 0.930 0.79845 9.0000 8.94 0.8378 1.0657 1.289033 
961.4474 8.397 189.896 -0.21466 -0.03745 0.865 0.72199 9.0000 8.95 0.7737 1.0105 1.289558 
961.0562 10.457 209.734 -0.23791 -0.13589 1.110 0.71695 9.0000 8.86 0.8194 1.1236 1.290083 
960.6649 12.932 221.251 -0.26243 -0.23015 0.014 0.72001 9.0000 9.12 0.7393 0.9859 1.290608 
960.2736 17.352 242.464 -0.22935 -0.43991 0.016 0.71638 9.0000 9.03 0.6445 0.7882 1.291134 
959.8821 8.528 206.078 -0.18174 -0.08895 0.691 0.65952 9.0000 9.00 0.5940 0.6465 1.291661 
959.4905 14.592 115.576 -0.14474 0.30242 1.313 0.60027 9.0000 9.10 0.5962 0.6391 1.292188 
959.0989 32.857 89.207 0.00911 0.65871 0.813 0.29725 9.0000 9.29 0.5663 0.7304 1.292715 
958.7073 19.313 101.962 -0.05186 0.24477 1.499 0.31312 9.0000 9.36 0.5330 0.6802 1.293243 
958.3155 27.142 110.006 -0.14814 0.40687 -14.395 0.31132 9.0000 9.12 0.5393 0.5811 1.293772 
957.9236 25.095 110.000 -0.14407 0.39583 0.886 0.35109 9.0000 9.12 0.5665 0.5836 1.294301 
957.5317 18.662 114.498 -0.12403 0.27220 -111.429 0.39232 9.0000 9.19 0.6030 0.6223 1.294831 
957.1396 10.950 113.402 -0.08103 0.18722 1.103 0.50744 9.0000 9.12 0.7069 0.7440 1.295362 
956.7476 7.292 113.831 -0.06496 0.14706 -2.572 0.61785 9.0000 9.44 0.7336 0.7797 1.295892 
956.3554 1.276 142.044 -0.02580 0.02012 1.217 0.73413 9.0000 9.68 0.7401 0.8051 1.296424 
955.9632 7.495 147.366 -0.18192 0.11649 -0.007 0.80680 9.0000 9.73 0.8036 0.8688 1.296956 
955.5709 4.767 70.236 0.05339 0.14859 -0.005 0.94013 9.0000 9.61 0.8855 0.9506 1.297488 
955.1784 6.946 33.186 0.17165 0.11226 -0.006 0.82930 9.0000 9.67 0.7360 0.8205 1.298021 
954.7859 11.860 22.580 0.26973 0.11217 0.853 0.66484 9.0000 9.80 0.6398 0.7871 1.298555 
954.3934 20.219 28.543 0.32869 0.17878 8.097 0.43906 9.0000 9.65 0.6074 0.8071 1.299089 
954.0007 28.769 33.049 0.32150 0.20918 0.937 0.24399 9.0000 9.70 0.6065 0.8291 1.299624 
953.6080 25.005 65.477 0.14337 0.31425 1.054 0.28974 9.0000 9.91 0.6731 0.8843 1.300159 
953.2152 41.068 78.935 0.07343 0.37551 -0.916 0.05284 9.0000 9.98 0.5867 0.7439 1.300695 
952.8223 38.682 68.762 0.11174 0.28752 0.808 0.06916 9.0000 9.89 0.5312 0.6402 1.301231 
952.4293 29.926 65.230 0.10870 0.23557 0.993 0.15068 9.0000 10.04 0.5366 0.6170 1.301768 
952.0363 21.044 88.830 0.00543 0.26580 1.345 0.29436 9.0000 10.01 0.6152 0.9975 1.302305 
951.6432 18.365 43.945 0.31161 0.30034 0.961 0.57999 9.0000 10.33 0.7300 0.8095 1.302843 
951.2499 19.391 48.294 0.26886 0.30170 3.546 0.50294 9.0000 9.98 0.6392 0.8545 1.303382 
950.8567 61.336 306.665 1.26039 -1.69310 2.880 -1.35360 9.0000 10.02 0.9277 2.3924 1.303921 
950.4633 12.956 66.757 0.16694 0.38870 0.919 0.87073 9.0000 10.19 0.7195 1.1450 1.304461 
950.0699 16.791 95.987 -0.08381 0.79913 -0.171 1.21017 9.0000 10.21 1.5178 3.1815 1.305001 
949.6763 20.148 98.589 -0.16444 1.08870 -0.088 1.29848 9.0000 10.34 2.0102 4.7168 1.305542 
949.2827 23.286 98.380 -0.19009 1.29035 -0.067 1.23459 9.0000 10.46 2.1420 5.5295 1.306083 
948.8890 20.427 101.024 -0.37145 1.90659 -0.123 2.24598 9.0000 10.63 2.2032 5.8361 1.306625 
948.4953 24.458 97.557 -0.15927 1.20061 0.004 1.05595 9.0000 10.68 2.0278 5.5318 1.307167 
948.1014 40.595 39.274 0.88194 0.72118 0.274 0.17656 9.0000 10.71 2.2869 4.9036 1.307710 
947.7075 41.610 92.015 -0.02395 0.68059 0.583 0.08096 9.0000 10.66 1.7295 3.4405 1.308254 
947.3135 20.191 148.343 -0.61046 0.37639 1.850 0.84318 9.0000 10.35 1.7089 2.1297 1.308798 
946.9194 17.907 186.432 -1.02274 -0.11529 0.311 1.42629 9.0000 10.40 2.2673 3.3011 1.309343 
946.5253 17.451 167.282 -1.30933 0.29549 0.102 1.92391 9.0000 10.58 2.6706 3.4378 1.309888 
946.1310 15.649 184.634 -1.44651 -0.11726 0.958 2.38700 9.0000 10.92 3.0439 5.2932 1.310434 
945.7367 15.870 169.402 -1.54343 0.28878 0.989 2.53844 9.0000 10.70 3.0128 4.1228 1.310980 
945.3423 16.904 157.323 -1.61100 0.67315 -0.177 2.60736 9.0000 10.94 2.9071 6.1163 1.311527 
944.9478 19.795 150.742 -1.71542 0.96100 0.196 2.37768 9.0000 11.14 2.7855 8.1493 1.312074 
944.5532 24.955 146.836 -1.99587 1.30428 0.938 2.00705 9.0000 10.91 2.5760 9.2589 1.312623 
944.1586 32.474 145.683 -2.30382 1.57258 -0.677 1.30384 9.0000 10.95 2.4476 9.4762 1.313171 
943.7639 43.888 144.769 -2.88375 2.03656 -0.753 0.13714 9.0000 10.96 2.5272 8.9107 1.313720 
943.3691 33.125 152.356 -2.96310 1.55197 1.181 1.47182 9.0000 10.99 2.5615 7.5958 1.314270 
942.9742 33.117 158.095 -3.56581 1.43383 1.487 1.69245 9.0000 11.10 2.5262 5.1935 1.314821 
942.5792 32.669 167.097 -5.19068 1.18908 1.133 2.44499 9.0000 11.24 2.4248 2.6031 1.315372 
942.1841 28.452 185.833 -12.53027 -1.28009 -1.197 8.20945 9.0000 11.28 2.3183 4.4076 1.315923 
941.7890 26.637 168.614 -2.32507 0.46823 -1.213 1.76957 9.0000 11.43 1.3477 1.3693 1.316475 
941.3938 32.076 7.091 0.93235 0.11598 -23.135 0.45516 9.0000 11.37 0.8892 0.9657 1.317028 
940.9985 13.260 353.580 0.32909 -0.03703 0.431 0.66364 9.0000 11.54 0.6494 0.7233 1.317581 
940.6031 13.404 11.308 0.29341 0.05867 -6.845 0.59215 9.0000 11.50 0.5919 0.7106 1.318135 
940.2077 5.727 67.538 0.04830 0.11682 2.495 0.62394 9.0000 11.56 0.5808 0.7055 1.318689 
939.8122 17.532 141.270 -0.31560 0.25312 2.729 0.57642 9.0000 11.69 0.5906 0.7098 1.319244 
939.4166 21.869 151.960 -0.56931 0.30321 1.252 0.67407 9.0000 11.60 0.7164 0.7938 1.319800 
939.0209 19.175 141.323 -0.40487 0.32410 -4.180 0.65551 9.0000 11.48 0.6871 0.7964 1.320356 
938.6251 20.445 136.854 -0.36748 0.34444 1.170 0.58163 9.0000 11.59 0.6926 0.7758 1.320913 
938.2292 22.399 150.075 -0.39431 0.22697 0.930 0.45819 9.0000 11.80 0.6446 0.6837 1.321470 
937.8333 21.478 118.092 -0.24593 0.46074 0.913 0.56092 9.0000 11.81 0.7542 0.8082 1.322028 
937.4373 25.762 97.023 -0.07696 0.62466 -2.463 0.50020 9.0000 12.17 0.6577 0.7708 1.322586 
937.0412 23.075 43.653 0.32788 0.31281 8.830 0.43533 9.0000 11.99 0.6120 0.6505 1.323146 
936.6450 18.540 35.795 0.28197 0.20332 1.019 0.45998 9.0000 11.80 0.6840 0.7570 1.323705 
936.2487 17.681 32.396 0.27301 0.17323 0.983 0.45563 9.0000 11.97 0.7848 0.9246 1.324266 
935.8524 20.052 29.773 0.27684 0.15838 0.623 0.37871 9.0000 12.18 0.8037 1.0810 1.324826 
935.4560 26.990 23.730 0.28194 0.12394 0.843 0.22392 9.0000 12.33 0.7389 1.0241 1.325388 
935.0594 28.631 345.122 0.27895 -0.07411 -0.715 0.18557 9.0000 12.44 0.7013 1.0158 1.325950 
934.6629 2.620 300.504 0.02509 -0.04259 -0.056 0.53895 9.0000 12.34 0.7476 0.9647 1.326512 
934.2662 23.605 257.527 -0.05304 -0.23977 1.156 0.22732 9.0000 12.27 0.6420 0.8303 1.327076 
933.8694 71.366 3.849 0.42491 0.02859 1.576 -0.55967 9.0000 12.48 0.7296 1.3101 1.327640 
933.4727 13.102 164.841 -2.23331 0.60505 -5.613 4.70147 9.0000 12.57 1.3536 2.3595 1.328204 
933.0757 15.736 160.892 -2.01411 0.69775 -0.718 3.48206 9.0000 12.49 1.7030 2.9187 1.328769 
932.6787 16.396 170.165 -2.20828 0.38281 0.884 3.47869 9.0000 12.72 1.7957 3.0580 1.329334 
932.2817 15.673 197.802 -3.70905 -1.19099 19.972 6.39536 9.0000 12.73 1.5813 2.8779 1.329901 
931.8845 14.800 207.894 -4.10640 -2.17369 0.121 8.17857 9.0000 12.71 1.4415 2.5974 1.330467 
931.4873 73.547 46.671 6.79788 7.20647 -84.088 -15.31011 9.0000 12.80 1.0986 2.0649 1.331035 
931.0900 61.302 68.457 0.33673 0.85293 0.303 -0.58651 9.0000 13.04 0.6595 1.4099 1.331603 
930.6926 7.327 60.556 0.08346 0.14785 0.948 0.64924 9.0000 12.99 6.2909 8.4762 1.332171 
930.2951 12.656 4.059 0.50453 0.03580 -6.156 1.06947 9.0000 12.97 1.4532 2.2244 1.332740 
929.8975 6.675 28.116 0.14890 0.07956 0.066 0.71143 9.0000 13.13 7.3980 10.0476 1.333310 
929.4999 6.876 38.285 0.13059 0.10308 10.346 0.67982 9.0000 13.33 11.5715 15.7330 1.333881 
929.1022 7.501 45.961 0.11911 0.12317 9.072 0.63935 9.0000 13.67 14.0882 19.2816 1.334452 
928.7043 7.897 47.875 0.11595 0.12821 1.332 0.61118 9.0000 13.37 14.6867 20.3442 1.335023 
928.3065 8.201 46.963 0.11948 0.12796 -0.132 0.59470 9.0000 13.48 13.6802 19.1673 1.335595 
927.9085 8.336 49.401 0.11569 0.13498 0.861 0.59356 9.0000 13.48 11.1024 15.8237 1.336168 
927.5104 8.390 53.335 0.11071 0.14872 0.168 0.61487 9.0000 13.68 6.9159 10.2160 1.336742 
927.1123 8.067 86.408 0.02525 0.40235 0.076 1.39358 9.0000 13.62 1.2895 2.6923 1.337316 
926.7141 9.420 32.712 0.12781 0.08209 0.035 0.44519 9.0000 13.58 6.4619 8.3104 1.337890 
926.3158 58.215 277.636 0.03842 -0.28659 0.464 -0.14372 9.0000 13.70 0.6478 1.1682 1.338466 
925.9174 38.462 199.625 -0.09458 -0.03373 0.396 0.02332 9.0000 13.78 0.5645 0.7469 1.339042 
925.5190 3.764 251.494 -0.04276 -0.12775 -0.141 1.01931 9.0000 13.80 0.8110 1.5204 1.339618 
925.1204 22.435 271.225 0.00968 -0.45233 -0.054 0.45448 9.0000 13.95 0.5636 0.7479 1.340195 
924.7218 26.101 270.563 0.00279 -0.28429 -0.039 0.22051 9.0000 13.75 0.5370 0.6881 1.340773 
924.3231 15.733 276.541 0.01822 -0.15893 -0.018 0.26140 9.0000 14.03 0.5256 0.6343 1.341351 
923.9243 9.558 91.891 -0.00393 0.11886 0.893 0.34313 9.0000 14.06 0.5254 0.5726 1.341930 
923.5255 19.750 93.747 -0.02222 0.33928 0.969 0.41247 9.0000 14.36 0.5777 0.5985 1.342510 
923.1265 29.901 119.600 -0.37988 0.66870 0.043 0.44756 9.0000 14.04 0.7733 0.8371 1.343090 
922.7275 18.875 89.790 0.00151 0.41153 0.027 0.53151 9.0000 14.43 0.7426 0.8058 1.343671 
922.3283 12.612 41.229 0.22523 0.19737 0.976 0.63571 9.0000 14.34 0.7770 0.8916 1.344252 
921.9291 15.323 37.407 0.33937 0.25953 0.000 0.72107 9.0000 14.42 0.9937 1.2242 1.344834 
921.5298 15.266 20.851 0.41814 0.15926 0.000 0.75864 9.0000 14.46 1.0608 1.3407 1.345417 
921.1305 15.518 25.252 0.43102 0.20330 0.000 0.79199 9.0000 14.16 1.1390 1.4539 1.346000 
920.7311 15.505 13.964 0.43263 0.10758 0.000 0.74168 9.0000 14.39 1.0179 1.2445 1.346584 
920.3315 16.064 28.723 0.41809 0.22912 0.000 0.75921 9.0000 14.81 0.9173 1.0867 1.347169 
919.9319 17.743 55.369 0.28320 0.41006 0.000 0.69904 9.0000 14.58 0.8684 0.9715 1.347754 
919.5322 20.760 82.543 0.07409 0.56605 1.090 0.64479 9.0000 14.33 0.8582 0.9097 1.348340 
919.1324 26.247 108.474 -0.24981 0.74774 0.927 0.60506 9.0000 14.92 0.9062 1.0177 1.348926 
918.7326 21.364 84.954 0.05223 0.59156 3.572 0.64293 9.0000 14.60 0.7638 0.8182 1.349513 
918.3326 25.344 91.296 -0.00965 0.42646 -3.947 0.34931 9.0000 15.06 1.0186 1.1842 1.350101 
917.9326 17.382 69.870 0.13846 0.37774 1.183 0.57964 9.0000 14.88 0.5662 0.6340 1.350689 
917.5325 67.643 127.024 -1.19470 1.58402 1.485 -2.00388 9.0000 14.74 0.8310 0.9982 1.351278 
917.1323 75.801 131.616 -0.70004 0.78802 1.252 -1.94966 9.0000 14.86 1.0727 1.3751 1.351868 
916.7321 67.311 118.158 -0.30369 0.56739 3.710 -0.63513 9.0000 15.02 1.3393 1.7297 1.352458 
916.3317 51.188 115.774 -0.13096 0.27121 68.686 -0.06609 9.0000 15.13 1.4890 1.9398 1.353049 
915.9313 9.506 96.779 -0.01315 0.11060 1.610 0.32325 9.0000 15.14 1.5516 2.0066 1.353641 
915.5308 5.347 348.625 0.12869 -0.02589 2.142 0.69509 9.0000 15.29 1.5077 1.8932 1.354233 
915.1302 6.895 353.677 0.42539 -0.04713 1.140 1.74380 9.0000 15.48 1.3199 1.5996 1.354826 
914.7295 80.062 150.625 -1.59068 0.89539 -0.001 -5.04903 9.0000 15.29 1.0265 1.2082 1.355419 
914.3287 72.217 127.139 -0.31486 0.41573 -0.002 -0.72935 9.0000 15.26 0.9542 1.1697 1.356013 
913.9279 79.177 134.038 -0.39272 0.40613 -0.005 -1.42357 9.0000 15.30 0.7543 0.8738 1.356608 
913.5270 39.448 121.971 -0.11709 0.18760 -0.014 0.04341 9.0000 15.32 0.5365 0.6000 1.357203 
913.1259 7.453 58.571 0.11722 0.19182 0.807 0.84453 9.0000 15.60 0.7546 0.8525 1.357799 
912.7249 8.882 50.796 0.18091 0.22179 0.000 0.89339 9.0000 15.24 0.7641 0.8446 1.358396 
912.3237 9.522 52.395 0.16439 0.21342 1.046 0.78046 9.0000 15.59 0.7023 0.8023 1.358993 
911.9224 9.719 48.833 0.17796 0.20352 -0.168 0.76608 9.0000 15.84 0.6605 0.7452 1.359591 
911.5211 27.061 82.336 0.06672 0.49579 -0.157 0.36184 9.0000 15.96 0.6265 0.7891 1.360190 
911.1196 0.998 306.745 0.01705 -0.02283 0.110 0.81734 9.0000 15.94 0.5991 0.6433 1.360789 
910.7181 21.428 246.907 -0.39223 -0.91987 0.036 1.07777 9.0000 15.81 0.7933 0.9327 1.361389 
910.3165 12.742 53.684 0.29234 0.39774 0.060 1.03564 9.0000 15.94 1.0652 1.3631 1.361990 
909.9149 27.111 92.323 -0.07976 1.96591 -0.041 1.41783 9.0000 15.81 1.6028 1.9232 1.362591 
909.5131 31.221 23.079 1.98885 0.84744 0.107 1.12817 9.0000 15.58 1.7971 2.1914 1.363193 
909.1113 38.152 1.593 3.47838 0.09674 0.027 0.84795 9.0000 15.73 2.3861 2.9023 1.363795 
908.7093 40.991 356.554 4.08212 -0.24582 0.006 0.57607 9.0000 15.93 2.8475 3.4536 1.364399 
908.3073 42.554 354.972 4.25703 -0.37451 0.008 0.36572 9.0000 15.73 3.0693 3.7196 1.365003 
907.9052 45.054 357.034 4.43144 -0.22958 0.003 -0.00839 9.0000 15.98 2.9993 3.5307 1.365607 
907.5031 57.115 2.946 4.72998 0.24339 -0.863 -2.13147 9.0000 15.95 2.9757 3.3815 1.366212 
907.1008 39.212 4.461 3.14373 0.24526 -0.003 0.64586 9.0000 15.91 2.2693 2.5168 1.366818 
906.6984 23.564 18.553 2.04777 0.68728 -0.003 2.00529 9.0000 16.06 2.1591 2.2972 1.367425 
906.2960 13.998 59.894 0.79076 1.36379 -0.033 2.96545 9.0000 16.00 2.5175 2.5690 1.368032 
905.8935 15.258 94.449 -0.18682 2.40093 -0.346 4.08579 9.0000 16.15 3.1116 3.2553 1.368640 
905.4909 11.704 63.707 0.81708 1.65373 0.007 4.26096 9.0000 16.07 2.8550 2.9501 1.369248 
905.0883 9.897 60.208 0.64115 1.11989 4.541 3.58541 9.0000 16.24 2.6893 2.7862 1.369857 
904.6855 7.250 16.781 1.30112 0.39237 0.600 5.25480 9.0000 16.59 2.1195 2.3021 1.370467 
904.2826 4.542 108.844 -0.08201 0.24029 -0.005 1.58790 9.0000 16.40 1.6982 1.7522 1.371078 
903.8797 20.244 181.397 -0.59797 -0.01458 -0.002 0.70063 9.0000 16.74 1.8765 1.9917 1.371689 
903.4767 50.955 115.795 -0.25245 0.52233 1.146 -0.12235 9.0000 16.61 1.7856 2.1745 1.372301 
903.0736 29.654 116.287 -0.25208 0.51033 0.129 0.33787 9.0000 16.59 2.0392 2.4949 1.372913 
902.6704 33.493 116.824 -0.27093 0.53579 0.011 0.25501 9.0000 16.70 2.0008 2.5799 1.373527 
902.2672 38.253 117.705 -0.28268 0.53833 0.022 0.14591 9.0000 16.71 1.7178 2.4062 1.374140 
901.8638 44.247 119.505 -0.28943 0.51145 8.594 0.01544 9.0000 16.69 1.2656 1.9652 1.374755 
901.4604 50.391 118.519 -0.28876 0.53141 -0.027 -0.11517 9.0000 16.62 0.9220 1.7854 1.375370 
901.0569 78.875 171.906 -0.07525 0.01070 -0.021 -0.18578 9.0000 16.86 0.6569 1.1229 1.375986 
900.6533 62.524 245.807 -0.71374 -1.58868 -0.854 -1.22170 9.0000 16.71 1.2993 2.0529 1.376603 
900.2496 33.087 66.658 0.19403 0.44963 -0.215 0.21624 9.0000 16.92 0.5863 1.4197 1.377220 
899.8458 29.779 50.228 1.68914 2.02935 0.144 1.55166 9.0000 16.61 1.1931 2.1980 1.377838 
899.4420 31.296 36.563 16.44026 12.19320 0.182 10.61374 9.0000 16.94 1.5483 3.0424 1.378457 
899.0380 59.141 214.363 -16.57957 -11.33642 -0.296 -10.80676 9.0000 17.09 1.8608 3.6290 1.379076 
898.6340 59.920 212.613 -8.94740 -5.72499 0.098 -6.09343 9.0000 17.02 1.9784 3.8493 1.379696 
898.2299 61.733 195.928 -7.65763 -2.18534 -0.389 -5.26387 9.0000 16.94 1.7363 3.6339 1.380317 
897.8257 27.537 38.703 35.62404 28.54322 -0.501 31.87640 9.0000 17.26 1.6320 3.0839 1.380938 
897.4214 28.992 67.522 1.08935 2.63273 0.154 1.78153 9.0000 17.62 1.5231 2.3374 1.381560 
897.0171 33.568 98.062 -0.20048 1.41543 0.017 0.60283 9.0000 17.30 1.4144 1.7622 1.382183 
896.6127 41.208 132.750 -0.73004 0.78976 0.014 0.14319 9.0000 17.14 1.5824 2.3916 1.382807 
896.2081 36.913 104.569 -0.39277 1.51129 0.008 0.45289 9.0000 17.25 1.6533 1.8933 1.383431 
895.8035 34.756 103.198 -0.32745 1.39637 0.013 0.53590 9.0000 17.27 1.6499 1.9968 1.384056 
895.3989 33.545 101.695 -0.25758 1.24438 0.005 0.53705 9.0000 17.30 1.3569 1.8708 1.384681 
894.9941 30.181 101.546 -0.19153 0.93751 16.533 0.54442 9.0000 17.59 1.0988 1.7410 1.385307 
894.5892 19.551 105.589 -0.12656 0.45362 0.929 0.57945 9.0000 17.91 0.7745 1.5575 1.385934 
894.1843 12.379 256.936 -0.07043 -0.30354 0.000 0.67571 9.0000 17.51 0.7898 1.3933 1.386562 
893.7792 8.053 110.634 -0.07059 0.18746 0.003 0.69369 9.0000 17.66 0.7418 1.5054 1.387190 
893.3741 5.183 53.175 0.08399 0.11217 1.098 0.76605 9.0000 17.51 0.7170 1.3540 1.387819 
892.9689 6.925 339.870 0.18929 -0.06938 -5.111 0.81766 9.0000 17.77 0.6506 1.0305 1.388449 
892.5637 10.886 316.586 0.20098 -0.19015 -0.611 0.69274 9.0000 17.79 0.5859 0.6961 1.389079 
892.1583 10.648 304.695 0.14118 -0.20393 0.224 0.63627 9.0000 18.08 0.5645 0.7004 1.389711 
891.7528 5.854 340.848 0.12733 -0.04422 0.458 0.65045 9.0000 17.73 0.5887 0.7532 1.390343 
891.3473 5.535 12.583 0.09703 0.02166 -0.328 0.50812 9.0000 18.13 0.5711 0.7877 1.390975 
890.9417 9.723 64.506 0.05554 0.11647 0.835 0.36547 9.0000 17.91 0.5788 0.7912 1.391608 
890.5359 10.282 83.873 0.01624 0.15132 0.000 0.40570 9.0000 17.93 0.5628 0.7471 1.392242 
890.1302 11.394 102.208 -0.02744 0.12683 0.034 0.30890 9.0000 18.28 0.5322 0.6712 1.392877 
889.7243 17.415 164.505 -0.11755 0.03259 0.000 0.17531 9.0000 17.92 0.5136 0.6848 1.393512 
889.3184 10.120 7.085 0.07738 0.00962 0.000 0.21148 9.0000 18.08 0.5145 0.5484 1.394148 
888.9123 17.518 13.508 0.19428 0.04667 0.957 0.28497 9.0000 18.13 0.5279 0.5628 1.394785 
888.5062 16.664 27.864 0.14269 0.07544 -1.505 0.24544 9.0000 18.61 0.5311 0.6732 1.395423 
888.1000 15.780 79.385 0.05731 0.30581 -63.437 0.50654 9.0000 18.29 0.6384 0.7345 1.396061 
887.6937 18.590 79.167 0.07431 0.38835 1.044 0.52131 9.0000 18.50 0.7088 0.8310 1.396700 
887.2873 18.935 80.880 0.06548 0.40789 -486.714 0.53125 9.0000 18.83 0.7268 0.8589 1.397340 
886.8808 20.778 84.186 0.04579 0.44967 1.119 0.50987 9.0000 18.43 0.7631 0.8586 1.397980 
886.4743 14.577 88.103 0.01122 0.33862 1.374 0.60739 9.0000 18.63 0.6591 0.7531 1.398621 
886.0676 17.441 97.237 -0.04210 0.33155 1.209 0.47940 9.0000 18.52 0.6166 0.6741 1.399263 
885.6609 18.200 108.988 -0.10755 0.31256 0.916 0.44834 9.0000 18.62 0.5923 0.6251 1.399906 
885.2541 16.669 95.387 -0.03135 0.33243 0.048 0.50760 9.0000 18.80 0.5929 0.6474 1.400549 
884.8472 16.713 94.310 -0.02269 0.30107 0.008 0.45742 9.0000 18.69 0.5652 0.6189 1.401193 
884.4402 17.535 91.894 -0.00885 0.26772 91.000 0.38155 9.0000 18.90 0.5432 0.5936 1.401838 
884.0332 21.108 93.134 -0.02252 0.41130 0.958 0.45402 9.0000 19.04 0.5951 0.6323 1.402483 
883.6260 21.739 90.661 -0.00472 0.40904 0.000 0.43138 9.0000 18.89 0.5899 0.6175 1.403130 
883.2188 30.726 89.591 0.00307 0.42969 0.000 0.23378 9.0000 19.21 0.5747 0.5863 1.403777 
882.8115 32.282 61.995 0.17115 0.32181 0.000 0.17336 9.0000 18.95 0.6187 0.6766 1.404424 
882.4041 12.723 147.085 -0.15492 0.10028 0.033 0.38784 9.0000 19.11 0.5348 0.5669 1.405073 
881.9966 17.426 175.812 -0.29562 0.02165 0.024 0.42565 9.0000 19.20 0.5414 0.6394 1.405722 
881.5890 22.145 201.686 -0.32324 -0.12854 0.018 0.35659 9.0000 19.30 0.5371 0.6605 1.406372 
881.1813 22.253 224.426 -0.22531 -0.22084 0.014 0.32097 9.0000 19.11 0.5483 0.6660 1.407023 
880.7736 35.631 213.518 -0.83914 -0.55578 0.310 0.34144 9.0000 19.56 0.6302 0.8352 1.407674 
880.3658 36.405 199.954 -1.64274 -0.59642 -0.008 0.54066 9.0000 19.10 0.6696 0.8878 1.408326 
879.9579 38.740 238.326 -4.30681 -6.98035 -0.017 1.82124 9.0000 19.28 1.0630 1.3180 1.408979 
879.5499 34.330 156.670 -1.38616 0.59782 0.015 0.58976 9.0000 19.35 0.6989 0.9042 1.409632 
879.1418 36.835 114.276 -0.73293 1.62511 0.096 0.52230 9.0000 19.47 1.2769 1.4973 1.410287 
878.7336 39.068 105.685 -0.41447 1.47605 -0.004 0.32209 9.0000 19.45 1.9150 2.0702 1.410942 
878.3253 39.635 102.700 -0.41973 1.86253 -0.240 0.36176 9.0000 19.77 2.1817 2.5457 1.411598 
877.9170 38.881 101.390 -0.40760 2.02327 1.142 0.44764 9.0000 19.65 2.3006 2.8367 1.412254 
877.5085 38.483 101.941 -0.43010 2.03383 212.506 0.48120 9.0000 19.81 2.1764 2.8463 1.412912 
877.1000 37.509 104.808 -0.50382 1.90585 1.337 0.52756 9.0000 19.99 1.7971 2.5372 1.413570 
876.6915 33.802 113.251 -0.64153 1.49317 1.046 0.66973 9.0000 19.91 1.2359 1.9899 1.414228 
876.2828 24.061 142.431 -0.96267 0.74052 0.030 1.08892 9.0000 19.87 0.8215 1.3029 1.414888 
875.8740 32.832 242.375 -1.67044 -3.19187 0.139 1.62940 9.0000 20.42 1.0068 1.1825 1.415548 
875.4651 27.860 152.138 -0.54952 0.29049 0.028 0.42369 9.0000 20.30 0.6610 1.6366 1.416209 
875.0562 30.467 163.860 -0.44959 0.13011 0.127 0.26013 9.0000 20.27 0.5835 0.7869 1.416871 
874.6472 5.653 148.116 -0.05157 0.03208 2.992 0.30378 9.0000 20.05 0.6080 1.8120 1.417534 
874.2380 32.740 20.687 0.67535 0.25502 0.000 0.32929 9.0000 20.34 0.6575 2.3191 1.418197 
873.8289 10.606 114.686 -0.08773 0.19086 0.911 0.54120 9.0000 20.14 0.6166 2.7312 1.418861 
873.4196 15.076 121.380 -0.15978 0.26197 0.973 0.52823 9.0000 20.69 0.6027 2.8630 1.419526 
873.0102 19.544 124.259 -0.18697 0.27450 0.141 0.40886 9.0000 20.46 0.5896 2.7123 1.420192 
872.6007 20.942 124.724 -0.17562 0.25341 -0.048 0.34381 9.0000 20.29 0.5655 2.2314 1.420858 
872.1912 24.022 101.126 -0.08981 0.45668 -0.082 0.41842 9.0000 20.67 0.5889 1.5930 1.421525 
871.7816 17.429 101.010 -0.07485 0.38473 -0.035 0.56272 9.0000 20.21 0.6639 0.7640 1.422193 
871.3718 16.611 96.107 -0.04121 0.38521 1.117 0.59151 9.0000 21.10 0.7785 1.5363 1.422862 
870.9620 12.147 113.870 -0.07567 0.17099 -0.090 0.41426 9.0000 20.87 0.5874 0.6530 1.423532 
870.5521 7.512 160.425 -0.08941 0.03179 1.087 0.35355 9.0000 21.00 0.5590 0.6648 1.424202 
870.1422 6.942 185.338 -0.09085 -0.00849 1.011 0.36914 9.0000 21.19 0.5503 0.6390 1.424873 
869.7321 10.371 128.677 -0.09495 0.11862 0.021 0.40120 9.0000 20.90 0.5652 0.6499 1.425545 
869.3219 16.981 110.212 -0.09047 0.24574 0.922 0.38880 9.0000 21.02 0.6038 0.6717 1.426217 
868.9117 20.423 101.489 -0.07588 0.37332 1.046 0.44061 9.0000 21.19 0.6573 0.6925 1.426891 
868.5013 22.731 96.760 -0.05653 0.47689 -0.008 0.47257 9.0000 21.25 0.7368 0.7456 1.427565 
868.0909 24.212 93.925 -0.03937 0.57374 0.890 0.51014 9.0000 21.34 0.8638 0.8773 1.428240 
867.6805 23.729 95.338 -0.05210 0.55766 -0.013 0.51397 9.0000 21.37 0.8388 0.8440 1.428915 
867.2699 22.500 95.225 -0.04474 0.48920 0.980 0.49125 9.0000 21.49 0.7347 0.7380 1.429592 
866.8592 22.023 94.287 -0.03528 0.47070 0.993 0.48802 9.0000 21.67 0.6985 0.7007 1.430269 
866.4485 19.454 92.454 -0.01853 0.43237 -0.160 0.53619 9.0000 21.47 0.6600 0.6624 1.430947 
866.0376 20.390 89.435 0.00449 0.45516 0.845 0.52769 9.0000 21.47 0.6518 0.6612 1.431626 
865.6267 19.613 91.695 -0.01390 0.46984 0.898 0.57578 9.0000 22.21 0.6673 0.6692 1.432306 
865.2157 19.170 93.175 -0.02457 0.44295 -0.010 0.56095 9.0000 21.69 0.6501 0.6610 1.432986 
864.8046 20.231 94.190 -0.03401 0.46430 0.889 0.54584 9.0000 21.83 0.6677 0.6913 1.433667 
864.3934 19.773 95.419 -0.04257 0.44877 0.880 0.54594 9.0000 21.93 0.6672 0.7041 1.434349 
863.9821 21.327 99.386 -0.08157 0.49345 0.998 0.54286 9.0000 21.76 0.6869 0.7386 1.435032 
863.5707 19.314 97.579 -0.06007 0.45149 -2.052 0.56999 9.0000 22.04 0.6894 0.7257 1.435716 
863.1593 15.144 97.102 -0.04093 0.32852 0.992 0.56682 9.0000 22.24 0.6285 0.6520 1.436400 
862.7477 15.575 93.338 -0.02175 0.37288 0.890 0.61797 9.0000 22.49 0.6724 0.6808 1.437085 
862.3361 15.104 90.061 -0.00040 0.37166 -0.004 0.63835 9.0000 22.19 0.6823 0.6885 1.437771 
861.9244 15.888 88.170 0.01209 0.37854 0.892 0.61138 9.0000 22.45 0.6906 0.7129 1.438458 
861.5126 15.580 91.028 -0.00701 0.39091 -1.163 0.64660 9.0000 22.54 0.7008 0.7157 1.439145 
861.1008 13.001 91.844 -0.00963 0.29907 0.867 0.61345 9.0000 22.47 0.6483 0.6537 1.439834 
860.6888 11.919 93.124 -0.01485 0.27214 0.868 0.61685 9.0000 22.63 0.6301 0.6391 1.440523 
860.2767 12.612 93.222 -0.01588 0.28202 0.875 0.59961 9.0000 22.37 0.6193 0.6385 1.441213 
859.8646 14.620 92.447 -0.01332 0.31156 -0.003 0.55705 9.0000 22.65 0.6060 0.6351 1.441904 
859.4523 12.161 95.195 -0.02529 0.27820 0.866 0.61806 9.0000 22.77 0.6158 0.6430 1.442595 
859.0400 12.681 94.960 -0.02635 0.30360 3.438 0.64285 9.0000 22.81 0.6240 0.6465 1.443288 
858.6276 12.335 95.407 -0.03041 0.32123 0.855 0.70251 9.0000 23.10 0.6324 0.6472 1.443981 
858.2151 14.331 95.089 -0.03254 0.36537 0.887 0.67103 9.0000 23.27 0.6535 0.6596 1.444675 
857.8026 18.889 94.128 -0.03232 0.44789 0.928 0.57937 9.0000 22.98 0.6977 0.7000 1.445370 
857.3899 20.730 93.700 -0.03223 0.49838 0.885 0.56527 9.0000 23.16 0.7370 0.7466 1.446065 
856.9771 21.122 94.077 -0.03402 0.47728 0.878 0.52690 9.0000 22.67 0.7437 0.7469 1.446762 
856.5643 21.002 93.642 -0.02992 0.47006 0.866 0.52303 9.0000 23.05 0.7442 0.7474 1.447459 
856.1514 22.498 93.769 -0.03229 0.49007 0.001 0.49119 9.0000 23.51 0.7604 0.7640 1.448157 
855.7383 22.494 94.143 -0.03425 0.47279 0.944 0.47424 9.0000 23.49 0.7520 0.7557 1.448856 
855.3253 23.445 94.260 -0.03720 0.49943 0.911 0.46881 9.0000 23.38 0.7731 0.7774 1.449556 
854.9120 22.901 94.349 -0.03971 0.52221 1.073 0.50927 9.0000 23.26 0.7734 0.7761 1.450257 
854.4988 20.552 94.541 -0.03915 0.49291 0.917 0.56672 9.0000 23.39 0.7345 0.7365 1.450958 
854.0854 20.726 94.489 -0.03911 0.49813 0.950 0.56572 9.0000 23.40 0.7391 0.7420 1.451660 
853.6719 21.265 93.882 -0.03502 0.51612 0.948 0.56394 9.0000 23.62 0.7533 0.7564 1.452364 
853.2584 19.662 94.077 -0.03555 0.49879 0.881 0.61044 9.0000 23.66 0.7378 0.7401 1.453067 
852.8448 19.215 93.604 -0.03088 0.49025 0.855 0.61911 9.0000 23.67 0.7280 0.7299 1.453772 
852.4311 18.173 93.584 -0.02902 0.46334 0.960 0.63094 9.0000 23.46 0.7160 0.7176 1.454478 
852.0173 19.890 92.813 -0.02437 0.49591 0.886 0.59636 9.0000 23.80 0.7376 0.7389 1.455184 
851.6034 19.149 93.480 -0.02866 0.47138 0.875 0.59801 9.0000 23.70 0.7273 0.7286 1.455891 
851.1894 19.714 93.195 -0.02723 0.48771 0.866 0.59407 9.0000 23.69 0.7347 0.7363 1.456599 
850.7753 20.997 92.930 -0.02693 0.52622 0.918 0.58531 9.0000 23.84 0.7483 0.7495 1.457308 
850.3612 19.335 93.292 -0.02797 0.48622 0.989 0.60855 9.0000 23.92 0.7207 0.7220 1.458018 
849.9470 19.863 92.974 -0.02586 0.49788 0.843 0.59996 9.0000 23.94 0.7213 0.7229 1.458728 
849.5326 21.587 92.830 -0.02620 0.53005 0.998 0.56566 9.0000 23.94 0.7356 0.7372 1.459440 
849.1182 21.768 92.633 -0.02509 0.54567 0.862 0.57489 9.0000 24.23 0.7487 0.7499 1.460152 
848.7037 21.335 92.398 -0.02289 0.54654 0.868 0.59342 9.0000 24.18 0.7489 0.7502 1.460865 
848.2891 21.268 92.357 -0.02240 0.54427 0.901 0.59370 9.0000 24.13 0.7448 0.7461 1.461579 
847.8744 20.959 92.438 -0.02271 0.53341 0.874 0.59464 9.0000 24.64 0.7353 0.7366 1.462294 
847.4597 20.958 92.139 -0.02008 0.53756 0.875 0.59920 9.0000 24.55 0.7376 0.7386 1.463010 
847.0448 20.736 91.917 -0.01788 0.53428 0.862 0.60485 9.0000 24.73 0.7338 0.7349 1.463726 
846.6298 20.692 91.910 -0.01786 0.53562 0.875 0.60824 9.0000 25.01 0.7329 0.7340 1.464444 
846.2148 20.551 91.827 -0.01710 0.53621 0.842 0.61494 9.0000 24.66 0.7359 0.7369 1.465162 
845.7997 20.439 91.795 -0.01677 0.53495 0.865 0.61834 9.0000 24.86 0.7325 0.7338 1.465881 
845.3845 20.377 91.757 -0.01653 0.53900 0.861 0.62576 9.0000 24.79 0.7402 0.7413 1.466601 
844.9692 20.561 91.843 -0.01760 0.54698 0.870 0.62687 9.0000 24.91 0.7333 0.7346 1.467322 
844.5538 21.091 91.516 -0.01496 0.56511 0.895 0.62384 9.0000 24.68 0.7270 0.7285 1.468044 
844.1383 20.638 91.510 -0.01458 0.55330 0.838 0.63055 9.0000 24.75 0.7387 0.7403 1.468766 
843.7227 20.379 91.477 -0.01428 0.55362 0.862 0.64254 9.0000 25.33 0.7539 0.7558 1.469490 
843.3071 20.146 91.493 -0.01425 0.54666 0.812 0.64502 9.0000 25.24 0.7577 0.7597 1.470214 
842.8914 20.140 91.412 -0.01354 0.54916 0.886 0.64821 9.0000 25.27 0.7555 0.7573 1.470939 
842.4755 20.459 91.348 -0.01321 0.56160 0.856 0.64810 9.0000 25.28 0.7650 0.7669 1.471665 
842.0596 20.969 91.271 -0.01291 0.58188 0.863 0.64784 9.0000 25.54 0.7616 0.7633 1.472392 
841.6436 20.958 91.211 -0.01235 0.58457 0.839 0.65129 9.0000 25.60 0.7663 0.7680 1.473120 
841.2275 20.538 91.169 -0.01170 0.57300 0.828 0.65756 9.0000 25.61 0.7830 0.7846 1.473849 
840.8113 20.411 91.177 -0.01151 0.56010 0.830 0.64850 9.0000 25.87 0.7940 0.7959 1.474578 
840.3951 20.755 91.096 -0.01097 0.57313 0.835 0.64768 9.0000 25.79 0.7957 0.7975 1.475308 
839.9787 20.744 91.028 -0.01036 0.57736 0.851 0.65299 9.0000 25.74 0.7971 0.7989 1.476040 
839.5623 20.627 90.984 -0.00991 0.57696 0.845 0.65789 9.0000 26.24 0.8059 0.8078 1.476772 
839.1457 21.006 90.914 -0.00924 0.57936 0.911 0.64327 9.0000 26.07 0.8045 0.8065 1.477505 
838.7291 21.110 90.830 -0.00840 0.57962 0.866 0.63884 9.0000 26.10 0.8025 0.8045 1.478239 
838.3124 21.218 90.771 -0.00782 0.58144 0.848 0.63602 9.0000 26.31 0.8022 0.8044 1.478974 
837.8956 21.286 90.617 -0.00630 0.58466 0.849 0.63649 9.0000 26.53 0.8036 0.8058 1.479709 
837.4787 21.199 90.547 -0.00562 0.58874 0.866 0.64483 9.0000 26.53 0.7996 0.8016 1.480446 
837.0617 21.274 90.515 -0.00530 0.58982 0.936 0.64260 9.0000 26.40 0.7992 0.8013 1.481183 
836.6447 21.155 90.456 -0.00473 0.59380 0.875 0.65237 9.0000 26.56 0.8019 0.8041 1.481922 
836.2275 21.149 90.406 -0.00420 0.59390 0.861 0.65276 9.0000 26.89 0.7993 0.8014 1.482661 
835.8102 21.085 90.294 -0.00305 0.59597 0.849 0.65798 9.0000 27.13 0.7996 0.8017 1.483401 
835.3929 21.171 90.233 -0.00243 0.59800 0.853 0.65623 9.0000 26.94 0.8028 0.8050 1.484142 
834.9755 21.221 90.147 -0.00154 0.60054 0.838 0.65671 9.0000 27.09 0.8020 0.8042 1.484884 
834.5579 21.293 90.101 -0.00107 0.60361 0.839 0.65675 9.0000 27.12 0.8022 0.8044 1.485627 
834.1403 21.267 90.057 -0.00060 0.60222 0.854 0.65644 9.0000 27.25 0.8019 0.8041 1.486371 
833.7227 21.287 90.060 -0.00063 0.60380 0.825 0.65723 9.0000 27.29 0.8027 0.8048 1.487115 
833.3049 21.371 90.001 -0.00001 0.60496 0.848 0.65464 9.0000 27.51 0.8012 0.8032 1.487861 
832.8870 21.392 89.955 0.00048 0.60689 0.837 0.65573 9.0000 27.28 0.8013 0.8033 1.488608 
832.4691 21.360 89.886 0.00120 0.60489 0.862 0.65505 9.0000 27.87 0.8021 0.8041 1.489355 
832.0510 21.429 89.854 0.00154 0.60727 0.877 0.65448 9.0000 28.00 0.8025 0.8044 1.490103 
831.6329 21.468 89.866 0.00143 0.60906 0.860 0.65462 9.0000 27.79 0.8024 0.8042 1.490852 
831.2146 21.506 89.764 0.00251 0.60941 0.831 0.65326 9.0000 28.22 0.8029 0.8048 1.491603 
830.7963 21.594 89.787 0.00228 0.61336 0.861 0.65344 9.0000 28.22 0.8033 0.8052 1.492354 
830.3779 21.716 89.747 0.00273 0.61692 0.839 0.65164 9.0000 28.27 0.8048 0.8066 1.493106 
829.9594 21.743 89.721 0.00301 0.61846 0.844 0.65206 9.0000 28.93 0.8075 0.8093 1.493858 
829.5408 21.754 89.671 0.00357 0.62126 0.849 0.65450 9.0000 28.66 0.8096 0.8114 1.494612 
829.1221 21.746 89.615 0.00417 0.62067 0.841 0.65423 9.0000 28.36 0.8110 0.8128 1.495367 
828.7034 21.756 89.602 0.00432 0.62189 0.857 0.65509 9.0000 28.83 0.8122 0.8140 1.496123 
828.2845 21.736 89.560 0.00477 0.62076 0.867 0.65478 9.0000 29.16 0.8120 0.8138 1.496879 
827.8656 21.778 89.519 0.00524 0.62340 0.849 0.65565 9.0000 28.49 0.8134 0.8152 1.497637 
827.4465 21.806 89.471 0.00577 0.62418 0.865 0.65519 9.0000 29.15 0.8143 0.8161 1.498395 
827.0275 21.816 89.398 0.00657 0.62517 0.858 0.65581 9.0000 29.21 0.8164 0.8182 1.499154 
826.6082 21.810 89.383 0.00675 0.62631 0.848 0.65726 9.0000 29.08 0.8169 0.8187 1.499915 
826.1889 21.827 89.338 0.00725 0.62764 0.863 0.65787 9.0000 29.36 0.8191 0.8209 1.500676 
825.7695 21.844 89.321 0.00744 0.62802 0.870 0.65753 9.0000 29.82 0.8204 0.8222 1.501438 
825.3500 21.859 89.305 0.00762 0.62823 0.870 0.65705 9.0000 29.60 0.8220 0.8238 1.502201 
824.9305 21.847 89.319 0.00747 0.62883 0.851 0.65824 9.0000 29.44 0.8237 0.8255 1.502965 
824.5108 21.832 89.299 0.00772 0.63044 0.842 0.66058 9.0000 29.64 0.8245 0.8263 1.503730 
824.0911 21.832 89.247 0.00830 0.63149 0.851 0.66171 9.0000 29.64 0.8258 0.8275 1.504496 
823.6713 21.829 89.209 0.00873 0.63239 0.864 0.66278 9.0000 29.93 0.8268 0.8285 1.505263 
823.2513 21.838 89.198 0.00886 0.63325 0.863 0.66326 9.0000 29.71 0.8282 0.8299 1.506031 
822.8313 21.852 89.206 0.00878 0.63393 0.858 0.66334 9.0000 30.00 0.8281 0.8298 1.506800 
822.4112 21.869 89.232 0.00853 0.63617 0.870 0.66490 9.0000 30.18 0.8306 0.8322 1.507569 
821.9910 21.904 89.281 0.00799 0.63721 0.843 0.66433 9.0000 30.15 0.8328 0.8345 1.508340 
821.5707 21.893 89.270 0.00812 0.63693 0.848 0.66455 9.0000 30.48 0.8329 0.8346 1.509112 
821.1503 21.882 89.277 0.00805 0.63759 0.861 0.66576 9.0000 30.78 0.8331 0.8347 1.509884 
820.7299 21.899 89.265 0.00822 0.64037 0.872 0.66788 9.0000 30.98 0.8350 0.8366 1.510658 
820.3093 21.921 89.277 0.00810 0.64198 0.848 0.66851 9.0000 30.79 0.8372 0.8388 1.511432 
819.8886 21.967 89.263 0.00825 0.64173 0.844 0.66614 9.0000 30.75 0.8368 0.8384 1.512208 
819.4679 21.986 89.242 0.00851 0.64282 0.845 0.66636 9.0000 31.40 0.8377 0.8393 1.512984 
819.0471 22.011 89.254 0.00839 0.64459 0.857 0.66701 9.0000 31.19 0.8395 0.8411 1.513761 
818.6262 22.031 89.237 0.00860 0.64617 0.865 0.66775 9.0000 31.89 0.8405 0.8421 1.514540 
818.2051 22.045 89.197 0.00906 0.64688 0.864 0.66784 9.0000 31.54 0.8409 0.8424 1.515319 
817.7841 22.056 89.189 0.00917 0.64805 0.828 0.66854 9.0000 31.47 0.8413 0.8428 1.516099 
817.3629 22.053 89.210 0.00894 0.64832 0.843 0.66894 9.0000 31.68 0.8414 0.8429 1.516881 
816.9416 22.078 89.229 0.00875 0.65011 0.840 0.66960 9.0000 31.55 0.8435 0.8450 1.517663 
816.5202 22.081 89.220 0.00887 0.65159 0.848 0.67097 9.0000 31.76 0.8446 0.8461 1.518446 
816.0988 22.089 89.236 0.00870 0.65314 0.841 0.67222 9.0000 32.07 0.8458 0.8472 1.519230 
815.6772 22.118 89.191 0.00924 0.65488 0.850 0.67266 9.0000 32.08 0.8468 0.8482 1.520015 
815.2556 22.122 89.201 0.00913 0.65490 0.845 0.67248 9.0000 31.99 0.8467 0.8482 1.520801 
814.8338 22.142 89.211 0.00903 0.65598 0.832 0.67263 9.0000 32.10 0.8480 0.8494 1.521589 
814.4120 22.153 89.193 0.00926 0.65756 0.848 0.67374 9.0000 32.48 0.8491 0.8506 1.522377 
813.9901 22.155 89.227 0.00889 0.65902 0.848 0.67513 9.0000 32.97 0.8504 0.8519 1.523166 
813.5681 22.179 89.242 0.00873 0.65979 0.844 0.67479 9.0000 32.64 0.8514 0.8529 1.523956 
813.1460 22.176 89.210 0.00911 0.66016 0.843 0.67532 9.0000 32.68 0.8508 0.8522 1.524747 
812.7238 22.177 89.213 0.00907 0.66043 0.865 0.67555 9.0000 33.11 0.8508 0.8522 1.525539 
812.3015 22.221 89.163 0.00969 0.66338 0.860 0.67650 9.0000 33.21 0.8537 0.8551 1.526332 
811.8792 22.185 89.208 0.00916 0.66267 0.852 0.67749 9.0000 33.70 0.8531 0.8545 1.527126 
811.4567 22.192 89.205 0.00921 0.66365 0.846 0.67813 9.0000 33.71 0.8545 0.8559 1.527921 
811.0341 22.209 89.192 0.00936 0.66389 0.834 0.67758 9.0000 33.16 0.8544 0.8558 1.528717 
810.6115 22.212 89.257 0.00862 0.66476 0.852 0.67832 9.0000 33.52 0.8554 0.8568 1.529514 
810.1888 22.215 89.229 0.00896 0.66528 0.831 0.67872 9.0000 32.99 0.8551 0.8565 1.530312 
809.7659 22.243 89.187 0.00946 0.66614 0.835 0.67828 9.0000 33.94 0.8555 0.8569 1.531111 
809.3430 22.265 89.162 0.00975 0.66663 0.833 0.67774 9.0000 34.12 0.8553 0.8566 1.531912 
808.9200 22.288 89.089 0.01062 0.66772 0.848 0.67778 9.0000 33.86 0.8561 0.8575 1.532713 
808.4969 22.311 89.037 0.01123 0.66832 0.851 0.67729 9.0000 34.42 0.8563 0.8577 1.533515 
808.0737 22.325 89.014 0.01149 0.66809 0.855 0.67638 9.0000 34.33 0.8557 0.8572 1.534318 
807.6505 22.335 89.021 0.01142 0.66854 0.862 0.67638 9.0000 34.51 0.8564 0.8578 1.535122 
807.2271 22.338 89.021 0.01143 0.66871 0.847 0.67643 9.0000 34.53 0.8561 0.8574 1.535927 
806.8036 22.369 88.964 0.01211 0.66981 0.847 0.67606 9.0000 35.06 0.8559 0.8573 1.536733 
806.3801 22.399 88.939 0.01241 0.67048 0.846 0.67536 9.0000 34.42 0.8557 0.8571 1.537540 
805.9564 22.428 88.903 0.01285 0.67106 0.836 0.67457 9.0000 35.07 0.8558 0.8572 1.538349 
805.5327 22.450 88.883 0.01310 0.67184 0.840 0.67430 9.0000 34.99 0.8566 0.8580 1.539158 
805.1089 22.485 88.823 0.01381 0.67230 0.839 0.67313 9.0000 34.71 0.8566 0.8579 1.539968 
804.6850 22.507 88.820 0.01387 0.67350 0.845 0.67333 9.0000 35.14 0.8580 0.8594 1.540779 
804.2610 22.509 88.802 0.01408 0.67375 0.846 0.67348 9.0000 35.71 0.8577 0.8590 1.541591 
803.8369 22.530 88.778 0.01439 0.67463 0.837 0.67336 9.0000 35.20 0.8581 0.8595 1.542405 
803.4127 22.562 88.761 0.01461 0.67560 0.850 0.67284 9.0000 35.38 0.8591 0.8605 1.543219 
802.9884 22.578 88.759 0.01464 0.67617 0.864 0.67264 9.0000 35.54 0.8595 0.8609 1.544035 
802.5640 22.595 88.748 0.01480 0.67725 0.842 0.67291 9.0000 35.47 0.8606 0.8620 1.544851 
802.1396 22.597 88.733 0.01498 0.67723 0.851 0.67283 9.0000 36.28 0.8598 0.8612 1.545669 
801.7150 22.611 88.749 0.01480 0.67758 0.856 0.67253 9.0000 36.54 0.8603 0.8617 1.546487 
801.2903 22.646 88.705 0.01533 0.67809 0.851 0.67138 9.0000 36.35 0.8604 0.8618 1.547307 
800.8657 22.660 88.710 0.01527 0.67799 0.851 0.67062 9.0000 36.00 0.8604 0.8619 1.548127 
800.4408 22.656 88.694 0.01545 0.67756 0.853 0.67040 9.0000 35.70 0.8596 0.8609 1.548949 
800.0159 22.675 88.702 0.01537 0.67809 0.848 0.67003 9.0000 36.48 0.8596 0.8609 1.549772 
799.5909 22.691 88.664 0.01582 0.67841 0.840 0.66962 9.0000 36.20 0.8588 0.8601 1.550595 
799.1658 22.706 88.660 0.01589 0.67923 0.845 0.66973 9.0000 36.32 0.8595 0.8609 1.551420 
798.7406 22.728 88.620 0.01640 0.68047 0.854 0.66994 9.0000 36.56 0.8603 0.8616 1.552246 
798.3153 22.757 88.616 0.01646 0.68140 0.856 0.66946 9.0000 36.65 0.8611 0.8624 1.553073 
797.8899 22.796 88.568 0.01707 0.68285 0.854 0.66907 9.0000 37.22 0.8622 0.8635 1.553901 
797.4644 22.808 88.566 0.01712 0.68361 0.859 0.66927 9.0000 37.43 0.8625 0.8639 1.554730 
797.0389 22.839 88.526 0.01763 0.68512 0.856 0.66933 9.0000 37.22 0.8632 0.8646 1.555560 
796.6132 22.858 88.488 0.01811 0.68619 0.855 0.66949 9.0000 37.10 0.8641 0.8654 1.556391 
796.1875 22.866 88.465 0.01839 0.68623 0.853 0.66914 9.0000 37.67 0.8639 0.8653 1.557224 
795.7617 22.894 88.441 0.01870 0.68708 0.846 0.66870 9.0000 37.11 0.8638 0.8652 1.558057 
795.3357 22.921 88.399 0.01922 0.68770 0.857 0.66802 9.0000 37.47 0.8646 0.8660 1.558891 
794.9097 22.949 88.357 0.01976 0.68892 0.847 0.66794 9.0000 37.80 0.8655 0.8669 1.559727 
794.4836 22.971 88.302 0.02043 0.68921 0.855 0.66720 9.0000 37.90 0.8650 0.8665 1.560563 
794.0574 22.986 88.310 0.02035 0.68979 0.858 0.66705 9.0000 37.89 0.8658 0.8673 1.561401 
793.6310 23.008 88.288 0.02066 0.69104 0.858 0.66723 9.0000 38.48 0.8662 0.8677 1.562240 
793.2047 23.036 88.241 0.02124 0.69174 0.856 0.66664 9.0000 38.61 0.8666 0.8681 1.563079 
792.7782 23.048 88.224 0.02146 0.69197 0.855 0.66633 9.0000 38.07 0.8662 0.8677 1.563920 
792.3516 23.058 88.226 0.02146 0.69270 0.859 0.66657 9.0000 38.35 0.8663 0.8678 1.564762 
791.9249 23.059 88.225 0.02147 0.69283 0.842 0.66662 9.0000 37.92 0.8660 0.8674 1.565605 
791.4982 23.094 88.204 0.02176 0.69387 0.846 0.66603 9.0000 37.93 0.8662 0.8676 1.566449 
791.0714 23.112 88.190 0.02194 0.69442 0.836 0.66570 9.0000 38.46 0.8667 0.8682 1.567295 
790.6444 23.128 88.184 0.02204 0.69525 0.847 0.66574 9.0000 38.20 0.8676 0.8691 1.568141 
790.2173 23.144 88.172 0.02219 0.69514 0.848 0.66492 9.0000 38.37 0.8678 0.8693 1.568989 
789.7902 23.167 88.140 0.02260 0.69587 0.856 0.66454 9.0000 38.66 0.8677 0.8692 1.569837 
789.3630 23.184 88.118 0.02288 0.69646 0.849 0.66433 9.0000 38.35 0.8679 0.8694 1.570687 
788.9357 23.210 88.123 0.02284 0.69711 0.848 0.66374 9.0000 39.16 0.8684 0.8699 1.571537 
788.5083 23.223 88.112 0.02299 0.69737 0.840 0.66341 9.0000 39.24 0.8680 0.8694 1.572389 
788.0807 23.227 88.137 0.02270 0.69781 0.845 0.66360 9.0000 38.96 0.8685 0.8699 1.573242 
787.6532 23.246 88.123 0.02289 0.69870 0.851 0.66359 9.0000 39.01 0.8691 0.8705 1.574096 
787.2255 23.245 88.124 0.02288 0.69857 0.838 0.66351 9.0000 38.80 0.8686 0.8700 1.574951 
786.7977 23.246 88.081 0.02341 0.69858 0.843 0.66349 9.0000 39.51 0.8680 0.8694 1.575808 
786.3699 23.259 88.074 0.02352 0.69952 0.852 0.66380 9.0000 39.36 0.8685 0.8699 1.576665 
785.9419 23.275 88.078 0.02350 0.70023 0.844 0.66372 9.0000 39.55 0.8696 0.8710 1.577524 
785.5139 23.287 88.065 0.02366 0.70054 0.849 0.66346 9.0000 39.19 0.8700 0.8714 1.578383 
785.0857 23.297 88.044 0.02394 0.70087 0.854 0.66329 9.0000 40.07 0.8694 0.8708 1.579244 
784.6575 23.315 88.004 0.02445 0.70152 0.849 0.66309 9.0000 39.87 0.8696 0.8710 1.580106 
784.2291 23.320 88.011 0.02437 0.70161 0.856 0.66294 9.0000 40.13 0.8698 0.8712 1.580969 
783.8007 23.325 87.996 0.02454 0.70151 0.857 0.66263 9.0000 40.09 0.8697 0.8710 1.581833 
783.3722 23.339 87.985 0.02469 0.70170 0.846 0.66216 9.0000 40.11 0.8698 0.8711 1.582698 
782.9435 23.369 87.961 0.02499 0.70211 0.850 0.66119 9.0000 40.52 0.8700 0.8714 1.583565 
782.5148 23.387 87.950 0.02516 0.70296 0.840 0.66112 9.0000 40.36 0.8711 0.8724 1.584433 
782.0861 23.384 87.972 0.02489 0.70314 0.839 0.66146 9.0000 40.10 0.8714 0.8728 1.585301 
781.6572 23.383 87.982 0.02478 0.70321 0.844 0.66153 9.0000 39.81 0.8715 0.8728 1.586171 
781.2282 23.395 87.969 0.02495 0.70350 0.845 0.66128 9.0000 40.25 0.8716 0.8729 1.587042 
780.7991 23.410 87.973 0.02490 0.70370 0.852 0.66078 9.0000 40.36 0.8718 0.8731 1.587914 
780.3699 23.425 87.975 0.02490 0.70425 0.849 0.66060 9.0000 40.45 0.8724 0.8737 1.588788 
779.9407 23.434 87.975 0.02490 0.70420 0.852 0.66013 9.0000 40.63 0.8726 0.8739 1.589662 
779.5113 23.441 87.981 0.02483 0.70422 0.851 0.65984 9.0000 40.60 0.8725 0.8738 1.590537 
779.0818 23.470 87.964 0.02505 0.70472 0.864 0.65896 9.0000 40.71 0.8726 0.8740 1.591414 
778.6523 23.500 87.932 0.02549 0.70571 0.852 0.65850 9.0000 40.88 0.8731 0.8744 1.592292 
778.2227 23.524 87.906 0.02583 0.70654 0.847 0.65818 9.0000 41.21 0.8735 0.8748 1.593171 
777.7930 23.538 87.908 0.02582 0.70686 0.850 0.65784 9.0000 40.77 0.8741 0.8754 1.594051 
777.3632 23.560 87.911 0.02581 0.70773 0.855 0.65766 9.0000 40.77 0.8746 0.8759 1.594933 
776.9332 23.580 87.897 0.02599 0.70798 0.857 0.65695 9.0000 41.38 0.8750 0.8763 1.595815 
776.5032 23.598 87.880 0.02623 0.70830 0.847 0.65644 9.0000 41.50 0.8752 0.8765 1.596699 
776.0731 23.613 87.870 0.02635 0.70856 0.855 0.65600 9.0000 41.47 0.8751 0.8764 1.597584 
775.6429 23.629 87.840 0.02674 0.70895 0.862 0.65562 9.0000 41.11 0.8751 0.8764 1.598470 
775.2126 23.648 87.835 0.02680 0.70897 0.854 0.65478 9.0000 41.64 0.8749 0.8762 1.599357 
774.7822 23.671 87.823 0.02697 0.70936 0.859 0.65407 9.0000 42.06 0.8753 0.8767 1.600246 
774.3517 23.682 87.849 0.02666 0.70981 0.862 0.65400 9.0000 42.12 0.8755 0.8768 1.601135 
773.9212 23.698 87.834 0.02686 0.71035 0.853 0.65377 9.0000 41.88 0.8760 0.8773 1.602026 
773.4905 23.707 87.841 0.02679 0.71076 0.842 0.65372 9.0000 41.83 0.8763 0.8775 1.602918 
773.0598 23.725 87.846 0.02676 0.71141 0.842 0.65349 9.0000 42.63 0.8765 0.8778 1.603811 
772.6289 23.747 87.831 0.02697 0.71196 0.853 0.65298 9.0000 42.28 0.8770 0.8782 1.604706 
772.1980 23.773 87.806 0.02730 0.71266 0.855 0.65245 9.0000 42.28 0.8774 0.8787 1.605601 
771.7669 23.783 87.790 0.02751 0.71293 0.852 0.65227 9.0000 42.34 0.8776 0.8789 1.606498 
771.3358 23.791 87.789 0.02752 0.71295 0.853 0.65193 9.0000 42.68 0.8780 0.8792 1.607396 
770.9046 23.802 87.790 0.02753 0.71347 0.851 0.65189 9.0000 42.38 0.8784 0.8797 1.608295 
770.4733 23.819 87.792 0.02753 0.71408 0.852 0.65167 9.0000 42.57 0.8791 0.8804 1.609195 
770.0419 23.836 87.794 0.02752 0.71452 0.854 0.65128 9.0000 42.20 0.8796 0.8808 1.610097 
769.6104 23.856 87.802 0.02745 0.71525 0.855 0.65104 9.0000 42.97 0.8800 0.8812 1.610999 
769.1787 23.873 87.811 0.02736 0.71584 0.853 0.65080 9.0000 43.13 0.8800 0.8812 1.611904 
768.7471 23.876 87.823 0.02721 0.71560 0.858 0.65040 9.0000 43.03 0.8800 0.8812 1.612809 
768.3152 23.906 87.832 0.02713 0.71663 0.856 0.65000 9.0000 43.16 0.8808 0.8819 1.613715 
767.8834 23.932 87.813 0.02739 0.71740 0.858 0.64950 9.0000 43.42 0.8809 0.8821 1.614623 
767.4514 23.957 87.781 0.02782 0.71783 0.859 0.64880 9.0000 43.82 0.8811 0.8823 1.615531 
767.0193 23.976 87.776 0.02790 0.71820 0.856 0.64827 9.0000 43.90 0.8810 0.8821 1.616442 
766.5872 24.001 87.754 0.02819 0.71887 0.863 0.64771 9.0000 43.48 0.8813 0.8824 1.617353 
766.1549 24.018 87.733 0.02847 0.71925 0.859 0.64733 9.0000 43.83 0.8811 0.8823 1.618265 
765.7225 24.035 87.754 0.02823 0.71976 0.857 0.64698 9.0000 44.57 0.8811 0.8822 1.619179 
765.2901 24.056 87.765 0.02811 0.72013 0.852 0.64634 9.0000 44.19 0.8813 0.8825 1.620094 
764.8575 24.077 87.780 0.02794 0.72086 0.857 0.64606 9.0000 44.66 0.8816 0.8828 1.621010 
764.4249 24.096 87.770 0.02810 0.72173 0.856 0.64597 9.0000 44.40 0.8822 0.8834 1.621928 
763.9922 24.113 87.771 0.02812 0.72269 0.852 0.64605 9.0000 44.49 0.8829 0.8840 1.622846 
763.5593 24.143 87.756 0.02835 0.72356 0.865 0.64549 9.0000 45.06 0.8833 0.8844 1.623766 
763.1264 24.164 87.770 0.02820 0.72405 0.857 0.64497 9.0000 44.88 0.8834 0.8846 1.624687 
762.6934 24.182 87.746 0.02852 0.72485 0.860 0.64487 9.0000 45.31 0.8836 0.8848 1.625610 
762.2603 24.197 87.741 0.02860 0.72506 0.865 0.64436 9.0000 45.38 0.8835 0.8847 1.626533 
761.8271 24.215 87.737 0.02868 0.72563 0.866 0.64408 9.0000 45.78 0.8838 0.8850 1.627458 
761.3938 24.230 87.734 0.02872 0.72574 0.866 0.64348 9.0000 45.54 0.8839 0.8850 1.628385 
760.9604 24.253 87.714 0.02899 0.72626 0.862 0.64291 9.0000 45.17 0.8839 0.8850 1.629312 
760.5269 24.273 87.716 0.02900 0.72707 0.858 0.64270 9.0000 45.74 0.8842 0.8854 1.630241 
760.0933 24.297 87.701 0.02923 0.72796 0.861 0.64242 9.0000 46.20 0.8849 0.8861 1.631171 
759.6597 24.321 87.684 0.02947 0.72885 0.861 0.64216 9.0000 46.22 0.8854 0.8866 1.632102 
759.2259 24.339 87.699 0.02929 0.72895 0.871 0.64142 9.0000 45.90 0.8856 0.8867 1.633034 
758.7921 24.355 87.712 0.02914 0.72952 0.861 0.64116 9.0000 46.09 0.8860 0.8872 1.633968 
758.3581 24.381 87.691 0.02943 0.73007 0.863 0.64050 9.0000 46.48 0.8860 0.8871 1.634903 
757.9240 24.393 87.691 0.02943 0.72993 0.869 0.63983 9.0000 47.02 0.8857 0.8868 1.635839 
757.4899 24.413 87.693 0.02943 0.73032 0.868 0.63926 9.0000 47.22 0.8860 0.8871 1.636777 
757.0556 24.433 87.699 0.02936 0.73055 0.863 0.63856 9.0000 46.86 0.8859 0.8871 1.637716 
756.6213 24.461 87.695 0.02943 0.73119 0.861 0.63790 9.0000 46.54 0.8862 0.8873 1.638656 
756.1868 24.486 87.671 0.02976 0.73173 0.863 0.63722 9.0000 46.49 0.8863 0.8874 1.639597 
755.7523 24.495 87.682 0.02963 0.73196 0.862 0.63703 9.0000 46.26 0.8863 0.8874 1.640540 
755.3177 24.514 87.682 0.02967 0.73275 0.865 0.63688 9.0000 47.48 0.8867 0.8878 1.641484 
754.8830 24.530 87.694 0.02951 0.73284 0.872 0.63624 9.0000 47.41 0.8866 0.8877 1.642429 
754.4482 24.542 87.701 0.02943 0.73293 0.871 0.63574 9.0000 47.50 0.8866 0.8876 1.643376 
754.0132 24.558 87.716 0.02924 0.73336 0.877 0.63538 9.0000 48.35 0.8867 0.8878 1.644324 
753.5782 24.576 87.714 0.02930 0.73401 0.869 0.63515 9.0000 47.74 0.8869 0.8880 1.645273 
753.1431 24.592 87.708 0.02940 0.73452 0.870 0.63489 9.0000 48.36 0.8871 0.8882 1.646223 
752.7079 24.606 87.717 0.02929 0.73492 0.866 0.63459 9.0000 47.79 0.8873 0.8884 1.647175 
752.2726 24.624 87.716 0.02933 0.73535 0.869 0.63416 9.0000 48.89 0.8873 0.8883 1.648129 
751.8373 24.635 87.719 0.02929 0.73535 0.867 0.63366 9.0000 48.26 0.8869 0.8880 1.649083 
751.4018 24.661 87.685 0.02975 0.73599 0.870 0.63305 9.0000 48.77 0.8872 0.8883 1.650039 
750.9662 24.678 87.683 0.02979 0.73636 0.872 0.63263 9.0000 48.88 0.8876 0.8887 1.650996 
750.5306 24.692 87.688 0.02973 0.73656 0.871 0.63215 9.0000 48.73 0.8879 0.8890 1.651954 
750.0948 24.711 87.669 0.02999 0.73678 0.870 0.63154 9.0000 48.87 0.8875 0.8886 1.652914 
749.6589 24.729 87.668 0.03002 0.73733 0.878 0.63117 9.0000 48.75 0.8877 0.8887 1.653875 
749.2230 24.742 87.673 0.02998 0.73755 0.878 0.63083 9.0000 49.17 0.8878 0.8889 1.654837 
748.7869 24.754 87.678 0.02991 0.73767 0.877 0.63038 9.0000 49.65 0.8877 0.8888 1.655801 
748.3508 24.775 87.661 0.03016 0.73841 0.873 0.63005 9.0000 49.48 0.8879 0.8890 1.656766 
747.9146 24.792 87.673 0.03004 0.73902 0.880 0.62983 9.0000 49.55 0.8883 0.8894 1.657732 
747.4782 24.806 87.687 0.02986 0.73935 0.873 0.62949 9.0000 49.01 0.8886 0.8896 1.658700 
747.0417 24.818 87.689 0.02986 0.73989 0.881 0.62939 9.0000 49.34 0.8887 0.8898 1.659669 
746.6052 24.831 87.685 0.02993 0.74032 0.878 0.62919 9.0000 49.85 0.8887 0.8898 1.660639 
746.1686 24.853 87.665 0.03021 0.74104 0.876 0.62884 9.0000 50.29 0.8890 0.8901 1.661611 
745.7319 24.876 87.642 0.03054 0.74176 0.881 0.62844 9.0000 49.77 0.8892 0.8903 1.662584 
745.2950 24.894 87.642 0.03057 0.74242 0.883 0.62818 9.0000 49.96 0.8895 0.8906 1.663559 
744.8582 24.915 87.627 0.03079 0.74314 0.886 0.62787 9.0000 50.37 0.8897 0.8908 1.664534 
744.4211 24.926 87.633 0.03073 0.74357 0.878 0.62774 9.0000 49.91 0.8899 0.8910 1.665512 
743.9841 24.940 87.639 0.03069 0.74418 0.877 0.62763 9.0000 50.34 0.8901 0.8912 1.666490 
743.5468 24.961 87.620 0.03095 0.74459 0.882 0.62708 9.0000 50.15 0.8901 0.8912 1.667470 
743.1096 24.976 87.623 0.03092 0.74500 0.882 0.62675 9.0000 50.69 0.8903 0.8914 1.668451 
742.6722 24.986 87.641 0.03070 0.74526 0.885 0.62647 9.0000 50.25 0.8906 0.8916 1.669434 
742.2347 24.996 87.647 0.03063 0.74537 0.886 0.62614 9.0000 50.85 0.8905 0.8915 1.670418 
741.7971 25.013 87.631 0.03085 0.74557 0.886 0.62559 9.0000 51.06 0.8903 0.8913 1.671403 
741.3594 25.024 87.627 0.03090 0.74560 0.884 0.62512 9.0000 50.41 0.8902 0.8912 1.672390 
740.9216 25.034 87.637 0.03079 0.74603 0.893 0.62503 9.0000 51.74 0.8904 0.8914 1.673378 
740.4838 25.046 87.643 0.03072 0.74631 0.887 0.62471 9.0000 51.43 0.8904 0.8914 1.674367 
740.0458 25.055 87.664 0.03044 0.74634 0.882 0.62433 9.0000 51.77 0.8904 0.8914 1.675358 
739.6077 25.063 87.679 0.03026 0.74652 0.889 0.62410 9.0000 51.89 0.8905 0.8915 1.676351 
739.1696 25.077 87.677 0.03031 0.74701 0.885 0.62390 9.0000 51.49 0.8905 0.8915 1.677344 
738.7313 25.088 87.686 0.03020 0.74724 0.892 0.62361 9.0000 51.69 0.8905 0.8915 1.678339 
738.2930 25.102 87.679 0.03029 0.74734 0.889 0.62310 9.0000 52.32 0.8904 0.8913 1.679336 
737.8545 25.112 87.682 0.03026 0.74756 0.888 0.62282 9.0000 52.00 0.8904 0.8913 1.680334 
737.4160 25.128 87.685 0.03025 0.74821 0.890 0.62264 9.0000 51.97 0.8906 0.8915 1.681333 
736.9773 25.141 87.689 0.03020 0.74825 0.888 0.62212 9.0000 51.66 0.8905 0.8914 1.682334 
736.5386 25.151 87.694 0.03013 0.74841 0.893 0.62179 9.0000 51.80 0.8904 0.8913 1.683336 
736.0997 25.165 87.706 0.02999 0.74867 0.895 0.62141 9.0000 53.43 0.8903 0.8913 1.684340 
735.6608 25.180 87.718 0.02984 0.74895 0.895 0.62098 9.0000 52.56 0.8903 0.8912 1.685344 
735.2218 25.192 87.724 0.02977 0.74923 0.894 0.62064 9.0000 52.45 0.8904 0.8913 1.686351 
734.7827 25.198 87.747 0.02947 0.74904 0.894 0.62021 9.0000 52.72 0.8902 0.8911 1.687359 
734.3434 25.207 87.742 0.02954 0.74929 0.901 0.62003 9.0000 53.03 0.8900 0.8909 1.688368 
733.9041 25.221 87.734 0.02966 0.74965 0.906 0.61971 9.0000 53.30 0.8899 0.8908 1.689379 
733.4647 25.227 87.742 0.02956 0.74978 0.898 0.61956 9.0000 54.07 0.8897 0.8906 1.690391 
733.0252 25.236 87.758 0.02935 0.74978 0.898 0.61917 9.0000 53.53 0.8898 0.8907 1.691404 
732.5856 25.255 87.744 0.02957 0.75063 0.898 0.61901 9.0000 53.37 0.8900 0.8909 1.692419 
732.1459 25.264 87.748 0.02953 0.75075 0.901 0.61871 9.0000 53.30 0.8899 0.8908 1.693436 
731.7061 25.268 87.753 0.02945 0.75045 0.903 0.61831 9.0000 53.78 0.8897 0.8905 1.694453 
731.2662 25.277 87.768 0.02926 0.75089 0.897 0.61826 9.0000 53.68 0.8898 0.8907 1.695473 
730.8262 25.286 87.771 0.02923 0.75095 0.906 0.61791 9.0000 53.78 0.8899 0.8908 1.696494 
730.3861 25.289 87.798 0.02887 0.75079 0.905 0.61764 9.0000 53.93 0.8898 0.8907 1.697516 
729.9459 25.302 87.795 0.02892 0.75088 0.910 0.61713 9.0000 54.44 0.8897 0.8906 1.698539 
729.5057 25.311 87.796 0.02890 0.75065 0.909 0.61654 9.0000 53.75 0.8897 0.8906 1.699564 
729.0653 25.328 87.772 0.02922 0.75118 0.910 0.61628 9.0000 53.76 0.8899 0.8907 1.700591 
728.6248 25.331 87.780 0.02912 0.75115 0.907 0.61612 9.0000 53.62 0.8897 0.8905 1.701619 
728.1843 25.334 87.795 0.02892 0.75117 0.912 0.61600 9.0000 54.05 0.8896 0.8904 1.702648 
727.7436 25.347 87.800 0.02886 0.75124 0.907 0.61548 9.0000 53.96 0.8896 0.8905 1.703680 
727.3028 25.352 87.815 0.02866 0.75117 0.911 0.61517 9.0000 53.89 0.8896 0.8904 1.704712 
726.8619 25.366 87.800 0.02886 0.75138 0.912 0.61474 9.0000 54.33 0.8894 0.8902 1.705746 
726.4210 25.371 87.811 0.02872 0.75131 0.917 0.61447 9.0000 54.62 0.8893 0.8901 1.706781 
725.9799 25.384 87.811 0.02873 0.75159 0.915 0.61412 9.0000 54.18 0.8895 0.8903 1.707818 
725.5388 25.398 87.797 0.02892 0.75165 0.913 0.61355 9.0000 54.30 0.8893 0.8901 1.708857 
725.0975 25.417 87.775 0.02922 0.75190 0.920 0.61294 9.0000 54.86 0.8895 0.8903 1.709897 
724.6561 25.430 87.774 0.02924 0.75215 0.915 0.61258 9.0000 53.81 0.8896 0.8905 1.710938 
724.2147 25.437 87.781 0.02914 0.75194 0.918 0.61211 9.0000 54.54 0.8897 0.8904 1.711981 
723.7732 25.444 87.788 0.02904 0.75197 0.919 0.61181 9.0000 54.43 0.8896 0.8904 1.713025 
723.3315 25.456 87.799 0.02889 0.75183 0.916 0.61120 9.0000 53.77 0.8896 0.8904 1.714072 
722.8898 25.471 87.782 0.02913 0.75206 0.924 0.61071 9.0000 55.09 0.8897 0.8905 1.715119 
722.4479 25.483 87.781 0.02914 0.75218 0.923 0.61031 9.0000 55.09 0.8897 0.8904 1.716168 
722.0060 25.492 87.778 0.02920 0.75230 0.927 0.60999 9.0000 55.03 0.8896 0.8904 1.717218 
721.5640 25.515 87.754 0.02952 0.75276 0.920 0.60938 9.0000 54.54 0.8899 0.8907 1.718270 
721.1218 25.528 87.754 0.02953 0.75303 0.924 0.60905 9.0000 54.92 0.8900 0.8908 1.719324 
720.6796 25.538 87.758 0.02949 0.75315 0.924 0.60868 9.0000 55.61 0.8900 0.8908 1.720379 
720.2373 25.553 87.753 0.02955 0.75324 0.927 0.60812 9.0000 55.56 0.8902 0.8909 1.721435 
719.7949 25.560 87.767 0.02937 0.75312 0.922 0.60773 9.0000 55.44 0.8901 0.8909 1.722493 
719.3524 25.575 87.763 0.02943 0.75356 0.927 0.60742 9.0000 55.32 0.8905 0.8912 1.723553 
718.9097 25.586 87.762 0.02945 0.75361 0.933 0.60699 9.0000 55.32 0.8905 0.8913 1.724614 
718.4670 25.597 87.755 0.02954 0.75357 0.930 0.60647 9.0000 55.73 0.8906 0.8914 1.725677 
718.0242 25.622 87.731 0.02989 0.75426 0.938 0.60596 9.0000 56.38 0.8909 0.8917 1.726741 
717.5813 25.638 87.719 0.03005 0.75435 0.936 0.60535 9.0000 56.16 0.8910 0.8917 1.727807 
717.1383 25.655 87.709 0.03019 0.75455 0.931 0.60479 9.0000 55.29 0.8910 0.8918 1.728874 
716.6952 25.671 87.701 0.03030 0.75478 0.933 0.60429 9.0000 55.89 0.8912 0.8919 1.729943 
716.2520 25.687 87.692 0.03043 0.75494 0.941 0.60372 9.0000 56.33 0.8913 0.8920 1.731013 
715.8087 25.705 87.664 0.03081 0.75516 0.939 0.60313 9.0000 56.42 0.8913 0.8920 1.732086 
715.3653 25.721 87.649 0.03101 0.75549 0.943 0.60269 9.0000 56.67 0.8915 0.8923 1.733159 
714.9218 25.731 87.660 0.03088 0.75566 0.942 0.60239 9.0000 56.42 0.8916 0.8924 1.734234 
714.4782 25.750 87.649 0.03105 0.75603 0.941 0.60189 9.0000 56.45 0.8918 0.8925 1.735311 
714.0345 25.771 87.622 0.03142 0.75642 0.947 0.60131 9.0000 56.55 0.8918 0.8925 1.736389 
713.5907 25.788 87.612 0.03157 0.75687 0.947 0.60093 9.0000 56.78 0.8921 0.8928 1.737469 
713.1469 25.804 87.593 0.03182 0.75691 0.942 0.60027 9.0000 55.99 0.8920 0.8927 1.738550 
712.7028 25.819 87.576 0.03205 0.75708 0.949 0.59975 9.0000 56.48 0.8921 0.8928 1.739634 
712.2588 25.841 87.554 0.03236 0.75762 0.949 0.59926 9.0000 57.26 0.8924 0.8932 1.740718 
711.8146 25.862 87.540 0.03257 0.75803 0.950 0.59870 9.0000 56.66 0.8927 0.8934 1.741805 
711.3703 25.883 87.517 0.03289 0.75848 0.956 0.59815 9.0000 57.33 0.8929 0.8936 1.742892 
710.9259 25.907 87.489 0.03329 0.75903 0.953 0.59756 9.0000 56.84 0.8931 0.8938 1.743982 
710.4814 25.923 87.477 0.03347 0.75933 0.952 0.59712 9.0000 56.93 0.8932 0.8940 1.745073 
710.0369 25.944 87.463 0.03366 0.75974 0.954 0.59657 9.0000 57.11 0.8934 0.8941 1.746165 
709.5922 25.962 87.448 0.03389 0.76028 0.957 0.59622 9.0000 56.72 0.8936 0.8943 1.747260 
709.1474 25.984 87.442 0.03399 0.76081 0.956 0.59567 9.0000 57.51 0.8939 0.8947 1.748356 
708.7026 26.001 87.431 0.03415 0.76119 0.960 0.59525 9.0000 57.81 0.8941 0.8948 1.749453 
708.2576 26.020 87.424 0.03426 0.76152 0.960 0.59470 9.0000 57.67 0.8942 0.8950 1.750552 
707.8125 26.037 87.419 0.03435 0.76194 0.963 0.59429 9.0000 57.06 0.8944 0.8951 1.751653 
707.3674 26.059 87.401 0.03460 0.76244 0.965 0.59375 9.0000 57.41 0.8946 0.8953 1.752755 
706.9221 26.079 87.393 0.03474 0.76299 0.967 0.59335 9.0000 57.98 0.8949 0.8956 1.753859 
706.4767 26.101 87.372 0.03504 0.76347 0.968 0.59280 9.0000 58.26 0.8950 0.8958 1.754965 
706.0313 26.122 87.343 0.03545 0.76388 0.971 0.59223 9.0000 58.14 0.8951 0.8958 1.756072 
705.5857 26.145 87.333 0.03560 0.76439 0.970 0.59164 9.0000 58.36 0.8954 0.8962 1.757181 
705.1401 26.165 87.325 0.03575 0.76504 0.967 0.59130 9.0000 57.79 0.8957 0.8964 1.758292 
704.6943 26.187 87.315 0.03590 0.76562 0.972 0.59081 9.0000 57.70 0.8959 0.8967 1.759404 
704.2484 26.206 87.301 0.03610 0.76590 0.974 0.59023 9.0000 57.45 0.8959 0.8966 1.760518 
703.8025 26.226 87.290 0.03627 0.76626 0.984 0.58966 9.0000 57.79 0.8958 0.8966 1.761633 
703.3564 26.247 87.259 0.03671 0.76684 0.982 0.58924 9.0000 57.66 0.8959 0.8966 1.762751 
702.9103 26.269 87.248 0.03690 0.76752 0.978 0.58881 9.0000 58.62 0.8962 0.8969 1.763869 
702.4641 26.294 87.223 0.03725 0.76807 0.983 0.58816 9.0000 58.92 0.8964 0.8972 1.764990 
702.0177 26.318 87.207 0.03750 0.76882 0.983 0.58775 9.0000 58.56 0.8967 0.8974 1.766112 
701.5712 26.341 87.193 0.03773 0.76947 0.982 0.58726 9.0000 58.86 0.8969 0.8977 1.767236 
701.1247 26.365 87.185 0.03788 0.77027 0.989 0.58687 9.0000 58.91 0.8973 0.8980 1.768361 
700.6780 26.388 87.174 0.03805 0.77077 0.990 0.58627 9.0000 58.28 0.8975 0.8982 1.769489 
700.2313 26.409 87.165 0.03820 0.77144 0.996 0.58588 9.0000 58.88 0.8977 0.8985 1.770618 
699.7844 26.432 87.150 0.03844 0.77212 0.997 0.58545 9.0000 58.02 0.8980 0.8988 1.771748 
699.3375 26.455 87.137 0.03864 0.77260 0.993 0.58485 9.0000 58.35 0.8982 0.8990 1.772881 
698.8904 26.478 87.118 0.03892 0.77323 0.993 0.58436 9.0000 58.86 0.8985 0.8993 1.774015 
698.4433 26.500 87.107 0.03911 0.77384 0.996 0.58389 9.0000 58.68 0.8988 0.8996 1.775150 
697.9961 26.527 87.077 0.03956 0.77470 1.000 0.58341 9.0000 58.58 0.8992 0.9000 1.776288 
697.5488 26.551 87.060 0.03982 0.77528 1.005 0.58284 9.0000 58.94 0.8995 0.9003 1.777427 
697.1013 26.571 87.047 0.04002 0.77566 1.009 0.58225 9.0000 58.84 0.8996 0.9004 1.778568 
696.6537 26.594 87.036 0.04019 0.77613 1.012 0.58165 9.0000 58.95 0.8998 0.9006 1.779711 
696.2061 26.618 87.019 0.04045 0.77681 1.012 0.58116 9.0000 58.34 0.9000 0.9008 1.780855 
695.7584 26.641 87.010 0.04061 0.77736 1.012 0.58058 9.0000 58.65 0.9002 0.9010 1.782001 
695.3105 26.666 86.991 0.04089 0.77786 1.015 0.57993 9.0000 59.65 0.9003 0.9011 1.783149 
694.8626 26.691 86.972 0.04118 0.77850 1.015 0.57935 9.0000 59.54 0.9007 0.9015 1.784298 
694.4146 26.714 86.957 0.04141 0.77894 1.014 0.57871 9.0000 59.37 0.9009 0.9017 1.785449 
693.9664 26.739 86.947 0.04158 0.77957 1.022 0.57815 9.0000 58.53 0.9012 0.9020 1.786602 
693.5182 26.766 86.928 0.04189 0.78053 1.021 0.57772 9.0000 58.84 0.9015 0.9023 1.787757 
693.0699 26.793 86.918 0.04206 0.78119 1.027 0.57707 9.0000 58.76 0.9018 0.9026 1.788913 
692.6215 26.816 86.912 0.04218 0.78202 1.024 0.57670 9.0000 58.96 0.9020 0.9028 1.790071 
692.1729 26.840 86.906 0.04229 0.78244 1.031 0.57603 9.0000 59.21 0.9021 0.9029 1.791231 
691.7243 26.864 86.892 0.04251 0.78299 1.027 0.57544 9.0000 59.70 0.9024 0.9032 1.792393 
691.2756 26.891 86.876 0.04278 0.78367 1.025 0.57477 9.0000 59.20 0.9027 0.9035 1.793557 
690.8267 26.914 86.863 0.04298 0.78421 1.037 0.57423 9.0000 58.97 0.9029 0.9037 1.794722 
690.3778 26.940 86.846 0.04325 0.78493 1.034 0.57366 9.0000 58.67 0.9032 0.9040 1.795889 
689.9288 26.963 86.837 0.04341 0.78560 1.043 0.57319 9.0000 58.43 0.9035 0.9043 1.797058 
689.4797 26.990 86.818 0.04371 0.78623 1.041 0.57254 9.0000 58.66 0.9038 0.9046 1.798228 
689.0304 27.012 86.810 0.04384 0.78667 1.041 0.57194 9.0000 57.81 0.9039 0.9047 1.799401 
688.5811 27.036 86.801 0.04401 0.78729 1.041 0.57140 9.0000 59.38 0.9042 0.9050 1.800575 
688.1317 27.057 86.792 0.04416 0.78788 1.042 0.57095 9.0000 59.06 0.9044 0.9052 1.801751 
687.6821 27.078 86.787 0.04426 0.78842 1.047 0.57046 9.0000 59.54 0.9047 0.9055 1.802929 
687.2325 27.102 86.767 0.04457 0.78901 1.054 0.56986 9.0000 59.45 0.9048 0.9057 1.804108 
686.7828 27.127 86.758 0.04472 0.78940 1.063 0.56910 9.0000 59.40 0.9049 0.9057 1.805290 
686.3329 27.151 86.749 0.04487 0.79001 1.061 0.56854 9.0000 58.88 0.9051 0.9059 1.806473 
685.8830 27.175 86.744 0.04498 0.79056 1.059 0.56797 9.0000 58.75 0.9052 0.9061 1.807658 
685.4330 27.204 86.732 0.04516 0.79110 1.060 0.56712 9.0000 59.16 0.9055 0.9063 1.808845 
684.9828 27.230 86.724 0.04532 0.79164 1.062 0.56643 9.0000 59.14 0.9058 0.9066 1.810034 
684.5327 27.251 86.721 0.04537 0.79202 1.065 0.56585 9.0000 59.25 0.9059 0.9067 1.811224 
684.0823 27.272 86.714 0.04550 0.79245 1.071 0.56525 9.0000 58.90 0.9059 0.9068 1.812416 
683.6319 27.295 86.707 0.04562 0.79295 1.077 0.56465 9.0000 58.95 0.9061 0.9069 1.813610 
683.1813 27.316 86.702 0.04571 0.79335 1.082 0.56409 9.0000 58.66 0.9061 0.9070 1.814807 
682.7307 27.343 86.684 0.04601 0.79404 1.082 0.56345 9.0000 58.87 0.9064 0.9072 1.816004 
682.2800 27.366 86.676 0.04613 0.79430 1.083 0.56267 9.0000 59.16 0.9064 0.9073 1.817204 
681.8292 27.391 86.667 0.04628 0.79473 1.078 0.56196 9.0000 58.42 0.9067 0.9075 1.818405 
681.3782 27.415 86.655 0.04648 0.79524 1.080 0.56130 9.0000 58.93 0.9069 0.9077 1.819609 
680.9272 27.435 86.649 0.04659 0.79556 1.093 0.56072 9.0000 58.62 0.9070 0.9078 1.820814 
680.4761 27.457 86.638 0.04676 0.79596 1.092 0.56008 9.0000 58.91 0.9071 0.9079 1.822021 
680.0248 27.478 86.629 0.04689 0.79616 1.099 0.55935 9.0000 58.69 0.9071 0.9079 1.823230 
679.5735 27.500 86.621 0.04703 0.79658 1.101 0.55876 9.0000 58.74 0.9073 0.9081 1.824441 
679.1221 27.521 86.611 0.04719 0.79685 1.101 0.55805 9.0000 58.73 0.9073 0.9082 1.825654 
678.6705 27.542 86.607 0.04727 0.79722 1.111 0.55744 9.0000 59.36 0.9075 0.9083 1.826869 
678.2189 27.566 86.598 0.04742 0.79765 1.110 0.55678 9.0000 59.61 0.9075 0.9084 1.828085 
677.7672 27.590 86.579 0.04771 0.79808 1.111 0.55610 9.0000 58.64 0.9077 0.9085 1.829303 
677.3154 27.610 86.570 0.04785 0.79843 1.116 0.55548 9.0000 58.40 0.9078 0.9086 1.830524 
676.8634 27.633 86.560 0.04802 0.79894 1.125 0.55490 9.0000 59.11 0.9080 0.9088 1.831746 
676.4114 27.655 86.553 0.04814 0.79919 1.127 0.55419 9.0000 59.03 0.9081 0.9089 1.832970 
675.9592 27.673 86.542 0.04831 0.79952 1.130 0.55369 9.0000 59.31 0.9082 0.9090 1.834196 
675.5070 27.694 86.533 0.04846 0.79990 1.129 0.55308 9.0000 59.19 0.9083 0.9092 1.835424 
675.0547 27.713 86.534 0.04846 0.80016 1.132 0.55246 9.0000 58.84 0.9085 0.9093 1.836654 
674.6022 27.733 86.528 0.04857 0.80044 1.138 0.55182 9.0000 59.00 0.9085 0.9093 1.837886 
674.1497 27.754 86.524 0.04864 0.80079 1.140 0.55124 9.0000 59.27 0.9086 0.9094 1.839120 
673.6971 27.772 86.520 0.04871 0.80104 1.142 0.55065 9.0000 58.54 0.9087 0.9096 1.840355 
673.2443 27.794 86.517 0.04878 0.80145 1.148 0.55005 9.0000 59.21 0.9090 0.9098 1.841593 
672.7915 27.813 86.510 0.04890 0.80175 1.155 0.54947 9.0000 59.52 0.9092 0.9100 1.842832 
672.3386 27.832 86.506 0.04897 0.80200 1.159 0.54885 9.0000 59.31 0.9095 0.9103 1.844074 
671.8855 27.850 86.501 0.04906 0.80226 1.155 0.54829 9.0000 58.92 0.9096 0.9104 1.845317 
671.4324 27.869 86.497 0.04913 0.80255 1.165 0.54770 9.0000 59.06 0.9098 0.9106 1.846563 
670.9791 27.890 86.491 0.04924 0.80299 1.165 0.54713 9.0000 59.50 0.9099 0.9108 1.847810 
670.5258 27.912 86.478 0.04944 0.80327 1.174 0.54646 9.0000 59.18 0.9101 0.9109 1.849059 
670.0723 27.932 86.467 0.04962 0.80356 1.184 0.54584 9.0000 59.85 0.9103 0.9112 1.850311 
669.6188 27.953 86.460 0.04973 0.80376 1.182 0.54511 9.0000 58.81 0.9106 0.9114 1.851564 
669.1651 27.971 86.457 0.04979 0.80407 1.193 0.54456 9.0000 59.94 0.9108 0.9116 1.852819 
668.7114 27.993 86.455 0.04983 0.80442 1.193 0.54390 9.0000 59.59 0.9109 0.9117 1.854076 
668.2575 28.013 86.451 0.04991 0.80475 1.192 0.54332 9.0000 59.53 0.9110 0.9118 1.855336 
667.8035 28.036 86.441 0.05008 0.80507 1.191 0.54262 9.0000 59.66 0.9111 0.9119 1.856597 
667.3495 28.054 86.431 0.05022 0.80525 1.201 0.54197 9.0000 59.63 0.9112 0.9120 1.857860 
666.8953 28.074 86.426 0.05031 0.80558 1.212 0.54141 9.0000 59.69 0.9115 0.9123 1.859125 
666.4411 28.092 86.420 0.05043 0.80590 1.211 0.54088 9.0000 58.57 0.9117 0.9125 1.860392 
665.9868 28.111 86.418 0.05047 0.80620 1.211 0.54030 9.0000 59.30 0.9120 0.9128 1.861661 
665.5323 28.131 86.408 0.05063 0.80660 1.224 0.53975 9.0000 59.86 0.9123 0.9131 1.862933 
665.0777 28.152 86.403 0.05073 0.80697 1.224 0.53918 9.0000 58.98 0.9125 0.9133 1.864206 
664.6230 28.170 86.395 0.05085 0.80719 1.226 0.53857 9.0000 59.54 0.9127 0.9135 1.865482 
664.1683 28.192 86.388 0.05097 0.80753 1.232 0.53790 9.0000 59.55 0.9130 0.9137 1.866759 
663.7134 28.212 86.380 0.05110 0.80779 1.236 0.53727 9.0000 59.37 0.9131 0.9139 1.868038 
663.2584 28.229 86.371 0.05124 0.80802 1.238 0.53673 9.0000 59.57 0.9133 0.9141 1.869319 
662.8034 28.248 86.362 0.05139 0.80823 1.246 0.53612 9.0000 58.29 0.9135 0.9143 1.870603 
662.3482 28.266 86.357 0.05148 0.80852 1.253 0.53560 9.0000 59.62 0.9137 0.9145 1.871888 
661.8929 28.283 86.349 0.05161 0.80883 1.258 0.53508 9.0000 59.68 0.9139 0.9147 1.873176 
661.4376 28.302 86.337 0.05179 0.80899 1.264 0.53444 9.0000 59.34 0.9141 0.9149 1.874465 
660.9821 28.320 86.332 0.05188 0.80924 1.265 0.53388 9.0000 59.54 0.9143 0.9150 1.875757 
660.5265 28.337 86.327 0.05197 0.80950 1.271 0.53335 9.0000 58.43 0.9143 0.9151 1.877051 
660.0708 28.356 86.321 0.05207 0.80971 1.280 0.53274 9.0000 59.74 0.9145 0.9152 1.878347 
659.6151 28.376 86.312 0.05222 0.81018 1.284 0.53223 9.0000 59.86 0.9147 0.9155 1.879644 
659.1592 28.397 86.308 0.05231 0.81065 1.287 0.53170 9.0000 59.40 0.9150 0.9157 1.880945 
658.7032 28.414 86.299 0.05246 0.81099 1.286 0.53125 9.0000 59.12 0.9152 0.9160 1.882247 
658.2471 28.429 86.291 0.05260 0.81137 1.302 0.53087 9.0000 59.86 0.9155 0.9163 1.883551 
657.7909 28.445 86.290 0.05262 0.81161 1.302 0.53040 9.0000 59.71 0.9159 0.9166 1.884857 
657.3346 28.462 86.287 0.05270 0.81196 1.318 0.52993 9.0000 59.41 0.9160 0.9167 1.886166 
656.8782 28.480 86.289 0.05270 0.81244 1.318 0.52954 9.0000 59.31 0.9161 0.9169 1.887476 
656.4218 28.497 86.283 0.05281 0.81279 1.326 0.52908 9.0000 59.39 0.9162 0.9170 1.888788 
655.9651 28.514 86.279 0.05288 0.81302 1.335 0.52852 9.0000 59.33 0.9163 0.9171 1.890103 
655.5084 28.530 86.271 0.05301 0.81337 1.335 0.52811 9.0000 58.68 0.9166 0.9174 1.891420 
655.0516 28.546 86.264 0.05312 0.81345 1.348 0.52752 9.0000 58.99 0.9168 0.9176 1.892739 
654.5947 28.560 86.260 0.05320 0.81380 1.354 0.52718 9.0000 59.40 0.9171 0.9178 1.894060 
654.1377 28.577 86.257 0.05327 0.81420 1.355 0.52679 9.0000 59.00 0.9173 0.9180 1.895384 
653.6806 28.590 86.252 0.05335 0.81443 1.368 0.52639 9.0000 59.45 0.9174 0.9182 1.896709 
653.2234 28.607 86.247 0.05345 0.81469 1.373 0.52588 9.0000 60.14 0.9176 0.9183 1.898037 
652.7661 28.622 86.244 0.05350 0.81494 1.375 0.52546 9.0000 59.14 0.9179 0.9186 1.899366 
652.3087 28.638 86.239 0.05359 0.81516 1.383 0.52495 9.0000 59.13 0.9181 0.9188 1.900698 
651.8511 28.652 86.241 0.05358 0.81543 1.392 0.52456 9.0000 59.01 0.9182 0.9190 1.902032 
651.3936 28.667 86.236 0.05367 0.81590 1.406 0.52424 9.0000 58.89 0.9185 0.9193 1.903368 
650.9358 28.684 86.235 0.05371 0.81625 1.414 0.52378 9.0000 59.86 0.9187 0.9194 1.904707 
650.4780 28.702 86.238 0.05370 0.81665 1.416 0.52332 9.0000 59.10 0.9190 0.9197 1.906047 
650.0201 28.723 86.237 0.05374 0.81701 1.425 0.52272 9.0000 58.76 0.9193 0.9200 1.907390 
649.5620 28.742 86.237 0.05376 0.81735 1.421 0.52217 9.0000 59.38 0.9196 0.9203 1.908735 
649.1039 28.758 86.232 0.05384 0.81757 1.430 0.52164 9.0000 58.52 0.9199 0.9207 1.910082 
648.6457 28.774 86.225 0.05396 0.81782 1.444 0.52119 9.0000 58.30 0.9203 0.9210 1.911432 
648.1873 28.793 86.222 0.05403 0.81819 1.456 0.52065 9.0000 58.80 0.9205 0.9213 1.912783 
647.7289 28.809 86.215 0.05415 0.81858 1.471 0.52025 9.0000 59.53 0.9209 0.9216 1.914137 
647.2703 28.828 86.212 0.05422 0.81892 1.469 0.51972 9.0000 59.02 0.9211 0.9218 1.915493 
646.8117 28.843 86.199 0.05443 0.81919 1.476 0.51927 9.0000 58.55 0.9213 0.9220 1.916851 
646.3530 28.862 86.194 0.05451 0.81944 1.477 0.51868 9.0000 57.61 0.9216 0.9223 1.918212 
645.8941 28.879 86.190 0.05458 0.81968 1.497 0.51816 9.0000 59.24 0.9218 0.9225 1.919575 
645.4351 28.897 86.181 0.05473 0.81993 1.502 0.51762 9.0000 58.30 0.9221 0.9228 1.920940 
644.9761 28.915 86.179 0.05479 0.82031 1.515 0.51712 9.0000 58.48 0.9223 0.9230 1.922307 
644.5169 28.932 86.164 0.05502 0.82065 1.514 0.51666 9.0000 58.70 0.9228 0.9235 1.923676 
644.0577 28.951 86.148 0.05528 0.82100 1.519 0.51616 9.0000 58.60 0.9230 0.9237 1.925048 
643.5983 28.967 86.137 0.05546 0.82129 1.530 0.51569 9.0000 57.96 0.9233 0.9240 1.926422 
643.1389 28.985 86.132 0.05555 0.82166 1.542 0.51520 9.0000 58.74 0.9235 0.9242 1.927798 
642.6793 29.001 86.127 0.05564 0.82199 1.554 0.51477 9.0000 59.00 0.9238 0.9245 1.929177 
642.2196 29.016 86.117 0.05581 0.82234 1.552 0.51438 9.0000 58.00 0.9241 0.9248 1.930558 
641.7598 29.038 86.109 0.05596 0.82273 1.565 0.51378 9.0000 57.52 0.9244 0.9251 1.931941 
641.2999 29.058 86.098 0.05615 0.82317 1.575 0.51327 9.0000 57.75 0.9248 0.9255 1.933326 
640.8400 29.082 86.085 0.05636 0.82362 1.581 0.51260 9.0000 57.78 0.9251 0.9258 1.934714 
640.3799 29.098 86.078 0.05648 0.82398 1.598 0.51216 9.0000 57.87 0.9253 0.9260 1.936104 
639.9197 29.120 86.065 0.05671 0.82450 1.621 0.51163 9.0000 58.72 0.9257 0.9264 1.937496 
639.4594 29.138 86.060 0.05681 0.82488 1.620 0.51113 9.0000 58.69 0.9259 0.9266 1.938891 
638.9990 29.155 86.052 0.05694 0.82507 1.626 0.51057 9.0000 59.33 0.9263 0.9270 1.940288 
638.5385 29.172 86.046 0.05705 0.82543 1.645 0.51012 9.0000 59.32 0.9266 0.9272 1.941687 
638.0779 29.190 86.040 0.05715 0.82563 1.643 0.50956 9.0000 59.63 0.9269 0.9276 1.943089 
637.6172 29.206 86.030 0.05731 0.82589 1.645 0.50907 9.0000 59.08 0.9272 0.9279 1.944493 
637.1564 29.228 86.026 0.05741 0.82634 1.651 0.50848 9.0000 59.13 0.9278 0.9285 1.945899 
636.6954 29.246 86.022 0.05748 0.82670 1.671 0.50800 9.0000 59.55 0.9280 0.9287 1.947308 
636.2344 29.267 86.005 0.05776 0.82714 1.683 0.50743 9.0000 59.31 0.9283 0.9289 1.948719 
635.7733 29.285 85.997 0.05790 0.82740 1.683 0.50689 9.0000 59.31 0.9284 0.9291 1.950132 
635.3121 29.298 85.988 0.05803 0.82752 1.694 0.50644 9.0000 58.37 0.9287 0.9293 1.951548 
634.8508 29.316 85.976 0.05825 0.82800 1.697 0.50604 9.0000 58.74 0.9291 0.9298 1.952966 
634.3893 29.335 85.966 0.05841 0.82827 1.718 0.50543 9.0000 58.70 0.9292 0.9298 1.954387 
633.9278 29.361 85.955 0.05863 0.82907 1.728 0.50489 9.0000 59.16 0.9292 0.9299 1.955809 
633.4662 29.390 85.946 0.05882 0.82988 1.745 0.50423 9.0000 58.82 0.9296 0.9302 1.957235 
633.0044 29.412 85.939 0.05896 0.83035 1.754 0.50368 9.0000 58.76 0.9298 0.9304 1.958662 
632.5425 29.432 85.935 0.05903 0.83065 1.758 0.50306 9.0000 58.88 0.9297 0.9303 1.960093 
632.0806 29.451 85.932 0.05910 0.83101 1.770 0.50252 9.0000 59.03 0.9301 0.9308 1.961525 
631.6186 29.462 85.933 0.05907 0.83089 1.773 0.50200 9.0000 58.12 0.9298 0.9305 1.962960 
631.1564 29.482 85.936 0.05905 0.83107 1.801 0.50135 9.0000 58.84 0.9304 0.9310 1.964397 
630.6942 29.494 85.918 0.05930 0.83094 1.795 0.50077 9.0000 59.07 0.9314 0.9320 1.965837 
630.2318 29.504 85.902 0.05954 0.83112 1.828 0.50049 9.0000 58.83 0.9325 0.9331 1.967279 
629.7693 29.506 85.895 0.05963 0.83082 1.831 0.50027 9.0000 58.16 0.9334 0.9340 1.968724 
629.3068 29.526 85.883 0.05986 0.83155 1.840 0.49990 9.0000 59.07 0.9340 0.9346 1.970171 
628.8441 29.533 85.876 0.05994 0.83137 1.849 0.49952 9.0000 58.06 0.9341 0.9348 1.971620 
628.3813 29.564 85.871 0.06008 0.83225 1.851 0.49885 9.0000 58.74 0.9344 0.9350 1.973073 
627.9184 29.589 85.860 0.06029 0.83296 1.874 0.49829 9.0000 58.19 0.9352 0.9359 1.974527 
627.4554 29.619 85.872 0.06019 0.83386 1.874 0.49764 9.0000 58.30 0.9349 0.9355 1.975984 
626.9923 29.631 85.860 0.06038 0.83413 1.899 0.49730 9.0000 58.58 0.9344 0.9350 1.977444 
626.5291 29.643 85.852 0.06046 0.83369 1.896 0.49659 9.0000 58.64 0.9336 0.9342 1.978905 
626.0658 29.649 85.852 0.06047 0.83393 1.902 0.49648 9.0000 58.35 0.9347 0.9354 1.980370 
625.6024 29.667 85.851 0.06051 0.83415 1.925 0.49591 9.0000 58.64 0.9354 0.9360 1.981837 
625.1389 29.688 85.883 0.06007 0.83443 1.945 0.49523 9.0000 58.61 0.9360 0.9367 1.983306 
624.6753 29.728 85.895 0.05989 0.83449 1.955 0.49367 9.0000 58.80 0.9348 0.9355 1.984778 
624.2115 29.737 85.914 0.05959 0.83418 1.962 0.49314 9.0000 57.94 0.9359 0.9365 1.986253 
623.7477 29.748 85.926 0.05941 0.83421 1.945 0.49270 9.0000 57.75 0.9378 0.9384 1.987730 
623.2838 29.772 85.949 0.05922 0.83626 1.962 0.49296 9.0000 57.43 0.9394 0.9400 1.989209 
622.8198 29.784 85.946 0.05936 0.83754 1.993 0.49324 9.0000 58.44 0.9418 0.9424 1.990691 
622.3557 29.772 85.860 0.06070 0.83862 2.008 0.49441 9.0000 58.30 0.9449 0.9455 1.992176 
621.8914 29.772 85.786 0.06184 0.83915 2.027 0.49478 9.0000 58.24 0.9472 0.9478 1.993663 
621.4271 29.766 85.701 0.06311 0.83948 2.033 0.49527 9.0000 58.15 0.9483 0.9489 1.995153 
620.9626 29.763 85.598 0.06459 0.83900 1.993 0.49517 9.0000 57.83 0.9488 0.9495 1.996645 
620.4980 29.762 85.507 0.06582 0.83762 2.045 0.49446 9.0000 57.61 0.9478 0.9485 1.998140 
620.0334 29.778 85.413 0.06717 0.83722 2.031 0.49365 9.0000 57.90 0.9489 0.9496 1.999637 
619.5687 29.817 85.306 0.06872 0.83703 2.087 0.49205 9.0000 57.58 0.9493 0.9500 2.001137 
619.1038 29.835 85.226 0.06984 0.83627 2.056 0.49098 9.0000 57.93 0.9507 0.9515 2.002640 
618.6388 29.840 85.148 0.07091 0.83535 2.076 0.49030 9.0000 57.65 0.9525 0.9532 2.004145 
618.1737 29.859 85.068 0.07205 0.83492 2.092 0.48933 9.0000 58.13 0.9538 0.9545 2.005653 
617.7086 29.873 84.987 0.07312 0.83359 2.114 0.48807 9.0000 57.53 0.9552 0.9560 2.007163 
617.2433 29.891 84.911 0.07414 0.83245 2.080 0.48678 9.0000 57.33 0.9560 0.9568 2.008676 
616.7779 29.912 84.843 0.07509 0.83198 2.095 0.48574 9.0000 58.47 0.9572 0.9580 2.010192 
616.3124 29.928 84.787 0.07583 0.83104 2.141 0.48461 9.0000 58.15 0.9577 0.9585 2.011710 
615.8468 29.931 84.739 0.07640 0.82979 2.100 0.48378 9.0000 57.52 0.9584 0.9592 2.013231 
615.3810 29.955 84.678 0.07722 0.82895 2.111 0.48240 9.0000 57.29 0.9595 0.9604 2.014755 
614.9153 29.964 84.629 0.07781 0.82752 2.128 0.48128 9.0000 57.66 0.9603 0.9612 2.016281 
614.4493 29.977 84.585 0.07834 0.82641 2.086 0.48015 9.0000 58.08 0.9612 0.9621 2.017810 
613.9833 29.994 84.552 0.07871 0.82531 2.161 0.47888 9.0000 57.01 0.9617 0.9627 2.019341 
613.5172 30.013 84.514 0.07918 0.82445 2.108 0.47769 9.0000 56.42 0.9627 0.9637 2.020875 
613.0510 30.038 84.483 0.07956 0.82369 2.109 0.47629 9.0000 57.56 0.9632 0.9642 2.022412 
612.5847 30.063 84.458 0.07984 0.82279 2.153 0.47486 9.0000 57.61 0.9637 0.9648 2.023952 
612.1182 30.089 84.433 0.08013 0.82203 2.115 0.47344 9.0000 57.08 0.9641 0.9652 2.025494 
611.6517 30.115 84.406 0.08043 0.82118 2.218 0.47197 9.0000 57.16 0.9644 0.9655 2.027039 
611.1850 30.140 84.389 0.08062 0.82053 2.322 0.47065 9.0000 56.41 0.9643 0.9655 2.028587 
610.7183 30.165 84.377 0.08072 0.81988 2.180 0.46934 9.0000 57.66 0.9642 0.9653 2.030137 
610.2514 30.194 84.359 0.08092 0.81920 2.200 0.46788 9.0000 57.15 0.9641 0.9652 2.031690 
609.7844 30.220 84.343 0.08107 0.81847 2.135 0.46646 9.0000 57.83 0.9638 0.9650 2.033246 
609.3173 30.252 84.339 0.08108 0.81797 2.123 0.46498 9.0000 56.72 0.9637 0.9649 2.034805 
608.8502 30.288 84.336 0.08109 0.81771 2.134 0.46347 9.0000 56.25 0.9633 0.9646 2.036366 
608.3829 30.321 84.345 0.08091 0.81715 2.165 0.46191 9.0000 56.53 0.9627 0.9639 2.037930 
607.9155 30.354 84.351 0.08080 0.81689 2.029 0.46049 9.0000 57.47 0.9621 0.9634 2.039497 
607.4480 30.392 84.363 0.08061 0.81670 2.014 0.45895 9.0000 56.97 0.9615 0.9627 2.041067 
606.9804 30.428 84.378 0.08038 0.81660 2.037 0.45753 9.0000 55.54 0.9607 0.9620 2.042639 
606.5127 30.468 84.392 0.08019 0.81661 2.166 0.45604 9.0000 54.96 0.9600 0.9613 2.044214 
606.0449 30.505 84.414 0.07986 0.81656 2.137 0.45461 9.0000 55.96 0.9590 0.9603 2.045792 
605.5770 30.543 84.443 0.07944 0.81653 2.128 0.45313 9.0000 55.29 0.9582 0.9595 2.047373 
605.1089 30.584 84.471 0.07905 0.81671 2.147 0.45168 9.0000 56.08 0.9573 0.9586 2.048957 
604.6408 30.625 84.495 0.07873 0.81687 2.171 0.45024 9.0000 56.43 0.9565 0.9578 2.050543 
604.1726 30.671 84.527 0.07831 0.81734 2.171 0.44875 9.0000 55.22 0.9555 0.9568 2.052132 
603.7042 30.718 84.564 0.07783 0.81788 1.911 0.44726 9.0000 55.36 0.9545 0.9558 2.053724 
603.2358 30.764 84.605 0.07730 0.81848 2.127 0.44586 9.0000 55.37 0.9535 0.9548 2.055319 
602.7673 30.808 84.651 0.07669 0.81907 1.919 0.44450 9.0000 54.28 0.9524 0.9537 2.056916 
602.2986 30.848 84.697 0.07607 0.81958 2.033 0.44325 9.0000 55.56 0.9511 0.9524 2.058517 
601.8298 30.893 84.744 0.07544 0.82005 1.933 0.44181 9.0000 55.04 0.9500 0.9513 2.060121 
601.3610 30.938 84.795 0.07476 0.82059 1.972 0.44041 9.0000 54.82 0.9487 0.9499 2.061726 
600.8920 30.983 84.845 0.07409 0.82124 2.019 0.43906 9.0000 54.81 0.9475 0.9488 2.063336 
600.4229 31.027 84.899 0.07338 0.82201 2.100 0.43781 9.0000 54.38 0.9460 0.9472 2.064948 
599.9537 31.074 84.954 0.07266 0.82284 2.230 0.43648 9.0000 55.12 0.9447 0.9459 2.066563 
599.4844 31.122 85.010 0.07193 0.82385 2.224 0.43519 9.0000 54.70 0.9432 0.9445 2.068181 
599.0150 31.175 85.075 0.07109 0.82503 2.137 0.43384 9.0000 53.60 0.9418 0.9431 2.069801 
598.5455 31.221 85.132 0.07035 0.82597 2.092 0.43258 9.0000 53.59 0.9401 0.9413 2.071425 
598.0759 31.270 85.186 0.06965 0.82701 2.250 0.43129 9.0000 54.60 0.9388 0.9399 2.073051 
597.6062 31.315 85.253 0.06875 0.82788 2.168 0.43006 9.0000 54.00 0.9373 0.9385 2.074680 
597.1364 31.363 85.317 0.06792 0.82916 2.134 0.42892 9.0000 53.54 0.9360 0.9371 2.076313 
596.6664 31.416 85.381 0.06711 0.83067 2.097 0.42771 9.0000 53.83 0.9345 0.9356 2.077948 
596.1964 31.466 85.455 0.06613 0.83190 2.057 0.42646 9.0000 53.10 0.9328 0.9339 2.079586 
595.7263 31.514 85.526 0.06521 0.83338 2.179 0.42541 9.0000 53.50 0.9316 0.9326 2.081227 
595.2560 31.556 85.598 0.06425 0.83451 2.160 0.42439 9.0000 53.07 0.9306 0.9317 2.082872 
594.7857 31.593 85.670 0.06326 0.83551 2.163 0.42350 9.0000 53.20 0.9293 0.9303 2.084519 
594.3152 31.635 85.736 0.06238 0.83665 2.163 0.42251 9.0000 52.87 0.9282 0.9292 2.086169 
593.8447 31.675 85.801 0.06153 0.83799 2.158 0.42167 9.0000 52.86 0.9275 0.9285 2.087822 
593.3740 31.715 85.867 0.06065 0.83932 2.139 0.42083 9.0000 52.66 0.9263 0.9273 2.089478 
592.9032 31.762 85.923 0.05997 0.84125 2.158 0.42004 9.0000 53.10 0.9260 0.9270 2.091137 
592.4323 31.805 85.977 0.05929 0.84301 2.138 0.41932 9.0000 52.06 0.9250 0.9260 2.092799 
591.9613 31.853 86.045 0.05844 0.84519 2.132 0.41862 9.0000 51.81 0.9238 0.9247 2.094464 
591.4902 31.904 86.109 0.05762 0.84709 2.114 0.41762 9.0000 51.73 0.9223 0.9232 2.096133 
591.0190 31.964 86.167 0.05692 0.84956 2.089 0.41660 9.0000 51.70 0.9210 0.9219 2.097804 
590.5477 32.007 86.227 0.05613 0.85111 2.092 0.41576 9.0000 51.33 0.9199 0.9208 2.099478 
590.0763 32.062 86.281 0.05548 0.85366 2.084 0.41495 9.0000 51.51 0.9193 0.9202 2.101155 
589.6048 32.090 86.336 0.05475 0.85503 2.088 0.41455 9.0000 50.98 0.9187 0.9196 2.102836 
589.1331 32.127 86.389 0.05407 0.85667 2.045 0.41396 9.0000 51.05 0.9177 0.9186 2.104519 
588.6614 32.151 86.412 0.05380 0.85788 2.049 0.41365 9.0000 51.34 0.9179 0.9188 2.106206 
588.1896 32.185 86.451 0.05331 0.85958 2.046 0.41318 9.0000 51.55 0.9187 0.9195 2.107895 
587.7176 32.222 86.480 0.05303 0.86204 2.035 0.41301 9.0000 49.50 0.9201 0.9209 2.109588 
587.2455 32.267 86.499 0.05286 0.86404 1.994 0.41228 9.0000 49.57 0.9199 0.9207 2.111284 
586.7734 32.296 86.508 0.05284 0.86587 2.002 0.41205 9.0000 50.45 0.9202 0.9210 2.112983 
586.3011 32.320 86.469 0.05354 0.86757 1.982 0.41199 9.0000 51.02 0.9207 0.9215 2.114685 
585.8287 32.312 86.433 0.05419 0.86939 2.010 0.41317 9.0000 51.25 0.9234 0.9241 2.116390 
585.3563 32.339 86.373 0.05526 0.87166 1.965 0.41329 9.0000 50.30 0.9241 0.9249 2.118098 
584.8837 32.366 86.302 0.05647 0.87374 1.947 0.41328 9.0000 49.39 0.9242 0.9250 2.119809 
584.4109 32.378 86.204 0.05796 0.87352 1.937 0.41277 9.0000 49.10 0.9246 0.9254 2.121524 
583.9382 32.400 86.109 0.05942 0.87358 1.929 0.41204 9.0000 49.34 0.9241 0.9249 2.123242 
583.4652 32.452 86.080 0.05986 0.87349 1.914 0.41005 9.0000 49.79 0.9226 0.9234 2.124963 
582.9922 32.495 86.042 0.06045 0.87360 1.896 0.40854 9.0000 49.47 0.9215 0.9223 2.126687 
582.5191 32.543 86.011 0.06092 0.87358 1.876 0.40673 9.0000 49.41 0.9215 0.9223 2.128414 
582.0458 32.589 85.995 0.06120 0.87400 1.870 0.40525 9.0000 48.38 0.9221 0.9228 2.130145 
581.5725 32.629 85.973 0.06161 0.87522 1.857 0.40433 9.0000 48.86 0.9245 0.9252 2.131878 
581.0991 32.661 85.959 0.06184 0.87537 1.841 0.40322 9.0000 48.47 0.9250 0.9257 2.133615 
580.6255 32.665 85.965 0.06176 0.87539 1.827 0.40309 9.0000 48.67 0.9261 0.9268 2.135356 
580.1519 32.689 85.952 0.06198 0.87581 1.811 0.40239 9.0000 47.89 0.9265 0.9272 2.137099 
579.6780 32.727 85.938 0.06223 0.87626 1.788 0.40119 9.0000 47.78 0.9265 0.9272 2.138846 
579.2042 32.751 85.929 0.06235 0.87613 1.792 0.40025 9.0000 48.71 0.9267 0.9274 2.140595 
578.7302 32.780 85.925 0.06247 0.87687 1.777 0.39951 9.0000 48.08 0.9268 0.9275 2.142349 
578.2561 32.804 85.927 0.06248 0.87735 1.761 0.39884 9.0000 47.66 0.9273 0.9280 2.144105 
577.7819 32.826 85.926 0.06248 0.87715 1.742 0.39793 9.0000 47.84 0.9274 0.9281 2.145865 
577.3076 32.851 85.919 0.06259 0.87728 1.731 0.39708 9.0000 47.84 0.9282 0.9289 2.147628 
576.8332 32.891 85.907 0.06281 0.87777 1.711 0.39584 9.0000 46.90 0.9289 0.9296 2.149394 
576.3586 32.913 85.913 0.06273 0.87793 1.693 0.39507 9.0000 46.77 0.9290 0.9297 2.151164 
575.8840 32.950 85.912 0.06280 0.87861 1.683 0.39402 9.0000 47.80 0.9294 0.9301 2.152937 
575.4093 32.988 85.911 0.06285 0.87914 1.678 0.39287 9.0000 47.74 0.9296 0.9303 2.154713 
574.9344 33.023 85.902 0.06302 0.87957 1.656 0.39178 9.0000 46.69 0.9299 0.9306 2.156493 
574.4595 33.060 85.904 0.06301 0.87989 1.653 0.39056 9.0000 47.20 0.9298 0.9305 2.158276 
573.9844 33.090 85.902 0.06306 0.88000 1.628 0.38950 9.0000 46.25 0.9299 0.9306 2.160062 
573.5092 33.122 85.895 0.06319 0.88038 1.621 0.38849 9.0000 47.37 0.9299 0.9307 2.161852 
573.0339 33.156 85.892 0.06325 0.88066 1.617 0.38737 9.0000 46.32 0.9300 0.9307 2.163645 
572.5586 33.187 85.892 0.06328 0.88102 1.592 0.38637 9.0000 46.33 0.9299 0.9306 2.165441 
572.0831 33.221 85.892 0.06330 0.88134 1.568 0.38526 9.0000 46.18 0.9301 0.9308 2.167241 
571.6075 33.259 85.886 0.06342 0.88180 1.561 0.38409 9.0000 46.10 0.9303 0.9310 2.169044 
571.1318 33.296 85.891 0.06338 0.88239 1.562 0.38297 9.0000 45.28 0.9305 0.9312 2.170851 
570.6559 33.332 85.897 0.06333 0.88294 1.538 0.38189 9.0000 45.77 0.9307 0.9314 2.172661 
570.1801 33.368 85.902 0.06329 0.88338 1.515 0.38074 9.0000 45.41 0.9306 0.9313 2.174474 
569.7040 33.398 85.911 0.06317 0.88355 1.509 0.37972 9.0000 44.80 0.9307 0.9314 2.176291 
569.2278 33.435 85.914 0.06316 0.88429 1.507 0.37868 9.0000 45.40 0.9310 0.9317 2.178112 
568.7516 33.469 85.918 0.06313 0.88460 1.488 0.37758 9.0000 44.57 0.9311 0.9318 2.179936 
568.2753 33.503 85.921 0.06312 0.88506 1.470 0.37654 9.0000 44.17 0.9313 0.9320 2.181763 
567.7988 33.538 85.920 0.06316 0.88547 1.459 0.37542 9.0000 44.57 0.9315 0.9322 2.183594 
567.3222 33.571 85.923 0.06314 0.88574 1.453 0.37435 9.0000 44.73 0.9317 0.9324 2.185428 
566.8455 33.605 85.926 0.06313 0.88619 1.442 0.37329 9.0000 44.14 0.9319 0.9326 2.187266 
566.3687 33.639 85.929 0.06311 0.88665 1.432 0.37223 9.0000 44.59 0.9319 0.9327 2.189107 
565.8918 33.675 85.935 0.06303 0.88707 1.406 0.37111 9.0000 43.91 0.9321 0.9328 2.190952 
565.4149 33.710 85.943 0.06296 0.88765 1.402 0.37005 9.0000 43.77 0.9321 0.9329 2.192800 
564.9377 33.743 85.948 0.06291 0.88796 1.391 0.36899 9.0000 44.10 0.9322 0.9329 2.194653 
564.4605 33.777 85.952 0.06286 0.88824 1.384 0.36785 9.0000 43.87 0.9322 0.9330 2.196508 
563.9832 33.809 85.954 0.06284 0.88839 1.375 0.36677 9.0000 43.30 0.9322 0.9329 2.198367 
563.5057 33.842 85.956 0.06283 0.88862 1.349 0.36564 9.0000 42.77 0.9322 0.9329 2.200230 
563.0282 33.876 85.959 0.06280 0.88882 1.346 0.36448 9.0000 42.94 0.9322 0.9329 2.202096 
562.5505 33.914 85.961 0.06279 0.88920 1.331 0.36325 9.0000 42.59 0.9322 0.9329 2.203966 
562.0728 33.948 85.966 0.06274 0.88961 1.336 0.36220 9.0000 43.48 0.9322 0.9329 2.205839 
561.5948 33.984 85.969 0.06272 0.88998 1.310 0.36105 9.0000 42.59 0.9322 0.9329 2.207716 
561.1169 34.021 85.969 0.06274 0.89032 1.304 0.35986 9.0000 42.42 0.9321 0.9328 2.209597 
560.6388 34.057 85.969 0.06277 0.89063 1.290 0.35866 9.0000 42.38 0.9321 0.9328 2.211481 
560.1606 34.094 85.970 0.06277 0.89088 1.287 0.35741 9.0000 42.28 0.9321 0.9328 2.213369 
559.6823 34.128 85.968 0.06281 0.89105 1.279 0.35627 9.0000 42.62 0.9321 0.9328 2.215260 
559.2039 34.163 85.970 0.06279 0.89126 1.267 0.35508 9.0000 42.26 0.9320 0.9327 2.217155 
558.7253 34.198 85.973 0.06276 0.89147 1.257 0.35391 9.0000 42.56 0.9318 0.9325 2.219055 
558.2467 34.236 85.981 0.06267 0.89191 1.246 0.35269 9.0000 41.40 0.9318 0.9325 2.220957 
557.7679 34.273 85.983 0.06266 0.89239 1.233 0.35154 9.0000 41.58 0.9319 0.9326 2.222864 
557.2891 34.311 85.987 0.06264 0.89281 1.226 0.35036 9.0000 41.69 0.9319 0.9326 2.224773 
556.8102 34.348 85.991 0.06259 0.89306 1.223 0.34913 9.0000 41.17 0.9319 0.9326 2.226687 
556.3311 34.385 85.993 0.06258 0.89344 1.201 0.34794 9.0000 40.01 0.9320 0.9327 2.228604 
555.8519 34.421 86.003 0.06245 0.89380 1.206 0.34676 9.0000 40.77 0.9319 0.9326 2.230525 
555.3726 34.459 86.004 0.06246 0.89407 1.191 0.34549 9.0000 40.39 0.9320 0.9327 2.232451 
554.8932 34.494 86.005 0.06247 0.89453 1.183 0.34442 9.0000 40.90 0.9320 0.9327 2.234379 
554.4137 34.531 86.003 0.06252 0.89479 1.178 0.34319 9.0000 40.65 0.9320 0.9327 2.236312 
553.9341 34.570 86.007 0.06249 0.89522 1.176 0.34196 9.0000 40.94 0.9321 0.9328 2.238248 
553.4543 34.607 86.013 0.06243 0.89564 1.164 0.34079 9.0000 39.62 0.9320 0.9327 2.240188 
552.9745 34.641 86.012 0.06246 0.89592 1.148 0.33967 9.0000 39.58 0.9321 0.9328 2.242132 
552.4946 34.679 86.016 0.06241 0.89613 1.141 0.33841 9.0000 39.45 0.9322 0.9329 2.244080 
552.0145 34.716 86.024 0.06231 0.89642 1.139 0.33719 9.0000 39.23 0.9324 0.9331 2.246031 
551.5344 34.755 86.031 0.06223 0.89677 1.134 0.33591 9.0000 39.38 0.9324 0.9331 2.247986 
551.0541 34.791 86.038 0.06213 0.89700 1.124 0.33470 9.0000 39.46 0.9325 0.9331 2.249946 
550.5737 34.830 86.045 0.06203 0.89719 1.116 0.33340 9.0000 38.98 0.9326 0.9332 2.251909 
550.0933 34.868 86.046 0.06204 0.89763 1.108 0.33218 9.0000 39.71 0.9327 0.9334 2.253876 
549.6127 34.907 86.051 0.06198 0.89781 1.105 0.33086 9.0000 39.40 0.9329 0.9336 2.255847 
549.1320 34.947 86.055 0.06192 0.89797 1.096 0.32951 9.0000 38.48 0.9330 0.9337 2.257821 
548.6511 34.984 86.056 0.06192 0.89821 1.091 0.32825 9.0000 38.00 0.9332 0.9339 2.259800 
548.1702 35.023 86.057 0.06194 0.89854 1.079 0.32701 9.0000 38.26 0.9334 0.9341 2.261783 
547.6891 35.058 86.060 0.06191 0.89879 1.067 0.32583 9.0000 37.76 0.9335 0.9342 2.263770 
547.2080 35.096 86.063 0.06188 0.89908 1.069 0.32459 9.0000 37.76 0.9337 0.9344 2.265760 
546.7267 35.135 86.070 0.06180 0.89947 1.063 0.32336 9.0000 38.38 0.9338 0.9345 2.267755 
546.2454 35.174 86.076 0.06171 0.89974 1.054 0.32207 9.0000 37.31 0.9340 0.9347 2.269752 
545.7639 35.212 86.083 0.06164 0.90007 1.046 0.32084 9.0000 36.87 0.9342 0.9349 2.271755 
545.2823 35.248 86.085 0.06161 0.90035 1.043 0.31964 9.0000 37.30 0.9342 0.9349 2.273762 
544.8007 35.286 86.090 0.06155 0.90048 1.040 0.31833 9.0000 36.51 0.9344 0.9351 2.275771 
544.3188 35.324 86.088 0.06160 0.90080 1.036 0.31712 9.0000 36.39 0.9347 0.9354 2.277786 
543.8369 35.362 86.095 0.06151 0.90108 1.028 0.31588 9.0000 36.31 0.9349 0.9356 2.279805 
543.3549 35.399 86.097 0.06150 0.90140 1.010 0.31468 9.0000 35.72 0.9351 0.9358 2.281827 
542.8728 35.434 86.104 0.06139 0.90147 1.014 0.31344 9.0000 35.91 0.9352 0.9359 2.283853 
542.3905 35.469 86.113 0.06126 0.90167 1.004 0.31226 9.0000 35.68 0.9353 0.9360 2.285884 
541.9082 35.508 86.118 0.06121 0.90191 1.002 0.31100 9.0000 35.43 0.9354 0.9361 2.287919 
541.4257 35.544 86.121 0.06117 0.90227 0.998 0.30985 9.0000 35.28 0.9356 0.9363 2.289958 
540.9431 35.583 86.124 0.06114 0.90243 0.988 0.30851 9.0000 34.51 0.9358 0.9365 2.292001 
540.4604 35.620 86.132 0.06103 0.90255 0.983 0.30727 9.0000 34.85 0.9360 0.9367 2.294048 
539.9777 35.658 86.134 0.06102 0.90295 0.994 0.30605 9.0000 35.32 0.9362 0.9369 2.296098 
539.4948 35.694 86.138 0.06097 0.90325 0.980 0.30489 9.0000 34.51 0.9364 0.9372 2.298154 
539.0118 35.733 86.142 0.06094 0.90360 0.972 0.30363 9.0000 34.12 0.9368 0.9375 2.300213 
538.5286 35.770 86.150 0.06083 0.90378 0.965 0.30238 9.0000 33.52 0.9370 0.9378 2.302277 
538.0454 35.808 86.159 0.06069 0.90400 0.962 0.30110 9.0000 33.38 0.9373 0.9380 2.304344 
537.5621 35.846 86.166 0.06060 0.90437 0.953 0.29992 9.0000 33.02 0.9375 0.9383 2.306416 
537.0786 35.883 86.167 0.06061 0.90469 0.947 0.29870 9.0000 32.86 0.9376 0.9384 2.308492 
536.5950 35.923 86.176 0.06048 0.90491 0.942 0.29737 9.0000 32.32 0.9378 0.9386 2.310573 
536.1114 35.959 86.184 0.06039 0.90528 0.949 0.29623 9.0000 32.94 0.9380 0.9388 2.312657 
535.6276 35.995 86.196 0.06022 0.90568 0.940 0.29511 9.0000 31.72 0.9382 0.9390 2.314746 
535.1437 36.033 86.202 0.06015 0.90603 0.935 0.29389 9.0000 31.85 0.9385 0.9393 2.316839 
534.6597 36.072 86.212 0.06002 0.90636 0.930 0.29261 9.0000 31.84 0.9386 0.9394 2.318936 
534.1756 36.112 86.218 0.05995 0.90694 0.921 0.29142 9.0000 30.85 0.9388 0.9396 2.321038 
533.6913 36.149 86.222 0.05991 0.90724 0.915 0.29021 9.0000 30.28 0.9390 0.9398 2.323144 
533.2070 36.192 86.228 0.05983 0.90761 0.917 0.28883 9.0000 30.36 0.9392 0.9400 2.325254 
532.7226 36.236 86.240 0.05966 0.90798 0.917 0.28738 9.0000 30.13 0.9395 0.9403 2.327369 
532.2380 36.277 86.243 0.05965 0.90837 0.907 0.28610 9.0000 29.62 0.9397 0.9405 2.329488 
531.7534 36.317 86.258 0.05944 0.90883 0.904 0.28481 9.0000 29.58 0.9400 0.9408 2.331611 
531.2686 36.360 86.270 0.05928 0.90920 0.902 0.28343 9.0000 29.56 0.9402 0.9410 2.333738 
530.7837 36.404 86.281 0.05914 0.90974 0.900 0.28207 9.0000 28.88 0.9406 0.9414 2.335870 
530.2987 36.449 86.288 0.05904 0.91012 0.894 0.28063 9.0000 28.13 0.9407 0.9416 2.338007 
529.8136 36.490 86.295 0.05896 0.91067 0.895 0.27936 9.0000 28.56 0.9412 0.9420 2.340147 
529.3284 36.531 86.306 0.05882 0.91115 0.883 0.27807 9.0000 27.78 0.9413 0.9421 2.342292 
528.8430 36.574 86.316 0.05869 0.91159 0.888 0.27671 9.0000 27.95 0.9415 0.9423 2.344442 
528.3576 36.620 86.326 0.05859 0.91235 0.888 0.27531 9.0000 27.80 0.9418 0.9427 2.346596 
527.8720 36.663 86.333 0.05851 0.91294 0.880 0.27399 9.0000 27.12 0.9420 0.9429 2.348755 
527.3864 36.706 86.343 0.05838 0.91343 0.877 0.27264 9.0000 26.79 0.9421 0.9430 2.350917 
526.9006 36.754 86.353 0.05826 0.91402 0.870 0.27117 9.0000 26.32 0.9423 0.9432 2.353085 
526.4147 36.801 86.367 0.05808 0.91476 0.863 0.26974 9.0000 25.71 0.9426 0.9435 2.355257 
525.9287 36.851 86.377 0.05795 0.91534 0.861 0.26818 9.0000 25.59 0.9428 0.9438 2.357433 
525.4426 36.899 86.388 0.05782 0.91598 0.872 0.26668 9.0000 25.87 0.9431 0.9440 2.359614 
524.9564 36.948 86.395 0.05774 0.91643 0.859 0.26509 9.0000 24.98 0.9431 0.9441 2.361800 
524.4700 37.001 86.405 0.05760 0.91681 0.859 0.26339 9.0000 24.54 0.9431 0.9441 2.363990 
523.9836 37.052 86.415 0.05748 0.91750 0.852 0.26181 9.0000 24.04 0.9434 0.9444 2.366185 
523.4971 37.102 86.425 0.05737 0.91835 0.847 0.26030 9.0000 24.10 0.9437 0.9447 2.368384 
523.0104 37.152 86.436 0.05724 0.91909 0.846 0.25877 9.0000 23.42 0.9438 0.9448 2.370588 
522.5236 37.205 86.448 0.05709 0.91977 0.842 0.25713 9.0000 22.92 0.9441 0.9451 2.372796 
522.0367 37.262 86.462 0.05691 0.92037 0.836 0.25531 9.0000 22.74 0.9442 0.9452 2.375009 
521.5497 37.317 86.472 0.05677 0.92084 0.829 0.25353 9.0000 22.44 0.9444 0.9454 2.377227 
521.0626 37.370 86.492 0.05648 0.92129 0.828 0.25181 9.0000 22.07 0.9446 0.9456 2.379449 
520.5754 37.426 86.505 0.05630 0.92190 0.828 0.25005 9.0000 22.13 0.9446 0.9456 2.381676 
520.0881 37.479 86.520 0.05611 0.92272 0.829 0.24842 9.0000 21.87 0.9449 0.9460 2.383908 
519.6006 37.537 86.538 0.05586 0.92336 0.820 0.24658 9.0000 21.53 0.9453 0.9463 2.386144 
519.1131 37.590 86.557 0.05560 0.92408 0.819 0.24494 9.0000 21.43 0.9455 0.9466 2.388385 
518.6254 37.645 86.576 0.05534 0.92506 0.816 0.24328 9.0000 20.81 0.9458 0.9469 2.390631 
518.1377 37.699 86.591 0.05514 0.92560 0.816 0.24155 9.0000 20.71 0.9456 0.9468 2.392881 
517.6498 37.756 86.607 0.05491 0.92628 0.806 0.23975 9.0000 20.02 0.9458 0.9470 2.395137 
517.1618 37.807 86.626 0.05463 0.92669 0.806 0.23812 9.0000 19.78 0.9459 0.9470 2.397397 
516.6737 37.857 86.648 0.05433 0.92762 0.798 0.23660 9.0000 19.45 0.9460 0.9472 2.399661 
516.1855 37.913 86.663 0.05414 0.92839 0.800 0.23487 9.0000 19.10 0.9462 0.9474 2.401931 
515.6971 37.971 86.674 0.05400 0.92899 0.797 0.23300 9.0000 18.99 0.9465 0.9477 2.404206 
515.2087 38.025 86.687 0.05382 0.92963 0.790 0.23132 9.0000 18.90 0.9467 0.9479 2.406485 
514.7202 38.081 86.706 0.05355 0.93032 0.783 0.22953 9.0000 18.57 0.9470 0.9483 2.408769 
514.2314 38.134 86.727 0.05325 0.93116 0.779 0.22791 9.0000 18.23 0.9473 0.9485 2.411058 
513.7427 38.188 86.746 0.05296 0.93158 0.783 0.22615 9.0000 18.26 0.9475 0.9487 2.413352 
513.2538 38.245 86.765 0.05270 0.93242 0.777 0.22437 9.0000 17.74 0.9478 0.9491 2.415651 
512.7648 38.301 86.784 0.05242 0.93299 0.768 0.22258 9.0000 17.46 0.9477 0.9489 2.417955 
512.2757 38.356 86.804 0.05214 0.93357 0.768 0.22083 9.0000 17.33 0.9476 0.9489 2.420263 
511.7864 38.417 86.815 0.05199 0.93431 0.762 0.21891 9.0000 17.19 0.9477 0.9490 2.422577 
511.2971 38.476 86.828 0.05181 0.93481 0.759 0.21696 9.0000 17.04 0.9478 0.9491 2.424895 
510.8076 38.536 86.842 0.05161 0.93524 0.747 0.21500 9.0000 16.61 0.9479 0.9492 2.427219 
510.3181 38.585 86.854 0.05145 0.93600 0.755 0.21348 9.0000 16.19 0.9478 0.9491 2.429547 
509.8284 38.632 86.867 0.05126 0.93640 0.750 0.21197 9.0000 15.91 0.9473 0.9487 2.431881 
509.3386 38.678 86.887 0.05095 0.93670 0.743 0.21043 9.0000 15.79 0.9469 0.9483 2.434219 
508.8488 38.734 86.903 0.05072 0.93733 0.730 0.20866 9.0000 15.38 0.9469 0.9483 2.436563 
508.3587 38.792 86.916 0.05053 0.93793 0.733 0.20678 9.0000 15.50 0.9468 0.9481 2.438912 
507.8686 38.848 86.932 0.05030 0.93834 0.741 0.20496 9.0000 15.46 0.9466 0.9480 2.441265 
507.3784 38.906 86.941 0.05017 0.93865 0.743 0.20303 9.0000 15.12 0.9465 0.9479 2.443624 
506.8880 38.960 86.949 0.05004 0.93878 0.728 0.20121 9.0000 14.41 0.9460 0.9474 2.445988 
506.3976 39.015 86.956 0.04994 0.93920 0.724 0.19940 9.0000 14.17 0.9460 0.9474 2.448357 
505.9070 39.064 86.959 0.04991 0.93931 0.715 0.19773 9.0000 13.79 0.9455 0.9470 2.450731 
505.4163 39.122 86.973 0.04969 0.93977 0.714 0.19583 9.0000 13.63 0.9456 0.9470 2.453110 
504.9255 39.174 86.984 0.04955 0.94025 0.706 0.19416 9.0000 13.57 0.9456 0.9470 2.455495 
504.4346 39.227 86.991 0.04944 0.94059 0.706 0.19241 9.0000 13.43 0.9452 0.9466 2.457884 
503.9436 39.276 87.008 0.04917 0.94071 0.695 0.19076 9.0000 13.03 0.9444 0.9458 2.460279 
503.4525 39.325 87.017 0.04903 0.94082 0.689 0.18912 9.0000 12.88 0.9438 0.9452 2.462679 
502.9612 39.377 87.026 0.04890 0.94114 0.682 0.18739 9.0000 12.47 0.9435 0.9449 2.465085 
502.4698 39.426 87.036 0.04875 0.94143 0.678 0.18576 9.0000 12.60 0.9429 0.9443 2.467495 
501.9784 39.480 87.044 0.04862 0.94160 0.675 0.18395 9.0000 12.36 0.9427 0.9441 2.469911 
501.4868 39.532 87.061 0.04835 0.94172 0.665 0.18221 9.0000 12.19 0.9426 0.9440 2.472332 
500.9951 39.581 87.077 0.04810 0.94215 0.650 0.18062 9.0000 11.68 0.9421 0.9435 2.474759 
500.5033 39.627 87.090 0.04792 0.94255 0.631 0.17911 9.0000 10.97 0.9419 0.9433 2.477190 
500.0114 39.680 87.099 0.04777 0.94274 0.624 0.17735 9.0000 10.92 0.9417 0.9431 2.479627 
499.5193 39.728 87.110 0.04760 0.94297 0.631 0.17573 9.0000 11.06 0.9414 0.9428 2.482070 
499.0272 39.781 87.119 0.04746 0.94307 0.624 0.17396 9.0000 10.52 0.9409 0.9424 2.484518 
498.5349 39.831 87.134 0.04721 0.94319 0.611 0.17227 9.0000 10.06 0.9404 0.9418 2.486971 
498.0426 39.882 87.146 0.04703 0.94348 0.604 0.17060 9.0000 9.77 0.9402 0.9416 2.489429 
497.5501 39.932 87.158 0.04685 0.94376 0.589 0.16893 9.0000 9.37 0.9395 0.9409 2.491894 
497.0575 39.987 87.171 0.04664 0.94394 0.594 0.16710 9.0000 9.38 0.9392 0.9406 2.494363 
496.5648 40.040 87.186 0.04642 0.94421 0.585 0.16533 9.0000 8.88 0.9392 0.9406 2.496838 
496.0720 40.087 87.197 0.04625 0.94460 0.580 0.16379 9.0000 8.77 0.9388 0.9402 2.499318 
495.5790 40.136 87.208 0.04608 0.94473 0.573 0.16216 9.0000 8.30 0.9383 0.9397 2.501805 
495.0860 40.189 87.208 0.04611 0.94531 0.556 0.16046 9.0000 7.92 0.9382 0.9396 2.504296 
494.5928 40.235 87.218 0.04596 0.94567 0.553 0.15895 9.0000 8.02 0.9371 0.9385 2.506793 
494.0995 40.290 87.235 0.04568 0.94584 0.542 0.15709 9.0000 7.77 0.9370 0.9383 2.509296 
493.6062 40.345 87.237 0.04565 0.94595 0.527 0.15525 9.0000 7.52 0.9366 0.9380 2.511804 
493.1127 40.398 87.248 0.04548 0.94614 0.508 0.15350 9.0000 7.03 0.9361 0.9375 2.514318 
492.6190 40.445 87.258 0.04536 0.94710 0.498 0.15203 9.0000 6.92 0.9360 0.9374 2.516837 
492.1253 40.494 87.267 0.04525 0.94782 0.488 0.15049 9.0000 6.94 0.9358 0.9371 2.519362 
491.6315 40.544 87.282 0.04502 0.94812 0.464 0.14884 9.0000 6.64 0.9355 0.9369 2.521893 
491.1375 40.592 87.292 0.04486 0.94861 0.435 0.14727 9.0000 6.39 0.9351 0.9364 2.524429 
490.6435 40.641 87.310 0.04458 0.94891 0.423 0.14568 9.0000 6.03 0.9347 0.9360 2.526971 
490.1493 40.691 87.327 0.04432 0.94921 0.419 0.14402 9.0000 5.84 0.9341 0.9355 2.529519 
489.6550 40.734 87.346 0.04402 0.94967 0.405 0.14261 9.0000 5.75 0.9337 0.9350 2.532072 
489.1606 40.781 87.362 0.04378 0.95005 0.404 0.14110 9.0000 5.70 0.9331 0.9344 2.534631 
488.6661 40.827 87.370 0.04367 0.95070 0.394 0.13962 9.0000 5.40 0.9327 0.9340 2.537196 
488.1714 40.880 87.382 0.04352 0.95172 0.382 0.13798 9.0000 5.29 0.9327 0.9340 2.539768 
487.6767 40.926 87.391 0.04339 0.95235 0.382 0.13648 9.0000 5.26 0.9323 0.9336 2.542344 
487.1818 40.979 87.405 0.04320 0.95297 0.370 0.13478 9.0000 5.10 0.9320 0.9333 2.544927 
486.6869 41.025 87.419 0.04300 0.95392 0.358 0.13335 9.0000 4.91 0.9316 0.9329 2.547514 
486.1918 41.075 87.432 0.04282 0.95457 0.343 0.13172 9.0000 4.62 0.9310 0.9323 2.550109 
485.6966 41.120 87.441 0.04268 0.95489 0.346 0.13026 9.0000 4.56 0.9305 0.9317 2.552709 
485.2013 41.169 87.453 0.04252 0.95581 0.336 0.12870 9.0000 4.57 0.9303 0.9315 2.555314 
484.7058 41.215 87.469 0.04228 0.95657 0.323 0.12724 9.0000 4.41 0.9299 0.9311 2.557927 
484.2103 41.255 87.487 0.04201 0.95729 0.301 0.12599 9.0000 4.11 0.9294 0.9306 2.560544 
483.7146 41.296 87.505 0.04175 0.95823 0.287 0.12470 9.0000 4.06 0.9291 0.9303 2.563168 
483.2189 41.340 87.523 0.04150 0.95924 0.273 0.12334 9.0000 4.10 0.9287 0.9299 2.565798 
482.7230 41.383 87.538 0.04129 0.96034 0.260 0.12202 9.0000 4.05 0.9284 0.9296 2.568433 
482.2270 41.426 87.554 0.04106 0.96099 0.249 0.12063 9.0000 4.05 0.9278 0.9290 2.571075 
481.7309 41.468 87.571 0.04080 0.96180 0.229 0.11929 9.0000 3.88 0.9271 0.9283 2.573723 
481.2346 41.501 87.594 0.04045 0.96282 0.220 0.11829 9.0000 3.95 0.9263 0.9275 2.576377 
480.7383 41.536 87.616 0.04013 0.96390 0.203 0.11722 9.0000 3.72 0.9258 0.9270 2.579037 
480.2419 41.578 87.635 0.03986 0.96502 0.194 0.11591 9.0000 3.63 0.9253 0.9265 2.581703 
479.7453 41.615 87.649 0.03965 0.96573 0.185 0.11476 9.0000 3.62 0.9247 0.9259 2.584375 
479.2486 41.652 87.668 0.03935 0.96651 0.176 0.11357 9.0000 3.54 0.9239 0.9251 2.587054 
478.7518 41.685 87.694 0.03897 0.96758 0.168 0.11256 9.0000 3.43 0.9232 0.9243 2.589738 
478.2549 41.730 87.718 0.03859 0.96834 0.163 0.11111 9.0000 3.39 0.9221 0.9232 2.592429 
477.7579 41.769 87.739 0.03827 0.96931 0.158 0.10986 9.0000 3.42 0.9213 0.9225 2.595126 
477.2608 41.806 87.761 0.03794 0.97040 0.153 0.10873 9.0000 3.28 0.9208 0.9219 2.597829 
476.7635 41.841 87.784 0.03758 0.97112 0.147 0.10760 9.0000 3.23 0.9200 0.9211 2.600539 
476.2662 41.876 87.803 0.03730 0.97236 0.141 0.10654 9.0000 3.20 0.9195 0.9207 2.603254 
475.7687 41.917 87.821 0.03705 0.97359 0.134 0.10527 9.0000 3.08 0.9193 0.9204 2.605976 
475.2711 41.962 87.847 0.03663 0.97433 0.130 0.10379 9.0000 3.18 0.9186 0.9198 2.608705 
474.7734 42.004 87.878 0.03613 0.97524 0.122 0.10243 9.0000 3.11 0.9181 0.9193 2.611439 
474.2756 42.046 87.910 0.03562 0.97619 0.116 0.10107 9.0000 3.04 0.9175 0.9187 2.614180 
473.7776 42.089 87.938 0.03517 0.97664 0.108 0.09966 9.0000 3.02 0.9166 0.9178 2.616928 
473.2796 42.131 87.970 0.03464 0.97706 0.101 0.09822 9.0000 2.94 0.9157 0.9169 2.619682 
472.7814 42.180 87.995 0.03423 0.97785 0.094 0.09663 9.0000 2.85 0.9151 0.9163 2.622442 
472.2831 42.233 88.019 0.03381 0.97766 0.087 0.09478 9.0000 2.83 0.9141 0.9152 2.625209 
471.7848 42.294 88.053 0.03325 0.97795 0.084 0.09270 9.0000 2.87 0.9137 0.9149 2.627982 
471.2863 42.350 88.079 0.03282 0.97862 0.079 0.09085 9.0000 2.80 0.9130 0.9142 2.630762 
470.7876 42.408 88.108 0.03232 0.97873 0.075 0.08884 9.0000 2.77 0.9122 0.9134 2.633548 
470.2889 42.464 88.144 0.03172 0.97890 0.073 0.08693 9.0000 2.74 0.9113 0.9125 2.636341 
469.7900 42.526 88.179 0.03113 0.97921 0.069 0.08482 9.0000 2.67 0.9105 0.9116 2.639141 
469.2911 42.589 88.221 0.03040 0.97893 0.068 0.08261 9.0000 2.69 0.9095 0.9106 2.641946 
468.7920 42.670 88.265 0.02965 0.97866 0.066 0.07982 9.0000 2.68 0.9093 0.9104 2.644759 
468.2928 42.749 88.293 0.02916 0.97867 0.063 0.07708 9.0000 2.65 0.9088 0.9099 2.647578 
467.7935 42.828 88.329 0.02854 0.97834 0.062 0.07434 9.0000 2.63 0.9083 0.9094 2.650404 
467.2941 42.911 88.374 0.02775 0.97772 0.061 0.07145 9.0000 2.54 0.9083 0.9095 2.653237 
466.7945 42.999 88.426 0.02685 0.97716 0.059 0.06838 9.0000 2.54 0.9085 0.9097 2.656077 
466.2949 43.075 88.474 0.02602 0.97698 0.055 0.06576 9.0000 2.56 0.9086 0.9098 2.658922 
465.7951 43.164 88.525 0.02514 0.97656 0.051 0.06270 9.0000 2.49 0.9091 0.9102 2.661775 
465.2952 43.243 88.579 0.02422 0.97607 0.047 0.05995 9.0000 2.41 0.9083 0.9094 2.664635 
464.7952 43.328 88.636 0.02323 0.97572 0.044 0.05704 9.0000 2.44 0.9082 0.9094 2.667502 
464.2951 43.411 88.685 0.02238 0.97499 0.041 0.05415 9.0000 2.43 0.9075 0.9086 2.670375 
463.7949 43.507 88.733 0.02153 0.97346 0.038 0.05080 9.0000 2.42 0.9070 0.9081 2.673255 
463.2946 43.588 88.791 0.02053 0.97278 0.034 0.04800 9.0000 2.33 0.9068 0.9079 2.676142 
462.7941 43.688 88.832 0.01981 0.97153 0.031 0.04453 9.0000 2.27 0.9075 0.9086 2.679036 
462.2935 43.790 88.882 0.01893 0.96994 0.030 0.04101 9.0000 2.31 0.9073 0.9084 2.681937 
461.7928 43.889 88.935 0.01801 0.96849 0.029 0.03760 9.0000 2.32 0.9074 0.9085 2.684845 
461.2921 43.987 88.995 0.01697 0.96772 0.027 0.03425 9.0000 2.32 0.9080 0.9090 2.687759 
460.7911 44.083 89.047 0.01607 0.96606 0.026 0.03093 9.0000 2.26 0.9081 0.9092 2.690681 
460.2901 44.184 89.094 0.01525 0.96489 0.026 0.02751 9.0000 2.22 0.9082 0.9093 2.693610 
459.7889 44.288 89.152 0.01427 0.96395 0.026 0.02396 9.0000 2.16 0.9082 0.9093 2.696546 
459.2877 44.398 89.216 0.01318 0.96291 0.025 0.02024 9.0000 2.15 0.9087 0.9098 2.699489 
458.7863 44.508 89.276 0.01216 0.96189 0.024 0.01652 9.0000 2.09 0.9093 0.9104 2.702439 
458.2848 44.613 89.328 0.01126 0.96062 0.024 0.01298 9.0000 2.09 0.9096 0.9107 2.705396 
457.7832 44.727 89.385 0.01030 0.95906 0.024 0.00913 9.0000 2.10 0.9096 0.9107 2.708360 
457.2815 44.853 89.455 0.00911 0.95738 0.022 0.00492 9.0000 2.05 0.9100 0.9111 2.711332 
456.7796 44.973 89.509 0.00819 0.95609 0.022 0.00090 9.0000 2.05 0.9112 0.9123 2.714311 
456.2777 45.091 89.590 0.00684 0.95540 0.021 -0.00303 9.0000 2.04 0.9127 0.9138 2.717297 
455.7756 45.219 89.671 0.00548 0.95301 0.020 -0.00728 9.0000 1.96 0.9134 0.9144 2.720290 
455.2734 45.344 89.747 0.00421 0.95108 0.020 -0.01142 9.0000 2.01 0.9140 0.9151 2.723291 
454.7711 45.465 89.803 0.00327 0.95009 0.020 -0.01543 9.0000 1.99 0.9153 0.9164 2.726299 
454.2687 45.595 89.854 0.00242 0.94928 0.020 -0.01970 9.0000 1.93 0.9170 0.9181 2.729314 
453.7662 45.700 89.913 0.00144 0.94882 0.021 -0.02320 9.0000 1.96 0.9181 0.9192 2.732336 
453.2635 45.807 89.974 0.00044 0.94795 0.021 -0.02670 9.0000 1.95 0.9187 0.9197 2.735367 
452.7608 45.910 90.033 -0.00054 0.94750 0.022 -0.03010 9.0000 1.92 0.9196 0.9207 2.738404 
452.2579 46.014 90.093 -0.00153 0.94694 0.023 -0.03352 9.0000 1.90 0.9205 0.9215 2.741449 
451.7549 46.115 90.151 -0.00250 0.94651 0.025 -0.03685 9.0000 1.93 0.9213 0.9224 2.744501 
451.2518 46.216 90.211 -0.00348 0.94607 0.026 -0.04019 9.0000 1.86 0.9222 0.9233 2.747561 
450.7485 46.316 90.270 -0.00446 0.94595 0.028 -0.04349 9.0000 1.86 0.9233 0.9245 2.750629 
450.2452 46.415 90.329 -0.00543 0.94547 0.029 -0.04674 9.0000 1.86 0.9240 0.9251 2.753704 
449.7417 46.514 90.389 -0.00641 0.94520 0.030 -0.04999 9.0000 1.80 0.9249 0.9260 2.756787 
449.2382 46.609 90.447 -0.00737 0.94509 0.031 -0.05314 9.0000 1.75 0.9259 0.9270 2.759876 
448.7345 46.706 90.506 -0.00835 0.94488 0.032 -0.05633 9.0000 1.76 0.9267 0.9279 2.762974 
448.2307 46.800 90.564 -0.00931 0.94482 0.033 -0.05944 9.0000 1.72 0.9276 0.9289 2.766080 
447.7267 46.893 90.623 -0.01027 0.94503 0.035 -0.06253 9.0000 1.73 0.9289 0.9301 2.769193 
447.2227 46.985 90.681 -0.01123 0.94514 0.036 -0.06559 9.0000 1.71 0.9299 0.9312 2.772314 
446.7186 47.077 90.740 -0.01220 0.94495 0.038 -0.06863 9.0000 1.62 0.9305 0.9318 2.775443 
446.2143 47.166 90.797 -0.01315 0.94521 0.041 -0.07163 9.0000 1.63 0.9316 0.9330 2.778580 
445.7099 47.255 90.855 -0.01411 0.94548 0.044 -0.07460 9.0000 1.63 0.9327 0.9340 2.781724 
445.2054 47.343 90.913 -0.01507 0.94581 0.048 -0.07754 9.0000 1.62 0.9338 0.9352 2.784876 
444.7008 47.430 90.970 -0.01602 0.94613 0.052 -0.08045 9.0000 1.65 0.9348 0.9362 2.788036 
444.1960 47.515 91.027 -0.01698 0.94652 0.056 -0.08331 9.0000 1.59 0.9358 0.9373 2.791204 
443.6912 47.599 91.085 -0.01793 0.94691 0.060 -0.08616 9.0000 1.57 0.9368 0.9383 2.794380 
443.1862 47.682 91.142 -0.01888 0.94740 0.065 -0.08898 9.0000 1.54 0.9378 0.9394 2.797564 
442.6812 47.763 91.198 -0.01982 0.94809 0.069 -0.09175 9.0000 1.51 0.9391 0.9407 2.800756 
442.1759 47.844 91.255 -0.02078 0.94864 0.077 -0.09452 9.0000 1.49 0.9401 0.9417 2.803956 
441.6706 47.924 91.311 -0.02172 0.94919 0.081 -0.09723 9.0000 1.46 0.9410 0.9427 2.807164 
441.1652 48.002 91.367 -0.02267 0.94995 0.083 -0.09994 9.0000 1.40 0.9422 0.9439 2.810380 
440.6596 48.079 91.423 -0.02361 0.95070 0.089 -0.10260 9.0000 1.42 0.9432 0.9451 2.813605 
440.1540 48.156 91.479 -0.02456 0.95132 0.092 -0.10526 9.0000 1.36 0.9441 0.9459 2.816837 
439.6482 48.156 91.479 -0.02456 0.95132 0.094 -0.10526 9.0000 1.36 0.9441 0.9459 2.820077 

# MINIMA:
439.6482 0.998 0.784 -18.28670 -11.33642 -2670.319 -15.31011 9.0000 1.36 0.5103 0.5372 1.240099 

# MAXIMA:
999.7925 80.085 357.034 35.62404 28.54322 212.506 67.35754 9.0000 60.14 2.7197769763562455E18 1.33197125572970414E19 2.820077 

# PEAKS:

# END SPECTRUM

