## SPECTRUM TYPE:
LCE

## DATE:
25/08/2026

## COMMENTS:

## NUMBER OF SPECTRUM:
1

## ELLIPSOMETRIC CONFIGURATION:
0.00 ø :Modulator
+45.00 øAnalyser

## UNIT:
nm


# SPECTRUM:
1

# CAPTION:


# START TIME:
10:54:21

# END TIME:
10:54:21

# THETA ANGLE:
0.00 ø

# INCIDENCE ANGLE:
69.95 ø

# ACCUMULATION NUMBER:
25

# ELLIPSOMETRIC CONFIGURATION:
0.00 ø :Modulator
+45.00 øAnalyser

# INTEGRATION TIME:
9 ms

# FIRST POINT:
999.79 nm

# LAST POINT:
439.65 nm

# INCREMENT:
0.00 nm

# NUMBER OF POINTS:
1273

# DATA:
nm Psi Delta Ic Is Reflectance IcPrim IntegrationTime IntensityMax Polarization PolarizationGen eV 
999.7925 1.256 213.655 -2.46069 -1.63828 0.000 67.35753 9.0000 4.50 2.72012029886201856E18 1.42521259054417838E19 1.240099 
999.4089 1.256 213.655 -2.46069 -1.63828 0.630 67.35753 9.0000 4.55 2.52991468286142054E18 1.32555417601651507E19 1.240575 
999.0253 1.256 213.655 -2.46069 -1.63828 0.379 67.35754 9.0000 4.63 2.41172927750340608E18 1.2636304507983102E19 1.241052 
998.6415 1.256 213.655 -2.46069 -1.63828 0.681 67.35754 9.0000 4.66 2.27692337950202266E18 1.19299870343928218E19 1.241529 
998.2578 1.256 213.655 -2.46069 -1.63828 0.156 67.35753 9.0000 4.67 2.12365118371214131E18 1.11269147365815091E19 1.242006 
997.8739 1.256 213.655 -2.46069 -1.63828 0.422 67.35753 9.0000 4.71 1.95006578547700531E18 1.02174097132014797E19 1.242484 
997.4900 1.256 213.655 -2.46069 -1.63828 -0.022 67.35753 9.0000 4.67 1.75432055501776486E18 9.19179846095156019E18 1.242962 
997.1060 1.256 213.655 -2.46069 -1.63828 -0.005 67.35753 9.0000 4.79 1.5345687251166167E18 8.04040472775150797E18 1.243440 
996.7219 1.256 213.655 -2.46069 -1.63828 -2.400 67.35753 9.0000 4.80 1.28896380343366451E18 6.7535533610327081E18 1.243920 
996.3377 1.256 213.655 -2.46069 -1.63828 -0.935 67.35754 9.0000 4.84 1.01565922890953523E18 5.321567558959104E18 1.244399 
995.9535 1.256 213.655 -2.46069 -1.63828 -0.344 67.35754 9.0000 4.79 716501425164648448.0000 3.75412412336675226E18 1.244879 
995.5692 1.256 213.655 -2.46069 -1.63828 0.713 67.35753 9.0000 4.92 393337125057069056.0000 2.0608980693853143E18 1.245360 
995.1848 1.256 213.655 -2.46069 -1.63828 -0.477 67.35753 9.0000 4.98 51706286642823168.0000 270916177570562048.0000 1.245841 
994.8003 1.256 213.655 -2.46069 -1.63828 0.014 67.35754 9.0000 5.03 295464509827448832.0000 1.54809244326035456E18 1.246322 
994.4158 1.256 213.655 -2.46069 -1.63828 0.008 67.35753 9.0000 4.98 629708726047080448.0000 3.29937188655464448E18 1.246804 
994.0311 27.929 136.090 -0.24869 0.23940 0.008 0.23408 9.0000 5.03 0.5407 0.6491 1.247287 
993.6464 27.790 125.485 -0.20640 0.28952 0.402 0.24365 9.0000 5.10 0.5436 0.6877 1.247770 
993.2617 40.415 111.008 -0.13065 0.34022 0.735 0.05884 9.0000 5.11 0.5332 0.7218 1.248253 
992.8768 52.592 103.784 -0.09498 0.38714 -0.218 -0.10818 9.0000 5.15 0.5463 0.7504 1.248737 
992.4919 58.311 59.437 0.10654 0.18041 0.179 -0.10502 9.0000 5.12 0.5750 0.7526 1.249221 
992.1069 36.508 96.707 -0.03762 0.31992 -5.467 0.09838 9.0000 5.18 0.5697 0.6711 1.249706 
991.7218 18.625 89.053 0.00554 0.33535 -0.619 0.44109 9.0000 5.28 0.6555 0.6921 1.250191 
991.3367 17.507 72.355 0.10208 0.32091 0.220 0.48069 9.0000 5.36 0.6824 0.7263 1.250677 
990.9514 18.784 64.841 0.18885 0.40208 0.826 0.57749 9.0000 5.35 0.8027 0.8536 1.251163 
990.5661 10.159 72.867 0.08551 0.27738 7.906 0.78395 9.0000 5.31 0.8306 0.8660 1.251650 
990.1807 9.539 50.646 0.17809 0.21716 -13.908 0.81208 9.0000 5.36 0.7657 0.8182 1.252137 
989.7953 4.779 66.479 0.05714 0.13128 -0.303 0.85027 9.0000 5.45 0.7331 0.7968 1.252625 
989.4097 6.863 90.899 -0.00370 0.23601 -1.277 0.96644 9.0000 5.54 0.7496 0.8243 1.253113 
989.0241 8.985 107.251 -0.09328 0.30039 0.803 0.96983 9.0000 5.49 0.7674 0.8552 1.253601 
988.6384 17.084 117.740 -0.21346 0.40588 1.093 0.67562 9.0000 5.51 0.7197 0.7966 1.254090 
988.2526 13.845 94.121 -0.03206 0.44495 17.587 0.85008 9.0000 5.65 0.7358 0.8216 1.254580 
987.8668 15.456 87.343 0.02286 0.49269 0.697 0.82369 9.0000 5.56 0.7350 0.8291 1.255070 
987.4809 10.737 89.689 0.00225 0.41436 -2649.400 1.05335 9.0000 5.65 0.7464 0.7979 1.255560 
987.0949 10.450 92.241 -0.01663 0.42482 0.895 1.11337 9.0000 5.65 0.7185 0.7374 1.256051 
986.7088 7.985 88.599 0.00695 0.28413 0.717 0.99313 9.0000 5.73 0.7248 0.7404 1.256543 
986.3226 6.260 118.761 -0.09944 0.18116 -1.475 0.93062 9.0000 5.72 0.7755 0.7867 1.257035 
985.9364 9.037 96.144 -0.03064 0.28457 -5.419 0.87701 9.0000 5.83 0.8421 0.8688 1.257527 
985.5501 9.970 86.815 0.01684 0.30259 52.130 0.83537 9.0000 5.74 0.9192 0.9854 1.258020 
985.1638 15.675 83.391 0.04839 0.41769 -1.467 0.69022 9.0000 5.87 0.9598 1.0612 1.258513 
984.7773 19.897 81.490 0.07616 0.50899 0.683 0.61782 9.0000 5.87 0.9928 1.0907 1.259007 
984.3907 20.847 74.499 0.17022 0.61376 -0.471 0.71501 9.0000 6.02 1.0002 1.0850 1.259502 
984.0041 16.224 69.768 0.15284 0.41470 -0.444 0.69515 9.0000 6.01 0.8540 0.9291 1.259997 
983.6174 6.601 45.871 0.11780 0.12144 0.443 0.72117 9.0000 6.12 0.6802 0.7679 1.260492 
983.2307 7.311 77.836 0.04175 0.19370 0.444 0.75958 9.0000 6.18 0.6401 0.7252 1.260988 
982.8438 5.083 231.620 -0.09359 -0.11816 0.319 0.84062 9.0000 6.20 0.7306 0.7995 1.261484 
982.4569 10.471 130.155 -0.17857 0.21165 0.355 0.72361 9.0000 6.20 0.7827 0.9420 1.261981 
982.0699 15.762 104.622 -0.08825 0.33825 -1.718 0.56993 9.0000 6.29 0.7349 0.8711 1.262478 
981.6828 25.263 98.981 -0.06903 0.43676 -0.008 0.36418 9.0000 6.35 0.7179 0.8169 1.262976 
981.2957 27.805 109.997 -0.19584 0.53815 -0.004 0.39199 9.0000 6.36 0.7427 0.8681 1.263474 
980.9084 35.535 84.436 0.04916 0.50458 0.003 0.17386 9.0000 6.36 0.6665 0.7969 1.263973 
980.5211 46.138 26.895 0.97085 0.49243 0.005 -0.04325 9.0000 6.40 0.7623 0.8851 1.264472 
980.1337 40.750 67.813 0.24421 0.59881 -0.001 0.09664 9.0000 6.49 0.5741 0.7065 1.264972 
979.7463 32.484 78.545 0.10662 0.52616 -0.001 0.25069 9.0000 6.38 0.6000 0.7683 1.265472 
979.3587 38.971 127.487 -0.53145 0.69292 5.255 0.18653 9.0000 6.56 0.6517 0.8393 1.265973 
978.9711 39.448 159.446 -1.74371 0.65382 3.668 0.36548 9.0000 6.54 0.7832 0.9647 1.266474 
978.5834 38.684 162.604 -1.56736 0.49106 1.111 0.36809 9.0000 6.54 0.9522 1.1046 1.266976 
978.1956 35.736 163.227 -1.43475 0.43245 4.632 0.50220 9.0000 6.60 1.1190 1.2659 1.267478 
977.8077 32.685 164.028 -1.17491 0.33628 -1.929 0.56030 9.0000 6.67 1.2251 1.3690 1.267981 
977.4199 28.839 167.235 -0.94031 0.21304 2.133 0.61002 9.0000 6.69 1.2938 1.4311 1.268484 
977.0319 19.413 165.809 -0.46254 0.11697 1.552 0.59282 9.0000 6.77 1.0099 1.1919 1.268988 
976.6437 6.246 106.107 -0.03832 0.13271 0.844 0.62350 9.0000 6.73 0.7930 1.0165 1.269493 
976.2556 12.843 170.652 -0.32628 0.05371 -5.304 0.68754 9.0000 6.79 0.9465 1.1189 1.269997 
975.8674 7.355 107.354 -0.06744 0.21580 0.775 0.86118 9.0000 6.89 0.9581 1.0496 1.270502 
975.4790 9.073 103.650 -0.06225 0.25633 0.595 0.80489 9.0000 7.01 0.9701 1.0309 1.271008 
975.0906 15.029 109.181 -0.13033 0.37467 -1.080 0.68550 9.0000 6.96 0.9633 1.0145 1.271515 
974.7021 14.249 108.715 -0.11622 0.34307 -12.210 0.66716 9.0000 7.08 0.9262 0.9871 1.272021 
974.3136 14.712 109.118 -0.12312 0.35518 0.731 0.66648 9.0000 7.05 0.8399 0.8915 1.272529 
973.9250 15.094 106.915 -0.10097 0.33203 0.018 0.59656 9.0000 7.08 0.7203 0.7651 1.273036 
973.5363 19.483 100.038 -0.07522 0.42493 0.036 0.53357 9.0000 7.15 0.6668 0.7186 1.273545 
973.1475 17.487 111.349 -0.09393 0.24031 -3.476 0.36885 9.0000 7.10 0.5333 0.5493 1.274053 
972.7586 17.123 107.550 -0.06608 0.20896 -1.763 0.32193 9.0000 7.24 0.5271 0.5530 1.274563 
972.3697 19.199 123.911 -0.08341 0.12408 -0.675 0.18865 9.0000 7.35 0.5117 0.5362 1.275073 
971.9807 42.661 135.339 -0.10818 0.10691 -0.309 0.01244 9.0000 7.32 0.5085 0.5354 1.275583 
971.5916 60.052 118.203 -0.11280 0.21036 -0.519 -0.13839 9.0000 7.37 0.5599 0.5837 1.276094 
971.2024 68.883 108.602 -0.08232 0.24458 0.311 -0.28425 9.0000 7.54 0.6826 0.7078 1.276605 
970.8131 79.029 106.437 -0.05765 0.19541 0.038 -0.50573 9.0000 7.46 0.7838 0.8032 1.277117 
970.4238 81.325 100.436 -0.03110 0.16886 0.012 -0.54959 9.0000 7.48 0.8138 0.8381 1.277629 
970.0344 69.388 20.184 0.61681 0.22674 0.008 -0.75002 9.0000 7.69 0.9465 1.0208 1.278142 
969.6449 60.291 107.024 -0.09445 0.30846 0.006 -0.19064 9.0000 7.66 0.8638 0.8971 1.278656 
969.2553 39.312 146.342 -0.55855 0.37191 0.002 0.13501 9.0000 7.63 1.1038 1.1843 1.279170 
968.8657 33.082 154.951 -0.89891 0.42010 -1.728 0.43839 9.0000 7.66 1.3703 1.5071 1.279684 
968.4760 32.376 159.988 -1.13821 0.41455 0.810 0.57126 9.0000 7.82 1.5611 1.7247 1.280199 
968.0861 30.767 160.590 -1.27827 0.45039 0.245 0.73482 9.0000 8.01 1.6452 1.8178 1.280714 
967.6962 27.776 158.629 -1.20139 0.47012 -0.535 0.88492 9.0000 7.97 1.6482 1.8364 1.281230 
967.3063 28.780 155.241 -1.00063 0.46149 0.789 0.70037 9.0000 8.01 1.5327 1.6314 1.281747 
966.9163 26.630 150.566 -0.69644 0.39296 0.874 0.59692 9.0000 8.14 1.1792 1.2483 1.282264 
966.5261 17.596 123.679 -0.21291 0.31950 -3.770 0.54443 9.0000 8.03 0.9352 1.0288 1.282782 
966.1359 31.342 16.947 0.98876 0.30130 0.779 0.53389 9.0000 7.93 0.7650 0.9864 1.283300 
965.7457 16.783 33.261 0.63638 0.41741 -0.517 1.14693 9.0000 7.97 0.7608 0.9549 1.283818 
965.3553 33.693 358.873 3.29776 -0.06486 0.797 1.37400 9.0000 8.20 0.7354 0.9805 1.284337 
964.9649 37.844 157.418 -3.89335 1.61919 7.103 1.07581 9.0000 8.26 0.9253 1.2500 1.284857 
964.5743 27.648 146.567 -1.78134 1.17604 1.285 1.47819 9.0000 8.16 1.1428 1.5380 1.285377 
964.1838 22.252 146.646 -1.66790 1.09786 -0.245 2.03168 9.0000 8.20 1.1880 1.6523 1.285898 
963.7931 16.545 154.837 -5.38489 2.52968 0.823 9.12971 9.0000 8.33 1.0208 1.4997 1.286419 
963.4023 80.499 20.300 0.56837 0.21024 0.086 -1.75970 9.0000 8.44 0.7456 1.1884 1.286941 
963.0115 65.894 71.133 0.19959 0.58406 0.784 -0.55163 9.0000 8.52 0.6641 1.0652 1.287463 
962.6207 26.386 113.848 -0.11658 0.26373 0.986 0.21909 9.0000 8.61 0.6608 0.8391 1.287986 
962.2297 18.916 141.948 -0.26679 0.20883 0.928 0.43629 9.0000 8.67 0.6846 0.7751 1.288509 
961.8386 10.316 121.412 -0.14619 0.23938 0.927 0.74495 9.0000 8.73 0.8329 1.0643 1.289033 
961.4474 8.898 188.430 -0.22092 -0.03274 0.828 0.69577 9.0000 8.83 0.7751 1.0105 1.289558 
961.0562 10.141 206.809 -0.24542 -0.12402 1.112 0.74411 9.0000 8.69 0.8290 1.1252 1.290083 
960.6649 12.436 221.062 -0.26399 -0.22999 0.013 0.75521 9.0000 8.89 0.7510 0.9907 1.290608 
960.2736 16.885 242.655 -0.23358 -0.45169 0.016 0.76049 9.0000 8.82 0.6567 0.7982 1.291134 
959.8821 8.658 208.343 -0.18750 -0.10114 0.644 0.68331 9.0000 8.83 0.6024 0.6584 1.291661 
959.4905 14.005 116.484 -0.14716 0.29537 1.176 0.62040 9.0000 8.86 0.6000 0.6461 1.292188 
959.0989 31.626 89.861 0.00156 0.64206 0.787 0.32360 9.0000 9.07 0.5653 0.7322 1.292715 
958.7073 18.303 101.819 -0.04544 0.21717 1.483 0.29869 9.0000 9.08 0.5302 0.6777 1.293243 
958.3155 26.958 109.548 -0.14196 0.39983 -14.293 0.30920 9.0000 8.93 0.5383 0.5788 1.293772 
957.9236 24.812 109.884 -0.14608 0.40389 0.869 0.36522 9.0000 8.92 0.5719 0.5886 1.294301 
957.5317 17.799 114.543 -0.12479 0.27328 -105.447 0.41967 9.0000 8.98 0.6114 0.6310 1.294831 
957.1396 10.731 112.682 -0.08209 0.19640 1.024 0.54143 9.0000 8.92 0.7178 0.7599 1.295362 
956.7476 7.133 115.178 -0.07068 0.15035 -2.615 0.65341 9.0000 9.19 0.7431 0.7998 1.295892 
956.3554 1.491 150.515 -0.03530 0.01996 1.073 0.77847 9.0000 9.53 0.7488 0.8266 1.296424 
955.9632 7.848 148.058 -0.19491 0.12152 -0.007 0.81739 9.0000 9.59 0.8046 0.8831 1.296956 
955.5709 4.608 72.585 0.04499 0.14344 -0.005 0.92650 9.0000 9.43 0.8675 0.9438 1.297488 
955.1784 6.746 29.467 0.16808 0.09496 -0.006 0.80454 9.0000 9.45 0.7207 0.8129 1.298021 
954.7859 12.584 17.316 0.27504 0.08575 0.857 0.61315 9.0000 9.59 0.6215 0.7635 1.298555 
954.3934 21.168 25.429 0.33518 0.15936 8.155 0.40737 9.0000 9.45 0.5934 0.7760 1.299089 
954.0007 30.659 30.568 0.32477 0.19182 1.004 0.20635 9.0000 9.46 0.5944 0.7967 1.299624 
953.6080 27.108 62.598 0.15905 0.30681 1.036 0.24910 9.0000 9.60 0.6508 0.8442 1.300159 
953.2152 41.928 76.367 0.09218 0.38006 -0.995 0.04210 9.0000 9.78 0.5860 0.7304 1.300695 
952.8223 37.816 71.562 0.10071 0.30206 0.799 0.08157 9.0000 9.71 0.5409 0.6353 1.301231 
952.4293 27.471 75.056 0.07079 0.26525 0.983 0.19265 9.0000 9.83 0.5464 0.6070 1.301768 
952.0363 21.851 98.465 -0.04399 0.29556 1.341 0.31266 9.0000 9.77 0.6211 1.2165 1.302305 
951.6432 17.433 51.873 0.24661 0.31422 0.917 0.57330 9.0000 10.04 0.7260 0.7964 1.302843 
951.2499 17.612 56.444 0.20830 0.31405 4.174 0.53374 9.0000 9.78 0.6476 1.0168 1.303382 
950.8567 63.024 297.941 3.03086 -5.71441 2.851 -4.70778 9.0000 9.84 1.2280 3.2167 1.303921 
950.4633 13.282 78.365 0.09601 0.46628 0.874 0.95218 9.0000 9.94 0.7952 1.5304 1.304461 
950.0699 18.155 99.229 -0.15302 0.94173 -0.172 1.29833 9.0000 10.04 1.9638 4.2202 1.305001 
949.6763 21.796 100.444 -0.19727 1.07018 -0.086 1.14302 9.0000 10.11 2.7798 6.3000 1.305542 
949.2827 24.464 99.528 -0.21106 1.25743 -0.061 1.11121 9.0000 10.21 3.0039 7.4174 1.306083 
948.8890 26.311 100.818 -0.23202 1.21416 -0.120 0.94435 9.0000 10.45 3.1175 7.8258 1.306625 
948.4953 26.128 98.282 -0.17532 1.20448 0.003 0.94226 9.0000 10.39 2.8435 7.3979 1.307167 
948.1014 31.489 53.279 0.79637 1.06758 0.270 0.67926 9.0000 10.45 2.5902 6.2797 1.307710 
947.7075 24.641 95.323 -0.13855 1.48694 0.578 1.28532 9.0000 10.43 1.6485 4.1237 1.308254 
947.3135 17.818 149.837 -0.88442 0.51399 1.740 1.42692 9.0000 10.07 1.6769 2.2835 1.308798 
946.9194 20.592 198.474 -1.54966 -0.51773 0.316 1.86738 9.0000 10.18 2.1366 3.6649 1.309343 
946.5253 21.391 166.981 -0.69830 0.16145 0.099 0.77450 9.0000 10.31 3.0457 3.5592 1.309888 
946.1310 20.891 186.646 -0.95639 -0.11144 0.934 1.07757 9.0000 10.63 2.8341 5.0255 1.310434 
945.7367 21.170 175.104 -1.31243 0.11243 1.048 1.44561 9.0000 10.48 2.5710 3.7211 1.310980 
945.3423 20.491 165.588 -2.99253 0.76901 -0.209 3.55672 9.0000 10.63 2.4446 5.7867 1.311527 
944.9478 67.863 339.898 14.14789 -5.17789 0.197 -15.45245 9.0000 10.81 2.5368 7.9204 1.312074 
944.5532 65.399 336.072 2.78757 -1.23690 0.961 -2.63215 9.0000 10.62 2.7447 9.1305 1.312623 
944.1586 61.935 334.417 1.72584 -0.82625 -0.204 -1.28432 9.0000 10.67 2.9648 9.4259 1.313171 
943.7639 56.563 332.384 1.40528 -0.73516 -0.767 -0.67734 9.0000 10.73 3.1187 8.8719 1.313720 
943.3691 56.006 338.941 4.55049 -1.75212 1.185 -1.97134 9.0000 10.79 2.5978 7.4123 1.314270 
942.9742 37.455 162.377 -8.59073 2.72898 1.465 2.43045 9.0000 10.84 2.3626 4.9693 1.314821 
942.5792 40.675 167.867 -1.73054 0.37204 1.130 0.26928 9.0000 11.00 2.3676 2.5261 1.315372 
942.1841 31.820 187.540 -2.65982 -0.35205 -1.194 1.32957 9.0000 11.01 2.1126 4.1794 1.315923 
941.7890 28.002 168.351 -1.30014 0.26804 -1.171 0.89524 9.0000 11.18 1.3052 1.3243 1.316475 
941.3938 26.817 18.163 1.09159 0.35813 -22.513 0.84594 9.0000 11.11 1.0025 1.0592 1.317028 
940.9985 15.379 353.649 0.49250 -0.05482 0.423 0.83270 9.0000 11.29 0.6055 0.6842 1.317581 
940.6031 13.592 11.017 0.29900 0.05821 -6.818 0.59312 9.0000 11.22 0.5925 0.7137 1.318135 
940.2077 5.960 65.754 0.05275 0.11712 2.466 0.60853 9.0000 11.28 0.5774 0.7086 1.318689 
939.8122 17.766 140.897 -0.31735 0.25793 2.683 0.57267 9.0000 11.38 0.5914 0.7171 1.319244 
939.4166 22.034 151.585 -0.57577 0.31152 1.246 0.67629 9.0000 11.37 0.7222 0.8048 1.319800 
939.0209 19.421 140.761 -0.40726 0.33262 -4.052 0.65303 9.0000 11.18 0.6937 0.8098 1.320356 
938.6251 20.697 136.331 -0.37216 0.35526 1.096 0.58372 9.0000 11.29 0.7002 0.7890 1.320913 
938.2292 22.262 150.041 -0.40658 0.23435 0.898 0.47715 9.0000 11.56 0.6544 0.6971 1.321470 
937.8333 21.628 118.043 -0.25427 0.47733 0.887 0.57481 9.0000 11.48 0.7647 0.8216 1.322028 
937.4373 25.993 97.311 -0.08462 0.65959 -2.400 0.51981 9.0000 11.71 0.6640 0.7856 1.322586 
937.0412 23.475 44.595 0.34481 0.33997 8.441 0.45234 9.0000 11.71 0.6189 0.6614 1.323146 
936.6450 19.286 36.754 0.29946 0.22365 0.970 0.46868 9.0000 11.53 0.6951 0.7728 1.323705 
936.2487 18.350 34.046 0.28335 0.19145 0.919 0.45877 9.0000 11.74 0.7975 0.9464 1.324266 
935.8524 21.157 30.753 0.29200 0.17374 0.614 0.37324 9.0000 11.86 0.8194 1.1050 1.324826 
935.4560 28.696 24.168 0.30135 0.13523 0.817 0.21129 9.0000 11.96 0.7566 1.0588 1.325388 
935.0594 31.351 347.140 0.30497 -0.06962 -0.673 0.16143 9.0000 12.09 0.7137 1.0426 1.325950 
934.6629 3.446 316.713 0.04503 -0.04242 -0.056 0.51182 9.0000 12.05 0.7502 0.9756 1.326512 
934.2662 24.825 261.839 -0.03612 -0.25187 1.136 0.21617 9.0000 12.00 0.6393 0.8288 1.327076 
933.8694 68.876 2.914 0.81757 0.04161 1.503 -0.90129 9.0000 12.23 0.7867 1.2966 1.327640 
933.4727 75.833 344.161 3.89776 -1.10583 -5.536 -7.51420 9.0000 12.24 1.2642 2.2861 1.328204 
933.0757 74.989 341.110 5.72475 -1.95889 -0.702 -10.47070 9.0000 12.26 1.5618 2.8303 1.328769 
932.6787 75.183 350.422 7.43312 -1.25426 0.851 -13.25123 9.0000 12.42 1.6458 2.9777 1.329334 
932.2817 10.306 200.056 -0.77349 -0.28238 19.400 2.18926 9.0000 12.40 1.8018 2.9473 1.329901 
931.8845 72.617 29.732 0.55441 0.31664 0.122 -0.91976 9.0000 12.40 1.3456 2.5894 1.330467 
931.4873 39.033 48.887 0.18390 0.21070 -80.762 0.05910 9.0000 12.39 1.5369 2.3168 1.331035 
931.0900 9.015 72.036 0.04232 0.13053 0.280 0.42158 9.0000 12.57 1.7820 2.0767 1.331603 
930.6926 8.050 147.984 -0.13585 0.08494 0.914 0.55505 9.0000 12.61 2.0273 3.2654 1.332171 
930.2951 3.673 130.376 -0.05904 0.06943 -5.665 0.70704 9.0000 12.65 2.1594 2.3496 1.332740 
929.8975 6.125 83.996 0.01792 0.17034 0.062 0.78882 9.0000 12.79 2.2437 3.9373 1.333310 
929.4999 5.783 61.714 0.08635 0.16046 10.794 0.89031 9.0000 13.05 2.3001 5.4420 1.333881 
929.1022 5.628 28.474 0.14972 0.08121 9.500 0.85583 9.0000 13.32 2.3410 6.2785 1.334452 
928.7043 6.120 21.249 0.16996 0.06609 1.263 0.84059 9.0000 13.02 2.5278 6.5787 1.335023 
928.3065 5.732 27.512 0.13881 0.07229 0.261 0.77179 9.0000 13.07 2.6885 6.2388 1.335595 
927.9085 5.397 18.011 0.12708 0.04132 0.858 0.70086 9.0000 13.10 2.7772 5.2392 1.336168 
927.5104 4.175 9.142 0.09424 0.01517 0.172 0.65034 9.0000 13.26 2.9214 3.9430 1.336742 
927.1123 2.351 355.453 0.05498 -0.00437 0.075 0.67065 9.0000 13.22 2.7365 2.7613 1.337316 
926.7141 3.207 271.157 0.00150 -0.07419 0.035 0.66007 9.0000 13.19 2.5236 3.8933 1.337890 
926.3158 4.369 275.612 0.00985 -0.10022 0.438 0.65517 9.0000 13.33 1.9711 2.0410 1.338466 
925.9174 3.709 209.886 -0.06682 -0.03840 0.402 0.59193 9.0000 13.44 0.8081 0.9406 1.339042 
925.5190 2.519 75.612 0.01836 0.07157 -0.144 0.83811 9.0000 13.44 1.9973 2.0594 1.339618 
925.1204 30.991 273.287 0.02029 -0.35333 -0.053 0.18833 9.0000 13.57 0.5683 0.7606 1.340195 
924.7218 26.832 274.384 0.02955 -0.38548 -0.038 0.28437 9.0000 13.35 0.5463 0.7042 1.340773 
924.3231 16.436 284.140 0.04269 -0.16946 -0.017 0.27041 9.0000 13.58 0.5273 0.6439 1.341351 
923.9243 9.154 82.560 0.01442 0.11043 0.876 0.33661 9.0000 13.65 0.5248 0.5755 1.341930 
923.5255 20.454 94.269 -0.02515 0.33694 0.960 0.38995 9.0000 13.92 0.5737 0.5953 1.342510 
923.1265 31.137 121.515 -0.41990 0.68480 0.042 0.42219 9.0000 13.61 0.7810 0.8483 1.343090 
922.7275 19.302 90.915 -0.00673 0.42149 0.027 0.52801 9.0000 13.99 0.7458 0.8107 1.343671 
922.3283 13.049 41.424 0.23227 0.20495 0.933 0.63239 9.0000 13.92 0.7836 0.9065 1.344252 
921.9291 15.972 36.242 0.35867 0.26291 0.000 0.71325 9.0000 14.03 0.9999 1.2430 1.344834 
921.5298 16.217 19.063 0.44711 0.15451 0.000 0.74446 9.0000 13.98 1.0666 1.3614 1.345417 
921.1305 16.556 23.468 0.46684 0.20268 0.000 0.78033 9.0000 13.81 1.1469 1.4760 1.346000 
920.7311 16.670 12.244 0.46909 0.10180 0.000 0.72963 9.0000 14.08 1.0286 1.2727 1.346584 
920.3315 16.787 27.413 0.44982 0.23330 0.000 0.76345 9.0000 14.36 0.9260 1.1081 1.347169 
919.9319 18.529 54.567 0.29975 0.42127 0.000 0.68466 9.0000 14.19 0.8632 0.9759 1.347754 
919.5322 21.714 83.331 0.06868 0.58736 1.058 0.62474 9.0000 13.96 0.8525 0.9085 1.348340 
919.1324 27.499 110.045 -0.28548 0.78244 0.892 0.58326 9.0000 14.50 0.9163 1.0356 1.348926 
918.7326 22.255 86.557 0.03746 0.62268 3.467 0.63457 9.0000 14.27 0.7723 0.8327 1.349513 
918.3326 26.838 92.404 -0.01855 0.44192 -3.788 0.32518 9.0000 14.61 1.0240 1.1913 1.350101 
917.9326 18.464 73.074 0.12240 0.40221 1.194 0.55937 9.0000 14.49 0.5663 0.6387 1.350689 
917.5325 68.244 127.632 -1.16906 1.51630 1.472 -2.01677 9.0000 14.37 0.8334 1.0010 1.351278 
917.1323 75.460 131.396 -0.62625 0.71043 1.229 -1.70289 9.0000 14.48 1.0840 1.3836 1.351868 
916.7321 67.406 117.984 -0.29232 0.55016 3.539 -0.61892 9.0000 14.69 1.3496 1.7344 1.352458 
916.3317 61.259 120.245 -0.15938 0.27335 67.147 -0.20172 9.0000 14.77 1.4594 1.9020 1.353049 
915.9313 24.799 117.853 -0.06124 0.11588 1.575 0.11156 9.0000 14.73 1.4669 1.9111 1.353641 
915.5308 4.989 339.942 0.06508 -0.02376 2.120 0.39382 9.0000 14.91 1.3817 1.7506 1.354233 
915.1302 7.107 353.367 0.34156 -0.03972 1.124 1.35750 9.0000 15.08 1.1681 1.4207 1.354826 
914.7295 78.522 144.218 -0.78284 0.56423 -0.001 -2.27828 9.0000 14.88 0.8747 1.0197 1.355419 
914.3287 69.005 122.908 -0.24584 0.37989 -0.002 -0.50272 9.0000 14.88 0.8907 1.0849 1.356013 
913.9279 77.426 128.403 -0.27009 0.34073 -0.005 -0.92615 9.0000 14.91 0.6750 0.7768 1.356608 
913.5270 27.567 116.682 -0.08687 0.17285 -0.014 0.13478 9.0000 14.90 0.5316 0.5941 1.357203 
913.1259 7.804 60.989 0.10775 0.19430 0.784 0.79526 9.0000 15.16 0.7204 0.8118 1.357799 
912.7249 9.530 53.671 0.17071 0.23214 0.000 0.83400 9.0000 14.89 0.7323 0.8132 1.358396 
912.3237 9.667 53.388 0.15953 0.21471 1.038 0.76240 9.0000 15.10 0.6949 0.7947 1.358993 
911.9224 9.766 50.040 0.17073 0.20376 -0.164 0.74934 9.0000 15.30 0.6543 0.7380 1.359591 
911.5211 28.690 83.603 0.05846 0.52137 -0.154 0.33578 9.0000 15.44 0.6318 0.8051 1.360190 
911.1196 1.241 308.534 0.02224 -0.02792 0.108 0.82358 9.0000 15.52 0.5999 0.6656 1.360789 
910.7181 21.739 247.779 -0.39369 -0.96371 0.036 1.09786 9.0000 15.48 0.8038 0.9585 1.361389 
910.3165 11.639 46.750 0.31358 0.33334 0.057 1.06381 9.0000 15.60 1.0788 1.3920 1.361990 
909.9149 26.367 93.307 -0.10888 1.88448 -0.039 1.43616 9.0000 15.43 1.6061 1.9945 1.362591 
909.5131 30.747 21.758 1.93216 0.77118 0.114 1.12981 9.0000 15.21 1.8031 2.2762 1.363193 
909.1113 37.922 0.562 3.40393 0.03340 0.031 0.85859 9.0000 15.41 2.3737 2.8190 1.363795 
908.7093 40.991 355.823 4.01411 -0.29314 0.006 0.56694 9.0000 15.55 2.8182 3.2259 1.364399 
908.3073 42.691 354.633 4.19545 -0.39418 0.008 0.34040 9.0000 15.36 3.0308 3.3530 1.365003 
907.9052 45.324 356.986 4.36733 -0.22993 0.003 -0.04940 9.0000 15.55 2.9545 3.2237 1.365607 
907.5031 57.603 3.382 4.67622 0.27637 -0.846 -2.20495 9.0000 15.53 2.9463 3.2128 1.366212 
907.1008 39.385 4.573 3.11657 0.24926 -0.002 0.62077 9.0000 15.48 2.2414 2.4174 1.366818 
906.6984 23.557 18.538 2.03647 0.68290 -0.003 1.99493 9.0000 15.56 2.1469 2.2715 1.367425 
906.2960 14.024 59.339 0.80512 1.35806 -0.032 2.96326 9.0000 15.53 2.5135 2.5814 1.368032 
905.8935 15.244 94.769 -0.19966 2.39304 -0.340 4.07879 9.0000 15.72 3.1063 3.2626 1.368640 
905.4909 11.622 63.995 0.79809 1.63600 0.006 4.23790 9.0000 15.68 2.8501 2.9620 1.369248 
905.0883 9.811 60.389 0.63109 1.11041 4.443 3.58234 9.0000 15.69 2.6848 2.7941 1.369857 
904.6855 6.960 22.345 1.05089 0.43198 0.594 4.58442 9.0000 16.18 2.1237 2.2873 1.370467 
904.2826 4.292 108.733 -0.07699 0.22703 -0.005 1.58830 9.0000 15.98 1.6726 1.7231 1.371078 
903.8797 20.550 185.640 -0.60456 -0.05970 -0.002 0.69639 9.0000 16.35 1.7820 1.8812 1.371689 
903.4767 54.169 115.653 -0.24006 0.49985 1.164 -0.18380 9.0000 16.22 1.6526 1.9915 1.372301 
903.0736 29.963 116.434 -0.24018 0.48311 0.128 0.31243 9.0000 16.16 1.8288 2.2317 1.372913 
902.6704 34.314 117.237 -0.26143 0.50789 0.011 0.22355 9.0000 16.30 1.7826 2.3059 1.373527 
902.2672 39.813 118.509 -0.27586 0.50787 0.024 0.10581 9.0000 16.29 1.5198 2.1535 1.374140 
901.8638 47.279 120.933 -0.28478 0.47520 8.581 -0.04416 9.0000 16.26 1.1217 1.7686 1.374755 
901.4604 53.185 120.164 -0.28976 0.49857 -0.026 -0.16940 9.0000 16.12 0.8635 1.6688 1.375370 
901.0569 80.623 192.287 -0.07836 -0.01707 -0.022 -0.23621 9.0000 16.40 0.6635 1.0779 1.375986 
900.6533 63.330 242.011 -0.66005 -1.24195 -0.841 -1.04680 9.0000 16.32 1.2334 1.9897 1.376603 
900.2496 35.251 66.388 0.18987 0.43434 -0.220 0.16785 9.0000 16.48 0.5790 1.3865 1.377220 
899.8458 30.117 49.385 1.69287 1.97404 0.145 1.48725 9.0000 16.20 1.1558 2.1504 1.377838 
899.4420 31.664 35.086 18.90678 13.28089 0.184 11.60668 9.0000 16.54 1.5003 2.9760 1.378457 
899.0380 58.849 212.738 -13.96746 -8.97998 -0.258 -8.71719 9.0000 16.60 1.8038 3.5496 1.379076 
898.6340 59.665 210.853 -8.08805 -4.83153 0.094 -5.29345 9.0000 16.56 1.9179 3.7634 1.379696 
898.2299 61.366 193.468 -6.93746 -1.66141 -0.402 -4.58540 9.0000 16.53 1.6906 3.5603 1.380317 
897.8257 27.770 37.433 53.85620 41.22531 -0.491 46.54353 9.0000 16.85 1.5814 3.0134 1.380938 
897.4214 29.488 67.573 1.07745 2.61062 0.150 1.69852 9.0000 17.10 1.4735 2.2804 1.381560 
897.0171 34.577 98.518 -0.21133 1.41102 0.017 0.54327 9.0000 16.75 1.3866 1.7292 1.382183 
896.6127 42.101 131.978 -0.72802 0.80917 0.014 0.11053 9.0000 16.72 1.5719 2.3619 1.382807 
896.2081 37.758 104.770 -0.40009 1.51753 0.008 0.40540 9.0000 16.79 1.6307 1.8654 1.383431 
895.8035 35.572 103.530 -0.33711 1.40094 0.013 0.49211 9.0000 16.74 1.6275 1.9702 1.384056 
895.3989 34.583 101.839 -0.26851 1.28091 0.006 0.49806 9.0000 16.84 1.3445 1.8570 1.384681 
894.9941 31.084 102.054 -0.20325 0.95186 16.045 0.51385 9.0000 17.12 1.0874 1.7316 1.385307 
894.5892 19.515 107.930 -0.13890 0.42928 0.896 0.55658 9.0000 17.36 0.7628 1.5495 1.385934 
894.1843 14.621 257.127 -0.08379 -0.36662 0.000 0.67174 9.0000 17.04 0.7775 1.3902 1.386562 
893.7792 6.728 118.299 -0.07978 0.14817 0.003 0.70334 9.0000 17.04 0.7426 1.5093 1.387190 
893.3741 5.055 54.452 0.07858 0.10996 1.071 0.75803 9.0000 16.98 0.7124 1.3544 1.387819 
892.9689 6.481 357.050 0.18622 -0.00960 -4.975 0.81011 9.0000 17.27 0.6472 1.0294 1.388449 
892.5637 9.208 329.867 0.19864 -0.11530 -0.599 0.68981 9.0000 17.30 0.5825 0.6941 1.389079 
892.1583 11.318 305.206 0.14804 -0.20981 0.220 0.61580 9.0000 17.69 0.5634 0.6979 1.389711 
891.7528 5.967 337.593 0.12394 -0.05110 0.440 0.63426 9.0000 17.25 0.5858 0.7485 1.390343 
891.3473 5.515 10.423 0.09207 0.01694 -0.317 0.48030 9.0000 17.72 0.5679 0.7806 1.390975 
890.9417 10.393 66.096 0.05119 0.11550 0.811 0.33283 9.0000 17.38 0.5768 0.7846 1.391608 
890.5359 11.429 85.164 0.01298 0.15337 0.000 0.36512 9.0000 17.39 0.5600 0.7401 1.392242 
890.1302 13.321 102.638 -0.02920 0.13023 0.035 0.26605 9.0000 17.76 0.5299 0.6668 1.392877 
889.7243 20.804 164.494 -0.11581 0.03213 0.000 0.13533 9.0000 17.39 0.5130 0.6819 1.393512 
889.3184 12.031 12.744 0.08107 0.01834 0.000 0.18616 9.0000 17.55 0.5140 0.5484 1.394148 
888.9123 18.502 17.258 0.19827 0.06159 0.937 0.27548 9.0000 17.69 0.5280 0.5628 1.394785 
888.5062 17.704 31.915 0.14259 0.08881 -1.471 0.23630 9.0000 18.05 0.5312 0.6680 1.395423 
888.1000 16.359 80.586 0.05219 0.31478 -61.495 0.49666 9.0000 17.71 0.6372 0.7310 1.396061 
887.6937 18.959 80.675 0.06509 0.39637 1.002 0.51564 9.0000 17.95 0.7056 0.8268 1.396700 
887.2873 19.357 82.385 0.05556 0.41559 -470.658 0.52310 9.0000 18.16 0.7224 0.8544 1.397340 
886.8808 21.236 85.592 0.03522 0.45694 1.112 0.50063 9.0000 17.89 0.7580 0.8543 1.397980 
886.4743 14.812 89.832 0.00100 0.33975 1.374 0.59751 9.0000 18.06 0.6541 0.7492 1.398621 
886.0676 17.734 98.797 -0.05154 0.33303 1.178 0.47300 9.0000 17.98 0.6137 0.6736 1.399263 
885.6609 18.710 110.169 -0.11545 0.31430 0.879 0.43762 9.0000 18.04 0.5906 0.6271 1.399906 
885.2541 17.203 96.238 -0.03732 0.34144 0.047 0.50152 9.0000 18.22 0.5918 0.6510 1.400549 
884.8472 17.291 94.253 -0.02323 0.31245 0.008 0.45447 9.0000 18.11 0.5652 0.6225 1.401193 
884.4402 18.403 91.333 -0.00650 0.27925 87.719 0.37330 9.0000 18.34 0.5432 0.5959 1.401838 
884.0332 21.743 93.224 -0.02385 0.42340 0.933 0.44708 9.0000 18.41 0.5952 0.6344 1.402483 
883.6260 22.518 90.933 -0.00685 0.42079 0.000 0.42032 9.0000 18.42 0.5895 0.6183 1.403130 
883.2188 32.094 90.176 -0.00136 0.44432 0.000 0.21490 9.0000 18.62 0.5745 0.5864 1.403777 
882.8115 31.931 64.435 0.15064 0.31491 0.000 0.17130 9.0000 18.37 0.6121 0.6625 1.404424 
882.4041 14.094 143.259 -0.13580 0.10137 0.032 0.31621 9.0000 18.59 0.5257 0.5537 1.405073 
881.9966 17.207 169.934 -0.25132 0.04461 0.024 0.37260 9.0000 18.60 0.5327 0.6195 1.405722 
881.5890 20.228 196.994 -0.26366 -0.08058 0.018 0.32330 9.0000 18.67 0.5272 0.6381 1.406372 
881.1813 18.479 221.096 -0.17091 -0.14907 0.014 0.30141 9.0000 18.52 0.5345 0.6442 1.407023 
880.7736 27.996 211.485 -0.72273 -0.44263 0.289 0.57183 9.0000 18.91 0.6078 0.8049 1.407674 
880.3658 36.199 197.464 -1.43368 -0.45105 -0.008 0.47684 9.0000 18.53 0.6465 0.8602 1.408326 
879.9579 44.891 238.346 -3.51985 -5.70945 -0.017 0.02551 9.0000 18.76 1.0295 1.2826 1.408979 
879.5499 39.842 154.662 -1.30285 0.61692 0.015 0.26237 9.0000 18.72 0.6819 0.8833 1.409632 
879.1418 37.611 113.679 -0.71334 1.62661 0.094 0.46858 9.0000 18.82 1.2691 1.4839 1.410287 
878.7336 38.680 105.482 -0.40781 1.47234 -0.004 0.34261 9.0000 18.81 1.8984 2.0485 1.410942 
878.3253 38.819 102.448 -0.41094 1.86159 -0.232 0.41784 9.0000 19.11 2.1896 2.5461 1.411598 
877.9170 38.275 101.191 -0.40069 2.02533 1.110 0.49374 9.0000 18.98 2.3108 2.8383 1.412254 
877.5085 37.436 101.741 -0.42369 2.03863 206.210 0.56288 9.0000 19.17 2.1972 2.8550 1.412912 
877.1000 35.799 104.604 -0.49850 1.91322 1.330 0.65778 9.0000 19.32 1.8312 2.5561 1.413570 
876.6915 33.601 112.966 -0.63727 1.50379 1.022 0.68651 9.0000 19.34 1.2455 1.9926 1.414228 
876.2828 32.287 141.536 -0.96356 0.76547 0.029 0.58502 9.0000 19.30 0.7222 1.2434 1.414888 
875.8740 39.902 241.318 -1.70328 -3.11337 0.133 0.63834 9.0000 19.71 0.9380 1.1240 1.415548 
875.4651 25.473 150.692 -0.55706 0.31271 0.027 0.51830 9.0000 19.64 0.6944 1.6355 1.416209 
875.0562 21.651 164.040 -0.45862 0.13116 0.123 0.50616 9.0000 19.64 0.6422 0.8289 1.416871 
874.6472 7.401 166.355 -0.06224 0.01511 2.927 0.24237 9.0000 19.34 0.5973 1.7884 1.417534 
874.2380 31.040 19.187 0.62554 0.21767 0.000 0.35098 9.0000 19.63 0.6591 2.2857 1.418197 
873.8289 7.978 125.088 -0.10683 0.15207 0.896 0.64998 9.0000 19.42 0.6301 2.6917 1.418861 
873.4196 18.562 127.366 -0.17972 0.23534 0.953 0.39119 9.0000 20.06 0.5832 2.8133 1.419526 
873.0102 20.890 129.205 -0.20842 0.25550 0.138 0.36905 9.0000 19.83 0.5853 2.6679 1.420192 
872.6007 22.299 128.193 -0.19363 0.24612 -0.046 0.31757 9.0000 19.58 0.5642 2.1953 1.420858 
872.1912 24.832 102.471 -0.10220 0.46208 -0.080 0.40185 9.0000 20.02 0.5894 1.5708 1.421525 
871.7816 18.140 101.614 -0.08076 0.39295 -0.034 0.54653 9.0000 19.57 0.6612 0.7582 1.422193 
871.3718 17.248 96.177 -0.04279 0.39537 1.083 0.57874 9.0000 20.41 0.7749 1.5171 1.422862 
870.9620 12.525 114.491 -0.07932 0.17413 -0.087 0.40940 9.0000 20.18 0.5858 0.6511 1.423532 
870.5521 7.849 162.368 -0.09257 0.02942 1.055 0.34563 9.0000 20.26 0.5578 0.6626 1.424202 
870.1422 7.138 185.953 -0.09482 -0.00989 0.977 0.37466 9.0000 20.39 0.5503 0.6380 1.424873 
869.7321 10.544 130.100 -0.10133 0.12034 0.021 0.40795 9.0000 20.19 0.5655 0.6494 1.425545 
869.3219 17.280 111.261 -0.09771 0.25112 0.878 0.39118 9.0000 20.36 0.6047 0.6724 1.426217 
868.9117 20.836 102.369 -0.08336 0.38012 1.021 0.43720 9.0000 20.46 0.6573 0.6927 1.426891 
868.5013 23.343 97.491 -0.06371 0.48457 -0.008 0.46080 9.0000 20.55 0.7355 0.7447 1.427565 
868.0909 24.907 94.580 -0.04670 0.58294 0.846 0.49395 9.0000 20.63 0.8622 0.8756 1.428240 
867.6805 24.444 95.933 -0.05851 0.56301 -0.012 0.49398 9.0000 20.68 0.8361 0.8414 1.428915 
867.2699 23.143 95.738 -0.04959 0.49353 0.970 0.47422 9.0000 20.83 0.7320 0.7354 1.429592 
866.8592 22.738 95.038 -0.04151 0.47085 0.976 0.46488 9.0000 20.87 0.6944 0.6966 1.430269 
866.4485 20.200 93.402 -0.02542 0.42766 -0.155 0.50338 9.0000 20.71 0.6536 0.6560 1.430947 
866.0376 21.176 90.444 -0.00352 0.45515 0.817 0.49930 9.0000 20.82 0.6472 0.6569 1.431626 
865.6267 20.307 93.137 -0.02589 0.47236 0.875 0.55168 9.0000 21.47 0.6640 0.6660 1.432306 
865.2157 19.916 94.690 -0.03644 0.44417 -0.010 0.53430 9.0000 20.88 0.6463 0.6572 1.432986 
864.8046 20.934 95.814 -0.04741 0.46553 0.875 0.52210 9.0000 21.06 0.6640 0.6873 1.433667 
864.3934 20.529 97.107 -0.05616 0.45047 0.856 0.52115 9.0000 21.25 0.6639 0.7006 1.434349 
863.9821 22.141 100.915 -0.09553 0.49537 0.980 0.51730 9.0000 21.07 0.6838 0.7357 1.435032 
863.5707 19.971 98.869 -0.07079 0.45363 -1.985 0.54827 9.0000 21.40 0.6858 0.7225 1.435716 
863.1593 15.671 98.118 -0.04717 0.33070 0.973 0.54850 9.0000 21.41 0.6250 0.6490 1.436400 
862.7477 16.079 94.248 -0.02785 0.37496 0.861 0.59804 9.0000 21.70 0.6678 0.6766 1.437085 
862.3361 15.682 90.717 -0.00469 0.37447 -0.004 0.61440 9.0000 21.43 0.6767 0.6833 1.437771 
861.9244 16.628 88.798 0.00808 0.38486 0.878 0.58699 9.0000 21.64 0.6857 0.7084 1.438458 
861.5126 16.236 91.704 -0.01181 0.39689 -1.124 0.62394 9.0000 21.69 0.6961 0.7114 1.439145 
861.1008 13.592 92.653 -0.01406 0.30333 0.846 0.59126 9.0000 21.79 0.6438 0.6499 1.439834 
860.6888 12.397 94.122 -0.02001 0.27767 0.847 0.60266 9.0000 21.92 0.6273 0.6368 1.440523 
860.2767 13.091 94.253 -0.02152 0.28936 0.863 0.59013 9.0000 21.65 0.6178 0.6373 1.441213 
859.8646 15.163 93.312 -0.01852 0.32011 -0.002 0.54816 9.0000 21.87 0.6049 0.6342 1.441904 
859.4523 12.620 96.272 -0.03145 0.28615 0.850 0.61066 9.0000 22.05 0.6144 0.6414 1.442595 
859.0400 13.187 96.074 -0.03313 0.31137 3.340 0.63149 9.0000 22.08 0.6220 0.6443 1.443288 
858.6276 12.751 96.684 -0.03816 0.32562 0.825 0.68726 9.0000 22.46 0.6292 0.6439 1.443981 
858.2151 14.914 96.488 -0.04235 0.37240 0.855 0.65368 9.0000 22.52 0.6504 0.6566 1.444675 
857.8026 19.658 95.303 -0.04245 0.45732 0.917 0.56082 9.0000 22.23 0.6955 0.6983 1.445370 
857.3899 21.511 94.100 -0.03653 0.50968 0.871 0.54756 9.0000 22.44 0.7351 0.7452 1.446065 
856.9771 21.919 94.584 -0.03906 0.48724 0.858 0.50904 9.0000 21.90 0.7419 0.7456 1.446762 
856.5643 21.833 95.718 -0.04803 0.47965 0.843 0.50504 9.0000 22.36 0.7429 0.7466 1.447459 
856.1514 23.261 95.656 -0.04974 0.50218 0.001 0.47850 9.0000 22.75 0.7606 0.7647 1.448157 
855.7383 23.228 95.707 -0.04833 0.48354 0.931 0.46186 9.0000 22.77 0.7514 0.7556 1.448856 
855.3253 24.125 95.496 -0.04884 0.50759 0.879 0.45513 9.0000 22.64 0.7710 0.7757 1.449556 
854.9120 23.546 95.350 -0.04941 0.52759 1.058 0.49255 9.0000 22.50 0.7706 0.7736 1.450257 
854.4988 21.125 95.446 -0.04716 0.49468 0.896 0.54708 9.0000 22.66 0.7298 0.7320 1.450958 
854.0854 21.224 94.608 -0.04042 0.50151 0.919 0.55009 9.0000 22.56 0.7362 0.7393 1.451660 
853.6719 21.612 93.489 -0.03176 0.52087 0.939 0.55523 9.0000 22.92 0.7530 0.7563 1.452364 
853.2584 19.884 94.505 -0.03993 0.50677 0.865 0.61084 9.0000 22.86 0.7405 0.7427 1.453067 
852.8448 19.229 94.246 -0.03698 0.49811 0.826 0.62888 9.0000 22.99 0.7337 0.7354 1.453772 
852.4311 18.568 94.509 -0.03704 0.46965 0.940 0.62211 9.0000 22.75 0.7164 0.7179 1.454478 
852.0173 20.434 93.387 -0.02990 0.50523 0.867 0.58494 9.0000 23.06 0.7374 0.7387 1.455184 
851.6034 20.099 93.623 -0.03037 0.47975 0.840 0.56889 9.0000 22.95 0.7212 0.7226 1.455891 
851.1894 21.477 93.266 -0.02829 0.49581 0.837 0.53343 9.0000 22.90 0.7197 0.7216 1.456599 
850.7753 21.430 93.450 -0.03215 0.53340 0.902 0.57587 9.0000 23.00 0.7468 0.7483 1.457308 
850.3612 19.814 94.234 -0.03634 0.49087 0.960 0.59441 9.0000 23.21 0.7174 0.7188 1.458018 
849.9470 20.101 93.920 -0.03426 0.49986 0.813 0.59286 9.0000 23.13 0.7201 0.7219 1.458728 
849.5326 21.118 93.567 -0.03332 0.53454 0.963 0.58993 9.0000 23.13 0.7435 0.7452 1.459440 
849.1182 21.846 93.262 -0.03142 0.55121 0.839 0.57791 9.0000 23.34 0.7512 0.7526 1.460152 
848.7037 21.756 93.345 -0.03228 0.55233 0.850 0.58278 9.0000 23.37 0.7481 0.7496 1.460865 
848.2891 21.731 93.281 -0.03155 0.55028 0.883 0.58160 9.0000 23.53 0.7440 0.7455 1.461579 
847.8744 21.328 93.123 -0.02945 0.53977 0.852 0.58673 9.0000 23.80 0.7354 0.7368 1.462294 
847.4597 21.626 93.007 -0.02863 0.54498 0.843 0.58009 9.0000 23.76 0.7351 0.7361 1.463010 
847.0448 21.543 92.994 -0.02836 0.54224 0.837 0.58053 9.0000 23.88 0.7307 0.7318 1.463726 
846.6298 21.259 92.647 -0.02512 0.54325 0.857 0.59313 9.0000 24.21 0.7321 0.7332 1.464444 
846.2148 20.991 92.331 -0.02217 0.54473 0.815 0.60589 9.0000 23.76 0.7369 0.7379 1.465162 
845.7997 21.261 92.406 -0.02283 0.54350 0.841 0.59317 9.0000 23.98 0.7295 0.7307 1.465881 
845.3845 21.299 92.299 -0.02200 0.54809 0.834 0.59656 9.0000 23.99 0.7362 0.7375 1.466601 
844.9692 21.436 92.244 -0.02183 0.55724 0.841 0.60069 9.0000 24.06 0.7303 0.7318 1.467322 
844.5538 21.593 92.093 -0.02075 0.56794 0.867 0.60550 9.0000 23.84 0.7246 0.7263 1.468044 
844.1383 21.297 92.229 -0.02190 0.56250 0.810 0.61233 9.0000 23.94 0.7382 0.7400 1.468766 
843.7227 20.778 92.167 -0.02094 0.55359 0.839 0.62494 9.0000 24.51 0.7510 0.7531 1.469490 
843.3071 20.732 92.198 -0.02126 0.55372 0.777 0.62711 9.0000 24.33 0.7564 0.7585 1.470214 
842.8914 20.855 92.200 -0.02159 0.56184 0.855 0.63084 9.0000 24.45 0.7554 0.7574 1.470939 
842.4755 21.098 92.139 -0.02143 0.57370 0.835 0.63325 9.0000 24.41 0.7645 0.7665 1.471665 
842.0596 21.560 91.995 -0.02074 0.59549 0.839 0.63630 9.0000 24.61 0.7609 0.7628 1.472392 
841.6436 21.613 91.989 -0.02075 0.59766 0.818 0.63624 9.0000 24.70 0.7652 0.7671 1.473120 
841.2275 21.182 91.954 -0.02000 0.58610 0.795 0.64307 9.0000 24.68 0.7813 0.7831 1.473849 
840.8113 20.992 91.927 -0.01926 0.57250 0.795 0.63653 9.0000 25.00 0.7929 0.7951 1.474578 
840.3951 21.295 91.851 -0.01890 0.58508 0.807 0.63683 9.0000 24.81 0.7959 0.7982 1.475308 
839.9787 21.300 91.840 -0.01891 0.58874 0.825 0.64059 9.0000 24.82 0.7973 0.7996 1.476040 
839.5623 21.168 91.798 -0.01843 0.58707 0.827 0.64468 9.0000 25.33 0.8051 0.8074 1.476772 
839.1457 21.537 91.753 -0.01802 0.58873 0.874 0.62999 9.0000 25.11 0.8035 0.8059 1.477505 
838.7291 21.643 91.734 -0.01784 0.58945 0.820 0.62612 9.0000 25.15 0.8017 0.8041 1.478239 
838.3124 21.775 91.677 -0.01736 0.59269 0.819 0.62375 9.0000 25.42 0.8016 0.8043 1.478974 
837.8956 21.826 91.477 -0.01538 0.59616 0.832 0.62510 9.0000 25.56 0.8033 0.8059 1.479709 
837.4787 21.766 91.370 -0.01438 0.60146 0.836 0.63329 9.0000 25.55 0.7996 0.8020 1.480446 
837.0617 21.835 91.265 -0.01329 0.60210 0.906 0.63089 9.0000 25.34 0.7992 0.8016 1.481183 
836.6447 21.720 91.159 -0.01226 0.60560 0.847 0.63964 9.0000 25.56 0.8016 0.8042 1.481922 
836.2275 21.710 91.104 -0.01167 0.60560 0.826 0.64005 9.0000 25.83 0.7987 0.8011 1.482661 
835.8102 21.662 91.038 -0.01103 0.60841 0.817 0.64517 9.0000 26.10 0.7991 0.8017 1.483401 
835.3929 21.775 90.975 -0.01039 0.61080 0.823 0.64261 9.0000 25.97 0.8023 0.8048 1.484142 
834.9755 21.834 90.883 -0.00945 0.61337 0.813 0.64266 9.0000 26.05 0.8015 0.8040 1.484884 
834.5579 21.912 90.834 -0.00898 0.61681 0.808 0.64274 9.0000 26.08 0.8020 0.8045 1.485627 
834.1403 21.886 90.788 -0.00847 0.61526 0.828 0.64226 9.0000 26.25 0.8017 0.8043 1.486371 
833.7227 21.908 90.780 -0.00840 0.61661 0.795 0.64268 9.0000 26.23 0.8025 0.8050 1.487115 
833.3049 21.997 90.733 -0.00791 0.61801 0.824 0.64015 9.0000 26.54 0.8010 0.8033 1.487861 
832.8870 22.018 90.668 -0.00723 0.61991 0.810 0.64116 9.0000 26.35 0.8010 0.8032 1.488608 
832.4691 21.984 90.589 -0.00635 0.61758 0.831 0.64029 9.0000 26.80 0.8017 0.8039 1.489355 
832.0510 22.052 90.560 -0.00606 0.62005 0.840 0.63977 9.0000 26.98 0.8021 0.8042 1.490103 
831.6329 22.094 90.570 -0.00619 0.62196 0.833 0.63990 9.0000 26.64 0.8022 0.8042 1.490852 
831.2146 22.144 90.461 -0.00500 0.62231 0.808 0.63798 9.0000 27.18 0.8026 0.8046 1.491603 
830.7963 22.238 90.487 -0.00532 0.62607 0.833 0.63766 9.0000 27.19 0.8029 0.8050 1.492354 
830.3779 22.368 90.444 -0.00488 0.62968 0.815 0.63554 9.0000 27.21 0.8045 0.8065 1.493106 
829.9594 22.394 90.415 -0.00458 0.63115 0.813 0.63586 9.0000 28.01 0.8072 0.8091 1.493858 
829.5408 22.404 90.363 -0.00401 0.63360 0.819 0.63788 9.0000 27.57 0.8091 0.8111 1.494612 
829.1221 22.391 90.298 -0.00329 0.63320 0.809 0.63805 9.0000 27.17 0.8106 0.8126 1.495367 
828.7034 22.399 90.279 -0.00308 0.63433 0.828 0.63882 9.0000 27.80 0.8116 0.8137 1.496123 
828.2845 22.376 90.233 -0.00257 0.63288 0.844 0.63839 9.0000 28.07 0.8113 0.8133 1.496879 
827.8656 22.422 90.189 -0.00209 0.63562 0.816 0.63909 9.0000 27.37 0.8127 0.8147 1.497637 
827.4465 22.453 90.130 -0.00144 0.63657 0.838 0.63867 9.0000 28.00 0.8137 0.8156 1.498395 
827.0275 22.461 90.048 -0.00053 0.63764 0.829 0.63937 9.0000 28.25 0.8158 0.8178 1.499154 
826.6082 22.457 90.027 -0.00030 0.63873 0.818 0.64065 9.0000 27.98 0.8163 0.8183 1.499915 
826.1889 22.470 89.977 0.00025 0.63985 0.838 0.64120 9.0000 28.23 0.8185 0.8205 1.500676 
825.7695 22.493 89.954 0.00052 0.64027 0.843 0.64057 9.0000 28.78 0.8198 0.8219 1.501438 
825.3500 22.508 89.924 0.00085 0.64044 0.846 0.64010 9.0000 28.48 0.8214 0.8234 1.502201 
824.9305 22.493 89.922 0.00088 0.64086 0.816 0.64117 9.0000 28.18 0.8230 0.8249 1.502965 
824.5108 22.478 89.882 0.00133 0.64223 0.813 0.64320 9.0000 28.45 0.8237 0.8256 1.503730 
824.0911 22.480 89.821 0.00201 0.64307 0.821 0.64397 9.0000 28.51 0.8249 0.8268 1.504496 
823.6713 22.477 89.785 0.00242 0.64382 0.830 0.64487 9.0000 28.78 0.8258 0.8277 1.505263 
823.2513 22.485 89.766 0.00263 0.64455 0.837 0.64524 9.0000 28.64 0.8272 0.8291 1.506031 
822.8313 22.496 89.753 0.00278 0.64503 0.844 0.64520 9.0000 28.87 0.8270 0.8289 1.506800 
822.4112 22.516 89.769 0.00261 0.64704 0.837 0.64634 9.0000 28.98 0.8293 0.8312 1.507569 
821.9910 22.549 89.812 0.00212 0.64824 0.809 0.64601 9.0000 28.90 0.8317 0.8335 1.508340 
821.5707 22.533 89.808 0.00217 0.64794 0.821 0.64647 9.0000 29.39 0.8319 0.8337 1.509112 
821.1503 22.516 89.815 0.00209 0.64852 0.830 0.64780 9.0000 29.61 0.8321 0.8338 1.509884 
820.7299 22.537 89.806 0.00220 0.65115 0.843 0.64949 9.0000 29.86 0.8339 0.8357 1.510658 
820.3093 22.552 89.829 0.00194 0.65256 0.814 0.65021 9.0000 29.65 0.8361 0.8378 1.511432 
819.8886 22.598 89.814 0.00212 0.65216 0.819 0.64773 9.0000 29.57 0.8356 0.8374 1.512208 
819.4679 22.619 89.789 0.00241 0.65346 0.813 0.64805 9.0000 30.25 0.8366 0.8384 1.512984 
819.0471 22.646 89.806 0.00222 0.65527 0.825 0.64864 9.0000 29.96 0.8384 0.8402 1.513761 
818.6262 22.664 89.791 0.00240 0.65688 0.833 0.64940 9.0000 30.67 0.8395 0.8412 1.514540 
818.2051 22.677 89.767 0.00267 0.65742 0.829 0.64936 9.0000 30.26 0.8398 0.8415 1.515319 
817.7841 22.690 89.752 0.00285 0.65867 0.800 0.65000 9.0000 30.23 0.8403 0.8420 1.516099 
817.3629 22.682 89.764 0.00272 0.65921 0.820 0.65089 9.0000 30.44 0.8405 0.8421 1.516881 
816.9416 22.707 89.790 0.00242 0.66085 0.809 0.65138 9.0000 30.22 0.8425 0.8442 1.517663 
816.5202 22.709 89.779 0.00255 0.66235 0.821 0.65278 9.0000 30.57 0.8436 0.8453 1.518446 
816.0988 22.719 89.795 0.00238 0.66395 0.807 0.65390 9.0000 30.90 0.8448 0.8465 1.519230 
815.6772 22.748 89.758 0.00281 0.66571 0.818 0.65429 9.0000 30.77 0.8459 0.8475 1.520015 
815.2556 22.755 89.758 0.00281 0.66566 0.812 0.65393 9.0000 30.82 0.8458 0.8474 1.520801 
814.8338 22.775 89.769 0.00269 0.66720 0.801 0.65454 9.0000 30.83 0.8473 0.8489 1.521589 
814.4120 22.785 89.750 0.00292 0.66905 0.823 0.65586 9.0000 31.27 0.8486 0.8502 1.522377 
813.9901 22.786 89.783 0.00254 0.67041 0.815 0.65715 9.0000 31.70 0.8498 0.8514 1.523166 
813.5681 22.813 89.792 0.00244 0.67141 0.814 0.65689 9.0000 31.34 0.8509 0.8525 1.523956 
813.1460 22.813 89.755 0.00287 0.67170 0.815 0.65720 9.0000 31.31 0.8502 0.8518 1.524747 
812.7238 22.811 89.768 0.00272 0.67218 0.834 0.65775 9.0000 31.82 0.8504 0.8520 1.525539 
812.3015 22.856 89.721 0.00329 0.67541 0.833 0.65883 9.0000 32.07 0.8533 0.8550 1.526332 
811.8792 22.817 89.760 0.00283 0.67469 0.821 0.65992 9.0000 32.29 0.8528 0.8544 1.527126 
811.4567 22.831 89.756 0.00288 0.67554 0.813 0.66014 9.0000 32.38 0.8542 0.8557 1.527921 
811.0341 22.847 89.738 0.00308 0.67576 0.803 0.65957 9.0000 31.82 0.8540 0.8556 1.528717 
810.6115 22.848 89.800 0.00236 0.67686 0.821 0.66064 9.0000 32.05 0.8551 0.8567 1.529514 
810.1888 22.850 89.772 0.00270 0.67730 0.805 0.66094 9.0000 31.78 0.8548 0.8563 1.530312 
809.7659 22.878 89.733 0.00316 0.67843 0.808 0.66079 9.0000 32.61 0.8553 0.8569 1.531111 
809.3430 22.897 89.710 0.00343 0.67895 0.799 0.66040 9.0000 32.69 0.8551 0.8566 1.531912 
808.9200 22.919 89.632 0.00436 0.68010 0.817 0.66052 9.0000 32.49 0.8559 0.8575 1.532713 
808.4969 22.943 89.576 0.00503 0.68078 0.820 0.66006 9.0000 33.19 0.8562 0.8578 1.533515 
808.0737 22.963 89.537 0.00550 0.68038 0.829 0.65876 9.0000 33.05 0.8556 0.8571 1.534318 
807.6505 22.973 89.544 0.00543 0.68106 0.827 0.65896 9.0000 33.12 0.8564 0.8579 1.535122 
807.2271 22.979 89.531 0.00557 0.68124 0.814 0.65888 9.0000 33.09 0.8561 0.8576 1.535927 
806.8036 23.010 89.464 0.00638 0.68254 0.814 0.65870 9.0000 33.67 0.8561 0.8576 1.536733 
806.3801 23.035 89.445 0.00662 0.68336 0.811 0.65831 9.0000 33.10 0.8561 0.8575 1.537540 
805.9564 23.067 89.403 0.00713 0.68403 0.800 0.65749 9.0000 33.66 0.8563 0.8577 1.538349 
805.5327 23.096 89.358 0.00766 0.68435 0.806 0.65649 9.0000 33.53 0.8567 0.8582 1.539158 
805.1089 23.134 89.296 0.00842 0.68501 0.807 0.65539 9.0000 33.25 0.8568 0.8583 1.539968 
804.6850 23.152 89.286 0.00856 0.68631 0.815 0.65580 9.0000 33.73 0.8584 0.8599 1.540779 
804.2610 23.158 89.261 0.00885 0.68649 0.813 0.65572 9.0000 34.22 0.8580 0.8595 1.541591 
803.8369 23.179 89.230 0.00924 0.68740 0.802 0.65564 9.0000 33.72 0.8585 0.8600 1.542405 
803.4127 23.215 89.208 0.00952 0.68843 0.819 0.65494 9.0000 33.97 0.8596 0.8611 1.543219 
802.9884 23.231 89.205 0.00956 0.68905 0.832 0.65484 9.0000 34.12 0.8600 0.8615 1.544035 
802.5640 23.248 89.195 0.00970 0.69017 0.812 0.65512 9.0000 34.01 0.8611 0.8626 1.544851 
802.1396 23.246 89.178 0.00990 0.69018 0.818 0.65523 9.0000 34.79 0.8603 0.8618 1.545669 
801.7150 23.256 89.193 0.00972 0.69061 0.823 0.65517 9.0000 35.00 0.8608 0.8623 1.546487 
801.2903 23.293 89.153 0.01022 0.69146 0.813 0.65425 9.0000 34.84 0.8610 0.8625 1.547307 
800.8657 23.306 89.163 0.01010 0.69166 0.815 0.65388 9.0000 34.47 0.8612 0.8627 1.548127 
800.4408 23.302 89.147 0.01029 0.69110 0.818 0.65350 9.0000 34.20 0.8603 0.8618 1.548949 
800.0159 23.326 89.151 0.01025 0.69150 0.816 0.65280 9.0000 35.00 0.8602 0.8617 1.549772 
799.5909 23.343 89.111 0.01073 0.69192 0.811 0.65244 9.0000 34.92 0.8595 0.8609 1.550595 
799.1658 23.360 89.111 0.01075 0.69280 0.813 0.65249 9.0000 34.82 0.8603 0.8617 1.551420 
798.7406 23.381 89.074 0.01122 0.69417 0.818 0.65283 9.0000 34.97 0.8611 0.8626 1.552246 
798.3153 23.413 89.072 0.01126 0.69519 0.825 0.65233 9.0000 35.23 0.8620 0.8634 1.553073 
797.8899 23.451 89.028 0.01182 0.69671 0.821 0.65203 9.0000 35.67 0.8632 0.8646 1.553901 
797.4644 23.461 89.034 0.01176 0.69741 0.820 0.65222 9.0000 35.94 0.8636 0.8650 1.554730 
797.0389 23.489 88.998 0.01222 0.69889 0.824 0.65234 9.0000 35.64 0.8642 0.8656 1.555560 
796.6132 23.505 88.967 0.01262 0.70004 0.826 0.65265 9.0000 35.55 0.8651 0.8666 1.556391 
796.1875 23.513 88.946 0.01288 0.69980 0.820 0.65209 9.0000 36.10 0.8649 0.8664 1.557224 
795.7617 23.538 88.914 0.01328 0.70051 0.814 0.65164 9.0000 35.56 0.8647 0.8662 1.558057 
795.3357 23.564 88.885 0.01364 0.70099 0.825 0.65091 9.0000 36.01 0.8655 0.8670 1.558891 
794.9097 23.595 88.848 0.01411 0.70184 0.818 0.65027 9.0000 36.32 0.8663 0.8678 1.559727 
794.4836 23.617 88.790 0.01483 0.70216 0.819 0.64956 9.0000 36.33 0.8658 0.8674 1.560563 
794.0574 23.629 88.808 0.01462 0.70292 0.825 0.64973 9.0000 36.33 0.8667 0.8683 1.561401 
793.6310 23.647 88.785 0.01494 0.70428 0.819 0.65018 9.0000 36.97 0.8671 0.8687 1.562240 
793.2047 23.670 88.733 0.01559 0.70497 0.822 0.64979 9.0000 36.97 0.8675 0.8691 1.563079 
792.7782 23.685 88.715 0.01582 0.70513 0.822 0.64925 9.0000 36.58 0.8670 0.8686 1.563920 
792.3516 23.700 88.714 0.01584 0.70561 0.827 0.64900 9.0000 36.92 0.8670 0.8685 1.564762 
791.9249 23.697 88.715 0.01583 0.70581 0.812 0.64930 9.0000 36.37 0.8666 0.8682 1.565605 
791.4982 23.732 88.697 0.01608 0.70672 0.813 0.64859 9.0000 36.50 0.8668 0.8684 1.566449 
791.0714 23.748 88.688 0.01620 0.70739 0.806 0.64848 9.0000 36.88 0.8674 0.8690 1.567295 
790.6444 23.761 88.681 0.01630 0.70812 0.814 0.64852 9.0000 36.64 0.8681 0.8697 1.568141 
790.2173 23.775 88.666 0.01650 0.70815 0.812 0.64792 9.0000 36.91 0.8684 0.8700 1.568989 
789.7902 23.796 88.638 0.01685 0.70883 0.826 0.64761 9.0000 37.04 0.8683 0.8699 1.569837 
789.3630 23.811 88.622 0.01705 0.70916 0.815 0.64726 9.0000 36.88 0.8684 0.8700 1.570687 
788.9357 23.831 88.627 0.01702 0.70995 0.817 0.64707 9.0000 37.45 0.8689 0.8705 1.571537 
788.5083 23.842 88.615 0.01717 0.71034 0.810 0.64691 9.0000 37.63 0.8686 0.8702 1.572389 
788.0807 23.841 88.633 0.01696 0.71084 0.814 0.64741 9.0000 37.26 0.8691 0.8707 1.573242 
787.6532 23.859 88.623 0.01711 0.71175 0.815 0.64740 9.0000 37.47 0.8697 0.8713 1.574096 
787.2255 23.861 88.629 0.01703 0.71161 0.808 0.64721 9.0000 37.27 0.8692 0.8708 1.574951 
786.7977 23.862 88.582 0.01761 0.71152 0.813 0.64706 9.0000 37.78 0.8685 0.8701 1.575808 
786.3699 23.871 88.571 0.01778 0.71269 0.816 0.64776 9.0000 37.82 0.8692 0.8707 1.576665 
785.9419 23.887 88.568 0.01783 0.71333 0.810 0.64760 9.0000 37.87 0.8702 0.8717 1.577524 
785.5139 23.898 88.559 0.01795 0.71369 0.813 0.64741 9.0000 37.59 0.8706 0.8721 1.578383 
785.0857 23.910 88.533 0.01829 0.71415 0.817 0.64732 9.0000 38.38 0.8701 0.8716 1.579244 
784.6575 23.929 88.495 0.01878 0.71482 0.817 0.64707 9.0000 38.30 0.8702 0.8718 1.580106 
784.2291 23.934 88.502 0.01870 0.71483 0.822 0.64683 9.0000 38.44 0.8704 0.8720 1.580969 
783.8007 23.938 88.483 0.01893 0.71489 0.821 0.64673 9.0000 38.40 0.8704 0.8719 1.581833 
783.3722 23.947 88.477 0.01901 0.71522 0.813 0.64664 9.0000 38.42 0.8706 0.8721 1.582698 
782.9435 23.977 88.445 0.01943 0.71575 0.815 0.64577 9.0000 38.74 0.8709 0.8724 1.583565 
782.5148 23.996 88.435 0.01958 0.71675 0.806 0.64577 9.0000 38.64 0.8720 0.8735 1.584433 
782.0861 23.996 88.457 0.01931 0.71693 0.804 0.64594 9.0000 38.35 0.8723 0.8738 1.585301 
781.6572 23.997 88.465 0.01922 0.71708 0.812 0.64604 9.0000 38.12 0.8724 0.8739 1.586171 
781.2282 24.007 88.449 0.01943 0.71750 0.813 0.64597 9.0000 38.54 0.8726 0.8741 1.587042 
780.7991 24.019 88.456 0.01935 0.71781 0.818 0.64568 9.0000 38.67 0.8729 0.8744 1.587914 
780.3699 24.034 88.449 0.01945 0.71844 0.812 0.64559 9.0000 38.72 0.8735 0.8749 1.588788 
779.9407 24.042 88.447 0.01947 0.71851 0.818 0.64530 9.0000 38.97 0.8737 0.8751 1.589662 
779.5113 24.054 88.449 0.01946 0.71857 0.815 0.64481 9.0000 38.85 0.8736 0.8750 1.590537 
779.0818 24.084 88.426 0.01977 0.71911 0.833 0.64390 9.0000 39.05 0.8737 0.8752 1.591414 
778.6523 24.117 88.391 0.02023 0.72007 0.819 0.64330 9.0000 39.11 0.8742 0.8756 1.592292 
778.2227 24.142 88.368 0.02053 0.72074 0.810 0.64279 9.0000 39.44 0.8745 0.8759 1.593171 
777.7930 24.158 88.373 0.02049 0.72103 0.815 0.64232 9.0000 39.04 0.8751 0.8765 1.594051 
777.3632 24.185 88.361 0.02065 0.72182 0.817 0.64181 9.0000 38.82 0.8755 0.8769 1.594933 
776.9332 24.207 88.347 0.02084 0.72210 0.815 0.64107 9.0000 39.42 0.8759 0.8773 1.595815 
776.5032 24.227 88.327 0.02110 0.72252 0.811 0.64054 9.0000 39.76 0.8762 0.8776 1.596699 
776.0731 24.239 88.315 0.02127 0.72291 0.821 0.64035 9.0000 39.55 0.8762 0.8776 1.597584 
775.6429 24.256 88.281 0.02171 0.72339 0.827 0.64003 9.0000 39.25 0.8762 0.8776 1.598470 
775.2126 24.277 88.270 0.02185 0.72337 0.820 0.63905 9.0000 39.80 0.8760 0.8774 1.599357 
774.7822 24.303 88.256 0.02204 0.72390 0.822 0.63838 9.0000 40.17 0.8765 0.8779 1.600246 
774.3517 24.317 88.276 0.02180 0.72426 0.822 0.63807 9.0000 40.20 0.8767 0.8781 1.601135 
773.9212 24.334 88.261 0.02201 0.72492 0.817 0.63788 9.0000 39.93 0.8772 0.8785 1.602026 
773.4905 24.348 88.266 0.02196 0.72542 0.807 0.63766 9.0000 39.92 0.8775 0.8789 1.602918 
773.0598 24.369 88.263 0.02203 0.72621 0.806 0.63744 9.0000 40.76 0.8778 0.8792 1.603811 
772.6289 24.392 88.253 0.02217 0.72693 0.818 0.63705 9.0000 40.36 0.8784 0.8797 1.604706 
772.1980 24.421 88.226 0.02253 0.72764 0.819 0.63638 9.0000 40.31 0.8788 0.8802 1.605601 
771.7669 24.430 88.216 0.02267 0.72787 0.816 0.63619 9.0000 40.36 0.8791 0.8804 1.606498 
771.3358 24.443 88.216 0.02268 0.72803 0.814 0.63571 9.0000 40.72 0.8795 0.8808 1.607396 
770.9046 24.461 88.207 0.02280 0.72851 0.816 0.63536 9.0000 40.52 0.8799 0.8813 1.608295 
770.4733 24.482 88.195 0.02298 0.72912 0.816 0.63493 9.0000 40.66 0.8806 0.8820 1.609195 
770.0419 24.499 88.199 0.02295 0.72974 0.819 0.63469 9.0000 40.37 0.8812 0.8825 1.610097 
769.6104 24.522 88.203 0.02291 0.73049 0.818 0.63432 9.0000 40.91 0.8815 0.8828 1.610999 
769.1787 24.542 88.209 0.02286 0.73083 0.816 0.63374 9.0000 41.18 0.8815 0.8828 1.611904 
768.7471 24.549 88.213 0.02279 0.73064 0.817 0.63326 9.0000 41.17 0.8815 0.8828 1.612809 
768.3152 24.581 88.219 0.02276 0.73175 0.821 0.63276 9.0000 41.09 0.8823 0.8835 1.613715 
767.8834 24.608 88.199 0.02304 0.73251 0.820 0.63226 9.0000 41.38 0.8824 0.8836 1.614623 
767.4514 24.633 88.163 0.02352 0.73306 0.823 0.63163 9.0000 41.73 0.8826 0.8839 1.615531 
767.0193 24.653 88.156 0.02361 0.73330 0.820 0.63092 9.0000 41.87 0.8823 0.8836 1.616442 
766.5872 24.680 88.139 0.02385 0.73398 0.823 0.63034 9.0000 41.55 0.8826 0.8839 1.617353 
766.1549 24.700 88.115 0.02417 0.73418 0.820 0.62961 9.0000 41.93 0.8824 0.8837 1.618265 
765.7225 24.719 88.135 0.02392 0.73456 0.818 0.62909 9.0000 42.58 0.8824 0.8836 1.619179 
765.2901 24.743 88.137 0.02390 0.73481 0.817 0.62824 9.0000 42.29 0.8826 0.8839 1.620094 
764.8575 24.764 88.148 0.02379 0.73555 0.820 0.62795 9.0000 42.53 0.8829 0.8842 1.621010 
764.4249 24.782 88.138 0.02393 0.73640 0.819 0.62785 9.0000 42.30 0.8835 0.8848 1.621928 
763.9922 24.803 88.141 0.02393 0.73727 0.814 0.62766 9.0000 42.44 0.8841 0.8854 1.622846 
763.5593 24.834 88.125 0.02417 0.73802 0.826 0.62694 9.0000 42.97 0.8845 0.8857 1.623766 
763.1264 24.853 88.139 0.02399 0.73824 0.821 0.62629 9.0000 42.73 0.8844 0.8857 1.624687 
762.6934 24.870 88.112 0.02436 0.73894 0.828 0.62611 9.0000 43.13 0.8846 0.8859 1.625610 
762.2603 24.886 88.103 0.02448 0.73901 0.827 0.62547 9.0000 43.34 0.8844 0.8857 1.626533 
761.8271 24.901 88.099 0.02455 0.73967 0.823 0.62535 9.0000 43.49 0.8847 0.8859 1.627458 
761.3938 24.921 88.086 0.02471 0.73959 0.827 0.62441 9.0000 43.35 0.8846 0.8858 1.628385 
760.9604 24.945 88.058 0.02510 0.74005 0.826 0.62375 9.0000 43.07 0.8846 0.8858 1.629312 
760.5269 24.966 88.062 0.02507 0.74087 0.818 0.62352 9.0000 43.55 0.8849 0.8861 1.630241 
760.0933 24.993 88.051 0.02523 0.74172 0.822 0.62306 9.0000 44.15 0.8856 0.8869 1.631171 
759.6597 25.017 88.031 0.02553 0.74265 0.820 0.62278 9.0000 43.94 0.8861 0.8874 1.632102 
759.2259 25.030 88.042 0.02540 0.74298 0.830 0.62246 9.0000 43.79 0.8864 0.8876 1.633034 
758.7921 25.046 88.053 0.02528 0.74351 0.823 0.62220 9.0000 44.00 0.8867 0.8880 1.633968 
758.3581 25.073 88.025 0.02566 0.74407 0.825 0.62151 9.0000 44.30 0.8867 0.8879 1.634903 
757.9240 25.086 88.023 0.02569 0.74396 0.828 0.62083 9.0000 44.82 0.8863 0.8876 1.635839 
757.4899 25.105 88.017 0.02577 0.74442 0.830 0.62038 9.0000 45.08 0.8866 0.8878 1.636777 
757.0556 25.121 88.018 0.02577 0.74465 0.823 0.61987 9.0000 44.69 0.8864 0.8877 1.637716 
756.6213 25.145 88.017 0.02580 0.74545 0.823 0.61948 9.0000 44.34 0.8868 0.8880 1.638656 
756.1868 25.171 87.987 0.02622 0.74602 0.824 0.61881 9.0000 44.25 0.8868 0.8881 1.639597 
755.7523 25.179 87.997 0.02610 0.74636 0.825 0.61874 9.0000 44.21 0.8869 0.8881 1.640540 
755.3177 25.196 87.998 0.02612 0.74708 0.829 0.61860 9.0000 45.45 0.8872 0.8885 1.641484 
754.8830 25.213 88.002 0.02607 0.74716 0.834 0.61793 9.0000 45.10 0.8871 0.8883 1.642429 
754.4482 25.223 88.010 0.02596 0.74711 0.833 0.61742 9.0000 45.26 0.8870 0.8882 1.643376 
754.0132 25.240 88.023 0.02580 0.74753 0.839 0.61704 9.0000 46.12 0.8872 0.8884 1.644324 
753.5782 25.254 88.017 0.02592 0.74835 0.831 0.61707 9.0000 45.42 0.8874 0.8886 1.645273 
753.1431 25.272 88.011 0.02601 0.74883 0.832 0.61670 9.0000 46.01 0.8876 0.8888 1.646223 
752.7079 25.284 88.017 0.02594 0.74921 0.829 0.61648 9.0000 45.62 0.8877 0.8889 1.647175 
752.2726 25.304 88.012 0.02602 0.74958 0.830 0.61589 9.0000 46.65 0.8876 0.8888 1.648129 
751.8373 25.316 88.013 0.02601 0.74960 0.830 0.61541 9.0000 46.04 0.8873 0.8885 1.649083 
751.4018 25.338 87.976 0.02652 0.75028 0.833 0.61500 9.0000 46.48 0.8875 0.8887 1.650039 
750.9662 25.356 87.975 0.02656 0.75090 0.833 0.61473 9.0000 46.50 0.8881 0.8893 1.650996 
750.5306 25.372 87.979 0.02650 0.75104 0.832 0.61413 9.0000 46.39 0.8883 0.8895 1.651954 
750.0948 25.391 87.961 0.02675 0.75144 0.832 0.61364 9.0000 46.50 0.8879 0.8891 1.652914 
749.6589 25.409 87.961 0.02678 0.75204 0.838 0.61336 9.0000 46.53 0.8880 0.8892 1.653875 
749.2230 25.419 87.960 0.02679 0.75231 0.837 0.61310 9.0000 46.92 0.8881 0.8893 1.654837 
748.7869 25.433 87.964 0.02675 0.75249 0.836 0.61268 9.0000 47.34 0.8880 0.8892 1.655801 
748.3508 25.454 87.947 0.02700 0.75319 0.836 0.61233 9.0000 47.01 0.8883 0.8895 1.656766 
747.9146 25.470 87.960 0.02685 0.75400 0.836 0.61229 9.0000 47.12 0.8888 0.8900 1.657732 
747.4782 25.486 87.979 0.02662 0.75438 0.835 0.61186 9.0000 46.57 0.8891 0.8902 1.658700 
747.0417 25.500 87.975 0.02670 0.75492 0.842 0.61169 9.0000 47.03 0.8892 0.8904 1.659669 
746.6052 25.511 87.964 0.02684 0.75527 0.840 0.61151 9.0000 47.53 0.8891 0.8903 1.660639 
746.1686 25.533 87.947 0.02710 0.75604 0.836 0.61118 9.0000 47.72 0.8894 0.8906 1.661611 
745.7319 25.558 87.924 0.02744 0.75679 0.840 0.61071 9.0000 47.29 0.8897 0.8909 1.662584 
745.2950 25.577 87.920 0.02751 0.75755 0.844 0.61047 9.0000 47.41 0.8900 0.8912 1.663559 
744.8582 25.604 87.896 0.02786 0.75812 0.843 0.60980 9.0000 47.93 0.8901 0.8913 1.664534 
744.4211 25.616 87.905 0.02775 0.75846 0.838 0.60953 9.0000 47.49 0.8902 0.8914 1.665512 
743.9841 25.630 87.911 0.02770 0.75929 0.833 0.60956 9.0000 47.89 0.8906 0.8918 1.666490 
743.5468 25.648 87.895 0.02793 0.75973 0.841 0.60915 9.0000 47.62 0.8906 0.8918 1.667470 
743.1096 25.667 87.893 0.02796 0.76001 0.839 0.60858 9.0000 48.06 0.8908 0.8919 1.668451 
742.6722 25.678 87.911 0.02773 0.76034 0.845 0.60832 9.0000 47.92 0.8910 0.8922 1.669434 
742.2347 25.690 87.922 0.02760 0.76051 0.845 0.60794 9.0000 48.40 0.8910 0.8921 1.670418 
741.7971 25.706 87.902 0.02787 0.76078 0.847 0.60747 9.0000 48.58 0.8908 0.8920 1.671403 
741.3594 25.717 87.898 0.02792 0.76086 0.842 0.60708 9.0000 47.89 0.8908 0.8919 1.672390 
740.9216 25.727 87.906 0.02783 0.76131 0.852 0.60696 9.0000 49.15 0.8910 0.8921 1.673378 
740.4838 25.742 87.910 0.02779 0.76154 0.843 0.60652 9.0000 48.95 0.8909 0.8920 1.674367 
740.0458 25.752 87.933 0.02749 0.76165 0.841 0.60617 9.0000 49.31 0.8910 0.8921 1.675358 
739.6077 25.761 87.952 0.02724 0.76175 0.848 0.60583 9.0000 49.43 0.8911 0.8922 1.676351 
739.1696 25.776 87.953 0.02725 0.76246 0.844 0.60574 9.0000 48.99 0.8912 0.8923 1.677344 
738.7313 25.789 87.960 0.02717 0.76283 0.850 0.60548 9.0000 49.27 0.8913 0.8924 1.678339 
738.2930 25.805 87.952 0.02728 0.76301 0.847 0.60492 9.0000 49.72 0.8912 0.8923 1.679336 
737.8545 25.818 87.952 0.02729 0.76323 0.847 0.60455 9.0000 49.48 0.8912 0.8923 1.680334 
737.4160 25.836 87.950 0.02734 0.76370 0.850 0.60411 9.0000 49.39 0.8914 0.8925 1.681333 
736.9773 25.850 87.955 0.02726 0.76363 0.848 0.60346 9.0000 49.01 0.8913 0.8924 1.682334 
736.5386 25.861 87.956 0.02725 0.76377 0.851 0.60309 9.0000 49.22 0.8912 0.8923 1.683336 
736.0997 25.878 87.966 0.02713 0.76394 0.854 0.60251 9.0000 50.88 0.8912 0.8922 1.684340 
735.6608 25.894 87.972 0.02706 0.76420 0.852 0.60200 9.0000 49.92 0.8912 0.8922 1.685344 
735.2218 25.906 87.972 0.02707 0.76444 0.853 0.60168 9.0000 49.93 0.8912 0.8922 1.686351 
734.7827 25.913 87.992 0.02680 0.76417 0.853 0.60116 9.0000 49.81 0.8909 0.8919 1.687359 
734.3434 25.924 87.989 0.02684 0.76440 0.861 0.60084 9.0000 50.53 0.8907 0.8918 1.688368 
733.9041 25.942 87.979 0.02699 0.76462 0.860 0.60027 9.0000 50.62 0.8906 0.8916 1.689379 
733.4647 25.949 87.983 0.02693 0.76456 0.857 0.59992 9.0000 51.24 0.8904 0.8914 1.690391 
733.0252 25.957 87.994 0.02677 0.76457 0.858 0.59955 9.0000 50.80 0.8905 0.8915 1.691404 
732.5856 25.976 87.978 0.02702 0.76527 0.854 0.59929 9.0000 50.89 0.8906 0.8916 1.692419 
732.1459 25.986 87.982 0.02697 0.76536 0.857 0.59895 9.0000 50.63 0.8905 0.8915 1.693436 
731.7061 25.992 87.981 0.02697 0.76500 0.860 0.59840 9.0000 51.28 0.8902 0.8912 1.694453 
731.2662 26.003 87.993 0.02682 0.76526 0.855 0.59814 9.0000 51.04 0.8904 0.8914 1.695473 
730.8262 26.011 87.996 0.02678 0.76536 0.863 0.59788 9.0000 51.14 0.8905 0.8914 1.696494 
730.3861 26.016 88.016 0.02650 0.76501 0.861 0.59736 9.0000 51.33 0.8903 0.8913 1.697516 
729.9459 26.029 88.017 0.02650 0.76514 0.866 0.59692 9.0000 51.74 0.8903 0.8913 1.698539 
729.5057 26.040 88.013 0.02653 0.76482 0.869 0.59618 9.0000 51.08 0.8903 0.8912 1.699564 
729.0653 26.057 87.994 0.02681 0.76524 0.870 0.59580 9.0000 50.95 0.8904 0.8913 1.700591 
728.6248 26.061 87.997 0.02676 0.76516 0.864 0.59553 9.0000 50.86 0.8902 0.8911 1.701619 
728.1843 26.066 88.009 0.02660 0.76516 0.869 0.59534 9.0000 51.45 0.8900 0.8909 1.702648 
727.7436 26.079 88.012 0.02656 0.76518 0.865 0.59480 9.0000 51.22 0.8900 0.8909 1.703680 
727.3028 26.085 88.022 0.02642 0.76498 0.868 0.59436 9.0000 51.27 0.8899 0.8908 1.704712 
726.8619 26.103 88.002 0.02670 0.76529 0.871 0.59385 9.0000 51.64 0.8898 0.8907 1.705746 
726.4210 26.111 88.006 0.02664 0.76527 0.872 0.59351 9.0000 51.86 0.8896 0.8905 1.706781 
725.9799 26.123 88.010 0.02660 0.76551 0.872 0.59318 9.0000 51.48 0.8898 0.8907 1.707818 
725.5388 26.139 87.990 0.02686 0.76541 0.872 0.59240 9.0000 51.54 0.8896 0.8905 1.708857 
725.0975 26.157 87.971 0.02713 0.76562 0.878 0.59182 9.0000 52.17 0.8898 0.8907 1.709897 
724.6561 26.172 87.970 0.02714 0.76571 0.871 0.59123 9.0000 51.16 0.8900 0.8908 1.710938 
724.2147 26.178 87.972 0.02710 0.76547 0.874 0.59079 9.0000 51.73 0.8899 0.8908 1.711981 
723.7732 26.186 87.973 0.02709 0.76549 0.876 0.59047 9.0000 51.69 0.8898 0.8907 1.713025 
723.3315 26.197 87.977 0.02703 0.76543 0.872 0.58995 9.0000 51.11 0.8898 0.8906 1.714072 
722.8898 26.212 87.958 0.02730 0.76571 0.881 0.58956 9.0000 52.37 0.8899 0.8907 1.715119 
722.4479 26.224 87.955 0.02734 0.76581 0.878 0.58909 9.0000 52.27 0.8899 0.8907 1.716168 
722.0060 26.233 87.951 0.02740 0.76582 0.882 0.58873 9.0000 52.19 0.8898 0.8907 1.717218 
721.5640 26.254 87.925 0.02776 0.76627 0.874 0.58819 9.0000 51.75 0.8901 0.8909 1.718270 
721.1218 26.267 87.925 0.02777 0.76651 0.880 0.58780 9.0000 52.09 0.8902 0.8910 1.719324 
720.6796 26.280 87.930 0.02772 0.76675 0.879 0.58747 9.0000 52.64 0.8903 0.8911 1.720379 
720.2373 26.292 87.922 0.02783 0.76688 0.881 0.58704 9.0000 52.76 0.8904 0.8912 1.721435 
719.7949 26.299 87.936 0.02764 0.76678 0.876 0.58669 9.0000 52.55 0.8903 0.8911 1.722493 
719.3524 26.315 87.927 0.02777 0.76705 0.881 0.58620 9.0000 52.34 0.8906 0.8915 1.723553 
718.9097 26.327 87.921 0.02785 0.76708 0.886 0.58574 9.0000 52.58 0.8906 0.8914 1.724614 
718.4670 26.338 87.913 0.02795 0.76713 0.886 0.58528 9.0000 52.96 0.8908 0.8916 1.725677 
718.0242 26.363 87.888 0.02832 0.76775 0.892 0.58472 9.0000 53.35 0.8910 0.8918 1.726741 
717.5813 26.379 87.873 0.02852 0.76795 0.888 0.58418 9.0000 53.24 0.8911 0.8919 1.727807 
717.1383 26.397 87.862 0.02867 0.76815 0.884 0.58358 9.0000 52.27 0.8911 0.8920 1.728874 
716.6952 26.413 87.851 0.02884 0.76839 0.889 0.58311 9.0000 52.98 0.8912 0.8920 1.729943 
716.2520 26.431 87.838 0.02901 0.76862 0.893 0.58254 9.0000 53.43 0.8913 0.8921 1.731013 
715.8087 26.448 87.809 0.02942 0.76903 0.892 0.58214 9.0000 53.44 0.8913 0.8921 1.732086 
715.3653 26.466 87.790 0.02970 0.76946 0.897 0.58169 9.0000 53.77 0.8916 0.8924 1.733159 
714.9218 26.480 87.795 0.02963 0.76956 0.894 0.58119 9.0000 53.41 0.8917 0.8925 1.734234 
714.4782 26.497 87.779 0.02985 0.76994 0.895 0.58076 9.0000 53.52 0.8918 0.8926 1.735311 
714.0345 26.517 87.751 0.03026 0.77045 0.900 0.58033 9.0000 53.60 0.8918 0.8926 1.736389 
713.5907 26.535 87.737 0.03046 0.77090 0.900 0.57991 9.0000 53.80 0.8922 0.8930 1.737469 
713.1469 26.551 87.713 0.03079 0.77090 0.894 0.57924 9.0000 53.06 0.8921 0.8929 1.738550 
712.7028 26.568 87.697 0.03101 0.77107 0.901 0.57866 9.0000 53.52 0.8922 0.8930 1.739634 
712.2588 26.589 87.677 0.03130 0.77164 0.904 0.57821 9.0000 54.31 0.8926 0.8934 1.740718 
711.8146 26.608 87.663 0.03151 0.77214 0.903 0.57779 9.0000 53.66 0.8929 0.8937 1.741805 
711.3703 26.628 87.644 0.03179 0.77256 0.909 0.57727 9.0000 54.28 0.8931 0.8939 1.742892 
710.9259 26.652 87.610 0.03227 0.77307 0.905 0.57663 9.0000 53.69 0.8932 0.8940 1.743982 
710.4814 26.670 87.594 0.03249 0.77334 0.905 0.57609 9.0000 53.90 0.8933 0.8941 1.745073 
710.0369 26.693 87.581 0.03269 0.77384 0.905 0.57549 9.0000 53.88 0.8935 0.8943 1.746165 
709.5922 26.714 87.562 0.03296 0.77427 0.908 0.57497 9.0000 53.71 0.8937 0.8945 1.747260 
709.1474 26.735 87.555 0.03308 0.77470 0.907 0.57442 9.0000 54.22 0.8940 0.8948 1.748356 
708.7026 26.754 87.544 0.03324 0.77497 0.913 0.57381 9.0000 54.78 0.8941 0.8949 1.749453 
708.2576 26.775 87.534 0.03339 0.77526 0.911 0.57317 9.0000 54.65 0.8943 0.8951 1.750552 
707.8125 26.793 87.524 0.03354 0.77571 0.915 0.57274 9.0000 53.90 0.8945 0.8953 1.751653 
707.3674 26.815 87.502 0.03385 0.77602 0.915 0.57206 9.0000 54.26 0.8946 0.8954 1.752755 
706.9221 26.838 87.487 0.03408 0.77648 0.919 0.57143 9.0000 54.81 0.8949 0.8956 1.753859 
706.4767 26.861 87.465 0.03439 0.77689 0.921 0.57079 9.0000 55.16 0.8951 0.8958 1.754965 
706.0313 26.885 87.431 0.03488 0.77731 0.922 0.57011 9.0000 55.03 0.8951 0.8959 1.756072 
705.5857 26.908 87.412 0.03516 0.77774 0.919 0.56945 9.0000 55.29 0.8954 0.8961 1.757181 
705.1401 26.930 87.401 0.03533 0.77835 0.917 0.56902 9.0000 54.65 0.8956 0.8964 1.758292 
704.6943 26.951 87.392 0.03549 0.77896 0.924 0.56856 9.0000 54.67 0.8959 0.8967 1.759404 
704.2484 26.971 87.376 0.03572 0.77926 0.926 0.56797 9.0000 54.44 0.8958 0.8966 1.760518 
703.8025 26.992 87.365 0.03588 0.77964 0.932 0.56738 9.0000 54.67 0.8958 0.8966 1.761633 
703.3564 27.015 87.333 0.03634 0.78023 0.931 0.56684 9.0000 54.36 0.8959 0.8967 1.762751 
702.9103 27.041 87.317 0.03660 0.78092 0.929 0.56628 9.0000 55.39 0.8962 0.8970 1.763869 
702.4641 27.067 87.288 0.03701 0.78139 0.934 0.56556 9.0000 55.81 0.8964 0.8972 1.764990 
702.0177 27.091 87.273 0.03725 0.78195 0.933 0.56498 9.0000 55.35 0.8967 0.8975 1.766112 
701.5712 27.114 87.254 0.03753 0.78254 0.932 0.56446 9.0000 55.64 0.8969 0.8977 1.767236 
701.1247 27.138 87.244 0.03771 0.78331 0.940 0.56401 9.0000 55.73 0.8972 0.8980 1.768361 
700.6780 27.160 87.234 0.03788 0.78389 0.939 0.56350 9.0000 55.26 0.8974 0.8983 1.769489 
700.2313 27.182 87.222 0.03807 0.78459 0.946 0.56313 9.0000 55.76 0.8977 0.8985 1.770618 
699.7844 27.205 87.208 0.03829 0.78519 0.947 0.56259 9.0000 54.84 0.8980 0.8988 1.771748 
699.3375 27.227 87.195 0.03850 0.78574 0.941 0.56209 9.0000 55.03 0.8982 0.8991 1.772881 
698.8904 27.250 87.175 0.03880 0.78642 0.942 0.56163 9.0000 55.62 0.8985 0.8993 1.774015 
698.4433 27.275 87.161 0.03902 0.78696 0.944 0.56100 9.0000 55.49 0.8988 0.8996 1.775150 
697.9961 27.302 87.131 0.03949 0.78788 0.948 0.56053 9.0000 55.37 0.8992 0.9001 1.776288 
697.5488 27.326 87.112 0.03978 0.78841 0.953 0.55994 9.0000 55.51 0.8995 0.9003 1.777427 
697.1013 27.346 87.097 0.04000 0.78891 0.960 0.55946 9.0000 55.75 0.8996 0.9004 1.778568 
696.6537 27.369 87.084 0.04021 0.78946 0.962 0.55890 9.0000 55.87 0.8998 0.9006 1.779711 
696.2061 27.394 87.065 0.04051 0.79015 0.960 0.55838 9.0000 55.17 0.9000 0.9008 1.780855 
695.7584 27.419 87.050 0.04074 0.79071 0.961 0.55773 9.0000 55.56 0.9002 0.9010 1.782001 
695.3105 27.445 87.026 0.04109 0.79113 0.965 0.55698 9.0000 56.52 0.9002 0.9011 1.783149 
694.8626 27.470 87.010 0.04136 0.79172 0.965 0.55635 9.0000 56.28 0.9007 0.9015 1.784298 
694.4146 27.492 86.995 0.04159 0.79224 0.964 0.55583 9.0000 56.29 0.9009 0.9017 1.785449 
693.9664 27.519 86.980 0.04182 0.79288 0.970 0.55518 9.0000 55.42 0.9011 0.9020 1.786602 
693.5182 27.548 86.959 0.04218 0.79384 0.968 0.55464 9.0000 55.41 0.9015 0.9023 1.787757 
693.0699 27.575 86.947 0.04237 0.79455 0.977 0.55405 9.0000 55.37 0.9017 0.9025 1.788913 
692.6215 27.599 86.940 0.04252 0.79536 0.974 0.55362 9.0000 55.76 0.9019 0.9028 1.790071 
692.1729 27.623 86.928 0.04271 0.79590 0.977 0.55300 9.0000 55.88 0.9020 0.9028 1.791231 
691.7243 27.649 86.913 0.04295 0.79638 0.973 0.55227 9.0000 56.41 0.9022 0.9031 1.792393 
691.2756 27.678 86.896 0.04322 0.79697 0.972 0.55149 9.0000 56.05 0.9025 0.9034 1.793557 
690.8267 27.702 86.879 0.04348 0.79743 0.984 0.55086 9.0000 55.77 0.9027 0.9036 1.794722 
690.3778 27.729 86.860 0.04378 0.79813 0.981 0.55021 9.0000 55.43 0.9030 0.9039 1.795889 
689.9288 27.753 86.848 0.04398 0.79874 0.989 0.54965 9.0000 55.09 0.9034 0.9042 1.797058 
689.4797 27.782 86.831 0.04426 0.79927 0.988 0.54886 9.0000 55.40 0.9037 0.9045 1.798228 
689.0304 27.804 86.817 0.04447 0.79973 0.988 0.54826 9.0000 54.62 0.9038 0.9047 1.799401 
688.5811 27.829 86.802 0.04471 0.80030 0.988 0.54763 9.0000 56.09 0.9041 0.9050 1.800575 
688.1317 27.853 86.786 0.04496 0.80077 0.986 0.54698 9.0000 55.84 0.9043 0.9051 1.801751 
687.6821 27.875 86.776 0.04515 0.80134 0.995 0.54646 9.0000 56.21 0.9045 0.9053 1.802929 
687.2325 27.902 86.755 0.04547 0.80200 0.999 0.54583 9.0000 56.23 0.9047 0.9056 1.804108 
686.7828 27.927 86.742 0.04568 0.80250 1.008 0.54515 9.0000 56.09 0.9049 0.9057 1.805290 
686.3329 27.952 86.730 0.04588 0.80306 1.007 0.54450 9.0000 55.65 0.9050 0.9059 1.806473 
685.8830 27.978 86.718 0.04607 0.80352 1.006 0.54376 9.0000 55.52 0.9051 0.9060 1.807658 
685.4330 28.007 86.709 0.04625 0.80424 1.006 0.54308 9.0000 55.92 0.9054 0.9062 1.808845 
684.9828 28.034 86.698 0.04644 0.80483 1.007 0.54237 9.0000 55.88 0.9057 0.9066 1.810034 
684.5327 28.057 86.689 0.04658 0.80521 1.008 0.54171 9.0000 55.93 0.9058 0.9066 1.811224 
684.0823 28.082 86.677 0.04678 0.80561 1.014 0.54094 9.0000 55.63 0.9058 0.9067 1.812416 
683.6319 28.108 86.666 0.04696 0.80611 1.021 0.54024 9.0000 55.72 0.9059 0.9068 1.813610 
683.1813 28.130 86.654 0.04715 0.80650 1.026 0.53959 9.0000 55.31 0.9060 0.9068 1.814807 
682.7307 28.160 86.632 0.04750 0.80711 1.026 0.53881 9.0000 55.59 0.9062 0.9071 1.816004 
682.2800 28.184 86.622 0.04767 0.80750 1.025 0.53807 9.0000 55.88 0.9063 0.9072 1.817204 
681.8292 28.212 86.608 0.04788 0.80793 1.023 0.53723 9.0000 55.25 0.9066 0.9074 1.818405 
681.3782 28.238 86.596 0.04808 0.80837 1.026 0.53648 9.0000 55.70 0.9068 0.9076 1.819609 
680.9272 28.258 86.585 0.04825 0.80873 1.037 0.53590 9.0000 55.36 0.9069 0.9077 1.820814 
680.4761 28.282 86.571 0.04848 0.80914 1.036 0.53520 9.0000 55.79 0.9070 0.9079 1.822021 
680.0248 28.305 86.558 0.04869 0.80946 1.043 0.53449 9.0000 55.44 0.9071 0.9079 1.823230 
679.5735 28.329 86.543 0.04893 0.80992 1.044 0.53385 9.0000 55.67 0.9074 0.9082 1.824441 
679.1221 28.350 86.531 0.04911 0.81017 1.043 0.53318 9.0000 55.65 0.9074 0.9083 1.825654 
678.6705 28.373 86.523 0.04925 0.81045 1.052 0.53243 9.0000 56.33 0.9076 0.9084 1.826869 
678.2189 28.396 86.516 0.04937 0.81086 1.053 0.53178 9.0000 56.37 0.9076 0.9085 1.828085 
677.7672 28.419 86.497 0.04967 0.81141 1.054 0.53120 9.0000 55.52 0.9078 0.9086 1.829303 
677.3154 28.442 86.488 0.04982 0.81172 1.059 0.53047 9.0000 55.27 0.9079 0.9087 1.830524 
676.8634 28.466 86.477 0.05000 0.81218 1.066 0.52982 9.0000 55.98 0.9081 0.9090 1.831746 
676.4114 28.487 86.470 0.05012 0.81240 1.070 0.52911 9.0000 55.99 0.9082 0.9090 1.832970 
675.9592 28.507 86.459 0.05029 0.81273 1.071 0.52852 9.0000 56.12 0.9083 0.9091 1.834196 
675.5070 28.530 86.447 0.05049 0.81311 1.072 0.52786 9.0000 55.99 0.9085 0.9093 1.835424 
675.0547 28.551 86.445 0.05054 0.81342 1.073 0.52720 9.0000 55.68 0.9086 0.9095 1.836654 
674.6022 28.573 86.434 0.05071 0.81360 1.078 0.52643 9.0000 55.79 0.9086 0.9095 1.837886 
674.1497 28.597 86.420 0.05092 0.81384 1.083 0.52562 9.0000 56.18 0.9087 0.9095 1.839120 
673.6971 28.616 86.412 0.05105 0.81399 1.083 0.52497 9.0000 55.61 0.9088 0.9096 1.840355 
673.2443 28.637 86.406 0.05115 0.81447 1.090 0.52442 9.0000 55.99 0.9091 0.9099 1.841593 
672.7915 28.658 86.396 0.05132 0.81470 1.094 0.52373 9.0000 56.37 0.9093 0.9102 1.842832 
672.3386 28.678 86.388 0.05144 0.81493 1.100 0.52309 9.0000 56.34 0.9096 0.9104 1.844074 
671.8855 28.698 86.378 0.05160 0.81511 1.096 0.52242 9.0000 55.94 0.9097 0.9106 1.845317 
671.4324 28.718 86.367 0.05177 0.81538 1.104 0.52177 9.0000 55.95 0.9100 0.9108 1.846563 
670.9791 28.739 86.359 0.05191 0.81579 1.105 0.52119 9.0000 56.38 0.9101 0.9109 1.847810 
670.5258 28.762 86.342 0.05217 0.81599 1.115 0.52044 9.0000 56.17 0.9102 0.9110 1.849059 
670.0723 28.782 86.329 0.05237 0.81632 1.123 0.51982 9.0000 56.78 0.9105 0.9113 1.850311 
669.6188 28.803 86.321 0.05251 0.81656 1.120 0.51917 9.0000 55.71 0.9107 0.9115 1.851564 
669.1651 28.823 86.311 0.05265 0.81674 1.129 0.51846 9.0000 56.61 0.9109 0.9117 1.852819 
668.7114 28.844 86.308 0.05274 0.81718 1.129 0.51790 9.0000 56.32 0.9110 0.9118 1.854076 
668.2575 28.863 86.306 0.05278 0.81757 1.131 0.51739 9.0000 56.38 0.9111 0.9119 1.855336 
667.8035 28.887 86.295 0.05297 0.81794 1.131 0.51669 9.0000 56.31 0.9112 0.9120 1.856597 
667.3495 28.908 86.280 0.05319 0.81812 1.139 0.51598 9.0000 56.48 0.9113 0.9121 1.857860 
666.8953 28.929 86.273 0.05331 0.81835 1.148 0.51529 9.0000 56.64 0.9116 0.9124 1.859125 
666.4411 28.948 86.264 0.05346 0.81862 1.148 0.51468 9.0000 55.53 0.9118 0.9126 1.860392 
665.9868 28.969 86.258 0.05356 0.81888 1.146 0.51403 9.0000 55.89 0.9121 0.9129 1.861661 
665.5323 28.988 86.247 0.05374 0.81929 1.157 0.51352 9.0000 56.59 0.9124 0.9132 1.862933 
665.0777 29.008 86.240 0.05387 0.81966 1.156 0.51295 9.0000 55.66 0.9127 0.9135 1.864206 
664.6230 29.029 86.229 0.05404 0.81989 1.160 0.51229 9.0000 56.34 0.9129 0.9136 1.865482 
664.1683 29.050 86.222 0.05417 0.82029 1.165 0.51171 9.0000 56.30 0.9131 0.9139 1.866759 
663.7134 29.070 86.215 0.05429 0.82062 1.170 0.51113 9.0000 56.22 0.9134 0.9141 1.868038 
663.2584 29.089 86.203 0.05448 0.82085 1.173 0.51050 9.0000 56.38 0.9135 0.9143 1.869319 
662.8034 29.108 86.196 0.05459 0.82103 1.176 0.50988 9.0000 55.10 0.9137 0.9145 1.870603 
662.3482 29.126 86.187 0.05474 0.82137 1.186 0.50937 9.0000 56.47 0.9139 0.9147 1.871888 
661.8929 29.145 86.175 0.05494 0.82168 1.192 0.50879 9.0000 56.60 0.9141 0.9149 1.873176 
661.4376 29.165 86.164 0.05511 0.82187 1.196 0.50816 9.0000 56.09 0.9143 0.9151 1.874465 
660.9821 29.183 86.157 0.05523 0.82212 1.199 0.50759 9.0000 56.41 0.9145 0.9152 1.875757 
660.5265 29.201 86.150 0.05534 0.82234 1.204 0.50700 9.0000 55.18 0.9146 0.9153 1.877051 
660.0708 29.220 86.144 0.05545 0.82263 1.214 0.50643 9.0000 56.60 0.9147 0.9155 1.878347 
659.6151 29.242 86.133 0.05563 0.82305 1.215 0.50583 9.0000 56.43 0.9150 0.9157 1.879644 
659.1592 29.263 86.125 0.05577 0.82336 1.218 0.50519 9.0000 56.17 0.9152 0.9160 1.880945 
658.7032 29.282 86.112 0.05598 0.82368 1.218 0.50464 9.0000 55.95 0.9155 0.9162 1.882247 
658.2471 29.299 86.102 0.05615 0.82397 1.231 0.50416 9.0000 56.67 0.9158 0.9165 1.883551 
657.7909 29.315 86.096 0.05624 0.82420 1.233 0.50366 9.0000 56.59 0.9161 0.9168 1.884857 
657.3346 29.332 86.090 0.05636 0.82456 1.249 0.50322 9.0000 56.24 0.9162 0.9169 1.886166 
656.8782 29.351 86.090 0.05639 0.82494 1.249 0.50272 9.0000 56.27 0.9163 0.9171 1.887476 
656.4218 29.368 86.084 0.05649 0.82522 1.256 0.50219 9.0000 56.18 0.9164 0.9172 1.888788 
655.9651 29.386 86.077 0.05660 0.82537 1.263 0.50157 9.0000 56.06 0.9166 0.9173 1.890103 
655.5084 29.405 86.066 0.05677 0.82562 1.262 0.50098 9.0000 55.52 0.9169 0.9176 1.891420 
655.0516 29.422 86.056 0.05693 0.82574 1.277 0.50041 9.0000 55.82 0.9171 0.9178 1.892739 
654.5947 29.439 86.047 0.05707 0.82586 1.284 0.49982 9.0000 56.36 0.9173 0.9180 1.894060 
654.1377 29.456 86.040 0.05719 0.82619 1.284 0.49933 9.0000 55.98 0.9175 0.9182 1.895384 
653.6806 29.472 86.030 0.05735 0.82640 1.296 0.49883 9.0000 56.31 0.9176 0.9183 1.896709 
653.2234 29.490 86.019 0.05752 0.82661 1.301 0.49826 9.0000 56.86 0.9177 0.9185 1.898037 
652.7661 29.507 86.014 0.05762 0.82681 1.300 0.49774 9.0000 55.92 0.9180 0.9187 1.899366 
652.3087 29.524 86.004 0.05777 0.82693 1.308 0.49712 9.0000 55.91 0.9182 0.9189 1.900698 
651.8511 29.539 86.001 0.05782 0.82711 1.318 0.49666 9.0000 55.66 0.9183 0.9191 1.902032 
651.3936 29.556 85.996 0.05791 0.82749 1.331 0.49621 9.0000 55.75 0.9187 0.9194 1.903368 
650.9358 29.573 85.995 0.05796 0.82785 1.340 0.49575 9.0000 56.65 0.9188 0.9195 1.904707 
650.4780 29.593 85.994 0.05801 0.82826 1.339 0.49523 9.0000 55.93 0.9191 0.9198 1.906047 
650.0201 29.613 85.990 0.05809 0.82867 1.343 0.49469 9.0000 55.48 0.9194 0.9201 1.907390 
649.5620 29.633 85.984 0.05820 0.82892 1.342 0.49406 9.0000 56.08 0.9197 0.9203 1.908735 
649.1039 29.651 85.976 0.05833 0.82909 1.354 0.49344 9.0000 55.38 0.9199 0.9206 1.910082 
648.6457 29.669 85.964 0.05851 0.82929 1.364 0.49287 9.0000 55.08 0.9202 0.9209 1.911432 
648.1873 29.690 85.959 0.05861 0.82964 1.379 0.49226 9.0000 55.64 0.9205 0.9212 1.912783 
647.7289 29.707 85.946 0.05882 0.82992 1.393 0.49178 9.0000 56.18 0.9208 0.9214 1.914137 
647.2703 29.726 85.939 0.05895 0.83027 1.389 0.49123 9.0000 55.75 0.9210 0.9217 1.915493 
646.8117 29.743 85.925 0.05917 0.83050 1.395 0.49071 9.0000 55.19 0.9212 0.9219 1.916851 
646.3530 29.762 85.917 0.05930 0.83074 1.398 0.49011 9.0000 54.47 0.9215 0.9222 1.918212 
645.8941 29.779 85.910 0.05941 0.83094 1.417 0.48958 9.0000 56.03 0.9217 0.9224 1.919575 
645.4351 29.799 85.901 0.05957 0.83119 1.422 0.48895 9.0000 55.28 0.9220 0.9226 1.920940 
644.9761 29.819 85.895 0.05969 0.83157 1.436 0.48838 9.0000 55.43 0.9222 0.9229 1.922307 
644.5169 29.836 85.880 0.05992 0.83183 1.434 0.48788 9.0000 55.62 0.9226 0.9233 1.923676 
644.0577 29.855 85.861 0.06022 0.83219 1.437 0.48738 9.0000 55.28 0.9228 0.9235 1.925048 
643.5983 29.871 85.846 0.06046 0.83252 1.450 0.48693 9.0000 54.87 0.9232 0.9238 1.926422 
643.1389 29.890 85.840 0.06059 0.83298 1.462 0.48646 9.0000 55.69 0.9234 0.9240 1.927798 
642.6793 29.906 85.833 0.06071 0.83332 1.473 0.48606 9.0000 55.76 0.9236 0.9243 1.929177 
642.2196 29.922 85.819 0.06095 0.83361 1.472 0.48559 9.0000 54.75 0.9240 0.9246 1.930558 
641.7598 29.943 85.812 0.06107 0.83407 1.485 0.48508 9.0000 54.52 0.9242 0.9248 1.931941 
641.2999 29.964 85.799 0.06130 0.83457 1.492 0.48454 9.0000 54.67 0.9246 0.9252 1.933326 
640.8400 29.988 85.788 0.06150 0.83507 1.498 0.48390 9.0000 54.65 0.9248 0.9255 1.934714 
640.3799 30.005 85.778 0.06167 0.83543 1.516 0.48344 9.0000 54.94 0.9250 0.9257 1.936104 
639.9197 30.027 85.764 0.06191 0.83596 1.535 0.48290 9.0000 55.55 0.9254 0.9261 1.937496 
639.4594 30.045 85.756 0.06206 0.83637 1.536 0.48246 9.0000 55.50 0.9256 0.9263 1.938891 
638.9990 30.063 85.744 0.06225 0.83659 1.539 0.48190 9.0000 56.07 0.9260 0.9266 1.940288 
638.5385 30.081 85.733 0.06245 0.83696 1.558 0.48141 9.0000 56.07 0.9262 0.9268 1.941687 
638.0779 30.099 85.721 0.06263 0.83707 1.556 0.48077 9.0000 56.43 0.9265 0.9271 1.943089 
637.6172 30.116 85.708 0.06284 0.83738 1.555 0.48029 9.0000 55.71 0.9267 0.9274 1.944493 
637.1564 30.138 85.699 0.06302 0.83786 1.562 0.47972 9.0000 55.86 0.9273 0.9279 1.945899 
636.6954 30.156 85.689 0.06318 0.83825 1.583 0.47927 9.0000 56.42 0.9276 0.9282 1.947308 
636.2344 30.176 85.670 0.06350 0.83871 1.593 0.47874 9.0000 56.10 0.9278 0.9284 1.948719 
635.7733 30.195 85.657 0.06371 0.83896 1.593 0.47815 9.0000 55.99 0.9280 0.9286 1.950132 
635.3121 30.210 85.644 0.06391 0.83907 1.601 0.47764 9.0000 55.25 0.9282 0.9288 1.951548 
634.8508 30.229 85.629 0.06418 0.83955 1.606 0.47721 9.0000 55.55 0.9286 0.9292 1.952966 
634.3893 30.249 85.614 0.06441 0.83981 1.627 0.47658 9.0000 55.59 0.9285 0.9292 1.954387 
633.9278 30.275 85.598 0.06472 0.84065 1.637 0.47605 9.0000 55.90 0.9286 0.9292 1.955809 
633.4662 30.305 85.584 0.06498 0.84145 1.653 0.47535 9.0000 55.70 0.9290 0.9296 1.957235 
633.0044 30.328 85.571 0.06521 0.84191 1.662 0.47473 9.0000 55.68 0.9292 0.9298 1.958662 
632.5425 30.349 85.566 0.06530 0.84226 1.667 0.47411 9.0000 55.81 0.9291 0.9297 1.960093 
632.0806 30.367 85.562 0.06540 0.84265 1.677 0.47362 9.0000 55.85 0.9295 0.9301 1.961525 
631.6186 30.380 85.559 0.06543 0.84248 1.679 0.47302 9.0000 54.92 0.9292 0.9298 1.962960 
631.1564 30.401 85.561 0.06542 0.84273 1.707 0.47238 9.0000 55.66 0.9298 0.9304 1.964397 
630.6942 30.414 85.542 0.06568 0.84251 1.702 0.47174 9.0000 55.87 0.9308 0.9314 1.965837 
630.2318 30.425 85.521 0.06600 0.84262 1.730 0.47138 9.0000 55.57 0.9319 0.9324 1.967279 
629.7693 30.427 85.510 0.06614 0.84231 1.732 0.47117 9.0000 55.07 0.9327 0.9333 1.968724 
629.3068 30.447 85.497 0.06639 0.84300 1.739 0.47078 9.0000 55.69 0.9333 0.9339 1.970171 
628.8441 30.454 85.488 0.06652 0.84284 1.750 0.47042 9.0000 54.94 0.9335 0.9341 1.971620 
628.3813 30.485 85.478 0.06674 0.84380 1.752 0.46978 9.0000 55.59 0.9338 0.9344 1.973073 
627.9184 30.509 85.465 0.06698 0.84451 1.773 0.46925 9.0000 54.88 0.9346 0.9352 1.974527 
627.4554 30.539 85.474 0.06692 0.84544 1.773 0.46861 9.0000 55.06 0.9343 0.9349 1.975984 
626.9923 30.553 85.458 0.06718 0.84568 1.796 0.46818 9.0000 55.15 0.9338 0.9344 1.977444 
626.5291 30.564 85.451 0.06725 0.84530 1.794 0.46755 9.0000 54.96 0.9330 0.9336 1.978905 
626.0658 30.572 85.447 0.06733 0.84553 1.798 0.46738 9.0000 54.82 0.9341 0.9347 1.980370 
625.6024 30.590 85.443 0.06741 0.84573 1.825 0.46680 9.0000 55.23 0.9348 0.9354 1.981837 
625.1389 30.610 85.475 0.06695 0.84604 1.843 0.46618 9.0000 55.23 0.9354 0.9360 1.983306 
624.6753 30.651 85.486 0.06680 0.84607 1.850 0.46460 9.0000 55.37 0.9342 0.9348 1.984778 
624.2115 30.660 85.503 0.06651 0.84573 1.859 0.46407 9.0000 54.38 0.9353 0.9359 1.986253 
623.7477 30.670 85.514 0.06634 0.84570 1.844 0.46365 9.0000 54.35 0.9372 0.9378 1.987730 
623.2838 30.694 85.530 0.06627 0.84774 1.856 0.46385 9.0000 53.98 0.9387 0.9393 1.989209 
622.8198 30.705 85.522 0.06648 0.84897 1.886 0.46409 9.0000 55.01 0.9411 0.9417 1.990691 
622.3557 30.691 85.433 0.06790 0.85005 1.904 0.46530 9.0000 54.74 0.9442 0.9448 1.992176 
621.8914 30.690 85.353 0.06912 0.85046 1.920 0.46561 9.0000 54.78 0.9465 0.9471 1.993663 
621.4271 30.684 85.263 0.07050 0.85067 1.922 0.46602 9.0000 54.48 0.9475 0.9482 1.995153 
620.9626 30.682 85.154 0.07207 0.85013 1.886 0.46587 9.0000 54.07 0.9481 0.9487 1.996645 
620.4980 30.682 85.063 0.07330 0.84856 1.936 0.46508 9.0000 54.18 0.9470 0.9477 1.998140 
620.0334 30.699 84.967 0.07470 0.84812 1.925 0.46425 9.0000 54.41 0.9480 0.9487 1.999637 
619.5687 30.741 84.859 0.07628 0.84786 1.976 0.46257 9.0000 54.08 0.9484 0.9491 2.001137 
619.1038 30.760 84.778 0.07741 0.84702 1.947 0.46144 9.0000 54.27 0.9497 0.9504 2.002640 
618.6388 30.765 84.697 0.07853 0.84603 1.963 0.46074 9.0000 54.00 0.9513 0.9521 2.004145 
618.1737 30.786 84.614 0.07972 0.84552 1.981 0.45975 9.0000 54.56 0.9526 0.9534 2.005653 
617.7086 30.801 84.531 0.08082 0.84415 2.003 0.45847 9.0000 53.83 0.9540 0.9547 2.007163 
617.2433 30.821 84.451 0.08189 0.84297 1.972 0.45715 9.0000 53.69 0.9547 0.9555 2.008676 
616.7779 30.843 84.379 0.08290 0.84231 1.987 0.45599 9.0000 54.86 0.9559 0.9567 2.010192 
616.3124 30.859 84.322 0.08364 0.84132 2.028 0.45489 9.0000 54.37 0.9564 0.9572 2.011710 
615.8468 30.863 84.273 0.08425 0.84007 1.987 0.45409 9.0000 53.69 0.9570 0.9579 2.013231 
615.3810 30.887 84.211 0.08507 0.83918 1.995 0.45278 9.0000 53.41 0.9581 0.9590 2.014755 
614.9153 30.897 84.161 0.08565 0.83765 2.014 0.45159 9.0000 53.78 0.9589 0.9598 2.016281 
614.4493 30.913 84.112 0.08625 0.83643 1.979 0.45038 9.0000 54.18 0.9596 0.9606 2.017810 
613.9833 30.931 84.078 0.08665 0.83533 2.045 0.44912 9.0000 53.28 0.9601 0.9611 2.019341 
613.5172 30.951 84.038 0.08715 0.83446 1.997 0.44794 9.0000 52.63 0.9610 0.9620 2.020875 
613.0510 30.978 83.999 0.08762 0.83362 1.999 0.44652 9.0000 53.80 0.9614 0.9624 2.022412 
612.5847 31.004 83.970 0.08795 0.83263 2.041 0.44503 9.0000 53.65 0.9619 0.9630 2.023952 
612.1182 31.031 83.944 0.08825 0.83183 2.003 0.44361 9.0000 53.15 0.9622 0.9633 2.025494 
611.6517 31.060 83.917 0.08855 0.83089 2.100 0.44205 9.0000 53.22 0.9624 0.9635 2.027039 
611.1850 31.087 83.896 0.08877 0.83017 2.198 0.44068 9.0000 52.64 0.9623 0.9635 2.028587 
610.7183 31.114 83.880 0.08892 0.82939 2.062 0.43929 9.0000 53.79 0.9622 0.9634 2.030137 
610.2514 31.143 83.862 0.08911 0.82867 2.083 0.43783 9.0000 53.19 0.9621 0.9633 2.031690 
609.7844 31.170 83.847 0.08925 0.82785 2.028 0.43640 9.0000 53.97 0.9619 0.9631 2.033246 
609.3173 31.204 83.841 0.08928 0.82735 2.018 0.43488 9.0000 52.92 0.9618 0.9630 2.034805 
608.8502 31.242 83.837 0.08931 0.82705 2.023 0.43335 9.0000 52.47 0.9614 0.9626 2.036366 
608.3829 31.275 83.845 0.08913 0.82650 2.052 0.43181 9.0000 52.71 0.9607 0.9619 2.037930 
607.9155 31.309 83.851 0.08900 0.82621 1.925 0.43041 9.0000 53.65 0.9601 0.9614 2.039497 
607.4480 31.349 83.860 0.08886 0.82596 1.909 0.42882 9.0000 53.04 0.9595 0.9608 2.041067 
606.9804 31.385 83.875 0.08863 0.82587 1.933 0.42742 9.0000 51.77 0.9588 0.9601 2.042639 
606.5127 31.425 83.889 0.08843 0.82592 2.054 0.42598 9.0000 51.49 0.9581 0.9593 2.044214 
606.0449 31.463 83.908 0.08815 0.82592 2.029 0.42459 9.0000 52.10 0.9571 0.9584 2.045792 
605.5770 31.501 83.936 0.08774 0.82595 2.021 0.42316 9.0000 51.77 0.9563 0.9576 2.047373 
605.1089 31.543 83.963 0.08736 0.82608 2.038 0.42168 9.0000 52.37 0.9554 0.9567 2.048957 
604.6408 31.585 83.984 0.08708 0.82623 2.063 0.42020 9.0000 52.54 0.9546 0.9559 2.050543 
604.1726 31.633 84.015 0.08667 0.82670 2.059 0.41868 9.0000 51.59 0.9536 0.9549 2.052132 
603.7042 31.680 84.053 0.08618 0.82730 1.816 0.41723 9.0000 51.67 0.9527 0.9540 2.053724 
603.2358 31.726 84.088 0.08573 0.82787 2.021 0.41583 9.0000 51.62 0.9517 0.9529 2.055319 
602.7673 31.772 84.130 0.08517 0.82840 1.824 0.41440 9.0000 50.72 0.9505 0.9518 2.056916 
602.2986 31.813 84.174 0.08458 0.82890 1.930 0.41315 9.0000 51.78 0.9493 0.9505 2.058517 
601.8298 31.858 84.215 0.08403 0.82938 1.843 0.41171 9.0000 51.33 0.9482 0.9495 2.060121 
601.3610 31.903 84.261 0.08340 0.82993 1.874 0.41031 9.0000 51.20 0.9469 0.9481 2.061726 
600.8920 31.950 84.309 0.08277 0.83058 1.917 0.40891 9.0000 51.15 0.9457 0.9469 2.063336 
600.4229 31.995 84.360 0.08210 0.83135 1.991 0.40762 9.0000 50.58 0.9443 0.9455 2.064948 
599.9537 32.043 84.412 0.08142 0.83213 2.107 0.40626 9.0000 51.36 0.9430 0.9442 2.066563 
599.4844 32.089 84.468 0.08071 0.83322 2.104 0.40507 9.0000 51.00 0.9417 0.9428 2.068181 
599.0150 32.141 84.528 0.07993 0.83434 2.024 0.40370 9.0000 50.00 0.9403 0.9415 2.069801 
598.5455 32.188 84.580 0.07925 0.83515 1.987 0.40238 9.0000 49.95 0.9387 0.9398 2.071425 
598.0759 32.238 84.631 0.07858 0.83618 2.135 0.40104 9.0000 50.93 0.9374 0.9385 2.073051 
597.6062 32.283 84.696 0.07771 0.83704 2.056 0.39979 9.0000 50.49 0.9360 0.9371 2.074680 
597.1364 32.330 84.758 0.07691 0.83838 2.025 0.39868 9.0000 49.93 0.9347 0.9358 2.076313 
596.6664 32.383 84.820 0.07614 0.83987 1.989 0.39743 9.0000 50.24 0.9333 0.9344 2.077948 
596.1964 32.432 84.887 0.07525 0.84109 1.955 0.39621 9.0000 49.53 0.9317 0.9327 2.079586 
595.7263 32.480 84.953 0.07440 0.84254 2.070 0.39513 9.0000 50.02 0.9306 0.9315 2.081227 
595.2560 32.522 85.024 0.07346 0.84365 2.047 0.39412 9.0000 49.44 0.9296 0.9306 2.082872 
594.7857 32.558 85.095 0.07248 0.84468 2.047 0.39324 9.0000 49.69 0.9283 0.9292 2.084519 
594.3152 32.598 85.162 0.07160 0.84585 2.050 0.39231 9.0000 49.25 0.9272 0.9282 2.086169 
593.8447 32.637 85.224 0.07079 0.84718 2.047 0.39147 9.0000 49.50 0.9266 0.9275 2.087822 
593.3740 32.678 85.284 0.06999 0.84843 2.029 0.39054 9.0000 49.19 0.9255 0.9264 2.089478 
592.9032 32.724 85.339 0.06934 0.85041 2.044 0.38978 9.0000 49.65 0.9252 0.9261 2.091137 
592.4323 32.764 85.389 0.06872 0.85217 2.023 0.38910 9.0000 48.61 0.9243 0.9252 2.092799 
591.9613 32.810 85.451 0.06797 0.85438 2.019 0.38843 9.0000 48.34 0.9231 0.9239 2.094464 
591.4902 32.860 85.511 0.06722 0.85629 2.004 0.38746 9.0000 48.42 0.9217 0.9225 2.096133 
591.0190 32.918 85.567 0.06656 0.85868 1.982 0.38641 9.0000 48.25 0.9205 0.9213 2.097804 
590.5477 32.960 85.625 0.06581 0.86016 1.985 0.38552 9.0000 47.95 0.9194 0.9202 2.099478 
590.0763 33.014 85.677 0.06522 0.86272 1.973 0.38471 9.0000 48.02 0.9188 0.9196 2.101155 
589.6048 33.042 85.728 0.06454 0.86403 1.979 0.38425 9.0000 47.64 0.9183 0.9191 2.102836 
589.1331 33.077 85.776 0.06393 0.86570 1.939 0.38368 9.0000 47.74 0.9173 0.9181 2.104519 
588.6614 33.101 85.798 0.06368 0.86685 1.942 0.38333 9.0000 48.00 0.9175 0.9183 2.106206 
588.1896 33.133 85.836 0.06324 0.86855 1.943 0.38290 9.0000 48.26 0.9183 0.9190 2.107895 
587.7176 33.167 85.861 0.06304 0.87101 1.929 0.38272 9.0000 46.18 0.9197 0.9205 2.109588 
587.2455 33.211 85.877 0.06293 0.87296 1.889 0.38198 9.0000 46.14 0.9195 0.9203 2.111284 
586.7734 33.240 85.883 0.06297 0.87487 1.898 0.38174 9.0000 47.28 0.9199 0.9206 2.112983 
586.3011 33.263 85.840 0.06375 0.87647 1.886 0.38165 9.0000 47.67 0.9204 0.9211 2.114685 
585.8287 33.253 85.797 0.06454 0.87824 1.909 0.38280 9.0000 47.95 0.9231 0.9238 2.116390 
585.3563 33.279 85.731 0.06572 0.88042 1.862 0.38282 9.0000 46.95 0.9238 0.9245 2.118098 
584.8837 33.306 85.654 0.06707 0.88245 1.844 0.38274 9.0000 46.17 0.9239 0.9246 2.119809 
584.4109 33.319 85.553 0.06860 0.88206 1.839 0.38217 9.0000 45.94 0.9243 0.9250 2.121524 
583.9382 33.342 85.455 0.07012 0.88205 1.831 0.38138 9.0000 46.19 0.9237 0.9244 2.123242 
583.4652 33.397 85.422 0.07062 0.88189 1.815 0.37932 9.0000 46.58 0.9223 0.9230 2.124963 
582.9922 33.440 85.380 0.07127 0.88196 1.795 0.37776 9.0000 46.13 0.9211 0.9218 2.126687 
582.5191 33.491 85.347 0.07177 0.88185 1.775 0.37590 9.0000 46.21 0.9211 0.9217 2.128414 
582.0458 33.537 85.331 0.07204 0.88223 1.773 0.37437 9.0000 45.35 0.9217 0.9223 2.130145 
581.5725 33.578 85.308 0.07252 0.88349 1.764 0.37342 9.0000 45.85 0.9240 0.9246 2.131878 
581.0991 33.611 85.291 0.07278 0.88362 1.745 0.37231 9.0000 45.40 0.9245 0.9251 2.133615 
580.6255 33.613 85.294 0.07274 0.88355 1.733 0.37218 9.0000 45.42 0.9256 0.9262 2.135356 
580.1519 33.638 85.276 0.07304 0.88388 1.718 0.37142 9.0000 44.79 0.9260 0.9266 2.137099 
579.6780 33.678 85.259 0.07335 0.88432 1.702 0.37017 9.0000 44.78 0.9261 0.9267 2.138846 
579.2042 33.704 85.247 0.07352 0.88414 1.702 0.36916 9.0000 45.50 0.9263 0.9269 2.140595 
578.7302 33.733 85.237 0.07374 0.88490 1.687 0.36841 9.0000 45.14 0.9264 0.9270 2.142349 
578.2561 33.757 85.236 0.07379 0.88535 1.671 0.36773 9.0000 44.54 0.9269 0.9275 2.144105 
577.7819 33.780 85.232 0.07383 0.88518 1.655 0.36682 9.0000 44.77 0.9270 0.9276 2.145865 
577.3076 33.806 85.222 0.07399 0.88526 1.644 0.36592 9.0000 44.77 0.9277 0.9283 2.147628 
576.8332 33.848 85.207 0.07427 0.88576 1.624 0.36463 9.0000 43.88 0.9283 0.9289 2.149394 
576.3586 33.873 85.209 0.07426 0.88591 1.609 0.36379 9.0000 43.76 0.9284 0.9290 2.151164 
575.8840 33.909 85.204 0.07439 0.88657 1.596 0.36273 9.0000 44.80 0.9288 0.9294 2.152937 
575.4093 33.947 85.201 0.07447 0.88707 1.592 0.36159 9.0000 44.68 0.9290 0.9296 2.154713 
574.9344 33.981 85.193 0.07463 0.88744 1.571 0.36049 9.0000 43.67 0.9294 0.9300 2.156493 
574.4595 34.019 85.192 0.07467 0.88770 1.570 0.35925 9.0000 44.11 0.9293 0.9299 2.158276 
573.9844 34.050 85.187 0.07476 0.88786 1.545 0.35818 9.0000 43.46 0.9294 0.9300 2.160062 
573.5092 34.082 85.180 0.07489 0.88820 1.541 0.35715 9.0000 44.25 0.9295 0.9301 2.161852 
573.0339 34.117 85.175 0.07499 0.88844 1.535 0.35601 9.0000 43.41 0.9295 0.9301 2.163645 
572.5586 34.148 85.174 0.07504 0.88881 1.512 0.35502 9.0000 43.41 0.9295 0.9301 2.165441 
572.0831 34.182 85.171 0.07512 0.88915 1.490 0.35394 9.0000 43.27 0.9297 0.9303 2.167241 
571.6075 34.218 85.165 0.07526 0.88967 1.484 0.35286 9.0000 43.14 0.9299 0.9305 2.169044 
571.1318 34.255 85.168 0.07526 0.89022 1.482 0.35173 9.0000 42.51 0.9301 0.9307 2.170851 
570.6559 34.292 85.169 0.07529 0.89081 1.459 0.35064 9.0000 42.77 0.9302 0.9308 2.172661 
570.1801 34.328 85.171 0.07529 0.89125 1.440 0.34951 9.0000 42.63 0.9301 0.9307 2.174474 
569.7040 34.358 85.176 0.07523 0.89140 1.434 0.34849 9.0000 41.93 0.9301 0.9307 2.176291 
569.2278 34.392 85.177 0.07528 0.89208 1.432 0.34752 9.0000 42.60 0.9305 0.9311 2.178112 
568.7516 34.427 85.176 0.07531 0.89243 1.413 0.34640 9.0000 41.73 0.9305 0.9311 2.179936 
568.2753 34.460 85.179 0.07531 0.89297 1.397 0.34545 9.0000 41.52 0.9307 0.9313 2.181763 
567.7988 34.493 85.177 0.07538 0.89339 1.386 0.34439 9.0000 41.84 0.9309 0.9315 2.183594 
567.3222 34.525 85.177 0.07541 0.89360 1.381 0.34335 9.0000 41.95 0.9311 0.9317 2.185428 
566.8455 34.559 85.177 0.07543 0.89408 1.372 0.34229 9.0000 41.36 0.9312 0.9318 2.187266 
566.3687 34.594 85.177 0.07548 0.89448 1.360 0.34120 9.0000 41.77 0.9312 0.9318 2.189107 
565.8918 34.630 85.180 0.07546 0.89498 1.336 0.34009 9.0000 41.21 0.9314 0.9319 2.190952 
565.4149 34.665 85.185 0.07544 0.89556 1.331 0.33906 9.0000 41.16 0.9314 0.9320 2.192800 
564.9377 34.697 85.185 0.07546 0.89579 1.321 0.33799 9.0000 41.31 0.9315 0.9321 2.194653 
564.4605 34.731 85.186 0.07545 0.89593 1.313 0.33683 9.0000 41.02 0.9315 0.9321 2.196508 
563.9832 34.764 85.187 0.07543 0.89596 1.305 0.33567 9.0000 40.66 0.9315 0.9321 2.198367 
563.5057 34.795 85.189 0.07542 0.89616 1.280 0.33462 9.0000 39.96 0.9314 0.9320 2.200230 
563.0282 34.830 85.189 0.07544 0.89632 1.278 0.33346 9.0000 40.32 0.9314 0.9320 2.202096 
562.5505 34.868 85.191 0.07544 0.89660 1.263 0.33221 9.0000 39.94 0.9315 0.9321 2.203966 
562.0728 34.901 85.193 0.07542 0.89682 1.270 0.33110 9.0000 40.75 0.9316 0.9321 2.205839 
561.5948 34.935 85.194 0.07542 0.89705 1.247 0.32995 9.0000 40.00 0.9315 0.9321 2.207716 
561.1169 34.971 85.194 0.07545 0.89731 1.237 0.32879 9.0000 39.70 0.9315 0.9321 2.209597 
560.6388 35.007 85.191 0.07551 0.89752 1.224 0.32758 9.0000 39.79 0.9315 0.9321 2.211481 
560.1606 35.044 85.191 0.07553 0.89769 1.224 0.32631 9.0000 39.58 0.9315 0.9321 2.213369 
559.6823 35.079 85.186 0.07561 0.89773 1.215 0.32511 9.0000 39.98 0.9315 0.9321 2.215260 
559.2039 35.114 85.187 0.07561 0.89790 1.206 0.32391 9.0000 39.66 0.9313 0.9319 2.217155 
558.7253 35.147 85.187 0.07561 0.89810 1.194 0.32280 9.0000 39.85 0.9312 0.9318 2.219055 
558.2467 35.185 85.192 0.07557 0.89854 1.184 0.32160 9.0000 38.96 0.9312 0.9318 2.220957 
557.7679 35.222 85.192 0.07560 0.89889 1.173 0.32042 9.0000 39.03 0.9312 0.9317 2.222864 
557.2891 35.258 85.195 0.07560 0.89925 1.162 0.31930 9.0000 39.11 0.9312 0.9317 2.224773 
556.8102 35.294 85.197 0.07558 0.89942 1.162 0.31808 9.0000 38.74 0.9311 0.9317 2.226687 
556.3311 35.330 85.199 0.07557 0.89973 1.143 0.31690 9.0000 37.58 0.9312 0.9317 2.228604 
555.8519 35.366 85.207 0.07546 0.89998 1.148 0.31571 9.0000 38.43 0.9312 0.9317 2.230525 
555.3726 35.403 85.206 0.07549 0.90013 1.134 0.31446 9.0000 37.95 0.9312 0.9318 2.232451 
554.8932 35.436 85.204 0.07555 0.90049 1.126 0.31341 9.0000 38.46 0.9313 0.9318 2.234379 
554.4137 35.471 85.200 0.07563 0.90062 1.119 0.31221 9.0000 38.10 0.9312 0.9318 2.236312 
553.9341 35.509 85.200 0.07565 0.90093 1.118 0.31101 9.0000 38.46 0.9313 0.9318 2.238248 
553.4543 35.544 85.201 0.07566 0.90123 1.108 0.30987 9.0000 37.23 0.9312 0.9318 2.240188 
552.9745 35.578 85.199 0.07571 0.90141 1.092 0.30872 9.0000 37.14 0.9313 0.9318 2.242132 
552.4946 35.615 85.203 0.07565 0.90146 1.087 0.30744 9.0000 37.08 0.9313 0.9319 2.244080 
552.0145 35.651 85.210 0.07556 0.90165 1.084 0.30622 9.0000 36.93 0.9314 0.9319 2.246031 
551.5344 35.689 85.214 0.07552 0.90194 1.082 0.30499 9.0000 37.07 0.9314 0.9320 2.247986 
551.0541 35.725 85.219 0.07546 0.90217 1.070 0.30381 9.0000 37.18 0.9315 0.9321 2.249946 
550.5737 35.763 85.224 0.07538 0.90220 1.061 0.30248 9.0000 36.64 0.9317 0.9322 2.251909 
550.0933 35.799 85.225 0.07538 0.90245 1.056 0.30127 9.0000 37.20 0.9318 0.9324 2.253876 
549.6127 35.838 85.229 0.07533 0.90250 1.050 0.29992 9.0000 37.06 0.9319 0.9325 2.255847 
549.1320 35.876 85.230 0.07531 0.90255 1.045 0.29863 9.0000 36.13 0.9321 0.9326 2.257821 
548.6511 35.913 85.233 0.07528 0.90264 1.038 0.29736 9.0000 35.64 0.9322 0.9328 2.259800 
548.1702 35.951 85.232 0.07531 0.90282 1.028 0.29607 9.0000 35.90 0.9324 0.9329 2.261783 
547.6891 35.986 85.234 0.07528 0.90298 1.016 0.29490 9.0000 35.35 0.9325 0.9330 2.263770 
547.2080 36.023 85.235 0.07527 0.90305 1.017 0.29362 9.0000 35.54 0.9326 0.9332 2.265760 
546.7267 36.061 85.240 0.07521 0.90327 1.012 0.29237 9.0000 36.13 0.9328 0.9333 2.267755 
546.2454 36.099 85.247 0.07512 0.90343 1.002 0.29109 9.0000 35.11 0.9329 0.9334 2.269752 
545.7639 36.135 85.255 0.07501 0.90363 0.997 0.28989 9.0000 34.70 0.9331 0.9336 2.271755 
545.2823 36.170 85.257 0.07498 0.90376 0.995 0.28870 9.0000 35.20 0.9331 0.9337 2.273762 
544.8007 36.208 85.262 0.07491 0.90385 0.990 0.28742 9.0000 34.33 0.9333 0.9338 2.275771 
544.3188 36.246 85.259 0.07498 0.90404 0.987 0.28616 9.0000 34.31 0.9336 0.9341 2.277786 
543.8369 36.284 85.264 0.07491 0.90411 0.977 0.28485 9.0000 34.09 0.9338 0.9344 2.279805 
543.3549 36.321 85.266 0.07488 0.90430 0.962 0.28363 9.0000 33.65 0.9341 0.9347 2.281827 
542.8728 36.356 85.272 0.07479 0.90431 0.964 0.28243 9.0000 33.74 0.9343 0.9349 2.283853 
542.3905 36.390 85.281 0.07467 0.90450 0.956 0.28129 9.0000 33.63 0.9344 0.9349 2.285884 
541.9082 36.428 85.282 0.07466 0.90464 0.953 0.28000 9.0000 33.27 0.9345 0.9350 2.287919 
541.4257 36.465 85.285 0.07463 0.90493 0.950 0.27883 9.0000 33.14 0.9346 0.9352 2.289958 
540.9431 36.503 85.288 0.07459 0.90501 0.941 0.27753 9.0000 32.52 0.9349 0.9354 2.292001 
540.4604 36.539 85.296 0.07448 0.90519 0.936 0.27633 9.0000 32.80 0.9350 0.9355 2.294048 
539.9777 36.576 85.298 0.07447 0.90552 0.948 0.27513 9.0000 33.10 0.9352 0.9357 2.296098 
539.4948 36.611 85.301 0.07444 0.90569 0.932 0.27398 9.0000 32.51 0.9354 0.9359 2.298154 
539.0118 36.649 85.305 0.07439 0.90590 0.925 0.27274 9.0000 32.16 0.9356 0.9362 2.300213 
538.5286 36.687 85.314 0.07426 0.90601 0.920 0.27146 9.0000 31.46 0.9359 0.9364 2.302277 
538.0454 36.724 85.325 0.07410 0.90609 0.915 0.27018 9.0000 31.34 0.9361 0.9367 2.304344 
537.5621 36.760 85.330 0.07403 0.90636 0.906 0.26903 9.0000 31.21 0.9364 0.9370 2.306416 
537.0786 36.796 85.333 0.07400 0.90645 0.903 0.26779 9.0000 30.88 0.9365 0.9371 2.308492 
536.5950 36.837 85.340 0.07389 0.90649 0.897 0.26641 9.0000 30.24 0.9368 0.9374 2.310573 
536.1114 36.873 85.348 0.07379 0.90685 0.905 0.26528 9.0000 31.00 0.9369 0.9375 2.312657 
535.6276 36.908 85.360 0.07363 0.90722 0.895 0.26417 9.0000 29.71 0.9371 0.9377 2.314746 
535.1437 36.945 85.367 0.07354 0.90755 0.890 0.26299 9.0000 29.96 0.9374 0.9380 2.316839 
534.6597 36.984 85.378 0.07338 0.90776 0.887 0.26170 9.0000 29.82 0.9375 0.9381 2.318936 
534.1756 37.021 85.389 0.07324 0.90818 0.878 0.26055 9.0000 29.06 0.9377 0.9383 2.321038 
533.6913 37.057 85.396 0.07316 0.90839 0.875 0.25935 9.0000 28.51 0.9379 0.9385 2.323144 
533.2070 37.099 85.404 0.07306 0.90878 0.873 0.25803 9.0000 28.55 0.9382 0.9388 2.325254 
532.7226 37.141 85.414 0.07292 0.90906 0.873 0.25665 9.0000 28.23 0.9385 0.9391 2.327369 
532.2380 37.180 85.418 0.07287 0.90937 0.861 0.25541 9.0000 27.85 0.9386 0.9392 2.329488 
531.7534 37.221 85.429 0.07273 0.90972 0.860 0.25410 9.0000 27.89 0.9389 0.9396 2.331611 
531.2686 37.263 85.442 0.07255 0.91010 0.859 0.25275 9.0000 27.81 0.9392 0.9398 2.333738 
530.7837 37.305 85.455 0.07239 0.91067 0.862 0.25145 9.0000 27.31 0.9396 0.9402 2.335870 
530.2987 37.348 85.464 0.07227 0.91099 0.855 0.25006 9.0000 26.51 0.9397 0.9404 2.338007 
529.8136 37.387 85.475 0.07214 0.91153 0.853 0.24888 9.0000 26.83 0.9400 0.9407 2.340147 
529.3284 37.429 85.488 0.07197 0.91202 0.840 0.24756 9.0000 26.19 0.9401 0.9408 2.342292 
528.8430 37.471 85.499 0.07182 0.91239 0.846 0.24621 9.0000 26.20 0.9403 0.9410 2.344442 
528.3576 37.517 85.511 0.07169 0.91303 0.844 0.24481 9.0000 26.02 0.9406 0.9413 2.346596 
527.8720 37.560 85.519 0.07159 0.91354 0.836 0.24347 9.0000 25.47 0.9407 0.9415 2.348755 
527.3864 37.603 85.529 0.07147 0.91408 0.836 0.24215 9.0000 25.14 0.9408 0.9415 2.350917 
526.9006 37.649 85.539 0.07135 0.91460 0.829 0.24070 9.0000 24.74 0.9410 0.9417 2.353085 
526.4147 37.695 85.556 0.07114 0.91523 0.823 0.23930 9.0000 24.19 0.9412 0.9419 2.355257 
525.9287 37.743 85.568 0.07097 0.91569 0.818 0.23778 9.0000 24.05 0.9415 0.9423 2.357433 
525.4426 37.792 85.580 0.07081 0.91617 0.828 0.23622 9.0000 24.33 0.9416 0.9424 2.359614 
524.9564 37.840 85.591 0.07067 0.91652 0.819 0.23464 9.0000 23.48 0.9417 0.9425 2.361800 
524.4700 37.893 85.603 0.07050 0.91689 0.817 0.23295 9.0000 23.08 0.9417 0.9425 2.363990 
523.9836 37.941 85.616 0.07035 0.91757 0.811 0.23148 9.0000 22.56 0.9419 0.9427 2.366185 
523.4971 37.990 85.627 0.07024 0.91842 0.809 0.23000 9.0000 22.64 0.9423 0.9431 2.368384 
523.0104 38.038 85.642 0.07003 0.91902 0.807 0.22850 9.0000 22.09 0.9424 0.9432 2.370588 
522.5236 38.089 85.658 0.06983 0.91968 0.803 0.22692 9.0000 21.54 0.9426 0.9434 2.372796 
522.0367 38.146 85.672 0.06965 0.92022 0.799 0.22511 9.0000 21.33 0.9427 0.9435 2.375009 
521.5497 38.199 85.686 0.06946 0.92075 0.791 0.22340 9.0000 21.14 0.9428 0.9437 2.377227 
521.0626 38.251 85.705 0.06919 0.92120 0.789 0.22175 9.0000 20.86 0.9429 0.9438 2.379449 
520.5754 38.306 85.722 0.06896 0.92180 0.789 0.22003 9.0000 20.88 0.9430 0.9439 2.381676 
520.0881 38.358 85.736 0.06878 0.92250 0.791 0.21839 9.0000 20.63 0.9433 0.9442 2.383908 
519.6006 38.412 85.755 0.06853 0.92317 0.782 0.21673 9.0000 20.30 0.9435 0.9444 2.386144 
519.1131 38.462 85.771 0.06832 0.92395 0.781 0.21520 9.0000 20.23 0.9438 0.9447 2.388385 
518.6254 38.515 85.792 0.06805 0.92481 0.777 0.21358 9.0000 19.49 0.9439 0.9448 2.390631 
518.1377 38.568 85.809 0.06779 0.92527 0.777 0.21189 9.0000 19.36 0.9438 0.9447 2.392881 
517.6498 38.622 85.826 0.06758 0.92589 0.769 0.21016 9.0000 18.83 0.9441 0.9450 2.395137 
517.1618 38.673 85.844 0.06730 0.92627 0.769 0.20852 9.0000 18.61 0.9440 0.9450 2.397397 
516.6737 38.720 85.867 0.06700 0.92714 0.758 0.20710 9.0000 18.20 0.9442 0.9452 2.399661 
516.1855 38.773 85.882 0.06680 0.92779 0.762 0.20545 9.0000 17.96 0.9444 0.9454 2.401931 
515.6971 38.827 85.895 0.06662 0.92840 0.760 0.20372 9.0000 17.84 0.9445 0.9455 2.404206 
515.2087 38.879 85.911 0.06642 0.92896 0.754 0.20207 9.0000 17.83 0.9447 0.9457 2.406485 
514.7202 38.936 85.932 0.06612 0.92969 0.746 0.20030 9.0000 17.47 0.9450 0.9460 2.408769 
514.2314 38.987 85.955 0.06580 0.93055 0.742 0.19872 9.0000 17.09 0.9453 0.9464 2.411058 
513.7427 39.041 85.977 0.06548 0.93102 0.747 0.19697 9.0000 17.11 0.9455 0.9465 2.413352 
513.2538 39.097 85.997 0.06520 0.93176 0.741 0.19523 9.0000 16.65 0.9459 0.9470 2.415651 
512.7648 39.150 86.016 0.06493 0.93223 0.736 0.19353 9.0000 16.43 0.9458 0.9469 2.417955 
512.2757 39.204 86.036 0.06463 0.93260 0.733 0.19174 9.0000 16.31 0.9458 0.9469 2.420263 
511.7864 39.263 86.054 0.06438 0.93328 0.727 0.18987 9.0000 16.15 0.9459 0.9470 2.422577 
511.2971 39.323 86.071 0.06413 0.93366 0.725 0.18793 9.0000 16.01 0.9459 0.9471 2.424895 
510.8076 39.381 86.090 0.06384 0.93404 0.714 0.18602 9.0000 15.62 0.9460 0.9472 2.427219 
510.3181 39.430 86.102 0.06368 0.93470 0.723 0.18448 9.0000 15.17 0.9459 0.9471 2.429547 
509.8284 39.474 86.119 0.06345 0.93521 0.716 0.18308 9.0000 14.92 0.9455 0.9467 2.431881 
509.3386 39.518 86.143 0.06308 0.93571 0.707 0.18168 9.0000 14.80 0.9453 0.9464 2.434219 
508.8488 39.573 86.164 0.06276 0.93608 0.698 0.17990 9.0000 14.44 0.9452 0.9464 2.436563 
508.3587 39.631 86.182 0.06252 0.93672 0.700 0.17804 9.0000 14.60 0.9450 0.9462 2.438912 
507.8686 39.683 86.203 0.06220 0.93717 0.705 0.17635 9.0000 14.47 0.9450 0.9462 2.441265 
507.3784 39.736 86.217 0.06200 0.93752 0.705 0.17462 9.0000 14.19 0.9449 0.9461 2.443624 
506.8880 39.789 86.229 0.06179 0.93751 0.695 0.17282 9.0000 13.59 0.9445 0.9458 2.445988 
506.3976 39.842 86.239 0.06165 0.93774 0.691 0.17106 9.0000 13.40 0.9444 0.9456 2.448357 
505.9070 39.893 86.248 0.06149 0.93780 0.679 0.16934 9.0000 12.93 0.9441 0.9453 2.450731 
505.4163 39.952 86.262 0.06129 0.93819 0.683 0.16739 9.0000 12.86 0.9442 0.9454 2.453110 
504.9255 40.004 86.279 0.06105 0.93860 0.669 0.16572 9.0000 12.76 0.9442 0.9455 2.455495 
504.4346 40.055 86.286 0.06095 0.93892 0.669 0.16404 9.0000 12.61 0.9439 0.9452 2.457884 
503.9436 40.102 86.305 0.06065 0.93902 0.664 0.16247 9.0000 12.28 0.9430 0.9443 2.460279 
503.4525 40.145 86.320 0.06040 0.93921 0.655 0.16106 9.0000 12.10 0.9422 0.9435 2.462679 
502.9612 40.193 86.335 0.06017 0.93949 0.650 0.15948 9.0000 11.80 0.9420 0.9433 2.465085 
502.4698 40.238 86.345 0.06002 0.93972 0.641 0.15799 9.0000 11.69 0.9415 0.9427 2.467495 
501.9784 40.291 86.358 0.05982 0.93988 0.641 0.15622 9.0000 11.56 0.9413 0.9425 2.469911 
501.4868 40.341 86.379 0.05948 0.94001 0.631 0.15454 9.0000 11.42 0.9411 0.9424 2.472332 
500.9951 40.386 86.400 0.05916 0.94026 0.619 0.15307 9.0000 10.97 0.9406 0.9419 2.474759 
500.5033 40.432 86.413 0.05899 0.94084 0.597 0.15162 9.0000 10.28 0.9403 0.9416 2.477190 
500.0114 40.484 86.431 0.05869 0.94086 0.594 0.14985 9.0000 10.16 0.9401 0.9413 2.479627 
499.5193 40.536 86.446 0.05847 0.94131 0.596 0.14816 9.0000 10.28 0.9399 0.9411 2.482070 
499.0272 40.586 86.468 0.05811 0.94145 0.590 0.14650 9.0000 9.88 0.9394 0.9406 2.484518 
498.5349 40.636 86.487 0.05779 0.94152 0.582 0.14481 9.0000 9.44 0.9389 0.9402 2.486971 
498.0426 40.681 86.509 0.05744 0.94172 0.569 0.14334 9.0000 9.12 0.9385 0.9398 2.489429 
497.5501 40.731 86.521 0.05727 0.94193 0.560 0.14168 9.0000 8.76 0.9380 0.9392 2.491894 
497.0575 40.783 86.536 0.05706 0.94251 0.565 0.14002 9.0000 8.76 0.9376 0.9388 2.494363 
496.5648 40.834 86.557 0.05673 0.94293 0.555 0.13833 9.0000 8.36 0.9377 0.9390 2.496838 
496.0720 40.880 86.575 0.05647 0.94342 0.551 0.13686 9.0000 8.18 0.9373 0.9385 2.499318 
495.5790 40.925 86.599 0.05607 0.94363 0.542 0.13539 9.0000 7.78 0.9368 0.9380 2.501805 
495.0860 40.975 86.611 0.05590 0.94405 0.524 0.13376 9.0000 7.37 0.9367 0.9379 2.504296 
494.5928 41.023 86.627 0.05563 0.94405 0.522 0.13214 9.0000 7.47 0.9359 0.9371 2.506793 
494.0995 41.073 86.636 0.05550 0.94422 0.514 0.13047 9.0000 7.26 0.9356 0.9368 2.509296 
493.6062 41.126 86.646 0.05533 0.94413 0.501 0.12868 9.0000 6.99 0.9354 0.9366 2.511804 
493.1127 41.174 86.672 0.05491 0.94419 0.479 0.12707 9.0000 6.60 0.9349 0.9361 2.514318 
492.6190 41.219 86.691 0.05462 0.94459 0.472 0.12559 9.0000 6.47 0.9345 0.9357 2.516837 
492.1253 41.268 86.709 0.05434 0.94491 0.461 0.12400 9.0000 6.44 0.9340 0.9352 2.519362 
491.6315 41.316 86.738 0.05387 0.94512 0.436 0.12242 9.0000 6.20 0.9337 0.9349 2.521893 
491.1375 41.362 86.762 0.05350 0.94560 0.411 0.12093 9.0000 5.93 0.9332 0.9344 2.524429 
490.6435 41.407 86.781 0.05320 0.94612 0.396 0.11947 9.0000 5.60 0.9327 0.9339 2.526971 
490.1493 41.455 86.808 0.05280 0.94658 0.396 0.11791 9.0000 5.48 0.9323 0.9334 2.529519 
489.6550 41.497 86.829 0.05248 0.94733 0.383 0.11660 9.0000 5.38 0.9319 0.9331 2.532072 
489.1606 41.545 86.853 0.05213 0.94806 0.386 0.11507 9.0000 5.37 0.9316 0.9327 2.534631 
488.6661 41.589 86.875 0.05180 0.94883 0.377 0.11368 9.0000 5.08 0.9312 0.9323 2.537196 
488.1714 41.636 86.890 0.05160 0.94975 0.357 0.11222 9.0000 4.87 0.9309 0.9321 2.539768 
487.6767 41.676 86.904 0.05140 0.95046 0.362 0.11093 9.0000 4.92 0.9303 0.9315 2.542344 
487.1818 41.724 86.926 0.05108 0.95121 0.351 0.10941 9.0000 4.77 0.9299 0.9311 2.544927 
486.6869 41.763 86.942 0.05086 0.95206 0.342 0.10818 9.0000 4.59 0.9293 0.9304 2.547514 
486.1918 41.815 86.962 0.05055 0.95253 0.329 0.10650 9.0000 4.37 0.9286 0.9297 2.550109 
485.6966 41.860 86.982 0.05024 0.95293 0.325 0.10501 9.0000 4.20 0.9278 0.9289 2.552709 
485.2013 41.904 87.002 0.04995 0.95389 0.320 0.10365 9.0000 4.26 0.9274 0.9285 2.555314 
484.7058 41.945 87.022 0.04965 0.95444 0.306 0.10230 9.0000 4.14 0.9265 0.9276 2.557927 
484.2103 41.985 87.046 0.04928 0.95520 0.286 0.10104 9.0000 3.88 0.9260 0.9271 2.560544 
483.7146 42.026 87.071 0.04895 0.95667 0.274 0.09979 9.0000 3.80 0.9259 0.9270 2.563168 
483.2189 42.072 87.096 0.04858 0.95768 0.258 0.09834 9.0000 3.82 0.9255 0.9266 2.565798 
482.7230 42.116 87.127 0.04811 0.95860 0.245 0.09695 9.0000 3.73 0.9248 0.9259 2.568433 
482.2270 42.158 87.150 0.04776 0.95936 0.237 0.09561 9.0000 3.81 0.9239 0.9250 2.571075 
481.7309 42.199 87.179 0.04732 0.96026 0.219 0.09429 9.0000 3.65 0.9232 0.9243 2.573723 
481.2346 42.236 87.207 0.04689 0.96111 0.209 0.09315 9.0000 3.68 0.9224 0.9235 2.576377 
480.7383 42.274 87.235 0.04646 0.96208 0.194 0.09194 9.0000 3.50 0.9220 0.9230 2.579037 
480.2419 42.316 87.260 0.04609 0.96311 0.184 0.09059 9.0000 3.41 0.9216 0.9227 2.581703 
479.7453 42.357 87.298 0.04551 0.96424 0.176 0.08933 9.0000 3.41 0.9210 0.9221 2.584375 
479.2486 42.396 87.333 0.04497 0.96549 0.165 0.08811 9.0000 3.22 0.9206 0.9217 2.587054 
478.7518 42.432 87.359 0.04456 0.96622 0.162 0.08692 9.0000 3.27 0.9199 0.9209 2.589738 
478.2549 42.474 87.394 0.04401 0.96700 0.155 0.08556 9.0000 3.20 0.9191 0.9202 2.592429 
477.7579 42.516 87.424 0.04354 0.96793 0.150 0.08424 9.0000 3.20 0.9188 0.9199 2.595126 
477.2608 42.549 87.450 0.04318 0.96941 0.143 0.08324 9.0000 3.05 0.9184 0.9195 2.597829 
476.7635 42.588 87.485 0.04263 0.97040 0.140 0.08196 9.0000 3.07 0.9179 0.9189 2.600539 
476.2662 42.630 87.511 0.04223 0.97158 0.134 0.08062 9.0000 3.03 0.9175 0.9185 2.603254 
475.7687 42.674 87.542 0.04174 0.97258 0.129 0.07921 9.0000 2.96 0.9172 0.9183 2.605976 
475.2711 42.714 87.576 0.04119 0.97308 0.125 0.07789 9.0000 3.03 0.9164 0.9174 2.608705 
474.7734 42.758 87.608 0.04066 0.97358 0.116 0.07642 9.0000 2.92 0.9159 0.9169 2.611439 
474.2756 42.801 87.654 0.03993 0.97472 0.109 0.07502 9.0000 2.87 0.9154 0.9165 2.614180 
473.7776 42.845 87.693 0.03928 0.97482 0.103 0.07351 9.0000 2.91 0.9147 0.9157 2.616928 
473.2796 42.890 87.726 0.03872 0.97513 0.095 0.07201 9.0000 2.83 0.9136 0.9146 2.619682 
472.7814 42.937 87.759 0.03817 0.97557 0.090 0.07043 9.0000 2.69 0.9128 0.9139 2.622442 
472.2831 42.989 87.797 0.03752 0.97521 0.083 0.06863 9.0000 2.73 0.9118 0.9128 2.625209 
471.7848 43.042 87.830 0.03695 0.97526 0.078 0.06681 9.0000 2.71 0.9111 0.9122 2.627982 
471.2863 43.092 87.874 0.03623 0.97579 0.073 0.06512 9.0000 2.69 0.9106 0.9116 2.630762 
470.7876 43.146 87.910 0.03559 0.97543 0.071 0.06326 9.0000 2.66 0.9097 0.9108 2.633548 
470.2889 43.197 87.955 0.03485 0.97570 0.069 0.06154 9.0000 2.66 0.9093 0.9103 2.636341 
469.7900 43.251 87.996 0.03414 0.97567 0.066 0.05967 9.0000 2.58 0.9082 0.9093 2.639141 
469.2911 43.314 88.046 0.03327 0.97535 0.065 0.05749 9.0000 2.60 0.9072 0.9083 2.641946 
468.7920 43.396 88.094 0.03245 0.97522 0.064 0.05469 9.0000 2.59 0.9072 0.9082 2.644759 
468.2928 43.467 88.132 0.03179 0.97490 0.062 0.05223 9.0000 2.55 0.9066 0.9077 2.647578 
467.7935 43.540 88.178 0.03101 0.97493 0.060 0.04975 9.0000 2.52 0.9065 0.9075 2.650404 
467.2941 43.615 88.226 0.03017 0.97442 0.057 0.04715 9.0000 2.45 0.9063 0.9074 2.653237 
466.7945 43.704 88.275 0.02933 0.97366 0.056 0.04410 9.0000 2.45 0.9063 0.9074 2.656077 
466.2949 43.783 88.333 0.02832 0.97328 0.052 0.04138 9.0000 2.43 0.9061 0.9071 2.658922 
465.7951 43.869 88.385 0.02743 0.97276 0.049 0.03843 9.0000 2.41 0.9064 0.9075 2.661775 
465.2952 43.946 88.449 0.02631 0.97201 0.045 0.03579 9.0000 2.32 0.9059 0.9069 2.664635 
464.7952 44.025 88.511 0.02525 0.97145 0.041 0.03310 9.0000 2.32 0.9057 0.9068 2.667502 
464.2951 44.097 88.567 0.02428 0.97035 0.038 0.03062 9.0000 2.31 0.9051 0.9062 2.670375 
463.7949 44.192 88.622 0.02332 0.96905 0.035 0.02734 9.0000 2.30 0.9050 0.9060 2.673255 
463.2946 44.273 88.692 0.02210 0.96778 0.033 0.02458 9.0000 2.22 0.9048 0.9059 2.676142 
462.7941 44.374 88.755 0.02101 0.96649 0.031 0.02113 9.0000 2.22 0.9055 0.9065 2.679036 
462.2935 44.480 88.813 0.02001 0.96524 0.028 0.01754 9.0000 2.22 0.9058 0.9068 2.681937 
461.7928 44.584 88.878 0.01888 0.96393 0.027 0.01401 9.0000 2.16 0.9057 0.9067 2.684845 
461.2921 44.687 88.942 0.01779 0.96271 0.026 0.01051 9.0000 2.22 0.9062 0.9072 2.687759 
460.7911 44.785 89.005 0.01669 0.96146 0.025 0.00721 9.0000 2.19 0.9063 0.9073 2.690681 
460.2901 44.886 89.066 0.01566 0.96034 0.024 0.00382 9.0000 2.11 0.9065 0.9075 2.693610 
459.7889 44.989 89.135 0.01448 0.95920 0.024 0.00037 9.0000 2.08 0.9067 0.9077 2.696546 
459.2877 45.094 89.206 0.01327 0.95758 0.024 -0.00313 9.0000 2.05 0.9071 0.9081 2.699489 
458.7863 45.203 89.270 0.01218 0.95635 0.023 -0.00679 9.0000 2.05 0.9078 0.9089 2.702439 
458.2848 45.308 89.346 0.01089 0.95443 0.023 -0.01028 9.0000 2.06 0.9082 0.9092 2.705396 
457.7832 45.420 89.420 0.00963 0.95214 0.022 -0.01396 9.0000 2.01 0.9082 0.9092 2.708360 
457.2815 45.545 89.494 0.00838 0.94962 0.022 -0.01808 9.0000 2.04 0.9086 0.9096 2.711332 
456.7796 45.661 89.582 0.00691 0.94794 0.021 -0.02188 9.0000 1.98 0.9096 0.9106 2.714311 
456.2777 45.779 89.670 0.00545 0.94711 0.021 -0.02575 9.0000 1.99 0.9106 0.9117 2.717297 
455.7756 45.896 89.756 0.00403 0.94568 0.020 -0.02960 9.0000 1.92 0.9118 0.9128 2.720290 
455.2734 46.016 89.826 0.00287 0.94431 0.019 -0.03350 9.0000 1.88 0.9124 0.9134 2.723291 
454.7711 46.133 89.894 0.00174 0.94309 0.020 -0.03733 9.0000 1.91 0.9134 0.9145 2.726299 
454.2687 46.259 89.968 0.00053 0.94154 0.019 -0.04139 9.0000 1.88 0.9141 0.9151 2.729314 
453.7662 46.366 90.046 -0.00075 0.94083 0.019 -0.04489 9.0000 1.89 0.9150 0.9161 2.732336 
453.2635 46.474 90.125 -0.00205 0.93971 0.020 -0.04840 9.0000 1.86 0.9154 0.9164 2.735367 
452.7608 46.580 90.204 -0.00334 0.93899 0.021 -0.05184 9.0000 1.86 0.9162 0.9173 2.738404 
452.2579 46.687 90.284 -0.00465 0.93817 0.022 -0.05531 9.0000 1.82 0.9168 0.9179 2.741449 
451.7549 46.792 90.364 -0.00596 0.93745 0.023 -0.05872 9.0000 1.80 0.9175 0.9186 2.744501 
451.2518 46.898 90.446 -0.00729 0.93672 0.024 -0.06214 9.0000 1.81 0.9182 0.9193 2.747561 
450.7485 47.003 90.529 -0.00864 0.93630 0.026 -0.06556 9.0000 1.75 0.9192 0.9203 2.750629 
450.2452 47.107 90.611 -0.00998 0.93552 0.027 -0.06894 9.0000 1.76 0.9197 0.9208 2.753704 
449.7417 47.212 90.695 -0.01135 0.93492 0.029 -0.07234 9.0000 1.71 0.9204 0.9216 2.756787 
449.2382 47.314 90.779 -0.01270 0.93450 0.030 -0.07566 9.0000 1.69 0.9213 0.9224 2.759876 
448.7345 47.418 90.864 -0.01409 0.93396 0.030 -0.07903 9.0000 1.66 0.9219 0.9231 2.762974 
448.2307 47.520 90.949 -0.01547 0.93357 0.031 -0.08234 9.0000 1.62 0.9228 0.9239 2.766080 
447.7267 47.621 91.035 -0.01687 0.93343 0.033 -0.08567 9.0000 1.64 0.9238 0.9250 2.769193 
447.2227 47.722 91.122 -0.01828 0.93318 0.034 -0.08897 9.0000 1.61 0.9247 0.9259 2.772314 
446.7186 47.824 91.210 -0.01970 0.93263 0.037 -0.09225 9.0000 1.57 0.9252 0.9264 2.775443 
446.2143 47.924 91.298 -0.02113 0.93253 0.038 -0.09553 9.0000 1.54 0.9262 0.9274 2.778580 
445.7099 48.023 91.386 -0.02257 0.93242 0.040 -0.09879 9.0000 1.52 0.9271 0.9284 2.781724 
445.2054 48.122 91.476 -0.02402 0.93236 0.045 -0.10205 9.0000 1.52 0.9281 0.9293 2.784876 
444.7008 48.220 91.565 -0.02548 0.93229 0.050 -0.10529 9.0000 1.55 0.9290 0.9302 2.788036 
444.1960 48.318 91.656 -0.02695 0.93228 0.053 -0.10850 9.0000 1.53 0.9299 0.9312 2.791204 
443.6912 48.415 91.747 -0.02843 0.93225 0.056 -0.11171 9.0000 1.48 0.9307 0.9320 2.794380 
443.1862 48.511 91.838 -0.02992 0.93232 0.062 -0.11491 9.0000 1.45 0.9317 0.9330 2.797564 
442.6812 48.606 91.929 -0.03142 0.93259 0.068 -0.11808 9.0000 1.46 0.9328 0.9342 2.800756 
442.1759 48.702 92.022 -0.03294 0.93270 0.073 -0.12127 9.0000 1.40 0.9337 0.9351 2.803956 
441.6706 48.796 92.115 -0.03446 0.93282 0.076 -0.12441 9.0000 1.35 0.9346 0.9359 2.807164 
441.1652 48.890 92.209 -0.03599 0.93311 0.082 -0.12757 9.0000 1.36 0.9356 0.9370 2.810380 
440.6596 48.982 92.303 -0.03753 0.93341 0.084 -0.13070 9.0000 1.33 0.9366 0.9380 2.813605 
440.1540 49.076 92.398 -0.03910 0.93356 0.086 -0.13384 9.0000 1.29 0.9373 0.9388 2.816837 
439.6482 49.076 92.398 -0.03910 0.93356 0.091 -0.13384 9.0000 1.28 0.9373 0.9388 2.820077 

# MINIMA:
439.6482 1.241 0.562 -13.96746 -8.97998 -2649.400 -15.45245 9.0000 1.28 0.5085 0.5354 1.240099 

# MAXIMA:
999.7925 81.325 358.873 53.85620 41.22531 206.210 67.35754 9.0000 56.86 2.72012029886201856E18 1.42521259054417838E19 2.820077 

# PEAKS:

# END SPECTRUM

