## SPECTRUM TYPE:
LCE

## DATE:
25/08/2026

## COMMENTS:

## NUMBER OF SPECTRUM:
1

## ELLIPSOMETRIC CONFIGURATION:
0.00 ø :Modulator
+45.00 øAnalyser

## UNIT:
nm


# SPECTRUM:
1

# CAPTION:


# START TIME:
10:44:50

# END TIME:
10:44:50

# THETA ANGLE:
0.00 ø

# INCIDENCE ANGLE:
69.95 ø

# ACCUMULATION NUMBER:
28

# ELLIPSOMETRIC CONFIGURATION:
0.00 ø :Modulator
+45.00 øAnalyser

# INTEGRATION TIME:
8 ms

# FIRST POINT:
999.79 nm

# LAST POINT:
439.65 nm

# INCREMENT:
0.00 nm

# NUMBER OF POINTS:
1273

# DATA:
nm Psi Delta Ic Is Reflectance IcPrim IntegrationTime IntensityMax Polarization PolarizationGen eV 
999.7925 1.329 212.434 -2.63880 -1.67686 0.000 67.35753 8.0000 4.18 2.72043008626314445E18 1.50443119386264863E19 1.240099 
999.4089 1.329 212.434 -2.63880 -1.67686 0.552 67.35753 8.0000 4.20 2.5302030297858048E18 1.39923332980308705E19 1.240575 
999.0253 1.329 212.434 -2.63880 -1.67686 0.346 67.35753 8.0000 4.28 2.41200388053244314E18 1.33386769338529219E19 1.241052 
998.6415 1.329 212.434 -2.63880 -1.67686 0.591 67.35753 8.0000 4.28 2.27718286424617779E18 1.25931002980812718E19 1.241529 
998.2578 1.329 212.434 -2.63880 -1.67686 0.140 67.35753 8.0000 4.34 2.1238932137092055E18 1.17453889276938813E19 1.242006 
997.8739 1.329 212.434 -2.63880 -1.67686 0.381 67.35753 8.0000 4.31 1.95028788682581606E18 1.0785330558691967E19 1.242484 
997.4900 1.329 212.434 -2.63880 -1.67686 -0.020 67.35753 8.0000 4.35 1.75452039125611315E18 9.70271292707674522E18 1.242962 
997.1060 1.329 212.434 -2.63880 -1.67686 -0.006 67.35753 8.0000 4.42 1.53474354746543309E18 8.48732047031454925E18 1.243440 
996.7219 1.329 212.434 -2.63880 -1.67686 -2.257 67.35753 8.0000 4.44 1.28911072567492608E18 7.12894092440659558E18 1.243920 
996.3377 1.329 212.434 -2.63880 -1.67686 -0.662 67.35753 8.0000 4.48 1.01577495250835866E18 5.61736037608665907E18 1.244399 
995.9535 1.329 212.434 -2.63880 -1.67686 -0.221 67.35753 8.0000 4.43 716583063903010816.0000 3.96279218886515098E18 1.244879 
995.5692 1.329 212.434 -2.63880 -1.67686 0.635 67.35753 8.0000 4.51 393381930155900928.0000 2.17545027600829645E18 1.245360 
995.1848 1.329 212.434 -2.63880 -1.67686 -0.450 67.35753 8.0000 4.65 51712179337953280.0000 285974693687590912.0000 1.245841 
994.8003 1.329 212.434 -2.63880 -1.67686 0.013 67.35754 8.0000 4.65 295498182371049472.0000 1.63414104788382515E18 1.246322 
994.4158 1.329 212.434 -2.63880 -1.67686 0.008 67.35753 8.0000 4.58 629780469180792832.0000 3.48276327924210074E18 1.246804 
994.0311 27.498 159.549 -0.24511 0.09140 0.008 0.18320 8.0000 4.66 0.5201 0.6839 1.247287 
993.6464 29.877 141.600 -0.21186 0.16791 0.408 0.15763 8.0000 4.70 0.5178 0.7144 1.247770 
993.2617 50.527 120.929 -0.15321 0.25570 0.657 -0.05824 8.0000 4.72 0.5194 0.7519 1.248253 
992.8768 57.989 107.566 -0.10856 0.34295 -0.165 -0.17528 8.0000 4.77 0.5423 0.7719 1.248737 
992.4919 58.962 66.005 0.06998 0.15722 0.097 -0.09121 8.0000 4.77 0.5816 0.7694 1.249221 
992.1069 29.745 101.342 -0.05257 0.26207 -5.034 0.15751 8.0000 4.82 0.5658 0.6609 1.249706 
991.7218 13.593 91.777 -0.00894 0.28808 -0.589 0.56116 8.0000 4.83 0.6795 0.7030 1.250191 
991.3367 13.101 72.868 0.09046 0.29346 0.171 0.62405 8.0000 4.95 0.7196 0.7508 1.250677 
990.9514 16.677 65.253 0.18051 0.39160 0.733 0.65510 8.0000 4.95 0.8441 0.8841 1.251163 
990.5661 9.174 68.523 0.10327 0.26248 6.657 0.85053 8.0000 4.94 0.8712 0.8990 1.251650 
990.1807 8.344 46.887 0.17811 0.19024 -12.768 0.86935 8.0000 5.01 0.7872 0.8341 1.252137 
989.7953 3.667 63.190 0.05212 0.10314 -0.273 0.89786 8.0000 5.07 0.7559 0.8183 1.252625 
989.4097 6.177 88.437 0.00608 0.22266 -1.136 1.01698 8.0000 5.13 0.7742 0.8497 1.253113 
989.0241 8.462 106.747 -0.08927 0.29665 0.686 1.01812 8.0000 5.14 0.7906 0.8799 1.253601 
988.6384 16.129 116.461 -0.20498 0.41182 0.985 0.72888 8.0000 5.09 0.7369 0.8133 1.254090 
988.2526 13.439 91.864 -0.01463 0.44973 15.927 0.88779 8.0000 5.19 0.7513 0.8350 1.254580 
987.8668 15.262 85.223 0.04206 0.50328 0.628 0.85655 8.0000 5.18 0.7508 0.8411 1.255070 
987.4809 10.766 87.356 0.01972 0.42720 -2453.133 1.08388 8.0000 5.21 0.7603 0.8095 1.255560 
987.0949 10.355 91.300 -0.00985 0.43422 0.806 1.14880 8.0000 5.28 0.7343 0.7523 1.256051 
986.7088 7.726 90.258 -0.00130 0.28884 0.656 1.04498 8.0000 5.30 0.7443 0.7580 1.256543 
986.3226 5.773 116.675 -0.08568 0.17054 -1.358 0.93426 8.0000 5.33 0.7881 0.7991 1.257035 
985.9364 8.741 93.239 -0.01491 0.26356 -4.528 0.83818 8.0000 5.35 0.8479 0.8783 1.257527 
985.5501 9.654 85.955 0.01928 0.27266 48.054 0.78015 8.0000 5.35 0.9251 1.0003 1.258020 
985.1638 15.606 83.361 0.04394 0.37749 -1.257 0.62724 8.0000 5.44 0.9693 1.0855 1.258513 
984.7773 20.379 81.799 0.06693 0.46441 0.648 0.54439 8.0000 5.47 0.9986 1.1152 1.259007 
984.3907 21.553 75.163 0.15062 0.56861 -0.509 0.62846 8.0000 5.52 0.9981 1.1011 1.259502 
984.0041 16.760 71.721 0.12793 0.38732 -0.412 0.61580 8.0000 5.49 0.8506 0.9351 1.259997 
983.6174 7.073 59.138 0.08514 0.14247 0.373 0.65852 8.0000 5.73 0.6727 0.7632 1.260492 
983.2307 7.136 87.406 0.00886 0.19551 0.406 0.76934 8.0000 5.74 0.6587 0.7393 1.260988 
982.8438 5.876 222.174 -0.13579 -0.12302 0.339 0.88074 8.0000 5.73 0.7602 0.8189 1.261484 
982.4569 9.548 128.830 -0.16898 0.20994 0.337 0.77841 8.0000 5.72 0.7945 0.9393 1.261981 
982.0699 14.570 101.360 -0.06674 0.33218 -1.534 0.60772 8.0000 5.82 0.7330 0.8527 1.262478 
981.6828 23.892 94.877 -0.03727 0.43687 -0.007 0.39779 8.0000 5.83 0.7149 0.7961 1.262976 
981.2957 26.822 107.333 -0.16999 0.54465 -0.004 0.41999 8.0000 5.92 0.7427 0.8502 1.263474 
980.9084 35.203 79.633 0.09283 0.50746 0.002 0.18365 8.0000 5.94 0.6685 0.7886 1.263973 
980.5211 45.841 24.645 1.11589 0.51197 0.005 -0.03605 8.0000 5.93 0.7791 0.9103 1.264472 
980.1337 40.060 58.365 0.39590 0.64265 -0.001 0.13147 8.0000 6.07 0.5777 0.7296 1.264972 
979.7463 31.605 60.849 0.32908 0.59001 -0.001 0.34111 8.0000 5.94 0.6073 0.8008 1.265472 
979.3587 35.646 120.903 -0.50304 0.84043 4.651 0.33169 8.0000 6.07 0.6625 0.8733 1.265973 
978.9711 37.857 159.330 -1.96015 0.73950 3.367 0.53346 8.0000 6.10 0.7738 0.9755 1.266474 
978.5834 37.218 162.578 -1.65727 0.52006 0.863 0.48380 8.0000 6.04 0.9299 1.1043 1.266976 
978.1956 35.144 163.743 -1.46070 0.42596 4.220 0.54514 8.0000 6.10 1.1011 1.2725 1.267478 
977.8077 32.355 164.902 -1.18518 0.31973 -1.667 0.57998 8.0000 6.23 1.2165 1.3843 1.267981 
977.4199 29.184 168.116 -0.94843 0.19959 1.837 0.59702 8.0000 6.21 1.3055 1.4628 1.268484 
977.0319 20.088 166.273 -0.45680 0.11159 1.423 0.55692 8.0000 6.30 1.0254 1.2287 1.268988 
976.6437 6.091 112.305 -0.05022 0.12242 0.716 0.61299 8.0000 6.23 0.7986 1.0467 1.269493 
976.2556 13.173 172.353 -0.33870 0.04547 -4.997 0.69003 8.0000 6.29 0.9597 1.1429 1.269997 
975.8674 6.998 111.490 -0.08052 0.20451 0.682 0.88182 8.0000 6.37 0.9804 1.0674 1.270502 
975.4790 8.670 110.539 -0.08964 0.23926 0.560 0.81829 8.0000 6.50 0.9829 1.0422 1.271008 
975.0906 14.150 110.699 -0.13273 0.35130 -0.974 0.69745 8.0000 6.40 0.9722 1.0310 1.271515 
974.7021 13.563 109.281 -0.11738 0.33553 -11.347 0.69389 8.0000 6.52 0.9454 1.0013 1.272021 
974.3136 14.109 109.603 -0.12344 0.34660 0.647 0.68567 8.0000 6.53 0.8556 0.9005 1.272529 
973.9250 14.214 107.069 -0.10093 0.32872 0.016 0.63521 8.0000 6.58 0.7378 0.7752 1.273036 
973.5363 18.370 98.869 -0.06538 0.41900 0.033 0.56813 8.0000 6.59 0.6780 0.7259 1.273545 
973.1475 16.033 106.455 -0.06987 0.23655 -3.051 0.39373 8.0000 6.64 0.5364 0.5511 1.274053 
972.7586 15.109 100.514 -0.03986 0.21475 -1.570 0.37500 8.0000 6.69 0.5343 0.5598 1.274563 
972.3697 16.796 118.355 -0.07227 0.13392 -0.625 0.22911 8.0000 6.81 0.5142 0.5385 1.275073 
971.9807 38.745 127.499 -0.09247 0.12051 -0.272 0.03371 8.0000 6.80 0.5115 0.5359 1.275583 
971.5916 59.275 116.610 -0.10564 0.21086 -0.488 -0.12832 8.0000 6.85 0.5759 0.5984 1.276094 
971.2024 68.179 107.597 -0.07648 0.24114 0.278 -0.26527 8.0000 7.04 0.7245 0.7463 1.276605 
970.8131 78.240 104.705 -0.05142 0.19595 0.029 -0.46549 8.0000 6.88 0.8275 0.8443 1.277117 
970.4238 81.280 98.485 -0.02441 0.16365 0.009 -0.52667 8.0000 6.88 0.8549 0.8769 1.277629 
970.0344 68.804 20.987 0.62979 0.24159 0.007 -0.73894 8.0000 7.17 0.9775 1.0556 1.278142 
969.6449 57.365 108.364 -0.10006 0.30144 0.005 -0.14629 8.0000 7.10 0.9118 0.9500 1.278656 
969.2553 37.112 148.125 -0.56363 0.35048 0.002 0.18751 8.0000 7.12 1.1889 1.2814 1.279170 
968.8657 31.152 156.813 -0.91069 0.39007 -1.315 0.52003 8.0000 7.16 1.4795 1.6336 1.279684 
968.4760 29.883 161.315 -1.13369 0.38340 0.737 0.69747 8.0000 7.29 1.6953 1.8795 1.280199 
968.0861 29.079 162.123 -1.27118 0.41001 0.195 0.82947 8.0000 7.52 1.7823 1.9767 1.280714 
967.6962 28.164 160.380 -1.20170 0.42838 -0.452 0.84991 8.0000 7.49 1.7727 1.9500 1.281230 
967.3063 27.166 157.316 -1.00573 0.42038 0.715 0.78238 8.0000 7.48 1.6557 1.7618 1.281747 
966.9163 23.264 152.844 -0.71733 0.36796 0.771 0.76433 8.0000 7.62 1.2780 1.3635 1.282264 
966.5261 13.019 125.728 -0.22824 0.31731 -3.528 0.80002 8.0000 7.49 0.9657 1.0797 1.282782 
966.1359 30.427 18.758 1.00800 0.34233 0.681 0.59363 8.0000 7.44 0.7765 1.0092 1.283300 
965.7457 15.914 40.031 0.48718 0.40924 -0.447 1.02502 8.0000 7.47 0.7664 0.9350 1.283818 
965.3553 37.130 4.700 1.91011 0.15705 0.750 0.54014 8.0000 7.72 0.7039 0.9564 1.284337 
964.9649 32.009 161.326 -9.03048 3.05210 6.490 4.64551 8.0000 7.69 0.8693 1.2218 1.284857 
964.5743 23.206 149.978 -2.24412 1.29677 1.177 2.46709 8.0000 7.58 1.0849 1.5163 1.285377 
964.1838 19.077 150.237 -2.02419 1.15752 -0.283 2.96804 8.0000 7.66 1.1329 1.6295 1.285898 
963.7931 15.568 160.372 -28.29638 10.09150 0.746 49.72988 8.0000 7.77 0.9583 1.4432 1.286419 
963.4023 74.244 33.328 0.42986 0.28266 0.084 -0.83915 8.0000 7.85 0.7048 1.0968 1.286941 
963.0115 48.768 74.294 0.17342 0.61668 0.718 -0.08474 8.0000 7.93 0.6724 1.0242 1.287463 
962.6207 20.531 111.018 -0.11219 0.29199 0.827 0.35905 8.0000 7.97 0.6647 0.8484 1.287986 
962.2297 16.431 141.562 -0.27474 0.21805 0.804 0.54300 8.0000 7.98 0.7156 0.8075 1.288509 
961.8386 9.175 124.892 -0.15860 0.22741 0.769 0.83586 8.0000 8.12 0.8671 1.0923 1.289033 
961.4474 8.167 186.713 -0.22231 -0.02617 0.710 0.76379 8.0000 8.18 0.7990 1.0343 1.289558 
961.0562 9.417 206.280 -0.23857 -0.11781 0.922 0.78007 8.0000 8.05 0.8437 1.1440 1.290083 
960.6649 11.826 219.641 -0.26236 -0.21736 0.012 0.77789 8.0000 8.27 0.7545 0.9991 1.290608 
960.2736 16.581 243.311 -0.22045 -0.43854 0.014 0.75118 8.0000 8.20 0.6467 0.7910 1.291134 
959.8821 8.399 204.080 -0.18864 -0.08431 0.597 0.68442 8.0000 8.26 0.5967 0.6538 1.291661 
959.4905 14.195 117.404 -0.15866 0.30603 1.180 0.63782 8.0000 8.27 0.6024 0.6524 1.292188 
959.0989 31.159 90.948 -0.01097 0.66325 0.695 0.34799 8.0000 8.50 0.5674 0.7275 1.292715 
958.7073 18.460 108.253 -0.07570 0.22954 1.369 0.32168 8.0000 8.50 0.5315 0.6791 1.293243 
958.3155 24.348 114.079 -0.17454 0.39058 -13.031 0.37588 8.0000 8.31 0.5449 0.5838 1.293772 
957.9236 21.876 114.561 -0.17361 0.37987 0.768 0.43627 8.0000 8.37 0.5832 0.5979 1.294301 
957.5317 16.543 117.342 -0.14015 0.27104 -94.213 0.46833 8.0000 8.36 0.6267 0.6447 1.294831 
957.1396 10.179 114.553 -0.09134 0.19994 0.937 0.59242 8.0000 8.33 0.7455 0.7828 1.295362 
956.7476 6.980 116.558 -0.07717 0.15438 -2.160 0.69427 8.0000 8.62 0.7707 0.8144 1.295892 
956.3554 1.613 134.666 -0.03206 0.03244 0.886 0.80939 8.0000 8.79 0.7739 0.8328 1.296424 
955.9632 7.278 147.658 -0.18390 0.11645 -0.006 0.83825 8.0000 8.92 0.8270 0.8875 1.296956 
955.5709 4.509 71.135 0.04840 0.14164 -0.005 0.94320 8.0000 8.78 0.8970 0.9598 1.297488 
955.1784 6.638 30.973 0.15930 0.09561 -0.005 0.78735 8.0000 8.83 0.7211 0.8009 1.298021 
954.7859 12.820 18.150 0.26187 0.08584 0.794 0.57413 8.0000 8.95 0.6148 0.7648 1.298555 
954.3934 24.352 22.769 0.33194 0.13932 7.352 0.31621 8.0000 8.78 0.5937 0.8009 1.299089 
954.0007 30.510 34.178 0.29677 0.20151 0.960 0.19868 8.0000 8.79 0.6004 0.8334 1.299624 
953.6080 23.100 73.353 0.10121 0.33849 0.943 0.33881 8.0000 9.05 0.6788 0.9040 1.300159 
953.2152 33.177 86.085 0.02972 0.43421 -0.791 0.19056 8.0000 9.12 0.5954 0.7691 1.300695 
952.8223 27.369 81.328 0.05515 0.36155 0.694 0.25858 8.0000 9.05 0.5498 0.6718 1.301231 
952.4293 20.102 82.481 0.04284 0.32458 0.846 0.38735 8.0000 9.14 0.5714 0.6569 1.301768 
952.0363 17.226 100.166 -0.06030 0.33626 0.855 0.49795 8.0000 9.11 0.6624 1.0580 1.302305 
951.6432 14.928 55.116 0.24236 0.34761 0.807 0.73825 8.0000 9.34 0.7816 0.8613 1.302843 
951.2499 16.021 58.124 0.20797 0.33443 3.069 0.62922 8.0000 9.14 0.6661 0.9040 1.303382 
950.8567 59.512 308.860 1.41162 -1.75195 2.582 -1.24841 8.0000 9.19 0.9136 2.3462 1.303921 
950.4633 12.253 69.515 0.13570 0.36323 0.778 0.85062 8.0000 9.18 0.7012 1.1554 1.304461 
950.0699 16.452 100.661 -0.14285 0.75886 -0.152 1.19345 8.0000 9.39 1.5199 3.1422 1.305001 
949.6763 18.257 103.853 -0.22297 0.90416 -0.080 1.25787 8.0000 9.46 1.9221 4.5926 1.305542 
949.2827 19.451 104.802 -0.24457 0.92555 -0.057 1.18631 8.0000 9.53 1.9049 5.3172 1.306083 
948.8890 16.868 108.623 -0.53258 1.58038 -0.105 2.49720 8.0000 9.73 2.0153 5.6381 1.306625 
948.4953 19.076 104.658 -0.19681 0.75245 0.003 0.99007 8.0000 9.72 1.7318 5.3007 1.307167 
948.1014 46.634 8.576 1.17257 0.17683 0.240 -0.06772 8.0000 9.74 2.6148 4.9857 1.307710 
947.7075 45.428 92.995 -0.02283 0.43630 0.540 -0.00652 8.0000 9.75 1.6796 3.4402 1.308254 
947.3135 24.701 141.884 -0.77208 0.60574 1.267 0.84105 8.0000 9.45 2.1171 2.5231 1.308798 
946.9194 22.414 150.577 -1.28886 0.72691 0.275 1.48865 8.0000 9.51 2.8299 3.7720 1.309343 
946.5253 21.078 154.345 -1.63655 0.78604 0.089 2.00529 8.0000 9.67 3.3699 4.1675 1.309888 
946.1310 19.149 155.716 -1.82183 0.82196 0.844 2.53095 8.0000 9.98 3.7594 6.9638 1.310434 
945.7367 19.011 156.621 -1.95326 0.84441 0.910 2.72144 8.0000 9.78 3.7981 5.1118 1.310980 
945.3423 19.146 157.424 -2.05297 0.85355 -0.137 2.81599 8.0000 10.03 3.6415 8.2105 1.311527 
944.9478 21.002 158.417 -2.18066 0.86263 0.149 2.60409 8.0000 10.18 3.4904 11.2738 1.312074 
944.5532 24.773 161.111 -2.54011 0.86912 0.838 2.28914 8.0000 9.97 3.2649 13.0189 1.312623 
944.1586 30.765 163.011 -2.92682 0.89418 -0.514 1.65959 8.0000 9.96 3.1483 13.4480 1.313171 
943.7639 40.269 166.186 -3.64577 0.89643 -0.456 0.62569 8.0000 10.02 3.1983 12.6462 1.313720 
943.3691 32.216 163.822 -3.78865 1.09909 1.163 1.88735 8.0000 10.04 3.4649 10.7641 1.314270 
942.9742 32.616 163.773 -4.61715 1.34373 1.334 2.21862 8.0000 10.18 3.5290 7.3681 1.314821 
942.5792 32.735 164.080 -7.02119 2.00267 0.948 3.33194 8.0000 10.27 3.4629 3.7074 1.315372 
942.1841 29.377 163.918 -25.63581 7.39087 -1.068 16.18777 8.0000 10.32 3.2143 6.2326 1.315923 
941.7890 28.194 161.903 -3.25853 1.06488 -1.088 2.27859 8.0000 10.45 1.8778 1.8890 1.316475 
941.3938 37.110 356.089 1.13953 -0.07790 -20.426 0.32276 8.0000 10.43 1.0545 1.1183 1.317028 
940.9985 11.302 8.625 0.28407 0.04309 0.383 0.69010 8.0000 10.61 0.6473 0.7211 1.317581 
940.6031 10.202 14.046 0.22484 0.05625 -6.128 0.62307 8.0000 10.52 0.5916 0.7175 1.318135 
940.2077 6.298 105.655 -0.04153 0.14820 2.206 0.68881 8.0000 10.57 0.5963 0.7456 1.318689 
939.8122 18.584 145.494 -0.41873 0.28785 2.468 0.67018 8.0000 10.69 0.6372 0.7927 1.319244 
939.4166 21.932 152.976 -0.65055 0.33182 1.129 0.75981 8.0000 10.58 0.7964 0.9108 1.319800 
939.0209 19.906 144.905 -0.50269 0.35324 -3.661 0.73711 8.0000 10.47 0.7703 0.9232 1.320356 
938.6251 20.692 141.088 -0.46092 0.37207 0.845 0.67229 8.0000 10.58 0.7770 0.8987 1.320913 
938.2292 21.918 150.752 -0.47292 0.26483 0.795 0.56451 8.0000 10.76 0.7141 0.7788 1.321470 
937.8333 20.601 123.199 -0.30717 0.46941 0.784 0.64078 8.0000 10.71 0.8152 0.8877 1.322028 
937.4373 23.639 100.557 -0.11440 0.61383 -2.188 0.57662 8.0000 11.08 0.6790 0.7944 1.322586 
937.0412 22.767 39.144 0.36013 0.29313 7.524 0.45577 8.0000 10.96 0.6132 0.6643 1.323146 
936.6450 17.068 38.604 0.26045 0.20795 0.827 0.49159 8.0000 10.80 0.6895 0.7629 1.323705 
936.2487 16.328 36.118 0.24936 0.18195 0.849 0.48163 8.0000 10.96 0.7949 0.9328 1.324266 
935.8524 18.915 33.824 0.25378 0.17005 0.558 0.39341 8.0000 11.12 0.8081 1.0793 1.324826 
935.4560 26.329 27.781 0.26124 0.13763 0.746 0.22528 8.0000 11.17 0.7368 1.0280 1.325388 
935.0594 29.276 347.525 0.26995 -0.05973 -0.655 0.16908 8.0000 11.38 0.6954 1.0160 1.325950 
934.6629 1.865 294.201 0.01430 -0.03182 -0.048 0.53528 8.0000 11.27 0.7455 0.9517 1.326512 
934.2662 21.678 259.146 -0.04275 -0.22298 0.998 0.24046 8.0000 11.24 0.6280 0.8084 1.327076 
933.8694 70.463 6.649 0.42592 0.04965 1.380 -0.52815 8.0000 11.54 0.7299 1.2815 1.327640 
933.4727 13.397 165.079 -2.38608 0.63582 -4.486 4.88968 8.0000 11.51 1.3468 2.3347 1.328204 
933.0757 15.795 161.084 -2.18210 0.74778 -0.637 3.75084 8.0000 11.49 1.6832 2.8736 1.328769 
932.6787 16.648 169.792 -2.52182 0.45410 0.765 3.90136 8.0000 11.70 1.7541 2.9834 1.329334 
932.2817 16.009 199.397 -5.96517 -2.10027 18.118 10.11391 8.0000 11.67 1.5217 2.7005 1.329901 
931.8845 14.831 211.322 -6.94448 -4.22591 0.117 14.27369 8.0000 11.65 1.3831 2.5426 1.330467 
931.4873 73.222 52.082 3.17574 4.07675 -74.393 -7.79117 8.0000 11.57 1.0514 1.9788 1.331035 
931.0900 59.584 76.146 0.21318 0.86437 0.257 -0.49690 8.0000 11.86 0.6408 1.2491 1.331603 
930.6926 30.718 327.037 1.56721 -1.01634 0.796 1.01686 8.0000 11.87 1.0505 1.4986 1.332171 
930.2951 14.030 123.277 -0.12688 0.19332 -4.462 0.43380 8.0000 11.77 0.7969 1.0580 1.332740 
929.8975 12.699 80.275 0.04013 0.23417 0.059 0.50037 8.0000 11.99 1.4098 1.9208 1.333310 
929.4999 8.726 53.682 0.11077 0.15070 8.505 0.59495 8.0000 12.19 2.0725 2.7703 1.333881 
929.1022 7.140 20.119 0.18517 0.06783 7.908 0.77482 8.0000 12.52 2.3077 3.0976 1.334452 
928.7043 7.293 13.807 0.22934 0.05636 1.132 0.90754 8.0000 12.26 2.4139 3.1992 1.335023 
928.3065 6.493 19.692 0.22380 0.08010 0.610 1.03067 8.0000 12.23 2.3341 3.0041 1.335595 
927.9085 6.339 13.945 0.23542 0.05846 0.770 1.07839 8.0000 12.25 2.0968 2.5290 1.336168 
927.5104 6.105 8.463 0.20244 0.03012 0.160 0.94578 8.0000 12.52 1.7309 1.9029 1.336742 
927.1123 6.216 359.550 0.12832 -0.00101 0.073 0.58209 8.0000 12.42 1.2662 1.3502 1.337316 
926.7141 56.337 268.334 -0.00311 -0.10686 0.030 -0.04466 8.0000 12.43 1.0428 1.7379 1.337890 
926.3158 12.294 283.291 0.03169 -0.13416 0.394 0.30126 8.0000 12.56 0.9188 1.0523 1.338466 
925.9174 8.144 178.460 -0.08623 0.00232 0.351 0.29525 8.0000 12.58 0.6263 0.7592 1.339042 
925.5190 81.684 67.084 0.48302 1.14257 -0.124 -4.15245 8.0000 12.60 0.7827 0.8960 1.339618 
925.1204 23.223 271.955 0.01043 -0.30547 -0.047 0.29061 8.0000 12.75 0.5582 0.7112 1.340195 
924.7218 25.023 271.316 0.00776 -0.33783 -0.033 0.28308 8.0000 12.61 0.5434 0.6644 1.340773 
924.3231 13.482 277.460 0.01958 -0.14953 -0.016 0.29644 8.0000 12.74 0.5270 0.6143 1.341351 
923.9243 8.705 97.404 -0.01515 0.11656 0.805 0.37487 8.0000 12.90 0.5278 0.5664 1.341930 
923.5255 18.338 98.433 -0.04719 0.31829 0.871 0.43207 8.0000 13.11 0.5797 0.6008 1.342510 
923.1265 28.009 121.388 -0.37523 0.61502 0.037 0.48561 8.0000 12.77 0.7787 0.8463 1.343090 
922.7275 17.587 94.020 -0.02864 0.40749 0.024 0.57964 8.0000 13.16 0.7778 0.8442 1.343671 
922.3283 11.340 51.144 0.17846 0.22152 0.842 0.68068 8.0000 13.13 0.8057 0.9121 1.344252 
921.9291 13.781 44.852 0.28065 0.27920 0.000 0.75845 8.0000 13.17 1.0249 1.2414 1.344834 
921.5298 13.569 26.846 0.35862 0.18152 0.000 0.78419 8.0000 13.24 1.0813 1.3437 1.345417 
921.1305 13.965 31.064 0.37174 0.22393 0.000 0.81860 8.0000 13.06 1.1606 1.4568 1.346000 
920.7311 13.996 19.028 0.38629 0.13322 0.000 0.76877 8.0000 13.25 1.0278 1.2353 1.346584 
920.3315 14.907 33.694 0.37097 0.24736 0.000 0.77809 8.0000 13.61 0.9217 1.0757 1.347169 
919.9319 16.942 60.589 0.23569 0.41809 0.000 0.71469 8.0000 13.34 0.8797 0.9740 1.347754 
919.5322 20.047 86.505 0.03408 0.55802 0.957 0.66404 8.0000 13.12 0.8774 0.9296 1.348340 
919.1324 25.047 110.677 -0.27178 0.72011 0.796 0.64368 8.0000 13.64 0.9260 1.0393 1.348926 
918.7326 20.411 89.306 0.00713 0.58861 3.169 0.68142 8.0000 13.39 0.7831 0.8412 1.349513 
918.3326 24.877 94.603 -0.03340 0.41483 -3.521 0.35227 8.0000 13.81 1.0222 1.1813 1.350101 
917.9326 16.136 77.726 0.08275 0.38036 0.984 0.61643 8.0000 13.71 0.5713 0.6445 1.350689 
917.5325 71.204 128.052 -1.09805 1.40283 1.334 -2.31394 8.0000 13.50 0.8336 1.0010 1.351278 
917.1323 79.208 136.056 -0.93997 0.90594 1.128 -3.29981 8.0000 13.61 1.0970 1.3957 1.351868 
916.7321 70.233 121.418 -0.29041 0.47544 3.184 -0.67501 8.0000 13.70 1.3376 1.7194 1.352458 
916.3317 43.283 116.273 -0.08723 0.17670 60.105 0.01183 8.0000 13.86 1.5418 2.0049 1.353049 
915.9313 2.922 18.099 0.04330 0.01415 1.504 0.44508 8.0000 13.91 1.6728 2.1610 1.353641 
915.5308 7.322 327.100 0.18804 -0.12165 1.757 0.85708 8.0000 14.05 1.6867 2.1242 1.354233 
915.1302 7.208 338.154 0.43497 -0.17438 0.961 1.82295 8.0000 14.13 1.5360 1.8809 1.354826 
914.7295 80.869 147.556 -8.29630 5.27402 0.000 -29.79060 8.0000 14.00 1.2511 1.4947 1.355419 
914.3287 75.192 129.587 -0.39254 0.47472 -0.002 -1.08362 8.0000 14.00 1.0990 1.3287 1.356013 
913.9279 80.010 136.779 -0.55222 0.51895 -0.005 -2.08437 8.0000 14.09 0.8522 0.9907 1.356608 
913.5270 38.268 122.217 -0.12304 0.19526 -0.012 0.05526 8.0000 14.04 0.5415 0.6021 1.357203 
913.1259 6.009 51.406 0.12863 0.16117 0.727 0.96865 8.0000 14.24 0.8659 0.9911 1.357799 
912.7249 8.804 54.146 0.16591 0.22958 0.000 0.89256 8.0000 14.00 0.7663 0.8493 1.358396 
912.3237 9.146 54.521 0.15454 0.21682 0.890 0.80549 8.0000 14.23 0.7157 0.8187 1.358993 
911.9224 9.480 49.802 0.17425 0.20621 -0.150 0.78584 8.0000 14.49 0.6700 0.7592 1.359591 
911.5211 27.917 82.627 0.06705 0.51819 -0.142 0.35465 8.0000 14.60 0.6360 0.8180 1.360190 
911.1196 1.004 289.802 0.00980 -0.02722 0.098 0.82492 8.0000 14.63 0.6024 0.6470 1.360789 
910.7181 21.814 246.309 -0.41851 -0.95380 0.033 1.09271 8.0000 14.57 0.8081 0.9590 1.361389 
910.3165 11.034 60.979 0.20518 0.36984 0.053 1.04331 8.0000 14.59 1.0964 1.4358 1.361990 
909.9149 26.827 93.229 -0.10910 1.93359 -0.036 1.42504 8.0000 14.54 1.6286 1.9783 1.362591 
909.5131 31.487 21.648 2.03770 0.80874 0.086 1.11828 8.0000 14.27 1.8300 2.2575 1.363193 
909.1113 38.329 0.869 3.59671 0.05458 0.023 0.85316 8.0000 14.50 2.4449 2.9980 1.363795 
908.7093 41.082 356.089 4.22101 -0.28858 0.005 0.58226 8.0000 14.61 2.9247 3.5709 1.364399 
908.3073 42.608 354.649 4.42042 -0.41402 0.006 0.37154 8.0000 14.47 3.1596 3.8525 1.365003 
907.9052 45.024 356.848 4.59011 -0.25275 0.002 -0.00385 8.0000 14.63 3.0878 3.6580 1.365607 
907.5031 56.842 2.862 4.87032 0.24349 -0.782 -2.13887 8.0000 14.68 3.0479 3.4814 1.366212 
907.1008 39.021 4.125 3.18209 0.22950 -0.002 0.67566 8.0000 14.64 2.3183 2.5817 1.366818 
906.6984 23.359 18.514 2.03686 0.68208 -0.003 2.02291 8.0000 14.67 2.1801 2.3161 1.367425 
906.2960 13.782 61.870 0.72822 1.36210 -0.030 2.95885 8.0000 14.59 2.5326 2.6439 1.368032 
905.8935 15.341 94.996 -0.21127 2.41670 -0.301 4.08849 8.0000 14.81 3.1296 3.3167 1.368640 
905.4909 11.743 64.364 0.80707 1.68174 0.006 4.29298 8.0000 14.76 2.8686 2.9792 1.369248 
905.0883 9.916 61.263 0.62626 1.14212 3.986 3.61171 8.0000 14.82 2.7032 2.8112 1.369857 
904.6855 7.553 7.902 2.02431 0.28097 0.520 7.57082 8.0000 15.16 2.1338 2.3691 1.370467 
904.2826 5.140 112.655 -0.10875 0.26054 -0.004 1.55679 8.0000 15.09 1.7430 1.8206 1.371078 
903.8797 20.854 175.235 -0.58923 0.04912 -0.002 0.66344 8.0000 15.38 2.0633 2.2251 1.371689 
903.4767 47.439 117.336 -0.28283 0.54713 1.003 -0.05256 8.0000 15.28 2.0934 2.5823 1.372301 
903.0736 30.051 117.824 -0.28590 0.54169 0.115 0.35217 8.0000 15.23 2.4726 3.0371 1.372913 
902.6704 33.122 118.338 -0.30682 0.56893 0.010 0.28450 8.0000 15.32 2.4609 3.1518 1.373527 
902.2672 36.855 119.195 -0.32281 0.57771 0.016 0.19339 8.0000 15.36 2.1451 2.9155 1.374140 
901.8638 41.131 120.731 -0.33496 0.56344 7.719 0.08908 8.0000 15.37 1.5930 2.3509 1.374755 
901.4604 44.720 120.071 -0.33634 0.58089 -0.024 0.00656 8.0000 15.26 1.0891 1.9562 1.375370 
901.0569 61.695 148.077 -0.11542 0.07190 -0.019 -0.08963 8.0000 15.49 0.6494 1.1711 1.375986 
900.6533 62.671 252.689 -0.62530 -2.00631 -0.758 -1.49030 8.0000 15.41 1.2974 2.0455 1.376603 
900.2496 31.534 69.693 0.16209 0.43802 -0.188 0.23727 8.0000 15.53 0.5794 1.4170 1.377220 
899.8458 28.938 49.588 1.69005 1.98496 0.126 1.63684 8.0000 15.25 1.1121 2.1263 1.377838 
899.4420 30.276 34.447 150.87785 103.49052 0.159 103.29273 8.0000 15.53 1.4605 2.9811 1.378457 
899.0380 60.173 211.798 -8.04606 -4.98847 -0.246 -5.54211 8.0000 15.70 1.7590 3.5612 1.379076 
898.6340 60.923 209.670 -5.60085 -3.19076 0.082 -4.00375 8.0000 15.65 1.8742 3.7776 1.379696 
898.2299 62.424 190.791 -5.16640 -0.98469 -0.391 -3.66180 8.0000 15.59 1.6782 3.5914 1.380317 
897.8257 63.762 216.455 -40.73373 -30.09211 -0.442 -38.89300 8.0000 15.88 1.5423 3.0202 1.380938 
897.4214 27.983 69.355 0.95861 2.54425 0.137 1.83617 8.0000 16.09 1.4439 2.2695 1.381560 
897.0171 33.324 100.692 -0.25598 1.35574 0.015 0.59566 8.0000 15.82 1.4112 1.7505 1.382183 
896.6127 40.751 131.343 -0.70166 0.79747 0.012 0.15870 8.0000 15.75 1.6508 2.4342 1.382807 
896.2081 36.329 106.454 -0.42867 1.45143 0.007 0.47260 8.0000 15.86 1.6691 1.9064 1.383431 
895.8035 34.263 105.324 -0.36893 1.34636 0.011 0.54918 8.0000 15.85 1.6747 2.0191 1.384056 
895.3989 33.126 104.001 -0.30216 1.21179 0.005 0.54946 8.0000 15.86 1.3829 1.8969 1.384681 
894.9941 29.895 104.273 -0.23459 0.92216 14.498 0.55405 8.0000 16.15 1.1261 1.7731 1.385307 
894.5892 19.738 110.437 -0.17002 0.45626 0.802 0.59117 8.0000 16.40 0.7976 1.5881 1.385934 
894.1843 11.668 247.789 -0.11487 -0.28132 0.000 0.70433 8.0000 16.03 0.7973 1.4250 1.386562 
893.7792 8.696 116.663 -0.10175 0.20264 0.003 0.72389 8.0000 16.14 0.7635 1.5324 1.387190 
893.3741 5.264 59.770 0.07292 0.12514 0.957 0.77929 8.0000 16.11 0.7311 1.3780 1.387819 
892.9689 6.399 343.339 0.18054 -0.05403 -4.511 0.82965 8.0000 16.32 0.6586 1.0471 1.388449 
892.5637 10.694 317.734 0.20640 -0.18759 -0.525 0.71211 8.0000 16.31 0.5919 0.7083 1.389079 
892.1583 11.162 308.422 0.17083 -0.21537 0.199 0.66946 8.0000 16.66 0.5687 0.7127 1.389711 
891.7528 6.016 338.706 0.13352 -0.05204 0.407 0.67234 8.0000 16.28 0.5922 0.7684 1.390343 
891.3473 5.381 7.763 0.09922 0.01353 -0.286 0.52682 8.0000 16.73 0.5746 0.8019 1.390975 
890.9417 8.892 63.983 0.05258 0.10772 0.741 0.37372 8.0000 16.45 0.5834 0.8030 1.391608 
890.5359 9.356 85.876 0.01025 0.14221 0.000 0.42092 8.0000 16.44 0.5672 0.7568 1.392242 
890.1302 10.801 105.368 -0.03331 0.12118 0.031 0.31740 8.0000 16.70 0.5349 0.6745 1.392877 
889.7243 16.433 162.595 -0.11343 0.03556 0.000 0.18399 8.0000 16.42 0.5165 0.6820 1.393512 
889.3184 9.879 8.579 0.07357 0.01110 0.000 0.20714 8.0000 16.55 0.5150 0.5486 1.394148 
888.9123 16.676 15.245 0.18477 0.05036 0.857 0.29098 8.0000 16.76 0.5266 0.5596 1.394785 
888.5062 14.999 29.275 0.13121 0.07356 -1.347 0.26057 8.0000 17.07 0.5298 0.6667 1.395423 
888.1000 14.769 83.387 0.03511 0.30282 -57.180 0.53800 8.0000 16.67 0.6410 0.7306 1.396061 
887.6937 17.192 82.710 0.04887 0.38200 0.887 0.56277 8.0000 16.86 0.7136 0.8292 1.396700 
887.2873 17.566 84.329 0.04001 0.40292 -479.059 0.57542 8.0000 17.23 0.7345 0.8614 1.397340 
886.8808 19.309 87.266 0.02115 0.44290 0.948 0.55511 8.0000 16.88 0.7744 0.8664 1.397980 
886.4743 13.559 90.968 -0.00566 0.33475 1.199 0.65373 8.0000 17.02 0.6707 0.7629 1.398621 
886.0676 16.293 99.601 -0.05523 0.32650 1.055 0.51807 8.0000 16.88 0.6288 0.6867 1.399263 
885.6609 17.240 110.343 -0.11373 0.30675 0.802 0.47638 8.0000 17.02 0.6054 0.6374 1.399906 
885.2541 15.918 98.050 -0.04580 0.32380 0.043 0.52671 8.0000 17.25 0.5998 0.6542 1.400549 
884.8472 15.851 96.820 -0.03496 0.29231 0.007 0.47661 8.0000 17.15 0.5698 0.6225 1.401193 
884.4402 16.416 94.709 -0.02126 0.25807 83.233 0.40131 8.0000 17.37 0.5463 0.5959 1.401838 
884.0332 20.311 95.522 -0.03848 0.39796 0.836 0.46610 8.0000 17.41 0.5990 0.6348 1.402483 
883.6260 20.614 92.923 -0.02030 0.39751 0.000 0.45420 8.0000 17.34 0.5948 0.6210 1.403130 
883.2188 29.119 91.974 -0.01460 0.42382 0.000 0.26254 8.0000 17.62 0.5767 0.5889 1.403777 
882.8115 27.247 69.134 0.11638 0.30533 0.000 0.23313 8.0000 17.35 0.6128 0.6609 1.404424 
882.4041 10.734 137.697 -0.10770 0.09801 0.029 0.37027 8.0000 17.48 0.5294 0.5386 1.405073 
881.9966 10.174 167.251 -0.19370 0.04383 0.021 0.53548 8.0000 17.57 0.5494 0.6183 1.405722 
881.5890 8.168 201.186 -0.18898 -0.07324 0.015 0.69145 8.0000 17.62 0.5818 0.7259 1.406372 
881.1813 6.562 234.034 -0.09812 -0.13522 0.012 0.71658 8.0000 17.56 0.5790 0.7922 1.407023 
880.7736 25.502 213.662 -0.64975 -0.43270 0.266 0.63208 8.0000 17.80 0.6122 0.8068 1.407674 
880.3658 34.888 197.158 -1.31178 -0.40501 -0.008 0.50580 8.0000 17.48 0.6418 0.8808 1.408326 
879.9579 47.000 238.601 -3.05796 -5.00993 -0.015 -0.41037 8.0000 17.62 1.0088 1.2029 1.408979 
879.5499 40.508 152.273 -1.23940 0.65145 0.013 0.22136 8.0000 17.63 0.6806 0.9113 1.409632 
879.1418 39.757 112.955 -0.69588 1.64298 0.085 0.33022 8.0000 17.86 1.2813 1.5418 1.410287 
878.7336 35.797 105.016 -0.40130 1.49596 -0.004 0.51543 8.0000 17.80 1.9300 2.1044 1.410942 
878.3253 35.846 102.674 -0.41505 1.84562 -0.182 0.62591 8.0000 18.16 2.2263 2.6513 1.411598 
877.9170 36.044 101.638 -0.40749 1.97845 0.979 0.65294 8.0000 17.99 2.3395 2.9037 1.412254 
877.5085 36.132 102.281 -0.42842 1.96800 193.898 0.64418 8.0000 18.16 2.2151 2.8732 1.412912 
877.1000 35.754 104.806 -0.48284 1.82675 1.140 0.63189 8.0000 18.28 1.8367 2.5202 1.413570 
876.6915 34.876 113.078 -0.60226 1.41345 0.906 0.56676 8.0000 18.20 1.2396 1.9225 1.414228 
876.2828 36.801 142.347 -0.89976 0.69423 0.031 0.33443 8.0000 18.12 0.7280 1.1793 1.414888 
875.8740 44.982 241.165 -1.54917 -2.81381 0.118 0.00206 8.0000 18.62 0.9614 1.1955 1.415548 
875.4651 21.529 149.998 -0.51783 0.29899 0.025 0.63993 8.0000 18.59 0.7007 1.7724 1.416209 
875.0562 19.156 164.337 -0.44594 0.12504 0.115 0.58617 8.0000 18.52 0.6546 0.8735 1.416871 
874.6472 1.702 191.382 -0.03479 -0.00700 2.649 0.59656 8.0000 18.32 0.6004 1.9784 1.417534 
874.2380 28.543 11.551 0.77133 0.15764 0.000 0.50959 8.0000 18.55 0.6874 2.6234 1.418197 
873.8289 7.557 159.349 -0.10177 0.03836 0.806 0.40272 8.0000 18.37 0.6902 3.1348 1.418861 
873.4196 21.162 140.188 -0.17682 0.14738 0.849 0.25276 8.0000 18.89 0.6238 3.2789 1.419526 
873.0102 19.038 140.224 -0.20247 0.16855 0.112 0.33627 8.0000 18.72 0.6118 3.1056 1.420192 
872.6007 18.249 137.562 -0.18225 0.16664 -0.043 0.33375 8.0000 18.46 0.5773 2.5497 1.420858 
872.1912 22.207 103.330 -0.09929 0.41905 -0.073 0.43955 8.0000 18.89 0.5845 1.7900 1.421525 
871.7816 16.285 102.874 -0.08479 0.37098 -0.031 0.59576 8.0000 18.43 0.6756 0.8084 1.422193 
871.3718 16.033 98.382 -0.05749 0.39016 0.958 0.62950 8.0000 19.29 0.8186 1.7123 1.422862 
870.9620 11.164 114.949 -0.08169 0.17560 -0.079 0.47158 8.0000 18.98 0.5993 0.6699 1.423532 
870.5521 6.913 157.635 -0.09108 0.03748 0.936 0.40020 8.0000 19.11 0.5660 0.6755 1.424202 
870.1422 6.283 178.446 -0.09575 0.00260 0.882 0.42974 8.0000 19.27 0.5577 0.6461 1.424873 
869.7321 9.738 129.527 -0.10077 0.12213 0.019 0.44771 8.0000 19.00 0.5732 0.6565 1.425545 
869.3219 15.826 111.740 -0.09747 0.24442 0.812 0.42685 8.0000 19.19 0.6151 0.6814 1.426217 
868.9117 19.308 103.288 -0.08637 0.36574 0.909 0.47049 8.0000 19.39 0.6710 0.7051 1.426891 
868.5013 21.615 98.595 -0.06998 0.46297 -0.007 0.49810 8.0000 19.36 0.7530 0.7617 1.427565 
868.0909 23.090 95.763 -0.05586 0.55350 0.766 0.53385 8.0000 19.43 0.8841 0.8969 1.428240 
867.6805 22.581 97.222 -0.06827 0.53875 -0.011 0.53999 8.0000 19.52 0.8596 0.8647 1.428915 
867.2699 21.398 97.097 -0.05877 0.47202 0.864 0.51373 8.0000 19.60 0.7496 0.7528 1.429592 
866.8592 20.784 96.256 -0.04996 0.45572 0.873 0.51696 8.0000 19.74 0.7129 0.7150 1.430269 
866.4485 18.235 94.662 -0.03423 0.41981 -0.142 0.56984 8.0000 19.61 0.6720 0.6745 1.430947 
866.0376 18.915 92.146 -0.01683 0.44920 0.741 0.57890 8.0000 19.60 0.6661 0.6763 1.431626 
865.6267 18.404 94.188 -0.03398 0.46408 0.790 0.62185 8.0000 20.26 0.6819 0.6839 1.432306 
865.2157 18.117 95.413 -0.04158 0.43879 -0.009 0.60145 8.0000 19.75 0.6635 0.6741 1.432986 
864.8046 19.231 96.408 -0.05144 0.45805 0.771 0.58028 8.0000 19.85 0.6811 0.7044 1.433667 
864.3934 18.835 97.684 -0.05974 0.44280 0.772 0.57875 8.0000 19.98 0.6808 0.7173 1.434349 
863.9821 20.326 101.569 -0.09874 0.48237 0.891 0.57340 8.0000 19.86 0.6992 0.7509 1.435032 
863.5707 18.399 99.578 -0.07396 0.43829 -1.829 0.59419 8.0000 20.16 0.7009 0.7370 1.435716 
863.1593 14.369 98.702 -0.04860 0.31753 0.879 0.58583 8.0000 20.22 0.6362 0.6590 1.436400 
862.7477 14.763 95.181 -0.03271 0.36081 0.785 0.63970 8.0000 20.51 0.6834 0.6914 1.437085 
862.3361 14.205 91.970 -0.01240 0.36051 -0.003 0.66685 8.0000 20.27 0.6950 0.7014 1.437771 
861.9244 14.899 90.199 -0.00128 0.36940 0.803 0.64509 8.0000 20.46 0.7055 0.7287 1.438458 
861.5126 14.581 93.008 -0.02006 0.38177 -1.026 0.68511 8.0000 20.54 0.7171 0.7329 1.439145 
861.1008 12.450 93.866 -0.02042 0.30212 0.761 0.65236 8.0000 20.53 0.6635 0.6691 1.439834 
860.6888 11.595 95.044 -0.02477 0.28063 0.770 0.65764 8.0000 20.66 0.6450 0.6539 1.440523 
860.2767 11.455 95.697 -0.02699 0.27055 0.771 0.64336 8.0000 20.39 0.6313 0.6505 1.441213 
859.8646 13.043 94.579 -0.02327 0.29051 -0.002 0.59527 8.0000 20.63 0.6139 0.6431 1.441904 
859.4523 11.336 97.830 -0.03739 0.27190 0.770 0.65701 8.0000 20.83 0.6271 0.6543 1.442595 
859.0400 11.821 97.683 -0.04012 0.29740 3.081 0.68549 8.0000 20.89 0.6365 0.6590 1.443288 
858.6276 11.384 98.358 -0.04558 0.31026 0.764 0.74719 8.0000 21.19 0.6444 0.6594 1.443981 
858.2151 13.324 97.717 -0.04815 0.35536 0.790 0.71461 8.0000 21.27 0.6671 0.6733 1.444675 
857.8026 17.710 96.087 -0.04663 0.43727 0.819 0.61833 8.0000 21.00 0.7132 0.7158 1.445370 
857.3899 19.440 95.253 -0.04475 0.48675 0.782 0.60622 8.0000 21.14 0.7547 0.7652 1.446065 
856.9771 19.860 95.483 -0.04491 0.46790 0.786 0.56579 8.0000 20.71 0.7634 0.7671 1.446762 
856.5643 19.802 95.548 -0.04503 0.46351 0.771 0.56283 8.0000 21.07 0.7648 0.7685 1.447459 
856.1514 21.185 95.430 -0.04586 0.48242 0.001 0.53126 8.0000 21.52 0.7810 0.7850 1.448157 
855.7383 21.154 95.662 -0.04611 0.46511 0.833 0.51352 8.0000 21.55 0.7725 0.7764 1.448856 
855.3253 22.145 95.685 -0.04865 0.48868 0.795 0.50341 8.0000 21.45 0.7919 0.7962 1.449556 
854.9120 21.561 94.700 -0.04172 0.50741 0.938 0.54364 8.0000 21.30 0.7902 0.7930 1.450257 
854.4988 19.072 95.514 -0.04577 0.47410 0.815 0.60648 8.0000 21.34 0.7494 0.7514 1.450958 
854.0854 19.181 95.662 -0.04767 0.48086 0.836 0.61051 8.0000 21.31 0.7566 0.7595 1.451660 
853.6719 19.510 95.493 -0.04788 0.49793 0.842 0.61727 8.0000 21.66 0.7741 0.7771 1.452364 
853.2584 18.342 96.076 -0.05135 0.48241 0.789 0.65126 8.0000 21.61 0.7534 0.7555 1.453067 
852.8448 18.018 96.217 -0.05184 0.47592 0.758 0.65804 8.0000 21.71 0.7430 0.7447 1.453772 
852.4311 17.593 96.360 -0.05023 0.45066 0.848 0.64312 8.0000 21.53 0.7234 0.7248 1.454478 
852.0173 20.434 95.501 -0.04654 0.48331 0.787 0.56115 8.0000 21.79 0.7333 0.7344 1.455184 
851.6034 18.813 95.708 -0.04596 0.45987 0.780 0.59958 8.0000 21.69 0.7330 0.7341 1.455891 
851.1894 19.771 95.378 -0.04471 0.47492 0.778 0.57781 8.0000 21.61 0.7362 0.7377 1.456599 
850.7753 20.837 94.682 -0.04187 0.51129 0.821 0.57633 8.0000 21.76 0.7517 0.7530 1.457308 
850.3612 18.828 95.254 -0.04344 0.47238 0.877 0.61473 8.0000 21.98 0.7270 0.7282 1.458018 
849.9470 18.879 94.653 -0.03933 0.48323 0.749 0.62599 8.0000 21.87 0.7321 0.7337 1.458728 
849.5326 19.862 94.187 -0.03775 0.51559 0.892 0.62215 8.0000 21.85 0.7549 0.7565 1.459440 
849.1182 20.540 94.013 -0.03731 0.53192 0.766 0.61170 8.0000 22.16 0.7624 0.7638 1.460152 
848.7037 19.667 93.909 -0.03638 0.53248 0.770 0.65128 8.0000 22.11 0.7685 0.7701 1.460865 
848.2891 19.098 93.739 -0.03464 0.53016 0.811 0.67526 8.0000 22.16 0.7711 0.7726 1.461579 
847.8744 18.080 93.705 -0.03366 0.51978 0.775 0.71270 8.0000 22.57 0.7725 0.7739 1.462294 
847.4597 19.408 93.652 -0.03343 0.52371 0.773 0.65232 8.0000 22.47 0.7551 0.7561 1.463010 
847.0448 19.273 93.535 -0.03219 0.52104 0.766 0.65521 8.0000 22.61 0.7510 0.7522 1.463726 
846.6298 19.593 93.447 -0.03144 0.52207 0.778 0.64158 8.0000 22.94 0.7454 0.7467 1.464444 
846.2148 20.737 93.489 -0.03187 0.52274 0.749 0.59248 8.0000 22.54 0.7347 0.7359 1.465162 
845.7997 20.267 93.593 -0.03275 0.52169 0.778 0.61129 8.0000 22.83 0.7351 0.7366 1.465881 
845.3845 20.162 93.505 -0.03217 0.52519 0.766 0.61994 8.0000 22.69 0.7431 0.7444 1.466601 
844.9692 19.659 93.567 -0.03321 0.53276 0.775 0.65176 8.0000 22.80 0.7440 0.7454 1.467322 
844.5538 19.137 93.308 -0.03182 0.55044 0.787 0.69882 8.0000 22.66 0.7499 0.7518 1.468044 
844.1383 19.048 93.316 -0.03119 0.53822 0.752 0.68766 8.0000 22.69 0.7586 0.7605 1.468766 
843.7227 19.061 93.272 -0.03080 0.53883 0.768 0.68778 8.0000 23.14 0.7713 0.7735 1.469490 
843.3071 19.466 93.289 -0.03055 0.53164 0.724 0.65922 8.0000 23.06 0.7666 0.7688 1.470214 
842.8914 19.077 93.229 -0.03014 0.53416 0.782 0.68097 8.0000 23.11 0.7694 0.7714 1.470939 
842.4755 19.409 93.032 -0.02896 0.54670 0.766 0.68046 8.0000 23.22 0.7782 0.7802 1.471665 
842.0596 19.886 92.978 -0.02954 0.56772 0.767 0.68298 8.0000 23.29 0.7736 0.7754 1.472392 
841.6436 19.902 92.932 -0.02920 0.57007 0.755 0.68504 8.0000 23.35 0.7780 0.7798 1.473120 
841.2275 19.525 92.884 -0.02812 0.55825 0.741 0.68904 8.0000 23.40 0.7946 0.7962 1.473849 
840.8113 19.347 92.823 -0.02685 0.54446 0.744 0.68057 8.0000 23.65 0.8068 0.8087 1.474578 
840.3951 19.643 92.740 -0.02660 0.55581 0.747 0.68020 8.0000 23.64 0.8092 0.8110 1.475308 
839.9787 19.598 92.675 -0.02612 0.55914 0.753 0.68644 8.0000 23.55 0.8116 0.8135 1.476040 
839.5623 19.491 92.531 -0.02465 0.55766 0.760 0.68975 8.0000 23.89 0.8211 0.8231 1.476772 
839.1457 19.846 92.615 -0.02555 0.55942 0.807 0.67474 8.0000 23.76 0.8199 0.8220 1.477505 
838.7291 19.951 92.595 -0.02535 0.55923 0.759 0.66946 8.0000 23.77 0.8179 0.8201 1.478239 
838.3124 20.087 92.575 -0.02528 0.56205 0.756 0.66641 8.0000 24.08 0.8173 0.8198 1.478974 
837.8956 20.146 92.391 -0.02357 0.56453 0.760 0.66645 8.0000 24.27 0.8183 0.8207 1.479709 
837.4787 20.061 92.321 -0.02303 0.56836 0.771 0.67500 8.0000 24.26 0.8133 0.8156 1.480446 
837.0617 20.109 92.308 -0.02292 0.56856 0.829 0.67289 8.0000 24.12 0.8129 0.8152 1.481183 
836.6447 19.992 92.249 -0.02243 0.57118 0.780 0.68160 8.0000 24.25 0.8154 0.8179 1.481922 
836.2275 19.980 92.211 -0.02209 0.57198 0.768 0.68314 8.0000 24.59 0.8124 0.8148 1.482661 
835.8102 19.923 92.111 -0.02120 0.57511 0.760 0.68960 8.0000 24.84 0.8129 0.8153 1.483401 
835.3929 20.027 92.034 -0.02050 0.57717 0.758 0.68694 8.0000 24.56 0.8160 0.8185 1.484142 
834.9755 20.093 91.944 -0.01969 0.58013 0.756 0.68723 8.0000 24.82 0.8150 0.8174 1.484884 
834.5579 20.180 91.892 -0.01928 0.58367 0.745 0.68717 8.0000 24.80 0.8153 0.8177 1.485627 
834.1403 20.163 91.843 -0.01872 0.58178 0.761 0.68576 8.0000 24.94 0.8147 0.8172 1.486371 
833.7227 20.188 91.839 -0.01872 0.58304 0.740 0.68602 8.0000 24.86 0.8153 0.8177 1.487115 
833.3049 20.272 91.801 -0.01838 0.58445 0.758 0.68359 8.0000 25.17 0.8135 0.8157 1.487861 
832.8870 20.283 91.743 -0.01782 0.58580 0.746 0.68462 8.0000 24.97 0.8134 0.8155 1.488608 
832.4691 20.244 91.664 -0.01697 0.58411 0.768 0.68450 8.0000 25.43 0.8141 0.8163 1.489355 
832.0510 20.313 91.636 -0.01675 0.58660 0.776 0.68403 8.0000 25.66 0.8143 0.8163 1.490103 
831.6329 20.349 91.652 -0.01697 0.58872 0.772 0.68476 8.0000 25.38 0.8142 0.8163 1.490852 
831.2146 20.378 91.538 -0.01583 0.58934 0.752 0.68408 8.0000 25.81 0.8148 0.8169 1.491603 
830.7963 20.469 91.564 -0.01619 0.59291 0.773 0.68380 8.0000 25.86 0.8151 0.8172 1.492354 
830.3779 20.590 91.516 -0.01579 0.59636 0.756 0.68192 8.0000 25.86 0.8165 0.8185 1.493106 
829.9594 20.612 91.485 -0.01549 0.59750 0.756 0.68215 8.0000 26.51 0.8191 0.8210 1.493858 
829.5408 20.624 91.434 -0.01501 0.59977 0.757 0.68418 8.0000 26.20 0.8210 0.8230 1.494612 
829.1221 20.614 91.369 -0.01432 0.59940 0.750 0.68422 8.0000 26.01 0.8226 0.8246 1.495367 
828.7034 20.621 91.350 -0.01415 0.60049 0.765 0.68509 8.0000 26.42 0.8237 0.8257 1.496123 
828.2845 20.594 91.307 -0.01367 0.59924 0.782 0.68498 8.0000 26.62 0.8235 0.8255 1.496879 
827.8656 20.634 91.270 -0.01335 0.60187 0.756 0.68604 8.0000 25.97 0.8249 0.8270 1.497637 
827.4465 20.657 91.225 -0.01288 0.60273 0.775 0.68587 8.0000 26.60 0.8259 0.8279 1.498395 
827.0275 20.667 91.148 -0.01210 0.60383 0.767 0.68666 8.0000 26.80 0.8281 0.8301 1.499154 
826.6082 20.680 91.130 -0.01193 0.60486 0.758 0.68719 8.0000 26.71 0.8283 0.8304 1.499915 
826.1889 20.700 91.082 -0.01144 0.60599 0.781 0.68749 8.0000 26.93 0.8306 0.8326 1.500676 
825.7695 20.717 91.055 -0.01117 0.60653 0.776 0.68728 8.0000 27.34 0.8320 0.8340 1.501438 
825.3500 20.726 91.028 -0.01088 0.60673 0.778 0.68705 8.0000 27.14 0.8336 0.8357 1.502201 
824.9305 20.715 91.028 -0.01090 0.60732 0.757 0.68826 8.0000 26.94 0.8353 0.8374 1.502965 
824.5108 20.699 90.991 -0.01054 0.60892 0.753 0.69082 8.0000 27.14 0.8362 0.8382 1.503730 
824.0911 20.693 90.928 -0.00988 0.60991 0.764 0.69223 8.0000 27.21 0.8375 0.8394 1.504496 
823.6713 20.697 90.890 -0.00949 0.61064 0.769 0.69287 8.0000 27.48 0.8384 0.8403 1.505263 
823.2513 20.699 90.879 -0.00938 0.61125 0.772 0.69344 8.0000 27.18 0.8399 0.8419 1.506031 
822.8313 20.700 90.866 -0.00925 0.61193 0.773 0.69417 8.0000 27.39 0.8399 0.8418 1.506800 
822.4112 20.719 90.878 -0.00941 0.61396 0.774 0.69555 8.0000 27.61 0.8422 0.8441 1.507569 
821.9910 20.751 90.914 -0.00981 0.61476 0.757 0.69492 8.0000 27.50 0.8445 0.8464 1.508340 
821.5707 20.734 90.898 -0.00964 0.61480 0.769 0.69576 8.0000 27.93 0.8448 0.8467 1.509112 
821.1503 20.723 90.895 -0.00961 0.61541 0.771 0.69701 8.0000 28.15 0.8449 0.8467 1.509884 
820.7299 20.742 90.880 -0.00950 0.61803 0.779 0.69905 8.0000 28.38 0.8468 0.8486 1.510658 
820.3093 20.762 90.895 -0.00968 0.61938 0.758 0.69957 8.0000 28.27 0.8490 0.8508 1.511432 
819.8886 20.806 90.866 -0.00936 0.61922 0.760 0.69725 8.0000 28.22 0.8485 0.8504 1.512208 
819.4679 20.823 90.836 -0.00905 0.62036 0.756 0.69765 8.0000 28.74 0.8494 0.8513 1.512984 
819.0471 20.848 90.844 -0.00916 0.62188 0.765 0.69816 8.0000 28.52 0.8512 0.8530 1.513761 
818.6262 20.865 90.825 -0.00897 0.62313 0.769 0.69872 8.0000 29.15 0.8521 0.8539 1.514540 
818.2051 20.875 90.797 -0.00868 0.62372 0.763 0.69888 8.0000 28.79 0.8525 0.8542 1.515319 
817.7841 20.886 90.781 -0.00851 0.62479 0.745 0.69955 8.0000 28.80 0.8528 0.8545 1.516099 
817.3629 20.880 90.798 -0.00871 0.62512 0.757 0.70020 8.0000 29.00 0.8530 0.8547 1.516881 
816.9416 20.904 90.818 -0.00894 0.62651 0.758 0.70060 8.0000 28.88 0.8551 0.8569 1.517663 
816.5202 20.908 90.807 -0.00885 0.62774 0.759 0.70177 8.0000 29.17 0.8561 0.8578 1.518446 
816.0988 20.920 90.812 -0.00892 0.62922 0.756 0.70283 8.0000 29.47 0.8572 0.8589 1.519230 
815.6772 20.950 90.766 -0.00844 0.63124 0.761 0.70361 8.0000 29.32 0.8583 0.8600 1.520015 
815.2556 20.956 90.756 -0.00833 0.63120 0.755 0.70328 8.0000 29.37 0.8582 0.8599 1.520801 
814.8338 20.974 90.765 -0.00845 0.63262 0.750 0.70393 8.0000 29.31 0.8597 0.8614 1.521589 
814.4120 20.989 90.739 -0.00818 0.63424 0.756 0.70501 8.0000 29.80 0.8610 0.8627 1.522377 
813.9901 20.996 90.777 -0.00862 0.63562 0.762 0.70617 8.0000 30.10 0.8622 0.8639 1.523166 
813.5681 21.023 90.787 -0.00874 0.63642 0.759 0.70577 8.0000 29.78 0.8633 0.8650 1.523956 
813.1460 21.023 90.755 -0.00839 0.63682 0.757 0.70618 8.0000 29.92 0.8626 0.8642 1.524747 
812.7238 21.027 90.755 -0.00840 0.63723 0.774 0.70645 8.0000 30.29 0.8627 0.8643 1.525539 
812.3015 21.074 90.707 -0.00790 0.64012 0.768 0.70732 8.0000 30.50 0.8656 0.8673 1.526332 
811.8792 21.038 90.756 -0.00843 0.63937 0.762 0.70828 8.0000 30.80 0.8651 0.8667 1.527126 
811.4567 21.050 90.751 -0.00840 0.64039 0.758 0.70879 8.0000 30.91 0.8666 0.8682 1.527921 
811.0341 21.062 90.730 -0.00816 0.64042 0.750 0.70821 8.0000 30.38 0.8663 0.8680 1.528717 
810.6115 21.062 90.789 -0.00884 0.64132 0.762 0.70923 8.0000 30.62 0.8674 0.8690 1.529514 
810.1888 21.065 90.755 -0.00845 0.64186 0.749 0.70967 8.0000 30.22 0.8671 0.8687 1.530312 
809.7659 21.091 90.713 -0.00800 0.64288 0.752 0.70948 8.0000 31.05 0.8676 0.8692 1.531111 
809.3430 21.110 90.686 -0.00770 0.64322 0.752 0.70894 8.0000 31.26 0.8672 0.8688 1.531912 
808.9200 21.131 90.608 -0.00683 0.64401 0.757 0.70875 8.0000 30.96 0.8679 0.8695 1.532713 
808.4969 21.151 90.556 -0.00626 0.64463 0.763 0.70843 8.0000 31.58 0.8682 0.8698 1.533515 
808.0737 21.173 90.519 -0.00584 0.64470 0.771 0.70743 8.0000 31.53 0.8677 0.8693 1.534318 
807.6505 21.179 90.532 -0.00600 0.64542 0.773 0.70792 8.0000 31.58 0.8685 0.8701 1.535122 
807.2271 21.184 90.524 -0.00591 0.64551 0.761 0.70776 8.0000 31.69 0.8682 0.8697 1.535927 
806.8036 21.216 90.463 -0.00522 0.64642 0.762 0.70714 8.0000 32.20 0.8680 0.8695 1.536733 
806.3801 21.244 90.439 -0.00496 0.64725 0.759 0.70664 8.0000 31.62 0.8679 0.8695 1.537540 
805.9564 21.272 90.390 -0.00441 0.64796 0.749 0.70606 8.0000 32.16 0.8681 0.8697 1.538349 
805.5327 21.293 90.346 -0.00391 0.64841 0.758 0.70548 8.0000 32.09 0.8687 0.8703 1.539158 
805.1089 21.328 90.279 -0.00316 0.64896 0.752 0.70438 8.0000 31.85 0.8688 0.8704 1.539968 
804.6850 21.351 90.265 -0.00301 0.65009 0.761 0.70444 8.0000 32.25 0.8702 0.8718 1.540779 
804.2610 21.360 90.239 -0.00271 0.65000 0.757 0.70392 8.0000 32.78 0.8697 0.8713 1.541591 
803.8369 21.379 90.211 -0.00240 0.65064 0.755 0.70365 8.0000 32.28 0.8702 0.8717 1.542405 
803.4127 21.408 90.184 -0.00209 0.65139 0.763 0.70306 8.0000 32.56 0.8711 0.8727 1.543219 
802.9884 21.423 90.184 -0.00209 0.65200 0.775 0.70299 8.0000 32.56 0.8716 0.8732 1.544035 
802.5640 21.443 90.170 -0.00193 0.65308 0.759 0.70315 8.0000 32.57 0.8726 0.8743 1.544851 
802.1396 21.447 90.149 -0.00170 0.65326 0.764 0.70317 8.0000 33.29 0.8720 0.8736 1.545669 
801.7150 21.457 90.165 -0.00188 0.65348 0.766 0.70289 8.0000 33.52 0.8724 0.8740 1.546487 
801.2903 21.488 90.126 -0.00144 0.65419 0.760 0.70210 8.0000 33.35 0.8726 0.8742 1.547307 
800.8657 21.498 90.135 -0.00154 0.65435 0.762 0.70181 8.0000 32.95 0.8729 0.8745 1.548127 
800.4408 21.495 90.117 -0.00133 0.65383 0.766 0.70137 8.0000 32.70 0.8720 0.8736 1.548949 
800.0159 21.510 90.120 -0.00137 0.65438 0.762 0.70124 8.0000 33.47 0.8720 0.8736 1.549772 
799.5909 21.528 90.086 -0.00098 0.65458 0.757 0.70056 8.0000 33.32 0.8711 0.8727 1.550595 
799.1658 21.541 90.087 -0.00100 0.65549 0.757 0.70093 8.0000 33.33 0.8720 0.8736 1.551420 
798.7406 21.561 90.047 -0.00053 0.65666 0.762 0.70119 8.0000 33.51 0.8728 0.8743 1.552246 
798.3153 21.591 90.036 -0.00041 0.65777 0.766 0.70091 8.0000 33.79 0.8737 0.8752 1.553073 
797.8899 21.626 89.996 0.00005 0.65930 0.769 0.70082 8.0000 34.19 0.8749 0.8765 1.553901 
797.4644 21.637 89.986 0.00016 0.65987 0.768 0.70086 8.0000 34.30 0.8752 0.8768 1.554730 
797.0389 21.664 89.948 0.00060 0.66136 0.771 0.70115 8.0000 34.14 0.8759 0.8775 1.555560 
796.6132 21.682 89.908 0.00106 0.66237 0.771 0.70132 8.0000 34.04 0.8768 0.8783 1.556391 
796.1875 21.688 89.879 0.00139 0.66216 0.770 0.70079 8.0000 34.68 0.8765 0.8781 1.557224 
795.7617 21.710 89.849 0.00174 0.66297 0.764 0.70059 8.0000 34.08 0.8763 0.8779 1.558057 
795.3357 21.733 89.819 0.00209 0.66351 0.770 0.70002 8.0000 34.46 0.8772 0.8788 1.558891 
794.9097 21.759 89.781 0.00254 0.66468 0.765 0.70001 8.0000 34.73 0.8781 0.8797 1.559727 
794.4836 21.779 89.715 0.00331 0.66505 0.768 0.69939 8.0000 34.82 0.8776 0.8793 1.560563 
794.0574 21.790 89.725 0.00319 0.66569 0.771 0.69953 8.0000 34.88 0.8785 0.8802 1.561401 
793.6310 21.806 89.705 0.00344 0.66686 0.770 0.69997 8.0000 35.41 0.8789 0.8805 1.562240 
793.2047 21.828 89.650 0.00407 0.66756 0.774 0.69965 8.0000 35.53 0.8793 0.8809 1.563079 
792.7782 21.842 89.628 0.00433 0.66789 0.773 0.69934 8.0000 35.06 0.8788 0.8805 1.563920 
792.3516 21.850 89.627 0.00435 0.66858 0.775 0.69965 8.0000 35.36 0.8789 0.8805 1.564762 
791.9249 21.849 89.625 0.00437 0.66853 0.761 0.69966 8.0000 34.95 0.8784 0.8801 1.565605 
791.4982 21.877 89.602 0.00465 0.66960 0.758 0.69937 8.0000 34.99 0.8787 0.8803 1.566449 
791.0714 21.890 89.587 0.00483 0.66998 0.755 0.69914 8.0000 35.45 0.8791 0.8808 1.567295 
790.6444 21.904 89.574 0.00498 0.67051 0.764 0.69904 8.0000 35.09 0.8798 0.8815 1.568141 
790.2173 21.919 89.555 0.00521 0.67026 0.762 0.69806 8.0000 35.33 0.8800 0.8817 1.568989 
789.7902 21.939 89.520 0.00563 0.67081 0.773 0.69766 8.0000 35.64 0.8798 0.8815 1.569837 
789.3630 21.951 89.501 0.00584 0.67108 0.762 0.69731 8.0000 35.26 0.8799 0.8816 1.570687 
788.9357 21.973 89.500 0.00586 0.67173 0.761 0.69694 8.0000 35.99 0.8804 0.8821 1.571537 
788.5083 21.984 89.482 0.00608 0.67217 0.759 0.69688 8.0000 36.10 0.8799 0.8816 1.572389 
788.0807 21.983 89.494 0.00594 0.67265 0.765 0.69739 8.0000 35.92 0.8804 0.8820 1.573242 
787.6532 21.995 89.482 0.00609 0.67351 0.764 0.69770 8.0000 35.86 0.8809 0.8825 1.574096 
787.2255 21.994 89.481 0.00610 0.67327 0.759 0.69753 8.0000 35.77 0.8804 0.8820 1.574951 
786.7977 21.993 89.431 0.00668 0.67336 0.761 0.69767 8.0000 36.36 0.8798 0.8813 1.575808 
786.3699 22.002 89.423 0.00679 0.67402 0.766 0.69789 8.0000 36.27 0.8802 0.8818 1.576665 
785.9419 22.018 89.418 0.00685 0.67445 0.762 0.69757 8.0000 36.41 0.8812 0.8828 1.577524 
785.5139 22.032 89.396 0.00711 0.67474 0.761 0.69717 8.0000 36.05 0.8816 0.8831 1.578383 
785.0857 22.041 89.371 0.00741 0.67518 0.769 0.69719 8.0000 36.85 0.8809 0.8825 1.579244 
784.6575 22.058 89.328 0.00792 0.67573 0.765 0.69695 8.0000 36.88 0.8810 0.8826 1.580106 
784.2291 22.061 89.335 0.00784 0.67571 0.774 0.69677 8.0000 37.05 0.8813 0.8829 1.580969 
783.8007 22.064 89.313 0.00810 0.67583 0.769 0.69676 8.0000 36.94 0.8813 0.8828 1.581833 
783.3722 22.076 89.300 0.00826 0.67613 0.764 0.69648 8.0000 37.01 0.8814 0.8830 1.582698 
782.9435 22.102 89.267 0.00865 0.67664 0.766 0.69576 8.0000 37.27 0.8817 0.8832 1.583565 
782.5148 22.118 89.262 0.00873 0.67744 0.758 0.69580 8.0000 37.24 0.8827 0.8842 1.584433 
782.0861 22.118 89.277 0.00856 0.67772 0.760 0.69607 8.0000 37.05 0.8831 0.8846 1.585301 
781.6572 22.116 89.285 0.00846 0.67785 0.762 0.69634 8.0000 36.69 0.8832 0.8847 1.586171 
781.2282 22.126 89.272 0.00862 0.67822 0.765 0.69619 8.0000 37.13 0.8834 0.8849 1.587042 
780.7991 22.137 89.288 0.00843 0.67860 0.771 0.69610 8.0000 37.28 0.8838 0.8853 1.587914 
780.3699 22.151 89.281 0.00852 0.67909 0.767 0.69592 8.0000 37.31 0.8843 0.8858 1.588788 
779.9407 22.157 89.274 0.00861 0.67931 0.773 0.69584 8.0000 37.44 0.8846 0.8861 1.589662 
779.5113 22.165 89.271 0.00864 0.67938 0.770 0.69551 8.0000 37.48 0.8845 0.8860 1.590537 
779.0818 22.193 89.245 0.00896 0.67994 0.779 0.69471 8.0000 37.47 0.8846 0.8861 1.591414 
778.6523 22.222 89.208 0.00941 0.68076 0.772 0.69416 8.0000 37.68 0.8850 0.8865 1.592292 
778.2227 22.246 89.187 0.00967 0.68138 0.766 0.69364 8.0000 38.03 0.8853 0.8868 1.593171 
777.7930 22.260 89.187 0.00967 0.68168 0.771 0.69325 8.0000 37.64 0.8860 0.8874 1.594051 
777.3632 22.282 89.182 0.00975 0.68249 0.772 0.69304 8.0000 37.63 0.8864 0.8879 1.594933 
776.9332 22.300 89.166 0.00994 0.68281 0.773 0.69249 8.0000 38.11 0.8868 0.8882 1.595815 
776.5032 22.316 89.148 0.01016 0.68320 0.763 0.69212 8.0000 38.40 0.8870 0.8884 1.596699 
776.0731 22.329 89.135 0.01032 0.68331 0.774 0.69157 8.0000 38.27 0.8869 0.8884 1.597584 
775.6429 22.347 89.100 0.01074 0.68363 0.781 0.69108 8.0000 37.96 0.8869 0.8883 1.598470 
775.2126 22.368 89.088 0.01088 0.68368 0.773 0.69009 8.0000 38.51 0.8866 0.8881 1.599357 
774.7822 22.392 89.073 0.01106 0.68394 0.777 0.68923 8.0000 38.91 0.8871 0.8885 1.600246 
774.3517 22.404 89.091 0.01085 0.68425 0.781 0.68892 8.0000 38.97 0.8872 0.8886 1.601135 
773.9212 22.424 89.077 0.01103 0.68495 0.771 0.68871 8.0000 38.59 0.8877 0.8891 1.602026 
773.4905 22.437 89.082 0.01099 0.68551 0.764 0.68860 8.0000 38.62 0.8881 0.8895 1.602918 
773.0598 22.458 89.080 0.01102 0.68620 0.761 0.68829 8.0000 39.31 0.8883 0.8897 1.603811 
772.6289 22.479 89.069 0.01116 0.68672 0.770 0.68781 8.0000 39.11 0.8888 0.8902 1.604706 
772.1980 22.505 89.041 0.01150 0.68726 0.772 0.68713 8.0000 38.99 0.8892 0.8906 1.605601 
771.7669 22.511 89.028 0.01166 0.68753 0.770 0.68709 8.0000 39.07 0.8894 0.8908 1.606498 
771.3358 22.518 89.023 0.01173 0.68801 0.769 0.68723 8.0000 39.32 0.8899 0.8913 1.607396 
770.9046 22.532 89.013 0.01186 0.68855 0.770 0.68710 8.0000 39.20 0.8904 0.8918 1.608295 
770.4733 22.548 89.009 0.01192 0.68906 0.769 0.68685 8.0000 39.33 0.8910 0.8924 1.609195 
770.0419 22.564 89.011 0.01190 0.68955 0.773 0.68659 8.0000 39.05 0.8915 0.8929 1.610097 
769.6104 22.584 89.011 0.01191 0.69022 0.774 0.68628 8.0000 39.63 0.8918 0.8932 1.610999 
769.1787 22.600 89.020 0.01181 0.69076 0.773 0.68608 8.0000 39.78 0.8918 0.8932 1.611904 
768.7471 22.601 89.029 0.01171 0.69061 0.774 0.68588 8.0000 39.84 0.8919 0.8932 1.612809 
768.3152 22.630 89.031 0.01171 0.69173 0.776 0.68558 8.0000 39.89 0.8926 0.8939 1.613715 
767.8834 22.653 89.008 0.01200 0.69268 0.773 0.68543 8.0000 40.11 0.8928 0.8941 1.614623 
767.4514 22.673 88.973 0.01243 0.69320 0.774 0.68500 8.0000 40.51 0.8930 0.8943 1.615531 
767.0193 22.690 88.961 0.01257 0.69342 0.775 0.68440 8.0000 40.48 0.8927 0.8940 1.616442 
766.5872 22.711 88.940 0.01284 0.69399 0.779 0.68395 8.0000 40.14 0.8930 0.8943 1.617353 
766.1549 22.727 88.919 0.01310 0.69440 0.776 0.68361 8.0000 40.51 0.8929 0.8942 1.618265 
765.7225 22.744 88.937 0.01289 0.69483 0.776 0.68322 8.0000 41.22 0.8929 0.8942 1.619179 
765.2901 22.761 88.941 0.01285 0.69533 0.772 0.68289 8.0000 40.80 0.8932 0.8944 1.620094 
764.8575 22.776 88.955 0.01270 0.69609 0.777 0.68290 8.0000 41.23 0.8935 0.8947 1.621010 
764.4249 22.792 88.951 0.01276 0.69684 0.775 0.68290 8.0000 41.02 0.8940 0.8953 1.621928 
763.9922 22.807 88.951 0.01277 0.69772 0.773 0.68303 8.0000 41.22 0.8946 0.8959 1.622846 
763.5593 22.834 88.932 0.01302 0.69849 0.782 0.68250 8.0000 41.65 0.8949 0.8962 1.623766 
763.1264 22.852 88.946 0.01286 0.69878 0.776 0.68194 8.0000 41.44 0.8949 0.8962 1.624687 
762.6934 22.867 88.920 0.01318 0.69951 0.782 0.68193 8.0000 41.69 0.8951 0.8964 1.625610 
762.2603 22.878 88.911 0.01330 0.69962 0.783 0.68153 8.0000 41.92 0.8949 0.8961 1.626533 
761.8271 22.891 88.909 0.01333 0.70022 0.782 0.68150 8.0000 42.38 0.8951 0.8964 1.627458 
761.3938 22.907 88.894 0.01353 0.70041 0.785 0.68091 8.0000 42.15 0.8952 0.8964 1.628385 
760.9604 22.927 88.866 0.01387 0.70083 0.782 0.68037 8.0000 41.86 0.8951 0.8964 1.629312 
760.5269 22.948 88.867 0.01388 0.70171 0.777 0.68025 8.0000 42.36 0.8955 0.8967 1.630241 
760.0933 22.971 88.855 0.01404 0.70246 0.778 0.67989 8.0000 42.68 0.8961 0.8974 1.631171 
759.6597 22.994 88.830 0.01437 0.70328 0.780 0.67959 8.0000 42.71 0.8966 0.8979 1.632102 
759.2259 23.007 88.837 0.01428 0.70339 0.789 0.67908 8.0000 42.36 0.8968 0.8980 1.633034 
758.7921 23.018 88.849 0.01414 0.70394 0.780 0.67907 8.0000 42.61 0.8972 0.8985 1.633968 
758.3581 23.037 88.822 0.01449 0.70444 0.782 0.67867 8.0000 42.81 0.8971 0.8984 1.634903 
757.9240 23.049 88.812 0.01460 0.70433 0.784 0.67798 8.0000 43.48 0.8967 0.8980 1.635839 
757.4899 23.066 88.809 0.01465 0.70475 0.790 0.67759 8.0000 43.73 0.8970 0.8982 1.636777 
757.0556 23.080 88.810 0.01464 0.70493 0.782 0.67708 8.0000 43.31 0.8969 0.8981 1.637716 
756.6213 23.105 88.804 0.01473 0.70550 0.780 0.67646 8.0000 43.08 0.8971 0.8984 1.638656 
756.1868 23.128 88.770 0.01516 0.70605 0.780 0.67589 8.0000 42.99 0.8972 0.8984 1.639597 
755.7523 23.138 88.777 0.01508 0.70622 0.780 0.67560 8.0000 42.82 0.8972 0.8984 1.640540 
755.3177 23.156 88.772 0.01516 0.70691 0.786 0.67541 8.0000 44.08 0.8975 0.8987 1.641484 
754.8830 23.171 88.774 0.01513 0.70691 0.789 0.67470 8.0000 43.81 0.8974 0.8986 1.642429 
754.4482 23.180 88.778 0.01508 0.70700 0.790 0.67436 8.0000 43.99 0.8974 0.8986 1.643376 
754.0132 23.194 88.792 0.01492 0.70739 0.794 0.67408 8.0000 44.74 0.8975 0.8987 1.644324 
753.5782 23.209 88.782 0.01505 0.70802 0.788 0.67396 8.0000 44.22 0.8976 0.8989 1.645273 
753.1431 23.222 88.776 0.01514 0.70852 0.793 0.67381 8.0000 44.80 0.8978 0.8990 1.646223 
752.7079 23.232 88.781 0.01509 0.70879 0.787 0.67364 8.0000 44.22 0.8979 0.8991 1.647175 
752.2726 23.249 88.778 0.01513 0.70914 0.790 0.67313 8.0000 45.28 0.8979 0.8991 1.648129 
751.8373 23.260 88.778 0.01513 0.70905 0.788 0.67255 8.0000 44.68 0.8975 0.8987 1.649083 
751.4018 23.283 88.736 0.01565 0.70954 0.791 0.67192 8.0000 45.25 0.8977 0.8989 1.650039 
750.9662 23.300 88.734 0.01569 0.71000 0.790 0.67156 8.0000 45.17 0.8983 0.8995 1.650996 
750.5306 23.316 88.734 0.01570 0.71024 0.791 0.67104 8.0000 45.09 0.8985 0.8997 1.651954 
750.0948 23.328 88.716 0.01593 0.71052 0.792 0.67074 8.0000 45.34 0.8981 0.8993 1.652914 
749.6589 23.344 88.713 0.01597 0.71105 0.797 0.67051 8.0000 45.47 0.8983 0.8995 1.653875 
749.2230 23.355 88.709 0.01603 0.71118 0.798 0.67013 8.0000 45.73 0.8983 0.8995 1.654837 
748.7869 23.365 88.709 0.01604 0.71140 0.795 0.66987 8.0000 46.16 0.8983 0.8995 1.655801 
748.3508 23.386 88.690 0.01629 0.71214 0.794 0.66960 8.0000 45.72 0.8985 0.8997 1.656766 
747.9146 23.401 88.707 0.01609 0.71280 0.798 0.66950 8.0000 45.91 0.8990 0.9002 1.657732 
747.4782 23.413 88.721 0.01592 0.71319 0.793 0.66929 8.0000 45.34 0.8992 0.9004 1.658700 
747.0417 23.425 88.717 0.01599 0.71364 0.802 0.66917 8.0000 45.80 0.8993 0.9005 1.659669 
746.6052 23.438 88.700 0.01620 0.71390 0.799 0.66881 8.0000 46.20 0.8994 0.9005 1.660639 
746.1686 23.456 88.682 0.01644 0.71451 0.796 0.66853 8.0000 46.47 0.8995 0.9007 1.661611 
745.7319 23.478 88.659 0.01675 0.71529 0.800 0.66823 8.0000 46.14 0.8998 0.9010 1.662584 
745.2950 23.496 88.655 0.01682 0.71609 0.800 0.66812 8.0000 46.34 0.9001 0.9013 1.663559 
744.8582 23.518 88.628 0.01716 0.71647 0.802 0.66747 8.0000 46.66 0.9001 0.9013 1.664534 
744.4211 23.527 88.636 0.01707 0.71679 0.799 0.66734 8.0000 46.23 0.9002 0.9014 1.665512 
743.9841 23.539 88.646 0.01695 0.71747 0.798 0.66740 8.0000 46.56 0.9006 0.9018 1.666490 
743.5468 23.556 88.633 0.01713 0.71783 0.801 0.66694 8.0000 46.42 0.9005 0.9017 1.667470 
743.1096 23.571 88.634 0.01713 0.71810 0.800 0.66651 8.0000 46.86 0.9007 0.9019 1.668451 
742.6722 23.583 88.652 0.01691 0.71836 0.804 0.66617 8.0000 46.65 0.9009 0.9021 1.669434 
742.2347 23.593 88.654 0.01689 0.71851 0.806 0.66586 8.0000 47.26 0.9008 0.9020 1.670418 
741.7971 23.607 88.633 0.01715 0.71870 0.806 0.66537 8.0000 47.47 0.9006 0.9018 1.671403 
741.3594 23.617 88.629 0.01720 0.71869 0.803 0.66490 8.0000 46.74 0.9005 0.9017 1.672390 
740.9216 23.627 88.638 0.01709 0.71905 0.813 0.66477 8.0000 47.93 0.9007 0.9018 1.673378 
740.4838 23.641 88.638 0.01710 0.71924 0.807 0.66431 8.0000 47.70 0.9007 0.9018 1.674367 
740.0458 23.649 88.658 0.01685 0.71938 0.804 0.66405 8.0000 47.92 0.9007 0.9018 1.675358 
739.6077 23.658 88.670 0.01670 0.71948 0.808 0.66373 8.0000 48.03 0.9007 0.9018 1.676351 
739.1696 23.670 88.665 0.01678 0.71994 0.806 0.66358 8.0000 47.80 0.9008 0.9019 1.677344 
738.7313 23.681 88.668 0.01675 0.72021 0.811 0.66331 8.0000 48.10 0.9008 0.9019 1.678339 
738.2930 23.694 88.657 0.01689 0.72058 0.810 0.66307 8.0000 48.55 0.9007 0.9018 1.679336 
737.8545 23.701 88.656 0.01691 0.72089 0.809 0.66301 8.0000 48.29 0.9007 0.9018 1.680334 
737.4160 23.718 88.654 0.01695 0.72141 0.812 0.66271 8.0000 48.21 0.9009 0.9020 1.681333 
736.9773 23.725 88.657 0.01691 0.72141 0.808 0.66237 8.0000 47.95 0.9008 0.9018 1.682334 
736.5386 23.736 88.655 0.01694 0.72152 0.812 0.66200 8.0000 48.11 0.9007 0.9017 1.683336 
736.0997 23.747 88.657 0.01692 0.72174 0.817 0.66167 8.0000 49.75 0.9006 0.9017 1.684340 
735.6608 23.760 88.666 0.01681 0.72211 0.816 0.66142 8.0000 48.78 0.9006 0.9017 1.685344 
735.2218 23.772 88.672 0.01675 0.72224 0.813 0.66098 8.0000 48.74 0.9006 0.9017 1.686351 
734.7827 23.775 88.693 0.01647 0.72197 0.814 0.66057 8.0000 48.80 0.9003 0.9014 1.687359 
734.3434 23.785 88.687 0.01656 0.72221 0.822 0.66034 8.0000 49.21 0.9001 0.9012 1.688368 
733.9041 23.799 88.675 0.01671 0.72255 0.825 0.65998 8.0000 49.52 0.9000 0.9010 1.689379 
733.4647 23.804 88.678 0.01667 0.72258 0.819 0.65980 8.0000 50.16 0.8999 0.9009 1.690391 
733.0252 23.809 88.690 0.01652 0.72250 0.820 0.65950 8.0000 49.67 0.8999 0.9009 1.691404 
732.5856 23.828 88.669 0.01680 0.72327 0.819 0.65932 8.0000 49.69 0.9000 0.9011 1.692419 
732.1459 23.835 88.667 0.01683 0.72324 0.821 0.65895 8.0000 49.61 0.8999 0.9009 1.693436 
731.7061 23.839 88.665 0.01684 0.72290 0.824 0.65849 8.0000 50.18 0.8996 0.9006 1.694453 
731.2662 23.848 88.673 0.01676 0.72316 0.818 0.65827 8.0000 49.98 0.8998 0.9007 1.695473 
730.8262 23.854 88.676 0.01671 0.72324 0.824 0.65811 8.0000 50.17 0.8998 0.9008 1.696494 
730.3861 23.856 88.694 0.01648 0.72291 0.827 0.65769 8.0000 50.33 0.8997 0.9006 1.697516 
729.9459 23.867 88.690 0.01653 0.72300 0.830 0.65727 8.0000 50.72 0.8996 0.9005 1.698539 
729.5057 23.874 88.686 0.01658 0.72271 0.833 0.65670 8.0000 50.05 0.8995 0.9005 1.699564 
729.0653 23.889 88.663 0.01687 0.72303 0.834 0.65631 8.0000 50.09 0.8996 0.9005 1.700591 
728.6248 23.892 88.663 0.01687 0.72284 0.830 0.65598 8.0000 49.88 0.8994 0.9003 1.701619 
728.1843 23.896 88.667 0.01682 0.72286 0.834 0.65579 8.0000 50.54 0.8992 0.9002 1.702648 
727.7436 23.905 88.668 0.01681 0.72296 0.829 0.65548 8.0000 50.25 0.8993 0.9002 1.703680 
727.3028 23.909 88.677 0.01669 0.72292 0.833 0.65525 8.0000 50.25 0.8992 0.9001 1.704712 
726.8619 23.923 88.659 0.01693 0.72338 0.835 0.65506 8.0000 50.62 0.8992 0.9001 1.705746 
726.4210 23.928 88.661 0.01690 0.72327 0.835 0.65472 8.0000 50.84 0.8990 0.8999 1.706781 
725.9799 23.939 88.656 0.01697 0.72346 0.836 0.65440 8.0000 50.56 0.8991 0.9000 1.707818 
725.5388 23.952 88.631 0.01729 0.72348 0.839 0.65379 8.0000 50.62 0.8989 0.8998 1.708857 
725.0975 23.967 88.606 0.01761 0.72372 0.843 0.65335 8.0000 51.13 0.8991 0.9000 1.709897 
724.6561 23.979 88.601 0.01768 0.72384 0.837 0.65289 8.0000 50.18 0.8992 0.9001 1.710938 
724.2147 23.982 88.601 0.01767 0.72358 0.839 0.65253 8.0000 50.89 0.8992 0.9000 1.711981 
723.7732 23.989 88.600 0.01769 0.72356 0.841 0.65221 8.0000 50.86 0.8991 0.9000 1.713025 
723.3315 23.997 88.602 0.01766 0.72349 0.839 0.65176 8.0000 50.30 0.8991 0.9000 1.714072 
722.8898 24.011 88.577 0.01798 0.72372 0.845 0.65133 8.0000 51.40 0.8992 0.9000 1.715119 
722.4479 24.022 88.569 0.01808 0.72386 0.845 0.65098 8.0000 51.23 0.8991 0.9000 1.716168 
722.0060 24.031 88.560 0.01820 0.72395 0.849 0.65061 8.0000 51.42 0.8991 0.9000 1.717218 
721.5640 24.052 88.531 0.01858 0.72444 0.842 0.65014 8.0000 50.92 0.8994 0.9002 1.718270 
721.1218 24.063 88.525 0.01865 0.72465 0.847 0.64982 8.0000 51.32 0.8994 0.9003 1.719324 
720.6796 24.072 88.524 0.01868 0.72482 0.846 0.64954 8.0000 51.74 0.8995 0.9004 1.720379 
720.2373 24.083 88.516 0.01879 0.72489 0.847 0.64913 8.0000 51.91 0.8996 0.9004 1.721435 
719.7949 24.088 88.525 0.01866 0.72478 0.846 0.64878 8.0000 51.73 0.8995 0.9004 1.722493 
719.3524 24.102 88.512 0.01883 0.72504 0.847 0.64841 8.0000 51.58 0.8998 0.9006 1.723553 
718.9097 24.111 88.509 0.01888 0.72512 0.854 0.64806 8.0000 51.60 0.8998 0.9007 1.724614 
718.4670 24.119 88.502 0.01897 0.72525 0.854 0.64783 8.0000 52.08 0.8999 0.9007 1.725677 
718.0242 24.141 88.477 0.01930 0.72585 0.859 0.64736 8.0000 52.52 0.9001 0.9010 1.726741 
717.5813 24.154 88.462 0.01949 0.72598 0.856 0.64687 8.0000 52.38 0.9002 0.9010 1.727807 
717.1383 24.168 88.448 0.01967 0.72623 0.853 0.64645 8.0000 51.52 0.9002 0.9010 1.728874 
716.6952 24.181 88.435 0.01985 0.72645 0.857 0.64608 8.0000 52.17 0.9003 0.9011 1.729943 
716.2520 24.196 88.421 0.02003 0.72672 0.861 0.64562 8.0000 52.62 0.9004 0.9012 1.731013 
715.8087 24.213 88.384 0.02051 0.72688 0.860 0.64500 8.0000 52.69 0.9004 0.9012 1.732086 
715.3653 24.229 88.364 0.02077 0.72725 0.864 0.64464 8.0000 52.94 0.9006 0.9014 1.733159 
714.9218 24.238 88.371 0.02069 0.72744 0.862 0.64441 8.0000 52.65 0.9007 0.9015 1.734234 
714.4782 24.251 88.354 0.02091 0.72771 0.863 0.64405 8.0000 52.83 0.9008 0.9016 1.735311 
714.0345 24.269 88.320 0.02135 0.72812 0.870 0.64361 8.0000 52.88 0.9008 0.9016 1.736389 
713.5907 24.285 88.302 0.02160 0.72857 0.867 0.64330 8.0000 53.05 0.9010 0.9018 1.737469 
713.1469 24.298 88.276 0.02192 0.72864 0.864 0.64275 8.0000 52.27 0.9009 0.9017 1.738550 
712.7028 24.311 88.256 0.02219 0.72886 0.870 0.64240 8.0000 52.79 0.9010 0.9018 1.739634 
712.2588 24.330 88.237 0.02245 0.72937 0.871 0.64198 8.0000 53.51 0.9014 0.9022 1.740718 
711.8146 24.346 88.222 0.02265 0.72978 0.871 0.64162 8.0000 52.95 0.9016 0.9024 1.741805 
711.3703 24.364 88.194 0.02302 0.73012 0.877 0.64113 8.0000 53.50 0.9018 0.9026 1.742892 
710.9259 24.384 88.162 0.02345 0.73056 0.875 0.64062 8.0000 53.06 0.9019 0.9027 1.743982 
710.4814 24.399 88.148 0.02363 0.73081 0.874 0.64018 8.0000 53.16 0.9020 0.9028 1.745073 
710.0369 24.417 88.137 0.02378 0.73124 0.875 0.63971 8.0000 53.20 0.9020 0.9028 1.746165 
709.5922 24.434 88.120 0.02402 0.73166 0.878 0.63935 8.0000 53.04 0.9022 0.9030 1.747260 
709.1474 24.454 88.107 0.02420 0.73209 0.880 0.63882 8.0000 53.78 0.9025 0.9032 1.748356 
708.7026 24.469 88.092 0.02440 0.73219 0.883 0.63823 8.0000 54.11 0.9025 0.9033 1.749453 
708.2576 24.486 88.081 0.02454 0.73251 0.883 0.63776 8.0000 53.98 0.9027 0.9035 1.750552 
707.8125 24.500 88.074 0.02465 0.73297 0.883 0.63750 8.0000 53.33 0.9029 0.9037 1.751653 
707.3674 24.522 88.049 0.02497 0.73325 0.885 0.63681 8.0000 53.59 0.9029 0.9037 1.752755 
706.9221 24.542 88.031 0.02522 0.73368 0.890 0.63628 8.0000 54.22 0.9032 0.9040 1.753859 
706.4767 24.562 88.009 0.02552 0.73414 0.891 0.63577 8.0000 54.50 0.9034 0.9042 1.754965 
706.0313 24.580 87.977 0.02595 0.73450 0.893 0.63531 8.0000 54.40 0.9034 0.9042 1.756072 
705.5857 24.601 87.957 0.02621 0.73495 0.891 0.63475 8.0000 54.67 0.9037 0.9044 1.757181 
705.1401 24.620 87.945 0.02639 0.73550 0.890 0.63438 8.0000 54.06 0.9039 0.9047 1.758292 
704.6943 24.640 87.931 0.02659 0.73595 0.894 0.63388 8.0000 54.12 0.9041 0.9049 1.759404 
704.2484 24.657 87.908 0.02689 0.73620 0.896 0.63335 8.0000 53.79 0.9040 0.9048 1.760518 
703.8025 24.675 87.891 0.02713 0.73653 0.905 0.63283 8.0000 54.15 0.9040 0.9047 1.761633 
703.3564 24.695 87.855 0.02760 0.73700 0.905 0.63236 8.0000 54.04 0.9040 0.9048 1.762751 
702.9103 24.717 87.843 0.02779 0.73765 0.902 0.63194 8.0000 54.84 0.9043 0.9051 1.763869 
702.4641 24.740 87.814 0.02818 0.73825 0.906 0.63141 8.0000 55.33 0.9045 0.9053 1.764990 
702.0177 24.762 87.797 0.02843 0.73892 0.906 0.63102 8.0000 54.89 0.9048 0.9056 1.766112 
701.5712 24.784 87.776 0.02871 0.73933 0.906 0.63041 8.0000 55.19 0.9050 0.9058 1.767236 
701.1247 24.804 87.762 0.02892 0.73996 0.912 0.63005 8.0000 55.24 0.9053 0.9060 1.768361 
700.6780 24.825 87.748 0.02912 0.74050 0.910 0.62959 8.0000 54.73 0.9054 0.9062 1.769489 
700.2313 24.846 87.732 0.02935 0.74107 0.918 0.62912 8.0000 55.34 0.9057 0.9064 1.770618 
699.7844 24.866 87.716 0.02958 0.74170 0.919 0.62879 8.0000 54.47 0.9060 0.9067 1.771748 
699.3375 24.886 87.703 0.02977 0.74219 0.916 0.62833 8.0000 54.77 0.9062 0.9070 1.772881 
698.8904 24.906 87.682 0.03007 0.74275 0.917 0.62790 8.0000 55.17 0.9064 0.9072 1.774015 
698.4433 24.927 87.662 0.03035 0.74332 0.918 0.62746 8.0000 55.14 0.9066 0.9074 1.775150 
697.9961 24.952 87.629 0.03081 0.74416 0.922 0.62711 8.0000 55.13 0.9071 0.9079 1.776288 
697.5488 24.973 87.605 0.03114 0.74462 0.927 0.62656 8.0000 55.22 0.9073 0.9081 1.777427 
697.1013 24.989 87.587 0.03139 0.74505 0.930 0.62620 8.0000 55.42 0.9074 0.9082 1.778568 
696.6537 25.009 87.575 0.03158 0.74558 0.933 0.62580 8.0000 55.41 0.9075 0.9083 1.779711 
696.2061 25.033 87.549 0.03194 0.74618 0.936 0.62524 8.0000 55.00 0.9077 0.9085 1.780855 
695.7584 25.055 87.537 0.03211 0.74668 0.935 0.62468 8.0000 55.20 0.9079 0.9087 1.782001 
695.3105 25.076 87.516 0.03241 0.74713 0.939 0.62413 8.0000 56.13 0.9080 0.9088 1.783149 
694.8626 25.099 87.494 0.03272 0.74769 0.938 0.62357 8.0000 55.95 0.9085 0.9092 1.784298 
694.4146 25.119 87.477 0.03297 0.74809 0.937 0.62306 8.0000 55.88 0.9087 0.9095 1.785449 
693.9664 25.142 87.462 0.03319 0.74870 0.944 0.62254 8.0000 55.01 0.9089 0.9097 1.786602 
693.5182 25.169 87.441 0.03350 0.74967 0.945 0.62218 8.0000 55.26 0.9093 0.9101 1.787757 
693.0699 25.193 87.427 0.03372 0.75034 0.949 0.62168 8.0000 55.22 0.9095 0.9103 1.788913 
692.6215 25.214 87.415 0.03392 0.75114 0.948 0.62141 8.0000 55.64 0.9097 0.9105 1.790071 
692.1729 25.235 87.402 0.03411 0.75168 0.954 0.62095 8.0000 55.71 0.9098 0.9106 1.791231 
691.7243 25.256 87.387 0.03433 0.75228 0.951 0.62052 8.0000 56.12 0.9101 0.9109 1.792393 
691.2756 25.282 87.370 0.03459 0.75294 0.946 0.61992 8.0000 55.71 0.9104 0.9112 1.793557 
690.8267 25.302 87.355 0.03481 0.75342 0.958 0.61942 8.0000 55.50 0.9106 0.9114 1.794722 
690.3778 25.325 87.335 0.03510 0.75408 0.956 0.61896 8.0000 55.32 0.9109 0.9117 1.795889 
689.9288 25.347 87.316 0.03538 0.75458 0.964 0.61842 8.0000 55.06 0.9112 0.9120 1.797058 
689.4797 25.371 87.294 0.03570 0.75522 0.963 0.61791 8.0000 55.12 0.9115 0.9123 1.798228 
689.0304 25.391 87.277 0.03594 0.75560 0.964 0.61736 8.0000 54.64 0.9116 0.9124 1.799401 
688.5811 25.412 87.263 0.03615 0.75623 0.964 0.61693 8.0000 55.96 0.9119 0.9127 1.800575 
688.1317 25.430 87.250 0.03634 0.75671 0.962 0.61654 8.0000 55.50 0.9121 0.9129 1.801751 
687.6821 25.448 87.241 0.03650 0.75733 0.972 0.61625 8.0000 56.13 0.9123 0.9131 1.802929 
687.2325 25.471 87.216 0.03685 0.75793 0.976 0.61575 8.0000 56.01 0.9125 0.9133 1.804108 
686.7828 25.492 87.202 0.03707 0.75842 0.983 0.61524 8.0000 56.00 0.9126 0.9134 1.805290 
686.3329 25.512 87.189 0.03727 0.75901 0.982 0.61484 8.0000 55.55 0.9127 0.9135 1.806473 
685.8830 25.532 87.178 0.03744 0.75958 0.980 0.61443 8.0000 55.45 0.9129 0.9137 1.807658 
685.4330 25.558 87.167 0.03761 0.76017 0.983 0.61379 8.0000 55.81 0.9131 0.9139 1.808845 
684.9828 25.581 87.155 0.03781 0.76079 0.985 0.61328 8.0000 55.85 0.9134 0.9143 1.810034 
684.5327 25.597 87.149 0.03790 0.76119 0.984 0.61290 8.0000 56.01 0.9135 0.9143 1.811224 
684.0823 25.617 87.139 0.03806 0.76161 0.993 0.61235 8.0000 55.62 0.9135 0.9144 1.812416 
683.6319 25.639 87.129 0.03821 0.76209 0.998 0.61181 8.0000 55.61 0.9137 0.9145 1.813610 
683.1813 25.658 87.116 0.03842 0.76249 1.002 0.61130 8.0000 55.22 0.9137 0.9145 1.814807 
682.7307 25.681 87.093 0.03875 0.76315 1.003 0.61082 8.0000 55.61 0.9139 0.9147 1.816004 
682.2800 25.700 87.086 0.03886 0.76356 1.003 0.61031 8.0000 55.93 0.9140 0.9148 1.817204 
681.8292 25.721 87.072 0.03908 0.76394 0.999 0.60971 8.0000 55.27 0.9142 0.9150 1.818405 
681.3782 25.742 87.057 0.03929 0.76439 1.003 0.60918 8.0000 55.67 0.9144 0.9152 1.819609 
680.9272 25.759 87.045 0.03947 0.76478 1.014 0.60876 8.0000 55.37 0.9145 0.9153 1.820814 
680.4761 25.779 87.028 0.03973 0.76516 1.013 0.60818 8.0000 55.71 0.9146 0.9154 1.822021 
680.0248 25.797 87.014 0.03992 0.76545 1.021 0.60765 8.0000 55.34 0.9146 0.9155 1.823230 
679.5735 25.817 86.999 0.04015 0.76588 1.023 0.60713 8.0000 55.50 0.9149 0.9157 1.824441 
679.1221 25.835 86.984 0.04037 0.76603 1.023 0.60645 8.0000 55.60 0.9149 0.9157 1.825654 
678.6705 25.852 86.975 0.04049 0.76634 1.031 0.60596 8.0000 56.22 0.9151 0.9159 1.826869 
678.2189 25.871 86.966 0.04064 0.76670 1.032 0.60544 8.0000 56.26 0.9151 0.9159 1.828085 
677.7672 25.889 86.946 0.04093 0.76712 1.034 0.60498 8.0000 55.40 0.9152 0.9161 1.829303 
677.3154 25.909 86.933 0.04113 0.76745 1.037 0.60440 8.0000 55.26 0.9153 0.9161 1.830524 
676.8634 25.929 86.920 0.04132 0.76787 1.045 0.60388 8.0000 55.96 0.9155 0.9163 1.831746 
676.4114 25.946 86.910 0.04146 0.76804 1.048 0.60327 8.0000 55.83 0.9156 0.9164 1.832970 
675.9592 25.961 86.897 0.04164 0.76825 1.051 0.60278 8.0000 55.90 0.9157 0.9165 1.834196 
675.5070 25.979 86.885 0.04182 0.76863 1.051 0.60232 8.0000 55.91 0.9159 0.9167 1.835424 
675.0547 25.995 86.879 0.04193 0.76883 1.053 0.60178 8.0000 55.69 0.9159 0.9167 1.836654 
674.6022 26.012 86.864 0.04212 0.76896 1.057 0.60116 8.0000 55.59 0.9159 0.9167 1.837886 
674.1497 26.030 86.856 0.04225 0.76921 1.061 0.60059 8.0000 56.10 0.9160 0.9168 1.839120 
673.6971 26.045 86.846 0.04239 0.76932 1.062 0.60003 8.0000 55.52 0.9161 0.9169 1.840355 
673.2443 26.063 86.836 0.04255 0.76968 1.068 0.59954 8.0000 56.04 0.9163 0.9171 1.841593 
672.7915 26.079 86.823 0.04274 0.76994 1.075 0.59905 8.0000 56.37 0.9166 0.9173 1.842832 
672.3386 26.096 86.811 0.04290 0.77007 1.080 0.59842 8.0000 56.26 0.9168 0.9176 1.844074 
671.8855 26.111 86.798 0.04310 0.77024 1.077 0.59793 8.0000 55.91 0.9169 0.9177 1.845317 
671.4324 26.127 86.786 0.04327 0.77056 1.086 0.59750 8.0000 56.04 0.9172 0.9179 1.846563 
670.9791 26.144 86.771 0.04348 0.77088 1.083 0.59700 8.0000 56.43 0.9172 0.9180 1.847810 
670.5258 26.163 86.749 0.04380 0.77100 1.094 0.59631 8.0000 56.29 0.9174 0.9181 1.849059 
670.0723 26.179 86.735 0.04401 0.77133 1.103 0.59589 8.0000 56.70 0.9176 0.9183 1.850311 
669.6188 26.195 86.722 0.04418 0.77148 1.102 0.59532 8.0000 55.77 0.9178 0.9186 1.851564 
669.1651 26.211 86.710 0.04436 0.77161 1.111 0.59474 8.0000 56.86 0.9180 0.9187 1.852819 
668.7114 26.230 86.697 0.04456 0.77195 1.111 0.59420 8.0000 56.42 0.9181 0.9188 1.854076 
668.2575 26.244 86.694 0.04462 0.77232 1.113 0.59389 8.0000 56.43 0.9181 0.9188 1.855336 
667.8035 26.262 86.680 0.04482 0.77262 1.110 0.59334 8.0000 56.47 0.9183 0.9190 1.856597 
667.3495 26.278 86.666 0.04502 0.77287 1.120 0.59285 8.0000 56.66 0.9184 0.9191 1.857860 
666.8953 26.294 86.660 0.04512 0.77314 1.130 0.59237 8.0000 56.60 0.9186 0.9193 1.859125 
666.4411 26.310 86.650 0.04527 0.77342 1.131 0.59192 8.0000 55.68 0.9188 0.9196 1.860392 
665.9868 26.325 86.644 0.04538 0.77377 1.132 0.59152 8.0000 56.19 0.9191 0.9199 1.861661 
665.5323 26.341 86.630 0.04558 0.77407 1.141 0.59109 8.0000 56.75 0.9194 0.9201 1.862933 
665.0777 26.356 86.619 0.04574 0.77437 1.140 0.59069 8.0000 56.03 0.9196 0.9203 1.864206 
664.6230 26.371 86.605 0.04596 0.77466 1.143 0.59028 8.0000 56.68 0.9197 0.9205 1.865482 
664.1683 26.386 86.595 0.04611 0.77505 1.148 0.58992 8.0000 56.55 0.9200 0.9207 1.866759 
663.7134 26.402 86.588 0.04623 0.77534 1.155 0.58947 8.0000 56.53 0.9202 0.9209 1.868038 
663.2584 26.415 86.575 0.04641 0.77549 1.157 0.58906 8.0000 56.75 0.9203 0.9210 1.869319 
662.8034 26.428 86.565 0.04655 0.77571 1.162 0.58866 8.0000 55.53 0.9205 0.9212 1.870603 
662.3482 26.441 86.555 0.04671 0.77595 1.170 0.58829 8.0000 56.62 0.9207 0.9214 1.871888 
661.8929 26.456 86.541 0.04692 0.77627 1.177 0.58791 8.0000 56.92 0.9208 0.9215 1.873176 
661.4376 26.471 86.525 0.04715 0.77656 1.180 0.58751 8.0000 56.40 0.9211 0.9217 1.874465 
660.9821 26.485 86.517 0.04728 0.77678 1.183 0.58709 8.0000 56.64 0.9212 0.9219 1.875757 
660.5265 26.499 86.507 0.04743 0.77697 1.188 0.58662 8.0000 55.53 0.9213 0.9220 1.877051 
660.0708 26.513 86.500 0.04754 0.77719 1.197 0.58620 8.0000 56.85 0.9214 0.9221 1.878347 
659.6151 26.531 86.487 0.04774 0.77756 1.201 0.58573 8.0000 56.79 0.9217 0.9224 1.879644 
659.1592 26.549 86.475 0.04791 0.77781 1.204 0.58515 8.0000 56.55 0.9219 0.9226 1.880945 
658.7032 26.561 86.465 0.04807 0.77818 1.203 0.58490 8.0000 56.33 0.9222 0.9229 1.882247 
658.2471 26.573 86.449 0.04830 0.77843 1.215 0.58460 8.0000 56.98 0.9225 0.9231 1.883551 
657.7909 26.586 86.440 0.04845 0.77866 1.219 0.58422 8.0000 57.03 0.9228 0.9234 1.884857 
657.3346 26.600 86.433 0.04855 0.77899 1.234 0.58389 8.0000 56.78 0.9229 0.9235 1.886166 
656.8782 26.615 86.430 0.04862 0.77938 1.233 0.58356 8.0000 56.65 0.9230 0.9237 1.887476 
656.4218 26.628 86.422 0.04875 0.77965 1.244 0.58320 8.0000 56.82 0.9231 0.9238 1.888788 
655.9651 26.641 86.414 0.04888 0.77988 1.250 0.58284 8.0000 56.63 0.9232 0.9239 1.890103 
655.5084 26.653 86.401 0.04906 0.78013 1.249 0.58253 8.0000 55.98 0.9235 0.9242 1.891420 
655.0516 26.665 86.392 0.04920 0.78026 1.263 0.58212 8.0000 56.32 0.9237 0.9244 1.892739 
654.5947 26.676 86.383 0.04934 0.78047 1.271 0.58180 8.0000 56.83 0.9240 0.9246 1.894060 
654.1377 26.690 86.372 0.04951 0.78081 1.270 0.58148 8.0000 56.57 0.9241 0.9248 1.895384 
653.6806 26.699 86.361 0.04967 0.78093 1.283 0.58119 8.0000 56.82 0.9242 0.9249 1.896709 
653.2234 26.713 86.347 0.04987 0.78115 1.289 0.58076 8.0000 57.43 0.9244 0.9250 1.898037 
652.7661 26.725 86.340 0.04998 0.78137 1.289 0.58042 8.0000 56.49 0.9247 0.9253 1.899366 
652.3087 26.737 86.332 0.05011 0.78160 1.297 0.58011 8.0000 56.51 0.9249 0.9255 1.900698 
651.8511 26.746 86.328 0.05017 0.78182 1.304 0.57986 8.0000 56.40 0.9251 0.9257 1.902032 
651.3936 26.759 86.322 0.05029 0.78224 1.317 0.57966 8.0000 56.34 0.9254 0.9260 1.903368 
650.9358 26.772 86.318 0.05037 0.78261 1.327 0.57937 8.0000 57.26 0.9256 0.9262 1.904707 
650.4780 26.787 86.311 0.05048 0.78302 1.329 0.57905 8.0000 56.55 0.9259 0.9265 1.906047 
650.0201 26.803 86.305 0.05059 0.78342 1.336 0.57867 8.0000 56.16 0.9262 0.9268 1.907390 
649.5620 26.818 86.300 0.05068 0.78369 1.331 0.57824 8.0000 56.96 0.9265 0.9271 1.908735 
649.1039 26.830 86.293 0.05079 0.78392 1.342 0.57788 8.0000 56.26 0.9268 0.9274 1.910082 
648.6457 26.843 86.280 0.05098 0.78415 1.354 0.57752 8.0000 56.10 0.9272 0.9278 1.911432 
648.1873 26.859 86.273 0.05110 0.78453 1.367 0.57713 8.0000 56.59 0.9275 0.9281 1.912783 
647.7289 26.871 86.260 0.05131 0.78490 1.383 0.57692 8.0000 57.26 0.9278 0.9284 1.914137 
647.2703 26.886 86.252 0.05143 0.78526 1.381 0.57656 8.0000 56.76 0.9281 0.9287 1.915493 
646.8117 26.899 86.235 0.05170 0.78549 1.386 0.57619 8.0000 56.15 0.9283 0.9289 1.916851 
646.3530 26.912 86.226 0.05183 0.78573 1.387 0.57581 8.0000 55.28 0.9286 0.9292 1.918212 
645.8941 26.924 86.217 0.05197 0.78597 1.408 0.57547 8.0000 57.09 0.9289 0.9295 1.919575 
645.4351 26.939 86.205 0.05215 0.78625 1.413 0.57508 8.0000 56.28 0.9291 0.9297 1.920940 
644.9761 26.956 86.198 0.05227 0.78665 1.428 0.57464 8.0000 56.39 0.9294 0.9300 1.922307 
644.5169 26.968 86.180 0.05255 0.78694 1.424 0.57436 8.0000 56.56 0.9298 0.9304 1.923676 
644.0577 26.984 86.158 0.05288 0.78735 1.429 0.57401 8.0000 56.45 0.9301 0.9307 1.925048 
643.5983 26.997 86.140 0.05314 0.78761 1.441 0.57366 8.0000 56.02 0.9304 0.9310 1.926422 
643.1389 27.012 86.132 0.05328 0.78796 1.453 0.57329 8.0000 56.64 0.9307 0.9312 1.927798 
642.6793 27.024 86.121 0.05345 0.78824 1.464 0.57300 8.0000 56.91 0.9310 0.9315 1.929177 
642.2196 27.037 86.105 0.05368 0.78846 1.465 0.57262 8.0000 56.11 0.9313 0.9319 1.930558 
641.7598 27.053 86.095 0.05384 0.78882 1.479 0.57221 8.0000 55.64 0.9316 0.9321 1.931941 
641.2999 27.070 86.080 0.05409 0.78926 1.486 0.57185 8.0000 55.91 0.9319 0.9325 1.933326 
640.8400 27.090 86.063 0.05435 0.78971 1.492 0.57132 8.0000 56.03 0.9322 0.9328 1.934714 
640.3799 27.104 86.049 0.05456 0.79001 1.509 0.57098 8.0000 56.32 0.9325 0.9330 1.936104 
639.9197 27.123 86.030 0.05487 0.79050 1.528 0.57053 8.0000 57.05 0.9329 0.9334 1.937496 
639.4594 27.137 86.020 0.05502 0.79084 1.532 0.57021 8.0000 57.05 0.9331 0.9337 1.938891 
638.9990 27.150 86.003 0.05528 0.79104 1.533 0.56981 8.0000 57.63 0.9335 0.9341 1.940288 
638.5385 27.164 85.989 0.05548 0.79136 1.553 0.56947 8.0000 57.56 0.9338 0.9344 1.941687 
638.0779 27.177 85.978 0.05566 0.79151 1.551 0.56905 8.0000 57.95 0.9342 0.9348 1.943089 
637.6172 27.190 85.961 0.05590 0.79166 1.552 0.56861 8.0000 57.32 0.9345 0.9351 1.944493 
637.1564 27.207 85.952 0.05606 0.79211 1.557 0.56823 8.0000 57.31 0.9351 0.9357 1.945899 
636.6954 27.220 85.943 0.05621 0.79248 1.577 0.56793 8.0000 58.00 0.9354 0.9360 1.947308 
636.2344 27.237 85.917 0.05660 0.79292 1.588 0.56756 8.0000 57.59 0.9356 0.9362 1.948719 
635.7733 27.252 85.902 0.05683 0.79315 1.587 0.56713 8.0000 57.66 0.9358 0.9364 1.950132 
635.3121 27.261 85.887 0.05704 0.79324 1.599 0.56681 8.0000 56.91 0.9361 0.9366 1.951548 
634.8508 27.275 85.870 0.05732 0.79373 1.602 0.56659 8.0000 57.30 0.9365 0.9371 1.952966 
634.3893 27.290 85.858 0.05751 0.79405 1.624 0.56621 8.0000 57.28 0.9366 0.9371 1.954387 
633.9278 27.312 85.842 0.05779 0.79480 1.634 0.56583 8.0000 57.79 0.9366 0.9371 1.955809 
633.4662 27.337 85.827 0.05804 0.79558 1.650 0.56534 8.0000 57.56 0.9370 0.9375 1.957235 
633.0044 27.355 85.818 0.05822 0.79611 1.661 0.56496 8.0000 57.59 0.9372 0.9377 1.958662 
632.5425 27.371 85.812 0.05832 0.79645 1.665 0.56455 8.0000 57.67 0.9371 0.9376 1.960093 
632.0806 27.385 85.804 0.05845 0.79673 1.675 0.56416 8.0000 57.78 0.9376 0.9381 1.961525 
631.6186 27.391 85.803 0.05847 0.79672 1.678 0.56390 8.0000 56.84 0.9373 0.9378 1.962960 
631.1564 27.406 85.803 0.05849 0.79698 1.704 0.56348 8.0000 57.74 0.9379 0.9384 1.964397 
630.6942 27.413 85.784 0.05874 0.79684 1.699 0.56308 8.0000 57.98 0.9391 0.9396 1.965837 
630.2318 27.421 85.760 0.05908 0.79690 1.731 0.56280 8.0000 57.74 0.9403 0.9408 1.967279 
629.7693 27.418 85.747 0.05923 0.79659 1.735 0.56273 8.0000 56.91 0.9413 0.9418 1.968724 
629.3068 27.434 85.730 0.05952 0.79726 1.741 0.56254 8.0000 57.80 0.9418 0.9424 1.970171 
628.8441 27.436 85.718 0.05968 0.79708 1.752 0.56236 8.0000 57.03 0.9420 0.9426 1.971620 
628.3813 27.462 85.707 0.05990 0.79797 1.754 0.56191 8.0000 57.63 0.9422 0.9428 1.973073 
627.9184 27.481 85.693 0.06015 0.79866 1.775 0.56162 8.0000 57.22 0.9431 0.9436 1.974527 
627.4554 27.504 85.702 0.06009 0.79956 1.777 0.56125 8.0000 57.46 0.9427 0.9432 1.975984 
626.9923 27.514 85.686 0.06034 0.79978 1.803 0.56102 8.0000 57.49 0.9421 0.9427 1.977444 
626.5291 27.519 85.678 0.06042 0.79939 1.799 0.56056 8.0000 57.53 0.9413 0.9418 1.978905 
626.0658 27.522 85.672 0.06052 0.79959 1.802 0.56057 8.0000 57.37 0.9425 0.9431 1.980370 
625.6024 27.534 85.665 0.06063 0.79979 1.825 0.56018 8.0000 57.69 0.9433 0.9438 1.981837 
625.1389 27.549 85.692 0.06027 0.80009 1.847 0.55975 8.0000 57.69 0.9440 0.9445 1.983306 
624.6753 27.583 85.699 0.06019 0.80029 1.853 0.55851 8.0000 57.77 0.9428 0.9433 1.984778 
624.2115 27.586 85.714 0.05996 0.79997 1.863 0.55815 8.0000 56.95 0.9439 0.9444 1.986253 
623.7477 27.591 85.721 0.05985 0.79991 1.847 0.55788 8.0000 56.94 0.9460 0.9465 1.987730 
623.2838 27.614 85.738 0.05975 0.80168 1.860 0.55814 8.0000 56.45 0.9475 0.9480 1.989209 
622.8198 27.624 85.725 0.06001 0.80276 1.890 0.55849 8.0000 57.49 0.9500 0.9505 1.990691 
622.3557 27.610 85.631 0.06139 0.80362 1.907 0.55975 8.0000 57.21 0.9531 0.9536 1.992176 
621.8914 27.607 85.549 0.06258 0.80397 1.924 0.56017 8.0000 57.34 0.9556 0.9561 1.993663 
621.4271 27.598 85.457 0.06390 0.80413 1.929 0.56071 8.0000 57.17 0.9568 0.9573 1.995153 
620.9626 27.591 85.346 0.06542 0.80363 1.893 0.56076 8.0000 56.84 0.9575 0.9580 1.996645 
620.4980 27.583 85.250 0.06666 0.80220 1.941 0.56016 8.0000 56.80 0.9565 0.9571 1.998140 
620.0334 27.593 85.151 0.06802 0.80185 1.929 0.55961 8.0000 57.14 0.9577 0.9583 1.999637 
619.5687 27.624 85.042 0.06954 0.80171 1.984 0.55831 8.0000 56.84 0.9583 0.9589 2.001137 
619.1038 27.633 84.957 0.07069 0.80101 1.955 0.55753 8.0000 57.15 0.9599 0.9605 2.002640 
618.6388 27.630 84.873 0.07180 0.80012 1.976 0.55708 8.0000 56.91 0.9618 0.9624 2.004145 
618.1737 27.644 84.785 0.07299 0.79972 1.990 0.55632 8.0000 57.41 0.9632 0.9639 2.005653 
617.7086 27.649 84.696 0.07412 0.79848 2.015 0.55530 8.0000 56.75 0.9649 0.9655 2.007163 
617.2433 27.658 84.616 0.07516 0.79748 1.981 0.55430 8.0000 56.63 0.9659 0.9666 2.008676 
616.7779 27.672 84.540 0.07618 0.79697 1.993 0.55347 8.0000 57.77 0.9673 0.9680 2.010192 
616.3124 27.679 84.477 0.07697 0.79607 2.039 0.55259 8.0000 57.42 0.9679 0.9686 2.011710 
615.8468 27.673 84.424 0.07760 0.79489 2.000 0.55206 8.0000 56.82 0.9688 0.9695 2.013231 
615.3810 27.687 84.358 0.07846 0.79421 2.007 0.55107 8.0000 56.67 0.9701 0.9708 2.014755 
614.9153 27.687 84.303 0.07909 0.79281 2.025 0.55019 8.0000 57.01 0.9711 0.9719 2.016281 
614.4493 27.692 84.250 0.07973 0.79179 1.984 0.54932 8.0000 57.34 0.9721 0.9729 2.017810 
613.9833 27.699 84.213 0.08014 0.79078 2.059 0.54837 8.0000 56.63 0.9728 0.9737 2.019341 
613.5172 27.709 84.167 0.08071 0.79007 2.005 0.54750 8.0000 55.81 0.9739 0.9747 2.020875 
613.0510 27.725 84.128 0.08119 0.78942 2.004 0.54643 8.0000 57.05 0.9745 0.9754 2.022412 
612.5847 27.740 84.096 0.08154 0.78860 2.050 0.54531 8.0000 56.93 0.9752 0.9761 2.023952 
612.1182 27.757 84.067 0.08189 0.78793 2.014 0.54415 8.0000 56.50 0.9757 0.9766 2.025494 
611.6517 27.774 84.033 0.08227 0.78714 2.117 0.54295 8.0000 56.58 0.9761 0.9770 2.027039 
611.1850 27.791 84.011 0.08252 0.78660 2.222 0.54190 8.0000 55.95 0.9761 0.9771 2.028587 
610.7183 27.808 83.992 0.08272 0.78601 2.077 0.54085 8.0000 57.20 0.9761 0.9771 2.030137 
610.2514 27.827 83.970 0.08297 0.78541 2.100 0.53969 8.0000 56.79 0.9761 0.9771 2.031690 
609.7844 27.844 83.950 0.08317 0.78477 2.034 0.53857 8.0000 57.49 0.9759 0.9770 2.033246 
609.3173 27.867 83.941 0.08326 0.78435 2.023 0.53736 8.0000 56.29 0.9759 0.9770 2.034805 
608.8502 27.894 83.931 0.08336 0.78410 2.030 0.53611 8.0000 55.85 0.9756 0.9767 2.036366 
608.3829 27.917 83.936 0.08325 0.78369 2.065 0.53490 8.0000 56.10 0.9749 0.9760 2.037930 
607.9155 27.943 83.935 0.08325 0.78351 1.931 0.53373 8.0000 57.16 0.9743 0.9754 2.039497 
607.4480 27.973 83.939 0.08318 0.78342 1.912 0.53247 8.0000 56.54 0.9737 0.9749 2.041067 
606.9804 28.000 83.950 0.08303 0.78338 1.938 0.53134 8.0000 55.24 0.9730 0.9741 2.042639 
606.5127 28.029 83.959 0.08292 0.78347 2.065 0.53023 8.0000 54.83 0.9723 0.9734 2.044214 
606.0449 28.059 83.973 0.08273 0.78355 2.039 0.52908 8.0000 55.55 0.9713 0.9724 2.045792 
605.5770 28.088 83.999 0.08237 0.78363 2.033 0.52796 8.0000 55.11 0.9705 0.9716 2.047373 
605.1089 28.121 84.024 0.08206 0.78392 2.051 0.52682 8.0000 55.91 0.9695 0.9706 2.048957 
604.6408 28.153 84.041 0.08184 0.78412 2.076 0.52566 8.0000 56.22 0.9686 0.9698 2.050543 
604.1726 28.191 84.069 0.08152 0.78466 2.074 0.52448 8.0000 54.98 0.9675 0.9687 2.052132 
603.7042 28.231 84.100 0.08114 0.78523 1.808 0.52327 8.0000 55.15 0.9665 0.9677 2.053724 
603.2358 28.268 84.133 0.08075 0.78584 2.032 0.52215 8.0000 55.15 0.9654 0.9665 2.055319 
602.7673 28.306 84.171 0.08028 0.78642 1.821 0.52100 8.0000 54.27 0.9642 0.9653 2.056916 
602.2986 28.338 84.212 0.07976 0.78690 1.935 0.52003 8.0000 55.37 0.9628 0.9639 2.058517 
601.8298 28.374 84.252 0.07926 0.78745 1.840 0.51893 8.0000 54.84 0.9616 0.9627 2.060121 
601.3610 28.410 84.298 0.07869 0.78808 1.877 0.51788 8.0000 54.76 0.9601 0.9612 2.061726 
600.8920 28.448 84.342 0.07815 0.78876 1.921 0.51679 8.0000 54.61 0.9588 0.9599 2.063336 
600.4229 28.485 84.391 0.07753 0.78952 2.008 0.51577 8.0000 54.29 0.9572 0.9583 2.064948 
599.9537 28.525 84.441 0.07692 0.79039 2.136 0.51473 8.0000 55.03 0.9557 0.9568 2.066563 
599.4844 28.565 84.493 0.07631 0.79142 2.134 0.51376 8.0000 54.63 0.9541 0.9552 2.068181 
599.0150 28.610 84.553 0.07558 0.79263 2.044 0.51275 8.0000 53.50 0.9526 0.9536 2.069801 
598.5455 28.650 84.603 0.07497 0.79354 2.000 0.51169 8.0000 53.44 0.9507 0.9517 2.071425 
598.0759 28.693 84.653 0.07437 0.79457 2.165 0.51066 8.0000 54.74 0.9491 0.9501 2.073051 
597.6062 28.730 84.715 0.07358 0.79544 2.082 0.50968 8.0000 54.14 0.9475 0.9485 2.074680 
597.1364 28.772 84.778 0.07282 0.79675 2.049 0.50885 8.0000 53.56 0.9460 0.9470 2.076313 
596.6664 28.819 84.839 0.07210 0.79821 2.008 0.50788 8.0000 53.73 0.9443 0.9453 2.077948 
596.1964 28.863 84.906 0.07126 0.79942 1.970 0.50687 8.0000 53.09 0.9425 0.9434 2.079586 
595.7263 28.905 84.971 0.07047 0.80089 2.100 0.50608 8.0000 53.64 0.9411 0.9420 2.081227 
595.2560 28.942 85.039 0.06962 0.80199 2.077 0.50530 8.0000 53.14 0.9399 0.9408 2.082872 
594.7857 28.973 85.108 0.06873 0.80299 2.082 0.50465 8.0000 53.26 0.9384 0.9392 2.084519 
594.3152 29.008 85.172 0.06792 0.80412 2.085 0.50394 8.0000 52.94 0.9371 0.9379 2.086169 
593.8447 29.043 85.235 0.06714 0.80545 2.077 0.50336 8.0000 53.04 0.9363 0.9371 2.087822 
593.3740 29.078 85.295 0.06640 0.80671 2.058 0.50272 8.0000 52.78 0.9349 0.9357 2.089478 
592.9032 29.123 85.347 0.06581 0.80854 2.083 0.50209 8.0000 53.37 0.9344 0.9353 2.091137 
592.4323 29.161 85.397 0.06523 0.81023 2.057 0.50160 8.0000 52.14 0.9332 0.9340 2.092799 
591.9613 29.205 85.460 0.06450 0.81234 2.056 0.50113 8.0000 52.13 0.9316 0.9324 2.094464 
591.4902 29.251 85.523 0.06376 0.81421 2.040 0.50046 8.0000 52.07 0.9299 0.9307 2.096133 
591.0190 29.306 85.579 0.06313 0.81655 2.016 0.49967 8.0000 51.92 0.9283 0.9291 2.097804 
590.5477 29.343 85.637 0.06241 0.81802 2.020 0.49908 8.0000 51.73 0.9270 0.9278 2.099478 
590.0763 29.396 85.688 0.06187 0.82048 2.016 0.49849 8.0000 51.75 0.9262 0.9269 2.101155 
589.6048 29.420 85.739 0.06123 0.82173 2.020 0.49824 8.0000 51.29 0.9254 0.9262 2.102836 
589.1331 29.453 85.787 0.06064 0.82329 1.977 0.49785 8.0000 51.48 0.9242 0.9249 2.104519 
588.6614 29.474 85.806 0.06045 0.82441 1.980 0.49770 8.0000 51.63 0.9243 0.9250 2.106206 
588.1896 29.506 85.842 0.06005 0.82602 1.979 0.49741 8.0000 51.99 0.9250 0.9257 2.107895 
587.7176 29.541 85.866 0.05987 0.82830 1.972 0.49739 8.0000 49.80 0.9263 0.9270 2.109588 
587.2455 29.582 85.882 0.05976 0.83014 1.930 0.49686 8.0000 49.95 0.9259 0.9265 2.111284 
586.7734 29.610 85.887 0.05982 0.83190 1.942 0.49680 8.0000 51.08 0.9261 0.9267 2.112983 
586.3011 29.633 85.843 0.06056 0.83338 1.924 0.49679 8.0000 51.43 0.9265 0.9271 2.114685 
585.8287 29.628 85.802 0.06128 0.83487 1.952 0.49793 8.0000 51.78 0.9292 0.9297 2.116390 
585.3563 29.655 85.737 0.06238 0.83692 1.906 0.49811 8.0000 50.79 0.9298 0.9304 2.118098 
584.8837 29.682 85.662 0.06364 0.83885 1.888 0.49823 8.0000 49.85 0.9297 0.9303 2.119809 
584.4109 29.688 85.557 0.06516 0.83853 1.881 0.49786 8.0000 49.67 0.9302 0.9308 2.121524 
583.9382 29.704 85.458 0.06661 0.83852 1.873 0.49729 8.0000 49.79 0.9296 0.9302 2.123242 
583.4652 29.748 85.425 0.06709 0.83850 1.858 0.49559 8.0000 50.38 0.9281 0.9287 2.124963 
582.9922 29.783 85.381 0.06775 0.83866 1.839 0.49433 8.0000 50.05 0.9269 0.9274 2.126687 
582.5191 29.821 85.349 0.06824 0.83873 1.819 0.49286 8.0000 50.13 0.9268 0.9274 2.128414 
582.0458 29.859 85.329 0.06856 0.83917 1.818 0.49165 8.0000 49.10 0.9275 0.9280 2.130145 
581.5725 29.895 85.306 0.06901 0.84034 1.807 0.49094 8.0000 49.49 0.9299 0.9304 2.131878 
581.0991 29.920 85.286 0.06931 0.84046 1.789 0.49004 8.0000 49.00 0.9304 0.9309 2.133615 
580.6255 29.919 85.286 0.06930 0.84034 1.777 0.49000 8.0000 49.33 0.9315 0.9321 2.135356 
580.1519 29.939 85.268 0.06959 0.84069 1.761 0.48945 8.0000 48.62 0.9319 0.9324 2.137099 
579.6780 29.971 85.247 0.06993 0.84110 1.742 0.48843 8.0000 48.44 0.9319 0.9324 2.138846 
579.2042 29.987 85.236 0.07009 0.84097 1.747 0.48774 8.0000 49.33 0.9322 0.9327 2.140595 
578.7302 30.010 85.228 0.07027 0.84171 1.734 0.48726 8.0000 48.93 0.9322 0.9327 2.142349 
578.2561 30.029 85.223 0.07037 0.84213 1.714 0.48676 8.0000 48.45 0.9327 0.9332 2.144105 
577.7819 30.044 85.217 0.07045 0.84198 1.700 0.48610 8.0000 48.62 0.9328 0.9334 2.145865 
577.3076 30.061 85.207 0.07061 0.84207 1.689 0.48548 8.0000 48.73 0.9337 0.9342 2.147628 
576.8332 30.095 85.191 0.07089 0.84259 1.669 0.48444 8.0000 47.62 0.9343 0.9348 2.149394 
576.3586 30.113 85.190 0.07091 0.84275 1.653 0.48385 8.0000 47.55 0.9344 0.9349 2.151164 
575.8840 30.143 85.185 0.07105 0.84345 1.644 0.48305 8.0000 48.66 0.9347 0.9353 2.152937 
575.4093 30.173 85.181 0.07114 0.84391 1.638 0.48215 8.0000 48.64 0.9349 0.9354 2.154713 
574.9344 30.202 85.170 0.07135 0.84433 1.617 0.48126 8.0000 47.60 0.9352 0.9358 2.156493 
574.4595 30.232 85.168 0.07140 0.84460 1.615 0.48026 8.0000 48.01 0.9351 0.9356 2.158276 
573.9844 30.256 85.160 0.07153 0.84471 1.593 0.47939 8.0000 47.26 0.9352 0.9357 2.160062 
573.5092 30.282 85.148 0.07173 0.84498 1.585 0.47852 8.0000 48.28 0.9352 0.9357 2.161852 
573.0339 30.309 85.143 0.07183 0.84527 1.579 0.47767 8.0000 47.23 0.9353 0.9358 2.163645 
572.5586 30.334 85.139 0.07192 0.84557 1.557 0.47685 8.0000 47.26 0.9352 0.9357 2.165441 
572.0831 30.360 85.133 0.07202 0.84588 1.536 0.47602 8.0000 47.07 0.9353 0.9359 2.167241 
571.6075 30.389 85.124 0.07219 0.84631 1.528 0.47513 8.0000 46.99 0.9356 0.9361 2.169044 
571.1318 30.419 85.125 0.07223 0.84683 1.529 0.47425 8.0000 46.24 0.9357 0.9362 2.170851 
570.6559 30.449 85.125 0.07228 0.84739 1.508 0.47340 8.0000 46.68 0.9358 0.9363 2.172661 
570.1801 30.479 85.125 0.07231 0.84784 1.486 0.47250 8.0000 46.41 0.9357 0.9362 2.174474 
569.7040 30.502 85.130 0.07226 0.84806 1.479 0.47172 8.0000 45.79 0.9357 0.9362 2.176291 
569.2278 30.532 85.128 0.07235 0.84871 1.477 0.47092 8.0000 46.50 0.9361 0.9366 2.178112 
568.7516 30.558 85.125 0.07241 0.84909 1.461 0.47010 8.0000 45.47 0.9361 0.9366 2.179936 
568.2753 30.584 85.126 0.07244 0.84952 1.443 0.46934 8.0000 45.24 0.9363 0.9368 2.181763 
567.7988 30.610 85.122 0.07254 0.84996 1.432 0.46857 8.0000 45.65 0.9365 0.9370 2.183594 
567.3222 30.635 85.121 0.07258 0.85020 1.427 0.46775 8.0000 45.88 0.9367 0.9372 2.185428 
566.8455 30.662 85.119 0.07264 0.85063 1.417 0.46693 8.0000 45.23 0.9368 0.9373 2.187266 
566.3687 30.690 85.115 0.07274 0.85103 1.406 0.46607 8.0000 45.66 0.9368 0.9373 2.189107 
565.8918 30.718 85.116 0.07276 0.85144 1.383 0.46521 8.0000 44.96 0.9369 0.9374 2.190952 
565.4149 30.747 85.117 0.07279 0.85195 1.377 0.46436 8.0000 44.80 0.9370 0.9375 2.192800 
564.9377 30.772 85.117 0.07281 0.85218 1.367 0.46355 8.0000 45.24 0.9370 0.9375 2.194653 
564.4605 30.797 85.117 0.07283 0.85238 1.360 0.46269 8.0000 44.83 0.9370 0.9375 2.196508 
563.9832 30.821 85.114 0.07287 0.85242 1.351 0.46179 8.0000 44.42 0.9370 0.9375 2.198367 
563.5057 30.844 85.113 0.07290 0.85262 1.326 0.46100 8.0000 43.87 0.9369 0.9374 2.200230 
563.0282 30.869 85.113 0.07292 0.85280 1.324 0.46012 8.0000 44.17 0.9369 0.9374 2.202096 
562.5505 30.899 85.112 0.07296 0.85310 1.313 0.45913 8.0000 43.71 0.9369 0.9374 2.203966 
562.0728 30.925 85.113 0.07296 0.85334 1.319 0.45826 8.0000 44.53 0.9370 0.9374 2.205839 
561.5948 30.953 85.113 0.07299 0.85362 1.294 0.45735 8.0000 43.83 0.9369 0.9374 2.207716 
561.1169 30.980 85.110 0.07305 0.85386 1.286 0.45641 8.0000 43.61 0.9368 0.9373 2.209597 
560.6388 31.007 85.106 0.07314 0.85411 1.271 0.45552 8.0000 43.62 0.9368 0.9372 2.211481 
560.1606 31.035 85.105 0.07316 0.85434 1.270 0.45458 8.0000 43.38 0.9368 0.9372 2.213369 
559.6823 31.059 85.101 0.07323 0.85445 1.263 0.45371 8.0000 43.79 0.9367 0.9372 2.215260 
559.2039 31.085 85.100 0.07327 0.85466 1.253 0.45283 8.0000 43.51 0.9366 0.9370 2.217155 
558.7253 31.110 85.100 0.07328 0.85479 1.243 0.45195 8.0000 43.80 0.9365 0.9369 2.219055 
558.2467 31.140 85.106 0.07323 0.85523 1.231 0.45104 8.0000 42.77 0.9365 0.9369 2.220957 
557.7679 31.167 85.105 0.07328 0.85559 1.221 0.45018 8.0000 42.93 0.9365 0.9369 2.222864 
557.2891 31.195 85.103 0.07333 0.85591 1.213 0.44928 8.0000 42.98 0.9365 0.9369 2.224773 
556.8102 31.221 85.104 0.07333 0.85607 1.210 0.44837 8.0000 42.56 0.9364 0.9369 2.226687 
556.3311 31.249 85.102 0.07338 0.85635 1.189 0.44748 8.0000 41.35 0.9365 0.9369 2.228604 
555.8519 31.275 85.109 0.07330 0.85664 1.195 0.44660 8.0000 42.10 0.9364 0.9369 2.230525 
555.3726 31.302 85.107 0.07334 0.85682 1.183 0.44567 8.0000 41.78 0.9364 0.9369 2.232451 
554.8932 31.327 85.105 0.07342 0.85716 1.176 0.44490 8.0000 42.29 0.9365 0.9369 2.234379 
554.4137 31.354 85.098 0.07352 0.85726 1.166 0.44395 8.0000 41.98 0.9365 0.9369 2.236312 
553.9341 31.381 85.100 0.07352 0.85756 1.164 0.44306 8.0000 42.19 0.9365 0.9370 2.238248 
553.4543 31.407 85.101 0.07352 0.85784 1.154 0.44220 8.0000 40.95 0.9365 0.9369 2.240188 
552.9745 31.431 85.098 0.07358 0.85797 1.140 0.44138 8.0000 40.92 0.9366 0.9370 2.242132 
552.4946 31.457 85.102 0.07353 0.85800 1.134 0.44041 8.0000 40.96 0.9366 0.9371 2.244080 
552.0145 31.483 85.107 0.07348 0.85825 1.131 0.43954 8.0000 40.71 0.9368 0.9372 2.246031 
551.5344 31.510 85.109 0.07347 0.85853 1.128 0.43866 8.0000 40.82 0.9368 0.9372 2.247986 
551.0541 31.536 85.113 0.07343 0.85876 1.117 0.43778 8.0000 40.99 0.9369 0.9373 2.249946 
550.5737 31.564 85.115 0.07340 0.85879 1.110 0.43676 8.0000 40.58 0.9370 0.9374 2.251909 
550.0933 31.590 85.114 0.07344 0.85913 1.103 0.43594 8.0000 41.26 0.9372 0.9376 2.253876 
549.6127 31.616 85.116 0.07341 0.85919 1.101 0.43497 8.0000 40.93 0.9373 0.9377 2.255847 
549.1320 31.643 85.118 0.07339 0.85926 1.093 0.43398 8.0000 40.05 0.9375 0.9379 2.257821 
548.6511 31.669 85.118 0.07340 0.85944 1.086 0.43310 8.0000 39.49 0.9377 0.9381 2.259800 
548.1702 31.696 85.116 0.07346 0.85963 1.077 0.43218 8.0000 39.75 0.9379 0.9383 2.261783 
547.6891 31.722 85.115 0.07349 0.85979 1.067 0.43130 8.0000 39.22 0.9380 0.9384 2.263770 
547.2080 31.749 85.117 0.07347 0.85996 1.067 0.43035 8.0000 39.34 0.9382 0.9386 2.265760 
546.7267 31.776 85.121 0.07343 0.86018 1.060 0.42945 8.0000 39.89 0.9384 0.9388 2.267755 
546.2454 31.804 85.126 0.07336 0.86032 1.054 0.42847 8.0000 38.92 0.9386 0.9390 2.269752 
545.7639 31.830 85.130 0.07332 0.86050 1.046 0.42759 8.0000 38.38 0.9388 0.9392 2.271755 
545.2823 31.855 85.131 0.07332 0.86067 1.044 0.42674 8.0000 38.93 0.9389 0.9393 2.273762 
544.8007 31.880 85.134 0.07327 0.86071 1.041 0.42581 8.0000 38.15 0.9391 0.9395 2.275771 
544.3188 31.906 85.131 0.07334 0.86093 1.037 0.42496 8.0000 38.00 0.9394 0.9398 2.277786 
543.8369 31.932 85.134 0.07331 0.86105 1.028 0.42404 8.0000 37.96 0.9397 0.9401 2.279805 
543.3549 31.956 85.137 0.07328 0.86125 1.009 0.42321 8.0000 37.32 0.9400 0.9404 2.281827 
542.8728 31.980 85.140 0.07322 0.86118 1.014 0.42230 8.0000 37.47 0.9402 0.9406 2.283853 
542.3905 32.003 85.148 0.07311 0.86133 1.004 0.42151 8.0000 37.37 0.9404 0.9408 2.285884 
541.9082 32.030 85.150 0.07309 0.86148 1.002 0.42057 8.0000 36.93 0.9404 0.9408 2.287919 
541.4257 32.055 85.153 0.07307 0.86178 1.000 0.41977 8.0000 36.81 0.9407 0.9411 2.289958 
540.9431 32.081 85.155 0.07306 0.86191 0.990 0.41887 8.0000 36.10 0.9410 0.9414 2.292001 
540.4604 32.105 85.162 0.07297 0.86208 0.985 0.41804 8.0000 36.53 0.9412 0.9416 2.294048 
539.9777 32.132 85.162 0.07299 0.86245 0.997 0.41723 8.0000 36.97 0.9414 0.9418 2.296098 
539.4948 32.156 85.165 0.07297 0.86265 0.983 0.41642 8.0000 36.17 0.9417 0.9421 2.298154 
539.0118 32.183 85.165 0.07299 0.86290 0.978 0.41554 8.0000 35.85 0.9421 0.9425 2.300213 
538.5286 32.209 85.172 0.07290 0.86306 0.970 0.41466 8.0000 35.13 0.9424 0.9428 2.302277 
538.0454 32.235 85.181 0.07277 0.86322 0.969 0.41375 8.0000 35.15 0.9427 0.9431 2.304344 
537.5621 32.262 85.186 0.07273 0.86357 0.958 0.41293 8.0000 34.74 0.9430 0.9434 2.306416 
537.0786 32.287 85.188 0.07271 0.86379 0.953 0.41209 8.0000 34.45 0.9432 0.9436 2.308492 
536.5950 32.315 85.195 0.07263 0.86393 0.948 0.41112 8.0000 33.83 0.9434 0.9438 2.310573 
536.1114 32.340 85.203 0.07253 0.86432 0.956 0.41036 8.0000 34.70 0.9437 0.9441 2.312657 
535.6276 32.366 85.213 0.07242 0.86480 0.946 0.40963 8.0000 33.37 0.9439 0.9443 2.314746 
535.1437 32.394 85.217 0.07240 0.86522 0.942 0.40879 8.0000 33.58 0.9442 0.9447 2.316839 
534.6597 32.422 85.225 0.07229 0.86548 0.938 0.40788 8.0000 33.60 0.9444 0.9448 2.318936 
534.1756 32.449 85.233 0.07223 0.86605 0.931 0.40712 8.0000 32.62 0.9446 0.9450 2.321038 
533.6913 32.475 85.239 0.07216 0.86639 0.926 0.40634 8.0000 32.09 0.9448 0.9453 2.323144 
533.2070 32.506 85.245 0.07210 0.86681 0.926 0.40537 8.0000 32.06 0.9451 0.9455 2.325254 
532.7226 32.538 85.257 0.07195 0.86723 0.925 0.40438 8.0000 31.77 0.9454 0.9458 2.327369 
532.2380 32.568 85.260 0.07193 0.86757 0.916 0.40343 8.0000 31.30 0.9455 0.9460 2.329488 
531.7534 32.600 85.271 0.07181 0.86803 0.913 0.40245 8.0000 31.35 0.9459 0.9464 2.331611 
531.2686 32.633 85.283 0.07166 0.86849 0.914 0.40145 8.0000 31.31 0.9461 0.9466 2.333738 
530.7837 32.667 85.292 0.07157 0.86905 0.915 0.40046 8.0000 30.74 0.9465 0.9470 2.335870 
530.2987 32.699 85.301 0.07148 0.86955 0.908 0.39947 8.0000 29.95 0.9467 0.9472 2.338007 
529.8136 32.729 85.308 0.07141 0.87016 0.908 0.39865 8.0000 30.21 0.9471 0.9476 2.340147 
529.3284 32.760 85.319 0.07130 0.87073 0.897 0.39776 8.0000 29.53 0.9472 0.9477 2.342292 
528.8430 32.791 85.331 0.07116 0.87125 0.901 0.39686 8.0000 29.67 0.9474 0.9479 2.344442 
528.3576 32.826 85.340 0.07108 0.87199 0.903 0.39591 8.0000 29.44 0.9477 0.9482 2.346596 
527.8720 32.859 85.347 0.07102 0.87257 0.892 0.39494 8.0000 28.74 0.9479 0.9484 2.348755 
527.3864 32.892 85.356 0.07092 0.87317 0.893 0.39399 8.0000 28.56 0.9480 0.9485 2.350917 
526.9006 32.929 85.367 0.07081 0.87383 0.886 0.39294 8.0000 28.06 0.9483 0.9487 2.353085 
526.4147 32.966 85.382 0.07064 0.87451 0.880 0.39189 8.0000 27.43 0.9485 0.9490 2.355257 
525.9287 33.004 85.390 0.07056 0.87506 0.877 0.39071 8.0000 27.29 0.9488 0.9493 2.357433 
525.4426 33.043 85.403 0.07042 0.87570 0.885 0.38958 8.0000 27.56 0.9489 0.9494 2.359614 
524.9564 33.081 85.412 0.07031 0.87621 0.876 0.38840 8.0000 26.72 0.9490 0.9495 2.361800 
524.4700 33.122 85.425 0.07016 0.87685 0.877 0.38716 8.0000 26.21 0.9490 0.9495 2.363990 
523.9836 33.161 85.436 0.07006 0.87769 0.868 0.38611 8.0000 25.81 0.9492 0.9497 2.366185 
523.4971 33.201 85.446 0.06998 0.87860 0.865 0.38505 8.0000 25.73 0.9495 0.9500 2.368384 
523.0104 33.239 85.459 0.06986 0.87947 0.862 0.38402 8.0000 25.02 0.9496 0.9501 2.370588 
522.5236 33.280 85.473 0.06970 0.88028 0.861 0.38284 8.0000 24.49 0.9497 0.9502 2.372796 
522.0367 33.326 85.483 0.06960 0.88101 0.858 0.38150 8.0000 24.40 0.9497 0.9503 2.375009 
521.5497 33.368 85.495 0.06947 0.88171 0.847 0.38026 8.0000 23.97 0.9499 0.9505 2.377227 
521.0626 33.406 85.514 0.06922 0.88230 0.848 0.37908 8.0000 23.70 0.9499 0.9505 2.379449 
520.5754 33.450 85.530 0.06903 0.88303 0.849 0.37778 8.0000 23.81 0.9499 0.9505 2.381676 
520.0881 33.492 85.543 0.06890 0.88399 0.850 0.37665 8.0000 23.49 0.9502 0.9508 2.383908 
519.6006 33.538 85.559 0.06872 0.88489 0.840 0.37537 8.0000 23.16 0.9504 0.9510 2.386144 
519.1131 33.580 85.576 0.06852 0.88574 0.839 0.37419 8.0000 23.00 0.9506 0.9513 2.388385 
518.6254 33.624 85.595 0.06832 0.88674 0.838 0.37297 8.0000 22.36 0.9508 0.9514 2.390631 
518.1377 33.666 85.609 0.06813 0.88734 0.839 0.37169 8.0000 22.26 0.9506 0.9513 2.392881 
517.6498 33.710 85.621 0.06801 0.88805 0.828 0.37037 8.0000 21.55 0.9507 0.9514 2.395137 
517.1618 33.748 85.638 0.06779 0.88865 0.828 0.36925 8.0000 21.38 0.9506 0.9513 2.397397 
516.6737 33.787 85.655 0.06759 0.88971 0.822 0.36824 8.0000 20.95 0.9508 0.9514 2.399661 
516.1855 33.830 85.669 0.06745 0.89060 0.823 0.36702 8.0000 20.61 0.9509 0.9516 2.401931 
515.6971 33.876 85.679 0.06735 0.89139 0.823 0.36570 8.0000 20.56 0.9511 0.9518 2.404206 
515.2087 33.919 85.689 0.06726 0.89218 0.818 0.36443 8.0000 20.47 0.9514 0.9521 2.406485 
514.7202 33.964 85.707 0.06704 0.89302 0.808 0.36311 8.0000 20.13 0.9516 0.9523 2.408769 
514.2314 34.005 85.726 0.06681 0.89399 0.802 0.36203 8.0000 19.66 0.9518 0.9525 2.411058 
513.7427 34.047 85.741 0.06662 0.89465 0.806 0.36076 8.0000 19.71 0.9519 0.9527 2.413352 
513.2538 34.092 85.759 0.06641 0.89562 0.802 0.35949 8.0000 19.17 0.9523 0.9531 2.415651 
512.7648 34.136 85.775 0.06621 0.89636 0.798 0.35818 8.0000 18.97 0.9522 0.9529 2.417955 
512.2757 34.179 85.790 0.06603 0.89698 0.793 0.35686 8.0000 18.78 0.9521 0.9529 2.420263 
511.7864 34.228 85.799 0.06595 0.89793 0.785 0.35545 8.0000 18.63 0.9523 0.9531 2.422577 
511.2971 34.276 85.810 0.06584 0.89869 0.785 0.35401 8.0000 18.46 0.9523 0.9531 2.424895 
510.8076 34.321 85.822 0.06570 0.89927 0.772 0.35259 8.0000 17.98 0.9523 0.9531 2.427219 
510.3181 34.360 85.834 0.06558 0.90021 0.781 0.35156 8.0000 17.58 0.9522 0.9530 2.429547 
509.8284 34.394 85.846 0.06542 0.90076 0.778 0.35054 8.0000 17.21 0.9518 0.9526 2.431881 
509.3386 34.429 85.864 0.06518 0.90130 0.769 0.34946 8.0000 17.15 0.9514 0.9522 2.434219 
508.8488 34.471 85.879 0.06499 0.90201 0.756 0.34821 8.0000 16.70 0.9514 0.9522 2.436563 
508.3587 34.517 85.893 0.06481 0.90273 0.760 0.34679 8.0000 16.85 0.9512 0.9520 2.438912 
507.8686 34.560 85.911 0.06458 0.90339 0.766 0.34548 8.0000 16.69 0.9510 0.9518 2.441265 
507.3784 34.603 85.922 0.06445 0.90394 0.768 0.34414 8.0000 16.46 0.9510 0.9518 2.443624 
506.8880 34.640 85.928 0.06437 0.90431 0.756 0.34294 8.0000 15.71 0.9504 0.9513 2.445988 
506.3976 34.681 85.933 0.06434 0.90485 0.752 0.34166 8.0000 15.51 0.9502 0.9511 2.448357 
505.9070 34.718 85.936 0.06430 0.90511 0.741 0.34040 8.0000 15.10 0.9498 0.9507 2.450731 
505.4163 34.761 85.944 0.06423 0.90585 0.742 0.33912 8.0000 15.01 0.9498 0.9506 2.453110 
504.9255 34.802 85.957 0.06408 0.90656 0.729 0.33791 8.0000 14.78 0.9497 0.9506 2.455495 
504.4346 34.842 85.964 0.06401 0.90724 0.733 0.33673 8.0000 14.67 0.9494 0.9503 2.457884 
503.9436 34.877 85.979 0.06380 0.90758 0.725 0.33557 8.0000 14.30 0.9486 0.9495 2.460279 
503.4525 34.910 85.991 0.06363 0.90786 0.715 0.33448 8.0000 14.10 0.9480 0.9489 2.462679 
502.9612 34.948 85.999 0.06354 0.90839 0.708 0.33331 8.0000 13.64 0.9478 0.9487 2.465085 
502.4698 34.986 86.005 0.06349 0.90897 0.704 0.33216 8.0000 13.73 0.9473 0.9482 2.467495 
501.9784 35.026 86.015 0.06336 0.90939 0.697 0.33085 8.0000 13.44 0.9472 0.9481 2.469911 
501.4868 35.064 86.027 0.06319 0.90974 0.692 0.32962 8.0000 13.24 0.9470 0.9479 2.472332 
500.9951 35.100 86.044 0.06295 0.91027 0.676 0.32851 8.0000 12.79 0.9466 0.9475 2.474759 
500.5033 35.134 86.053 0.06285 0.91094 0.650 0.32750 8.0000 11.99 0.9463 0.9472 2.477190 
500.0114 35.173 86.063 0.06273 0.91147 0.646 0.32628 8.0000 11.89 0.9459 0.9468 2.479627 
499.5193 35.212 86.077 0.06253 0.91194 0.654 0.32507 8.0000 12.09 0.9457 0.9466 2.482070 
499.0272 35.247 86.091 0.06235 0.91234 0.647 0.32394 8.0000 11.56 0.9451 0.9460 2.484518 
498.5349 35.281 86.105 0.06214 0.91272 0.637 0.32283 8.0000 11.08 0.9446 0.9455 2.486971 
498.0426 35.317 86.114 0.06202 0.91317 0.627 0.32171 8.0000 10.78 0.9442 0.9450 2.489429 
497.5501 35.354 86.128 0.06182 0.91345 0.613 0.32047 8.0000 10.25 0.9435 0.9444 2.491894 
497.0575 35.392 86.134 0.06177 0.91411 0.613 0.31936 8.0000 10.28 0.9433 0.9441 2.494363 
496.5648 35.430 86.149 0.06159 0.91498 0.608 0.31828 8.0000 9.79 0.9434 0.9443 2.496838 
496.0720 35.465 86.154 0.06154 0.91551 0.602 0.31720 8.0000 9.60 0.9430 0.9438 2.499318 
495.5790 35.500 86.165 0.06142 0.91621 0.593 0.31618 8.0000 9.17 0.9426 0.9434 2.501805 
495.0860 35.540 86.168 0.06141 0.91687 0.577 0.31497 8.0000 8.73 0.9424 0.9432 2.504296 
494.5928 35.574 86.175 0.06133 0.91726 0.577 0.31389 8.0000 8.83 0.9415 0.9424 2.506793 
494.0995 35.612 86.186 0.06119 0.91776 0.561 0.31270 8.0000 8.52 0.9413 0.9421 2.509296 
493.6062 35.650 86.194 0.06108 0.91823 0.550 0.31147 8.0000 8.24 0.9410 0.9418 2.511804 
493.1127 35.688 86.206 0.06092 0.91876 0.527 0.31029 8.0000 7.78 0.9405 0.9414 2.514318 
492.6190 35.724 86.215 0.06083 0.91962 0.519 0.30931 8.0000 7.64 0.9402 0.9410 2.516837 
492.1253 35.763 86.222 0.06077 0.92035 0.505 0.30816 8.0000 7.64 0.9399 0.9407 2.519362 
491.6315 35.796 86.234 0.06061 0.92080 0.480 0.30710 8.0000 7.33 0.9395 0.9404 2.521893 
491.1375 35.830 86.246 0.06047 0.92147 0.456 0.30612 8.0000 7.00 0.9389 0.9398 2.524429 
490.6435 35.867 86.259 0.06031 0.92238 0.441 0.30508 8.0000 6.68 0.9387 0.9395 2.526971 
490.1493 35.904 86.274 0.06012 0.92313 0.438 0.30401 8.0000 6.46 0.9380 0.9388 2.529519 
489.6550 35.934 86.286 0.05998 0.92390 0.423 0.30317 8.0000 6.43 0.9376 0.9384 2.532072 
489.1606 35.971 86.298 0.05984 0.92475 0.425 0.30215 8.0000 6.35 0.9370 0.9378 2.534631 
488.6661 36.002 86.314 0.05962 0.92549 0.413 0.30125 8.0000 6.09 0.9367 0.9375 2.537196 
488.1714 36.043 86.328 0.05947 0.92663 0.397 0.30015 8.0000 5.78 0.9367 0.9375 2.539768 
487.6767 36.074 86.337 0.05938 0.92764 0.399 0.29937 8.0000 5.81 0.9362 0.9370 2.542344 
487.1818 36.112 86.352 0.05920 0.92860 0.385 0.29830 8.0000 5.70 0.9359 0.9366 2.544927 
486.6869 36.145 86.363 0.05909 0.92962 0.378 0.29744 8.0000 5.48 0.9355 0.9363 2.547514 
486.1918 36.186 86.380 0.05884 0.93015 0.362 0.29616 8.0000 5.15 0.9349 0.9357 2.550109 
485.6966 36.217 86.394 0.05866 0.93085 0.360 0.29524 8.0000 5.09 0.9343 0.9350 2.552709 
485.2013 36.254 86.404 0.05858 0.93213 0.353 0.29432 8.0000 5.08 0.9341 0.9348 2.555314 
484.7058 36.287 86.420 0.05837 0.93296 0.336 0.29340 8.0000 4.92 0.9336 0.9343 2.557927 
484.2103 36.316 86.433 0.05823 0.93423 0.315 0.29278 8.0000 4.57 0.9331 0.9339 2.560544 
483.7146 36.347 86.447 0.05809 0.93554 0.304 0.29206 8.0000 4.59 0.9332 0.9339 2.563168 
483.2189 36.383 86.465 0.05788 0.93690 0.287 0.29119 8.0000 4.59 0.9329 0.9336 2.565798 
482.7230 36.416 86.484 0.05764 0.93804 0.270 0.29035 8.0000 4.50 0.9326 0.9333 2.568433 
482.2270 36.448 86.501 0.05741 0.93900 0.261 0.28949 8.0000 4.53 0.9321 0.9328 2.571075 
481.7309 36.478 86.519 0.05718 0.94001 0.244 0.28871 8.0000 4.41 0.9318 0.9325 2.573723 
481.2346 36.499 86.536 0.05695 0.94098 0.233 0.28825 8.0000 4.45 0.9313 0.9320 2.576377 
480.7383 36.526 86.557 0.05668 0.94191 0.213 0.28755 8.0000 4.16 0.9310 0.9316 2.579037 
480.2419 36.560 86.578 0.05639 0.94308 0.204 0.28669 8.0000 4.14 0.9307 0.9314 2.581703 
479.7453 36.592 86.599 0.05610 0.94403 0.194 0.28582 8.0000 4.06 0.9305 0.9311 2.584375 
479.2486 36.621 86.613 0.05591 0.94474 0.184 0.28499 8.0000 3.96 0.9298 0.9305 2.587054 
478.7518 36.645 86.635 0.05559 0.94551 0.177 0.28433 8.0000 3.88 0.9292 0.9299 2.589738 
478.2549 36.673 86.649 0.05542 0.94660 0.171 0.28364 8.0000 3.82 0.9284 0.9290 2.592429 
477.7579 36.703 86.670 0.05514 0.94754 0.166 0.28283 8.0000 3.88 0.9279 0.9285 2.595126 
477.2608 36.728 86.684 0.05496 0.94868 0.159 0.28228 8.0000 3.68 0.9273 0.9279 2.597829 
476.7635 36.755 86.711 0.05459 0.94994 0.154 0.28168 8.0000 3.66 0.9268 0.9274 2.600539 
476.2662 36.787 86.731 0.05432 0.95108 0.150 0.28085 8.0000 3.66 0.9262 0.9269 2.603254 
475.7687 36.817 86.750 0.05406 0.95200 0.144 0.28004 8.0000 3.54 0.9260 0.9266 2.605976 
475.2711 36.851 86.770 0.05375 0.95261 0.137 0.27896 8.0000 3.59 0.9257 0.9263 2.608705 
474.7734 36.886 86.795 0.05340 0.95349 0.131 0.27795 8.0000 3.52 0.9253 0.9259 2.611439 
474.2756 36.915 86.823 0.05297 0.95445 0.122 0.27719 8.0000 3.46 0.9249 0.9255 2.614180 
473.7776 36.944 86.848 0.05258 0.95468 0.115 0.27620 8.0000 3.45 0.9242 0.9248 2.616928 
473.2796 36.979 86.873 0.05217 0.95499 0.106 0.27500 8.0000 3.36 0.9235 0.9241 2.619682 
472.7814 37.011 86.896 0.05181 0.95548 0.100 0.27397 8.0000 3.21 0.9227 0.9233 2.622442 
472.2831 37.046 86.920 0.05140 0.95538 0.093 0.27267 8.0000 3.22 0.9220 0.9226 2.625209 
471.7848 37.087 86.946 0.05099 0.95577 0.088 0.27132 8.0000 3.22 0.9218 0.9223 2.627982 
471.2863 37.124 86.974 0.05056 0.95649 0.083 0.27019 8.0000 3.19 0.9215 0.9220 2.630762 
470.7876 37.162 87.005 0.05002 0.95607 0.079 0.26868 8.0000 3.14 0.9206 0.9212 2.633548 
470.2889 37.200 87.038 0.04950 0.95647 0.076 0.26739 8.0000 3.06 0.9206 0.9211 2.636341 
469.7900 37.245 87.071 0.04895 0.95682 0.075 0.26587 8.0000 3.02 0.9203 0.9208 2.639141 
469.2911 37.291 87.103 0.04843 0.95689 0.072 0.26422 8.0000 2.96 0.9198 0.9204 2.641946 
468.7920 37.355 87.133 0.04790 0.95665 0.070 0.26185 8.0000 2.94 0.9200 0.9206 2.644759 
468.2928 37.418 87.157 0.04751 0.95667 0.068 0.25960 8.0000 2.92 0.9198 0.9204 2.647578 
467.7935 37.467 87.188 0.04698 0.95654 0.066 0.25781 8.0000 2.86 0.9192 0.9198 2.650404 
467.2941 37.517 87.221 0.04644 0.95664 0.064 0.25602 8.0000 2.79 0.9192 0.9197 2.653237 
466.7945 37.580 87.258 0.04580 0.95620 0.062 0.25364 8.0000 2.74 0.9191 0.9196 2.656077 
466.2949 37.637 87.294 0.04519 0.95598 0.057 0.25153 8.0000 2.75 0.9187 0.9193 2.658922 
465.7951 37.697 87.339 0.04443 0.95586 0.054 0.24936 8.0000 2.70 0.9189 0.9195 2.661775 
465.2952 37.753 87.394 0.04349 0.95542 0.049 0.24725 8.0000 2.60 0.9183 0.9189 2.664635 
464.7952 37.818 87.439 0.04273 0.95531 0.047 0.24488 8.0000 2.58 0.9183 0.9189 2.667502 
464.2951 37.879 87.485 0.04195 0.95485 0.043 0.24259 8.0000 2.58 0.9181 0.9186 2.670375 
463.7949 37.939 87.524 0.04125 0.95391 0.040 0.24023 8.0000 2.56 0.9175 0.9181 2.673255 
463.2946 37.994 87.570 0.04045 0.95328 0.037 0.23812 8.0000 2.47 0.9172 0.9177 2.676142 
462.7941 38.063 87.613 0.03970 0.95233 0.034 0.23541 8.0000 2.46 0.9177 0.9183 2.679036 
462.2935 38.135 87.646 0.03913 0.95197 0.032 0.23279 8.0000 2.42 0.9178 0.9184 2.681937 
461.7928 38.200 87.694 0.03829 0.95102 0.031 0.23025 8.0000 2.44 0.9178 0.9183 2.684845 
461.2921 38.266 87.736 0.03755 0.94982 0.029 0.22765 8.0000 2.38 0.9179 0.9184 2.687759 
460.7911 38.341 87.789 0.03665 0.94910 0.029 0.22485 8.0000 2.34 0.9180 0.9185 2.690681 
460.2901 38.409 87.831 0.03592 0.94840 0.028 0.22227 8.0000 2.30 0.9180 0.9186 2.693610 
459.7889 38.482 87.882 0.03505 0.94759 0.027 0.21953 8.0000 2.22 0.9181 0.9187 2.696546 
459.2877 38.557 87.926 0.03429 0.94685 0.027 0.21675 8.0000 2.20 0.9185 0.9191 2.699489 
458.7863 38.636 87.975 0.03345 0.94624 0.026 0.21387 8.0000 2.12 0.9192 0.9197 2.702439 
458.2848 38.711 88.020 0.03270 0.94562 0.025 0.21112 8.0000 2.13 0.9194 0.9200 2.705396 
457.7832 38.791 88.071 0.03181 0.94438 0.025 0.20806 8.0000 2.12 0.9191 0.9197 2.708360 
457.2815 38.878 88.127 0.03084 0.94282 0.024 0.20470 8.0000 2.09 0.9191 0.9197 2.711332 
456.7796 38.966 88.183 0.02989 0.94210 0.024 0.20151 8.0000 2.01 0.9198 0.9204 2.714311 
456.2777 39.057 88.242 0.02889 0.94155 0.023 0.19826 8.0000 2.00 0.9206 0.9212 2.717297 
455.7756 39.144 88.307 0.02780 0.94039 0.022 0.19502 8.0000 1.96 0.9211 0.9217 2.720290 
455.2734 39.240 88.370 0.02675 0.93982 0.021 0.19163 8.0000 1.90 0.9216 0.9222 2.723291 
454.7711 39.322 88.424 0.02583 0.93910 0.021 0.18869 8.0000 1.91 0.9224 0.9230 2.726299 
454.2687 39.415 88.487 0.02478 0.93852 0.021 0.18537 8.0000 1.88 0.9235 0.9242 2.729314 
453.7662 39.495 88.546 0.02382 0.93841 0.022 0.18263 8.0000 1.86 0.9244 0.9250 2.732336 
453.2635 39.576 88.606 0.02283 0.93789 0.022 0.17978 8.0000 1.88 0.9246 0.9252 2.735367 
452.7608 39.655 88.665 0.02186 0.93778 0.023 0.17707 8.0000 1.88 0.9253 0.9259 2.738404 
452.2579 39.735 88.725 0.02086 0.93756 0.025 0.17432 8.0000 1.83 0.9258 0.9264 2.741449 
451.7549 39.814 88.785 0.01987 0.93743 0.026 0.17163 8.0000 1.85 0.9264 0.9270 2.744501 
451.2518 39.893 88.847 0.01887 0.93730 0.028 0.16892 8.0000 1.82 0.9269 0.9275 2.747561 
450.7485 39.972 88.908 0.01786 0.93746 0.030 0.16628 8.0000 1.82 0.9278 0.9284 2.750629 
450.2452 40.050 88.970 0.01685 0.93726 0.031 0.16359 8.0000 1.80 0.9281 0.9288 2.753704 
449.7417 40.130 89.033 0.01582 0.93725 0.032 0.16092 8.0000 1.75 0.9287 0.9294 2.756787 
449.2382 40.207 89.095 0.01480 0.93739 0.035 0.15834 8.0000 1.77 0.9294 0.9301 2.759876 
448.7345 40.285 89.159 0.01376 0.93743 0.035 0.15570 8.0000 1.70 0.9299 0.9306 2.762974 
448.2307 40.363 89.223 0.01272 0.93761 0.037 0.15313 8.0000 1.71 0.9306 0.9313 2.766080 
447.7267 40.440 89.287 0.01168 0.93802 0.038 0.15061 8.0000 1.68 0.9315 0.9322 2.769193 
447.2227 40.516 89.351 0.01063 0.93834 0.039 0.14808 8.0000 1.67 0.9323 0.9330 2.772314 
446.7186 40.594 89.417 0.00955 0.93835 0.041 0.14548 8.0000 1.58 0.9326 0.9333 2.775443 
446.2143 40.670 89.482 0.00849 0.93880 0.044 0.14299 8.0000 1.59 0.9334 0.9341 2.778580 
445.7099 40.746 89.548 0.00742 0.93924 0.046 0.14051 8.0000 1.56 0.9342 0.9349 2.781724 
445.2054 40.822 89.614 0.00633 0.93973 0.051 0.13804 8.0000 1.58 0.9350 0.9357 2.784876 
444.7008 40.897 89.680 0.00525 0.94020 0.056 0.13557 8.0000 1.60 0.9357 0.9365 2.788036 
444.1960 40.972 89.747 0.00415 0.94072 0.060 0.13314 8.0000 1.55 0.9365 0.9372 2.791204 
443.6912 41.047 89.815 0.00304 0.94124 0.065 0.13070 8.0000 1.52 0.9371 0.9379 2.794380 
443.1862 41.122 89.882 0.00194 0.94184 0.072 0.12829 8.0000 1.50 0.9379 0.9387 2.797564 
442.6812 41.195 89.950 0.00083 0.94264 0.076 0.12594 8.0000 1.48 0.9389 0.9397 2.800756 
442.1759 41.269 90.018 -0.00030 0.94328 0.083 0.12354 8.0000 1.45 0.9396 0.9404 2.803956 
441.6706 41.343 90.087 -0.00143 0.94392 0.087 0.12117 8.0000 1.42 0.9403 0.9411 2.807164 
441.1652 41.416 90.156 -0.00257 0.94474 0.094 0.11883 8.0000 1.40 0.9411 0.9420 2.810380 
440.6596 41.488 90.225 -0.00372 0.94556 0.096 0.11650 8.0000 1.38 0.9419 0.9428 2.813605 
440.1540 41.561 90.296 -0.00488 0.94623 0.098 0.11413 8.0000 1.32 0.9425 0.9434 2.816837 
439.6482 41.561 90.296 -0.00488 0.94623 0.105 0.11413 8.0000 1.30 0.9425 0.9434 2.820077 

# MINIMA:
439.6482 1.004 0.869 -40.73373 -30.09211 -2453.133 -38.89300 8.0000 1.30 0.5115 0.5359 1.240099 

# MAXIMA:
999.7925 81.684 359.550 150.87785 103.49052 193.898 103.29273 8.0000 58.00 2.72043008626314445E18 1.50443119386264863E19 2.820077 

# PEAKS:

# END SPECTRUM

