## SPECTRUM TYPE:
LCE

## DATE:
25/08/2026

## COMMENTS:

## NUMBER OF SPECTRUM:
1

## ELLIPSOMETRIC CONFIGURATION:
0.00 ø :Modulator
+45.00 øAnalyser

## UNIT:
nm


# SPECTRUM:
1

# CAPTION:


# START TIME:
10:41:46

# END TIME:
10:41:46

# THETA ANGLE:
0.00 ø

# INCIDENCE ANGLE:
69.95 ø

# ACCUMULATION NUMBER:
22

# ELLIPSOMETRIC CONFIGURATION:
0.00 ø :Modulator
+45.00 øAnalyser

# INTEGRATION TIME:
10 ms

# FIRST POINT:
999.79 nm

# LAST POINT:
439.65 nm

# INCREMENT:
0.00 nm

# NUMBER OF POINTS:
1273

# DATA:
nm Psi Delta Ic Is Reflectance IcPrim IntegrationTime IntensityMax Polarization PolarizationGen eV 
999.7925 0.911 214.026 -1.77517 -1.19852 0.000 67.35753 10.0000 5.01 2.71887812560053862E18 1.04948406861451756E19 1.240099 
999.4089 0.911 214.026 -1.77517 -1.19852 0.561 67.35752 10.0000 4.96 2.52875964589644186E18 9.76098484432561766E18 1.240575 
999.0253 0.911 214.026 -1.77517 -1.19852 0.343 67.35752 10.0000 5.07 2.41062784173028147E18 9.3049975810776105E18 1.241052 
998.6415 0.911 214.026 -1.77517 -1.19852 0.773 67.35752 10.0000 5.12 2.27588379125796045E18 8.78488624994189312E18 1.241529 
998.2578 0.911 214.026 -1.77517 -1.19852 0.154 67.35753 10.0000 5.11 2.12268155189539635E18 8.19352766483791872E18 1.242006 
997.8739 0.911 214.026 -1.77517 -1.19852 0.420 67.35752 10.0000 5.15 1.94917531849746022E18 7.52379534115025715E18 1.242484 
997.4900 0.911 214.026 -1.77517 -1.19852 -0.023 67.35752 10.0000 5.16 1.75351942335797658E18 6.7685660927983616E18 1.242962 
997.1060 0.911 214.026 -1.77517 -1.19852 0.004 67.35752 10.0000 5.22 1.53386806133181645E18 5.92071398492261581E18 1.243440 
996.7219 0.911 214.026 -1.77517 -1.19852 -2.444 67.35752 10.0000 5.22 1.28837528983489741E18 4.97311473193084518E18 1.243920 
996.3377 0.911 214.026 -1.77517 -1.19852 -0.596 67.35752 10.0000 5.32 1.0151955098805207E18 3.91864377335296819E18 1.244399 
995.9535 0.911 214.026 -1.77517 -1.19852 -0.245 67.35752 10.0000 5.31 716174320455385088.0000 2.76442484502534554E18 1.244879 
995.5692 0.911 214.026 -1.77517 -1.19852 0.727 67.35752 10.0000 5.39 393157526704619520.0000 1.51758374436864E18 1.245360 
995.1848 0.911 214.026 -1.77517 -1.19852 -0.486 67.35752 10.0000 5.43 51682677207597056.0000 199494582289825792.0000 1.245841 
994.8003 0.911 214.026 -1.77517 -1.19852 0.013 67.35753 10.0000 5.56 295329613494616064.0000 1.13996905147321549E18 1.246322 
994.4158 0.911 214.026 -1.77517 -1.19852 0.008 67.35752 10.0000 5.50 629421203756417024.0000 2.4295589580594217E18 1.246804 
994.0311 15.408 140.912 -0.12599 0.10235 0.008 0.27212 10.0000 5.55 0.5198 0.7553 1.247287 
993.6464 32.921 141.012 -0.21942 0.17761 0.410 0.12662 10.0000 5.55 0.5219 0.7406 1.247770 
993.2617 59.057 140.361 -0.34963 0.28964 0.759 -0.24256 10.0000 5.55 0.5438 0.7737 1.248253 
992.8768 63.211 114.191 -0.16960 0.37753 -0.171 -0.30539 10.0000 5.58 0.5659 0.8104 1.248737 
992.4919 70.706 45.073 0.13923 0.13959 0.112 -0.24707 10.0000 5.66 0.6231 0.8379 1.249221 
992.1069 46.452 106.326 -0.07881 0.26906 -6.865 -0.01422 10.0000 5.71 0.5796 0.6989 1.249706 
991.7218 18.424 97.405 -0.03812 0.29328 -0.561 0.39464 10.0000 5.76 0.6815 0.7254 1.250191 
991.3367 16.683 77.763 0.06433 0.29660 0.203 0.46086 10.0000 5.88 0.7136 0.7590 1.250677 
990.9514 18.842 71.471 0.13516 0.40327 0.861 0.55059 10.0000 5.87 0.8649 0.9166 1.251163 
990.5661 10.401 78.113 0.05973 0.28374 7.650 0.76327 10.0000 5.83 0.8960 0.9368 1.251650 
990.1807 8.944 53.170 0.15841 0.21152 -14.518 0.81879 10.0000 5.91 0.8081 0.8681 1.252137 
989.7953 4.692 71.159 0.04660 0.13657 -0.318 0.87318 10.0000 6.00 0.7802 0.8573 1.252625 
989.4097 6.649 96.903 -0.02876 0.23755 -1.256 1.01243 10.0000 6.10 0.7984 0.8856 1.253113 
989.0241 9.016 112.271 -0.12531 0.30598 0.746 1.01566 10.0000 6.04 0.8239 0.9221 1.253601 
988.6384 16.849 122.190 -0.25812 0.41005 1.111 0.72656 10.0000 6.02 0.7775 0.8605 1.254090 
988.2526 13.873 100.495 -0.08678 0.46845 17.421 0.90568 10.0000 6.18 0.7873 0.8781 1.254580 
987.8668 15.278 94.370 -0.03939 0.51543 0.738 0.87561 10.0000 6.14 0.7859 0.8845 1.255070 
987.4809 10.569 98.185 -0.06123 0.42574 -2723.437 1.11253 10.0000 6.21 0.7950 0.8495 1.255560 
987.0949 10.400 100.196 -0.08028 0.44636 0.859 1.19391 10.0000 6.22 0.7608 0.7833 1.256051 
986.7088 7.858 97.810 -0.04167 0.30384 0.708 1.08983 10.0000 6.30 0.7807 0.7963 1.256543 
986.3226 6.231 122.214 -0.11133 0.17670 -1.525 0.94501 10.0000 6.28 0.8379 0.8505 1.257035 
985.9364 9.319 101.817 -0.05633 0.26925 -4.842 0.81563 10.0000 6.36 0.9069 0.9434 1.257527 
985.5501 10.670 92.725 -0.01387 0.29137 55.771 0.74659 10.0000 6.31 1.0028 1.0918 1.258020 
985.1638 17.439 89.319 0.00487 0.40946 -1.414 0.58747 10.0000 6.43 1.0738 1.2100 1.258513 
984.7773 22.509 87.980 0.01757 0.49798 0.657 0.49798 10.0000 6.49 1.1119 1.2522 1.259007 
984.3907 23.534 81.297 0.09441 0.61674 -0.564 0.58043 10.0000 6.56 1.1046 1.2314 1.259502 
984.0041 18.622 78.096 0.09189 0.43589 -0.488 0.58593 10.0000 6.59 0.9234 1.0313 1.259997 
983.6174 7.745 63.551 0.07820 0.15721 0.412 0.63355 10.0000 6.79 0.7014 0.8092 1.260492 
983.2307 8.508 84.261 0.02288 0.22761 0.428 0.74747 10.0000 6.83 0.6663 0.7706 1.260988 
982.8438 5.021 232.517 -0.09583 -0.12496 0.353 0.88927 10.0000 6.80 0.7843 0.8602 1.261484 
982.4569 9.324 129.968 -0.16940 0.20211 0.356 0.78147 10.0000 6.82 0.8421 1.0053 1.261981 
982.0699 14.974 105.611 -0.09381 0.33574 -1.663 0.60506 10.0000 6.95 0.7788 0.9143 1.262478 
981.6828 24.440 102.918 -0.10011 0.43648 -0.008 0.39093 10.0000 6.98 0.7621 0.8590 1.262976 
981.2957 28.114 114.937 -0.26258 0.56473 -0.005 0.41650 10.0000 7.02 0.8027 0.9237 1.263474 
980.9084 35.503 90.595 -0.00547 0.52709 0.003 0.18144 10.0000 7.01 0.7169 0.8732 1.263973 
980.5211 46.103 30.179 0.93749 0.54516 0.006 -0.04178 10.0000 7.08 0.7777 0.8904 1.264472 
980.1337 39.631 67.275 0.29852 0.71277 -0.001 0.14656 10.0000 7.21 0.5917 0.7936 1.264972 
979.7463 31.938 67.066 0.29024 0.68596 -0.001 0.36529 10.0000 7.11 0.6352 0.9358 1.265472 
979.3587 36.981 121.943 -0.69124 1.10866 5.358 0.37556 10.0000 7.26 0.7029 0.8658 1.265973 
978.9711 36.780 154.890 -2.19532 1.02885 3.897 0.71542 10.0000 7.24 0.8071 1.0798 1.266474 
978.5834 36.393 158.509 -1.64958 0.64947 0.951 0.54929 10.0000 7.22 0.9428 1.2633 1.266976 
978.1956 34.433 159.623 -1.38849 0.51575 4.864 0.57256 10.0000 7.25 1.0958 1.4354 1.267478 
977.8077 31.634 161.174 -1.11395 0.37979 -1.831 0.59275 10.0000 7.38 1.2129 1.5195 1.267981 
977.4199 28.391 165.128 -0.87834 0.23325 2.061 0.59510 10.0000 7.44 1.3110 1.5330 1.268484 
977.0319 19.206 162.449 -0.41180 0.13025 1.590 0.54470 10.0000 7.49 1.0314 1.2464 1.268988 
976.6437 6.940 101.379 -0.02914 0.14480 0.836 0.59774 10.0000 7.43 0.8438 1.1857 1.269493 
976.2556 12.583 168.714 -0.30636 0.06114 -5.593 0.66493 10.0000 7.49 1.0275 1.2413 1.269997 
975.8674 7.776 114.243 -0.09488 0.21070 0.760 0.83030 10.0000 7.64 1.0828 1.1747 1.270502 
975.4790 9.721 120.713 -0.13872 0.23350 0.577 0.76941 10.0000 7.75 1.1026 1.1967 1.271008 
975.0906 14.026 116.468 -0.15968 0.32072 -1.076 0.67233 10.0000 7.60 1.1034 1.1625 1.271515 
974.7021 14.101 114.712 -0.14740 0.32030 -10.046 0.65754 10.0000 7.78 1.0708 1.1464 1.272021 
974.3136 14.426 114.390 -0.15345 0.33843 0.725 0.67445 10.0000 7.72 0.9576 1.0226 1.272529 
973.9250 15.166 112.751 -0.13536 0.32277 0.018 0.59820 10.0000 7.80 0.7901 0.8423 1.273036 
973.5363 20.622 104.634 -0.11257 0.43112 0.036 0.50820 10.0000 7.90 0.7034 0.7344 1.273545 
973.1475 21.325 117.389 -0.13390 0.25844 -3.699 0.31598 10.0000 7.86 0.5296 0.5504 1.274053 
972.7586 16.504 107.375 -0.06982 0.22312 -1.701 0.35989 10.0000 7.97 0.5333 0.5581 1.274563 
972.3697 21.718 122.228 -0.07707 0.12225 -0.683 0.15262 10.0000 8.06 0.5085 0.5332 1.275073 
971.9807 57.426 131.146 -0.10480 0.11994 -0.408 -0.07377 10.0000 8.07 0.5213 0.5473 1.275583 
971.5916 66.460 120.094 -0.11948 0.20616 -0.479 -0.22158 10.0000 8.21 0.6395 0.6657 1.276094 
971.2024 71.617 110.351 -0.08906 0.24010 0.295 -0.34275 10.0000 8.35 0.8973 0.9229 1.276605 
970.8131 78.663 107.967 -0.06463 0.19931 0.034 -0.50150 10.0000 8.19 1.0604 1.0816 1.277117 
970.4238 81.199 101.617 -0.03418 0.16625 0.010 -0.53496 10.0000 8.15 1.0970 1.1260 1.277629 
970.0344 70.340 28.929 0.54949 0.30370 0.007 -0.76652 10.0000 8.47 1.2057 1.2999 1.278142 
969.6449 60.702 112.346 -0.12613 0.30684 0.006 -0.20253 10.0000 8.39 1.1713 1.2134 1.278656 
969.2553 38.661 150.905 -0.57398 0.31941 0.001 0.14776 10.0000 8.44 1.4361 1.5373 1.279170 
968.8657 31.788 160.302 -0.93623 0.33519 -1.499 0.49415 10.0000 8.52 1.7103 1.8836 1.279684 
968.4760 30.157 165.178 -1.16953 0.30948 0.817 0.68966 10.0000 8.67 1.9401 2.1563 1.280199 
968.0861 29.262 166.142 -1.31884 0.32534 0.201 0.83160 10.0000 8.85 2.0349 2.2648 1.280714 
967.6962 28.299 164.592 -1.26659 0.34908 -0.496 0.86638 10.0000 8.83 2.0006 2.2068 1.281230 
967.3063 27.552 161.108 -1.05073 0.35957 0.787 0.77459 10.0000 8.90 1.8694 2.0037 1.281747 
966.9163 23.673 156.612 -0.76670 0.33159 0.880 0.76959 10.0000 9.02 1.4277 1.5258 1.282264 
966.5261 13.764 127.039 -0.25243 0.33451 -3.671 0.80408 10.0000 8.83 1.0267 1.1383 1.282782 
966.1359 31.789 26.235 1.10311 0.54362 0.745 0.61104 10.0000 8.72 0.8440 1.0928 1.283300 
965.7457 15.727 45.667 0.47228 0.48340 -0.495 1.10480 10.0000 8.84 0.8002 0.9501 1.283818 
965.3553 34.232 5.905 2.05227 0.21228 0.811 0.81418 10.0000 9.06 0.7132 0.9214 1.284337 
964.9649 35.043 160.848 -6.83787 2.37481 6.959 2.62229 10.0000 9.13 0.8999 1.2088 1.284857 
964.5743 25.713 148.552 -2.14196 1.30990 1.325 2.00245 10.0000 9.03 1.1524 1.5481 1.285377 
964.1838 21.280 147.595 -1.98727 1.26140 -0.355 2.56338 10.0000 9.13 1.1945 1.6720 1.285898 
963.7931 17.121 156.205 -16.25261 7.16664 0.802 26.09577 10.0000 9.20 1.0074 1.4857 1.286419 
963.4023 76.127 25.279 0.43402 0.20497 0.089 -0.91243 10.0000 9.28 0.7343 1.1417 1.286941 
963.0115 52.933 75.564 0.15298 0.59424 0.808 -0.17440 10.0000 9.41 0.6938 1.0613 1.287463 
962.6207 25.892 112.551 -0.12634 0.30425 0.990 0.25939 10.0000 9.48 0.6855 0.8694 1.287986 
962.2297 19.890 139.384 -0.30015 0.25741 0.830 0.47492 10.0000 9.57 0.7556 0.8489 1.288509 
961.8386 11.535 124.867 -0.18861 0.27070 0.898 0.77466 10.0000 9.59 0.9193 1.1483 1.289033 
961.4474 9.091 176.459 -0.23835 0.01475 0.797 0.72711 10.0000 9.69 0.8351 1.0811 1.289558 
961.0562 9.811 198.299 -0.25885 -0.08560 1.094 0.76473 10.0000 9.61 0.8859 1.2070 1.290083 
960.6649 12.018 217.205 -0.26746 -0.20305 0.014 0.75294 10.0000 9.90 0.7753 1.0369 1.290608 
960.2736 16.830 245.019 -0.21817 -0.46828 0.016 0.77581 10.0000 9.74 0.6606 0.8185 1.291134 
959.8821 8.370 201.161 -0.18627 -0.07210 0.616 0.66408 10.0000 9.76 0.5980 0.6630 1.291661 
959.4905 16.207 116.503 -0.16737 0.33564 1.191 0.59068 10.0000 9.81 0.6036 0.6589 1.292188 
959.0989 34.782 89.968 0.00041 0.71953 0.786 0.26810 10.0000 10.00 0.5732 0.7607 1.292715 
958.7073 22.786 102.230 -0.05707 0.26328 1.507 0.26407 10.0000 10.08 0.5299 0.6965 1.293243 
958.3155 28.450 112.181 -0.17403 0.42684 -14.625 0.30049 10.0000 9.89 0.5484 0.5939 1.293772 
957.9236 25.887 113.683 -0.18035 0.41117 0.842 0.35364 10.0000 9.89 0.5979 0.6147 1.294301 
957.5317 20.527 117.815 -0.15275 0.28952 -88.316 0.37584 10.0000 9.96 0.6439 0.6676 1.294831 
957.1396 12.667 117.746 -0.10753 0.20442 1.019 0.48788 10.0000 9.88 0.7565 0.8057 1.295362 
956.7476 8.654 118.771 -0.09081 0.16538 -2.350 0.60545 10.0000 10.21 0.7766 0.8371 1.295892 
956.3554 2.040 140.113 -0.04053 0.03388 1.057 0.74042 10.0000 10.46 0.7683 0.8499 1.296424 
955.9632 9.077 151.546 -0.22989 0.12458 -0.007 0.79743 10.0000 10.56 0.8488 0.9306 1.296956 
955.5709 5.305 82.991 0.02151 0.17497 -0.005 0.94102 10.0000 10.38 0.9397 1.0218 1.297488 
955.1784 7.562 38.305 0.17741 0.14013 -0.005 0.83655 10.0000 10.50 0.7639 0.8671 1.298021 
954.7859 13.672 23.383 0.31810 0.13754 0.763 0.67019 10.0000 10.56 0.6597 0.8279 1.298555 
954.3934 21.602 27.949 0.40106 0.21279 7.888 0.48341 10.0000 10.41 0.6356 0.8539 1.299089 
954.0007 30.513 30.694 0.40055 0.23777 0.917 0.25793 10.0000 10.44 0.6330 0.8759 1.299624 
953.6080 26.886 62.312 0.17769 0.33863 1.032 0.28018 10.0000 10.69 0.6905 0.9136 1.300159 
953.2152 40.290 78.138 0.08468 0.40318 -0.888 0.06835 10.0000 10.82 0.6087 0.7842 1.300695 
952.8223 34.570 71.966 0.10522 0.32318 0.775 0.12951 10.0000 10.71 0.5537 0.6698 1.301231 
952.4293 24.625 76.805 0.06811 0.29049 0.927 0.25708 10.0000 10.83 0.5655 0.6324 1.301768 
952.0363 19.690 104.527 -0.08072 0.31153 1.253 0.39207 10.0000 10.79 0.6685 1.4751 1.302305 
951.6432 16.433 60.296 0.20633 0.36167 0.864 0.64446 10.0000 11.06 0.8108 0.8813 1.302843 
951.2499 17.310 61.906 0.19091 0.35763 4.301 0.58721 10.0000 10.77 0.7110 1.2097 1.303382 
950.8567 61.957 299.567 39.14422 -68.99964 2.736 -53.33730 10.0000 10.85 1.4567 3.6797 1.303921 
950.4633 14.480 88.891 0.01026 0.52979 0.818 0.95756 10.0000 10.95 0.8739 1.8683 1.304461 
950.0699 19.606 104.997 -0.26069 0.97313 -0.169 1.23469 10.0000 11.01 2.3234 4.8140 1.305001 
949.6763 23.151 106.376 -0.31431 1.06955 -0.085 1.06524 10.0000 11.16 3.3727 7.1783 1.305542 
949.2827 25.744 104.506 -0.32011 1.23721 -0.061 1.01695 10.0000 11.33 3.6818 8.4050 1.306083 
948.8890 26.623 104.638 -0.31572 1.20874 -0.116 0.93303 10.0000 11.57 3.7547 8.8179 1.306625 
948.4953 26.459 102.055 -0.25232 1.18147 0.002 0.91306 10.0000 11.51 3.5247 8.3734 1.307167 
948.1014 32.421 60.053 0.59065 1.02524 0.249 0.55571 10.0000 11.52 2.9328 7.0023 1.307710 
947.7075 22.174 98.162 -0.17228 1.20128 0.512 1.24150 10.0000 11.52 2.1843 4.7405 1.308254 
947.3135 17.701 147.457 -0.99043 0.63201 1.699 1.65308 10.0000 11.18 2.1010 2.7083 1.308798 
946.9194 20.481 195.824 -2.60420 -0.73807 0.300 3.11807 10.0000 11.25 2.4963 4.1002 1.309343 
946.5253 23.047 165.302 -1.19344 0.31306 0.098 1.18757 10.0000 11.35 2.8620 3.3265 1.309888 
946.1310 23.450 175.999 -1.22119 0.08542 0.926 1.14553 10.0000 11.80 2.9184 5.0812 1.310434 
945.7367 24.442 165.998 -1.20777 0.30118 1.041 1.08646 10.0000 11.66 2.8958 3.4414 1.310980 
945.3423 25.429 158.813 -1.55493 0.60272 -0.395 1.35729 10.0000 11.84 2.6480 5.7242 1.311527 
944.9478 26.497 154.952 -2.39718 1.12027 0.172 1.99440 10.0000 12.02 2.5735 8.1011 1.312074 
944.5532 28.037 152.421 -4.26289 2.22657 0.849 3.23483 10.0000 11.82 2.5795 9.4880 1.312623 
944.1586 29.521 151.405 -21.62761 11.78955 -1.239 14.77636 10.0000 11.76 2.6085 9.8785 1.313171 
943.7639 58.046 329.963 9.28316 -5.36772 -0.738 -5.25122 10.0000 11.87 2.6119 9.3071 1.313720 
943.3691 29.331 157.650 -12.42963 5.11038 1.291 8.18305 10.0000 11.93 2.7648 7.9658 1.314270 
942.9742 29.461 161.091 -5.79578 1.98537 1.466 3.69248 10.0000 12.00 2.7391 5.4583 1.314821 
942.5792 29.645 167.008 -3.18162 0.73404 1.031 1.93956 10.0000 12.12 2.6141 2.7849 1.315372 
942.1841 28.243 179.521 -2.58140 0.02158 -1.167 1.70958 10.0000 12.20 2.3433 4.5883 1.315923 
941.7890 23.877 164.856 -1.22901 0.33263 -1.171 1.15634 10.0000 12.35 1.4641 1.4969 1.316475 
941.3938 36.183 7.059 1.11692 0.13831 -20.274 0.35774 10.0000 12.29 0.8893 1.0062 1.317028 
940.9985 15.475 359.472 0.58668 -0.00541 0.406 0.97840 10.0000 12.48 0.6312 0.7409 1.317581 
940.6031 12.585 17.362 0.30914 0.09665 -6.750 0.68927 10.0000 12.47 0.6206 0.7762 1.318135 
940.2077 6.580 76.254 0.03974 0.16246 2.350 0.71531 10.0000 12.54 0.6050 0.7767 1.318689 
939.8122 17.951 140.689 -0.37576 0.30768 2.728 0.67087 10.0000 12.71 0.6294 0.7934 1.319244 
939.4166 21.802 151.880 -0.63490 0.33929 1.277 0.75581 10.0000 12.55 0.7995 0.9105 1.319800 
939.0209 19.680 141.582 -0.46315 0.36732 -3.939 0.72068 10.0000 12.40 0.7701 0.9233 1.320356 
938.6251 20.890 138.020 -0.42881 0.38583 0.984 0.64560 10.0000 12.63 0.7823 0.9019 1.320913 
938.2292 21.889 149.470 -0.44914 0.26488 0.882 0.54416 10.0000 12.75 0.7222 0.7867 1.321470 
937.8333 21.434 123.563 -0.32147 0.48453 0.846 0.62643 10.0000 12.75 0.8594 0.9347 1.322028 
937.4373 24.623 104.304 -0.17940 0.70365 -2.307 0.62577 10.0000 13.04 0.7140 0.8593 1.322586 
937.0412 21.722 49.662 0.29772 0.35059 8.231 0.48563 10.0000 12.94 0.6372 0.6940 1.323146 
936.6450 17.279 48.861 0.20846 0.23864 0.907 0.46004 10.0000 12.75 0.7375 0.8380 1.323705 
936.2487 16.174 47.290 0.19134 0.20728 0.880 0.44540 10.0000 13.01 0.8868 1.0686 1.324266 
935.8524 19.037 46.586 0.17722 0.18731 0.613 0.32917 10.0000 13.16 0.9096 1.2396 1.324826 
935.4560 32.116 29.171 0.26553 0.14822 0.798 0.14680 10.0000 13.20 0.8329 1.2139 1.325388 
935.0594 39.548 350.424 0.34325 -0.05791 -0.642 0.06705 10.0000 13.46 0.7627 1.1838 1.325950 
934.6629 11.587 340.153 0.15685 -0.05662 -0.052 0.38954 10.0000 13.37 0.7840 1.0171 1.326512 
934.2662 36.892 316.934 0.25675 -0.23998 1.059 0.10221 10.0000 13.22 0.6483 0.8651 1.327076 
933.8694 64.296 1.730 0.77725 0.02348 1.278 -0.62059 10.0000 13.62 0.7725 1.3619 1.327640 
933.4727 14.070 162.209 -1.34065 0.43021 -5.016 2.63247 10.0000 13.58 1.4498 2.4390 1.328204 
933.0757 14.364 156.338 -1.44458 0.63299 -0.710 2.87750 10.0000 13.55 1.7424 2.9506 1.328769 
932.6787 13.381 166.404 -1.66230 0.40204 0.862 3.39117 10.0000 13.77 1.7676 3.0239 1.329334 
932.2817 10.730 205.013 -3.49713 -1.63172 20.662 9.81741 10.0000 13.79 1.4686 2.6903 1.329901 
931.8845 11.595 216.765 -3.32818 -2.48663 0.140 9.69757 10.0000 13.81 1.3707 2.5578 1.330467 
931.4873 70.787 58.208 3.26810 5.27256 -82.695 -7.81909 10.0000 13.75 1.0685 1.9866 1.331035 
931.0900 33.092 73.523 0.23309 0.78804 0.276 0.36272 10.0000 14.05 0.7101 1.2227 1.331603 
930.6926 12.372 130.326 -4.05378 4.77565 0.899 13.59146 10.0000 14.06 0.8731 1.1473 1.332171 
930.2951 6.905 101.026 -0.03610 0.18528 -5.727 0.76793 10.0000 14.11 0.8303 0.9876 1.332740 
929.8975 11.975 95.748 -0.02519 0.25030 0.062 0.56633 10.0000 14.19 1.1757 1.5954 1.333310 
929.4999 7.712 61.391 0.07734 0.14179 8.997 0.58540 10.0000 14.46 1.5976 2.1191 1.333881 
929.1022 5.722 2.458 0.15385 0.00660 8.580 0.76072 10.0000 14.74 1.7671 2.2791 1.334452 
928.7043 6.245 354.212 0.19500 -0.01977 1.214 0.88490 10.0000 14.54 1.9286 2.3824 1.335023 
928.3065 5.148 358.763 0.18772 -0.00405 1.126 1.03358 10.0000 14.56 1.9311 2.2815 1.335595 
927.9085 5.560 350.092 0.21429 -0.03743 0.838 1.10668 10.0000 14.51 1.7878 1.9910 1.336168 
927.5104 5.859 343.784 0.20005 -0.05818 0.168 1.00438 10.0000 14.80 1.5287 1.6294 1.336742 
927.1123 6.533 344.992 0.15256 -0.04090 0.077 0.68062 10.0000 14.74 1.1476 1.3143 1.337316 
926.7141 26.608 294.317 0.06058 -0.13407 0.033 0.11000 10.0000 14.73 0.9336 1.5423 1.337890 
926.3158 18.405 278.746 0.03522 -0.22897 0.404 0.30954 10.0000 14.85 0.8845 1.0683 1.338466 
925.9174 16.132 209.496 -0.11888 -0.06725 0.393 0.21635 10.0000 14.94 0.6620 0.8764 1.339042 
925.5190 19.954 248.905 -0.32730 -0.84844 -0.131 1.08733 10.0000 14.92 0.6795 0.9151 1.339618 
925.1204 32.375 271.618 0.01247 -0.44129 -0.048 0.20821 10.0000 15.05 0.5974 0.8696 1.340195 
924.7218 38.265 270.693 0.00672 -0.55563 -0.034 0.13309 10.0000 14.85 0.5650 0.7964 1.340773 
924.3231 23.436 277.060 0.03103 -0.25057 -0.017 0.23650 10.0000 15.02 0.5339 0.7031 1.341351 
923.9243 6.865 98.133 -0.01125 0.07874 0.884 0.32553 10.0000 15.16 0.5259 0.5981 1.341930 
923.5255 20.557 99.901 -0.06056 0.34699 0.982 0.40359 10.0000 15.44 0.5944 0.6159 1.342510 
923.1265 29.520 120.590 -0.38704 0.65471 0.041 0.45626 10.0000 15.02 0.8404 0.8970 1.343090 
922.7275 19.851 99.727 -0.07443 0.43422 0.026 0.53060 10.0000 15.46 0.8361 0.9078 1.343671 
922.3283 12.246 65.018 0.11905 0.25552 0.919 0.61878 10.0000 15.40 0.8376 0.9420 1.344252 
921.9291 14.762 58.680 0.20556 0.33782 0.000 0.69829 10.0000 15.61 1.0857 1.2887 1.344834 
921.5298 13.733 40.942 0.28683 0.24883 0.000 0.73050 10.0000 15.62 1.1366 1.3779 1.345417 
921.1305 14.236 45.739 0.30530 0.31328 0.000 0.80664 10.0000 15.36 1.1934 1.4743 1.346000 
920.7311 13.094 34.518 0.28392 0.19527 0.000 0.70064 10.0000 15.64 1.1005 1.2867 1.346584 
920.3315 14.842 48.681 0.25591 0.29110 0.000 0.67997 10.0000 16.02 1.0242 1.1585 1.347169 
919.9319 18.323 72.234 0.10219 0.31894 0.000 0.45021 10.0000 15.73 1.2751 1.3444 1.347754 
919.5322 21.845 93.112 -0.02923 0.53761 1.080 0.56359 10.0000 15.55 1.0154 1.0750 1.348340 
919.1324 26.332 112.863 -0.29182 0.69207 0.860 0.57290 10.0000 16.10 1.0202 1.1390 1.348926 
918.7326 22.273 93.648 -0.03820 0.59901 3.368 0.60983 10.0000 15.77 0.8440 0.9079 1.349513 
918.3326 28.397 97.680 -0.10926 0.81028 -3.884 0.53515 10.0000 16.28 0.7638 1.0039 1.350101 
917.9326 17.786 79.983 0.07842 0.44398 1.065 0.63040 10.0000 16.12 0.5801 0.6581 1.350689 
917.5325 71.934 134.898 -0.71408 0.71662 1.494 -1.38570 10.0000 15.95 0.9406 1.1313 1.351278 
917.1323 79.381 138.240 -0.51021 0.45554 1.244 -1.75988 10.0000 16.08 1.2410 1.5580 1.351868 
916.7321 73.878 123.062 -0.24788 0.38080 3.454 -0.72031 10.0000 16.23 1.5206 1.9568 1.352458 
916.3317 72.894 128.552 -0.11365 0.14261 65.569 -0.26822 10.0000 16.39 1.6556 2.1551 1.353049 
915.9313 7.194 205.728 -0.00930 -0.00448 1.556 0.04023 10.0000 16.37 1.6680 2.1900 1.353641 
915.5308 14.352 308.813 0.11462 -0.14249 1.774 0.33394 10.0000 16.49 1.5858 2.0404 1.354233 
915.1302 9.288 328.187 0.32284 -0.20027 1.020 1.13049 10.0000 16.69 1.3622 1.6850 1.354826 
914.7295 78.775 141.376 -1.49629 1.19550 -0.001 -4.63509 10.0000 16.55 1.0546 1.2477 1.355419 
914.3287 72.294 126.681 -0.29284 0.39314 -0.002 -0.68952 10.0000 16.53 1.0871 1.2962 1.356013 
913.9279 78.425 132.157 -0.38928 0.42996 -0.006 -1.35656 10.0000 16.57 0.7726 0.8882 1.356608 
913.5270 34.295 117.850 -0.11245 0.21283 -0.013 0.09438 10.0000 16.62 0.5452 0.6017 1.357203 
913.1259 7.229 69.602 0.07729 0.20786 0.806 0.86011 10.0000 16.79 0.8002 0.9072 1.357799 
912.7249 9.090 64.753 0.12135 0.25733 0.000 0.86638 10.0000 16.47 0.7838 0.8671 1.358396 
912.3237 9.452 64.610 0.11590 0.24420 0.958 0.78934 10.0000 16.70 0.7305 0.8265 1.358993 
911.9224 9.495 60.611 0.12859 0.22832 -0.165 0.76142 10.0000 17.11 0.6768 0.7533 1.359591 
911.5211 22.864 79.803 0.04360 0.24239 -0.155 0.24010 10.0000 17.20 0.6019 0.8630 1.360190 
911.1196 6.555 280.339 0.03917 -0.21471 0.115 0.93708 10.0000 17.28 0.6543 0.8234 1.360789 
910.7181 18.995 247.918 -0.38281 -0.94360 0.036 1.30384 10.0000 17.18 0.8874 1.1393 1.361389 
910.3165 3.224 248.579 -0.05111 -0.13027 0.059 1.23826 10.0000 17.25 1.3293 1.7887 1.361990 
909.9149 5.926 85.433 0.02748 0.34401 -0.039 1.64455 10.0000 17.11 1.8409 2.4553 1.362591 
909.5131 31.201 14.499 2.47149 0.63914 0.124 1.33441 10.0000 16.90 1.9901 2.7637 1.363193 
909.1113 38.338 10.437 4.33963 0.79936 0.025 1.04499 10.0000 17.18 2.5220 3.2522 1.363795 
908.7093 41.208 9.137 5.01266 0.80620 0.004 0.67605 10.0000 17.27 2.9875 3.6146 1.364399 
908.3073 42.908 4.010 5.16373 0.36200 0.005 0.37873 10.0000 17.02 3.3186 3.7675 1.365003 
907.9052 45.600 7.787 5.31670 0.72710 0.001 -0.11248 10.0000 17.22 3.2146 3.5471 1.365607 
907.5031 56.422 10.205 5.56655 1.00205 -0.937 -2.38270 10.0000 17.27 3.2274 3.5196 1.366212 
907.1008 39.553 13.214 3.39922 0.79817 -0.002 0.67204 10.0000 17.17 2.3583 2.5783 1.366818 
906.6984 23.731 20.760 2.00813 0.76121 -0.003 1.97046 10.0000 17.22 2.1741 2.3502 1.367425 
906.2960 9.090 61.175 0.44637 0.81112 -0.033 2.81939 10.0000 17.22 2.5557 2.6539 1.368032 
905.8935 7.817 103.132 -0.25596 1.09713 -0.354 4.02566 10.0000 17.42 3.0537 3.2372 1.368640 
905.4909 9.955 60.511 0.76266 1.34863 0.007 4.27760 10.0000 17.33 2.8322 2.9695 1.369248 
905.0883 10.546 63.706 0.60299 1.22041 5.278 3.52910 10.0000 17.36 2.6564 2.7844 1.369857 
904.6855 12.822 61.274 1.20080 2.19092 0.581 5.20418 10.0000 17.86 2.1169 2.2986 1.370467 
904.2826 8.921 103.089 -0.10718 0.46098 -0.005 1.47040 10.0000 17.65 1.7507 1.8159 1.371078 
903.8797 21.496 175.563 -0.59047 0.04581 -0.002 0.63527 10.0000 18.04 2.0133 2.1440 1.371689 
903.4767 54.855 133.602 -0.26439 0.27762 1.074 -0.13734 10.0000 17.94 1.8091 2.2179 1.372301 
903.0736 28.219 133.033 -0.26650 0.28545 0.124 0.25909 10.0000 17.91 2.0181 2.5087 1.372913 
902.6704 34.546 130.583 -0.29073 0.33940 0.010 0.17072 10.0000 18.01 1.9936 2.6132 1.373527 
902.2672 42.232 127.046 -0.31136 0.41250 0.023 0.05009 10.0000 18.05 1.7438 2.4651 1.374140 
901.8638 49.707 126.282 -0.32815 0.44702 8.748 -0.09195 10.0000 18.09 1.3138 2.0330 1.374755 
901.4604 54.580 126.372 -0.35004 0.47526 -0.024 -0.20508 10.0000 17.99 0.9894 1.8033 1.375370 
901.0569 79.057 196.603 -0.10819 -0.03226 -0.020 -0.28105 10.0000 18.19 0.7130 1.1766 1.375986 
900.6533 64.773 245.886 -0.52595 -1.17501 -0.835 -1.06291 10.0000 18.06 1.1897 1.9371 1.376603 
900.2496 35.187 75.491 0.10859 0.41962 -0.202 0.15456 10.0000 18.27 0.5944 1.3368 1.377220 
899.8458 28.952 52.384 1.31387 1.70511 0.137 1.35016 10.0000 17.87 1.0798 2.0178 1.377838 
899.4420 30.628 32.900 21.70959 14.04454 0.170 14.18129 10.0000 18.19 1.3587 2.8122 1.378457 
899.0380 59.928 209.626 -9.72548 -5.53078 -0.263 -6.42208 10.0000 18.39 1.6398 3.3723 1.379076 
898.6340 60.884 207.078 -5.95493 -3.04441 0.090 -4.14150 10.0000 18.36 1.7560 3.5856 1.379696 
898.2299 62.103 188.704 -5.53305 -0.84705 -0.536 -3.80490 10.0000 18.27 1.6079 3.4356 1.380317 
897.8257 64.385 214.348 -311.24939 -212.70570 -0.472 -302.77417 10.0000 18.63 1.4364 2.8638 1.380938 
897.4214 27.129 72.311 0.67411 2.11366 0.148 1.59664 10.0000 18.87 1.3420 2.1445 1.381560 
897.0171 33.074 105.772 -0.33757 1.19517 0.016 0.54909 10.0000 18.64 1.3852 1.7269 1.382183 
896.6127 40.550 134.029 -0.72530 0.75030 0.013 0.16343 10.0000 18.52 1.7121 2.4646 1.382807 
896.2081 36.269 111.456 -0.50896 1.29495 0.007 0.43771 10.0000 18.66 1.6397 1.9101 1.383431 
895.8035 34.440 109.307 -0.43011 1.22770 0.014 0.50247 10.0000 18.63 1.6731 2.0297 1.384056 
895.3989 33.949 106.887 -0.35169 1.15848 0.005 0.49168 10.0000 18.69 1.3874 1.9358 1.384681 
894.9941 31.015 107.248 -0.27918 0.89922 16.278 0.50001 10.0000 18.99 1.1761 1.8883 1.385307 
894.5892 22.189 114.672 -0.21977 0.47843 0.896 0.53806 10.0000 19.21 0.8630 1.7484 1.385934 
894.1843 10.309 224.260 -0.17568 -0.17121 0.000 0.65203 10.0000 18.88 0.7953 1.5993 1.386562 
893.7792 10.272 122.759 -0.14099 0.21912 0.003 0.69529 10.0000 18.95 0.8088 1.7008 1.387190 
893.3741 7.180 70.233 0.06483 0.18040 1.030 0.74874 10.0000 18.84 0.7686 1.5138 1.387819 
892.9689 6.892 12.802 0.19516 0.04435 -4.912 0.81579 10.0000 19.20 0.6705 1.1176 1.388449 
892.5637 10.690 335.186 0.24781 -0.11458 -0.578 0.69739 10.0000 19.12 0.5918 0.7212 1.389079 
892.1583 14.955 301.779 0.20419 -0.32959 0.212 0.67399 10.0000 19.53 0.5789 0.7599 1.389711 
891.7528 6.778 336.644 0.15104 -0.06522 0.417 0.68233 10.0000 19.11 0.5985 0.7870 1.390343 
891.3473 5.391 6.884 0.09994 0.01207 -0.296 0.52862 10.0000 19.52 0.5830 0.8235 1.390975 
890.9417 9.246 73.502 0.03567 0.12043 0.820 0.37559 10.0000 19.33 0.5990 0.8289 1.391608 
890.5359 10.464 96.647 -0.01902 0.16322 0.000 0.42968 10.0000 19.32 0.5833 0.7832 1.392242 
890.1302 12.525 116.151 -0.07034 0.14325 0.032 0.34147 10.0000 19.72 0.5476 0.6966 1.392877 
889.7243 18.063 160.960 -0.15227 0.05255 0.000 0.22069 10.0000 19.36 0.5238 0.7056 1.393512 
889.3184 7.786 22.448 0.06254 0.02584 0.000 0.24279 10.0000 19.49 0.5197 0.5555 1.394148 
888.9123 15.936 19.584 0.18753 0.06672 0.921 0.32013 10.0000 19.62 0.5328 0.5703 1.394785 
888.5062 16.132 24.298 0.14280 0.06447 -1.472 0.24818 10.0000 20.04 0.5334 0.6899 1.395423 
888.1000 15.740 88.400 0.00891 0.31907 -63.411 0.52128 10.0000 19.52 0.6707 0.7662 1.396061 
887.6937 18.371 88.687 0.00927 0.40432 0.955 0.54177 10.0000 19.83 0.7678 0.8899 1.396700 
887.2873 18.875 90.728 -0.00542 0.42701 -498.055 0.55155 10.0000 20.11 0.7991 0.9317 1.397340 
886.8808 20.607 93.709 -0.03042 0.46928 1.026 0.53693 10.0000 19.74 0.8526 0.9490 1.397980 
886.4743 14.769 98.110 -0.05181 0.36357 1.305 0.64810 10.0000 19.93 0.7211 0.8195 1.398621 
886.0676 18.062 106.139 -0.10507 0.36311 1.062 0.51791 10.0000 19.86 0.6727 0.7359 1.399263 
885.6609 19.315 115.584 -0.16629 0.34732 0.867 0.48187 10.0000 19.97 0.6407 0.6809 1.399906 
885.2541 17.541 103.655 -0.08916 0.36700 0.047 0.53771 10.0000 20.18 0.6294 0.6854 1.400549 
884.8472 17.626 101.597 -0.06879 0.33519 0.008 0.48413 10.0000 20.10 0.5864 0.6401 1.401193 
884.4402 18.557 98.267 -0.04291 0.29535 95.601 0.39443 10.0000 20.37 0.5528 0.6026 1.401838 
884.0332 22.090 100.379 -0.08240 0.44990 0.905 0.47067 10.0000 20.44 0.6253 0.6640 1.402483 
883.6260 22.673 98.033 -0.06350 0.44993 0.000 0.44892 10.0000 20.38 0.6166 0.6451 1.403130 
883.2188 31.809 97.092 -0.05944 0.47770 0.000 0.23877 10.0000 20.67 0.5950 0.6098 1.403777 
882.8115 31.650 73.546 0.10621 0.35961 0.000 0.18859 10.0000 20.38 0.6426 0.7132 1.404424 
882.4041 14.684 146.867 -0.15604 0.10185 0.032 0.33112 10.0000 20.50 0.5314 0.5420 1.405073 
881.9966 16.850 179.615 -0.25756 0.00173 0.023 0.38620 10.0000 20.44 0.5367 0.6307 1.405722 
881.5890 20.932 214.590 -0.24425 -0.16843 0.018 0.33109 10.0000 20.67 0.5317 0.7397 1.406372 
881.1813 25.474 236.307 -0.20858 -0.31284 0.014 0.30505 10.0000 20.50 0.5480 0.8473 1.407023 
880.7736 30.262 220.826 -0.75972 -0.65637 0.290 0.56747 10.0000 20.93 0.6371 0.8979 1.407674 
880.3658 38.243 203.401 -1.72148 -0.74499 -0.009 0.45084 10.0000 20.45 0.6745 0.9855 1.408326 
879.9579 46.046 238.516 -5.52871 -9.02772 -0.016 -0.38656 10.0000 20.71 1.0683 1.2877 1.408979 
879.5499 41.787 154.625 -1.50102 0.71192 0.014 0.18709 10.0000 20.73 0.6916 0.9792 1.409632 
879.1418 38.309 114.149 -0.77476 1.72804 0.091 0.45056 10.0000 20.89 1.2940 1.5707 1.410287 
878.7336 39.077 105.325 -0.39772 1.45134 -0.004 0.31563 10.0000 20.85 1.9778 2.1210 1.410942 
878.3253 38.714 102.338 -0.40199 1.83778 -0.207 0.41951 10.0000 21.19 2.2392 2.6688 1.411598 
877.9170 37.802 101.499 -0.40912 2.01103 1.083 0.52677 10.0000 21.08 2.3587 2.9705 1.412254 
877.5085 36.763 101.810 -0.43210 2.06652 215.161 0.62430 10.0000 21.19 2.2387 2.9937 1.412912 
877.1000 34.636 104.466 -0.50127 1.94301 1.263 0.75938 10.0000 21.41 1.8632 2.6923 1.413570 
876.6915 31.534 113.174 -0.65437 1.52870 0.993 0.84479 10.0000 21.30 1.2696 2.1394 1.414228 
876.2828 28.989 142.101 -1.08100 0.84151 0.028 0.85673 10.0000 21.32 0.7615 1.3598 1.414888 
875.8740 37.606 241.575 -2.16983 -4.00880 0.129 1.20338 10.0000 21.79 0.9667 1.2168 1.415548 
875.4651 22.854 148.375 -0.54485 0.33552 0.027 0.62423 10.0000 21.67 0.7353 1.8065 1.416209 
875.0562 18.076 168.314 -0.43697 0.09038 0.126 0.61076 10.0000 21.62 0.6619 0.8600 1.416871 
874.6472 6.869 257.623 -0.01483 -0.06756 2.899 0.28293 10.0000 21.37 0.5986 1.9853 1.417534 
874.2380 27.010 348.733 0.67740 -0.13496 0.000 0.50145 10.0000 21.75 0.6692 2.5432 1.418197 
873.8289 3.936 271.213 0.00251 -0.11854 0.884 0.85753 10.0000 21.46 0.6494 3.0306 1.418861 
873.4196 7.491 138.533 -0.09705 0.08577 0.929 0.48399 10.0000 22.12 0.5856 3.1673 1.419526 
873.0102 10.031 138.969 -0.12918 0.11241 0.135 0.46889 10.0000 21.94 0.5869 2.9982 1.420192 
872.6007 12.726 129.578 -0.12349 0.14939 -0.047 0.40720 10.0000 21.66 0.5652 2.4580 1.420858 
872.1912 17.372 111.804 -0.11231 0.28074 -0.080 0.43598 10.0000 22.04 0.5794 1.7333 1.421525 
871.7816 14.582 113.970 -0.12629 0.28405 -0.034 0.55703 10.0000 21.63 0.6898 0.7992 1.422193 
871.3718 15.940 110.432 -0.12428 0.33361 1.050 0.57240 10.0000 22.47 0.8445 1.6888 1.422862 
870.9620 15.974 115.733 -0.11431 0.23717 -0.086 0.42219 10.0000 22.30 0.6222 0.6945 1.423532 
870.5521 15.127 123.114 -0.11413 0.17498 1.037 0.35818 10.0000 22.39 0.5884 0.6995 1.424202 
870.1422 13.414 123.459 -0.10886 0.16473 0.972 0.39041 10.0000 22.51 0.5743 0.6682 1.424873 
869.7321 17.520 115.733 -0.12485 0.25903 0.021 0.41005 10.0000 22.27 0.5946 0.6826 1.425545 
869.3219 21.409 111.794 -0.13147 0.32879 0.887 0.38216 10.0000 22.35 0.6467 0.7160 1.426217 
868.9117 22.442 107.674 -0.13132 0.41214 0.990 0.43430 10.0000 22.58 0.7100 0.7454 1.426891 
868.5013 22.045 105.827 -0.12186 0.42986 -0.008 0.46123 10.0000 22.71 0.7932 0.8038 1.427565 
868.0909 22.281 103.757 -0.11374 0.46456 0.854 0.48564 10.0000 22.67 0.9304 0.9486 1.428240 
867.6805 22.786 104.563 -0.12576 0.48407 -0.012 0.49027 10.0000 22.81 0.9097 0.9176 1.428915 
867.2699 23.649 102.331 -0.11075 0.50661 0.958 0.47857 10.0000 22.92 0.8004 0.8055 1.429592 
866.8592 23.504 101.474 -0.10209 0.50292 0.960 0.47841 10.0000 23.12 0.7583 0.7618 1.430269 
866.4485 20.997 100.042 -0.08327 0.47023 -0.157 0.53049 10.0000 22.87 0.7045 0.7078 1.430947 
866.0376 20.856 97.818 -0.06420 0.46760 0.829 0.52954 10.0000 22.92 0.6881 0.6977 1.431626 
865.6267 20.224 99.912 -0.08372 0.47906 0.867 0.57048 10.0000 23.64 0.7042 0.7069 1.432306 
865.2157 19.832 100.877 -0.08657 0.45053 -0.010 0.55329 10.0000 23.00 0.6824 0.6949 1.432986 
864.8046 21.001 101.806 -0.09869 0.47220 0.868 0.53574 10.0000 23.15 0.7058 0.7314 1.433667 
864.3934 20.484 103.073 -0.10627 0.45767 0.859 0.54112 10.0000 23.32 0.7071 0.7464 1.434349 
863.9821 22.024 106.991 -0.15249 0.49906 0.973 0.53949 10.0000 23.16 0.7309 0.7859 1.435032 
863.5707 19.952 105.175 -0.12493 0.46061 -2.007 0.57072 10.0000 23.52 0.7346 0.7733 1.435716 
863.1593 15.708 104.740 -0.08979 0.34127 0.944 0.57775 10.0000 23.59 0.6580 0.6828 1.436400 
862.7477 16.162 101.531 -0.07840 0.38429 0.859 0.61985 10.0000 23.83 0.7094 0.7188 1.437085 
862.3361 15.682 98.600 -0.05816 0.38456 -0.004 0.63805 10.0000 23.53 0.7197 0.7273 1.437771 
861.9244 16.644 96.893 -0.04765 0.39414 0.881 0.60466 10.0000 23.80 0.7328 0.7567 1.438458 
861.5126 16.306 99.273 -0.06601 0.40425 -1.123 0.64020 10.0000 23.79 0.7428 0.7600 1.439145 
861.1008 13.648 100.458 -0.05715 0.30961 0.855 0.61010 10.0000 23.94 0.6788 0.6854 1.439834 
860.6888 12.417 101.965 -0.05986 0.28245 0.846 0.62389 10.0000 24.11 0.6575 0.6669 1.440523 
860.2767 13.016 102.674 -0.06580 0.29262 0.848 0.61407 10.0000 23.77 0.6460 0.6655 1.441213 
859.8646 14.934 100.656 -0.06073 0.32276 -0.002 0.57189 10.0000 23.93 0.6293 0.6592 1.441904 
859.4523 12.675 105.566 -0.08119 0.29146 0.851 0.63864 10.0000 24.13 0.6430 0.6710 1.442595 
859.0400 13.171 105.265 -0.08668 0.31764 3.404 0.66495 10.0000 24.19 0.6533 0.6767 1.443288 
858.6276 12.718 106.180 -0.09692 0.33403 0.834 0.73128 10.0000 24.60 0.6613 0.6770 1.443981 
858.2151 14.833 104.801 -0.10056 0.38055 0.855 0.69102 10.0000 24.74 0.6894 0.6960 1.444675 
857.8026 19.494 101.346 -0.09326 0.46480 0.893 0.58568 10.0000 24.31 0.7473 0.7507 1.445370 
857.3899 21.266 99.870 -0.08959 0.51491 0.864 0.56973 10.0000 24.57 0.7966 0.8082 1.446065 
856.9771 21.767 100.221 -0.08864 0.49165 0.856 0.52581 10.0000 23.96 0.8080 0.8122 1.446762 
856.5643 21.749 100.505 -0.08970 0.48373 0.844 0.51847 10.0000 24.47 0.8093 0.8136 1.447459 
856.1514 23.169 99.918 -0.08759 0.50094 0.001 0.48532 10.0000 24.90 0.8306 0.8352 1.448157 
855.7383 23.327 100.005 -0.08521 0.48298 0.909 0.46292 10.0000 24.99 0.8215 0.8262 1.448856 
855.3253 24.359 99.530 -0.08459 0.50386 0.882 0.44858 10.0000 24.85 0.8448 0.8499 1.449556 
854.9120 23.638 99.583 -0.08818 0.52232 1.055 0.48921 10.0000 24.61 0.8410 0.8441 1.450257 
854.4988 21.076 101.320 -0.09830 0.49106 0.900 0.55322 10.0000 24.72 0.7885 0.7907 1.450958 
854.0854 21.190 101.476 -0.10092 0.49709 0.920 0.55590 10.0000 24.70 0.7956 0.7989 1.451660 
853.6719 21.516 101.024 -0.10057 0.51621 0.928 0.56333 10.0000 25.08 0.8148 0.8184 1.452364 
853.2584 20.262 101.131 -0.09891 0.50270 0.870 0.59935 10.0000 24.99 0.7877 0.7904 1.453067 
852.8448 19.854 101.894 -0.10421 0.49480 0.832 0.60891 10.0000 25.09 0.7764 0.7786 1.453772 
852.4311 19.514 103.037 -0.10835 0.46792 0.951 0.59251 10.0000 24.83 0.7543 0.7562 1.454478 
852.0173 22.547 101.964 -0.10658 0.50298 0.869 0.51246 10.0000 25.21 0.7709 0.7725 1.455184 
851.6034 20.723 102.170 -0.10383 0.48145 0.856 0.55775 10.0000 25.01 0.7710 0.7726 1.455891 
851.1894 21.550 101.650 -0.10247 0.49700 0.853 0.54226 10.0000 25.03 0.7758 0.7776 1.456599 
850.7753 22.462 100.401 -0.09858 0.53706 0.903 0.54750 10.0000 25.19 0.7952 0.7968 1.457308 
850.3612 20.428 101.595 -0.10239 0.49901 0.967 0.58900 10.0000 25.37 0.7645 0.7658 1.458018 
849.9470 20.465 101.314 -0.10178 0.50874 0.819 0.59833 10.0000 25.25 0.7702 0.7720 1.458728 
849.5326 21.357 100.295 -0.09819 0.54054 0.945 0.59506 10.0000 25.15 0.7973 0.7989 1.459440 
849.1182 21.987 99.662 -0.09333 0.54822 0.838 0.57637 10.0000 25.51 0.8148 0.8160 1.460152 
848.7037 21.185 99.719 -0.09641 0.56289 0.839 0.62606 10.0000 25.51 0.8108 0.8124 1.460865 
848.2891 20.657 99.790 -0.09394 0.54442 0.888 0.62855 10.0000 25.50 0.8226 0.8241 1.461579 
847.8744 19.661 100.045 -0.09391 0.53013 0.850 0.65728 10.0000 25.99 0.8248 0.8261 1.462294 
847.4597 21.059 99.878 -0.09306 0.53443 0.844 0.59998 10.0000 25.89 0.8065 0.8075 1.463010 
847.0448 20.909 100.072 -0.09664 0.54407 0.837 0.61763 10.0000 26.20 0.7916 0.7929 1.463726 
846.6298 21.255 100.096 -0.09871 0.55440 0.854 0.61432 10.0000 26.41 0.7790 0.7804 1.464444 
846.2148 22.451 100.050 -0.10020 0.56537 0.833 0.57614 10.0000 25.93 0.7623 0.7635 1.465162 
845.7997 21.901 100.250 -0.10372 0.57359 0.850 0.60781 10.0000 26.27 0.7538 0.7554 1.465881 
845.3845 21.918 100.043 -0.10203 0.57606 0.849 0.60930 10.0000 26.19 0.7683 0.7697 1.466601 
844.9692 21.086 100.237 -0.10011 0.55433 0.854 0.62185 10.0000 26.29 0.7768 0.7783 1.467322 
844.5538 20.155 100.348 -0.09989 0.54707 0.870 0.65551 10.0000 26.07 0.7857 0.7876 1.468044 
844.1383 20.487 99.977 -0.09753 0.55446 0.824 0.64821 10.0000 26.18 0.7988 0.8008 1.468766 
843.7227 20.666 99.579 -0.09722 0.57610 0.849 0.66429 10.0000 26.66 0.8080 0.8102 1.469490 
843.3071 21.388 99.407 -0.09539 0.57578 0.799 0.63078 10.0000 26.61 0.8111 0.8133 1.470214 
842.8914 20.999 99.495 -0.09709 0.58055 0.856 0.65378 10.0000 26.65 0.8131 0.8153 1.470939 
842.4755 20.969 99.377 -0.09586 0.58053 0.834 0.65491 10.0000 26.67 0.8201 0.8224 1.471665 
842.0596 20.962 99.411 -0.09675 0.58374 0.842 0.65889 10.0000 26.82 0.8098 0.8122 1.472392 
841.6436 20.997 99.251 -0.09544 0.58597 0.827 0.65948 10.0000 27.01 0.8148 0.8172 1.473120 
841.2275 21.041 98.923 -0.09273 0.59064 0.815 0.66210 10.0000 26.97 0.8387 0.8409 1.473849 
840.8113 21.096 98.672 -0.08917 0.58466 0.813 0.65244 10.0000 27.26 0.8562 0.8589 1.474578 
840.3951 20.939 98.698 -0.08850 0.57842 0.816 0.65265 10.0000 27.22 0.8539 0.8564 1.475308 
839.9787 20.824 98.568 -0.08719 0.57871 0.837 0.65804 10.0000 27.18 0.8556 0.8579 1.476040 
839.5623 20.933 98.177 -0.08444 0.58764 0.831 0.66244 10.0000 27.57 0.8698 0.8720 1.476772 
839.1457 21.335 98.313 -0.08609 0.58923 0.879 0.64601 10.0000 27.49 0.8698 0.8722 1.477505 
838.7291 21.381 98.360 -0.08620 0.58656 0.832 0.64107 10.0000 27.35 0.8683 0.8708 1.478239 
838.3124 21.531 98.297 -0.08636 0.59223 0.828 0.64042 10.0000 27.69 0.8690 0.8719 1.478974 
837.8956 21.612 98.124 -0.08495 0.59508 0.830 0.63960 10.0000 27.87 0.8698 0.8727 1.479709 
837.4787 21.611 98.058 -0.08534 0.60277 0.839 0.64779 10.0000 27.87 0.8643 0.8670 1.480446 
837.0617 21.678 98.113 -0.08598 0.60316 0.906 0.64527 10.0000 27.67 0.8631 0.8659 1.481183 
836.6447 21.602 98.061 -0.08604 0.60754 0.846 0.65332 10.0000 27.97 0.8649 0.8677 1.481922 
836.2275 21.579 98.088 -0.08651 0.60880 0.840 0.65576 10.0000 28.33 0.8610 0.8637 1.482661 
835.8102 21.479 98.039 -0.08612 0.60975 0.834 0.66136 10.0000 28.50 0.8605 0.8632 1.483401 
835.3929 21.574 97.929 -0.08506 0.61075 0.832 0.65788 10.0000 28.38 0.8638 0.8666 1.484142 
834.9755 21.610 97.882 -0.08476 0.61230 0.827 0.65779 10.0000 28.49 0.8625 0.8652 1.484884 
834.5579 21.706 97.845 -0.08489 0.61612 0.826 0.65741 10.0000 28.58 0.8625 0.8652 1.485627 
834.1403 21.733 97.783 -0.08418 0.61585 0.836 0.65578 10.0000 28.67 0.8622 0.8650 1.486371 
833.7227 21.774 97.796 -0.08456 0.61762 0.815 0.65582 10.0000 28.53 0.8631 0.8657 1.487115 
833.3049 21.850 97.774 -0.08442 0.61841 0.832 0.65315 10.0000 28.95 0.8610 0.8635 1.487861 
832.8870 21.837 97.749 -0.08421 0.61886 0.817 0.65416 10.0000 28.71 0.8605 0.8629 1.488608 
832.4691 21.831 97.636 -0.08290 0.61835 0.835 0.65373 10.0000 29.18 0.8618 0.8641 1.489355 
832.0510 21.879 97.632 -0.08306 0.61983 0.850 0.65310 10.0000 29.43 0.8617 0.8640 1.490103 
831.6329 21.928 97.649 -0.08352 0.62192 0.854 0.65307 10.0000 29.09 0.8616 0.8638 1.490852 
831.2146 21.963 97.541 -0.08240 0.62240 0.829 0.65180 10.0000 29.66 0.8623 0.8645 1.491603 
830.7963 22.067 97.597 -0.08359 0.62672 0.845 0.65167 10.0000 29.57 0.8627 0.8649 1.492354 
830.3779 22.199 97.563 -0.08373 0.63060 0.833 0.64963 10.0000 29.73 0.8648 0.8669 1.493106 
829.9594 22.221 97.517 -0.08336 0.63172 0.824 0.64972 10.0000 30.57 0.8681 0.8702 1.493858 
829.5408 22.243 97.483 -0.08332 0.63432 0.836 0.65134 10.0000 30.14 0.8702 0.8724 1.494612 
829.1221 22.230 97.398 -0.08226 0.63357 0.823 0.65103 10.0000 29.78 0.8720 0.8742 1.495367 
828.7034 22.240 97.395 -0.08240 0.63491 0.841 0.65194 10.0000 30.30 0.8733 0.8755 1.496123 
828.2845 22.231 97.333 -0.08155 0.63368 0.854 0.65104 10.0000 30.55 0.8727 0.8749 1.496879 
827.8656 22.269 97.300 -0.08151 0.63627 0.824 0.65190 10.0000 29.74 0.8743 0.8765 1.497637 
827.4465 22.271 97.242 -0.08096 0.63709 0.845 0.65254 10.0000 30.50 0.8757 0.8779 1.498395 
827.0275 22.322 97.157 -0.08013 0.63809 0.840 0.65116 10.0000 30.65 0.8775 0.8796 1.499154 
826.6082 22.339 97.150 -0.08019 0.63921 0.829 0.65150 10.0000 30.53 0.8774 0.8795 1.499915 
826.1889 22.357 97.092 -0.07967 0.64039 0.855 0.65179 10.0000 30.90 0.8797 0.8818 1.500676 
825.7695 22.357 97.072 -0.07947 0.64062 0.857 0.65202 10.0000 31.33 0.8814 0.8836 1.501438 
825.3500 22.357 97.030 -0.07900 0.64067 0.848 0.65202 10.0000 31.07 0.8835 0.8857 1.502201 
824.9305 22.343 97.022 -0.07898 0.64124 0.828 0.65322 10.0000 30.84 0.8855 0.8876 1.502965 
824.5108 22.310 97.005 -0.07897 0.64264 0.825 0.65614 10.0000 31.07 0.8864 0.8885 1.503730 
824.0911 22.295 96.939 -0.07833 0.64362 0.831 0.65773 10.0000 31.20 0.8879 0.8900 1.504496 
823.6713 22.296 96.914 -0.07816 0.64455 0.847 0.65858 10.0000 31.35 0.8890 0.8910 1.505263 
823.2513 22.301 96.902 -0.07812 0.64536 0.842 0.65915 10.0000 31.16 0.8908 0.8928 1.506031 
822.8313 22.290 96.896 -0.07811 0.64587 0.841 0.66021 10.0000 31.34 0.8908 0.8928 1.506800 
822.4112 22.308 96.917 -0.07860 0.64791 0.843 0.66147 10.0000 31.61 0.8934 0.8954 1.507569 
821.9910 22.372 96.962 -0.07923 0.64890 0.828 0.65956 10.0000 31.43 0.8957 0.8977 1.508340 
821.5707 22.332 96.949 -0.07908 0.64883 0.835 0.66133 10.0000 31.93 0.8963 0.8983 1.509112 
821.1503 22.325 96.951 -0.07918 0.64949 0.844 0.66236 10.0000 32.41 0.8963 0.8982 1.509884 
820.7299 22.344 96.938 -0.07933 0.65199 0.856 0.66400 10.0000 32.45 0.8982 0.9002 1.510658 
820.3093 22.366 96.951 -0.07967 0.65348 0.832 0.66449 10.0000 32.25 0.9008 0.9027 1.511432 
819.8886 22.411 96.925 -0.07932 0.65314 0.833 0.66206 10.0000 32.20 0.9004 0.9023 1.512208 
819.4679 22.431 96.914 -0.07936 0.65440 0.830 0.66239 10.0000 32.95 0.9016 0.9035 1.512984 
819.0471 22.456 96.929 -0.07974 0.65613 0.838 0.66300 10.0000 32.55 0.9035 0.9055 1.513761 
818.6262 22.474 96.911 -0.07969 0.65749 0.839 0.66352 10.0000 33.29 0.9046 0.9065 1.514540 
818.2051 22.482 96.882 -0.07944 0.65819 0.831 0.66381 10.0000 32.87 0.9050 0.9069 1.515319 
817.7841 22.496 96.859 -0.07934 0.65959 0.814 0.66454 10.0000 32.81 0.9054 0.9072 1.516099 
817.3629 22.488 96.876 -0.07958 0.65996 0.828 0.66529 10.0000 33.16 0.9053 0.9072 1.516881 
816.9416 22.517 96.903 -0.08009 0.66154 0.829 0.66560 10.0000 32.87 0.9077 0.9096 1.517663 
816.5202 22.522 96.884 -0.08004 0.66295 0.833 0.66674 10.0000 33.23 0.9087 0.9105 1.518446 
816.0988 22.534 96.895 -0.08036 0.66453 0.830 0.66778 10.0000 33.65 0.9098 0.9117 1.519230 
815.6772 22.558 96.848 -0.08006 0.66661 0.832 0.66868 10.0000 33.77 0.9110 0.9128 1.520015 
815.2556 22.555 96.851 -0.08010 0.66676 0.831 0.66896 10.0000 33.56 0.9110 0.9128 1.520801 
814.8338 22.577 96.853 -0.08028 0.66807 0.821 0.66927 10.0000 33.51 0.9125 0.9143 1.521589 
814.4120 22.596 96.823 -0.08011 0.66951 0.831 0.66979 10.0000 34.01 0.9138 0.9155 1.522377 
813.9901 22.600 96.861 -0.08069 0.67065 0.827 0.67079 10.0000 34.42 0.9149 0.9167 1.523166 
813.5681 22.622 96.878 -0.08098 0.67132 0.827 0.67044 10.0000 34.10 0.9162 0.9180 1.523956 
813.1460 22.625 96.839 -0.08057 0.67174 0.824 0.67068 10.0000 34.19 0.9152 0.9170 1.524747 
812.7238 22.621 96.851 -0.08076 0.67217 0.842 0.67131 10.0000 34.55 0.9154 0.9172 1.525539 
812.3015 22.665 96.804 -0.08055 0.67507 0.840 0.67205 10.0000 34.71 0.9186 0.9203 1.526332 
811.8792 22.625 96.850 -0.08099 0.67414 0.830 0.67309 10.0000 35.25 0.9177 0.9195 1.527126 
811.4567 22.639 96.851 -0.08108 0.67484 0.828 0.67314 10.0000 35.31 0.9192 0.9209 1.527921 
811.0341 22.658 96.844 -0.08101 0.67497 0.821 0.67237 10.0000 34.64 0.9190 0.9207 1.528717 
810.6115 22.661 96.909 -0.08190 0.67591 0.833 0.67324 10.0000 34.96 0.9201 0.9219 1.529514 
810.1888 22.667 96.873 -0.08155 0.67656 0.815 0.67357 10.0000 34.48 0.9197 0.9214 1.530312 
809.7659 22.692 96.832 -0.08117 0.67747 0.826 0.67325 10.0000 35.34 0.9201 0.9218 1.531111 
809.3430 22.711 96.803 -0.08090 0.67814 0.821 0.67298 10.0000 35.65 0.9199 0.9216 1.531912 
808.9200 22.733 96.731 -0.08015 0.67912 0.833 0.67280 10.0000 35.35 0.9207 0.9224 1.532713 
808.4969 22.757 96.670 -0.07949 0.67975 0.830 0.67219 10.0000 35.87 0.9208 0.9226 1.533515 
808.0737 22.771 96.640 -0.07913 0.67975 0.839 0.67152 10.0000 35.74 0.9203 0.9220 1.534318 
807.6505 22.782 96.650 -0.07933 0.68043 0.838 0.67168 10.0000 35.97 0.9211 0.9228 1.535122 
807.2271 22.786 96.633 -0.07916 0.68066 0.831 0.67172 10.0000 36.01 0.9206 0.9223 1.535927 
806.8036 22.820 96.577 -0.07860 0.68175 0.833 0.67110 10.0000 36.63 0.9205 0.9221 1.536733 
806.3801 22.849 96.555 -0.07841 0.68233 0.829 0.67027 10.0000 35.95 0.9202 0.9218 1.537540 
805.9564 22.879 96.511 -0.07796 0.68307 0.824 0.66954 10.0000 36.65 0.9205 0.9221 1.538349 
805.5327 22.901 96.479 -0.07763 0.68352 0.829 0.66893 10.0000 36.53 0.9212 0.9228 1.539158 
805.1089 22.933 96.427 -0.07707 0.68412 0.824 0.66796 10.0000 36.35 0.9213 0.9229 1.539968 
804.6850 22.956 96.421 -0.07711 0.68514 0.832 0.66784 10.0000 36.77 0.9230 0.9246 1.540779 
804.2610 22.965 96.393 -0.07680 0.68537 0.832 0.66762 10.0000 37.20 0.9225 0.9241 1.541591 
803.8369 22.990 96.366 -0.07655 0.68610 0.825 0.66711 10.0000 36.65 0.9230 0.9246 1.542405 
803.4127 23.026 96.343 -0.07633 0.68666 0.833 0.66599 10.0000 36.92 0.9240 0.9257 1.543219 
802.9884 23.044 96.334 -0.07628 0.68716 0.838 0.66563 10.0000 37.04 0.9244 0.9260 1.544035 
802.5640 23.063 96.329 -0.07632 0.68803 0.827 0.66558 10.0000 36.95 0.9254 0.9271 1.544851 
802.1396 23.067 96.321 -0.07622 0.68809 0.834 0.66544 10.0000 37.85 0.9244 0.9261 1.545669 
801.7150 23.077 96.337 -0.07645 0.68846 0.838 0.66535 10.0000 38.02 0.9249 0.9265 1.546487 
801.2903 23.106 96.307 -0.07617 0.68921 0.832 0.66466 10.0000 38.00 0.9252 0.9268 1.547307 
800.8657 23.114 96.323 -0.07636 0.68916 0.831 0.66429 10.0000 37.54 0.9255 0.9271 1.548127 
800.4408 23.107 96.306 -0.07610 0.68862 0.833 0.66407 10.0000 37.13 0.9244 0.9260 1.548949 
800.0159 23.122 96.314 -0.07625 0.68908 0.832 0.66381 10.0000 37.98 0.9244 0.9260 1.549772 
799.5909 23.138 96.266 -0.07570 0.68947 0.827 0.66339 10.0000 37.89 0.9234 0.9250 1.550595 
799.1658 23.153 96.258 -0.07570 0.69034 0.828 0.66349 10.0000 37.96 0.9243 0.9258 1.551420 
798.7406 23.175 96.216 -0.07532 0.69153 0.831 0.66358 10.0000 38.11 0.9250 0.9266 1.552246 
798.3153 23.207 96.217 -0.07543 0.69244 0.832 0.66300 10.0000 38.20 0.9260 0.9275 1.553073 
797.8899 23.243 96.178 -0.07511 0.69391 0.833 0.66266 10.0000 38.77 0.9273 0.9288 1.553901 
797.4644 23.254 96.182 -0.07524 0.69464 0.839 0.66286 10.0000 38.99 0.9276 0.9291 1.554730 
797.0389 23.281 96.147 -0.07497 0.69612 0.836 0.66298 10.0000 38.77 0.9282 0.9297 1.555560 
796.6132 23.297 96.120 -0.07474 0.69710 0.840 0.66313 10.0000 38.63 0.9291 0.9306 1.556391 
796.1875 23.304 96.097 -0.07444 0.69699 0.838 0.66268 10.0000 39.25 0.9288 0.9303 1.557224 
795.7617 23.327 96.069 -0.07419 0.69775 0.835 0.66232 10.0000 38.78 0.9286 0.9302 1.558057 
795.3357 23.354 96.033 -0.07381 0.69832 0.840 0.66154 10.0000 39.09 0.9296 0.9312 1.558891 
794.9097 23.381 95.999 -0.07348 0.69922 0.834 0.66113 10.0000 39.43 0.9306 0.9322 1.559727 
794.4836 23.399 95.949 -0.07290 0.69951 0.841 0.66048 10.0000 39.48 0.9301 0.9317 1.560563 
794.0574 23.413 95.964 -0.07314 0.70014 0.838 0.66043 10.0000 39.53 0.9311 0.9327 1.561401 
793.6310 23.431 95.948 -0.07307 0.70131 0.837 0.66068 10.0000 40.00 0.9315 0.9331 1.562240 
793.2047 23.452 95.905 -0.07261 0.70203 0.842 0.66035 10.0000 40.12 0.9319 0.9335 1.563079 
792.7782 23.463 95.894 -0.07250 0.70231 0.839 0.66011 10.0000 39.70 0.9314 0.9330 1.563920 
792.3516 23.477 95.891 -0.07252 0.70280 0.840 0.65992 10.0000 40.02 0.9314 0.9330 1.564762 
791.9249 23.477 95.886 -0.07247 0.70286 0.829 0.65998 10.0000 39.54 0.9308 0.9324 1.565605 
791.4982 23.512 95.854 -0.07215 0.70371 0.833 0.65911 10.0000 39.63 0.9309 0.9325 1.566449 
791.0714 23.526 95.842 -0.07207 0.70435 0.825 0.65907 10.0000 40.12 0.9316 0.9332 1.567295 
790.6444 23.543 95.834 -0.07205 0.70516 0.833 0.65902 10.0000 39.82 0.9325 0.9341 1.568141 
790.2173 23.560 95.819 -0.07186 0.70517 0.833 0.65822 10.0000 39.95 0.9328 0.9345 1.568989 
789.7902 23.582 95.790 -0.07159 0.70596 0.840 0.65791 10.0000 40.25 0.9327 0.9344 1.569837 
789.3630 23.600 95.770 -0.07139 0.70651 0.830 0.65755 10.0000 39.99 0.9329 0.9345 1.570687 
788.9357 23.623 95.771 -0.07149 0.70732 0.828 0.65728 10.0000 40.79 0.9335 0.9352 1.571537 
788.5083 23.632 95.756 -0.07134 0.70768 0.823 0.65715 10.0000 40.82 0.9329 0.9346 1.572389 
788.0807 23.637 95.770 -0.07155 0.70808 0.832 0.65733 10.0000 40.59 0.9334 0.9350 1.573242 
787.6532 23.655 95.758 -0.07151 0.70914 0.833 0.65746 10.0000 40.61 0.9341 0.9357 1.574096 
787.2255 23.657 95.764 -0.07157 0.70904 0.826 0.65730 10.0000 40.50 0.9335 0.9350 1.574951 
786.7977 23.663 95.714 -0.07096 0.70910 0.830 0.65703 10.0000 41.12 0.9326 0.9342 1.575808 
786.3699 23.677 95.703 -0.07090 0.70998 0.837 0.65718 10.0000 41.07 0.9331 0.9346 1.576665 
785.9419 23.691 95.703 -0.07096 0.71055 0.827 0.65706 10.0000 41.19 0.9342 0.9358 1.577524 
785.5139 23.703 95.692 -0.07090 0.71126 0.828 0.65712 10.0000 40.77 0.9348 0.9363 1.578383 
785.0857 23.713 95.675 -0.07074 0.71188 0.831 0.65721 10.0000 41.62 0.9341 0.9357 1.579244 
784.6575 23.735 95.638 -0.07034 0.71255 0.831 0.65680 10.0000 41.50 0.9343 0.9358 1.580106 
784.2291 23.740 95.637 -0.07035 0.71275 0.837 0.65673 10.0000 41.75 0.9345 0.9360 1.580969 
783.8007 23.748 95.618 -0.07014 0.71297 0.840 0.65656 10.0000 41.76 0.9344 0.9359 1.581833 
783.3722 23.762 95.605 -0.07002 0.71345 0.833 0.65636 10.0000 41.90 0.9346 0.9361 1.582698 
782.9435 23.790 95.576 -0.06971 0.71404 0.835 0.65555 10.0000 42.24 0.9350 0.9365 1.583565 
782.5148 23.807 95.578 -0.06982 0.71497 0.828 0.65562 10.0000 42.15 0.9362 0.9377 1.584433 
782.0861 23.808 95.603 -0.07015 0.71502 0.825 0.65567 10.0000 41.73 0.9365 0.9380 1.585301 
781.6572 23.806 95.611 -0.07027 0.71522 0.833 0.65595 10.0000 41.52 0.9366 0.9381 1.586171 
781.2282 23.817 95.606 -0.07024 0.71564 0.831 0.65584 10.0000 41.95 0.9368 0.9383 1.587042 
780.7991 23.831 95.611 -0.07035 0.71608 0.838 0.65560 10.0000 42.01 0.9372 0.9387 1.587914 
780.3699 23.846 95.608 -0.07038 0.71674 0.831 0.65549 10.0000 42.07 0.9379 0.9394 1.588788 
779.9407 23.857 95.610 -0.07040 0.71673 0.837 0.65499 10.0000 42.28 0.9382 0.9397 1.589662 
779.5113 23.863 95.619 -0.07054 0.71701 0.835 0.65498 10.0000 42.26 0.9381 0.9396 1.590537 
779.0818 23.893 95.597 -0.07032 0.71759 0.846 0.65412 10.0000 42.45 0.9384 0.9399 1.591414 
778.6523 23.922 95.567 -0.07004 0.71858 0.836 0.65364 10.0000 42.57 0.9388 0.9403 1.592292 
778.2227 23.948 95.546 -0.06984 0.71932 0.832 0.65312 10.0000 42.86 0.9392 0.9407 1.593171 
777.7930 23.962 95.546 -0.06987 0.71959 0.836 0.65270 10.0000 42.47 0.9399 0.9414 1.594051 
777.3632 23.985 95.549 -0.06999 0.72041 0.837 0.65240 10.0000 42.39 0.9403 0.9418 1.594933 
776.9332 24.008 95.534 -0.06984 0.72081 0.836 0.65168 10.0000 43.07 0.9407 0.9422 1.595815 
776.5032 24.028 95.520 -0.06972 0.72140 0.829 0.65128 10.0000 43.10 0.9411 0.9425 1.596699 
776.0731 24.041 95.514 -0.06967 0.72175 0.840 0.65101 10.0000 43.12 0.9410 0.9425 1.597584 
775.6429 24.058 95.472 -0.06919 0.72224 0.843 0.65061 10.0000 42.77 0.9409 0.9424 1.598470 
775.2126 24.075 95.466 -0.06911 0.72225 0.838 0.64985 10.0000 43.46 0.9407 0.9422 1.599357 
774.7822 24.097 95.453 -0.06899 0.72276 0.842 0.64928 10.0000 43.86 0.9413 0.9428 1.600246 
774.3517 24.106 95.480 -0.06939 0.72321 0.844 0.64931 10.0000 43.83 0.9415 0.9430 1.601135 
773.9212 24.124 95.467 -0.06928 0.72381 0.836 0.64901 10.0000 43.66 0.9419 0.9434 1.602026 
773.4905 24.139 95.474 -0.06941 0.72428 0.823 0.64878 10.0000 43.62 0.9423 0.9437 1.602918 
773.0598 24.162 95.474 -0.06949 0.72507 0.828 0.64843 10.0000 44.47 0.9425 0.9439 1.603811 
772.6289 24.188 95.459 -0.06935 0.72563 0.837 0.64774 10.0000 44.21 0.9429 0.9443 1.604706 
772.1980 24.215 95.430 -0.06903 0.72622 0.838 0.64701 10.0000 44.11 0.9433 0.9447 1.605601 
771.7669 24.224 95.429 -0.06903 0.72637 0.835 0.64672 10.0000 43.97 0.9435 0.9449 1.606498 
771.3358 24.230 95.428 -0.06904 0.72661 0.835 0.64666 10.0000 44.37 0.9439 0.9453 1.607396 
770.9046 24.247 95.417 -0.06896 0.72722 0.836 0.64641 10.0000 44.19 0.9445 0.9459 1.608295 
770.4733 24.265 95.416 -0.06899 0.72767 0.837 0.64601 10.0000 44.40 0.9452 0.9466 1.609195 
770.0419 24.282 95.424 -0.06914 0.72818 0.840 0.64571 10.0000 44.11 0.9457 0.9471 1.610097 
769.6104 24.305 95.426 -0.06924 0.72893 0.841 0.64532 10.0000 44.65 0.9461 0.9474 1.610999 
769.1787 24.320 95.431 -0.06936 0.72952 0.839 0.64515 10.0000 45.06 0.9460 0.9473 1.611904 
768.7471 24.326 95.441 -0.06946 0.72934 0.840 0.64472 10.0000 44.90 0.9460 0.9473 1.612809 
768.3152 24.354 95.450 -0.06969 0.73049 0.840 0.64448 10.0000 44.84 0.9468 0.9481 1.613715 
767.8834 24.378 95.428 -0.06950 0.73148 0.842 0.64424 10.0000 45.17 0.9469 0.9483 1.614623 
767.4514 24.401 95.392 -0.06910 0.73209 0.843 0.64369 10.0000 45.45 0.9472 0.9485 1.615531 
767.0193 24.419 95.383 -0.06901 0.73244 0.841 0.64316 10.0000 45.45 0.9470 0.9483 1.616442 
766.5872 24.442 95.357 -0.06874 0.73305 0.843 0.64266 10.0000 45.19 0.9472 0.9485 1.617353 
766.1549 24.460 95.334 -0.06845 0.73321 0.841 0.64195 10.0000 45.62 0.9470 0.9483 1.618265 
765.7225 24.477 95.354 -0.06874 0.73351 0.840 0.64147 10.0000 46.39 0.9468 0.9481 1.619179 
765.2901 24.498 95.357 -0.06881 0.73391 0.839 0.64087 10.0000 46.00 0.9471 0.9484 1.620094 
764.8575 24.518 95.370 -0.06905 0.73465 0.843 0.64061 10.0000 46.47 0.9474 0.9486 1.621010 
764.4249 24.535 95.364 -0.06905 0.73549 0.844 0.64056 10.0000 46.10 0.9479 0.9492 1.621928 
763.9922 24.557 95.369 -0.06920 0.73633 0.835 0.64032 10.0000 46.36 0.9485 0.9498 1.622846 
763.5593 24.588 95.355 -0.06909 0.73704 0.849 0.63955 10.0000 46.80 0.9489 0.9502 1.623766 
763.1264 24.608 95.371 -0.06930 0.73715 0.842 0.63874 10.0000 46.59 0.9488 0.9501 1.624687 
762.6934 24.624 95.348 -0.06907 0.73789 0.845 0.63862 10.0000 46.93 0.9490 0.9502 1.625610 
762.2603 24.638 95.344 -0.06904 0.73800 0.847 0.63809 10.0000 47.08 0.9488 0.9500 1.626533 
761.8271 24.655 95.336 -0.06898 0.73855 0.847 0.63781 10.0000 47.46 0.9490 0.9502 1.627458 
761.3938 24.673 95.327 -0.06886 0.73845 0.852 0.63687 10.0000 47.33 0.9490 0.9502 1.628385 
760.9604 24.696 95.301 -0.06856 0.73890 0.847 0.63620 10.0000 47.05 0.9489 0.9501 1.629312 
760.5269 24.719 95.306 -0.06868 0.73955 0.842 0.63576 10.0000 47.59 0.9491 0.9503 1.630241 
760.0933 24.745 95.300 -0.06869 0.74042 0.845 0.63534 10.0000 47.97 0.9499 0.9511 1.631171 
759.6597 24.770 95.280 -0.06849 0.74112 0.842 0.63479 10.0000 48.07 0.9503 0.9516 1.632102 
759.2259 24.789 95.291 -0.06866 0.74134 0.853 0.63414 10.0000 47.72 0.9506 0.9518 1.633034 
758.7921 24.808 95.299 -0.06881 0.74191 0.845 0.63379 10.0000 47.97 0.9510 0.9522 1.633968 
758.3581 24.834 95.272 -0.06850 0.74234 0.847 0.63292 10.0000 48.19 0.9509 0.9521 1.634903 
757.9240 24.847 95.262 -0.06836 0.74220 0.849 0.63225 10.0000 48.82 0.9504 0.9516 1.635839 
757.4899 24.866 95.256 -0.06831 0.74255 0.853 0.63165 10.0000 49.06 0.9507 0.9519 1.636777 
757.0556 24.886 95.257 -0.06833 0.74273 0.848 0.63093 10.0000 48.60 0.9506 0.9518 1.637716 
756.6213 24.912 95.253 -0.06836 0.74350 0.845 0.63040 10.0000 48.40 0.9509 0.9521 1.638656 
756.1868 24.939 95.230 -0.06811 0.74406 0.850 0.62966 10.0000 48.22 0.9509 0.9521 1.639597 
755.7523 24.949 95.246 -0.06836 0.74445 0.847 0.62959 10.0000 48.14 0.9510 0.9522 1.640540 
755.3177 24.970 95.251 -0.06848 0.74522 0.849 0.62928 10.0000 49.40 0.9514 0.9526 1.641484 
754.8830 24.987 95.261 -0.06863 0.74535 0.854 0.62867 10.0000 49.11 0.9512 0.9524 1.642429 
754.4482 24.997 95.268 -0.06873 0.74542 0.852 0.62828 10.0000 49.29 0.9512 0.9524 1.643376 
754.0132 25.013 95.282 -0.06895 0.74582 0.859 0.62789 10.0000 50.17 0.9513 0.9525 1.644324 
753.5782 25.029 95.276 -0.06894 0.74651 0.850 0.62777 10.0000 49.47 0.9514 0.9526 1.645273 
753.1431 25.045 95.274 -0.06894 0.74693 0.857 0.62743 10.0000 50.24 0.9516 0.9528 1.646223 
752.7079 25.060 95.283 -0.06911 0.74728 0.850 0.62704 10.0000 49.70 0.9517 0.9528 1.647175 
752.2726 25.081 95.284 -0.06915 0.74765 0.854 0.62640 10.0000 50.87 0.9516 0.9527 1.648129 
751.8373 25.095 95.285 -0.06915 0.74760 0.853 0.62574 10.0000 50.21 0.9511 0.9522 1.649083 
751.4018 25.122 95.253 -0.06879 0.74824 0.855 0.62507 10.0000 50.62 0.9514 0.9525 1.650039 
750.9662 25.141 95.253 -0.06883 0.74862 0.856 0.62453 10.0000 50.70 0.9519 0.9530 1.650996 
750.5306 25.157 95.263 -0.06897 0.74881 0.855 0.62400 10.0000 50.50 0.9521 0.9532 1.651954 
750.0948 25.174 95.249 -0.06882 0.74910 0.856 0.62347 10.0000 50.61 0.9516 0.9528 1.652914 
749.6589 25.195 95.248 -0.06885 0.74953 0.860 0.62290 10.0000 50.74 0.9517 0.9529 1.653875 
749.2230 25.209 95.250 -0.06888 0.74970 0.860 0.62243 10.0000 51.10 0.9518 0.9529 1.654837 
748.7869 25.221 95.257 -0.06900 0.75001 0.859 0.62215 10.0000 51.51 0.9517 0.9528 1.655801 
748.3508 25.244 95.248 -0.06895 0.75068 0.856 0.62167 10.0000 51.16 0.9519 0.9531 1.656766 
747.9146 25.259 95.266 -0.06925 0.75130 0.861 0.62156 10.0000 51.51 0.9524 0.9536 1.657732 
747.4782 25.273 95.287 -0.06955 0.75158 0.856 0.62120 10.0000 50.68 0.9526 0.9538 1.658700 
747.0417 25.287 95.289 -0.06963 0.75206 0.864 0.62094 10.0000 51.31 0.9527 0.9539 1.659669 
746.6052 25.302 95.281 -0.06954 0.75238 0.861 0.62056 10.0000 51.63 0.9526 0.9537 1.660639 
746.1686 25.324 95.261 -0.06935 0.75319 0.859 0.62021 10.0000 52.01 0.9529 0.9540 1.661611 
745.7319 25.351 95.236 -0.06909 0.75388 0.863 0.61960 10.0000 51.63 0.9531 0.9542 1.662584 
745.2950 25.372 95.233 -0.06911 0.75457 0.865 0.61920 10.0000 51.71 0.9534 0.9545 1.663559 
744.8582 25.394 95.217 -0.06894 0.75505 0.867 0.61863 10.0000 52.29 0.9534 0.9545 1.664534 
744.4211 25.406 95.227 -0.06911 0.75540 0.864 0.61842 10.0000 52.00 0.9534 0.9545 1.665512 
743.9841 25.420 95.236 -0.06930 0.75618 0.864 0.61842 10.0000 52.24 0.9538 0.9549 1.666490 
743.5468 25.441 95.220 -0.06911 0.75651 0.866 0.61775 10.0000 51.96 0.9537 0.9548 1.667470 
743.1096 25.458 95.224 -0.06920 0.75688 0.863 0.61733 10.0000 52.39 0.9538 0.9549 1.668451 
742.6722 25.472 95.242 -0.06947 0.75722 0.867 0.61698 10.0000 52.11 0.9541 0.9552 1.669434 
742.2347 25.484 95.248 -0.06956 0.75732 0.866 0.61655 10.0000 52.60 0.9539 0.9549 1.670418 
741.7971 25.498 95.236 -0.06944 0.75772 0.869 0.61623 10.0000 52.89 0.9537 0.9548 1.671403 
741.3594 25.511 95.232 -0.06939 0.75782 0.864 0.61574 10.0000 52.11 0.9536 0.9546 1.672390 
740.9216 25.521 95.246 -0.06961 0.75813 0.876 0.61556 10.0000 53.47 0.9537 0.9547 1.673378 
740.4838 25.535 95.250 -0.06969 0.75844 0.869 0.61521 10.0000 53.36 0.9536 0.9547 1.674367 
740.0458 25.546 95.266 -0.06993 0.75864 0.867 0.61493 10.0000 53.79 0.9536 0.9547 1.675358 
739.6077 25.554 95.287 -0.07022 0.75885 0.874 0.61475 10.0000 53.67 0.9537 0.9548 1.676351 
739.1696 25.572 95.283 -0.07022 0.75943 0.869 0.61445 10.0000 53.49 0.9538 0.9548 1.677344 
738.7313 25.585 95.291 -0.07036 0.75965 0.875 0.61403 10.0000 53.76 0.9537 0.9548 1.678339 
738.2930 25.602 95.282 -0.07025 0.75988 0.871 0.61346 10.0000 54.17 0.9535 0.9545 1.679336 
737.8545 25.614 95.286 -0.07034 0.76022 0.870 0.61324 10.0000 53.77 0.9534 0.9544 1.680334 
737.4160 25.632 95.286 -0.07038 0.76080 0.874 0.61289 10.0000 53.76 0.9536 0.9546 1.681333 
736.9773 25.644 95.293 -0.07048 0.76076 0.871 0.61238 10.0000 53.35 0.9534 0.9544 1.682334 
736.5386 25.656 95.292 -0.07047 0.76088 0.877 0.61191 10.0000 53.66 0.9533 0.9543 1.683336 
736.0997 25.670 95.304 -0.07065 0.76113 0.882 0.61153 10.0000 55.54 0.9532 0.9542 1.684340 
735.6608 25.684 95.312 -0.07081 0.76157 0.876 0.61129 10.0000 54.25 0.9532 0.9542 1.685344 
735.2218 25.697 95.318 -0.07092 0.76190 0.876 0.61098 10.0000 54.31 0.9532 0.9542 1.686351 
734.7827 25.703 95.346 -0.07126 0.76162 0.878 0.61051 10.0000 54.46 0.9529 0.9538 1.687359 
734.3434 25.714 95.342 -0.07124 0.76194 0.884 0.61030 10.0000 54.92 0.9526 0.9535 1.688368 
733.9041 25.731 95.330 -0.07112 0.76228 0.886 0.60978 10.0000 55.04 0.9524 0.9534 1.689379 
733.4647 25.739 95.335 -0.07119 0.76237 0.881 0.60952 10.0000 55.81 0.9522 0.9531 1.690391 
733.0252 25.749 95.349 -0.07138 0.76235 0.882 0.60909 10.0000 55.43 0.9521 0.9531 1.691404 
732.5856 25.771 95.328 -0.07117 0.76312 0.880 0.60874 10.0000 55.35 0.9522 0.9531 1.692419 
732.1459 25.782 95.331 -0.07120 0.76305 0.883 0.60818 10.0000 55.20 0.9520 0.9530 1.693436 
731.7061 25.788 95.331 -0.07117 0.76267 0.887 0.60763 10.0000 55.82 0.9517 0.9526 1.694453 
731.2662 25.799 95.348 -0.07141 0.76281 0.879 0.60730 10.0000 55.63 0.9518 0.9527 1.695473 
730.8262 25.805 95.353 -0.07146 0.76272 0.887 0.60694 10.0000 55.71 0.9517 0.9526 1.696494 
730.3861 25.810 95.379 -0.07179 0.76246 0.888 0.60656 10.0000 55.89 0.9516 0.9525 1.697516 
729.9459 25.823 95.378 -0.07181 0.76277 0.892 0.60625 10.0000 56.34 0.9515 0.9524 1.698539 
729.5057 25.835 95.376 -0.07175 0.76250 0.894 0.60551 10.0000 55.69 0.9515 0.9523 1.699564 
729.0653 25.853 95.355 -0.07151 0.76293 0.895 0.60502 10.0000 55.55 0.9516 0.9525 1.700591 
728.6248 25.858 95.360 -0.07157 0.76278 0.892 0.60473 10.0000 55.50 0.9513 0.9522 1.701619 
728.1843 25.864 95.369 -0.07170 0.76287 0.897 0.60454 10.0000 56.08 0.9512 0.9521 1.702648 
727.7436 25.874 95.373 -0.07175 0.76285 0.891 0.60406 10.0000 55.91 0.9511 0.9520 1.703680 
727.3028 25.879 95.390 -0.07197 0.76270 0.894 0.60374 10.0000 55.93 0.9510 0.9519 1.704712 
726.8619 25.895 95.376 -0.07182 0.76308 0.893 0.60335 10.0000 56.27 0.9510 0.9518 1.705746 
726.4210 25.902 95.380 -0.07187 0.76305 0.896 0.60301 10.0000 56.43 0.9507 0.9516 1.706781 
725.9799 25.917 95.377 -0.07182 0.76310 0.896 0.60240 10.0000 56.10 0.9508 0.9516 1.707818 
725.5388 25.936 95.361 -0.07159 0.76291 0.899 0.60145 10.0000 56.10 0.9505 0.9513 1.708857 
725.0975 25.954 95.336 -0.07129 0.76322 0.904 0.60087 10.0000 56.89 0.9506 0.9515 1.709897 
724.6561 25.969 95.336 -0.07130 0.76339 0.896 0.60038 10.0000 55.66 0.9508 0.9517 1.710938 
724.2147 25.976 95.338 -0.07132 0.76319 0.901 0.59992 10.0000 56.50 0.9508 0.9516 1.711981 
723.7732 25.984 95.336 -0.07128 0.76310 0.899 0.59950 10.0000 56.34 0.9506 0.9514 1.713025 
723.3315 25.994 95.345 -0.07137 0.76295 0.900 0.59895 10.0000 55.59 0.9506 0.9514 1.714072 
722.8898 26.007 95.323 -0.07110 0.76319 0.906 0.59855 10.0000 57.13 0.9506 0.9514 1.715119 
722.4479 26.019 95.319 -0.07106 0.76322 0.905 0.59804 10.0000 56.87 0.9505 0.9513 1.716168 
722.0060 26.030 95.314 -0.07099 0.76329 0.911 0.59763 10.0000 56.93 0.9504 0.9512 1.717218 
721.5640 26.053 95.289 -0.07071 0.76375 0.903 0.59697 10.0000 56.45 0.9507 0.9515 1.718270 
721.1218 26.069 95.287 -0.07069 0.76397 0.911 0.59646 10.0000 56.94 0.9508 0.9516 1.719324 
720.6796 26.080 95.287 -0.07071 0.76412 0.907 0.59611 10.0000 57.46 0.9507 0.9515 1.720379 
720.2373 26.093 95.280 -0.07062 0.76416 0.909 0.59557 10.0000 57.53 0.9508 0.9516 1.721435 
719.7949 26.099 95.288 -0.07073 0.76409 0.906 0.59525 10.0000 57.25 0.9507 0.9514 1.722493 
719.3524 26.114 95.279 -0.07064 0.76442 0.909 0.59488 10.0000 57.19 0.9510 0.9518 1.723553 
718.9097 26.126 95.273 -0.07056 0.76446 0.914 0.59440 10.0000 57.28 0.9509 0.9517 1.724614 
718.4670 26.138 95.263 -0.07041 0.76434 0.915 0.59377 10.0000 57.81 0.9509 0.9517 1.725677 
718.0242 26.163 95.239 -0.07014 0.76487 0.919 0.59308 10.0000 58.12 0.9511 0.9519 1.726741 
717.5813 26.180 95.223 -0.06992 0.76495 0.918 0.59240 10.0000 58.11 0.9512 0.9519 1.727807 
717.1383 26.199 95.209 -0.06975 0.76505 0.915 0.59164 10.0000 57.08 0.9512 0.9520 1.728874 
716.6952 26.216 95.195 -0.06958 0.76522 0.920 0.59106 10.0000 57.82 0.9512 0.9520 1.729943 
716.2520 26.233 95.181 -0.06939 0.76537 0.922 0.59041 10.0000 58.32 0.9513 0.9520 1.731013 
715.8087 26.251 95.152 -0.06903 0.76565 0.921 0.58983 10.0000 58.38 0.9512 0.9520 1.732086 
715.3653 26.269 95.137 -0.06886 0.76595 0.926 0.58928 10.0000 58.59 0.9514 0.9522 1.733159 
714.9218 26.281 95.141 -0.06892 0.76599 0.923 0.58883 10.0000 58.39 0.9515 0.9522 1.734234 
714.4782 26.298 95.127 -0.06877 0.76638 0.923 0.58838 10.0000 58.45 0.9516 0.9524 1.735311 
714.0345 26.322 95.095 -0.06838 0.76687 0.929 0.58773 10.0000 58.49 0.9516 0.9524 1.736389 
713.5907 26.339 95.082 -0.06823 0.76726 0.930 0.58728 10.0000 58.66 0.9519 0.9526 1.737469 
713.1469 26.355 95.058 -0.06791 0.76725 0.926 0.58657 10.0000 57.94 0.9517 0.9525 1.738550 
712.7028 26.372 95.036 -0.06763 0.76741 0.930 0.58595 10.0000 58.40 0.9518 0.9525 1.739634 
712.2588 26.394 95.013 -0.06735 0.76788 0.931 0.58536 10.0000 59.19 0.9522 0.9529 1.740718 
711.8146 26.413 94.994 -0.06714 0.76828 0.932 0.58485 10.0000 58.58 0.9524 0.9531 1.741805 
711.3703 26.434 94.971 -0.06685 0.76862 0.937 0.58415 10.0000 59.15 0.9525 0.9532 1.742892 
710.9259 26.459 94.936 -0.06642 0.76909 0.935 0.58342 10.0000 58.75 0.9526 0.9533 1.743982 
710.4814 26.477 94.920 -0.06623 0.76937 0.934 0.58288 10.0000 58.80 0.9527 0.9534 1.745073 
710.0369 26.499 94.907 -0.06608 0.76978 0.937 0.58225 10.0000 58.94 0.9528 0.9535 1.746165 
709.5922 26.519 94.887 -0.06586 0.77021 0.942 0.58173 10.0000 58.63 0.9529 0.9536 1.747260 
709.1474 26.541 94.879 -0.06579 0.77067 0.940 0.58114 10.0000 59.36 0.9532 0.9539 1.748356 
708.7026 26.556 94.870 -0.06570 0.77111 0.945 0.58079 10.0000 59.68 0.9532 0.9539 1.749453 
708.2576 26.577 94.855 -0.06554 0.77155 0.945 0.58024 10.0000 59.58 0.9534 0.9541 1.750552 
707.8125 26.596 94.846 -0.06544 0.77193 0.943 0.57972 10.0000 58.80 0.9535 0.9542 1.751653 
707.3674 26.621 94.820 -0.06512 0.77226 0.946 0.57888 10.0000 59.11 0.9536 0.9543 1.752755 
706.9221 26.643 94.805 -0.06495 0.77277 0.949 0.57832 10.0000 59.79 0.9539 0.9546 1.753859 
706.4767 26.664 94.787 -0.06475 0.77328 0.951 0.57780 10.0000 60.22 0.9542 0.9549 1.754965 
706.0313 26.684 94.757 -0.06438 0.77373 0.956 0.57727 10.0000 59.95 0.9541 0.9548 1.756072 
705.5857 26.706 94.742 -0.06423 0.77432 0.953 0.57680 10.0000 60.41 0.9544 0.9551 1.757181 
705.1401 26.726 94.731 -0.06413 0.77486 0.949 0.57632 10.0000 59.61 0.9546 0.9553 1.758292 
704.6943 26.748 94.722 -0.06406 0.77549 0.954 0.57586 10.0000 59.59 0.9549 0.9556 1.759404 
704.2484 26.769 94.703 -0.06383 0.77582 0.957 0.57522 10.0000 59.27 0.9548 0.9555 1.760518 
703.8025 26.788 94.689 -0.06367 0.77618 0.963 0.57466 10.0000 59.66 0.9547 0.9554 1.761633 
703.3564 26.811 94.657 -0.06328 0.77674 0.964 0.57412 10.0000 59.33 0.9547 0.9554 1.762751 
702.9103 26.836 94.642 -0.06312 0.77733 0.962 0.57346 10.0000 60.42 0.9550 0.9556 1.763869 
702.4641 26.861 94.617 -0.06282 0.77795 0.966 0.57284 10.0000 60.93 0.9552 0.9559 1.764990 
702.0177 26.885 94.600 -0.06265 0.77872 0.966 0.57243 10.0000 60.61 0.9554 0.9562 1.766112 
701.5712 26.907 94.583 -0.06247 0.77932 0.964 0.57192 10.0000 60.76 0.9556 0.9563 1.767236 
701.1247 26.931 94.572 -0.06237 0.78001 0.971 0.57141 10.0000 60.90 0.9559 0.9566 1.768361 
700.6780 26.955 94.560 -0.06225 0.78055 0.972 0.57079 10.0000 60.15 0.9560 0.9567 1.769489 
700.2313 26.977 94.546 -0.06210 0.78113 0.977 0.57027 10.0000 60.67 0.9562 0.9569 1.770618 
699.7844 26.998 94.532 -0.06197 0.78179 0.978 0.56986 10.0000 59.90 0.9565 0.9572 1.771748 
699.3375 27.021 94.519 -0.06183 0.78227 0.975 0.56924 10.0000 60.02 0.9567 0.9574 1.772881 
698.8904 27.045 94.499 -0.06160 0.78280 0.978 0.56860 10.0000 60.76 0.9569 0.9576 1.774015 
698.4433 27.071 94.483 -0.06141 0.78326 0.977 0.56785 10.0000 60.48 0.9571 0.9578 1.775150 
697.9961 27.097 94.453 -0.06107 0.78414 0.983 0.56737 10.0000 60.55 0.9575 0.9582 1.776288 
697.5488 27.121 94.432 -0.06082 0.78463 0.985 0.56670 10.0000 60.67 0.9577 0.9584 1.777427 
697.1013 27.141 94.414 -0.06061 0.78510 0.990 0.56619 10.0000 60.73 0.9578 0.9585 1.778568 
696.6537 27.162 94.402 -0.06047 0.78557 0.993 0.56564 10.0000 60.83 0.9578 0.9586 1.779711 
696.2061 27.189 94.382 -0.06024 0.78615 0.995 0.56494 10.0000 60.36 0.9580 0.9588 1.780855 
695.7584 27.212 94.372 -0.06014 0.78666 0.995 0.56432 10.0000 60.67 0.9582 0.9589 1.782001 
695.3105 27.238 94.350 -0.05987 0.78712 0.999 0.56359 10.0000 61.73 0.9582 0.9589 1.783149 
694.8626 27.262 94.333 -0.05969 0.78772 0.999 0.56297 10.0000 61.56 0.9586 0.9593 1.784298 
694.4146 27.284 94.318 -0.05952 0.78823 0.997 0.56244 10.0000 61.38 0.9588 0.9595 1.785449 
693.9664 27.310 94.306 -0.05941 0.78896 1.003 0.56186 10.0000 60.38 0.9591 0.9598 1.786602 
693.5182 27.340 94.282 -0.05914 0.78990 1.004 0.56125 10.0000 60.60 0.9594 0.9601 1.787757 
693.0699 27.367 94.272 -0.05905 0.79051 1.009 0.56058 10.0000 60.53 0.9597 0.9604 1.788913 
692.6215 27.391 94.263 -0.05898 0.79124 1.007 0.56007 10.0000 60.96 0.9599 0.9606 1.790071 
692.1729 27.414 94.254 -0.05889 0.79178 1.013 0.55952 10.0000 61.26 0.9599 0.9606 1.791231 
691.7243 27.438 94.238 -0.05872 0.79233 1.011 0.55888 10.0000 61.62 0.9602 0.9609 1.792393 
691.2756 27.467 94.221 -0.05852 0.79291 1.009 0.55808 10.0000 61.19 0.9604 0.9611 1.793557 
690.8267 27.490 94.207 -0.05836 0.79338 1.018 0.55742 10.0000 60.85 0.9606 0.9613 1.794722 
690.3778 27.518 94.187 -0.05814 0.79416 1.015 0.55682 10.0000 60.57 0.9609 0.9616 1.795889 
689.9288 27.543 94.173 -0.05798 0.79470 1.024 0.55617 10.0000 60.23 0.9611 0.9618 1.797058 
689.4797 27.569 94.152 -0.05773 0.79529 1.022 0.55546 10.0000 60.57 0.9614 0.9621 1.798228 
689.0304 27.594 94.137 -0.05755 0.79570 1.022 0.55473 10.0000 59.78 0.9614 0.9621 1.799401 
688.5811 27.617 94.123 -0.05741 0.79635 1.023 0.55421 10.0000 61.43 0.9617 0.9624 1.800575 
688.1317 27.639 94.110 -0.05726 0.79679 1.024 0.55360 10.0000 60.90 0.9618 0.9625 1.801751 
687.6821 27.661 94.100 -0.05715 0.79731 1.032 0.55305 10.0000 61.46 0.9620 0.9627 1.802929 
687.2325 27.688 94.076 -0.05686 0.79789 1.035 0.55233 10.0000 61.22 0.9622 0.9629 1.804108 
686.7828 27.712 94.065 -0.05674 0.79837 1.043 0.55166 10.0000 61.17 0.9622 0.9629 1.805290 
686.3329 27.737 94.052 -0.05659 0.79897 1.041 0.55103 10.0000 60.76 0.9624 0.9631 1.806473 
685.8830 27.762 94.042 -0.05650 0.79941 1.042 0.55028 10.0000 60.63 0.9624 0.9631 1.807658 
685.4330 27.790 94.033 -0.05642 0.80014 1.043 0.54963 10.0000 61.09 0.9627 0.9634 1.808845 
684.9828 27.816 94.022 -0.05630 0.80069 1.047 0.54892 10.0000 61.18 0.9629 0.9636 1.810034 
684.5327 27.837 94.013 -0.05620 0.80109 1.047 0.54833 10.0000 61.23 0.9629 0.9636 1.811224 
684.0823 27.860 94.002 -0.05607 0.80145 1.052 0.54764 10.0000 60.72 0.9629 0.9636 1.812416 
683.6319 27.885 93.993 -0.05598 0.80194 1.059 0.54692 10.0000 60.81 0.9630 0.9637 1.813610 
683.1813 27.908 93.980 -0.05583 0.80234 1.063 0.54627 10.0000 60.40 0.9630 0.9636 1.814807 
682.7307 27.936 93.958 -0.05555 0.80292 1.065 0.54548 10.0000 60.76 0.9632 0.9639 1.816004 
682.2800 27.961 93.949 -0.05544 0.80326 1.064 0.54471 10.0000 61.04 0.9631 0.9638 1.817204 
681.8292 27.987 93.932 -0.05524 0.80364 1.060 0.54386 10.0000 60.37 0.9634 0.9640 1.818405 
681.3782 28.012 93.917 -0.05506 0.80408 1.064 0.54313 10.0000 60.73 0.9635 0.9642 1.819609 
680.9272 28.034 93.904 -0.05490 0.80442 1.075 0.54247 10.0000 60.36 0.9635 0.9642 1.820814 
680.4761 28.057 93.889 -0.05471 0.80480 1.073 0.54176 10.0000 60.69 0.9636 0.9642 1.822021 
680.0248 28.078 93.877 -0.05457 0.80514 1.079 0.54113 10.0000 60.35 0.9635 0.9642 1.823230 
679.5735 28.101 93.865 -0.05443 0.80563 1.081 0.54052 10.0000 60.55 0.9637 0.9643 1.824441 
679.1221 28.123 93.855 -0.05430 0.80584 1.083 0.53973 10.0000 60.61 0.9637 0.9644 1.825654 
678.6705 28.146 93.843 -0.05415 0.80615 1.093 0.53901 10.0000 61.17 0.9638 0.9645 1.826869 
678.2189 28.169 93.831 -0.05401 0.80659 1.092 0.53837 10.0000 61.30 0.9638 0.9645 1.828085 
677.7672 28.191 93.809 -0.05373 0.80707 1.094 0.53775 10.0000 60.35 0.9639 0.9646 1.829303 
677.3154 28.213 93.798 -0.05359 0.80734 1.098 0.53705 10.0000 59.97 0.9639 0.9646 1.830524 
676.8634 28.235 93.784 -0.05343 0.80780 1.104 0.53644 10.0000 60.72 0.9641 0.9647 1.831746 
676.4114 28.256 93.773 -0.05328 0.80799 1.106 0.53570 10.0000 60.59 0.9640 0.9647 1.832970 
675.9592 28.275 93.761 -0.05313 0.80835 1.111 0.53517 10.0000 60.66 0.9641 0.9647 1.834196 
675.5070 28.297 93.747 -0.05296 0.80868 1.112 0.53451 10.0000 60.63 0.9642 0.9649 1.835424 
675.0547 28.317 93.742 -0.05291 0.80888 1.116 0.53381 10.0000 60.33 0.9643 0.9649 1.836654 
674.6022 28.337 93.729 -0.05273 0.80909 1.119 0.53312 10.0000 60.31 0.9642 0.9648 1.837886 
674.1497 28.359 93.715 -0.05255 0.80940 1.123 0.53243 10.0000 60.64 0.9642 0.9648 1.839120 
673.6971 28.378 93.706 -0.05244 0.80954 1.121 0.53175 10.0000 59.98 0.9642 0.9649 1.840355 
673.2443 28.398 93.701 -0.05240 0.80996 1.129 0.53121 10.0000 60.36 0.9644 0.9650 1.841593 
672.7915 28.418 93.687 -0.05221 0.81022 1.134 0.53055 10.0000 60.65 0.9645 0.9651 1.842832 
672.3386 28.437 93.677 -0.05208 0.81047 1.141 0.52994 10.0000 60.55 0.9646 0.9653 1.844074 
671.8855 28.455 93.666 -0.05194 0.81068 1.137 0.52937 10.0000 60.10 0.9647 0.9653 1.845317 
671.4324 28.477 93.652 -0.05175 0.81082 1.149 0.52855 10.0000 60.21 0.9649 0.9655 1.846563 
670.9791 28.498 93.642 -0.05163 0.81116 1.145 0.52792 10.0000 60.53 0.9649 0.9655 1.847810 
670.5258 28.519 93.623 -0.05139 0.81149 1.157 0.52730 10.0000 60.36 0.9650 0.9656 1.849059 
670.0723 28.538 93.608 -0.05120 0.81181 1.161 0.52672 10.0000 60.67 0.9651 0.9657 1.850311 
669.6188 28.558 93.600 -0.05109 0.81197 1.163 0.52601 10.0000 59.84 0.9653 0.9659 1.851564 
669.1651 28.577 93.587 -0.05091 0.81216 1.172 0.52533 10.0000 60.64 0.9653 0.9659 1.852819 
668.7114 28.597 93.577 -0.05078 0.81246 1.174 0.52472 10.0000 60.32 0.9654 0.9659 1.854076 
668.2575 28.617 93.572 -0.05074 0.81278 1.176 0.52414 10.0000 60.23 0.9654 0.9660 1.855336 
667.8035 28.639 93.558 -0.05056 0.81312 1.174 0.52348 10.0000 60.12 0.9655 0.9661 1.856597 
667.3495 28.658 93.542 -0.05034 0.81327 1.181 0.52278 10.0000 60.34 0.9655 0.9660 1.857860 
666.8953 28.679 93.533 -0.05023 0.81351 1.190 0.52211 10.0000 60.09 0.9656 0.9662 1.859125 
666.4411 28.699 93.521 -0.05008 0.81377 1.192 0.52145 10.0000 59.13 0.9658 0.9664 1.860392 
665.9868 28.717 93.516 -0.05002 0.81409 1.192 0.52091 10.0000 59.68 0.9660 0.9666 1.861661 
665.5323 28.736 93.502 -0.04984 0.81444 1.203 0.52038 10.0000 60.21 0.9662 0.9667 1.862933 
665.0777 28.755 93.491 -0.04970 0.81483 1.204 0.51986 10.0000 59.28 0.9663 0.9668 1.864206 
664.6230 28.775 93.476 -0.04951 0.81505 1.206 0.51920 10.0000 59.78 0.9664 0.9670 1.865482 
664.1683 28.797 93.465 -0.04937 0.81533 1.209 0.51848 10.0000 59.78 0.9666 0.9672 1.866759 
663.7134 28.817 93.454 -0.04922 0.81557 1.215 0.51786 10.0000 59.60 0.9667 0.9673 1.868038 
663.2584 28.834 93.439 -0.04903 0.81584 1.217 0.51733 10.0000 59.57 0.9668 0.9674 1.869319 
662.8034 28.852 93.426 -0.04885 0.81602 1.224 0.51670 10.0000 58.33 0.9669 0.9675 1.870603 
662.3482 28.871 93.415 -0.04871 0.81626 1.232 0.51611 10.0000 59.67 0.9671 0.9676 1.871888 
661.8929 28.891 93.402 -0.04853 0.81657 1.238 0.51550 10.0000 59.85 0.9672 0.9677 1.873176 
661.4376 28.910 93.385 -0.04832 0.81679 1.242 0.51486 10.0000 59.30 0.9673 0.9679 1.874465 
660.9821 28.928 93.374 -0.04817 0.81703 1.244 0.51429 10.0000 59.58 0.9674 0.9679 1.875757 
660.5265 28.947 93.365 -0.04805 0.81725 1.252 0.51368 10.0000 58.56 0.9674 0.9680 1.877051 
660.0708 28.964 93.355 -0.04793 0.81748 1.259 0.51311 10.0000 59.69 0.9675 0.9680 1.878347 
659.6151 28.985 93.343 -0.04778 0.81789 1.264 0.51254 10.0000 59.86 0.9677 0.9683 1.879644 
659.1592 29.007 93.333 -0.04766 0.81820 1.270 0.51185 10.0000 59.52 0.9679 0.9684 1.880945 
658.7032 29.024 93.324 -0.04753 0.81850 1.267 0.51136 10.0000 59.14 0.9681 0.9686 1.882247 
658.2471 29.039 93.311 -0.04737 0.81876 1.279 0.51090 10.0000 59.74 0.9683 0.9689 1.883551 
657.7909 29.055 93.303 -0.04726 0.81901 1.279 0.51044 10.0000 59.51 0.9686 0.9692 1.884857 
657.3346 29.074 93.293 -0.04715 0.81933 1.295 0.50989 10.0000 59.32 0.9687 0.9692 1.886166 
656.8782 29.093 93.289 -0.04710 0.81970 1.298 0.50937 10.0000 59.44 0.9688 0.9693 1.887476 
656.4218 29.110 93.279 -0.04698 0.81997 1.306 0.50885 10.0000 59.48 0.9688 0.9694 1.888788 
655.9651 29.127 93.271 -0.04687 0.82018 1.314 0.50830 10.0000 59.28 0.9689 0.9694 1.890103 
655.5084 29.144 93.255 -0.04666 0.82035 1.313 0.50770 10.0000 58.67 0.9691 0.9696 1.891420 
655.0516 29.161 93.243 -0.04649 0.82044 1.325 0.50711 10.0000 58.85 0.9692 0.9697 1.892739 
654.5947 29.176 93.231 -0.04633 0.82063 1.330 0.50661 10.0000 59.50 0.9695 0.9700 1.894060 
654.1377 29.192 93.221 -0.04620 0.82094 1.334 0.50615 10.0000 59.18 0.9696 0.9701 1.895384 
653.6806 29.207 93.211 -0.04607 0.82102 1.346 0.50562 10.0000 59.53 0.9697 0.9702 1.896709 
653.2234 29.224 93.200 -0.04591 0.82119 1.353 0.50504 10.0000 60.09 0.9698 0.9703 1.898037 
652.7661 29.240 93.192 -0.04580 0.82133 1.354 0.50448 10.0000 59.17 0.9700 0.9705 1.899366 
652.3087 29.257 93.178 -0.04562 0.82150 1.359 0.50392 10.0000 59.10 0.9702 0.9707 1.900698 
651.8511 29.273 93.171 -0.04552 0.82163 1.368 0.50337 10.0000 58.88 0.9703 0.9708 1.902032 
651.3936 29.289 93.161 -0.04540 0.82199 1.379 0.50296 10.0000 58.70 0.9706 0.9711 1.903368 
650.9358 29.306 93.153 -0.04529 0.82226 1.389 0.50243 10.0000 59.67 0.9707 0.9712 1.904707 
650.4780 29.324 93.149 -0.04526 0.82268 1.393 0.50200 10.0000 59.15 0.9710 0.9715 1.906047 
650.0201 29.344 93.141 -0.04516 0.82300 1.400 0.50138 10.0000 58.64 0.9713 0.9718 1.907390 
649.5620 29.362 93.134 -0.04508 0.82324 1.396 0.50080 10.0000 59.21 0.9715 0.9720 1.908735 
649.1039 29.381 93.124 -0.04493 0.82339 1.408 0.50016 10.0000 58.59 0.9718 0.9723 1.910082 
648.6457 29.397 93.108 -0.04472 0.82362 1.418 0.49966 10.0000 58.23 0.9721 0.9726 1.911432 
648.1873 29.417 93.098 -0.04459 0.82397 1.429 0.49909 10.0000 58.70 0.9724 0.9729 1.912783 
647.7289 29.432 93.081 -0.04437 0.82422 1.445 0.49861 10.0000 59.33 0.9727 0.9732 1.914137 
647.2703 29.451 93.069 -0.04421 0.82452 1.445 0.49805 10.0000 59.00 0.9729 0.9733 1.915493 
646.8117 29.468 93.052 -0.04397 0.82469 1.453 0.49749 10.0000 58.53 0.9730 0.9735 1.916851 
646.3530 29.485 93.042 -0.04384 0.82496 1.453 0.49696 10.0000 57.66 0.9732 0.9737 1.918212 
645.8941 29.501 93.033 -0.04372 0.82517 1.472 0.49645 10.0000 59.08 0.9734 0.9739 1.919575 
645.4351 29.519 93.020 -0.04355 0.82539 1.477 0.49590 10.0000 58.30 0.9737 0.9742 1.920940 
644.9761 29.537 93.010 -0.04343 0.82579 1.491 0.49541 10.0000 58.44 0.9739 0.9744 1.922307 
644.5169 29.553 92.991 -0.04316 0.82604 1.489 0.49493 10.0000 58.61 0.9744 0.9748 1.923676 
644.0577 29.570 92.969 -0.04286 0.82643 1.496 0.49448 10.0000 58.52 0.9745 0.9750 1.925048 
643.5983 29.586 92.953 -0.04264 0.82673 1.507 0.49402 10.0000 58.09 0.9748 0.9753 1.926422 
643.1389 29.604 92.941 -0.04248 0.82705 1.518 0.49351 10.0000 58.75 0.9750 0.9755 1.927798 
642.6793 29.619 92.929 -0.04232 0.82727 1.528 0.49305 10.0000 58.90 0.9753 0.9758 1.929177 
642.2196 29.634 92.907 -0.04201 0.82748 1.527 0.49256 10.0000 57.76 0.9756 0.9761 1.930558 
641.7598 29.655 92.892 -0.04182 0.82773 1.541 0.49191 10.0000 57.41 0.9758 0.9763 1.931941 
641.2999 29.674 92.872 -0.04155 0.82816 1.552 0.49142 10.0000 57.74 0.9762 0.9767 1.933326 
640.8400 29.696 92.857 -0.04135 0.82859 1.559 0.49078 10.0000 57.85 0.9765 0.9769 1.934714 
640.3799 29.712 92.843 -0.04116 0.82886 1.577 0.49031 10.0000 58.03 0.9766 0.9771 1.936104 
639.9197 29.734 92.823 -0.04089 0.82925 1.594 0.48969 10.0000 58.66 0.9770 0.9775 1.937496 
639.4594 29.751 92.809 -0.04070 0.82957 1.594 0.48921 10.0000 58.74 0.9772 0.9777 1.938891 
638.9990 29.767 92.791 -0.04045 0.82973 1.599 0.48865 10.0000 59.33 0.9776 0.9780 1.940288 
638.5385 29.785 92.776 -0.04025 0.83005 1.621 0.48815 10.0000 59.24 0.9778 0.9783 1.941687 
638.0779 29.802 92.761 -0.04003 0.83018 1.619 0.48754 10.0000 59.66 0.9781 0.9786 1.943089 
637.6172 29.818 92.741 -0.03975 0.83040 1.620 0.48703 10.0000 59.08 0.9784 0.9788 1.944493 
637.1564 29.838 92.726 -0.03956 0.83079 1.628 0.48648 10.0000 59.14 0.9789 0.9794 1.945899 
636.6954 29.855 92.714 -0.03940 0.83107 1.644 0.48599 10.0000 59.40 0.9791 0.9796 1.947308 
636.2344 29.874 92.690 -0.03907 0.83157 1.656 0.48554 10.0000 59.18 0.9793 0.9797 1.948719 
635.7733 29.891 92.674 -0.03885 0.83180 1.655 0.48500 10.0000 59.15 0.9794 0.9799 1.950132 
635.3121 29.904 92.654 -0.03856 0.83183 1.670 0.48448 10.0000 58.57 0.9796 0.9801 1.951548 
634.8508 29.921 92.633 -0.03827 0.83226 1.672 0.48407 10.0000 58.74 0.9800 0.9805 1.952966 
634.3893 29.940 92.616 -0.03804 0.83250 1.691 0.48349 10.0000 58.73 0.9800 0.9805 1.954387 
633.9278 29.965 92.595 -0.03776 0.83325 1.701 0.48295 10.0000 59.02 0.9800 0.9805 1.955809 
633.4662 29.992 92.576 -0.03753 0.83405 1.717 0.48234 10.0000 58.88 0.9804 0.9808 1.957235 
633.0044 30.012 92.561 -0.03732 0.83450 1.729 0.48181 10.0000 58.91 0.9805 0.9810 1.958662 
632.5425 30.031 92.550 -0.03718 0.83474 1.735 0.48120 10.0000 58.92 0.9804 0.9809 1.960093 
632.0806 30.049 92.539 -0.03703 0.83498 1.744 0.48065 10.0000 59.08 0.9809 0.9814 1.961525 
631.6186 30.057 92.532 -0.03691 0.83486 1.745 0.48025 10.0000 58.11 0.9805 0.9810 1.962960 
631.1564 30.076 92.527 -0.03686 0.83503 1.774 0.47964 10.0000 58.84 0.9811 0.9816 1.964397 
630.6942 30.089 92.503 -0.03649 0.83482 1.767 0.47898 10.0000 59.06 0.9822 0.9827 1.965837 
630.2318 30.099 92.476 -0.03610 0.83492 1.799 0.47865 10.0000 58.84 0.9833 0.9838 1.967279 
629.7693 30.099 92.460 -0.03586 0.83460 1.805 0.47845 10.0000 58.19 0.9843 0.9847 1.968724 
629.3068 30.116 92.440 -0.03558 0.83524 1.814 0.47817 10.0000 58.95 0.9849 0.9853 1.970171 
628.8441 30.120 92.425 -0.03536 0.83502 1.823 0.47787 10.0000 58.17 0.9850 0.9855 1.971620 
628.3813 30.148 92.410 -0.03518 0.83590 1.824 0.47729 10.0000 58.64 0.9853 0.9857 1.973073 
627.9184 30.171 92.390 -0.03492 0.83656 1.842 0.47675 10.0000 58.00 0.9861 0.9866 1.974527 
627.4554 30.197 92.393 -0.03500 0.83745 1.846 0.47626 10.0000 58.13 0.9857 0.9861 1.975984 
626.9923 30.208 92.374 -0.03473 0.83772 1.872 0.47598 10.0000 58.42 0.9851 0.9856 1.977444 
626.5291 30.217 92.360 -0.03451 0.83729 1.869 0.47541 10.0000 58.33 0.9841 0.9845 1.978905 
626.0658 30.223 92.347 -0.03432 0.83744 1.875 0.47524 10.0000 58.13 0.9854 0.9858 1.980370 
625.6024 30.239 92.337 -0.03418 0.83759 1.897 0.47469 10.0000 58.45 0.9861 0.9865 1.981837 
625.1389 30.258 92.361 -0.03454 0.83776 1.916 0.47408 10.0000 58.41 0.9867 0.9871 1.983306 
624.6753 30.295 92.368 -0.03464 0.83781 1.925 0.47268 10.0000 58.57 0.9854 0.9858 1.984778 
624.2115 30.302 92.378 -0.03477 0.83740 1.936 0.47220 10.0000 57.58 0.9865 0.9869 1.986253 
623.7477 30.310 92.379 -0.03478 0.83726 1.920 0.47178 10.0000 57.64 0.9885 0.9890 1.987730 
623.2838 30.331 92.390 -0.03501 0.83909 1.934 0.47202 10.0000 57.27 0.9902 0.9906 1.989209 
622.8198 30.341 92.375 -0.03485 0.84015 1.961 0.47221 10.0000 58.13 0.9927 0.9932 1.990691 
622.3557 30.326 92.277 -0.03346 0.84126 1.978 0.47339 10.0000 57.91 0.9959 0.9964 1.992176 
621.8914 30.326 92.190 -0.03219 0.84170 1.997 0.47363 10.0000 58.04 0.9984 0.9989 1.993663 
621.4271 30.319 92.095 -0.03080 0.84201 2.002 0.47403 10.0000 57.88 0.9994 1.0000 1.995153 
620.9626 30.316 91.978 -0.02907 0.84157 1.965 0.47387 10.0000 57.52 1.0000 1.0005 1.996645 
620.4980 30.315 91.877 -0.02754 0.84016 2.017 0.47309 10.0000 57.53 0.9988 0.9994 1.998140 
620.0334 30.332 91.771 -0.02596 0.83982 2.001 0.47222 10.0000 57.64 0.9999 1.0005 1.999637 
619.5687 30.372 91.655 -0.02426 0.83967 2.054 0.47055 10.0000 57.40 1.0003 1.0010 2.001137 
619.1038 30.389 91.563 -0.02290 0.83886 2.026 0.46941 10.0000 57.67 1.0018 1.0025 2.002640 
618.6388 30.394 91.473 -0.02155 0.83791 2.047 0.46867 10.0000 57.35 1.0036 1.0043 2.004145 
618.1737 30.414 91.380 -0.02018 0.83746 2.063 0.46762 10.0000 58.11 1.0050 1.0057 2.005653 
617.7086 30.430 91.287 -0.01879 0.83614 2.084 0.46628 10.0000 57.32 1.0066 1.0073 2.007163 
617.2433 30.448 91.201 -0.01750 0.83504 2.050 0.46497 10.0000 57.11 1.0074 1.0082 2.008676 
616.7779 30.468 91.120 -0.01632 0.83443 2.064 0.46382 10.0000 58.30 1.0087 1.0096 2.010192 
616.3124 30.484 91.054 -0.01533 0.83349 2.111 0.46270 10.0000 57.81 1.0092 1.0100 2.011710 
615.8468 30.488 90.995 -0.01445 0.83220 2.072 0.46184 10.0000 57.18 1.0099 1.0108 2.013231 
615.3810 30.512 90.920 -0.01335 0.83138 2.081 0.46045 10.0000 57.09 1.0111 1.0120 2.014755 
614.9153 30.522 90.858 -0.01243 0.82995 2.100 0.45927 10.0000 57.46 1.0119 1.0129 2.016281 
614.4493 30.537 90.797 -0.01153 0.82875 2.056 0.45803 10.0000 57.62 1.0129 1.0139 2.017810 
613.9833 30.554 90.753 -0.01088 0.82759 2.128 0.45674 10.0000 56.93 1.0134 1.0145 2.019341 
613.5172 30.573 90.704 -0.01015 0.82666 2.076 0.45552 10.0000 56.14 1.0144 1.0155 2.020875 
613.0510 30.598 90.659 -0.00950 0.82586 2.080 0.45414 10.0000 57.35 1.0149 1.0160 2.022412 
612.5847 30.622 90.622 -0.00896 0.82491 2.123 0.45269 10.0000 57.26 1.0155 1.0166 2.023952 
612.1182 30.650 90.583 -0.00839 0.82402 2.084 0.45117 10.0000 56.64 1.0159 1.0171 2.025494 
611.6517 30.675 90.546 -0.00785 0.82310 2.186 0.44971 10.0000 56.88 1.0162 1.0174 2.027039 
611.1850 30.701 90.516 -0.00741 0.82241 2.290 0.44837 10.0000 56.31 1.0161 1.0173 2.028587 
610.7183 30.725 90.493 -0.00708 0.82166 2.145 0.44708 10.0000 57.51 1.0159 1.0172 2.030137 
610.2514 30.752 90.468 -0.00670 0.82100 2.172 0.44569 10.0000 56.94 1.0157 1.0170 2.031690 
609.7844 30.779 90.442 -0.00633 0.82025 2.108 0.44430 10.0000 57.73 1.0154 1.0168 2.033246 
609.3173 30.811 90.429 -0.00613 0.81970 2.094 0.44283 10.0000 56.68 1.0153 1.0166 2.034805 
608.8502 30.845 90.417 -0.00596 0.81940 2.102 0.44141 10.0000 55.93 1.0149 1.0162 2.036366 
608.3829 30.876 90.416 -0.00594 0.81884 2.136 0.43995 10.0000 56.28 1.0141 1.0155 2.037930 
607.9155 30.909 90.411 -0.00588 0.81853 2.002 0.43858 10.0000 57.31 1.0134 1.0148 2.039497 
607.4480 30.946 90.412 -0.00589 0.81830 1.989 0.43708 10.0000 56.83 1.0127 1.0141 2.041067 
606.9804 30.981 90.419 -0.00598 0.81823 2.010 0.43577 10.0000 55.39 1.0118 1.0132 2.042639 
606.5127 31.018 90.424 -0.00606 0.81821 2.137 0.43439 10.0000 54.85 1.0110 1.0124 2.044214 
606.0449 31.055 90.433 -0.00619 0.81812 2.108 0.43300 10.0000 55.72 1.0099 1.0113 2.045792 
605.5770 31.092 90.454 -0.00648 0.81799 2.101 0.43158 10.0000 55.18 1.0090 1.0104 2.047373 
605.1089 31.132 90.470 -0.00671 0.81806 2.122 0.43018 10.0000 56.07 1.0079 1.0093 2.048957 
604.6408 31.170 90.484 -0.00692 0.81820 2.149 0.42886 10.0000 56.31 1.0069 1.0084 2.050543 
604.1726 31.214 90.505 -0.00721 0.81865 2.145 0.42747 10.0000 55.23 1.0058 1.0072 2.052132 
603.7042 31.259 90.536 -0.00766 0.81916 1.882 0.42614 10.0000 55.20 1.0047 1.0061 2.053724 
603.2358 31.301 90.566 -0.00809 0.81965 2.100 0.42485 10.0000 55.05 1.0035 1.0049 2.055319 
602.7673 31.343 90.602 -0.00861 0.82017 1.898 0.42359 10.0000 54.39 1.0022 1.0036 2.056916 
602.2986 31.381 90.637 -0.00912 0.82057 2.007 0.42245 10.0000 55.43 1.0007 1.0021 2.058517 
601.8298 31.423 90.673 -0.00964 0.82099 1.911 0.42114 10.0000 54.88 0.9995 1.0009 2.060121 
601.3610 31.465 90.713 -0.01023 0.82155 1.946 0.41990 10.0000 54.81 0.9979 0.9992 2.061726 
600.8920 31.507 90.753 -0.01080 0.82214 1.991 0.41869 10.0000 54.71 0.9965 0.9978 2.063336 
600.4229 31.547 90.798 -0.01146 0.82280 2.071 0.41757 10.0000 54.26 0.9949 0.9961 2.064948 
599.9537 31.591 90.843 -0.01212 0.82351 2.204 0.41636 10.0000 55.00 0.9933 0.9946 2.066563 
599.4844 31.635 90.889 -0.01279 0.82441 2.199 0.41524 10.0000 54.61 0.9917 0.9929 2.068181 
599.0150 31.681 90.946 -0.01364 0.82543 2.109 0.41407 10.0000 53.47 0.9900 0.9912 2.069801 
598.5455 31.725 90.993 -0.01432 0.82626 2.065 0.41292 10.0000 53.47 0.9881 0.9892 2.071425 
598.0759 31.770 91.038 -0.01499 0.82723 2.225 0.41177 10.0000 54.56 0.9865 0.9876 2.073051 
597.6062 31.812 91.095 -0.01582 0.82790 2.145 0.41061 10.0000 54.06 0.9849 0.9859 2.074680 
597.1364 31.855 91.150 -0.01665 0.82909 2.111 0.40966 10.0000 53.45 0.9833 0.9843 2.076313 
596.6664 31.904 91.205 -0.01747 0.83045 2.073 0.40860 10.0000 53.74 0.9816 0.9826 2.077948 
596.1964 31.949 91.265 -0.01837 0.83152 2.031 0.40750 10.0000 53.07 0.9797 0.9806 2.079586 
595.7263 31.993 91.327 -0.01929 0.83289 2.157 0.40660 10.0000 53.64 0.9782 0.9791 2.081227 
595.2560 32.031 91.388 -0.02020 0.83384 2.136 0.40570 10.0000 53.07 0.9770 0.9778 2.082872 
594.7857 32.063 91.450 -0.02113 0.83468 2.142 0.40498 10.0000 53.21 0.9753 0.9761 2.084519 
594.3152 32.099 91.509 -0.02201 0.83565 2.143 0.40415 10.0000 52.78 0.9740 0.9748 2.086169 
593.8447 32.135 91.565 -0.02286 0.83686 2.134 0.40346 10.0000 52.87 0.9731 0.9739 2.087822 
593.3740 32.170 91.622 -0.02374 0.83808 2.116 0.40280 10.0000 52.71 0.9716 0.9724 2.089478 
592.9032 32.211 91.670 -0.02449 0.83985 2.134 0.40215 10.0000 53.18 0.9712 0.9719 2.091137 
592.4323 32.246 91.718 -0.02524 0.84152 2.115 0.40169 10.0000 52.05 0.9699 0.9706 2.092799 
591.9613 32.286 91.775 -0.02614 0.84360 2.114 0.40125 10.0000 51.85 0.9684 0.9690 2.094464 
591.4902 32.331 91.832 -0.02704 0.84544 2.094 0.40052 10.0000 51.83 0.9666 0.9672 2.096133 
591.0190 32.384 91.881 -0.02784 0.84768 2.067 0.39967 10.0000 51.59 0.9650 0.9655 2.097804 
590.5477 32.422 91.933 -0.02866 0.84908 2.069 0.39898 10.0000 51.46 0.9636 0.9642 2.099478 
590.0763 32.471 91.977 -0.02939 0.85149 2.064 0.39836 10.0000 51.59 0.9628 0.9633 2.101155 
589.6048 32.493 92.022 -0.03011 0.85272 2.072 0.39812 10.0000 51.01 0.9620 0.9625 2.102836 
589.1331 32.524 92.063 -0.03077 0.85421 2.030 0.39771 10.0000 51.33 0.9607 0.9612 2.104519 
588.6614 32.544 92.076 -0.03100 0.85523 2.029 0.39747 10.0000 51.44 0.9609 0.9613 2.106206 
588.1896 32.574 92.103 -0.03146 0.85665 2.030 0.39704 10.0000 51.70 0.9615 0.9619 2.107895 
587.7176 32.606 92.121 -0.03181 0.85889 2.021 0.39691 10.0000 49.53 0.9629 0.9633 2.109588 
587.2455 32.644 92.131 -0.03203 0.86071 1.980 0.39636 10.0000 49.70 0.9624 0.9628 2.111284 
586.7734 32.670 92.128 -0.03205 0.86241 1.989 0.39621 10.0000 50.70 0.9626 0.9630 2.112983 
586.3011 32.690 92.077 -0.03134 0.86392 1.968 0.39617 10.0000 50.99 0.9630 0.9634 2.114685 
585.8287 32.680 92.026 -0.03063 0.86554 1.993 0.39727 10.0000 51.40 0.9658 0.9661 2.116390 
585.3563 32.703 91.953 -0.02959 0.86771 1.948 0.39738 10.0000 50.45 0.9664 0.9667 2.118098 
584.8837 32.727 91.870 -0.02839 0.86976 1.933 0.39742 10.0000 49.70 0.9663 0.9666 2.119809 
584.4109 32.737 91.760 -0.02671 0.86955 1.925 0.39694 10.0000 49.26 0.9666 0.9669 2.121524 
583.9382 32.755 91.652 -0.02509 0.86961 1.917 0.39627 10.0000 49.37 0.9659 0.9662 2.123242 
583.4652 32.807 91.608 -0.02440 0.86934 1.899 0.39425 10.0000 49.94 0.9642 0.9646 2.124963 
582.9922 32.845 91.557 -0.02363 0.86933 1.880 0.39284 10.0000 49.62 0.9629 0.9632 2.126687 
582.5191 32.891 91.513 -0.02296 0.86912 1.864 0.39106 10.0000 49.70 0.9628 0.9631 2.128414 
582.0458 32.934 91.488 -0.02259 0.86936 1.862 0.38958 10.0000 48.65 0.9634 0.9637 2.130145 
581.5725 32.974 91.454 -0.02210 0.87044 1.848 0.38863 10.0000 49.03 0.9659 0.9662 2.131878 
581.0991 33.003 91.428 -0.02169 0.87039 1.829 0.38755 10.0000 48.66 0.9663 0.9666 2.133615 
580.6255 33.003 91.419 -0.02156 0.87016 1.817 0.38744 10.0000 48.76 0.9675 0.9678 2.135356 
580.1519 33.024 91.392 -0.02115 0.87041 1.801 0.38676 10.0000 48.31 0.9678 0.9680 2.137099 
579.6780 33.061 91.363 -0.02072 0.87072 1.782 0.38555 10.0000 48.08 0.9677 0.9679 2.138846 
579.2042 33.084 91.340 -0.02037 0.87037 1.783 0.38458 10.0000 48.89 0.9679 0.9681 2.140595 
578.7302 33.109 91.324 -0.02013 0.87095 1.769 0.38393 10.0000 48.52 0.9678 0.9680 2.142349 
578.2561 33.130 91.312 -0.01996 0.87116 1.752 0.38323 10.0000 47.97 0.9683 0.9685 2.144105 
577.7819 33.150 91.297 -0.01972 0.87087 1.736 0.38239 10.0000 48.00 0.9684 0.9686 2.145865 
577.3076 33.173 91.276 -0.01939 0.87068 1.726 0.38146 10.0000 48.14 0.9692 0.9694 2.147628 
576.8332 33.211 91.249 -0.01899 0.87097 1.704 0.38021 10.0000 47.20 0.9698 0.9701 2.149394 
576.3586 33.231 91.240 -0.01885 0.87094 1.687 0.37947 10.0000 47.10 0.9699 0.9701 2.151164 
575.8840 33.264 91.222 -0.01859 0.87138 1.675 0.37846 10.0000 48.13 0.9702 0.9704 2.152937 
575.4093 33.298 91.211 -0.01842 0.87170 1.670 0.37739 10.0000 48.10 0.9703 0.9705 2.154713 
574.9344 33.330 91.187 -0.01807 0.87190 1.650 0.37629 10.0000 46.98 0.9706 0.9708 2.156493 
574.4595 33.364 91.175 -0.01789 0.87199 1.645 0.37512 10.0000 47.45 0.9704 0.9706 2.158276 
573.9844 33.390 91.158 -0.01763 0.87194 1.622 0.37414 10.0000 46.88 0.9704 0.9706 2.160062 
573.5092 33.418 91.139 -0.01733 0.87205 1.616 0.37318 10.0000 47.58 0.9704 0.9706 2.161852 
573.0339 33.447 91.125 -0.01712 0.87218 1.613 0.37218 10.0000 46.74 0.9703 0.9705 2.163645 
572.5586 33.476 91.111 -0.01691 0.87226 1.589 0.37120 10.0000 46.69 0.9702 0.9704 2.165441 
572.0831 33.506 91.096 -0.01669 0.87239 1.563 0.37018 10.0000 46.63 0.9702 0.9705 2.167241 
571.6075 33.539 91.078 -0.01641 0.87268 1.556 0.36911 10.0000 46.38 0.9704 0.9706 2.169044 
571.1318 33.571 91.069 -0.01629 0.87299 1.555 0.36807 10.0000 45.62 0.9706 0.9708 2.170851 
570.6559 33.603 91.062 -0.01618 0.87334 1.534 0.36708 10.0000 46.17 0.9706 0.9708 2.172661 
570.1801 33.635 91.051 -0.01603 0.87358 1.514 0.36603 10.0000 45.96 0.9704 0.9706 2.174474 
569.7040 33.661 91.045 -0.01594 0.87359 1.506 0.36511 10.0000 45.20 0.9704 0.9706 2.176291 
569.2278 33.693 91.034 -0.01578 0.87408 1.503 0.36415 10.0000 45.82 0.9706 0.9708 2.178112 
568.7516 33.724 91.021 -0.01558 0.87424 1.487 0.36312 10.0000 44.98 0.9706 0.9708 2.179936 
568.2753 33.752 91.011 -0.01543 0.87449 1.469 0.36220 10.0000 44.74 0.9707 0.9709 2.181763 
567.7988 33.782 90.995 -0.01519 0.87463 1.458 0.36118 10.0000 45.09 0.9708 0.9710 2.183594 
567.3222 33.810 90.983 -0.01500 0.87467 1.451 0.36021 10.0000 45.30 0.9710 0.9712 2.185428 
566.8455 33.841 90.971 -0.01483 0.87490 1.440 0.35921 10.0000 44.63 0.9710 0.9712 2.187266 
566.3687 33.870 90.956 -0.01461 0.87509 1.433 0.35824 10.0000 45.11 0.9711 0.9713 2.189107 
565.8918 33.900 90.950 -0.01451 0.87530 1.408 0.35727 10.0000 44.52 0.9711 0.9713 2.190952 
565.4149 33.931 90.942 -0.01440 0.87564 1.403 0.35629 10.0000 44.24 0.9711 0.9713 2.192800 
564.9377 33.958 90.934 -0.01428 0.87569 1.391 0.35536 10.0000 44.58 0.9710 0.9712 2.194653 
564.4605 33.987 90.922 -0.01409 0.87569 1.386 0.35430 10.0000 44.31 0.9709 0.9711 2.196508 
563.9832 34.014 90.910 -0.01391 0.87556 1.378 0.35330 10.0000 43.96 0.9709 0.9711 2.198367 
563.5057 34.042 90.897 -0.01371 0.87552 1.351 0.35230 10.0000 43.26 0.9708 0.9710 2.200230 
563.0282 34.071 90.885 -0.01352 0.87545 1.347 0.35122 10.0000 43.32 0.9707 0.9709 2.202096 
562.5505 34.105 90.872 -0.01332 0.87552 1.331 0.35006 10.0000 42.98 0.9707 0.9709 2.203966 
562.0728 34.133 90.861 -0.01316 0.87554 1.339 0.34906 10.0000 43.96 0.9706 0.9708 2.205839 
561.5948 34.164 90.851 -0.01301 0.87562 1.315 0.34799 10.0000 43.28 0.9705 0.9707 2.207716 
561.1169 34.196 90.837 -0.01279 0.87567 1.308 0.34686 10.0000 42.93 0.9703 0.9705 2.209597 
560.6388 34.227 90.819 -0.01252 0.87567 1.295 0.34577 10.0000 43.02 0.9702 0.9704 2.211481 
560.1606 34.260 90.807 -0.01234 0.87561 1.293 0.34460 10.0000 42.81 0.9701 0.9703 2.213369 
559.6823 34.289 90.789 -0.01206 0.87548 1.285 0.34351 10.0000 43.41 0.9700 0.9702 2.215260 
559.2039 34.319 90.776 -0.01186 0.87543 1.273 0.34243 10.0000 42.95 0.9698 0.9700 2.217155 
558.7253 34.349 90.764 -0.01167 0.87536 1.264 0.34137 10.0000 43.26 0.9696 0.9698 2.219055 
558.2467 34.381 90.755 -0.01154 0.87555 1.251 0.34029 10.0000 42.16 0.9695 0.9697 2.220957 
557.7679 34.413 90.742 -0.01134 0.87567 1.244 0.33921 10.0000 42.24 0.9694 0.9696 2.222864 
557.2891 34.445 90.730 -0.01116 0.87579 1.233 0.33813 10.0000 42.43 0.9693 0.9695 2.224773 
556.8102 34.476 90.720 -0.01101 0.87576 1.233 0.33705 10.0000 42.10 0.9691 0.9693 2.226687 
556.3311 34.507 90.708 -0.01082 0.87580 1.211 0.33595 10.0000 40.90 0.9692 0.9694 2.228604 
555.8519 34.539 90.702 -0.01074 0.87589 1.215 0.33490 10.0000 41.58 0.9691 0.9693 2.230525 
555.3726 34.571 90.689 -0.01053 0.87591 1.201 0.33376 10.0000 41.12 0.9690 0.9692 2.232451 
554.8932 34.600 90.675 -0.01031 0.87609 1.194 0.33282 10.0000 41.79 0.9689 0.9691 2.234379 
554.4137 34.631 90.655 -0.01002 0.87600 1.187 0.33171 10.0000 41.57 0.9688 0.9690 2.236312 
553.9341 34.663 90.643 -0.00983 0.87609 1.186 0.33062 10.0000 41.89 0.9688 0.9690 2.238248 
553.4543 34.694 90.632 -0.00967 0.87621 1.173 0.32957 10.0000 40.44 0.9687 0.9689 2.240188 
552.9745 34.724 90.615 -0.00941 0.87621 1.162 0.32853 10.0000 40.41 0.9686 0.9688 2.242132 
552.4946 34.756 90.606 -0.00926 0.87604 1.153 0.32735 10.0000 40.44 0.9686 0.9688 2.244080 
552.0145 34.787 90.596 -0.00911 0.87591 1.151 0.32620 10.0000 40.20 0.9688 0.9689 2.246031 
551.5344 34.819 90.586 -0.00895 0.87599 1.147 0.32512 10.0000 40.32 0.9687 0.9689 2.247986 
551.0541 34.849 90.577 -0.00882 0.87592 1.137 0.32405 10.0000 40.37 0.9687 0.9689 2.249946 
550.5737 34.883 90.568 -0.00868 0.87577 1.128 0.32284 10.0000 39.99 0.9687 0.9689 2.251909 
550.0933 34.915 90.554 -0.00846 0.87583 1.121 0.32175 10.0000 40.54 0.9688 0.9690 2.253876 
549.6127 34.946 90.542 -0.00828 0.87565 1.120 0.32059 10.0000 40.34 0.9688 0.9690 2.255847 
549.1320 34.979 90.530 -0.00809 0.87547 1.109 0.31940 10.0000 39.48 0.9688 0.9690 2.257821 
548.6511 35.011 90.516 -0.00788 0.87537 1.106 0.31825 10.0000 38.99 0.9690 0.9692 2.259800 
548.1702 35.043 90.501 -0.00766 0.87531 1.093 0.31710 10.0000 39.34 0.9691 0.9693 2.261783 
547.6891 35.074 90.488 -0.00745 0.87521 1.082 0.31601 10.0000 38.69 0.9692 0.9693 2.263770 
547.2080 35.106 90.477 -0.00729 0.87513 1.085 0.31488 10.0000 38.73 0.9693 0.9695 2.265760 
546.7267 35.138 90.469 -0.00716 0.87517 1.078 0.31377 10.0000 39.43 0.9694 0.9696 2.267755 
546.2454 35.171 90.460 -0.00703 0.87515 1.071 0.31263 10.0000 38.44 0.9694 0.9696 2.269752 
545.7639 35.203 90.451 -0.00689 0.87509 1.063 0.31151 10.0000 37.89 0.9695 0.9697 2.271755 
545.2823 35.233 90.438 -0.00669 0.87503 1.060 0.31046 10.0000 38.51 0.9695 0.9697 2.273762 
544.8007 35.265 90.427 -0.00652 0.87483 1.057 0.30927 10.0000 37.63 0.9696 0.9698 2.275771 
544.3188 35.297 90.410 -0.00626 0.87483 1.055 0.30820 10.0000 37.61 0.9698 0.9700 2.277786 
543.8369 35.327 90.401 -0.00612 0.87468 1.047 0.30710 10.0000 37.40 0.9700 0.9701 2.279805 
543.3549 35.359 90.387 -0.00591 0.87465 1.027 0.30599 10.0000 36.85 0.9701 0.9703 2.281827 
542.8728 35.390 90.379 -0.00578 0.87443 1.032 0.30488 10.0000 37.00 0.9702 0.9704 2.283853 
542.3905 35.419 90.370 -0.00565 0.87433 1.024 0.30381 10.0000 36.86 0.9703 0.9705 2.285884 
541.9082 35.451 90.356 -0.00544 0.87419 1.019 0.30269 10.0000 36.53 0.9703 0.9704 2.287919 
541.4257 35.482 90.345 -0.00526 0.87422 1.018 0.30165 10.0000 36.37 0.9703 0.9705 2.289958 
540.9431 35.515 90.332 -0.00507 0.87403 1.008 0.30044 10.0000 35.57 0.9705 0.9707 2.292001 
540.4604 35.545 90.325 -0.00495 0.87390 1.002 0.29937 10.0000 35.95 0.9706 0.9708 2.294048 
539.9777 35.579 90.311 -0.00475 0.87388 1.015 0.29822 10.0000 36.49 0.9708 0.9710 2.296098 
539.4948 35.610 90.298 -0.00455 0.87384 1.000 0.29714 10.0000 35.66 0.9709 0.9711 2.298154 
539.0118 35.644 90.284 -0.00432 0.87383 0.993 0.29599 10.0000 35.33 0.9711 0.9713 2.300213 
538.5286 35.674 90.274 -0.00418 0.87373 0.987 0.29492 10.0000 34.66 0.9713 0.9715 2.302277 
538.0454 35.706 90.268 -0.00409 0.87360 0.984 0.29381 10.0000 34.57 0.9714 0.9716 2.304344 
537.5621 35.737 90.257 -0.00393 0.87367 0.976 0.29278 10.0000 34.32 0.9716 0.9717 2.306416 
537.0786 35.768 90.242 -0.00369 0.87362 0.971 0.29171 10.0000 34.08 0.9715 0.9717 2.308492 
536.5950 35.801 90.232 -0.00353 0.87345 0.966 0.29052 10.0000 33.55 0.9716 0.9718 2.310573 
536.1114 35.831 90.225 -0.00343 0.87356 0.975 0.28956 10.0000 34.24 0.9716 0.9718 2.312657 
535.6276 35.860 90.217 -0.00331 0.87366 0.964 0.28859 10.0000 32.82 0.9716 0.9718 2.314746 
535.1437 35.890 90.207 -0.00316 0.87373 0.958 0.28760 10.0000 33.20 0.9718 0.9720 2.316839 
534.6597 35.922 90.201 -0.00307 0.87372 0.956 0.28653 10.0000 33.12 0.9718 0.9720 2.318936 
534.1756 35.954 90.193 -0.00294 0.87394 0.947 0.28553 10.0000 32.26 0.9718 0.9720 2.321038 
533.6913 35.984 90.182 -0.00278 0.87394 0.943 0.28450 10.0000 31.68 0.9719 0.9721 2.323144 
533.2070 36.019 90.171 -0.00262 0.87402 0.944 0.28335 10.0000 31.64 0.9721 0.9722 2.325254 
532.7226 36.056 90.165 -0.00252 0.87413 0.943 0.28212 10.0000 31.28 0.9722 0.9724 2.327369 
532.2380 36.090 90.154 -0.00235 0.87414 0.936 0.28098 10.0000 31.01 0.9722 0.9724 2.329488 
531.7534 36.125 90.148 -0.00226 0.87428 0.934 0.27984 10.0000 31.03 0.9724 0.9725 2.331611 
531.2686 36.160 90.142 -0.00216 0.87434 0.931 0.27869 10.0000 31.04 0.9724 0.9726 2.333738 
530.7837 36.197 90.134 -0.00204 0.87461 0.931 0.27755 10.0000 30.17 0.9727 0.9728 2.335870 
530.2987 36.234 90.127 -0.00194 0.87482 0.926 0.27637 10.0000 29.46 0.9727 0.9729 2.338007 
529.8136 36.268 90.117 -0.00179 0.87506 0.926 0.27532 10.0000 29.88 0.9729 0.9731 2.340147 
529.3284 36.303 90.111 -0.00169 0.87529 0.914 0.27420 10.0000 29.19 0.9729 0.9731 2.342292 
528.8430 36.338 90.105 -0.00160 0.87537 0.919 0.27305 10.0000 29.21 0.9730 0.9732 2.344442 
528.3576 36.377 90.097 -0.00148 0.87576 0.920 0.27186 10.0000 29.10 0.9732 0.9734 2.346596 
527.8720 36.413 90.087 -0.00132 0.87597 0.912 0.27071 10.0000 28.51 0.9732 0.9734 2.348755 
527.3864 36.450 90.076 -0.00116 0.87614 0.911 0.26955 10.0000 28.18 0.9732 0.9734 2.350917 
526.9006 36.489 90.070 -0.00108 0.87646 0.906 0.26834 10.0000 27.78 0.9733 0.9734 2.353085 
526.4147 36.529 90.066 -0.00101 0.87682 0.901 0.26711 10.0000 27.13 0.9733 0.9735 2.355257 
525.9287 36.571 90.056 -0.00086 0.87700 0.896 0.26577 10.0000 27.07 0.9734 0.9736 2.357433 
525.4426 36.611 90.050 -0.00076 0.87722 0.906 0.26449 10.0000 27.27 0.9735 0.9737 2.359614 
524.9564 36.653 90.040 -0.00061 0.87731 0.895 0.26312 10.0000 26.44 0.9735 0.9737 2.361800 
524.4700 36.697 90.032 -0.00049 0.87743 0.896 0.26166 10.0000 26.00 0.9733 0.9735 2.363990 
523.9836 36.739 90.024 -0.00037 0.87792 0.891 0.26041 10.0000 25.46 0.9734 0.9736 2.366185 
523.4971 36.782 90.017 -0.00026 0.87843 0.886 0.25913 10.0000 25.44 0.9736 0.9738 2.368384 
523.0104 36.823 90.010 -0.00015 0.87894 0.884 0.25791 10.0000 24.83 0.9735 0.9737 2.370588 
522.5236 36.866 90.008 -0.00013 0.87931 0.883 0.25661 10.0000 24.24 0.9735 0.9737 2.372796 
522.0367 36.914 90.002 -0.00003 0.87957 0.879 0.25506 10.0000 24.15 0.9734 0.9737 2.375009 
521.5497 36.961 89.993 0.00011 0.87977 0.869 0.25358 10.0000 23.81 0.9735 0.9737 2.377227 
521.0626 37.003 89.992 0.00013 0.87997 0.869 0.25223 10.0000 23.48 0.9735 0.9737 2.379449 
520.5754 37.050 89.989 0.00017 0.88029 0.872 0.25075 10.0000 23.68 0.9734 0.9736 2.381676 
520.0881 37.095 89.987 0.00020 0.88091 0.874 0.24945 10.0000 23.38 0.9736 0.9738 2.383908 
519.6006 37.142 89.985 0.00022 0.88142 0.862 0.24802 10.0000 23.00 0.9737 0.9740 2.386144 
519.1131 37.186 89.985 0.00023 0.88199 0.861 0.24673 10.0000 22.86 0.9739 0.9742 2.388385 
518.6254 37.231 89.983 0.00026 0.88265 0.859 0.24540 10.0000 22.18 0.9740 0.9742 2.390631 
518.1377 37.276 89.979 0.00033 0.88301 0.862 0.24401 10.0000 22.11 0.9737 0.9740 2.392881 
517.6498 37.323 89.972 0.00044 0.88343 0.851 0.24258 10.0000 21.43 0.9737 0.9740 2.395137 
517.1618 37.362 89.971 0.00045 0.88370 0.850 0.24135 10.0000 21.20 0.9735 0.9738 2.397397 
516.6737 37.400 89.972 0.00044 0.88435 0.843 0.24027 10.0000 20.86 0.9735 0.9738 2.399661 
516.1855 37.446 89.966 0.00052 0.88489 0.846 0.23889 10.0000 20.52 0.9735 0.9738 2.401931 
515.6971 37.494 89.958 0.00065 0.88534 0.842 0.23742 10.0000 20.40 0.9737 0.9739 2.404206 
515.2087 37.537 89.955 0.00069 0.88568 0.838 0.23608 10.0000 20.37 0.9738 0.9741 2.406485 
514.7202 37.585 89.955 0.00070 0.88608 0.831 0.23462 10.0000 19.98 0.9739 0.9742 2.408769 
514.2314 37.625 89.957 0.00066 0.88674 0.825 0.23344 10.0000 19.53 0.9740 0.9743 2.411058 
513.7427 37.668 89.957 0.00067 0.88695 0.830 0.23209 10.0000 19.64 0.9739 0.9742 2.413352 
513.2538 37.716 89.955 0.00070 0.88742 0.825 0.23064 10.0000 19.03 0.9741 0.9744 2.415651 
512.7648 37.761 89.953 0.00073 0.88767 0.822 0.22920 10.0000 18.92 0.9738 0.9741 2.417955 
512.2757 37.805 89.954 0.00071 0.88789 0.818 0.22781 10.0000 18.74 0.9737 0.9740 2.420263 
511.7864 37.855 89.946 0.00084 0.88841 0.809 0.22630 10.0000 18.44 0.9736 0.9739 2.422577 
511.2971 37.904 89.940 0.00094 0.88867 0.808 0.22474 10.0000 18.40 0.9736 0.9739 2.424895 
510.8076 37.953 89.937 0.00097 0.88888 0.796 0.22316 10.0000 17.89 0.9736 0.9740 2.427219 
510.3181 37.995 89.929 0.00110 0.88930 0.806 0.22189 10.0000 17.53 0.9735 0.9738 2.429547 
509.8284 38.031 89.924 0.00118 0.88957 0.803 0.22076 10.0000 17.19 0.9729 0.9732 2.431881 
509.3386 38.069 89.928 0.00112 0.88983 0.795 0.21960 10.0000 17.11 0.9725 0.9728 2.434219 
508.8488 38.113 89.925 0.00116 0.89023 0.784 0.21823 10.0000 16.63 0.9723 0.9726 2.436563 
508.3587 38.161 89.924 0.00119 0.89059 0.784 0.21675 10.0000 16.75 0.9720 0.9723 2.438912 
507.8686 38.204 89.923 0.00120 0.89088 0.792 0.21538 10.0000 16.63 0.9718 0.9721 2.441265 
507.3784 38.249 89.915 0.00132 0.89107 0.793 0.21395 10.0000 16.43 0.9716 0.9720 2.443624 
506.8880 38.290 89.908 0.00143 0.89103 0.782 0.21259 10.0000 15.76 0.9709 0.9713 2.445988 
506.3976 38.335 89.896 0.00162 0.89114 0.777 0.21116 10.0000 15.50 0.9706 0.9710 2.448357 
505.9070 38.375 89.885 0.00178 0.89102 0.766 0.20979 10.0000 14.96 0.9701 0.9704 2.450731 
505.4163 38.424 89.878 0.00190 0.89137 0.768 0.20830 10.0000 14.87 0.9702 0.9705 2.453110 
504.9255 38.464 89.869 0.00204 0.89171 0.758 0.20705 10.0000 14.79 0.9700 0.9704 2.455495 
504.4346 38.506 89.858 0.00221 0.89196 0.761 0.20571 10.0000 14.73 0.9695 0.9699 2.457884 
503.9436 38.545 89.851 0.00232 0.89199 0.748 0.20447 10.0000 14.35 0.9686 0.9689 2.460279 
503.4525 38.579 89.848 0.00237 0.89188 0.745 0.20330 10.0000 14.07 0.9678 0.9682 2.462679 
502.9612 38.617 89.842 0.00246 0.89209 0.730 0.20210 10.0000 13.62 0.9676 0.9680 2.465085 
502.4698 38.656 89.831 0.00262 0.89237 0.731 0.20090 10.0000 13.70 0.9671 0.9674 2.467495 
501.9784 38.700 89.824 0.00274 0.89248 0.726 0.19949 10.0000 13.48 0.9667 0.9671 2.469911 
501.4868 38.741 89.826 0.00271 0.89253 0.716 0.19815 10.0000 13.36 0.9665 0.9668 2.472332 
500.9951 38.780 89.823 0.00276 0.89260 0.704 0.19691 10.0000 12.80 0.9658 0.9662 2.474759 
500.5033 38.817 89.814 0.00289 0.89282 0.678 0.19573 10.0000 12.03 0.9654 0.9658 2.477190 
500.0114 38.861 89.804 0.00305 0.89283 0.675 0.19430 10.0000 12.01 0.9652 0.9656 2.479627 
499.5193 38.899 89.796 0.00318 0.89297 0.682 0.19309 10.0000 12.04 0.9646 0.9649 2.482070 
499.0272 38.938 89.793 0.00323 0.89308 0.675 0.19186 10.0000 11.59 0.9641 0.9644 2.484518 
498.5349 38.974 89.786 0.00333 0.89298 0.665 0.19065 10.0000 11.13 0.9634 0.9637 2.486971 
498.0426 39.014 89.778 0.00346 0.89313 0.654 0.18938 10.0000 10.84 0.9631 0.9634 2.489429 
497.5501 39.053 89.771 0.00356 0.89319 0.640 0.18812 10.0000 10.35 0.9623 0.9626 2.491894 
497.0575 39.095 89.761 0.00373 0.89328 0.641 0.18678 10.0000 10.32 0.9618 0.9621 2.494363 
496.5648 39.137 89.751 0.00388 0.89349 0.635 0.18546 10.0000 9.82 0.9620 0.9622 2.496838 
496.0720 39.173 89.740 0.00406 0.89371 0.629 0.18433 10.0000 9.61 0.9613 0.9616 2.499318 
495.5790 39.210 89.731 0.00420 0.89386 0.621 0.18317 10.0000 9.26 0.9608 0.9611 2.501805 
495.0860 39.249 89.714 0.00446 0.89404 0.606 0.18194 10.0000 8.83 0.9606 0.9608 2.504296 
494.5928 39.286 89.699 0.00469 0.89396 0.602 0.18071 10.0000 8.86 0.9593 0.9595 2.506793 
494.0995 39.327 89.687 0.00488 0.89410 0.587 0.17942 10.0000 8.55 0.9589 0.9591 2.509296 
493.6062 39.365 89.676 0.00505 0.89393 0.573 0.17814 10.0000 8.26 0.9583 0.9586 2.511804 
493.1127 39.406 89.668 0.00518 0.89388 0.546 0.17680 10.0000 7.82 0.9578 0.9581 2.514318 
492.6190 39.442 89.655 0.00538 0.89416 0.539 0.17569 10.0000 7.64 0.9573 0.9576 2.516837 
492.1253 39.480 89.644 0.00555 0.89454 0.527 0.17453 10.0000 7.69 0.9569 0.9571 2.519362 
491.6315 39.515 89.632 0.00574 0.89475 0.501 0.17345 10.0000 7.35 0.9564 0.9567 2.521893 
491.1375 39.550 89.619 0.00595 0.89489 0.473 0.17232 10.0000 7.05 0.9558 0.9560 2.524429 
490.6435 39.589 89.609 0.00611 0.89527 0.459 0.17113 10.0000 6.66 0.9553 0.9555 2.526971 
490.1493 39.630 89.599 0.00627 0.89545 0.458 0.16984 10.0000 6.47 0.9548 0.9550 2.529519 
489.6550 39.661 89.582 0.00654 0.89568 0.442 0.16888 10.0000 6.40 0.9540 0.9542 2.532072 
489.1606 39.699 89.575 0.00665 0.89590 0.441 0.16769 10.0000 6.34 0.9534 0.9536 2.534631 
488.6661 39.735 89.561 0.00686 0.89590 0.433 0.16655 10.0000 6.01 0.9531 0.9533 2.537196 
488.1714 39.781 89.542 0.00717 0.89628 0.413 0.16513 10.0000 5.82 0.9530 0.9532 2.539768 
487.6767 39.815 89.522 0.00748 0.89661 0.416 0.16408 10.0000 5.79 0.9521 0.9523 2.542344 
487.1818 39.851 89.504 0.00776 0.89714 0.403 0.16300 10.0000 5.67 0.9517 0.9519 2.544927 
486.6869 39.885 89.490 0.00798 0.89760 0.394 0.16200 10.0000 5.48 0.9512 0.9514 2.547514 
486.1918 39.924 89.477 0.00820 0.89780 0.375 0.16079 10.0000 5.15 0.9505 0.9507 2.550109 
485.6966 39.956 89.463 0.00841 0.89781 0.374 0.15973 10.0000 5.06 0.9496 0.9497 2.552709 
485.2013 39.993 89.448 0.00865 0.89862 0.365 0.15868 10.0000 5.03 0.9492 0.9493 2.555314 
484.7058 40.026 89.434 0.00887 0.89866 0.356 0.15763 10.0000 4.89 0.9482 0.9484 2.557927 
484.2103 40.055 89.425 0.00903 0.89911 0.328 0.15676 10.0000 4.57 0.9474 0.9476 2.560544 
483.7146 40.083 89.411 0.00925 0.89968 0.315 0.15594 10.0000 4.53 0.9473 0.9474 2.563168 
483.2189 40.117 89.399 0.00944 0.90007 0.300 0.15493 10.0000 4.59 0.9469 0.9470 2.565798 
482.7230 40.146 89.391 0.00957 0.90043 0.282 0.15406 10.0000 4.48 0.9463 0.9464 2.568433 
482.2270 40.175 89.379 0.00975 0.90055 0.275 0.15315 10.0000 4.55 0.9454 0.9455 2.571075 
481.7309 40.204 89.366 0.00997 0.90093 0.256 0.15228 10.0000 4.42 0.9446 0.9448 2.573723 
481.2346 40.227 89.359 0.01009 0.90140 0.242 0.15159 10.0000 4.40 0.9436 0.9437 2.576377 
480.7383 40.248 89.355 0.01015 0.90186 0.223 0.15099 10.0000 4.17 0.9429 0.9431 2.579037 
480.2419 40.281 89.353 0.01019 0.90229 0.212 0.15000 10.0000 4.08 0.9426 0.9427 2.581703 
479.7453 40.310 89.345 0.01031 0.90283 0.202 0.14913 10.0000 4.04 0.9421 0.9423 2.584375 
479.2486 40.338 89.335 0.01048 0.90316 0.194 0.14828 10.0000 3.91 0.9415 0.9416 2.587054 
478.7518 40.360 89.329 0.01058 0.90335 0.183 0.14760 10.0000 3.80 0.9405 0.9406 2.589738 
478.2549 40.390 89.324 0.01067 0.90383 0.180 0.14672 10.0000 3.83 0.9396 0.9397 2.592429 
477.7579 40.415 89.314 0.01082 0.90424 0.173 0.14597 10.0000 3.84 0.9390 0.9392 2.595126 
477.2608 40.436 89.308 0.01092 0.90476 0.169 0.14538 10.0000 3.66 0.9384 0.9385 2.597829 
476.7635 40.461 89.309 0.01092 0.90507 0.163 0.14464 10.0000 3.66 0.9376 0.9377 2.600539 
476.2662 40.486 89.298 0.01110 0.90572 0.155 0.14390 10.0000 3.57 0.9371 0.9373 2.603254 
475.7687 40.515 89.290 0.01123 0.90622 0.151 0.14305 10.0000 3.52 0.9367 0.9368 2.605976 
475.2711 40.543 89.294 0.01117 0.90633 0.143 0.14218 10.0000 3.55 0.9358 0.9359 2.608705 
474.7734 40.573 89.293 0.01119 0.90600 0.137 0.14114 10.0000 3.48 0.9352 0.9354 2.611439 
474.2756 40.599 89.290 0.01122 0.90615 0.128 0.14032 10.0000 3.41 0.9345 0.9346 2.614180 
473.7776 40.625 89.288 0.01126 0.90602 0.119 0.13947 10.0000 3.46 0.9333 0.9334 2.616928 
473.2796 40.659 89.281 0.01136 0.90572 0.112 0.13833 10.0000 3.36 0.9324 0.9325 2.619682 
472.7814 40.691 89.282 0.01134 0.90533 0.104 0.13722 10.0000 3.18 0.9316 0.9317 2.622442 
472.2831 40.729 89.283 0.01132 0.90456 0.097 0.13587 10.0000 3.17 0.9309 0.9310 2.625209 
471.7848 40.772 89.280 0.01136 0.90415 0.092 0.13442 10.0000 3.21 0.9308 0.9309 2.627982 
471.2863 40.814 89.279 0.01138 0.90399 0.087 0.13306 10.0000 3.16 0.9301 0.9303 2.630762 
470.7876 40.853 89.288 0.01123 0.90333 0.083 0.13168 10.0000 3.11 0.9291 0.9292 2.633548 
470.2889 40.896 89.294 0.01112 0.90319 0.081 0.13031 10.0000 3.06 0.9287 0.9288 2.636341 
469.7900 40.942 89.294 0.01113 0.90278 0.078 0.12875 10.0000 3.04 0.9281 0.9283 2.639141 
469.2911 40.989 89.302 0.01098 0.90164 0.077 0.12708 10.0000 2.99 0.9271 0.9273 2.641946 
468.7920 41.059 89.307 0.01090 0.90108 0.074 0.12477 10.0000 2.93 0.9274 0.9275 2.644759 
468.2928 41.121 89.303 0.01096 0.90073 0.072 0.12273 10.0000 2.88 0.9271 0.9272 2.647578 
467.7935 41.180 89.310 0.01084 0.89992 0.070 0.12072 10.0000 2.87 0.9268 0.9270 2.650404 
467.2941 41.238 89.315 0.01075 0.89928 0.068 0.11877 10.0000 2.79 0.9268 0.9269 2.653237 
466.7945 41.313 89.324 0.01060 0.89834 0.065 0.11628 10.0000 2.75 0.9272 0.9274 2.656077 
466.2949 41.373 89.335 0.01043 0.89788 0.062 0.11428 10.0000 2.76 0.9270 0.9271 2.658922 
465.7951 41.443 89.354 0.01012 0.89702 0.058 0.11196 10.0000 2.65 0.9274 0.9275 2.661775 
465.2952 41.499 89.379 0.00971 0.89624 0.054 0.11008 10.0000 2.59 0.9268 0.9270 2.664635 
464.7952 41.569 89.399 0.00940 0.89573 0.049 0.10781 10.0000 2.63 0.9272 0.9274 2.667502 
464.2951 41.636 89.415 0.00913 0.89439 0.046 0.10551 10.0000 2.60 0.9266 0.9268 2.670375 
463.7949 41.717 89.436 0.00879 0.89271 0.041 0.10275 10.0000 2.53 0.9265 0.9267 2.673255 
463.2946 41.778 89.464 0.00834 0.89144 0.039 0.10067 10.0000 2.46 0.9264 0.9265 2.676142 
462.7941 41.856 89.488 0.00795 0.88991 0.036 0.09805 10.0000 2.44 0.9270 0.9271 2.679036 
462.2935 41.936 89.499 0.00777 0.88849 0.034 0.09539 10.0000 2.44 0.9269 0.9271 2.681937 
461.7928 42.015 89.518 0.00747 0.88703 0.032 0.09278 10.0000 2.44 0.9269 0.9271 2.684845 
461.2921 42.086 89.540 0.00711 0.88539 0.031 0.09037 10.0000 2.38 0.9271 0.9273 2.687759 
460.7911 42.163 89.553 0.00690 0.88412 0.030 0.08783 10.0000 2.38 0.9273 0.9275 2.690681 
460.2901 42.243 89.566 0.00669 0.88282 0.029 0.08523 10.0000 2.33 0.9275 0.9277 2.693610 
459.7889 42.324 89.589 0.00632 0.88168 0.029 0.08260 10.0000 2.30 0.9274 0.9276 2.696546 
459.2877 42.410 89.610 0.00599 0.88030 0.028 0.07982 10.0000 2.28 0.9280 0.9282 2.699489 
458.7863 42.498 89.634 0.00561 0.87908 0.028 0.07698 10.0000 2.25 0.9285 0.9287 2.702439 
458.2848 42.582 89.649 0.00537 0.87767 0.028 0.07427 10.0000 2.28 0.9288 0.9289 2.705396 
457.7832 42.671 89.676 0.00496 0.87590 0.026 0.07137 10.0000 2.20 0.9284 0.9286 2.708360 
457.2815 42.774 89.702 0.00454 0.87385 0.026 0.06805 10.0000 2.25 0.9285 0.9287 2.711332 
456.7796 42.870 89.733 0.00406 0.87246 0.026 0.06498 10.0000 2.18 0.9296 0.9298 2.714311 
456.2777 42.974 89.759 0.00367 0.87163 0.024 0.06174 10.0000 2.18 0.9308 0.9310 2.717297 
455.7756 43.079 89.785 0.00326 0.86996 0.024 0.05842 10.0000 2.13 0.9315 0.9317 2.720290 
455.2734 43.190 89.816 0.00279 0.86845 0.024 0.05495 10.0000 2.11 0.9320 0.9322 2.723291 
454.7711 43.290 89.833 0.00253 0.86696 0.023 0.05180 10.0000 2.10 0.9327 0.9329 2.726299 
454.2687 43.404 89.851 0.00226 0.86555 0.023 0.04827 10.0000 2.09 0.9341 0.9343 2.729314 
453.7662 43.493 89.874 0.00190 0.86474 0.023 0.04552 10.0000 2.07 0.9347 0.9349 2.732336 
453.2635 43.584 89.899 0.00152 0.86357 0.024 0.04273 10.0000 2.07 0.9347 0.9349 2.735367 
452.7608 43.671 89.923 0.00116 0.86278 0.025 0.04004 10.0000 2.04 0.9350 0.9352 2.738404 
452.2579 43.760 89.948 0.00078 0.86187 0.026 0.03733 10.0000 2.02 0.9352 0.9354 2.741449 
451.7549 43.847 89.974 0.00040 0.86107 0.027 0.03468 10.0000 2.02 0.9354 0.9356 2.744501 
451.2518 43.934 89.999 0.00001 0.86026 0.030 0.03202 10.0000 2.01 0.9354 0.9357 2.747561 
450.7485 44.021 90.026 -0.00038 0.85971 0.032 0.02940 10.0000 2.03 0.9358 0.9361 2.750629 
450.2452 44.107 90.052 -0.00078 0.85884 0.033 0.02679 10.0000 1.97 0.9357 0.9359 2.753704 
449.7417 44.193 90.079 -0.00118 0.85814 0.034 0.02419 10.0000 1.89 0.9357 0.9359 2.756787 
449.2382 44.276 90.106 -0.00158 0.85759 0.037 0.02167 10.0000 1.94 0.9358 0.9360 2.759876 
448.7345 44.361 90.134 -0.00200 0.85694 0.038 0.01911 10.0000 1.89 0.9356 0.9358 2.762974 
448.2307 44.445 90.161 -0.00241 0.85642 0.038 0.01660 10.0000 1.85 0.9356 0.9358 2.766080 
447.7267 44.528 90.190 -0.00283 0.85611 0.041 0.01412 10.0000 1.86 0.9358 0.9360 2.769193 
447.2227 44.610 90.218 -0.00326 0.85571 0.042 0.01165 10.0000 1.84 0.9357 0.9360 2.772314 
446.7186 44.693 90.247 -0.00369 0.85505 0.044 0.00917 10.0000 1.74 0.9352 0.9354 2.775443 
446.2143 44.774 90.277 -0.00413 0.85477 0.047 0.00674 10.0000 1.74 0.9352 0.9354 2.778580 
445.7099 44.855 90.307 -0.00457 0.85450 0.051 0.00433 10.0000 1.75 0.9351 0.9353 2.781724 
445.2054 44.935 90.337 -0.00502 0.85426 0.055 0.00193 10.0000 1.74 0.9349 0.9352 2.784876 
444.7008 45.015 90.367 -0.00548 0.85401 0.061 -0.00045 10.0000 1.75 0.9347 0.9349 2.788036 
444.1960 45.094 90.398 -0.00593 0.85382 0.066 -0.00281 10.0000 1.73 0.9344 0.9346 2.791204 
443.6912 45.173 90.430 -0.00640 0.85362 0.073 -0.00516 10.0000 1.69 0.9340 0.9342 2.794380 
443.1862 45.251 90.461 -0.00687 0.85349 0.078 -0.00749 10.0000 1.67 0.9336 0.9339 2.797564 
442.6812 45.328 90.493 -0.00735 0.85355 0.085 -0.00978 10.0000 1.67 0.9334 0.9337 2.800756 
442.1759 45.406 90.526 -0.00783 0.85346 0.092 -0.01209 10.0000 1.62 0.9330 0.9332 2.803956 
441.6706 45.482 90.559 -0.00832 0.85338 0.096 -0.01437 10.0000 1.59 0.9324 0.9326 2.807164 
441.1652 45.558 90.592 -0.00882 0.85346 0.100 -0.01663 10.0000 1.59 0.9320 0.9322 2.810380 
440.6596 45.633 90.626 -0.00932 0.85354 0.108 -0.01888 10.0000 1.56 0.9314 0.9317 2.813605 
440.1540 45.709 90.660 -0.00983 0.85349 0.109 -0.02114 10.0000 1.49 0.9306 0.9309 2.816837 
439.6482 45.709 90.660 -0.00983 0.85349 0.117 -0.02114 10.0000 1.50 0.9306 0.9309 2.820077 

# MINIMA:
439.6482 0.911 1.730 -311.24939 -212.70570 -2723.437 -302.77417 10.0000 1.49 0.5085 0.5332 1.240099 

# MAXIMA:
999.7925 81.199 359.472 39.14422 14.04454 215.161 67.35753 10.0000 61.73 2.71887812560053862E18 1.04948406861451756E19 2.820077 

# PEAKS:

# END SPECTRUM

