## SPECTRUM TYPE:
LCE

## DATE:
25/06/2026

## COMMENTS:

## NUMBER OF SPECTRUM:
1

## ELLIPSOMETRIC CONFIGURATION:
0.00 ø :Modulator
+45.00 øAnalyser

## UNIT:
nm


# SPECTRUM:
1

# CAPTION:


# START TIME:
11:56:00

# END TIME:
11:56:00

# THETA ANGLE:
0.00 ø

# INCIDENCE ANGLE:
69.95 ø

# ACCUMULATION NUMBER:
11

# ELLIPSOMETRIC CONFIGURATION:
0.00 ø :Modulator
+45.00 øAnalyser

# INTEGRATION TIME:
20 ms

# FIRST POINT:
999.79 nm

# LAST POINT:
439.65 nm

# INCREMENT:
0.00 nm

# NUMBER OF POINTS:
1273

# DATA:
nm Psi Delta Ic Is Reflectance IcPrim IntegrationTime IntensityMax Polarization PolarizationGen eV 
999.7925 17.561 227.963 -31.72370 -35.18742 0.000 67.35753 20.0000 8.53 3.32226234425540608E18 2.24235280977939661E20 1.240099 
999.4089 17.561 227.963 -31.72370 -35.18742 2.186 67.35753 20.0000 8.44 3.08995202998075392E18 2.08555541478412124E20 1.240575 
999.0253 17.561 227.963 -31.72370 -35.18742 1.507 67.35753 20.0000 8.69 2.94560402031771648E18 1.98812795332968055E20 1.241052 
998.6415 17.561 227.963 -31.72370 -35.18742 4.719 67.35753 20.0000 8.64 2.78095682698267853E18 1.87699987330570912E20 1.241529 
998.2578 17.561 227.963 -31.72370 -35.18742 0.522 67.35753 20.0000 8.85 2.59375535162707149E18 1.75064874693192319E20 1.242006 
997.8739 17.561 227.963 -31.72370 -35.18742 1.261 67.35753 20.0000 8.88 2.3817439461465129E18 1.607552146428039E20 1.242484 
997.4900 17.561 227.963 -31.72370 -35.18742 -0.247 67.35753 20.0000 8.80 2.1426673747534807E18 1.44618808381842391E20 1.242962 
997.1060 17.561 227.963 -31.72370 -35.18741 -0.013 67.35753 20.0000 8.98 1.87427012678254592E18 1.26503404336186393E20 1.243440 
996.7219 17.561 227.963 -31.72370 -35.18742 -3.639 67.35753 20.0000 8.88 1.57429669156827955E18 1.06256768523900551E20 1.243920 
996.3377 17.561 227.963 -31.72370 -35.18742 -6.108 67.35753 20.0000 9.11 1.24049169588420608E18 8.37266757591425352E19 1.244399 
995.9535 17.561 227.963 -31.72370 -35.18741 -3.088 67.35753 20.0000 8.96 875110512956801024.0000 5.90653644218942095E19 1.244879 
995.5692 17.561 227.963 -31.72370 -35.18742 1.449 67.35753 20.0000 9.16 480408584732016640.0000 3.24250596979979059E19 1.245360 
995.1848 17.561 227.963 -31.72370 -35.18742 -1.143 67.35753 20.0000 9.32 63152301472219136.0000 4.2624492396085248E18 1.245841 
994.8003 17.561 227.963 -31.72370 -35.18742 0.043 67.35754 20.0000 9.33 360870333395238912.0000 2.43568521694706401E19 1.246322 
994.4158 17.561 227.963 -31.72371 -35.18742 0.032 67.35753 20.0000 9.29 769104810216521728.0000 5.19105387947465114E19 1.246804 
994.0311 63.140 104.227 -0.15426 0.60839 0.020 -0.46070 20.0000 9.46 0.6057 0.6599 1.247287 
993.6464 52.676 88.737 0.01278 0.57964 2.053 -0.15918 20.0000 9.44 0.5827 0.6822 1.247770 
993.2617 40.520 68.948 0.19144 0.49738 1.894 0.08403 20.0000 9.48 0.6024 0.7969 1.248253 
992.8768 47.696 71.117 0.22914 0.66990 -1.744 -0.06682 20.0000 9.60 0.6082 0.7359 1.248737 
992.4919 55.018 33.075 0.39894 0.25981 1.041 -0.17362 20.0000 9.47 0.6472 0.7856 1.249221 
992.1069 56.470 61.233 0.27044 0.49261 -11.440 -0.23785 20.0000 9.68 0.6337 0.7747 1.249706 
991.7218 49.594 57.554 0.32029 0.50379 -2.094 -0.09656 20.0000 9.71 0.6587 0.7771 1.250191 
991.3367 48.603 47.945 0.41250 0.45724 0.905 -0.07786 20.0000 9.93 0.6686 0.8352 1.250677 
990.9514 38.192 50.635 0.42171 0.51403 2.768 0.16105 20.0000 9.93 0.7669 0.9521 1.251163 
990.5661 22.389 68.812 0.13808 0.35620 30.259 0.38501 20.0000 9.97 0.7598 0.9724 1.251650 
990.1807 19.617 54.775 0.23232 0.32902 -28.774 0.49327 20.0000 10.00 0.7901 1.0387 1.252137 
989.7953 10.711 91.058 -0.00432 0.23366 -0.930 0.59564 20.0000 10.10 0.7067 0.9077 1.252625 
989.4097 17.074 90.162 -0.00124 0.43913 -1.850 0.64741 20.0000 10.32 0.6941 0.8085 1.253113 
989.0241 21.389 100.762 -0.10022 0.52727 2.424 0.58006 20.0000 10.26 0.6829 0.7648 1.253601 
988.6384 33.835 109.783 -0.23804 0.66178 1.969 0.28887 20.0000 10.18 0.7025 0.7845 1.254090 
988.2526 27.871 78.164 0.15566 0.74276 31.785 0.51687 20.0000 10.31 0.6904 0.7726 1.254580 
987.8668 34.054 65.847 0.36434 0.81248 1.885 0.35779 20.0000 10.37 0.7187 0.8268 1.255070 
987.4809 28.298 70.395 0.23334 0.65511 -5399.373 0.45860 20.0000 10.36 0.6562 0.7164 1.255560 
987.0949 27.901 72.626 0.18492 0.59101 3.000 0.42083 20.0000 10.51 0.6158 0.6411 1.256051 
986.7088 24.234 70.447 0.17280 0.48655 2.109 0.45733 20.0000 10.64 0.6032 0.6422 1.256543 
986.3226 20.559 79.798 0.06107 0.33937 -2.873 0.39504 20.0000 10.64 0.5899 0.6373 1.257035 
985.9364 26.722 76.974 0.09932 0.42929 -12.165 0.32671 20.0000 10.68 0.6153 0.6870 1.257527 
985.5501 25.257 72.778 0.11493 0.37079 90.168 0.31984 20.0000 10.61 0.6338 0.7697 1.258020 
985.1638 34.742 75.360 0.12904 0.49397 -5.020 0.19105 20.0000 10.89 0.6911 0.8774 1.258513 
984.7773 40.163 75.861 0.15021 0.59630 2.089 0.10482 20.0000 10.89 0.7607 0.9357 1.259007 
984.3907 44.323 68.306 0.32112 0.80718 -3.641 0.02054 20.0000 11.02 0.8114 0.9753 1.259502 
984.0041 42.646 65.987 0.19698 0.44216 -2.895 0.03987 20.0000 11.04 0.6371 0.7766 1.259997 
983.6174 9.617 42.806 0.03838 0.03555 1.609 0.14994 20.0000 11.36 0.5305 0.7734 1.260492 
983.2307 24.402 244.576 -0.11568 -0.24335 1.400 0.23584 20.0000 11.39 0.5589 0.7294 1.260988 
982.8438 23.695 247.133 -0.29745 -0.70530 1.319 0.70414 20.0000 11.47 0.6880 0.9378 1.261484 
982.4569 23.656 217.717 -0.23809 -0.18413 1.353 0.27763 20.0000 11.49 0.6748 0.9878 1.261981 
982.0699 48.317 137.280 -0.13636 0.12591 -3.489 -0.02159 20.0000 11.62 0.7004 0.9579 1.262478 
981.6828 57.520 96.017 -0.05173 0.49077 -0.031 -0.23055 20.0000 11.71 0.8379 1.0204 1.262976 
981.2957 63.759 81.594 0.07219 0.48848 -0.013 -0.37915 20.0000 11.65 0.8577 1.0240 1.263474 
980.9084 56.186 72.611 0.31697 1.01214 0.007 -0.43653 20.0000 11.79 1.0940 1.2443 1.263973 
980.5211 58.241 94.745 -0.13348 1.60816 0.014 -0.80389 20.0000 11.83 1.3155 1.4221 1.264472 
980.1337 53.510 100.535 -0.31621 1.70038 -0.004 -0.52943 20.0000 12.00 1.1878 1.3412 1.264972 
979.7463 50.323 120.425 -0.86607 1.47468 -0.003 -0.32148 20.0000 11.75 1.1600 1.2586 1.265472 
979.3587 50.261 127.586 -1.38777 1.80295 19.283 -0.42263 20.0000 11.89 1.2424 1.3324 1.265973 
978.9711 39.727 172.343 -1.82244 0.24501 6.932 0.34235 20.0000 12.04 1.0015 1.1688 1.266474 
978.5834 42.605 179.784 -1.27534 0.00480 5.071 0.10688 20.0000 11.94 0.9576 1.2270 1.266976 
978.1956 33.079 202.255 -1.10522 -0.45227 7.465 0.52776 20.0000 12.00 0.9746 1.3412 1.267478 
977.8077 29.536 217.589 -0.86789 -0.66809 -4.538 0.65623 20.0000 12.25 1.0540 1.4313 1.267981 
977.4199 30.168 231.041 -0.68783 -0.85065 7.990 0.62306 20.0000 12.34 1.1903 1.5148 1.268484 
977.0319 23.603 196.097 -0.60519 -0.17465 2.717 0.58315 20.0000 12.36 0.9475 1.2954 1.268988 
976.6437 26.335 172.018 -0.58873 0.08255 2.640 0.45338 20.0000 12.32 0.8563 1.3036 1.269493 
976.2556 24.401 156.953 -0.52982 0.22541 -7.921 0.50401 20.0000 12.37 0.8730 1.1054 1.269997 
975.8674 30.686 143.130 -0.57543 0.43158 2.119 0.39263 20.0000 12.66 0.9076 1.0153 1.270502 
975.4790 42.861 125.988 -0.55641 0.76615 2.152 0.07081 20.0000 12.81 1.0035 1.0738 1.271008 
975.0906 41.855 135.004 -0.44398 0.44393 -3.063 0.06920 20.0000 12.57 0.8263 0.8516 1.271515 
974.7021 52.332 119.347 -0.28126 0.50023 -38.570 -0.15018 20.0000 12.80 0.7743 0.8641 1.272021 
974.3136 49.417 96.399 -0.05643 0.50318 2.464 -0.07869 20.0000 12.78 0.6721 0.7731 1.272529 
973.9250 56.073 91.530 -0.01297 0.48578 0.059 -0.19778 20.0000 12.84 0.6492 0.7299 1.273036 
973.5363 58.583 54.120 0.40329 0.55753 0.124 -0.35310 20.0000 13.00 0.7232 0.7725 1.273545 
973.1475 75.703 68.348 0.09155 0.23061 -11.257 -0.45517 20.0000 13.02 0.5849 0.6189 1.274053 
972.7586 75.141 87.370 0.01004 0.21849 -4.608 -0.38317 20.0000 13.09 0.5350 0.5773 1.274563 
972.3697 80.679 119.139 -0.06818 0.12229 -1.954 -0.41503 20.0000 13.23 0.5298 0.5720 1.275073 
971.9807 85.048 134.753 -0.06239 0.06293 -2.548 -0.50757 20.0000 13.27 0.5418 0.5856 1.275583 
971.5916 80.943 119.847 -0.09548 0.16640 -2.654 -0.58650 20.0000 13.41 0.6077 0.6437 1.276094 
971.2024 83.279 86.445 0.01117 0.17971 1.298 -0.75340 20.0000 13.75 0.6869 0.7258 1.276605 
970.8131 87.139 68.319 0.03021 0.07598 0.188 -0.81593 20.0000 13.60 0.7566 0.7905 1.277117 
970.4238 87.074 49.507 0.07010 0.08209 0.105 -1.05333 20.0000 13.51 0.7971 0.8239 1.277629 
970.0344 75.288 141.752 -0.57331 0.45193 0.069 -1.29434 20.0000 13.93 0.9761 1.0518 1.278142 
969.6449 79.289 43.099 0.29905 0.27984 0.050 -1.04393 20.0000 13.95 0.8067 0.8223 1.278656 
969.2553 62.999 11.233 0.95520 0.18971 0.014 -0.70753 20.0000 13.93 0.9339 1.0243 1.279170 
968.8657 53.939 5.424 1.42847 0.13564 -10.748 -0.46283 20.0000 14.07 1.1420 1.3189 1.279684 
968.4760 50.970 0.705 1.85852 0.02286 2.514 -0.39300 20.0000 14.34 1.2835 1.5145 1.280199 
968.0861 50.175 1.809 2.11432 0.06676 1.178 -0.38637 20.0000 14.48 1.3264 1.5834 1.280714 
967.6962 50.653 5.964 2.02486 0.21154 2.440 -0.40704 20.0000 14.47 1.2730 1.5180 1.281230 
967.3063 54.708 15.264 1.73691 0.47399 2.210 -0.63458 20.0000 14.50 1.0849 1.2786 1.281747 
966.9163 57.103 18.262 1.24062 0.40939 2.926 -0.58728 20.0000 14.71 0.8770 1.0123 1.282264 
966.5261 63.489 43.080 0.59103 0.55269 -11.900 -0.60929 20.0000 14.44 0.6636 0.7541 1.282782 
966.1359 61.121 120.858 -0.53461 0.89477 2.394 -0.65746 20.0000 14.33 0.7943 0.9001 1.283300 
965.7457 53.161 30.027 0.83325 0.48160 -1.620 -0.28182 20.0000 14.41 0.6444 0.7928 1.283818 
965.3553 47.586 354.175 0.94976 -0.09689 2.198 -0.08641 20.0000 14.79 0.6241 0.6961 1.284337 
964.9649 44.149 320.781 0.87289 -0.71239 15.017 0.03347 20.0000 14.89 0.6532 0.7726 1.284857 
964.5743 44.540 302.471 0.69786 -1.09665 7.127 0.02088 20.0000 14.71 0.6943 0.9102 1.285377 
964.1838 43.492 296.407 0.45406 -0.91442 -4.297 0.05379 20.0000 14.96 0.6567 0.9849 1.285898 
963.7931 56.912 306.298 0.55989 -0.76225 1.563 -0.41762 20.0000 14.99 0.6265 1.0345 1.286419 
963.4023 76.289 348.911 0.35283 -0.06915 0.263 -0.69300 20.0000 15.28 0.6035 1.0061 1.286941 
963.0115 69.937 75.006 0.16026 0.59834 2.581 -0.73489 20.0000 15.28 0.7340 1.0464 1.287463 
962.6207 80.582 56.968 0.08702 0.13383 4.402 -0.46797 20.0000 15.45 0.6007 0.8216 1.287986 
962.2297 71.064 117.439 -0.07051 0.13580 3.596 -0.19675 20.0000 15.56 0.6416 0.8052 1.288509 
961.8386 36.067 16.487 0.25712 0.07610 3.626 0.08644 20.0000 15.63 0.7527 0.9879 1.289033 
961.4474 33.462 315.178 0.27001 -0.26834 2.780 0.16218 20.0000 15.86 0.7751 1.0231 1.289558 
961.0562 29.674 307.761 0.24023 -0.31014 4.683 0.23250 20.0000 15.58 0.8314 1.1246 1.290083 
960.6649 30.738 304.828 0.30150 -0.43335 0.023 0.28692 20.0000 16.01 0.7814 1.0116 1.290608 
960.2736 31.650 298.956 0.37515 -0.67802 0.036 0.38974 20.0000 15.85 0.7139 0.8542 1.291134 
959.8821 32.660 322.086 0.27221 -0.21201 2.481 0.15855 20.0000 15.88 0.5835 0.6388 1.291661 
959.4905 47.824 78.178 0.09523 0.45493 8.047 -0.04596 20.0000 15.88 0.5346 0.5604 1.292188 
959.0989 58.117 96.037 -0.12486 1.18073 2.275 -0.58511 20.0000 16.33 0.6530 0.7824 1.292715 
958.7073 77.091 114.722 -0.08629 0.18741 3.369 -0.42643 20.0000 16.31 0.5347 0.6194 1.293243 
958.3155 65.370 103.041 -0.09949 0.42953 -40.150 -0.37976 20.0000 16.10 0.5408 0.5791 1.293772 
957.9236 63.911 103.434 -0.11188 0.46837 3.241 -0.37383 20.0000 16.00 0.5574 0.6264 1.294301 
957.5317 65.233 118.965 -0.15572 0.28133 -488.411 -0.27430 20.0000 16.05 0.5584 0.5989 1.294831 
957.1396 52.974 99.203 -0.02919 0.18017 5.881 -0.05216 20.0000 15.87 0.5889 0.7753 1.295362 
956.7476 18.525 64.246 0.05013 0.10392 -11.908 0.15283 20.0000 16.44 0.5762 0.9412 1.295892 
956.3554 10.053 316.596 0.11450 -0.10829 4.851 0.43051 20.0000 16.92 0.5913 1.0924 1.296424 
955.9632 6.654 52.096 0.05388 0.06920 -0.020 0.37074 20.0000 17.06 0.5918 1.1171 1.296956 
955.5709 14.377 20.908 0.24041 0.09184 -0.014 0.46902 20.0000 16.73 0.6094 1.1218 1.297488 
955.1784 18.862 357.300 0.31014 -0.01463 -0.016 0.40137 20.0000 16.87 0.5822 1.0378 1.298021 
954.7859 29.623 356.200 0.39347 -0.02613 3.217 0.23464 20.0000 17.16 0.5540 0.9194 1.298555 
954.3934 45.931 15.600 0.39279 0.10967 22.501 -0.01326 20.0000 16.82 0.5336 0.8288 1.299089 
954.0007 57.895 22.388 0.41842 0.17236 3.985 -0.21866 20.0000 16.85 0.5454 0.8639 1.299624 
953.6080 60.847 36.468 0.33152 0.24502 2.483 -0.25455 20.0000 17.20 0.5767 0.8390 1.300159 
953.2152 66.768 61.596 0.20431 0.37779 -4.863 -0.40809 20.0000 17.35 0.6102 0.7915 1.300695 
952.8223 66.159 47.934 0.25247 0.27975 2.229 -0.34312 20.0000 17.22 0.5940 0.6891 1.301231 
952.4293 61.583 37.200 0.30242 0.22955 3.308 -0.24812 20.0000 17.38 0.5905 0.6519 1.301768 
952.0363 62.262 50.137 0.22784 0.27285 7.630 -0.24453 20.0000 17.36 0.6226 0.7439 1.302305 
951.6432 52.951 57.415 0.18308 0.28643 3.209 -0.09685 20.0000 17.93 0.6818 0.7664 1.302843 
951.2499 53.284 38.462 0.32868 0.26109 33.685 -0.12488 20.0000 17.37 0.6628 0.7644 1.303382 
950.8567 33.199 58.257 0.28199 0.45582 5.915 0.23418 20.0000 17.37 0.6673 0.8864 1.303921 
950.4633 34.495 32.698 0.29776 0.19115 3.245 0.13589 20.0000 17.51 0.5721 0.6946 1.304461 
950.0699 58.746 354.843 0.26857 -0.02424 -0.510 -0.14033 20.0000 17.81 0.5484 0.9392 1.305001 
949.6763 84.316 14.583 0.10209 0.02656 -0.253 -0.52465 20.0000 17.93 0.5830 1.2013 1.305542 
949.2827 86.755 241.193 -0.06568 -0.11943 -0.206 -1.19791 20.0000 18.00 0.6991 1.4370 1.306083 
948.8890 78.349 279.607 0.09258 -0.54697 -0.377 -1.28800 20.0000 18.48 0.7606 1.5105 1.306625 
948.4953 80.890 290.365 0.13413 -0.36134 -0.037 -1.17092 20.0000 18.31 0.6997 1.3978 1.307167 
948.1014 79.081 294.955 0.13510 -0.29032 1.055 -0.79908 20.0000 18.54 0.5987 1.1230 1.307710 
947.7075 83.475 63.880 0.05149 0.10501 2.440 -0.50456 20.0000 18.40 0.5889 0.8960 1.308254 
947.3135 32.017 87.734 0.01750 0.44218 14.707 0.21552 20.0000 17.77 0.5534 0.6036 1.308798 
946.9194 19.845 89.376 0.00819 0.75250 1.065 0.90678 20.0000 17.98 0.7264 0.9962 1.309343 
946.5253 13.963 89.404 0.00548 0.52602 0.351 0.99244 20.0000 18.12 0.6661 0.7656 1.309888 
946.1310 47.955 349.996 3.23175 -0.57009 2.992 -0.33972 20.0000 18.62 2.4672 3.3025 1.310434 
945.7367 59.012 315.898 1.11589 -1.08146 5.872 -0.82707 20.0000 18.39 10.0581 14.0711 1.310980 
945.3423 53.573 188.143 -0.49627 -0.07101 -2.742 -0.15467 20.0000 18.87 2.2133 3.5042 1.311527 
944.9478 62.429 299.661 0.34858 -0.61210 0.859 -0.49063 20.0000 19.12 9.5353 14.1773 1.312074 
944.5532 61.509 304.512 0.46889 -0.68194 4.857 -0.53781 20.0000 18.67 15.5436 22.8065 1.312623 
944.1586 61.008 306.176 0.52349 -0.71590 12.507 -0.55451 20.0000 18.77 19.3007 28.2016 1.313171 
943.7639 61.112 307.465 0.56087 -0.73187 -2.324 -0.58119 20.0000 18.90 20.7962 30.2568 1.313720 
943.3691 60.517 308.385 0.58964 -0.74435 -0.062 -0.57132 20.0000 18.93 19.8503 28.7930 1.314270 
942.9742 59.971 310.834 0.65545 -0.75845 2.983 -0.57741 20.0000 19.11 16.8625 24.0914 1.314821 
942.5792 59.012 315.105 0.78741 -0.78453 4.821 -0.59160 20.0000 19.33 11.6203 16.1646 1.315372 
942.1841 55.575 331.211 1.64742 -0.90526 -3.157 -0.72721 20.0000 19.41 4.6235 5.9198 1.315923 
941.7890 59.625 314.285 0.95153 -0.97560 -3.700 -0.76321 20.0000 19.62 9.4432 13.4196 1.316475 
941.3938 42.333 359.984 0.62990 -0.00017 -28.954 0.05880 20.0000 19.45 0.6310 0.7279 1.317028 
940.9985 40.908 343.887 0.79096 -0.22850 1.339 0.11840 20.0000 19.75 0.6224 0.7631 1.317581 
940.6031 36.926 353.409 0.58556 -0.06766 -20.819 0.17068 20.0000 19.66 0.5723 0.6525 1.318135 
940.2077 30.476 1.639 0.33335 0.00954 6.832 0.18522 20.0000 19.69 0.5289 0.6117 1.318689 
939.8122 47.463 101.113 -0.05108 0.26005 6.347 -0.02284 20.0000 19.99 0.5134 0.5875 1.319244 
939.4166 37.014 133.244 -0.40971 0.43562 2.540 0.17115 20.0000 19.83 0.5848 0.6212 1.319800 
939.0209 38.487 114.884 -0.17787 0.38346 -10.335 0.09778 20.0000 19.57 0.5512 0.6108 1.320356 
938.6251 45.741 113.134 -0.17353 0.40616 3.354 -0.01142 20.0000 19.76 0.5656 0.6139 1.320913 
938.2292 56.233 153.199 -0.37913 0.19152 2.778 -0.17565 20.0000 20.13 0.5647 0.6149 1.321470 
937.8333 51.620 99.686 -0.09989 0.58527 3.153 -0.13969 20.0000 20.10 0.6593 0.6764 1.322028 
937.4373 54.911 77.368 0.13979 0.62378 -7.629 -0.23042 20.0000 20.64 0.6675 0.7226 1.322586 
937.0412 55.136 46.111 0.44233 0.45982 22.455 -0.23566 20.0000 20.38 0.6280 0.6969 1.323146 
936.6450 51.966 39.553 0.49080 0.40534 3.626 -0.15791 20.0000 20.06 0.6285 0.6784 1.323705 
936.2487 55.399 37.783 0.45827 0.35525 3.388 -0.22023 20.0000 20.47 0.6592 0.7179 1.324266 
935.8524 54.837 25.815 0.74835 0.36200 1.556 -0.29722 20.0000 20.62 0.7371 1.4550 1.324826 
935.4560 65.019 37.941 0.42322 0.32996 2.182 -0.45090 20.0000 20.83 0.6652 0.7378 1.325388 
935.0594 76.966 5.881 0.19706 0.02030 -4.782 -0.40493 20.0000 21.05 0.5702 0.9348 1.325950 
934.6629 29.401 148.644 -0.21296 0.12977 -0.243 0.15102 20.0000 20.90 0.6960 1.3596 1.326512 
934.2662 19.422 236.170 -0.66913 -0.99840 4.489 1.49248 20.0000 20.84 1.5783 2.6227 1.327076 
933.8694 81.050 260.648 -0.05280 -0.32062 7.618 -1.00605 20.0000 21.26 0.7018 1.5538 1.327640 
933.4727 65.123 256.664 -0.21720 -0.91625 -35.480 -0.79707 20.0000 21.22 1.4371 2.1740 1.328204 
933.0757 61.053 255.432 -0.25187 -0.96917 -1.753 -0.62828 20.0000 21.24 2.1873 3.0711 1.328769 
932.6787 61.475 252.196 -0.26866 -0.83654 2.815 -0.56949 20.0000 21.56 2.6755 3.7323 1.329334 
932.2817 62.147 243.232 -0.31976 -0.63390 27.281 -0.48421 20.0000 21.47 2.9246 4.0769 1.329901 
931.8845 61.867 235.174 -0.38727 -0.55666 -0.074 -0.45283 20.0000 21.54 2.8258 3.9925 1.330467 
931.4873 61.234 223.408 -0.43853 -0.41481 -157.627 -0.38407 20.0000 21.46 2.4414 3.5343 1.331035 
931.0900 53.659 207.117 -0.52362 -0.26815 1.268 -0.18345 20.0000 21.89 1.7814 2.7301 1.331603 
930.6926 37.218 154.149 -0.51329 0.24869 3.065 0.15885 20.0000 22.00 1.1234 1.9192 1.332171 
930.2951 34.199 276.946 0.32599 -2.67581 -31.027 1.06734 20.0000 21.75 1.4340 2.5519 1.332740 
929.8975 40.274 247.108 -1.27313 -3.01506 0.428 0.54488 20.0000 22.24 0.8394 1.5034 1.333310 
929.4999 63.885 109.202 -0.90176 2.58925 61.180 -2.12450 20.0000 22.56 1.1661 1.5811 1.333881 
929.1022 62.981 92.602 -0.16524 3.63673 52.585 -2.64120 20.0000 23.02 1.1558 1.3953 1.334452 
928.7043 61.736 78.167 0.61407 2.93088 6.233 -1.97987 20.0000 22.57 1.1564 1.2629 1.335023 
928.3065 57.323 72.412 0.86520 2.72939 -23.036 -1.31364 20.0000 22.47 1.1355 1.2293 1.335595 
927.9085 57.170 55.116 0.99522 1.42748 2.403 -0.78718 20.0000 22.40 0.9386 1.0478 1.336168 
927.5104 52.262 40.749 0.98145 0.84565 -0.099 -0.33561 20.0000 22.91 0.8284 0.9689 1.336742 
927.1123 47.239 26.694 0.76958 0.38696 0.032 -0.06745 20.0000 22.75 0.7091 0.9242 1.337316 
926.7141 45.042 7.501 0.60002 0.07900 0.186 -0.00088 20.0000 22.60 0.7574 0.8907 1.337890 
926.3158 36.930 339.601 0.46859 -0.17426 1.144 0.14468 20.0000 22.86 0.5907 0.9527 1.338466 
925.9174 23.554 285.476 0.12338 -0.44562 1.310 0.42956 20.0000 22.92 0.5967 1.3569 1.339042 
925.5190 77.237 128.884 -0.24601 0.30505 -0.638 -0.82063 20.0000 23.05 0.8273 1.3421 1.339618 
925.1204 81.554 348.212 0.11781 -0.02459 -0.216 -0.39632 20.0000 23.35 0.5902 1.2581 1.340195 
924.7218 79.750 326.839 0.13818 -0.09028 -0.127 -0.44149 20.0000 22.90 0.5866 1.1671 1.340773 
924.3231 70.530 307.414 0.15225 -0.19903 -0.065 -0.31012 20.0000 23.34 0.5766 1.0337 1.341351 
923.9243 64.604 291.804 0.11875 -0.29682 2.005 -0.26081 20.0000 23.49 0.6070 0.8358 1.341930 
923.5255 58.335 276.550 0.05067 -0.44130 3.482 -0.22312 20.0000 23.82 0.6905 0.7730 1.342510 
923.1265 70.049 176.540 -0.28630 0.01731 0.122 -0.34301 20.0000 23.28 0.6722 0.7084 1.343090 
922.7275 69.131 76.241 0.04925 0.20114 0.069 -0.23211 20.0000 23.84 0.6269 0.7206 1.343671 
922.3283 48.663 61.570 0.22560 0.41673 2.925 -0.06092 20.0000 23.87 0.6063 0.7711 1.344252 
921.9291 40.398 39.077 0.42385 0.34418 0.000 0.08847 20.0000 23.97 0.6754 0.9260 1.344834 
921.5298 36.315 26.589 0.53943 0.27000 0.000 0.18871 20.0000 23.97 0.6839 0.9533 1.345417 
921.1305 34.585 21.939 0.58643 0.23621 0.000 0.24052 20.0000 23.52 0.7288 1.0297 1.346000 
920.7311 34.733 356.300 0.48252 -0.03120 0.000 0.18112 20.0000 23.97 0.7049 0.9732 1.346584 
920.3315 31.615 30.206 0.54120 0.31506 0.000 0.31592 20.0000 24.54 0.6490 0.8383 1.347169 
919.9319 38.457 56.034 0.44559 0.66145 0.000 0.18539 20.0000 24.09 0.6851 0.8296 1.347754 
919.5322 42.440 73.498 0.26886 0.90751 2.690 0.08482 20.0000 23.69 0.7884 0.8894 1.348340 
919.1324 45.438 90.458 -0.00881 1.10219 2.943 -0.01684 20.0000 24.66 0.9306 1.0507 1.348926 
918.7326 40.578 73.962 0.27739 0.96499 12.404 0.15623 20.0000 24.32 0.8097 0.9190 1.349513 
918.3326 44.838 74.338 0.20932 0.74656 -7.467 0.00439 20.0000 24.83 0.8049 0.9154 1.350101 
917.9326 40.355 64.750 0.29577 0.62711 4.893 0.11343 20.0000 24.62 0.6225 0.7191 1.350689 
917.5325 17.721 12.765 0.44064 0.09983 3.030 0.63477 20.0000 24.24 0.5770 0.6817 1.351278 
917.1323 12.205 7.981 0.44643 0.06259 2.673 0.99335 20.0000 24.57 0.5946 0.7294 1.351868 
916.7321 17.908 278.031 0.13766 -0.97567 11.986 1.36542 20.0000 24.77 0.6555 0.7557 1.352458 
916.3317 11.292 353.629 1.09403 -0.12215 176.378 2.64663 20.0000 25.11 0.6845 0.8083 1.353049 
915.9313 21.755 78.720 0.16057 0.80503 8.704 0.86471 20.0000 24.95 0.6137 0.7656 1.353641 
915.5308 34.875 103.230 -0.23321 0.99194 7.479 0.37590 20.0000 25.13 0.6085 0.8510 1.354233 
915.1302 43.736 125.448 -0.44531 0.62551 4.523 0.03389 20.0000 25.41 0.5834 0.9197 1.354826 
914.7295 59.501 135.776 -0.45011 0.43808 -0.019 -0.34818 20.0000 25.09 0.5927 0.9745 1.355419 
914.3287 68.205 128.828 -0.33550 0.41685 -0.046 -0.56210 20.0000 24.96 0.6990 1.0461 1.356013 
913.9279 70.698 131.958 -0.32859 0.36547 0.002 -0.61558 20.0000 25.08 0.6106 0.9829 1.356608 
913.5270 66.753 127.924 -0.21198 0.27206 -0.046 -0.32737 20.0000 25.21 0.5570 0.7628 1.357203 
913.1259 53.193 93.368 -0.01684 0.28613 1.765 -0.08429 20.0000 25.40 0.5426 0.6164 1.357799 
912.7249 39.872 59.357 0.12565 0.21211 0.000 0.04461 20.0000 25.02 0.5368 0.5935 1.358396 
912.3237 26.232 14.425 0.25503 0.06560 3.594 0.20232 20.0000 25.44 0.5542 0.7179 1.358993 
911.9224 23.941 53.453 0.13708 0.18493 -0.407 0.20813 20.0000 25.88 0.5398 0.5756 1.359591 
911.5211 49.782 84.533 0.05541 0.57903 -0.362 -0.09801 20.0000 25.92 0.6592 0.7762 1.360190 
911.1196 42.898 179.204 -10.57754 0.14693 0.277 0.77741 20.0000 26.15 4.8189 4.9129 1.360789 
910.7181 33.129 336.783 2.44727 -1.04978 0.090 1.17122 20.0000 25.89 1.5118 1.6125 1.361389 
910.3165 48.652 2.599 11.72949 0.53240 0.133 -1.50513 20.0000 26.08 4.6825 11.6256 1.361990 
909.9149 40.509 4.190 12.11287 0.88744 -0.100 1.91978 20.0000 25.79 6.1019 6.6416 1.362591 
909.5131 36.452 358.419 10.25404 -0.28300 0.889 3.15494 20.0000 25.34 6.9151 14.5481 1.363193 
909.1113 33.977 354.468 8.91821 -0.86370 0.212 3.62858 20.0000 25.74 7.2727 21.5921 1.363795 
908.7093 32.771 352.178 7.78104 -1.06890 0.045 3.57242 20.0000 25.97 7.2401 25.9218 1.364399 
908.3073 32.450 351.251 6.84888 -1.05397 0.064 3.24606 20.0000 25.55 6.9279 27.4339 1.365003 
907.9052 33.533 352.173 6.71138 -0.92258 0.001 2.86642 20.0000 25.78 6.2811 25.7156 1.365607 
907.5031 41.911 355.968 7.63122 -0.53788 -1.808 0.82817 20.0000 25.99 5.2545 21.0471 1.366212 
907.1008 36.235 357.556 6.41443 -0.27378 -0.009 2.02802 20.0000 25.91 5.0923 14.0467 1.366818 
906.6984 35.713 3.646 6.61200 0.42129 -0.016 2.22636 20.0000 25.95 4.8704 5.6926 1.367425 
906.2960 39.254 12.123 7.70909 1.65595 -0.058 1.60308 20.0000 25.80 4.6094 11.6023 1.368032 
905.8935 29.639 14.992 6.71254 1.79761 -0.931 4.12964 20.0000 26.18 5.1591 5.2804 1.368640 
905.4909 28.012 10.540 6.02865 1.12165 0.011 4.13242 20.0000 26.07 4.7276 4.8347 1.369248 
905.0883 24.658 10.678 4.24183 0.79982 5.105 3.71085 20.0000 26.15 3.9400 4.0088 1.369857 
904.6855 15.412 14.438 1.71523 0.44160 1.703 2.96840 20.0000 26.85 2.5499 2.5948 1.370467 
904.2826 24.987 174.098 -2.01690 0.20851 -0.023 1.70303 20.0000 26.55 2.3343 2.3566 1.371078 
903.8797 23.329 190.819 -0.88739 -0.16959 -0.006 0.85263 20.0000 27.01 1.3613 1.5899 1.371689 
903.4767 85.321 83.098 0.03054 0.25232 4.291 -1.54223 20.0000 26.94 1.3856 1.4061 1.372301 
903.0736 87.924 345.374 0.04392 -0.01146 0.312 -0.62530 20.0000 26.71 0.8398 1.1706 1.372913 
902.6704 85.939 283.401 0.03510 -0.14734 0.036 -1.06119 20.0000 26.81 1.0791 1.8051 1.373527 
902.2672 83.052 279.401 0.06306 -0.38088 0.235 -1.56046 20.0000 26.70 1.2754 2.0896 1.374140 
901.8638 81.131 278.248 0.10323 -0.71214 30.314 -2.24952 20.0000 26.92 1.4495 2.2494 1.374755 
901.4604 84.161 269.776 -0.00214 -0.54614 -0.062 -2.64242 20.0000 26.64 1.4943 2.1686 1.375370 
901.0569 79.365 277.904 0.10896 -0.78481 -0.098 -2.03538 20.0000 26.98 1.3590 1.9171 1.375986 
900.6533 67.125 216.218 -0.92499 -0.67744 -2.534 -1.11693 20.0000 26.75 1.5587 2.2981 1.376603 
900.2496 69.974 32.925 0.39223 0.25399 -0.791 -0.55585 20.0000 27.16 0.7151 1.0847 1.377220 
899.8458 41.221 37.887 1.62910 1.26763 0.503 0.27388 20.0000 26.71 1.3446 2.0064 1.377838 
899.4420 50.480 17.461 3.83002 1.20473 0.584 -0.77758 20.0000 27.21 1.6579 2.6210 1.378457 
899.0380 49.551 15.421 6.03156 1.66373 -0.709 -1.00245 20.0000 27.36 1.9659 3.1264 1.379076 
898.6340 48.416 13.815 8.58134 2.11021 0.289 -1.05873 20.0000 27.25 2.0640 3.2877 1.379696 
898.2299 47.251 4.834 11.12670 0.94096 -1.193 -0.87903 20.0000 27.22 1.8233 3.0517 1.380317 
897.8257 47.131 17.861 6.09346 1.96355 -1.852 -0.47701 20.0000 27.49 1.6280 2.5897 1.380938 
897.4214 46.952 43.171 1.91269 1.79429 0.365 -0.17898 20.0000 28.02 1.3142 1.9094 1.381560 
897.0171 50.373 86.731 0.07125 1.24732 0.064 -0.23711 20.0000 27.58 1.0038 1.2887 1.382183 
896.6127 48.853 141.561 -1.09849 0.87187 0.049 -0.18977 20.0000 27.38 1.2266 1.8573 1.382807 
896.2081 56.114 105.128 -0.40685 1.50493 0.026 -0.63710 20.0000 27.42 1.1948 1.3892 1.383431 
895.8035 49.613 97.156 -0.17136 1.36493 0.070 -0.22345 20.0000 27.44 1.1475 1.4734 1.384056 
895.3989 45.821 89.029 0.01853 1.09327 0.028 -0.03136 20.0000 27.44 0.9666 1.6271 1.384681 
894.9941 40.096 85.057 0.07290 0.84288 49.633 0.14626 20.0000 27.93 0.8538 1.7751 1.385307 
894.5892 30.092 76.874 0.11035 0.47323 2.645 0.27848 20.0000 28.34 0.7216 1.7983 1.385934 
894.1843 12.067 2.647 0.15174 0.00701 0.001 0.33905 20.0000 27.84 0.7463 1.7468 1.386562 
893.7792 18.178 63.853 0.12654 0.25776 0.004 0.39009 20.0000 27.86 0.6894 1.9046 1.387190 
893.3741 14.977 36.108 0.22425 0.16357 3.949 0.48167 20.0000 27.77 0.6464 1.5776 1.387819 
892.9689 16.880 349.598 0.37024 -0.06797 -12.961 0.56316 20.0000 28.15 0.5907 1.1193 1.388449 
892.5637 38.068 317.840 0.21082 -0.19089 -1.668 0.07020 20.0000 28.16 0.5560 0.6410 1.389079 
892.1583 70.599 233.038 -0.18156 -0.24127 0.701 -0.37552 20.0000 28.57 0.6630 0.8941 1.389711 
891.7528 7.576 9.347 0.05979 0.00984 1.521 0.22375 20.0000 27.96 0.6321 0.8082 1.390343 
891.3473 22.394 70.137 0.04679 0.12953 -0.867 0.13875 20.0000 28.69 0.6416 0.9745 1.390975 
890.9417 34.781 290.379 0.02617 -0.07045 1.855 0.02801 20.0000 28.20 0.6910 1.0801 1.391608 
890.5359 48.765 89.658 0.00297 0.49759 0.000 -0.06577 20.0000 28.09 0.6622 1.0613 1.392242 
890.1302 49.285 90.811 -0.01149 0.81173 0.033 -0.12233 20.0000 28.63 0.7108 1.0529 1.392877 
889.7243 52.910 126.027 -1.75716 2.41617 0.000 -0.84654 20.0000 27.99 0.9010 1.5526 1.393512 
889.3184 45.255 77.059 0.20989 0.91342 0.000 -0.00835 20.0000 28.36 0.7864 0.8917 1.394148 
888.9123 40.929 44.509 0.60009 0.58989 2.911 0.12040 20.0000 28.54 1.1287 1.6666 1.394785 
888.5062 43.212 34.623 0.63355 0.43743 -3.362 0.04811 20.0000 29.07 1.4507 2.4582 1.395423 
888.1000 39.564 31.859 0.64655 0.40180 -129.910 0.14619 20.0000 28.60 1.7687 2.9198 1.396061 
887.6937 40.629 36.106 0.64622 0.47134 3.337 0.12299 20.0000 28.99 1.9045 3.1187 1.396700 
887.2873 41.887 36.914 0.62569 0.47001 -96.562 0.08536 20.0000 29.37 1.8282 2.9626 1.397340 
886.8808 45.615 45.714 0.56121 0.57538 3.979 -0.01725 20.0000 28.95 1.6614 2.5287 1.397980 
886.4743 45.871 57.485 0.45146 0.70825 4.585 -0.02553 20.0000 29.09 1.2346 1.7331 1.398621 
886.0676 48.916 83.935 0.11491 1.08148 4.866 -0.14961 20.0000 28.90 0.8916 0.9440 1.399263 
885.6609 53.140 119.204 -1.55772 2.78678 2.423 -0.93242 20.0000 28.97 1.0201 1.4199 1.399906 
885.2541 47.827 90.222 -0.00444 1.14681 0.113 -0.11354 20.0000 29.23 0.7996 0.8525 1.400549 
884.8472 47.296 90.327 -0.00535 0.93635 0.021 -0.07522 20.0000 29.07 0.6908 0.7532 1.401193 
884.4402 48.736 89.792 0.00180 0.49596 108.215 -0.06505 20.0000 29.40 0.5519 3.3659 1.401838 
884.0332 51.694 270.799 0.00369 -0.26471 3.064 -0.06301 20.0000 29.47 0.6161 0.7295 1.402483 
883.6260 54.993 87.698 0.01693 0.42123 0.000 -0.15333 20.0000 29.33 0.5552 2.2938 1.403130 
883.2188 67.659 85.739 0.03306 0.44374 0.000 -0.44994 20.0000 29.81 0.5838 3.2875 1.403777 
882.8115 65.682 9.172 1.04239 0.16830 0.000 -0.92971 20.0000 29.36 5.2782 10.5999 1.404424 
882.4041 68.655 10.853 0.51400 0.09854 0.086 -0.56738 20.0000 29.49 1.5073 4.7604 1.405073 
881.9966 66.953 9.508 0.76448 0.12804 0.073 -0.74606 20.0000 29.65 6.7104 13.0399 1.405722 
881.5890 66.762 8.985 0.80222 0.12685 0.074 -0.77140 20.0000 29.77 10.4373 19.7829 1.406372 
881.1813 66.457 8.629 0.82920 0.12583 0.052 -0.77972 20.0000 29.61 12.6404 23.8284 1.407023 
880.7736 66.695 8.239 0.81928 0.11863 0.339 -0.78258 20.0000 30.04 13.3602 25.2222 1.407674 
880.3658 66.737 8.508 0.81324 0.12166 0.001 -0.77962 20.0000 29.48 12.5116 23.7347 1.408326 
879.9579 67.436 1.876 0.83569 0.02737 -0.058 -0.83239 20.0000 29.71 10.1642 19.8556 1.408979 
879.5499 67.278 14.086 0.72872 0.18285 0.050 -0.73973 20.0000 29.71 6.5482 12.8245 1.409632 
879.1418 56.774 75.672 0.20280 0.79403 0.312 -0.35714 20.0000 29.95 1.9797 4.9865 1.410287 
878.7336 65.619 342.345 1.41119 -0.44915 -0.011 -1.29816 20.0000 29.93 5.5959 11.5875 1.410942 
878.3253 39.280 106.457 -0.52790 1.78711 -1.476 0.37706 20.0000 30.35 2.4702 4.4340 1.411598 
877.9170 40.490 105.170 -0.46358 1.70980 4.167 0.28121 20.0000 30.08 2.5861 3.5957 1.412254 
877.5085 42.114 104.452 -0.40786 1.58258 258.913 0.16521 20.0000 30.30 2.4455 3.0290 1.412912 
877.1000 42.866 104.299 -0.35106 1.37733 5.477 0.10606 20.0000 30.60 1.9984 2.3716 1.413570 
876.6915 44.535 105.331 -0.27817 1.01465 3.387 0.01707 20.0000 30.37 1.3019 1.5396 1.414228 
876.2828 56.362 119.600 -0.23931 0.42126 -0.101 -0.20290 20.0000 30.46 0.6463 0.8311 1.414888 
875.8740 60.060 270.790 0.02202 -1.59648 0.490 -0.92629 20.0000 31.09 1.1489 1.5339 1.415548 
875.4651 53.391 120.855 -0.17792 0.29782 0.072 -0.10462 20.0000 30.83 0.5890 0.6828 1.416209 
875.0562 50.715 123.637 -0.14673 0.22053 0.200 -0.05356 20.0000 30.98 0.5449 0.5811 1.416871 
874.6472 45.730 93.715 -0.01732 0.26676 7.683 -0.00681 20.0000 30.54 0.5280 0.6105 1.417534 
874.2380 52.711 34.155 0.35006 0.23750 0.000 -0.11669 20.0000 30.87 0.5403 0.7288 1.418197 
873.8289 58.296 104.425 -0.08414 0.32710 2.606 -0.16907 20.0000 30.49 0.5311 0.7901 1.418861 
873.4196 64.240 107.000 -0.12457 0.40744 2.845 -0.33865 20.0000 31.43 0.5771 0.8465 1.419526 
873.0102 59.213 108.192 -0.13658 0.41560 0.860 -0.23679 20.0000 31.01 0.5656 0.8158 1.420192 
872.6007 57.143 108.788 -0.13650 0.40123 -0.120 -0.19124 20.0000 30.63 0.5559 0.7417 1.420858 
872.1912 56.110 98.324 -0.08107 0.55414 -0.200 -0.22878 20.0000 31.21 0.6195 0.7509 1.421525 
871.7816 54.279 98.218 -0.06405 0.44353 -0.097 -0.15045 20.0000 30.41 0.5890 0.6132 1.422193 
871.3718 56.415 90.085 -0.00059 0.39418 3.748 -0.16594 20.0000 31.78 0.6045 0.7084 1.422862 
870.9620 77.442 110.214 -0.04390 0.11923 -0.177 -0.27104 20.0000 31.52 0.5400 0.5765 1.423532 
870.5521 83.043 221.898 -0.06158 -0.05524 3.543 -0.33395 20.0000 31.67 0.5385 0.5869 1.424202 
870.1422 82.069 216.204 -0.06594 -0.04827 3.152 -0.28761 20.0000 31.83 0.5319 0.5854 1.424873 
869.7321 78.334 120.942 -0.06388 0.10656 0.049 -0.28804 20.0000 31.52 0.5456 0.5948 1.425545 
869.3219 72.760 102.199 -0.05280 0.24424 2.343 -0.36387 20.0000 31.71 0.6067 0.6509 1.426217 
868.9117 64.880 95.356 -0.03664 0.39082 3.373 -0.32657 20.0000 31.87 0.6336 0.6657 1.426891 
868.5013 60.681 91.778 -0.01608 0.51806 -0.020 -0.31591 20.0000 31.96 0.6989 0.7186 1.427565 
868.0909 57.961 90.180 -0.00203 0.64564 2.230 -0.31383 20.0000 32.08 0.8061 0.8280 1.428240 
867.6805 57.947 91.002 -0.01080 0.61707 -0.044 -0.29959 20.0000 31.97 0.7898 0.8034 1.428915 
867.2699 59.379 90.611 -0.00565 0.52928 2.920 -0.29049 20.0000 32.11 0.7008 0.7142 1.429592 
866.8592 59.231 90.272 -0.00242 0.50971 2.998 -0.27631 20.0000 32.51 0.6694 0.6776 1.430269 
866.4485 56.413 89.114 0.00754 0.48783 -0.339 -0.20535 20.0000 31.83 0.6233 0.6299 1.430947 
866.0376 56.246 85.022 0.04820 0.55337 1.897 -0.22999 20.0000 32.12 0.6408 0.6474 1.431626 
865.6267 51.974 88.682 0.01321 0.57385 2.248 -0.14256 20.0000 32.91 0.6324 0.6391 1.432306 
865.2157 52.426 90.954 -0.00874 0.52474 -0.019 -0.13917 20.0000 32.18 0.6145 0.6294 1.432986 
864.8046 53.033 93.409 -0.03179 0.53375 2.257 -0.15399 20.0000 32.42 0.6272 0.6505 1.433667 
864.3934 52.838 95.615 -0.05085 0.51719 2.070 -0.14584 20.0000 32.64 0.6294 0.6688 1.434349 
863.9821 53.049 99.766 -0.09844 0.57192 3.021 -0.16748 20.0000 32.32 0.6632 0.7199 1.435032 
863.5707 51.740 98.478 -0.07961 0.53412 -3.836 -0.12945 20.0000 32.75 0.6421 0.6947 1.435716 
863.1593 51.560 99.944 -0.06870 0.39187 2.802 -0.09272 20.0000 32.92 0.5738 0.6211 1.436400 
862.7477 48.338 94.837 -0.03949 0.46668 2.070 -0.05483 20.0000 33.41 0.5937 0.6257 1.437085 
862.3361 48.172 90.109 -0.00092 0.48265 -0.009 -0.05366 20.0000 32.86 0.5965 0.6180 1.437771 
861.9244 52.254 85.627 0.03824 0.50007 2.249 -0.12978 20.0000 33.05 0.6171 0.6359 1.438458 
861.5126 49.401 88.969 0.00924 0.51389 -2.787 -0.07959 20.0000 33.12 0.6164 0.6348 1.439145 
861.1008 48.127 90.172 -0.00116 0.38602 2.020 -0.04230 20.0000 32.99 0.5664 0.5785 1.439834 
860.6888 47.709 91.656 -0.01016 0.35156 2.069 -0.03335 20.0000 33.21 0.5539 0.5688 1.440523 
860.2767 49.329 91.372 -0.00866 0.36150 2.128 -0.05506 20.0000 32.81 0.5547 0.5739 1.441213 
859.8646 49.572 90.813 -0.00553 0.38960 -0.006 -0.06272 20.0000 33.27 0.5602 0.5838 1.441904 
859.4523 49.078 92.073 -0.01270 0.35078 1.985 -0.05031 20.0000 33.44 0.5492 0.5677 1.442595 
859.0400 51.213 91.688 -0.01099 0.37306 7.237 -0.08223 20.0000 33.40 0.5570 0.5701 1.443288 
858.6276 52.889 91.728 -0.01251 0.41455 1.875 -0.11719 20.0000 33.90 0.5661 0.5755 1.443981 
858.2151 53.882 92.805 -0.02233 0.45585 2.036 -0.14622 20.0000 34.09 0.5868 0.5931 1.444675 
857.8026 52.443 90.885 -0.00852 0.55182 2.351 -0.14669 20.0000 33.58 0.6350 0.6394 1.445370 
857.3899 51.765 90.843 -0.00908 0.61676 2.139 -0.14844 20.0000 33.89 0.6713 0.6758 1.446065 
856.9771 52.969 91.264 -0.01264 0.57291 2.063 -0.16364 20.0000 33.05 0.6635 0.6674 1.446762 
856.5643 54.275 91.462 -0.01409 0.55223 1.913 -0.18537 20.0000 33.66 0.6663 0.6703 1.447459 
856.1514 53.706 91.705 -0.01685 0.56613 0.003 -0.17762 20.0000 34.26 0.6840 0.6887 1.448157 
855.7383 55.329 92.256 -0.02076 0.52694 2.516 -0.19882 20.0000 34.10 0.6767 0.6822 1.448856 
855.3253 55.708 91.755 -0.01703 0.55561 2.262 -0.21802 20.0000 33.93 0.7023 0.7091 1.449556 
854.9120 54.696 90.468 -0.00477 0.58478 3.415 -0.20585 20.0000 33.73 0.7138 0.7194 1.450257 
854.4988 55.242 90.454 -0.00450 0.56792 2.301 -0.21216 20.0000 33.94 0.6807 0.6866 1.450958 
854.0854 54.810 91.029 -0.01043 0.58110 2.612 -0.20718 20.0000 33.94 0.6851 0.6915 1.451660 
853.6719 53.153 90.649 -0.00709 0.62597 2.506 -0.18313 20.0000 34.42 0.7030 0.7089 1.452364 
853.2584 52.235 91.293 -0.01432 0.63465 2.116 -0.16381 20.0000 34.21 0.6913 0.6956 1.453067 
852.8448 51.563 90.792 -0.00862 0.62345 1.835 -0.14540 20.0000 34.39 0.6857 0.6903 1.453772 
852.4311 52.795 91.041 -0.01042 0.57366 2.446 -0.16008 20.0000 33.83 0.6688 0.6738 1.454478 
852.0173 52.998 90.308 -0.00325 0.60609 1.978 -0.17376 20.0000 34.26 0.6955 0.7001 1.455184 
851.6034 54.820 90.169 -0.00164 0.55725 1.954 -0.19887 20.0000 34.09 0.6774 0.6825 1.455891 
851.1894 54.973 89.752 0.00250 0.57580 1.932 -0.20896 20.0000 34.01 0.6811 0.6870 1.456599 
850.7753 53.148 89.749 0.00280 0.63848 2.469 -0.18665 20.0000 34.02 0.6981 0.7026 1.457308 
850.3612 52.843 89.971 0.00030 0.58905 2.845 -0.16541 20.0000 34.19 0.6596 0.6645 1.458018 
849.9470 52.703 90.392 -0.00417 0.60885 1.797 -0.16778 20.0000 34.04 0.6700 0.6746 1.458728 
849.5326 52.438 90.382 -0.00434 0.65233 2.674 -0.17329 20.0000 34.18 0.7020 0.7060 1.459440 
849.1182 52.173 90.098 -0.00116 0.67862 1.860 -0.17356 20.0000 34.53 0.7190 0.7224 1.460152 
848.7037 51.619 90.087 -0.00105 0.68561 1.906 -0.16129 20.0000 34.42 0.7185 0.7215 1.460865 
848.2891 51.352 90.382 -0.00458 0.68537 2.131 -0.15452 20.0000 34.59 0.7158 0.7188 1.461579 
847.8744 51.220 90.338 -0.00394 0.66654 2.013 -0.14705 20.0000 35.10 0.7042 0.7070 1.462294 
847.4597 50.693 90.247 -0.00293 0.67863 1.960 -0.13667 20.0000 35.10 0.7084 0.7110 1.463010 
847.0448 50.889 90.339 -0.00400 0.67630 1.826 -0.14101 20.0000 35.25 0.7065 0.7091 1.463726 
846.6298 50.473 90.304 -0.00359 0.67802 1.924 -0.13113 20.0000 35.65 0.7041 0.7068 1.464444 
846.2148 49.578 90.108 -0.00130 0.68700 1.712 -0.11072 20.0000 34.91 0.7053 0.7080 1.465162 
845.7997 50.261 90.067 -0.00080 0.68891 1.870 -0.12797 20.0000 35.44 0.7045 0.7074 1.465881 
845.3845 50.434 90.057 -0.00069 0.70066 1.809 -0.13451 20.0000 35.06 0.7117 0.7146 1.466601 
844.9692 50.095 90.111 -0.00133 0.68911 1.915 -0.12387 20.0000 35.44 0.7074 0.7103 1.467322 
844.5538 50.443 90.218 -0.00260 0.68401 2.125 -0.13155 20.0000 35.06 0.7088 0.7120 1.468044 
844.1383 50.134 90.229 -0.00283 0.70747 1.677 -0.12816 20.0000 35.05 0.7149 0.7185 1.468766 
843.7227 49.003 90.333 -0.00425 0.73083 1.881 -0.10279 20.0000 35.65 0.7233 0.7270 1.469490 
843.3071 48.352 90.175 -0.00232 0.75712 1.503 -0.08899 20.0000 35.71 0.7249 0.7286 1.470214 
842.8914 47.811 90.207 -0.00276 0.76504 1.909 -0.07531 20.0000 35.50 0.7254 0.7292 1.470939 
842.4755 47.813 90.239 -0.00316 0.75855 1.798 -0.07472 20.0000 35.76 0.7336 0.7375 1.471665 
842.0596 47.508 90.289 -0.00376 0.74727 1.834 -0.06560 20.0000 35.84 0.7348 0.7384 1.472392 
841.6436 47.414 90.168 -0.00221 0.75317 1.745 -0.06361 20.0000 35.88 0.7391 0.7428 1.473120 
841.2275 47.617 90.164 -0.00224 0.78418 1.593 -0.07184 20.0000 35.75 0.7500 0.7537 1.473849 
840.8113 48.061 90.137 -0.00189 0.78855 1.600 -0.08458 20.0000 36.22 0.7529 0.7567 1.474578 
840.3951 48.538 90.155 -0.00207 0.76377 1.640 -0.09480 20.0000 35.89 0.7534 0.7573 1.475308 
839.9787 48.437 90.104 -0.00137 0.75650 1.749 -0.09121 20.0000 35.98 0.7552 0.7592 1.476040 
839.5623 47.796 90.115 -0.00155 0.77590 1.784 -0.07598 20.0000 36.57 0.7597 0.7637 1.476772 
839.1457 48.257 90.184 -0.00247 0.76926 2.131 -0.08783 20.0000 36.31 0.7641 0.7680 1.477505 
838.7291 48.312 90.117 -0.00156 0.76415 1.769 -0.08875 20.0000 36.25 0.7629 0.7669 1.478239 
838.3124 48.507 90.078 -0.00104 0.76670 1.700 -0.09434 20.0000 36.58 0.7645 0.7683 1.478974 
837.8956 48.966 90.037 -0.00050 0.76918 1.727 -0.10717 20.0000 36.85 0.7676 0.7712 1.479709 
837.4787 49.006 89.994 0.00008 0.77679 1.813 -0.10934 20.0000 36.70 0.7661 0.7697 1.480446 
837.0617 48.717 89.889 0.00151 0.77992 2.298 -0.10176 20.0000 36.54 0.7668 0.7703 1.481183 
836.6447 48.342 89.852 0.00204 0.79031 1.850 -0.09263 20.0000 36.81 0.7675 0.7710 1.481922 
836.2275 48.199 89.785 0.00298 0.79169 1.784 -0.08877 20.0000 37.14 0.7671 0.7707 1.482661 
835.8102 48.105 89.727 0.00379 0.79626 1.733 -0.08665 20.0000 37.34 0.7674 0.7710 1.483401 
835.3929 48.080 89.688 0.00434 0.79657 1.732 -0.08598 20.0000 36.95 0.7727 0.7764 1.484142 
834.9755 48.135 89.648 0.00490 0.79622 1.642 -0.08748 20.0000 37.19 0.7741 0.7776 1.484884 
834.5579 47.900 89.657 0.00480 0.80235 1.634 -0.08151 20.0000 37.33 0.7760 0.7792 1.485627 
834.1403 47.883 89.695 0.00426 0.79983 1.780 -0.08076 20.0000 37.43 0.7758 0.7792 1.486371 
833.7227 47.806 89.715 0.00399 0.80188 1.575 -0.07880 20.0000 37.38 0.7757 0.7790 1.487115 
833.3049 47.772 89.696 0.00426 0.80232 1.712 -0.07787 20.0000 37.72 0.7758 0.7789 1.487861 
832.8870 47.628 89.669 0.00465 0.80578 1.619 -0.07413 20.0000 37.51 0.7760 0.7789 1.488608 
832.4691 47.744 89.668 0.00465 0.80188 1.750 -0.07703 20.0000 37.95 0.7759 0.7788 1.489355 
832.0510 47.626 89.693 0.00431 0.80594 1.826 -0.07409 20.0000 38.25 0.7771 0.7800 1.490103 
831.6329 47.610 89.743 0.00363 0.80847 1.754 -0.07386 20.0000 37.88 0.7780 0.7810 1.490852 
831.2146 47.764 89.674 0.00459 0.80692 1.568 -0.07811 20.0000 38.46 0.7791 0.7820 1.491603 
830.7963 47.694 89.723 0.00392 0.81144 1.794 -0.07654 20.0000 38.40 0.7807 0.7836 1.492354 
830.3779 47.724 89.712 0.00410 0.81510 1.630 -0.07773 20.0000 38.23 0.7838 0.7865 1.493106 
829.9594 47.730 89.729 0.00386 0.81679 1.647 -0.07807 20.0000 39.38 0.7871 0.7897 1.493858 
829.5408 47.693 89.720 0.00401 0.82048 1.698 -0.07736 20.0000 38.77 0.7891 0.7916 1.494612 
829.1221 47.764 89.724 0.00395 0.81943 1.585 -0.07931 20.0000 38.24 0.7900 0.7926 1.495367 
828.7034 47.782 89.760 0.00344 0.82089 1.705 -0.07996 20.0000 39.07 0.7908 0.7933 1.496123 
828.2845 47.779 89.782 0.00313 0.81973 1.802 -0.07977 20.0000 39.20 0.7906 0.7931 1.496879 
827.8656 47.751 89.789 0.00303 0.82356 1.660 -0.07932 20.0000 38.30 0.7921 0.7945 1.497637 
827.4465 47.769 89.788 0.00305 0.82425 1.691 -0.07992 20.0000 39.14 0.7935 0.7959 1.498395 
827.0275 47.769 89.778 0.00320 0.82602 1.686 -0.08009 20.0000 39.38 0.7957 0.7981 1.499154 
826.6082 47.716 89.804 0.00284 0.82835 1.616 -0.07877 20.0000 39.16 0.7964 0.7987 1.499915 
826.1889 47.663 89.810 0.00276 0.83159 1.750 -0.07753 20.0000 39.44 0.7991 0.8014 1.500676 
825.7695 47.647 89.844 0.00226 0.83243 1.758 -0.07713 20.0000 39.90 0.8006 0.8029 1.501438 
825.3500 47.634 89.879 0.00176 0.83365 1.796 -0.07687 20.0000 39.51 0.8025 0.8047 1.502201 
824.9305 47.640 89.927 0.00107 0.83454 1.635 -0.07713 20.0000 39.22 0.8041 0.8062 1.502965 
824.5108 47.642 89.937 0.00093 0.83666 1.575 -0.07737 20.0000 39.52 0.8053 0.8073 1.503730 
824.0911 47.553 89.930 0.00102 0.83944 1.628 -0.07500 20.0000 39.44 0.8070 0.8090 1.504496 
823.6713 47.485 89.959 0.00060 0.84151 1.702 -0.07317 20.0000 39.83 0.8081 0.8101 1.505263 
823.2513 47.456 90.015 -0.00022 0.84336 1.686 -0.07249 20.0000 39.51 0.8100 0.8119 1.506031 
822.8313 47.440 90.065 -0.00096 0.84448 1.708 -0.07209 20.0000 39.70 0.8104 0.8123 1.506800 
822.4112 47.365 90.127 -0.00188 0.84859 1.719 -0.07020 20.0000 39.88 0.8130 0.8149 1.507569 
821.9910 47.393 90.222 -0.00329 0.84977 1.579 -0.07115 20.0000 39.77 0.8152 0.8170 1.508340 
821.5707 47.366 90.272 -0.00404 0.84993 1.599 -0.07037 20.0000 40.27 0.8154 0.8173 1.509112 
821.1503 47.296 90.328 -0.00488 0.85206 1.649 -0.06842 20.0000 40.55 0.8161 0.8178 1.509884 
820.7299 47.190 90.372 -0.00557 0.85728 1.714 -0.06568 20.0000 40.69 0.8188 0.8205 1.510658 
820.3093 47.164 90.434 -0.00651 0.85964 1.597 -0.06505 20.0000 40.45 0.8210 0.8227 1.511432 
819.8886 47.272 90.483 -0.00724 0.85788 1.591 -0.06817 20.0000 40.30 0.8211 0.8229 1.512208 
819.4679 47.253 90.527 -0.00790 0.85964 1.591 -0.06774 20.0000 41.09 0.8222 0.8240 1.512984 
819.0471 47.223 90.586 -0.00882 0.86267 1.648 -0.06708 20.0000 40.78 0.8243 0.8261 1.513761 
818.6262 47.179 90.625 -0.00945 0.86550 1.656 -0.06595 20.0000 41.77 0.8257 0.8275 1.514540 
818.2051 47.168 90.648 -0.00980 0.86698 1.651 -0.06573 20.0000 41.20 0.8267 0.8285 1.515319 
817.7841 47.115 90.679 -0.01030 0.86964 1.457 -0.06431 20.0000 41.08 0.8275 0.8292 1.516099 
817.3629 47.063 90.748 -0.01138 0.87111 1.544 -0.06283 20.0000 41.34 0.8277 0.8294 1.516881 
816.9416 47.036 90.822 -0.01253 0.87386 1.523 -0.06222 20.0000 40.94 0.8300 0.8317 1.517663 
816.5202 46.956 90.859 -0.01315 0.87739 1.573 -0.06000 20.0000 41.33 0.8317 0.8335 1.518446 
816.0988 46.885 90.921 -0.01416 0.88077 1.542 -0.05805 20.0000 41.56 0.8332 0.8349 1.519230 
815.6772 46.843 90.927 -0.01430 0.88415 1.582 -0.05698 20.0000 41.49 0.8352 0.8369 1.520015 
815.2556 46.854 90.988 -0.01525 0.88420 1.551 -0.05730 20.0000 41.55 0.8357 0.8374 1.520801 
814.8338 46.833 91.057 -0.01635 0.88638 1.476 -0.05681 20.0000 41.39 0.8374 0.8390 1.521589 
814.4120 46.783 91.089 -0.01690 0.88945 1.583 -0.05543 20.0000 42.10 0.8390 0.8407 1.522377 
813.9901 46.714 91.181 -0.01840 0.89245 1.544 -0.05346 20.0000 42.51 0.8408 0.8425 1.523166 
813.5681 46.751 91.261 -0.01965 0.89277 1.540 -0.05464 20.0000 42.02 0.8423 0.8441 1.523956 
813.1460 46.727 91.285 -0.02004 0.89373 1.504 -0.05395 20.0000 42.05 0.8422 0.8440 1.524747 
812.7238 46.707 91.354 -0.02115 0.89462 1.644 -0.05340 20.0000 42.40 0.8428 0.8446 1.525539 
812.3015 46.660 91.350 -0.02119 0.89937 1.577 -0.05220 20.0000 42.53 0.8461 0.8479 1.526332 
811.8792 46.603 91.454 -0.02284 0.89953 1.539 -0.05041 20.0000 43.19 0.8456 0.8475 1.527126 
811.4567 46.595 91.506 -0.02367 0.90072 1.518 -0.05021 20.0000 42.97 0.8471 0.8489 1.527921 
811.0341 46.631 91.554 -0.02442 0.90016 1.438 -0.05132 20.0000 42.18 0.8470 0.8489 1.528717 
810.6115 46.577 91.667 -0.02626 0.90240 1.542 -0.04974 20.0000 42.66 0.8481 0.8499 1.529514 
810.1888 46.549 91.693 -0.02671 0.90373 1.481 -0.04892 20.0000 42.01 0.8482 0.8499 1.530312 
809.7659 46.570 91.707 -0.02696 0.90455 1.465 -0.04965 20.0000 42.98 0.8491 0.8508 1.531111 
809.3430 46.593 91.743 -0.02754 0.90479 1.429 -0.05037 20.0000 43.24 0.8497 0.8513 1.531912 
808.9200 46.600 91.726 -0.02729 0.90578 1.530 -0.05067 20.0000 42.86 0.8504 0.8520 1.532713 
808.4969 46.623 91.735 -0.02745 0.90633 1.527 -0.05142 20.0000 43.58 0.8510 0.8526 1.533515 
808.0737 46.682 91.763 -0.02785 0.90510 1.552 -0.05321 20.0000 43.26 0.8508 0.8524 1.534318 
807.6505 46.675 91.830 -0.02895 0.90613 1.606 -0.05306 20.0000 43.48 0.8519 0.8535 1.535122 
807.2271 46.661 91.888 -0.02988 0.90657 1.482 -0.05266 20.0000 43.37 0.8518 0.8534 1.535927 
806.8036 46.691 91.885 -0.02986 0.90731 1.471 -0.05366 20.0000 44.07 0.8525 0.8540 1.536733 
806.3801 46.728 91.917 -0.03037 0.90744 1.479 -0.05485 20.0000 43.45 0.8526 0.8540 1.537540 
805.9564 46.777 91.933 -0.03062 0.90729 1.421 -0.05638 20.0000 43.91 0.8533 0.8547 1.538349 
805.5327 46.825 91.953 -0.03093 0.90710 1.452 -0.05789 20.0000 43.78 0.8541 0.8556 1.539158 
805.1089 46.882 91.963 -0.03108 0.90685 1.428 -0.05971 20.0000 43.27 0.8546 0.8560 1.539968 
804.6850 46.887 92.011 -0.03190 0.90822 1.474 -0.05995 20.0000 43.81 0.8564 0.8580 1.540779 
804.2610 46.896 92.053 -0.03256 0.90835 1.474 -0.06024 20.0000 44.48 0.8563 0.8578 1.541591 
803.8369 46.915 92.076 -0.03295 0.90897 1.436 -0.06090 20.0000 43.91 0.8569 0.8584 1.542405 
803.4127 46.959 92.118 -0.03363 0.90915 1.504 -0.06230 20.0000 43.98 0.8579 0.8595 1.543219 
802.9884 46.972 92.178 -0.03460 0.90954 1.564 -0.06275 20.0000 44.19 0.8585 0.8600 1.544035 
802.5640 46.971 92.230 -0.03547 0.91077 1.423 -0.06280 20.0000 44.08 0.8597 0.8612 1.544851 
802.1396 46.976 92.279 -0.03625 0.91071 1.489 -0.06296 20.0000 44.90 0.8589 0.8604 1.545669 
801.7150 46.994 92.362 -0.03757 0.91064 1.478 -0.06353 20.0000 45.01 0.8592 0.8607 1.546487 
801.2903 47.050 92.388 -0.03797 0.91050 1.472 -0.06533 20.0000 44.85 0.8598 0.8612 1.547307 
800.8657 47.083 92.459 -0.03907 0.90986 1.484 -0.06633 20.0000 44.16 0.8597 0.8612 1.548127 
800.4408 47.100 92.505 -0.03977 0.90898 1.510 -0.06681 20.0000 43.90 0.8591 0.8605 1.548949 
800.0159 47.125 92.571 -0.04082 0.90899 1.440 -0.06762 20.0000 44.92 0.8595 0.8608 1.549772 
799.5909 47.145 92.591 -0.04114 0.90909 1.418 -0.06827 20.0000 44.54 0.8592 0.8605 1.550595 
799.1658 47.149 92.647 -0.04208 0.91004 1.441 -0.06848 20.0000 44.65 0.8601 0.8615 1.551420 
798.7406 47.151 92.664 -0.04241 0.91151 1.470 -0.06864 20.0000 44.79 0.8612 0.8626 1.552246 
798.3153 47.188 92.720 -0.04333 0.91211 1.491 -0.06987 20.0000 44.76 0.8623 0.8637 1.553073 
797.8899 47.206 92.747 -0.04384 0.91370 1.460 -0.07059 20.0000 45.46 0.8643 0.8657 1.553901 
797.4644 47.203 92.810 -0.04489 0.91463 1.468 -0.07057 20.0000 45.49 0.8651 0.8665 1.554730 
797.0389 47.201 92.839 -0.04545 0.91654 1.477 -0.07063 20.0000 45.25 0.8663 0.8677 1.555560 
796.6132 47.189 92.873 -0.04608 0.91808 1.511 -0.07037 20.0000 44.96 0.8672 0.8686 1.556391 
796.1875 47.212 92.922 -0.04683 0.91757 1.451 -0.07108 20.0000 45.65 0.8670 0.8685 1.557224 
795.7617 47.229 92.958 -0.04745 0.91824 1.425 -0.07168 20.0000 44.89 0.8674 0.8689 1.558057 
795.3357 47.283 92.981 -0.04780 0.91782 1.465 -0.07339 20.0000 45.38 0.8683 0.8698 1.558891 
794.9097 47.305 93.011 -0.04833 0.91868 1.444 -0.07417 20.0000 45.69 0.8695 0.8710 1.559727 
794.4836 47.349 93.026 -0.04855 0.91820 1.454 -0.07557 20.0000 45.67 0.8695 0.8711 1.560563 
794.0574 47.357 93.104 -0.04983 0.91886 1.468 -0.07587 20.0000 45.62 0.8705 0.8721 1.561401 
793.6310 47.337 93.149 -0.05067 0.92095 1.409 -0.07542 20.0000 46.13 0.8717 0.8733 1.562240 
793.2047 47.366 93.167 -0.05099 0.92142 1.419 -0.07638 20.0000 46.22 0.8725 0.8741 1.563079 
792.7782 47.386 93.223 -0.05188 0.92136 1.452 -0.07703 20.0000 45.43 0.8724 0.8740 1.563920 
792.3516 47.393 93.286 -0.05294 0.92193 1.471 -0.07733 20.0000 45.91 0.8729 0.8745 1.564762 
791.9249 47.384 93.353 -0.05403 0.92228 1.378 -0.07705 20.0000 45.14 0.8729 0.8745 1.565605 
791.4982 47.423 93.395 -0.05474 0.92267 1.396 -0.07835 20.0000 45.22 0.8736 0.8753 1.566449 
791.0714 47.436 93.447 -0.05559 0.92309 1.367 -0.07883 20.0000 45.58 0.8741 0.8758 1.567295 
790.6444 47.437 93.512 -0.05670 0.92400 1.414 -0.07893 20.0000 45.46 0.8749 0.8766 1.568141 
790.2173 47.481 93.572 -0.05763 0.92312 1.422 -0.08029 20.0000 45.61 0.8750 0.8766 1.568989 
789.7902 47.496 93.613 -0.05834 0.92390 1.445 -0.08085 20.0000 45.58 0.8753 0.8770 1.569837 
789.3630 47.515 93.667 -0.05921 0.92400 1.397 -0.08150 20.0000 45.29 0.8756 0.8772 1.570687 
788.9357 47.539 93.738 -0.06039 0.92433 1.394 -0.08232 20.0000 46.31 0.8764 0.8781 1.571537 
788.5083 47.548 93.795 -0.06134 0.92471 1.365 -0.08264 20.0000 46.33 0.8766 0.8783 1.572389 
788.0807 47.536 93.879 -0.06275 0.92549 1.374 -0.08233 20.0000 45.76 0.8772 0.8789 1.573242 
787.6532 47.524 93.934 -0.06376 0.92718 1.381 -0.08210 20.0000 45.92 0.8783 0.8800 1.574096 
787.2255 47.540 94.007 -0.06491 0.92662 1.367 -0.08259 20.0000 45.65 0.8780 0.8796 1.574951 
786.7977 47.549 94.028 -0.06523 0.92646 1.365 -0.08285 20.0000 46.32 0.8774 0.8790 1.575808 
786.3699 47.526 94.089 -0.06634 0.92811 1.385 -0.08224 20.0000 46.12 0.8783 0.8800 1.576665 
785.9419 47.534 94.158 -0.06752 0.92866 1.359 -0.08259 20.0000 46.13 0.8793 0.8810 1.577524 
785.5139 47.556 94.215 -0.06845 0.92872 1.361 -0.08330 20.0000 45.64 0.8796 0.8812 1.578383 
785.0857 47.553 94.271 -0.06941 0.92942 1.384 -0.08328 20.0000 46.53 0.8795 0.8811 1.579244 
784.6575 47.571 94.305 -0.07000 0.92988 1.370 -0.08390 20.0000 46.44 0.8799 0.8815 1.580106 
784.2291 47.583 94.371 -0.07107 0.92983 1.386 -0.08430 20.0000 46.53 0.8800 0.8816 1.580969 
783.8007 47.595 94.420 -0.07187 0.92974 1.385 -0.08469 20.0000 46.56 0.8797 0.8813 1.581833 
783.3722 47.615 94.481 -0.07286 0.92967 1.357 -0.08535 20.0000 46.46 0.8800 0.8815 1.582698 
782.9435 47.666 94.524 -0.07353 0.92935 1.360 -0.08700 20.0000 46.60 0.8806 0.8821 1.583565 
782.5148 47.665 94.594 -0.07476 0.93047 1.316 -0.08709 20.0000 46.61 0.8820 0.8836 1.584433 
782.0861 47.656 94.684 -0.07628 0.93097 1.330 -0.08684 20.0000 46.12 0.8826 0.8841 1.585301 
781.6572 47.655 94.765 -0.07762 0.93113 1.345 -0.08685 20.0000 45.71 0.8829 0.8844 1.586171 
781.2282 47.665 94.835 -0.07878 0.93133 1.352 -0.08719 20.0000 45.98 0.8830 0.8845 1.587042 
780.7991 47.687 94.919 -0.08016 0.93137 1.354 -0.08792 20.0000 46.29 0.8836 0.8851 1.587914 
780.3699 47.702 94.992 -0.08139 0.93175 1.324 -0.08847 20.0000 46.35 0.8843 0.8858 1.588788 
779.9407 47.729 95.064 -0.08254 0.93138 1.376 -0.08934 20.0000 46.46 0.8845 0.8860 1.589662 
779.5113 47.748 95.148 -0.08389 0.93114 1.341 -0.08995 20.0000 46.32 0.8845 0.8860 1.590537 
779.0818 47.801 95.206 -0.08480 0.93073 1.421 -0.09166 20.0000 46.39 0.8849 0.8865 1.591414 
778.6523 47.828 95.246 -0.08552 0.93143 1.354 -0.09264 20.0000 46.37 0.8857 0.8872 1.592292 
778.2227 47.854 95.301 -0.08646 0.93191 1.323 -0.09353 20.0000 46.48 0.8866 0.8882 1.593171 
777.7930 47.883 95.378 -0.08771 0.93172 1.338 -0.09450 20.0000 46.21 0.8873 0.8889 1.594051 
777.3632 47.907 95.452 -0.08896 0.93215 1.339 -0.09534 20.0000 46.10 0.8880 0.8895 1.594933 
776.9332 47.952 95.510 -0.08987 0.93159 1.349 -0.09678 20.0000 46.66 0.8885 0.8900 1.595815 
776.5032 47.985 95.571 -0.09085 0.93133 1.321 -0.09785 20.0000 46.87 0.8887 0.8902 1.596699 
776.0731 48.003 95.639 -0.09196 0.93141 1.348 -0.09846 20.0000 46.64 0.8890 0.8905 1.597584 
775.6429 48.025 95.679 -0.09263 0.93159 1.378 -0.09922 20.0000 46.07 0.8892 0.8906 1.598470 
775.2126 48.081 95.749 -0.09366 0.93033 1.335 -0.10096 20.0000 46.75 0.8892 0.8906 1.599357 
774.7822 48.127 95.812 -0.09465 0.92989 1.346 -0.10245 20.0000 47.00 0.8898 0.8912 1.600246 
774.3517 48.137 95.917 -0.09641 0.93018 1.336 -0.10282 20.0000 47.10 0.8901 0.8915 1.601135 
773.9212 48.151 95.978 -0.09747 0.93078 1.332 -0.10335 20.0000 46.54 0.8906 0.8920 1.602026 
773.4905 48.161 96.058 -0.09884 0.93124 1.304 -0.10375 20.0000 46.61 0.8912 0.8926 1.602918 
773.0598 48.175 96.143 -0.10028 0.93178 1.286 -0.10428 20.0000 47.29 0.8917 0.8930 1.603811 
772.6289 48.209 96.210 -0.10139 0.93177 1.336 -0.10544 20.0000 47.00 0.8923 0.8936 1.604706 
772.1980 48.249 96.265 -0.10230 0.93179 1.322 -0.10676 20.0000 46.71 0.8928 0.8942 1.605601 
771.7669 48.268 96.333 -0.10339 0.93165 1.318 -0.10739 20.0000 46.68 0.8930 0.8943 1.606498 
771.3358 48.289 96.415 -0.10474 0.93155 1.286 -0.10810 20.0000 47.19 0.8933 0.8947 1.607396 
770.9046 48.309 96.496 -0.10610 0.93173 1.292 -0.10879 20.0000 46.84 0.8940 0.8953 1.608295 
770.4733 48.334 96.572 -0.10735 0.93188 1.315 -0.10966 20.0000 46.80 0.8948 0.8961 1.609195 
770.0419 48.355 96.655 -0.10875 0.93204 1.313 -0.11041 20.0000 46.50 0.8954 0.8966 1.610097 
769.6104 48.380 96.736 -0.11013 0.93238 1.309 -0.11130 20.0000 46.94 0.8959 0.8972 1.610999 
769.1787 48.398 96.827 -0.11165 0.93260 1.300 -0.11193 20.0000 47.31 0.8961 0.8973 1.611904 
768.7471 48.427 96.913 -0.11297 0.93170 1.306 -0.11282 20.0000 47.05 0.8960 0.8972 1.612809 
768.3152 48.449 97.002 -0.11453 0.93250 1.325 -0.11367 20.0000 47.18 0.8972 0.8985 1.613715 
767.8834 48.473 97.068 -0.11569 0.93305 1.293 -0.11453 20.0000 47.28 0.8979 0.8992 1.614623 
767.4514 48.511 97.114 -0.11644 0.93290 1.307 -0.11579 20.0000 47.66 0.8984 0.8996 1.615531 
767.0193 48.545 97.190 -0.11766 0.93268 1.298 -0.11692 20.0000 47.67 0.8985 0.8997 1.616442 
766.5872 48.578 97.253 -0.11871 0.93270 1.300 -0.11806 20.0000 47.18 0.8990 0.9003 1.617353 
766.1549 48.611 97.318 -0.11974 0.93244 1.276 -0.11914 20.0000 47.50 0.8990 0.9003 1.618265 
765.7225 48.640 97.425 -0.12149 0.93232 1.263 -0.12010 20.0000 48.13 0.8993 0.9005 1.619179 
765.2901 48.676 97.511 -0.12290 0.93214 1.281 -0.12130 20.0000 47.83 0.8997 0.9010 1.620094 
764.8575 48.693 97.611 -0.12462 0.93255 1.267 -0.12195 20.0000 47.96 0.9004 0.9016 1.621010 
764.4249 48.702 97.681 -0.12589 0.93340 1.288 -0.12239 20.0000 47.61 0.9011 0.9023 1.621928 
763.9922 48.715 97.762 -0.12734 0.93419 1.278 -0.12294 20.0000 47.78 0.9018 0.9031 1.622846 
763.5593 48.753 97.826 -0.12842 0.93439 1.303 -0.12428 20.0000 48.34 0.9026 0.9039 1.623766 
763.1264 48.784 97.924 -0.13004 0.93424 1.277 -0.12533 20.0000 48.10 0.9029 0.9041 1.624687 
762.6934 48.792 97.988 -0.13119 0.93495 1.302 -0.12570 20.0000 48.21 0.9034 0.9047 1.625610 
762.2603 48.826 98.067 -0.13243 0.93435 1.273 -0.12677 20.0000 48.31 0.9032 0.9045 1.626533 
761.8271 48.838 98.152 -0.13391 0.93476 1.260 -0.12727 20.0000 48.62 0.9037 0.9049 1.627458 
761.3938 48.884 98.230 -0.13508 0.93391 1.297 -0.12873 20.0000 48.22 0.9036 0.9049 1.628385 
760.9604 48.926 98.290 -0.13603 0.93362 1.281 -0.13012 20.0000 47.78 0.9040 0.9052 1.629312 
760.5269 48.946 98.382 -0.13763 0.93403 1.255 -0.13086 20.0000 48.37 0.9046 0.9058 1.630241 
760.0933 48.972 98.456 -0.13894 0.93457 1.281 -0.13184 20.0000 48.77 0.9057 0.9069 1.631171 
759.6597 48.997 98.523 -0.14013 0.93504 1.261 -0.13278 20.0000 48.75 0.9065 0.9077 1.632102 
759.2259 49.033 98.621 -0.14168 0.93446 1.278 -0.13395 20.0000 48.33 0.9068 0.9080 1.633034 
758.7921 49.050 98.718 -0.14333 0.93471 1.250 -0.13459 20.0000 48.63 0.9073 0.9085 1.633968 
758.3581 49.087 98.784 -0.14441 0.93459 1.264 -0.13583 20.0000 48.70 0.9074 0.9086 1.634903 
757.9240 49.129 98.872 -0.14570 0.93341 1.269 -0.13711 20.0000 49.22 0.9069 0.9081 1.635839 
757.4899 49.165 98.958 -0.14708 0.93308 1.259 -0.13831 20.0000 49.29 0.9074 0.9085 1.636777 
757.0556 49.206 99.053 -0.14856 0.93239 1.248 -0.13963 20.0000 48.86 0.9074 0.9085 1.637716 
756.6213 49.237 99.141 -0.15006 0.93255 1.254 -0.14071 20.0000 48.52 0.9080 0.9092 1.638656 
756.1868 49.279 99.201 -0.15102 0.93234 1.252 -0.14213 20.0000 48.21 0.9082 0.9094 1.639597 
755.7523 49.292 99.302 -0.15272 0.93240 1.241 -0.14260 20.0000 48.03 0.9082 0.9093 1.640540 
755.3177 49.308 99.394 -0.15433 0.93282 1.254 -0.14326 20.0000 49.14 0.9088 0.9099 1.641484 
754.8830 49.352 99.493 -0.15584 0.93197 1.277 -0.14465 20.0000 48.81 0.9087 0.9098 1.642429 
754.4482 49.389 99.588 -0.15728 0.93107 1.261 -0.14581 20.0000 48.86 0.9087 0.9098 1.643376 
754.0132 49.417 99.693 -0.15900 0.93088 1.265 -0.14676 20.0000 49.96 0.9090 0.9101 1.644324 
753.5782 49.428 99.779 -0.16054 0.93143 1.250 -0.14727 20.0000 48.89 0.9094 0.9105 1.645273 
753.1431 49.451 99.865 -0.16199 0.93153 1.247 -0.14808 20.0000 49.44 0.9098 0.9109 1.646223 
752.7079 49.475 99.967 -0.16365 0.93127 1.243 -0.14893 20.0000 49.03 0.9098 0.9109 1.647175 
752.2726 49.510 100.056 -0.16507 0.93089 1.232 -0.15007 20.0000 49.94 0.9098 0.9109 1.648129 
751.8373 49.550 100.156 -0.16656 0.92984 1.230 -0.15129 20.0000 49.24 0.9094 0.9105 1.649083 
751.4018 49.588 100.213 -0.16750 0.92969 1.240 -0.15258 20.0000 49.81 0.9099 0.9109 1.650039 
750.9662 49.620 100.306 -0.16901 0.92941 1.241 -0.15368 20.0000 49.58 0.9105 0.9116 1.650996 
750.5306 49.663 100.406 -0.17052 0.92858 1.233 -0.15506 20.0000 49.48 0.9107 0.9118 1.651954 
750.0948 49.700 100.484 -0.17174 0.92809 1.241 -0.15626 20.0000 49.45 0.9106 0.9116 1.652914 
749.6589 49.725 100.586 -0.17344 0.92804 1.256 -0.15715 20.0000 49.46 0.9108 0.9118 1.653875 
749.2230 49.756 100.686 -0.17502 0.92751 1.234 -0.15814 20.0000 49.59 0.9109 0.9120 1.654837 
748.7869 49.784 100.786 -0.17661 0.92706 1.239 -0.15908 20.0000 50.14 0.9109 0.9119 1.655801 
748.3508 49.807 100.870 -0.17807 0.92728 1.232 -0.15993 20.0000 49.70 0.9114 0.9124 1.656766 
747.9146 49.820 100.978 -0.17993 0.92761 1.239 -0.16048 20.0000 49.67 0.9121 0.9131 1.657732 
747.4782 49.850 101.093 -0.18179 0.92716 1.233 -0.16149 20.0000 49.00 0.9125 0.9135 1.658700 
747.0417 49.869 101.190 -0.18344 0.92724 1.228 -0.16221 20.0000 49.44 0.9128 0.9138 1.659669 
746.6052 49.895 101.281 -0.18493 0.92704 1.221 -0.16312 20.0000 49.59 0.9128 0.9138 1.660639 
746.1686 49.924 101.356 -0.18622 0.92719 1.216 -0.16416 20.0000 50.00 0.9133 0.9143 1.661611 
745.7319 49.957 101.433 -0.18750 0.92711 1.221 -0.16533 20.0000 49.40 0.9136 0.9147 1.662584 
745.2950 49.983 101.528 -0.18911 0.92724 1.217 -0.16630 20.0000 49.51 0.9142 0.9152 1.663559 
744.8582 50.021 101.607 -0.19040 0.92693 1.216 -0.16756 20.0000 49.94 0.9144 0.9154 1.664534 
744.4211 50.042 101.712 -0.19212 0.92670 1.216 -0.16831 20.0000 49.26 0.9146 0.9156 1.665512 
743.9841 50.047 101.821 -0.19407 0.92729 1.212 -0.16864 20.0000 49.56 0.9152 0.9162 1.666490 
743.5468 50.088 101.907 -0.19538 0.92664 1.226 -0.16999 20.0000 49.36 0.9153 0.9163 1.667470 
743.1096 50.120 102.011 -0.19705 0.92615 1.221 -0.17105 20.0000 49.71 0.9156 0.9166 1.668451 
742.6722 50.149 102.129 -0.19892 0.92561 1.219 -0.17201 20.0000 49.34 0.9160 0.9170 1.669434 
742.2347 50.182 102.236 -0.20057 0.92487 1.215 -0.17307 20.0000 49.93 0.9158 0.9168 1.670418 
741.7971 50.217 102.324 -0.20191 0.92422 1.218 -0.17419 20.0000 50.08 0.9156 0.9166 1.671403 
741.3594 50.251 102.424 -0.20343 0.92342 1.206 -0.17527 20.0000 49.11 0.9156 0.9166 1.672390 
740.9216 50.269 102.542 -0.20538 0.92321 1.217 -0.17595 20.0000 50.29 0.9158 0.9168 1.673378 
740.4838 50.300 102.652 -0.20712 0.92266 1.202 -0.17698 20.0000 49.90 0.9159 0.9169 1.674367 
740.0458 50.328 102.778 -0.20909 0.92194 1.198 -0.17788 20.0000 50.28 0.9159 0.9169 1.675358 
739.6077 50.349 102.899 -0.21102 0.92146 1.208 -0.17858 20.0000 50.23 0.9161 0.9170 1.676351 
739.1696 50.368 102.999 -0.21274 0.92153 1.196 -0.17931 20.0000 49.84 0.9164 0.9174 1.677344 
738.7313 50.393 103.113 -0.21456 0.92108 1.198 -0.18018 20.0000 49.95 0.9165 0.9175 1.678339 
738.2930 50.424 103.213 -0.21613 0.92053 1.204 -0.18120 20.0000 50.38 0.9166 0.9175 1.679336 
737.8545 50.450 103.318 -0.21781 0.92008 1.186 -0.18206 20.0000 50.13 0.9166 0.9176 1.680334 
737.4160 50.476 103.425 -0.21958 0.91993 1.200 -0.18301 20.0000 49.70 0.9170 0.9179 1.681333 
736.9773 50.520 103.538 -0.22121 0.91870 1.197 -0.18436 20.0000 49.39 0.9169 0.9178 1.682334 
736.5386 50.551 103.651 -0.22293 0.91793 1.195 -0.18538 20.0000 49.39 0.9167 0.9177 1.683336 
736.0997 50.586 103.769 -0.22473 0.91708 1.194 -0.18648 20.0000 51.28 0.9167 0.9177 1.684340 
735.6608 50.616 103.886 -0.22659 0.91656 1.203 -0.18750 20.0000 49.95 0.9169 0.9178 1.685344 
735.2218 50.648 103.996 -0.22829 0.91586 1.198 -0.18852 20.0000 49.85 0.9170 0.9179 1.686351 
734.7827 50.683 104.128 -0.23021 0.91457 1.183 -0.18957 20.0000 49.81 0.9166 0.9175 1.687359 
734.3434 50.706 104.236 -0.23193 0.91419 1.197 -0.19037 20.0000 50.17 0.9166 0.9175 1.688368 
733.9041 50.737 104.340 -0.23358 0.91369 1.194 -0.19141 20.0000 50.45 0.9167 0.9176 1.689379 
733.4647 50.766 104.460 -0.23537 0.91273 1.182 -0.19232 20.0000 50.93 0.9166 0.9175 1.690391 
733.0252 50.800 104.587 -0.23726 0.91168 1.175 -0.19336 20.0000 50.10 0.9166 0.9175 1.691404 
732.5856 50.822 104.679 -0.23885 0.91182 1.176 -0.19425 20.0000 50.03 0.9170 0.9179 1.692419 
732.1459 50.856 104.800 -0.24067 0.91091 1.178 -0.19531 20.0000 49.88 0.9169 0.9178 1.693436 
731.7061 50.893 104.919 -0.24233 0.90954 1.180 -0.19642 20.0000 50.46 0.9165 0.9174 1.694453 
731.2662 50.914 105.046 -0.24442 0.90925 1.183 -0.19717 20.0000 50.20 0.9168 0.9177 1.695473 
730.8262 50.941 105.170 -0.24631 0.90846 1.183 -0.19805 20.0000 50.15 0.9168 0.9177 1.696494 
730.3861 50.978 105.306 -0.24826 0.90713 1.180 -0.19917 20.0000 50.20 0.9166 0.9175 1.697516 
729.9459 51.015 105.419 -0.24995 0.90627 1.183 -0.20033 20.0000 50.48 0.9166 0.9174 1.698539 
729.5057 51.058 105.538 -0.25160 0.90494 1.187 -0.20164 20.0000 49.74 0.9166 0.9174 1.699564 
729.0653 51.094 105.634 -0.25306 0.90430 1.180 -0.20282 20.0000 49.75 0.9168 0.9177 1.700591 
728.6248 51.121 105.756 -0.25487 0.90336 1.169 -0.20364 20.0000 49.40 0.9165 0.9174 1.701619 
728.1843 51.143 105.885 -0.25688 0.90264 1.175 -0.20438 20.0000 49.95 0.9164 0.9173 1.702648 
727.7436 51.174 106.013 -0.25882 0.90185 1.168 -0.20540 20.0000 49.93 0.9166 0.9175 1.703680 
727.3028 51.204 106.144 -0.26075 0.90081 1.167 -0.20633 20.0000 49.36 0.9166 0.9175 1.704712 
726.8619 51.235 106.248 -0.26238 0.90030 1.169 -0.20739 20.0000 49.73 0.9168 0.9177 1.705746 
726.4210 51.267 106.374 -0.26421 0.89920 1.176 -0.20837 20.0000 49.93 0.9165 0.9174 1.706781 
725.9799 51.301 106.494 -0.26602 0.89841 1.168 -0.20947 20.0000 49.52 0.9168 0.9177 1.707818 
725.5388 51.349 106.602 -0.26749 0.89719 1.179 -0.21094 20.0000 49.29 0.9168 0.9177 1.708857 
725.0975 51.393 106.700 -0.26890 0.89628 1.173 -0.21236 20.0000 49.74 0.9172 0.9181 1.709897 
724.6561 51.433 106.822 -0.27068 0.89528 1.164 -0.21362 20.0000 48.85 0.9175 0.9183 1.710938 
724.2147 51.469 106.951 -0.27247 0.89392 1.166 -0.21469 20.0000 49.28 0.9174 0.9183 1.711981 
723.7732 51.505 107.083 -0.27435 0.89270 1.161 -0.21578 20.0000 49.15 0.9174 0.9183 1.713025 
723.3315 51.545 107.218 -0.27625 0.89140 1.150 -0.21699 20.0000 48.67 0.9174 0.9183 1.714072 
722.8898 51.584 107.325 -0.27779 0.89051 1.161 -0.21823 20.0000 49.49 0.9177 0.9186 1.715119 
722.4479 51.623 107.447 -0.27952 0.88938 1.155 -0.21946 20.0000 49.37 0.9178 0.9187 1.716168 
722.0060 51.658 107.570 -0.28130 0.88841 1.160 -0.22055 20.0000 49.28 0.9178 0.9187 1.717218 
721.5640 51.699 107.673 -0.28288 0.88782 1.148 -0.22197 20.0000 48.67 0.9184 0.9193 1.718270 
721.1218 51.736 107.802 -0.28478 0.88688 1.157 -0.22314 20.0000 49.00 0.9186 0.9195 1.719324 
720.6796 51.768 107.929 -0.28670 0.88609 1.162 -0.22421 20.0000 49.48 0.9188 0.9197 1.720379 
720.2373 51.809 108.052 -0.28844 0.88499 1.157 -0.22551 20.0000 49.45 0.9189 0.9198 1.721435 
719.7949 51.844 108.192 -0.29043 0.88374 1.150 -0.22655 20.0000 49.03 0.9189 0.9198 1.722493 
719.3524 51.882 108.311 -0.29217 0.88285 1.147 -0.22781 20.0000 48.94 0.9194 0.9203 1.723553 
718.9097 51.921 108.434 -0.29391 0.88177 1.154 -0.22902 20.0000 49.07 0.9194 0.9203 1.724614 
718.4670 51.960 108.559 -0.29564 0.88057 1.148 -0.23023 20.0000 49.24 0.9195 0.9204 1.725677 
718.0242 52.000 108.662 -0.29725 0.88009 1.148 -0.23160 20.0000 49.57 0.9201 0.9210 1.726741 
717.5813 52.048 108.784 -0.29890 0.87880 1.149 -0.23310 20.0000 49.23 0.9203 0.9212 1.727807 
717.1383 52.095 108.907 -0.30059 0.87761 1.146 -0.23458 20.0000 48.33 0.9205 0.9214 1.728874 
716.6952 52.136 109.028 -0.30232 0.87659 1.143 -0.23588 20.0000 48.75 0.9207 0.9216 1.729943 
716.2520 52.177 109.151 -0.30408 0.87560 1.146 -0.23720 20.0000 49.27 0.9209 0.9218 1.731013 
715.8087 52.219 109.260 -0.30564 0.87472 1.151 -0.23857 20.0000 49.03 0.9211 0.9220 1.732086 
715.3653 52.262 109.374 -0.30729 0.87385 1.148 -0.23997 20.0000 49.27 0.9216 0.9225 1.733159 
714.9218 52.299 109.513 -0.30929 0.87280 1.146 -0.24115 20.0000 48.89 0.9218 0.9227 1.734234 
714.4782 52.338 109.634 -0.31107 0.87194 1.139 -0.24245 20.0000 48.94 0.9221 0.9230 1.735311 
714.0345 52.378 109.739 -0.31262 0.87126 1.145 -0.24380 20.0000 48.97 0.9223 0.9232 1.736389 
713.5907 52.415 109.863 -0.31449 0.87051 1.147 -0.24506 20.0000 48.94 0.9227 0.9237 1.737469 
713.1469 52.467 109.983 -0.31601 0.86904 1.138 -0.24664 20.0000 48.20 0.9227 0.9236 1.738550 
712.7028 52.514 110.102 -0.31761 0.86783 1.145 -0.24810 20.0000 48.55 0.9228 0.9238 1.739634 
712.2588 52.557 110.214 -0.31929 0.86713 1.149 -0.24955 20.0000 49.04 0.9234 0.9244 1.740718 
711.8146 52.599 110.339 -0.32109 0.86621 1.132 -0.25097 20.0000 48.36 0.9239 0.9248 1.741805 
711.3703 52.645 110.457 -0.32278 0.86530 1.142 -0.25246 20.0000 48.85 0.9243 0.9252 1.742892 
710.9259 52.690 110.564 -0.32431 0.86448 1.137 -0.25397 20.0000 48.25 0.9247 0.9256 1.743982 
710.4814 52.731 110.688 -0.32607 0.86345 1.127 -0.25531 20.0000 48.33 0.9249 0.9258 1.745073 
710.0369 52.777 110.817 -0.32787 0.86234 1.133 -0.25680 20.0000 48.22 0.9252 0.9262 1.746165 
709.5922 52.817 110.946 -0.32973 0.86142 1.144 -0.25813 20.0000 48.12 0.9255 0.9264 1.747260 
709.1474 52.858 111.076 -0.33168 0.86063 1.140 -0.25955 20.0000 48.47 0.9260 0.9270 1.748356 
708.7026 52.901 111.210 -0.33356 0.85953 1.138 -0.26093 20.0000 48.75 0.9263 0.9272 1.749453 
708.2576 52.948 111.348 -0.33549 0.85836 1.135 -0.26244 20.0000 48.52 0.9266 0.9276 1.750552 
707.8125 52.988 111.489 -0.33751 0.85732 1.134 -0.26379 20.0000 47.81 0.9269 0.9279 1.751653 
707.3674 53.046 111.611 -0.33909 0.85593 1.138 -0.26558 20.0000 47.96 0.9272 0.9282 1.752755 
706.9221 53.091 111.744 -0.34097 0.85490 1.134 -0.26708 20.0000 48.36 0.9276 0.9286 1.753859 
706.4767 53.142 111.870 -0.34269 0.85375 1.135 -0.26873 20.0000 48.42 0.9280 0.9290 1.754965 
706.0313 53.191 111.989 -0.34428 0.85259 1.135 -0.27031 20.0000 48.38 0.9282 0.9291 1.756072 
705.5857 53.241 112.125 -0.34614 0.85137 1.134 -0.27193 20.0000 48.50 0.9287 0.9297 1.757181 
705.1401 53.282 112.264 -0.34816 0.85045 1.133 -0.27332 20.0000 47.81 0.9291 0.9300 1.758292 
704.6943 53.324 112.404 -0.35022 0.84954 1.133 -0.27476 20.0000 47.60 0.9295 0.9305 1.759404 
704.2484 53.369 112.541 -0.35212 0.84836 1.132 -0.27622 20.0000 47.23 0.9296 0.9305 1.760518 
703.8025 53.413 112.685 -0.35411 0.84714 1.140 -0.27767 20.0000 47.50 0.9297 0.9306 1.761633 
703.3564 53.454 112.807 -0.35586 0.84629 1.137 -0.27908 20.0000 47.16 0.9299 0.9308 1.762751 
702.9103 53.502 112.946 -0.35783 0.84522 1.131 -0.28068 20.0000 47.77 0.9303 0.9313 1.763869 
702.4641 53.553 113.077 -0.35960 0.84400 1.135 -0.28235 20.0000 48.09 0.9307 0.9316 1.764990 
702.0177 53.595 113.216 -0.36165 0.84313 1.133 -0.28381 20.0000 47.74 0.9310 0.9320 1.766112 
701.5712 53.642 113.352 -0.36354 0.84200 1.131 -0.28537 20.0000 47.84 0.9313 0.9322 1.767236 
701.1247 53.683 113.498 -0.36566 0.84103 1.134 -0.28681 20.0000 47.89 0.9317 0.9326 1.768361 
700.6780 53.733 113.647 -0.36767 0.83968 1.135 -0.28841 20.0000 47.27 0.9320 0.9329 1.769489 
700.2313 53.773 113.799 -0.36987 0.83864 1.137 -0.28981 20.0000 47.70 0.9324 0.9333 1.770618 
699.7844 53.813 113.943 -0.37195 0.83766 1.139 -0.29121 20.0000 46.74 0.9328 0.9337 1.771748 
699.3375 53.860 114.091 -0.37400 0.83644 1.130 -0.29276 20.0000 46.94 0.9331 0.9340 1.772881 
698.8904 53.904 114.233 -0.37601 0.83537 1.132 -0.29425 20.0000 47.19 0.9335 0.9344 1.774015 
698.4433 53.949 114.383 -0.37812 0.83422 1.132 -0.29579 20.0000 47.01 0.9339 0.9348 1.775150 
697.9961 53.992 114.512 -0.38003 0.83343 1.132 -0.29733 20.0000 47.15 0.9345 0.9354 1.776288 
697.5488 54.042 114.658 -0.38197 0.83209 1.139 -0.29898 20.0000 46.96 0.9348 0.9357 1.777427 
697.1013 54.087 114.804 -0.38398 0.83086 1.139 -0.30046 20.0000 46.87 0.9350 0.9358 1.778568 
696.6537 54.130 114.960 -0.38617 0.82965 1.139 -0.30193 20.0000 46.93 0.9351 0.9360 1.779711 
696.2061 54.173 115.110 -0.38832 0.82858 1.133 -0.30345 20.0000 46.60 0.9355 0.9364 1.780855 
695.7584 54.222 115.268 -0.39045 0.82719 1.136 -0.30506 20.0000 46.45 0.9358 0.9367 1.782001 
695.3105 54.274 115.417 -0.39240 0.82576 1.136 -0.30676 20.0000 47.21 0.9360 0.9369 1.783149 
694.8626 54.323 115.570 -0.39448 0.82446 1.138 -0.30841 20.0000 47.01 0.9365 0.9374 1.784298 
694.4146 54.371 115.726 -0.39658 0.82309 1.130 -0.30999 20.0000 46.88 0.9368 0.9377 1.785449 
693.9664 54.420 115.884 -0.39876 0.82177 1.134 -0.31165 20.0000 46.13 0.9372 0.9380 1.786602 
693.5182 54.460 116.035 -0.40099 0.82086 1.132 -0.31315 20.0000 46.03 0.9378 0.9386 1.787757 
693.0699 54.508 116.198 -0.40325 0.81956 1.144 -0.31478 20.0000 45.92 0.9382 0.9391 1.788913 
692.6215 54.548 116.365 -0.40562 0.81840 1.138 -0.31623 20.0000 45.94 0.9386 0.9394 1.790071 
692.1729 54.592 116.531 -0.40794 0.81707 1.140 -0.31774 20.0000 46.02 0.9388 0.9396 1.791231 
691.7243 54.640 116.694 -0.41011 0.81564 1.133 -0.31933 20.0000 46.39 0.9392 0.9400 1.792393 
691.2756 54.693 116.856 -0.41223 0.81410 1.130 -0.32110 20.0000 46.03 0.9396 0.9404 1.793557 
690.8267 54.741 117.023 -0.41443 0.81254 1.143 -0.32268 20.0000 45.90 0.9399 0.9407 1.794722 
690.3778 54.787 117.185 -0.41666 0.81126 1.136 -0.32429 20.0000 45.47 0.9403 0.9411 1.795889 
689.9288 54.834 117.354 -0.41892 0.80976 1.144 -0.32586 20.0000 45.07 0.9407 0.9415 1.797058 
689.4797 54.881 117.520 -0.42116 0.80836 1.140 -0.32748 20.0000 45.15 0.9412 0.9420 1.798228 
689.0304 54.934 117.686 -0.42324 0.80662 1.144 -0.32919 20.0000 44.54 0.9414 0.9422 1.799401 
688.5811 54.981 117.854 -0.42547 0.80513 1.135 -0.33077 20.0000 45.61 0.9418 0.9426 1.800575 
688.1317 55.027 118.026 -0.42774 0.80359 1.134 -0.33230 20.0000 45.12 0.9420 0.9428 1.801751 
687.6821 55.071 118.203 -0.43007 0.80198 1.136 -0.33378 20.0000 45.25 0.9423 0.9431 1.802929 
687.2325 55.122 118.365 -0.43219 0.80048 1.143 -0.33549 20.0000 45.27 0.9426 0.9434 1.804108 
686.7828 55.172 118.544 -0.43448 0.79874 1.146 -0.33716 20.0000 45.12 0.9428 0.9436 1.805290 
686.3329 55.219 118.722 -0.43683 0.79715 1.143 -0.33873 20.0000 44.81 0.9431 0.9439 1.806473 
685.8830 55.268 118.904 -0.43916 0.79543 1.144 -0.34037 20.0000 44.46 0.9433 0.9441 1.807658 
685.4330 55.320 119.084 -0.44151 0.79375 1.142 -0.34213 20.0000 44.76 0.9438 0.9445 1.808845 
684.9828 55.371 119.262 -0.44379 0.79206 1.146 -0.34383 20.0000 44.44 0.9442 0.9450 1.810034 
684.5327 55.423 119.448 -0.44606 0.79009 1.143 -0.34548 20.0000 44.63 0.9443 0.9450 1.811224 
684.0823 55.473 119.630 -0.44833 0.78822 1.145 -0.34712 20.0000 44.11 0.9445 0.9452 1.812416 
683.6319 55.524 119.816 -0.45062 0.78633 1.150 -0.34878 20.0000 44.22 0.9447 0.9454 1.813610 
683.1813 55.576 120.000 -0.45283 0.78434 1.155 -0.35040 20.0000 43.81 0.9447 0.9454 1.814807 
682.7307 55.627 120.171 -0.45500 0.78268 1.152 -0.35214 20.0000 43.93 0.9451 0.9459 1.816004 
682.2800 55.684 120.361 -0.45722 0.78053 1.148 -0.35392 20.0000 44.13 0.9454 0.9461 1.817204 
681.8292 55.741 120.547 -0.45939 0.77843 1.146 -0.35572 20.0000 43.51 0.9457 0.9464 1.818405 
681.3782 55.798 120.731 -0.46156 0.77641 1.153 -0.35753 20.0000 43.68 0.9460 0.9468 1.819609 
680.9272 55.848 120.919 -0.46380 0.77438 1.155 -0.35912 20.0000 43.29 0.9462 0.9469 1.820814 
680.4761 55.905 121.104 -0.46592 0.77224 1.153 -0.36093 20.0000 43.60 0.9464 0.9471 1.822021 
680.0248 55.961 121.295 -0.46808 0.77002 1.162 -0.36266 20.0000 43.24 0.9465 0.9472 1.823230 
679.5735 56.013 121.488 -0.47038 0.76796 1.158 -0.36434 20.0000 43.27 0.9468 0.9475 1.824441 
679.1221 56.075 121.680 -0.47246 0.76557 1.155 -0.36620 20.0000 43.20 0.9469 0.9476 1.825654 
678.6705 56.131 121.878 -0.47469 0.76327 1.163 -0.36796 20.0000 43.39 0.9471 0.9478 1.826869 
678.2189 56.185 122.075 -0.47695 0.76104 1.159 -0.36966 20.0000 43.67 0.9472 0.9479 1.828085 
677.7672 56.237 122.261 -0.47913 0.75903 1.163 -0.37131 20.0000 42.60 0.9475 0.9481 1.829303 
677.3154 56.293 122.457 -0.48132 0.75678 1.166 -0.37306 20.0000 42.39 0.9477 0.9483 1.830524 
676.8634 56.345 122.655 -0.48362 0.75464 1.168 -0.37475 20.0000 42.81 0.9480 0.9487 1.831746 
676.4114 56.406 122.855 -0.48570 0.75208 1.168 -0.37655 20.0000 42.57 0.9481 0.9488 1.832970 
675.9592 56.455 123.053 -0.48799 0.74991 1.169 -0.37813 20.0000 42.65 0.9483 0.9490 1.834196 
675.5070 56.508 123.251 -0.49020 0.74764 1.171 -0.37979 20.0000 42.57 0.9486 0.9492 1.835424 
675.0547 56.564 123.463 -0.49245 0.74507 1.176 -0.38147 20.0000 42.30 0.9488 0.9494 1.836654 
674.6022 56.622 123.668 -0.49462 0.74255 1.174 -0.38320 20.0000 42.18 0.9489 0.9495 1.837886 
674.1497 56.680 123.872 -0.49677 0.74006 1.176 -0.38496 20.0000 42.24 0.9491 0.9497 1.839120 
673.6971 56.737 124.081 -0.49896 0.73748 1.180 -0.38667 20.0000 41.87 0.9492 0.9499 1.840355 
673.2443 56.789 124.291 -0.50130 0.73512 1.179 -0.38833 20.0000 42.07 0.9496 0.9502 1.841593 
672.7915 56.843 124.501 -0.50357 0.73266 1.181 -0.39001 20.0000 42.23 0.9498 0.9504 1.842832 
672.3386 56.901 124.713 -0.50574 0.73004 1.185 -0.39173 20.0000 41.99 0.9501 0.9507 1.844074 
671.8855 56.956 124.924 -0.50795 0.72747 1.185 -0.39340 20.0000 41.42 0.9502 0.9509 1.845317 
671.4324 57.012 125.138 -0.51013 0.72482 1.190 -0.39509 20.0000 41.47 0.9505 0.9511 1.846563 
670.9791 57.067 125.351 -0.51237 0.72229 1.186 -0.39676 20.0000 41.81 0.9507 0.9513 1.847810 
670.5258 57.125 125.565 -0.51454 0.71964 1.200 -0.39850 20.0000 41.44 0.9509 0.9515 1.849059 
670.0723 57.181 125.778 -0.51668 0.71697 1.195 -0.40019 20.0000 41.78 0.9512 0.9518 1.850311 
669.6188 57.241 125.997 -0.51881 0.71416 1.196 -0.40193 20.0000 41.00 0.9515 0.9521 1.851564 
669.1651 57.295 126.216 -0.52105 0.71151 1.204 -0.40357 20.0000 41.61 0.9516 0.9522 1.852819 
668.7114 57.349 126.439 -0.52336 0.70886 1.208 -0.40523 20.0000 41.06 0.9519 0.9525 1.854076 
668.2575 57.396 126.668 -0.52586 0.70631 1.200 -0.40673 20.0000 41.10 0.9520 0.9526 1.855336 
667.8035 57.447 126.892 -0.52823 0.70373 1.207 -0.40834 20.0000 41.13 0.9523 0.9529 1.856597 
667.3495 57.505 127.117 -0.53037 0.70085 1.211 -0.41003 20.0000 40.92 0.9524 0.9530 1.857860 
666.8953 57.559 127.345 -0.53266 0.69808 1.215 -0.41165 20.0000 40.87 0.9527 0.9533 1.859125 
666.4411 57.612 127.568 -0.53489 0.69537 1.211 -0.41328 20.0000 40.02 0.9529 0.9535 1.860392 
665.9868 57.664 127.799 -0.53724 0.69263 1.212 -0.41487 20.0000 40.33 0.9532 0.9538 1.861661 
665.5323 57.713 128.024 -0.53957 0.69003 1.220 -0.41640 20.0000 40.62 0.9535 0.9541 1.862933 
665.0777 57.764 128.253 -0.54188 0.68729 1.222 -0.41799 20.0000 40.01 0.9537 0.9543 1.864206 
664.6230 57.819 128.485 -0.54410 0.68439 1.218 -0.41962 20.0000 40.29 0.9540 0.9546 1.865482 
664.1683 57.871 128.719 -0.54646 0.68164 1.224 -0.42123 20.0000 40.02 0.9544 0.9550 1.866759 
663.7134 57.922 128.955 -0.54879 0.67878 1.224 -0.42278 20.0000 40.03 0.9547 0.9553 1.868038 
663.2584 57.972 129.192 -0.55111 0.67592 1.226 -0.42429 20.0000 40.02 0.9548 0.9554 1.869319 
662.8034 58.024 129.431 -0.55338 0.67295 1.224 -0.42583 20.0000 39.14 0.9550 0.9555 1.870603 
662.3482 58.072 129.672 -0.55578 0.67011 1.231 -0.42731 20.0000 39.73 0.9551 0.9557 1.871888 
661.8929 58.122 129.910 -0.55808 0.66723 1.236 -0.42884 20.0000 39.69 0.9554 0.9560 1.873176 
661.4376 58.176 130.147 -0.56024 0.66421 1.238 -0.43043 20.0000 39.28 0.9556 0.9562 1.874465 
660.9821 58.228 130.389 -0.56247 0.66117 1.242 -0.43196 20.0000 39.53 0.9558 0.9564 1.875757 
660.5265 58.277 130.635 -0.56483 0.65818 1.247 -0.43344 20.0000 38.62 0.9559 0.9565 1.877051 
660.0708 58.328 130.883 -0.56713 0.65511 1.248 -0.43495 20.0000 39.44 0.9561 0.9567 1.878347 
659.6151 58.375 131.127 -0.56950 0.65221 1.248 -0.43642 20.0000 39.17 0.9564 0.9570 1.879644 
659.1592 58.426 131.374 -0.57179 0.64917 1.252 -0.43796 20.0000 39.03 0.9567 0.9573 1.880945 
658.7032 58.473 131.625 -0.57415 0.64611 1.250 -0.43940 20.0000 38.66 0.9569 0.9576 1.882247 
658.2471 58.516 131.876 -0.57660 0.64317 1.263 -0.44072 20.0000 39.22 0.9572 0.9578 1.883551 
657.7909 58.560 132.127 -0.57898 0.64016 1.263 -0.44208 20.0000 38.90 0.9575 0.9581 1.884857 
657.3346 58.604 132.381 -0.58139 0.63713 1.268 -0.44343 20.0000 38.67 0.9576 0.9582 1.886166 
656.8782 58.649 132.643 -0.58385 0.63397 1.276 -0.44480 20.0000 38.50 0.9578 0.9585 1.887476 
656.4218 58.696 132.900 -0.58616 0.63079 1.276 -0.44620 20.0000 38.34 0.9579 0.9585 1.888788 
655.9651 58.742 133.158 -0.58850 0.62760 1.281 -0.44757 20.0000 38.27 0.9580 0.9587 1.890103 
655.5084 58.788 133.413 -0.59077 0.62443 1.281 -0.44893 20.0000 37.54 0.9582 0.9589 1.891420 
655.0516 58.837 133.673 -0.59294 0.62106 1.292 -0.45031 20.0000 37.63 0.9584 0.9590 1.892739 
654.5947 58.880 133.936 -0.59530 0.61784 1.293 -0.45157 20.0000 38.11 0.9586 0.9592 1.894060 
654.1377 58.920 134.201 -0.59779 0.61471 1.292 -0.45283 20.0000 37.80 0.9587 0.9594 1.895384 
653.6806 58.961 134.465 -0.60017 0.61148 1.301 -0.45407 20.0000 37.85 0.9588 0.9595 1.896709 
653.2234 59.009 134.730 -0.60241 0.60811 1.304 -0.45546 20.0000 38.24 0.9589 0.9596 1.898037 
652.7661 59.053 134.999 -0.60472 0.60473 1.303 -0.45677 20.0000 37.54 0.9592 0.9598 1.899366 
652.3087 59.098 135.269 -0.60700 0.60132 1.310 -0.45806 20.0000 37.36 0.9593 0.9600 1.900698 
651.8511 59.144 135.544 -0.60928 0.59781 1.319 -0.45937 20.0000 37.30 0.9594 0.9601 1.902032 
651.3936 59.178 135.818 -0.61185 0.59462 1.328 -0.46048 20.0000 37.03 0.9597 0.9604 1.903368 
650.9358 59.219 136.096 -0.61428 0.59121 1.330 -0.46172 20.0000 37.66 0.9598 0.9605 1.904707 
650.4780 59.261 136.375 -0.61670 0.58779 1.325 -0.46299 20.0000 37.12 0.9602 0.9608 1.906047 
650.0201 59.306 136.655 -0.61909 0.58432 1.332 -0.46438 20.0000 36.80 0.9605 0.9612 1.907390 
649.5620 59.349 136.935 -0.62145 0.58084 1.336 -0.46566 20.0000 37.03 0.9608 0.9615 1.908735 
649.1039 59.395 137.216 -0.62369 0.57721 1.350 -0.46700 20.0000 36.55 0.9610 0.9617 1.910082 
648.6457 59.440 137.494 -0.62590 0.57365 1.351 -0.46830 20.0000 36.27 0.9613 0.9620 1.911432 
648.1873 59.481 137.778 -0.62834 0.57018 1.355 -0.46957 20.0000 36.45 0.9615 0.9622 1.912783 
647.7289 59.518 138.056 -0.63072 0.56678 1.369 -0.47073 20.0000 36.91 0.9618 0.9625 1.914137 
647.2703 59.559 138.344 -0.63306 0.56317 1.365 -0.47196 20.0000 36.38 0.9620 0.9627 1.915493 
646.8117 59.599 138.623 -0.63534 0.55968 1.368 -0.47317 20.0000 36.04 0.9621 0.9628 1.916851 
646.3530 59.645 138.914 -0.63750 0.55586 1.366 -0.47444 20.0000 35.48 0.9623 0.9630 1.918212 
645.8941 59.688 139.202 -0.63973 0.55215 1.386 -0.47568 20.0000 36.44 0.9625 0.9632 1.919575 
645.4351 59.731 139.493 -0.64192 0.54840 1.391 -0.47693 20.0000 35.81 0.9628 0.9635 1.920940 
644.9761 59.772 139.787 -0.64428 0.54472 1.396 -0.47818 20.0000 35.84 0.9630 0.9637 1.922307 
644.5169 59.812 140.073 -0.64646 0.54104 1.397 -0.47936 20.0000 35.86 0.9633 0.9640 1.923676 
644.0577 59.849 140.362 -0.64881 0.53746 1.397 -0.48053 20.0000 35.76 0.9635 0.9642 1.925048 
643.5983 59.887 140.653 -0.65108 0.53380 1.410 -0.48166 20.0000 35.30 0.9637 0.9644 1.926422 
643.1389 59.926 140.950 -0.65341 0.53006 1.416 -0.48286 20.0000 35.55 0.9640 0.9647 1.927798 
642.6793 59.961 141.252 -0.65578 0.52628 1.423 -0.48395 20.0000 35.78 0.9641 0.9648 1.929177 
642.2196 60.000 141.547 -0.65798 0.52250 1.419 -0.48509 20.0000 35.00 0.9643 0.9650 1.930558 
641.7598 60.039 141.850 -0.66027 0.51865 1.426 -0.48628 20.0000 34.68 0.9646 0.9653 1.931941 
641.2999 60.076 142.150 -0.66257 0.51487 1.436 -0.48742 20.0000 34.75 0.9649 0.9656 1.933326 
640.8400 60.115 142.455 -0.66486 0.51101 1.438 -0.48864 20.0000 34.77 0.9652 0.9659 1.934714 
640.3799 60.146 142.764 -0.66729 0.50717 1.452 -0.48964 20.0000 34.80 0.9654 0.9661 1.936104 
639.9197 60.182 143.066 -0.66962 0.50339 1.465 -0.49078 20.0000 35.05 0.9658 0.9665 1.937496 
639.4594 60.214 143.378 -0.67199 0.49947 1.469 -0.49179 20.0000 35.09 0.9660 0.9667 1.938891 
638.9990 60.254 143.690 -0.67408 0.49534 1.471 -0.49291 20.0000 35.31 0.9662 0.9669 1.940288 
638.5385 60.286 143.999 -0.67643 0.49148 1.478 -0.49393 20.0000 35.39 0.9664 0.9671 1.941687 
638.0779 60.326 144.312 -0.67847 0.48732 1.478 -0.49504 20.0000 35.38 0.9666 0.9674 1.943089 
637.6172 60.361 144.620 -0.68063 0.48333 1.482 -0.49608 20.0000 34.87 0.9668 0.9675 1.944493 
637.1564 60.391 144.942 -0.68307 0.47932 1.487 -0.49710 20.0000 34.96 0.9672 0.9679 1.945899 
636.6954 60.423 145.261 -0.68537 0.47526 1.502 -0.49808 20.0000 35.18 0.9674 0.9681 1.947308 
636.2344 60.455 145.570 -0.68758 0.47132 1.504 -0.49911 20.0000 34.87 0.9678 0.9685 1.948719 
635.7733 60.493 145.884 -0.68957 0.46715 1.502 -0.50017 20.0000 34.85 0.9679 0.9686 1.950132 
635.3121 60.525 146.203 -0.69164 0.46296 1.513 -0.50107 20.0000 34.36 0.9680 0.9687 1.951548 
634.8508 60.550 146.527 -0.69408 0.45892 1.518 -0.50193 20.0000 34.52 0.9684 0.9691 1.952966 
634.3893 60.584 146.844 -0.69608 0.45473 1.531 -0.50292 20.0000 34.37 0.9684 0.9691 1.954387 
633.9278 60.608 147.168 -0.69858 0.45077 1.536 -0.50384 20.0000 34.49 0.9687 0.9694 1.955809 
633.4662 60.638 147.499 -0.70103 0.44662 1.549 -0.50492 20.0000 34.36 0.9691 0.9698 1.957235 
633.0044 60.668 147.832 -0.70325 0.44232 1.550 -0.50586 20.0000 34.25 0.9694 0.9701 1.958662 
632.5425 60.702 148.164 -0.70528 0.43790 1.556 -0.50680 20.0000 34.20 0.9695 0.9702 1.960093 
632.0806 60.730 148.502 -0.70750 0.43352 1.571 -0.50769 20.0000 34.37 0.9698 0.9705 1.961525 
631.6186 60.763 148.831 -0.70928 0.42903 1.566 -0.50851 20.0000 33.62 0.9696 0.9702 1.962960 
631.1564 60.799 149.173 -0.71120 0.42442 1.587 -0.50946 20.0000 34.06 0.9699 0.9706 1.964397 
630.6942 60.839 149.490 -0.71264 0.41994 1.581 -0.51044 20.0000 34.12 0.9700 0.9707 1.965837 
630.2318 60.864 149.828 -0.71470 0.41549 1.600 -0.51113 20.0000 33.89 0.9706 0.9712 1.967279 
629.7693 60.888 150.171 -0.71654 0.41084 1.601 -0.51165 20.0000 33.51 0.9708 0.9714 1.968724 
629.3068 60.902 150.520 -0.71914 0.40654 1.609 -0.51227 20.0000 33.89 0.9713 0.9719 1.970171 
628.8441 60.931 150.858 -0.72082 0.40190 1.613 -0.51294 20.0000 33.30 0.9714 0.9720 1.971620 
628.3813 60.955 151.208 -0.72320 0.39745 1.622 -0.51384 20.0000 33.82 0.9718 0.9725 1.973073 
627.9184 60.975 151.561 -0.72558 0.39296 1.632 -0.51460 20.0000 33.26 0.9725 0.9731 1.974527 
627.4554 60.994 151.930 -0.72807 0.38826 1.635 -0.51535 20.0000 33.38 0.9728 0.9735 1.975984 
626.9923 61.013 152.268 -0.73008 0.38381 1.643 -0.51594 20.0000 33.42 0.9727 0.9733 1.977444 
626.5291 61.049 152.602 -0.73133 0.37905 1.642 -0.51669 20.0000 33.17 0.9721 0.9728 1.978905 
626.0658 61.062 152.965 -0.73349 0.37430 1.653 -0.51705 20.0000 33.15 0.9723 0.9730 1.980370 
625.6024 61.091 153.324 -0.73525 0.36941 1.669 -0.51780 20.0000 33.39 0.9727 0.9733 1.981837 
625.1389 61.121 153.715 -0.73710 0.36406 1.673 -0.51855 20.0000 33.17 0.9729 0.9736 1.983306 
624.6753 61.191 154.061 -0.73763 0.35879 1.685 -0.52018 20.0000 33.11 0.9724 0.9730 1.984778 
624.2115 61.222 154.447 -0.73906 0.35335 1.683 -0.52077 20.0000 32.91 0.9726 0.9732 1.986253 
623.7477 61.239 154.841 -0.74104 0.34806 1.685 -0.52113 20.0000 32.63 0.9733 0.9739 1.987730 
623.2838 61.217 155.270 -0.74491 0.34308 1.692 -0.52116 20.0000 32.54 0.9745 0.9752 1.989209 
622.8198 61.198 155.671 -0.74824 0.33830 1.711 -0.52104 20.0000 32.98 0.9752 0.9758 1.990691 
622.3557 61.146 156.018 -0.75207 0.33456 1.722 -0.52020 20.0000 32.63 0.9765 0.9771 1.992176 
621.8914 61.130 156.346 -0.75470 0.33057 1.730 -0.52005 20.0000 32.78 0.9774 0.9780 1.993663 
621.4271 61.112 156.654 -0.75715 0.32681 1.726 -0.51981 20.0000 32.69 0.9775 0.9781 1.995153 
620.9626 61.121 156.923 -0.75842 0.32313 1.728 -0.52000 20.0000 32.41 0.9774 0.9781 1.996645 
620.4980 61.167 157.177 -0.75826 0.31910 1.746 -0.52075 20.0000 32.35 0.9761 0.9768 1.998140 
620.0334 61.197 157.463 -0.75905 0.31498 1.749 -0.52140 20.0000 32.47 0.9762 0.9769 1.999637 
619.5687 61.253 157.722 -0.75922 0.31104 1.763 -0.52283 20.0000 32.15 0.9760 0.9767 2.001137 
619.1038 61.297 158.014 -0.75949 0.30665 1.759 -0.52368 20.0000 32.41 0.9760 0.9768 2.002640 
618.6388 61.329 158.317 -0.75991 0.30214 1.760 -0.52417 20.0000 32.21 0.9763 0.9771 2.004145 
618.1737 61.364 158.628 -0.76056 0.29763 1.776 -0.52488 20.0000 32.34 0.9768 0.9776 2.005653 
617.7086 61.424 158.914 -0.75992 0.29301 1.785 -0.52584 20.0000 31.95 0.9769 0.9777 2.007163 
617.2433 61.475 159.214 -0.75973 0.28839 1.782 -0.52673 20.0000 31.76 0.9768 0.9777 2.008676 
616.7779 61.517 159.529 -0.76002 0.28371 1.795 -0.52753 20.0000 32.50 0.9771 0.9780 2.010192 
616.3124 61.563 159.853 -0.76002 0.27883 1.809 -0.52828 20.0000 32.36 0.9769 0.9778 2.011710 
615.8468 61.605 160.185 -0.75991 0.27381 1.787 -0.52879 20.0000 31.88 0.9768 0.9776 2.013231 
615.3810 61.657 160.503 -0.75974 0.26899 1.802 -0.52970 20.0000 31.59 0.9769 0.9778 2.014755 
614.9153 61.715 160.821 -0.75903 0.26401 1.803 -0.53050 20.0000 32.03 0.9767 0.9776 2.016281 
614.4493 61.766 161.147 -0.75863 0.25904 1.805 -0.53126 20.0000 31.92 0.9765 0.9774 2.017810 
613.9833 61.821 161.490 -0.75820 0.25383 1.823 -0.53207 20.0000 31.44 0.9762 0.9771 2.019341 
613.5172 61.867 161.840 -0.75807 0.24865 1.807 -0.53277 20.0000 31.10 0.9762 0.9771 2.020875 
613.0510 61.920 162.192 -0.75777 0.24341 1.821 -0.53363 20.0000 31.66 0.9760 0.9770 2.022412 
612.5847 61.978 162.548 -0.75723 0.23805 1.828 -0.53454 20.0000 31.74 0.9759 0.9768 2.023952 
612.1182 62.032 162.913 -0.75691 0.23267 1.818 -0.53540 20.0000 31.39 0.9757 0.9767 2.025494 
611.6517 62.087 163.277 -0.75642 0.22727 1.850 -0.53623 20.0000 31.33 0.9755 0.9765 2.027039 
611.1850 62.136 163.648 -0.75613 0.22185 1.867 -0.53700 20.0000 30.98 0.9751 0.9761 2.028587 
610.7183 62.186 164.020 -0.75578 0.21643 1.838 -0.53774 20.0000 31.74 0.9747 0.9757 2.030137 
610.2514 62.237 164.392 -0.75538 0.21101 1.845 -0.53852 20.0000 31.30 0.9744 0.9754 2.031690 
609.7844 62.288 164.775 -0.75495 0.20547 1.843 -0.53927 20.0000 31.70 0.9740 0.9750 2.033246 
609.3173 62.338 165.173 -0.75466 0.19977 1.826 -0.54006 20.0000 31.15 0.9738 0.9748 2.034805 
608.8502 62.385 165.577 -0.75452 0.19405 1.834 -0.54086 20.0000 30.87 0.9735 0.9746 2.036366 
608.3829 62.434 165.984 -0.75414 0.18825 1.844 -0.54161 20.0000 30.97 0.9731 0.9742 2.037930 
607.9155 62.473 166.394 -0.75419 0.18254 1.812 -0.54226 20.0000 31.43 0.9727 0.9738 2.039497 
607.4480 62.518 166.806 -0.75404 0.17678 1.805 -0.54301 20.0000 31.24 0.9724 0.9735 2.041067 
606.9804 62.554 167.229 -0.75416 0.17094 1.807 -0.54364 20.0000 30.57 0.9719 0.9730 2.042639 
606.5127 62.589 167.660 -0.75430 0.16502 1.850 -0.54423 20.0000 30.13 0.9716 0.9726 2.044214 
606.0449 62.619 168.097 -0.75454 0.15905 1.841 -0.54474 20.0000 30.52 0.9711 0.9722 2.045792 
605.5770 62.652 168.543 -0.75465 0.15294 1.834 -0.54529 20.0000 30.21 0.9707 0.9718 2.047373 
605.1089 62.678 168.991 -0.75507 0.14690 1.838 -0.54579 20.0000 30.59 0.9705 0.9715 2.048957 
604.6408 62.705 169.435 -0.75534 0.14088 1.843 -0.54624 20.0000 30.79 0.9702 0.9713 2.050543 
604.1726 62.726 169.890 -0.75589 0.13478 1.834 -0.54672 20.0000 30.15 0.9699 0.9710 2.052132 
603.7042 62.742 170.353 -0.75661 0.12860 1.784 -0.54710 20.0000 30.15 0.9698 0.9708 2.053724 
603.2358 62.757 170.824 -0.75727 0.12232 1.829 -0.54742 20.0000 30.04 0.9697 0.9707 2.055319 
602.7673 62.768 171.302 -0.75799 0.11596 1.775 -0.54767 20.0000 29.61 0.9694 0.9704 2.056916 
602.2986 62.775 171.777 -0.75870 0.10964 1.804 -0.54780 20.0000 30.42 0.9691 0.9701 2.058517 
601.8298 62.788 172.256 -0.75921 0.10325 1.778 -0.54808 20.0000 29.95 0.9689 0.9699 2.060121 
601.3610 62.795 172.742 -0.75992 0.09678 1.783 -0.54823 20.0000 29.93 0.9686 0.9696 2.061726 
600.8920 62.799 173.225 -0.76062 0.09037 1.790 -0.54836 20.0000 29.93 0.9684 0.9694 2.063336 
600.4229 62.798 173.711 -0.76148 0.08392 1.807 -0.54837 20.0000 29.58 0.9682 0.9692 2.064948 
599.9537 62.795 174.201 -0.76234 0.07742 1.833 -0.54841 20.0000 29.98 0.9681 0.9690 2.066563 
599.4844 62.784 174.688 -0.76348 0.07099 1.825 -0.54831 20.0000 29.75 0.9679 0.9689 2.068181 
599.0150 62.771 175.185 -0.76468 0.06441 1.806 -0.54823 20.0000 29.08 0.9679 0.9688 2.069801 
598.5455 62.763 175.681 -0.76552 0.05781 1.791 -0.54812 20.0000 29.16 0.9677 0.9686 2.071425 
598.0759 62.750 176.171 -0.76655 0.05131 1.820 -0.54798 20.0000 29.69 0.9676 0.9686 2.073051 
597.6062 62.735 176.669 -0.76753 0.04467 1.801 -0.54778 20.0000 29.50 0.9675 0.9684 2.074680 
597.1364 62.705 177.161 -0.76903 0.03814 1.780 -0.54739 20.0000 29.34 0.9675 0.9684 2.076313 
596.6664 62.677 177.650 -0.77050 0.03162 1.778 -0.54709 20.0000 29.46 0.9675 0.9684 2.077948 
596.1964 62.651 178.160 -0.77177 0.02479 1.764 -0.54679 20.0000 29.33 0.9673 0.9682 2.079586 
595.7263 62.615 178.648 -0.77334 0.01826 1.785 -0.54629 20.0000 29.72 0.9675 0.9683 2.081227 
595.2560 62.583 179.153 -0.77454 0.01145 1.766 -0.54576 20.0000 29.51 0.9676 0.9685 2.082872 
594.7857 62.545 179.660 -0.77577 0.00460 1.768 -0.54503 20.0000 29.64 0.9675 0.9684 2.084519 
594.3152 62.507 180.156 -0.77702 -0.00211 1.760 -0.54438 20.0000 29.42 0.9676 0.9685 2.086169 
593.8447 62.462 180.644 -0.77855 -0.00875 1.761 -0.54363 20.0000 29.68 0.9679 0.9687 2.087822 
593.3740 62.414 181.135 -0.78002 -0.01545 1.751 -0.54281 20.0000 29.79 0.9680 0.9688 2.089478 
592.9032 62.357 181.599 -0.78195 -0.02183 1.742 -0.54194 20.0000 30.01 0.9687 0.9695 2.091137 
592.4323 62.293 182.072 -0.78393 -0.02837 1.731 -0.54089 20.0000 29.42 0.9689 0.9697 2.092799 
591.9613 62.215 182.541 -0.78657 -0.03491 1.722 -0.53969 20.0000 29.33 0.9694 0.9702 2.094464 
591.4902 62.154 183.021 -0.78848 -0.04162 1.714 -0.53879 20.0000 29.55 0.9695 0.9703 2.096133 
591.0190 62.090 183.486 -0.79063 -0.04816 1.696 -0.53792 20.0000 29.39 0.9699 0.9707 2.097804 
590.5477 62.035 183.964 -0.79205 -0.05489 1.690 -0.53694 20.0000 29.40 0.9701 0.9708 2.099478 
590.0763 61.961 184.412 -0.79446 -0.06130 1.681 -0.53588 20.0000 29.50 0.9705 0.9713 2.101155 
589.6048 61.889 184.873 -0.79613 -0.06788 1.673 -0.53445 20.0000 29.27 0.9707 0.9714 2.102836 
589.1331 61.819 185.342 -0.79779 -0.07460 1.657 -0.53312 20.0000 29.47 0.9707 0.9714 2.104519 
588.6614 61.752 185.783 -0.79911 -0.08093 1.654 -0.53171 20.0000 29.75 0.9710 0.9717 2.106206 
588.1896 61.679 186.224 -0.80085 -0.08734 1.651 -0.53034 20.0000 29.81 0.9717 0.9723 2.107895 
587.7176 61.589 186.628 -0.80333 -0.09335 1.626 -0.52879 20.0000 28.75 0.9729 0.9736 2.109588 
587.2455 61.519 187.052 -0.80494 -0.09957 1.608 -0.52749 20.0000 28.92 0.9735 0.9742 2.111284 
586.7734 61.434 187.455 -0.80689 -0.10558 1.613 -0.52581 20.0000 29.53 0.9740 0.9746 2.112983 
586.3011 61.351 187.811 -0.80862 -0.11092 1.603 -0.52404 20.0000 29.80 0.9744 0.9750 2.114685 
585.8287 61.222 188.128 -0.81168 -0.11593 1.600 -0.52121 20.0000 30.25 0.9756 0.9763 2.116390 
585.3563 61.126 188.440 -0.81401 -0.12079 1.574 -0.51928 20.0000 29.64 0.9762 0.9769 2.118098 
584.8837 61.039 188.761 -0.81593 -0.12574 1.560 -0.51743 20.0000 29.20 0.9763 0.9770 2.119809 
584.4109 60.991 189.114 -0.81570 -0.13085 1.553 -0.51587 20.0000 29.15 0.9756 0.9764 2.121524 
583.9382 60.953 189.448 -0.81522 -0.13565 1.546 -0.51453 20.0000 29.33 0.9755 0.9762 2.123242 
583.4652 60.946 189.880 -0.81383 -0.14175 1.537 -0.51402 20.0000 29.51 0.9746 0.9753 2.124963 
582.9922 60.919 190.291 -0.81296 -0.14761 1.512 -0.51305 20.0000 29.50 0.9737 0.9745 2.126687 
582.5191 60.905 190.708 -0.81166 -0.15348 1.503 -0.51238 20.0000 29.63 0.9738 0.9745 2.128414 
582.0458 60.876 191.122 -0.81092 -0.15941 1.494 -0.51145 20.0000 29.08 0.9741 0.9749 2.130145 
581.5725 60.819 191.486 -0.81132 -0.16486 1.486 -0.51009 20.0000 29.30 0.9757 0.9764 2.131878 
581.0991 60.780 191.890 -0.81066 -0.17069 1.475 -0.50887 20.0000 29.34 0.9759 0.9767 2.133615 
580.6255 60.707 192.293 -0.81068 -0.17666 1.462 -0.50672 20.0000 29.33 0.9765 0.9773 2.135356 
580.1519 60.649 192.684 -0.81045 -0.18241 1.450 -0.50505 20.0000 29.00 0.9769 0.9777 2.137099 
579.6780 60.605 193.090 -0.80987 -0.18831 1.439 -0.50375 20.0000 29.07 0.9769 0.9776 2.138846 
579.2042 60.560 193.504 -0.80891 -0.19426 1.431 -0.50224 20.0000 29.62 0.9766 0.9774 2.140595 
578.7302 60.491 193.900 -0.80907 -0.20022 1.418 -0.50046 20.0000 29.47 0.9766 0.9774 2.142349 
578.2561 60.428 194.303 -0.80880 -0.20620 1.409 -0.49869 20.0000 29.29 0.9768 0.9776 2.144105 
577.7819 60.377 194.716 -0.80788 -0.21219 1.393 -0.49701 20.0000 29.44 0.9767 0.9774 2.145865 
577.3076 60.326 195.114 -0.80703 -0.21797 1.386 -0.49539 20.0000 29.45 0.9769 0.9776 2.147628 
576.8332 60.280 195.514 -0.80617 -0.22379 1.371 -0.49402 20.0000 28.98 0.9770 0.9778 2.149394 
576.3586 60.220 195.934 -0.80544 -0.22995 1.365 -0.49220 20.0000 28.96 0.9769 0.9776 2.151164 
575.8840 60.157 196.332 -0.80504 -0.23590 1.349 -0.49049 20.0000 29.70 0.9771 0.9778 2.152937 
575.4093 60.099 196.740 -0.80435 -0.24193 1.345 -0.48883 20.0000 29.81 0.9772 0.9780 2.154713 
574.9344 60.043 197.128 -0.80363 -0.24766 1.330 -0.48719 20.0000 29.24 0.9775 0.9782 2.156493 
574.4595 59.989 197.541 -0.80262 -0.25369 1.325 -0.48555 20.0000 29.59 0.9773 0.9781 2.158276 
573.9844 59.935 197.945 -0.80147 -0.25956 1.307 -0.48385 20.0000 29.11 0.9772 0.9780 2.160062 
573.5092 59.874 198.342 -0.80061 -0.26542 1.302 -0.48206 20.0000 29.73 0.9772 0.9780 2.161852 
573.0339 59.817 198.742 -0.79956 -0.27128 1.296 -0.48030 20.0000 29.24 0.9771 0.9779 2.163645 
572.5586 59.754 199.141 -0.79865 -0.27719 1.279 -0.47847 20.0000 29.39 0.9770 0.9777 2.165441 
572.0831 59.693 199.537 -0.79763 -0.28303 1.261 -0.47664 20.0000 29.30 0.9769 0.9777 2.167241 
571.6075 59.630 199.930 -0.79671 -0.28888 1.256 -0.47479 20.0000 29.42 0.9771 0.9778 2.169044 
571.1318 59.564 200.331 -0.79584 -0.29489 1.254 -0.47292 20.0000 29.11 0.9771 0.9779 2.170851 
570.6559 59.496 200.731 -0.79498 -0.30090 1.233 -0.47100 20.0000 29.37 0.9771 0.9779 2.172661 
570.1801 59.430 201.136 -0.79390 -0.30691 1.219 -0.46908 20.0000 29.19 0.9770 0.9778 2.174474 
569.7040 59.364 201.540 -0.79266 -0.31288 1.216 -0.46709 20.0000 28.77 0.9767 0.9775 2.176291 
569.2278 59.291 201.932 -0.79189 -0.31886 1.213 -0.46508 20.0000 29.42 0.9768 0.9776 2.178112 
568.7516 59.224 202.325 -0.79068 -0.32469 1.200 -0.46310 20.0000 28.78 0.9767 0.9775 2.179936 
568.2753 59.150 202.716 -0.78969 -0.33060 1.184 -0.46095 20.0000 28.78 0.9768 0.9776 2.181763 
567.7988 59.079 203.102 -0.78859 -0.33639 1.177 -0.45889 20.0000 29.16 0.9767 0.9775 2.183594 
567.3222 59.010 203.490 -0.78728 -0.34216 1.172 -0.45680 20.0000 29.18 0.9767 0.9776 2.185428 
566.8455 58.939 203.876 -0.78611 -0.34797 1.163 -0.45474 20.0000 28.84 0.9766 0.9775 2.187266 
566.3687 58.864 204.259 -0.78495 -0.35374 1.154 -0.45256 20.0000 29.27 0.9766 0.9774 2.189107 
565.8918 58.791 204.648 -0.78368 -0.35959 1.137 -0.45041 20.0000 28.97 0.9766 0.9774 2.190952 
565.4149 58.715 205.034 -0.78246 -0.36544 1.134 -0.44822 20.0000 29.00 0.9765 0.9773 2.192800 
564.9377 58.641 205.417 -0.78104 -0.37114 1.124 -0.44599 20.0000 29.31 0.9764 0.9772 2.194653 
564.4605 58.570 205.799 -0.77946 -0.37679 1.121 -0.44378 20.0000 29.22 0.9763 0.9771 2.196508 
563.9832 58.498 206.182 -0.77781 -0.38243 1.112 -0.44155 20.0000 28.88 0.9761 0.9769 2.198367 
563.5057 58.423 206.561 -0.77629 -0.38808 1.095 -0.43927 20.0000 28.61 0.9759 0.9768 2.200230 
563.0282 58.351 206.938 -0.77461 -0.39363 1.091 -0.43705 20.0000 28.83 0.9758 0.9767 2.202096 
562.5505 58.277 207.317 -0.77304 -0.39929 1.083 -0.43481 20.0000 28.66 0.9758 0.9766 2.203966 
562.0728 58.198 207.697 -0.77154 -0.40502 1.084 -0.43249 20.0000 29.19 0.9757 0.9765 2.205839 
561.5948 58.124 208.074 -0.76985 -0.41060 1.063 -0.43023 20.0000 28.86 0.9755 0.9763 2.207716 
561.1169 58.047 208.446 -0.76825 -0.41619 1.060 -0.42793 20.0000 28.59 0.9752 0.9760 2.209597 
560.6388 57.969 208.817 -0.76656 -0.42171 1.050 -0.42554 20.0000 28.79 0.9750 0.9758 2.211481 
560.1606 57.894 209.187 -0.76479 -0.42721 1.048 -0.42327 20.0000 28.75 0.9747 0.9756 2.213369 
559.6823 57.819 209.555 -0.76291 -0.43259 1.040 -0.42091 20.0000 29.16 0.9746 0.9754 2.215260 
559.2039 57.740 209.920 -0.76119 -0.43806 1.032 -0.41851 20.0000 28.94 0.9742 0.9751 2.217155 
558.7253 57.661 210.286 -0.75935 -0.44347 1.025 -0.41608 20.0000 29.18 0.9740 0.9748 2.219055 
558.2467 57.579 210.654 -0.75763 -0.44902 1.019 -0.41365 20.0000 28.63 0.9738 0.9746 2.220957 
557.7679 57.498 211.017 -0.75590 -0.45450 1.010 -0.41122 20.0000 28.75 0.9736 0.9744 2.222864 
557.2891 57.419 211.379 -0.75406 -0.45990 1.001 -0.40883 20.0000 28.91 0.9734 0.9743 2.224773 
556.8102 57.342 211.739 -0.75204 -0.46518 1.001 -0.40642 20.0000 28.74 0.9732 0.9740 2.226687 
556.3311 57.260 212.099 -0.75016 -0.47055 0.989 -0.40393 20.0000 27.97 0.9730 0.9739 2.228604 
555.8519 57.179 212.463 -0.74820 -0.47598 0.991 -0.40146 20.0000 28.58 0.9728 0.9736 2.230525 
555.3726 57.099 212.817 -0.74616 -0.48119 0.980 -0.39897 20.0000 28.28 0.9726 0.9734 2.232451 
554.8932 57.011 213.170 -0.74433 -0.48653 0.972 -0.39631 20.0000 28.71 0.9723 0.9731 2.234379 
554.4137 56.932 213.520 -0.74222 -0.49164 0.969 -0.39383 20.0000 28.57 0.9721 0.9729 2.236312 
553.9341 56.849 213.871 -0.74017 -0.49683 0.970 -0.39130 20.0000 28.93 0.9719 0.9727 2.238248 
553.4543 56.765 214.220 -0.73816 -0.50203 0.957 -0.38870 20.0000 28.13 0.9715 0.9723 2.240188 
552.9745 56.680 214.565 -0.73606 -0.50711 0.946 -0.38607 20.0000 28.05 0.9713 0.9721 2.242132 
552.4946 56.603 214.915 -0.73363 -0.51207 0.944 -0.38355 20.0000 28.02 0.9711 0.9719 2.244080 
552.0145 56.521 215.267 -0.73130 -0.51715 0.940 -0.38096 20.0000 27.93 0.9710 0.9718 2.246031 
551.5344 56.437 215.616 -0.72905 -0.52225 0.940 -0.37834 20.0000 28.23 0.9708 0.9716 2.247986 
551.0541 56.352 215.960 -0.72681 -0.52729 0.931 -0.37570 20.0000 28.14 0.9706 0.9714 2.249946 
550.5737 56.273 216.301 -0.72434 -0.53210 0.928 -0.37314 20.0000 28.10 0.9705 0.9713 2.251909 
550.0933 56.188 216.640 -0.72209 -0.53704 0.921 -0.37046 20.0000 28.52 0.9703 0.9711 2.253876 
549.6127 56.108 216.976 -0.71957 -0.54176 0.919 -0.36788 20.0000 28.40 0.9702 0.9709 2.255847 
549.1320 56.026 217.313 -0.71705 -0.54651 0.916 -0.36522 20.0000 27.92 0.9700 0.9708 2.257821 
548.6511 55.943 217.649 -0.71454 -0.55124 0.909 -0.36254 20.0000 27.60 0.9700 0.9707 2.259800 
548.1702 55.858 217.982 -0.71210 -0.55599 0.903 -0.35981 20.0000 27.90 0.9698 0.9705 2.261783 
547.6891 55.770 218.313 -0.70969 -0.56075 0.895 -0.35703 20.0000 27.57 0.9695 0.9702 2.263770 
547.2080 55.686 218.645 -0.70714 -0.56542 0.896 -0.35431 20.0000 27.56 0.9694 0.9701 2.265760 
546.7267 55.598 218.977 -0.70467 -0.57017 0.893 -0.35151 20.0000 28.10 0.9692 0.9700 2.267755 
546.2454 55.513 219.304 -0.70206 -0.57472 0.885 -0.34876 20.0000 27.43 0.9690 0.9697 2.269752 
545.7639 55.427 219.630 -0.69944 -0.57924 0.882 -0.34596 20.0000 27.16 0.9689 0.9696 2.271755 
545.2823 55.340 219.953 -0.69684 -0.58376 0.880 -0.34312 20.0000 27.42 0.9687 0.9694 2.273762 
544.8007 55.256 220.277 -0.69403 -0.58809 0.877 -0.34035 20.0000 26.87 0.9685 0.9692 2.275771 
544.3188 55.163 220.592 -0.69159 -0.59260 0.874 -0.33738 20.0000 26.89 0.9684 0.9690 2.277786 
543.8369 55.078 220.914 -0.68886 -0.59700 0.871 -0.33459 20.0000 26.82 0.9683 0.9690 2.279805 
543.3549 54.991 221.228 -0.68621 -0.60132 0.859 -0.33175 20.0000 26.58 0.9682 0.9688 2.281827 
542.8728 54.904 221.544 -0.68335 -0.60551 0.861 -0.32887 20.0000 26.66 0.9680 0.9686 2.283853 
542.3905 54.812 221.860 -0.68069 -0.60990 0.854 -0.32588 20.0000 26.68 0.9676 0.9683 2.285884 
541.9082 54.723 222.166 -0.67811 -0.61414 0.856 -0.32301 20.0000 26.55 0.9673 0.9679 2.287919 
541.4257 54.627 222.473 -0.67565 -0.61852 0.852 -0.31995 20.0000 26.44 0.9670 0.9676 2.289958 
540.9431 54.541 222.778 -0.67282 -0.62255 0.846 -0.31709 20.0000 25.86 0.9669 0.9676 2.292001 
540.4604 54.449 223.087 -0.67003 -0.62672 0.842 -0.31409 20.0000 26.27 0.9667 0.9673 2.294048 
539.9777 54.358 223.389 -0.66735 -0.63083 0.850 -0.31112 20.0000 26.58 0.9666 0.9673 2.296098 
539.4948 54.265 223.690 -0.66466 -0.63495 0.842 -0.30808 20.0000 25.97 0.9665 0.9671 2.298154 
539.0118 54.173 223.989 -0.66200 -0.63905 0.837 -0.30511 20.0000 25.83 0.9664 0.9670 2.300213 
538.5286 54.081 224.290 -0.65918 -0.64305 0.833 -0.30210 20.0000 25.33 0.9662 0.9668 2.302277 
538.0454 53.989 224.591 -0.65627 -0.64696 0.828 -0.29904 20.0000 25.38 0.9661 0.9667 2.304344 
537.5621 53.893 224.890 -0.65350 -0.65099 0.823 -0.29591 20.0000 25.24 0.9660 0.9666 2.306416 
537.0786 53.799 225.181 -0.65072 -0.65485 0.822 -0.29280 20.0000 25.04 0.9657 0.9663 2.308492 
536.5950 53.711 225.475 -0.64777 -0.65861 0.819 -0.28987 20.0000 24.65 0.9655 0.9661 2.310573 
536.1114 53.613 225.770 -0.64504 -0.66260 0.826 -0.28671 20.0000 25.22 0.9653 0.9659 2.312657 
535.6276 53.513 226.062 -0.64233 -0.66660 0.819 -0.28347 20.0000 24.09 0.9651 0.9657 2.314746 
535.1437 53.416 226.349 -0.63957 -0.67042 0.815 -0.28029 20.0000 24.46 0.9651 0.9657 2.316839 
534.6597 53.323 226.638 -0.63668 -0.67415 0.816 -0.27724 20.0000 24.59 0.9648 0.9654 2.318936 
534.1756 53.225 226.921 -0.63399 -0.67799 0.808 -0.27407 20.0000 23.73 0.9646 0.9652 2.321038 
533.6913 53.129 227.200 -0.63113 -0.68157 0.804 -0.27091 20.0000 23.44 0.9645 0.9651 2.323144 
533.2070 53.033 227.483 -0.62837 -0.68534 0.807 -0.26779 20.0000 23.54 0.9644 0.9650 2.325254 
532.7226 52.942 227.769 -0.62542 -0.68900 0.810 -0.26477 20.0000 23.36 0.9643 0.9649 2.327369 
532.2380 52.847 228.044 -0.62262 -0.69256 0.798 -0.26167 20.0000 23.09 0.9642 0.9648 2.329488 
531.7534 52.749 228.330 -0.61978 -0.69635 0.799 -0.25848 20.0000 22.93 0.9642 0.9647 2.331611 
531.2686 52.655 228.613 -0.61681 -0.69995 0.800 -0.25541 20.0000 23.13 0.9641 0.9647 2.333738 
530.7837 52.557 228.896 -0.61397 -0.70370 0.801 -0.25224 20.0000 22.53 0.9642 0.9647 2.335870 
530.2987 52.461 229.169 -0.61120 -0.70730 0.793 -0.24913 20.0000 22.02 0.9640 0.9646 2.338007 
529.8136 52.360 229.442 -0.60845 -0.71094 0.796 -0.24585 20.0000 22.20 0.9641 0.9647 2.340147 
529.3284 52.260 229.718 -0.60561 -0.71456 0.785 -0.24260 20.0000 21.77 0.9639 0.9644 2.342292 
528.8430 52.165 229.986 -0.60269 -0.71790 0.793 -0.23946 20.0000 21.95 0.9638 0.9644 2.344442 
528.3576 52.068 230.260 -0.59989 -0.72154 0.793 -0.23631 20.0000 21.92 0.9639 0.9645 2.346596 
527.8720 51.971 230.521 -0.59710 -0.72489 0.788 -0.23315 20.0000 21.35 0.9639 0.9645 2.348755 
527.3864 51.872 230.788 -0.59423 -0.72830 0.788 -0.22992 20.0000 21.12 0.9637 0.9643 2.350917 
526.9006 51.775 231.054 -0.59142 -0.73175 0.784 -0.22674 20.0000 20.90 0.9637 0.9643 2.353085 
526.4147 51.679 231.316 -0.58865 -0.73516 0.781 -0.22363 20.0000 20.43 0.9637 0.9642 2.355257 
525.9287 51.585 231.579 -0.58572 -0.73844 0.775 -0.22054 20.0000 20.26 0.9638 0.9644 2.357433 
525.4426 51.490 231.839 -0.58287 -0.74173 0.785 -0.21743 20.0000 20.64 0.9639 0.9644 2.359614 
524.9564 51.398 232.092 -0.57996 -0.74477 0.779 -0.21438 20.0000 20.06 0.9638 0.9643 2.361800 
524.4700 51.309 232.345 -0.57702 -0.74780 0.779 -0.21146 20.0000 19.67 0.9636 0.9641 2.363990 
523.9836 51.211 232.601 -0.57429 -0.75116 0.776 -0.20827 20.0000 19.38 0.9636 0.9641 2.366185 
523.4971 51.113 232.858 -0.57152 -0.75454 0.776 -0.20510 20.0000 19.30 0.9638 0.9643 2.368384 
523.0104 51.015 233.109 -0.56879 -0.75782 0.774 -0.20192 20.0000 19.00 0.9636 0.9642 2.370588 
522.5236 50.921 233.363 -0.56591 -0.76098 0.776 -0.19884 20.0000 18.64 0.9637 0.9642 2.372796 
522.0367 50.833 233.614 -0.56293 -0.76392 0.774 -0.19594 20.0000 18.43 0.9636 0.9641 2.375009 
521.5497 50.742 233.864 -0.55998 -0.76691 0.765 -0.19294 20.0000 18.18 0.9636 0.9642 2.377227 
521.0626 50.651 234.113 -0.55695 -0.76977 0.767 -0.18990 20.0000 18.10 0.9636 0.9642 2.379449 
520.5754 50.562 234.360 -0.55405 -0.77276 0.767 -0.18697 20.0000 18.18 0.9636 0.9641 2.381676 
520.0881 50.467 234.609 -0.55121 -0.77588 0.773 -0.18388 20.0000 17.96 0.9639 0.9644 2.383908 
519.6006 50.374 234.854 -0.54839 -0.77897 0.765 -0.18081 20.0000 17.77 0.9640 0.9645 2.386144 
519.1131 50.277 235.098 -0.54554 -0.78198 0.765 -0.17763 20.0000 17.66 0.9641 0.9647 2.388385 
518.6254 50.182 235.344 -0.54274 -0.78511 0.763 -0.17454 20.0000 17.14 0.9642 0.9647 2.390631 
518.1377 50.093 235.579 -0.53986 -0.78782 0.766 -0.17159 20.0000 17.20 0.9640 0.9645 2.392881 
517.6498 50.004 235.815 -0.53690 -0.79047 0.758 -0.16861 20.0000 16.65 0.9641 0.9647 2.395137 
517.1618 49.909 236.055 -0.53386 -0.79313 0.761 -0.16546 20.0000 16.53 0.9640 0.9646 2.397397 
516.6737 49.811 236.297 -0.53099 -0.79608 0.755 -0.16223 20.0000 16.31 0.9640 0.9646 2.399661 
516.1855 49.716 236.528 -0.52819 -0.79885 0.758 -0.15910 20.0000 16.01 0.9641 0.9647 2.401931 
515.6971 49.625 236.758 -0.52533 -0.80153 0.763 -0.15609 20.0000 15.99 0.9642 0.9648 2.404206 
515.2087 49.533 236.989 -0.52239 -0.80409 0.759 -0.15300 20.0000 16.02 0.9644 0.9649 2.406485 
514.7202 49.444 237.224 -0.51946 -0.80679 0.756 -0.15004 20.0000 15.84 0.9646 0.9652 2.408769 
514.2314 49.344 237.455 -0.51674 -0.80970 0.753 -0.14678 20.0000 15.51 0.9648 0.9653 2.411058 
513.7427 49.253 237.682 -0.51371 -0.81202 0.760 -0.14371 20.0000 15.58 0.9650 0.9655 2.413352 
513.2538 49.160 237.909 -0.51093 -0.81476 0.761 -0.14066 20.0000 15.25 0.9652 0.9657 2.415651 
512.7648 49.071 238.130 -0.50801 -0.81710 0.757 -0.13765 20.0000 15.25 0.9650 0.9655 2.417955 
512.2757 48.979 238.351 -0.50510 -0.81946 0.759 -0.13456 20.0000 15.31 0.9648 0.9653 2.420263 
511.7864 48.892 238.571 -0.50226 -0.82188 0.758 -0.13168 20.0000 15.14 0.9650 0.9655 2.422577 
511.2971 48.808 238.787 -0.49934 -0.82410 0.762 -0.12884 20.0000 15.08 0.9650 0.9656 2.424895 
510.8076 48.721 239.003 -0.49637 -0.82621 0.750 -0.12592 20.0000 14.76 0.9650 0.9656 2.427219 
510.3181 48.621 239.218 -0.49364 -0.82868 0.763 -0.12259 20.0000 14.51 0.9649 0.9654 2.429547 
509.8284 48.524 239.425 -0.49081 -0.83074 0.761 -0.11929 20.0000 14.34 0.9643 0.9648 2.431881 
509.3386 48.426 239.637 -0.48788 -0.83280 0.757 -0.11597 20.0000 14.26 0.9639 0.9644 2.434219 
508.8488 48.333 239.845 -0.48513 -0.83504 0.749 -0.11286 20.0000 14.00 0.9638 0.9643 2.436563 
508.3587 48.241 240.052 -0.48234 -0.83720 0.756 -0.10977 20.0000 14.12 0.9635 0.9641 2.438912 
507.8686 48.149 240.258 -0.47946 -0.83917 0.762 -0.10667 20.0000 14.07 0.9633 0.9638 2.441265 
507.3784 48.060 240.459 -0.47662 -0.84100 0.768 -0.10366 20.0000 13.92 0.9632 0.9637 2.443624 
506.8880 47.971 240.652 -0.47370 -0.84248 0.758 -0.10059 20.0000 13.34 0.9626 0.9632 2.445988 
506.3976 47.881 240.845 -0.47098 -0.84426 0.760 -0.09756 20.0000 13.27 0.9623 0.9628 2.448357 
505.9070 47.788 241.032 -0.46827 -0.84590 0.751 -0.09439 20.0000 12.96 0.9617 0.9622 2.450731 
505.4163 47.696 241.227 -0.46564 -0.84794 0.758 -0.09132 20.0000 12.87 0.9616 0.9621 2.453110 
504.9255 47.601 241.423 -0.46301 -0.85001 0.755 -0.08813 20.0000 12.91 0.9615 0.9620 2.455495 
504.4346 47.506 241.610 -0.46048 -0.85199 0.762 -0.08495 20.0000 12.97 0.9609 0.9615 2.457884 
503.9436 47.416 241.801 -0.45768 -0.85362 0.758 -0.08187 20.0000 12.85 0.9600 0.9605 2.460279 
503.4525 47.319 241.985 -0.45494 -0.85510 0.762 -0.07856 20.0000 12.70 0.9591 0.9596 2.462679 
502.9612 47.222 242.169 -0.45231 -0.85678 0.764 -0.07529 20.0000 12.56 0.9587 0.9592 2.465085 
502.4698 47.125 242.349 -0.44978 -0.85851 0.768 -0.07203 20.0000 12.68 0.9580 0.9585 2.467495 
501.9784 47.033 242.528 -0.44712 -0.85994 0.776 -0.06891 20.0000 12.62 0.9576 0.9582 2.469911 
501.4868 46.938 242.713 -0.44436 -0.86143 0.772 -0.06568 20.0000 12.72 0.9572 0.9578 2.472332 
500.9951 46.845 242.894 -0.44164 -0.86282 0.769 -0.06250 20.0000 12.34 0.9567 0.9572 2.474759 
500.5033 46.743 243.070 -0.43923 -0.86464 0.753 -0.05906 20.0000 11.73 0.9562 0.9568 2.477190 
500.0114 46.651 243.244 -0.43660 -0.86597 0.757 -0.05595 20.0000 11.85 0.9558 0.9564 2.479627 
499.5193 46.554 243.419 -0.43404 -0.86746 0.775 -0.05268 20.0000 12.15 0.9553 0.9559 2.482070 
499.0272 46.463 243.588 -0.43146 -0.86871 0.771 -0.04956 20.0000 11.74 0.9546 0.9552 2.484518 
498.5349 46.368 243.758 -0.42881 -0.86986 0.766 -0.04633 20.0000 11.38 0.9540 0.9546 2.486971 
498.0426 46.270 243.927 -0.42629 -0.87119 0.760 -0.04301 20.0000 11.18 0.9535 0.9541 2.489429 
497.5501 46.174 244.088 -0.42385 -0.87241 0.752 -0.03979 20.0000 10.88 0.9527 0.9533 2.491894 
497.0575 46.077 244.250 -0.42148 -0.87381 0.763 -0.03650 20.0000 10.96 0.9522 0.9529 2.494363 
496.5648 45.982 244.415 -0.41912 -0.87534 0.767 -0.03327 20.0000 10.56 0.9522 0.9529 2.496838 
496.0720 45.882 244.571 -0.41682 -0.87669 0.764 -0.02990 20.0000 10.52 0.9516 0.9522 2.499318 
495.5790 45.785 244.734 -0.41436 -0.87793 0.770 -0.02660 20.0000 10.22 0.9509 0.9516 2.501805 
495.0860 45.691 244.888 -0.41209 -0.87924 0.759 -0.02343 20.0000 9.96 0.9506 0.9513 2.504296 
494.5928 45.594 245.040 -0.40977 -0.88036 0.776 -0.02014 20.0000 10.34 0.9493 0.9500 2.506793 
494.0995 45.500 245.191 -0.40744 -0.88140 0.779 -0.01694 20.0000 10.34 0.9489 0.9495 2.509296 
493.6062 45.405 245.337 -0.40518 -0.88245 0.779 -0.01374 20.0000 10.21 0.9483 0.9490 2.511804 
493.1127 45.309 245.491 -0.40289 -0.88370 0.770 -0.01047 20.0000 9.99 0.9476 0.9483 2.514318 
492.6190 45.206 245.643 -0.40073 -0.88516 0.778 -0.00698 20.0000 10.04 0.9471 0.9478 2.516837 
492.1253 45.105 245.788 -0.39866 -0.88657 0.788 -0.00357 20.0000 10.41 0.9465 0.9472 2.519362 
491.6315 45.006 245.936 -0.39643 -0.88772 0.765 -0.00022 20.0000 10.24 0.9459 0.9467 2.521893 
491.1375 44.908 246.081 -0.39422 -0.88880 0.749 0.00312 20.0000 10.18 0.9452 0.9459 2.524429 
490.6435 44.807 246.222 -0.39221 -0.89019 0.749 0.00657 20.0000 10.05 0.9445 0.9452 2.526971 
490.1493 44.710 246.367 -0.39000 -0.89130 0.757 0.00986 20.0000 10.03 0.9438 0.9445 2.529519 
489.6550 44.606 246.510 -0.38791 -0.89253 0.754 0.01339 20.0000 10.16 0.9431 0.9438 2.532072 
489.1606 44.506 246.653 -0.38578 -0.89374 0.767 0.01680 20.0000 10.33 0.9424 0.9431 2.534631 
488.6661 44.407 246.790 -0.38374 -0.89488 0.759 0.02016 20.0000 9.93 0.9419 0.9427 2.537196 
488.1714 44.307 246.925 -0.38188 -0.89640 0.744 0.02358 20.0000 9.87 0.9416 0.9423 2.539768 
487.6767 44.201 247.060 -0.37992 -0.89766 0.762 0.02721 20.0000 10.05 0.9408 0.9415 2.542344 
487.1818 44.103 247.196 -0.37796 -0.89894 0.745 0.03054 20.0000 9.98 0.9402 0.9409 2.544927 
486.6869 44.000 247.326 -0.37612 -0.90028 0.745 0.03408 20.0000 9.76 0.9395 0.9403 2.547514 
486.1918 43.905 247.458 -0.37415 -0.90139 0.725 0.03733 20.0000 9.42 0.9389 0.9396 2.550109 
485.6966 43.805 247.588 -0.37215 -0.90237 0.739 0.04073 20.0000 9.61 0.9380 0.9388 2.552709 
485.2013 43.700 247.717 -0.37041 -0.90390 0.749 0.04437 20.0000 9.95 0.9374 0.9382 2.555314 
484.7058 43.599 247.847 -0.36848 -0.90505 0.747 0.04784 20.0000 10.02 0.9364 0.9372 2.557927 
484.2103 43.494 247.972 -0.36674 -0.90643 0.731 0.05145 20.0000 9.70 0.9357 0.9365 2.560544 
483.7146 43.388 248.095 -0.36516 -0.90816 0.738 0.05515 20.0000 10.25 0.9355 0.9363 2.563168 
483.2189 43.286 248.224 -0.36341 -0.90969 0.734 0.05868 20.0000 10.99 0.9351 0.9359 2.565798 
482.7230 43.184 248.350 -0.36163 -0.91104 0.735 0.06223 20.0000 11.35 0.9343 0.9352 2.568433 
482.2270 43.083 248.469 -0.35990 -0.91222 0.751 0.06573 20.0000 12.17 0.9335 0.9344 2.571075 
481.7309 42.976 248.587 -0.35826 -0.91357 0.738 0.06946 20.0000 12.60 0.9327 0.9335 2.573723 
481.2346 42.864 248.707 -0.35662 -0.91500 0.741 0.07334 20.0000 13.40 0.9319 0.9327 2.576377 
480.7383 42.754 248.824 -0.35504 -0.91648 0.722 0.07722 20.0000 13.29 0.9312 0.9320 2.579037 
480.2419 42.648 248.939 -0.35351 -0.91799 0.717 0.08094 20.0000 13.64 0.9306 0.9315 2.581703 
479.7453 42.540 249.053 -0.35197 -0.91947 0.715 0.08474 20.0000 14.20 0.9303 0.9311 2.584375 
479.2486 42.432 249.165 -0.35040 -0.92074 0.703 0.08853 20.0000 14.29 0.9294 0.9303 2.587054 
478.7518 42.322 249.279 -0.34877 -0.92198 0.696 0.09241 20.0000 14.53 0.9285 0.9294 2.589738 
478.2549 42.220 249.389 -0.34718 -0.92310 0.691 0.09600 20.0000 14.86 0.9275 0.9284 2.592429 
477.7579 42.115 249.496 -0.34563 -0.92423 0.695 0.09972 20.0000 15.47 0.9268 0.9277 2.595126 
477.2608 42.006 249.599 -0.34420 -0.92549 0.687 0.10356 20.0000 15.28 0.9262 0.9271 2.597829 
476.7635 41.896 249.709 -0.34269 -0.92687 0.687 0.10750 20.0000 15.87 0.9254 0.9263 2.600539 
476.2662 41.791 249.811 -0.34133 -0.92824 0.692 0.11124 20.0000 16.36 0.9247 0.9257 2.603254 
475.7687 41.690 249.910 -0.33996 -0.92948 0.697 0.11485 20.0000 16.76 0.9242 0.9252 2.605976 
475.2711 41.591 250.016 -0.33837 -0.93046 0.702 0.11838 20.0000 18.03 0.9235 0.9244 2.608705 
474.7734 41.488 250.118 -0.33683 -0.93138 0.705 0.12202 20.0000 18.69 0.9229 0.9239 2.611439 
474.2756 41.383 250.221 -0.33540 -0.93269 0.705 0.12580 20.0000 19.63 0.9223 0.9233 2.614180 
473.7776 41.281 250.322 -0.33376 -0.93327 0.703 0.12939 20.0000 21.06 0.9214 0.9224 2.616928 
473.2796 41.186 250.422 -0.33203 -0.93356 0.696 0.13270 20.0000 22.01 0.9205 0.9214 2.619682 
472.7814 41.086 250.514 -0.33062 -0.93438 0.695 0.13626 20.0000 22.39 0.9197 0.9207 2.622442 
472.2831 40.992 250.611 -0.32886 -0.93444 0.688 0.13949 20.0000 23.74 0.9188 0.9198 2.625209 
471.7848 40.903 250.708 -0.32717 -0.93469 0.686 0.14261 20.0000 25.17 0.9183 0.9194 2.627982 
471.2863 40.813 250.802 -0.32568 -0.93532 0.677 0.14578 20.0000 25.93 0.9180 0.9190 2.630762 
470.7876 40.721 250.897 -0.32396 -0.93541 0.669 0.14896 20.0000 26.67 0.9171 0.9181 2.633548 
470.2889 40.626 250.996 -0.32231 -0.93585 0.668 0.15231 20.0000 27.21 0.9166 0.9176 2.636341 
469.7900 40.536 251.088 -0.32071 -0.93609 0.662 0.15544 20.0000 27.50 0.9160 0.9170 2.639141 
469.2911 40.455 251.183 -0.31892 -0.93593 0.662 0.15821 20.0000 27.93 0.9152 0.9163 2.641946 
468.7920 40.388 251.272 -0.31731 -0.93593 0.658 0.16048 20.0000 28.24 0.9152 0.9163 2.644759 
468.2928 40.318 251.358 -0.31578 -0.93602 0.660 0.16290 20.0000 28.85 0.9150 0.9161 2.647578 
467.7935 40.238 251.448 -0.31406 -0.93583 0.662 0.16561 20.0000 29.45 0.9146 0.9157 2.650404 
467.2941 40.161 251.541 -0.31234 -0.93574 0.666 0.16823 20.0000 29.95 0.9144 0.9155 2.653237 
466.7945 40.094 251.634 -0.31064 -0.93569 0.675 0.17052 20.0000 31.22 0.9144 0.9155 2.656077 
466.2949 40.018 251.731 -0.30892 -0.93576 0.672 0.17311 20.0000 33.17 0.9140 0.9151 2.658922 
465.7951 39.948 251.822 -0.30728 -0.93577 0.681 0.17553 20.0000 34.91 0.9139 0.9150 2.661775 
465.2952 39.869 251.919 -0.30540 -0.93544 0.679 0.17815 20.0000 36.78 0.9133 0.9144 2.664635 
464.7952 39.802 252.014 -0.30368 -0.93539 0.680 0.18042 20.0000 39.83 0.9134 0.9145 2.667502 
464.2951 39.728 252.107 -0.30183 -0.93490 0.679 0.18286 20.0000 42.94 0.9129 0.9140 2.670375 
463.7949 39.664 252.200 -0.29988 -0.93399 0.671 0.18487 20.0000 45.55 0.9125 0.9136 2.673255 
463.2946 39.592 252.295 -0.29787 -0.93306 0.666 0.18713 20.0000 47.54 0.9120 0.9131 2.676142 
462.7941 39.529 252.380 -0.29608 -0.93225 0.659 0.18909 20.0000 50.05 0.9124 0.9135 2.679036 
462.2935 39.473 252.459 -0.29438 -0.93134 0.650 0.19082 20.0000 52.75 0.9122 0.9133 2.681937 
461.7928 39.409 252.553 -0.29236 -0.93026 0.642 0.19275 20.0000 54.44 0.9120 0.9131 2.684845 
461.2921 39.349 252.643 -0.29051 -0.92947 0.635 0.19463 20.0000 56.26 0.9124 0.9135 2.687759 
460.7911 39.286 252.730 -0.28875 -0.92877 0.629 0.19660 20.0000 56.12 0.9124 0.9135 2.690681 
460.2901 39.228 252.805 -0.28715 -0.92790 0.623 0.19840 20.0000 56.10 0.9125 0.9136 2.693610 
459.7889 39.167 252.885 -0.28544 -0.92693 0.623 0.20026 20.0000 55.70 0.9124 0.9135 2.696546 
459.2877 39.110 252.963 -0.28374 -0.92592 0.621 0.20198 20.0000 56.07 0.9128 0.9139 2.699489 
458.7863 39.056 253.039 -0.28213 -0.92509 0.621 0.20361 20.0000 56.43 0.9134 0.9144 2.702439 
458.2848 38.999 253.116 -0.28046 -0.92406 0.622 0.20529 20.0000 57.10 0.9135 0.9145 2.705396 
457.7832 38.940 253.202 -0.27850 -0.92255 0.626 0.20695 20.0000 57.95 0.9130 0.9141 2.708360 
457.2815 38.891 253.282 -0.27658 -0.92086 0.620 0.20819 20.0000 59.03 0.9130 0.9140 2.711332 
456.7796 38.844 253.366 -0.27482 -0.91988 0.623 0.20953 20.0000 59.34 0.9138 0.9149 2.714311 
456.2777 38.799 253.451 -0.27312 -0.91913 0.619 0.21083 20.0000 61.01 0.9148 0.9158 2.717297 
455.7756 38.755 253.538 -0.27115 -0.91763 0.613 0.21197 20.0000 60.65 0.9153 0.9164 2.720290 
455.2734 38.714 253.617 -0.26944 -0.91650 0.605 0.21305 20.0000 60.54 0.9156 0.9167 2.723291 
454.7711 38.664 253.696 -0.26780 -0.91557 0.601 0.21449 20.0000 60.12 0.9164 0.9175 2.726299 
454.2687 38.625 253.771 -0.26623 -0.91465 0.588 0.21555 20.0000 58.51 0.9175 0.9185 2.729314 
453.7662 38.565 253.840 -0.26491 -0.91423 0.583 0.21747 20.0000 56.22 0.9182 0.9192 2.732336 
453.2635 38.504 253.909 -0.26348 -0.91339 0.576 0.21935 20.0000 53.79 0.9184 0.9194 2.735367 
452.7608 38.442 253.974 -0.26223 -0.91295 0.567 0.22131 20.0000 50.59 0.9190 0.9200 2.738404 
452.2579 38.379 254.039 -0.26095 -0.91239 0.560 0.22330 20.0000 46.72 0.9195 0.9205 2.741449 
451.7549 38.316 254.101 -0.25975 -0.91192 0.564 0.22532 20.0000 44.50 0.9199 0.9210 2.744501 
451.2518 38.252 254.163 -0.25855 -0.91143 0.562 0.22738 20.0000 41.16 0.9204 0.9214 2.747561 
450.7485 38.187 254.222 -0.25748 -0.91123 0.561 0.22955 20.0000 38.44 0.9212 0.9222 2.750629 
450.2452 38.121 254.280 -0.25632 -0.91066 0.564 0.23164 20.0000 35.76 0.9214 0.9225 2.753704 
449.7417 38.053 254.337 -0.25524 -0.91027 0.563 0.23384 20.0000 32.81 0.9219 0.9229 2.756787 
449.2382 37.987 254.390 -0.25425 -0.91003 0.567 0.23606 20.0000 31.53 0.9225 0.9235 2.759876 
448.7345 37.917 254.443 -0.25324 -0.90967 0.563 0.23832 20.0000 30.18 0.9229 0.9240 2.762974 
448.2307 37.849 254.494 -0.25231 -0.90944 0.562 0.24062 20.0000 28.29 0.9235 0.9245 2.766080 
447.7267 37.779 254.543 -0.25147 -0.90945 0.558 0.24302 20.0000 27.25 0.9243 0.9253 2.769193 
447.2227 37.708 254.591 -0.25063 -0.90934 0.555 0.24541 20.0000 25.70 0.9249 0.9260 2.772314 
446.7186 37.636 254.638 -0.24972 -0.90892 0.550 0.24777 20.0000 23.11 0.9251 0.9262 2.775443 
446.2143 37.564 254.682 -0.24897 -0.90894 0.545 0.25026 20.0000 21.47 0.9258 0.9269 2.778580 
445.7099 37.491 254.724 -0.24824 -0.90893 0.539 0.25278 20.0000 19.88 0.9265 0.9275 2.781724 
445.2054 37.417 254.765 -0.24755 -0.90897 0.535 0.25534 20.0000 17.96 0.9272 0.9282 2.784876 
444.7008 37.343 254.805 -0.24688 -0.90898 0.536 0.25793 20.0000 16.48 0.9278 0.9288 2.788036 
444.1960 37.268 254.842 -0.24626 -0.90904 0.532 0.26056 20.0000 14.69 0.9284 0.9294 2.791204 
443.6912 37.192 254.878 -0.24566 -0.90908 0.534 0.26322 20.0000 13.31 0.9289 0.9300 2.794380 
443.1862 37.115 254.912 -0.24511 -0.90920 0.540 0.26593 20.0000 12.07 0.9296 0.9306 2.797564 
442.6812 37.038 254.944 -0.24465 -0.90951 0.540 0.26871 20.0000 11.17 0.9304 0.9315 2.800756 
442.1759 36.960 254.975 -0.24416 -0.90965 0.546 0.27150 20.0000 10.24 0.9310 0.9321 2.803956 
441.6706 36.881 255.004 -0.24370 -0.90978 0.549 0.27430 20.0000 9.52 0.9315 0.9326 2.807164 
441.1652 36.802 255.032 -0.24331 -0.91009 0.549 0.27719 20.0000 8.80 0.9322 0.9333 2.810380 
440.6596 36.722 255.058 -0.24296 -0.91039 0.548 0.28010 20.0000 8.43 0.9329 0.9340 2.813605 
440.1540 36.641 255.082 -0.24257 -0.91052 0.553 0.28303 20.0000 7.77 0.9333 0.9344 2.816837 
439.6482 36.641 255.082 -0.24257 -0.91052 0.551 0.28303 20.0000 7.39 0.9333 0.9344 2.820077 

# MINIMA:
439.6482 6.654 0.705 -31.72371 -35.18742 -5399.373 -2.64242 20.0000 7.39 0.5134 0.5604 1.240099 

# MAXIMA:
999.7925 87.924 359.984 12.11287 3.63673 258.913 67.35754 20.0000 61.01 3.32226234425540608E18 2.24235280977939661E20 2.820077 

# PEAKS:

# END SPECTRUM

