## SPECTRUM TYPE:
LCE

## DATE:
25/06/2026

## COMMENTS:

## NUMBER OF SPECTRUM:
1

## ELLIPSOMETRIC CONFIGURATION:
0.00 ø :Modulator
+45.00 øAnalyser

## UNIT:
nm


# SPECTRUM:
1

# CAPTION:


# START TIME:
11:53:47

# END TIME:
11:53:47

# THETA ANGLE:
0.00 ø

# INCIDENCE ANGLE:
69.95 ø

# ACCUMULATION NUMBER:
12

# ELLIPSOMETRIC CONFIGURATION:
0.00 ø :Modulator
+45.00 øAnalyser

# INTEGRATION TIME:
19 ms

# FIRST POINT:
999.79 nm

# LAST POINT:
439.65 nm

# INCREMENT:
0.00 nm

# NUMBER OF POINTS:
1273

# DATA:
nm Psi Delta Ic Is Reflectance IcPrim IntegrationTime IntensityMax Polarization PolarizationGen eV 
999.7925 21.520 46.389 43.38486 45.54047 0.000 67.35753 19.0000 8.01 3.71790263693502054E18 2.9768962421905005E20 1.240099 
999.4089 21.520 46.389 43.38485 45.54047 2.093 67.35752 19.0000 7.98 3.45792696083808256E18 2.7687359971325064E20 1.240575 
999.0253 21.520 46.389 43.38485 45.54047 1.430 67.35752 19.0000 8.19 3.29638891150848819E18 2.63939367136558842E20 1.241052 
998.6415 21.520 46.389 43.38485 45.54047 4.738 67.35752 19.0000 8.20 3.11213440219322778E18 2.4918622566817674E20 1.241529 
998.2578 21.520 46.389 43.38486 45.54047 0.466 67.35753 19.0000 8.24 2.9026395039507415E18 2.32412146643570262E20 1.242006 
997.8739 21.520 46.389 43.38485 45.54047 1.167 67.35752 19.0000 8.27 2.66538028783946957E18 2.13414978252903023E20 1.242484 
997.4900 21.520 46.389 43.38485 45.54047 -0.238 67.35752 19.0000 8.24 2.39783255003994522E18 1.91992639055082815E20 1.242962 
997.1060 21.520 46.389 43.38485 45.54047 -0.022 67.35752 19.0000 8.46 2.09747249904956211E18 1.6794303001683139E20 1.243440 
996.7219 21.520 46.389 43.38485 45.54047 -3.418 67.35752 19.0000 8.41 1.7617759310488535E18 1.41064069697056539E20 1.243920 
996.3377 21.520 46.389 43.38485 45.54047 -5.468 67.35752 19.0000 8.48 1.38821891709625958E18 1.11153632674200945E20 1.244399 
995.9535 21.520 46.389 43.38485 45.54047 -2.949 67.35752 19.0000 8.45 979325317413863424.0000 7.84138355737289032E19 1.244879 
995.5692 21.520 46.389 43.38485 45.54047 1.368 67.35752 19.0000 8.57 537619301461393408.0000 4.30467730308721541E19 1.245360 
995.1848 21.520 46.389 43.38486 45.54047 -1.097 67.35752 19.0000 8.78 70672961006206976.0000 5.65873060059335885E18 1.245841 
994.8003 21.520 46.389 43.38486 45.54047 0.044 67.35753 19.0000 8.81 403845501281107968.0000 3.23356056309853061E19 1.246322 
994.4158 21.520 46.389 43.38485 45.54047 0.029 67.35752 19.0000 8.80 860695709358227456.0000 6.89152557764417946E19 1.246804 
994.0311 59.823 98.834 -0.08625 0.55496 0.017 -0.31964 19.0000 8.88 0.5858 0.6560 1.247287 
993.6464 50.864 88.781 0.01221 0.57380 1.850 -0.11916 19.0000 8.89 0.5835 0.6944 1.247770 
993.2617 44.215 76.795 0.13173 0.56141 1.786 0.01580 19.0000 8.93 0.5933 0.7550 1.248253 
992.8768 47.129 72.917 0.21684 0.70559 -1.624 -0.05496 19.0000 9.03 0.6079 0.7395 1.248737 
992.4919 54.546 36.645 0.38502 0.28641 1.021 -0.16609 19.0000 8.93 0.6391 0.7834 1.249221 
992.1069 55.572 63.637 0.25848 0.52153 -11.114 -0.22513 19.0000 9.09 0.6299 0.7796 1.249706 
991.7218 48.639 59.614 0.31351 0.53467 -2.258 -0.07915 19.0000 9.22 0.6550 0.7764 1.250191 
991.3367 47.274 49.784 0.41701 0.49318 0.852 -0.05138 19.0000 9.41 0.6674 0.8380 1.250677 
990.9514 38.091 51.315 0.43645 0.54507 2.570 0.17173 19.0000 9.41 0.7682 0.9567 1.251163 
990.5661 22.818 67.235 0.15536 0.37023 28.281 0.39271 19.0000 9.31 0.7575 0.9735 1.251650 
990.1807 20.240 54.848 0.25041 0.35560 -27.144 0.50961 19.0000 9.48 0.7865 1.0362 1.252137 
989.7953 11.288 87.644 0.01053 0.25605 -0.862 0.61637 19.0000 9.49 0.7030 0.9005 1.252625 
989.4097 17.544 88.033 0.01609 0.46856 -1.841 0.66737 19.0000 9.66 0.6952 0.8081 1.253113 
989.0241 21.786 99.060 -0.08891 0.55753 2.108 0.59346 19.0000 9.64 0.6854 0.7672 1.253601 
988.6384 33.829 108.716 -0.23171 0.68394 1.859 0.29678 19.0000 9.59 0.7038 0.7888 1.254090 
988.2526 28.031 78.434 0.15484 0.75660 29.823 0.51971 19.0000 9.79 0.6945 0.7755 1.254580 
987.8668 34.204 66.780 0.34716 0.80920 1.761 0.34850 19.0000 9.71 0.7195 0.8242 1.255070 
987.4809 28.605 70.618 0.22943 0.65214 -5015.889 0.44535 19.0000 9.84 0.6554 0.7134 1.255560 
987.0949 28.262 73.165 0.17807 0.58852 2.830 0.40660 19.0000 9.90 0.6129 0.6364 1.256051 
986.7088 24.589 70.681 0.16960 0.48378 1.987 0.44283 19.0000 9.95 0.5995 0.6384 1.256543 
986.3226 20.918 80.350 0.05663 0.33303 -2.774 0.37735 19.0000 9.90 0.5854 0.6334 1.257035 
985.9364 27.256 76.663 0.10217 0.43098 -11.464 0.31580 19.0000 10.02 0.6124 0.6851 1.257527 
985.5501 25.802 71.907 0.12077 0.36965 84.572 0.30818 19.0000 10.05 0.6309 0.7642 1.258020 
985.1638 35.329 75.204 0.13036 0.49353 -4.788 0.17918 19.0000 10.15 0.6890 0.8737 1.258513 
984.7773 40.479 75.814 0.15064 0.59591 1.965 0.09781 19.0000 10.25 0.7588 0.9326 1.259007 
984.3907 44.561 67.588 0.34740 0.84236 -3.539 0.01398 19.0000 10.44 0.8232 0.9982 1.259502 
984.0041 42.654 66.726 0.18259 0.42451 -2.687 0.03793 19.0000 10.46 0.6345 0.7786 1.259997 
983.6174 3.531 241.810 -0.01019 -0.01901 1.582 0.17410 19.0000 10.71 0.5370 0.7841 1.260492 
983.2307 26.259 239.958 -0.18497 -0.31983 1.312 0.28331 19.0000 10.79 0.5874 0.7641 1.260988 
982.8438 24.456 244.422 -0.36821 -0.76929 1.255 0.74367 19.0000 10.75 0.7343 0.9785 1.261484 
982.4569 24.823 220.092 -0.29248 -0.24622 1.253 0.32485 19.0000 10.70 0.7277 1.0444 1.261981 
982.0699 39.792 157.384 -0.18141 0.07557 -2.939 0.03613 19.0000 10.91 0.7365 0.9985 1.262478 
981.6828 56.620 100.523 -0.08200 0.44145 -0.029 -0.19282 19.0000 11.05 0.8549 1.0442 1.262976 
981.2957 63.620 82.922 0.05836 0.47002 -0.013 -0.36003 19.0000 10.96 0.8695 1.0362 1.263474 
980.9084 56.609 72.776 0.30676 0.98951 0.007 -0.44439 19.0000 11.13 1.0920 1.2451 1.263973 
980.5211 58.967 94.929 -0.13856 1.60655 0.013 -0.85503 19.0000 11.07 1.3138 1.4185 1.264472 
980.1337 53.965 100.880 -0.31983 1.66394 -0.004 -0.54829 19.0000 11.29 1.1725 1.3302 1.264972 
979.7463 50.733 121.460 -0.87616 1.43202 -0.003 -0.34049 19.0000 11.04 1.1456 1.2496 1.265472 
979.3587 50.517 128.758 -1.40406 1.74896 18.489 -0.43733 19.0000 11.25 1.2312 1.3242 1.265973 
978.9711 39.964 174.596 -1.84897 0.17491 6.533 0.32990 19.0000 11.33 1.0058 1.1674 1.266474 
978.5834 42.428 181.194 -1.30047 -0.02711 5.077 0.11712 19.0000 11.29 0.9637 1.2237 1.266976 
978.1956 32.811 202.577 -1.12893 -0.46939 7.167 0.55406 19.0000 11.29 0.9845 1.3416 1.267478 
977.8077 29.570 217.244 -0.87913 -0.66835 -4.198 0.65990 19.0000 11.52 1.0606 1.4309 1.267981 
977.4199 30.117 230.150 -0.69154 -0.82854 7.717 0.61724 19.0000 11.60 1.1874 1.5118 1.268484 
977.0319 23.928 195.775 -0.61011 -0.17235 2.591 0.57375 19.0000 11.69 0.9485 1.2974 1.268988 
976.6437 26.854 171.359 -0.58799 0.08936 2.434 0.43674 19.0000 11.65 0.8573 1.3057 1.269493 
976.2556 24.764 155.620 -0.52356 0.23727 -7.478 0.49046 19.0000 11.77 0.8745 1.1082 1.269997 
975.8674 30.839 142.355 -0.56996 0.43964 2.043 0.38794 19.0000 11.96 0.9158 1.0255 1.270502 
975.4790 42.573 124.723 -0.53637 0.77396 2.005 0.07997 19.0000 12.04 1.0155 1.0866 1.271008 
975.0906 41.203 133.477 -0.43392 0.45763 -2.866 0.08409 19.0000 11.96 0.8351 0.8667 1.271515 
974.7021 50.977 119.842 -0.29498 0.51420 -35.479 -0.12551 19.0000 12.14 0.7779 0.8804 1.272021 
974.3136 47.924 102.614 -0.11496 0.51373 2.225 -0.05391 19.0000 12.04 0.6730 0.7856 1.272529 
973.9250 54.605 103.035 -0.11526 0.49785 0.054 -0.17806 19.0000 12.12 0.6490 0.7357 1.273036 
973.5363 59.547 69.481 0.21280 0.56861 0.114 -0.33783 19.0000 12.35 0.7314 0.7819 1.273545 
973.1475 75.814 98.259 -0.03491 0.24049 -10.684 -0.44996 19.0000 12.18 0.5826 0.6177 1.274053 
972.7586 73.843 111.678 -0.09026 0.22708 -4.258 -0.38632 19.0000 12.45 0.5343 0.5762 1.274563 
972.3697 79.522 127.078 -0.09644 0.12762 -1.865 -0.41770 19.0000 12.55 0.5295 0.5702 1.275073 
971.9807 84.757 135.818 -0.06707 0.06519 -2.393 -0.50531 19.0000 12.53 0.5412 0.5831 1.275583 
971.5916 81.394 109.189 -0.05903 0.16962 -2.468 -0.57975 19.0000 12.62 0.6060 0.6407 1.276094 
971.2024 83.090 98.472 -0.02727 0.18307 1.225 -0.75247 19.0000 12.99 0.6873 0.7254 1.276605 
970.8131 87.050 109.661 -0.02853 0.07986 0.177 -0.82063 19.0000 12.80 0.7580 0.7922 1.277117 
970.4238 87.829 94.992 -0.00692 0.07918 0.098 -1.04666 19.0000 12.74 0.7979 0.8239 1.277629 
970.0344 73.926 148.051 -0.67912 0.42352 0.062 -1.27350 19.0000 13.20 0.9582 1.0269 1.278142 
969.6449 79.378 45.323 0.28099 0.28418 0.048 -1.02796 19.0000 13.17 0.8037 0.8187 1.278656 
969.2553 62.554 12.788 0.96076 0.21807 0.014 -0.69263 19.0000 13.11 0.9073 0.9886 1.279170 
968.8657 53.474 7.150 1.45794 0.18288 -9.710 -0.44776 19.0000 13.25 1.0918 1.2524 1.279684 
968.4760 50.735 2.659 1.86097 0.08641 2.392 -0.37804 19.0000 13.39 1.2134 1.4220 1.280199 
968.0861 49.997 4.032 2.07326 0.14615 1.074 -0.36627 19.0000 13.74 1.2470 1.4828 1.280714 
967.6962 50.595 8.450 1.93272 0.28713 2.556 -0.38656 19.0000 13.64 1.1984 1.4238 1.281230 
967.3063 55.200 19.408 1.54573 0.54459 2.090 -0.60950 19.0000 13.74 1.0240 1.2108 1.281747 
966.9163 58.184 23.372 1.04995 0.45374 2.715 -0.56700 19.0000 13.86 0.8402 0.9763 1.282264 
966.5261 65.925 57.413 0.35672 0.55806 -11.099 -0.59325 19.0000 13.65 0.6496 0.7490 1.282782 
966.1359 58.032 137.027 -0.94687 0.88213 2.206 -0.63296 19.0000 13.52 0.7663 0.8754 1.283300 
965.7457 54.718 36.294 0.62203 0.45682 -1.543 -0.27233 19.0000 13.58 0.6268 0.7690 1.283818 
965.3553 47.627 351.479 0.95547 -0.14315 2.020 -0.08883 19.0000 14.10 0.6263 0.6963 1.284337 
964.9649 44.429 323.178 1.03293 -0.77336 14.232 0.02572 19.0000 14.02 0.6809 0.7916 1.284857 
964.5743 44.875 309.126 0.94952 -1.16728 6.810 0.00659 19.0000 13.86 0.7391 0.9375 1.285377 
964.1838 44.231 307.532 0.75662 -0.98491 -4.068 0.03335 19.0000 14.10 0.7104 1.0112 1.285898 
963.7931 55.918 309.883 0.69095 -0.82687 1.453 -0.43178 19.0000 14.27 0.6532 1.0374 1.286419 
963.4023 76.082 341.110 0.34954 -0.11961 0.248 -0.69964 19.0000 14.31 0.6038 0.9878 1.286941 
963.0115 71.429 83.409 0.06535 0.56552 2.399 -0.75159 19.0000 14.52 0.7176 1.0254 1.287463 
962.6207 82.604 87.783 0.00487 0.12573 4.180 -0.47647 19.0000 14.63 0.5964 0.8240 1.287986 
962.2297 69.396 119.057 -0.08395 0.15109 3.465 -0.19739 19.0000 14.65 0.6452 0.8152 1.288509 
961.8386 36.097 17.241 0.23980 0.07442 3.302 0.08064 19.0000 14.75 0.7500 0.9918 1.289033 
961.4474 33.163 314.518 0.25605 -0.26040 2.657 0.16011 19.0000 14.98 0.7710 1.0267 1.289558 
961.0562 29.405 307.964 0.23323 -0.29891 4.297 0.22952 19.0000 14.71 0.8256 1.1256 1.290083 
960.6649 30.472 304.955 0.29591 -0.42330 0.022 0.28694 19.0000 15.14 0.7752 1.0102 1.290608 
960.2736 31.498 299.046 0.37442 -0.67419 0.034 0.39299 19.0000 14.88 0.7105 0.8529 1.291134 
959.8821 32.556 322.606 0.26752 -0.20449 2.366 0.15622 19.0000 15.01 0.5826 0.6391 1.291661 
959.4905 48.143 78.639 0.09171 0.45643 7.658 -0.05128 19.0000 15.07 0.5349 0.5609 1.292188 
959.0989 58.498 95.982 -0.12349 1.17851 2.192 -0.60369 19.0000 15.36 0.6513 0.7806 1.292715 
958.7073 77.873 119.781 -0.09990 0.17458 3.201 -0.44643 19.0000 15.35 0.5366 0.6201 1.293243 
958.3155 65.854 103.947 -0.10562 0.42527 -38.033 -0.39053 19.0000 15.07 0.5417 0.5800 1.293772 
957.9236 64.288 103.583 -0.11316 0.46837 3.097 -0.38433 19.0000 15.08 0.5588 0.6315 1.294301 
957.5317 65.769 119.399 -0.16017 0.28427 -459.488 -0.28906 19.0000 15.15 0.5605 0.6016 1.294831 
957.1396 55.031 97.031 -0.02286 0.18534 5.744 -0.06820 19.0000 15.00 0.5906 0.7839 1.295362 
956.7476 20.485 61.433 0.05629 0.10339 -11.449 0.13557 19.0000 15.39 0.5770 0.9529 1.295892 
956.3554 10.958 317.667 0.12415 -0.11310 4.490 0.41745 19.0000 15.97 0.5916 1.1058 1.296424 
955.9632 7.874 48.623 0.06637 0.07535 -0.019 0.35610 19.0000 16.00 0.5918 1.1288 1.296956 
955.5709 15.101 17.898 0.25432 0.08213 -0.014 0.45917 19.0000 15.80 0.6075 1.1350 1.297488 
955.1784 19.950 353.034 0.32622 -0.03986 -0.015 0.39306 19.0000 15.96 0.5814 1.0449 1.298021 
954.7859 30.711 351.043 0.40773 -0.06427 3.116 0.22484 19.0000 16.17 0.5549 0.9155 1.298555 
954.3934 46.094 9.947 0.40380 0.07082 21.339 -0.01567 19.0000 15.82 0.5350 0.8153 1.299089 
954.0007 57.978 17.261 0.42929 0.13339 3.776 -0.21883 19.0000 15.85 0.5476 0.8512 1.299624 
953.6080 61.107 32.433 0.34198 0.21730 2.336 -0.25529 19.0000 16.25 0.5782 0.8266 1.300159 
953.2152 67.368 58.629 0.21408 0.35112 -4.587 -0.40746 19.0000 16.47 0.6125 0.7835 1.300695 
952.8223 66.514 44.914 0.26307 0.26228 2.086 -0.34674 19.0000 16.24 0.5964 0.6886 1.301231 
952.4293 61.610 35.784 0.31407 0.22638 3.064 -0.25353 19.0000 16.40 0.5941 0.6590 1.301768 
952.0363 62.135 50.223 0.23560 0.28300 7.311 -0.25091 19.0000 16.30 0.6292 0.7498 1.302305 
951.6432 54.057 58.563 0.17458 0.28559 3.049 -0.10949 19.0000 16.82 0.6881 0.7773 1.302843 
951.2499 54.315 38.121 0.33011 0.25903 29.780 -0.14145 19.0000 16.21 0.6677 0.7744 1.303382 
950.8567 34.848 57.378 0.29089 0.45445 5.548 0.19964 19.0000 16.34 0.6700 0.8768 1.303921 
950.4633 35.842 32.767 0.29651 0.19084 3.077 0.11673 19.0000 16.60 0.5727 0.6959 1.304461 
950.0699 59.355 353.376 0.25844 -0.03001 -0.486 -0.14251 19.0000 16.81 0.5471 0.9082 1.305001 
949.6763 85.190 12.980 0.08501 0.01959 -0.245 -0.51467 19.0000 16.91 0.5816 1.1050 1.305542 
949.2827 86.040 235.184 -0.09360 -0.13460 -0.195 -1.17843 19.0000 17.07 0.6942 1.1539 1.306083 
948.8890 78.023 276.298 0.06129 -0.55535 -0.346 -1.25757 19.0000 17.41 0.7534 1.1345 1.306625 
948.4953 80.776 286.207 0.10563 -0.36341 -0.036 -1.13455 19.0000 17.29 0.6915 0.9924 1.307167 
948.1014 78.846 291.525 0.11380 -0.28852 1.001 -0.75590 19.0000 17.43 0.5934 1.0236 1.307710 
947.7075 82.938 68.129 0.04361 0.10864 2.310 -0.46523 19.0000 17.33 0.5869 0.6903 1.308254 
947.3135 31.525 88.212 0.01383 0.44298 14.249 0.22533 19.0000 16.72 0.5574 1.3216 1.308798 
946.9194 20.247 89.009 0.01299 0.75123 0.994 0.87987 19.0000 16.95 0.7290 1.8228 1.309343 
946.5253 7.063 269.063 -0.00405 -0.24743 0.324 0.98334 19.0000 17.19 0.6906 2.0531 1.309888 
946.1310 48.288 2.720 3.37257 0.16023 2.723 -0.38926 19.0000 17.74 2.5681 3.3485 1.310434 
945.7367 60.982 20.523 0.63785 0.23877 5.354 -0.42500 19.0000 17.41 4.8653 6.8104 1.310980 
945.3423 52.378 316.980 57.90527 -54.03626 -2.667 -20.86123 19.0000 17.71 4.4633 6.0804 1.311527 
944.9478 55.719 329.953 2.49629 -1.44395 0.811 -1.13241 19.0000 18.02 9.6632 12.3421 1.312074 
944.5532 56.567 333.846 2.03434 -0.99898 4.507 -0.96830 19.0000 17.66 13.5146 17.1384 1.312623 
944.1586 57.081 335.631 1.86327 -0.84400 11.874 -0.91770 19.0000 17.56 15.6727 19.8253 1.313171 
943.7639 56.949 336.072 1.76180 -0.78175 -2.051 -0.85406 19.0000 17.82 16.0429 20.2916 1.313720 
943.3691 57.597 335.825 1.69749 -0.76200 0.109 -0.87531 19.0000 17.84 14.6790 18.7366 1.314270 
942.9742 58.109 332.920 1.56804 -0.80173 2.759 -0.86727 19.0000 18.06 11.2929 14.7744 1.314821 
942.5792 58.831 322.406 1.28150 -0.98667 4.610 -0.84772 19.0000 18.20 6.2843 8.8353 1.315372 
942.1841 43.249 224.203 -31.78298 -30.91082 -3.014 2.71316 19.0000 18.30 2.5368 3.8704 1.315923 
941.7890 60.080 6.874 0.87795 0.10584 -3.461 -0.51384 19.0000 18.40 5.2353 7.0543 1.316475 
941.3938 44.237 74.764 0.61773 2.26796 -26.948 0.06265 19.0000 18.35 1.5706 2.4473 1.317028 
940.9985 43.390 70.849 0.77012 2.21759 1.261 0.13209 19.0000 18.61 1.4071 2.1816 1.317581 
940.6031 42.477 72.247 0.57712 1.80259 -20.093 0.16712 19.0000 18.55 1.1278 1.7438 1.318135 
940.2077 40.783 72.362 0.33729 1.06081 6.460 0.16504 19.0000 18.55 0.7319 1.0909 1.318689 
939.8122 48.906 263.448 -0.03787 -0.32975 6.035 -0.04554 19.0000 18.85 0.5789 0.6540 1.319244 
939.4166 42.047 254.851 -0.39286 -1.45108 2.394 0.15549 19.0000 18.63 1.1937 1.9263 1.319800 
939.0209 38.447 116.364 -0.16375 0.33040 -9.672 0.08585 19.0000 18.52 0.5452 0.5973 1.320356 
938.6251 46.246 113.026 -0.16120 0.37929 3.345 -0.01793 19.0000 18.63 0.5604 0.5967 1.320913 
938.2292 56.613 149.797 -0.36274 0.21115 2.615 -0.18012 19.0000 18.97 0.5624 0.5924 1.321470 
937.8333 52.614 100.430 -0.09403 0.51080 2.895 -0.14139 19.0000 18.85 0.6463 0.6581 1.322028 
937.4373 55.521 76.756 0.13457 0.57179 -7.176 -0.22598 19.0000 19.46 0.6571 0.7121 1.322586 
937.0412 54.954 47.357 0.42442 0.46086 21.099 -0.22690 19.0000 19.14 0.6244 0.6879 1.323146 
936.6450 52.258 40.315 0.47411 0.40229 3.398 -0.16100 19.0000 18.93 0.6246 0.6719 1.323705 
936.2487 55.911 38.409 0.43984 0.34872 3.295 -0.22477 19.0000 19.33 0.6551 0.7103 1.324266 
935.8524 55.693 27.874 0.67639 0.35774 1.465 -0.29966 19.0000 19.41 0.7176 1.2803 1.324826 
935.4560 65.295 37.931 0.41681 0.32484 2.103 -0.45278 19.0000 19.64 0.6656 0.7365 1.325388 
935.0594 74.967 3.869 0.23659 0.01600 -4.434 -0.40963 19.0000 19.90 0.5705 0.8499 1.325950 
934.6629 27.151 139.345 -0.15494 0.13305 -0.225 0.14675 19.0000 19.71 0.6957 1.2275 1.326512 
934.2662 17.611 223.234 -1.53258 -1.44089 4.233 2.97952 19.0000 19.66 1.3580 2.2414 1.327076 
933.8694 81.630 281.710 0.06539 -0.31549 7.144 -1.07124 19.0000 20.00 0.6905 1.3865 1.327640 
933.4727 67.050 262.280 -0.13200 -0.97380 -33.829 -0.95231 19.0000 19.99 1.2289 1.8255 1.328204 
933.0757 63.109 260.170 -0.17997 -1.03871 -1.660 -0.77205 19.0000 19.97 1.8163 2.5164 1.328769 
932.6787 63.850 256.821 -0.20550 -0.87761 2.589 -0.69665 19.0000 20.33 2.2020 3.0363 1.329334 
932.2817 65.061 247.052 -0.27075 -0.63947 25.683 -0.58523 19.0000 20.32 2.4047 3.3181 1.329901 
931.8845 65.042 238.001 -0.34327 -0.54937 -0.084 -0.54517 19.0000 20.26 2.3274 3.2566 1.330467 
931.4873 64.752 224.512 -0.39543 -0.38875 -147.723 -0.45716 19.0000 20.21 2.0265 2.9015 1.331035 
931.0900 56.353 205.728 -0.47772 -0.23020 1.208 -0.22189 19.0000 20.70 1.5143 2.2789 1.331603 
930.6926 36.791 148.963 -0.45564 0.27418 2.887 0.15669 19.0000 20.69 1.0719 1.7154 1.332171 
930.2951 33.963 278.407 0.70702 -4.78406 -29.039 1.96111 19.0000 20.72 1.2244 2.1791 1.332740 
929.8975 40.329 246.696 -1.20548 -2.79859 0.417 0.50125 19.0000 20.92 0.8164 1.3800 1.333310 
929.4999 63.645 108.201 -0.88363 2.68737 56.451 -2.15423 19.0000 21.17 1.1929 1.6067 1.333881 
929.1022 60.117 94.534 -0.27238 3.43450 49.941 -2.00796 19.0000 21.64 1.0270 1.2348 1.334452 
928.7043 56.014 78.985 0.50732 2.60627 5.862 -1.07431 19.0000 21.16 0.9422 1.0428 1.335023 
928.3065 52.388 72.291 0.76380 2.39200 -22.137 -0.66235 19.0000 21.33 0.9499 1.0388 1.335595 
927.9085 55.949 50.770 0.91651 1.12256 2.246 -0.58251 19.0000 21.16 0.8176 0.9144 1.336168 
927.5104 56.467 32.573 0.92226 0.58920 -0.098 -0.46305 19.0000 21.55 0.7722 0.8976 1.336742 
927.1123 58.998 14.781 0.73846 0.19484 0.028 -0.40602 19.0000 21.44 0.7046 0.9010 1.337316 
926.7141 61.971 356.060 0.58627 -0.04038 0.180 -0.39553 19.0000 21.43 0.7632 0.9075 1.337890 
926.3158 66.890 328.270 0.46985 -0.29053 1.061 -0.52939 19.0000 21.55 0.6563 1.0080 1.338466 
925.9174 62.523 287.333 0.15235 -0.48812 1.247 -0.35865 19.0000 21.76 0.6173 1.3507 1.339042 
925.5190 65.769 131.593 -0.25011 0.28178 -0.610 -0.33379 19.0000 21.63 0.6626 1.2409 1.339618 
925.1204 76.635 324.349 0.10933 -0.07842 -0.204 -0.26716 19.0000 21.94 0.5643 1.2329 1.340195 
924.7218 71.694 313.491 0.12804 -0.13497 -0.121 -0.25040 19.0000 21.59 0.5520 1.1379 1.340773 
924.3231 58.951 301.784 0.14035 -0.22651 -0.062 -0.14110 19.0000 22.06 0.5548 1.0124 1.341351 
923.9243 49.527 290.066 0.10820 -0.29622 1.894 -0.05025 19.0000 22.09 0.5839 0.8162 1.341930 
923.5255 48.377 276.203 0.04392 -0.40405 3.285 -0.04813 19.0000 22.47 0.6601 0.7425 1.342510 
923.1265 54.931 178.070 -0.30683 0.01034 0.115 -0.11090 19.0000 22.04 0.6215 0.6597 1.343090 
922.7275 54.955 75.183 0.05146 0.19453 0.065 -0.07288 19.0000 22.65 0.5988 0.6992 1.343671 
922.3283 41.287 58.369 0.25006 0.40597 2.755 0.06215 19.0000 22.62 0.5993 0.7713 1.344252 
921.9291 40.306 35.937 0.45620 0.33069 0.000 0.09315 19.0000 22.64 0.6888 0.9472 1.344834 
921.5298 37.250 23.528 0.57831 0.25179 0.000 0.17492 19.0000 22.61 0.7016 0.9809 1.345417 
921.1305 34.146 18.903 0.62692 0.21468 0.000 0.26381 19.0000 22.30 0.7529 1.0629 1.346000 
920.7311 34.309 355.001 0.52694 -0.04609 0.000 0.20711 19.0000 22.58 0.7291 1.0044 1.346584 
920.3315 31.434 27.261 0.58282 0.30032 0.000 0.33596 19.0000 23.10 0.6670 0.8633 1.347169 
919.9319 38.071 53.854 0.47703 0.65308 0.000 0.19953 19.0000 22.73 0.6925 0.8422 1.347754 
919.5322 42.220 72.689 0.28404 0.91136 2.484 0.09293 19.0000 22.47 0.7907 0.8915 1.348340 
919.1324 45.517 90.957 -0.01876 1.12306 2.740 -0.02029 19.0000 23.30 0.9394 1.0602 1.348926 
918.7326 40.500 73.399 0.28991 0.97240 11.980 0.16071 19.0000 22.81 0.8127 0.9211 1.349513 
918.3326 44.690 73.971 0.21647 0.75347 -7.067 0.00848 19.0000 23.31 0.8077 0.9187 1.350101 
917.9326 40.510 64.048 0.30497 0.62662 4.669 0.11013 19.0000 23.25 0.6226 0.7179 1.350689 
917.5325 18.051 9.698 0.45167 0.07719 2.883 0.62831 19.0000 23.02 0.5771 0.6799 1.351278 
917.1323 12.380 5.559 0.45839 0.04461 2.517 0.99851 19.0000 23.04 0.5955 0.7283 1.351868 
916.7321 18.160 278.557 0.15101 -1.00365 11.534 1.38070 19.0000 23.44 0.6572 0.7571 1.352458 
916.3317 12.318 349.401 1.25787 -0.23539 163.356 2.79060 19.0000 23.58 0.6936 0.8241 1.353049 
915.9313 21.887 78.404 0.16707 0.81418 8.099 0.86752 19.0000 23.52 0.6150 0.7696 1.353641 
915.5308 36.562 104.940 -0.27919 1.04633 6.973 0.32853 19.0000 23.70 0.6150 0.8888 1.354233 
915.1302 46.000 126.515 -0.51428 0.69463 4.203 -0.03018 19.0000 23.94 0.5976 0.9909 1.354826 
914.7295 59.874 135.969 -0.51404 0.49694 -0.018 -0.40862 19.0000 23.73 0.6168 1.0664 1.355419 
914.3287 67.558 129.569 -0.38207 0.46235 -0.044 -0.60225 19.0000 23.63 0.7286 1.1379 1.356013 
913.9279 69.953 132.745 -0.38225 0.41359 0.002 -0.66892 19.0000 23.72 0.6360 1.0716 1.356608 
913.5270 66.395 129.210 -0.25282 0.30989 -0.044 -0.37022 19.0000 23.75 0.5729 0.8243 1.357203 
913.1259 54.429 97.201 -0.03925 0.31069 1.654 -0.10697 19.0000 23.90 0.5478 0.6353 1.357799 
912.7249 40.342 60.894 0.12200 0.21913 0.000 0.04114 19.0000 23.39 0.5368 0.5915 1.358396 
912.3237 25.733 10.044 0.27825 0.04928 3.361 0.22504 19.0000 23.93 0.5603 0.7488 1.358993 
911.9224 23.808 54.225 0.13403 0.18600 -0.386 0.20923 19.0000 24.49 0.5397 0.5737 1.359591 
911.5211 49.904 86.448 0.03650 0.58813 -0.339 -0.10187 19.0000 24.55 0.6613 0.7795 1.360190 
911.1196 2.448 240.347 -0.03324 -0.05839 0.263 0.78448 19.0000 24.62 0.5759 0.6438 1.360789 
910.7181 21.159 248.775 -0.38887 -1.00125 0.084 1.17966 19.0000 24.50 0.7475 0.9023 1.361389 
910.3165 32.462 174.273 -1.63390 0.16387 0.125 0.76840 19.0000 24.58 1.4043 2.6200 1.361990 
909.9149 19.653 78.343 0.25230 1.22293 -0.095 1.52524 19.0000 24.37 1.2742 1.6274 1.362591 
909.5131 32.165 5.105 3.39538 0.30330 0.847 1.63836 19.0000 23.95 2.1281 3.3591 1.363193 
909.1113 37.028 357.169 5.38700 -0.26638 0.204 1.54080 19.0000 24.21 3.3145 5.3233 1.363795 
908.7093 39.755 355.583 6.36341 -0.49154 0.043 1.18183 19.0000 24.47 4.1087 6.5858 1.364399 
908.3073 41.474 355.602 6.46750 -0.49742 0.061 0.80249 19.0000 24.05 4.4512 7.1375 1.365003 
907.9052 43.698 357.237 6.70130 -0.32340 0.004 0.30506 19.0000 24.38 4.2817 6.6883 1.365607 
907.5031 54.205 1.695 7.17220 0.21222 -1.700 -2.38837 19.0000 24.49 3.8583 5.6865 1.366212 
907.1008 41.304 2.506 4.33270 0.18965 -0.009 0.56260 19.0000 24.39 2.8040 3.9223 1.366818 
906.6984 24.188 16.482 2.10057 0.62150 -0.015 1.94650 19.0000 24.46 2.1300 2.2799 1.367425 
906.2960 13.117 113.742 -0.55582 1.26365 -0.055 2.80136 19.0000 24.33 2.5354 3.3350 1.368032 
905.8935 12.409 93.616 -0.12046 1.90643 -0.879 4.13065 19.0000 24.71 3.1733 3.3679 1.368640 
905.4909 9.019 64.575 0.57842 1.21676 0.010 4.13710 19.0000 24.61 3.0370 3.1748 1.369248 
905.0883 7.576 59.152 0.51545 0.86304 4.783 3.71237 19.0000 24.67 2.8741 3.0001 1.369857 
904.6855 6.021 46.875 0.43357 0.46292 1.598 2.97347 19.0000 25.30 2.3277 2.4438 1.370467 
904.2826 2.881 79.570 0.03103 0.16857 -0.021 1.69880 19.0000 24.82 1.5640 1.6341 1.371078 
903.8797 18.910 194.253 -0.64584 -0.16406 -0.006 0.85841 19.0000 25.44 1.3341 1.5634 1.371689 
903.4767 85.303 102.547 -0.05578 0.25065 4.107 -1.55207 19.0000 25.29 1.3904 1.4945 1.372301 
903.0736 88.930 310.258 0.01559 -0.01842 0.297 -0.64598 19.0000 25.26 0.8486 1.2393 1.372913 
902.6704 85.706 285.840 0.04502 -0.15866 0.035 -1.09189 19.0000 25.47 1.1024 1.7890 1.373527 
902.2672 82.909 280.627 0.07460 -0.39756 0.220 -1.60073 19.0000 25.35 1.3055 2.1637 1.374140 
901.8638 81.101 278.169 0.10556 -0.73535 27.833 -2.31402 19.0000 25.35 1.4800 2.2968 1.374755 
901.4604 83.362 269.956 -0.00044 -0.57213 -0.058 -2.42485 19.0000 25.11 1.5262 2.2140 1.375370 
901.0569 79.777 277.924 0.11211 -0.80543 -0.092 -2.18128 19.0000 25.55 1.3798 1.9521 1.375986 
900.6533 71.403 217.437 -1.01124 -0.77419 -2.411 -1.67829 19.0000 25.35 1.5863 2.3305 1.376603 
900.2496 74.030 33.241 0.40947 0.26837 -0.733 -0.78533 19.0000 25.52 0.7303 1.0955 1.377220 
899.8458 41.082 38.554 1.65763 1.32111 0.472 0.29174 19.0000 25.13 1.4135 2.0590 1.377838 
899.4420 47.165 19.170 3.71868 1.29278 0.549 -0.29806 19.0000 25.58 1.7187 2.6649 1.378457 
899.0380 45.462 17.238 5.59388 1.73569 -0.663 -0.09442 19.0000 25.74 2.0275 3.1724 1.379076 
898.6340 44.121 15.729 7.57154 2.13240 0.271 0.24146 19.0000 25.73 2.1248 3.3339 1.379696 
898.2299 43.782 7.296 9.34927 1.19700 -1.052 0.40105 19.0000 25.47 1.8793 3.0948 1.380317 
897.8257 44.481 19.585 5.61712 1.99847 -1.718 0.10792 19.0000 26.08 1.6888 2.6359 1.380938 
897.4214 46.595 43.340 1.92985 1.82112 0.339 -0.14787 19.0000 26.51 1.3664 1.9506 1.381560 
897.0171 55.434 86.078 0.08633 1.25920 0.060 -0.48117 19.0000 25.99 1.0071 1.2926 1.382183 
896.6127 55.322 144.340 -1.17720 0.84465 0.045 -0.54586 19.0000 25.82 1.1848 1.8345 1.382807 
896.2081 54.376 105.039 -0.40699 1.51483 0.025 -0.53250 19.0000 25.85 1.2046 1.3964 1.383431 
895.8035 49.865 97.075 -0.17014 1.37079 0.067 -0.23686 19.0000 25.82 1.1474 1.4733 1.384056 
895.3989 46.002 89.033 0.01841 1.09121 0.026 -0.03818 19.0000 25.97 0.9602 1.6160 1.384681 
894.9941 40.344 84.889 0.07485 0.83679 46.978 0.13777 19.0000 26.30 0.8442 1.7536 1.385307 
894.5892 30.202 76.122 0.11428 0.46255 2.486 0.27062 19.0000 26.74 0.7127 1.7716 1.385934 
894.1843 12.616 356.688 0.15648 -0.00906 0.001 0.33262 19.0000 26.23 0.7438 1.7219 1.386562 
893.7792 17.696 61.660 0.13058 0.24210 0.004 0.38719 19.0000 26.35 0.6837 1.8821 1.387190 
893.3741 14.747 32.741 0.22863 0.14701 3.734 0.48053 19.0000 26.09 0.6429 1.5615 1.387819 
892.9689 17.065 347.088 0.37353 -0.08563 -12.141 0.56538 19.0000 26.44 0.5908 1.1138 1.388449 
892.5637 37.807 315.952 0.20721 -0.20044 -1.545 0.07395 19.0000 26.56 0.5553 0.6434 1.389079 
892.1583 70.330 231.355 -0.18161 -0.22713 0.650 -0.35478 19.0000 26.96 0.6602 0.8804 1.389711 
891.7528 7.397 15.915 0.05892 0.01680 1.457 0.23201 19.0000 26.54 0.6324 0.8120 1.390343 
891.3473 22.583 71.911 0.04580 0.14021 -0.819 0.14665 19.0000 27.11 0.6428 0.9815 1.390975 
890.9417 24.582 52.635 0.02587 0.03388 1.726 0.03685 19.0000 26.56 0.6775 1.0802 1.391608 
890.5359 49.063 89.775 0.00158 0.40235 0.000 -0.05745 19.0000 26.60 0.6517 1.0649 1.392242 
890.1302 50.221 91.246 -0.01328 0.61029 0.030 -0.11249 19.0000 27.14 0.6489 1.0194 1.392877 
889.7243 54.917 124.538 -0.77969 1.13287 0.000 -0.49602 19.0000 26.57 0.7078 1.2369 1.393512 
889.3184 45.414 76.143 0.16458 0.66719 0.000 -0.00994 19.0000 26.79 0.6573 0.7571 1.394148 
888.9123 39.883 42.797 0.51775 0.47938 2.732 0.12740 19.0000 26.80 0.8428 1.1649 1.394785 
888.5062 43.504 34.191 0.53986 0.36677 -3.199 0.03411 19.0000 27.49 1.0162 1.6935 1.395423 
888.1000 38.267 32.907 0.55460 0.35888 -123.512 0.15817 19.0000 26.90 1.2372 1.9582 1.396061 
887.6937 40.015 40.164 0.55365 0.46727 3.190 0.12736 19.0000 27.32 1.3444 2.1056 1.396700 
887.2873 41.759 40.752 0.53107 0.45763 -140.377 0.07965 19.0000 27.70 1.2978 2.0096 1.397340 
886.8808 46.806 50.248 0.46364 0.55743 3.772 -0.04576 19.0000 27.15 1.2217 1.7494 1.397980 
886.4743 47.061 61.431 0.35126 0.64507 4.331 -0.05293 19.0000 27.46 0.9458 1.2451 1.398621 
886.0676 50.262 85.487 0.06981 0.88460 4.617 -0.16484 19.0000 27.28 0.7554 0.8011 1.399263 
885.6609 54.879 115.898 -0.72081 1.48458 2.308 -0.59277 19.0000 27.30 0.8125 1.0638 1.399906 
885.2541 48.353 90.462 -0.00751 0.93140 0.107 -0.10952 19.0000 27.59 0.7040 0.7609 1.400549 
884.8472 47.410 90.553 -0.00764 0.79143 0.020 -0.06673 19.0000 27.33 0.6357 0.6970 1.401193 
884.4402 48.099 89.941 0.00051 0.49648 101.133 -0.05392 19.0000 27.60 0.5507 3.7231 1.401838 
884.0332 82.302 277.690 0.00192 -0.01423 2.849 -0.05214 19.0000 27.83 0.5564 0.6688 1.402483 
883.6260 54.270 87.997 0.01506 0.43059 0.000 -0.14449 19.0000 27.72 0.5555 2.4739 1.403130 
883.2188 67.320 85.910 0.03228 0.45143 0.000 -0.44692 19.0000 28.02 0.5831 3.5725 1.403777 
882.8115 65.717 10.480 1.02519 0.18963 0.000 -0.92028 19.0000 27.73 5.8205 11.6553 1.404424 
882.4041 68.386 11.666 0.53465 0.11039 0.081 -0.58079 19.0000 27.90 1.6374 5.1993 1.405073 
881.9966 66.856 10.596 0.77349 0.14470 0.068 -0.75232 19.0000 27.92 7.3777 14.3189 1.405722 
881.5890 66.690 10.131 0.80837 0.14445 0.071 -0.77601 19.0000 28.06 11.4837 21.7365 1.406372 
881.1813 66.416 9.800 0.83306 0.14389 0.048 -0.78373 19.0000 27.89 13.9141 26.1919 1.407023 
880.7736 66.630 9.457 0.82431 0.13731 0.309 -0.78642 19.0000 28.35 14.7090 27.7231 1.407674 
880.3658 66.669 9.736 0.81866 0.14047 0.001 -0.78380 19.0000 27.81 13.7839 26.1044 1.408326 
879.9579 67.360 3.796 0.83851 0.05563 -0.055 -0.83216 19.0000 28.18 11.1939 21.8069 1.408979 
879.5499 67.155 14.829 0.74055 0.19607 0.047 -0.74784 19.0000 27.94 7.2164 14.1146 1.409632 
879.1418 57.786 72.707 0.23958 0.76952 0.295 -0.38565 19.0000 28.15 2.0890 5.4420 1.410287 
878.7336 65.871 345.279 1.34744 -0.35403 -0.011 -1.24311 19.0000 28.10 6.0803 12.6275 1.410942 
878.3253 39.312 106.342 -0.52134 1.77801 -1.339 0.37282 19.0000 28.59 2.4633 4.6621 1.411598 
877.9170 40.511 105.030 -0.45729 1.70309 3.981 0.27858 19.0000 28.43 2.5775 3.6746 1.412254 
877.5085 42.140 104.282 -0.40158 1.57756 244.073 0.16305 19.0000 28.47 2.4365 3.0638 1.412912 
877.1000 42.857 104.075 -0.34451 1.37412 5.122 0.10618 19.0000 28.76 1.9891 2.3649 1.413570 
876.6915 44.468 104.978 -0.27090 1.01261 3.195 0.01948 19.0000 28.64 1.2938 1.5332 1.414228 
876.2828 56.250 119.144 -0.23525 0.42189 -0.097 -0.20009 19.0000 28.65 0.6438 0.8269 1.414888 
875.8740 60.006 270.674 0.01885 -1.60379 0.457 -0.92644 19.0000 29.28 1.1452 1.5266 1.415548 
875.4651 53.235 120.515 -0.17468 0.29637 0.068 -0.10171 19.0000 29.07 0.5882 0.6825 1.416209 
875.0562 50.569 123.427 -0.14357 0.21751 0.186 -0.05131 19.0000 29.07 0.5449 0.5816 1.416871 
874.6472 45.475 93.332 -0.01532 0.26321 7.296 -0.00437 19.0000 28.74 0.5276 0.6111 1.417534 
874.2380 52.633 33.697 0.35026 0.23356 0.000 -0.11491 19.0000 29.02 0.5397 0.7312 1.418197 
873.8289 58.306 104.476 -0.08342 0.32311 2.452 -0.16719 19.0000 28.65 0.5302 0.7932 1.418861 
873.4196 64.355 107.066 -0.12443 0.40533 2.706 -0.33980 19.0000 29.66 0.5761 0.8496 1.419526 
873.0102 59.120 108.092 -0.13569 0.41535 0.805 -0.23467 19.0000 29.26 0.5646 0.8187 1.420192 
872.6007 57.108 108.548 -0.13461 0.40120 -0.113 -0.19032 19.0000 28.95 0.5553 0.7435 1.420858 
872.1912 55.989 98.029 -0.07848 0.55637 -0.188 -0.22676 19.0000 29.37 0.6193 0.7516 1.421525 
871.7816 53.949 97.991 -0.06277 0.44711 -0.092 -0.14581 19.0000 28.76 0.5889 0.6131 1.422193 
871.3718 56.073 89.929 0.00050 0.39887 3.533 -0.16233 19.0000 30.01 0.6048 0.7093 1.422862 
870.9620 76.902 110.222 -0.04532 0.12303 -0.166 -0.26651 19.0000 29.67 0.5395 0.5756 1.423532 
870.5521 82.850 219.009 -0.06484 -0.05253 3.354 -0.32740 19.0000 29.73 0.5375 0.5849 1.424202 
870.1422 81.720 212.514 -0.06955 -0.04433 2.916 -0.27737 19.0000 29.86 0.5304 0.5827 1.424873 
869.7321 77.590 121.547 -0.06741 0.10980 0.047 -0.27858 19.0000 29.73 0.5439 0.5921 1.425545 
869.3219 72.249 102.654 -0.05583 0.24866 2.203 -0.35726 19.0000 29.79 0.6052 0.6489 1.426217 
868.9117 64.340 95.389 -0.03748 0.39730 3.139 -0.31948 19.0000 30.09 0.6326 0.6643 1.426891 
868.5013 60.462 91.532 -0.01398 0.52294 -0.019 -0.31337 19.0000 30.09 0.6993 0.7193 1.427565 
868.0909 57.849 89.903 0.00110 0.65050 2.089 -0.31304 19.0000 30.10 0.8081 0.8300 1.428240 
867.6805 57.971 90.739 -0.00800 0.62027 -0.042 -0.30178 19.0000 30.17 0.7921 0.8059 1.428915 
867.2699 59.551 90.399 -0.00370 0.53106 2.746 -0.29561 19.0000 30.26 0.7037 0.7174 1.429592 
866.8592 59.523 90.001 -0.00001 0.50967 2.838 -0.28304 19.0000 30.47 0.6715 0.6797 1.430269 
866.4485 56.873 88.780 0.01034 0.48545 -0.325 -0.21362 19.0000 30.19 0.6243 0.6304 1.430947 
866.0376 56.570 84.711 0.05103 0.55130 1.791 -0.23661 19.0000 30.21 0.6415 0.6475 1.431626 
865.6267 52.244 88.427 0.01570 0.57160 2.133 -0.14774 19.0000 31.09 0.6319 0.6380 1.432306 
865.2157 52.585 90.857 -0.00783 0.52352 -0.018 -0.14196 19.0000 30.28 0.6138 0.6286 1.432986 
864.8046 52.989 93.161 -0.02960 0.53582 2.139 -0.15366 19.0000 30.47 0.6265 0.6498 1.433667 
864.3934 52.821 95.410 -0.04916 0.51905 1.956 -0.14597 19.0000 30.67 0.6288 0.6679 1.434349 
863.9821 53.017 99.687 -0.09810 0.57467 2.832 -0.16755 19.0000 30.50 0.6633 0.7203 1.435032 
863.5707 51.764 98.444 -0.07959 0.53614 -3.631 -0.13040 19.0000 30.99 0.6429 0.6958 1.435716 
863.1593 51.557 100.067 -0.07004 0.39450 2.628 -0.09335 19.0000 31.03 0.5748 0.6233 1.436400 
862.7477 48.289 94.873 -0.04003 0.46958 1.947 -0.05434 19.0000 31.33 0.5948 0.6275 1.437085 
862.3361 48.118 90.237 -0.00201 0.48547 -0.008 -0.05305 19.0000 30.99 0.5977 0.6200 1.437771 
861.9244 52.195 85.823 0.03668 0.50219 2.114 -0.12919 19.0000 31.17 0.6183 0.6373 1.438458 
861.5126 49.327 89.190 0.00729 0.51564 -2.614 -0.07849 19.0000 31.29 0.6171 0.6359 1.439145 
861.1008 48.040 90.457 -0.00309 0.38758 1.890 -0.04129 19.0000 31.22 0.5668 0.5792 1.439834 
860.6888 47.789 91.986 -0.01184 0.34145 1.940 -0.03337 19.0000 31.58 0.5528 0.5679 1.440523 
860.2767 49.493 91.605 -0.00965 0.34442 2.008 -0.05448 19.0000 31.00 0.5530 0.5723 1.441213 
859.8646 49.539 91.026 -0.00699 0.39017 -0.006 -0.06235 19.0000 31.26 0.5604 0.5839 1.441904 
859.4523 49.112 92.264 -0.01389 0.35125 1.866 -0.05081 19.0000 31.51 0.5496 0.5680 1.442595 
859.0400 51.282 91.768 -0.01161 0.37607 6.837 -0.08385 19.0000 31.46 0.5580 0.5710 1.443288 
858.6276 52.979 91.768 -0.01295 0.41949 1.768 -0.12002 19.0000 32.04 0.5677 0.5772 1.443981 
858.2151 53.994 92.798 -0.02252 0.46085 1.917 -0.14980 19.0000 32.17 0.5889 0.5956 1.444675 
857.8026 52.599 90.816 -0.00789 0.55436 2.214 -0.15061 19.0000 31.60 0.6375 0.6422 1.445370 
857.3899 51.942 90.775 -0.00836 0.61817 2.001 -0.15282 19.0000 31.85 0.6736 0.6781 1.446065 
856.9771 53.162 91.203 -0.01205 0.57353 1.942 -0.16801 19.0000 31.10 0.6656 0.6696 1.446762 
856.5643 54.517 91.351 -0.01299 0.55115 1.807 -0.19020 19.0000 31.63 0.6685 0.6726 1.447459 
856.1514 53.998 91.565 -0.01539 0.56340 0.003 -0.18307 19.0000 32.31 0.6861 0.6910 1.448157 
855.7383 55.668 92.111 -0.01926 0.52253 2.384 -0.20425 19.0000 32.21 0.6784 0.6842 1.448856 
855.3253 56.037 91.629 -0.01569 0.55174 2.141 -0.22384 19.0000 32.16 0.7041 0.7113 1.449556 
854.9120 54.996 90.342 -0.00347 0.58174 3.252 -0.21164 19.0000 31.88 0.7156 0.7215 1.450257 
854.4988 55.573 90.361 -0.00356 0.56487 2.190 -0.21849 19.0000 31.95 0.6823 0.6885 1.450958 
854.0854 55.118 90.981 -0.00990 0.57827 2.470 -0.21320 19.0000 31.90 0.6864 0.6932 1.451660 
853.6719 53.426 90.591 -0.00642 0.62261 2.385 -0.18861 19.0000 32.35 0.7043 0.7104 1.452364 
853.2584 52.479 91.301 -0.01437 0.63248 1.998 -0.16902 19.0000 32.37 0.6922 0.6967 1.453067 
852.8448 51.735 90.833 -0.00906 0.62286 1.733 -0.14919 19.0000 32.30 0.6870 0.6918 1.453772 
852.4311 52.986 90.939 -0.00940 0.57372 2.318 -0.16424 19.0000 32.16 0.6705 0.6758 1.454478 
852.0173 53.191 90.237 -0.00250 0.60472 1.862 -0.17778 19.0000 32.28 0.6970 0.7019 1.455184 
851.6034 55.092 90.158 -0.00153 0.55468 1.847 -0.20392 19.0000 32.18 0.6792 0.6844 1.455891 
851.1894 55.269 89.772 0.00228 0.57233 1.811 -0.21441 19.0000 32.14 0.6825 0.6886 1.456599 
850.7753 53.393 89.662 0.00374 0.63529 2.342 -0.19163 19.0000 32.12 0.6989 0.7035 1.457308 
850.3612 53.115 89.879 0.00124 0.58570 2.712 -0.17050 19.0000 32.41 0.6603 0.6653 1.458018 
849.9470 52.951 90.317 -0.00335 0.60495 1.706 -0.17235 19.0000 32.35 0.6703 0.6750 1.458728 
849.5326 52.645 90.387 -0.00439 0.64909 2.531 -0.17746 19.0000 32.28 0.7024 0.7064 1.459440 
849.1182 52.307 90.101 -0.00119 0.67690 1.745 -0.17651 19.0000 32.53 0.7191 0.7226 1.460152 
848.7037 51.719 90.082 -0.00098 0.68479 1.790 -0.16361 19.0000 32.53 0.7187 0.7217 1.460865 
848.2891 51.442 90.343 -0.00410 0.68489 2.009 -0.15665 19.0000 32.63 0.7161 0.7192 1.461579 
847.8744 51.286 90.335 -0.00390 0.66752 1.899 -0.14887 19.0000 33.14 0.7046 0.7075 1.462294 
847.4597 50.720 90.229 -0.00272 0.68006 1.847 -0.13763 19.0000 33.02 0.7090 0.7116 1.463010 
847.0448 50.914 90.300 -0.00355 0.67815 1.726 -0.14203 19.0000 33.25 0.7070 0.7097 1.463726 
846.6298 50.505 90.220 -0.00261 0.67948 1.802 -0.13220 19.0000 33.52 0.7045 0.7074 1.464444 
846.2148 49.599 90.041 -0.00050 0.68928 1.611 -0.11163 19.0000 32.98 0.7059 0.7087 1.465162 
845.7997 50.265 89.995 0.00007 0.69152 1.761 -0.12855 19.0000 33.27 0.7052 0.7082 1.465881 
845.3845 50.477 89.967 0.00040 0.70285 1.688 -0.13604 19.0000 33.21 0.7126 0.7155 1.466601 
844.9692 50.151 89.990 0.00012 0.69124 1.818 -0.12565 19.0000 33.36 0.7084 0.7114 1.467322 
844.5538 50.468 90.079 -0.00094 0.68591 1.984 -0.13252 19.0000 32.90 0.7097 0.7130 1.468044 
844.1383 50.196 90.075 -0.00093 0.70880 1.580 -0.12998 19.0000 33.01 0.7158 0.7194 1.468766 
843.7227 49.069 90.175 -0.00223 0.73186 1.766 -0.10464 19.0000 33.65 0.7242 0.7278 1.469490 
843.3071 48.446 90.018 -0.00023 0.75720 1.425 -0.09152 19.0000 33.51 0.7256 0.7294 1.470214 
842.8914 47.889 90.055 -0.00073 0.76463 1.800 -0.07738 19.0000 33.67 0.7261 0.7299 1.470939 
842.4755 47.916 90.076 -0.00100 0.75855 1.699 -0.07748 19.0000 33.54 0.7347 0.7386 1.471665 
842.0596 47.631 90.132 -0.00172 0.74703 1.740 -0.06879 19.0000 33.83 0.7358 0.7395 1.472392 
841.6436 47.519 90.031 -0.00040 0.75362 1.648 -0.06642 19.0000 33.94 0.7406 0.7443 1.473120 
841.2275 47.770 90.039 -0.00053 0.78449 1.505 -0.07610 19.0000 33.73 0.7516 0.7554 1.473849 
840.8113 48.202 90.011 -0.00016 0.78899 1.497 -0.08855 19.0000 34.17 0.7547 0.7585 1.474578 
840.3951 48.688 90.023 -0.00031 0.76417 1.556 -0.09891 19.0000 33.86 0.7556 0.7596 1.475308 
839.9787 48.578 89.963 0.00049 0.75789 1.654 -0.09516 19.0000 33.89 0.7576 0.7616 1.476040 
839.5623 47.912 89.987 0.00017 0.77719 1.683 -0.07928 19.0000 34.26 0.7618 0.7657 1.476772 
839.1457 48.378 90.053 -0.00071 0.77066 2.023 -0.09129 19.0000 34.15 0.7663 0.7702 1.477505 
838.7291 48.357 89.980 0.00026 0.76691 1.673 -0.09028 19.0000 34.13 0.7652 0.7691 1.478239 
838.3124 48.566 89.948 0.00070 0.76827 1.599 -0.09612 19.0000 34.58 0.7666 0.7704 1.478974 
837.8956 49.010 89.918 0.00110 0.77105 1.629 -0.10865 19.0000 34.76 0.7693 0.7730 1.479709 
837.4787 49.060 89.877 0.00167 0.77826 1.711 -0.11103 19.0000 34.67 0.7679 0.7716 1.480446 
837.0617 48.761 89.783 0.00295 0.78138 2.152 -0.10319 19.0000 34.37 0.7686 0.7722 1.481183 
836.6447 48.393 89.748 0.00348 0.79206 1.752 -0.09425 19.0000 34.63 0.7692 0.7728 1.481922 
836.2275 48.249 89.682 0.00440 0.79347 1.684 -0.09037 19.0000 34.83 0.7691 0.7728 1.482661 
835.8102 48.160 89.633 0.00511 0.79733 1.637 -0.08830 19.0000 35.19 0.7692 0.7728 1.483401 
835.3929 48.118 89.592 0.00568 0.79834 1.642 -0.08724 19.0000 34.88 0.7744 0.7780 1.484142 
834.9755 48.154 89.563 0.00610 0.79871 1.549 -0.08831 19.0000 35.07 0.7758 0.7793 1.484884 
834.5579 47.914 89.576 0.00596 0.80525 1.544 -0.08218 19.0000 35.12 0.7775 0.7808 1.485627 
834.1403 47.890 89.626 0.00524 0.80319 1.680 -0.08131 19.0000 35.28 0.7774 0.7807 1.486371 
833.7227 47.808 89.642 0.00504 0.80522 1.482 -0.07919 19.0000 35.06 0.7772 0.7804 1.487115 
833.3049 47.756 89.619 0.00536 0.80628 1.617 -0.07782 19.0000 35.54 0.7772 0.7803 1.487861 
832.8870 47.623 89.605 0.00558 0.80906 1.520 -0.07428 19.0000 35.23 0.7772 0.7802 1.488608 
832.4691 47.730 89.612 0.00546 0.80542 1.647 -0.07699 19.0000 35.92 0.7771 0.7801 1.489355 
832.0510 47.602 89.639 0.00510 0.80968 1.717 -0.07374 19.0000 36.09 0.7783 0.7813 1.490103 
831.6329 47.584 89.693 0.00436 0.81213 1.654 -0.07344 19.0000 35.56 0.7792 0.7822 1.490852 
831.2146 47.728 89.634 0.00517 0.81071 1.471 -0.07744 19.0000 36.23 0.7803 0.7833 1.491603 
830.7963 47.654 89.688 0.00444 0.81522 1.681 -0.07574 19.0000 36.20 0.7819 0.7848 1.492354 
830.3779 47.681 89.679 0.00459 0.81897 1.534 -0.07687 19.0000 36.00 0.7850 0.7877 1.493106 
829.9594 47.681 89.692 0.00441 0.82088 1.550 -0.07706 19.0000 37.01 0.7884 0.7910 1.493858 
829.5408 47.642 89.684 0.00455 0.82471 1.589 -0.07628 19.0000 36.46 0.7904 0.7929 1.494612 
829.1221 47.717 89.688 0.00448 0.82340 1.504 -0.07832 19.0000 36.20 0.7913 0.7939 1.495367 
828.7034 47.735 89.722 0.00401 0.82459 1.606 -0.07896 19.0000 36.89 0.7921 0.7947 1.496123 
828.2845 47.733 89.743 0.00369 0.82347 1.694 -0.07879 19.0000 37.12 0.7919 0.7944 1.496879 
827.8656 47.706 89.746 0.00366 0.82715 1.552 -0.07835 19.0000 36.13 0.7932 0.7957 1.497637 
827.4465 47.726 89.753 0.00356 0.82780 1.595 -0.07901 19.0000 36.87 0.7946 0.7971 1.498395 
827.0275 47.723 89.745 0.00369 0.82952 1.589 -0.07908 19.0000 36.95 0.7967 0.7992 1.499154 
826.6082 47.670 89.775 0.00326 0.83180 1.520 -0.07776 19.0000 36.79 0.7974 0.7997 1.499915 
826.1889 47.621 89.773 0.00330 0.83488 1.653 -0.07659 19.0000 37.11 0.8000 0.8024 1.500676 
825.7695 47.606 89.808 0.00280 0.83566 1.663 -0.07623 19.0000 37.64 0.8016 0.8039 1.501438 
825.3500 47.598 89.837 0.00238 0.83663 1.681 -0.07609 19.0000 37.30 0.8035 0.8056 1.502201 
824.9305 47.613 89.882 0.00172 0.83723 1.528 -0.07657 19.0000 37.03 0.8051 0.8072 1.502965 
824.5108 47.616 89.896 0.00152 0.83930 1.482 -0.07686 19.0000 37.03 0.8063 0.8083 1.503730 
824.0911 47.532 89.891 0.00160 0.84198 1.533 -0.07460 19.0000 37.25 0.8080 0.8100 1.504496 
823.6713 47.467 89.923 0.00113 0.84386 1.605 -0.07284 19.0000 37.62 0.8092 0.8111 1.505263 
823.2513 47.442 89.969 0.00046 0.84578 1.594 -0.07227 19.0000 37.18 0.8110 0.8130 1.506031 
822.8313 47.426 90.016 -0.00023 0.84683 1.602 -0.07188 19.0000 37.39 0.8114 0.8134 1.506800 
822.4112 47.357 90.074 -0.00110 0.85072 1.616 -0.07014 19.0000 37.74 0.8140 0.8159 1.507569 
821.9910 47.396 90.165 -0.00246 0.85156 1.492 -0.07140 19.0000 37.66 0.8162 0.8180 1.508340 
821.5707 47.374 90.208 -0.00309 0.85157 1.509 -0.07073 19.0000 38.03 0.8164 0.8182 1.509112 
821.1503 47.306 90.256 -0.00381 0.85361 1.554 -0.06885 19.0000 38.26 0.8171 0.8188 1.509884 
820.7299 47.204 90.294 -0.00441 0.85866 1.617 -0.06620 19.0000 38.56 0.8198 0.8215 1.510658 
820.3093 47.182 90.360 -0.00540 0.86078 1.511 -0.06570 19.0000 38.34 0.8220 0.8237 1.511432 
819.8886 47.287 90.416 -0.00623 0.85915 1.495 -0.06875 19.0000 38.02 0.8221 0.8239 1.512208 
819.4679 47.275 90.453 -0.00680 0.86074 1.509 -0.06851 19.0000 38.93 0.8232 0.8250 1.512984 
819.0471 47.253 90.511 -0.00770 0.86339 1.565 -0.06804 19.0000 38.48 0.8252 0.8270 1.513761 
818.6262 47.214 90.548 -0.00829 0.86611 1.562 -0.06708 19.0000 39.35 0.8266 0.8284 1.514540 
818.2051 47.212 90.571 -0.00865 0.86741 1.559 -0.06710 19.0000 38.78 0.8277 0.8294 1.515319 
817.7841 47.163 90.608 -0.00923 0.86991 1.376 -0.06580 19.0000 38.77 0.8285 0.8302 1.516099 
817.3629 47.117 90.673 -0.01023 0.87124 1.455 -0.06449 19.0000 38.85 0.8288 0.8305 1.516881 
816.9416 47.098 90.750 -0.01144 0.87387 1.438 -0.06413 19.0000 38.59 0.8311 0.8328 1.517663 
816.5202 47.018 90.785 -0.01203 0.87738 1.488 -0.06191 19.0000 38.89 0.8328 0.8345 1.518446 
816.0988 46.954 90.846 -0.01301 0.88059 1.457 -0.06017 19.0000 39.44 0.8342 0.8359 1.519230 
815.6772 46.913 90.851 -0.01313 0.88390 1.490 -0.05911 19.0000 39.09 0.8363 0.8379 1.520015 
815.2556 46.927 90.917 -0.01415 0.88383 1.472 -0.05954 19.0000 39.08 0.8368 0.8385 1.520801 
814.8338 46.908 90.983 -0.01520 0.88595 1.392 -0.05911 19.0000 39.03 0.8384 0.8401 1.521589 
814.4120 46.860 91.019 -0.01581 0.88881 1.493 -0.05779 19.0000 39.68 0.8400 0.8417 1.522377 
813.9901 46.785 91.106 -0.01722 0.89197 1.458 -0.05566 19.0000 40.05 0.8418 0.8435 1.523166 
813.5681 46.818 91.185 -0.01847 0.89244 1.455 -0.05673 19.0000 39.44 0.8433 0.8451 1.523956 
813.1460 46.796 91.209 -0.01886 0.89340 1.420 -0.05609 19.0000 39.59 0.8433 0.8451 1.524747 
812.7238 46.775 91.271 -0.01985 0.89445 1.551 -0.05550 19.0000 40.03 0.8438 0.8457 1.525539 
812.3015 46.721 91.271 -0.01995 0.89941 1.491 -0.05410 19.0000 40.04 0.8472 0.8490 1.526332 
811.8792 46.672 91.373 -0.02155 0.89920 1.457 -0.05254 19.0000 40.75 0.8466 0.8485 1.527126 
811.4567 46.663 91.421 -0.02233 0.90040 1.433 -0.05233 19.0000 40.54 0.8480 0.8499 1.527921 
811.0341 46.698 91.467 -0.02305 0.89998 1.357 -0.05342 19.0000 39.86 0.8480 0.8499 1.528717 
810.6115 46.640 91.586 -0.02498 0.90234 1.452 -0.05175 19.0000 40.08 0.8492 0.8510 1.529514 
810.1888 46.612 91.611 -0.02541 0.90363 1.392 -0.05092 19.0000 39.72 0.8493 0.8510 1.530312 
809.7659 46.631 91.625 -0.02566 0.90458 1.383 -0.05157 19.0000 40.63 0.8502 0.8519 1.531111 
809.3430 46.653 91.656 -0.02617 0.90494 1.347 -0.05228 19.0000 40.75 0.8509 0.8524 1.531912 
808.9200 46.663 91.640 -0.02593 0.90583 1.438 -0.05265 19.0000 40.36 0.8515 0.8532 1.532713 
808.4969 46.689 91.653 -0.02615 0.90614 1.441 -0.05350 19.0000 41.03 0.8521 0.8537 1.533515 
808.0737 46.742 91.691 -0.02672 0.90513 1.471 -0.05513 19.0000 40.92 0.8520 0.8536 1.534318 
807.6505 46.728 91.759 -0.02783 0.90644 1.512 -0.05478 19.0000 41.07 0.8532 0.8548 1.535122 
807.2271 46.713 91.815 -0.02875 0.90705 1.401 -0.05433 19.0000 41.00 0.8531 0.8547 1.535927 
806.8036 46.739 91.819 -0.02884 0.90791 1.386 -0.05522 19.0000 41.65 0.8539 0.8554 1.536733 
806.3801 46.777 91.855 -0.02941 0.90807 1.395 -0.05642 19.0000 40.73 0.8540 0.8555 1.537540 
805.9564 46.825 91.873 -0.02970 0.90795 1.339 -0.05795 19.0000 41.43 0.8547 0.8562 1.538349 
805.5327 46.866 91.898 -0.03009 0.90804 1.373 -0.05927 19.0000 41.29 0.8557 0.8572 1.539158 
805.1089 46.920 91.903 -0.03017 0.90795 1.350 -0.06099 19.0000 40.94 0.8562 0.8577 1.539968 
804.6850 46.923 91.949 -0.03094 0.90939 1.388 -0.06116 19.0000 41.25 0.8580 0.8596 1.540779 
804.2610 46.931 91.990 -0.03161 0.90955 1.386 -0.06143 19.0000 42.02 0.8580 0.8595 1.541591 
803.8369 46.947 92.018 -0.03207 0.91032 1.352 -0.06200 19.0000 41.24 0.8586 0.8601 1.542405 
803.4127 46.988 92.064 -0.03282 0.91057 1.418 -0.06332 19.0000 41.69 0.8597 0.8612 1.543219 
802.9884 47.003 92.122 -0.03376 0.91094 1.474 -0.06385 19.0000 41.63 0.8603 0.8618 1.544035 
802.5640 46.999 92.181 -0.03474 0.91226 1.343 -0.06379 19.0000 41.46 0.8614 0.8630 1.544851 
802.1396 47.007 92.224 -0.03543 0.91200 1.409 -0.06404 19.0000 42.30 0.8606 0.8621 1.545669 
801.7150 47.024 92.307 -0.03673 0.91193 1.393 -0.06460 19.0000 42.49 0.8609 0.8624 1.546487 
801.2903 47.075 92.337 -0.03722 0.91204 1.380 -0.06622 19.0000 42.33 0.8615 0.8630 1.547307 
800.8657 47.110 92.415 -0.03842 0.91115 1.397 -0.06730 19.0000 41.83 0.8614 0.8628 1.548127 
800.4408 47.129 92.459 -0.03909 0.91018 1.425 -0.06783 19.0000 41.24 0.8607 0.8622 1.548949 
800.0159 47.152 92.524 -0.04013 0.91040 1.360 -0.06858 19.0000 42.26 0.8611 0.8625 1.549772 
799.5909 47.170 92.541 -0.04041 0.91055 1.336 -0.06918 19.0000 41.93 0.8608 0.8622 1.550595 
799.1658 47.170 92.593 -0.04128 0.91172 1.357 -0.06928 19.0000 42.07 0.8617 0.8631 1.551420 
798.7406 47.168 92.615 -0.04171 0.91318 1.386 -0.06933 19.0000 42.09 0.8627 0.8641 1.552246 
798.3153 47.207 92.669 -0.04259 0.91355 1.404 -0.07059 19.0000 42.25 0.8638 0.8651 1.553073 
797.8899 47.229 92.690 -0.04299 0.91499 1.375 -0.07143 19.0000 42.66 0.8657 0.8672 1.553901 
797.4644 47.225 92.754 -0.04406 0.91594 1.383 -0.07136 19.0000 42.81 0.8665 0.8679 1.554730 
797.0389 47.218 92.779 -0.04456 0.91799 1.391 -0.07130 19.0000 42.73 0.8677 0.8691 1.555560 
796.6132 47.207 92.808 -0.04511 0.91962 1.426 -0.07106 19.0000 42.43 0.8686 0.8701 1.556391 
796.1875 47.235 92.850 -0.04574 0.91891 1.370 -0.07193 19.0000 42.97 0.8684 0.8699 1.557224 
795.7617 47.252 92.884 -0.04633 0.91961 1.345 -0.07253 19.0000 42.29 0.8689 0.8704 1.558057 
795.3357 47.306 92.912 -0.04676 0.91914 1.383 -0.07425 19.0000 42.72 0.8698 0.8713 1.558891 
794.9097 47.332 92.939 -0.04723 0.91993 1.359 -0.07515 19.0000 43.18 0.8710 0.8726 1.559727 
794.4836 47.379 92.956 -0.04748 0.91931 1.374 -0.07661 19.0000 43.04 0.8710 0.8726 1.560563 
794.0574 47.388 93.034 -0.04875 0.91993 1.379 -0.07698 19.0000 43.11 0.8721 0.8737 1.561401 
793.6310 47.372 93.079 -0.04959 0.92199 1.327 -0.07663 19.0000 43.58 0.8733 0.8749 1.562240 
793.2047 47.402 93.101 -0.04997 0.92227 1.339 -0.07763 19.0000 43.53 0.8740 0.8756 1.563079 
792.7782 47.421 93.156 -0.05087 0.92239 1.371 -0.07826 19.0000 42.93 0.8740 0.8756 1.563920 
792.3516 47.425 93.217 -0.05189 0.92316 1.385 -0.07845 19.0000 43.54 0.8744 0.8761 1.564762 
791.9249 47.414 93.284 -0.05299 0.92363 1.302 -0.07816 19.0000 42.67 0.8745 0.8762 1.565605 
791.4982 47.445 93.328 -0.05376 0.92442 1.313 -0.07923 19.0000 42.70 0.8753 0.8770 1.566449 
791.0714 47.457 93.380 -0.05463 0.92498 1.291 -0.07965 19.0000 43.17 0.8759 0.8775 1.567295 
790.6444 47.462 93.444 -0.05571 0.92575 1.334 -0.07991 19.0000 42.96 0.8767 0.8784 1.568141 
790.2173 47.511 93.505 -0.05664 0.92464 1.343 -0.08140 19.0000 42.95 0.8767 0.8784 1.568989 
789.7902 47.530 93.544 -0.05730 0.92525 1.362 -0.08207 19.0000 43.17 0.8771 0.8787 1.569837 
789.3630 47.553 93.592 -0.05808 0.92527 1.318 -0.08284 19.0000 42.96 0.8774 0.8790 1.570687 
788.9357 47.575 93.657 -0.05918 0.92584 1.320 -0.08362 19.0000 43.44 0.8783 0.8799 1.571537 
788.5083 47.585 93.714 -0.06012 0.92610 1.286 -0.08398 19.0000 43.60 0.8784 0.8801 1.572389 
788.0807 47.574 93.804 -0.06163 0.92680 1.297 -0.08368 19.0000 43.23 0.8790 0.8807 1.573242 
787.6532 47.567 93.859 -0.06262 0.92824 1.307 -0.08360 19.0000 43.28 0.8800 0.8817 1.574096 
787.2255 47.582 93.926 -0.06368 0.92789 1.288 -0.08404 19.0000 42.87 0.8797 0.8813 1.574951 
786.7977 47.589 93.949 -0.06404 0.92772 1.289 -0.08429 19.0000 43.58 0.8792 0.8808 1.575808 
786.3699 47.570 94.010 -0.06514 0.92921 1.306 -0.08378 19.0000 43.52 0.8801 0.8817 1.576665 
785.9419 47.579 94.086 -0.06642 0.92981 1.285 -0.08413 19.0000 43.42 0.8811 0.8827 1.577524 
785.5139 47.601 94.144 -0.06737 0.92984 1.286 -0.08487 19.0000 43.03 0.8813 0.8829 1.578383 
785.0857 47.600 94.199 -0.06831 0.93052 1.305 -0.08491 19.0000 44.06 0.8812 0.8828 1.579244 
784.6575 47.622 94.234 -0.06891 0.93078 1.292 -0.08566 19.0000 43.53 0.8815 0.8832 1.580106 
784.2291 47.633 94.301 -0.06999 0.93072 1.301 -0.08603 19.0000 43.95 0.8817 0.8833 1.580969 
783.8007 47.645 94.354 -0.07085 0.93063 1.310 -0.08641 19.0000 43.74 0.8814 0.8830 1.581833 
783.3722 47.661 94.417 -0.07189 0.93076 1.286 -0.08697 19.0000 43.82 0.8817 0.8833 1.582698 
782.9435 47.713 94.458 -0.07253 0.93032 1.280 -0.08863 19.0000 43.91 0.8822 0.8837 1.583565 
782.5148 47.713 94.525 -0.07372 0.93154 1.239 -0.08875 19.0000 43.96 0.8836 0.8851 1.584433 
782.0861 47.701 94.617 -0.07528 0.93211 1.250 -0.08844 19.0000 43.51 0.8841 0.8856 1.585301 
781.6572 47.698 94.696 -0.07659 0.93235 1.269 -0.08837 19.0000 43.26 0.8843 0.8858 1.586171 
781.2282 47.707 94.768 -0.07779 0.93258 1.275 -0.08870 19.0000 43.52 0.8844 0.8859 1.587042 
780.7991 47.726 94.852 -0.07917 0.93268 1.279 -0.08935 19.0000 43.73 0.8850 0.8865 1.587914 
780.3699 47.742 94.930 -0.08047 0.93293 1.242 -0.08990 19.0000 43.56 0.8856 0.8872 1.588788 
779.9407 47.768 95.004 -0.08165 0.93255 1.298 -0.09074 19.0000 43.76 0.8857 0.8873 1.589662 
779.5113 47.786 95.089 -0.08303 0.93234 1.268 -0.09131 19.0000 43.62 0.8858 0.8873 1.590537 
779.0818 47.838 95.144 -0.08390 0.93196 1.342 -0.09301 19.0000 43.78 0.8862 0.8878 1.591414 
778.6523 47.869 95.182 -0.08458 0.93260 1.278 -0.09408 19.0000 43.89 0.8869 0.8885 1.592292 
778.2227 47.894 95.234 -0.08549 0.93313 1.245 -0.09498 19.0000 44.00 0.8878 0.8894 1.593171 
777.7930 47.923 95.313 -0.08676 0.93298 1.263 -0.09593 19.0000 43.48 0.8884 0.8900 1.594051 
777.3632 47.947 95.388 -0.08804 0.93339 1.265 -0.09678 19.0000 43.52 0.8891 0.8907 1.594933 
776.9332 47.989 95.450 -0.08901 0.93291 1.272 -0.09814 19.0000 43.99 0.8897 0.8912 1.595815 
776.5032 48.019 95.508 -0.08997 0.93289 1.247 -0.09914 19.0000 44.08 0.8900 0.8915 1.596699 
776.0731 48.039 95.580 -0.09114 0.93293 1.271 -0.09980 19.0000 44.04 0.8903 0.8918 1.597584 
775.6429 48.062 95.625 -0.09188 0.93295 1.297 -0.10058 19.0000 43.48 0.8904 0.8918 1.598470 
775.2126 48.116 95.695 -0.09293 0.93182 1.259 -0.10225 19.0000 44.03 0.8903 0.8918 1.599357 
774.7822 48.159 95.761 -0.09397 0.93144 1.269 -0.10366 19.0000 44.32 0.8909 0.8924 1.600246 
774.3517 48.170 95.864 -0.09570 0.93175 1.266 -0.10407 19.0000 44.38 0.8912 0.8927 1.601135 
773.9212 48.182 95.924 -0.09676 0.93242 1.259 -0.10454 19.0000 44.06 0.8918 0.8932 1.602026 
773.4905 48.191 96.007 -0.09817 0.93286 1.236 -0.10493 19.0000 43.91 0.8923 0.8938 1.602918 
773.0598 48.205 96.090 -0.09960 0.93344 1.218 -0.10546 19.0000 44.70 0.8928 0.8942 1.603811 
772.6289 48.240 96.150 -0.10058 0.93340 1.265 -0.10664 19.0000 44.44 0.8934 0.8948 1.604706 
772.1980 48.278 96.208 -0.10154 0.93351 1.245 -0.10792 19.0000 44.02 0.8940 0.8954 1.605601 
771.7669 48.297 96.278 -0.10268 0.93332 1.244 -0.10853 19.0000 44.04 0.8942 0.8956 1.606498 
771.3358 48.322 96.354 -0.10390 0.93298 1.210 -0.10936 19.0000 44.43 0.8944 0.8958 1.607396 
770.9046 48.340 96.430 -0.10518 0.93326 1.222 -0.11001 19.0000 44.12 0.8951 0.8965 1.608295 
770.4733 48.365 96.503 -0.10640 0.93345 1.241 -0.11087 19.0000 44.30 0.8959 0.8973 1.609195 
770.0419 48.391 96.584 -0.10773 0.93337 1.244 -0.11174 19.0000 43.87 0.8964 0.8977 1.610097 
769.6104 48.419 96.669 -0.10915 0.93353 1.234 -0.11271 19.0000 44.47 0.8969 0.8982 1.610999 
769.1787 48.441 96.760 -0.11066 0.93362 1.229 -0.11346 19.0000 44.53 0.8971 0.8984 1.611904 
768.7471 48.471 96.845 -0.11195 0.93267 1.235 -0.11436 19.0000 44.47 0.8970 0.8982 1.612809 
768.3152 48.495 96.928 -0.11342 0.93347 1.248 -0.11528 19.0000 44.42 0.8982 0.8995 1.613715 
767.8834 48.519 96.990 -0.11452 0.93399 1.222 -0.11617 19.0000 44.53 0.8988 0.9002 1.614623 
767.4514 48.556 97.036 -0.11527 0.93390 1.233 -0.11740 19.0000 45.01 0.8994 0.9007 1.615531 
767.0193 48.589 97.109 -0.11645 0.93368 1.224 -0.11851 19.0000 44.86 0.8995 0.9007 1.616442 
766.5872 48.619 97.176 -0.11759 0.93390 1.230 -0.11954 19.0000 44.30 0.9000 0.9013 1.617353 
766.1549 48.653 97.241 -0.11862 0.93357 1.205 -0.12066 19.0000 44.83 0.9000 0.9013 1.618265 
765.7225 48.686 97.350 -0.12037 0.93318 1.191 -0.12173 19.0000 45.34 0.9002 0.9016 1.619179 
765.2901 48.721 97.434 -0.12174 0.93300 1.211 -0.12289 19.0000 45.01 0.9007 0.9020 1.620094 
764.8575 48.738 97.528 -0.12336 0.93346 1.197 -0.12357 19.0000 45.31 0.9014 0.9026 1.621010 
764.4249 48.745 97.604 -0.12472 0.93429 1.216 -0.12394 19.0000 45.04 0.9021 0.9034 1.621928 
763.9922 48.759 97.686 -0.12619 0.93504 1.206 -0.12451 19.0000 44.96 0.9029 0.9042 1.622846 
763.5593 48.799 97.751 -0.12728 0.93509 1.228 -0.12588 19.0000 45.42 0.9037 0.9050 1.623766 
763.1264 48.835 97.849 -0.12885 0.93471 1.205 -0.12706 19.0000 45.26 0.9040 0.9052 1.624687 
762.6934 48.841 97.910 -0.12998 0.93550 1.233 -0.12741 19.0000 45.63 0.9045 0.9058 1.625610 
762.2603 48.879 97.993 -0.13125 0.93477 1.203 -0.12859 19.0000 45.51 0.9044 0.9057 1.626533 
761.8271 48.891 98.074 -0.13267 0.93522 1.190 -0.12909 19.0000 45.67 0.9049 0.9062 1.627458 
761.3938 48.942 98.151 -0.13380 0.93414 1.225 -0.13066 19.0000 45.53 0.9049 0.9061 1.628385 
760.9604 48.986 98.214 -0.13478 0.93374 1.208 -0.13211 19.0000 45.28 0.9053 0.9065 1.629312 
760.5269 49.004 98.303 -0.13636 0.93428 1.183 -0.13283 19.0000 45.65 0.9059 0.9072 1.630241 
760.0933 49.032 98.375 -0.13762 0.93478 1.209 -0.13386 19.0000 46.01 0.9070 0.9083 1.631171 
759.6597 49.058 98.441 -0.13879 0.93523 1.190 -0.13483 19.0000 45.96 0.9078 0.9091 1.632102 
759.2259 49.097 98.540 -0.14032 0.93448 1.208 -0.13607 19.0000 45.57 0.9081 0.9094 1.633034 
758.7921 49.115 98.635 -0.14196 0.93479 1.184 -0.13674 19.0000 45.87 0.9086 0.9098 1.633968 
758.3581 49.153 98.701 -0.14303 0.93460 1.194 -0.13803 19.0000 45.86 0.9088 0.9100 1.634903 
757.9240 49.192 98.788 -0.14433 0.93363 1.194 -0.13922 19.0000 46.39 0.9083 0.9095 1.635839 
757.4899 49.226 98.869 -0.14567 0.93348 1.187 -0.14039 19.0000 46.44 0.9088 0.9100 1.636777 
757.0556 49.267 98.964 -0.14715 0.93282 1.180 -0.14170 19.0000 46.03 0.9088 0.9100 1.637716 
756.6213 49.301 99.052 -0.14861 0.93282 1.188 -0.14290 19.0000 45.87 0.9095 0.9107 1.638656 
756.1868 49.345 99.113 -0.14957 0.93246 1.184 -0.14436 19.0000 45.76 0.9097 0.9108 1.639597 
755.7523 49.364 99.210 -0.15116 0.93225 1.171 -0.14498 19.0000 45.39 0.9095 0.9107 1.640540 
755.3177 49.384 99.300 -0.15270 0.93253 1.186 -0.14574 19.0000 46.53 0.9102 0.9113 1.641484 
754.8830 49.430 99.399 -0.15421 0.93158 1.206 -0.14719 19.0000 46.14 0.9101 0.9112 1.642429 
754.4482 49.463 99.493 -0.15566 0.93092 1.193 -0.14825 19.0000 46.35 0.9101 0.9112 1.643376 
754.0132 49.490 99.601 -0.15744 0.93076 1.197 -0.14918 19.0000 46.94 0.9104 0.9114 1.644324 
753.5782 49.500 99.685 -0.15895 0.93134 1.185 -0.14966 19.0000 46.15 0.9108 0.9119 1.645273 
753.1431 49.524 99.776 -0.16045 0.93127 1.176 -0.15049 19.0000 46.74 0.9111 0.9122 1.646223 
752.7079 49.547 99.878 -0.16214 0.93113 1.176 -0.15127 19.0000 46.29 0.9112 0.9122 1.647175 
752.2726 49.582 99.972 -0.16363 0.93066 1.166 -0.15243 19.0000 47.11 0.9111 0.9122 1.648129 
751.8373 49.623 100.071 -0.16510 0.92955 1.159 -0.15370 19.0000 46.44 0.9108 0.9119 1.649083 
751.4018 49.659 100.132 -0.16610 0.92946 1.167 -0.15493 19.0000 46.95 0.9112 0.9123 1.650039 
750.9662 49.691 100.223 -0.16758 0.92929 1.171 -0.15603 19.0000 46.79 0.9119 0.9129 1.650996 
750.5306 49.731 100.322 -0.16913 0.92862 1.165 -0.15730 19.0000 46.71 0.9120 0.9131 1.651954 
750.0948 49.771 100.400 -0.17031 0.92795 1.170 -0.15861 19.0000 46.70 0.9118 0.9128 1.652914 
749.6589 49.793 100.506 -0.17209 0.92795 1.189 -0.15940 19.0000 46.81 0.9121 0.9131 1.653875 
749.2230 49.822 100.607 -0.17368 0.92747 1.167 -0.16036 19.0000 46.91 0.9122 0.9132 1.654837 
748.7869 49.853 100.704 -0.17522 0.92691 1.171 -0.16134 19.0000 47.32 0.9121 0.9131 1.655801 
748.3508 49.875 100.790 -0.17671 0.92719 1.163 -0.16219 19.0000 46.85 0.9126 0.9136 1.656766 
747.9146 49.886 100.898 -0.17860 0.92762 1.173 -0.16269 19.0000 46.82 0.9134 0.9144 1.657732 
747.4782 49.918 101.013 -0.18042 0.92709 1.168 -0.16375 19.0000 46.03 0.9137 0.9148 1.658700 
747.0417 49.936 101.111 -0.18210 0.92722 1.162 -0.16443 19.0000 46.64 0.9140 0.9151 1.659669 
746.6052 49.963 101.206 -0.18363 0.92689 1.151 -0.16535 19.0000 46.83 0.9140 0.9151 1.660639 
746.1686 49.991 101.284 -0.18496 0.92701 1.151 -0.16637 19.0000 47.18 0.9145 0.9155 1.661611 
745.7319 50.020 101.362 -0.18630 0.92710 1.155 -0.16743 19.0000 46.70 0.9148 0.9159 1.662584 
745.2950 50.046 101.455 -0.18790 0.92728 1.154 -0.16838 19.0000 46.70 0.9154 0.9164 1.663559 
744.8582 50.082 101.540 -0.18925 0.92694 1.149 -0.16963 19.0000 47.05 0.9156 0.9166 1.664534 
744.4211 50.101 101.646 -0.19103 0.92688 1.148 -0.17033 19.0000 46.78 0.9158 0.9168 1.665512 
743.9841 50.107 101.753 -0.19296 0.92743 1.144 -0.17068 19.0000 46.91 0.9164 0.9174 1.666490 
743.5468 50.145 101.835 -0.19425 0.92700 1.162 -0.17197 19.0000 46.61 0.9165 0.9175 1.667470 
743.1096 50.174 101.942 -0.19599 0.92666 1.153 -0.17295 19.0000 46.85 0.9168 0.9178 1.668451 
742.6722 50.202 102.062 -0.19792 0.92618 1.151 -0.17389 19.0000 46.41 0.9173 0.9183 1.669434 
742.2347 50.235 102.171 -0.19958 0.92542 1.147 -0.17496 19.0000 47.00 0.9171 0.9181 1.670418 
741.7971 50.269 102.256 -0.20090 0.92481 1.151 -0.17605 19.0000 47.33 0.9170 0.9180 1.671403 
741.3594 50.301 102.358 -0.20247 0.92413 1.140 -0.17709 19.0000 46.34 0.9169 0.9179 1.672390 
740.9216 50.323 102.473 -0.20435 0.92381 1.146 -0.17785 19.0000 47.41 0.9171 0.9181 1.673378 
740.4838 50.353 102.584 -0.20612 0.92333 1.135 -0.17886 19.0000 47.19 0.9172 0.9181 1.674367 
740.0458 50.377 102.707 -0.20807 0.92276 1.131 -0.17967 19.0000 47.47 0.9172 0.9182 1.675358 
739.6077 50.397 102.826 -0.20998 0.92230 1.142 -0.18035 19.0000 47.56 0.9174 0.9183 1.676351 
739.1696 50.418 102.922 -0.21160 0.92228 1.129 -0.18111 19.0000 47.15 0.9176 0.9186 1.677344 
738.7313 50.444 103.036 -0.21344 0.92185 1.132 -0.18200 19.0000 47.35 0.9178 0.9187 1.678339 
738.2930 50.477 103.137 -0.21499 0.92116 1.137 -0.18308 19.0000 47.52 0.9178 0.9188 1.679336 
737.8545 50.502 103.246 -0.21673 0.92069 1.118 -0.18391 19.0000 47.09 0.9179 0.9189 1.680334 
737.4160 50.528 103.350 -0.21845 0.92052 1.132 -0.18487 19.0000 47.11 0.9183 0.9192 1.681333 
736.9773 50.571 103.464 -0.22010 0.91933 1.131 -0.18618 19.0000 46.79 0.9182 0.9191 1.682334 
736.5386 50.603 103.578 -0.22184 0.91853 1.129 -0.18722 19.0000 46.68 0.9180 0.9189 1.683336 
736.0997 50.638 103.693 -0.22359 0.91769 1.129 -0.18833 19.0000 48.20 0.9180 0.9189 1.684340 
735.6608 50.669 103.809 -0.22543 0.91715 1.137 -0.18936 19.0000 47.30 0.9181 0.9190 1.685344 
735.2218 50.696 103.923 -0.22723 0.91665 1.131 -0.19027 19.0000 47.00 0.9182 0.9192 1.686351 
734.7827 50.731 104.056 -0.22918 0.91536 1.117 -0.19133 19.0000 46.80 0.9179 0.9188 1.687359 
734.3434 50.755 104.159 -0.23083 0.91494 1.133 -0.19216 19.0000 47.54 0.9178 0.9187 1.688368 
733.9041 50.783 104.262 -0.23250 0.91463 1.131 -0.19314 19.0000 47.60 0.9180 0.9189 1.689379 
733.4647 50.809 104.383 -0.23435 0.91382 1.114 -0.19396 19.0000 48.00 0.9178 0.9187 1.690391 
733.0252 50.841 104.507 -0.23621 0.91287 1.113 -0.19496 19.0000 47.58 0.9179 0.9188 1.691404 
732.5856 50.862 104.598 -0.23781 0.91309 1.113 -0.19582 19.0000 47.28 0.9182 0.9192 1.692419 
732.1459 50.894 104.719 -0.23963 0.91216 1.113 -0.19683 19.0000 47.19 0.9182 0.9191 1.693436 
731.7061 50.935 104.836 -0.24123 0.91071 1.110 -0.19802 19.0000 47.56 0.9177 0.9186 1.694453 
731.2662 50.958 104.964 -0.24328 0.91024 1.121 -0.19882 19.0000 47.28 0.9179 0.9188 1.695473 
730.8262 50.986 105.083 -0.24511 0.90947 1.118 -0.19974 19.0000 47.33 0.9179 0.9188 1.696494 
730.3861 51.026 105.219 -0.24702 0.90801 1.113 -0.20091 19.0000 47.42 0.9177 0.9186 1.697516 
729.9459 51.063 105.329 -0.24866 0.90716 1.119 -0.20211 19.0000 47.72 0.9177 0.9186 1.698539 
729.5057 51.110 105.443 -0.25023 0.90578 1.124 -0.20352 19.0000 47.07 0.9177 0.9186 1.699564 
729.0653 51.146 105.538 -0.25170 0.90523 1.114 -0.20474 19.0000 46.89 0.9180 0.9188 1.700591 
728.6248 51.174 105.664 -0.25355 0.90424 1.104 -0.20557 19.0000 46.63 0.9177 0.9186 1.701619 
728.1843 51.200 105.789 -0.25544 0.90338 1.110 -0.20641 19.0000 47.05 0.9176 0.9185 1.702648 
727.7436 51.236 105.913 -0.25728 0.90238 1.103 -0.20755 19.0000 46.75 0.9178 0.9187 1.703680 
727.3028 51.268 106.041 -0.25915 0.90132 1.103 -0.20854 19.0000 46.67 0.9178 0.9187 1.704712 
726.8619 51.302 106.140 -0.26066 0.90069 1.105 -0.20966 19.0000 47.03 0.9179 0.9188 1.705746 
726.4210 51.333 106.267 -0.26251 0.89963 1.113 -0.21063 19.0000 47.09 0.9177 0.9186 1.706781 
725.9799 51.366 106.383 -0.26428 0.89892 1.106 -0.21172 19.0000 46.74 0.9180 0.9188 1.707818 
725.5388 51.418 106.488 -0.26566 0.89756 1.114 -0.21330 19.0000 46.43 0.9179 0.9188 1.708857 
725.0975 51.465 106.586 -0.26706 0.89662 1.109 -0.21479 19.0000 47.14 0.9182 0.9191 1.709897 
724.6561 51.505 106.705 -0.26879 0.89565 1.103 -0.21607 19.0000 46.06 0.9185 0.9194 1.710938 
724.2147 51.543 106.833 -0.27058 0.89434 1.102 -0.21719 19.0000 46.60 0.9184 0.9193 1.711981 
723.7732 51.581 106.964 -0.27242 0.89308 1.096 -0.21834 19.0000 46.42 0.9184 0.9192 1.713025 
723.3315 51.623 107.095 -0.27425 0.89177 1.089 -0.21961 19.0000 45.92 0.9184 0.9193 1.714072 
722.8898 51.658 107.200 -0.27584 0.89110 1.098 -0.22079 19.0000 46.83 0.9186 0.9195 1.715119 
722.4479 51.698 107.321 -0.27754 0.88994 1.091 -0.22203 19.0000 46.55 0.9187 0.9196 1.716168 
722.0060 51.734 107.441 -0.27927 0.88895 1.097 -0.22315 19.0000 46.59 0.9187 0.9196 1.717218 
721.5640 51.780 107.539 -0.28071 0.88820 1.086 -0.22466 19.0000 46.09 0.9192 0.9201 1.718270 
721.1218 51.815 107.667 -0.28262 0.88733 1.093 -0.22580 19.0000 46.16 0.9195 0.9203 1.719324 
720.6796 51.848 107.796 -0.28453 0.88643 1.098 -0.22689 19.0000 46.54 0.9196 0.9205 1.720379 
720.2373 51.891 107.920 -0.28625 0.88520 1.095 -0.22821 19.0000 46.65 0.9198 0.9207 1.721435 
719.7949 51.925 108.061 -0.28828 0.88401 1.086 -0.22923 19.0000 46.36 0.9198 0.9207 1.722493 
719.3524 51.960 108.181 -0.29007 0.88324 1.086 -0.23042 19.0000 46.16 0.9203 0.9212 1.723553 
718.9097 51.997 108.309 -0.29190 0.88217 1.091 -0.23159 19.0000 46.24 0.9203 0.9212 1.724614 
718.4670 52.036 108.432 -0.29362 0.88102 1.087 -0.23277 19.0000 46.46 0.9205 0.9214 1.725677 
718.0242 52.075 108.537 -0.29526 0.88053 1.084 -0.23415 19.0000 46.62 0.9210 0.9219 1.726741 
717.5813 52.124 108.658 -0.29689 0.87922 1.088 -0.23564 19.0000 46.50 0.9212 0.9221 1.727807 
717.1383 52.170 108.781 -0.29858 0.87803 1.084 -0.23709 19.0000 45.67 0.9214 0.9223 1.728874 
716.6952 52.209 108.900 -0.30029 0.87708 1.085 -0.23835 19.0000 46.09 0.9216 0.9225 1.729943 
716.2520 52.252 109.024 -0.30206 0.87604 1.086 -0.23972 19.0000 46.50 0.9219 0.9228 1.731013 
715.8087 52.295 109.127 -0.30351 0.87515 1.088 -0.24112 19.0000 46.40 0.9220 0.9229 1.732086 
715.3653 52.335 109.242 -0.30519 0.87432 1.087 -0.24243 19.0000 46.37 0.9225 0.9234 1.733159 
714.9218 52.374 109.382 -0.30716 0.87312 1.086 -0.24365 19.0000 46.23 0.9226 0.9235 1.734234 
714.4782 52.415 109.505 -0.30894 0.87217 1.078 -0.24497 19.0000 46.14 0.9229 0.9238 1.735311 
714.0345 52.458 109.610 -0.31043 0.87133 1.084 -0.24638 19.0000 46.06 0.9231 0.9240 1.736389 
713.5907 52.492 109.736 -0.31234 0.87063 1.087 -0.24755 19.0000 46.14 0.9236 0.9246 1.737469 
713.1469 52.546 109.852 -0.31381 0.86917 1.074 -0.24919 19.0000 45.48 0.9236 0.9245 1.738550 
712.7028 52.590 109.970 -0.31544 0.86805 1.082 -0.25060 19.0000 45.69 0.9238 0.9247 1.739634 
712.2588 52.631 110.086 -0.31718 0.86737 1.086 -0.25199 19.0000 46.42 0.9244 0.9253 1.740718 
711.8146 52.675 110.210 -0.31894 0.86640 1.071 -0.25344 19.0000 45.70 0.9248 0.9258 1.741805 
711.3703 52.722 110.327 -0.32059 0.86538 1.082 -0.25498 19.0000 46.12 0.9252 0.9261 1.742892 
710.9259 52.766 110.437 -0.32219 0.86464 1.074 -0.25644 19.0000 45.63 0.9256 0.9265 1.743982 
710.4814 52.805 110.563 -0.32400 0.86370 1.070 -0.25773 19.0000 45.70 0.9258 0.9268 1.745073 
710.0369 52.847 110.689 -0.32585 0.86284 1.073 -0.25915 19.0000 45.60 0.9262 0.9271 1.746165 
709.5922 52.887 110.813 -0.32763 0.86192 1.083 -0.26046 19.0000 45.19 0.9265 0.9274 1.747260 
709.1474 52.929 110.946 -0.32959 0.86101 1.078 -0.26189 19.0000 45.75 0.9270 0.9279 1.748356 
708.7026 52.971 111.083 -0.33151 0.85989 1.077 -0.26325 19.0000 46.03 0.9272 0.9282 1.749453 
708.2576 53.019 111.217 -0.33336 0.85870 1.074 -0.26481 19.0000 45.73 0.9276 0.9286 1.750552 
707.8125 53.059 111.355 -0.33536 0.85772 1.074 -0.26615 19.0000 45.09 0.9279 0.9289 1.751653 
707.3674 53.116 111.477 -0.33694 0.85636 1.077 -0.26791 19.0000 45.44 0.9282 0.9291 1.752755 
706.9221 53.160 111.615 -0.33890 0.85531 1.073 -0.26938 19.0000 45.73 0.9286 0.9296 1.753859 
706.4767 53.211 111.741 -0.34062 0.85414 1.073 -0.27103 19.0000 45.68 0.9290 0.9299 1.754965 
706.0313 53.257 111.861 -0.34228 0.85312 1.075 -0.27254 19.0000 45.72 0.9291 0.9301 1.756072 
705.5857 53.303 111.999 -0.34425 0.85208 1.070 -0.27406 19.0000 45.76 0.9296 0.9306 1.757181 
705.1401 53.342 112.139 -0.34632 0.85122 1.070 -0.27542 19.0000 45.14 0.9300 0.9309 1.758292 
704.6943 53.385 112.281 -0.34836 0.85019 1.070 -0.27686 19.0000 45.02 0.9304 0.9314 1.759404 
704.2484 53.429 112.418 -0.35025 0.84900 1.070 -0.27831 19.0000 44.79 0.9305 0.9315 1.760518 
703.8025 53.473 112.560 -0.35220 0.84778 1.077 -0.27974 19.0000 44.84 0.9306 0.9316 1.761633 
703.3564 53.515 112.682 -0.35397 0.84694 1.074 -0.28116 19.0000 44.51 0.9308 0.9318 1.762751 
702.9103 53.557 112.822 -0.35603 0.84607 1.067 -0.28264 19.0000 45.55 0.9313 0.9322 1.763869 
702.4641 53.606 112.952 -0.35785 0.84500 1.075 -0.28428 19.0000 45.54 0.9316 0.9326 1.764990 
702.0177 53.647 113.092 -0.35992 0.84412 1.072 -0.28571 19.0000 45.14 0.9319 0.9329 1.766112 
701.5712 53.690 113.229 -0.36188 0.84315 1.069 -0.28719 19.0000 45.39 0.9322 0.9331 1.767236 
701.1247 53.730 113.374 -0.36402 0.84224 1.075 -0.28860 19.0000 45.07 0.9325 0.9335 1.768361 
700.6780 53.776 113.525 -0.36612 0.84102 1.076 -0.29014 19.0000 44.73 0.9329 0.9338 1.769489 
700.2313 53.816 113.673 -0.36830 0.84008 1.077 -0.29153 19.0000 44.81 0.9332 0.9342 1.770618 
699.7844 53.853 113.819 -0.37047 0.83923 1.078 -0.29286 19.0000 44.26 0.9336 0.9346 1.771748 
699.3375 53.896 113.970 -0.37263 0.83812 1.069 -0.29436 19.0000 44.48 0.9340 0.9349 1.772881 
698.8904 53.939 114.111 -0.37466 0.83713 1.071 -0.29585 19.0000 44.77 0.9343 0.9352 1.774015 
698.4433 53.987 114.260 -0.37671 0.83590 1.071 -0.29743 19.0000 44.67 0.9346 0.9356 1.775150 
697.9961 54.030 114.391 -0.37862 0.83503 1.070 -0.29898 19.0000 44.29 0.9352 0.9362 1.776288 
697.5488 54.082 114.538 -0.38058 0.83365 1.078 -0.30065 19.0000 44.38 0.9356 0.9365 1.777427 
697.1013 54.127 114.686 -0.38258 0.83233 1.078 -0.30213 19.0000 44.33 0.9357 0.9366 1.778568 
696.6537 54.171 114.839 -0.38473 0.83113 1.078 -0.30363 19.0000 44.25 0.9359 0.9368 1.779711 
696.2061 54.213 114.989 -0.38691 0.83014 1.071 -0.30513 19.0000 43.80 0.9362 0.9371 1.780855 
695.7584 54.262 115.146 -0.38904 0.82877 1.074 -0.30676 19.0000 43.96 0.9366 0.9374 1.782001 
695.3105 54.314 115.294 -0.39100 0.82739 1.074 -0.30847 19.0000 44.63 0.9368 0.9377 1.783149 
694.8626 54.362 115.446 -0.39307 0.82612 1.076 -0.31009 19.0000 44.26 0.9374 0.9383 1.784298 
694.4146 54.409 115.600 -0.39518 0.82478 1.069 -0.31165 19.0000 44.25 0.9377 0.9386 1.785449 
693.9664 54.457 115.762 -0.39740 0.82346 1.075 -0.31329 19.0000 43.53 0.9381 0.9390 1.786602 
693.5182 54.496 115.909 -0.39963 0.82265 1.073 -0.31477 19.0000 43.43 0.9386 0.9395 1.787757 
693.0699 54.544 116.072 -0.40187 0.82132 1.081 -0.31642 19.0000 43.47 0.9390 0.9399 1.788913 
692.6215 54.586 116.237 -0.40420 0.82011 1.074 -0.31788 19.0000 43.53 0.9394 0.9403 1.790071 
692.1729 54.633 116.399 -0.40638 0.81867 1.077 -0.31948 19.0000 43.54 0.9396 0.9404 1.791231 
691.7243 54.682 116.559 -0.40852 0.81726 1.073 -0.32109 19.0000 43.83 0.9400 0.9408 1.792393 
691.2756 54.736 116.721 -0.41064 0.81571 1.070 -0.32290 19.0000 43.47 0.9404 0.9412 1.793557 
690.8267 54.786 116.888 -0.41280 0.81408 1.081 -0.32451 19.0000 43.11 0.9407 0.9415 1.794722 
690.3778 54.835 117.046 -0.41493 0.81271 1.074 -0.32618 19.0000 42.82 0.9411 0.9419 1.795889 
689.9288 54.881 117.216 -0.41723 0.81128 1.083 -0.32775 19.0000 42.64 0.9415 0.9423 1.797058 
689.4797 54.932 117.379 -0.41936 0.80974 1.078 -0.32946 19.0000 42.74 0.9420 0.9428 1.798228 
689.0304 54.987 117.547 -0.42142 0.80794 1.083 -0.33119 19.0000 42.10 0.9422 0.9430 1.799401 
688.5811 55.034 117.715 -0.42367 0.80644 1.073 -0.33279 19.0000 43.14 0.9426 0.9434 1.800575 
688.1317 55.080 117.886 -0.42590 0.80488 1.074 -0.33431 19.0000 42.59 0.9428 0.9436 1.801751 
687.6821 55.125 118.061 -0.42820 0.80327 1.075 -0.33582 19.0000 42.86 0.9431 0.9439 1.802929 
687.2325 55.177 118.222 -0.43024 0.80166 1.083 -0.33754 19.0000 42.83 0.9435 0.9443 1.804108 
686.7828 55.228 118.398 -0.43250 0.79996 1.087 -0.33921 19.0000 42.42 0.9437 0.9445 1.805290 
686.3329 55.276 118.575 -0.43480 0.79831 1.083 -0.34081 19.0000 42.23 0.9439 0.9447 1.806473 
685.8830 55.325 118.758 -0.43716 0.79656 1.082 -0.34244 19.0000 41.94 0.9442 0.9449 1.807658 
685.4330 55.378 118.935 -0.43944 0.79488 1.081 -0.34424 19.0000 42.20 0.9446 0.9454 1.808845 
684.9828 55.429 119.112 -0.44170 0.79321 1.083 -0.34593 19.0000 42.23 0.9451 0.9458 1.810034 
684.5327 55.479 119.300 -0.44403 0.79125 1.080 -0.34753 19.0000 42.25 0.9452 0.9459 1.811224 
684.0823 55.532 119.486 -0.44630 0.78930 1.087 -0.34921 19.0000 41.69 0.9453 0.9460 1.812416 
683.6319 55.583 119.670 -0.44858 0.78741 1.088 -0.35087 19.0000 41.87 0.9455 0.9463 1.813610 
683.1813 55.633 119.854 -0.45084 0.78549 1.093 -0.35248 19.0000 41.51 0.9456 0.9463 1.814807 
682.7307 55.685 120.023 -0.45295 0.78380 1.089 -0.35422 19.0000 41.56 0.9460 0.9467 1.816004 
682.2800 55.743 120.211 -0.45510 0.78159 1.086 -0.35603 19.0000 41.65 0.9461 0.9468 1.817204 
681.8292 55.802 120.394 -0.45721 0.77950 1.086 -0.35786 19.0000 41.03 0.9465 0.9472 1.818405 
681.3782 55.860 120.577 -0.45931 0.77735 1.090 -0.35968 19.0000 41.32 0.9468 0.9475 1.819609 
680.9272 55.911 120.765 -0.46153 0.77530 1.095 -0.36129 19.0000 41.00 0.9470 0.9477 1.820814 
680.4761 55.968 120.952 -0.46367 0.77315 1.092 -0.36307 19.0000 41.18 0.9471 0.9478 1.822021 
680.0248 56.025 121.144 -0.46582 0.77088 1.099 -0.36480 19.0000 40.80 0.9472 0.9479 1.823230 
679.5735 56.076 121.334 -0.46812 0.76889 1.096 -0.36648 19.0000 40.86 0.9475 0.9482 1.824441 
679.1221 56.138 121.527 -0.47015 0.76641 1.093 -0.36833 19.0000 40.68 0.9477 0.9484 1.825654 
678.6705 56.194 121.725 -0.47240 0.76413 1.100 -0.37007 19.0000 41.12 0.9479 0.9486 1.826869 
678.2189 56.248 121.923 -0.47469 0.76195 1.098 -0.37177 19.0000 41.16 0.9480 0.9486 1.828085 
677.7672 56.301 122.107 -0.47683 0.75993 1.102 -0.37347 19.0000 40.43 0.9483 0.9489 1.829303 
677.3154 56.358 122.303 -0.47897 0.75756 1.104 -0.37521 19.0000 40.19 0.9484 0.9491 1.830524 
676.8634 56.410 122.503 -0.48130 0.75541 1.108 -0.37688 19.0000 40.66 0.9488 0.9495 1.831746 
676.4114 56.469 122.703 -0.48342 0.75291 1.107 -0.37867 19.0000 40.48 0.9489 0.9496 1.832970 
675.9592 56.520 122.902 -0.48566 0.75065 1.108 -0.38026 19.0000 40.52 0.9491 0.9498 1.834196 
675.5070 56.575 123.100 -0.48785 0.74834 1.109 -0.38196 19.0000 40.22 0.9494 0.9500 1.835424 
675.0547 56.631 123.308 -0.49007 0.74583 1.115 -0.38364 19.0000 39.89 0.9495 0.9502 1.836654 
674.6022 56.690 123.510 -0.49218 0.74331 1.114 -0.38540 19.0000 39.88 0.9496 0.9503 1.837886 
674.1497 56.745 123.714 -0.49439 0.74091 1.115 -0.38710 19.0000 40.11 0.9499 0.9505 1.839120 
673.6971 56.802 123.921 -0.49654 0.73834 1.117 -0.38881 19.0000 39.52 0.9500 0.9506 1.840355 
673.2443 56.855 124.132 -0.49887 0.73595 1.116 -0.39047 19.0000 39.86 0.9503 0.9509 1.841593 
672.7915 56.912 124.342 -0.50105 0.73334 1.118 -0.39218 19.0000 39.93 0.9506 0.9512 1.842832 
672.3386 56.968 124.554 -0.50326 0.73076 1.122 -0.39387 19.0000 39.85 0.9509 0.9515 1.844074 
671.8855 57.024 124.764 -0.50540 0.72815 1.121 -0.39554 19.0000 39.27 0.9511 0.9517 1.845317 
671.4324 57.080 124.975 -0.50758 0.72557 1.127 -0.39722 19.0000 39.12 0.9514 0.9520 1.846563 
670.9791 57.133 125.189 -0.50990 0.72311 1.124 -0.39889 19.0000 39.51 0.9515 0.9521 1.847810 
670.5258 57.193 125.403 -0.51203 0.72042 1.133 -0.40066 19.0000 39.23 0.9517 0.9523 1.849059 
670.0723 57.246 125.616 -0.51429 0.71792 1.132 -0.40231 19.0000 39.43 0.9520 0.9526 1.850311 
669.6188 57.305 125.836 -0.51644 0.71512 1.132 -0.40406 19.0000 38.84 0.9523 0.9529 1.851564 
669.1651 57.362 126.055 -0.51861 0.71236 1.141 -0.40572 19.0000 39.26 0.9525 0.9531 1.852819 
668.7114 57.417 126.278 -0.52088 0.70967 1.145 -0.40739 19.0000 38.93 0.9528 0.9534 1.854076 
668.2575 57.466 126.506 -0.52332 0.70708 1.137 -0.40893 19.0000 38.89 0.9529 0.9535 1.855336 
667.8035 57.519 126.727 -0.52564 0.70449 1.143 -0.41059 19.0000 38.83 0.9531 0.9537 1.856597 
667.3495 57.575 126.949 -0.52782 0.70174 1.145 -0.41227 19.0000 38.73 0.9532 0.9538 1.857860 
666.8953 57.628 127.179 -0.53017 0.69902 1.153 -0.41388 19.0000 38.73 0.9535 0.9541 1.859125 
666.4411 57.681 127.404 -0.53246 0.69633 1.146 -0.41551 19.0000 37.90 0.9537 0.9543 1.860392 
665.9868 57.732 127.634 -0.53482 0.69361 1.146 -0.41708 19.0000 38.28 0.9540 0.9546 1.861661 
665.5323 57.782 127.861 -0.53713 0.69094 1.154 -0.41864 19.0000 38.55 0.9543 0.9549 1.862933 
665.0777 57.833 128.091 -0.53945 0.68821 1.157 -0.42022 19.0000 37.89 0.9545 0.9552 1.864206 
664.6230 57.888 128.323 -0.54168 0.68533 1.156 -0.42184 19.0000 38.10 0.9549 0.9555 1.865482 
664.1683 57.942 128.556 -0.54397 0.68249 1.160 -0.42347 19.0000 38.01 0.9552 0.9559 1.866759 
663.7134 57.992 128.792 -0.54633 0.67970 1.160 -0.42502 19.0000 37.81 0.9556 0.9562 1.868038 
663.2584 58.042 129.030 -0.54865 0.67679 1.160 -0.42653 19.0000 38.03 0.9558 0.9564 1.869319 
662.8034 58.093 129.273 -0.55102 0.67385 1.162 -0.42804 19.0000 36.90 0.9559 0.9565 1.870603 
662.3482 58.142 129.516 -0.55337 0.67091 1.164 -0.42952 19.0000 37.47 0.9562 0.9568 1.871888 
661.8929 58.193 129.753 -0.55564 0.66801 1.173 -0.43106 19.0000 37.66 0.9564 0.9570 1.873176 
661.4376 58.244 129.992 -0.55789 0.66505 1.174 -0.43259 19.0000 37.27 0.9567 0.9573 1.874465 
660.9821 58.294 130.234 -0.56019 0.66210 1.176 -0.43408 19.0000 37.28 0.9568 0.9574 1.875757 
660.5265 58.342 130.479 -0.56258 0.65919 1.183 -0.43556 19.0000 36.58 0.9569 0.9576 1.877051 
660.0708 58.391 130.725 -0.56490 0.65619 1.182 -0.43704 19.0000 37.35 0.9571 0.9577 1.878347 
659.6151 58.438 130.966 -0.56726 0.65334 1.184 -0.43851 19.0000 37.14 0.9574 0.9581 1.879644 
659.1592 58.491 131.212 -0.56951 0.65028 1.187 -0.44008 19.0000 36.88 0.9577 0.9583 1.880945 
658.7032 58.538 131.462 -0.57185 0.64722 1.185 -0.44149 19.0000 36.54 0.9579 0.9586 1.882247 
658.2471 58.581 131.712 -0.57423 0.64424 1.195 -0.44280 19.0000 36.94 0.9582 0.9588 1.883551 
657.7909 58.626 131.961 -0.57656 0.64120 1.197 -0.44417 19.0000 36.82 0.9584 0.9590 1.884857 
657.3346 58.671 132.215 -0.57897 0.63818 1.203 -0.44554 19.0000 36.54 0.9585 0.9591 1.886166 
656.8782 58.717 132.475 -0.58141 0.63505 1.210 -0.44695 19.0000 36.38 0.9587 0.9593 1.887476 
656.4218 58.764 132.731 -0.58373 0.63191 1.208 -0.44834 19.0000 36.32 0.9587 0.9594 1.888788 
655.9651 58.810 132.992 -0.58606 0.62865 1.215 -0.44971 19.0000 36.29 0.9589 0.9595 1.890103 
655.5084 58.857 133.249 -0.58836 0.62547 1.213 -0.45109 19.0000 35.70 0.9591 0.9598 1.891420 
655.0516 58.905 133.511 -0.59060 0.62213 1.225 -0.45246 19.0000 35.72 0.9593 0.9600 1.892739 
654.5947 58.947 133.775 -0.59300 0.61892 1.225 -0.45371 19.0000 36.01 0.9595 0.9602 1.894060 
654.1377 58.987 134.039 -0.59548 0.61580 1.224 -0.45498 19.0000 35.70 0.9597 0.9604 1.895384 
653.6806 59.029 134.302 -0.59780 0.61254 1.233 -0.45622 19.0000 35.85 0.9597 0.9604 1.896709 
653.2234 59.075 134.566 -0.60011 0.60927 1.237 -0.45758 19.0000 36.01 0.9598 0.9605 1.898037 
652.7661 59.117 134.836 -0.60252 0.60597 1.236 -0.45886 19.0000 35.57 0.9600 0.9607 1.899366 
652.3087 59.163 135.107 -0.60478 0.60253 1.241 -0.46018 19.0000 35.44 0.9601 0.9608 1.900698 
651.8511 59.207 135.379 -0.60713 0.59915 1.249 -0.46146 19.0000 35.14 0.9602 0.9609 1.902032 
651.3936 59.243 135.651 -0.60966 0.59596 1.258 -0.46262 19.0000 34.97 0.9604 0.9611 1.903368 
650.9358 59.284 135.929 -0.61209 0.59257 1.262 -0.46388 19.0000 35.66 0.9606 0.9613 1.904707 
650.4780 59.324 136.207 -0.61461 0.58925 1.256 -0.46516 19.0000 34.99 0.9608 0.9615 1.906047 
650.0201 59.368 136.485 -0.61702 0.58585 1.262 -0.46652 19.0000 34.87 0.9611 0.9618 1.907390 
649.5620 59.411 136.765 -0.61942 0.58238 1.265 -0.46785 19.0000 35.08 0.9613 0.9620 1.908735 
649.1039 59.458 137.047 -0.62172 0.57880 1.279 -0.46921 19.0000 34.57 0.9615 0.9622 1.910082 
648.6457 59.502 137.324 -0.62392 0.57526 1.277 -0.47049 19.0000 34.27 0.9618 0.9625 1.911432 
648.1873 59.547 137.606 -0.62622 0.57170 1.285 -0.47185 19.0000 34.68 0.9620 0.9627 1.912783 
647.7289 59.583 137.886 -0.62867 0.56832 1.297 -0.47298 19.0000 34.74 0.9622 0.9630 1.914137 
647.2703 59.625 138.172 -0.63101 0.56474 1.293 -0.47425 19.0000 34.55 0.9624 0.9632 1.915493 
646.8117 59.665 138.452 -0.63330 0.56124 1.295 -0.47546 19.0000 34.20 0.9626 0.9633 1.916851 
646.3530 59.710 138.742 -0.63551 0.55749 1.298 -0.47675 19.0000 33.55 0.9628 0.9635 1.918212 
645.8941 59.753 139.029 -0.63773 0.55380 1.313 -0.47800 19.0000 34.58 0.9629 0.9637 1.919575 
645.4351 59.794 139.319 -0.64004 0.55015 1.318 -0.47922 19.0000 33.99 0.9632 0.9639 1.920940 
644.9761 59.834 139.617 -0.64248 0.54645 1.321 -0.48045 19.0000 34.00 0.9634 0.9641 1.922307 
644.5169 59.872 139.906 -0.64476 0.54283 1.324 -0.48162 19.0000 33.98 0.9637 0.9644 1.923676 
644.0577 59.911 140.193 -0.64707 0.53925 1.324 -0.48283 19.0000 33.65 0.9638 0.9646 1.925048 
643.5983 59.946 140.485 -0.64947 0.53567 1.338 -0.48393 19.0000 33.57 0.9640 0.9648 1.926422 
643.1389 59.984 140.782 -0.65180 0.53193 1.343 -0.48509 19.0000 33.72 0.9643 0.9650 1.927798 
642.6793 60.019 141.083 -0.65417 0.52818 1.349 -0.48617 19.0000 33.84 0.9645 0.9652 1.929177 
642.2196 60.057 141.376 -0.65641 0.52445 1.348 -0.48730 19.0000 33.07 0.9647 0.9654 1.930558 
641.7598 60.097 141.683 -0.65871 0.52054 1.355 -0.48851 19.0000 32.81 0.9649 0.9656 1.931941 
641.2999 60.133 141.982 -0.66106 0.51680 1.362 -0.48967 19.0000 32.89 0.9652 0.9659 1.933326 
640.8400 60.174 142.288 -0.66335 0.51292 1.362 -0.49093 19.0000 32.81 0.9654 0.9662 1.934714 
640.3799 60.208 142.597 -0.66570 0.50902 1.373 -0.49199 19.0000 32.87 0.9657 0.9664 1.936104 
639.9197 60.245 142.901 -0.66803 0.50521 1.388 -0.49316 19.0000 33.31 0.9661 0.9668 1.937496 
639.4594 60.279 143.211 -0.67035 0.50129 1.392 -0.49421 19.0000 33.27 0.9663 0.9670 1.938891 
638.9990 60.321 143.519 -0.67240 0.49721 1.395 -0.49538 19.0000 33.35 0.9664 0.9672 1.940288 
638.5385 60.355 143.829 -0.67464 0.49323 1.401 -0.49642 19.0000 33.41 0.9667 0.9675 1.941687 
638.0779 60.396 144.140 -0.67666 0.48911 1.401 -0.49755 19.0000 33.50 0.9669 0.9676 1.943089 
637.6172 60.432 144.451 -0.67878 0.48504 1.402 -0.49860 19.0000 32.96 0.9671 0.9678 1.944493 
637.1564 60.466 144.774 -0.68112 0.48094 1.412 -0.49967 19.0000 33.11 0.9675 0.9682 1.945899 
636.6954 60.499 145.096 -0.68341 0.47683 1.426 -0.50067 19.0000 33.31 0.9678 0.9685 1.947308 
636.2344 60.532 145.407 -0.68562 0.47285 1.426 -0.50171 19.0000 33.06 0.9681 0.9688 1.948719 
635.7733 60.571 145.720 -0.68758 0.46869 1.428 -0.50280 19.0000 32.93 0.9682 0.9690 1.950132 
635.3121 60.604 146.038 -0.68966 0.46452 1.435 -0.50375 19.0000 32.45 0.9683 0.9691 1.951548 
634.8508 60.630 146.364 -0.69210 0.46046 1.439 -0.50463 19.0000 32.63 0.9687 0.9694 1.952966 
634.3893 60.666 146.680 -0.69415 0.45633 1.452 -0.50570 19.0000 32.45 0.9687 0.9694 1.954387 
633.9278 60.691 147.006 -0.69670 0.45234 1.457 -0.50666 19.0000 32.69 0.9690 0.9697 1.955809 
633.4662 60.722 147.337 -0.69908 0.44815 1.472 -0.50776 19.0000 32.45 0.9694 0.9701 1.957235 
633.0044 60.753 147.668 -0.70129 0.44389 1.471 -0.50873 19.0000 32.39 0.9697 0.9704 1.958662 
632.5425 60.786 148.001 -0.70338 0.43950 1.476 -0.50969 19.0000 32.30 0.9697 0.9705 1.960093 
632.0806 60.817 148.339 -0.70553 0.43508 1.488 -0.51061 19.0000 32.42 0.9701 0.9708 1.961525 
631.6186 60.851 148.668 -0.70733 0.43061 1.487 -0.51146 19.0000 31.74 0.9698 0.9705 1.962960 
631.1564 60.885 149.009 -0.70933 0.42605 1.507 -0.51242 19.0000 32.19 0.9701 0.9708 1.964397 
630.6942 60.926 149.328 -0.71077 0.42156 1.499 -0.51342 19.0000 32.22 0.9703 0.9710 1.965837 
630.2318 60.949 149.666 -0.71288 0.41715 1.514 -0.51409 19.0000 32.15 0.9708 0.9715 1.967279 
629.7693 60.974 150.008 -0.71470 0.41249 1.519 -0.51461 19.0000 31.80 0.9711 0.9717 1.968724 
629.3068 60.988 150.357 -0.71730 0.40819 1.525 -0.51524 19.0000 32.14 0.9716 0.9723 1.970171 
628.8441 61.018 150.694 -0.71898 0.40357 1.526 -0.51594 19.0000 31.51 0.9717 0.9724 1.971620 
628.3813 61.042 151.045 -0.72139 0.39914 1.539 -0.51685 19.0000 31.74 0.9722 0.9729 1.973073 
627.9184 61.062 151.398 -0.72375 0.39463 1.547 -0.51761 19.0000 31.60 0.9729 0.9736 1.974527 
627.4554 61.084 151.766 -0.72620 0.38994 1.550 -0.51842 19.0000 31.49 0.9732 0.9739 1.975984 
626.9923 61.104 152.107 -0.72821 0.38545 1.556 -0.51901 19.0000 31.58 0.9731 0.9737 1.977444 
626.5291 61.140 152.442 -0.72949 0.38069 1.555 -0.51979 19.0000 31.48 0.9725 0.9732 1.978905 
626.0658 61.151 152.804 -0.73175 0.37600 1.570 -0.52014 19.0000 31.33 0.9728 0.9734 1.980370 
625.6024 61.179 153.161 -0.73355 0.37116 1.584 -0.52089 19.0000 31.54 0.9730 0.9737 1.981837 
625.1389 61.210 153.551 -0.73541 0.36585 1.590 -0.52168 19.0000 31.48 0.9733 0.9740 1.983306 
624.6753 61.281 153.898 -0.73593 0.36057 1.597 -0.52332 19.0000 31.52 0.9728 0.9734 1.984778 
624.2115 61.312 154.280 -0.73740 0.35521 1.600 -0.52392 19.0000 31.04 0.9729 0.9735 1.986253 
623.7477 61.328 154.676 -0.73939 0.34989 1.600 -0.52428 19.0000 31.03 0.9736 0.9743 1.987730 
623.2838 61.310 155.104 -0.74316 0.34489 1.607 -0.52436 19.0000 30.69 0.9749 0.9756 1.989209 
622.8198 61.292 155.503 -0.74646 0.34014 1.624 -0.52429 19.0000 31.12 0.9755 0.9762 1.990691 
622.3557 61.240 155.849 -0.75029 0.33642 1.632 -0.52345 19.0000 30.91 0.9767 0.9774 1.992176 
621.8914 61.224 156.178 -0.75295 0.33243 1.641 -0.52330 19.0000 31.04 0.9776 0.9783 1.993663 
621.4271 61.208 156.486 -0.75535 0.32866 1.638 -0.52310 19.0000 30.88 0.9777 0.9784 1.995153 
620.9626 61.218 156.757 -0.75661 0.32496 1.638 -0.52331 19.0000 30.74 0.9777 0.9784 1.996645 
620.4980 61.265 157.012 -0.75643 0.32090 1.658 -0.52407 19.0000 30.66 0.9764 0.9771 1.998140 
620.0334 61.295 157.301 -0.75726 0.31675 1.656 -0.52476 19.0000 30.62 0.9764 0.9772 1.999637 
619.5687 61.351 157.561 -0.75746 0.31280 1.670 -0.52616 19.0000 30.46 0.9763 0.9770 2.001137 
619.1038 61.394 157.853 -0.75778 0.30842 1.669 -0.52702 19.0000 30.63 0.9763 0.9771 2.002640 
618.6388 61.425 158.160 -0.75827 0.30391 1.670 -0.52747 19.0000 30.56 0.9766 0.9774 2.004145 
618.1737 61.462 158.470 -0.75881 0.29937 1.686 -0.52821 19.0000 30.67 0.9771 0.9779 2.005653 
617.7086 61.522 158.753 -0.75823 0.29481 1.691 -0.52922 19.0000 30.22 0.9772 0.9780 2.007163 
617.2433 61.575 159.052 -0.75802 0.29019 1.687 -0.53013 19.0000 30.21 0.9771 0.9779 2.008676 
616.7779 61.618 159.367 -0.75829 0.28552 1.703 -0.53096 19.0000 30.70 0.9773 0.9782 2.010192 
616.3124 61.666 159.689 -0.75825 0.28065 1.715 -0.53175 19.0000 30.50 0.9771 0.9780 2.011710 
615.8468 61.710 160.023 -0.75811 0.27559 1.694 -0.53230 19.0000 30.24 0.9769 0.9778 2.013231 
615.3810 61.763 160.341 -0.75795 0.27078 1.708 -0.53326 19.0000 30.01 0.9771 0.9780 2.014755 
614.9153 61.821 160.659 -0.75723 0.26578 1.710 -0.53405 19.0000 30.21 0.9768 0.9778 2.016281 
614.4493 61.877 160.989 -0.75671 0.26072 1.712 -0.53485 19.0000 30.46 0.9767 0.9777 2.017810 
613.9833 61.932 161.328 -0.75624 0.25556 1.729 -0.53567 19.0000 29.86 0.9763 0.9773 2.019341 
613.5172 61.978 161.681 -0.75615 0.25035 1.713 -0.53638 19.0000 29.53 0.9763 0.9773 2.020875 
613.0510 62.034 162.032 -0.75579 0.24510 1.729 -0.53728 19.0000 29.99 0.9762 0.9772 2.022412 
612.5847 62.093 162.386 -0.75522 0.23977 1.734 -0.53822 19.0000 29.91 0.9760 0.9770 2.023952 
612.1182 62.151 162.749 -0.75472 0.23436 1.726 -0.53913 19.0000 29.73 0.9759 0.9770 2.025494 
611.6517 62.211 163.115 -0.75414 0.22891 1.754 -0.54007 19.0000 29.76 0.9758 0.9768 2.027039 
611.1850 62.260 163.487 -0.75390 0.22350 1.774 -0.54083 19.0000 29.26 0.9754 0.9764 2.028587 
610.7183 62.310 163.865 -0.75355 0.21800 1.745 -0.54155 19.0000 29.90 0.9750 0.9761 2.030137 
610.2514 62.361 164.238 -0.75319 0.21259 1.752 -0.54235 19.0000 29.64 0.9747 0.9758 2.031690 
609.7844 62.411 164.620 -0.75275 0.20706 1.749 -0.54305 19.0000 30.06 0.9744 0.9755 2.033246 
609.3173 62.463 165.022 -0.75240 0.20130 1.735 -0.54388 19.0000 29.41 0.9742 0.9753 2.034805 
608.8502 62.508 165.427 -0.75234 0.19559 1.742 -0.54463 19.0000 29.29 0.9740 0.9751 2.036366 
608.3829 62.556 165.834 -0.75204 0.18982 1.751 -0.54538 19.0000 29.27 0.9735 0.9746 2.037930 
607.9155 62.596 166.245 -0.75203 0.18409 1.719 -0.54600 19.0000 29.80 0.9732 0.9743 2.039497 
607.4480 62.637 166.661 -0.75202 0.17831 1.711 -0.54669 19.0000 29.60 0.9729 0.9740 2.041067 
606.9804 62.674 167.091 -0.75210 0.17238 1.716 -0.54730 19.0000 28.79 0.9725 0.9736 2.042639 
606.5127 62.708 167.521 -0.75225 0.16649 1.757 -0.54787 19.0000 28.51 0.9721 0.9732 2.044214 
606.0449 62.739 167.959 -0.75248 0.16051 1.745 -0.54838 19.0000 28.85 0.9717 0.9728 2.045792 
605.5770 62.772 168.409 -0.75262 0.15437 1.739 -0.54890 19.0000 28.70 0.9713 0.9724 2.047373 
605.1089 62.800 168.859 -0.75290 0.14828 1.745 -0.54939 19.0000 29.11 0.9711 0.9722 2.048957 
604.6408 62.828 169.305 -0.75316 0.14224 1.749 -0.54989 19.0000 29.17 0.9708 0.9719 2.050543 
604.1726 62.851 169.764 -0.75366 0.13609 1.742 -0.55036 19.0000 28.36 0.9706 0.9717 2.052132 
603.7042 62.869 170.231 -0.75432 0.12987 1.692 -0.55076 19.0000 28.57 0.9705 0.9716 2.053724 
603.2358 62.882 170.703 -0.75504 0.12360 1.734 -0.55109 19.0000 28.43 0.9703 0.9714 2.055319 
602.7673 62.894 171.179 -0.75577 0.11728 1.684 -0.55136 19.0000 28.04 0.9700 0.9711 2.056916 
602.2986 62.903 171.659 -0.75642 0.11090 1.712 -0.55150 19.0000 28.76 0.9698 0.9708 2.058517 
601.8298 62.917 172.138 -0.75692 0.10452 1.686 -0.55176 19.0000 28.33 0.9696 0.9707 2.060121 
601.3610 62.924 172.626 -0.75757 0.09804 1.693 -0.55193 19.0000 28.31 0.9693 0.9704 2.061726 
600.8920 62.928 173.113 -0.75836 0.09159 1.700 -0.55205 19.0000 28.43 0.9692 0.9702 2.063336 
600.4229 62.926 173.603 -0.75925 0.08513 1.715 -0.55206 19.0000 27.96 0.9689 0.9700 2.064948 
599.9537 62.924 174.095 -0.76012 0.07862 1.741 -0.55210 19.0000 28.36 0.9688 0.9698 2.066563 
599.4844 62.913 174.584 -0.76124 0.07217 1.732 -0.55203 19.0000 28.18 0.9687 0.9697 2.068181 
599.0150 62.902 175.081 -0.76245 0.06561 1.714 -0.55200 19.0000 27.74 0.9686 0.9696 2.069801 
598.5455 62.892 175.574 -0.76343 0.05909 1.697 -0.55191 19.0000 27.64 0.9684 0.9693 2.071425 
598.0759 62.878 176.065 -0.76450 0.05259 1.728 -0.55178 19.0000 28.24 0.9683 0.9693 2.073051 
597.6062 62.864 176.565 -0.76546 0.04595 1.712 -0.55160 19.0000 28.04 0.9681 0.9691 2.074680 
597.1364 62.835 177.056 -0.76698 0.03945 1.690 -0.55125 19.0000 27.93 0.9681 0.9691 2.076313 
596.6664 62.809 177.548 -0.76839 0.03290 1.685 -0.55096 19.0000 28.08 0.9682 0.9691 2.077948 
596.1964 62.784 178.057 -0.76964 0.02611 1.672 -0.55069 19.0000 27.69 0.9680 0.9689 2.079586 
595.7263 62.748 178.549 -0.77120 0.01954 1.693 -0.55019 19.0000 28.15 0.9682 0.9691 2.081227 
595.2560 62.715 179.054 -0.77246 0.01276 1.678 -0.54966 19.0000 27.97 0.9684 0.9692 2.082872 
594.7857 62.678 179.559 -0.77373 0.00595 1.678 -0.54897 19.0000 28.15 0.9682 0.9691 2.084519 
594.3152 62.638 180.056 -0.77510 -0.00076 1.667 -0.54833 19.0000 28.07 0.9683 0.9691 2.086169 
593.8447 62.594 180.548 -0.77660 -0.00743 1.675 -0.54759 19.0000 28.26 0.9686 0.9694 2.087822 
593.3740 62.547 181.040 -0.77803 -0.01413 1.659 -0.54679 19.0000 28.14 0.9686 0.9695 2.089478 
592.9032 62.489 181.504 -0.78002 -0.02049 1.648 -0.54592 19.0000 28.37 0.9693 0.9701 2.091137 
592.4323 62.426 181.977 -0.78200 -0.02699 1.642 -0.54488 19.0000 27.93 0.9695 0.9703 2.092799 
591.9613 62.348 182.445 -0.78461 -0.03350 1.631 -0.54370 19.0000 27.80 0.9700 0.9708 2.094464 
591.4902 62.290 182.927 -0.78649 -0.04021 1.628 -0.54285 19.0000 28.01 0.9701 0.9709 2.096133 
591.0190 62.226 183.394 -0.78864 -0.04677 1.609 -0.54198 19.0000 27.95 0.9706 0.9713 2.097804 
590.5477 62.170 183.876 -0.79009 -0.05353 1.606 -0.54101 19.0000 27.85 0.9707 0.9715 2.099478 
590.0763 62.095 184.328 -0.79256 -0.05998 1.592 -0.53997 19.0000 28.04 0.9712 0.9719 2.101155 
589.6048 62.024 184.793 -0.79417 -0.06660 1.587 -0.53853 19.0000 27.80 0.9714 0.9721 2.102836 
589.1331 61.951 185.266 -0.79598 -0.07336 1.570 -0.53720 19.0000 28.02 0.9713 0.9720 2.104519 
588.6614 61.883 185.709 -0.79736 -0.07972 1.567 -0.53574 19.0000 28.14 0.9716 0.9723 2.106206 
588.1896 61.811 186.150 -0.79906 -0.08610 1.565 -0.53439 19.0000 28.39 0.9722 0.9729 2.107895 
587.7176 61.722 186.555 -0.80155 -0.09211 1.545 -0.53287 19.0000 27.36 0.9734 0.9741 2.109588 
587.2455 61.651 186.980 -0.80327 -0.09835 1.529 -0.53161 19.0000 27.30 0.9739 0.9746 2.111284 
586.7734 61.566 187.390 -0.80521 -0.10443 1.529 -0.52995 19.0000 28.11 0.9744 0.9751 2.112983 
586.3011 61.483 187.751 -0.80695 -0.10984 1.520 -0.52817 19.0000 28.35 0.9748 0.9755 2.114685 
585.8287 61.352 188.070 -0.81004 -0.11485 1.518 -0.52533 19.0000 28.65 0.9760 0.9767 2.116390 
585.3563 61.257 188.388 -0.81234 -0.11978 1.492 -0.52341 19.0000 28.06 0.9766 0.9773 2.118098 
584.8837 61.172 188.713 -0.81420 -0.12477 1.479 -0.52159 19.0000 27.67 0.9767 0.9774 2.119809 
584.4109 61.123 189.069 -0.81399 -0.12993 1.476 -0.52002 19.0000 27.54 0.9760 0.9767 2.121524 
583.9382 61.084 189.407 -0.81356 -0.13478 1.467 -0.51867 19.0000 27.66 0.9758 0.9765 2.123242 
583.4652 61.078 189.843 -0.81215 -0.14091 1.459 -0.51818 19.0000 28.18 0.9750 0.9757 2.124963 
582.9922 61.053 190.258 -0.81126 -0.14681 1.434 -0.51727 19.0000 28.00 0.9742 0.9749 2.126687 
582.5191 61.039 190.674 -0.81000 -0.15267 1.428 -0.51661 19.0000 28.18 0.9742 0.9749 2.128414 
582.0458 61.007 191.090 -0.80936 -0.15864 1.421 -0.51567 19.0000 27.69 0.9745 0.9752 2.130145 
581.5725 60.951 191.452 -0.80980 -0.16406 1.412 -0.51433 19.0000 27.93 0.9760 0.9768 2.131878 
581.0991 60.911 191.859 -0.80917 -0.16992 1.404 -0.51309 19.0000 27.76 0.9762 0.9770 2.133615 
580.6255 60.839 192.265 -0.80920 -0.17591 1.390 -0.51099 19.0000 27.94 0.9768 0.9776 2.135356 
580.1519 60.780 192.658 -0.80903 -0.18170 1.378 -0.50932 19.0000 27.61 0.9772 0.9780 2.137099 
579.6780 60.738 193.061 -0.80840 -0.18754 1.365 -0.50807 19.0000 27.62 0.9772 0.9780 2.138846 
579.2042 60.694 193.476 -0.80749 -0.19351 1.358 -0.50661 19.0000 28.16 0.9770 0.9777 2.140595 
578.7302 60.626 193.878 -0.80760 -0.19954 1.344 -0.50486 19.0000 28.09 0.9770 0.9778 2.142349 
578.2561 60.563 194.284 -0.80735 -0.20555 1.337 -0.50308 19.0000 27.85 0.9772 0.9780 2.144105 
577.7819 60.513 194.701 -0.80639 -0.21156 1.322 -0.50143 19.0000 27.88 0.9771 0.9778 2.145865 
577.3076 60.463 195.103 -0.80553 -0.21739 1.317 -0.49985 19.0000 28.19 0.9773 0.9780 2.147628 
576.8332 60.418 195.504 -0.80468 -0.22322 1.301 -0.49849 19.0000 27.49 0.9775 0.9782 2.149394 
576.3586 60.357 195.925 -0.80395 -0.22938 1.294 -0.49667 19.0000 27.53 0.9773 0.9781 2.151164 
575.8840 60.297 196.325 -0.80349 -0.23533 1.279 -0.49504 19.0000 28.02 0.9776 0.9783 2.152937 
575.4093 60.240 196.732 -0.80284 -0.24134 1.277 -0.49340 19.0000 28.25 0.9777 0.9785 2.154713 
574.9344 60.185 197.122 -0.80206 -0.24709 1.260 -0.49179 19.0000 27.80 0.9780 0.9787 2.156493 
574.4595 60.134 197.538 -0.80093 -0.25312 1.255 -0.49022 19.0000 28.13 0.9779 0.9786 2.158276 
573.9844 60.080 197.941 -0.79984 -0.25898 1.240 -0.48852 19.0000 27.84 0.9778 0.9786 2.160062 
573.5092 60.017 198.337 -0.79905 -0.26484 1.234 -0.48670 19.0000 28.28 0.9778 0.9786 2.161852 
573.0339 59.959 198.740 -0.79802 -0.27073 1.229 -0.48494 19.0000 27.79 0.9777 0.9785 2.163645 
572.5586 59.895 199.139 -0.79711 -0.27664 1.211 -0.48304 19.0000 27.86 0.9775 0.9783 2.165441 
572.0831 59.834 199.538 -0.79611 -0.28251 1.195 -0.48121 19.0000 27.91 0.9775 0.9783 2.167241 
571.6075 59.771 199.930 -0.79525 -0.28835 1.191 -0.47940 19.0000 27.82 0.9776 0.9784 2.169044 
571.1318 59.704 200.334 -0.79437 -0.29438 1.189 -0.47750 19.0000 27.51 0.9776 0.9784 2.170851 
570.6559 59.635 200.734 -0.79354 -0.30040 1.170 -0.47556 19.0000 27.83 0.9777 0.9785 2.172661 
570.1801 59.569 201.137 -0.79246 -0.30637 1.157 -0.47363 19.0000 27.67 0.9776 0.9784 2.174474 
569.7040 59.503 201.541 -0.79118 -0.31231 1.153 -0.47162 19.0000 27.42 0.9773 0.9781 2.176291 
569.2278 59.431 201.934 -0.79033 -0.31826 1.150 -0.46958 19.0000 27.94 0.9775 0.9783 2.178112 
568.7516 59.363 202.326 -0.78916 -0.32408 1.138 -0.46757 19.0000 27.36 0.9774 0.9782 2.179936 
568.2753 59.290 202.718 -0.78816 -0.32998 1.122 -0.46546 19.0000 27.32 0.9774 0.9782 2.181763 
567.7988 59.221 203.102 -0.78701 -0.33573 1.113 -0.46344 19.0000 27.59 0.9774 0.9782 2.183594 
567.3222 59.152 203.493 -0.78566 -0.34151 1.111 -0.46136 19.0000 27.84 0.9774 0.9782 2.185428 
566.8455 59.082 203.884 -0.78438 -0.34733 1.104 -0.45928 19.0000 27.55 0.9774 0.9782 2.187266 
566.3687 59.007 204.266 -0.78327 -0.35310 1.094 -0.45712 19.0000 27.81 0.9773 0.9781 2.189107 
565.8918 58.933 204.653 -0.78212 -0.35895 1.079 -0.45498 19.0000 27.48 0.9773 0.9781 2.190952 
565.4149 58.855 205.039 -0.78096 -0.36482 1.075 -0.45274 19.0000 27.54 0.9772 0.9781 2.192800 
564.9377 58.782 205.425 -0.77955 -0.37057 1.065 -0.45053 19.0000 27.80 0.9770 0.9779 2.194653 
564.4605 58.710 205.807 -0.77801 -0.37623 1.063 -0.44835 19.0000 27.67 0.9769 0.9778 2.196508 
563.9832 58.639 206.192 -0.77633 -0.38186 1.054 -0.44612 19.0000 27.40 0.9767 0.9776 2.198367 
563.5057 58.565 206.574 -0.77474 -0.38752 1.040 -0.44385 19.0000 27.14 0.9766 0.9774 2.200230 
563.0282 58.493 206.953 -0.77306 -0.39308 1.035 -0.44164 19.0000 27.27 0.9764 0.9773 2.202096 
562.5505 58.420 207.332 -0.77143 -0.39870 1.026 -0.43942 19.0000 27.27 0.9764 0.9772 2.203966 
562.0728 58.342 207.712 -0.76982 -0.40437 1.030 -0.43706 19.0000 27.79 0.9764 0.9772 2.205839 
561.5948 58.268 208.091 -0.76810 -0.40998 1.008 -0.43477 19.0000 27.39 0.9761 0.9770 2.207716 
561.1169 58.194 208.465 -0.76635 -0.41549 1.006 -0.43251 19.0000 27.38 0.9759 0.9768 2.209597 
560.6388 58.118 208.833 -0.76467 -0.42096 0.996 -0.43018 19.0000 27.38 0.9757 0.9765 2.211481 
560.1606 58.045 209.205 -0.76281 -0.42640 0.995 -0.42791 19.0000 27.29 0.9755 0.9764 2.213369 
559.6823 57.969 209.574 -0.76096 -0.43182 0.987 -0.42555 19.0000 27.71 0.9753 0.9762 2.215260 
559.2039 57.893 209.944 -0.75905 -0.43725 0.980 -0.42319 19.0000 27.58 0.9751 0.9759 2.217155 
558.7253 57.814 210.313 -0.75717 -0.44268 0.974 -0.42076 19.0000 27.81 0.9748 0.9757 2.219055 
558.2467 57.735 210.680 -0.75541 -0.44818 0.966 -0.41839 19.0000 27.16 0.9746 0.9755 2.220957 
557.7679 57.654 211.048 -0.75357 -0.45365 0.958 -0.41594 19.0000 27.24 0.9745 0.9753 2.222864 
557.2891 57.576 211.410 -0.75171 -0.45903 0.950 -0.41355 19.0000 27.47 0.9744 0.9752 2.224773 
556.8102 57.496 211.772 -0.74973 -0.46435 0.949 -0.41109 19.0000 27.17 0.9741 0.9749 2.226687 
556.3311 57.415 212.133 -0.74780 -0.46969 0.940 -0.40859 19.0000 26.46 0.9739 0.9748 2.228604 
555.8519 57.332 212.498 -0.74583 -0.47511 0.939 -0.40606 19.0000 27.13 0.9737 0.9745 2.230525 
555.3726 57.251 212.853 -0.74382 -0.48034 0.929 -0.40356 19.0000 26.93 0.9735 0.9743 2.232451 
554.8932 57.164 213.208 -0.74190 -0.48563 0.921 -0.40088 19.0000 27.32 0.9734 0.9742 2.234379 
554.4137 57.083 213.557 -0.73981 -0.49072 0.920 -0.39833 19.0000 27.14 0.9731 0.9739 2.236312 
553.9341 56.999 213.906 -0.73783 -0.49591 0.920 -0.39576 19.0000 27.47 0.9729 0.9737 2.238248 
553.4543 56.914 214.256 -0.73581 -0.50112 0.909 -0.39316 19.0000 26.76 0.9726 0.9734 2.240188 
552.9745 56.828 214.604 -0.73370 -0.50621 0.896 -0.39047 19.0000 26.63 0.9724 0.9732 2.242132 
552.4946 56.749 214.954 -0.73128 -0.51117 0.895 -0.38793 19.0000 26.76 0.9722 0.9730 2.244080 
552.0145 56.667 215.306 -0.72894 -0.51623 0.892 -0.38530 19.0000 26.68 0.9721 0.9729 2.246031 
551.5344 56.583 215.655 -0.72668 -0.52131 0.892 -0.38268 19.0000 26.80 0.9719 0.9727 2.247986 
551.0541 56.497 215.999 -0.72442 -0.52630 0.883 -0.37997 19.0000 26.94 0.9716 0.9724 2.249946 
550.5737 56.417 216.344 -0.72187 -0.53113 0.881 -0.37737 19.0000 26.64 0.9715 0.9723 2.251909 
550.0933 56.329 216.684 -0.71967 -0.53612 0.874 -0.37462 19.0000 27.12 0.9713 0.9721 2.253876 
549.6127 56.248 217.025 -0.71709 -0.54086 0.871 -0.37199 19.0000 27.04 0.9712 0.9720 2.255847 
549.1320 56.165 217.367 -0.71461 -0.54570 0.867 -0.36931 19.0000 26.43 0.9710 0.9718 2.257821 
548.6511 56.079 217.701 -0.71222 -0.55049 0.863 -0.36658 19.0000 26.29 0.9710 0.9717 2.259800 
548.1702 55.993 218.032 -0.70986 -0.55524 0.856 -0.36385 19.0000 26.43 0.9708 0.9716 2.261783 
547.6891 55.905 218.367 -0.70740 -0.56001 0.849 -0.36107 19.0000 26.13 0.9706 0.9713 2.263770 
547.2080 55.820 218.699 -0.70489 -0.56470 0.849 -0.35833 19.0000 26.16 0.9705 0.9712 2.265760 
546.7267 55.732 219.030 -0.70237 -0.56937 0.848 -0.35551 19.0000 26.80 0.9704 0.9711 2.267755 
546.2454 55.647 219.357 -0.69980 -0.57394 0.840 -0.35277 19.0000 25.98 0.9702 0.9709 2.269752 
545.7639 55.560 219.683 -0.69725 -0.57851 0.835 -0.34996 19.0000 25.84 0.9700 0.9707 2.271755 
545.2823 55.471 220.005 -0.69476 -0.58307 0.836 -0.34710 19.0000 26.22 0.9697 0.9704 2.273762 
544.8007 55.387 220.328 -0.69208 -0.58750 0.832 -0.34436 19.0000 25.66 0.9696 0.9703 2.275771 
544.3188 55.296 220.642 -0.68963 -0.59196 0.832 -0.34147 19.0000 25.61 0.9695 0.9702 2.277786 
543.8369 55.211 220.962 -0.68688 -0.59630 0.826 -0.33868 19.0000 25.54 0.9694 0.9701 2.279805 
543.3549 55.122 221.274 -0.68433 -0.60066 0.815 -0.33582 19.0000 25.23 0.9693 0.9700 2.281827 
542.8728 55.034 221.593 -0.68152 -0.60493 0.816 -0.33292 19.0000 25.24 0.9692 0.9698 2.283853 
542.3905 54.944 221.908 -0.67883 -0.60925 0.808 -0.32998 19.0000 25.36 0.9688 0.9695 2.285884 
541.9082 54.855 222.213 -0.67622 -0.61344 0.812 -0.32708 19.0000 25.17 0.9686 0.9693 2.287919 
541.4257 54.763 222.518 -0.67367 -0.61770 0.809 -0.32411 19.0000 25.17 0.9683 0.9690 2.289958 
540.9431 54.676 222.825 -0.67086 -0.62177 0.800 -0.32124 19.0000 24.62 0.9682 0.9689 2.292001 
540.4604 54.585 223.135 -0.66804 -0.62591 0.797 -0.31826 19.0000 24.89 0.9680 0.9687 2.294048 
539.9777 54.491 223.439 -0.66543 -0.63012 0.807 -0.31525 19.0000 25.23 0.9678 0.9685 2.296098 
539.4948 54.397 223.738 -0.66279 -0.63422 0.798 -0.31218 19.0000 24.72 0.9677 0.9683 2.298154 
539.0118 54.305 224.038 -0.66012 -0.63831 0.794 -0.30922 19.0000 24.48 0.9676 0.9683 2.300213 
538.5286 54.216 224.338 -0.65726 -0.64224 0.790 -0.30628 19.0000 24.04 0.9674 0.9681 2.302277 
538.0454 54.125 224.638 -0.65442 -0.64621 0.786 -0.30327 19.0000 24.04 0.9673 0.9679 2.304344 
537.5621 54.028 224.935 -0.65174 -0.65026 0.782 -0.30012 19.0000 23.95 0.9672 0.9679 2.306416 
537.0786 53.933 225.224 -0.64904 -0.65413 0.780 -0.29702 19.0000 23.71 0.9669 0.9675 2.308492 
536.5950 53.845 225.521 -0.64603 -0.65788 0.777 -0.29410 19.0000 23.45 0.9668 0.9674 2.310573 
536.1114 53.743 225.815 -0.64336 -0.66193 0.783 -0.29081 19.0000 24.00 0.9665 0.9672 2.312657 
535.6276 53.643 226.111 -0.64065 -0.66598 0.777 -0.28759 19.0000 23.11 0.9663 0.9669 2.314746 
535.1437 53.545 226.397 -0.63795 -0.66985 0.773 -0.28441 19.0000 23.24 0.9662 0.9668 2.316839 
534.6597 53.450 226.685 -0.63515 -0.67365 0.774 -0.28131 19.0000 23.23 0.9659 0.9665 2.318936 
534.1756 53.350 226.970 -0.63255 -0.67760 0.767 -0.27809 19.0000 22.65 0.9657 0.9663 2.321038 
533.6913 53.252 227.250 -0.62978 -0.68130 0.763 -0.27491 19.0000 22.35 0.9655 0.9661 2.323144 
533.2070 53.154 227.531 -0.62713 -0.68513 0.764 -0.27175 19.0000 22.35 0.9654 0.9660 2.325254 
532.7226 53.063 227.810 -0.62430 -0.68876 0.769 -0.26878 19.0000 22.18 0.9654 0.9660 2.327369 
532.2380 52.971 228.083 -0.62147 -0.69224 0.755 -0.26573 19.0000 21.84 0.9652 0.9658 2.329488 
531.7534 52.873 228.370 -0.61854 -0.69595 0.758 -0.26254 19.0000 21.88 0.9653 0.9659 2.331611 
531.2686 52.777 228.652 -0.61566 -0.69962 0.758 -0.25941 19.0000 21.79 0.9652 0.9658 2.333738 
530.7837 52.678 228.938 -0.61284 -0.70344 0.759 -0.25621 19.0000 21.53 0.9652 0.9658 2.335870 
530.2987 52.581 229.212 -0.61010 -0.70711 0.752 -0.25308 19.0000 20.95 0.9651 0.9657 2.338007 
529.8136 52.479 229.486 -0.60739 -0.71081 0.756 -0.24980 19.0000 21.32 0.9651 0.9657 2.340147 
529.3284 52.379 229.761 -0.60460 -0.71446 0.745 -0.24656 19.0000 20.88 0.9649 0.9655 2.342292 
528.8430 52.282 230.031 -0.60176 -0.71794 0.751 -0.24339 19.0000 20.93 0.9648 0.9654 2.344442 
528.3576 52.183 230.306 -0.59897 -0.72161 0.755 -0.24019 19.0000 20.76 0.9649 0.9655 2.346596 
527.8720 52.083 230.571 -0.59617 -0.72505 0.745 -0.23693 19.0000 20.38 0.9649 0.9655 2.348755 
527.3864 51.982 230.834 -0.59343 -0.72851 0.747 -0.23366 19.0000 20.24 0.9647 0.9653 2.350917 
526.9006 51.883 231.101 -0.59064 -0.73201 0.743 -0.23044 19.0000 19.88 0.9647 0.9653 2.353085 
526.4147 51.785 231.370 -0.58774 -0.73545 0.741 -0.22722 19.0000 19.41 0.9647 0.9653 2.355257 
525.9287 51.690 231.634 -0.58474 -0.73867 0.736 -0.22408 19.0000 19.33 0.9649 0.9654 2.357433 
525.4426 51.596 231.901 -0.58177 -0.74198 0.745 -0.22100 19.0000 19.66 0.9649 0.9654 2.359614 
524.9564 51.504 232.155 -0.57887 -0.74505 0.738 -0.21796 19.0000 19.08 0.9648 0.9654 2.361800 
524.4700 51.415 232.412 -0.57589 -0.74814 0.740 -0.21500 19.0000 18.63 0.9647 0.9652 2.363990 
523.9836 51.317 232.669 -0.57311 -0.75147 0.735 -0.21182 19.0000 18.44 0.9647 0.9653 2.366185 
523.4971 51.218 232.926 -0.57042 -0.75494 0.737 -0.20865 19.0000 18.41 0.9648 0.9654 2.368384 
523.0104 51.120 233.181 -0.56760 -0.75821 0.736 -0.20548 19.0000 18.06 0.9647 0.9653 2.370588 
522.5236 51.024 233.442 -0.56469 -0.76151 0.736 -0.20234 19.0000 17.69 0.9647 0.9653 2.372796 
522.0367 50.937 233.694 -0.56172 -0.76453 0.734 -0.19948 19.0000 17.52 0.9646 0.9652 2.375009 
521.5497 50.847 233.943 -0.55877 -0.76748 0.726 -0.19651 19.0000 17.36 0.9647 0.9652 2.377227 
521.0626 50.755 234.195 -0.55577 -0.77044 0.727 -0.19346 19.0000 17.17 0.9647 0.9652 2.379449 
520.5754 50.665 234.444 -0.55286 -0.77347 0.728 -0.19049 19.0000 17.27 0.9646 0.9651 2.381676 
520.0881 50.570 234.695 -0.55002 -0.77666 0.732 -0.18742 19.0000 17.03 0.9648 0.9654 2.383908 
519.6006 50.477 234.945 -0.54706 -0.77968 0.725 -0.18434 19.0000 16.84 0.9651 0.9656 2.386144 
519.1131 50.378 235.191 -0.54421 -0.78276 0.726 -0.18110 19.0000 16.78 0.9652 0.9658 2.388385 
518.6254 50.282 235.437 -0.54142 -0.78592 0.724 -0.17797 19.0000 16.33 0.9652 0.9658 2.390631 
518.1377 50.189 235.675 -0.53851 -0.78870 0.724 -0.17489 19.0000 16.33 0.9650 0.9656 2.392881 
517.6498 50.096 235.914 -0.53561 -0.79149 0.720 -0.17183 19.0000 15.74 0.9652 0.9657 2.395137 
517.1618 49.999 236.153 -0.53265 -0.79424 0.723 -0.16860 19.0000 15.71 0.9650 0.9655 2.397397 
516.6737 49.899 236.393 -0.52985 -0.79727 0.715 -0.16530 19.0000 15.40 0.9650 0.9655 2.399661 
516.1855 49.802 236.626 -0.52707 -0.80014 0.721 -0.16214 19.0000 15.34 0.9651 0.9656 2.401931 
515.6971 49.710 236.859 -0.52418 -0.80284 0.725 -0.15907 19.0000 15.46 0.9652 0.9657 2.404206 
515.2087 49.615 237.089 -0.52134 -0.80552 0.721 -0.15592 19.0000 15.29 0.9653 0.9658 2.406485 
514.7202 49.525 237.325 -0.51837 -0.80822 0.715 -0.15293 19.0000 15.09 0.9655 0.9660 2.408769 
514.2314 49.424 237.559 -0.51555 -0.81110 0.715 -0.14959 19.0000 14.74 0.9656 0.9661 2.411058 
513.7427 49.331 237.786 -0.51255 -0.81348 0.723 -0.14647 19.0000 14.93 0.9658 0.9663 2.413352 
513.2538 49.239 238.018 -0.50960 -0.81609 0.722 -0.14342 19.0000 14.51 0.9661 0.9666 2.415651 
512.7648 49.150 238.241 -0.50663 -0.81842 0.718 -0.14042 19.0000 14.53 0.9659 0.9664 2.417955 
512.2757 49.056 238.462 -0.50369 -0.82074 0.719 -0.13726 19.0000 14.46 0.9657 0.9662 2.420263 
511.7864 48.967 238.683 -0.50084 -0.82319 0.717 -0.13430 19.0000 14.42 0.9659 0.9663 2.422577 
511.2971 48.880 238.899 -0.49796 -0.82546 0.722 -0.13136 19.0000 14.40 0.9659 0.9664 2.424895 
510.8076 48.793 239.114 -0.49506 -0.82763 0.712 -0.12845 19.0000 13.98 0.9659 0.9664 2.427219 
510.3181 48.694 239.322 -0.49239 -0.83000 0.725 -0.12514 19.0000 13.84 0.9657 0.9662 2.429547 
509.8284 48.597 239.529 -0.48953 -0.83201 0.722 -0.12183 19.0000 13.53 0.9652 0.9657 2.431881 
509.3386 48.500 239.741 -0.48661 -0.83412 0.718 -0.11856 19.0000 13.56 0.9647 0.9652 2.434219 
508.8488 48.409 239.949 -0.48378 -0.83621 0.710 -0.11551 19.0000 13.29 0.9647 0.9651 2.436563 
508.3587 48.319 240.156 -0.48098 -0.83834 0.716 -0.11248 19.0000 13.47 0.9643 0.9648 2.438912 
507.8686 48.229 240.363 -0.47808 -0.84031 0.725 -0.10944 19.0000 13.41 0.9642 0.9647 2.441265 
507.3784 48.141 240.563 -0.47519 -0.84207 0.729 -0.10645 19.0000 13.16 0.9641 0.9646 2.443624 
506.8880 48.050 240.758 -0.47234 -0.84369 0.720 -0.10335 19.0000 12.77 0.9635 0.9640 2.445988 
506.3976 47.957 240.952 -0.46967 -0.84561 0.721 -0.10021 19.0000 12.60 0.9632 0.9637 2.448357 
505.9070 47.865 241.140 -0.46693 -0.84725 0.714 -0.09707 19.0000 12.32 0.9627 0.9633 2.450731 
505.4163 47.775 241.331 -0.46428 -0.84913 0.718 -0.09405 19.0000 12.28 0.9627 0.9632 2.453110 
504.9255 47.682 241.522 -0.46169 -0.85113 0.715 -0.09093 19.0000 12.23 0.9626 0.9631 2.455495 
504.4346 47.589 241.708 -0.45906 -0.85286 0.724 -0.08778 19.0000 12.34 0.9621 0.9626 2.457884 
503.9436 47.497 241.895 -0.45632 -0.85442 0.720 -0.08465 19.0000 12.11 0.9612 0.9617 2.460279 
503.4525 47.401 242.081 -0.45353 -0.85589 0.723 -0.08136 19.0000 12.06 0.9603 0.9608 2.462679 
502.9612 47.305 242.267 -0.45080 -0.85746 0.726 -0.07810 19.0000 11.88 0.9599 0.9604 2.465085 
502.4698 47.208 242.445 -0.44825 -0.85907 0.729 -0.07482 19.0000 12.01 0.9592 0.9597 2.467495 
501.9784 47.115 242.624 -0.44556 -0.86045 0.734 -0.07166 19.0000 11.98 0.9588 0.9594 2.469911 
501.4868 47.020 242.811 -0.44274 -0.86188 0.731 -0.06843 19.0000 12.11 0.9584 0.9590 2.472332 
500.9951 46.924 242.994 -0.44005 -0.86343 0.730 -0.06517 19.0000 11.68 0.9578 0.9583 2.474759 
500.5033 46.822 243.170 -0.43762 -0.86519 0.713 -0.06176 19.0000 11.10 0.9573 0.9579 2.477190 
500.0114 46.728 243.343 -0.43504 -0.86659 0.718 -0.05857 19.0000 11.25 0.9569 0.9575 2.479627 
499.5193 46.634 243.515 -0.43251 -0.86805 0.735 -0.05538 19.0000 11.53 0.9564 0.9570 2.482070 
499.0272 46.543 243.682 -0.42995 -0.86926 0.736 -0.05227 19.0000 11.15 0.9557 0.9562 2.484518 
498.5349 46.446 243.856 -0.42729 -0.87051 0.727 -0.04899 19.0000 10.78 0.9550 0.9556 2.486971 
498.0426 46.347 244.023 -0.42483 -0.87192 0.723 -0.04563 19.0000 10.63 0.9545 0.9551 2.489429 
497.5501 46.251 244.186 -0.42235 -0.87313 0.715 -0.04239 19.0000 10.25 0.9536 0.9542 2.491894 
497.0575 46.154 244.352 -0.41994 -0.87460 0.726 -0.03912 19.0000 10.36 0.9531 0.9537 2.494363 
496.5648 46.058 244.522 -0.41749 -0.87614 0.726 -0.03584 19.0000 10.02 0.9531 0.9537 2.496838 
496.0720 45.956 244.682 -0.41521 -0.87767 0.727 -0.03241 19.0000 9.94 0.9523 0.9530 2.499318 
495.5790 45.862 244.845 -0.41272 -0.87886 0.732 -0.02921 19.0000 9.69 0.9517 0.9523 2.501805 
495.0860 45.766 244.999 -0.41047 -0.88023 0.725 -0.02596 19.0000 9.47 0.9514 0.9520 2.504296 
494.5928 45.669 245.148 -0.40821 -0.88137 0.734 -0.02269 19.0000 9.76 0.9501 0.9507 2.506793 
494.0995 45.575 245.299 -0.40587 -0.88239 0.735 -0.01950 19.0000 9.70 0.9496 0.9502 2.509296 
493.6062 45.484 245.447 -0.40353 -0.88330 0.738 -0.01639 19.0000 9.67 0.9490 0.9497 2.511804 
493.1127 45.388 245.603 -0.40114 -0.88442 0.732 -0.01315 19.0000 9.35 0.9483 0.9489 2.514318 
492.6190 45.287 245.756 -0.39892 -0.88582 0.740 -0.00973 19.0000 9.64 0.9477 0.9484 2.516837 
492.1253 45.186 245.907 -0.39676 -0.88725 0.747 -0.00630 19.0000 9.90 0.9472 0.9479 2.519362 
491.6315 45.087 246.055 -0.39453 -0.88844 0.726 -0.00294 19.0000 9.81 0.9466 0.9473 2.521893 
491.1375 44.985 246.204 -0.39231 -0.88966 0.711 0.00052 19.0000 9.68 0.9458 0.9465 2.524429 
490.6435 44.886 246.348 -0.39019 -0.89089 0.710 0.00389 19.0000 9.59 0.9453 0.9460 2.526971 
490.1493 44.789 246.493 -0.38794 -0.89193 0.721 0.00716 19.0000 9.47 0.9445 0.9452 2.529519 
489.6550 44.685 246.638 -0.38578 -0.89312 0.714 0.01069 19.0000 9.64 0.9438 0.9445 2.532072 
489.1606 44.585 246.783 -0.38363 -0.89432 0.727 0.01408 19.0000 9.72 0.9430 0.9438 2.534631 
488.6661 44.484 246.923 -0.38157 -0.89556 0.721 0.01753 19.0000 9.40 0.9426 0.9433 2.537196 
488.1714 44.383 247.058 -0.37967 -0.89698 0.706 0.02097 19.0000 9.33 0.9422 0.9430 2.539768 
487.6767 44.280 247.194 -0.37769 -0.89821 0.720 0.02451 19.0000 9.50 0.9414 0.9421 2.542344 
487.1818 44.183 247.331 -0.37570 -0.89950 0.707 0.02779 19.0000 9.41 0.9407 0.9415 2.544927 
486.6869 44.081 247.466 -0.37375 -0.90081 0.706 0.03131 19.0000 9.36 0.9401 0.9409 2.547514 
486.1918 43.985 247.601 -0.37174 -0.90197 0.693 0.03459 19.0000 9.01 0.9394 0.9402 2.550109 
485.6966 43.886 247.732 -0.36976 -0.90299 0.702 0.03796 19.0000 8.98 0.9385 0.9393 2.552709 
485.2013 43.782 247.862 -0.36803 -0.90463 0.716 0.04155 19.0000 9.43 0.9379 0.9387 2.555314 
484.7058 43.679 247.989 -0.36617 -0.90580 0.708 0.04507 19.0000 9.40 0.9369 0.9377 2.557927 
484.2103 43.574 248.114 -0.36441 -0.90716 0.694 0.04869 19.0000 9.30 0.9361 0.9369 2.560544 
483.7146 43.467 248.237 -0.36283 -0.90886 0.700 0.05241 19.0000 9.68 0.9358 0.9366 2.563168 
483.2189 43.366 248.365 -0.36109 -0.91035 0.698 0.05591 19.0000 10.41 0.9354 0.9362 2.565798 
482.7230 43.263 248.496 -0.35918 -0.91164 0.696 0.05947 19.0000 10.80 0.9347 0.9355 2.568433 
482.2270 43.161 248.614 -0.35748 -0.91284 0.712 0.06302 19.0000 11.48 0.9338 0.9346 2.571075 
481.7309 43.056 248.727 -0.35589 -0.91411 0.702 0.06667 19.0000 11.90 0.9330 0.9339 2.573723 
481.2346 42.943 248.846 -0.35424 -0.91548 0.705 0.07062 19.0000 12.61 0.9322 0.9330 2.576377 
480.7383 42.831 248.966 -0.35260 -0.91691 0.683 0.07451 19.0000 12.59 0.9315 0.9323 2.579037 
480.2419 42.724 249.079 -0.35109 -0.91842 0.680 0.07827 19.0000 12.98 0.9309 0.9318 2.581703 
479.7453 42.616 249.195 -0.34954 -0.91991 0.678 0.08207 19.0000 13.46 0.9306 0.9314 2.584375 
479.2486 42.506 249.306 -0.34797 -0.92115 0.668 0.08594 19.0000 13.51 0.9298 0.9307 2.587054 
478.7518 42.394 249.418 -0.34638 -0.92240 0.661 0.08987 19.0000 13.74 0.9288 0.9297 2.589738 
478.2549 42.290 249.527 -0.34481 -0.92354 0.655 0.09354 19.0000 14.22 0.9278 0.9287 2.592429 
477.7579 42.182 249.634 -0.34325 -0.92467 0.660 0.09733 19.0000 14.72 0.9271 0.9280 2.595126 
477.2608 42.074 249.736 -0.34185 -0.92590 0.653 0.10116 19.0000 14.55 0.9265 0.9274 2.597829 
476.7635 41.963 249.843 -0.34035 -0.92719 0.652 0.10509 19.0000 15.02 0.9257 0.9266 2.600539 
476.2662 41.858 249.943 -0.33898 -0.92846 0.655 0.10883 19.0000 15.54 0.9251 0.9260 2.603254 
475.7687 41.757 250.044 -0.33753 -0.92958 0.661 0.11243 19.0000 15.95 0.9246 0.9255 2.605976 
475.2711 41.656 250.146 -0.33598 -0.93045 0.665 0.11601 19.0000 17.07 0.9238 0.9248 2.608705 
474.7734 41.553 250.246 -0.33445 -0.93130 0.668 0.11963 19.0000 17.71 0.9232 0.9242 2.611439 
474.2756 41.449 250.350 -0.33291 -0.93236 0.668 0.12333 19.0000 18.59 0.9227 0.9236 2.614180 
473.7776 41.347 250.448 -0.33129 -0.93285 0.666 0.12691 19.0000 19.96 0.9218 0.9228 2.616928 
473.2796 41.254 250.543 -0.32964 -0.93307 0.661 0.13014 19.0000 20.84 0.9209 0.9219 2.619682 
472.7814 41.154 250.635 -0.32815 -0.93364 0.658 0.13366 19.0000 21.13 0.9202 0.9211 2.622442 
472.2831 41.059 250.728 -0.32646 -0.93371 0.651 0.13695 19.0000 22.37 0.9193 0.9203 2.625209 
471.7848 40.968 250.824 -0.32478 -0.93389 0.651 0.14007 19.0000 23.93 0.9188 0.9198 2.627982 
471.2863 40.879 250.914 -0.32335 -0.93450 0.642 0.14322 19.0000 24.41 0.9185 0.9195 2.630762 
470.7876 40.789 251.005 -0.32170 -0.93458 0.634 0.14635 19.0000 25.22 0.9177 0.9187 2.633548 
470.2889 40.694 251.103 -0.32005 -0.93495 0.635 0.14967 19.0000 25.78 0.9172 0.9182 2.636341 
469.7900 40.604 251.196 -0.31844 -0.93521 0.629 0.15281 19.0000 26.05 0.9166 0.9177 2.639141 
469.2911 40.521 251.294 -0.31664 -0.93515 0.629 0.15562 19.0000 26.37 0.9159 0.9170 2.641946 
468.7920 40.455 251.382 -0.31504 -0.93516 0.626 0.15789 19.0000 26.78 0.9160 0.9170 2.644759 
468.2928 40.385 251.468 -0.31351 -0.93523 0.626 0.16029 19.0000 27.30 0.9158 0.9169 2.647578 
467.7935 40.305 251.554 -0.31186 -0.93498 0.629 0.16298 19.0000 27.85 0.9155 0.9166 2.650404 
467.2941 40.228 251.646 -0.31015 -0.93487 0.632 0.16561 19.0000 28.32 0.9154 0.9165 2.653237 
466.7945 40.158 251.740 -0.30846 -0.93489 0.639 0.16800 19.0000 29.80 0.9155 0.9165 2.656077 
466.2949 40.082 251.836 -0.30674 -0.93492 0.636 0.17061 19.0000 31.47 0.9151 0.9162 2.658922 
465.7951 40.013 251.925 -0.30500 -0.93455 0.646 0.17287 19.0000 33.16 0.9151 0.9162 2.661775 
465.2952 39.937 252.022 -0.30313 -0.93414 0.644 0.17540 19.0000 34.90 0.9145 0.9156 2.664635 
464.7952 39.867 252.116 -0.30139 -0.93402 0.644 0.17775 19.0000 37.75 0.9145 0.9156 2.667502 
464.2951 39.793 252.213 -0.29951 -0.93360 0.644 0.18020 19.0000 40.56 0.9141 0.9152 2.670375 
463.7949 39.727 252.306 -0.29751 -0.93260 0.635 0.18224 19.0000 43.12 0.9137 0.9148 2.673255 
463.2946 39.651 252.403 -0.29554 -0.93186 0.632 0.18467 19.0000 45.21 0.9133 0.9143 2.676142 
462.7941 39.588 252.489 -0.29385 -0.93135 0.625 0.18671 19.0000 47.49 0.9136 0.9147 2.679036 
462.2935 39.532 252.568 -0.29220 -0.93056 0.616 0.18844 19.0000 50.04 0.9134 0.9144 2.681937 
461.7928 39.467 252.660 -0.29026 -0.92965 0.609 0.19047 19.0000 51.90 0.9132 0.9142 2.684845 
461.2921 39.408 252.750 -0.28842 -0.92885 0.603 0.19228 19.0000 53.27 0.9134 0.9145 2.687759 
460.7911 39.345 252.839 -0.28663 -0.92817 0.598 0.19428 19.0000 53.32 0.9135 0.9145 2.690681 
460.2901 39.285 252.912 -0.28512 -0.92747 0.592 0.19617 19.0000 53.47 0.9135 0.9146 2.693610 
459.7889 39.225 252.992 -0.28343 -0.92662 0.592 0.19804 19.0000 52.92 0.9134 0.9145 2.696546 
459.2877 39.167 253.078 -0.28166 -0.92579 0.590 0.19980 19.0000 53.39 0.9138 0.9149 2.699489 
458.7863 39.114 253.157 -0.28004 -0.92505 0.590 0.20142 19.0000 53.39 0.9143 0.9154 2.702439 
458.2848 39.057 253.235 -0.27837 -0.92405 0.591 0.20313 19.0000 54.22 0.9145 0.9155 2.705396 
457.7832 39.000 253.319 -0.27643 -0.92247 0.595 0.20470 19.0000 55.22 0.9141 0.9152 2.708360 
457.2815 38.953 253.402 -0.27448 -0.92084 0.589 0.20590 19.0000 55.94 0.9140 0.9150 2.711332 
456.7796 38.907 253.487 -0.27270 -0.91984 0.592 0.20718 19.0000 56.39 0.9149 0.9159 2.714311 
456.2777 38.863 253.574 -0.27101 -0.91929 0.588 0.20852 19.0000 57.93 0.9158 0.9169 2.717297 
455.7756 38.818 253.662 -0.26908 -0.91792 0.583 0.20969 19.0000 57.78 0.9163 0.9174 2.720290 
455.2734 38.778 253.741 -0.26738 -0.91676 0.575 0.21072 19.0000 57.50 0.9167 0.9177 2.723291 
454.7711 38.730 253.820 -0.26578 -0.91603 0.572 0.21214 19.0000 57.18 0.9174 0.9184 2.726299 
454.2687 38.690 253.895 -0.26428 -0.91529 0.560 0.21330 19.0000 55.56 0.9184 0.9194 2.729314 
453.7662 38.631 253.964 -0.26297 -0.91492 0.555 0.21520 19.0000 53.45 0.9191 0.9201 2.732336 
453.2635 38.570 254.033 -0.26156 -0.91413 0.549 0.21706 19.0000 51.30 0.9193 0.9202 2.735367 
452.7608 38.510 254.098 -0.26031 -0.91373 0.540 0.21900 19.0000 48.31 0.9198 0.9208 2.738404 
452.2579 38.448 254.163 -0.25904 -0.91320 0.535 0.22097 19.0000 44.54 0.9203 0.9212 2.741449 
451.7549 38.386 254.226 -0.25784 -0.91277 0.538 0.22296 19.0000 42.50 0.9207 0.9217 2.744501 
451.2518 38.323 254.287 -0.25666 -0.91231 0.537 0.22499 19.0000 39.28 0.9212 0.9221 2.747561 
450.7485 38.258 254.347 -0.25559 -0.91213 0.535 0.22712 19.0000 36.68 0.9219 0.9229 2.750629 
450.2452 38.194 254.405 -0.25444 -0.91158 0.538 0.22918 19.0000 34.15 0.9221 0.9231 2.753704 
449.7417 38.128 254.462 -0.25336 -0.91121 0.537 0.23134 19.0000 31.36 0.9226 0.9236 2.756787 
449.2382 38.062 254.515 -0.25238 -0.91098 0.540 0.23351 19.0000 30.22 0.9231 0.9241 2.759876 
448.7345 37.994 254.569 -0.25137 -0.91063 0.538 0.23573 19.0000 28.72 0.9235 0.9245 2.762974 
448.2307 37.927 254.619 -0.25044 -0.91041 0.536 0.23798 19.0000 27.00 0.9241 0.9251 2.766080 
447.7267 37.858 254.668 -0.24960 -0.91041 0.533 0.24033 19.0000 25.95 0.9248 0.9258 2.769193 
447.2227 37.789 254.716 -0.24876 -0.91030 0.529 0.24267 19.0000 24.67 0.9254 0.9264 2.772314 
446.7186 37.719 254.763 -0.24785 -0.90987 0.525 0.24498 19.0000 22.08 0.9256 0.9266 2.775443 
446.2143 37.648 254.807 -0.24709 -0.90987 0.520 0.24741 19.0000 20.48 0.9263 0.9273 2.778580 
445.7099 37.577 254.849 -0.24636 -0.90986 0.513 0.24987 19.0000 18.85 0.9269 0.9279 2.781724 
445.2054 37.505 254.890 -0.24567 -0.90987 0.511 0.25237 19.0000 17.09 0.9275 0.9285 2.784876 
444.7008 37.432 254.929 -0.24500 -0.90986 0.512 0.25489 19.0000 15.75 0.9281 0.9291 2.788036 
444.1960 37.358 254.966 -0.24437 -0.90988 0.509 0.25745 19.0000 13.98 0.9287 0.9297 2.791204 
443.6912 37.284 255.002 -0.24377 -0.90989 0.511 0.26004 19.0000 12.76 0.9292 0.9302 2.794380 
443.1862 37.209 255.036 -0.24321 -0.90997 0.517 0.26267 19.0000 11.50 0.9298 0.9308 2.797564 
442.6812 37.134 255.068 -0.24275 -0.91024 0.517 0.26537 19.0000 10.60 0.9305 0.9316 2.800756 
442.1759 37.057 255.099 -0.24225 -0.91034 0.522 0.26808 19.0000 9.68 0.9311 0.9321 2.803956 
441.6706 36.981 255.127 -0.24178 -0.91042 0.526 0.27079 19.0000 9.09 0.9316 0.9326 2.807164 
441.1652 36.903 255.154 -0.24139 -0.91067 0.523 0.27360 19.0000 8.41 0.9322 0.9333 2.810380 
440.6596 36.825 255.180 -0.24102 -0.91091 0.524 0.27642 19.0000 8.00 0.9329 0.9340 2.813605 
440.1540 36.746 255.204 -0.24063 -0.91098 0.526 0.27925 19.0000 7.49 0.9332 0.9343 2.816837 
439.6482 36.746 255.204 -0.24063 -0.91098 0.526 0.27925 19.0000 7.05 0.9332 0.9343 2.820077 

# MINIMA:
439.6482 2.448 1.695 -31.78298 -54.03626 -5015.889 -20.86123 19.0000 7.05 0.5276 0.5609 1.240099 

# MAXIMA:
999.7925 88.930 357.237 57.90527 45.54047 244.073 67.35753 19.0000 57.93 3.71790263693502054E18 2.9768962421905005E20 2.820077 

# PEAKS:

# END SPECTRUM

