## SPECTRUM TYPE:
LCE

## DATE:
22/09/2026

## COMMENTS:

## NUMBER OF SPECTRUM:
1

## ELLIPSOMETRIC CONFIGURATION:
0.00 ø :Modulator
+45.00 øAnalyser

## UNIT:
nm


# SPECTRUM:
1

# CAPTION:


# START TIME:
12:08:11

# END TIME:
12:08:11

# THETA ANGLE:
0.00 ø

# INCIDENCE ANGLE:
69.95 ø

# ACCUMULATION NUMBER:
14

# ELLIPSOMETRIC CONFIGURATION:
0.00 ø :Modulator
+45.00 øAnalyser

# INTEGRATION TIME:
16 ms

# FIRST POINT:
999.79 nm

# LAST POINT:
439.65 nm

# INCREMENT:
0.00 nm

# NUMBER OF POINTS:
1273

# DATA:
nm Psi Delta Ic Is Reflectance IcPrim IntegrationTime IntensityMax Polarization PolarizationGen eV 
999.7925 1.645 199.721 -3.64441 -1.30640 0.000 67.35752 16.0000 5.28 2.72198891887342387E18 1.85229490256074506E19 1.240099 
999.4089 1.645 199.721 -3.64441 -1.30640 0.606 67.35752 16.0000 5.25 2.53165273586702746E18 1.72277265271105782E19 1.240575 
999.0253 1.645 199.721 -3.64441 -1.30640 0.362 67.35752 16.0000 5.35 2.41338596664855757E18 1.64229268965320294E19 1.241052 
998.6415 1.645 199.721 -3.64441 -1.30640 0.582 67.35752 16.0000 5.35 2.27848770967044096E18 1.55049534345948692E19 1.241529 
998.2578 1.645 199.721 -3.64441 -1.30640 0.155 67.35752 16.0000 5.44 2.12511009820324659E18 1.44612288277889679E19 1.242006 
997.8739 1.645 199.721 -3.64441 -1.30640 0.411 67.35752 16.0000 5.45 1.9514054029564969E18 1.32791812601623347E19 1.242484 
997.4900 1.645 199.721 -3.64441 -1.30640 -0.011 67.35752 16.0000 5.43 1.75552575720076083E18 1.19462323186932122E19 1.242962 
997.1060 1.645 199.721 -3.64441 -1.30640 0.008 67.35751 16.0000 5.51 1.53562301932870042E18 1.04498112869412372E19 1.243440 
996.7219 1.645 199.721 -3.64441 -1.30640 -2.708 67.35752 16.0000 5.55 1.28984932261088461E18 8.77733920212883866E18 1.243920 
996.3377 1.645 199.721 -3.64441 -1.30640 -0.603 67.35752 16.0000 5.61 1.01635700647631258E18 6.91624314879239782E18 1.244399 
995.9535 1.645 199.721 -3.64441 -1.30640 0.015 67.35752 16.0000 5.59 716993662776508416.0000 4.87909824141878886E18 1.244879 
995.5692 1.645 199.721 -3.64441 -1.30640 0.770 67.35752 16.0000 5.68 393607330039595008.0000 2.67848069400651366E18 1.245360 
995.1848 1.645 199.721 -3.64441 -1.30640 -0.514 67.35752 16.0000 5.80 51741810317328384.0000 352158284293079040.0000 1.245841 
994.8003 1.645 199.721 -3.64441 -1.30640 0.015 67.35752 16.0000 5.84 295667507161726976.0000 2.01200168778648781E18 1.246322 
994.4158 1.645 199.721 -3.64441 -1.30640 0.010 67.35752 16.0000 5.78 630141315153133568.0000 4.28806731077989171E18 1.246804 
994.0311 30.776 152.422 -0.88996 0.46483 0.009 0.54399 16.0000 5.86 2.9511 1572577713586176.0000 1.247287 
993.6464 29.251 152.620 -0.86064 0.44573 0.341 0.59389 16.0000 5.89 2.5523 204435108134912.0000 1.247770 
993.2617 24.873 153.385 -0.77994 0.39082 0.798 0.73861 16.0000 5.87 1.8349 1997173751283712.0000 1.248253 
992.8768 1.077 194.560 -0.06626 -0.01721 -0.081 1.81999 16.0000 5.94 1.1075 3727009410711552.0000 1.248737 
992.4919 52.319 153.329 -1.75546 0.88179 0.074 -0.51310 16.0000 5.94 2.8674 3.7009 1.249221 
992.1069 4.290 147.213 -0.12423 0.08002 -5.260 0.97938 16.0000 6.00 0.8386 1.1670 1.249706 
991.7218 6.590 137.393 -0.11063 0.10176 -0.332 0.64189 16.0000 6.14 0.6933 0.8781 1.250191 
991.3367 26.638 118.226 -0.07327 0.13651 0.187 0.11558 16.0000 6.20 0.5740 0.6388 1.250677 
990.9514 75.087 112.619 -0.07416 0.17799 0.847 -0.33634 16.0000 6.17 0.8152 1.0842 1.251163 
990.5661 6.886 150.063 -0.10365 0.05969 8.631 0.48801 16.0000 6.12 0.7024 0.7416 1.251650 
990.1807 2.993 108.377 -0.02305 0.06938 -15.109 0.69737 16.0000 6.20 0.6711 0.7357 1.252137 
989.7953 1.250 138.709 -0.02781 0.02443 -0.297 0.84817 16.0000 6.28 0.7203 0.7786 1.252625 
989.4097 2.708 154.546 -0.08671 0.04127 -1.496 1.01287 16.0000 6.40 0.7547 0.8295 1.253113 
989.0241 4.094 161.731 -0.13920 0.04595 0.738 1.01882 16.0000 6.37 0.7761 0.8631 1.253601 
988.6384 6.909 171.314 -0.21796 0.03330 1.115 0.89642 16.0000 6.29 0.7453 0.8194 1.254090 
988.2526 7.727 155.084 -0.19412 0.09017 19.611 0.77416 16.0000 6.47 0.6920 0.7785 1.254580 
987.8668 8.354 153.461 -0.20735 0.10356 0.749 0.77219 16.0000 6.44 0.6908 0.7778 1.255070 
987.4809 6.388 155.074 -0.19663 0.09138 -2948.024 0.95616 16.0000 6.45 0.6987 0.7510 1.255560 
987.0949 6.156 153.165 -0.21597 0.10926 0.806 1.10893 16.0000 6.56 0.6954 0.7114 1.256051 
986.7088 3.431 159.414 -0.13272 0.04985 0.708 1.17799 16.0000 6.61 0.7780 0.7876 1.256543 
986.3226 3.741 200.942 -0.13678 -0.05234 -1.624 1.11511 16.0000 6.64 0.8664 0.8737 1.257035 
985.9364 4.102 155.895 -0.13278 0.05941 -5.651 1.00885 16.0000 6.71 0.9308 0.9473 1.257527 
985.5501 5.372 131.582 -0.12056 0.13588 59.072 0.95738 16.0000 6.65 1.0283 1.0692 1.258020 
985.1638 6.695 125.962 -0.13939 0.19211 -1.456 0.99700 16.0000 6.71 1.1668 1.2122 1.258513 
984.7773 7.935 126.053 -0.16886 0.23196 0.766 1.00919 16.0000 6.87 1.2241 1.2615 1.259007 
984.3907 9.667 121.971 -0.17795 0.28509 -0.314 0.95784 16.0000 6.94 1.0909 1.1201 1.259502 
984.0041 8.254 112.532 -0.11313 0.27268 -0.270 0.99611 16.0000 7.01 1.0036 1.0299 1.259997 
983.6174 6.080 109.861 -0.07073 0.19582 0.354 0.96624 16.0000 7.10 0.7901 0.8242 1.260492 
983.2307 5.782 104.236 -0.05685 0.22408 0.430 1.12975 16.0000 7.08 0.7417 0.7772 1.260988 
982.8438 6.052 211.555 -0.21932 -0.13469 0.356 1.20015 16.0000 7.11 0.8341 0.8619 1.261484 
982.4569 6.264 19.067 0.21192 0.07325 0.395 1.00897 16.0000 7.18 0.7954 0.8818 1.261981 
982.0699 7.831 77.838 0.04857 0.22536 -2.053 0.82224 16.0000 7.28 0.7299 0.8055 1.262478 
981.6828 10.542 122.462 -0.15289 0.24034 -0.008 0.73884 16.0000 7.34 0.7274 0.7805 1.262976 
981.2957 12.653 134.390 -0.28418 0.29030 -0.004 0.85917 16.0000 7.35 0.7585 0.7965 1.263474 
980.9084 15.750 138.994 -0.33423 0.29061 0.003 0.72275 16.0000 7.38 0.8094 1.0344 1.263973 
980.5211 30.534 139.436 -0.51035 0.43687 0.005 0.37135 16.0000 7.47 0.6086 0.6794 1.264472 
980.1337 33.353 142.139 -0.58249 0.45283 -0.001 0.31765 16.0000 7.52 0.5874 0.7978 1.264972 
979.7463 31.704 148.233 -0.74414 0.46079 -0.001 0.43815 16.0000 7.43 0.6273 1.0372 1.265472 
979.3587 57.037 120.192 -1.63019 2.80187 4.770 -1.44827 16.0000 7.51 0.6970 0.9477 1.265973 
978.9711 71.294 86.476 0.07196 1.16838 4.010 -1.53038 16.0000 7.58 0.7041 1.3748 1.266474 
978.5834 84.662 109.331 -0.04145 0.11815 0.773 -0.66420 16.0000 7.56 0.6763 1.6132 1.266976 
978.1956 46.868 269.651 -0.00037 -0.06054 5.293 -0.00395 16.0000 7.64 0.6611 1.6929 1.267478 
977.8077 7.877 232.401 -0.06374 -0.08277 -1.970 0.37030 16.0000 7.80 0.7089 1.6056 1.267981 
977.4199 5.228 217.301 -0.09908 -0.07548 2.000 0.67497 16.0000 7.77 0.8543 1.4087 1.268484 
977.0319 8.261 206.375 -0.18984 -0.09414 1.704 0.71437 16.0000 7.77 0.9212 1.0848 1.268988 
976.6437 10.664 202.072 -0.27388 -0.11106 0.779 0.75691 16.0000 7.82 0.9159 1.3084 1.269493 
976.2556 10.948 200.727 -0.35147 -0.13300 -6.315 0.93498 16.0000 7.90 1.1582 1.3243 1.269997 
975.8674 5.080 160.871 -0.17648 0.06121 0.783 1.04233 16.0000 8.02 1.1985 1.2933 1.270502 
975.4790 11.317 142.923 -0.31211 0.23585 0.615 0.93821 16.0000 8.06 1.2116 1.3239 1.271008 
975.0906 6.416 153.168 -0.18659 0.09439 -1.103 0.91796 16.0000 7.96 1.2141 1.2958 1.271515 
974.7021 6.083 151.152 -0.17031 0.09381 -8.828 0.90187 16.0000 8.11 1.1873 1.2916 1.272021 
974.3136 5.285 154.892 -0.15627 0.07323 0.702 0.92483 16.0000 8.09 1.0697 1.1374 1.272529 
973.9250 4.775 157.002 -0.13921 0.05908 0.017 0.89892 16.0000 8.13 0.8829 0.9178 1.273036 
973.5363 3.634 160.098 -0.10488 0.03797 0.035 0.87454 16.0000 8.24 0.7435 0.7778 1.273545 
973.1475 4.205 188.472 -0.09235 -0.01376 -3.283 0.63150 16.0000 8.25 0.5584 0.6136 1.274053 
972.7586 6.249 14.076 0.09244 0.02318 -1.763 0.42997 16.0000 8.30 0.5618 0.5996 1.274563 
972.3697 4.702 120.342 -0.02900 0.04955 -0.658 0.34662 16.0000 8.44 0.5252 0.5596 1.275073 
971.9807 21.764 155.815 -0.13639 0.06125 -0.362 0.15740 16.0000 8.37 0.5397 0.5915 1.275583 
971.5916 33.322 157.023 -0.17141 0.07268 -0.446 0.08040 16.0000 8.44 0.6893 0.7392 1.276094 
971.2024 20.382 154.350 -0.20188 0.09694 0.282 0.25978 16.0000 8.68 0.9928 1.0173 1.276605 
970.8131 18.022 153.556 -0.19703 0.09800 0.028 0.30240 16.0000 8.54 1.0888 1.1149 1.277117 
970.4238 14.253 153.647 -0.19835 0.09826 0.004 0.40760 16.0000 8.58 1.1000 1.1435 1.277629 
970.0344 12.805 124.630 -0.12747 0.18457 0.004 0.46797 16.0000 8.88 1.0646 1.1557 1.278142 
969.6449 9.039 155.007 -0.20192 0.09412 0.001 0.68250 16.0000 8.86 1.2036 1.2915 1.278656 
969.2553 9.859 176.873 -0.29180 0.01594 0.000 0.81537 16.0000 8.82 1.1594 1.2287 1.279170 
968.8657 10.328 191.970 -0.38529 -0.08169 -0.892 1.04478 16.0000 8.91 1.0356 1.1062 1.279684 
968.4760 12.826 200.665 -0.50129 -0.18907 0.753 1.11560 16.0000 9.04 0.9687 1.0298 1.280199 
968.0861 13.952 204.802 -0.47685 -0.22035 0.202 0.99197 16.0000 9.27 0.9555 1.0195 1.280714 
967.6962 16.679 202.068 -0.64568 -0.26176 -0.953 1.05834 16.0000 9.14 0.8362 0.8967 1.281230 
967.3063 11.823 197.195 -0.46972 -0.14536 0.780 1.12297 16.0000 9.23 1.0118 1.0476 1.281747 
966.9163 9.009 186.910 -0.34052 -0.04127 0.808 1.05460 16.0000 9.40 0.9393 1.0441 1.282264 
966.5261 2.730 91.306 -0.00218 0.09565 -3.655 1.00072 16.0000 9.24 0.8499 1.0039 1.282782 
966.1359 4.897 131.903 -0.13175 0.14682 0.749 1.14281 16.0000 9.07 0.9794 1.2292 1.283300 
965.7457 5.238 149.413 -0.24103 0.14247 -0.472 1.51434 16.0000 9.17 1.0980 1.2877 1.283818 
965.3553 6.485 144.054 -0.22427 0.16262 0.788 1.20277 16.0000 9.50 0.9773 1.1370 1.284337 
964.9649 7.233 136.243 -0.15405 0.14750 7.623 0.82667 16.0000 9.52 0.8423 1.0477 1.284857 
964.5743 8.172 128.023 -0.10647 0.13616 0.978 0.58937 16.0000 9.39 0.7737 1.0676 1.285377 
964.1838 10.552 129.820 -0.11088 0.13299 0.165 0.44861 16.0000 9.55 0.7887 1.1440 1.285898 
963.7931 15.367 136.695 -0.15695 0.14793 0.899 0.36276 16.0000 9.54 0.8304 1.2294 1.286419 
963.4023 20.121 149.284 -0.26850 0.15953 0.100 0.36902 16.0000 9.61 0.7674 1.1262 1.286941 
963.0115 12.597 105.097 -0.06129 0.22719 0.737 0.50022 16.0000 9.74 0.7348 1.0727 1.287463 
962.6207 4.859 94.842 -0.00905 0.10686 0.681 0.62622 16.0000 9.85 0.6171 0.8160 1.287986 
962.2297 14.448 186.558 -0.55831 -0.06419 0.696 1.01819 16.0000 9.92 0.8579 0.9406 1.288509 
961.8386 11.170 178.953 -0.50362 0.00920 0.789 1.22573 16.0000 10.04 1.0145 1.2224 1.289033 
961.4474 14.075 188.063 -0.57967 -0.08212 0.741 1.09418 16.0000 10.19 0.9273 1.1400 1.289558 
961.0562 14.386 191.559 -0.54609 -0.11169 0.738 1.01505 16.0000 9.96 0.9381 1.2079 1.290083 
960.6649 14.971 194.814 -0.56551 -0.14956 0.016 1.01554 16.0000 10.25 0.8194 1.0313 1.290608 
960.2736 13.303 202.290 -0.46991 -0.19263 0.016 1.01390 16.0000 10.14 0.6802 0.7939 1.291134 
959.8821 11.219 192.323 -0.37575 -0.08208 0.614 0.93134 16.0000 10.19 0.6673 0.7068 1.291661 
959.4905 8.517 176.114 -0.26029 0.01768 0.745 0.85155 16.0000 10.17 0.7011 0.7729 1.292188 
959.0989 5.543 54.899 0.07582 0.10788 0.755 0.67296 16.0000 10.43 0.5882 0.7631 1.292715 
958.7073 2.147 180.852 -0.04185 -0.00062 1.543 0.55744 16.0000 10.42 0.5564 0.7247 1.293243 
958.3155 8.794 169.021 -0.19373 0.03758 -14.773 0.62255 16.0000 10.29 0.5634 0.5994 1.293772 
957.9236 8.131 168.145 -0.19042 0.03997 0.835 0.66701 16.0000 10.25 0.6197 0.6264 1.294301 
957.5317 6.272 169.762 -0.16115 0.02911 -68.119 0.73595 16.0000 10.35 0.7033 0.7086 1.294831 
957.1396 4.499 162.172 -0.11973 0.03850 0.773 0.79416 16.0000 10.19 0.8377 0.8571 1.295362 
956.7476 3.348 162.848 -0.10206 0.03150 -2.000 0.90974 16.0000 10.56 0.8972 0.9114 1.295892 
956.3554 1.415 158.480 -0.04508 0.01778 0.799 0.98062 16.0000 10.89 0.8979 0.9146 1.296424 
955.9632 3.288 187.841 -0.11711 -0.01613 -0.007 1.02546 16.0000 11.01 0.9627 0.9890 1.296956 
955.5709 1.149 160.877 -0.04357 0.01511 -0.005 1.14917 16.0000 10.78 1.0645 1.1101 1.297488 
955.1784 2.730 106.317 -0.02724 0.09307 -0.005 1.01466 16.0000 10.94 0.8253 0.8723 1.298021 
954.7859 6.370 95.845 -0.01829 0.17864 0.693 0.79424 16.0000 11.00 0.6693 0.8335 1.298555 
954.3934 12.432 101.700 -0.05864 0.28315 8.164 0.62396 16.0000 10.85 0.6525 0.9116 1.299089 
954.0007 18.454 108.420 -0.10337 0.31039 0.810 0.43559 16.0000 10.86 0.6572 0.9700 1.299624 
953.6080 16.175 140.065 -0.27115 0.22700 1.106 0.55832 16.0000 11.16 0.9313 1.2776 1.300159 
953.2152 26.812 128.733 -0.20991 0.26169 -0.672 0.24712 16.0000 11.24 0.5720 0.8805 1.300695 
952.8223 37.784 82.038 0.04227 0.30224 0.786 0.07854 16.0000 11.11 0.5587 0.9436 1.301231 
952.4293 46.796 21.012 0.53052 0.20377 0.846 -0.03568 16.0000 11.15 0.7220 1.1698 1.301768 
952.0363 28.294 345.590 0.75594 -0.19423 0.911 0.51489 16.0000 11.18 0.8856 1.3573 1.302305 
951.6432 15.554 357.846 0.88871 -0.03343 0.853 1.47386 16.0000 11.60 0.9796 1.4649 1.302843 
951.2499 18.090 11.759 0.93358 0.19433 1.186 1.30383 16.0000 11.21 0.8249 1.2830 1.303382 
950.8567 32.814 168.991 -19.60988 3.81511 3.050 9.05071 16.0000 11.26 0.7985 1.7795 1.303921 
950.4633 5.842 23.963 0.21436 0.09527 0.769 1.13426 16.0000 11.35 0.6272 0.8819 1.304461 
950.0699 6.402 148.447 -0.22062 0.13547 -0.168 1.13917 16.0000 11.56 1.0552 2.1379 1.305001 
949.6763 10.539 159.507 -0.33125 0.12380 -0.085 0.91755 16.0000 11.59 1.5776 3.1335 1.305542 
949.2827 10.133 152.265 -0.38253 0.20113 -0.059 1.17042 16.0000 11.68 1.3330 3.0337 1.306083 
948.8890 7.281 156.217 -0.35960 0.15848 -0.108 1.51279 16.0000 11.99 1.4936 3.0521 1.306625 
948.4953 9.559 151.778 -0.38368 0.20592 0.006 1.25625 16.0000 11.98 1.5057 2.8790 1.307167 
948.1014 11.494 156.396 -0.45687 0.19965 0.238 1.17534 16.0000 11.95 1.4261 2.1585 1.307710 
947.7075 11.696 152.124 -0.20076 0.10619 0.494 0.52502 16.0000 11.95 1.6006 2.4126 1.308254 
947.3135 10.333 138.356 -0.24204 0.21522 0.441 0.85866 16.0000 11.57 1.0336 2.7131 1.308798 
946.9194 7.823 104.817 -0.22081 0.83476 0.268 3.08312 16.0000 11.65 0.7931 3.4667 1.309343 
946.5253 7.497 127.380 -1.47982 1.93692 0.088 9.10047 16.0000 11.73 1.3956 4.0806 1.309888 
946.1310 75.592 333.294 43.27991 -21.77327 0.919 -88.06988 16.0000 12.22 2.9522 4.9357 1.310434 
945.7367 81.238 244.451 -0.30427 -0.63653 0.753 -2.23442 16.0000 11.91 1.1539 4.3519 1.310980 
945.3423 23.405 170.201 -1.73868 0.30029 0.250 1.65636 16.0000 12.26 2.1382 4.7081 1.311527 
944.9478 19.761 165.591 -2.49399 0.64077 0.126 3.12127 16.0000 12.43 3.5736 5.4768 1.312074 
944.5532 18.845 163.916 -4.39265 1.26651 0.832 5.91690 16.0000 12.12 4.3370 5.8858 1.312623 
944.1586 18.505 162.731 -19.88373 6.18129 -2.299 27.62233 16.0000 12.17 4.6952 5.9421 1.313171 
943.7639 72.006 341.821 3.85433 -1.26569 0.641 -5.58602 16.0000 12.33 4.5965 5.6441 1.313720 
943.3691 70.847 341.223 10.79935 -3.67159 1.576 -14.44008 16.0000 12.35 3.6052 5.2240 1.314270 
942.9742 68.489 344.129 3.67340 -1.04440 1.526 -4.09234 16.0000 12.49 2.1999 4.3242 1.314821 
942.5792 27.945 2.717 0.54563 0.02589 0.888 0.36998 16.0000 12.63 0.6292 3.5762 1.315372 
942.1841 13.198 153.153 -1.16124 0.58777 -1.117 2.62229 16.0000 12.57 2.1586 3.7778 1.315923 
941.7890 7.762 65.182 0.11142 0.24094 -1.046 0.95570 16.0000 12.81 0.7705 2.0383 1.316475 
941.3938 8.746 96.660 -0.03068 0.26275 -26.073 0.83945 16.0000 12.78 0.6672 0.9706 1.317028 
940.9985 21.859 32.309 0.54751 0.34625 0.380 0.67745 16.0000 12.78 0.6864 0.7511 1.317581 
940.6031 8.088 96.057 -0.02716 0.25596 -5.792 0.88736 16.0000 12.96 0.6592 0.7751 1.318135 
940.2077 13.427 152.634 -0.38319 0.19834 2.292 0.85219 16.0000 12.83 0.6776 0.8555 1.318689 
939.8122 18.497 169.466 -0.64192 0.11937 2.806 0.86667 16.0000 13.02 0.7430 0.9449 1.319244 
939.4166 18.714 178.688 -0.71116 0.01629 1.284 0.92946 16.0000 12.92 0.8870 1.0595 1.319800 
939.0209 18.454 172.141 -0.68926 0.09514 -4.015 0.92641 16.0000 12.80 0.9040 1.1406 1.320356 
938.6251 18.158 171.621 -0.63805 0.09398 0.840 0.87744 16.0000 13.03 0.9062 1.0822 1.320913 
938.2292 16.522 175.172 -0.52395 0.04425 0.771 0.80833 16.0000 13.25 0.8179 0.9296 1.321470 
937.8333 13.811 167.417 -0.46937 0.10477 0.800 0.91906 16.0000 13.12 0.9153 1.0253 1.322028 
937.4373 13.853 151.410 -0.43348 0.23624 -2.104 0.94003 16.0000 13.60 0.6743 0.9193 1.322586 
937.0412 6.044 19.817 0.14470 0.05214 8.303 0.71816 16.0000 13.44 0.6388 0.7562 1.323146 
936.6450 2.005 150.731 -0.04464 0.02502 0.820 0.73006 16.0000 13.16 0.8623 1.0974 1.323705 
936.2487 1.862 180.783 -0.05188 -0.00071 0.790 0.79726 16.0000 13.46 1.1097 1.5145 1.324266 
935.8524 1.827 201.991 -0.04328 -0.01748 0.604 0.73071 16.0000 13.58 1.1744 1.7352 1.324826 
935.4560 1.783 228.072 -0.02642 -0.02942 0.787 0.63453 16.0000 13.73 1.0977 1.7596 1.325388 
935.0594 4.236 297.102 0.03980 -0.07777 -0.368 0.58652 16.0000 13.87 1.0528 1.7008 1.325950 
934.6629 3.727 239.812 -0.05332 -0.09167 -0.038 0.81063 16.0000 13.71 1.1001 1.5025 1.326512 
934.2662 8.267 302.420 0.09568 -0.15065 0.846 0.60119 16.0000 13.72 0.8372 1.1494 1.327076 
933.8694 40.513 4.313 0.22111 0.01667 1.138 0.03502 16.0000 14.05 0.8042 1.3764 1.327640 
933.4727 9.131 195.791 -0.85282 -0.24117 -3.285 2.68567 16.0000 14.05 1.4217 2.4830 1.328204 
933.0757 10.274 188.851 -1.48344 -0.23100 -0.692 4.00523 16.0000 13.98 1.6277 2.8973 1.328769 
932.6787 10.530 185.424 -1.68491 -0.15998 0.797 4.39516 16.0000 14.24 1.5898 2.9286 1.329334 
932.2817 8.341 234.120 -6.27480 -8.67453 21.172 35.72416 16.0000 14.21 1.2595 2.5699 1.329901 
931.8845 8.963 257.724 -4.47768 -20.57753 0.160 65.09540 16.0000 14.19 1.1890 2.4828 1.330467 
931.4873 76.181 99.855 -0.43351 2.49560 -90.195 -4.83722 16.0000 14.27 0.9245 1.9546 1.331035 
931.0900 49.959 115.179 -0.32346 0.68804 0.249 -0.13294 16.0000 14.52 0.6248 1.2335 1.331603 
930.6926 15.369 141.840 -0.40350 0.31707 0.784 0.86297 16.0000 14.42 0.6713 0.7759 1.332171 
930.2951 8.910 119.763 -0.10743 0.18786 -3.829 0.67326 16.0000 14.43 0.6750 0.7629 1.332740 
929.8975 12.800 130.956 -0.20502 0.23622 0.041 0.65279 16.0000 14.69 0.6813 0.7465 1.333310 
929.4999 6.071 112.814 -0.06312 0.15006 5.989 0.75668 16.0000 14.93 0.7473 0.7755 1.333881 
929.1022 3.493 5.306 0.11841 0.01100 5.515 0.97046 16.0000 15.25 0.7833 0.8075 1.334452 
928.7043 4.110 328.365 0.12259 -0.07552 0.916 0.99662 16.0000 14.99 1.0559 1.1023 1.335023 
928.3065 1.532 351.631 0.05268 -0.00775 2.642 0.99451 16.0000 14.90 1.2014 1.2619 1.335595 
927.9085 2.155 348.325 0.07752 -0.01602 0.789 1.05020 16.0000 14.90 1.2486 1.3304 1.336168 
927.5104 2.554 352.570 0.09117 -0.01189 0.230 1.02868 16.0000 15.24 1.1715 1.2778 1.336742 
927.1123 3.449 351.001 0.11698 -0.01852 0.094 0.97904 16.0000 15.08 0.9786 1.1370 1.337316 
926.7141 3.495 352.602 0.10963 -0.01423 0.020 0.90182 16.0000 14.95 0.7872 1.0096 1.337890 
926.3158 2.399 350.465 0.06363 -0.01069 0.485 0.76878 16.0000 15.29 0.7648 0.8906 1.338466 
925.9174 5.131 157.058 -0.10833 0.04585 0.353 0.64978 16.0000 15.30 0.6884 0.7259 1.339042 
925.5190 2.631 150.710 -0.05562 0.03120 -0.117 0.69257 16.0000 15.30 0.5968 0.6261 1.339618 
925.1204 3.317 315.803 0.05609 -0.05453 -0.044 0.67260 16.0000 15.50 0.5611 0.6130 1.340195 
924.7218 1.012 245.591 -0.00759 -0.01672 -0.029 0.51980 16.0000 15.27 0.5668 0.5971 1.340773 
924.3231 1.825 165.346 -0.03329 0.00871 -0.016 0.53945 16.0000 15.53 0.5681 0.5853 1.341351 
923.9243 5.404 163.943 -0.11440 0.03293 0.900 0.62354 16.0000 15.67 0.5671 0.7414 1.341930 
923.5255 6.735 164.430 -0.16003 0.04459 0.799 0.69359 16.0000 15.98 0.6200 0.6503 1.342510 
923.1265 23.067 182.550 -0.93962 -0.04184 0.040 0.90402 16.0000 15.71 0.8093 1.1531 1.343090 
922.7275 4.106 145.907 -0.10096 0.06834 0.025 0.84487 16.0000 16.01 0.8921 1.0953 1.343671 
922.3283 9.359 18.299 0.27843 0.09207 0.826 0.86553 16.0000 15.96 1.1210 1.4584 1.344252 
921.9291 11.047 20.146 0.33957 0.12457 0.000 0.89101 16.0000 16.07 1.5623 2.0468 1.344834 
921.5298 13.064 16.590 0.41882 0.12477 0.000 0.89094 16.0000 16.08 1.7653 2.3375 1.345417 
921.1305 12.559 18.636 0.44086 0.14867 0.000 0.99238 16.0000 15.86 1.8054 2.4422 1.346000 
920.7311 13.958 16.168 0.47039 0.13637 0.000 0.92439 16.0000 16.02 1.6553 2.2278 1.346584 
920.3315 13.101 20.547 0.39668 0.14868 0.000 0.86087 16.0000 16.54 1.4563 1.9358 1.347169 
919.9319 8.442 36.091 0.12741 0.09288 0.000 0.51946 16.0000 16.22 1.8669 2.0871 1.347754 
919.5322 5.521 127.363 -0.07740 0.10137 1.045 0.65354 16.0000 16.01 1.2668 1.3936 1.348340 
919.1324 19.271 173.440 -0.47702 0.05485 0.784 0.60275 16.0000 16.50 1.1369 1.3877 1.348926 
918.7326 7.407 140.376 -0.15554 0.12878 2.948 0.76350 16.0000 16.30 0.8348 0.8689 1.349513 
918.3326 15.646 122.347 -0.35795 0.56519 -3.994 1.10067 16.0000 16.71 0.9231 1.3981 1.350101 
917.9326 1.510 191.825 -0.05857 -0.01226 0.841 1.13401 16.0000 16.56 0.5998 0.6616 1.350689 
917.5325 54.467 122.381 -0.25533 0.40262 1.486 -0.16355 16.0000 16.39 1.4892 1.8820 1.351278 
917.1323 49.754 113.707 -0.14703 0.33483 1.215 -0.06125 16.0000 16.44 2.2631 2.9187 1.351868 
916.7321 47.635 114.785 -0.15457 0.33474 3.138 -0.03401 16.0000 16.81 2.7252 3.5657 1.352458 
916.3317 56.880 114.378 -0.15337 0.33846 64.801 -0.16357 16.0000 16.83 2.7634 3.6506 1.353049 
915.9313 65.458 113.067 -0.15699 0.36866 0.866 -0.34729 16.0000 16.83 2.5052 3.3398 1.353641 
915.5308 72.584 112.153 -0.17792 0.43700 1.816 -0.67804 16.0000 17.05 2.0236 2.6914 1.354233 
915.1302 77.629 117.764 -0.40811 0.77523 0.843 -1.90103 16.0000 17.16 1.3316 1.7434 1.354826 
914.7295 3.432 310.997 0.11960 -0.13760 0.001 1.51443 16.0000 16.93 0.8041 0.8740 1.355419 
914.3287 9.377 114.883 -0.07020 0.15136 0.002 0.49143 16.0000 16.92 1.7082 2.0302 1.356013 
913.9279 0.848 32.367 0.02122 0.01345 -0.007 0.84840 16.0000 16.98 0.6682 0.7374 1.356608 
913.5270 1.394 169.750 -0.04116 0.00744 -0.012 0.85925 16.0000 17.05 0.6484 0.6966 1.357203 
913.1259 3.216 135.290 -0.06855 0.06786 0.779 0.85565 16.0000 17.23 0.6661 0.7062 1.357799 
912.7249 2.349 95.101 -0.00675 0.07558 0.000 0.92321 16.0000 16.83 0.7225 0.8051 1.358396 
912.3237 2.646 35.273 0.07823 0.05533 0.825 1.03442 16.0000 17.20 0.8040 0.9353 1.358993 
911.9224 6.730 16.101 0.24594 0.07099 -0.168 1.06955 16.0000 17.52 0.7723 0.9409 1.359591 
911.5211 20.037 118.788 -0.21041 0.38294 -0.162 0.51934 16.0000 17.66 0.6393 0.9108 1.360190 
911.1196 2.311 168.024 -0.05344 0.01134 0.095 0.67569 16.0000 17.71 0.5975 0.6325 1.360789 
910.7181 22.103 244.879 -0.33069 -0.70526 0.034 0.80085 16.0000 17.63 0.7948 0.9871 1.361389 
910.3165 24.130 38.716 0.67959 0.54478 0.057 0.77715 16.0000 17.78 1.1369 1.4684 1.361990 
909.9149 32.561 86.816 0.11274 2.02643 -0.037 0.94118 16.0000 17.48 1.7832 2.1656 1.362591 
909.5131 36.938 31.552 1.74557 1.07188 0.017 0.59218 16.0000 17.28 1.8967 2.3434 1.363193 
909.1113 41.775 8.106 2.99002 0.42584 0.005 0.34147 16.0000 17.54 2.4310 2.9341 1.363795 
908.7093 42.612 359.332 3.53459 -0.04123 0.002 0.29528 16.0000 17.67 2.8700 3.4208 1.364399 
908.3073 43.028 354.034 3.55595 -0.37161 0.001 0.24650 16.0000 17.45 3.0025 3.4862 1.365003 
907.9052 44.256 355.327 3.88284 -0.31737 0.004 0.10122 16.0000 17.64 3.0172 3.4006 1.365607 
907.5031 56.772 359.352 3.19559 -0.03616 -0.781 -1.39249 16.0000 17.68 2.9663 3.3464 1.366212 
907.1008 36.728 0.436 3.42678 0.02608 -0.002 1.01796 16.0000 17.60 2.3942 2.6411 1.366818 
906.6984 22.527 13.332 0.77761 0.18428 -0.002 0.79766 16.0000 17.74 2.9540 3.1981 1.367425 
906.2960 14.778 44.860 1.12989 1.12436 -0.034 2.81104 16.0000 17.64 2.7664 2.8177 1.368032 
905.8935 15.495 87.025 0.91108 17.52884 -0.234 29.22397 16.0000 18.00 3.3211 3.5041 1.368640 
905.4909 75.963 230.478 -2.28144 -2.76541 0.007 -6.72134 16.0000 17.81 3.1244 3.3172 1.369248 
905.0883 76.858 226.541 -1.31206 -1.38458 4.608 -3.86237 16.0000 17.91 3.0609 3.3106 1.369857 
904.6855 78.821 268.088 -0.08647 -2.59066 0.533 -6.30234 16.0000 18.33 3.7075 4.5644 1.370467 
904.2826 80.248 174.213 -0.77659 0.07870 -0.004 -2.20371 16.0000 18.15 1.9455 2.5481 1.371078 
903.8797 39.830 109.088 -0.67402 1.94775 -0.002 0.37606 16.0000 18.51 2.1531 4.3772 1.371689 
903.4767 21.968 143.185 -1.83986 1.37716 0.911 2.38524 16.0000 18.33 3.7137 6.5812 1.372301 
903.0736 27.707 143.086 -1.91173 1.43607 0.114 1.64866 16.0000 18.35 3.7400 7.5565 1.372913 
902.6704 26.675 144.225 -1.90101 1.36978 0.009 1.74331 16.0000 18.48 4.0603 7.9584 1.373527 
902.2672 25.796 146.940 -1.69368 1.10241 -0.005 1.60218 16.0000 18.39 4.0863 7.5763 1.374140 
901.8638 24.879 149.535 -1.38580 0.81516 5.948 1.36064 16.0000 18.45 3.7575 6.4456 1.374755 
901.4604 23.982 148.540 -0.81133 0.49642 -0.024 0.85751 16.0000 18.33 3.0138 4.5133 1.375370 
901.0569 33.683 143.113 -0.16346 0.12267 -0.013 0.08522 16.0000 18.68 2.3250 2.7606 1.375986 
900.6533 64.971 337.048 1.03221 -0.43713 -0.723 -0.93865 16.0000 18.52 2.6290 4.4598 1.376603 
900.2496 86.768 316.137 0.04869 -0.04679 -0.168 -0.59598 16.0000 18.73 1.5996 1.8194 1.377220 
899.8458 7.555 33.367 0.37873 0.24941 0.112 1.67959 16.0000 18.43 0.8352 2.0670 1.377838 
899.4420 73.715 191.623 -8.30355 -1.70800 0.155 -13.27062 16.0000 18.72 1.0819 3.1692 1.378457 
899.0380 70.921 189.676 -2.77144 -0.47256 -0.291 -3.57811 16.0000 18.82 1.2957 3.8895 1.379076 
898.6340 70.109 188.229 -1.50357 -0.21745 0.073 -1.82456 16.0000 18.88 1.4943 4.1829 1.379696 
898.2299 66.041 178.591 -1.93880 0.04769 -0.529 -1.75121 16.0000 18.76 1.5224 4.0074 1.380317 
897.8257 77.628 192.946 -3.27018 -0.75172 -0.366 -7.28077 16.0000 18.98 1.1964 3.2483 1.380938 
897.4214 5.747 125.708 -0.29053 0.40421 0.147 2.44786 16.0000 19.42 1.0837 2.1791 1.381560 
897.0171 15.043 159.257 -0.61585 0.23324 0.013 1.13668 16.0000 19.00 1.3700 1.5389 1.382183 
896.6127 23.655 166.332 -0.69276 0.16847 0.011 0.65765 16.0000 18.93 1.9312 2.6753 1.382807 
896.2081 19.243 161.515 -0.71643 0.23950 0.006 0.95012 16.0000 19.07 1.5716 1.6948 1.383431 
895.8035 19.967 159.796 -0.70470 0.25934 0.007 0.89695 16.0000 19.14 1.5359 1.8148 1.384056 
895.3989 20.349 158.318 -0.68729 0.27326 0.004 0.85992 16.0000 19.02 1.2687 1.7059 1.384681 
894.9941 18.159 156.667 -0.55400 0.23897 13.901 0.82083 16.0000 19.50 1.0966 1.6597 1.385307 
894.5892 11.834 153.235 -0.31946 0.16113 0.820 0.81635 16.0000 19.64 0.8454 1.4689 1.385934 
894.1843 3.202 356.401 0.10433 -0.00656 0.000 0.93143 16.0000 19.32 0.7569 1.2913 1.386562 
893.7792 7.594 147.529 -0.21040 0.13389 0.004 0.91862 16.0000 19.43 0.8151 1.3884 1.387190 
893.3741 3.730 139.005 -0.09471 0.08232 0.828 0.95836 16.0000 19.36 0.8037 1.3041 1.387819 
892.9689 2.257 16.749 0.07232 0.02177 -4.629 0.95670 16.0000 19.65 0.7267 1.0547 1.388449 
892.5637 7.625 341.082 0.23317 -0.07991 -0.558 0.90411 16.0000 19.75 0.6727 0.8171 1.389079 
892.1583 9.941 335.873 0.30600 -0.13705 0.193 0.92713 16.0000 20.08 0.6243 0.7617 1.389711 
891.7528 7.718 335.473 0.20412 -0.09314 0.371 0.81259 16.0000 19.55 0.6284 0.8130 1.390343 
891.3473 8.275 327.930 0.17496 -0.10962 -0.294 0.69479 16.0000 19.88 0.6003 0.8253 1.390975 
890.9417 7.406 318.286 0.11260 -0.10037 0.781 0.57039 16.0000 19.75 0.5859 0.8011 1.391608 
890.5359 4.446 301.943 0.05407 -0.08672 0.000 0.65315 16.0000 19.81 0.5818 0.7579 1.392242 
890.1302 3.797 266.578 -0.00426 -0.07130 0.043 0.53578 16.0000 20.13 0.5475 0.6538 1.392877 
889.7243 4.034 217.333 -0.04627 -0.03529 0.000 0.41051 16.0000 19.81 0.5251 0.6463 1.393512 
889.3184 7.580 320.243 0.07124 -0.05926 0.000 0.34203 16.0000 19.84 0.5201 0.5478 1.394148 
888.9123 6.309 342.829 0.08360 -0.02583 0.798 0.39088 16.0000 19.96 0.5258 0.5628 1.394785 
888.5062 5.734 344.271 0.08232 -0.02318 -1.422 0.42156 16.0000 20.61 0.5372 0.6599 1.395423 
888.1000 4.092 153.538 -0.09585 0.04771 -65.065 0.74455 16.0000 20.22 0.6749 0.7534 1.396061 
887.6937 4.229 160.181 -0.11470 0.04134 0.833 0.81985 16.0000 20.38 0.7737 0.8692 1.396700 
887.2873 4.748 160.958 -0.13709 0.04732 -574.923 0.86693 16.0000 20.77 0.8159 0.9188 1.397340 
886.8808 5.488 158.724 -0.16424 0.06396 0.808 0.90872 16.0000 20.31 0.8809 0.9535 1.397980 
886.4743 4.266 163.945 -0.14570 0.04193 1.075 1.01066 16.0000 20.43 0.7820 0.8484 1.398621 
886.0676 6.340 167.041 -0.18917 0.04353 0.890 0.86275 16.0000 20.38 0.7251 0.7688 1.399263 
885.6609 7.810 167.504 -0.23193 0.05140 0.813 0.84966 16.0000 20.39 0.6966 0.7137 1.399906 
885.2541 6.867 164.936 -0.18991 0.05112 0.044 0.80466 16.0000 20.65 0.6581 0.6991 1.400549 
884.8472 6.599 163.246 -0.16532 0.04977 0.007 0.73616 16.0000 20.48 0.6126 0.6529 1.401193 
884.4402 6.405 159.727 -0.13368 0.04938 97.565 0.62673 16.0000 20.78 0.5761 0.6127 1.401838 
884.0332 10.804 157.853 -0.20168 0.08209 0.761 0.54974 16.0000 20.92 0.5959 0.6180 1.402483 
883.6260 9.349 155.525 -0.19164 0.08723 0.000 0.62218 16.0000 20.84 0.5975 0.6126 1.403130 
883.2188 9.309 152.745 -0.18340 0.09448 0.000 0.61238 16.0000 21.19 0.5979 0.6088 1.403777 
882.8115 8.227 131.884 -0.11427 0.12743 0.000 0.57953 16.0000 20.96 0.6143 0.6498 1.404424 
882.4041 1.540 185.473 -0.03412 -0.00327 0.029 0.63710 16.0000 21.05 0.5601 0.5647 1.405073 
881.9966 3.337 231.556 -0.05252 -0.06616 0.019 0.72198 16.0000 21.12 0.5926 0.6419 1.405722 
881.5890 4.821 255.446 -0.03336 -0.12849 0.013 0.78142 16.0000 21.28 0.6411 0.7492 1.406372 
881.1813 8.136 266.557 -0.01158 -0.19253 0.011 0.66075 16.0000 21.03 0.6115 0.7633 1.407023 
880.7736 15.442 323.261 0.22076 -0.16478 0.351 0.46057 16.0000 21.47 0.6046 0.8723 1.407674 
880.3658 32.696 275.257 0.02757 -0.29959 -0.011 0.13780 16.0000 20.94 0.5539 0.7415 1.408326 
879.9579 47.740 290.003 1.14038 -3.13270 -0.013 -0.31986 16.0000 21.30 1.0538 1.2875 1.408979 
879.5499 37.202 165.162 -0.61602 0.16320 0.011 0.17789 16.0000 21.19 0.5879 0.7954 1.409632 
879.1418 37.442 132.275 -1.10019 1.21014 0.068 0.44179 16.0000 21.31 1.3364 1.5223 1.410287 
878.7336 33.486 127.879 -1.06949 1.37487 -0.004 0.74039 16.0000 21.26 2.0791 2.2543 1.410942 
878.3253 34.263 126.782 -1.20819 1.61607 -0.085 0.79380 16.0000 21.74 2.4034 2.6990 1.411598 
877.9170 34.180 125.603 -1.22970 1.71742 0.811 0.83800 16.0000 21.60 2.5236 2.9110 1.412254 
877.5085 35.469 118.683 -1.18663 2.16900 226.206 0.85431 16.0000 21.75 2.4096 2.8939 1.412912 
877.1000 33.348 123.008 -1.05184 1.61922 0.940 0.83169 16.0000 21.95 1.9635 2.5198 1.413570 
876.6915 29.088 127.892 -0.72635 0.93332 0.840 0.73397 16.0000 21.91 1.3276 1.9810 1.414228 
876.2828 23.942 233.357 -0.33814 -0.45459 0.055 0.51221 16.0000 21.89 0.7935 1.0558 1.414888 
875.8740 41.848 285.944 1.23889 -4.33647 0.097 0.49820 16.0000 22.32 1.1726 1.2800 1.415548 
875.4651 16.093 179.791 -0.61211 0.00224 0.024 0.97254 16.0000 22.32 7.5159 42.4052 1.416209 
875.0562 26.278 138.461 -1.05124 0.93132 0.130 1.07551 16.0000 22.24 2.0908 10.6557 1.416871 
874.6472 18.642 163.019 -0.72013 0.21991 2.623 0.98895 16.0000 21.97 9.0458 51.8625 1.417534 
874.2380 17.870 165.738 -0.69261 0.17606 0.000 0.99305 16.0000 22.33 14.2942 81.1016 1.418197 
873.8289 17.696 166.382 -0.68565 0.16611 0.793 0.99302 16.0000 22.06 17.4032 98.7576 1.418861 
873.4196 17.688 166.492 -0.68617 0.16483 0.818 0.99390 16.0000 22.79 18.2964 104.6207 1.419526 
873.0102 17.743 166.151 -0.68778 0.16956 0.004 0.99361 16.0000 22.46 17.2352 98.7151 1.420192 
872.6007 17.891 164.804 -0.69366 0.18841 -0.044 0.99729 16.0000 22.25 14.1244 81.0418 1.420858 
872.1912 18.663 161.055 -0.72370 0.24842 -0.073 1.00347 16.0000 22.71 8.7754 51.7854 1.421525 
871.7816 32.364 130.394 -1.39532 1.63983 -0.029 1.01648 16.0000 22.14 1.7666 10.4823 1.422193 
871.3718 15.593 180.206 -0.59663 -0.00215 0.800 0.98574 16.0000 23.06 7.9492 42.6424 1.422862 
870.9620 16.187 254.788 -0.14519 -0.53394 -0.085 0.87276 16.0000 22.92 0.7612 0.8324 1.423532 
870.5521 9.886 109.727 -0.09710 0.27078 0.819 0.80021 16.0000 22.98 0.6548 0.7658 1.424202 
870.1422 2.715 195.026 -0.06651 -0.01785 0.822 0.72438 16.0000 23.10 0.5993 0.7290 1.424873 
869.7321 4.636 184.936 -0.12059 -0.01041 0.020 0.74141 16.0000 22.84 0.6248 0.7360 1.425545 
869.3219 6.055 177.080 -0.17133 0.00874 0.791 0.79948 16.0000 22.98 0.6898 0.7662 1.426217 
868.9117 7.108 167.971 -0.21394 0.04559 0.828 0.86344 16.0000 23.22 0.7566 0.7917 1.426891 
868.5013 7.792 162.245 -0.24265 0.07770 -0.007 0.91355 16.0000 23.46 0.8496 0.8557 1.427565 
868.0909 8.253 158.300 -0.26103 0.10388 0.763 0.94803 16.0000 23.32 0.9864 0.9950 1.428240 
867.6805 8.438 160.342 -0.27024 0.09654 -0.009 0.94598 16.0000 23.33 0.9528 0.9568 1.428915 
867.2699 7.852 159.933 -0.23908 0.08733 0.789 0.90528 16.0000 23.54 0.8341 0.8357 1.429592 
866.8592 7.595 158.739 -0.22192 0.08635 0.797 0.87703 16.0000 23.68 0.7826 0.7844 1.430269 
866.4485 6.774 157.169 -0.19159 0.08066 -0.148 0.86264 16.0000 23.42 0.7230 0.7256 1.430947 
866.0376 7.086 159.433 -0.19440 0.07294 0.774 0.82220 16.0000 23.43 0.6946 0.7080 1.431626 
865.6267 7.013 156.138 -0.19494 0.08623 0.792 0.85326 16.0000 24.23 0.7090 0.7099 1.432306 
865.2157 6.653 152.479 -0.17623 0.09182 -0.009 0.84028 16.0000 23.66 0.6900 0.6980 1.432986 
864.8046 6.973 150.554 -0.18333 0.10350 0.784 0.84776 16.0000 23.81 0.7124 0.7334 1.433667 
864.3934 6.753 149.634 -0.17700 0.10370 0.779 0.85412 16.0000 24.03 0.7129 0.7448 1.434349 
863.9821 7.540 154.432 -0.20931 0.10014 0.829 0.86119 16.0000 23.72 0.7261 0.7725 1.435032 
863.5707 6.633 151.957 -0.18337 0.09767 -2.012 0.88121 16.0000 24.13 0.7423 0.7726 1.435716 
863.1593 4.866 148.010 -0.12422 0.07759 0.836 0.85403 16.0000 24.26 0.6870 0.7040 1.436400 
862.7477 5.122 150.921 -0.14049 0.07813 0.789 0.88952 16.0000 24.47 0.7394 0.7440 1.437085 
862.3361 4.943 154.900 -0.14322 0.06709 -0.003 0.90740 16.0000 24.18 0.7547 0.7614 1.437771 
861.9244 5.185 160.601 -0.15670 0.05518 0.785 0.90782 16.0000 24.56 0.7723 0.7992 1.438458 
861.5126 5.231 157.564 -0.15842 0.06541 -0.998 0.92811 16.0000 24.64 0.7777 0.7984 1.439145 
861.1008 4.189 158.925 -0.12086 0.04658 0.781 0.87958 16.0000 24.45 0.7210 0.7264 1.439834 
860.6888 3.798 160.059 -0.11045 0.04007 0.772 0.88117 16.0000 24.80 0.6986 0.7050 1.440523 
860.2767 4.441 160.217 -0.12721 0.04576 0.788 0.86504 16.0000 24.37 0.6799 0.6964 1.441213 
859.8646 4.447 160.190 -0.11969 0.04311 -0.002 0.81294 16.0000 24.67 0.6512 0.6798 1.441904 
859.4523 4.973 161.445 -0.14597 0.04900 0.791 0.87799 16.0000 24.85 0.6743 0.7036 1.442595 
859.0400 5.211 161.065 -0.16549 0.05677 3.095 0.95124 16.0000 24.76 0.6947 0.7208 1.443288 
858.6276 5.356 160.923 -0.18947 0.06552 0.792 1.05973 16.0000 25.20 0.7134 0.7310 1.443981 
858.2151 5.815 161.054 -0.19914 0.06836 0.791 1.02300 16.0000 25.30 0.7399 0.7463 1.444675 
857.8026 6.025 160.980 -0.18314 0.06313 0.807 0.90750 16.0000 25.00 0.7756 0.7773 1.445370 
857.3899 5.988 160.860 -0.17742 0.06158 0.774 0.88535 16.0000 25.23 0.8128 0.8262 1.446065 
856.9771 6.141 160.932 -0.17260 0.05966 0.777 0.83884 16.0000 24.61 0.8266 0.8296 1.446762 
856.5643 6.291 160.675 -0.18067 0.06336 0.781 0.85782 16.0000 25.12 0.8339 0.8367 1.447459 
856.1514 6.529 160.428 -0.18116 0.06441 0.001 0.82893 16.0000 25.57 0.8429 0.8456 1.448157 
855.7383 6.474 160.389 -0.17782 0.06335 0.781 0.82109 16.0000 25.58 0.8379 0.8402 1.448856 
855.3253 6.560 160.336 -0.17834 0.06373 0.782 0.81252 16.0000 25.61 0.8506 0.8527 1.449556 
854.9120 6.508 160.127 -0.19033 0.06880 0.785 0.87551 16.0000 25.36 0.8482 0.8501 1.450257 
854.4988 6.600 159.998 -0.21073 0.07671 0.790 0.95615 16.0000 25.42 0.8207 0.8218 1.450958 
854.0854 6.698 160.038 -0.21079 0.07656 0.812 0.94163 16.0000 25.39 0.8249 0.8261 1.451660 
853.6719 6.671 160.019 -0.20610 0.07494 0.809 0.92473 16.0000 25.83 0.8337 0.8348 1.452364 
853.2584 6.880 159.798 -0.21660 0.07970 0.790 0.94249 16.0000 25.67 0.8111 0.8120 1.453067 
852.8448 6.936 159.728 -0.22288 0.08232 0.766 0.96210 16.0000 25.74 0.8007 0.8013 1.453772 
852.4311 7.144 159.741 -0.22843 0.08431 0.800 0.95605 16.0000 25.47 0.7844 0.7849 1.454478 
852.0173 7.874 159.603 -0.21832 0.08118 0.799 0.82595 16.0000 25.73 0.7684 0.7690 1.455184 
851.6034 7.268 159.368 -0.21808 0.08211 0.792 0.89866 16.0000 25.85 0.7899 0.7903 1.455891 
851.1894 7.390 159.232 -0.21665 0.08216 0.781 0.87820 16.0000 25.63 0.7920 0.7926 1.456599 
850.7753 7.392 159.242 -0.21357 0.08095 0.786 0.86540 16.0000 25.82 0.7966 0.7975 1.457308 
850.3612 7.313 159.307 -0.22401 0.08462 0.796 0.91755 16.0000 25.96 0.7891 0.7899 1.458018 
849.9470 7.221 159.210 -0.22580 0.08573 0.764 0.93778 16.0000 25.94 0.7938 0.7949 1.458728 
849.5326 7.196 159.252 -0.22265 0.08435 0.810 0.92790 16.0000 26.07 0.8045 0.8057 1.459440 
849.1182 7.425 158.999 -0.22926 0.08801 0.792 0.92626 16.0000 26.19 0.7885 0.7898 1.460152 
848.7037 7.260 158.952 -0.22310 0.08585 0.785 0.92306 16.0000 26.21 0.8091 0.8105 1.460865 
848.2891 7.149 158.925 -0.22217 0.08562 0.786 0.93429 16.0000 26.27 0.8225 0.8237 1.461579 
847.8744 6.959 158.928 -0.21828 0.08410 0.771 0.94394 16.0000 26.72 0.8414 0.8427 1.462294 
847.4597 7.543 158.802 -0.23293 0.09034 0.781 0.92686 16.0000 26.65 0.7933 0.7944 1.463010 
847.0448 7.720 158.707 -0.23718 0.09244 0.782 0.92161 16.0000 26.79 0.7862 0.7873 1.463726 
846.6298 7.926 158.593 -0.24170 0.09476 0.788 0.91434 16.0000 27.13 0.7752 0.7765 1.464444 
846.2148 8.497 158.536 -0.25542 0.10043 0.771 0.89810 16.0000 26.65 0.7415 0.7429 1.465162 
845.7997 8.463 158.507 -0.25643 0.10097 0.782 0.90561 16.0000 26.97 0.7494 0.7508 1.465881 
845.3845 8.407 158.362 -0.25389 0.10072 0.786 0.90384 16.0000 26.89 0.7592 0.7609 1.466601 
844.9692 8.300 158.370 -0.25187 0.09987 0.777 0.90886 16.0000 27.04 0.7745 0.7759 1.467322 
844.5538 7.864 157.864 -0.24237 0.09859 0.775 0.92910 16.0000 26.82 0.7932 0.7946 1.468044 
844.1383 7.912 157.826 -0.24690 0.10063 0.782 0.94074 16.0000 26.98 0.7898 0.7914 1.468766 
843.7227 7.808 157.862 -0.24498 0.09967 0.765 0.94619 16.0000 27.33 0.8015 0.8035 1.469490 
843.3071 8.087 157.854 -0.24975 0.10165 0.762 0.92965 16.0000 27.31 0.7847 0.7867 1.470214 
842.8914 8.007 157.828 -0.24636 0.10040 0.778 0.92698 16.0000 27.42 0.7969 0.7989 1.470939 
842.4755 7.929 157.740 -0.24198 0.09904 0.784 0.92047 16.0000 27.33 0.8018 0.8038 1.471665 
842.0596 7.935 157.575 -0.24141 0.09963 0.790 0.91864 16.0000 27.56 0.7912 0.7930 1.472392 
841.6436 7.891 157.497 -0.23986 0.09937 0.767 0.91858 16.0000 27.64 0.7944 0.7961 1.473120 
841.2275 7.676 157.376 -0.23326 0.09721 0.773 0.92047 16.0000 27.72 0.8143 0.8157 1.473849 
840.8113 7.464 157.321 -0.22562 0.09428 0.771 0.91715 16.0000 28.00 0.8310 0.8322 1.474578 
840.3951 7.494 157.220 -0.22734 0.09547 0.767 0.92100 16.0000 27.88 0.8313 0.8325 1.475308 
839.9787 7.403 157.090 -0.22581 0.09543 0.764 0.92748 16.0000 27.79 0.8346 0.8362 1.476040 
839.5623 7.268 156.924 -0.22151 0.09437 0.776 0.92861 16.0000 28.32 0.8445 0.8464 1.476772 
839.1457 7.476 157.006 -0.22527 0.09560 0.787 0.91633 16.0000 28.13 0.8416 0.8435 1.477505 
838.7291 7.555 156.954 -0.22750 0.09678 0.781 0.91563 16.0000 28.22 0.8399 0.8418 1.478239 
838.3124 7.616 156.917 -0.22845 0.09736 0.783 0.91204 16.0000 28.36 0.8374 0.8393 1.478974 
837.8956 7.662 156.724 -0.22954 0.09874 0.780 0.91184 16.0000 28.73 0.8374 0.8389 1.479709 
837.4787 7.664 156.647 -0.23211 0.10022 0.784 0.92242 16.0000 28.50 0.8326 0.8340 1.480446 
837.0617 7.791 156.609 -0.23498 0.10164 0.794 0.91805 16.0000 28.53 0.8317 0.8331 1.481183 
836.6447 7.787 156.564 -0.23634 0.10245 0.787 0.92420 16.0000 28.57 0.8344 0.8359 1.481922 
836.2275 7.885 156.503 -0.23935 0.10405 0.784 0.92413 16.0000 28.89 0.8304 0.8320 1.482661 
835.8102 7.897 156.371 -0.24139 0.10560 0.770 0.93144 16.0000 29.29 0.8317 0.8334 1.483401 
835.3929 7.877 156.252 -0.24020 0.10568 0.765 0.93019 16.0000 28.98 0.8336 0.8353 1.484142 
834.9755 7.917 156.137 -0.24204 0.10707 0.771 0.93321 16.0000 29.25 0.8322 0.8340 1.484884 
834.5579 7.987 156.103 -0.24325 0.10778 0.768 0.92942 16.0000 29.44 0.8299 0.8317 1.485627 
834.1403 7.962 156.021 -0.24193 0.10761 0.774 0.92808 16.0000 29.45 0.8295 0.8313 1.486371 
833.7227 7.964 156.005 -0.24328 0.10829 0.771 0.93315 16.0000 29.41 0.8325 0.8344 1.487115 
833.3049 8.033 155.973 -0.24545 0.10942 0.774 0.93318 16.0000 29.65 0.8313 0.8332 1.487861 
832.8870 8.081 155.908 -0.24673 0.11033 0.764 0.93255 16.0000 29.27 0.8306 0.8325 1.488608 
832.4691 8.053 155.854 -0.24492 0.10979 0.784 0.92953 16.0000 29.95 0.8307 0.8326 1.489355 
832.0510 8.092 155.831 -0.24615 0.11046 0.772 0.92956 16.0000 30.16 0.8306 0.8325 1.490103 
831.6329 8.101 155.853 -0.24716 0.11080 0.778 0.93218 16.0000 29.84 0.8312 0.8332 1.490852 
831.2146 8.120 155.718 -0.24693 0.11140 0.777 0.93000 16.0000 30.20 0.8308 0.8328 1.491603 
830.7963 8.217 155.718 -0.25031 0.11293 0.776 0.93104 16.0000 30.32 0.8306 0.8326 1.492354 
830.3779 8.277 155.676 -0.25200 0.11391 0.772 0.93041 16.0000 30.32 0.8314 0.8334 1.493106 
829.9594 8.300 155.635 -0.25181 0.11404 0.775 0.92721 16.0000 31.20 0.8321 0.8340 1.493858 
829.5408 8.355 155.598 -0.25345 0.11498 0.768 0.92708 16.0000 30.80 0.8331 0.8351 1.494612 
829.1221 8.321 155.519 -0.25231 0.11489 0.776 0.92754 16.0000 30.52 0.8349 0.8368 1.495367 
828.7034 8.321 155.550 -0.25335 0.11519 0.776 0.93108 16.0000 30.98 0.8369 0.8389 1.496123 
828.2845 8.266 155.509 -0.25218 0.11488 0.782 0.93366 16.0000 31.29 0.8375 0.8395 1.496879 
827.8656 8.310 155.459 -0.25368 0.11583 0.775 0.93432 16.0000 30.51 0.8384 0.8404 1.497637 
827.4465 8.303 155.398 -0.25363 0.11613 0.792 0.93536 16.0000 31.20 0.8394 0.8414 1.498395 
827.0275 8.299 155.321 -0.25317 0.11634 0.780 0.93471 16.0000 31.44 0.8409 0.8429 1.499154 
826.6082 8.334 155.283 -0.25382 0.11683 0.779 0.93326 16.0000 31.24 0.8404 0.8423 1.499915 
826.1889 8.340 155.236 -0.25374 0.11705 0.787 0.93263 16.0000 31.47 0.8419 0.8438 1.500676 
825.7695 8.354 155.264 -0.25368 0.11687 0.778 0.93053 16.0000 31.97 0.8424 0.8444 1.501438 
825.3500 8.327 155.241 -0.25268 0.11654 0.774 0.93024 16.0000 31.76 0.8439 0.8458 1.502201 
824.9305 8.308 155.309 -0.25244 0.11606 0.766 0.93108 16.0000 31.57 0.8454 0.8473 1.502965 
824.5108 8.303 155.242 -0.25322 0.11678 0.769 0.93499 16.0000 31.80 0.8465 0.8484 1.503730 
824.0911 8.282 155.176 -0.25296 0.11701 0.778 0.93705 16.0000 31.70 0.8480 0.8499 1.504496 
823.6713 8.289 155.137 -0.25330 0.11738 0.777 0.93779 16.0000 32.18 0.8488 0.8506 1.505263 
823.2513 8.288 155.098 -0.25299 0.11744 0.776 0.93709 16.0000 31.86 0.8498 0.8516 1.506031 
822.8313 8.289 155.128 -0.25326 0.11741 0.787 0.93774 16.0000 32.08 0.8495 0.8514 1.506800 
822.4112 8.313 155.162 -0.25391 0.11753 0.779 0.93701 16.0000 32.34 0.8508 0.8526 1.507569 
821.9910 8.336 155.259 -0.25457 0.11731 0.773 0.93589 16.0000 32.27 0.8527 0.8545 1.508340 
821.5707 8.311 155.295 -0.25446 0.11706 0.776 0.93830 16.0000 32.58 0.8537 0.8555 1.509112 
821.1503 8.301 155.333 -0.25453 0.11690 0.780 0.93937 16.0000 32.81 0.8536 0.8554 1.509884 
820.7299 8.331 155.388 -0.25552 0.11705 0.781 0.93910 16.0000 33.15 0.8542 0.8559 1.510658 
820.3093 8.352 155.389 -0.25605 0.11729 0.771 0.93850 16.0000 32.94 0.8557 0.8574 1.511432 
819.8886 8.357 155.341 -0.25609 0.11757 0.773 0.93841 16.0000 32.76 0.8559 0.8577 1.512208 
819.4679 8.364 155.327 -0.25637 0.11777 0.770 0.93869 16.0000 33.49 0.8566 0.8584 1.512984 
819.0471 8.379 155.388 -0.25692 0.11769 0.773 0.93852 16.0000 33.22 0.8578 0.8595 1.513761 
818.6262 8.390 155.392 -0.25730 0.11785 0.771 0.93856 16.0000 34.02 0.8584 0.8600 1.514540 
818.2051 8.397 155.373 -0.25754 0.11806 0.775 0.93876 16.0000 33.52 0.8586 0.8602 1.515319 
817.7841 8.406 155.360 -0.25787 0.11828 0.769 0.93900 16.0000 33.49 0.8586 0.8602 1.516099 
817.3629 8.401 155.422 -0.25803 0.11801 0.772 0.93971 16.0000 33.75 0.8587 0.8603 1.516881 
816.9416 8.419 155.452 -0.25867 0.11815 0.778 0.93959 16.0000 33.64 0.8605 0.8621 1.517663 
816.5202 8.431 155.469 -0.25912 0.11826 0.773 0.93975 16.0000 33.84 0.8609 0.8625 1.518446 
816.0988 8.441 155.498 -0.25958 0.11831 0.775 0.94002 16.0000 34.27 0.8615 0.8631 1.519230 
815.6772 8.458 155.443 -0.26024 0.11891 0.777 0.94083 16.0000 34.17 0.8620 0.8636 1.520015 
815.2556 8.453 155.447 -0.26002 0.11879 0.769 0.94051 16.0000 34.15 0.8616 0.8632 1.520801 
814.8338 8.463 155.455 -0.26055 0.11898 0.772 0.94125 16.0000 34.03 0.8629 0.8645 1.521589 
814.4120 8.469 155.435 -0.26085 0.11924 0.770 0.94176 16.0000 34.86 0.8637 0.8653 1.522377 
813.9901 8.476 155.466 -0.26128 0.11926 0.769 0.94222 16.0000 35.05 0.8643 0.8659 1.523166 
813.5681 8.485 155.506 -0.26166 0.11921 0.771 0.94225 16.0000 34.81 0.8652 0.8668 1.523956 
813.1460 8.490 155.457 -0.26168 0.11949 0.778 0.94216 16.0000 34.88 0.8641 0.8657 1.524747 
812.7238 8.492 155.471 -0.26174 0.11944 0.774 0.94197 16.0000 35.09 0.8639 0.8654 1.525539 
812.3015 8.514 155.426 -0.26253 0.12005 0.780 0.94261 16.0000 35.38 0.8661 0.8677 1.526332 
811.8792 8.495 155.476 -0.26209 0.11957 0.785 0.94282 16.0000 35.82 0.8655 0.8671 1.527126 
811.4567 8.499 155.482 -0.26221 0.11960 0.773 0.94271 16.0000 35.84 0.8667 0.8682 1.527921 
811.0341 8.503 155.472 -0.26220 0.11965 0.772 0.94230 16.0000 35.03 0.8665 0.8680 1.528717 
810.6115 8.507 155.543 -0.26238 0.11934 0.773 0.94198 16.0000 35.47 0.8671 0.8686 1.529514 
810.1888 8.510 155.505 -0.26232 0.11952 0.761 0.94169 16.0000 35.12 0.8664 0.8679 1.530312 
809.7659 8.521 155.478 -0.26267 0.11983 0.768 0.94181 16.0000 35.87 0.8666 0.8682 1.531111 
809.3430 8.528 155.474 -0.26283 0.11992 0.770 0.94168 16.0000 36.20 0.8661 0.8676 1.531912 
808.9200 8.535 155.434 -0.26296 0.12020 0.771 0.94155 16.0000 35.99 0.8665 0.8681 1.532713 
808.4969 8.543 155.401 -0.26310 0.12045 0.775 0.94144 16.0000 36.66 0.8666 0.8682 1.533515 
808.0737 8.541 155.368 -0.26295 0.12057 0.774 0.94133 16.0000 36.36 0.8662 0.8678 1.534318 
807.6505 8.548 155.363 -0.26325 0.12073 0.766 0.94164 16.0000 36.53 0.8668 0.8684 1.535122 
807.2271 8.551 155.376 -0.26344 0.12074 0.778 0.94190 16.0000 36.44 0.8664 0.8680 1.535927 
806.8036 8.564 155.321 -0.26369 0.12117 0.774 0.94172 16.0000 37.10 0.8659 0.8675 1.536733 
806.3801 8.574 155.329 -0.26398 0.12126 0.772 0.94147 16.0000 36.49 0.8656 0.8672 1.537540 
805.9564 8.584 155.257 -0.26415 0.12174 0.770 0.94144 16.0000 37.10 0.8658 0.8673 1.538349 
805.5327 8.596 155.201 -0.26432 0.12213 0.767 0.94112 16.0000 37.11 0.8661 0.8677 1.539158 
805.1089 8.604 155.142 -0.26448 0.12253 0.770 0.94116 16.0000 36.66 0.8661 0.8677 1.539968 
804.6850 8.616 155.134 -0.26493 0.12278 0.774 0.94148 16.0000 37.09 0.8672 0.8688 1.540779 
804.2610 8.621 155.121 -0.26515 0.12296 0.774 0.94179 16.0000 37.75 0.8669 0.8684 1.541591 
803.8369 8.632 155.075 -0.26538 0.12333 0.766 0.94164 16.0000 37.29 0.8673 0.8688 1.542405 
803.4127 8.643 155.028 -0.26553 0.12366 0.768 0.94125 16.0000 37.35 0.8681 0.8697 1.543219 
802.9884 8.649 155.017 -0.26577 0.12383 0.775 0.94147 16.0000 37.71 0.8684 0.8700 1.544035 
802.5640 8.662 155.009 -0.26619 0.12407 0.773 0.94152 16.0000 37.48 0.8691 0.8707 1.544851 
802.1396 8.665 154.954 -0.26608 0.12434 0.773 0.94118 16.0000 38.31 0.8683 0.8699 1.545669 
801.7150 8.671 154.951 -0.26623 0.12442 0.779 0.94109 16.0000 38.56 0.8687 0.8704 1.546487 
801.2903 8.681 154.903 -0.26654 0.12484 0.768 0.94134 16.0000 38.32 0.8689 0.8706 1.547307 
800.8657 8.682 154.900 -0.26662 0.12489 0.765 0.94155 16.0000 37.88 0.8693 0.8710 1.548127 
800.4408 8.677 154.871 -0.26636 0.12494 0.767 0.94147 16.0000 37.72 0.8684 0.8701 1.548949 
800.0159 8.683 154.872 -0.26665 0.12507 0.774 0.94177 16.0000 38.52 0.8683 0.8700 1.549772 
799.5909 8.689 154.820 -0.26658 0.12533 0.776 0.94122 16.0000 38.25 0.8672 0.8689 1.550595 
799.1658 8.699 154.805 -0.26699 0.12561 0.771 0.94166 16.0000 38.37 0.8679 0.8696 1.551420 
798.7406 8.712 154.780 -0.26722 0.12586 0.775 0.94120 16.0000 38.52 0.8682 0.8699 1.552246 
798.3153 8.728 154.777 -0.26764 0.12607 0.770 0.94082 16.0000 38.53 0.8688 0.8705 1.553073 
797.8899 8.748 154.727 -0.26816 0.12660 0.779 0.94074 16.0000 39.16 0.8696 0.8712 1.553901 
797.4644 8.757 154.701 -0.26829 0.12681 0.776 0.94039 16.0000 39.37 0.8695 0.8711 1.554730 
797.0389 8.774 154.664 -0.26869 0.12722 0.776 0.94013 16.0000 39.19 0.8697 0.8714 1.555560 
796.6132 8.780 154.613 -0.26903 0.12767 0.770 0.94104 16.0000 39.04 0.8706 0.8722 1.556391 
796.1875 8.777 154.600 -0.26884 0.12766 0.774 0.94076 16.0000 39.63 0.8704 0.8721 1.557224 
795.7617 8.787 154.579 -0.26899 0.12785 0.769 0.94039 16.0000 38.75 0.8698 0.8715 1.558057 
795.3357 8.794 154.521 -0.26906 0.12821 0.771 0.94027 16.0000 39.50 0.8706 0.8723 1.558891 
794.9097 8.807 154.523 -0.26946 0.12839 0.769 0.94014 16.0000 39.74 0.8712 0.8729 1.559727 
794.4836 8.814 154.441 -0.26929 0.12878 0.774 0.93935 16.0000 39.77 0.8705 0.8723 1.560563 
794.0574 8.820 154.483 -0.26961 0.12869 0.773 0.93943 16.0000 39.80 0.8711 0.8729 1.561401 
793.6310 8.832 154.452 -0.26985 0.12899 0.776 0.93921 16.0000 40.34 0.8709 0.8727 1.562240 
793.2047 8.841 154.392 -0.27000 0.12941 0.777 0.93917 16.0000 40.49 0.8711 0.8729 1.563079 
792.7782 8.845 154.412 -0.27004 0.12931 0.768 0.93872 16.0000 39.84 0.8704 0.8723 1.563920 
792.3516 8.851 154.416 -0.27028 0.12940 0.770 0.93885 16.0000 40.20 0.8703 0.8721 1.564762 
791.9249 8.848 154.427 -0.27016 0.12929 0.769 0.93865 16.0000 39.70 0.8696 0.8715 1.565605 
791.4982 8.860 154.387 -0.27046 0.12966 0.773 0.93864 16.0000 39.81 0.8695 0.8713 1.566449 
791.0714 8.863 154.394 -0.27049 0.12964 0.763 0.93837 16.0000 40.32 0.8698 0.8717 1.567295 
790.6444 8.871 154.381 -0.27076 0.12983 0.767 0.93847 16.0000 39.99 0.8706 0.8725 1.568141 
790.2173 8.870 154.379 -0.27079 0.12986 0.766 0.93875 16.0000 40.33 0.8711 0.8730 1.568989 
789.7902 8.879 154.349 -0.27083 0.13006 0.773 0.93817 16.0000 40.34 0.8707 0.8726 1.569837 
789.3630 8.882 154.329 -0.27085 0.13018 0.771 0.93805 16.0000 40.16 0.8708 0.8727 1.570687 
788.9357 8.890 154.334 -0.27105 0.13025 0.770 0.93779 16.0000 40.85 0.8711 0.8730 1.571537 
788.5083 8.890 154.327 -0.27104 0.13028 0.765 0.93772 16.0000 40.94 0.8704 0.8723 1.572389 
788.0807 8.892 154.375 -0.27129 0.13013 0.771 0.93801 16.0000 40.69 0.8708 0.8726 1.573242 
787.6532 8.902 154.321 -0.27142 0.13051 0.768 0.93782 16.0000 40.85 0.8710 0.8728 1.574096 
787.2255 8.899 154.360 -0.27131 0.13022 0.763 0.93742 16.0000 40.68 0.8704 0.8722 1.574951 
786.7977 8.898 154.328 -0.27117 0.13034 0.767 0.93736 16.0000 41.04 0.8697 0.8715 1.575808 
786.3699 8.904 154.363 -0.27151 0.13031 0.772 0.93755 16.0000 41.11 0.8700 0.8717 1.576665 
785.9419 8.909 154.372 -0.27179 0.13038 0.767 0.93788 16.0000 41.11 0.8711 0.8728 1.577524 
785.5139 8.913 154.353 -0.27191 0.13055 0.766 0.93798 16.0000 40.96 0.8716 0.8734 1.578383 
785.0857 8.917 154.326 -0.27197 0.13074 0.770 0.93799 16.0000 41.77 0.8709 0.8727 1.579244 
784.6575 8.922 154.300 -0.27213 0.13097 0.767 0.93812 16.0000 41.64 0.8709 0.8727 1.580106 
784.2291 8.922 154.324 -0.27220 0.13086 0.771 0.93817 16.0000 41.73 0.8712 0.8730 1.580969 
783.8007 8.921 154.292 -0.27218 0.13104 0.770 0.93848 16.0000 41.76 0.8714 0.8731 1.581833 
783.3722 8.926 154.276 -0.27235 0.13122 0.764 0.93871 16.0000 41.74 0.8716 0.8733 1.582698 
782.9435 8.934 154.245 -0.27260 0.13152 0.772 0.93890 16.0000 42.10 0.8719 0.8736 1.583565 
782.5148 8.941 154.248 -0.27290 0.13164 0.763 0.93911 16.0000 41.94 0.8728 0.8745 1.584433 
782.0861 8.942 154.266 -0.27297 0.13157 0.762 0.93902 16.0000 41.71 0.8730 0.8747 1.585301 
781.6572 8.940 154.295 -0.27299 0.13141 0.764 0.93918 16.0000 41.64 0.8731 0.8747 1.586171 
781.2282 8.941 154.283 -0.27298 0.13147 0.766 0.93910 16.0000 42.09 0.8731 0.8748 1.587042 
780.7991 8.943 154.283 -0.27310 0.13153 0.767 0.93930 16.0000 42.02 0.8734 0.8751 1.587914 
780.3699 8.948 154.251 -0.27320 0.13177 0.771 0.93933 16.0000 42.19 0.8739 0.8756 1.588788 
779.9407 8.949 154.264 -0.27325 0.13172 0.767 0.93928 16.0000 42.22 0.8743 0.8760 1.589662 
779.5113 8.950 154.254 -0.27322 0.13176 0.767 0.93908 16.0000 42.15 0.8742 0.8759 1.590537 
779.0818 8.960 154.234 -0.27343 0.13198 0.768 0.93893 16.0000 42.25 0.8743 0.8760 1.591414 
778.6523 8.972 154.202 -0.27371 0.13230 0.774 0.93870 16.0000 42.38 0.8746 0.8762 1.592292 
778.2227 8.982 154.152 -0.27393 0.13270 0.768 0.93878 16.0000 42.77 0.8747 0.8764 1.593171 
777.7930 8.982 154.161 -0.27405 0.13271 0.766 0.93911 16.0000 42.60 0.8755 0.8771 1.594051 
777.3632 8.987 154.175 -0.27427 0.13274 0.765 0.93920 16.0000 42.19 0.8758 0.8774 1.594933 
776.9332 8.996 154.161 -0.27445 0.13291 0.765 0.93898 16.0000 42.93 0.8762 0.8778 1.595815 
776.5032 9.000 154.183 -0.27470 0.13290 0.765 0.93921 16.0000 43.29 0.8765 0.8781 1.596699 
776.0731 9.004 154.167 -0.27482 0.13305 0.769 0.93933 16.0000 43.11 0.8765 0.8781 1.597584 
775.6429 9.007 154.138 -0.27488 0.13325 0.768 0.93935 16.0000 42.63 0.8764 0.8780 1.598470 
775.2126 9.010 154.150 -0.27510 0.13329 0.768 0.93975 16.0000 43.26 0.8764 0.8780 1.599357 
774.7822 9.017 154.158 -0.27536 0.13336 0.766 0.93974 16.0000 43.59 0.8769 0.8786 1.600246 
774.3517 9.021 154.211 -0.27561 0.13317 0.776 0.93969 16.0000 43.66 0.8770 0.8786 1.601135 
773.9212 9.027 154.208 -0.27582 0.13329 0.763 0.93977 16.0000 43.48 0.8774 0.8790 1.602026 
773.4905 9.032 154.226 -0.27612 0.13333 0.754 0.94010 16.0000 43.34 0.8778 0.8793 1.602918 
773.0598 9.039 154.262 -0.27642 0.13326 0.758 0.94007 16.0000 44.19 0.8778 0.8794 1.603811 
772.6289 9.046 154.262 -0.27662 0.13335 0.761 0.93991 16.0000 43.79 0.8782 0.8797 1.604706 
772.1980 9.058 154.232 -0.27688 0.13366 0.767 0.93980 16.0000 43.70 0.8786 0.8801 1.605601 
771.7669 9.059 154.247 -0.27684 0.13355 0.764 0.93944 16.0000 43.73 0.8787 0.8803 1.606498 
771.3358 9.061 154.244 -0.27692 0.13360 0.770 0.93950 16.0000 44.19 0.8792 0.8807 1.607396 
770.9046 9.064 154.219 -0.27702 0.13380 0.763 0.93970 16.0000 43.82 0.8796 0.8811 1.608295 
770.4733 9.071 154.238 -0.27737 0.13386 0.762 0.93989 16.0000 44.07 0.8802 0.8817 1.609195 
770.0419 9.078 154.240 -0.27763 0.13398 0.764 0.93998 16.0000 43.62 0.8807 0.8822 1.610097 
769.6104 9.090 154.247 -0.27796 0.13409 0.761 0.93979 16.0000 44.36 0.8809 0.8824 1.610999 
769.1787 9.095 154.270 -0.27816 0.13405 0.760 0.93968 16.0000 44.44 0.8808 0.8823 1.611904 
768.7471 9.095 154.276 -0.27815 0.13401 0.766 0.93967 16.0000 44.54 0.8810 0.8824 1.612809 
768.3152 9.110 154.261 -0.27860 0.13431 0.762 0.93959 16.0000 44.59 0.8814 0.8829 1.613715 
767.8834 9.121 154.250 -0.27892 0.13453 0.771 0.93953 16.0000 44.72 0.8813 0.8827 1.614623 
767.4514 9.130 154.232 -0.27903 0.13469 0.768 0.93910 16.0000 45.23 0.8814 0.8828 1.615531 
767.0193 9.134 154.216 -0.27911 0.13484 0.766 0.93900 16.0000 45.30 0.8812 0.8826 1.616442 
766.5872 9.142 154.206 -0.27932 0.13499 0.769 0.93895 16.0000 44.88 0.8814 0.8828 1.617353 
766.1549 9.147 154.172 -0.27932 0.13520 0.770 0.93869 16.0000 45.41 0.8812 0.8826 1.618265 
765.7225 9.153 154.194 -0.27953 0.13517 0.772 0.93848 16.0000 45.97 0.8811 0.8825 1.619179 
765.2901 9.162 154.198 -0.27975 0.13525 0.762 0.93824 16.0000 45.60 0.8812 0.8826 1.620094 
764.8575 9.171 154.204 -0.28005 0.13536 0.768 0.93817 16.0000 46.08 0.8814 0.8827 1.621010 
764.4249 9.178 154.214 -0.28031 0.13542 0.766 0.93824 16.0000 45.77 0.8818 0.8832 1.621928 
763.9922 9.187 154.225 -0.28069 0.13554 0.764 0.93839 16.0000 45.87 0.8823 0.8837 1.622846 
763.5593 9.197 154.222 -0.28087 0.13565 0.766 0.93799 16.0000 46.50 0.8824 0.8837 1.623766 
763.1264 9.200 154.228 -0.28099 0.13567 0.767 0.93793 16.0000 46.25 0.8824 0.8838 1.624687 
762.6934 9.206 154.227 -0.28108 0.13572 0.767 0.93762 16.0000 46.62 0.8823 0.8837 1.625610 
762.2603 9.210 154.229 -0.28109 0.13571 0.776 0.93727 16.0000 46.77 0.8821 0.8835 1.626533 
761.8271 9.215 154.214 -0.28126 0.13588 0.776 0.93733 16.0000 47.08 0.8823 0.8836 1.627458 
761.3938 9.218 154.193 -0.28124 0.13600 0.772 0.93711 16.0000 46.75 0.8823 0.8836 1.628385 
760.9604 9.228 154.157 -0.28118 0.13619 0.769 0.93616 16.0000 46.58 0.8820 0.8833 1.629312 
760.5269 9.239 154.176 -0.28153 0.13624 0.766 0.93596 16.0000 47.09 0.8820 0.8833 1.630241 
760.0933 9.250 154.194 -0.28196 0.13634 0.765 0.93601 16.0000 47.52 0.8825 0.8838 1.631171 
759.6597 9.259 154.197 -0.28232 0.13649 0.768 0.93620 16.0000 47.62 0.8828 0.8842 1.632102 
759.2259 9.264 154.195 -0.28247 0.13658 0.774 0.93619 16.0000 47.16 0.8830 0.8844 1.633034 
758.7921 9.272 154.235 -0.28279 0.13649 0.771 0.93608 16.0000 47.45 0.8834 0.8847 1.633968 
758.3581 9.280 154.206 -0.28289 0.13672 0.770 0.93581 16.0000 47.72 0.8832 0.8845 1.634903 
757.9240 9.279 154.196 -0.28280 0.13674 0.773 0.93563 16.0000 48.36 0.8829 0.8843 1.635839 
757.4899 9.286 154.214 -0.28296 0.13670 0.775 0.93526 16.0000 48.44 0.8831 0.8844 1.636777 
757.0556 9.288 154.206 -0.28300 0.13677 0.770 0.93523 16.0000 48.00 0.8830 0.8843 1.637716 
756.6213 9.298 154.216 -0.28328 0.13685 0.764 0.93499 16.0000 47.91 0.8831 0.8844 1.638656 
756.1868 9.308 154.191 -0.28346 0.13708 0.765 0.93480 16.0000 47.69 0.8831 0.8844 1.639597 
755.7523 9.311 154.231 -0.28363 0.13692 0.771 0.93464 16.0000 47.55 0.8833 0.8846 1.640540 
755.3177 9.320 154.227 -0.28387 0.13706 0.773 0.93448 16.0000 49.05 0.8835 0.8847 1.641484 
754.8830 9.322 154.228 -0.28380 0.13702 0.770 0.93410 16.0000 48.46 0.8833 0.8846 1.642429 
754.4482 9.325 154.224 -0.28379 0.13704 0.772 0.93378 16.0000 48.67 0.8834 0.8847 1.643376 
754.0132 9.331 154.227 -0.28397 0.13711 0.778 0.93360 16.0000 49.53 0.8835 0.8848 1.644324 
753.5782 9.339 154.238 -0.28412 0.13711 0.767 0.93323 16.0000 48.81 0.8834 0.8846 1.645273 
753.1431 9.346 154.222 -0.28429 0.13730 0.773 0.93309 16.0000 49.64 0.8836 0.8848 1.646223 
752.7079 9.352 154.229 -0.28438 0.13730 0.768 0.93277 16.0000 49.01 0.8836 0.8849 1.647175 
752.2726 9.357 154.211 -0.28451 0.13747 0.773 0.93273 16.0000 49.99 0.8836 0.8848 1.648129 
751.8373 9.357 154.225 -0.28458 0.13742 0.771 0.93287 16.0000 49.52 0.8834 0.8847 1.649083 
751.4018 9.366 154.182 -0.28478 0.13778 0.773 0.93296 16.0000 50.06 0.8836 0.8849 1.650039 
750.9662 9.374 154.177 -0.28496 0.13790 0.772 0.93272 16.0000 49.89 0.8841 0.8854 1.650996 
750.5306 9.375 154.166 -0.28502 0.13800 0.777 0.93284 16.0000 49.87 0.8845 0.8857 1.651954 
750.0948 9.380 154.133 -0.28500 0.13819 0.770 0.93249 16.0000 50.07 0.8840 0.8852 1.652914 
749.6589 9.387 154.130 -0.28520 0.13830 0.771 0.93248 16.0000 49.99 0.8840 0.8853 1.653875 
749.2230 9.390 154.137 -0.28527 0.13829 0.775 0.93237 16.0000 50.45 0.8842 0.8854 1.654837 
748.7869 9.392 154.128 -0.28529 0.13836 0.779 0.93221 16.0000 50.84 0.8842 0.8854 1.655801 
748.3508 9.400 154.120 -0.28557 0.13854 0.773 0.93241 16.0000 50.57 0.8843 0.8856 1.656766 
747.9146 9.407 154.142 -0.28579 0.13851 0.775 0.93218 16.0000 50.50 0.8846 0.8858 1.657732 
747.4782 9.410 154.162 -0.28594 0.13846 0.770 0.93216 16.0000 50.06 0.8848 0.8861 1.658700 
747.0417 9.414 154.174 -0.28606 0.13845 0.782 0.93202 16.0000 50.49 0.8849 0.8861 1.659669 
746.6052 9.419 154.143 -0.28614 0.13868 0.777 0.93206 16.0000 50.92 0.8849 0.8861 1.660639 
746.1686 9.428 154.116 -0.28632 0.13893 0.779 0.93182 16.0000 51.20 0.8850 0.8862 1.661611 
745.7319 9.438 154.085 -0.28657 0.13924 0.780 0.93188 16.0000 50.84 0.8852 0.8864 1.662584 
745.2950 9.446 154.093 -0.28681 0.13931 0.779 0.93171 16.0000 51.03 0.8854 0.8866 1.663559 
744.8582 9.454 154.057 -0.28693 0.13959 0.785 0.93151 16.0000 51.33 0.8854 0.8867 1.664534 
744.4211 9.457 154.092 -0.28704 0.13942 0.773 0.93132 16.0000 50.95 0.8854 0.8866 1.665512 
743.9841 9.464 154.097 -0.28725 0.13950 0.774 0.93121 16.0000 51.28 0.8856 0.8868 1.666490 
743.5468 9.470 154.078 -0.28740 0.13969 0.777 0.93116 16.0000 51.18 0.8856 0.8868 1.667470 
743.1096 9.476 154.078 -0.28751 0.13974 0.772 0.93095 16.0000 51.61 0.8858 0.8870 1.668451 
742.6722 9.479 154.085 -0.28766 0.13978 0.778 0.93107 16.0000 51.25 0.8860 0.8872 1.669434 
742.2347 9.480 154.105 -0.28770 0.13967 0.780 0.93091 16.0000 51.85 0.8860 0.8872 1.670418 
741.7971 9.484 154.097 -0.28772 0.13973 0.783 0.93057 16.0000 52.01 0.8858 0.8870 1.671403 
741.3594 9.488 154.088 -0.28779 0.13982 0.779 0.93055 16.0000 51.11 0.8858 0.8870 1.672390 
740.9216 9.489 154.124 -0.28798 0.13969 0.786 0.93068 16.0000 52.43 0.8859 0.8871 1.673378 
740.4838 9.494 154.100 -0.28797 0.13983 0.784 0.93039 16.0000 52.28 0.8859 0.8871 1.674367 
740.0458 9.494 154.134 -0.28802 0.13964 0.779 0.93020 16.0000 52.67 0.8860 0.8871 1.675358 
739.6077 9.496 154.161 -0.28811 0.13952 0.783 0.93015 16.0000 52.73 0.8861 0.8872 1.676351 
739.1696 9.500 154.170 -0.28827 0.13954 0.780 0.93010 16.0000 52.40 0.8860 0.8872 1.677344 
738.7313 9.502 154.200 -0.28839 0.13941 0.786 0.93007 16.0000 52.76 0.8860 0.8872 1.678339 
738.2930 9.505 154.205 -0.28850 0.13943 0.783 0.93009 16.0000 53.18 0.8859 0.8871 1.679336 
737.8545 9.509 154.215 -0.28863 0.13943 0.784 0.92997 16.0000 52.89 0.8859 0.8870 1.680334 
737.4160 9.516 154.216 -0.28876 0.13949 0.786 0.92967 16.0000 52.78 0.8859 0.8870 1.681333 
736.9773 9.519 154.180 -0.28875 0.13971 0.781 0.92953 16.0000 52.38 0.8859 0.8870 1.682334 
736.5386 9.523 154.179 -0.28886 0.13977 0.783 0.92950 16.0000 52.43 0.8859 0.8870 1.683336 
736.0997 9.524 154.191 -0.28889 0.13971 0.790 0.92947 16.0000 54.49 0.8859 0.8870 1.684340 
735.6608 9.528 154.188 -0.28907 0.13982 0.786 0.92960 16.0000 53.44 0.8859 0.8870 1.685344 
735.2218 9.533 154.188 -0.28922 0.13989 0.783 0.92959 16.0000 53.37 0.8860 0.8871 1.686351 
734.7827 9.533 154.222 -0.28934 0.13973 0.787 0.92971 16.0000 53.41 0.8860 0.8870 1.687359 
734.3434 9.536 154.216 -0.28937 0.13979 0.790 0.92951 16.0000 53.95 0.8858 0.8868 1.688368 
733.9041 9.541 154.222 -0.28947 0.13980 0.796 0.92924 16.0000 54.24 0.8856 0.8867 1.689379 
733.4647 9.542 154.231 -0.28949 0.13975 0.792 0.92920 16.0000 54.75 0.8855 0.8866 1.690391 
733.0252 9.543 154.232 -0.28950 0.13975 0.790 0.92911 16.0000 54.16 0.8856 0.8867 1.691404 
732.5856 9.550 154.224 -0.28962 0.13986 0.789 0.92878 16.0000 54.24 0.8856 0.8866 1.692419 
732.1459 9.550 154.250 -0.28963 0.13970 0.789 0.92863 16.0000 53.98 0.8855 0.8866 1.693436 
731.7061 9.548 154.255 -0.28958 0.13965 0.792 0.92865 16.0000 54.59 0.8855 0.8865 1.694453 
731.2662 9.550 154.270 -0.28975 0.13964 0.784 0.92882 16.0000 54.49 0.8857 0.8868 1.695473 
730.8262 9.551 154.278 -0.28978 0.13960 0.794 0.92873 16.0000 54.42 0.8857 0.8868 1.696494 
730.3861 9.550 154.298 -0.28974 0.13946 0.794 0.92862 16.0000 54.65 0.8858 0.8868 1.697516 
729.9459 9.551 154.308 -0.28981 0.13943 0.801 0.92860 16.0000 55.07 0.8858 0.8868 1.698539 
729.5057 9.550 154.309 -0.28974 0.13939 0.798 0.92854 16.0000 54.54 0.8860 0.8870 1.699564 
729.0653 9.556 154.292 -0.28987 0.13955 0.799 0.92842 16.0000 54.32 0.8861 0.8871 1.700591 
728.6248 9.553 154.313 -0.28981 0.13940 0.795 0.92836 16.0000 53.97 0.8860 0.8870 1.701619 
728.1843 9.554 154.316 -0.28974 0.13934 0.800 0.92807 16.0000 54.73 0.8859 0.8869 1.702648 
727.7436 9.554 154.333 -0.28973 0.13924 0.796 0.92786 16.0000 54.70 0.8858 0.8868 1.703680 
727.3028 9.555 154.368 -0.28993 0.13911 0.796 0.92813 16.0000 54.52 0.8859 0.8869 1.704712 
726.8619 9.564 154.366 -0.29018 0.13924 0.799 0.92800 16.0000 55.02 0.8857 0.8867 1.705746 
726.4210 9.565 154.362 -0.29027 0.13931 0.799 0.92826 16.0000 55.35 0.8858 0.8868 1.706781 
725.9799 9.568 154.354 -0.29037 0.13941 0.798 0.92832 16.0000 54.66 0.8859 0.8869 1.707818 
725.5388 9.570 154.351 -0.29041 0.13945 0.799 0.92825 16.0000 54.72 0.8858 0.8868 1.708857 
725.0975 9.575 154.344 -0.29065 0.13961 0.806 0.92852 16.0000 55.33 0.8860 0.8870 1.709897 
724.6561 9.577 154.354 -0.29085 0.13964 0.798 0.92889 16.0000 54.28 0.8863 0.8872 1.710938 
724.2147 9.575 154.369 -0.29086 0.13956 0.803 0.92901 16.0000 55.06 0.8864 0.8873 1.711981 
723.7732 9.575 154.376 -0.29083 0.13949 0.802 0.92886 16.0000 55.01 0.8864 0.8873 1.713025 
723.3315 9.576 154.391 -0.29088 0.13942 0.802 0.92881 16.0000 54.40 0.8865 0.8874 1.714072 
722.8898 9.577 154.384 -0.29093 0.13949 0.807 0.92896 16.0000 55.39 0.8866 0.8876 1.715119 
722.4479 9.577 154.383 -0.29091 0.13948 0.807 0.92881 16.0000 55.53 0.8865 0.8875 1.716168 
722.0060 9.577 154.385 -0.29091 0.13947 0.812 0.92879 16.0000 55.26 0.8865 0.8875 1.717218 
721.5640 9.585 154.381 -0.29119 0.13964 0.803 0.92888 16.0000 54.88 0.8868 0.8877 1.718270 
721.1218 9.588 154.387 -0.29134 0.13967 0.809 0.92903 16.0000 55.23 0.8869 0.8879 1.719324 
720.6796 9.593 154.390 -0.29148 0.13972 0.805 0.92898 16.0000 55.92 0.8870 0.8880 1.720379 
720.2373 9.595 154.374 -0.29149 0.13982 0.807 0.92883 16.0000 55.90 0.8871 0.8881 1.721435 
719.7949 9.594 154.390 -0.29147 0.13971 0.805 0.92876 16.0000 55.73 0.8872 0.8881 1.722493 
719.3524 9.596 154.376 -0.29152 0.13982 0.809 0.92883 16.0000 55.63 0.8875 0.8884 1.723553 
718.9097 9.597 154.370 -0.29149 0.13985 0.812 0.92873 16.0000 55.99 0.8875 0.8885 1.724614 
718.4670 9.597 154.368 -0.29150 0.13986 0.811 0.92878 16.0000 56.17 0.8877 0.8887 1.725677 
718.0242 9.606 154.363 -0.29173 0.14000 0.819 0.92860 16.0000 56.65 0.8878 0.8887 1.726741 
717.5813 9.609 154.363 -0.29181 0.14004 0.815 0.92851 16.0000 56.39 0.8878 0.8888 1.727807 
717.1383 9.612 154.368 -0.29189 0.14005 0.810 0.92842 16.0000 55.49 0.8879 0.8888 1.728874 
716.6952 9.614 154.365 -0.29197 0.14011 0.814 0.92845 16.0000 56.21 0.8880 0.8889 1.729943 
716.2520 9.618 154.365 -0.29209 0.14017 0.822 0.92844 16.0000 56.75 0.8881 0.8890 1.731013 
715.8087 9.622 154.352 -0.29213 0.14027 0.817 0.92823 16.0000 56.73 0.8880 0.8889 1.732086 
715.3653 9.626 154.361 -0.29231 0.14030 0.820 0.92832 16.0000 56.93 0.8882 0.8891 1.733159 
714.9218 9.628 154.375 -0.29243 0.14027 0.818 0.92842 16.0000 56.73 0.8883 0.8893 1.734234 
714.4782 9.629 154.374 -0.29249 0.14030 0.819 0.92856 16.0000 56.77 0.8884 0.8893 1.735311 
714.0345 9.636 154.346 -0.29262 0.14054 0.823 0.92839 16.0000 56.85 0.8883 0.8893 1.736389 
713.5907 9.641 154.350 -0.29281 0.14060 0.821 0.92843 16.0000 56.86 0.8886 0.8895 1.737469 
713.1469 9.645 154.354 -0.29286 0.14061 0.818 0.92819 16.0000 56.21 0.8886 0.8895 1.738550 
712.7028 9.648 154.342 -0.29297 0.14073 0.822 0.92828 16.0000 56.71 0.8887 0.8896 1.739634 
712.2588 9.656 154.345 -0.29326 0.14085 0.824 0.92836 16.0000 57.52 0.8891 0.8900 1.740718 
711.8146 9.664 154.330 -0.29337 0.14100 0.826 0.92801 16.0000 56.91 0.8892 0.8901 1.741805 
711.3703 9.670 154.328 -0.29355 0.14110 0.830 0.92799 16.0000 57.41 0.8893 0.8902 1.742892 
710.9259 9.678 154.294 -0.29374 0.14140 0.830 0.92800 16.0000 56.93 0.8894 0.8903 1.743982 
710.4814 9.684 154.267 -0.29383 0.14162 0.829 0.92787 16.0000 56.82 0.8895 0.8904 1.745073 
710.0369 9.692 154.249 -0.29395 0.14179 0.828 0.92764 16.0000 57.19 0.8895 0.8904 1.746165 
709.5922 9.696 154.239 -0.29405 0.14190 0.827 0.92755 16.0000 56.82 0.8896 0.8905 1.747260 
709.1474 9.704 154.245 -0.29430 0.14199 0.828 0.92752 16.0000 57.54 0.8899 0.8908 1.748356 
708.7026 9.708 154.233 -0.29441 0.14212 0.837 0.92744 16.0000 57.95 0.8900 0.8909 1.749453 
708.2576 9.715 154.224 -0.29458 0.14226 0.832 0.92736 16.0000 57.69 0.8902 0.8911 1.750552 
707.8125 9.721 154.207 -0.29471 0.14243 0.835 0.92726 16.0000 57.03 0.8904 0.8912 1.751653 
707.3674 9.727 154.190 -0.29482 0.14259 0.835 0.92714 16.0000 57.43 0.8905 0.8913 1.752755 
706.9221 9.736 154.176 -0.29499 0.14276 0.839 0.92692 16.0000 57.88 0.8907 0.8916 1.753859 
706.4767 9.744 154.153 -0.29518 0.14299 0.841 0.92686 16.0000 58.27 0.8908 0.8917 1.754965 
706.0313 9.749 154.132 -0.29522 0.14315 0.841 0.92659 16.0000 58.18 0.8908 0.8917 1.756072 
705.5857 9.756 154.127 -0.29540 0.14327 0.839 0.92651 16.0000 58.32 0.8911 0.8919 1.757181 
705.1401 9.763 154.132 -0.29561 0.14334 0.834 0.92640 16.0000 57.94 0.8912 0.8921 1.758292 
704.6943 9.771 154.127 -0.29579 0.14345 0.844 0.92621 16.0000 57.87 0.8914 0.8923 1.759404 
704.2484 9.777 154.112 -0.29590 0.14360 0.844 0.92608 16.0000 57.31 0.8914 0.8922 1.760518 
703.8025 9.782 154.108 -0.29604 0.14370 0.849 0.92601 16.0000 57.53 0.8912 0.8921 1.761633 
703.3564 9.792 154.076 -0.29628 0.14402 0.850 0.92594 16.0000 57.48 0.8913 0.8922 1.762751 
702.9103 9.802 154.068 -0.29649 0.14418 0.849 0.92570 16.0000 58.51 0.8915 0.8924 1.763869 
702.4641 9.812 154.047 -0.29673 0.14442 0.850 0.92558 16.0000 58.84 0.8917 0.8926 1.764990 
702.0177 9.822 154.029 -0.29699 0.14467 0.850 0.92544 16.0000 58.49 0.8919 0.8928 1.766112 
701.5712 9.832 153.990 -0.29715 0.14499 0.849 0.92528 16.0000 58.83 0.8921 0.8930 1.767236 
701.1247 9.840 153.973 -0.29734 0.14519 0.858 0.92516 16.0000 58.81 0.8923 0.8932 1.768361 
700.6780 9.846 153.976 -0.29755 0.14528 0.855 0.92516 16.0000 58.21 0.8925 0.8933 1.769489 
700.2313 9.853 153.973 -0.29778 0.14541 0.859 0.92527 16.0000 58.58 0.8927 0.8935 1.770618 
699.7844 9.861 153.963 -0.29801 0.14559 0.862 0.92516 16.0000 57.79 0.8928 0.8937 1.771748 
699.3375 9.868 153.960 -0.29818 0.14569 0.858 0.92500 16.0000 58.02 0.8930 0.8939 1.772881 
698.8904 9.878 153.942 -0.29839 0.14591 0.856 0.92487 16.0000 58.66 0.8932 0.8940 1.774015 
698.4433 9.887 153.938 -0.29867 0.14607 0.857 0.92484 16.0000 58.38 0.8934 0.8943 1.775150 
697.9961 9.899 153.905 -0.29893 0.14641 0.863 0.92469 16.0000 58.57 0.8937 0.8946 1.776288 
697.5488 9.907 153.883 -0.29911 0.14664 0.864 0.92461 16.0000 58.57 0.8940 0.8948 1.777427 
697.1013 9.914 153.854 -0.29930 0.14692 0.868 0.92470 16.0000 58.66 0.8941 0.8949 1.778568 
696.6537 9.921 153.853 -0.29952 0.14704 0.870 0.92463 16.0000 58.72 0.8942 0.8951 1.779711 
696.2061 9.932 153.833 -0.29981 0.14731 0.871 0.92456 16.0000 58.19 0.8944 0.8952 1.780855 
695.7584 9.942 153.811 -0.30000 0.14754 0.872 0.92433 16.0000 58.53 0.8945 0.8953 1.782001 
695.3105 9.951 153.785 -0.30019 0.14781 0.876 0.92425 16.0000 59.51 0.8946 0.8954 1.783149 
694.8626 9.960 153.762 -0.30039 0.14806 0.873 0.92417 16.0000 59.22 0.8949 0.8958 1.784298 
694.4146 9.967 153.737 -0.30054 0.14830 0.872 0.92409 16.0000 59.19 0.8952 0.8961 1.785449 
693.9664 9.977 153.726 -0.30078 0.14849 0.880 0.92394 16.0000 58.20 0.8954 0.8963 1.786602 
693.5182 9.990 153.699 -0.30118 0.14886 0.880 0.92407 16.0000 58.36 0.8957 0.8965 1.787757 
693.0699 10.001 153.693 -0.30151 0.14906 0.883 0.92403 16.0000 58.44 0.8958 0.8967 1.788913 
692.6215 10.010 153.679 -0.30179 0.14929 0.881 0.92404 16.0000 58.53 0.8960 0.8969 1.790071 
692.1729 10.016 153.670 -0.30195 0.14943 0.887 0.92399 16.0000 58.73 0.8960 0.8969 1.791231 
691.7243 10.025 153.650 -0.30221 0.14969 0.882 0.92406 16.0000 59.26 0.8964 0.8972 1.792393 
691.2756 10.037 153.637 -0.30260 0.14997 0.880 0.92417 16.0000 59.05 0.8966 0.8975 1.793557 
690.8267 10.046 153.629 -0.30290 0.15017 0.889 0.92429 16.0000 58.47 0.8969 0.8977 1.794722 
690.3778 10.057 153.602 -0.30314 0.15047 0.890 0.92410 16.0000 58.52 0.8971 0.8979 1.795889 
689.9288 10.065 153.586 -0.30338 0.15069 0.894 0.92416 16.0000 58.00 0.8973 0.8982 1.797058 
689.4797 10.074 153.568 -0.30365 0.15095 0.893 0.92422 16.0000 58.26 0.8976 0.8984 1.798228 
689.0304 10.082 153.564 -0.30394 0.15111 0.889 0.92431 16.0000 57.41 0.8977 0.8986 1.799401 
688.5811 10.091 153.544 -0.30420 0.15138 0.893 0.92443 16.0000 58.98 0.8981 0.8989 1.800575 
688.1317 10.098 153.536 -0.30440 0.15153 0.892 0.92440 16.0000 58.84 0.8983 0.8991 1.801751 
687.6821 10.105 153.532 -0.30464 0.15167 0.897 0.92446 16.0000 59.25 0.8985 0.8993 1.802929 
687.2325 10.114 153.501 -0.30480 0.15196 0.901 0.92432 16.0000 59.15 0.8987 0.8995 1.804108 
686.7828 10.122 153.490 -0.30505 0.15216 0.909 0.92431 16.0000 58.87 0.8988 0.8996 1.805290 
686.3329 10.131 153.493 -0.30532 0.15227 0.905 0.92422 16.0000 58.39 0.8989 0.8998 1.806473 
685.8830 10.140 153.497 -0.30560 0.15239 0.906 0.92416 16.0000 58.23 0.8991 0.8999 1.807658 
685.4330 10.150 153.489 -0.30594 0.15261 0.907 0.92421 16.0000 58.70 0.8993 0.9001 1.808845 
684.9828 10.159 153.488 -0.30621 0.15275 0.908 0.92418 16.0000 58.86 0.8995 0.9004 1.810034 
684.5327 10.166 153.483 -0.30640 0.15288 0.911 0.92412 16.0000 58.81 0.8997 0.9005 1.811224 
684.0823 10.173 153.472 -0.30659 0.15305 0.915 0.92407 16.0000 58.36 0.8998 0.9006 1.812416 
683.6319 10.180 153.469 -0.30682 0.15318 0.921 0.92408 16.0000 58.35 0.8999 0.9007 1.813610 
683.1813 10.186 153.471 -0.30704 0.15328 0.921 0.92412 16.0000 58.08 0.9000 0.9008 1.814807 
682.7307 10.198 153.457 -0.30734 0.15352 0.925 0.92399 16.0000 58.46 0.9001 0.9010 1.816004 
682.2800 10.206 153.461 -0.30758 0.15362 0.923 0.92382 16.0000 58.50 0.9002 0.9010 1.817204 
681.8292 10.215 153.444 -0.30780 0.15384 0.919 0.92378 16.0000 58.10 0.9005 0.9013 1.818405 
681.3782 10.223 153.440 -0.30802 0.15397 0.920 0.92364 16.0000 58.45 0.9006 0.9015 1.819609 
680.9272 10.228 153.440 -0.30822 0.15408 0.931 0.92376 16.0000 58.18 0.9008 0.9016 1.820814 
680.4761 10.234 153.426 -0.30838 0.15425 0.929 0.92382 16.0000 58.43 0.9009 0.9017 1.822021 
680.0248 10.239 153.419 -0.30860 0.15441 0.934 0.92400 16.0000 58.06 0.9010 0.9018 1.823230 
679.5735 10.246 153.424 -0.30887 0.15450 0.937 0.92407 16.0000 58.35 0.9012 0.9020 1.824441 
679.1221 10.251 153.419 -0.30908 0.15465 0.940 0.92424 16.0000 58.12 0.9014 0.9022 1.825654 
678.6705 10.257 153.420 -0.30931 0.15476 0.945 0.92438 16.0000 59.00 0.9016 0.9024 1.826869 
678.2189 10.264 153.418 -0.30952 0.15487 0.945 0.92435 16.0000 59.08 0.9017 0.9025 1.828085 
677.7672 10.271 153.407 -0.30977 0.15507 0.945 0.92450 16.0000 57.98 0.9019 0.9027 1.829303 
677.3154 10.277 153.406 -0.30997 0.15518 0.950 0.92446 16.0000 57.77 0.9020 0.9029 1.830524 
676.8634 10.285 153.403 -0.31025 0.15534 0.954 0.92454 16.0000 58.58 0.9023 0.9031 1.831746 
676.4114 10.290 153.404 -0.31044 0.15543 0.958 0.92466 16.0000 58.22 0.9025 0.9033 1.832970 
675.9592 10.293 153.385 -0.31055 0.15561 0.961 0.92478 16.0000 58.30 0.9027 0.9035 1.834196 
675.5070 10.299 153.379 -0.31068 0.15572 0.961 0.92469 16.0000 58.31 0.9029 0.9037 1.835424 
675.0547 10.302 153.377 -0.31075 0.15577 0.960 0.92461 16.0000 58.12 0.9031 0.9039 1.836654 
674.6022 10.304 153.371 -0.31081 0.15584 0.965 0.92465 16.0000 58.11 0.9031 0.9040 1.837886 
674.1497 10.309 153.364 -0.31095 0.15595 0.967 0.92458 16.0000 58.30 0.9033 0.9041 1.839120 
673.6971 10.312 153.368 -0.31101 0.15596 0.967 0.92452 16.0000 57.90 0.9035 0.9043 1.840355 
673.2443 10.316 153.367 -0.31120 0.15606 0.975 0.92466 16.0000 58.23 0.9038 0.9046 1.841593 
672.7915 10.320 153.356 -0.31130 0.15619 0.981 0.92462 16.0000 58.53 0.9040 0.9048 1.842832 
672.3386 10.325 153.348 -0.31146 0.15632 0.983 0.92464 16.0000 58.35 0.9044 0.9052 1.844074 
671.8855 10.329 153.342 -0.31150 0.15639 0.977 0.92447 16.0000 58.03 0.9046 0.9054 1.845317 
671.4324 10.332 153.334 -0.31159 0.15648 0.986 0.92451 16.0000 58.11 0.9048 0.9056 1.846563 
670.9791 10.337 153.329 -0.31175 0.15660 0.984 0.92456 16.0000 58.47 0.9049 0.9057 1.847810 
670.5258 10.341 153.311 -0.31187 0.15678 0.995 0.92465 16.0000 58.47 0.9052 0.9060 1.849059 
670.0723 10.347 153.300 -0.31207 0.15696 1.003 0.92478 16.0000 58.77 0.9055 0.9063 1.850311 
669.6188 10.348 153.304 -0.31219 0.15699 1.002 0.92492 16.0000 57.72 0.9058 0.9066 1.851564 
669.1651 10.352 153.307 -0.31234 0.15704 1.009 0.92501 16.0000 58.51 0.9061 0.9069 1.852819 
668.7114 10.356 153.315 -0.31257 0.15710 1.008 0.92524 16.0000 58.21 0.9062 0.9070 1.854076 
668.2575 10.360 153.309 -0.31272 0.15722 1.008 0.92532 16.0000 58.22 0.9063 0.9071 1.855336 
667.8035 10.365 153.303 -0.31291 0.15736 1.006 0.92544 16.0000 58.07 0.9065 0.9073 1.856597 
667.3495 10.368 153.303 -0.31307 0.15743 1.015 0.92564 16.0000 58.26 0.9067 0.9075 1.857860 
666.8953 10.373 153.294 -0.31324 0.15758 1.025 0.92575 16.0000 58.22 0.9070 0.9078 1.859125 
666.4411 10.377 153.289 -0.31340 0.15770 1.026 0.92577 16.0000 57.24 0.9073 0.9081 1.860392 
665.9868 10.381 153.288 -0.31352 0.15777 1.021 0.92585 16.0000 57.68 0.9076 0.9083 1.861661 
665.5323 10.386 153.277 -0.31377 0.15797 1.035 0.92612 16.0000 58.26 0.9078 0.9086 1.862933 
665.0777 10.389 153.274 -0.31387 0.15804 1.032 0.92612 16.0000 57.37 0.9080 0.9088 1.864206 
664.6230 10.393 153.261 -0.31402 0.15820 1.035 0.92637 16.0000 58.12 0.9082 0.9090 1.865482 
664.1683 10.396 153.264 -0.31419 0.15827 1.038 0.92649 16.0000 58.13 0.9085 0.9093 1.866759 
663.7134 10.400 153.264 -0.31434 0.15834 1.043 0.92660 16.0000 57.96 0.9087 0.9095 1.868038 
663.2584 10.404 153.252 -0.31441 0.15847 1.043 0.92652 16.0000 57.94 0.9089 0.9097 1.869319 
662.8034 10.408 153.238 -0.31451 0.15861 1.049 0.92654 16.0000 56.62 0.9092 0.9099 1.870603 
662.3482 10.411 153.233 -0.31463 0.15871 1.055 0.92664 16.0000 58.02 0.9094 0.9102 1.871888 
661.8929 10.414 153.229 -0.31482 0.15883 1.061 0.92687 16.0000 57.97 0.9097 0.9104 1.873176 
661.4376 10.417 153.219 -0.31493 0.15895 1.063 0.92704 16.0000 57.61 0.9099 0.9107 1.874465 
660.9821 10.419 153.210 -0.31504 0.15907 1.064 0.92718 16.0000 57.76 0.9102 0.9109 1.875757 
660.5265 10.423 153.197 -0.31509 0.15919 1.069 0.92709 16.0000 56.45 0.9103 0.9110 1.877051 
660.0708 10.427 153.198 -0.31525 0.15926 1.079 0.92712 16.0000 57.92 0.9104 0.9112 1.878347 
659.6151 10.433 153.199 -0.31539 0.15932 1.082 0.92699 16.0000 57.58 0.9107 0.9114 1.879644 
659.1592 10.438 153.187 -0.31550 0.15946 1.082 0.92689 16.0000 57.40 0.9109 0.9117 1.880945 
658.7032 10.442 153.178 -0.31560 0.15958 1.083 0.92694 16.0000 57.18 0.9112 0.9120 1.882247 
658.2471 10.445 153.179 -0.31578 0.15966 1.094 0.92717 16.0000 57.84 0.9116 0.9123 1.883551 
657.7909 10.448 153.169 -0.31587 0.15977 1.095 0.92722 16.0000 57.78 0.9120 0.9127 1.884857 
657.3346 10.452 153.161 -0.31599 0.15988 1.111 0.92717 16.0000 57.34 0.9121 0.9128 1.886166 
656.8782 10.457 153.169 -0.31624 0.15996 1.108 0.92734 16.0000 57.28 0.9123 0.9130 1.887476 
656.4218 10.463 153.159 -0.31641 0.16011 1.114 0.92740 16.0000 57.44 0.9124 0.9131 1.888788 
655.9651 10.466 153.166 -0.31652 0.16012 1.120 0.92735 16.0000 57.20 0.9126 0.9133 1.890103 
655.5084 10.471 153.148 -0.31662 0.16030 1.118 0.92731 16.0000 56.44 0.9129 0.9136 1.891420 
655.0516 10.475 153.144 -0.31672 0.16038 1.132 0.92731 16.0000 56.81 0.9132 0.9139 1.892739 
654.5947 10.480 153.142 -0.31690 0.16048 1.137 0.92732 16.0000 57.26 0.9136 0.9143 1.894060 
654.1377 10.485 153.151 -0.31709 0.16051 1.139 0.92729 16.0000 56.84 0.9138 0.9145 1.895384 
653.6806 10.488 153.139 -0.31716 0.16063 1.146 0.92733 16.0000 57.03 0.9140 0.9147 1.896709 
653.2234 10.492 153.133 -0.31726 0.16073 1.154 0.92724 16.0000 57.76 0.9142 0.9149 1.898037 
652.7661 10.496 153.134 -0.31738 0.16078 1.153 0.92726 16.0000 56.71 0.9145 0.9152 1.899366 
652.3087 10.498 153.120 -0.31743 0.16090 1.160 0.92724 16.0000 56.65 0.9148 0.9155 1.900698 
651.8511 10.502 153.123 -0.31751 0.16092 1.166 0.92713 16.0000 56.64 0.9151 0.9158 1.902032 
651.3936 10.506 153.125 -0.31765 0.16098 1.178 0.92714 16.0000 56.46 0.9154 0.9161 1.903368 
650.9358 10.510 153.140 -0.31785 0.16097 1.190 0.92714 16.0000 57.32 0.9156 0.9163 1.904707 
650.4780 10.516 153.139 -0.31799 0.16105 1.190 0.92697 16.0000 56.65 0.9158 0.9165 1.906047 
650.0201 10.523 153.134 -0.31817 0.16118 1.197 0.92691 16.0000 56.10 0.9161 0.9168 1.907390 
649.5620 10.530 153.134 -0.31844 0.16131 1.192 0.92707 16.0000 56.74 0.9165 0.9172 1.908735 
649.1039 10.533 153.140 -0.31854 0.16132 1.195 0.92696 16.0000 56.31 0.9169 0.9176 1.910082 
648.6457 10.535 153.124 -0.31860 0.16147 1.208 0.92709 16.0000 55.87 0.9173 0.9180 1.911432 
648.1873 10.542 153.108 -0.31875 0.16166 1.222 0.92702 16.0000 56.38 0.9177 0.9183 1.912783 
647.7289 10.547 153.099 -0.31889 0.16179 1.232 0.92701 16.0000 57.01 0.9180 0.9187 1.914137 
647.2703 10.553 153.089 -0.31908 0.16196 1.231 0.92702 16.0000 56.43 0.9183 0.9190 1.915493 
646.8117 10.559 153.069 -0.31916 0.16214 1.237 0.92689 16.0000 55.81 0.9186 0.9193 1.916851 
646.3530 10.562 153.060 -0.31919 0.16222 1.235 0.92677 16.0000 55.12 0.9190 0.9196 1.918212 
645.8941 10.565 153.063 -0.31928 0.16224 1.252 0.92669 16.0000 56.67 0.9193 0.9199 1.919575 
645.4351 10.569 153.058 -0.31937 0.16232 1.257 0.92658 16.0000 55.68 0.9196 0.9202 1.920940 
644.9761 10.575 153.055 -0.31955 0.16243 1.272 0.92657 16.0000 55.77 0.9198 0.9205 1.922307 
644.5169 10.579 153.044 -0.31966 0.16257 1.269 0.92662 16.0000 56.06 0.9204 0.9210 1.923676 
644.0577 10.584 153.038 -0.31983 0.16270 1.271 0.92666 16.0000 55.83 0.9206 0.9212 1.925048 
643.5983 10.590 153.021 -0.32001 0.16291 1.280 0.92678 16.0000 55.39 0.9210 0.9216 1.926422 
643.1389 10.594 153.010 -0.32012 0.16304 1.290 0.92672 16.0000 56.09 0.9212 0.9219 1.927798 
642.6793 10.599 153.009 -0.32027 0.16312 1.302 0.92673 16.0000 56.29 0.9215 0.9222 1.929177 
642.2196 10.603 152.993 -0.32037 0.16328 1.297 0.92673 16.0000 55.23 0.9220 0.9226 1.930558 
641.7598 10.609 152.980 -0.32051 0.16344 1.312 0.92667 16.0000 54.75 0.9223 0.9229 1.931941 
641.2999 10.615 152.970 -0.32070 0.16362 1.317 0.92677 16.0000 55.08 0.9227 0.9233 1.933326 
640.8400 10.623 152.967 -0.32096 0.16377 1.323 0.92681 16.0000 55.08 0.9230 0.9236 1.934714 
640.3799 10.627 152.953 -0.32105 0.16391 1.336 0.92675 16.0000 55.05 0.9232 0.9239 1.936104 
639.9197 10.635 152.940 -0.32121 0.16409 1.354 0.92658 16.0000 55.78 0.9236 0.9243 1.937496 
639.4594 10.641 152.930 -0.32137 0.16424 1.354 0.92657 16.0000 55.84 0.9239 0.9245 1.938891 
638.9990 10.645 152.918 -0.32151 0.16440 1.357 0.92670 16.0000 56.20 0.9244 0.9251 1.940288 
638.5385 10.650 152.898 -0.32161 0.16459 1.376 0.92665 16.0000 56.21 0.9247 0.9253 1.941687 
638.0779 10.652 152.889 -0.32165 0.16467 1.371 0.92665 16.0000 56.57 0.9251 0.9257 1.943089 
637.6172 10.656 152.878 -0.32178 0.16482 1.371 0.92674 16.0000 55.94 0.9255 0.9261 1.944493 
637.1564 10.663 152.875 -0.32201 0.16495 1.377 0.92675 16.0000 55.97 0.9261 0.9267 1.945899 
636.6954 10.669 152.862 -0.32218 0.16514 1.394 0.92676 16.0000 56.39 0.9264 0.9270 1.947308 
636.2344 10.675 152.840 -0.32234 0.16537 1.404 0.92680 16.0000 56.09 0.9265 0.9272 1.948719 
635.7733 10.681 152.818 -0.32247 0.16560 1.404 0.92681 16.0000 55.98 0.9268 0.9274 1.950132 
635.3121 10.683 152.812 -0.32250 0.16566 1.414 0.92676 16.0000 55.30 0.9271 0.9278 1.951548 
634.8508 10.687 152.803 -0.32267 0.16581 1.416 0.92694 16.0000 55.72 0.9276 0.9283 1.952966 
634.3893 10.691 152.791 -0.32276 0.16594 1.432 0.92695 16.0000 55.75 0.9277 0.9283 1.954387 
633.9278 10.700 152.778 -0.32308 0.16620 1.440 0.92711 16.0000 56.03 0.9274 0.9281 1.955809 
633.4662 10.711 152.770 -0.32348 0.16646 1.456 0.92722 16.0000 55.77 0.9277 0.9284 1.957235 
633.0044 10.717 152.767 -0.32371 0.16660 1.464 0.92738 16.0000 55.68 0.9279 0.9285 1.958662 
632.5425 10.721 152.779 -0.32390 0.16661 1.463 0.92743 16.0000 55.61 0.9278 0.9284 1.960093 
632.0806 10.723 152.783 -0.32400 0.16664 1.469 0.92750 16.0000 55.71 0.9283 0.9289 1.961525 
631.6186 10.723 152.784 -0.32404 0.16665 1.478 0.92757 16.0000 54.82 0.9281 0.9287 1.962960 
631.1564 10.726 152.791 -0.32416 0.16666 1.496 0.92759 16.0000 55.50 0.9289 0.9295 1.964397 
630.6942 10.726 152.765 -0.32409 0.16681 1.494 0.92758 16.0000 55.68 0.9305 0.9311 1.965837 
630.2318 10.727 152.755 -0.32416 0.16692 1.526 0.92778 16.0000 55.55 0.9319 0.9324 1.967279 
629.7693 10.721 152.747 -0.32401 0.16690 1.527 0.92800 16.0000 54.67 0.9333 0.9338 1.968724 
629.3068 10.729 152.724 -0.32423 0.16718 1.532 0.92804 16.0000 55.60 0.9337 0.9343 1.970171 
628.8441 10.725 152.726 -0.32413 0.16711 1.540 0.92813 16.0000 54.77 0.9340 0.9346 1.971620 
628.3813 10.737 152.723 -0.32453 0.16734 1.542 0.92816 16.0000 55.35 0.9340 0.9346 1.973073 
627.9184 10.746 152.716 -0.32479 0.16752 1.558 0.92816 16.0000 54.65 0.9348 0.9354 1.974527 
627.4554 10.757 152.739 -0.32520 0.16756 1.558 0.92801 16.0000 54.83 0.9340 0.9346 1.975984 
626.9923 10.761 152.721 -0.32529 0.16774 1.586 0.92809 16.0000 54.95 0.9334 0.9340 1.977444 
626.5291 10.756 152.723 -0.32505 0.16760 1.578 0.92789 16.0000 54.83 0.9326 0.9332 1.978905 
626.0658 10.755 152.716 -0.32506 0.16766 1.577 0.92807 16.0000 54.69 0.9343 0.9349 1.980370 
625.6024 10.758 152.714 -0.32513 0.16771 1.602 0.92800 16.0000 54.98 0.9352 0.9358 1.981837 
625.1389 10.762 152.748 -0.32541 0.16761 1.621 0.92807 16.0000 54.84 0.9362 0.9368 1.983306 
624.6753 10.770 152.763 -0.32569 0.16765 1.623 0.92803 16.0000 54.86 0.9350 0.9356 1.984778 
624.2115 10.766 152.796 -0.32567 0.16740 1.631 0.92809 16.0000 54.08 0.9367 0.9373 1.986253 
623.7477 10.765 152.805 -0.32554 0.16727 1.613 0.92771 16.0000 53.88 0.9392 0.9398 1.987730 
623.2838 10.783 152.827 -0.32625 0.16748 1.625 0.92780 16.0000 53.62 0.9400 0.9406 1.989209 
622.8198 10.789 152.823 -0.32645 0.16760 1.649 0.92791 16.0000 54.44 0.9428 0.9433 1.990691 
622.3557 10.787 152.733 -0.32630 0.16817 1.668 0.92838 16.0000 54.10 0.9462 0.9467 1.992176 
621.8914 10.787 152.646 -0.32610 0.16870 1.683 0.92861 16.0000 54.16 0.9490 0.9496 1.993663 
621.4271 10.783 152.557 -0.32584 0.16921 1.692 0.92894 16.0000 53.88 0.9505 0.9510 1.995153 
620.9626 10.776 152.443 -0.32530 0.16976 1.644 0.92907 16.0000 53.58 0.9516 0.9522 1.996645 
620.4980 10.759 152.354 -0.32449 0.16997 1.696 0.92908 16.0000 53.66 0.9514 0.9520 1.998140 
620.0334 10.757 152.252 -0.32409 0.17050 1.681 0.92898 16.0000 53.82 0.9533 0.9539 1.999637 
619.5687 10.764 152.147 -0.32389 0.17115 1.736 0.92867 16.0000 53.40 0.9546 0.9551 2.001137 
619.1038 10.759 152.067 -0.32347 0.17151 1.702 0.92857 16.0000 53.67 0.9572 0.9577 2.002640 
618.6388 10.751 151.983 -0.32289 0.17181 1.722 0.92845 16.0000 53.31 0.9601 0.9606 2.004145 
618.1737 10.749 151.907 -0.32254 0.17217 1.730 0.92823 16.0000 53.87 0.9623 0.9628 2.005653 
617.7086 10.740 151.817 -0.32191 0.17249 1.753 0.92806 16.0000 53.19 0.9652 0.9657 2.007163 
617.2433 10.732 151.737 -0.32133 0.17276 1.713 0.92787 16.0000 52.77 0.9671 0.9676 2.008676 
616.7779 10.730 151.657 -0.32098 0.17314 1.723 0.92771 16.0000 53.97 0.9693 0.9698 2.010192 
616.3124 10.724 151.596 -0.32048 0.17331 1.771 0.92741 16.0000 53.37 0.9707 0.9711 2.011710 
615.8468 10.711 151.540 -0.31986 0.17338 1.732 0.92728 16.0000 52.77 0.9724 0.9729 2.013231 
615.3810 10.710 151.475 -0.31951 0.17366 1.738 0.92703 16.0000 52.68 0.9746 0.9752 2.014755 
614.9153 10.698 151.419 -0.31890 0.17374 1.752 0.92690 16.0000 52.92 0.9768 0.9773 2.016281 
614.4493 10.690 151.362 -0.31843 0.17389 1.705 0.92678 16.0000 53.27 0.9789 0.9795 2.017810 
613.9833 10.683 151.333 -0.31806 0.17389 1.781 0.92663 16.0000 52.45 0.9806 0.9812 2.019341 
613.5172 10.678 151.286 -0.31773 0.17405 1.728 0.92652 16.0000 51.66 0.9826 0.9832 2.020875 
613.0510 10.676 151.238 -0.31747 0.17425 1.722 0.92633 16.0000 52.76 0.9840 0.9846 2.022412 
612.5847 10.674 151.199 -0.31718 0.17438 1.770 0.92610 16.0000 52.55 0.9855 0.9861 2.023952 
612.1182 10.673 151.164 -0.31700 0.17453 1.727 0.92597 16.0000 52.20 0.9868 0.9875 2.025494 
611.6517 10.670 151.133 -0.31675 0.17462 1.836 0.92574 16.0000 52.32 0.9880 0.9886 2.027039 
611.1850 10.669 151.114 -0.31654 0.17464 1.945 0.92546 16.0000 51.41 0.9886 0.9893 2.028587 
610.7183 10.667 151.093 -0.31638 0.17470 1.792 0.92530 16.0000 52.70 0.9892 0.9899 2.030137 
610.2514 10.669 151.070 -0.31619 0.17476 1.813 0.92483 16.0000 51.96 0.9897 0.9905 2.031690 
609.7844 10.669 151.054 -0.31604 0.17479 1.738 0.92455 16.0000 52.69 0.9902 0.9909 2.033246 
609.3173 10.671 151.044 -0.31597 0.17483 1.729 0.92421 16.0000 51.70 0.9906 0.9914 2.034805 
608.8502 10.676 151.039 -0.31602 0.17489 1.734 0.92394 16.0000 51.12 0.9906 0.9914 2.036366 
608.3829 10.677 151.043 -0.31595 0.17482 1.767 0.92357 16.0000 51.49 0.9903 0.9911 2.037930 
607.9155 10.684 151.050 -0.31608 0.17485 1.623 0.92326 16.0000 52.15 0.9900 0.9908 2.039497 
607.4480 10.692 151.053 -0.31623 0.17491 1.606 0.92294 16.0000 51.68 0.9896 0.9905 2.041067 
606.9804 10.699 151.061 -0.31639 0.17494 1.632 0.92261 16.0000 50.42 0.9891 0.9899 2.042639 
606.5127 10.708 151.072 -0.31658 0.17496 1.767 0.92224 16.0000 49.93 0.9884 0.9893 2.044214 
606.0449 10.716 151.087 -0.31681 0.17498 1.737 0.92197 16.0000 50.67 0.9875 0.9884 2.045792 
605.5770 10.724 151.110 -0.31702 0.17493 1.730 0.92161 16.0000 50.20 0.9868 0.9877 2.047373 
605.1089 10.735 151.134 -0.31733 0.17493 1.750 0.92128 16.0000 50.82 0.9857 0.9866 2.048957 
604.6408 10.745 151.152 -0.31759 0.17495 1.774 0.92095 16.0000 50.98 0.9848 0.9857 2.050543 
604.1726 10.759 151.177 -0.31800 0.17499 1.768 0.92060 16.0000 49.81 0.9836 0.9845 2.052132 
603.7042 10.775 151.213 -0.31851 0.17501 1.483 0.92027 16.0000 50.06 0.9824 0.9833 2.053724 
603.2358 10.790 151.248 -0.31902 0.17503 1.724 0.92000 16.0000 49.76 0.9809 0.9819 2.055319 
602.7673 10.805 151.289 -0.31949 0.17499 1.501 0.91954 16.0000 48.94 0.9794 0.9803 2.056916 
602.2986 10.817 151.325 -0.31988 0.17495 1.619 0.91923 16.0000 49.97 0.9777 0.9786 2.058517 
601.8298 10.832 151.367 -0.32038 0.17492 1.516 0.91898 16.0000 49.41 0.9762 0.9772 2.060121 
601.3610 10.846 151.409 -0.32087 0.17487 1.556 0.91861 16.0000 49.23 0.9744 0.9753 2.061726 
600.8920 10.861 151.460 -0.32137 0.17478 1.604 0.91828 16.0000 49.07 0.9726 0.9736 2.063336 
600.4229 10.875 151.510 -0.32186 0.17469 1.692 0.91788 16.0000 48.61 0.9704 0.9714 2.064948 
599.9537 10.892 151.565 -0.32244 0.17460 1.835 0.91749 16.0000 49.44 0.9684 0.9694 2.066563 
599.4844 10.911 151.618 -0.32310 0.17457 1.834 0.91711 16.0000 48.85 0.9662 0.9671 2.068181 
599.0150 10.933 151.675 -0.32380 0.17453 1.733 0.91659 16.0000 47.99 0.9640 0.9649 2.069801 
598.5455 10.950 151.723 -0.32435 0.17448 1.689 0.91613 16.0000 47.92 0.9614 0.9624 2.071425 
598.0759 10.970 151.778 -0.32499 0.17442 1.866 0.91570 16.0000 48.65 0.9592 0.9602 2.073051 
597.6062 10.986 151.839 -0.32561 0.17430 1.775 0.91537 16.0000 48.18 0.9571 0.9580 2.074680 
597.1364 11.006 151.908 -0.32636 0.17420 1.743 0.91506 16.0000 47.60 0.9547 0.9557 2.076313 
596.6664 11.030 151.970 -0.32720 0.17419 1.698 0.91467 16.0000 47.91 0.9521 0.9531 2.077948 
596.1964 11.052 152.044 -0.32794 0.17405 1.659 0.91414 16.0000 47.09 0.9494 0.9504 2.079586 
595.7263 11.074 152.118 -0.32881 0.17396 1.799 0.91389 16.0000 47.58 0.9472 0.9481 2.081227 
595.2560 11.092 152.197 -0.32953 0.17376 1.780 0.91360 16.0000 47.19 0.9454 0.9464 2.082872 
594.7857 11.107 152.277 -0.33016 0.17350 1.784 0.91328 16.0000 47.18 0.9432 0.9441 2.084519 
594.3152 11.126 152.350 -0.33084 0.17332 1.788 0.91288 16.0000 46.89 0.9412 0.9422 2.086169 
593.8447 11.145 152.411 -0.33155 0.17325 1.779 0.91260 16.0000 46.93 0.9397 0.9407 2.087822 
593.3740 11.165 152.476 -0.33231 0.17316 1.762 0.91229 16.0000 46.52 0.9376 0.9386 2.089478 
592.9032 11.190 152.540 -0.33322 0.17317 1.791 0.91200 16.0000 47.19 0.9362 0.9372 2.091137 
592.4323 11.213 152.600 -0.33406 0.17316 1.768 0.91170 16.0000 45.95 0.9339 0.9349 2.092799 
591.9613 11.242 152.678 -0.33514 0.17314 1.766 0.91146 16.0000 45.79 0.9310 0.9321 2.094464 
591.4902 11.268 152.752 -0.33608 0.17308 1.746 0.91097 16.0000 45.78 0.9281 0.9292 2.096133 
591.0190 11.302 152.813 -0.33723 0.17321 1.726 0.91056 16.0000 45.65 0.9252 0.9263 2.097804 
590.5477 11.323 152.884 -0.33802 0.17309 1.731 0.91026 16.0000 45.22 0.9231 0.9242 2.099478 
590.0763 11.357 152.942 -0.33923 0.17328 1.726 0.90996 16.0000 45.23 0.9212 0.9223 2.101155 
589.6048 11.373 153.004 -0.33981 0.17311 1.736 0.90964 16.0000 44.81 0.9198 0.9209 2.102836 
589.1331 11.393 153.062 -0.34056 0.17306 1.692 0.90934 16.0000 44.95 0.9177 0.9188 2.104519 
588.6614 11.405 153.081 -0.34095 0.17312 1.695 0.90921 16.0000 44.95 0.9175 0.9186 2.106206 
588.1896 11.422 153.126 -0.34157 0.17310 1.693 0.90898 16.0000 45.18 0.9177 0.9187 2.107895 
587.7176 11.449 153.159 -0.34258 0.17336 1.691 0.90902 16.0000 43.16 0.9184 0.9194 2.109588 
587.2455 11.475 153.188 -0.34339 0.17355 1.648 0.90867 16.0000 43.13 0.9170 0.9181 2.111284 
586.7734 11.495 153.201 -0.34405 0.17378 1.657 0.90850 16.0000 44.08 0.9165 0.9176 2.112983 
586.3011 11.511 153.164 -0.34443 0.17426 1.644 0.90840 16.0000 44.66 0.9163 0.9173 2.114685 
585.8287 11.519 153.131 -0.34464 0.17461 1.674 0.90849 16.0000 44.66 0.9186 0.9196 2.116390 
585.3563 11.540 153.060 -0.34510 0.17538 1.628 0.90846 16.0000 43.73 0.9185 0.9194 2.118098 
584.8837 11.560 152.986 -0.34568 0.17624 1.615 0.90878 16.0000 43.01 0.9177 0.9187 2.119809 
584.4109 11.556 152.891 -0.34525 0.17674 1.607 0.90874 16.0000 42.72 0.9188 0.9198 2.121524 
583.9382 11.563 152.790 -0.34506 0.17741 1.603 0.90853 16.0000 42.97 0.9181 0.9191 2.123242 
583.4652 11.574 152.763 -0.34520 0.17769 1.586 0.90809 16.0000 43.29 0.9166 0.9176 2.124963 
582.9922 11.584 152.727 -0.34525 0.17799 1.574 0.90770 16.0000 42.84 0.9154 0.9164 2.126687 
582.5191 11.593 152.693 -0.34528 0.17827 1.555 0.90723 16.0000 42.86 0.9156 0.9165 2.128414 
582.0458 11.605 152.675 -0.34547 0.17850 1.555 0.90688 16.0000 41.92 0.9164 0.9173 2.130145 
581.5725 11.625 152.653 -0.34601 0.17895 1.545 0.90665 16.0000 42.35 0.9188 0.9197 2.131878 
581.0991 11.633 152.636 -0.34611 0.17913 1.527 0.90637 16.0000 42.00 0.9194 0.9203 2.133615 
580.6255 11.632 152.637 -0.34606 0.17910 1.516 0.90635 16.0000 42.03 0.9208 0.9216 2.135356 
580.1519 11.639 152.622 -0.34621 0.17929 1.503 0.90624 16.0000 41.48 0.9211 0.9219 2.137099 
579.6780 11.651 152.600 -0.34647 0.17959 1.483 0.90606 16.0000 41.19 0.9210 0.9219 2.138846 
579.2042 11.654 152.588 -0.34650 0.17970 1.490 0.90597 16.0000 42.00 0.9216 0.9225 2.140595 
578.7302 11.666 152.584 -0.34682 0.17990 1.479 0.90580 16.0000 41.64 0.9214 0.9223 2.142349 
578.2561 11.676 152.583 -0.34710 0.18005 1.464 0.90572 16.0000 41.10 0.9220 0.9229 2.144105 
577.7819 11.678 152.581 -0.34712 0.18007 1.451 0.90558 16.0000 41.27 0.9224 0.9233 2.145865 
577.3076 11.682 152.570 -0.34722 0.18022 1.437 0.90557 16.0000 41.25 0.9236 0.9245 2.147628 
576.8332 11.695 152.549 -0.34755 0.18055 1.421 0.90545 16.0000 40.30 0.9244 0.9253 2.149394 
576.3586 11.699 152.554 -0.34766 0.18057 1.404 0.90536 16.0000 40.13 0.9246 0.9255 2.151164 
575.8840 11.713 152.548 -0.34805 0.18081 1.396 0.90518 16.0000 41.03 0.9249 0.9258 2.152937 
575.4093 11.726 152.551 -0.34838 0.18096 1.394 0.90497 16.0000 40.93 0.9251 0.9260 2.154713 
574.9344 11.738 152.537 -0.34872 0.18124 1.376 0.90488 16.0000 40.15 0.9254 0.9263 2.156493 
574.4595 11.749 152.541 -0.34905 0.18139 1.376 0.90473 16.0000 40.40 0.9253 0.9262 2.158276 
573.9844 11.757 152.536 -0.34921 0.18151 1.353 0.90451 16.0000 39.70 0.9255 0.9264 2.160062 
573.5092 11.768 152.523 -0.34944 0.18173 1.344 0.90431 16.0000 40.57 0.9255 0.9264 2.161852 
573.0339 11.778 152.523 -0.34967 0.18185 1.341 0.90406 16.0000 39.68 0.9256 0.9265 2.163645 
572.5586 11.788 152.520 -0.34992 0.18200 1.320 0.90379 16.0000 39.75 0.9255 0.9264 2.165441 
572.0831 11.799 152.518 -0.35015 0.18214 1.303 0.90351 16.0000 39.40 0.9257 0.9266 2.167241 
571.6075 11.812 152.502 -0.35042 0.18240 1.295 0.90323 16.0000 39.37 0.9259 0.9269 2.169044 
571.1318 11.825 152.504 -0.35083 0.18260 1.295 0.90314 16.0000 38.54 0.9261 0.9270 2.170851 
570.6559 11.837 152.503 -0.35115 0.18277 1.277 0.90291 16.0000 38.86 0.9261 0.9270 2.172661 
570.1801 11.850 152.511 -0.35152 0.18291 1.260 0.90272 16.0000 38.73 0.9259 0.9268 2.174474 
569.7040 11.859 152.512 -0.35172 0.18300 1.250 0.90245 16.0000 38.10 0.9261 0.9271 2.176291 
569.2278 11.874 152.510 -0.35218 0.18326 1.250 0.90236 16.0000 38.64 0.9264 0.9273 2.178112 
568.7516 11.885 152.512 -0.35251 0.18341 1.235 0.90222 16.0000 37.75 0.9265 0.9274 2.179936 
568.2753 11.898 152.511 -0.35285 0.18360 1.219 0.90206 16.0000 37.64 0.9266 0.9275 2.181763 
567.7988 11.910 152.504 -0.35321 0.18384 1.211 0.90196 16.0000 37.98 0.9268 0.9277 2.183594 
567.3222 11.920 152.501 -0.35348 0.18400 1.205 0.90185 16.0000 37.93 0.9271 0.9281 2.185428 
566.8455 11.932 152.502 -0.35378 0.18416 1.194 0.90160 16.0000 37.52 0.9272 0.9281 2.187266 
566.3687 11.944 152.498 -0.35413 0.18436 1.188 0.90142 16.0000 37.78 0.9272 0.9281 2.189107 
565.8918 11.956 152.502 -0.35444 0.18450 1.166 0.90117 16.0000 37.22 0.9273 0.9282 2.190952 
565.4149 11.971 152.506 -0.35488 0.18469 1.164 0.90102 16.0000 37.05 0.9273 0.9283 2.192800 
564.9377 11.980 152.506 -0.35517 0.18484 1.155 0.90095 16.0000 37.24 0.9274 0.9284 2.194653 
564.4605 11.989 152.506 -0.35539 0.18496 1.147 0.90078 16.0000 36.98 0.9274 0.9284 2.196508 
563.9832 11.997 152.503 -0.35558 0.18508 1.141 0.90061 16.0000 36.46 0.9275 0.9285 2.198367 
563.5057 12.007 152.498 -0.35584 0.18525 1.117 0.90048 16.0000 35.91 0.9275 0.9284 2.200230 
563.0282 12.017 152.497 -0.35608 0.18539 1.114 0.90024 16.0000 36.07 0.9275 0.9285 2.202096 
562.5505 12.028 152.500 -0.35636 0.18552 1.102 0.89999 16.0000 35.74 0.9275 0.9284 2.203966 
562.0728 12.038 152.495 -0.35662 0.18568 1.108 0.89985 16.0000 36.39 0.9275 0.9284 2.205839 
561.5948 12.049 152.488 -0.35690 0.18588 1.088 0.89967 16.0000 35.90 0.9274 0.9284 2.207716 
561.1169 12.060 152.484 -0.35715 0.18604 1.079 0.89942 16.0000 35.58 0.9274 0.9283 2.209597 
560.6388 12.070 152.478 -0.35740 0.18623 1.068 0.89922 16.0000 35.57 0.9275 0.9284 2.211481 
560.1606 12.082 152.475 -0.35769 0.18640 1.069 0.89901 16.0000 35.35 0.9275 0.9284 2.213369 
559.6823 12.090 152.466 -0.35786 0.18656 1.062 0.89883 16.0000 35.69 0.9275 0.9284 2.215260 
559.2039 12.100 152.465 -0.35816 0.18673 1.052 0.89878 16.0000 35.29 0.9274 0.9283 2.217155 
558.7253 12.109 152.464 -0.35841 0.18686 1.041 0.89863 16.0000 35.60 0.9273 0.9282 2.219055 
558.2467 12.122 152.466 -0.35878 0.18704 1.033 0.89842 16.0000 34.68 0.9273 0.9282 2.220957 
557.7679 12.134 152.464 -0.35908 0.18722 1.026 0.89824 16.0000 34.72 0.9273 0.9282 2.222864 
557.2891 12.144 152.466 -0.35937 0.18735 1.019 0.89810 16.0000 34.90 0.9273 0.9282 2.224773 
556.8102 12.153 152.468 -0.35967 0.18749 1.012 0.89809 16.0000 34.30 0.9273 0.9282 2.226687 
556.3311 12.164 152.466 -0.35997 0.18766 0.994 0.89788 16.0000 33.45 0.9274 0.9283 2.228604 
555.8519 12.174 152.472 -0.36026 0.18777 1.001 0.89772 16.0000 34.06 0.9273 0.9282 2.230525 
555.3726 12.184 152.462 -0.36047 0.18795 0.988 0.89753 16.0000 33.70 0.9273 0.9282 2.232451 
554.8932 12.193 152.452 -0.36063 0.18812 0.985 0.89727 16.0000 34.27 0.9273 0.9282 2.234379 
554.4137 12.202 152.448 -0.36089 0.18829 0.975 0.89718 16.0000 33.86 0.9273 0.9282 2.236312 
553.9341 12.212 152.442 -0.36116 0.18847 0.972 0.89703 16.0000 34.18 0.9274 0.9283 2.238248 
553.4543 12.223 152.441 -0.36143 0.18863 0.966 0.89685 16.0000 32.96 0.9274 0.9283 2.240188 
552.9745 12.232 152.428 -0.36166 0.18885 0.954 0.89676 16.0000 32.87 0.9276 0.9284 2.242132 
552.4946 12.239 152.429 -0.36180 0.18891 0.946 0.89651 16.0000 32.90 0.9278 0.9287 2.244080 
552.0145 12.248 152.427 -0.36211 0.18909 0.944 0.89654 16.0000 32.80 0.9280 0.9289 2.246031 
551.5344 12.258 152.427 -0.36240 0.18925 0.939 0.89646 16.0000 32.64 0.9281 0.9290 2.247986 
551.0541 12.265 152.435 -0.36265 0.18931 0.933 0.89638 16.0000 32.81 0.9282 0.9291 2.249946 
550.5737 12.274 152.432 -0.36288 0.18945 0.923 0.89628 16.0000 32.31 0.9285 0.9294 2.251909 
550.0933 12.284 152.431 -0.36318 0.18962 0.920 0.89621 16.0000 33.01 0.9287 0.9296 2.253876 
549.6127 12.291 152.431 -0.36339 0.18972 0.917 0.89613 16.0000 32.67 0.9290 0.9298 2.255847 
549.1320 12.299 152.429 -0.36359 0.18985 0.908 0.89601 16.0000 31.91 0.9292 0.9300 2.257821 
548.6511 12.308 152.426 -0.36385 0.19001 0.904 0.89594 16.0000 31.61 0.9295 0.9304 2.259800 
548.1702 12.317 152.417 -0.36412 0.19022 0.894 0.89588 16.0000 31.74 0.9298 0.9307 2.261783 
547.6891 12.324 152.414 -0.36433 0.19036 0.885 0.89588 16.0000 31.32 0.9301 0.9309 2.263770 
547.2080 12.331 152.415 -0.36464 0.19050 0.887 0.89599 16.0000 31.42 0.9304 0.9313 2.265760 
546.7267 12.339 152.418 -0.36489 0.19062 0.879 0.89598 16.0000 31.97 0.9307 0.9316 2.267755 
546.2454 12.347 152.415 -0.36510 0.19074 0.873 0.89586 16.0000 30.98 0.9310 0.9319 2.269752 
545.7639 12.356 152.416 -0.36539 0.19089 0.866 0.89577 16.0000 30.48 0.9314 0.9323 2.271755 
545.2823 12.363 152.415 -0.36560 0.19101 0.863 0.89570 16.0000 30.88 0.9317 0.9325 2.273762 
544.8007 12.371 152.409 -0.36578 0.19116 0.861 0.89557 16.0000 30.29 0.9320 0.9329 2.275771 
544.3188 12.380 152.400 -0.36604 0.19136 0.858 0.89553 16.0000 30.16 0.9325 0.9333 2.277786 
543.8369 12.387 152.392 -0.36624 0.19153 0.849 0.89551 16.0000 30.10 0.9329 0.9337 2.279805 
543.3549 12.396 152.386 -0.36651 0.19172 0.835 0.89549 16.0000 29.66 0.9333 0.9342 2.281827 
542.8728 12.402 152.381 -0.36665 0.19183 0.838 0.89538 16.0000 29.71 0.9337 0.9346 2.283853 
542.3905 12.410 152.385 -0.36695 0.19196 0.832 0.89543 16.0000 29.55 0.9340 0.9349 2.285884 
541.9082 12.417 152.376 -0.36713 0.19213 0.826 0.89535 16.0000 29.49 0.9343 0.9352 2.287919 
541.4257 12.425 152.371 -0.36741 0.19231 0.826 0.89543 16.0000 29.27 0.9347 0.9356 2.289958 
540.9431 12.431 152.362 -0.36757 0.19247 0.818 0.89540 16.0000 28.43 0.9352 0.9361 2.292001 
540.4604 12.439 152.360 -0.36783 0.19262 0.813 0.89544 16.0000 28.82 0.9355 0.9364 2.294048 
539.9777 12.449 152.362 -0.36818 0.19279 0.823 0.89546 16.0000 29.35 0.9358 0.9367 2.296098 
539.4948 12.456 152.358 -0.36845 0.19296 0.811 0.89550 16.0000 28.56 0.9363 0.9372 2.298154 
539.0118 12.465 152.355 -0.36875 0.19314 0.805 0.89557 16.0000 28.35 0.9368 0.9377 2.300213 
538.5286 12.471 152.355 -0.36895 0.19325 0.798 0.89555 16.0000 27.73 0.9372 0.9382 2.302277 
538.0454 12.478 152.357 -0.36923 0.19338 0.800 0.89564 16.0000 27.64 0.9376 0.9386 2.304344 
537.5621 12.487 152.353 -0.36956 0.19359 0.789 0.89574 16.0000 27.42 0.9381 0.9390 2.306416 
537.0786 12.495 152.347 -0.36975 0.19374 0.783 0.89560 16.0000 27.23 0.9385 0.9394 2.308492 
536.5950 12.503 152.348 -0.37003 0.19388 0.780 0.89563 16.0000 26.75 0.9390 0.9399 2.310573 
536.1114 12.512 152.344 -0.37036 0.19408 0.785 0.89569 16.0000 27.34 0.9393 0.9403 2.312657 
535.6276 12.522 152.346 -0.37073 0.19426 0.776 0.89572 16.0000 26.33 0.9396 0.9406 2.314746 
535.1437 12.532 152.340 -0.37098 0.19443 0.771 0.89558 16.0000 26.53 0.9400 0.9410 2.316839 
534.6597 12.541 152.334 -0.37119 0.19459 0.768 0.89539 16.0000 26.38 0.9404 0.9413 2.318936 
534.1756 12.551 152.336 -0.37154 0.19477 0.763 0.89543 16.0000 25.67 0.9407 0.9417 2.321038 
533.6913 12.559 152.331 -0.37176 0.19493 0.759 0.89536 16.0000 25.21 0.9411 0.9421 2.323144 
533.2070 12.570 152.320 -0.37208 0.19518 0.758 0.89535 16.0000 25.30 0.9414 0.9424 2.325254 
532.7226 12.581 152.319 -0.37241 0.19536 0.755 0.89526 16.0000 24.98 0.9419 0.9429 2.327369 
532.2380 12.590 152.305 -0.37267 0.19561 0.751 0.89523 16.0000 24.59 0.9422 0.9432 2.329488 
531.7534 12.602 152.300 -0.37303 0.19585 0.747 0.89522 16.0000 24.69 0.9426 0.9436 2.331611 
531.2686 12.613 152.296 -0.37334 0.19604 0.745 0.89510 16.0000 24.60 0.9429 0.9439 2.333738 
530.7837 12.625 152.294 -0.37377 0.19628 0.745 0.89512 16.0000 24.02 0.9432 0.9442 2.335870 
530.2987 12.635 152.284 -0.37405 0.19651 0.743 0.89505 16.0000 23.33 0.9434 0.9445 2.338007 
529.8136 12.647 152.281 -0.37446 0.19675 0.739 0.89511 16.0000 23.61 0.9437 0.9448 2.340147 
529.3284 12.658 152.281 -0.37481 0.19694 0.731 0.89503 16.0000 23.17 0.9439 0.9449 2.342292 
528.8430 12.668 152.265 -0.37499 0.19716 0.734 0.89478 16.0000 23.17 0.9441 0.9451 2.344442 
528.3576 12.681 152.264 -0.37538 0.19738 0.733 0.89471 16.0000 22.99 0.9442 0.9453 2.346596 
527.8720 12.691 152.260 -0.37567 0.19757 0.727 0.89462 16.0000 22.51 0.9444 0.9455 2.348755 
527.3864 12.704 152.256 -0.37604 0.19779 0.727 0.89450 16.0000 22.39 0.9445 0.9455 2.350917 
526.9006 12.718 152.251 -0.37650 0.19807 0.720 0.89452 16.0000 22.01 0.9447 0.9457 2.353085 
526.4147 12.732 152.249 -0.37693 0.19832 0.715 0.89443 16.0000 21.33 0.9448 0.9458 2.355257 
525.9287 12.745 152.244 -0.37738 0.19860 0.712 0.89449 16.0000 21.35 0.9450 0.9461 2.357433 
525.4426 12.760 152.242 -0.37780 0.19884 0.721 0.89429 16.0000 21.50 0.9451 0.9462 2.359614 
524.9564 12.773 152.238 -0.37814 0.19905 0.712 0.89406 16.0000 20.85 0.9451 0.9462 2.361800 
524.4700 12.788 152.228 -0.37848 0.19932 0.711 0.89379 16.0000 20.43 0.9450 0.9461 2.363990 
523.9836 12.803 152.220 -0.37897 0.19964 0.707 0.89375 16.0000 20.12 0.9451 0.9462 2.366185 
523.4971 12.819 152.212 -0.37947 0.19997 0.703 0.89372 16.0000 20.16 0.9453 0.9464 2.368384 
523.0104 12.834 152.206 -0.37990 0.20024 0.701 0.89356 16.0000 19.58 0.9452 0.9464 2.370588 
522.5236 12.851 152.189 -0.38032 0.20061 0.699 0.89338 16.0000 19.14 0.9452 0.9463 2.372796 
522.0367 12.868 152.182 -0.38081 0.20093 0.697 0.89325 16.0000 19.09 0.9452 0.9463 2.375009 
521.5497 12.882 152.177 -0.38121 0.20119 0.689 0.89306 16.0000 18.74 0.9452 0.9464 2.377227 
521.0626 12.897 152.176 -0.38164 0.20142 0.690 0.89293 16.0000 18.54 0.9452 0.9464 2.379449 
520.5754 12.914 152.173 -0.38215 0.20172 0.690 0.89278 16.0000 18.57 0.9451 0.9463 2.381676 
520.0881 12.931 152.163 -0.38265 0.20206 0.689 0.89265 16.0000 18.39 0.9451 0.9462 2.383908 
519.6006 12.948 152.166 -0.38318 0.20232 0.681 0.89255 16.0000 18.20 0.9451 0.9462 2.386144 
519.1131 12.963 152.169 -0.38366 0.20254 0.683 0.89244 16.0000 18.00 0.9451 0.9463 2.388385 
518.6254 12.981 152.169 -0.38425 0.20286 0.682 0.89234 16.0000 17.49 0.9452 0.9464 2.390631 
518.1377 12.995 152.164 -0.38469 0.20313 0.680 0.89234 16.0000 17.28 0.9449 0.9461 2.392881 
517.6498 13.010 152.161 -0.38512 0.20339 0.673 0.89220 16.0000 16.94 0.9449 0.9461 2.395137 
517.1618 13.023 152.161 -0.38550 0.20359 0.674 0.89206 16.0000 16.78 0.9447 0.9459 2.397397 
516.6737 13.039 152.162 -0.38601 0.20384 0.668 0.89189 16.0000 16.29 0.9447 0.9459 2.399661 
516.1855 13.055 152.152 -0.38643 0.20416 0.672 0.89169 16.0000 16.23 0.9446 0.9458 2.401931 
515.6971 13.074 152.137 -0.38684 0.20450 0.668 0.89134 16.0000 16.11 0.9446 0.9459 2.404206 
515.2087 13.090 152.127 -0.38732 0.20484 0.666 0.89119 16.0000 16.23 0.9447 0.9460 2.406485 
514.7202 13.109 152.122 -0.38793 0.20520 0.659 0.89118 16.0000 15.89 0.9448 0.9460 2.408769 
514.2314 13.127 152.112 -0.38841 0.20555 0.659 0.89095 16.0000 15.57 0.9449 0.9461 2.411058 
513.7427 13.142 152.109 -0.38881 0.20579 0.663 0.89074 16.0000 15.74 0.9449 0.9461 2.413352 
513.2538 13.161 152.105 -0.38938 0.20612 0.660 0.89056 16.0000 15.27 0.9451 0.9463 2.415651 
512.7648 13.177 152.098 -0.38979 0.20640 0.660 0.89036 16.0000 15.16 0.9450 0.9463 2.417955 
512.2757 13.192 152.088 -0.39021 0.20671 0.663 0.89014 16.0000 15.23 0.9450 0.9463 2.420263 
511.7864 13.212 152.076 -0.39080 0.20713 0.657 0.89003 16.0000 15.07 0.9451 0.9464 2.422577 
511.2971 13.229 152.065 -0.39122 0.20745 0.657 0.88975 16.0000 14.97 0.9451 0.9463 2.424895 
510.8076 13.247 152.049 -0.39162 0.20780 0.648 0.88943 16.0000 14.62 0.9451 0.9464 2.427219 
510.3181 13.261 152.042 -0.39201 0.20807 0.654 0.88931 16.0000 14.38 0.9451 0.9464 2.429547 
509.8284 13.273 152.023 -0.39230 0.20839 0.657 0.88915 16.0000 14.21 0.9448 0.9461 2.431881 
509.3386 13.285 152.015 -0.39258 0.20860 0.649 0.88892 16.0000 14.21 0.9446 0.9459 2.434219 
508.8488 13.301 152.006 -0.39297 0.20889 0.641 0.88864 16.0000 13.87 0.9447 0.9460 2.436563 
508.3587 13.318 151.987 -0.39342 0.20930 0.641 0.88847 16.0000 13.98 0.9445 0.9459 2.438912 
507.8686 13.334 151.968 -0.39372 0.20963 0.648 0.88812 16.0000 13.86 0.9444 0.9458 2.441265 
507.3784 13.350 151.948 -0.39405 0.20998 0.651 0.88781 16.0000 13.64 0.9443 0.9457 2.443624 
506.8880 13.361 151.931 -0.39420 0.21021 0.643 0.88740 16.0000 13.13 0.9442 0.9455 2.445988 
506.3976 13.376 151.911 -0.39451 0.21055 0.642 0.88709 16.0000 13.04 0.9439 0.9453 2.448357 
505.9070 13.388 151.891 -0.39472 0.21084 0.636 0.88684 16.0000 12.75 0.9437 0.9450 2.450731 
505.4163 13.405 151.875 -0.39512 0.21120 0.639 0.88653 16.0000 12.65 0.9438 0.9451 2.453110 
504.9255 13.423 151.856 -0.39545 0.21154 0.635 0.88609 16.0000 12.64 0.9440 0.9453 2.455495 
504.4346 13.439 151.841 -0.39584 0.21188 0.642 0.88587 16.0000 12.73 0.9438 0.9452 2.457884 
503.9436 13.451 151.828 -0.39607 0.21212 0.640 0.88556 16.0000 12.47 0.9434 0.9448 2.460279 
503.4525 13.461 151.818 -0.39622 0.21229 0.638 0.88521 16.0000 12.45 0.9430 0.9444 2.462679 
502.9612 13.475 151.804 -0.39651 0.21257 0.638 0.88490 16.0000 12.22 0.9429 0.9444 2.465085 
502.4698 13.488 151.792 -0.39685 0.21286 0.639 0.88474 16.0000 12.45 0.9427 0.9441 2.467495 
501.9784 13.501 151.772 -0.39710 0.21317 0.644 0.88445 16.0000 12.34 0.9428 0.9442 2.469911 
501.4868 13.515 151.762 -0.39746 0.21345 0.647 0.88430 16.0000 12.33 0.9428 0.9443 2.472332 
500.9951 13.528 151.748 -0.39769 0.21370 0.639 0.88393 16.0000 12.12 0.9426 0.9441 2.474759 
500.5033 13.543 151.737 -0.39809 0.21402 0.627 0.88373 16.0000 11.56 0.9425 0.9440 2.477190 
500.0114 13.557 151.722 -0.39835 0.21429 0.632 0.88339 16.0000 11.63 0.9425 0.9440 2.479627 
499.5193 13.570 151.700 -0.39852 0.21458 0.638 0.88298 16.0000 11.91 0.9425 0.9440 2.482070 
499.0272 13.582 151.679 -0.39862 0.21482 0.639 0.88247 16.0000 11.60 0.9422 0.9437 2.484518 
498.5349 13.593 151.662 -0.39874 0.21505 0.633 0.88202 16.0000 11.17 0.9420 0.9434 2.486971 
498.0426 13.607 151.642 -0.39901 0.21537 0.631 0.88170 16.0000 10.92 0.9420 0.9434 2.489429 
497.5501 13.620 151.620 -0.39917 0.21565 0.625 0.88129 16.0000 10.59 0.9417 0.9431 2.491894 
497.0575 13.635 151.600 -0.39943 0.21597 0.629 0.88088 16.0000 10.64 0.9416 0.9431 2.494363 
496.5648 13.654 151.579 -0.39987 0.21640 0.624 0.88063 16.0000 10.26 0.9418 0.9433 2.496838 
496.0720 13.669 151.553 -0.40009 0.21675 0.626 0.88019 16.0000 10.18 0.9416 0.9431 2.499318 
495.5790 13.682 151.541 -0.40031 0.21698 0.627 0.87977 16.0000 9.90 0.9413 0.9428 2.501805 
495.0860 13.697 151.511 -0.40052 0.21736 0.620 0.87933 16.0000 9.59 0.9414 0.9429 2.504296 
494.5928 13.707 151.493 -0.40062 0.21758 0.629 0.87896 16.0000 9.96 0.9407 0.9422 2.506793 
494.0995 13.720 151.478 -0.40084 0.21784 0.630 0.87862 16.0000 9.78 0.9406 0.9421 2.509296 
493.6062 13.734 151.451 -0.40102 0.21818 0.628 0.87821 16.0000 9.75 0.9403 0.9418 2.511804 
493.1127 13.746 151.436 -0.40121 0.21842 0.619 0.87780 16.0000 9.47 0.9401 0.9416 2.514318 
492.6190 13.763 151.416 -0.40151 0.21877 0.629 0.87741 16.0000 9.57 0.9398 0.9413 2.516837 
492.1253 13.778 151.394 -0.40183 0.21914 0.638 0.87711 16.0000 9.87 0.9396 0.9410 2.519362 
491.6315 13.793 151.376 -0.40205 0.21942 0.623 0.87667 16.0000 9.73 0.9394 0.9409 2.521893 
491.1375 13.805 151.364 -0.40224 0.21963 0.609 0.87626 16.0000 9.63 0.9389 0.9404 2.524429 
490.6435 13.822 151.343 -0.40255 0.22000 0.605 0.87589 16.0000 9.50 0.9386 0.9401 2.526971 
490.1493 13.836 151.328 -0.40281 0.22028 0.612 0.87547 16.0000 9.42 0.9382 0.9397 2.529519 
489.6550 13.852 151.313 -0.40309 0.22056 0.611 0.87506 16.0000 9.63 0.9378 0.9393 2.532072 
489.1606 13.868 151.299 -0.40339 0.22086 0.615 0.87461 16.0000 9.59 0.9374 0.9389 2.534631 
488.6661 13.884 151.282 -0.40370 0.22118 0.610 0.87423 16.0000 9.39 0.9373 0.9387 2.537196 
488.1714 13.905 151.273 -0.40429 0.22159 0.600 0.87402 16.0000 9.21 0.9372 0.9387 2.539768 
487.6767 13.923 151.254 -0.40466 0.22196 0.613 0.87366 16.0000 9.37 0.9368 0.9383 2.542344 
487.1818 13.944 151.241 -0.40510 0.22233 0.597 0.87322 16.0000 9.24 0.9366 0.9381 2.544927 
486.6869 13.962 151.226 -0.40548 0.22267 0.593 0.87281 16.0000 9.12 0.9364 0.9379 2.547514 
486.1918 13.982 151.214 -0.40585 0.22299 0.585 0.87228 16.0000 8.76 0.9361 0.9376 2.550109 
485.6966 13.998 151.204 -0.40617 0.22325 0.586 0.87187 16.0000 8.88 0.9357 0.9372 2.552709 
485.2013 14.019 151.188 -0.40662 0.22366 0.596 0.87139 16.0000 9.18 0.9354 0.9369 2.555314 
484.7058 14.035 151.175 -0.40699 0.22398 0.596 0.87110 16.0000 9.18 0.9350 0.9365 2.557927 
484.2103 14.053 151.164 -0.40742 0.22432 0.584 0.87081 16.0000 9.00 0.9346 0.9361 2.560544 
483.7146 14.075 151.156 -0.40807 0.22475 0.586 0.87066 16.0000 9.29 0.9346 0.9361 2.563168 
483.2189 14.097 151.144 -0.40862 0.22516 0.586 0.87031 16.0000 9.91 0.9345 0.9359 2.565798 
482.7230 14.118 151.134 -0.40911 0.22552 0.583 0.86991 16.0000 10.36 0.9341 0.9355 2.568433 
482.2270 14.136 151.119 -0.40956 0.22591 0.593 0.86970 16.0000 11.02 0.9338 0.9352 2.571075 
481.7309 14.154 151.109 -0.41004 0.22627 0.585 0.86948 16.0000 11.39 0.9335 0.9349 2.573723 
481.2346 14.170 151.103 -0.41044 0.22655 0.589 0.86920 16.0000 11.98 0.9330 0.9344 2.576377 
480.7383 14.190 151.092 -0.41098 0.22695 0.573 0.86903 16.0000 11.98 0.9327 0.9341 2.579037 
480.2419 14.210 151.081 -0.41153 0.22735 0.565 0.86881 16.0000 12.23 0.9325 0.9339 2.581703 
479.7453 14.230 151.071 -0.41207 0.22775 0.562 0.86858 16.0000 12.85 0.9323 0.9337 2.584375 
479.2486 14.249 151.064 -0.41254 0.22807 0.556 0.86827 16.0000 12.75 0.9320 0.9334 2.587054 
478.7518 14.267 151.053 -0.41300 0.22843 0.548 0.86806 16.0000 13.04 0.9316 0.9330 2.589738 
478.2549 14.288 151.040 -0.41354 0.22885 0.544 0.86777 16.0000 13.37 0.9311 0.9325 2.592429 
477.7579 14.306 151.027 -0.41399 0.22922 0.549 0.86751 16.0000 13.89 0.9307 0.9321 2.595126 
477.2608 14.325 151.015 -0.41443 0.22958 0.542 0.86714 16.0000 13.64 0.9304 0.9318 2.597829 
476.7635 14.345 151.005 -0.41495 0.22996 0.541 0.86686 16.0000 14.02 0.9300 0.9314 2.600539 
476.2662 14.367 150.984 -0.41551 0.23047 0.542 0.86663 16.0000 14.48 0.9298 0.9312 2.603254 
475.7687 14.389 150.967 -0.41604 0.23093 0.544 0.86629 16.0000 14.82 0.9296 0.9310 2.605976 
475.2711 14.410 150.956 -0.41655 0.23131 0.549 0.86596 16.0000 15.81 0.9294 0.9307 2.608705 
474.7734 14.429 150.942 -0.41706 0.23173 0.547 0.86580 16.0000 16.39 0.9292 0.9305 2.611439 
474.2756 14.448 150.933 -0.41760 0.23212 0.546 0.86560 16.0000 17.09 0.9290 0.9303 2.614180 
473.7776 14.465 150.923 -0.41797 0.23242 0.547 0.86529 16.0000 18.24 0.9287 0.9300 2.616928 
473.2796 14.480 150.916 -0.41836 0.23270 0.540 0.86506 16.0000 19.04 0.9283 0.9296 2.619682 
472.7814 14.498 150.901 -0.41882 0.23311 0.535 0.86489 16.0000 19.34 0.9281 0.9294 2.622442 
472.2831 14.512 150.883 -0.41913 0.23344 0.532 0.86466 16.0000 20.52 0.9278 0.9291 2.625209 
471.7848 14.528 150.876 -0.41954 0.23374 0.529 0.86441 16.0000 21.83 0.9276 0.9289 2.627982 
471.2863 14.549 150.864 -0.42017 0.23421 0.524 0.86429 16.0000 22.39 0.9273 0.9287 2.630762 
470.7876 14.565 150.854 -0.42046 0.23447 0.519 0.86387 16.0000 23.01 0.9270 0.9283 2.633548 
470.2889 14.583 150.847 -0.42097 0.23482 0.513 0.86369 16.0000 23.49 0.9269 0.9282 2.636341 
469.7900 14.602 150.838 -0.42148 0.23519 0.511 0.86346 16.0000 23.82 0.9268 0.9281 2.639141 
469.2911 14.621 150.834 -0.42190 0.23546 0.508 0.86304 16.0000 24.03 0.9265 0.9278 2.641946 
468.7920 14.643 150.830 -0.42244 0.23581 0.506 0.86260 16.0000 24.27 0.9268 0.9281 2.644759 
468.2928 14.667 150.824 -0.42309 0.23622 0.505 0.86228 16.0000 24.72 0.9270 0.9283 2.647578 
467.7935 14.686 150.818 -0.42358 0.23655 0.505 0.86202 16.0000 25.24 0.9269 0.9282 2.650404 
467.2941 14.707 150.822 -0.42415 0.23684 0.508 0.86165 16.0000 25.55 0.9270 0.9283 2.653237 
466.7945 14.730 150.831 -0.42482 0.23712 0.510 0.86133 16.0000 26.54 0.9272 0.9285 2.656077 
466.2949 14.750 150.838 -0.42540 0.23738 0.511 0.86100 16.0000 28.15 0.9273 0.9285 2.658922 
465.7951 14.772 150.838 -0.42598 0.23770 0.515 0.86066 16.0000 29.68 0.9274 0.9287 2.661775 
465.2952 14.788 150.846 -0.42642 0.23787 0.515 0.86037 16.0000 31.15 0.9274 0.9287 2.664635 
464.7952 14.812 150.858 -0.42709 0.23812 0.514 0.85994 16.0000 33.61 0.9278 0.9291 2.667502 
464.2951 14.829 150.860 -0.42755 0.23836 0.511 0.85967 16.0000 36.16 0.9277 0.9290 2.670375 
463.7949 14.844 150.865 -0.42795 0.23854 0.507 0.85934 16.0000 38.44 0.9277 0.9289 2.673255 
463.2946 14.857 150.869 -0.42829 0.23869 0.501 0.85914 16.0000 40.35 0.9277 0.9289 2.676142 
462.7941 14.875 150.866 -0.42880 0.23900 0.496 0.85894 16.0000 42.57 0.9281 0.9294 2.679036 
462.2935 14.892 150.859 -0.42922 0.23930 0.490 0.85860 16.0000 44.68 0.9283 0.9295 2.681937 
461.7928 14.906 150.862 -0.42949 0.23943 0.484 0.85821 16.0000 46.00 0.9284 0.9297 2.684845 
461.2921 14.924 150.861 -0.42988 0.23965 0.479 0.85770 16.0000 47.44 0.9290 0.9302 2.687759 
460.7911 14.942 150.860 -0.43029 0.23989 0.474 0.85731 16.0000 47.46 0.9291 0.9304 2.690681 
460.2901 14.961 150.857 -0.43070 0.24015 0.469 0.85681 16.0000 47.53 0.9293 0.9306 2.693610 
459.7889 14.980 150.852 -0.43113 0.24044 0.466 0.85640 16.0000 47.08 0.9295 0.9307 2.696546 
459.2877 14.998 150.855 -0.43172 0.24073 0.465 0.85625 16.0000 47.45 0.9301 0.9314 2.699489 
458.7863 15.018 150.854 -0.43230 0.24107 0.464 0.85610 16.0000 47.43 0.9306 0.9319 2.702439 
458.2848 15.039 150.857 -0.43275 0.24129 0.463 0.85548 16.0000 48.17 0.9308 0.9321 2.705396 
457.7832 15.051 150.868 -0.43296 0.24130 0.464 0.85499 16.0000 48.94 0.9306 0.9319 2.708360 
457.2815 15.065 150.869 -0.43324 0.24144 0.463 0.85458 16.0000 49.77 0.9307 0.9320 2.711332 
456.7796 15.088 150.868 -0.43382 0.24178 0.462 0.85417 16.0000 49.91 0.9314 0.9327 2.714311 
456.2777 15.112 150.879 -0.43458 0.24210 0.460 0.85389 16.0000 51.66 0.9322 0.9335 2.717297 
455.7756 15.129 150.888 -0.43496 0.24221 0.455 0.85343 16.0000 51.30 0.9327 0.9341 2.720290 
455.2734 15.155 150.902 -0.43557 0.24242 0.450 0.85269 16.0000 51.50 0.9328 0.9341 2.723291 
454.7711 15.178 150.916 -0.43619 0.24262 0.445 0.85225 16.0000 50.91 0.9336 0.9350 2.726299 
454.2687 15.203 150.928 -0.43686 0.24287 0.439 0.85173 16.0000 49.61 0.9346 0.9360 2.729314 
453.7662 15.227 150.930 -0.43753 0.24323 0.434 0.85140 16.0000 47.80 0.9353 0.9367 2.732336 
453.2635 15.251 150.932 -0.43801 0.24348 0.429 0.85066 16.0000 45.88 0.9354 0.9368 2.735367 
452.7608 15.276 150.933 -0.43865 0.24382 0.424 0.85024 16.0000 43.38 0.9359 0.9373 2.738404 
452.2579 15.301 150.934 -0.43923 0.24414 0.420 0.84967 16.0000 40.21 0.9363 0.9377 2.741449 
451.7549 15.326 150.934 -0.43983 0.24447 0.421 0.84914 16.0000 38.24 0.9367 0.9381 2.744501 
451.2518 15.351 150.933 -0.44042 0.24480 0.420 0.84856 16.0000 35.52 0.9370 0.9385 2.747561 
450.7485 15.377 150.933 -0.44114 0.24521 0.418 0.84819 16.0000 33.01 0.9377 0.9392 2.750629 
450.2452 15.403 150.931 -0.44167 0.24551 0.420 0.84746 16.0000 30.79 0.9378 0.9393 2.753704 
449.7417 15.430 150.930 -0.44228 0.24587 0.420 0.84686 16.0000 28.25 0.9382 0.9396 2.756787 
449.2382 15.456 150.927 -0.44293 0.24625 0.422 0.84635 16.0000 27.26 0.9386 0.9401 2.759876 
448.7345 15.484 150.925 -0.44353 0.24661 0.422 0.84568 16.0000 25.93 0.9389 0.9404 2.762974 
448.2307 15.511 150.921 -0.44417 0.24701 0.422 0.84511 16.0000 24.23 0.9392 0.9408 2.766080 
447.7267 15.539 150.918 -0.44491 0.24746 0.421 0.84471 16.0000 23.52 0.9399 0.9414 2.769193 
447.2227 15.567 150.914 -0.44559 0.24788 0.419 0.84416 16.0000 22.21 0.9403 0.9419 2.772314 
446.7186 15.595 150.909 -0.44612 0.24822 0.413 0.84330 16.0000 20.00 0.9403 0.9419 2.775443 
446.2143 15.624 150.904 -0.44683 0.24867 0.409 0.84279 16.0000 18.56 0.9408 0.9424 2.778580 
445.7099 15.653 150.898 -0.44753 0.24911 0.406 0.84222 16.0000 17.21 0.9412 0.9429 2.781724 
445.2054 15.682 150.892 -0.44824 0.24956 0.404 0.84165 16.0000 15.65 0.9417 0.9433 2.784876 
444.7008 15.712 150.886 -0.44892 0.25001 0.404 0.84103 16.0000 14.39 0.9420 0.9437 2.788036 
444.1960 15.742 150.879 -0.44961 0.25047 0.405 0.84040 16.0000 12.92 0.9424 0.9441 2.791204 
443.6912 15.772 150.872 -0.45029 0.25092 0.404 0.83972 16.0000 11.50 0.9427 0.9444 2.794380 
443.1862 15.803 150.864 -0.45099 0.25139 0.408 0.83908 16.0000 10.37 0.9430 0.9448 2.797564 
442.6812 15.834 150.856 -0.45176 0.25191 0.411 0.83857 16.0000 9.58 0.9436 0.9453 2.800756 
442.1759 15.865 150.847 -0.45246 0.25238 0.411 0.83787 16.0000 8.73 0.9439 0.9456 2.803956 
441.6706 15.897 150.838 -0.45313 0.25285 0.416 0.83712 16.0000 8.25 0.9441 0.9459 2.807164 
441.1652 15.929 150.829 -0.45388 0.25337 0.417 0.83650 16.0000 7.68 0.9445 0.9463 2.810380 
440.6596 15.961 150.819 -0.45461 0.25388 0.415 0.83583 16.0000 7.32 0.9448 0.9467 2.813605 
440.1540 15.994 150.808 -0.45526 0.25435 0.417 0.83497 16.0000 6.76 0.9449 0.9467 2.816837 
439.6482 15.994 150.808 -0.45526 0.25435 0.413 0.83497 16.0000 6.26 0.9449 0.9467 2.820077 

# MINIMA:
439.6482 0.848 0.436 -19.88373 -21.77327 -2948.024 -88.06988 16.0000 5.25 0.5201 0.5478 1.240099 

# MAXIMA:
999.7925 86.768 359.352 43.27991 17.52884 226.206 67.35752 16.0000 59.51 2.72198891887342387E18 1.85229490256074506E19 2.820077 

# PEAKS:

# END SPECTRUM

