## SPECTRUM TYPE:
LCE

## DATE:
22/09/2026

## COMMENTS:

## NUMBER OF SPECTRUM:
1

## ELLIPSOMETRIC CONFIGURATION:
0.00 ø :Modulator
+45.00 øAnalyser

## UNIT:
nm


# SPECTRUM:
1

# CAPTION:


# START TIME:
12:03:18

# END TIME:
12:03:18

# THETA ANGLE:
0.00 ø

# INCIDENCE ANGLE:
69.95 ø

# ACCUMULATION NUMBER:
13

# ELLIPSOMETRIC CONFIGURATION:
0.00 ø :Modulator
+45.00 øAnalyser

# INTEGRATION TIME:
17 ms

# FIRST POINT:
999.79 nm

# LAST POINT:
439.65 nm

# INCREMENT:
0.00 nm

# NUMBER OF POINTS:
1273

# DATA:
nm Psi Delta Ic Is Reflectance IcPrim IntegrationTime IntensityMax Polarization PolarizationGen eV 
999.7925 1.212 202.132 -2.64139 -1.07426 0.000 67.35753 17.0000 5.55 2.71993832968762163E18 1.37661274723136307E19 1.240099 
999.4089 1.212 202.132 -2.64140 -1.07426 0.627 67.35753 17.0000 5.54 2.52974563294864998E18 1.28035259329166705E19 1.240575 
999.0253 1.212 202.132 -2.64139 -1.07426 0.443 67.35753 17.0000 5.70 2.41156792417202995E18 1.22054059010576876E19 1.241052 
998.6415 1.212 202.132 -2.64140 -1.07426 0.812 67.35753 17.0000 5.72 2.27677123458052915E18 1.15231732296738406E19 1.241529 
998.2578 1.212 202.132 -2.64140 -1.07426 0.173 67.35753 17.0000 5.80 2.12350920927320474E18 1.07474853684639171E19 1.242006 
997.8739 1.212 202.132 -2.64140 -1.07426 0.490 67.35753 17.0000 5.84 1.94993535591016038E18 9.86899536908019302E18 1.242484 
997.4900 1.212 202.132 -2.64140 -1.07426 -0.014 67.35753 17.0000 5.85 1.75420318215149978E18 8.87835793244238643E18 1.242962 
997.1060 1.212 202.132 -2.64140 -1.07426 -0.012 67.35753 17.0000 5.86 1.53446619565732659E18 7.76622665995858739E18 1.243440 
996.7219 1.212 202.132 -2.64139 -1.07426 -2.931 67.35752 17.0000 5.88 1.28887762920983757E18 6.52325625254851379E18 1.243920 
996.3377 1.212 202.132 -2.64140 -1.07426 -0.508 67.35753 17.0000 5.93 1.01559133406652006E18 5.14010141113188352E18 1.244399 
995.9535 1.212 202.132 -2.64140 -1.07426 -0.122 67.35753 17.0000 5.87 716453527689363456.0000 3.62610825942269952E18 1.244879 
995.5692 1.212 202.132 -2.64140 -1.07426 0.826 67.35752 17.0000 6.05 393310805497479168.0000 1.99062127186752307E18 1.245360 
995.1848 1.212 202.132 -2.64139 -1.07426 -0.572 67.35752 17.0000 6.13 51702829194149888.0000 261677909075296256.0000 1.245841 
994.8003 1.212 202.132 -2.64140 -1.07426 0.016 67.35753 17.0000 6.16 295444752977887232.0000 1.49530227867071283E18 1.246322 
994.4158 1.212 202.132 -2.64140 -1.07426 0.009 67.35753 17.0000 6.14 629666601007841280.0000 3.1868632597308375E18 1.246804 
994.0311 15.328 265.187 -0.01165 -0.13832 0.010 0.23420 17.0000 6.18 0.5414 1.0373 1.247287 
993.6464 19.798 198.373 -0.10793 -0.03585 0.497 0.13750 17.0000 6.29 0.5186 0.9315 1.247770 
993.2617 33.078 159.330 -0.21572 0.08139 0.836 0.10191 17.0000 6.26 0.5099 0.7674 1.248253 
992.8768 30.884 148.394 -0.24381 0.15003 -0.154 0.15371 17.0000 6.31 0.5696 0.6537 1.248737 
992.4919 11.125 73.258 0.03401 0.11306 0.087 0.28859 17.0000 6.31 0.7375 0.8500 1.249221 
992.1069 15.475 133.101 -0.11455 0.12240 -5.592 0.27956 17.0000 6.43 0.5773 0.6719 1.249706 
991.7218 11.669 123.118 -0.09748 0.14944 -0.458 0.41352 17.0000 6.45 0.6150 0.6870 1.250191 
991.3367 11.256 105.940 -0.05230 0.18310 0.219 0.45945 17.0000 6.54 0.6539 0.7029 1.250677 
990.9514 10.810 99.479 -0.04457 0.26693 0.894 0.68280 17.0000 6.58 0.8456 0.8709 1.251163 
990.5661 5.567 117.126 -0.07695 0.15021 8.155 0.85760 17.0000 6.57 0.8489 0.8758 1.251650 
990.1807 3.694 84.810 0.01169 0.12866 -16.551 0.99626 17.0000 6.59 0.7945 0.8393 1.252137 
989.7953 1.880 110.820 -0.02256 0.05932 -0.318 0.96543 17.0000 6.63 0.7701 0.8326 1.252625 
989.4097 4.224 130.173 -0.09188 0.10883 -1.456 0.95901 17.0000 6.79 0.7532 0.8372 1.253113 
989.0241 6.457 144.071 -0.17732 0.12850 0.753 0.95509 17.0000 6.75 0.7704 0.8737 1.253601 
988.6384 9.547 149.285 -0.28619 0.17003 1.188 0.96169 17.0000 6.72 0.7878 0.8726 1.254090 
988.2526 9.059 130.270 -0.20049 0.23667 20.358 0.94800 17.0000 6.82 0.7570 0.8438 1.254580 
987.8668 9.963 124.251 -0.19303 0.28349 0.818 0.94606 17.0000 6.87 0.7558 0.8436 1.255070 
987.4809 9.158 126.328 -0.17596 0.23929 -3065.655 0.89729 17.0000 6.88 0.6957 0.7476 1.255560 
987.0949 9.099 126.531 -0.19156 0.25859 0.925 0.97894 17.0000 6.93 0.6786 0.6943 1.256051 
986.7088 4.880 125.809 -0.11010 0.15260 0.816 1.09390 17.0000 6.98 0.7528 0.7620 1.256543 
986.3226 4.596 165.306 -0.16347 0.04287 -1.749 1.04428 17.0000 7.02 0.8263 0.8331 1.257035 
985.9364 6.739 132.389 -0.14477 0.15860 -5.843 0.89594 17.0000 7.05 0.8666 0.8897 1.257527 
985.5501 8.377 118.466 -0.11785 0.21736 63.226 0.82134 17.0000 7.09 0.9425 1.0020 1.258020 
985.1638 10.766 115.599 -0.14252 0.29747 -1.717 0.83598 17.0000 7.15 1.0641 1.1445 1.258513 
984.7773 13.253 113.727 -0.16283 0.37045 0.871 0.81143 17.0000 7.31 1.1106 1.1859 1.259007 
984.3907 16.482 107.677 -0.14625 0.45890 -0.420 0.74265 17.0000 7.34 0.9943 1.0628 1.259502 
984.0041 12.152 102.665 -0.08076 0.35936 -0.373 0.81556 17.0000 7.40 0.9313 0.9863 1.259997 
983.6174 5.639 99.922 -0.02904 0.16601 0.430 0.84512 17.0000 7.55 0.7625 0.8199 1.260492 
983.2307 5.499 87.149 0.01001 0.20096 0.469 1.03521 17.0000 7.58 0.7391 0.7985 1.260988 
982.8438 3.911 303.606 0.09271 -0.13952 0.374 1.21934 17.0000 7.53 0.8426 0.8948 1.261484 
982.4569 4.032 141.855 -0.11159 0.08764 0.343 1.00165 17.0000 7.51 0.8309 0.9166 1.261981 
982.0699 9.772 124.522 -0.15605 0.22687 -1.974 0.77570 17.0000 7.69 0.7632 0.8787 1.262478 
981.6828 15.288 135.834 -0.28472 0.27656 -0.008 0.67179 17.0000 7.76 0.7581 0.8939 1.262976 
981.2957 23.609 150.875 -0.66613 0.37115 -0.005 0.70567 17.0000 7.80 0.8213 0.9751 1.263474 
980.9084 22.595 130.805 -0.37318 0.43226 0.003 0.56729 17.0000 7.86 0.7635 1.0553 1.263973 
980.5211 40.247 45.395 0.63100 0.63976 0.006 0.15047 17.0000 7.80 0.7980 1.0035 1.264472 
980.1337 38.402 64.987 0.24538 0.52591 -0.001 0.13608 17.0000 7.99 0.6192 0.7997 1.264972 
979.7463 36.117 35.944 0.65921 0.47796 -0.001 0.26091 17.0000 7.94 0.6554 0.9186 1.265472 
979.3587 55.966 90.413 -0.01349 1.87298 6.427 -0.75415 17.0000 8.04 0.6632 0.8341 1.265973 
978.9711 69.759 95.697 -0.06806 0.68224 4.311 -0.80326 17.0000 8.05 0.6806 1.2141 1.266474 
978.5834 62.244 185.367 -0.72207 -0.06784 1.016 -0.49822 17.0000 8.00 0.7773 1.4598 1.266976 
978.1956 43.351 193.389 -0.81607 -0.19425 5.737 0.04834 17.0000 7.98 0.9076 1.6425 1.267478 
977.8077 32.727 190.047 -0.86282 -0.15287 -2.081 0.40020 17.0000 8.25 1.0532 1.6853 1.267981 
977.4199 26.696 188.143 -0.84654 -0.12112 2.160 0.63530 17.0000 8.34 1.2251 1.6393 1.268484 
977.0319 14.940 199.549 -0.36257 -0.12874 1.891 0.66965 17.0000 8.33 0.9386 1.0967 1.268988 
976.6437 5.478 305.622 0.07829 -0.10927 0.909 0.69439 17.0000 8.30 0.8286 1.2142 1.269493 
976.2556 9.593 196.349 -0.29087 -0.08532 -6.664 0.87112 17.0000 8.29 1.0872 1.2410 1.269997 
975.8674 6.314 130.765 -0.14106 0.16362 0.873 0.96422 17.0000 8.50 1.1530 1.2466 1.270502 
975.4790 14.812 127.166 -0.29040 0.38306 0.724 0.84537 17.0000 8.61 1.2049 1.3061 1.271008 
975.0906 10.089 132.985 -0.21071 0.22607 -1.209 0.84092 17.0000 8.51 1.1914 1.3038 1.271515 
974.7021 10.123 135.854 -0.21170 0.20548 -8.985 0.79985 17.0000 8.58 1.1524 1.2597 1.272021 
974.3136 9.721 137.859 -0.20437 0.18493 0.780 0.78081 17.0000 8.60 1.0137 1.0917 1.272529 
973.9250 8.649 138.306 -0.18283 0.16287 0.019 0.78625 17.0000 8.64 0.8514 0.8984 1.273036 
973.5363 6.490 141.283 -0.14583 0.11691 0.040 0.81093 17.0000 8.77 0.7277 0.7647 1.273545 
973.1475 5.346 167.939 -0.13175 0.02815 -3.751 0.71353 17.0000 8.71 0.5719 0.6172 1.274053 
972.7586 0.109 205.566 -0.00268 -0.00128 -1.968 0.78096 17.0000 8.80 0.5879 0.6149 1.274563 
972.3697 0.669 199.285 -0.01158 -0.00405 -0.736 0.52511 17.0000 8.92 0.5502 0.5717 1.275073 
971.9807 10.299 144.268 -0.08158 0.05869 -0.218 0.26738 17.0000 9.02 0.5277 0.5477 1.275583 
971.5916 36.551 145.013 -0.15199 0.10637 -0.420 0.05636 17.0000 8.96 0.5776 0.5982 1.276094 
971.2024 49.121 137.078 -0.17434 0.16213 0.340 -0.03449 17.0000 9.28 0.7395 0.7595 1.276605 
970.8131 65.482 134.505 -0.16131 0.16412 0.038 -0.19980 17.0000 9.13 0.8191 0.8372 1.277117 
970.4238 70.715 130.419 -0.14087 0.16541 0.011 -0.27245 17.0000 9.20 0.8333 0.8469 1.277629 
970.0344 63.594 68.936 0.13847 0.35953 0.005 -0.29231 17.0000 9.40 0.8230 0.8759 1.278142 
969.6449 31.950 138.997 -0.21596 0.18775 0.003 0.14019 17.0000 9.40 0.9182 0.9355 1.278656 
969.2553 25.468 170.818 -0.48986 0.07918 0.001 0.40274 17.0000 9.34 1.0829 1.1406 1.279170 
968.8657 22.798 181.482 -0.71024 -0.01837 -1.304 0.69583 17.0000 9.48 1.2168 1.3413 1.279684 
968.4760 23.310 189.465 -0.84254 -0.14046 0.921 0.80720 17.0000 9.59 1.2960 1.4547 1.280199 
968.0861 23.290 190.306 -0.93403 -0.16984 0.218 0.89838 17.0000 9.86 1.3327 1.4638 1.280714 
967.6962 22.434 178.157 -0.88038 0.02833 -0.718 0.88493 17.0000 9.78 1.3819 5.4929 1.281230 
967.3063 20.630 189.086 -0.74130 -0.11855 0.832 0.85574 17.0000 9.80 1.3387 1.6093 1.281747 
966.9163 16.506 190.822 -0.53485 -0.10225 0.946 0.83813 17.0000 9.86 1.1161 4.0236 1.282264 
966.5261 11.093 177.573 -0.42447 0.01799 -4.310 1.04176 17.0000 9.85 7.5404 11.3457 1.282782 
966.1359 20.478 193.146 -1.15027 -0.26864 0.844 1.36092 17.0000 9.67 1.6662 6.3856 1.283300 
965.7457 12.907 178.249 -0.51704 0.01581 -0.513 1.06940 17.0000 9.76 8.2831 13.0210 1.283818 
965.3553 12.406 177.012 -0.49906 0.02605 0.874 1.08091 17.0000 9.95 13.3619 19.2189 1.284337 
964.9649 12.220 176.154 -0.49344 0.03318 8.251 1.08819 17.0000 10.11 16.5463 23.1501 1.284857 
964.5743 12.078 175.331 -0.49105 0.04011 1.220 1.09856 17.0000 9.98 17.7567 24.5433 1.285377 
964.1838 11.942 174.796 -0.49016 0.04464 -0.011 1.11152 17.0000 10.05 16.8453 23.2233 1.285898 
963.7931 11.795 174.517 -0.49397 0.04741 0.961 1.13643 17.0000 10.21 13.7316 19.1858 1.286419 
963.4023 11.621 173.253 -0.50880 0.06019 0.105 1.19299 17.0000 10.23 8.4661 12.6201 1.286941 
963.0115 12.746 168.513 -0.94037 0.19110 0.823 2.01263 17.0000 10.43 1.6760 5.7410 1.287463 
962.6207 11.654 174.632 -0.42544 0.03997 0.998 0.99179 17.0000 10.51 7.2470 10.8437 1.287986 
962.2297 17.967 170.889 -0.48390 0.07760 0.948 0.67618 17.0000 10.57 0.7609 4.5806 1.288509 
961.8386 12.327 161.882 -0.42329 0.13850 0.886 0.97035 17.0000 10.63 0.9247 3.6390 1.289033 
961.4474 13.915 179.902 -0.47522 0.00081 0.862 0.90021 17.0000 10.76 0.8562 1.8067 1.289558 
961.0562 13.209 186.920 -0.46789 -0.05679 0.874 0.94873 17.0000 10.54 0.9018 2.3041 1.290083 
960.6649 13.635 194.488 -0.47126 -0.12177 0.017 0.94421 17.0000 10.97 0.7917 0.9684 1.290608 
960.2736 13.507 216.024 -0.35382 -0.25729 0.017 0.85808 17.0000 10.73 0.6482 0.7593 1.291134 
959.8821 10.489 188.282 -0.32758 -0.04768 0.673 0.86338 17.0000 10.77 0.6430 0.6925 1.291661 
959.4905 10.491 151.989 -0.27789 0.14783 1.035 0.82074 17.0000 10.84 0.6729 0.7268 1.292188 
959.0989 13.014 94.640 -0.02540 0.31292 0.825 0.64292 17.0000 11.14 0.5772 0.7451 1.292715 
958.7073 7.594 127.646 -0.09889 0.12819 1.617 0.59639 17.0000 11.08 0.5565 0.7176 1.293243 
958.3155 14.395 141.138 -0.26765 0.21567 -15.968 0.62552 17.0000 10.90 0.5698 0.6096 1.293772 
957.9236 13.522 141.193 -0.25893 0.20824 0.821 0.65091 17.0000 10.84 0.6163 0.6280 1.294301 
957.5317 10.407 142.804 -0.20370 0.15459 -94.195 0.67266 17.0000 11.03 0.6727 0.6835 1.294831 
957.1396 7.037 140.672 -0.14545 0.11917 0.951 0.75004 17.0000 10.84 0.8004 0.8219 1.295362 
956.7476 5.064 143.510 -0.11660 0.08625 -2.400 0.81192 17.0000 11.23 0.8265 0.8424 1.295892 
956.3554 1.305 156.244 -0.03556 0.01565 1.004 0.85253 17.0000 11.55 0.8121 0.8315 1.296424 
955.9632 5.219 175.739 -0.16940 0.01262 -0.008 0.92214 17.0000 11.71 0.8830 0.9143 1.296956 
955.5709 2.292 109.531 -0.02795 0.07879 -0.005 1.04281 17.0000 11.47 0.9707 1.0110 1.297488 
955.1784 4.311 69.058 0.04894 0.12788 -0.006 0.90300 17.0000 11.50 0.7698 0.8175 1.298021 
954.7859 8.825 58.727 0.11855 0.19519 0.898 0.71773 17.0000 11.65 0.6503 0.7949 1.298555 
954.3934 16.298 65.280 0.13894 0.30181 8.637 0.51960 17.0000 11.49 0.6342 0.8559 1.299089 
954.0007 22.571 73.201 0.10263 0.33997 0.940 0.35336 17.0000 11.50 0.6382 0.9001 1.299624 
953.6080 18.255 111.741 -0.13290 0.33328 1.181 0.48471 17.0000 11.85 0.7712 1.0363 1.300159 
953.2152 25.414 113.703 -0.15152 0.34512 -0.817 0.30708 17.0000 11.87 0.5877 0.8154 1.300695 
952.8223 22.750 93.736 -0.02053 0.31433 0.833 0.30955 17.0000 11.82 0.5276 0.7322 1.301231 
952.4293 15.060 80.571 0.03903 0.23504 0.987 0.41067 17.0000 11.85 0.5722 0.7624 1.301768 
952.0363 6.494 113.523 -0.05700 0.13095 1.041 0.61922 17.0000 11.89 0.6835 0.8524 1.302305 
951.6432 8.530 51.106 0.18683 0.23159 0.906 0.96961 17.0000 12.16 0.8061 0.9812 1.302843 
951.2499 9.942 62.404 0.14534 0.27806 2.297 0.86750 17.0000 11.90 0.6715 0.8125 1.303382 
950.8567 54.388 333.353 2.00017 -1.00366 3.238 -0.76081 17.0000 11.95 0.7486 1.9817 1.303921 
950.4633 6.995 82.503 0.03276 0.24891 0.864 1.00768 17.0000 12.03 0.6713 0.8839 1.304461 
950.0699 11.474 126.069 -0.28775 0.39505 -0.177 1.15432 17.0000 12.21 1.2883 2.7271 1.305001 
949.6763 14.155 133.637 -0.40201 0.42161 -0.092 1.08144 17.0000 12.29 1.8934 4.1177 1.305542 
949.2827 16.073 130.814 -0.48919 0.56645 -0.064 1.19099 17.0000 12.38 1.8123 4.5610 1.306083 
948.8890 12.402 130.595 -0.47918 0.55917 -0.122 1.59345 17.0000 12.66 1.9956 4.8208 1.306625 
948.4953 15.157 131.168 -0.47322 0.54116 0.005 1.22949 17.0000 12.55 1.8905 4.5335 1.307167 
948.1014 26.808 131.173 -0.84743 0.96894 0.277 0.94849 17.0000 12.66 1.8811 4.0711 1.307710 
947.7075 19.898 132.369 -0.19366 0.21231 0.525 0.34496 17.0000 12.64 1.7776 3.1122 1.308254 
947.3135 2.970 166.424 -0.07550 0.01823 1.448 0.74642 17.0000 12.23 1.0399 1.7439 1.308798 
946.9194 64.835 124.860 -1.71085 2.45615 0.309 -2.48239 17.0000 12.26 1.0500 2.9293 1.309343 
946.5253 87.234 103.622 -0.16466 0.67949 0.098 -7.21934 17.0000 12.51 1.7980 3.5632 1.309888 
946.1310 67.377 350.133 57.94829 -10.07886 0.966 -58.31554 17.0000 12.96 17.9917 34.4097 1.310434 
945.7367 32.141 167.292 -4.22957 0.95379 0.697 2.08843 17.0000 12.72 3.5226 9.2159 1.310980 
945.3423 25.176 168.651 -11.74267 2.35689 0.190 9.92511 17.0000 12.97 19.8598 41.6023 1.311527 
944.9478 24.632 168.635 -15.87536 3.19093 0.167 13.94546 17.0000 13.16 31.8072 65.1609 1.312074 
944.5532 24.482 168.612 -22.79644 4.59176 0.904 20.24081 17.0000 12.99 38.9850 79.3748 1.312623 
944.1586 24.416 168.344 -41.82541 8.62780 -2.044 37.34314 17.0000 13.04 41.6117 84.1691 1.313171 
943.7639 65.642 348.035 101.26923 -21.46082 0.095 -90.89120 17.0000 13.09 39.5441 79.4199 1.313720 
943.3691 24.644 167.656 -100.62593 22.02045 1.626 88.63648 17.0000 13.09 32.1844 65.0852 1.314270 
942.9742 64.766 347.007 165.75807 -38.24647 1.672 -140.39471 17.0000 13.28 20.4561 41.5818 1.314821 
942.5792 58.795 341.012 6.50501 -2.23839 1.041 -3.59504 17.0000 13.41 4.1264 8.8077 1.315372 
942.1841 22.292 171.580 -11.69379 1.73098 -1.256 11.99385 17.0000 13.50 16.9509 33.9903 1.315923 
941.7890 15.968 335.621 0.60436 -0.27389 -1.159 1.06448 17.0000 13.51 0.9743 1.5905 1.316475 
941.3938 21.746 101.254 -0.13254 0.66606 -26.566 0.71584 17.0000 13.50 0.6889 0.8360 1.317028 
940.9985 26.615 23.684 0.77093 0.33815 0.401 0.62910 17.0000 13.65 0.6960 0.7440 1.317581 
940.6031 9.548 72.091 0.09271 0.28689 -7.125 0.87085 17.0000 13.64 0.6500 0.7730 1.318135 
940.2077 12.818 141.628 -0.31984 0.25325 2.483 0.85012 17.0000 13.70 0.6664 0.8663 1.318689 
939.8122 19.512 161.548 -0.65053 0.21706 3.017 0.84613 17.0000 13.75 0.7487 0.9795 1.319244 
939.4166 20.782 170.766 -0.78017 0.12684 1.416 0.89137 17.0000 13.75 0.9165 1.1109 1.319800 
939.0209 19.954 163.412 -0.71694 0.21357 -4.437 0.89443 17.0000 13.64 0.9243 1.1690 1.320356 
938.6251 19.953 162.431 -0.67202 0.21278 0.829 0.84290 17.0000 13.68 0.9240 1.1260 1.320913 
938.2292 19.034 167.141 -0.58539 0.13363 0.901 0.76665 17.0000 13.95 0.8285 0.9526 1.321470 
937.8333 16.907 153.965 -0.50273 0.24558 0.942 0.83534 17.0000 14.08 0.9029 1.0144 1.322028 
937.4373 17.421 137.116 -0.38824 0.36057 -2.394 0.76117 17.0000 14.33 0.6782 0.8430 1.322586 
937.0412 12.378 33.654 0.21958 0.14619 8.860 0.57207 17.0000 14.23 0.6021 0.6978 1.323146 
936.6450 5.417 77.201 0.02798 0.12314 0.922 0.65985 17.0000 14.03 0.7452 0.8823 1.323705 
936.2487 4.320 80.843 0.01695 0.10513 0.941 0.70080 17.0000 14.26 0.9029 1.1605 1.324266 
935.8524 4.346 72.481 0.02713 0.08595 0.684 0.58962 17.0000 14.47 0.9145 1.2964 1.324826 
935.4560 5.155 53.732 0.05010 0.06829 0.888 0.46561 17.0000 14.52 0.8384 1.3122 1.325388 
935.0594 9.252 344.267 0.13459 -0.03791 -0.588 0.41777 17.0000 14.78 0.8325 1.2815 1.325950 
934.6629 2.702 246.264 -0.02809 -0.06387 -0.047 0.73751 17.0000 14.63 0.8934 1.1344 1.326512 
934.2662 11.152 299.568 0.10242 -0.18053 1.064 0.50598 17.0000 14.54 0.7254 0.9262 1.327076 
933.8694 56.279 7.573 0.32905 0.04375 1.334 -0.13789 17.0000 14.82 0.8006 1.3253 1.327640 
933.4727 11.957 180.250 -1.85823 -0.00812 -3.066 4.19063 17.0000 14.75 1.3653 2.3920 1.328204 
933.0757 13.709 176.629 -2.23749 0.13181 -0.745 4.32086 17.0000 14.75 1.6241 2.8781 1.328769 
932.6787 13.897 180.083 -2.55860 -0.00368 0.869 4.85398 17.0000 15.12 1.6111 2.9512 1.329334 
932.2817 78.748 39.174 160.77551 131.00327 22.500 -500.59912 17.0000 15.02 1.3051 2.6396 1.329901 
931.8845 79.899 59.526 8.12970 13.81607 0.176 -43.56480 17.0000 15.06 1.1962 2.4833 1.330467 
931.4873 75.866 85.681 0.16540 2.19018 -94.448 -4.08452 17.0000 15.07 0.9178 1.9222 1.331035 
931.0900 55.141 107.906 -0.21771 0.67383 0.276 -0.26168 17.0000 15.28 0.5956 1.1315 1.331603 
930.6926 24.258 144.201 -0.64432 0.46467 0.940 0.70244 17.0000 15.28 0.6711 0.7491 1.332171 
930.2951 12.004 129.620 -0.15230 0.18397 -5.222 0.53619 17.0000 15.35 0.6777 0.7508 1.332740 
929.8975 15.407 124.487 -0.16732 0.24357 0.059 0.49543 17.0000 15.60 0.7573 0.8775 1.333310 
929.4999 6.899 99.513 -0.02484 0.14821 7.582 0.61192 17.0000 15.75 0.9099 1.0504 1.333881 
929.1022 4.067 6.041 0.11599 0.01228 8.290 0.81608 17.0000 16.19 1.0194 1.1401 1.334452 
928.7043 4.552 343.912 0.13028 -0.03758 1.132 0.84617 17.0000 15.94 1.3093 1.4221 1.335023 
928.3065 2.873 359.342 0.08841 -0.00101 1.869 0.87855 17.0000 15.79 1.4338 1.5316 1.335595 
927.9085 3.393 352.668 0.11124 -0.01431 0.901 0.94259 17.0000 15.86 1.4098 1.4900 1.336168 
927.5104 3.825 352.065 0.12759 -0.01778 0.220 0.95908 17.0000 16.21 1.2389 1.3267 1.336742 
927.1123 5.065 349.404 0.16174 -0.03026 0.096 0.92101 17.0000 15.96 0.9172 1.0775 1.337316 
926.7141 5.672 333.726 0.14719 -0.07267 0.028 0.81817 17.0000 16.00 0.6304 0.9847 1.337890 
926.3158 4.881 299.586 0.05530 -0.09740 0.521 0.65098 17.0000 16.19 0.6865 0.8240 1.338466 
925.9174 8.965 167.120 -0.16040 0.03668 0.390 0.50851 17.0000 16.37 0.6368 0.6933 1.339042 
925.5190 5.266 178.916 -0.10589 0.00200 -0.134 0.56968 17.0000 16.33 0.5748 0.6254 1.339618 
925.1204 8.090 264.397 -0.01648 -0.16801 -0.050 0.58181 17.0000 16.54 0.5460 0.6078 1.340195 
924.7218 6.708 242.060 -0.04528 -0.08537 -0.035 0.40512 17.0000 16.17 0.5465 0.5859 1.340773 
924.3231 3.626 207.437 -0.04898 -0.02543 -0.017 0.43374 17.0000 16.44 0.5471 0.5713 1.341351 
923.9243 8.493 141.392 -0.11918 0.09517 0.957 0.49926 17.0000 16.58 0.5482 0.5534 1.341930 
923.5255 11.347 131.868 -0.16073 0.17934 0.975 0.57587 17.0000 17.00 0.6004 0.6096 1.342510 
923.1265 20.164 155.281 -0.53558 0.24655 0.045 0.69455 17.0000 16.48 0.7743 0.8963 1.343090 
922.7275 10.166 128.822 -0.17477 0.21720 0.028 0.75238 17.0000 17.00 0.8268 0.8796 1.343671 
922.3283 5.933 59.236 0.09120 0.15320 0.935 0.84860 17.0000 16.91 0.8919 0.9935 1.344252 
921.9291 7.584 56.687 0.13786 0.20977 0.000 0.92592 17.0000 17.03 1.1787 1.3930 1.344834 
921.5298 8.373 38.419 0.22366 0.17739 0.000 0.94874 17.0000 17.04 1.2749 1.5442 1.345417 
921.1305 8.360 43.761 0.21075 0.20183 0.000 0.97146 17.0000 16.72 1.3713 1.6745 1.346000 
920.7311 8.936 32.539 0.25094 0.16010 0.000 0.92316 17.0000 16.99 1.2131 1.4377 1.346584 
920.3315 8.978 46.170 0.20331 0.21178 0.000 0.90590 17.0000 17.48 1.0661 1.2361 1.347169 
919.9319 8.934 81.289 0.04165 0.27185 0.000 0.85313 17.0000 17.16 0.9880 1.0734 1.347754 
919.5322 11.708 120.440 -0.17978 0.30594 1.152 0.81941 17.0000 16.92 0.9379 0.9693 1.348340 
919.1324 18.637 146.935 -0.51646 0.33622 0.896 0.80974 17.0000 17.59 0.9149 1.0535 1.348926 
918.7326 13.062 122.995 -0.20722 0.31916 3.420 0.77594 17.0000 17.24 0.7616 0.7976 1.349513 
918.3326 20.394 117.867 -0.14652 0.27711 -4.316 0.36330 17.0000 17.69 1.3291 1.5750 1.350101 
917.9326 6.084 114.310 -0.07954 0.17608 1.009 0.89610 17.0000 17.65 0.5793 0.6366 1.350689 
917.5325 62.661 124.889 -0.34530 0.49519 1.617 -0.42780 17.0000 17.31 1.2114 1.4882 1.351278 
917.1323 53.422 116.534 -0.15357 0.30756 1.356 -0.10407 17.0000 17.54 1.8338 2.3430 1.351868 
916.7321 52.051 113.773 -0.15347 0.34841 3.446 -0.09565 17.0000 17.81 2.1669 2.7945 1.352458 
916.3317 70.264 118.647 -0.21109 0.38641 69.739 -0.53468 17.0000 17.75 2.1107 2.7604 1.353049 
915.9313 77.139 121.324 -0.28626 0.47037 1.167 -1.14302 17.0000 17.81 1.9216 2.5258 1.353641 
915.5308 80.961 124.260 -0.49949 0.73334 2.019 -2.71814 17.0000 17.91 1.6607 2.1304 1.354233 
915.1302 7.598 311.230 5.91242 -6.74659 1.015 33.02771 17.0000 18.11 1.3645 1.6670 1.354826 
914.7295 4.219 326.974 0.22159 -0.14404 0.001 1.78174 17.0000 17.98 1.2757 1.4496 1.355419 
914.3287 4.386 91.980 -0.00388 0.11227 0.001 0.72804 17.0000 17.97 1.8136 2.1368 1.356013 
913.9279 2.729 351.441 0.11029 -0.01660 -0.007 1.16713 17.0000 17.98 0.9254 1.0558 1.356608 
913.5270 0.891 54.986 0.01829 0.02610 -0.013 1.02479 17.0000 18.03 0.7497 0.8192 1.357203 
913.1259 9.299 116.745 -0.10499 0.20834 0.849 0.69330 17.0000 18.26 0.6134 0.6510 1.357799 
912.7249 8.459 112.144 -0.07879 0.19362 0.000 0.68722 17.0000 17.95 0.6287 0.7079 1.358396 
912.3237 4.105 64.026 0.06159 0.12642 0.943 0.97472 17.0000 18.11 0.7750 0.8966 1.358993 
911.9224 5.797 41.698 0.14706 0.13101 -0.178 0.95996 17.0000 18.47 0.7248 0.8478 1.359591 
911.5211 22.465 96.989 -0.05689 0.46404 -0.169 0.46864 17.0000 18.78 0.6377 0.8578 1.360190 
911.1196 2.606 185.242 -0.06936 -0.00636 0.110 0.76363 17.0000 18.78 0.6048 0.6471 1.360789 
910.7181 23.910 238.529 -0.54088 -0.88364 0.038 0.93878 17.0000 18.68 0.8170 0.9744 1.361389 
910.3165 29.889 18.011 1.55568 0.50581 0.062 0.95294 17.0000 18.71 1.2427 1.4981 1.361990 
909.9149 35.301 38.874 2.73121 2.20173 -0.041 1.23527 17.0000 18.58 1.7727 2.1112 1.362591 
909.5131 36.975 20.752 2.82324 1.06973 0.035 0.86858 17.0000 18.44 2.0997 2.4734 1.363193 
909.1113 39.355 6.224 2.83915 0.30965 0.011 0.57017 17.0000 18.53 2.3583 2.8674 1.363795 
908.7093 40.165 356.723 2.52979 -0.14483 0.003 0.43175 17.0000 18.67 2.4724 3.1062 1.364399 
908.3073 39.237 346.596 1.52203 -0.36270 0.002 0.31905 17.0000 18.39 2.2469 2.9975 1.365003 
907.9052 44.037 352.185 1.98509 -0.27246 0.003 0.06739 17.0000 18.69 2.2340 2.8320 1.365607 
907.5031 62.886 2.626 2.11099 0.09682 -0.824 -1.52247 17.0000 18.77 2.5174 2.9513 1.366212 
907.1008 34.976 3.189 2.58293 0.14392 -0.002 0.94398 17.0000 18.73 2.0469 2.3241 1.366818 
906.6984 23.469 15.382 0.90476 0.24891 -0.002 0.87692 17.0000 18.76 2.7521 2.8833 1.367425 
906.2960 20.351 30.239 2.10468 1.22687 -0.036 2.83216 17.0000 18.64 2.8880 2.9435 1.368032 
905.8935 20.974 43.446 8.06666 7.64066 -0.314 12.36216 17.0000 19.04 3.3170 3.5324 1.368640 
905.4909 70.209 210.192 -11.10128 -6.45914 0.008 -15.53571 17.0000 18.92 3.2040 3.3650 1.369248 
905.0883 70.923 206.567 -4.60443 -2.30236 4.718 -6.55285 17.0000 18.98 3.0891 3.2693 1.369857 
904.6855 73.146 228.797 -4.83208 -5.51897 0.598 -10.99527 17.0000 19.41 3.4608 4.0814 1.370467 
904.2826 74.501 172.719 -2.21946 0.28356 -0.005 -3.72406 17.0000 19.20 1.8453 2.2474 1.371078 
903.8797 43.814 91.982 -0.11985 3.46322 -0.002 0.14358 17.0000 19.60 1.9156 3.7869 1.371689 
903.4767 24.830 130.841 -2.32260 2.68685 0.991 3.01625 17.0000 19.45 3.4222 5.7248 1.372301 
903.0736 31.543 129.408 -2.26839 2.76075 0.129 1.81387 17.0000 19.52 3.4667 6.5201 1.372913 
902.6704 30.498 131.743 -2.29651 2.57368 0.011 1.91224 17.0000 19.61 3.8007 6.8925 1.373527 
902.2672 29.894 136.464 -2.19139 2.08220 -0.006 1.76025 17.0000 19.56 3.8708 6.5880 1.374140 
901.8638 29.224 140.975 -1.95449 1.58412 7.647 1.54483 17.0000 19.59 3.5916 5.6411 1.374755 
901.4604 27.602 140.480 -1.12081 0.92458 -0.025 1.00968 17.0000 19.44 2.7436 3.9931 1.375370 
901.0569 30.797 134.090 -0.21803 0.22507 -0.017 0.16948 17.0000 19.76 1.9358 2.2731 1.375986 
900.6533 57.973 332.799 1.52899 -0.78581 -0.785 -0.83646 17.0000 19.62 2.3155 3.9622 1.376603 
900.2496 81.950 277.797 0.02712 -0.19808 -0.200 -0.69264 17.0000 19.89 1.3588 1.7701 1.377220 
899.8458 14.999 46.200 0.71172 0.74217 0.132 1.78120 17.0000 19.48 0.9198 1.9700 1.377838 
899.4420 22.582 23.698 39.57846 17.37221 0.177 42.97710 17.0000 19.81 1.1741 2.8615 1.378457 
899.0380 65.180 200.428 -7.24298 -2.69768 -0.321 -6.56850 17.0000 19.97 1.4056 3.4517 1.379076 
898.6340 64.772 198.058 -2.98092 -0.97193 0.080 -2.58872 17.0000 19.88 1.5850 3.6936 1.379696 
898.2299 63.680 183.627 -3.47761 -0.22042 -0.503 -2.66026 17.0000 19.88 1.5708 3.5693 1.380317 
897.8257 70.469 203.812 -8.80396 -3.88515 -0.462 -11.85692 17.0000 20.24 1.2737 2.9011 1.380938 
897.4214 12.714 84.391 0.11268 1.14736 0.157 2.42486 17.0000 20.60 1.1158 2.0344 1.381560 
897.0171 19.491 135.234 -0.61174 0.60677 0.016 1.06470 17.0000 20.25 1.2786 1.6286 1.382183 
896.6127 29.366 155.190 -0.83189 0.38457 0.013 0.55654 17.0000 20.12 1.7713 2.5694 1.382807 
896.2081 24.588 140.337 -0.77406 0.64179 0.007 0.86865 17.0000 20.21 1.4757 1.7865 1.383431 
895.8035 24.906 138.778 -0.73265 0.64188 0.011 0.82278 17.0000 20.14 1.4638 1.8817 1.384056 
895.3989 24.786 137.605 -0.68054 0.62130 0.004 0.78503 17.0000 20.21 1.2189 1.7500 1.384681 
894.9941 22.372 135.641 -0.52425 0.51265 16.035 0.73983 17.0000 20.70 1.0504 1.6623 1.385307 
894.5892 14.813 132.115 -0.27978 0.30948 0.897 0.73365 17.0000 20.97 0.8165 1.4996 1.385934 
894.1843 3.381 331.678 0.08701 -0.04689 0.000 0.83357 17.0000 20.47 0.7651 1.3340 1.386562 
893.7792 8.426 130.065 -0.16142 0.19193 0.004 0.82790 17.0000 20.60 0.7859 1.4199 1.387190 
893.3741 4.382 114.870 -0.05813 0.12539 0.976 0.89656 17.0000 20.47 0.7746 1.3168 1.387819 
892.9689 3.703 9.003 0.11772 0.01865 -5.151 0.91702 17.0000 20.73 0.7012 1.0486 1.388449 
892.5637 8.431 331.479 0.22691 -0.12331 -0.596 0.85201 17.0000 20.79 0.6451 0.7874 1.389079 
892.1583 10.222 323.890 0.25668 -0.18724 0.216 0.85231 17.0000 21.17 0.6024 0.7408 1.389711 
891.7528 6.970 330.254 0.16685 -0.09535 0.450 0.77419 17.0000 20.83 0.6136 0.7984 1.390343 
891.3473 6.520 325.663 0.12359 -0.08442 -0.325 0.64627 17.0000 21.16 0.5879 0.8165 1.390975 
890.9417 3.743 323.580 0.05474 -0.04039 0.856 0.51770 17.0000 20.92 0.5810 0.7997 1.391608 
890.5359 0.819 264.165 -0.00172 -0.01688 0.000 0.59313 17.0000 20.83 0.5740 0.7589 1.392242 
890.1302 3.095 196.239 -0.05037 -0.01467 0.042 0.48374 17.0000 21.30 0.5423 0.6624 1.392877 
889.7243 7.115 194.824 -0.08567 -0.02267 0.000 0.34943 17.0000 21.00 0.5202 0.6607 1.393512 
889.3184 6.199 328.988 0.05993 -0.03603 0.000 0.31811 17.0000 21.17 0.5190 0.5490 1.394148 
888.9123 8.083 8.059 0.10456 0.01480 0.909 0.36430 17.0000 21.15 0.5256 0.5628 1.394785 
888.5062 7.040 9.487 0.08585 0.01435 -1.577 0.34704 17.0000 21.56 0.5298 0.6640 1.395423 
888.1000 7.962 124.030 -0.10128 0.14999 -69.747 0.63432 17.0000 21.15 0.6512 0.7371 1.396061 
887.6937 8.727 124.527 -0.12183 0.17708 0.960 0.68365 17.0000 21.60 0.7351 0.8412 1.396700 
887.2873 9.143 127.015 -0.14337 0.19015 -562.644 0.72063 17.0000 21.96 0.7677 0.8822 1.397340 
886.8808 10.213 128.386 -0.17281 0.21814 1.006 0.74723 17.0000 21.55 0.8230 0.9034 1.397980 
886.4743 7.265 134.993 -0.15417 0.15421 1.285 0.84133 17.0000 21.58 0.7234 0.7976 1.398621 
886.0676 9.887 141.622 -0.20215 0.16010 1.074 0.71725 17.0000 21.54 0.6780 0.7266 1.399263 
885.6609 11.292 146.102 -0.24972 0.16779 0.883 0.72332 17.0000 21.60 0.6550 0.6775 1.399906 
885.2541 9.956 137.985 -0.19690 0.17738 0.048 0.73161 17.0000 21.94 0.6374 0.6826 1.400549 
884.8472 9.830 134.840 -0.16879 0.16974 0.008 0.66999 17.0000 21.77 0.5989 0.6430 1.401193 
884.4402 9.941 129.824 -0.13308 0.15959 102.160 0.57458 17.0000 21.98 0.5680 0.6077 1.401838 
884.0332 12.839 131.768 -0.21081 0.23604 0.863 0.65825 17.0000 22.00 0.6240 0.6494 1.402483 
883.6260 12.490 128.776 -0.19318 0.24047 0.000 0.66205 17.0000 22.04 0.6200 0.6366 1.403130 
883.2188 15.785 126.742 -0.18624 0.24947 0.000 0.50665 17.0000 22.33 0.5925 0.6029 1.403777 
882.8115 13.977 103.541 -0.06011 0.24957 0.000 0.48376 17.0000 22.12 0.6180 0.6551 1.404424 
882.4041 3.146 160.954 -0.05328 0.01840 0.032 0.51131 17.0000 22.22 0.5420 0.5476 1.405073 
881.9966 6.720 202.715 -0.13930 -0.05831 0.023 0.63188 17.0000 22.36 0.5724 0.6234 1.405722 
881.5890 8.841 224.415 -0.16529 -0.16195 0.015 0.72587 17.0000 22.46 0.6198 0.7304 1.406372 
881.1813 13.633 237.142 -0.18155 -0.28109 0.012 0.64929 17.0000 22.17 0.6039 0.7607 1.407023 
880.7736 19.947 269.429 -0.00405 -0.40654 0.371 0.48636 17.0000 22.66 0.5942 0.7874 1.407674 
880.3658 32.746 249.718 -0.18026 -0.48777 -0.011 0.23706 17.0000 22.22 0.5729 0.7681 1.408326 
879.9579 47.755 284.541 0.94600 -3.64717 -0.015 -0.36348 17.0000 22.46 1.0344 1.2090 1.408979 
879.5499 39.460 152.413 -0.67419 0.35227 0.013 0.14895 17.0000 22.46 0.5904 0.7681 1.409632 
879.1418 38.639 125.087 -1.03995 1.48043 0.085 0.40846 17.0000 22.69 1.3050 1.5100 1.410287 
878.7336 34.703 120.861 -0.92595 1.54953 -0.004 0.67827 17.0000 22.61 2.0341 2.2030 1.410942 
878.3253 35.323 121.968 -1.12411 1.80122 -0.173 0.74581 17.0000 22.89 2.3497 2.7012 1.411598 
877.9170 35.274 121.411 -1.15679 1.89429 0.967 0.78394 17.0000 22.79 2.4682 2.9318 1.412254 
877.5085 35.253 120.115 -1.12220 1.93470 238.651 0.79177 17.0000 23.00 2.3285 2.8904 1.412912 
877.1000 34.412 120.099 -0.99581 1.71790 1.093 0.76921 17.0000 23.23 1.9201 2.5113 1.413570 
876.6915 32.413 118.500 -0.69315 1.27660 0.991 0.68277 17.0000 23.13 1.2655 1.8683 1.414228 
876.2828 24.430 132.850 -0.36152 0.38973 0.052 0.46439 17.0000 23.08 0.6558 0.9871 1.414888 
875.8740 41.440 291.615 1.09054 -2.75232 0.111 0.36976 17.0000 23.63 1.0036 1.1279 1.415548 
875.4651 12.601 148.497 -0.33858 0.20751 0.027 0.84381 17.0000 23.59 0.9715 4.5391 1.416209 
875.0562 7.472 286.731 0.05845 -0.19445 0.139 0.76076 17.0000 23.49 0.7082 1.3170 1.416871 
874.6472 42.683 135.720 -32.27623 31.47500 2.870 3.65432 17.0000 23.26 0.9857 5.5298 1.417534 
874.2380 26.702 138.669 -1.05789 0.93038 0.000 1.04612 17.0000 23.46 1.4580 8.4300 1.418197 
873.8289 24.281 139.022 -0.86205 0.74879 0.872 1.00805 17.0000 23.31 1.7166 10.2569 1.418861 
873.4196 23.558 139.118 -0.88149 0.76310 0.910 1.08284 17.0000 24.13 1.6740 10.8366 1.419526 
873.0102 24.051 138.849 -0.92651 0.80969 0.044 1.10391 17.0000 23.70 1.5657 10.2231 1.420192 
872.6007 25.191 137.339 -1.15937 1.06838 -0.047 1.30513 17.0000 23.49 1.2927 8.3762 1.420858 
872.1912 46.541 306.687 1.03126 -1.38422 -0.081 -0.09295 17.0000 23.91 0.7563 5.4469 1.421525 
871.7816 5.856 195.519 -0.16083 -0.04466 -0.033 0.80516 17.0000 23.37 0.6758 1.2139 1.422193 
871.3718 12.037 151.163 -0.33953 0.18694 0.991 0.86749 17.0000 24.33 1.2898 4.7277 1.422862 
870.9620 6.297 172.204 -0.15567 0.02131 -0.094 0.70325 17.0000 24.22 0.6421 0.7131 1.423532 
870.5521 6.284 138.892 -0.10843 0.09462 0.973 0.64552 17.0000 24.28 0.6031 0.7057 1.424202 
870.1422 4.229 155.016 -0.08308 0.03871 0.921 0.61642 17.0000 24.42 0.5812 0.6961 1.424873 
869.7321 6.528 158.000 -0.13871 0.05604 0.022 0.64514 17.0000 24.09 0.6041 0.7038 1.425545 
869.3219 9.100 150.594 -0.18764 0.10576 0.901 0.65513 17.0000 24.30 0.6547 0.7245 1.426217 
868.9117 11.161 142.295 -0.22938 0.17732 0.955 0.70614 17.0000 24.46 0.7150 0.7486 1.426891 
868.5013 12.616 136.717 -0.25388 0.23911 -0.008 0.74005 17.0000 24.55 0.7974 0.8043 1.427565 
868.0909 13.668 133.416 -0.27589 0.29158 0.871 0.77652 17.0000 24.62 0.9286 0.9375 1.428240 
867.6805 13.624 135.288 -0.28544 0.28258 -0.011 0.77991 17.0000 24.67 0.9016 0.9059 1.428915 
867.2699 12.743 135.161 -0.25030 0.24889 0.904 0.74048 17.0000 24.81 0.7877 0.7897 1.429592 
866.8592 12.434 134.293 -0.23805 0.24399 0.917 0.73546 17.0000 25.01 0.7466 0.7485 1.430269 
866.4485 11.132 132.495 -0.20937 0.22853 -0.165 0.75706 17.0000 24.80 0.6998 0.7025 1.430947 
866.0376 11.586 131.740 -0.21092 0.23640 0.856 0.74018 17.0000 24.82 0.6813 0.6940 1.431626 
865.6267 11.395 131.651 -0.21726 0.24427 0.878 0.77806 17.0000 25.58 0.6961 0.6974 1.432306 
865.2157 11.106 130.188 -0.20079 0.23771 -0.010 0.76200 17.0000 25.04 0.6788 0.6874 1.432986 
864.8046 11.655 130.154 -0.21171 0.25094 0.858 0.76199 17.0000 25.16 0.6993 0.7204 1.433667 
864.3934 11.406 129.959 -0.20527 0.24499 0.874 0.75994 17.0000 25.33 0.6983 0.7310 1.434349 
863.9821 12.513 134.562 -0.24836 0.25218 0.930 0.75814 17.0000 25.06 0.7117 0.7593 1.435032 
863.5707 10.985 132.811 -0.21486 0.23194 -2.180 0.78375 17.0000 25.60 0.7228 0.7546 1.435716 
863.1593 8.180 130.944 -0.14644 0.16879 0.946 0.76121 17.0000 25.61 0.6651 0.6834 1.436400 
862.7477 8.588 129.893 -0.16071 0.19226 0.880 0.81070 17.0000 25.95 0.7161 0.7213 1.437085 
862.3361 8.277 129.140 -0.15525 0.19076 -0.004 0.82744 17.0000 25.67 0.7293 0.7356 1.437771 
861.9244 8.480 131.118 -0.16508 0.18911 0.877 0.82311 17.0000 25.89 0.7448 0.7701 1.438458 
861.5126 8.604 131.485 -0.17374 0.19648 -1.113 0.84683 17.0000 25.99 0.7527 0.7715 1.439145 
861.1008 7.084 132.575 -0.13687 0.14897 0.862 0.80133 17.0000 25.93 0.6979 0.7031 1.439834 
860.6888 6.537 133.877 -0.12919 0.13435 0.863 0.80264 17.0000 26.15 0.6772 0.6840 1.440523 
860.2767 7.592 133.399 -0.14624 0.15465 0.860 0.78428 17.0000 25.80 0.6620 0.6790 1.441213 
859.8646 7.650 132.901 -0.13679 0.14720 -0.002 0.73457 17.0000 26.09 0.6360 0.6643 1.441904 
859.4523 8.295 134.881 -0.16965 0.17035 0.876 0.80694 17.0000 26.20 0.6600 0.6881 1.442595 
859.0400 8.581 134.732 -0.18810 0.18987 3.419 0.86546 17.0000 26.33 0.6763 0.7007 1.443288 
858.6276 8.736 134.764 -0.21178 0.21354 0.869 0.95543 17.0000 26.61 0.6912 0.7074 1.443981 
858.2151 9.416 135.042 -0.22410 0.22378 0.874 0.92864 17.0000 26.78 0.7171 0.7233 1.444675 
857.8026 9.729 135.615 -0.20718 0.20278 0.899 0.82059 17.0000 26.43 0.7490 0.7513 1.445370 
857.3899 9.769 134.692 -0.20087 0.20304 0.864 0.80484 17.0000 26.49 0.7842 0.7975 1.446065 
856.9771 10.215 134.345 -0.19658 0.20113 0.866 0.75505 17.0000 26.06 0.7961 0.7998 1.446762 
856.5643 10.722 133.301 -0.20433 0.21682 0.857 0.75849 17.0000 26.51 0.8024 0.8060 1.447459 
856.1514 11.376 132.226 -0.20383 0.22458 0.001 0.72320 17.0000 27.05 0.8120 0.8156 1.448157 
855.7383 11.474 131.573 -0.19976 0.22521 0.890 0.71100 17.0000 27.04 0.8071 0.8105 1.448856 
855.3253 11.456 132.079 -0.20051 0.22207 0.873 0.70789 17.0000 26.99 0.8200 0.8233 1.449556 
854.9120 11.210 132.237 -0.21262 0.23418 0.957 0.76665 17.0000 26.64 0.8178 0.8202 1.450257 
854.4988 11.208 132.388 -0.23413 0.25652 0.884 0.84195 17.0000 26.84 0.7937 0.7951 1.450958 
854.0854 11.196 132.601 -0.23508 0.25564 0.906 0.84293 17.0000 26.99 0.8001 0.8018 1.451660 
853.6719 11.327 130.963 -0.22953 0.26439 0.882 0.83890 17.0000 27.28 0.8122 0.8139 1.452364 
853.2584 11.001 133.423 -0.24156 0.25524 0.860 0.86976 17.0000 27.29 0.7932 0.7946 1.453067 
852.8448 11.109 133.458 -0.24734 0.26103 0.854 0.88044 17.0000 27.23 0.7832 0.7842 1.453772 
852.4311 11.425 133.915 -0.25270 0.26246 0.896 0.86462 17.0000 26.79 0.7666 0.7674 1.454478 
852.0173 12.399 134.625 -0.24199 0.24517 0.872 0.74562 17.0000 27.15 0.7539 0.7547 1.455184 
851.6034 11.646 133.729 -0.24175 0.25272 0.870 0.81237 17.0000 27.17 0.7723 0.7730 1.455891 
851.1894 11.995 132.929 -0.24053 0.25858 0.854 0.79354 17.0000 27.02 0.7739 0.7746 1.456599 
850.7753 12.085 132.591 -0.23687 0.25767 0.880 0.77987 17.0000 27.14 0.7779 0.7788 1.457308 
850.3612 12.016 132.391 -0.24834 0.27205 0.910 0.82608 17.0000 27.33 0.7698 0.7706 1.458018 
849.9470 11.804 132.816 -0.24982 0.26963 0.835 0.84102 17.0000 27.39 0.7721 0.7731 1.458728 
849.5326 11.754 133.218 -0.24557 0.26134 0.905 0.82448 17.0000 27.32 0.7815 0.7826 1.459440 
849.1182 12.009 133.662 -0.24365 0.25531 0.878 0.79200 17.0000 27.70 0.7770 0.7782 1.460152 
848.7037 11.737 133.650 -0.24714 0.25907 0.865 0.82449 17.0000 27.62 0.7830 0.7843 1.460865 
848.2891 11.507 134.177 -0.25064 0.25795 0.886 0.84675 17.0000 27.51 0.7873 0.7884 1.461579 
847.8744 11.177 134.228 -0.25439 0.26133 0.858 0.88685 17.0000 28.12 0.7942 0.7953 1.462294 
847.4597 12.020 134.293 -0.25540 0.26179 0.876 0.81994 17.0000 28.08 0.7704 0.7715 1.463010 
847.0448 12.179 134.684 -0.25977 0.26266 0.865 0.81599 17.0000 28.31 0.7649 0.7661 1.463726 
846.6298 12.495 134.451 -0.26148 0.26654 0.876 0.80106 17.0000 28.51 0.7586 0.7597 1.464444 
846.2148 13.320 134.415 -0.26132 0.26671 0.852 0.74433 17.0000 28.12 0.7433 0.7446 1.465162 
845.7997 13.155 134.632 -0.26719 0.27064 0.863 0.76918 17.0000 28.44 0.7471 0.7483 1.465881 
845.3845 12.992 134.618 -0.26675 0.27033 0.869 0.77923 17.0000 28.32 0.7557 0.7570 1.466601 
844.9692 12.822 134.706 -0.27501 0.27785 0.864 0.81435 17.0000 28.45 0.7590 0.7605 1.467322 
844.5538 12.284 133.797 -0.27435 0.28612 0.868 0.86707 17.0000 28.19 0.7646 0.7661 1.468044 
844.1383 12.334 133.717 -0.26973 0.28208 0.848 0.84979 17.0000 28.30 0.7722 0.7738 1.468766 
843.7227 12.182 133.548 -0.26599 0.27982 0.847 0.85254 17.0000 28.86 0.7862 0.7882 1.469490 
843.3071 12.590 133.482 -0.26461 0.27902 0.828 0.81794 17.0000 28.72 0.7792 0.7811 1.470214 
842.8914 12.439 133.420 -0.26794 0.28315 0.881 0.84065 17.0000 28.88 0.7844 0.7865 1.470939 
842.4755 12.373 132.977 -0.26304 0.28230 0.858 0.83716 17.0000 28.90 0.7902 0.7922 1.471665 
842.0596 12.522 132.204 -0.26277 0.28975 0.852 0.83714 17.0000 29.02 0.7806 0.7824 1.472392 
841.6436 12.465 131.932 -0.26200 0.29168 0.843 0.84351 17.0000 29.26 0.7841 0.7859 1.473120 
841.2275 12.155 131.781 -0.25538 0.28582 0.844 0.84849 17.0000 29.21 0.8021 0.8036 1.473849 
840.8113 11.999 131.456 -0.24717 0.27980 0.838 0.83858 17.0000 29.54 0.8156 0.8171 1.474578 
840.3951 12.057 131.412 -0.24820 0.28141 0.846 0.83830 17.0000 29.46 0.8151 0.8165 1.475308 
839.9787 11.979 131.045 -0.24638 0.28298 0.850 0.84436 17.0000 29.26 0.8181 0.8198 1.476040 
839.5623 11.826 130.646 -0.24156 0.28138 0.845 0.84676 17.0000 29.71 0.8273 0.8293 1.476772 
839.1457 12.070 131.136 -0.24552 0.28110 0.888 0.83277 17.0000 29.64 0.8254 0.8274 1.477505 
838.7291 12.148 131.214 -0.24752 0.28260 0.856 0.83220 17.0000 29.67 0.8246 0.8267 1.478239 
838.3124 12.229 131.107 -0.24804 0.28426 0.858 0.82943 17.0000 29.96 0.8239 0.8260 1.478974 
837.8956 12.225 131.017 -0.24857 0.28577 0.856 0.83302 17.0000 30.32 0.8241 0.8260 1.479709 
837.4787 12.257 130.927 -0.25110 0.28960 0.860 0.84057 17.0000 30.10 0.8194 0.8211 1.480446 
837.0617 12.437 130.894 -0.25393 0.29320 0.888 0.83663 17.0000 29.98 0.8193 0.8210 1.481183 
836.6447 12.409 130.864 -0.25565 0.29551 0.865 0.84493 17.0000 30.07 0.8220 0.8239 1.481922 
836.2275 12.559 130.822 -0.25874 0.29953 0.856 0.84425 17.0000 30.61 0.8190 0.8208 1.482661 
835.8102 12.577 130.713 -0.26051 0.30274 0.843 0.85054 17.0000 30.73 0.8201 0.8221 1.483401 
835.3929 12.547 130.641 -0.25909 0.30185 0.851 0.84945 17.0000 30.55 0.8220 0.8240 1.484142 
834.9755 12.617 130.540 -0.26083 0.30497 0.847 0.85148 17.0000 30.71 0.8209 0.8229 1.484884 
834.5579 12.678 130.525 -0.26199 0.30649 0.847 0.85087 17.0000 30.81 0.8202 0.8223 1.485627 
834.1403 12.659 130.502 -0.26094 0.30550 0.847 0.84924 17.0000 30.92 0.8195 0.8216 1.486371 
833.7227 12.721 130.490 -0.26248 0.30743 0.834 0.84972 17.0000 30.83 0.8207 0.8228 1.487115 
833.3049 12.838 130.461 -0.26449 0.31011 0.849 0.84779 17.0000 31.31 0.8189 0.8210 1.487861 
832.8870 12.892 130.384 -0.26567 0.31233 0.845 0.84880 17.0000 30.92 0.8190 0.8211 1.488608 
832.4691 12.797 130.305 -0.26360 0.31077 0.863 0.85078 17.0000 31.52 0.8206 0.8227 1.489355 
832.0510 12.878 130.260 -0.26488 0.31277 0.862 0.84949 17.0000 31.85 0.8204 0.8224 1.490103 
831.6329 12.934 130.253 -0.26610 0.31429 0.854 0.84926 17.0000 31.37 0.8203 0.8224 1.490852 
831.2146 12.926 130.152 -0.26564 0.31488 0.844 0.85019 17.0000 31.94 0.8209 0.8230 1.491603 
830.7963 13.067 130.164 -0.26902 0.31876 0.855 0.85018 17.0000 32.04 0.8213 0.8233 1.492354 
830.3779 13.171 130.134 -0.27080 0.32119 0.847 0.84850 17.0000 31.99 0.8220 0.8241 1.493106 
829.9594 13.167 130.111 -0.27058 0.32120 0.850 0.84853 17.0000 32.87 0.8241 0.8261 1.493858 
829.5408 13.203 130.064 -0.27200 0.32342 0.838 0.85105 17.0000 32.15 0.8261 0.8282 1.494612 
829.1221 13.149 130.003 -0.27066 0.32253 0.846 0.85199 17.0000 32.05 0.8277 0.8298 1.495367 
828.7034 13.183 129.978 -0.27166 0.32400 0.860 0.85302 17.0000 32.54 0.8291 0.8312 1.496123 
828.2845 13.141 129.922 -0.27024 0.32296 0.865 0.85271 17.0000 32.86 0.8286 0.8307 1.496879 
827.8656 13.191 129.889 -0.27161 0.32497 0.848 0.85384 17.0000 32.09 0.8300 0.8321 1.497637 
827.4465 13.196 129.828 -0.27142 0.32545 0.856 0.85399 17.0000 32.80 0.8309 0.8329 1.498395 
827.0275 13.183 129.734 -0.27067 0.32564 0.854 0.85428 17.0000 33.03 0.8327 0.8347 1.499154 
826.6082 13.197 129.752 -0.27169 0.32665 0.851 0.85612 17.0000 32.81 0.8334 0.8355 1.499915 
826.1889 13.202 129.740 -0.27176 0.32687 0.865 0.85622 17.0000 33.09 0.8352 0.8372 1.500676 
825.7695 13.206 129.725 -0.27155 0.32679 0.856 0.85546 17.0000 33.75 0.8362 0.8382 1.501438 
825.3500 13.187 129.697 -0.27066 0.32605 0.859 0.85461 17.0000 33.33 0.8372 0.8393 1.502201 
824.9305 13.162 129.708 -0.27052 0.32575 0.842 0.85587 17.0000 33.10 0.8389 0.8409 1.502965 
824.5108 13.172 129.663 -0.27134 0.32726 0.844 0.85852 17.0000 33.32 0.8397 0.8417 1.503730 
824.0911 13.167 129.588 -0.27092 0.32762 0.850 0.85887 17.0000 33.43 0.8405 0.8425 1.504496 
823.6713 13.177 129.572 -0.27132 0.32829 0.851 0.85969 17.0000 33.65 0.8414 0.8433 1.505263 
823.2513 13.169 129.553 -0.27104 0.32818 0.859 0.85979 17.0000 33.49 0.8425 0.8444 1.506031 
822.8313 13.175 129.535 -0.27122 0.32860 0.856 0.86021 17.0000 33.72 0.8422 0.8441 1.506800 
822.4112 13.197 129.551 -0.27226 0.32968 0.854 0.86156 17.0000 33.89 0.8442 0.8461 1.507569 
821.9910 13.215 129.585 -0.27266 0.32977 0.847 0.86085 17.0000 33.77 0.8463 0.8482 1.508340 
821.5707 13.209 129.564 -0.27257 0.32989 0.858 0.86138 17.0000 34.34 0.8466 0.8485 1.509112 
821.1503 13.205 129.587 -0.27274 0.32984 0.853 0.86180 17.0000 34.55 0.8463 0.8482 1.509884 
820.7299 13.231 129.600 -0.27375 0.33091 0.857 0.86278 17.0000 34.79 0.8475 0.8494 1.510658 
820.3093 13.243 129.640 -0.27447 0.33131 0.841 0.86343 17.0000 34.68 0.8496 0.8514 1.511432 
819.8886 13.260 129.624 -0.27428 0.33126 0.845 0.86183 17.0000 34.51 0.8492 0.8510 1.512208 
819.4679 13.275 129.604 -0.27461 0.33190 0.842 0.86214 17.0000 35.33 0.8500 0.8518 1.512984 
819.0471 13.295 129.622 -0.27531 0.33253 0.845 0.86248 17.0000 35.05 0.8514 0.8532 1.513761 
818.6262 13.304 129.621 -0.27580 0.33314 0.852 0.86334 17.0000 35.74 0.8521 0.8539 1.514540 
818.2051 13.319 129.586 -0.27575 0.33349 0.852 0.86273 17.0000 35.42 0.8522 0.8539 1.515319 
817.7841 13.335 129.550 -0.27597 0.33418 0.846 0.86286 17.0000 35.40 0.8523 0.8540 1.516099 
817.3629 13.333 129.558 -0.27590 0.33400 0.850 0.86264 17.0000 35.49 0.8522 0.8539 1.516881 
816.9416 13.354 129.588 -0.27666 0.33457 0.844 0.86288 17.0000 35.27 0.8541 0.8557 1.517663 
816.5202 13.367 129.574 -0.27718 0.33536 0.848 0.86381 17.0000 35.68 0.8548 0.8564 1.518446 
816.0988 13.377 129.588 -0.27769 0.33581 0.843 0.86434 17.0000 35.94 0.8555 0.8571 1.519230 
815.6772 13.403 129.541 -0.27816 0.33694 0.842 0.86476 17.0000 35.95 0.8561 0.8577 1.520015 
815.2556 13.408 129.519 -0.27794 0.33694 0.836 0.86411 17.0000 35.89 0.8558 0.8574 1.520801 
814.8338 13.422 129.544 -0.27846 0.33728 0.839 0.86421 17.0000 35.73 0.8569 0.8585 1.521589 
814.4120 13.432 129.527 -0.27889 0.33800 0.844 0.86512 17.0000 36.40 0.8578 0.8594 1.522377 
813.9901 13.440 129.543 -0.27951 0.33855 0.850 0.86609 17.0000 36.83 0.8587 0.8603 1.523166 
813.5681 13.455 129.536 -0.27977 0.33895 0.838 0.86590 17.0000 36.46 0.8595 0.8611 1.523956 
813.1460 13.460 129.498 -0.27959 0.33919 0.842 0.86569 17.0000 36.39 0.8586 0.8601 1.524747 
812.7238 13.462 129.489 -0.27962 0.33933 0.853 0.86577 17.0000 36.94 0.8584 0.8600 1.525539 
812.3015 13.505 129.434 -0.28072 0.34134 0.855 0.86702 17.0000 37.16 0.8610 0.8626 1.526332 
811.8792 13.481 129.469 -0.28040 0.34052 0.847 0.86715 17.0000 37.63 0.8604 0.8619 1.527126 
811.4567 13.493 129.472 -0.28064 0.34078 0.845 0.86693 17.0000 37.59 0.8615 0.8630 1.527921 
811.0341 13.501 129.464 -0.28062 0.34086 0.837 0.86646 17.0000 36.88 0.8613 0.8628 1.528717 
810.6115 13.506 129.519 -0.28120 0.34090 0.844 0.86687 17.0000 37.20 0.8621 0.8636 1.529514 
810.1888 13.510 129.494 -0.28134 0.34137 0.834 0.86748 17.0000 36.80 0.8618 0.8633 1.530312 
809.7659 13.526 129.458 -0.28158 0.34209 0.842 0.86762 17.0000 37.75 0.8621 0.8636 1.531111 
809.3430 13.539 129.428 -0.28162 0.34251 0.840 0.86733 17.0000 38.06 0.8616 0.8631 1.531912 
808.9200 13.556 129.370 -0.28155 0.34313 0.848 0.86695 17.0000 37.72 0.8621 0.8637 1.532713 
808.4969 13.566 129.332 -0.28156 0.34361 0.846 0.86691 17.0000 38.46 0.8622 0.8639 1.533515 
808.0737 13.574 129.304 -0.28130 0.34363 0.852 0.86603 17.0000 38.08 0.8616 0.8633 1.534318 
807.6505 13.584 129.297 -0.28153 0.34401 0.848 0.86613 17.0000 38.35 0.8623 0.8639 1.535122 
807.2271 13.585 129.318 -0.28176 0.34402 0.848 0.86632 17.0000 38.26 0.8619 0.8635 1.535927 
806.8036 13.603 129.250 -0.28172 0.34481 0.851 0.86615 17.0000 38.84 0.8615 0.8631 1.536733 
806.3801 13.619 129.219 -0.28190 0.34542 0.840 0.86615 17.0000 38.27 0.8613 0.8629 1.537540 
805.9564 13.635 129.162 -0.28182 0.34602 0.838 0.86577 17.0000 38.97 0.8613 0.8629 1.538349 
805.5327 13.646 129.139 -0.28201 0.34653 0.837 0.86592 17.0000 38.64 0.8620 0.8635 1.539158 
805.1089 13.659 129.078 -0.28191 0.34716 0.846 0.86582 17.0000 38.68 0.8620 0.8636 1.539968 
804.6850 13.677 129.069 -0.28229 0.34775 0.843 0.86581 17.0000 38.97 0.8632 0.8648 1.540779 
804.2610 13.679 129.055 -0.28216 0.34776 0.841 0.86554 17.0000 39.61 0.8626 0.8642 1.541591 
803.8369 13.692 129.021 -0.28233 0.34838 0.844 0.86565 17.0000 39.00 0.8630 0.8646 1.542405 
803.4127 13.710 129.002 -0.28263 0.34899 0.845 0.86562 17.0000 39.35 0.8640 0.8656 1.543219 
802.9884 13.718 129.011 -0.28306 0.34941 0.849 0.86620 17.0000 39.28 0.8643 0.8660 1.544035 
802.5640 13.731 128.994 -0.28340 0.35004 0.848 0.86656 17.0000 39.19 0.8652 0.8669 1.544851 
802.1396 13.736 128.963 -0.28332 0.35033 0.844 0.86656 17.0000 40.14 0.8645 0.8661 1.545669 
801.7150 13.741 128.984 -0.28362 0.35044 0.850 0.86669 17.0000 40.43 0.8650 0.8666 1.546487 
801.2903 13.760 128.949 -0.28383 0.35113 0.840 0.86658 17.0000 40.22 0.8651 0.8668 1.547307 
800.8657 13.765 128.963 -0.28396 0.35113 0.838 0.86639 17.0000 39.46 0.8654 0.8671 1.548127 
800.4408 13.762 128.932 -0.28354 0.35100 0.838 0.86591 17.0000 39.30 0.8644 0.8660 1.548949 
800.0159 13.776 128.940 -0.28383 0.35125 0.846 0.86557 17.0000 40.32 0.8642 0.8659 1.549772 
799.5909 13.790 128.891 -0.28375 0.35176 0.835 0.86520 17.0000 40.02 0.8632 0.8649 1.550595 
799.1658 13.799 128.873 -0.28388 0.35215 0.838 0.86530 17.0000 40.19 0.8638 0.8655 1.551420 
798.7406 13.818 128.827 -0.28395 0.35282 0.844 0.86496 17.0000 40.36 0.8643 0.8660 1.552246 
798.3153 13.843 128.821 -0.28448 0.35357 0.841 0.86489 17.0000 40.49 0.8652 0.8668 1.553073 
797.8899 13.869 128.780 -0.28493 0.35463 0.851 0.86505 17.0000 40.97 0.8662 0.8679 1.553901 
797.4644 13.879 128.776 -0.28508 0.35487 0.847 0.86492 17.0000 41.26 0.8664 0.8680 1.554730 
797.0389 13.902 128.734 -0.28533 0.35571 0.842 0.86476 17.0000 41.04 0.8667 0.8684 1.555560 
796.6132 13.912 128.709 -0.28550 0.35626 0.841 0.86500 17.0000 40.83 0.8673 0.8690 1.556391 
796.1875 13.913 128.684 -0.28539 0.35644 0.844 0.86512 17.0000 41.42 0.8673 0.8689 1.557224 
795.7617 13.926 128.653 -0.28559 0.35708 0.839 0.86531 17.0000 40.73 0.8670 0.8687 1.558057 
795.3357 13.940 128.619 -0.28554 0.35745 0.844 0.86479 17.0000 41.27 0.8677 0.8694 1.558891 
794.9097 13.960 128.591 -0.28587 0.35821 0.842 0.86488 17.0000 41.61 0.8684 0.8701 1.559727 
794.4836 13.970 128.530 -0.28568 0.35875 0.845 0.86468 17.0000 41.59 0.8679 0.8697 1.560563 
794.0574 13.980 128.536 -0.28594 0.35901 0.842 0.86468 17.0000 41.63 0.8686 0.8704 1.561401 
793.6310 13.997 128.515 -0.28632 0.35976 0.847 0.86496 17.0000 42.15 0.8688 0.8706 1.562240 
793.2047 14.009 128.490 -0.28636 0.36014 0.850 0.86467 17.0000 42.13 0.8690 0.8708 1.563079 
792.7782 14.018 128.475 -0.28636 0.36032 0.844 0.86429 17.0000 41.59 0.8685 0.8703 1.563920 
792.3516 14.029 128.482 -0.28660 0.36053 0.846 0.86411 17.0000 42.11 0.8684 0.8702 1.564762 
791.9249 14.026 128.502 -0.28664 0.36034 0.838 0.86410 17.0000 41.54 0.8678 0.8696 1.565605 
791.4982 14.048 128.455 -0.28679 0.36112 0.839 0.86381 17.0000 41.55 0.8676 0.8695 1.566449 
791.0714 14.058 128.435 -0.28687 0.36147 0.830 0.86367 17.0000 42.20 0.8682 0.8700 1.567295 
790.6444 14.069 128.418 -0.28700 0.36188 0.838 0.86367 17.0000 41.91 0.8689 0.8707 1.568141 
790.2173 14.072 128.414 -0.28691 0.36181 0.834 0.86322 17.0000 41.97 0.8692 0.8711 1.568989 
789.7902 14.086 128.398 -0.28705 0.36219 0.842 0.86295 17.0000 42.38 0.8689 0.8708 1.569837 
789.3630 14.092 128.400 -0.28709 0.36222 0.843 0.86255 17.0000 41.96 0.8690 0.8708 1.570687 
788.9357 14.103 128.416 -0.28746 0.36248 0.838 0.86257 17.0000 42.82 0.8694 0.8712 1.571537 
788.5083 14.108 128.389 -0.28732 0.36265 0.836 0.86230 17.0000 43.01 0.8688 0.8706 1.572389 
788.0807 14.111 128.420 -0.28774 0.36278 0.839 0.86277 17.0000 42.54 0.8692 0.8710 1.573242 
787.6532 14.125 128.407 -0.28784 0.36307 0.843 0.86230 17.0000 42.64 0.8695 0.8712 1.574096 
787.2255 14.119 128.410 -0.28764 0.36278 0.834 0.86208 17.0000 42.43 0.8689 0.8707 1.574951 
786.7977 14.118 128.386 -0.28744 0.36284 0.835 0.86200 17.0000 43.19 0.8682 0.8700 1.575808 
786.3699 14.127 128.392 -0.28765 0.36303 0.842 0.86191 17.0000 43.11 0.8685 0.8702 1.576665 
785.9419 14.136 128.391 -0.28784 0.36328 0.835 0.86179 17.0000 43.14 0.8695 0.8712 1.577524 
785.5139 14.144 128.370 -0.28783 0.36355 0.837 0.86160 17.0000 42.79 0.8699 0.8716 1.578383 
785.0857 14.153 128.356 -0.28788 0.36379 0.843 0.86137 17.0000 43.60 0.8691 0.8709 1.579244 
784.6575 14.160 128.320 -0.28780 0.36416 0.840 0.86132 17.0000 43.49 0.8692 0.8709 1.580106 
784.2291 14.160 128.316 -0.28772 0.36411 0.845 0.86110 17.0000 43.83 0.8694 0.8711 1.580969 
783.8007 14.161 128.317 -0.28769 0.36406 0.841 0.86095 17.0000 43.47 0.8693 0.8710 1.581833 
783.3722 14.168 128.304 -0.28773 0.36428 0.837 0.86082 17.0000 43.77 0.8695 0.8712 1.582698 
782.9435 14.182 128.272 -0.28772 0.36468 0.837 0.86042 17.0000 43.91 0.8698 0.8715 1.583565 
782.5148 14.194 128.275 -0.28798 0.36497 0.832 0.86028 17.0000 44.23 0.8706 0.8723 1.584433 
782.0861 14.192 128.299 -0.28825 0.36501 0.829 0.86079 17.0000 43.67 0.8710 0.8727 1.585301 
781.6572 14.192 128.290 -0.28828 0.36516 0.833 0.86105 17.0000 43.41 0.8712 0.8728 1.586171 
781.2282 14.196 128.273 -0.28825 0.36534 0.834 0.86094 17.0000 43.84 0.8713 0.8730 1.587042 
780.7991 14.201 128.278 -0.28845 0.36553 0.838 0.86109 17.0000 43.86 0.8717 0.8733 1.587914 
780.3699 14.211 128.268 -0.28851 0.36574 0.842 0.86074 17.0000 43.85 0.8721 0.8737 1.588788 
779.9407 14.212 128.267 -0.28846 0.36569 0.840 0.86055 17.0000 44.20 0.8724 0.8740 1.589662 
779.5113 14.214 128.265 -0.28842 0.36566 0.838 0.86029 17.0000 44.01 0.8723 0.8740 1.590537 
779.0818 14.235 128.239 -0.28856 0.36619 0.841 0.85975 17.0000 44.26 0.8725 0.8741 1.591414 
778.6523 14.252 128.222 -0.28877 0.36666 0.841 0.85943 17.0000 44.31 0.8728 0.8744 1.592292 
778.2227 14.268 128.201 -0.28897 0.36720 0.835 0.85930 17.0000 44.60 0.8730 0.8747 1.593171 
777.7930 14.275 128.199 -0.28910 0.36739 0.838 0.85925 17.0000 44.24 0.8737 0.8753 1.594051 
777.3632 14.286 128.202 -0.28929 0.36759 0.834 0.85898 17.0000 44.02 0.8740 0.8755 1.594933 
776.9332 14.295 128.186 -0.28926 0.36777 0.838 0.85857 17.0000 44.79 0.8744 0.8760 1.595815 
776.5032 14.307 128.168 -0.28942 0.36821 0.832 0.85852 17.0000 45.04 0.8747 0.8763 1.596699 
776.0731 14.311 128.157 -0.28947 0.36842 0.840 0.85860 17.0000 44.98 0.8746 0.8762 1.597584 
775.6429 14.319 128.116 -0.28936 0.36882 0.844 0.85846 17.0000 44.48 0.8745 0.8761 1.598470 
775.2126 14.328 128.100 -0.28933 0.36900 0.835 0.85803 17.0000 45.03 0.8744 0.8760 1.599357 
774.7822 14.337 128.090 -0.28942 0.36924 0.839 0.85784 17.0000 45.33 0.8749 0.8764 1.600246 
774.3517 14.342 128.099 -0.28960 0.36936 0.845 0.85784 17.0000 45.60 0.8750 0.8765 1.601135 
773.9212 14.352 128.087 -0.28976 0.36971 0.832 0.85785 17.0000 45.14 0.8754 0.8769 1.602026 
773.4905 14.360 128.099 -0.29008 0.36997 0.824 0.85802 17.0000 45.13 0.8757 0.8772 1.602918 
773.0598 14.373 128.102 -0.29030 0.37021 0.827 0.85766 17.0000 46.14 0.8758 0.8773 1.603811 
772.6289 14.385 128.084 -0.29051 0.37071 0.832 0.85780 17.0000 45.57 0.8763 0.8778 1.604706 
772.1980 14.397 128.069 -0.29066 0.37110 0.837 0.85768 17.0000 45.55 0.8766 0.8782 1.605601 
771.7669 14.400 128.041 -0.29050 0.37128 0.835 0.85751 17.0000 45.65 0.8768 0.8784 1.606498 
771.3358 14.403 128.035 -0.29051 0.37137 0.838 0.85746 17.0000 45.93 0.8773 0.8788 1.607396 
770.9046 14.410 128.037 -0.29069 0.37158 0.835 0.85747 17.0000 45.85 0.8777 0.8792 1.608295 
770.4733 14.423 128.032 -0.29096 0.37197 0.834 0.85741 17.0000 45.91 0.8784 0.8799 1.609195 
770.0419 14.432 128.025 -0.29111 0.37226 0.836 0.85735 17.0000 45.41 0.8788 0.8803 1.610097 
769.6104 14.446 128.018 -0.29133 0.37264 0.835 0.85713 17.0000 46.23 0.8790 0.8804 1.610999 
769.1787 14.454 128.010 -0.29148 0.37295 0.832 0.85716 17.0000 46.30 0.8789 0.8804 1.611904 
768.7471 14.456 128.000 -0.29141 0.37299 0.836 0.85700 17.0000 46.52 0.8791 0.8805 1.612809 
768.3152 14.478 127.991 -0.29180 0.37360 0.838 0.85676 17.0000 46.38 0.8796 0.8810 1.613715 
767.8834 14.494 127.962 -0.29203 0.37429 0.841 0.85686 17.0000 46.66 0.8796 0.8810 1.614623 
767.4514 14.507 127.928 -0.29195 0.37465 0.836 0.85634 17.0000 47.15 0.8798 0.8811 1.615531 
767.0193 14.521 127.900 -0.29196 0.37504 0.839 0.85597 17.0000 47.20 0.8796 0.8809 1.616442 
766.5872 14.535 127.869 -0.29205 0.37558 0.840 0.85586 17.0000 46.67 0.8798 0.8811 1.617353 
766.1549 14.544 127.838 -0.29203 0.37597 0.840 0.85577 17.0000 47.19 0.8796 0.8810 1.618265 
765.7225 14.554 127.851 -0.29223 0.37605 0.837 0.85536 17.0000 47.92 0.8795 0.8808 1.619179 
765.2901 14.567 127.841 -0.29232 0.37630 0.836 0.85493 17.0000 47.64 0.8797 0.8810 1.620094 
764.8575 14.580 127.860 -0.29271 0.37654 0.838 0.85473 17.0000 47.82 0.8799 0.8812 1.621010 
764.4249 14.592 127.848 -0.29292 0.37697 0.834 0.85474 17.0000 47.68 0.8804 0.8818 1.621928 
763.9922 14.606 127.844 -0.29322 0.37742 0.833 0.85477 17.0000 47.85 0.8810 0.8823 1.622846 
763.5593 14.625 127.826 -0.29342 0.37792 0.841 0.85436 17.0000 48.25 0.8812 0.8825 1.623766 
763.1264 14.634 127.856 -0.29379 0.37799 0.840 0.85421 17.0000 48.20 0.8812 0.8825 1.624687 
762.6934 14.646 127.825 -0.29384 0.37847 0.841 0.85411 17.0000 48.52 0.8812 0.8825 1.625610 
762.2603 14.654 127.820 -0.29386 0.37857 0.845 0.85372 17.0000 48.54 0.8811 0.8824 1.626533 
761.8271 14.663 127.811 -0.29405 0.37895 0.843 0.85380 17.0000 49.01 0.8812 0.8825 1.627458 
761.3938 14.667 127.800 -0.29411 0.37917 0.841 0.85390 17.0000 48.67 0.8812 0.8825 1.628385 
760.9604 14.681 127.775 -0.29407 0.37945 0.840 0.85331 17.0000 48.39 0.8811 0.8824 1.629312 
760.5269 14.693 127.782 -0.29437 0.37974 0.836 0.85321 17.0000 48.75 0.8812 0.8825 1.630241 
760.0933 14.711 127.781 -0.29459 0.38005 0.837 0.85259 17.0000 49.43 0.8817 0.8830 1.631171 
759.6597 14.728 127.758 -0.29484 0.38068 0.836 0.85258 17.0000 49.38 0.8821 0.8834 1.632102 
759.2259 14.734 127.765 -0.29494 0.38071 0.845 0.85234 17.0000 49.06 0.8823 0.8836 1.633034 
758.7921 14.743 127.771 -0.29518 0.38095 0.842 0.85233 17.0000 49.31 0.8827 0.8840 1.633968 
758.3581 14.759 127.749 -0.29532 0.38141 0.836 0.85196 17.0000 49.59 0.8827 0.8840 1.634903 
757.9240 14.762 127.747 -0.29527 0.38139 0.842 0.85165 17.0000 50.28 0.8824 0.8837 1.635839 
757.4899 14.774 127.728 -0.29541 0.38182 0.846 0.85164 17.0000 50.46 0.8827 0.8840 1.636777 
757.0556 14.782 127.725 -0.29553 0.38202 0.837 0.85146 17.0000 49.99 0.8827 0.8840 1.637716 
756.6213 14.800 127.709 -0.29577 0.38257 0.837 0.85125 17.0000 49.62 0.8829 0.8842 1.638656 
756.1868 14.813 127.679 -0.29585 0.38307 0.836 0.85109 17.0000 49.59 0.8829 0.8842 1.639597 
755.7523 14.818 127.707 -0.29615 0.38307 0.839 0.85109 17.0000 49.45 0.8831 0.8844 1.640540 
755.3177 14.829 127.712 -0.29644 0.38339 0.840 0.85112 17.0000 50.88 0.8834 0.8847 1.641484 
754.8830 14.835 127.728 -0.29662 0.38340 0.841 0.85087 17.0000 50.44 0.8834 0.8846 1.642429 
754.4482 14.837 127.740 -0.29675 0.38340 0.843 0.85086 17.0000 50.53 0.8834 0.8847 1.643376 
754.0132 14.845 127.745 -0.29698 0.38362 0.848 0.85089 17.0000 51.58 0.8836 0.8848 1.644324 
753.5782 14.856 127.742 -0.29726 0.38403 0.841 0.85099 17.0000 50.64 0.8837 0.8849 1.645273 
753.1431 14.864 127.737 -0.29745 0.38434 0.843 0.85105 17.0000 51.37 0.8839 0.8852 1.646223 
752.7079 14.871 127.746 -0.29771 0.38456 0.837 0.85117 17.0000 50.60 0.8841 0.8853 1.647175 
752.2726 14.878 127.745 -0.29781 0.38469 0.843 0.85101 17.0000 51.95 0.8841 0.8853 1.648129 
751.8373 14.878 127.758 -0.29789 0.38462 0.841 0.85096 17.0000 51.16 0.8838 0.8850 1.649083 
751.4018 14.891 127.728 -0.29799 0.38516 0.841 0.85089 17.0000 51.96 0.8841 0.8853 1.650039 
750.9662 14.900 127.729 -0.29819 0.38540 0.841 0.85083 17.0000 51.82 0.8846 0.8858 1.650996 
750.5306 14.905 127.737 -0.29828 0.38542 0.844 0.85062 17.0000 51.63 0.8848 0.8860 1.651954 
750.0948 14.915 127.716 -0.29820 0.38560 0.838 0.85010 17.0000 51.72 0.8843 0.8856 1.652914 
749.6589 14.922 127.727 -0.29850 0.38583 0.846 0.85025 17.0000 51.86 0.8845 0.8858 1.653875 
749.2230 14.925 127.729 -0.29858 0.38590 0.849 0.85024 17.0000 52.11 0.8847 0.8859 1.654837 
748.7869 14.932 127.730 -0.29874 0.38612 0.848 0.85023 17.0000 52.52 0.8847 0.8860 1.655801 
748.3508 14.944 127.729 -0.29910 0.38659 0.844 0.85041 17.0000 52.49 0.8850 0.8862 1.656766 
747.9146 14.954 127.742 -0.29949 0.38691 0.847 0.85062 17.0000 52.47 0.8854 0.8867 1.657732 
747.4782 14.963 127.757 -0.29977 0.38706 0.841 0.85047 17.0000 51.78 0.8857 0.8870 1.658700 
747.0417 14.971 127.753 -0.29993 0.38733 0.851 0.85047 17.0000 52.22 0.8858 0.8871 1.659669 
746.6052 14.978 127.738 -0.29998 0.38760 0.848 0.85044 17.0000 52.80 0.8859 0.8871 1.660639 
746.1686 14.991 127.724 -0.30019 0.38805 0.849 0.85037 17.0000 53.20 0.8861 0.8873 1.661611 
745.7319 15.004 127.711 -0.30035 0.38845 0.849 0.85020 17.0000 52.53 0.8862 0.8875 1.662584 
745.2950 15.015 127.717 -0.30063 0.38873 0.850 0.85015 17.0000 52.73 0.8865 0.8877 1.663559 
744.8582 15.026 127.705 -0.30067 0.38896 0.852 0.84973 17.0000 53.09 0.8865 0.8878 1.664534 
744.4211 15.032 127.707 -0.30085 0.38917 0.845 0.84979 17.0000 52.68 0.8866 0.8879 1.665512 
743.9841 15.041 127.716 -0.30120 0.38947 0.846 0.84995 17.0000 53.18 0.8869 0.8882 1.666490 
743.5468 15.051 127.707 -0.30133 0.38977 0.846 0.84986 17.0000 52.96 0.8869 0.8882 1.667470 
743.1096 15.058 127.715 -0.30149 0.38987 0.845 0.84963 17.0000 53.24 0.8871 0.8883 1.668451 
742.6722 15.064 127.720 -0.30159 0.38993 0.849 0.84941 17.0000 53.03 0.8873 0.8886 1.669434 
742.2347 15.067 127.726 -0.30164 0.38992 0.851 0.84926 17.0000 53.73 0.8872 0.8885 1.670418 
741.7971 15.072 127.705 -0.30158 0.39013 0.848 0.84913 17.0000 53.75 0.8871 0.8883 1.671403 
741.3594 15.075 127.711 -0.30166 0.39014 0.847 0.84904 17.0000 53.12 0.8871 0.8883 1.672390 
740.9216 15.080 127.717 -0.30181 0.39026 0.857 0.84899 17.0000 54.19 0.8872 0.8884 1.673378 
740.4838 15.085 127.720 -0.30189 0.39031 0.852 0.84885 17.0000 54.12 0.8872 0.8884 1.674367 
740.0458 15.088 127.738 -0.30205 0.39028 0.849 0.84878 17.0000 54.36 0.8873 0.8885 1.675358 
739.6077 15.091 127.753 -0.30219 0.39024 0.853 0.84865 17.0000 54.37 0.8874 0.8886 1.676351 
739.1696 15.100 127.751 -0.30239 0.39053 0.850 0.84863 17.0000 54.08 0.8874 0.8886 1.677344 
738.7313 15.106 127.754 -0.30247 0.39058 0.856 0.84839 17.0000 54.51 0.8874 0.8886 1.678339 
738.2930 15.114 127.747 -0.30242 0.39063 0.853 0.84785 17.0000 54.94 0.8873 0.8884 1.679336 
737.8545 15.118 127.755 -0.30251 0.39062 0.851 0.84768 17.0000 54.71 0.8872 0.8884 1.680334 
737.4160 15.126 127.752 -0.30260 0.39079 0.856 0.84747 17.0000 54.38 0.8873 0.8885 1.681333 
736.9773 15.127 127.754 -0.30262 0.39078 0.849 0.84736 17.0000 54.16 0.8873 0.8885 1.682334 
736.5386 15.132 127.753 -0.30261 0.39079 0.854 0.84706 17.0000 54.38 0.8873 0.8885 1.683336 
736.0997 15.133 127.757 -0.30268 0.39082 0.860 0.84708 17.0000 56.22 0.8873 0.8884 1.684340 
735.6608 15.141 127.755 -0.30272 0.39090 0.857 0.84666 17.0000 55.24 0.8872 0.8883 1.685344 
735.2218 15.146 127.757 -0.30284 0.39101 0.856 0.84661 17.0000 55.13 0.8873 0.8884 1.686351 
734.7827 15.146 127.770 -0.30284 0.39084 0.857 0.84641 17.0000 55.03 0.8871 0.8882 1.687359 
734.3434 15.153 127.755 -0.30285 0.39106 0.864 0.84626 17.0000 55.75 0.8870 0.8881 1.688368 
733.9041 15.160 127.746 -0.30289 0.39125 0.868 0.84609 17.0000 55.72 0.8868 0.8879 1.689379 
733.4647 15.160 127.750 -0.30293 0.39124 0.860 0.84610 17.0000 56.53 0.8867 0.8878 1.690391 
733.0252 15.161 127.775 -0.30315 0.39117 0.862 0.84612 17.0000 55.79 0.8868 0.8879 1.691404 
732.5856 15.173 127.758 -0.30329 0.39160 0.858 0.84604 17.0000 55.92 0.8869 0.8880 1.692419 
732.1459 15.175 127.767 -0.30336 0.39155 0.859 0.84591 17.0000 55.72 0.8868 0.8879 1.693436 
731.7061 15.173 127.770 -0.30322 0.39133 0.861 0.84566 17.0000 56.46 0.8867 0.8878 1.694453 
731.2662 15.176 127.773 -0.30336 0.39147 0.855 0.84576 17.0000 56.15 0.8869 0.8879 1.695473 
730.8262 15.178 127.768 -0.30331 0.39148 0.866 0.84560 17.0000 56.05 0.8869 0.8879 1.696494 
730.3861 15.173 127.799 -0.30332 0.39105 0.866 0.84537 17.0000 56.34 0.8869 0.8879 1.697516 
729.9459 15.177 127.793 -0.30325 0.39105 0.872 0.84499 17.0000 56.84 0.8869 0.8879 1.698539 
729.5057 15.178 127.790 -0.30317 0.39098 0.872 0.84478 17.0000 55.95 0.8870 0.8880 1.699564 
729.0653 15.186 127.771 -0.30319 0.39128 0.872 0.84467 17.0000 55.82 0.8871 0.8881 1.700591 
728.6248 15.182 127.776 -0.30315 0.39116 0.864 0.84472 17.0000 55.85 0.8870 0.8880 1.701619 
728.1843 15.181 127.783 -0.30310 0.39099 0.869 0.84451 17.0000 56.45 0.8868 0.8879 1.702648 
727.7436 15.182 127.793 -0.30309 0.39085 0.868 0.84425 17.0000 56.34 0.8868 0.8878 1.703680 
727.3028 15.180 127.808 -0.30316 0.39072 0.868 0.84427 17.0000 56.07 0.8868 0.8878 1.704712 
726.8619 15.188 127.775 -0.30307 0.39107 0.872 0.84413 17.0000 56.65 0.8867 0.8877 1.705746 
726.4210 15.186 127.775 -0.30298 0.39095 0.872 0.84398 17.0000 56.82 0.8866 0.8876 1.706781 
725.9799 15.189 127.773 -0.30300 0.39101 0.873 0.84388 17.0000 56.44 0.8867 0.8877 1.707818 
725.5388 15.194 127.754 -0.30283 0.39106 0.869 0.84342 17.0000 56.29 0.8866 0.8876 1.708857 
725.0975 15.203 127.733 -0.30274 0.39123 0.879 0.84294 17.0000 56.95 0.8868 0.8878 1.709897 
724.6561 15.207 127.721 -0.30270 0.39134 0.871 0.84283 17.0000 55.87 0.8870 0.8880 1.710938 
724.2147 15.206 127.723 -0.30257 0.39116 0.874 0.84248 17.0000 56.68 0.8871 0.8881 1.711981 
723.7732 15.208 127.715 -0.30258 0.39127 0.874 0.84254 17.0000 56.57 0.8872 0.8881 1.713025 
723.3315 15.208 127.715 -0.30255 0.39124 0.875 0.84245 17.0000 56.00 0.8872 0.8882 1.714072 
722.8898 15.215 127.686 -0.30246 0.39153 0.879 0.84225 17.0000 57.23 0.8873 0.8883 1.715119 
722.4479 15.217 127.675 -0.30238 0.39158 0.878 0.84209 17.0000 57.11 0.8873 0.8882 1.716168 
722.0060 15.219 127.665 -0.30227 0.39159 0.883 0.84190 17.0000 56.98 0.8873 0.8882 1.717218 
721.5640 15.230 127.636 -0.30225 0.39197 0.876 0.84160 17.0000 56.41 0.8875 0.8885 1.718270 
721.1218 15.236 127.637 -0.30230 0.39203 0.880 0.84137 17.0000 56.98 0.8876 0.8886 1.719324 
720.6796 15.240 127.640 -0.30239 0.39209 0.878 0.84124 17.0000 57.66 0.8877 0.8887 1.720379 
720.2373 15.243 127.637 -0.30241 0.39217 0.880 0.84122 17.0000 57.45 0.8879 0.8888 1.721435 
719.7949 15.242 127.645 -0.30244 0.39210 0.875 0.84122 17.0000 57.21 0.8879 0.8889 1.722493 
719.3524 15.248 127.620 -0.30240 0.39239 0.880 0.84117 17.0000 57.16 0.8882 0.8892 1.723553 
718.9097 15.249 127.611 -0.30240 0.39252 0.885 0.84128 17.0000 57.13 0.8884 0.8893 1.724614 
718.4670 15.249 127.597 -0.30230 0.39260 0.886 0.84126 17.0000 57.49 0.8885 0.8894 1.725677 
718.0242 15.261 127.571 -0.30234 0.39300 0.891 0.84102 17.0000 57.97 0.8886 0.8896 1.726741 
717.5813 15.267 127.564 -0.30230 0.39306 0.886 0.84066 17.0000 57.70 0.8887 0.8896 1.727807 
717.1383 15.273 127.546 -0.30224 0.39323 0.878 0.84042 17.0000 56.92 0.8887 0.8896 1.728874 
716.6952 15.277 127.537 -0.30217 0.39328 0.887 0.84017 17.0000 57.58 0.8888 0.8897 1.729943 
716.2520 15.284 127.522 -0.30215 0.39345 0.892 0.83989 17.0000 58.25 0.8889 0.8898 1.731013 
715.8087 15.293 127.491 -0.30202 0.39373 0.891 0.83956 17.0000 58.49 0.8888 0.8897 1.732086 
715.3653 15.301 127.476 -0.30206 0.39399 0.893 0.83937 17.0000 58.22 0.8890 0.8900 1.733159 
714.9218 15.306 127.483 -0.30219 0.39407 0.890 0.83928 17.0000 58.09 0.8892 0.8901 1.734234 
714.4782 15.314 127.465 -0.30221 0.39434 0.892 0.83913 17.0000 58.21 0.8893 0.8902 1.735311 
714.0345 15.325 127.428 -0.30218 0.39484 0.896 0.83905 17.0000 58.06 0.8893 0.8902 1.736389 
713.5907 15.332 127.419 -0.30236 0.39520 0.892 0.83928 17.0000 58.39 0.8896 0.8905 1.737469 
713.1469 15.337 127.400 -0.30229 0.39537 0.889 0.83910 17.0000 57.41 0.8896 0.8905 1.738550 
712.7028 15.342 127.382 -0.30225 0.39558 0.896 0.83897 17.0000 57.97 0.8897 0.8906 1.739634 
712.2588 15.351 127.363 -0.30234 0.39597 0.898 0.83899 17.0000 58.74 0.8900 0.8909 1.740718 
711.8146 15.361 127.343 -0.30232 0.39623 0.900 0.83864 17.0000 58.17 0.8901 0.8910 1.741805 
711.3703 15.371 127.311 -0.30223 0.39657 0.904 0.83834 17.0000 58.80 0.8903 0.8911 1.742892 
710.9259 15.381 127.281 -0.30218 0.39694 0.905 0.83816 17.0000 58.18 0.8903 0.8912 1.743982 
710.4814 15.387 127.268 -0.30220 0.39717 0.901 0.83808 17.0000 58.34 0.8904 0.8913 1.745073 
710.0369 15.396 127.256 -0.30237 0.39755 0.903 0.83812 17.0000 58.52 0.8905 0.8914 1.746165 
709.5922 15.404 127.243 -0.30239 0.39776 0.902 0.83789 17.0000 58.05 0.8906 0.8915 1.747260 
709.1474 15.416 127.232 -0.30255 0.39813 0.902 0.83779 17.0000 58.92 0.8909 0.8918 1.748356 
708.7026 15.424 127.215 -0.30257 0.39840 0.910 0.83764 17.0000 59.30 0.8910 0.8919 1.749453 
708.2576 15.434 127.194 -0.30257 0.39872 0.909 0.83738 17.0000 59.08 0.8911 0.8920 1.750552 
707.8125 15.443 127.181 -0.30259 0.39892 0.906 0.83705 17.0000 58.36 0.8912 0.8921 1.751653 
707.3674 15.452 127.151 -0.30252 0.39926 0.910 0.83685 17.0000 58.76 0.8914 0.8922 1.752755 
706.9221 15.462 127.132 -0.30256 0.39960 0.914 0.83671 17.0000 59.06 0.8915 0.8924 1.753859 
706.4767 15.471 127.104 -0.30263 0.40010 0.913 0.83681 17.0000 59.52 0.8917 0.8926 1.754965 
706.0313 15.481 127.074 -0.30263 0.40052 0.915 0.83671 17.0000 59.18 0.8917 0.8926 1.756072 
705.5857 15.492 127.061 -0.30272 0.40085 0.915 0.83653 17.0000 59.47 0.8920 0.8929 1.757181 
705.1401 15.502 127.053 -0.30286 0.40114 0.908 0.83638 17.0000 59.08 0.8922 0.8930 1.758292 
704.6943 15.514 127.035 -0.30299 0.40156 0.917 0.83626 17.0000 59.05 0.8924 0.8933 1.759404 
704.2484 15.522 127.019 -0.30302 0.40184 0.918 0.83617 17.0000 58.49 0.8924 0.8932 1.760518 
703.8025 15.527 127.012 -0.30312 0.40208 0.925 0.83622 17.0000 58.70 0.8923 0.8931 1.761633 
703.3564 15.539 126.979 -0.30305 0.40246 0.923 0.83592 17.0000 58.57 0.8923 0.8931 1.762751 
702.9103 15.551 126.967 -0.30322 0.40286 0.923 0.83578 17.0000 59.59 0.8925 0.8934 1.763869 
702.4641 15.564 126.936 -0.30319 0.40328 0.923 0.83546 17.0000 59.82 0.8927 0.8936 1.764990 
702.0177 15.577 126.915 -0.30327 0.40370 0.925 0.83522 17.0000 59.58 0.8929 0.8938 1.766112 
701.5712 15.587 126.900 -0.30342 0.40412 0.925 0.83531 17.0000 59.83 0.8932 0.8940 1.767236 
701.1247 15.600 126.880 -0.30355 0.40459 0.932 0.83517 17.0000 59.97 0.8934 0.8943 1.768361 
700.6780 15.612 126.870 -0.30373 0.40498 0.930 0.83509 17.0000 59.23 0.8936 0.8945 1.769489 
700.2313 15.623 126.853 -0.30389 0.40544 0.938 0.83512 17.0000 59.71 0.8938 0.8946 1.770618 
699.7844 15.634 126.838 -0.30403 0.40585 0.937 0.83507 17.0000 58.82 0.8940 0.8948 1.771748 
699.3375 15.647 126.823 -0.30417 0.40626 0.933 0.83490 17.0000 59.14 0.8942 0.8951 1.772881 
698.8904 15.657 126.809 -0.30437 0.40673 0.931 0.83509 17.0000 59.67 0.8945 0.8953 1.774015 
698.4433 15.668 126.790 -0.30452 0.40720 0.933 0.83507 17.0000 59.50 0.8947 0.8956 1.775150 
697.9961 15.685 126.760 -0.30468 0.40787 0.939 0.83505 17.0000 59.42 0.8951 0.8960 1.776288 
697.5488 15.695 126.741 -0.30477 0.40827 0.942 0.83501 17.0000 59.61 0.8953 0.8962 1.777427 
697.1013 15.704 126.720 -0.30475 0.40856 0.946 0.83477 17.0000 59.64 0.8954 0.8963 1.778568 
696.6537 15.715 126.702 -0.30487 0.40898 0.947 0.83469 17.0000 59.63 0.8956 0.8964 1.779711 
696.2061 15.727 126.669 -0.30488 0.40949 0.949 0.83460 17.0000 59.07 0.8957 0.8966 1.780855 
695.7584 15.738 126.657 -0.30500 0.40984 0.947 0.83444 17.0000 59.31 0.8959 0.8968 1.782001 
695.3105 15.748 126.630 -0.30506 0.41032 0.952 0.83452 17.0000 60.38 0.8961 0.8970 1.783149 
694.8626 15.759 126.608 -0.30517 0.41079 0.949 0.83447 17.0000 60.23 0.8965 0.8974 1.784298 
694.4146 15.768 126.595 -0.30528 0.41114 0.951 0.83446 17.0000 60.02 0.8968 0.8976 1.785449 
693.9664 15.779 126.584 -0.30545 0.41153 0.956 0.83443 17.0000 59.07 0.8970 0.8979 1.786602 
693.5182 15.796 126.565 -0.30570 0.41215 0.956 0.83437 17.0000 59.28 0.8973 0.8982 1.787757 
693.0699 15.809 126.558 -0.30593 0.41257 0.960 0.83430 17.0000 59.22 0.8975 0.8984 1.788913 
692.6215 15.821 126.543 -0.30608 0.41299 0.958 0.83422 17.0000 59.63 0.8977 0.8986 1.790071 
692.1729 15.831 126.523 -0.30616 0.41341 0.963 0.83418 17.0000 59.55 0.8978 0.8987 1.791231 
691.7243 15.843 126.506 -0.30625 0.41378 0.958 0.83393 17.0000 60.16 0.8981 0.8990 1.792393 
691.2756 15.857 126.486 -0.30638 0.41427 0.958 0.83381 17.0000 59.67 0.8984 0.8993 1.793557 
690.8267 15.867 126.466 -0.30643 0.41464 0.967 0.83369 17.0000 59.40 0.8986 0.8995 1.794722 
690.3778 15.881 126.440 -0.30652 0.41515 0.967 0.83353 17.0000 59.18 0.8989 0.8997 1.795889 
689.9288 15.891 126.429 -0.30665 0.41550 0.974 0.83345 17.0000 58.86 0.8991 0.9000 1.797058 
689.4797 15.904 126.410 -0.30683 0.41603 0.968 0.83347 17.0000 59.21 0.8995 0.9003 1.798228 
689.0304 15.913 126.388 -0.30682 0.41633 0.966 0.83327 17.0000 58.40 0.8996 0.9005 1.799401 
688.5811 15.925 126.369 -0.30690 0.41674 0.972 0.83313 17.0000 59.88 0.8999 0.9007 1.800575 
688.1317 15.933 126.352 -0.30696 0.41709 0.969 0.83311 17.0000 59.52 0.9001 0.9009 1.801751 
687.6821 15.943 126.343 -0.30715 0.41749 0.978 0.83311 17.0000 59.87 0.9003 0.9012 1.802929 
687.2325 15.957 126.309 -0.30720 0.41807 0.981 0.83303 17.0000 59.91 0.9005 0.9014 1.804108 
686.7828 15.966 126.293 -0.30725 0.41838 0.988 0.83290 17.0000 59.82 0.9006 0.9015 1.805290 
686.3329 15.978 126.281 -0.30738 0.41873 0.986 0.83273 17.0000 59.38 0.9008 0.9017 1.806473 
685.8830 15.989 126.267 -0.30750 0.41912 0.986 0.83257 17.0000 59.19 0.9010 0.9019 1.807658 
685.4330 16.006 126.253 -0.30770 0.41959 0.988 0.83228 17.0000 59.68 0.9012 0.9021 1.808845 
684.9828 16.019 126.238 -0.30783 0.42002 0.987 0.83214 17.0000 59.63 0.9016 0.9025 1.810034 
684.5327 16.026 126.231 -0.30792 0.42024 0.989 0.83205 17.0000 59.93 0.9016 0.9025 1.811224 
684.0823 16.036 126.212 -0.30799 0.42064 0.997 0.83200 17.0000 59.31 0.9017 0.9026 1.812416 
683.6319 16.046 126.194 -0.30805 0.42099 1.000 0.83185 17.0000 59.57 0.9018 0.9027 1.813610 
683.1813 16.055 126.176 -0.30804 0.42125 1.003 0.83161 17.0000 59.08 0.9019 0.9028 1.814807 
682.7307 16.069 126.143 -0.30802 0.42173 1.007 0.83130 17.0000 59.37 0.9021 0.9030 1.816004 
682.2800 16.078 126.137 -0.30808 0.42192 1.004 0.83104 17.0000 59.65 0.9022 0.9030 1.817204 
681.8292 16.089 126.115 -0.30804 0.42220 1.000 0.83065 17.0000 59.05 0.9024 0.9032 1.818405 
681.3782 16.100 126.099 -0.30808 0.42251 1.001 0.83035 17.0000 59.49 0.9026 0.9034 1.819609 
680.9272 16.107 126.083 -0.30811 0.42280 1.012 0.83028 17.0000 59.18 0.9027 0.9036 1.820814 
680.4761 16.116 126.062 -0.30813 0.42315 1.012 0.83019 17.0000 59.38 0.9028 0.9037 1.822021 
680.0248 16.123 126.044 -0.30811 0.42340 1.016 0.83003 17.0000 59.18 0.9029 0.9038 1.823230 
679.5735 16.133 126.028 -0.30820 0.42377 1.021 0.82995 17.0000 59.33 0.9031 0.9039 1.824441 
679.1221 16.140 126.014 -0.30818 0.42395 1.020 0.82969 17.0000 59.16 0.9032 0.9041 1.825654 
678.6705 16.147 126.002 -0.30822 0.42420 1.028 0.82964 17.0000 59.83 0.9033 0.9042 1.826869 
678.2189 16.155 125.986 -0.30829 0.42453 1.024 0.82958 17.0000 60.01 0.9034 0.9043 1.828085 
677.7672 16.163 125.956 -0.30817 0.42485 1.027 0.82936 17.0000 59.06 0.9035 0.9044 1.829303 
677.3154 16.172 125.938 -0.30821 0.42519 1.032 0.82931 17.0000 58.75 0.9036 0.9044 1.830524 
676.8634 16.180 125.921 -0.30830 0.42557 1.039 0.82933 17.0000 59.50 0.9038 0.9047 1.831746 
676.4114 16.184 125.908 -0.30825 0.42570 1.042 0.82918 17.0000 59.41 0.9039 0.9048 1.832970 
675.9592 16.191 125.885 -0.30820 0.42600 1.044 0.82914 17.0000 59.40 0.9041 0.9049 1.834196 
675.5070 16.197 125.862 -0.30817 0.42631 1.045 0.82908 17.0000 59.35 0.9043 0.9052 1.835424 
675.0547 16.203 125.853 -0.30813 0.42641 1.045 0.82877 17.0000 58.91 0.9044 0.9052 1.836654 
674.6022 16.208 125.836 -0.30807 0.42658 1.049 0.82861 17.0000 59.05 0.9045 0.9053 1.837886 
674.1497 16.215 125.827 -0.30811 0.42678 1.053 0.82847 17.0000 59.32 0.9046 0.9054 1.839120 
673.6971 16.219 125.811 -0.30804 0.42694 1.053 0.82837 17.0000 59.03 0.9047 0.9056 1.840355 
673.2443 16.225 125.805 -0.30817 0.42720 1.062 0.82841 17.0000 59.24 0.9050 0.9058 1.841593 
672.7915 16.229 125.795 -0.30813 0.42732 1.066 0.82827 17.0000 59.61 0.9052 0.9061 1.842832 
672.3386 16.236 125.773 -0.30805 0.42754 1.070 0.82805 17.0000 59.54 0.9055 0.9064 1.844074 
671.8855 16.240 125.753 -0.30797 0.42775 1.063 0.82798 17.0000 58.85 0.9057 0.9065 1.845317 
671.4324 16.244 125.735 -0.30791 0.42796 1.073 0.82792 17.0000 59.06 0.9059 0.9067 1.846563 
670.9791 16.250 125.722 -0.30798 0.42825 1.072 0.82801 17.0000 59.50 0.9060 0.9069 1.847810 
670.5258 16.255 125.707 -0.30797 0.42848 1.084 0.82799 17.0000 59.27 0.9063 0.9071 1.849059 
670.0723 16.261 125.698 -0.30806 0.42875 1.089 0.82802 17.0000 59.74 0.9066 0.9074 1.850311 
669.6188 16.266 125.683 -0.30808 0.42901 1.089 0.82802 17.0000 58.86 0.9069 0.9077 1.851564 
669.1651 16.270 125.668 -0.30796 0.42908 1.097 0.82777 17.0000 59.61 0.9070 0.9079 1.852819 
668.7114 16.275 125.658 -0.30796 0.42925 1.096 0.82764 17.0000 59.37 0.9072 0.9080 1.854076 
668.2575 16.281 125.646 -0.30799 0.42947 1.099 0.82762 17.0000 59.10 0.9072 0.9081 1.855336 
667.8035 16.286 125.630 -0.30802 0.42975 1.095 0.82762 17.0000 59.27 0.9074 0.9082 1.856597 
667.3495 16.292 125.611 -0.30800 0.43003 1.104 0.82760 17.0000 59.23 0.9075 0.9084 1.857860 
666.8953 16.298 125.600 -0.30805 0.43027 1.114 0.82759 17.0000 59.19 0.9078 0.9087 1.859125 
666.4411 16.306 125.577 -0.30799 0.43057 1.116 0.82741 17.0000 58.34 0.9082 0.9090 1.860392 
665.9868 16.312 125.563 -0.30809 0.43092 1.112 0.82754 17.0000 58.59 0.9085 0.9093 1.861661 
665.5323 16.319 125.542 -0.30811 0.43129 1.123 0.82762 17.0000 59.29 0.9088 0.9096 1.862933 
665.0777 16.324 125.527 -0.30814 0.43157 1.120 0.82767 17.0000 58.50 0.9090 0.9098 1.864206 
664.6230 16.329 125.504 -0.30807 0.43184 1.123 0.82759 17.0000 59.17 0.9092 0.9100 1.865482 
664.1683 16.337 125.484 -0.30806 0.43213 1.129 0.82746 17.0000 58.99 0.9094 0.9102 1.866759 
663.7134 16.342 125.476 -0.30810 0.43232 1.134 0.82742 17.0000 58.99 0.9096 0.9104 1.868038 
663.2584 16.347 125.452 -0.30801 0.43258 1.135 0.82737 17.0000 58.74 0.9098 0.9106 1.869319 
662.8034 16.352 125.432 -0.30796 0.43283 1.143 0.82733 17.0000 57.55 0.9100 0.9108 1.870603 
662.3482 16.359 125.420 -0.30802 0.43312 1.148 0.82731 17.0000 58.73 0.9104 0.9112 1.871888 
661.8929 16.364 125.402 -0.30803 0.43342 1.153 0.82733 17.0000 58.94 0.9106 0.9114 1.873176 
661.4376 16.369 125.378 -0.30793 0.43365 1.156 0.82723 17.0000 58.40 0.9109 0.9117 1.874465 
660.9821 16.375 125.358 -0.30789 0.43392 1.156 0.82715 17.0000 58.62 0.9111 0.9119 1.875757 
660.5265 16.379 125.342 -0.30788 0.43416 1.160 0.82721 17.0000 57.31 0.9112 0.9120 1.877051 
660.0708 16.383 125.333 -0.30790 0.43433 1.173 0.82722 17.0000 58.69 0.9113 0.9121 1.878347 
659.6151 16.389 125.319 -0.30798 0.43467 1.176 0.82732 17.0000 58.70 0.9117 0.9125 1.879644 
659.1592 16.396 125.300 -0.30804 0.43506 1.177 0.82743 17.0000 58.31 0.9120 0.9128 1.880945 
658.7032 16.402 125.290 -0.30808 0.43528 1.176 0.82738 17.0000 58.19 0.9123 0.9131 1.882247 
658.2471 16.405 125.270 -0.30809 0.43561 1.187 0.82760 17.0000 58.69 0.9126 0.9134 1.883551 
657.7909 16.409 125.257 -0.30809 0.43582 1.191 0.82759 17.0000 58.41 0.9131 0.9138 1.884857 
657.3346 16.413 125.250 -0.30820 0.43610 1.206 0.82780 17.0000 58.39 0.9132 0.9139 1.886166 
656.8782 16.421 125.240 -0.30829 0.43639 1.202 0.82777 17.0000 58.28 0.9133 0.9141 1.887476 
656.4218 16.426 125.228 -0.30831 0.43661 1.214 0.82772 17.0000 58.25 0.9134 0.9142 1.888788 
655.9651 16.431 125.216 -0.30832 0.43682 1.215 0.82770 17.0000 57.97 0.9136 0.9144 1.890103 
655.5084 16.435 125.194 -0.30828 0.43712 1.215 0.82773 17.0000 57.39 0.9140 0.9147 1.891420 
655.0516 16.439 125.181 -0.30826 0.43731 1.229 0.82773 17.0000 57.69 0.9143 0.9151 1.892739 
654.5947 16.442 125.170 -0.30824 0.43744 1.235 0.82771 17.0000 58.16 0.9146 0.9153 1.894060 
654.1377 16.446 125.156 -0.30823 0.43766 1.236 0.82771 17.0000 57.69 0.9148 0.9155 1.895384 
653.6806 16.448 125.145 -0.30822 0.43782 1.247 0.82775 17.0000 57.90 0.9150 0.9157 1.896709 
653.2234 16.453 125.124 -0.30815 0.43806 1.250 0.82768 17.0000 58.52 0.9153 0.9160 1.898037 
652.7661 16.457 125.114 -0.30817 0.43826 1.252 0.82774 17.0000 57.53 0.9156 0.9163 1.899366 
652.3087 16.460 125.097 -0.30811 0.43845 1.261 0.82769 17.0000 57.66 0.9159 0.9166 1.900698 
651.8511 16.464 125.081 -0.30803 0.43860 1.267 0.82759 17.0000 57.58 0.9161 0.9168 1.902032 
651.3936 16.468 125.064 -0.30804 0.43888 1.280 0.82767 17.0000 57.44 0.9164 0.9172 1.903368 
650.9358 16.474 125.054 -0.30811 0.43914 1.290 0.82771 17.0000 58.27 0.9166 0.9173 1.904707 
650.4780 16.481 125.042 -0.30819 0.43947 1.292 0.82776 17.0000 57.61 0.9169 0.9176 1.906047 
650.0201 16.488 125.025 -0.30820 0.43976 1.296 0.82768 17.0000 57.18 0.9172 0.9180 1.907390 
649.5620 16.492 125.016 -0.30819 0.43987 1.292 0.82756 17.0000 57.85 0.9175 0.9183 1.908735 
649.1039 16.497 125.003 -0.30817 0.44006 1.297 0.82747 17.0000 56.96 0.9180 0.9187 1.910082 
648.6457 16.500 124.978 -0.30803 0.44026 1.312 0.82738 17.0000 56.52 0.9183 0.9191 1.911432 
648.1873 16.506 124.966 -0.30808 0.44054 1.325 0.82739 17.0000 57.14 0.9187 0.9194 1.912783 
647.7289 16.509 124.949 -0.30802 0.44074 1.340 0.82741 17.0000 57.68 0.9190 0.9197 1.914137 
647.2703 16.514 124.937 -0.30806 0.44099 1.337 0.82744 17.0000 57.06 0.9192 0.9199 1.915493 
646.8117 16.518 124.910 -0.30791 0.44122 1.342 0.82735 17.0000 56.68 0.9195 0.9202 1.916851 
646.3530 16.521 124.893 -0.30786 0.44142 1.341 0.82736 17.0000 55.69 0.9198 0.9205 1.918212 
645.8941 16.525 124.881 -0.30786 0.44163 1.360 0.82741 17.0000 57.53 0.9202 0.9209 1.919575 
645.4351 16.528 124.865 -0.30784 0.44185 1.362 0.82744 17.0000 56.55 0.9204 0.9211 1.920940 
644.9761 16.534 124.858 -0.30791 0.44206 1.377 0.82741 17.0000 56.63 0.9206 0.9213 1.922307 
644.5169 16.536 124.829 -0.30774 0.44230 1.376 0.82742 17.0000 56.83 0.9211 0.9218 1.923676 
644.0577 16.542 124.801 -0.30765 0.44264 1.379 0.82744 17.0000 56.40 0.9213 0.9220 1.925048 
643.5983 16.544 124.780 -0.30758 0.44289 1.388 0.82756 17.0000 56.21 0.9217 0.9224 1.926422 
643.1389 16.549 124.766 -0.30759 0.44312 1.401 0.82751 17.0000 56.71 0.9219 0.9226 1.927798 
642.6793 16.552 124.751 -0.30753 0.44329 1.412 0.82749 17.0000 57.07 0.9222 0.9229 1.929177 
642.2196 16.555 124.729 -0.30744 0.44351 1.406 0.82749 17.0000 55.91 0.9226 0.9233 1.930558 
641.7598 16.561 124.705 -0.30737 0.44381 1.420 0.82743 17.0000 55.54 0.9229 0.9236 1.931941 
641.2999 16.566 124.685 -0.30737 0.44414 1.429 0.82752 17.0000 55.57 0.9233 0.9240 1.933326 
640.8400 16.574 124.665 -0.30736 0.44446 1.434 0.82742 17.0000 55.64 0.9236 0.9242 1.934714 
640.3799 16.578 124.640 -0.30725 0.44472 1.450 0.82743 17.0000 55.80 0.9237 0.9244 1.936104 
639.9197 16.585 124.618 -0.30726 0.44511 1.468 0.82746 17.0000 56.53 0.9241 0.9248 1.937496 
639.4594 16.588 124.601 -0.30722 0.44531 1.468 0.82748 17.0000 56.55 0.9244 0.9251 1.938891 
638.9990 16.590 124.578 -0.30704 0.44544 1.472 0.82740 17.0000 56.99 0.9249 0.9256 1.940288 
638.5385 16.593 124.556 -0.30697 0.44571 1.491 0.82745 17.0000 56.99 0.9251 0.9258 1.941687 
638.0779 16.595 124.537 -0.30681 0.44580 1.488 0.82732 17.0000 57.23 0.9256 0.9262 1.943089 
637.6172 16.598 124.518 -0.30671 0.44596 1.486 0.82726 17.0000 56.76 0.9259 0.9265 1.944493 
637.1564 16.603 124.500 -0.30667 0.44620 1.492 0.82722 17.0000 56.85 0.9265 0.9271 1.945899 
636.6954 16.606 124.486 -0.30667 0.44645 1.510 0.82729 17.0000 57.23 0.9267 0.9274 1.947308 
636.2344 16.612 124.455 -0.30657 0.44682 1.523 0.82731 17.0000 56.82 0.9269 0.9276 1.948719 
635.7733 16.616 124.434 -0.30647 0.44702 1.523 0.82724 17.0000 56.80 0.9272 0.9278 1.950132 
635.3121 16.616 124.409 -0.30626 0.44714 1.530 0.82720 17.0000 56.11 0.9275 0.9282 1.951548 
634.8508 16.622 124.377 -0.30614 0.44748 1.534 0.82716 17.0000 56.42 0.9279 0.9286 1.952966 
634.3893 16.624 124.358 -0.30611 0.44777 1.552 0.82734 17.0000 56.25 0.9280 0.9287 1.954387 
633.9278 16.636 124.336 -0.30619 0.44826 1.563 0.82733 17.0000 56.80 0.9279 0.9286 1.955809 
633.4662 16.648 124.312 -0.30626 0.44876 1.576 0.82725 17.0000 56.55 0.9282 0.9289 1.957235 
633.0044 16.654 124.292 -0.30626 0.44909 1.585 0.82726 17.0000 56.32 0.9284 0.9291 1.958662 
632.5425 16.657 124.276 -0.30623 0.44932 1.587 0.82733 17.0000 56.46 0.9282 0.9289 1.960093 
632.0806 16.659 124.257 -0.30611 0.44946 1.592 0.82730 17.0000 56.53 0.9287 0.9294 1.961525 
631.6186 16.655 124.241 -0.30585 0.44935 1.598 0.82720 17.0000 55.66 0.9285 0.9292 1.962960 
631.1564 16.658 124.228 -0.30582 0.44952 1.622 0.82720 17.0000 56.50 0.9293 0.9300 1.964397 
630.6942 16.654 124.196 -0.30551 0.44961 1.618 0.82730 17.0000 56.56 0.9308 0.9314 1.965837 
630.2318 16.651 124.166 -0.30527 0.44976 1.651 0.82748 17.0000 56.39 0.9321 0.9328 1.967279 
629.7693 16.640 124.141 -0.30490 0.44965 1.654 0.82766 17.0000 55.74 0.9334 0.9340 1.968724 
629.3068 16.647 124.111 -0.30481 0.45003 1.655 0.82766 17.0000 56.53 0.9339 0.9345 1.970171 
628.8441 16.641 124.085 -0.30447 0.44996 1.671 0.82767 17.0000 55.57 0.9342 0.9348 1.971620 
628.3813 16.654 124.064 -0.30461 0.45051 1.667 0.82762 17.0000 56.06 0.9343 0.9349 1.973073 
627.9184 16.665 124.034 -0.30457 0.45095 1.688 0.82747 17.0000 55.66 0.9351 0.9357 1.974527 
627.4554 16.680 124.031 -0.30479 0.45134 1.686 0.82721 17.0000 55.74 0.9344 0.9351 1.975984 
626.9923 16.682 124.005 -0.30463 0.45154 1.712 0.82721 17.0000 55.90 0.9338 0.9345 1.977444 
626.5291 16.675 123.991 -0.30432 0.45133 1.709 0.82713 17.0000 55.85 0.9330 0.9337 1.978905 
626.0658 16.671 123.973 -0.30418 0.45142 1.709 0.82737 17.0000 55.81 0.9346 0.9353 1.980370 
625.6024 16.672 123.958 -0.30410 0.45156 1.732 0.82738 17.0000 55.94 0.9355 0.9362 1.981837 
625.1389 16.674 123.983 -0.30435 0.45151 1.753 0.82739 17.0000 55.82 0.9364 0.9370 1.983306 
624.6753 16.686 123.986 -0.30452 0.45171 1.755 0.82709 17.0000 55.82 0.9352 0.9358 1.984778 
624.2115 16.676 123.989 -0.30429 0.45132 1.766 0.82704 17.0000 55.02 0.9367 0.9373 1.986253 
623.7477 16.672 123.987 -0.30414 0.45113 1.745 0.82690 17.0000 54.95 0.9391 0.9396 1.987730 
623.2838 16.692 123.995 -0.30480 0.45197 1.757 0.82728 17.0000 54.58 0.9401 0.9407 1.989209 
622.8198 16.697 123.969 -0.30487 0.45252 1.787 0.82770 17.0000 55.39 0.9429 0.9434 1.990691 
622.3557 16.690 123.867 -0.30417 0.45322 1.805 0.82844 17.0000 55.33 0.9462 0.9468 1.992176 
621.8914 16.685 123.768 -0.30340 0.45376 1.821 0.82879 17.0000 55.27 0.9490 0.9496 1.993663 
621.4271 16.677 123.666 -0.30254 0.45423 1.828 0.82914 17.0000 55.12 0.9503 0.9509 1.995153 
620.9626 16.662 123.545 -0.30127 0.45439 1.778 0.82920 17.0000 54.50 0.9514 0.9520 1.996645 
620.4980 16.640 123.436 -0.29985 0.45413 1.835 0.82908 17.0000 54.75 0.9509 0.9515 1.998140 
620.0334 16.637 123.326 -0.29882 0.45445 1.815 0.82882 17.0000 55.03 0.9527 0.9533 1.999637 
619.5687 16.646 123.208 -0.29794 0.45516 1.875 0.82840 17.0000 54.55 0.9537 0.9543 2.001137 
619.1038 16.639 123.110 -0.29689 0.45527 1.838 0.82812 17.0000 54.80 0.9560 0.9566 2.002640 
618.6388 16.624 123.017 -0.29581 0.45522 1.860 0.82813 17.0000 54.51 0.9587 0.9593 2.004145 
618.1737 16.621 122.914 -0.29485 0.45551 1.869 0.82784 17.0000 55.08 0.9607 0.9612 2.005653 
617.7086 16.608 122.813 -0.29366 0.45545 1.895 0.82762 17.0000 54.38 0.9632 0.9638 2.007163 
617.2433 16.597 122.718 -0.29255 0.45537 1.855 0.82732 17.0000 54.12 0.9648 0.9654 2.008676 
616.7779 16.593 122.630 -0.29167 0.45554 1.865 0.82702 17.0000 55.22 0.9668 0.9673 2.010192 
616.3124 16.584 122.556 -0.29079 0.45548 1.913 0.82678 17.0000 54.88 0.9679 0.9685 2.011710 
615.8468 16.567 122.490 -0.28984 0.45513 1.872 0.82666 17.0000 54.09 0.9694 0.9700 2.013231 
615.3810 16.562 122.405 -0.28892 0.45518 1.877 0.82625 17.0000 54.07 0.9714 0.9720 2.014755 
614.9153 16.546 122.339 -0.28795 0.45480 1.897 0.82602 17.0000 54.20 0.9732 0.9738 2.016281 
614.4493 16.533 122.272 -0.28707 0.45458 1.848 0.82579 17.0000 54.50 0.9750 0.9757 2.017810 
613.9833 16.523 122.220 -0.28633 0.45434 1.927 0.82552 17.0000 54.01 0.9764 0.9771 2.019341 
613.5172 16.515 122.163 -0.28561 0.45419 1.870 0.82521 17.0000 53.07 0.9781 0.9788 2.020875 
613.0510 16.512 122.113 -0.28504 0.45416 1.866 0.82489 17.0000 54.28 0.9793 0.9800 2.022412 
612.5847 16.507 122.069 -0.28445 0.45401 1.915 0.82455 17.0000 54.21 0.9806 0.9814 2.023952 
612.1182 16.504 122.029 -0.28395 0.45389 1.869 0.82415 17.0000 53.67 0.9817 0.9825 2.025494 
611.6517 16.500 121.989 -0.28339 0.45370 1.981 0.82372 17.0000 53.68 0.9826 0.9834 2.027039 
611.1850 16.499 121.954 -0.28297 0.45365 2.095 0.82339 17.0000 53.03 0.9831 0.9839 2.028587 
610.7183 16.496 121.924 -0.28254 0.45350 1.939 0.82302 17.0000 54.34 0.9835 0.9843 2.030137 
610.2514 16.495 121.895 -0.28218 0.45344 1.957 0.82273 17.0000 53.74 0.9839 0.9848 2.031690 
609.7844 16.493 121.866 -0.28174 0.45325 1.883 0.82225 17.0000 54.27 0.9841 0.9850 2.033246 
609.3173 16.494 121.845 -0.28148 0.45318 1.873 0.82185 17.0000 53.37 0.9844 0.9853 2.034805 
608.8502 16.501 121.825 -0.28129 0.45322 1.879 0.82133 17.0000 52.74 0.9843 0.9852 2.036366 
608.3829 16.503 121.815 -0.28110 0.45310 1.915 0.82087 17.0000 53.07 0.9839 0.9849 2.037930 
607.9155 16.510 121.804 -0.28096 0.45308 1.766 0.82033 17.0000 54.09 0.9836 0.9845 2.039497 
607.4480 16.517 121.798 -0.28090 0.45307 1.746 0.81983 17.0000 53.37 0.9831 0.9840 2.041067 
606.9804 16.524 121.795 -0.28085 0.45305 1.773 0.81934 17.0000 52.18 0.9824 0.9834 2.042639 
606.5127 16.534 121.789 -0.28087 0.45319 1.912 0.81886 17.0000 51.75 0.9818 0.9827 2.044214 
606.0449 16.543 121.795 -0.28095 0.45321 1.884 0.81838 17.0000 52.43 0.9808 0.9818 2.045792 
605.5770 16.551 121.809 -0.28108 0.45318 1.871 0.81795 17.0000 52.00 0.9801 0.9811 2.047373 
605.1089 16.564 121.819 -0.28123 0.45325 1.894 0.81739 17.0000 52.80 0.9790 0.9801 2.048957 
604.6408 16.576 121.819 -0.28131 0.45337 1.919 0.81688 17.0000 53.08 0.9782 0.9792 2.050543 
604.1726 16.593 121.836 -0.28163 0.45359 1.914 0.81635 17.0000 52.07 0.9769 0.9780 2.052132 
603.7042 16.610 121.855 -0.28200 0.45384 1.624 0.81589 17.0000 52.04 0.9757 0.9768 2.053724 
603.2358 16.627 121.881 -0.28243 0.45408 1.869 0.81550 17.0000 51.93 0.9744 0.9755 2.055319 
602.7673 16.643 121.906 -0.28279 0.45422 1.637 0.81501 17.0000 51.18 0.9730 0.9740 2.056916 
602.2986 16.656 121.930 -0.28313 0.45433 1.759 0.81459 17.0000 52.10 0.9713 0.9724 2.058517 
601.8298 16.671 121.961 -0.28356 0.45446 1.651 0.81416 17.0000 51.53 0.9700 0.9710 2.060121 
601.3610 16.687 121.991 -0.28398 0.45462 1.692 0.81373 17.0000 51.43 0.9682 0.9692 2.061726 
600.8920 16.704 122.023 -0.28447 0.45485 1.743 0.81338 17.0000 51.43 0.9666 0.9676 2.063336 
600.4229 16.722 122.057 -0.28497 0.45502 1.833 0.81287 17.0000 50.75 0.9646 0.9656 2.064948 
599.9537 16.743 122.096 -0.28554 0.45526 1.980 0.81238 17.0000 51.57 0.9628 0.9638 2.066563 
599.4844 16.765 122.137 -0.28623 0.45564 1.979 0.81204 17.0000 51.34 0.9607 0.9617 2.068181 
599.0150 16.790 122.180 -0.28693 0.45599 1.879 0.81152 17.0000 50.24 0.9587 0.9597 2.069801 
598.5455 16.811 122.219 -0.28755 0.45629 1.826 0.81109 17.0000 50.08 0.9564 0.9574 2.071425 
598.0759 16.834 122.257 -0.28820 0.45665 2.009 0.81066 17.0000 51.15 0.9544 0.9554 2.073051 
597.6062 16.853 122.303 -0.28884 0.45686 1.918 0.81025 17.0000 50.72 0.9524 0.9534 2.074680 
597.1364 16.878 122.348 -0.28959 0.45725 1.883 0.80982 17.0000 50.17 0.9503 0.9513 2.076313 
596.6664 16.907 122.395 -0.29045 0.45776 1.839 0.80942 17.0000 50.39 0.9480 0.9490 2.077948 
596.1964 16.930 122.451 -0.29128 0.45808 1.798 0.80904 17.0000 49.81 0.9456 0.9466 2.079586 
595.7263 16.955 122.504 -0.29209 0.45842 1.939 0.80859 17.0000 50.11 0.9436 0.9446 2.081227 
595.2560 16.975 122.557 -0.29282 0.45862 1.918 0.80824 17.0000 49.69 0.9420 0.9430 2.082872 
594.7857 16.990 122.614 -0.29352 0.45871 1.921 0.80797 17.0000 49.94 0.9400 0.9410 2.084519 
594.3152 17.009 122.666 -0.29424 0.45893 1.928 0.80766 17.0000 49.61 0.9382 0.9392 2.086169 
593.8447 17.030 122.715 -0.29500 0.45926 1.919 0.80743 17.0000 49.59 0.9369 0.9379 2.087822 
593.3740 17.051 122.762 -0.29574 0.45958 1.900 0.80716 17.0000 49.44 0.9350 0.9360 2.089478 
592.9032 17.080 122.806 -0.29669 0.46026 1.926 0.80699 17.0000 49.94 0.9339 0.9349 2.091137 
592.4323 17.104 122.849 -0.29751 0.46077 1.905 0.80678 17.0000 48.68 0.9319 0.9329 2.092799 
591.9613 17.137 122.901 -0.29856 0.46148 1.901 0.80655 17.0000 48.59 0.9294 0.9304 2.094464 
591.4902 17.169 122.946 -0.29950 0.46215 1.882 0.80615 17.0000 48.41 0.9268 0.9279 2.096133 
591.0190 17.209 122.988 -0.30059 0.46307 1.859 0.80572 17.0000 48.37 0.9243 0.9254 2.097804 
590.5477 17.232 123.034 -0.30140 0.46352 1.864 0.80552 17.0000 48.05 0.9225 0.9235 2.099478 
590.0763 17.271 123.076 -0.30250 0.46447 1.857 0.80525 17.0000 48.31 0.9209 0.9219 2.101155 
589.6048 17.286 123.118 -0.30315 0.46471 1.868 0.80516 17.0000 47.93 0.9197 0.9207 2.102836 
589.1331 17.307 123.155 -0.30383 0.46510 1.820 0.80491 17.0000 47.82 0.9178 0.9189 2.104519 
588.6614 17.317 123.160 -0.30411 0.46544 1.825 0.80490 17.0000 48.16 0.9177 0.9187 2.106206 
588.1896 17.337 123.186 -0.30473 0.46592 1.822 0.80482 17.0000 48.31 0.9180 0.9190 2.107895 
587.7176 17.366 123.203 -0.30555 0.46688 1.817 0.80489 17.0000 46.34 0.9189 0.9199 2.109588 
587.2455 17.394 123.209 -0.30617 0.46771 1.775 0.80467 17.0000 46.30 0.9178 0.9188 2.111284 
586.7734 17.415 123.202 -0.30661 0.46851 1.782 0.80473 17.0000 47.40 0.9175 0.9185 2.112983 
586.3011 17.431 123.143 -0.30651 0.46940 1.769 0.80474 17.0000 47.56 0.9176 0.9185 2.114685 
585.8287 17.434 123.087 -0.30629 0.47008 1.799 0.80520 17.0000 47.87 0.9200 0.9209 2.116390 
585.3563 17.458 123.005 -0.30622 0.47146 1.749 0.80539 17.0000 46.92 0.9201 0.9210 2.118098 
584.8837 17.479 122.911 -0.30604 0.47286 1.735 0.80568 17.0000 46.15 0.9196 0.9206 2.119809 
584.4109 17.471 122.793 -0.30484 0.47315 1.728 0.80556 17.0000 46.01 0.9205 0.9214 2.121524 
583.9382 17.473 122.683 -0.30389 0.47367 1.721 0.80534 17.0000 46.02 0.9197 0.9207 2.123242 
583.4652 17.485 122.636 -0.30350 0.47391 1.708 0.80460 17.0000 46.40 0.9183 0.9192 2.124963 
582.9922 17.495 122.580 -0.30306 0.47425 1.692 0.80406 17.0000 46.04 0.9170 0.9180 2.126687 
582.5191 17.506 122.527 -0.30264 0.47455 1.670 0.80344 17.0000 46.15 0.9172 0.9180 2.128414 
582.0458 17.521 122.498 -0.30257 0.47498 1.670 0.80304 17.0000 45.30 0.9179 0.9188 2.130145 
581.5725 17.541 122.468 -0.30273 0.47577 1.659 0.80289 17.0000 45.59 0.9204 0.9212 2.131878 
581.0991 17.546 122.439 -0.30251 0.47596 1.642 0.80266 17.0000 45.13 0.9209 0.9217 2.133615 
580.6255 17.536 122.426 -0.30223 0.47576 1.629 0.80282 17.0000 45.46 0.9222 0.9230 2.135356 
580.1519 17.540 122.390 -0.30199 0.47604 1.612 0.80270 17.0000 44.76 0.9225 0.9233 2.137099 
579.6780 17.552 122.356 -0.30179 0.47634 1.593 0.80222 17.0000 44.64 0.9224 0.9232 2.138846 
579.2042 17.551 122.330 -0.30149 0.47635 1.599 0.80208 17.0000 45.31 0.9230 0.9237 2.140595 
578.7302 17.561 122.308 -0.30147 0.47673 1.589 0.80192 17.0000 44.89 0.9228 0.9236 2.142349 
578.2561 17.566 122.292 -0.30142 0.47694 1.571 0.80182 17.0000 44.43 0.9233 0.9242 2.144105 
577.7819 17.564 122.269 -0.30110 0.47687 1.556 0.80164 17.0000 44.50 0.9237 0.9245 2.145865 
577.3076 17.565 122.241 -0.30085 0.47699 1.542 0.80150 17.0000 44.61 0.9248 0.9256 2.147628 
576.8332 17.579 122.212 -0.30077 0.47741 1.525 0.80115 17.0000 43.55 0.9256 0.9264 2.149394 
576.3586 17.579 122.200 -0.30067 0.47746 1.508 0.80111 17.0000 43.46 0.9258 0.9266 2.151164 
575.8840 17.591 122.182 -0.30072 0.47788 1.497 0.80094 17.0000 44.43 0.9261 0.9270 2.152937 
575.4093 17.602 122.163 -0.30071 0.47820 1.495 0.80064 17.0000 44.29 0.9263 0.9271 2.154713 
574.9344 17.613 122.139 -0.30066 0.47856 1.478 0.80043 17.0000 43.45 0.9266 0.9274 2.156493 
574.4595 17.621 122.123 -0.30062 0.47879 1.476 0.80019 17.0000 43.73 0.9264 0.9273 2.158276 
573.9844 17.626 122.101 -0.30045 0.47893 1.453 0.79993 17.0000 43.25 0.9266 0.9275 2.160062 
573.5092 17.633 122.077 -0.30032 0.47918 1.443 0.79973 17.0000 43.92 0.9267 0.9275 2.161852 
573.0339 17.641 122.055 -0.30020 0.47940 1.440 0.79943 17.0000 43.10 0.9267 0.9276 2.163645 
572.5586 17.648 122.035 -0.30014 0.47968 1.417 0.79926 17.0000 43.11 0.9267 0.9275 2.165441 
572.0831 17.657 122.015 -0.30003 0.47986 1.398 0.79892 17.0000 43.04 0.9269 0.9277 2.167241 
571.6075 17.665 121.991 -0.29994 0.48016 1.390 0.79867 17.0000 42.69 0.9270 0.9279 2.169044 
571.1318 17.677 121.978 -0.29998 0.48048 1.390 0.79841 17.0000 41.95 0.9272 0.9280 2.170851 
570.6559 17.687 121.962 -0.29998 0.48079 1.371 0.79821 17.0000 42.43 0.9272 0.9280 2.172661 
570.1801 17.696 121.947 -0.29994 0.48100 1.351 0.79787 17.0000 42.21 0.9270 0.9279 2.174474 
569.7040 17.701 121.930 -0.29983 0.48114 1.343 0.79770 17.0000 41.45 0.9272 0.9280 2.176291 
569.2278 17.711 121.917 -0.29991 0.48150 1.340 0.79755 17.0000 42.04 0.9274 0.9283 2.178112 
568.7516 17.719 121.901 -0.29988 0.48174 1.323 0.79734 17.0000 41.39 0.9275 0.9283 2.179936 
568.2753 17.727 121.886 -0.29984 0.48198 1.307 0.79715 17.0000 41.05 0.9276 0.9285 2.181763 
567.7988 17.736 121.862 -0.29976 0.48229 1.295 0.79695 17.0000 41.21 0.9278 0.9287 2.183594 
567.3222 17.740 121.844 -0.29966 0.48247 1.292 0.79684 17.0000 41.42 0.9281 0.9290 2.185428 
566.8455 17.749 121.823 -0.29963 0.48282 1.282 0.79672 17.0000 40.80 0.9283 0.9291 2.187266 
566.3687 17.757 121.802 -0.29957 0.48313 1.274 0.79658 17.0000 41.18 0.9282 0.9291 2.189107 
565.8918 17.765 121.787 -0.29956 0.48339 1.250 0.79637 17.0000 40.61 0.9284 0.9292 2.190952 
565.4149 17.775 121.774 -0.29963 0.48374 1.249 0.79624 17.0000 40.52 0.9284 0.9293 2.192800 
564.9377 17.781 121.753 -0.29954 0.48400 1.238 0.79616 17.0000 40.89 0.9285 0.9294 2.194653 
564.4605 17.786 121.732 -0.29941 0.48418 1.230 0.79598 17.0000 40.47 0.9285 0.9294 2.196508 
563.9832 17.790 121.707 -0.29920 0.48432 1.222 0.79577 17.0000 40.08 0.9286 0.9294 2.198367 
563.5057 17.795 121.688 -0.29913 0.48456 1.198 0.79570 17.0000 39.36 0.9285 0.9293 2.200230 
563.0282 17.800 121.672 -0.29905 0.48475 1.194 0.79557 17.0000 39.73 0.9285 0.9294 2.202096 
562.5505 17.809 121.648 -0.29896 0.48504 1.180 0.79533 17.0000 39.19 0.9285 0.9294 2.203966 
562.0728 17.815 121.629 -0.29887 0.48526 1.189 0.79518 17.0000 40.00 0.9285 0.9294 2.205839 
561.5948 17.822 121.609 -0.29877 0.48548 1.165 0.79498 17.0000 39.29 0.9285 0.9294 2.207716 
561.1169 17.829 121.586 -0.29867 0.48575 1.158 0.79477 17.0000 38.90 0.9284 0.9293 2.209597 
560.6388 17.835 121.561 -0.29855 0.48602 1.144 0.79467 17.0000 39.17 0.9284 0.9293 2.211481 
560.1606 17.841 121.536 -0.29840 0.48625 1.144 0.79449 17.0000 38.94 0.9285 0.9293 2.213369 
559.6823 17.844 121.514 -0.29826 0.48646 1.135 0.79445 17.0000 39.28 0.9285 0.9293 2.215260 
559.2039 17.849 121.491 -0.29812 0.48665 1.124 0.79430 17.0000 38.95 0.9283 0.9292 2.217155 
558.7253 17.852 121.466 -0.29792 0.48682 1.114 0.79415 17.0000 39.17 0.9282 0.9291 2.219055 
558.2467 17.860 121.447 -0.29789 0.48712 1.105 0.79402 17.0000 38.15 0.9282 0.9291 2.220957 
557.7679 17.867 121.429 -0.29787 0.48744 1.097 0.79397 17.0000 38.21 0.9282 0.9291 2.222864 
557.2891 17.874 121.403 -0.29771 0.48767 1.090 0.79375 17.0000 38.19 0.9282 0.9291 2.224773 
556.8102 17.878 121.380 -0.29755 0.48785 1.084 0.79361 17.0000 37.93 0.9282 0.9290 2.226687 
556.3311 17.884 121.356 -0.29744 0.48812 1.064 0.79351 17.0000 36.90 0.9283 0.9291 2.228604 
555.8519 17.888 121.344 -0.29740 0.48831 1.072 0.79342 17.0000 37.63 0.9282 0.9291 2.230525 
555.3726 17.893 121.318 -0.29723 0.48851 1.057 0.79325 17.0000 37.21 0.9282 0.9291 2.232451 
554.8932 17.899 121.294 -0.29710 0.48877 1.052 0.79315 17.0000 37.72 0.9283 0.9291 2.234379 
554.4137 17.904 121.264 -0.29688 0.48898 1.043 0.79297 17.0000 37.30 0.9283 0.9291 2.236312 
553.9341 17.910 121.236 -0.29674 0.48929 1.040 0.79285 17.0000 37.68 0.9283 0.9292 2.238248 
553.4543 17.915 121.212 -0.29660 0.48950 1.032 0.79271 17.0000 36.39 0.9283 0.9291 2.240188 
552.9745 17.918 121.181 -0.29636 0.48972 1.019 0.79261 17.0000 36.47 0.9284 0.9293 2.242132 
552.4946 17.922 121.157 -0.29618 0.48990 1.013 0.79249 17.0000 36.20 0.9286 0.9294 2.244080 
552.0145 17.925 121.136 -0.29608 0.49013 1.010 0.79252 17.0000 36.11 0.9288 0.9296 2.246031 
551.5344 17.929 121.113 -0.29598 0.49041 1.003 0.79250 17.0000 36.27 0.9288 0.9297 2.247986 
551.0541 17.932 121.091 -0.29582 0.49056 0.997 0.79244 17.0000 36.43 0.9289 0.9298 2.249946 
550.5737 17.936 121.068 -0.29567 0.49076 0.986 0.79231 17.0000 35.92 0.9291 0.9299 2.251909 
550.0933 17.940 121.041 -0.29553 0.49105 0.984 0.79228 17.0000 36.49 0.9292 0.9301 2.253876 
549.6127 17.942 121.021 -0.29541 0.49123 0.980 0.79232 17.0000 36.43 0.9295 0.9303 2.255847 
549.1320 17.945 121.000 -0.29527 0.49142 0.970 0.79229 17.0000 35.45 0.9297 0.9306 2.257821 
548.6511 17.947 120.973 -0.29509 0.49164 0.965 0.79228 17.0000 34.98 0.9300 0.9309 2.259800 
548.1702 17.950 120.941 -0.29489 0.49193 0.955 0.79230 17.0000 35.19 0.9303 0.9311 2.261783 
547.6891 17.953 120.914 -0.29470 0.49213 0.945 0.79227 17.0000 34.74 0.9306 0.9314 2.263770 
547.2080 17.955 120.888 -0.29449 0.49229 0.948 0.79219 17.0000 34.77 0.9308 0.9316 2.265760 
546.7267 17.958 120.865 -0.29435 0.49250 0.941 0.79217 17.0000 35.34 0.9311 0.9319 2.267755 
546.2454 17.960 120.844 -0.29419 0.49264 0.934 0.79206 17.0000 34.47 0.9313 0.9321 2.269752 
545.7639 17.963 120.822 -0.29404 0.49283 0.926 0.79202 17.0000 33.95 0.9316 0.9324 2.271755 
545.2823 17.964 120.799 -0.29388 0.49301 0.923 0.79207 17.0000 34.38 0.9318 0.9326 2.273762 
544.8007 17.964 120.771 -0.29367 0.49319 0.921 0.79214 17.0000 33.59 0.9321 0.9329 2.275771 
544.3188 17.965 120.739 -0.29345 0.49345 0.916 0.79222 17.0000 33.63 0.9324 0.9333 2.277786 
543.8369 17.966 120.716 -0.29326 0.49361 0.907 0.79221 17.0000 33.60 0.9328 0.9336 2.279805 
543.3549 17.967 120.688 -0.29307 0.49383 0.892 0.79230 17.0000 32.95 0.9332 0.9340 2.281827 
542.8728 17.965 120.664 -0.29285 0.49393 0.895 0.79238 17.0000 33.10 0.9336 0.9344 2.283853 
542.3905 17.963 120.641 -0.29265 0.49403 0.889 0.79245 17.0000 33.07 0.9338 0.9346 2.285884 
541.9082 17.965 120.611 -0.29242 0.49424 0.882 0.79246 17.0000 32.75 0.9340 0.9349 2.287919 
541.4257 17.966 120.580 -0.29222 0.49450 0.882 0.79255 17.0000 32.49 0.9344 0.9352 2.289958 
540.9431 17.967 120.549 -0.29196 0.49468 0.873 0.79254 17.0000 31.99 0.9348 0.9357 2.292001 
540.4604 17.966 120.527 -0.29176 0.49477 0.868 0.79255 17.0000 32.18 0.9352 0.9360 2.294048 
539.9777 17.968 120.499 -0.29161 0.49508 0.878 0.79270 17.0000 32.64 0.9356 0.9364 2.296098 
539.4948 17.970 120.470 -0.29146 0.49539 0.864 0.79287 17.0000 31.92 0.9360 0.9369 2.298154 
539.0118 17.972 120.436 -0.29121 0.49563 0.858 0.79282 17.0000 31.67 0.9365 0.9373 2.300213 
538.5286 17.972 120.410 -0.29100 0.49579 0.853 0.79291 17.0000 31.06 0.9369 0.9378 2.302277 
538.0454 17.971 120.391 -0.29084 0.49591 0.851 0.79300 17.0000 30.86 0.9373 0.9382 2.304344 
537.5621 17.971 120.363 -0.29065 0.49612 0.841 0.79309 17.0000 30.77 0.9377 0.9386 2.306416 
537.0786 17.971 120.329 -0.29039 0.49638 0.834 0.79323 17.0000 30.41 0.9380 0.9389 2.308492 
536.5950 17.972 120.303 -0.29021 0.49657 0.832 0.79328 17.0000 30.04 0.9385 0.9394 2.310573 
536.1114 17.973 120.275 -0.29004 0.49684 0.838 0.79343 17.0000 30.44 0.9387 0.9397 2.312657 
535.6276 17.973 120.252 -0.28989 0.49704 0.828 0.79353 17.0000 29.36 0.9390 0.9399 2.314746 
535.1437 17.975 120.222 -0.28971 0.49732 0.825 0.79361 17.0000 29.51 0.9395 0.9404 2.316839 
534.6597 17.978 120.194 -0.28955 0.49761 0.819 0.79372 17.0000 29.57 0.9396 0.9406 2.318936 
534.1756 17.980 120.170 -0.28944 0.49790 0.813 0.79386 17.0000 28.73 0.9400 0.9409 2.321038 
533.6913 17.979 120.141 -0.28921 0.49810 0.808 0.79398 17.0000 28.15 0.9403 0.9412 2.323144 
533.2070 17.980 120.110 -0.28900 0.49835 0.807 0.79408 17.0000 28.23 0.9406 0.9416 2.325254 
532.7226 17.983 120.082 -0.28882 0.49861 0.806 0.79411 17.0000 27.81 0.9410 0.9419 2.327369 
532.2380 17.984 120.046 -0.28858 0.49891 0.800 0.79422 17.0000 27.63 0.9412 0.9422 2.329488 
531.7534 17.987 120.021 -0.28849 0.49926 0.796 0.79440 17.0000 27.58 0.9416 0.9426 2.331611 
531.2686 17.990 119.994 -0.28834 0.49954 0.794 0.79444 17.0000 27.50 0.9418 0.9428 2.333738 
530.7837 17.995 119.963 -0.28821 0.49994 0.793 0.79455 17.0000 26.95 0.9422 0.9432 2.335870 
530.2987 18.002 119.931 -0.28806 0.50032 0.788 0.79450 17.0000 26.12 0.9424 0.9434 2.338007 
529.8136 18.005 119.901 -0.28788 0.50063 0.787 0.79455 17.0000 26.61 0.9428 0.9437 2.340147 
529.3284 18.010 119.868 -0.28772 0.50100 0.779 0.79461 17.0000 25.91 0.9429 0.9439 2.342292 
528.8430 18.013 119.836 -0.28756 0.50138 0.782 0.79479 17.0000 25.97 0.9431 0.9441 2.344442 
528.3576 18.021 119.801 -0.28745 0.50190 0.779 0.79483 17.0000 25.78 0.9433 0.9443 2.346596 
527.8720 18.026 119.770 -0.28731 0.50229 0.772 0.79492 17.0000 25.29 0.9435 0.9445 2.348755 
527.3864 18.032 119.732 -0.28709 0.50265 0.772 0.79487 17.0000 25.05 0.9436 0.9446 2.350917 
526.9006 18.038 119.701 -0.28694 0.50303 0.765 0.79487 17.0000 24.65 0.9438 0.9448 2.353085 
526.4147 18.046 119.673 -0.28681 0.50338 0.760 0.79476 17.0000 23.99 0.9440 0.9450 2.355257 
525.9287 18.053 119.640 -0.28669 0.50383 0.757 0.79476 17.0000 23.90 0.9442 0.9453 2.357433 
525.4426 18.060 119.608 -0.28654 0.50425 0.764 0.79477 17.0000 24.19 0.9443 0.9454 2.359614 
524.9564 18.064 119.574 -0.28630 0.50451 0.757 0.79468 17.0000 23.37 0.9443 0.9454 2.361800 
524.4700 18.073 119.541 -0.28615 0.50493 0.756 0.79454 17.0000 22.98 0.9443 0.9454 2.363990 
523.9836 18.081 119.512 -0.28608 0.50540 0.750 0.79460 17.0000 22.64 0.9445 0.9456 2.366185 
523.4971 18.091 119.478 -0.28597 0.50589 0.745 0.79454 17.0000 22.54 0.9447 0.9458 2.368384 
523.0104 18.099 119.442 -0.28579 0.50632 0.744 0.79446 17.0000 22.02 0.9447 0.9458 2.370588 
522.5236 18.107 119.411 -0.28567 0.50674 0.743 0.79438 17.0000 21.63 0.9446 0.9457 2.372796 
522.0367 18.119 119.378 -0.28557 0.50726 0.739 0.79424 17.0000 21.50 0.9446 0.9458 2.375009 
521.5497 18.130 119.343 -0.28543 0.50774 0.732 0.79411 17.0000 21.14 0.9448 0.9459 2.377227 
521.0626 18.135 119.319 -0.28531 0.50801 0.731 0.79403 17.0000 20.80 0.9449 0.9460 2.379449 
520.5754 18.146 119.291 -0.28520 0.50841 0.733 0.79382 17.0000 20.95 0.9449 0.9460 2.381676 
520.0881 18.157 119.260 -0.28512 0.50892 0.732 0.79371 17.0000 20.76 0.9450 0.9461 2.383908 
519.6006 18.169 119.225 -0.28500 0.50942 0.725 0.79353 17.0000 20.49 0.9451 0.9463 2.386144 
519.1131 18.178 119.195 -0.28490 0.50988 0.726 0.79349 17.0000 20.32 0.9452 0.9464 2.388385 
518.6254 18.191 119.164 -0.28485 0.51042 0.721 0.79335 17.0000 19.67 0.9453 0.9464 2.390631 
518.1377 18.199 119.136 -0.28473 0.51079 0.722 0.79325 17.0000 19.60 0.9450 0.9462 2.392881 
517.6498 18.208 119.098 -0.28455 0.51127 0.714 0.79316 17.0000 18.94 0.9451 0.9462 2.395137 
517.1618 18.211 119.076 -0.28441 0.51149 0.712 0.79319 17.0000 18.81 0.9450 0.9461 2.397397 
516.6737 18.221 119.049 -0.28435 0.51196 0.707 0.79312 17.0000 18.50 0.9451 0.9462 2.399661 
516.1855 18.231 119.014 -0.28425 0.51251 0.711 0.79311 17.0000 18.34 0.9450 0.9462 2.401931 
515.6971 18.241 118.974 -0.28409 0.51306 0.708 0.79309 17.0000 18.33 0.9451 0.9463 2.404206 
515.2087 18.249 118.939 -0.28392 0.51349 0.704 0.79299 17.0000 18.11 0.9452 0.9464 2.406485 
514.7202 18.259 118.904 -0.28379 0.51400 0.700 0.79293 17.0000 17.93 0.9454 0.9466 2.408769 
514.2314 18.267 118.877 -0.28375 0.51450 0.697 0.79305 17.0000 17.56 0.9455 0.9467 2.411058 
513.7427 18.273 118.845 -0.28357 0.51486 0.703 0.79302 17.0000 17.60 0.9456 0.9468 2.413352 
513.2538 18.285 118.816 -0.28355 0.51543 0.697 0.79300 17.0000 17.18 0.9458 0.9470 2.415651 
512.7648 18.291 118.784 -0.28338 0.51580 0.699 0.79299 17.0000 17.16 0.9457 0.9469 2.417955 
512.2757 18.295 118.756 -0.28319 0.51604 0.700 0.79288 17.0000 17.10 0.9457 0.9469 2.420263 
511.7864 18.307 118.718 -0.28301 0.51654 0.694 0.79269 17.0000 16.92 0.9458 0.9471 2.422577 
511.2971 18.315 118.680 -0.28278 0.51694 0.695 0.79255 17.0000 17.00 0.9458 0.9470 2.424895 
510.8076 18.324 118.643 -0.28254 0.51728 0.685 0.79226 17.0000 16.46 0.9457 0.9470 2.427219 
510.3181 18.328 118.602 -0.28228 0.51770 0.692 0.79237 17.0000 16.05 0.9457 0.9470 2.429547 
509.8284 18.328 118.571 -0.28202 0.51788 0.692 0.79237 17.0000 15.89 0.9455 0.9468 2.431881 
509.3386 18.329 118.542 -0.28176 0.51803 0.683 0.79236 17.0000 15.89 0.9452 0.9465 2.434219 
508.8488 18.334 118.504 -0.28147 0.51830 0.677 0.79222 17.0000 15.53 0.9452 0.9465 2.436563 
508.3587 18.341 118.470 -0.28125 0.51863 0.679 0.79203 17.0000 15.76 0.9450 0.9463 2.438912 
507.8686 18.345 118.433 -0.28096 0.51891 0.684 0.79192 17.0000 15.58 0.9449 0.9462 2.441265 
507.3784 18.348 118.392 -0.28061 0.51914 0.688 0.79184 17.0000 15.39 0.9448 0.9462 2.443624 
506.8880 18.348 118.357 -0.28021 0.51916 0.678 0.79161 17.0000 14.72 0.9445 0.9459 2.445988 
506.3976 18.351 118.315 -0.27982 0.51936 0.677 0.79138 17.0000 14.64 0.9444 0.9458 2.448357 
505.9070 18.349 118.268 -0.27934 0.51949 0.671 0.79138 17.0000 14.34 0.9441 0.9455 2.450731 
505.4163 18.354 118.224 -0.27897 0.51975 0.674 0.79118 17.0000 14.19 0.9442 0.9456 2.453110 
504.9255 18.359 118.182 -0.27864 0.52004 0.670 0.79102 17.0000 14.21 0.9444 0.9458 2.455495 
504.4346 18.363 118.144 -0.27830 0.52026 0.676 0.79084 17.0000 14.27 0.9441 0.9455 2.457884 
503.9436 18.362 118.112 -0.27796 0.52031 0.675 0.79071 17.0000 14.01 0.9437 0.9451 2.460279 
503.4525 18.357 118.070 -0.27748 0.52033 0.672 0.79071 17.0000 13.88 0.9433 0.9447 2.462679 
502.9612 18.357 118.030 -0.27704 0.52038 0.670 0.79051 17.0000 13.67 0.9432 0.9446 2.465085 
502.4698 18.356 117.990 -0.27666 0.52053 0.675 0.79048 17.0000 13.92 0.9429 0.9443 2.467495 
501.9784 18.357 117.946 -0.27622 0.52068 0.678 0.79036 17.0000 13.80 0.9429 0.9443 2.469911 
501.4868 18.355 117.907 -0.27579 0.52070 0.681 0.79023 17.0000 13.89 0.9429 0.9443 2.472332 
500.9951 18.354 117.869 -0.27539 0.52079 0.676 0.79011 17.0000 13.45 0.9426 0.9440 2.474759 
500.5033 18.354 117.827 -0.27501 0.52103 0.659 0.79015 17.0000 12.87 0.9424 0.9439 2.477190 
500.0114 18.354 117.785 -0.27457 0.52111 0.664 0.78997 17.0000 12.97 0.9424 0.9438 2.479627 
499.5193 18.355 117.737 -0.27408 0.52122 0.675 0.78978 17.0000 13.38 0.9423 0.9437 2.482070 
499.0272 18.352 117.693 -0.27356 0.52120 0.674 0.78961 17.0000 12.77 0.9419 0.9434 2.484518 
498.5349 18.348 117.649 -0.27308 0.52127 0.665 0.78961 17.0000 12.41 0.9417 0.9432 2.486971 
498.0426 18.345 117.604 -0.27260 0.52135 0.660 0.78956 17.0000 12.11 0.9417 0.9431 2.489429 
497.5501 18.344 117.556 -0.27211 0.52147 0.653 0.78945 17.0000 11.70 0.9413 0.9428 2.491894 
497.0575 18.345 117.506 -0.27164 0.52170 0.660 0.78938 17.0000 11.83 0.9412 0.9426 2.494363 
496.5648 18.348 117.460 -0.27125 0.52194 0.656 0.78927 17.0000 11.38 0.9414 0.9429 2.496838 
496.0720 18.346 117.410 -0.27073 0.52208 0.659 0.78921 17.0000 11.33 0.9412 0.9427 2.499318 
495.5790 18.342 117.365 -0.27022 0.52209 0.658 0.78917 17.0000 11.03 0.9410 0.9424 2.501805 
495.0860 18.343 117.309 -0.26971 0.52235 0.654 0.78911 17.0000 10.61 0.9410 0.9424 2.504296 
494.5928 18.338 117.258 -0.26912 0.52235 0.662 0.78902 17.0000 11.04 0.9403 0.9417 2.506793 
494.0995 18.334 117.210 -0.26858 0.52238 0.663 0.78896 17.0000 10.83 0.9402 0.9416 2.509296 
493.6062 18.332 117.156 -0.26801 0.52247 0.663 0.78884 17.0000 10.85 0.9399 0.9413 2.511804 
493.1127 18.331 117.107 -0.26748 0.52255 0.653 0.78867 17.0000 10.52 0.9396 0.9411 2.514318 
492.6190 18.333 117.055 -0.26703 0.52283 0.663 0.78862 17.0000 10.65 0.9393 0.9408 2.516837 
492.1253 18.334 117.007 -0.26660 0.52307 0.670 0.78856 17.0000 11.02 0.9391 0.9406 2.519362 
491.6315 18.332 116.964 -0.26614 0.52314 0.655 0.78850 17.0000 10.82 0.9390 0.9404 2.521893 
491.1375 18.331 116.918 -0.26566 0.52324 0.640 0.78834 17.0000 10.75 0.9386 0.9400 2.524429 
490.6435 18.331 116.865 -0.26516 0.52344 0.634 0.78828 17.0000 10.46 0.9383 0.9397 2.526971 
490.1493 18.331 116.821 -0.26469 0.52352 0.640 0.78812 17.0000 10.44 0.9379 0.9393 2.529519 
489.6550 18.328 116.774 -0.26422 0.52367 0.637 0.78819 17.0000 10.61 0.9376 0.9390 2.532072 
489.1606 18.328 116.726 -0.26377 0.52387 0.646 0.78813 17.0000 10.62 0.9372 0.9386 2.534631 
488.6661 18.328 116.677 -0.26328 0.52401 0.638 0.78805 17.0000 10.27 0.9371 0.9385 2.537196 
488.1714 18.332 116.631 -0.26291 0.52430 0.628 0.78792 17.0000 10.09 0.9371 0.9385 2.539768 
487.6767 18.329 116.581 -0.26238 0.52439 0.639 0.78787 17.0000 10.21 0.9368 0.9382 2.542344 
487.1818 18.330 116.534 -0.26192 0.52456 0.626 0.78774 17.0000 10.15 0.9366 0.9380 2.544927 
486.6869 18.329 116.490 -0.26151 0.52474 0.623 0.78777 17.0000 10.01 0.9364 0.9378 2.547514 
486.1918 18.331 116.447 -0.26112 0.52495 0.611 0.78766 17.0000 9.66 0.9362 0.9376 2.550109 
485.6966 18.329 116.400 -0.26063 0.52505 0.616 0.78760 17.0000 9.72 0.9358 0.9371 2.552709 
485.2013 18.332 116.348 -0.26019 0.52536 0.625 0.78754 17.0000 10.00 0.9355 0.9369 2.555314 
484.7058 18.331 116.305 -0.25976 0.52546 0.622 0.78747 17.0000 10.00 0.9351 0.9365 2.557927 
484.2103 18.332 116.259 -0.25935 0.52571 0.611 0.78750 17.0000 9.90 0.9348 0.9362 2.560544 
483.7146 18.333 116.216 -0.25902 0.52603 0.613 0.78760 17.0000 10.31 0.9349 0.9362 2.563168 
483.2189 18.336 116.169 -0.25864 0.52635 0.613 0.78758 17.0000 10.97 0.9348 0.9362 2.565798 
482.7230 18.338 116.120 -0.25824 0.52665 0.610 0.78763 17.0000 11.34 0.9346 0.9359 2.568433 
482.2270 18.337 116.074 -0.25783 0.52690 0.620 0.78772 17.0000 12.14 0.9343 0.9356 2.571075 
481.7309 18.336 116.026 -0.25743 0.52719 0.611 0.78790 17.0000 12.41 0.9341 0.9354 2.573723 
481.2346 18.331 115.986 -0.25703 0.52732 0.614 0.78810 17.0000 13.14 0.9337 0.9350 2.576377 
480.7383 18.327 115.940 -0.25662 0.52754 0.594 0.78835 17.0000 13.06 0.9334 0.9347 2.579037 
480.2419 18.330 115.891 -0.25628 0.52800 0.589 0.78856 17.0000 13.43 0.9332 0.9345 2.581703 
479.7453 18.330 115.845 -0.25596 0.52841 0.585 0.78885 17.0000 13.91 0.9331 0.9343 2.584375 
479.2486 18.327 115.802 -0.25555 0.52859 0.577 0.78903 17.0000 13.94 0.9327 0.9340 2.587054 
478.7518 18.321 115.760 -0.25516 0.52876 0.571 0.78933 17.0000 14.14 0.9323 0.9335 2.589738 
478.2549 18.319 115.716 -0.25478 0.52902 0.567 0.78955 17.0000 14.43 0.9317 0.9330 2.592429 
477.7579 18.315 115.672 -0.25440 0.52927 0.571 0.78986 17.0000 15.07 0.9314 0.9326 2.595126 
477.2608 18.312 115.626 -0.25401 0.52955 0.564 0.79014 17.0000 14.75 0.9312 0.9324 2.597829 
476.7635 18.308 115.584 -0.25363 0.52975 0.563 0.79040 17.0000 15.13 0.9308 0.9320 2.600539 
476.2662 18.311 115.535 -0.25330 0.53023 0.564 0.79062 17.0000 15.61 0.9307 0.9318 2.603254 
475.7687 18.310 115.487 -0.25295 0.53063 0.566 0.79095 17.0000 15.91 0.9304 0.9316 2.605976 
475.2711 18.306 115.447 -0.25259 0.53082 0.571 0.79119 17.0000 17.05 0.9302 0.9313 2.608705 
474.7734 18.302 115.401 -0.25215 0.53100 0.569 0.79141 17.0000 17.65 0.9299 0.9311 2.611439 
474.2756 18.299 115.359 -0.25184 0.53136 0.567 0.79181 17.0000 18.52 0.9297 0.9308 2.614180 
473.7776 18.291 115.315 -0.25138 0.53143 0.571 0.79214 17.0000 19.64 0.9292 0.9304 2.616928 
473.2796 18.283 115.265 -0.25084 0.53151 0.562 0.79236 17.0000 20.48 0.9287 0.9299 2.619682 
472.7814 18.278 115.218 -0.25040 0.53170 0.556 0.79261 17.0000 20.86 0.9284 0.9295 2.622442 
472.2831 18.267 115.169 -0.24983 0.53166 0.552 0.79287 17.0000 22.05 0.9280 0.9291 2.625209 
471.7848 18.262 115.127 -0.24938 0.53171 0.549 0.79298 17.0000 23.38 0.9278 0.9289 2.627982 
471.2863 18.261 115.076 -0.24898 0.53210 0.544 0.79329 17.0000 23.91 0.9275 0.9287 2.630762 
470.7876 18.252 115.034 -0.24850 0.53210 0.537 0.79353 17.0000 24.55 0.9270 0.9281 2.633548 
470.2889 18.246 114.995 -0.24813 0.53222 0.532 0.79383 17.0000 25.02 0.9269 0.9280 2.636341 
469.7900 18.238 114.958 -0.24776 0.53235 0.529 0.79420 17.0000 25.16 0.9267 0.9278 2.639141 
469.2911 18.231 114.927 -0.24734 0.53221 0.525 0.79422 17.0000 25.55 0.9264 0.9275 2.641946 
468.7920 18.231 114.881 -0.24692 0.53242 0.524 0.79422 17.0000 25.63 0.9266 0.9277 2.644759 
468.2928 18.233 114.838 -0.24656 0.53268 0.522 0.79422 17.0000 26.19 0.9267 0.9278 2.647578 
467.7935 18.227 114.796 -0.24609 0.53269 0.523 0.79433 17.0000 26.63 0.9265 0.9276 2.650404 
467.2941 18.221 114.754 -0.24564 0.53274 0.525 0.79447 17.0000 26.96 0.9266 0.9277 2.653237 
466.7945 18.220 114.721 -0.24530 0.53283 0.529 0.79447 17.0000 28.12 0.9268 0.9279 2.656077 
466.2949 18.216 114.691 -0.24500 0.53289 0.529 0.79458 17.0000 29.82 0.9268 0.9279 2.658922 
465.7951 18.213 114.658 -0.24470 0.53304 0.534 0.79481 17.0000 31.30 0.9270 0.9281 2.661775 
465.2952 18.203 114.631 -0.24435 0.53295 0.534 0.79507 17.0000 32.91 0.9267 0.9278 2.664635 
464.7952 18.203 114.611 -0.24418 0.53306 0.532 0.79510 17.0000 35.30 0.9269 0.9280 2.667502 
464.2951 18.194 114.584 -0.24383 0.53296 0.528 0.79531 17.0000 37.97 0.9267 0.9278 2.670375 
463.7949 18.184 114.544 -0.24325 0.53268 0.524 0.79521 17.0000 40.21 0.9266 0.9277 2.673255 
463.2946 18.168 114.515 -0.24275 0.53228 0.518 0.79536 17.0000 42.22 0.9265 0.9276 2.676142 
462.7941 18.161 114.484 -0.24228 0.53203 0.512 0.79522 17.0000 44.20 0.9270 0.9281 2.679036 
462.2935 18.155 114.449 -0.24182 0.53186 0.505 0.79506 17.0000 46.40 0.9272 0.9283 2.681937 
461.7928 18.143 114.420 -0.24138 0.53162 0.498 0.79520 17.0000 48.02 0.9273 0.9284 2.684845 
461.2921 18.139 114.380 -0.24092 0.53160 0.492 0.79520 17.0000 49.11 0.9277 0.9288 2.687759 
460.7911 18.131 114.346 -0.24047 0.53144 0.487 0.79521 17.0000 48.98 0.9279 0.9291 2.690681 
460.2901 18.126 114.307 -0.24002 0.53142 0.481 0.79522 17.0000 49.05 0.9282 0.9293 2.693610 
459.7889 18.119 114.270 -0.23958 0.53136 0.478 0.79531 17.0000 48.42 0.9284 0.9295 2.696546 
459.2877 18.110 114.235 -0.23918 0.53133 0.477 0.79554 17.0000 48.74 0.9290 0.9301 2.699489 
458.7863 18.104 114.204 -0.23881 0.53127 0.475 0.79564 17.0000 48.67 0.9295 0.9307 2.702439 
458.2848 18.096 114.173 -0.23836 0.53104 0.475 0.79555 17.0000 49.32 0.9296 0.9308 2.705396 
457.7832 18.081 114.144 -0.23783 0.53057 0.475 0.79556 17.0000 50.12 0.9293 0.9305 2.708360 
457.2815 18.070 114.116 -0.23736 0.53024 0.474 0.79549 17.0000 50.77 0.9294 0.9305 2.711332 
456.7796 18.067 114.091 -0.23705 0.53015 0.473 0.79538 17.0000 50.93 0.9300 0.9312 2.714311 
456.2777 18.065 114.076 -0.23691 0.53020 0.470 0.79550 17.0000 52.30 0.9309 0.9321 2.717297 
455.7756 18.053 114.061 -0.23656 0.52980 0.466 0.79547 17.0000 52.07 0.9314 0.9326 2.720290 
455.2734 18.053 114.043 -0.23625 0.52956 0.459 0.79503 17.0000 51.71 0.9315 0.9327 2.723291 
454.7711 18.048 114.028 -0.23599 0.52935 0.453 0.79493 17.0000 51.30 0.9324 0.9336 2.726299 
454.2687 18.044 114.010 -0.23571 0.52917 0.447 0.79478 17.0000 49.86 0.9333 0.9346 2.729314 
453.7662 18.038 113.985 -0.23542 0.52915 0.440 0.79494 17.0000 47.83 0.9340 0.9353 2.732336 
453.2635 18.031 113.959 -0.23502 0.52887 0.435 0.79474 17.0000 45.76 0.9341 0.9354 2.735367 
452.7608 18.025 113.934 -0.23471 0.52879 0.429 0.79483 17.0000 43.06 0.9347 0.9360 2.738404 
452.2579 18.019 113.909 -0.23435 0.52864 0.425 0.79481 17.0000 39.92 0.9351 0.9364 2.741449 
451.7549 18.012 113.883 -0.23402 0.52851 0.424 0.79483 17.0000 37.77 0.9355 0.9368 2.744501 
451.2518 18.006 113.857 -0.23367 0.52836 0.424 0.79482 17.0000 34.82 0.9358 0.9372 2.747561 
450.7485 18.000 113.832 -0.23338 0.52836 0.422 0.79503 17.0000 32.49 0.9365 0.9379 2.750629 
450.2452 17.993 113.806 -0.23300 0.52813 0.425 0.79490 17.0000 30.24 0.9367 0.9380 2.753704 
449.7417 17.987 113.780 -0.23265 0.52799 0.425 0.79491 17.0000 27.70 0.9370 0.9384 2.756787 
449.2382 17.980 113.754 -0.23233 0.52791 0.426 0.79501 17.0000 26.53 0.9375 0.9389 2.759876 
448.7345 17.974 113.727 -0.23197 0.52775 0.426 0.79499 17.0000 25.27 0.9378 0.9392 2.762974 
448.2307 17.967 113.701 -0.23163 0.52765 0.425 0.79506 17.0000 23.70 0.9382 0.9396 2.766080 
447.7267 17.960 113.675 -0.23135 0.52766 0.423 0.79531 17.0000 22.70 0.9389 0.9403 2.769193 
447.2227 17.954 113.648 -0.23103 0.52759 0.420 0.79543 17.0000 21.50 0.9394 0.9408 2.772314 
446.7186 17.947 113.621 -0.23062 0.52733 0.414 0.79527 17.0000 19.20 0.9394 0.9408 2.775443 
446.2143 17.940 113.595 -0.23031 0.52730 0.410 0.79545 17.0000 17.86 0.9399 0.9414 2.778580 
445.7099 17.934 113.568 -0.22999 0.52724 0.408 0.79560 17.0000 16.52 0.9404 0.9419 2.781724 
445.2054 17.927 113.541 -0.22968 0.52719 0.405 0.79575 17.0000 14.92 0.9409 0.9424 2.784876 
444.7008 17.920 113.514 -0.22934 0.52711 0.406 0.79587 17.0000 13.70 0.9413 0.9428 2.788036 
444.1960 17.913 113.487 -0.22901 0.52703 0.403 0.79599 17.0000 12.11 0.9417 0.9432 2.791204 
443.6912 17.906 113.459 -0.22867 0.52693 0.403 0.79609 17.0000 10.92 0.9420 0.9436 2.794380 
443.1862 17.899 113.432 -0.22834 0.52686 0.405 0.79622 17.0000 9.81 0.9424 0.9440 2.797564 
442.6812 17.892 113.405 -0.22805 0.52688 0.409 0.79649 17.0000 9.10 0.9430 0.9446 2.800756 
442.1759 17.885 113.377 -0.22771 0.52679 0.411 0.79660 17.0000 8.40 0.9434 0.9450 2.803956 
441.6706 17.878 113.349 -0.22736 0.52667 0.413 0.79667 17.0000 7.88 0.9436 0.9453 2.807164 
441.1652 17.871 113.321 -0.22704 0.52664 0.416 0.79688 17.0000 7.34 0.9441 0.9458 2.810380 
440.6596 17.864 113.294 -0.22672 0.52659 0.413 0.79705 17.0000 7.00 0.9445 0.9462 2.813605 
440.1540 17.856 113.265 -0.22634 0.52643 0.414 0.79706 17.0000 6.56 0.9446 0.9463 2.816837 
439.6482 17.856 113.265 -0.22634 0.52643 0.414 0.79706 17.0000 6.15 0.9446 0.9463 2.820077 

# MINIMA:
439.6482 0.109 2.626 -100.62593 -38.24647 -3065.655 -500.59912 17.0000 5.54 0.5099 0.5476 1.240099 

# MAXIMA:
999.7925 87.234 359.342 165.75807 131.00327 238.651 88.63648 17.0000 60.38 2.71993832968762163E18 1.37661274723136307E19 2.820077 

# PEAKS:

# END SPECTRUM

