## SPECTRUM TYPE:
LCE

## DATE:
24/09/2026

## COMMENTS:

## NUMBER OF SPECTRUM:
1

## ELLIPSOMETRIC CONFIGURATION:
0.00 ø :Modulator
+45.00 øAnalyser

## UNIT:
nm


# SPECTRUM:
1

# CAPTION:


# START TIME:
10:38:43

# END TIME:
10:38:43

# THETA ANGLE:
0.00 ø

# INCIDENCE ANGLE:
69.95 ø

# ACCUMULATION NUMBER:
5

# ELLIPSOMETRIC CONFIGURATION:
0.00 ø :Modulator
+45.00 øAnalyser

# INTEGRATION TIME:
43 ms

# FIRST POINT:
999.79 nm

# LAST POINT:
439.65 nm

# INCREMENT:
0.00 nm

# NUMBER OF POINTS:
1273

# DATA:
nm Psi Delta Ic Is Reflectance IcPrim IntegrationTime IntensityMax Polarization PolarizationGen eV 
999.7925 42.494 47.532 518.51251 566.50049 0.000 67.35744 43.0000 8.40 3.10989431217837834E19 3.63456618444964548E21 1.240099 
999.4089 42.494 47.532 518.51245 566.50049 2.229 67.35743 43.0000 8.38 2.89243400194846884E19 3.3804179243779668E21 1.240575 
999.0253 42.494 47.532 518.51245 566.50049 1.460 67.35744 43.0000 8.49 2.7573130388901462E19 3.22250061081910392E21 1.241052 
998.6415 42.494 47.532 518.51245 566.50055 4.567 67.35744 43.0000 8.57 2.60319053578292429E19 3.04237604749767711E21 1.241529 
998.2578 42.494 47.532 518.51251 566.50049 0.523 67.35744 43.0000 8.74 2.42795565020379873E19 2.83757710624281749E21 1.242006 
997.8739 42.494 47.532 518.51251 566.50049 1.226 67.35744 43.0000 8.77 2.22949666012046295E19 2.60563609593370273E21 1.242484 
997.4900 42.494 47.532 518.51251 566.50055 -0.242 67.35744 43.0000 8.64 2.00570250320758702E19 2.34408546618699887E21 1.242962 
997.1060 42.494 47.532 518.51251 566.50055 -0.021 67.35744 43.0000 8.84 1.75446178728635269E19 2.05045794809434866E21 1.243440 
996.7219 42.494 47.532 518.51251 566.50049 -3.596 67.35743 43.0000 8.98 1.47366345003143004E19 1.72228599127241812E21 1.243920 
996.3377 42.494 47.532 518.51245 566.50049 -5.609 67.35744 43.0000 9.00 1.16119609926400082E19 1.35710204533787329E21 1.244399 
995.9535 42.494 47.532 518.51251 566.50055 -2.798 67.35744 43.0000 8.74 8.19171127162883277E18 9.57373871780280664E20 1.244879 
995.5692 42.494 47.532 518.51251 566.50049 1.412 67.35744 43.0000 9.07 4.49699596053407334E18 5.25568633954881241E20 1.245360 
995.1848 42.494 47.532 518.51251 566.50049 -1.122 67.35743 43.0000 9.24 591154419538591744.0000 6.90888334780955361E19 1.245841 
994.8003 42.494 47.532 518.51251 566.50049 0.044 67.35744 43.0000 9.33 3.3780251759696937E18 3.947933542659014E20 1.246322 
994.4158 42.494 47.532 518.51251 566.50049 0.029 67.35743 43.0000 9.12 7.19941632121215386E18 8.41403296256979108E20 1.246804 
994.0311 61.269 95.751 -0.05400 0.53618 0.018 -0.34382 43.0000 9.24 0.5839 0.6501 1.247287 
993.6464 51.568 83.417 0.06399 0.55444 2.084 -0.13025 43.0000 9.26 0.5793 0.6923 1.247770 
993.2617 43.676 69.355 0.19757 0.52439 1.876 0.02592 43.0000 9.22 0.5939 0.7629 1.248253 
992.8768 46.669 66.316 0.29757 0.67840 -1.824 -0.04321 43.0000 9.33 0.6114 0.7436 1.248737 
992.4919 52.722 33.245 0.40501 0.26549 0.971 -0.13379 43.0000 9.23 0.6407 0.7792 1.249221 
992.1069 54.081 59.810 0.28987 0.49824 -11.348 -0.18910 43.0000 9.48 0.6337 0.7815 1.249706 
991.7218 47.339 56.543 0.33627 0.50888 -2.349 -0.04991 43.0000 9.46 0.6609 0.7846 1.250191 
991.3367 45.848 47.914 0.41753 0.46232 0.842 -0.01845 43.0000 9.65 0.6700 0.8418 1.250677 
990.9514 36.899 48.293 0.44728 0.50191 2.548 0.19535 43.0000 9.64 0.7748 0.9667 1.251163 
990.5661 22.509 63.279 0.17150 0.34069 27.231 0.38118 43.0000 9.65 0.7435 0.9773 1.251650 
990.1807 19.465 55.862 0.22235 0.32795 -27.514 0.49052 43.0000 9.80 0.7784 1.0473 1.252137 
989.7953 11.673 95.633 -0.02513 0.25475 -0.870 0.59306 43.0000 9.70 0.7035 0.9186 1.252625 
989.4097 17.800 84.417 0.04554 0.46593 -1.805 0.65392 43.0000 10.10 0.7030 0.8217 1.253113 
989.0241 21.997 90.643 -0.00636 0.56665 2.307 0.58696 43.0000 10.01 0.6925 0.7715 1.253601 
988.6384 33.785 96.880 -0.08558 0.70924 1.879 0.29489 43.0000 9.91 0.6999 0.7763 1.254090 
988.2526 28.193 68.326 0.28839 0.72565 30.051 0.51906 43.0000 10.09 0.7017 0.7800 1.254580 
987.8668 34.430 56.356 0.50641 0.76093 1.762 0.35345 43.0000 10.06 0.7331 0.8384 1.255070 
987.4809 29.061 61.292 0.34645 0.63260 -5066.313 0.44857 43.0000 10.09 0.6677 0.7247 1.255560 
987.0949 28.822 63.790 0.27551 0.55967 2.933 0.39522 43.0000 10.15 0.6175 0.6404 1.256051 
986.7088 25.133 61.890 0.24216 0.45335 2.056 0.42721 43.0000 10.13 0.6006 0.6405 1.256543 
986.3226 21.132 70.555 0.10963 0.31055 -2.730 0.36238 43.0000 10.23 0.5830 0.6349 1.257035 
985.9364 27.474 65.907 0.17257 0.38591 -11.406 0.29656 43.0000 10.26 0.6080 0.6807 1.257527 
985.5501 25.487 61.220 0.17263 0.31428 83.907 0.29063 43.0000 10.29 0.6230 0.7497 1.258020 
985.1638 35.566 64.211 0.20890 0.43235 -5.086 0.16410 43.0000 10.49 0.6779 0.8485 1.258513 
984.7773 40.825 64.661 0.24989 0.52772 1.954 0.08571 43.0000 10.48 0.7486 0.9073 1.259007 
984.3907 44.739 56.338 0.48573 0.72938 -3.697 0.00799 43.0000 10.60 0.8116 0.9698 1.259502 
984.0041 42.389 54.355 0.26380 0.36787 -2.717 0.04138 43.0000 10.71 0.6314 0.7675 1.259997 
983.6174 18.149 187.521 -0.13292 -0.01755 1.536 0.18253 43.0000 11.04 0.5425 0.8145 1.260492 
983.2307 26.092 230.880 -0.22284 -0.27401 1.284 0.27412 43.0000 10.93 0.5885 0.7661 1.260988 
982.8438 20.897 248.378 -0.24985 -0.63034 1.185 0.75854 43.0000 11.05 0.7234 0.9839 1.261484 
982.4569 22.838 216.621 -0.25662 -0.19073 1.288 0.31228 43.0000 11.00 0.7294 1.0488 1.261981 
982.0699 43.554 159.841 -0.18064 0.06631 -2.984 0.00972 43.0000 11.13 0.7332 0.9986 1.262478 
981.6828 58.858 107.988 -0.12639 0.38924 -0.030 -0.21500 43.0000 11.27 0.8261 1.0219 1.262976 
981.2957 67.943 82.746 0.04595 0.36104 -0.012 -0.37538 43.0000 11.24 0.8421 1.0102 1.263474 
980.9084 58.020 69.025 0.33653 0.87785 0.007 -0.45936 43.0000 11.28 1.0464 1.1989 1.263973 
980.5211 59.899 92.348 -0.06040 1.47307 0.013 -0.84429 43.0000 11.25 1.2685 1.3737 1.264472 
980.1337 54.672 95.304 -0.14278 1.53812 -0.004 -0.54231 43.0000 11.50 1.1494 1.3125 1.264972 
979.7463 50.795 120.430 -0.83936 1.42893 -0.003 -0.33988 43.0000 11.47 1.1697 1.2727 1.265472 
979.3587 49.929 126.754 -1.49962 2.00793 18.348 -0.43548 43.0000 11.55 1.3253 1.4188 1.265973 
978.9711 40.036 165.219 -2.02117 0.53328 6.534 0.36589 43.0000 11.62 1.0695 1.2126 1.266474 
978.5834 42.561 180.011 -1.39162 -0.00026 5.779 0.11874 43.0000 11.51 1.0151 1.2436 1.266976 
978.1956 33.393 202.423 -1.19056 -0.49128 6.855 0.55241 43.0000 11.58 1.0471 1.3770 1.267478 
977.8077 30.049 218.970 -0.91938 -0.74369 -4.343 0.68003 43.0000 11.85 1.1469 1.4970 1.267981 
977.4199 30.754 232.842 -0.71344 -0.94135 8.014 0.64109 43.0000 11.78 1.2983 1.6101 1.268484 
977.0319 24.435 203.364 -0.60925 -0.26319 2.422 0.57959 43.0000 11.86 1.0124 1.3679 1.268988 
976.6437 26.520 178.615 -0.58013 0.01402 2.541 0.43666 43.0000 11.72 0.8884 1.3417 1.269493 
976.2556 24.424 158.364 -0.51738 0.20522 -7.353 0.48645 43.0000 11.85 0.8840 1.1182 1.269997 
975.8674 32.105 140.920 -0.58991 0.47906 2.056 0.36722 43.0000 12.04 0.9281 1.0301 1.270502 
975.4790 43.909 122.138 -0.56428 0.89820 2.119 0.04043 43.0000 12.23 1.0596 1.1279 1.271008 
975.0906 42.732 130.314 -0.42166 0.49696 -2.947 0.05170 43.0000 12.25 0.8448 0.8757 1.271515 
974.7021 53.321 115.529 -0.24882 0.52097 -38.788 -0.17257 43.0000 12.22 0.7784 0.8647 1.272021 
974.3136 49.699 93.798 -0.03547 0.53429 2.168 -0.08862 43.0000 12.12 0.6759 0.7794 1.272529 
973.9250 56.141 89.699 0.00259 0.49370 0.055 -0.20229 43.0000 12.21 0.6462 0.7353 1.273036 
973.5363 59.426 51.559 0.40609 0.51162 0.114 -0.35986 43.0000 12.40 0.7515 0.8042 1.273545 
973.1475 75.963 85.640 0.01857 0.24363 -10.501 -0.45812 43.0000 12.30 0.5888 0.6263 1.274053 
972.7586 75.410 96.103 -0.02417 0.22604 -4.084 -0.40708 43.0000 12.45 0.5363 0.5795 1.274563 
972.3697 79.977 115.232 -0.06654 0.14120 -1.871 -0.42781 43.0000 12.61 0.5314 0.5752 1.275073 
971.9807 84.523 136.144 -0.07255 0.06971 -2.375 -0.51988 43.0000 12.58 0.5444 0.5908 1.275583 
971.5916 81.799 102.829 -0.03865 0.16971 -2.541 -0.59133 43.0000 12.52 0.6111 0.6496 1.276094 
971.2024 83.397 91.939 -0.00601 0.17735 1.223 -0.75616 43.0000 12.87 0.6934 0.7353 1.276605 
970.8131 87.177 107.872 -0.02524 0.07826 0.177 -0.83179 43.0000 12.81 0.7668 0.8048 1.277117 
970.4238 88.032 88.636 0.00173 0.07268 0.099 -1.05653 43.0000 12.71 0.8104 0.8395 1.277629 
970.0344 74.324 138.667 -0.58683 0.51615 0.064 -1.28274 43.0000 13.12 0.9721 1.0340 1.278142 
969.6449 79.771 34.046 0.32065 0.21665 0.050 -1.03734 43.0000 13.10 0.8145 0.8347 1.278656 
969.2553 62.876 2.315 0.98028 0.03963 0.014 -0.70633 43.0000 13.16 0.9157 1.0005 1.279170 
968.8657 53.828 356.836 1.46203 -0.08082 -9.975 -0.46609 43.0000 13.04 1.0996 1.2615 1.279684 
968.4760 51.094 352.328 1.83294 -0.24692 2.438 -0.39944 43.0000 13.37 1.2189 1.4302 1.280199 
968.0861 50.279 353.637 2.05180 -0.22880 1.106 -0.38478 43.0000 13.60 1.2525 1.4898 1.280714 
967.6962 50.857 357.941 1.94362 -0.06987 2.486 -0.40325 43.0000 13.67 1.2024 1.4311 1.281230 
967.3063 55.470 9.380 1.61777 0.26723 2.116 -0.62747 43.0000 13.59 1.0328 1.2188 1.281747 
966.9163 58.510 12.195 1.11950 0.24194 2.709 -0.58406 43.0000 13.66 0.8446 0.9843 1.282264 
966.5261 66.907 43.103 0.46368 0.43395 -10.963 -0.60932 43.0000 13.70 0.6480 0.7539 1.282782 
966.1359 59.400 129.332 -0.74646 0.91097 2.141 -0.64744 43.0000 13.30 0.7497 0.8701 1.283300 
965.7457 54.669 24.256 0.68596 0.30909 -1.543 -0.26404 43.0000 13.59 0.6238 0.7879 1.283818 
965.3553 47.050 339.742 0.87885 -0.32436 2.022 -0.06714 43.0000 13.87 0.6215 0.6995 1.284337 
964.9649 43.577 310.852 0.82181 -0.95032 13.874 0.06247 43.0000 13.94 0.6768 0.7895 1.284857 
964.5743 44.022 296.474 0.65149 -1.30818 7.005 0.04991 43.0000 13.81 0.7329 0.9327 1.285377 
964.1838 43.473 294.814 0.50178 -1.08526 -4.388 0.06381 43.0000 13.87 0.7017 1.0094 1.285898 
963.7931 55.549 297.682 0.47052 -0.89689 1.426 -0.39077 43.0000 13.98 0.6466 1.0492 1.286419 
963.4023 76.713 335.851 0.30707 -0.13767 0.240 -0.67275 43.0000 14.17 0.6024 1.0166 1.286941 
963.0115 71.310 75.438 0.13959 0.53735 2.305 -0.72668 43.0000 14.18 0.7164 1.0361 1.287463 
962.6207 83.306 54.415 0.06610 0.09239 4.122 -0.47728 43.0000 14.32 0.5940 0.8119 1.287986 
962.2297 76.883 78.376 0.02117 0.10293 3.408 -0.21323 43.0000 14.47 0.6361 0.7888 1.288509 
961.8386 39.705 2.278 0.33807 0.01345 3.122 0.06326 43.0000 14.50 0.7630 0.9904 1.289033 
961.4474 36.941 311.281 0.30415 -0.34644 2.737 0.13322 43.0000 14.84 0.7822 1.0210 1.289558 
961.0562 33.893 304.637 0.26739 -0.38708 4.290 0.19212 43.0000 14.56 0.8403 1.1221 1.290083 
960.6649 34.278 300.796 0.30847 -0.51755 0.021 0.23665 43.0000 14.97 0.7885 1.0117 1.290608 
960.2736 34.163 293.462 0.33124 -0.76316 0.034 0.33064 43.0000 14.73 0.7201 0.8569 1.291134 
959.8821 37.019 316.267 0.29331 -0.28061 2.356 0.11610 43.0000 14.72 0.5884 0.6393 1.291661 
959.4905 50.517 64.052 0.19903 0.40902 7.746 -0.08870 43.0000 14.77 0.5357 0.5595 1.292188 
959.0989 58.904 92.329 -0.04862 1.19551 2.203 -0.63105 43.0000 15.17 0.6543 0.7819 1.292715 
958.7073 80.010 82.486 0.02169 0.16445 3.108 -0.45624 43.0000 15.07 0.5380 0.6192 1.293243 
958.3155 68.044 87.350 0.01820 0.39319 -36.898 -0.40884 43.0000 14.91 0.5398 0.5789 1.293772 
957.9236 66.631 94.301 -0.03288 0.43710 3.065 -0.41251 43.0000 14.76 0.5561 0.6223 1.294301 
957.5317 69.655 98.254 -0.03832 0.26416 -443.012 -0.31045 43.0000 14.84 0.5581 0.5965 1.294831 
957.1396 58.957 94.300 -0.01257 0.16717 5.667 -0.08881 43.0000 14.73 0.5898 0.7694 1.295362 
956.7476 20.330 76.715 0.02224 0.09421 -11.259 0.11270 43.0000 15.17 0.5727 0.9284 1.295892 
956.3554 7.829 281.112 0.02125 -0.10822 4.816 0.39344 43.0000 15.67 0.5849 1.0738 1.296424 
955.9632 18.601 147.103 -0.21159 0.13687 -0.018 0.33198 43.0000 15.72 0.5909 1.0959 1.296956 
955.5709 13.269 16.678 0.20629 0.06180 -0.013 0.43119 43.0000 15.44 0.5990 1.1018 1.297488 
955.1784 25.016 344.486 0.42210 -0.11717 -0.014 0.36717 43.0000 15.59 0.5921 1.0482 1.298021 
954.7859 35.700 342.030 0.56978 -0.18480 3.136 0.20160 43.0000 15.81 0.5843 0.9622 1.298555 
954.3934 47.296 352.442 0.62739 -0.08324 21.301 -0.05084 43.0000 15.59 0.5765 0.8915 1.299089 
954.0007 55.587 357.315 0.64121 -0.03007 3.709 -0.24865 43.0000 15.37 0.5845 0.9134 1.299624 
953.6080 58.907 9.101 0.51940 0.08320 2.253 -0.27751 43.0000 15.78 0.6107 0.8975 1.300159 
953.2152 66.279 36.421 0.36576 0.26987 -4.691 -0.41737 43.0000 15.88 0.6238 0.8356 1.300695 
952.8223 67.973 34.007 0.28134 0.18982 2.065 -0.35078 43.0000 15.79 0.5926 0.7051 1.301231 
952.4293 69.054 40.271 0.18210 0.15427 3.017 -0.26608 43.0000 15.93 0.5742 0.6411 1.301768 
952.0363 68.936 83.755 0.02633 0.24061 6.910 -0.26763 43.0000 15.90 0.6194 0.7621 1.302305 
951.6432 54.191 25.812 0.35859 0.17344 3.025 -0.13237 43.0000 16.30 0.6660 0.7577 1.302843 
951.2499 57.124 22.496 0.33870 0.14026 32.012 -0.16513 43.0000 15.81 0.6497 0.7579 1.303382 
950.8567 36.074 39.769 0.35524 0.29565 5.317 0.14885 43.0000 15.79 0.6497 0.8356 1.303921 
950.4633 36.504 16.461 0.29086 0.08595 3.201 0.09268 43.0000 15.97 0.5619 0.6813 1.304461 
950.0699 59.573 347.399 0.21727 -0.04857 -0.469 -0.12414 43.0000 16.06 0.5316 0.8487 1.305001 
949.6763 83.334 43.133 0.08244 0.07723 -0.236 -0.47668 43.0000 16.30 0.5705 1.0551 1.305542 
949.2827 87.292 155.582 -0.09305 0.04224 -0.191 -1.07775 43.0000 16.45 0.6719 1.2504 1.306083 
948.8890 80.921 259.028 -0.06998 -0.36095 -0.346 -1.12107 43.0000 17.02 0.7045 1.2991 1.306625 
948.4953 84.097 271.171 0.00436 -0.21316 -0.040 -1.01996 43.0000 16.84 0.6531 1.2043 1.307167 
948.1014 83.196 278.297 0.02381 -0.16326 0.993 -0.68160 43.0000 16.74 0.5681 0.9774 1.307710 
947.7075 80.616 73.678 0.04729 0.16149 2.169 -0.49522 43.0000 16.67 0.6177 0.8515 1.308254 
947.3135 32.099 76.057 0.10781 0.43424 14.189 0.21630 43.0000 16.12 0.5564 0.6006 1.308798 
946.9194 19.055 74.114 0.19399 0.68165 0.926 0.90354 43.0000 16.23 0.7183 0.9507 1.309343 
946.5253 12.880 75.941 0.12618 0.50386 0.321 1.07640 43.0000 16.64 0.6924 0.8208 1.309888 
946.1310 47.630 344.951 4.94087 -1.32841 2.612 -0.47096 43.0000 17.00 3.4946 4.4754 1.310434 
945.7367 59.146 306.699 1.66940 -2.23976 5.313 -1.50359 43.0000 16.66 3.6075 5.0764 1.310980 
945.3423 40.431 159.328 -2.55708 0.96482 -2.069 0.43958 43.0000 17.02 3.4397 4.7127 1.311527 
944.9478 47.455 181.959 -1.27433 -0.04359 0.805 -0.10956 43.0000 17.32 4.7103 6.9464 1.312074 
944.5532 51.654 194.714 -0.96643 -0.25378 4.538 -0.23635 43.0000 16.93 5.8967 8.9500 1.312623 
944.1586 54.074 204.625 -0.80336 -0.36824 11.222 -0.28967 43.0000 16.82 6.5527 10.0961 1.313171 
943.7639 57.665 213.047 -0.66621 -0.43342 -1.495 -0.37620 43.0000 16.97 6.6155 10.2565 1.313720 
943.3691 58.008 222.957 -0.52763 -0.49129 -0.183 -0.35187 43.0000 17.19 5.8084 9.1495 1.314270 
942.9742 60.859 248.095 -0.23570 -0.58618 2.672 -0.39048 43.0000 17.15 4.5935 7.1216 1.314821 
942.5792 59.720 294.481 0.34837 -0.76511 4.533 -0.47446 43.0000 17.40 3.4490 4.8366 1.315372 
942.1841 52.844 333.982 3.01454 -1.47149 -2.878 -0.94221 43.0000 17.50 4.0612 5.0952 1.315923 
941.7890 60.862 297.625 0.81761 -1.56226 -3.355 -1.09003 43.0000 17.66 2.8544 4.2449 1.316475 
941.3938 44.591 347.073 0.60431 -0.13871 -27.303 0.00886 43.0000 17.57 0.6246 0.7282 1.317028 
940.9985 41.940 332.357 0.69701 -0.36506 1.290 0.08438 43.0000 17.84 0.6156 0.7661 1.317581 
940.6031 38.938 340.641 0.54501 -0.19149 -18.880 0.12409 43.0000 17.75 0.5668 0.6461 1.318135 
940.2077 34.845 344.193 0.32284 -0.09140 6.095 0.12419 43.0000 17.68 0.5246 0.5939 1.318689 
939.8122 54.726 84.275 0.02156 0.21502 5.720 -0.07632 43.0000 17.98 0.5109 0.5624 1.319244 
939.4166 38.557 120.876 -0.28083 0.46969 2.231 0.12520 43.0000 17.76 0.5726 0.5921 1.319800 
939.0209 41.583 101.775 -0.07556 0.36248 -9.143 0.04437 43.0000 17.57 0.5405 0.5833 1.320356 
938.6251 49.404 99.981 -0.06814 0.38716 3.318 -0.06091 43.0000 17.66 0.5558 0.5953 1.320913 
938.2292 59.706 145.722 -0.32407 0.22088 2.550 -0.22110 43.0000 17.94 0.5601 0.6162 1.321470 
937.8333 53.839 85.954 0.03982 0.56297 2.789 -0.17987 43.0000 17.85 0.6530 0.6656 1.322028 
937.4373 56.234 62.712 0.29034 0.56281 -6.923 -0.26189 43.0000 18.32 0.6692 0.7236 1.322586 
937.0412 55.845 33.380 0.54553 0.35943 20.236 -0.25984 43.0000 18.12 0.6375 0.7045 1.323146 
936.6450 53.520 23.983 0.59981 0.26684 3.355 -0.20121 43.0000 17.98 0.6379 0.6881 1.323705 
936.2487 57.310 21.278 0.54707 0.21306 3.186 -0.26905 43.0000 18.21 0.6695 0.7271 1.324266 
935.8524 55.115 13.769 0.90499 0.22176 1.393 -0.34338 43.0000 18.42 0.7778 1.2849 1.324826 
935.4560 66.745 22.122 0.48104 0.19555 2.003 -0.49261 43.0000 18.72 0.6744 0.7484 1.325388 
935.0594 78.864 333.015 0.16490 -0.08397 -4.517 -0.45184 43.0000 18.84 0.5820 0.8406 1.325950 
934.6629 31.395 138.841 -0.17448 0.15253 -0.222 0.11916 43.0000 18.57 0.7068 1.2016 1.326512 
934.2662 12.207 355.940 2.53406 -0.17988 4.160 5.59660 43.0000 18.56 1.2471 2.1031 1.327076 
933.8694 79.633 236.371 -0.23288 -0.35013 6.788 -1.11091 43.0000 18.84 0.7182 1.3511 1.327640 
933.4727 68.783 254.820 -0.24149 -0.89005 -36.465 -1.00880 43.0000 18.88 1.1497 1.6961 1.328204 
933.0757 65.272 255.918 -0.23597 -0.94071 -1.604 -0.82964 43.0000 18.81 1.6485 2.3036 1.328769 
932.6787 66.465 254.147 -0.22055 -0.77666 2.540 -0.75104 43.0000 18.97 1.9875 2.7750 1.329334 
932.2817 68.269 244.345 -0.25846 -0.53810 23.949 -0.62988 43.0000 19.00 2.1707 3.0388 1.329901 
931.8845 68.245 233.454 -0.33137 -0.44707 -0.084 -0.58623 43.0000 19.01 2.0984 2.9910 1.330467 
931.4873 68.010 217.499 -0.37494 -0.28769 -136.953 -0.48975 43.0000 18.87 1.8338 2.6812 1.331035 
931.0900 58.167 195.396 -0.47571 -0.13099 1.191 -0.24424 43.0000 19.43 1.3925 2.1388 1.331603 
930.6926 37.586 142.008 -0.43071 0.33642 2.767 0.14468 43.0000 19.21 1.0593 1.6740 1.332171 
930.2951 31.731 303.892 3.59473 -5.35107 -25.751 3.21938 43.0000 19.19 1.1177 2.0524 1.332740 
929.8975 41.450 244.941 -1.37664 -2.94428 0.404 0.40481 43.0000 19.65 0.8297 1.3607 1.333310 
929.4999 65.602 102.943 -0.57111 2.48497 55.302 -2.23250 43.0000 19.88 1.2546 1.8115 1.333881 
929.1022 63.535 83.569 0.37234 3.30323 49.357 -2.51132 43.0000 20.15 1.0964 1.2326 1.334452 
928.7043 59.866 64.071 1.20226 2.47274 5.788 -1.57037 43.0000 19.72 1.0427 1.1428 1.335023 
928.3065 52.363 57.731 1.39960 2.21661 -22.368 -0.68899 43.0000 19.77 1.0154 1.1491 1.335595 
927.9085 46.868 31.453 1.43752 0.87930 2.129 -0.11003 43.0000 19.80 0.8884 1.0282 1.336168 
927.5104 38.031 13.410 1.33134 0.31741 -0.088 0.33970 43.0000 20.16 0.8564 1.0470 1.336742 
927.1123 32.504 356.971 0.94544 -0.05003 0.021 0.44131 43.0000 20.00 0.7860 1.0563 1.337316 
926.7141 33.719 341.113 0.65424 -0.22383 0.168 0.28730 43.0000 19.94 0.8356 1.0679 1.337890 
926.3158 26.984 298.367 0.26757 -0.49553 1.011 0.40964 43.0000 20.14 0.6352 1.0681 1.338466 
925.9174 29.271 255.667 -0.16362 -0.64034 1.190 0.40433 43.0000 20.19 0.6076 1.3648 1.339042 
925.5190 80.647 101.521 -0.06571 0.32235 -0.589 -0.97163 43.0000 20.30 0.9363 1.4831 1.339618 
925.1204 77.037 318.585 0.15954 -0.14073 -0.193 -0.43762 43.0000 20.32 0.6030 1.2661 1.340195 
924.7218 75.155 314.770 0.19099 -0.19254 -0.114 -0.47565 43.0000 19.99 0.6034 1.1776 1.340773 
924.3231 66.924 308.588 0.22328 -0.27982 -0.057 -0.34386 43.0000 20.21 0.5963 1.0434 1.341351 
923.9243 62.977 303.624 0.22462 -0.33778 1.758 -0.29423 43.0000 20.50 0.6242 0.8465 1.341930 
923.5255 59.174 292.519 0.17767 -0.42852 3.105 -0.25029 43.0000 21.03 0.6883 0.7613 1.342510 
923.1265 80.379 177.336 -0.13665 0.00636 0.112 -0.39191 43.0000 20.24 0.6878 0.7300 1.343090 
922.7275 69.057 33.737 0.19496 0.13020 0.060 -0.26141 43.0000 20.99 0.6399 0.7429 1.343671 
922.3283 49.708 42.266 0.32716 0.29734 2.575 -0.07331 43.0000 20.74 0.6127 0.7963 1.344252 
921.9291 41.244 18.188 0.57051 0.18744 0.000 0.07918 43.0000 20.88 0.7075 0.9809 1.344834 
921.5298 37.226 6.745 0.64700 0.07652 0.000 0.18127 43.0000 21.03 0.7173 1.0120 1.345417 
921.1305 36.307 1.927 0.71933 0.02420 0.000 0.22535 43.0000 20.47 0.7806 1.1068 1.346000 
920.7311 37.179 338.720 0.54963 -0.21407 0.000 0.16516 43.0000 21.00 0.7386 1.0195 1.346584 
920.3315 33.753 9.987 0.69649 0.12265 0.000 0.29286 43.0000 21.32 0.6941 0.8981 1.347169 
919.9319 39.791 36.885 0.67396 0.50575 0.000 0.15491 43.0000 20.82 0.7254 0.8858 1.347754 
919.5322 43.625 56.820 0.53823 0.82312 2.363 0.04723 43.0000 20.65 0.8119 0.9209 1.348340 
919.1324 46.759 76.248 0.27529 1.12489 2.567 -0.07121 43.0000 21.50 0.9425 1.0577 1.348926 
918.7326 41.790 58.301 0.55050 0.89138 11.049 0.11789 43.0000 21.12 0.8287 0.9422 1.349513 
918.3326 45.599 58.477 0.42523 0.69329 -6.488 -0.01701 43.0000 21.50 0.8090 0.9224 1.350101 
917.9326 42.134 50.078 0.46017 0.54994 4.495 0.07198 43.0000 21.50 0.6328 0.7329 1.350689 
917.5325 19.388 4.509 0.42434 0.03346 2.613 0.52986 43.0000 21.06 0.5734 0.6845 1.351278 
917.1323 14.175 6.615 0.42915 0.04977 2.278 0.80066 43.0000 21.23 0.5786 0.7173 1.351868 
916.7321 16.869 263.795 -0.07142 -0.65688 10.985 0.98931 43.0000 21.61 0.6222 0.7222 1.352458 
916.3317 12.435 0.875 0.86038 0.01314 153.804 1.85626 43.0000 21.73 0.6557 0.7708 1.353049 
915.9313 24.658 62.959 0.34953 0.68477 7.782 0.66090 43.0000 21.59 0.5990 0.7444 1.353641 
915.5308 35.833 87.426 0.03938 0.87605 6.288 0.29058 43.0000 21.77 0.5965 0.7968 1.354233 
915.1302 45.221 116.820 -0.29178 0.57712 3.840 -0.00498 43.0000 21.82 0.5752 0.8310 1.354826 
914.7295 62.697 131.680 -0.36253 0.40717 -0.018 -0.38733 43.0000 21.67 0.5884 0.8671 1.355419 
914.3287 71.601 122.692 -0.24662 0.38426 -0.041 -0.61037 43.0000 21.36 0.6819 0.9355 1.356013 
913.9279 74.694 128.036 -0.24641 0.31499 0.003 -0.67590 43.0000 21.53 0.6055 0.8762 1.356608 
913.5270 72.796 122.653 -0.14136 0.22059 -0.040 -0.38253 43.0000 21.77 0.5539 0.7005 1.357203 
913.1259 58.776 73.233 0.07441 0.24695 1.525 -0.13456 43.0000 21.91 0.5373 0.5953 1.357799 
912.7249 45.314 41.979 0.20364 0.18323 0.000 -0.00300 43.0000 21.44 0.5391 0.5913 1.358396 
912.3237 31.236 10.946 0.29991 0.05800 3.173 0.15921 43.0000 21.88 0.5516 0.6732 1.358993 
911.9224 28.695 41.703 0.19233 0.17138 -0.355 0.16482 43.0000 22.40 0.5420 0.5724 1.359591 
911.5211 51.493 79.607 0.10610 0.57847 -0.305 -0.13563 43.0000 22.20 0.6655 0.7881 1.360190 
911.1196 43.085 358.175 11.57440 -0.36885 0.220 0.77540 43.0000 22.42 5.1759 10.7949 1.360789 
910.7181 36.923 191.737 -3.97885 -0.82664 0.077 1.17708 43.0000 22.34 1.8712 3.5893 1.361389 
910.3165 32.833 182.052 -6.55584 -0.23492 0.114 2.96675 43.0000 22.34 4.8525 9.9652 1.361990 
909.9149 42.789 171.635 -10.55915 1.55256 -0.088 0.82539 43.0000 22.14 5.6266 12.2655 1.362591 
909.5131 49.782 173.046 -12.74584 1.55461 0.823 -2.16343 43.0000 21.87 6.0564 13.1510 1.363193 
909.1113 55.182 173.824 -14.23999 1.54085 0.192 -5.31669 43.0000 22.10 6.2404 13.1900 1.363795 
908.7093 59.471 173.633 -14.03923 1.56660 0.040 -7.81158 43.0000 22.17 6.2923 12.8766 1.364399 
908.3073 62.179 173.122 -11.76239 1.41892 0.058 -8.09949 43.0000 21.90 6.1471 12.2691 1.365003 
907.9052 63.818 171.329 -11.64410 1.77572 -0.001 -9.08265 43.0000 22.06 5.9237 11.6360 1.365607 
907.5031 71.742 167.865 -16.96130 3.64712 -1.906 -23.43134 43.0000 22.14 6.9303 11.6516 1.366212 
907.1008 54.199 170.221 -6.72584 1.15918 -0.008 -2.27001 43.0000 22.05 4.2895 9.2949 1.366818 
906.6984 27.674 170.190 -4.52462 0.78233 -0.015 3.17390 43.0000 22.11 4.7216 9.1766 1.367425 
906.2960 15.365 169.648 -3.44613 0.62949 -0.049 5.89287 43.0000 22.10 6.9856 10.6141 1.368032 
905.8935 15.671 157.488 -3.73429 1.54771 -0.670 6.63767 43.0000 22.38 6.6452 10.0034 1.368640 
905.4909 12.970 162.407 -3.15529 1.00052 0.009 6.80499 43.0000 22.27 6.4906 9.2042 1.369248 
905.0883 9.612 160.726 -2.03711 0.71236 0.761 6.18862 43.0000 22.31 5.8368 7.5705 1.369857 
904.6855 3.121 137.514 -0.40601 0.37186 1.470 5.03310 43.0000 22.95 4.4730 4.9518 1.370467 
904.2826 17.558 1.701 2.13312 0.06333 -0.020 3.03463 43.0000 22.53 3.4959 5.1185 1.371078 
903.8797 16.230 190.477 -0.70641 -0.13064 -0.005 1.12938 43.0000 22.92 1.4625 1.6947 1.371689 
903.4767 88.035 63.780 0.10041 0.20387 3.765 -3.30794 43.0000 22.92 2.4647 2.6298 1.372301 
903.0736 85.199 315.350 0.08485 -0.08382 0.272 -0.70497 43.0000 22.70 0.8479 1.1549 1.372913 
902.6704 83.902 291.616 0.09242 -0.23324 0.032 -1.16069 43.0000 22.94 1.1047 1.6679 1.373527 
902.2672 81.553 288.329 0.16073 -0.48517 0.245 -1.68287 43.0000 22.69 1.3090 2.0570 1.374140 
901.8638 80.302 284.410 0.21226 -0.82611 26.244 -2.42260 43.0000 22.85 1.4794 2.2134 1.374755 
901.4604 82.689 283.763 0.14967 -0.61108 -0.055 -2.41148 43.0000 22.54 1.5048 2.1226 1.375370 
901.0569 79.874 281.308 0.15829 -0.79155 -0.088 -2.18786 43.0000 23.01 1.3728 1.9237 1.375986 
900.6533 73.281 225.464 -0.70553 -0.71705 -2.193 -1.52344 43.0000 22.81 1.5826 2.4205 1.376603 
900.2496 73.771 24.951 0.52073 0.24228 -0.679 -0.90297 43.0000 22.97 0.7723 1.1959 1.377220 
899.8458 43.205 37.803 1.86454 1.44646 0.437 0.14804 43.0000 22.54 1.3746 2.1169 1.377838 
899.4420 48.885 21.089 4.58901 1.76971 0.497 -0.67110 43.0000 23.03 1.6640 2.7870 1.378457 
899.0380 47.041 19.926 8.22280 2.98075 -0.470 -0.62420 43.0000 23.16 1.9495 3.3026 1.379076 
898.6340 45.352 18.946 14.51893 4.98388 0.262 -0.18862 43.0000 23.09 2.0374 3.4649 1.379696 
898.2299 44.748 9.989 27.75696 4.88863 -0.995 0.24821 43.0000 22.88 1.7523 3.2050 1.380317 
897.8257 45.782 24.295 9.04302 4.08209 -1.604 -0.27086 43.0000 23.36 1.6603 2.7660 1.380938 
897.4214 47.942 46.004 2.35570 2.43971 0.315 -0.34955 43.0000 23.63 1.4333 2.0888 1.381560 
897.0171 56.502 75.002 0.36983 1.38045 0.056 -0.60672 43.0000 23.08 1.0885 1.3419 1.382183 
896.6127 59.301 130.166 -0.67277 0.79708 0.041 -0.56875 43.0000 23.06 1.1190 1.8266 1.382807 
896.2081 55.156 93.008 -0.09302 1.77006 0.022 -0.65609 43.0000 23.22 1.3114 1.5231 1.383431 
895.8035 50.325 80.923 0.21539 1.34823 0.057 -0.25674 43.0000 23.03 1.1857 1.4820 1.384056 
895.3989 45.256 70.328 0.35871 1.00338 0.025 -0.00954 43.0000 23.17 1.0040 1.7735 1.384681 
894.9941 38.210 55.011 0.44628 0.63761 41.423 0.18801 43.0000 23.50 0.9172 2.0793 1.385307 
894.5892 28.476 21.534 0.48614 0.19183 2.232 0.34001 43.0000 23.87 0.8612 2.2397 1.385934 
894.1843 26.537 330.166 0.47782 -0.27402 0.000 0.41397 43.0000 23.20 0.9681 2.2684 1.386562 
893.7792 22.822 356.833 0.45480 -0.02516 0.002 0.44535 43.0000 23.41 0.8502 2.3628 1.387190 
893.3741 20.523 356.300 0.44900 -0.02903 3.339 0.51676 43.0000 23.18 0.7740 1.9429 1.387819 
892.9689 19.363 349.224 0.45412 -0.08643 -10.904 0.57646 43.0000 23.63 0.6663 1.3269 1.388449 
892.5637 70.159 282.857 0.02691 -0.11792 -1.378 -0.14578 43.0000 23.62 0.5582 0.7638 1.389079 
892.1583 70.091 207.772 -0.44853 -0.23621 0.600 -0.60802 43.0000 24.04 0.6998 1.0685 1.389711 
891.7528 13.428 19.702 0.17997 0.06444 1.301 0.37750 43.0000 23.33 0.6896 1.0317 1.390343 
891.3473 18.426 38.375 0.22299 0.17658 -0.733 0.37951 43.0000 23.99 0.7322 1.3833 1.390975 
890.9417 25.105 49.009 0.24031 0.27653 1.553 0.30513 43.0000 23.56 0.7644 1.5810 1.391608 
890.5359 29.059 50.449 0.22490 0.27233 0.000 0.21970 43.0000 23.64 0.7436 1.5924 1.392242 
890.1302 31.067 49.643 0.18686 0.21990 0.014 0.15257 43.0000 24.09 0.6715 1.5052 1.392877 
889.7243 50.108 210.419 -0.36532 -0.21449 0.000 -0.07634 43.0000 23.57 0.6363 1.4494 1.393512 
889.3184 31.493 26.068 0.24583 0.12026 0.000 0.13952 43.0000 23.53 0.5702 0.8763 1.394148 
888.9123 38.810 29.723 0.59531 0.33988 2.472 0.15048 43.0000 23.71 0.6997 0.8401 1.394785 
888.5062 48.663 41.655 0.60284 0.53627 -2.867 -0.10372 43.0000 24.26 0.8536 1.3430 1.395423 
888.1000 39.915 41.077 0.72949 0.63586 -99.982 0.17359 43.0000 23.62 1.0871 1.4007 1.396061 
887.6937 41.325 44.075 0.74656 0.72283 2.842 0.13404 43.0000 24.16 1.1680 1.5117 1.396700 
887.2873 42.943 44.373 0.71576 0.70026 -220.308 0.07203 43.0000 24.34 1.1320 1.4603 1.397340 
886.8808 47.649 46.926 0.63402 0.67814 3.403 -0.08609 43.0000 23.92 1.0511 1.2956 1.397980 
886.4743 48.800 47.602 0.45951 0.50327 3.826 -0.09093 43.0000 24.13 0.7599 0.9251 1.398621 
886.0676 59.656 62.894 0.15760 0.30789 4.054 -0.19419 43.0000 24.05 0.5620 0.6162 1.399263 
885.6609 70.106 189.030 -0.39852 -0.06333 2.065 -0.48453 43.0000 24.13 0.6123 0.7662 1.399906 
885.2541 57.290 69.220 0.10567 0.27848 0.095 -0.13624 43.0000 24.32 0.5372 0.6163 1.400549 
884.8472 53.994 71.021 0.09644 0.28043 0.018 -0.09629 43.0000 24.20 0.5284 0.6115 1.401193 
884.4402 52.814 70.732 0.10099 0.28891 86.295 -0.08561 43.0000 24.37 0.5245 1.6702 1.401838 
884.0332 50.349 70.203 0.14986 0.41632 2.581 -0.08359 43.0000 24.54 0.5567 0.6520 1.402483 
883.6260 56.157 69.360 0.15437 0.40983 0.000 -0.17974 43.0000 24.35 0.5610 1.3097 1.403130 
883.2188 66.583 68.730 0.20477 0.52601 0.000 -0.52945 43.0000 24.77 0.6081 1.6755 1.403777 
882.8115 65.136 346.770 1.24256 -0.29212 0.000 -1.08144 43.0000 24.40 2.4382 4.9910 1.404424 
882.4041 70.761 349.995 0.33331 -0.05880 0.075 -0.42584 43.0000 24.46 0.8748 2.4117 1.405073 
881.9966 67.858 353.549 0.63639 -0.07195 0.062 -0.65666 43.0000 24.39 3.2287 6.2551 1.405722 
881.5890 67.572 353.704 0.69204 -0.07636 0.066 -0.69972 43.0000 24.60 4.9504 9.4290 1.406372 
881.1813 66.826 355.330 0.74530 -0.06089 0.044 -0.71341 43.0000 24.32 5.9452 11.2986 1.407023 
880.7736 67.383 352.676 0.71907 -0.09242 0.201 -0.71909 43.0000 24.93 6.2675 11.9528 1.407674 
880.3658 67.579 351.853 0.70219 -0.10053 0.002 -0.71328 43.0000 24.56 5.8160 11.1938 1.408326 
879.9579 66.908 334.860 0.77565 -0.36401 -0.049 -0.82209 43.0000 24.64 4.9239 9.6326 1.408979 
879.5499 70.097 357.789 0.54359 -0.02099 0.043 -0.65277 43.0000 24.58 3.0251 6.0147 1.409632 
879.1418 50.667 102.854 -0.19761 0.86600 0.261 -0.17805 43.0000 24.68 1.4768 2.7903 1.410287 
878.7336 61.504 321.263 2.98674 -2.39603 -0.010 -2.48735 43.0000 24.66 3.4577 6.4025 1.410942 
878.3253 39.667 112.169 -0.71918 1.76500 -1.338 0.35892 43.0000 25.03 2.5403 3.5470 1.411598 
877.9170 40.824 110.637 -0.64103 1.70204 3.509 0.26702 43.0000 24.87 2.6537 3.3643 1.412254 
877.5085 42.387 110.261 -0.57140 1.54798 219.256 0.15090 43.0000 24.95 2.5050 3.0040 1.412912 
877.1000 43.084 110.497 -0.49222 1.31673 4.559 0.09418 43.0000 24.95 2.0438 2.4565 1.413570 
876.6915 44.832 113.509 -0.39600 0.91037 2.879 0.00583 43.0000 24.99 1.3301 1.5851 1.414228 
876.2828 61.418 147.711 -0.27929 0.17649 -0.091 -0.21322 43.0000 25.08 0.6459 0.8151 1.414888 
875.8740 56.216 276.806 0.28493 -2.38740 0.414 -0.99254 43.0000 25.80 1.1842 1.5868 1.415548 
875.4651 63.374 185.289 -0.16196 -0.01499 0.062 -0.12145 43.0000 25.52 0.5831 0.6758 1.416209 
875.0562 57.549 149.092 -0.12279 0.07351 0.159 -0.06703 43.0000 25.53 0.5438 0.5815 1.416871 
874.6472 48.016 80.858 0.05572 0.34622 6.338 -0.03705 43.0000 25.09 0.5358 0.6034 1.417534 
874.2380 49.596 48.738 0.54262 0.61848 0.000 -0.13313 43.0000 25.56 0.6166 0.7576 1.418197 
873.8289 56.722 80.281 0.07198 0.42029 2.169 -0.18491 43.0000 25.11 0.5452 0.7571 1.418861 
873.4196 64.284 86.016 0.03183 0.45708 2.379 -0.36534 43.0000 25.73 0.5943 0.8144 1.419526 
873.0102 59.843 83.732 0.05060 0.46072 0.761 -0.26423 43.0000 25.42 0.5793 0.7837 1.420192 
872.6007 58.304 84.272 0.04399 0.43858 -0.099 -0.22079 43.0000 25.12 0.5659 0.7192 1.420858 
872.1912 57.398 74.176 0.15300 0.53980 -0.164 -0.25919 43.0000 25.83 0.6301 0.7475 1.421525 
871.7816 56.857 73.516 0.11981 0.40488 -0.081 -0.18548 43.0000 25.27 0.5900 0.6122 1.422193 
871.3718 60.323 64.752 0.14886 0.31566 3.211 -0.20678 43.0000 26.30 0.6047 0.6973 1.422862 
870.9620 80.710 89.273 0.00130 0.10255 -0.141 -0.30512 43.0000 25.84 0.5453 0.5860 1.423532 
870.5521 82.172 210.615 -0.08910 -0.05273 2.960 -0.36942 43.0000 25.98 0.5465 0.6007 1.424202 
870.1422 81.425 201.625 -0.09059 -0.03591 2.573 -0.31578 43.0000 25.98 0.5378 0.5977 1.424873 
869.7321 80.011 103.184 -0.02621 0.11190 0.038 -0.31615 43.0000 25.79 0.5504 0.6046 1.425545 
869.3219 74.233 80.203 0.04119 0.23853 1.930 -0.39449 43.0000 25.90 0.6131 0.6581 1.426217 
868.9117 66.442 72.047 0.11798 0.36413 2.798 -0.35550 43.0000 26.01 0.6376 0.6694 1.426891 
868.5013 62.140 68.032 0.19009 0.47125 -0.016 -0.34636 43.0000 25.98 0.7040 0.7229 1.427565 
868.0909 59.122 66.215 0.25794 0.58525 1.801 -0.34358 43.0000 26.14 0.8146 0.8374 1.428240 
867.6805 59.371 66.774 0.23799 0.55457 -0.037 -0.33096 43.0000 26.21 0.7963 0.8091 1.428915 
867.2699 60.984 66.519 0.20634 0.47499 2.422 -0.32320 43.0000 26.34 0.7090 0.7215 1.429592 
866.8592 61.118 65.862 0.20209 0.45098 2.517 -0.31163 43.0000 26.65 0.6768 0.6845 1.430269 
866.4485 58.721 64.012 0.20654 0.42370 -0.277 -0.24478 43.0000 26.14 0.6292 0.6354 1.430947 
866.0376 57.902 60.171 0.27364 0.47724 1.532 -0.26598 43.0000 26.06 0.6478 0.6532 1.431626 
865.6267 53.352 64.394 0.24667 0.51472 1.862 -0.17128 43.0000 27.02 0.6368 0.6438 1.432306 
865.2157 53.272 67.211 0.20482 0.48753 -0.015 -0.15709 43.0000 26.34 0.6182 0.6352 1.432986 
864.8046 53.697 69.886 0.18431 0.50327 1.860 -0.16789 43.0000 26.47 0.6300 0.6554 1.433667 
864.3934 53.526 72.025 0.15947 0.49154 1.667 -0.15850 43.0000 26.61 0.6312 0.6724 1.434349 
863.9821 53.611 75.769 0.14056 0.55422 2.450 -0.17723 43.0000 26.60 0.6634 0.7223 1.435032 
863.5707 52.658 74.508 0.14148 0.51045 -3.025 -0.14508 43.0000 26.89 0.6421 0.6963 1.435716 
863.1593 53.097 76.108 0.09277 0.37508 2.268 -0.11221 43.0000 26.90 0.5730 0.6240 1.436400 
862.7477 50.351 70.208 0.15320 0.42573 1.707 -0.08551 43.0000 27.32 0.5928 0.6272 1.437085 
862.3361 50.413 64.871 0.19942 0.42515 -0.007 -0.08981 43.0000 26.88 0.5972 0.6195 1.437771 
861.9244 54.384 60.481 0.24320 0.42952 1.822 -0.16774 43.0000 26.99 0.6211 0.6395 1.438458 
861.5126 51.481 64.002 0.22159 0.45436 -2.366 -0.11636 43.0000 27.33 0.6196 0.6364 1.439145 
861.1008 50.624 66.362 0.15585 0.35608 1.651 -0.07730 43.0000 27.27 0.5700 0.5812 1.439834 
860.6888 50.244 67.398 0.13586 0.32634 1.682 -0.06544 43.0000 27.42 0.5570 0.5713 1.440523 
860.2767 51.370 65.907 0.15285 0.34182 1.706 -0.08465 43.0000 26.86 0.5590 0.5774 1.441213 
859.8646 52.076 67.258 0.14147 0.33750 -0.005 -0.09228 43.0000 27.22 0.5584 0.5816 1.441904 
859.4523 50.892 63.188 0.17533 0.34692 1.631 -0.08109 43.0000 27.57 0.5572 0.5755 1.442595 
859.0400 52.643 61.925 0.19332 0.36243 5.814 -0.11226 43.0000 27.36 0.5661 0.5795 1.443288 
858.6276 54.267 61.324 0.21031 0.38452 1.517 -0.14694 43.0000 27.85 0.5741 0.5850 1.443981 
858.2151 55.093 63.293 0.21669 0.43072 1.646 -0.17726 43.0000 28.08 0.5967 0.6038 1.444675 
857.8026 54.446 64.819 0.21918 0.46619 1.948 -0.17630 43.0000 27.63 0.6321 0.6371 1.445370 
857.3899 53.709 66.994 0.22054 0.51940 1.740 -0.17702 43.0000 27.75 0.6641 0.6681 1.446065 
856.9771 54.450 67.265 0.21702 0.51790 1.679 -0.19225 43.0000 27.01 0.6664 0.6706 1.446762 
856.5643 55.842 66.684 0.21270 0.49352 1.579 -0.21368 43.0000 27.62 0.6693 0.6736 1.447459 
856.1514 55.212 67.451 0.21125 0.50877 0.003 -0.20513 43.0000 28.01 0.6866 0.6916 1.448157 
855.7383 56.895 66.518 0.20532 0.47260 2.064 -0.22715 43.0000 28.22 0.6811 0.6886 1.448856 
855.3253 57.199 66.960 0.21163 0.49760 1.854 -0.24525 43.0000 28.04 0.7060 0.7169 1.449556 
854.9120 56.084 65.673 0.23527 0.52040 2.817 -0.23270 43.0000 27.76 0.7187 0.7279 1.450257 
854.4988 56.522 63.520 0.25154 0.50496 1.911 -0.23999 43.0000 27.80 0.6878 0.6983 1.450958 
854.0854 56.151 65.110 0.24014 0.51757 2.139 -0.23403 43.0000 27.66 0.6909 0.7020 1.451660 
853.6719 54.480 65.451 0.25389 0.55585 2.101 -0.20993 43.0000 28.05 0.7073 0.7172 1.452364 
853.2584 53.472 64.968 0.26350 0.56425 1.724 -0.18972 43.0000 28.00 0.6959 0.7016 1.453067 
852.8448 52.793 64.872 0.25767 0.54937 1.491 -0.16925 43.0000 28.05 0.6885 0.6935 1.453772 
852.4311 53.920 64.051 0.24708 0.50775 2.002 -0.18174 43.0000 27.87 0.6730 0.6785 1.454478 
852.0173 54.000 64.034 0.26018 0.53425 1.617 -0.19309 43.0000 28.08 0.6980 0.7029 1.455184 
851.6034 55.874 63.675 0.24287 0.49087 1.570 -0.21847 43.0000 28.08 0.6807 0.6879 1.455891 
851.1894 56.057 64.325 0.24398 0.50752 1.555 -0.22883 43.0000 27.64 0.6830 0.6915 1.456599 
850.7753 54.196 64.329 0.27001 0.56177 2.038 -0.20724 43.0000 28.06 0.6995 0.7058 1.457308 
850.3612 54.019 62.908 0.26581 0.51963 2.298 -0.19007 43.0000 28.04 0.6637 0.6717 1.458018 
849.9470 53.844 62.758 0.27646 0.53696 1.460 -0.19260 43.0000 28.06 0.6762 0.6834 1.458728 
849.5326 53.486 63.311 0.29072 0.57831 2.206 -0.19756 43.0000 27.99 0.7077 0.7134 1.459440 
849.1182 53.035 63.915 0.29449 0.60151 1.503 -0.19292 43.0000 28.06 0.7220 0.7268 1.460152 
848.7037 52.684 64.018 0.29652 0.60846 1.549 -0.18604 43.0000 28.14 0.7222 0.7263 1.460865 
848.2891 52.286 64.305 0.29453 0.61211 1.728 -0.17659 43.0000 28.47 0.7192 0.7229 1.461579 
847.8744 52.545 63.683 0.29417 0.59476 1.619 -0.17890 43.0000 28.89 0.7095 0.7128 1.462294 
847.4597 51.642 63.727 0.29822 0.60413 1.572 -0.15906 43.0000 28.82 0.7121 0.7147 1.463010 
847.0448 51.861 63.470 0.30058 0.60207 1.477 -0.16431 43.0000 29.06 0.7111 0.7135 1.463726 
846.6298 51.006 63.450 0.30146 0.60330 1.548 -0.14350 43.0000 29.10 0.7072 0.7096 1.464444 
846.2148 50.108 63.055 0.30924 0.60836 1.373 -0.12298 43.0000 28.74 0.7079 0.7104 1.465162 
845.7997 50.792 62.755 0.31644 0.61453 1.502 -0.14169 43.0000 28.90 0.7097 0.7121 1.465881 
845.3845 51.028 62.780 0.31958 0.62130 1.450 -0.14923 43.0000 28.75 0.7158 0.7182 1.466601 
844.9692 50.632 62.672 0.32162 0.62237 1.538 -0.13952 43.0000 28.87 0.7158 0.7183 1.467322 
844.5538 50.836 62.630 0.32827 0.63411 1.722 -0.14750 43.0000 28.66 0.7234 0.7260 1.468044 
844.1383 50.682 62.438 0.33251 0.63707 1.361 -0.14444 43.0000 28.79 0.7237 0.7267 1.468766 
843.7227 49.627 62.603 0.33210 0.64077 1.518 -0.11760 43.0000 29.28 0.7251 0.7281 1.469490 
843.3071 48.986 62.444 0.34028 0.65210 1.214 -0.10301 43.0000 29.22 0.7222 0.7253 1.470214 
842.8914 48.324 62.338 0.34453 0.65730 1.548 -0.08649 43.0000 29.13 0.7227 0.7259 1.470939 
842.4755 48.320 62.392 0.34183 0.65363 1.450 -0.08588 43.0000 29.32 0.7316 0.7349 1.471665 
842.0596 47.970 62.193 0.34311 0.65057 1.473 -0.07653 43.0000 29.41 0.7362 0.7391 1.472392 
841.6436 47.910 62.109 0.34435 0.65062 1.408 -0.07504 43.0000 29.53 0.7390 0.7420 1.473120 
841.2275 48.237 61.899 0.35010 0.65567 1.289 -0.08435 43.0000 29.44 0.7411 0.7442 1.473849 
840.8113 48.740 61.839 0.35370 0.66072 1.288 -0.09841 43.0000 29.76 0.7453 0.7485 1.474578 
840.3951 49.144 61.791 0.35258 0.65732 1.323 -0.10866 43.0000 29.60 0.7547 0.7580 1.475308 
839.9787 48.982 62.090 0.35145 0.66350 1.415 -0.10505 43.0000 29.64 0.7615 0.7648 1.476040 
839.5623 48.392 62.066 0.35486 0.66926 1.455 -0.09010 43.0000 30.12 0.7612 0.7646 1.476772 
839.1457 48.806 62.092 0.35522 0.67068 1.728 -0.10141 43.0000 29.80 0.7692 0.7725 1.477505 
838.7291 48.831 61.777 0.35799 0.66701 1.426 -0.10185 43.0000 29.72 0.7697 0.7731 1.478239 
838.3124 49.032 61.789 0.35914 0.66947 1.369 -0.10764 43.0000 29.99 0.7715 0.7748 1.478974 
837.8956 49.427 61.824 0.36116 0.67424 1.400 -0.11914 43.0000 30.20 0.7747 0.7779 1.479709 
837.4787 49.443 61.557 0.36697 0.67749 1.462 -0.12047 43.0000 30.10 0.7715 0.7748 1.480446 
837.0617 49.138 61.545 0.36937 0.68158 1.850 -0.11276 43.0000 29.98 0.7725 0.7755 1.481183 
836.6447 48.756 61.375 0.37461 0.68638 1.508 -0.10312 43.0000 30.18 0.7712 0.7742 1.481922 
836.2275 48.595 61.223 0.37773 0.68773 1.435 -0.09897 43.0000 30.50 0.7714 0.7745 1.482661 
835.8102 48.473 61.035 0.38246 0.69097 1.395 -0.09621 43.0000 30.73 0.7715 0.7745 1.483401 
835.3929 48.406 61.021 0.38201 0.68977 1.404 -0.09418 43.0000 30.53 0.7754 0.7785 1.484142 
834.9755 48.416 60.896 0.38382 0.68948 1.328 -0.09454 43.0000 30.71 0.7764 0.7794 1.484884 
834.5579 48.163 60.764 0.38662 0.69076 1.332 -0.08776 43.0000 30.82 0.7765 0.7793 1.485627 
834.1403 48.135 60.777 0.38562 0.68933 1.437 -0.08678 43.0000 31.03 0.7764 0.7793 1.486371 
833.7227 48.050 60.685 0.38792 0.69083 1.263 -0.08468 43.0000 30.78 0.7763 0.7793 1.487115 
833.3049 47.987 60.589 0.38987 0.69161 1.375 -0.08308 43.0000 31.06 0.7767 0.7795 1.487861 
832.8870 47.812 60.482 0.39348 0.69496 1.299 -0.07863 43.0000 30.81 0.7771 0.7799 1.488608 
832.4691 47.913 60.550 0.39128 0.69299 1.410 -0.08120 43.0000 31.51 0.7776 0.7805 1.489355 
832.0510 47.780 60.498 0.39440 0.69706 1.481 -0.07795 43.0000 31.72 0.7792 0.7821 1.490103 
831.6329 47.760 60.473 0.39590 0.69899 1.400 -0.07762 43.0000 31.09 0.7801 0.7830 1.490852 
831.2146 47.909 60.309 0.39700 0.69627 1.253 -0.08168 43.0000 31.80 0.7815 0.7843 1.491603 
830.7963 47.821 60.176 0.40092 0.69936 1.444 -0.07964 43.0000 31.73 0.7829 0.7858 1.492354 
830.3779 47.831 60.015 0.40452 0.70108 1.314 -0.08025 43.0000 31.53 0.7858 0.7885 1.493106 
829.9594 47.837 59.951 0.40512 0.70030 1.322 -0.08039 43.0000 32.48 0.7885 0.7911 1.493858 
829.5408 47.786 59.879 0.40846 0.70405 1.367 -0.07941 43.0000 31.79 0.7911 0.7937 1.494612 
829.1221 47.842 59.864 0.40821 0.70319 1.288 -0.08093 43.0000 31.54 0.7922 0.7948 1.495367 
828.7034 47.844 59.847 0.41014 0.70603 1.385 -0.08132 43.0000 32.21 0.7938 0.7965 1.496123 
828.2845 47.829 59.862 0.40956 0.70544 1.462 -0.08082 43.0000 32.47 0.7939 0.7965 1.496879 
827.8656 47.782 59.791 0.41303 0.70941 1.335 -0.07996 43.0000 31.69 0.7959 0.7985 1.497637 
827.4465 47.802 59.727 0.41294 0.70742 1.363 -0.08038 43.0000 32.44 0.7964 0.7990 1.498395 
827.0275 47.794 59.641 0.41382 0.70650 1.364 -0.08011 43.0000 32.66 0.7979 0.8004 1.499154 
826.6082 47.732 59.617 0.41539 0.70851 1.287 -0.07857 43.0000 32.28 0.7986 0.8011 1.499915 
826.1889 47.667 59.557 0.41776 0.71083 1.411 -0.07698 43.0000 32.61 0.8013 0.8037 1.500676 
825.7695 47.647 59.523 0.41841 0.71098 1.423 -0.07643 43.0000 33.28 0.8028 0.8051 1.501438 
825.3500 47.632 59.478 0.41870 0.71021 1.451 -0.07595 43.0000 32.63 0.8041 0.8063 1.502201 
824.9305 47.629 59.459 0.41892 0.71002 1.334 -0.07587 43.0000 32.58 0.8053 0.8075 1.502965 
824.5108 47.617 59.414 0.42083 0.71199 1.282 -0.07577 43.0000 32.84 0.8067 0.8088 1.503730 
824.0911 47.518 59.343 0.42253 0.71283 1.318 -0.07303 43.0000 32.80 0.8079 0.8100 1.504496 
823.6713 47.439 59.306 0.42447 0.71506 1.373 -0.07096 43.0000 32.99 0.8095 0.8115 1.505263 
823.2513 47.405 59.292 0.42536 0.71616 1.365 -0.07008 43.0000 32.69 0.8112 0.8132 1.506031 
822.8313 47.376 59.277 0.42611 0.71698 1.368 -0.06934 43.0000 32.80 0.8116 0.8136 1.506800 
822.4112 47.299 59.272 0.42807 0.72015 1.388 -0.06738 43.0000 33.14 0.8141 0.8160 1.507569 
821.9910 47.319 59.298 0.42840 0.72146 1.277 -0.06808 43.0000 32.89 0.8163 0.8182 1.508340 
821.5707 47.277 59.284 0.42875 0.72163 1.298 -0.06685 43.0000 33.53 0.8166 0.8185 1.509112 
821.1503 47.193 59.267 0.43003 0.72331 1.340 -0.06453 43.0000 33.95 0.8172 0.8190 1.509884 
820.7299 47.088 59.247 0.43264 0.72711 1.374 -0.06176 43.0000 33.95 0.8199 0.8216 1.510658 
820.3093 47.057 59.243 0.43372 0.72884 1.299 -0.06099 43.0000 33.73 0.8222 0.8239 1.511432 
819.8886 47.164 59.226 0.43276 0.72670 1.292 -0.06403 43.0000 33.86 0.8222 0.8240 1.512208 
819.4679 47.150 59.196 0.43381 0.72760 1.289 -0.06369 43.0000 34.24 0.8233 0.8252 1.512984 
819.0471 47.109 59.190 0.43542 0.73014 1.338 -0.06271 43.0000 33.87 0.8254 0.8272 1.513761 
818.6262 47.057 59.172 0.43700 0.73225 1.340 -0.06134 43.0000 34.89 0.8268 0.8287 1.514540 
818.2051 47.035 59.135 0.43818 0.73316 1.343 -0.06078 43.0000 34.36 0.8279 0.8296 1.515319 
817.7841 46.970 59.103 0.43994 0.73519 1.186 -0.05901 43.0000 34.11 0.8286 0.8303 1.516099 
817.3629 46.916 59.093 0.44067 0.73612 1.254 -0.05747 43.0000 34.46 0.8288 0.8305 1.516881 
816.9416 46.890 59.104 0.44171 0.73816 1.239 -0.05684 43.0000 34.15 0.8310 0.8327 1.517663 
816.5202 46.795 59.071 0.44387 0.74080 1.272 -0.05419 43.0000 34.51 0.8327 0.8344 1.518446 
816.0988 46.712 59.072 0.44571 0.74391 1.246 -0.05190 43.0000 34.79 0.8342 0.8359 1.519230 
815.6772 46.650 59.016 0.44832 0.74661 1.286 -0.05021 43.0000 34.75 0.8363 0.8380 1.520015 
815.2556 46.649 59.006 0.44847 0.74655 1.265 -0.05018 43.0000 34.66 0.8369 0.8386 1.520801 
814.8338 46.625 58.992 0.44960 0.74804 1.199 -0.04955 43.0000 34.67 0.8385 0.8401 1.521589 
814.4120 46.553 58.961 0.45166 0.75052 1.290 -0.04753 43.0000 35.34 0.8401 0.8417 1.522377 
813.9901 46.460 58.985 0.45310 0.75363 1.252 -0.04487 43.0000 35.48 0.8419 0.8436 1.523166 
813.5681 46.486 58.992 0.45315 0.75393 1.249 -0.04565 43.0000 35.16 0.8433 0.8450 1.523956 
813.1460 46.448 58.940 0.45442 0.75450 1.229 -0.04457 43.0000 35.19 0.8433 0.8450 1.524747 
812.7238 46.414 58.929 0.45520 0.75546 1.332 -0.04358 43.0000 35.44 0.8439 0.8457 1.525539 
812.3015 46.361 58.874 0.45819 0.75876 1.281 -0.04213 43.0000 35.85 0.8473 0.8491 1.526332 
811.8792 46.295 58.897 0.45795 0.75908 1.250 -0.04011 43.0000 36.14 0.8467 0.8485 1.527126 
811.4567 46.278 58.881 0.45878 0.75996 1.233 -0.03964 43.0000 36.03 0.8480 0.8498 1.527921 
811.0341 46.310 58.844 0.45900 0.75922 1.166 -0.04059 43.0000 35.50 0.8480 0.8498 1.528717 
810.6115 46.242 58.886 0.45962 0.76149 1.251 -0.03858 43.0000 35.65 0.8491 0.8509 1.529514 
810.1888 46.201 58.837 0.46100 0.76232 1.200 -0.03736 43.0000 35.11 0.8493 0.8510 1.530312 
809.7659 46.209 58.776 0.46230 0.76264 1.192 -0.03765 43.0000 36.22 0.8502 0.8519 1.531111 
809.3430 46.212 58.743 0.46314 0.76301 1.161 -0.03777 43.0000 36.21 0.8509 0.8526 1.531912 
808.9200 46.207 58.655 0.46493 0.76331 1.237 -0.03766 43.0000 35.97 0.8517 0.8534 1.532713 
808.4969 46.224 58.590 0.46589 0.76295 1.242 -0.03822 43.0000 36.51 0.8522 0.8539 1.533515 
808.0737 46.271 58.541 0.46594 0.76155 1.267 -0.03964 43.0000 36.47 0.8520 0.8537 1.534318 
807.6505 46.263 58.524 0.46651 0.76199 1.300 -0.03941 43.0000 36.57 0.8531 0.8547 1.535122 
807.2271 46.242 58.497 0.46708 0.76212 1.216 -0.03876 43.0000 36.66 0.8530 0.8546 1.535927 
806.8036 46.262 58.414 0.46868 0.76224 1.190 -0.03944 43.0000 37.12 0.8537 0.8553 1.536733 
806.3801 46.283 58.375 0.46939 0.76223 1.203 -0.04011 43.0000 36.44 0.8539 0.8555 1.537540 
805.9564 46.321 58.319 0.47004 0.76162 1.155 -0.04130 43.0000 36.84 0.8546 0.8561 1.538349 
805.5327 46.352 58.271 0.47064 0.76118 1.182 -0.04228 43.0000 36.95 0.8555 0.8571 1.539158 
805.1089 46.401 58.196 0.47139 0.76015 1.165 -0.04378 43.0000 36.51 0.8558 0.8574 1.539968 
804.6850 46.393 58.165 0.47255 0.76110 1.197 -0.04360 43.0000 36.98 0.8576 0.8592 1.540779 
804.2610 46.383 58.123 0.47328 0.76102 1.200 -0.04331 43.0000 37.63 0.8574 0.8589 1.541591 
803.8369 46.396 58.078 0.47412 0.76106 1.178 -0.04372 43.0000 37.12 0.8580 0.8596 1.542405 
803.4127 46.424 58.044 0.47475 0.76108 1.229 -0.04462 43.0000 37.45 0.8592 0.8608 1.543219 
802.9884 46.432 58.024 0.47514 0.76109 1.271 -0.04490 43.0000 37.37 0.8597 0.8613 1.544035 
802.5640 46.420 57.993 0.47623 0.76192 1.162 -0.04456 43.0000 37.26 0.8609 0.8625 1.544851 
802.1396 46.416 57.942 0.47671 0.76120 1.204 -0.04444 43.0000 38.03 0.8600 0.8616 1.545669 
801.7150 46.424 57.940 0.47670 0.76111 1.206 -0.04467 43.0000 38.23 0.8602 0.8618 1.546487 
801.2903 46.465 57.885 0.47736 0.76054 1.198 -0.04595 43.0000 38.01 0.8607 0.8623 1.547307 
800.8657 46.487 57.872 0.47725 0.75996 1.209 -0.04662 43.0000 37.50 0.8606 0.8621 1.548127 
800.4408 46.501 57.830 0.47710 0.75849 1.237 -0.04700 43.0000 37.44 0.8598 0.8613 1.548949 
800.0159 46.516 57.822 0.47734 0.75865 1.181 -0.04748 43.0000 38.08 0.8603 0.8618 1.549772 
799.5909 46.530 57.759 0.47815 0.75809 1.160 -0.04793 43.0000 37.72 0.8600 0.8615 1.550595 
799.1658 46.522 57.736 0.47905 0.75885 1.171 -0.04773 43.0000 37.80 0.8609 0.8624 1.551420 
798.7406 46.509 57.673 0.48074 0.75965 1.202 -0.04740 43.0000 38.12 0.8620 0.8635 1.552246 
798.3153 46.536 57.646 0.48143 0.75995 1.221 -0.04829 43.0000 37.99 0.8630 0.8645 1.553073 
797.8899 46.546 57.581 0.48307 0.76065 1.199 -0.04869 43.0000 38.55 0.8648 0.8664 1.553901 
797.4644 46.532 57.554 0.48394 0.76120 1.210 -0.04828 43.0000 38.94 0.8655 0.8670 1.554730 
797.0389 46.518 57.497 0.48573 0.76234 1.204 -0.04793 43.0000 38.45 0.8666 0.8681 1.555560 
796.6132 46.498 57.444 0.48721 0.76311 1.240 -0.04737 43.0000 38.38 0.8675 0.8690 1.556391 
796.1875 46.510 57.398 0.48748 0.76221 1.192 -0.04773 43.0000 38.83 0.8672 0.8688 1.557224 
795.7617 46.523 57.345 0.48841 0.76208 1.167 -0.04817 43.0000 38.05 0.8675 0.8691 1.558057 
795.3357 46.563 57.292 0.48907 0.76157 1.208 -0.04943 43.0000 38.80 0.8684 0.8700 1.558891 
794.9097 46.571 57.233 0.49038 0.76187 1.184 -0.04974 43.0000 38.95 0.8695 0.8711 1.559727 
794.4836 46.604 57.163 0.49109 0.76092 1.192 -0.05076 43.0000 38.96 0.8695 0.8712 1.560563 
794.0574 46.604 57.154 0.49155 0.76139 1.201 -0.05080 43.0000 38.80 0.8706 0.8722 1.561401 
793.6310 46.573 57.105 0.49331 0.76269 1.156 -0.04993 43.0000 39.58 0.8717 0.8733 1.562240 
793.2047 46.593 57.041 0.49439 0.76249 1.166 -0.05057 43.0000 39.63 0.8724 0.8740 1.563079 
792.7782 46.601 56.998 0.49502 0.76221 1.197 -0.05083 43.0000 39.03 0.8723 0.8740 1.563920 
792.3516 46.593 56.969 0.49580 0.76256 1.207 -0.05064 43.0000 39.18 0.8727 0.8744 1.564762 
791.9249 46.566 56.941 0.49650 0.76281 1.141 -0.04981 43.0000 38.77 0.8727 0.8743 1.565605 
791.4982 46.586 56.889 0.49765 0.76307 1.147 -0.05050 43.0000 38.99 0.8733 0.8750 1.566449 
791.0714 46.588 56.866 0.49831 0.76342 1.123 -0.05060 43.0000 39.21 0.8740 0.8756 1.567295 
790.6444 46.584 56.835 0.49919 0.76385 1.157 -0.05050 43.0000 39.22 0.8747 0.8764 1.568141 
790.2173 46.618 56.804 0.49913 0.76286 1.168 -0.05155 43.0000 39.11 0.8747 0.8764 1.568989 
789.7902 46.627 56.752 0.50012 0.76286 1.186 -0.05187 43.0000 39.39 0.8749 0.8766 1.569837 
789.3630 46.630 56.719 0.50083 0.76298 1.149 -0.05197 43.0000 39.07 0.8753 0.8769 1.570687 
788.9357 46.640 56.705 0.50138 0.76341 1.146 -0.05235 43.0000 39.63 0.8761 0.8778 1.571537 
788.5083 46.635 56.668 0.50214 0.76348 1.131 -0.05221 43.0000 39.84 0.8762 0.8779 1.572389 
788.0807 46.607 56.663 0.50275 0.76430 1.135 -0.05138 43.0000 39.55 0.8767 0.8784 1.573242 
787.6532 46.590 56.631 0.50394 0.76517 1.144 -0.05089 43.0000 39.48 0.8777 0.8794 1.574096 
787.2255 46.588 56.622 0.50391 0.76487 1.122 -0.05081 43.0000 39.19 0.8774 0.8791 1.574951 
786.7977 46.581 56.549 0.50480 0.76409 1.123 -0.05061 43.0000 39.66 0.8768 0.8784 1.575808 
786.3699 46.554 56.517 0.50598 0.76493 1.150 -0.04981 43.0000 39.87 0.8777 0.8793 1.576665 
785.9419 46.555 56.505 0.50640 0.76523 1.125 -0.04986 43.0000 39.76 0.8787 0.8804 1.577524 
785.5139 46.564 56.476 0.50691 0.76517 1.123 -0.05017 43.0000 39.48 0.8790 0.8807 1.578383 
785.0857 46.551 56.437 0.50778 0.76534 1.142 -0.04977 43.0000 40.06 0.8788 0.8805 1.579244 
784.6575 46.553 56.382 0.50893 0.76547 1.138 -0.04987 43.0000 39.89 0.8793 0.8809 1.580106 
784.2291 46.549 56.370 0.50915 0.76545 1.138 -0.04975 43.0000 40.03 0.8794 0.8811 1.580969 
783.8007 46.542 56.339 0.50961 0.76525 1.145 -0.04953 43.0000 40.03 0.8791 0.8807 1.581833 
783.3722 46.544 56.308 0.51015 0.76518 1.125 -0.04963 43.0000 40.28 0.8794 0.8809 1.582698 
782.9435 46.581 56.255 0.51080 0.76460 1.128 -0.05079 43.0000 40.46 0.8799 0.8814 1.583565 
782.5148 46.570 56.234 0.51170 0.76535 1.083 -0.05050 43.0000 40.39 0.8813 0.8829 1.584433 
782.0861 46.548 56.240 0.51192 0.76587 1.104 -0.04983 43.0000 40.17 0.8818 0.8834 1.585301 
781.6572 46.531 56.229 0.51219 0.76594 1.112 -0.04928 43.0000 39.73 0.8820 0.8836 1.586171 
781.2282 46.527 56.195 0.51291 0.76605 1.115 -0.04919 43.0000 40.04 0.8822 0.8838 1.587042 
780.7991 46.535 56.183 0.51304 0.76587 1.123 -0.04945 43.0000 39.98 0.8826 0.8842 1.587914 
780.3699 46.542 56.159 0.51346 0.76581 1.094 -0.04966 43.0000 40.08 0.8832 0.8848 1.588788 
779.9407 46.558 56.138 0.51352 0.76529 1.141 -0.05018 43.0000 40.36 0.8833 0.8849 1.589662 
779.5113 46.560 56.118 0.51378 0.76511 1.112 -0.05024 43.0000 40.14 0.8833 0.8849 1.590537 
779.0818 46.602 56.076 0.51414 0.76444 1.175 -0.05158 43.0000 40.18 0.8837 0.8853 1.591414 
778.6523 46.617 56.026 0.51528 0.76468 1.124 -0.05211 43.0000 40.68 0.8843 0.8860 1.592292 
778.2227 46.624 55.987 0.51625 0.76500 1.097 -0.05239 43.0000 40.85 0.8853 0.8870 1.593171 
777.7930 46.641 55.965 0.51647 0.76471 1.106 -0.05291 43.0000 40.21 0.8859 0.8875 1.594051 
777.3632 46.647 55.942 0.51713 0.76499 1.112 -0.05313 43.0000 40.02 0.8864 0.8880 1.594933 
776.9332 46.675 55.899 0.51751 0.76433 1.123 -0.05404 43.0000 40.65 0.8868 0.8884 1.595815 
776.5032 46.694 55.860 0.51794 0.76384 1.100 -0.05462 43.0000 40.92 0.8870 0.8886 1.596699 
776.0731 46.696 55.829 0.51843 0.76368 1.117 -0.05472 43.0000 40.75 0.8872 0.8888 1.597584 
775.6429 46.696 55.776 0.51944 0.76364 1.138 -0.05473 43.0000 40.26 0.8873 0.8889 1.598470 
775.2126 46.739 55.738 0.51938 0.76246 1.108 -0.05608 43.0000 40.91 0.8872 0.8888 1.599357 
774.7822 46.768 55.698 0.51977 0.76189 1.118 -0.05698 43.0000 41.20 0.8877 0.8893 1.600246 
774.3517 46.766 55.699 0.51990 0.76212 1.112 -0.05693 43.0000 41.30 0.8880 0.8895 1.601135 
773.9212 46.762 55.655 0.52089 0.76231 1.112 -0.05687 43.0000 40.86 0.8884 0.8900 1.602026 
773.4905 46.753 55.639 0.52147 0.76269 1.086 -0.05662 43.0000 40.84 0.8889 0.8904 1.602918 
773.0598 46.747 55.610 0.52233 0.76313 1.076 -0.05647 43.0000 41.65 0.8892 0.8907 1.603811 
772.6289 46.764 55.576 0.52292 0.76303 1.107 -0.05702 43.0000 41.27 0.8898 0.8913 1.604706 
772.1980 46.782 55.531 0.52369 0.76286 1.097 -0.05762 43.0000 41.07 0.8902 0.8917 1.605601 
771.7669 46.782 55.496 0.52419 0.76259 1.098 -0.05763 43.0000 41.13 0.8902 0.8917 1.606498 
771.3358 46.785 55.468 0.52457 0.76234 1.072 -0.05773 43.0000 41.67 0.8904 0.8918 1.607396 
770.9046 46.790 55.429 0.52527 0.76224 1.077 -0.05791 43.0000 41.20 0.8908 0.8923 1.608295 
770.4733 46.801 55.393 0.52595 0.76220 1.094 -0.05828 43.0000 41.43 0.8915 0.8930 1.609195 
770.0419 46.810 55.362 0.52650 0.76213 1.093 -0.05859 43.0000 40.96 0.8919 0.8933 1.610097 
769.6104 46.816 55.341 0.52715 0.76246 1.083 -0.05882 43.0000 41.52 0.8924 0.8938 1.610999 
769.1787 46.821 55.323 0.52755 0.76252 1.089 -0.05903 43.0000 41.94 0.8925 0.8939 1.611904 
768.7471 46.836 55.299 0.52749 0.76178 1.089 -0.05945 43.0000 41.85 0.8924 0.8937 1.612809 
768.3152 46.841 55.275 0.52845 0.76246 1.106 -0.05970 43.0000 41.96 0.8934 0.8948 1.613715 
767.8834 46.846 55.227 0.52957 0.76272 1.079 -0.05991 43.0000 42.28 0.8939 0.8953 1.614623 
767.4514 46.865 55.168 0.53048 0.76234 1.088 -0.06053 43.0000 42.35 0.8942 0.8956 1.615531 
767.0193 46.884 55.132 0.53087 0.76188 1.080 -0.06117 43.0000 42.41 0.8942 0.8955 1.616442 
766.5872 46.895 55.093 0.53168 0.76193 1.084 -0.06156 43.0000 42.02 0.8946 0.8960 1.617353 
766.1549 46.910 55.046 0.53233 0.76155 1.064 -0.06203 43.0000 42.42 0.8946 0.8960 1.618265 
765.7225 46.921 55.037 0.53250 0.76152 1.059 -0.06240 43.0000 43.11 0.8946 0.8961 1.619179 
765.2901 46.944 55.010 0.53279 0.76118 1.070 -0.06316 43.0000 42.59 0.8950 0.8965 1.620094 
764.8575 46.942 54.996 0.53346 0.76173 1.064 -0.06313 43.0000 43.32 0.8956 0.8970 1.621010 
764.4249 46.934 54.957 0.53453 0.76216 1.077 -0.06294 43.0000 42.85 0.8961 0.8975 1.621928 
763.9922 46.927 54.930 0.53556 0.76288 1.066 -0.06279 43.0000 42.83 0.8968 0.8982 1.622846 
763.5593 46.948 54.886 0.53637 0.76277 1.086 -0.06351 43.0000 43.29 0.8974 0.8988 1.623766 
763.1264 46.966 54.876 0.53641 0.76255 1.065 -0.06408 43.0000 43.20 0.8975 0.8989 1.624687 
762.6934 46.955 54.826 0.53761 0.76284 1.089 -0.06378 43.0000 43.43 0.8980 0.8994 1.625610 
762.2603 46.975 54.793 0.53778 0.76215 1.065 -0.06439 43.0000 43.83 0.8977 0.8991 1.626533 
761.8271 46.969 54.766 0.53855 0.76248 1.055 -0.06425 43.0000 43.90 0.8981 0.8995 1.627458 
761.3938 46.996 54.725 0.53874 0.76158 1.080 -0.06511 43.0000 43.58 0.8979 0.8993 1.628385 
760.9604 47.021 54.667 0.53943 0.76092 1.069 -0.06592 43.0000 43.37 0.8981 0.8995 1.629312 
760.5269 47.023 54.637 0.54030 0.76134 1.051 -0.06603 43.0000 43.93 0.8987 0.9000 1.630241 
760.0933 47.027 54.599 0.54132 0.76170 1.077 -0.06624 43.0000 44.27 0.8996 0.9010 1.631171 
759.6597 47.033 54.552 0.54239 0.76186 1.056 -0.06649 43.0000 44.00 0.9003 0.9017 1.632102 
759.2259 47.059 54.531 0.54225 0.76108 1.075 -0.06728 43.0000 44.14 0.9005 0.9019 1.633034 
758.7921 47.059 54.509 0.54280 0.76121 1.045 -0.06732 43.0000 44.22 0.9008 0.9022 1.633968 
758.3581 47.075 54.455 0.54360 0.76082 1.058 -0.06786 43.0000 44.57 0.9009 0.9023 1.634903 
757.9240 47.093 54.422 0.54371 0.76006 1.061 -0.06839 43.0000 44.85 0.9004 0.9018 1.635839 
757.4899 47.109 54.391 0.54406 0.75969 1.062 -0.06893 43.0000 45.06 0.9008 0.9021 1.636777 
757.0556 47.130 54.366 0.54417 0.75914 1.043 -0.06958 43.0000 44.58 0.9006 0.9019 1.637716 
756.6213 47.144 54.340 0.54484 0.75936 1.054 -0.07009 43.0000 44.42 0.9012 0.9025 1.638656 
756.1868 47.174 54.285 0.54545 0.75867 1.055 -0.07106 43.0000 44.71 0.9013 0.9026 1.639597 
755.7523 47.176 54.272 0.54569 0.75861 1.042 -0.07112 43.0000 44.10 0.9012 0.9026 1.640540 
755.3177 47.180 54.242 0.54643 0.75881 1.059 -0.07128 43.0000 45.55 0.9017 0.9031 1.641484 
754.8830 47.203 54.221 0.54637 0.75816 1.072 -0.07200 43.0000 45.05 0.9016 0.9029 1.642429 
754.4482 47.219 54.201 0.54635 0.75756 1.061 -0.07249 43.0000 44.93 0.9015 0.9028 1.643376 
754.0132 47.230 54.181 0.54670 0.75748 1.068 -0.07286 43.0000 46.13 0.9018 0.9030 1.644324 
753.5782 47.226 54.140 0.54765 0.75767 1.056 -0.07278 43.0000 45.45 0.9021 0.9034 1.645273 
753.1431 47.230 54.113 0.54822 0.75769 1.047 -0.07295 43.0000 45.75 0.9025 0.9038 1.646223 
752.7079 47.237 54.092 0.54841 0.75737 1.047 -0.07316 43.0000 45.37 0.9024 0.9037 1.647175 
752.2726 47.255 54.059 0.54873 0.75692 1.038 -0.07373 43.0000 46.38 0.9024 0.9037 1.648129 
751.8373 47.275 54.039 0.54858 0.75614 1.033 -0.07433 43.0000 45.77 0.9021 0.9034 1.649083 
751.4018 47.297 53.973 0.54950 0.75557 1.046 -0.07507 43.0000 46.09 0.9024 0.9037 1.650039 
750.9662 47.315 53.950 0.54981 0.75535 1.041 -0.07565 43.0000 45.97 0.9031 0.9044 1.650996 
750.5306 47.340 53.928 0.54982 0.75478 1.040 -0.07643 43.0000 46.09 0.9032 0.9045 1.651954 
750.0948 47.360 53.879 0.55033 0.75410 1.047 -0.07707 43.0000 46.16 0.9029 0.9043 1.652914 
749.6589 47.365 53.847 0.55087 0.75395 1.059 -0.07726 43.0000 46.14 0.9031 0.9044 1.653875 
749.2230 47.377 53.815 0.55113 0.75343 1.043 -0.07765 43.0000 46.39 0.9032 0.9045 1.654837 
748.7869 47.386 53.795 0.55130 0.75311 1.045 -0.07790 43.0000 46.84 0.9030 0.9043 1.655801 
748.3508 47.389 53.755 0.55219 0.75322 1.040 -0.07807 43.0000 46.45 0.9035 0.9048 1.656766 
747.9146 47.386 53.736 0.55278 0.75352 1.050 -0.07803 43.0000 46.85 0.9042 0.9056 1.657732 
747.4782 47.398 53.718 0.55298 0.75327 1.045 -0.07839 43.0000 45.91 0.9045 0.9058 1.658700 
747.0417 47.402 53.687 0.55351 0.75317 1.040 -0.07856 43.0000 46.49 0.9048 0.9061 1.659669 
746.6052 47.411 53.650 0.55391 0.75268 1.030 -0.07884 43.0000 46.81 0.9046 0.9060 1.660639 
746.1686 47.422 53.604 0.55469 0.75248 1.029 -0.07923 43.0000 47.13 0.9050 0.9064 1.661611 
745.7319 47.434 53.554 0.55564 0.75240 1.037 -0.07967 43.0000 46.84 0.9053 0.9067 1.662584 
745.2950 47.439 53.524 0.55629 0.75244 1.030 -0.07986 43.0000 46.55 0.9058 0.9072 1.663559 
744.8582 47.456 53.472 0.55706 0.75207 1.029 -0.08044 43.0000 47.09 0.9060 0.9074 1.664534 
744.4211 47.457 53.450 0.55750 0.75206 1.030 -0.08048 43.0000 46.73 0.9061 0.9075 1.665512 
743.9841 47.445 53.427 0.55838 0.75260 1.023 -0.08017 43.0000 47.15 0.9066 0.9080 1.666490 
743.5468 47.462 53.384 0.55887 0.75207 1.038 -0.08073 43.0000 46.87 0.9067 0.9081 1.667470 
743.1096 47.471 53.354 0.55931 0.75184 1.034 -0.08104 43.0000 47.24 0.9069 0.9083 1.668451 
742.6722 47.479 53.335 0.55951 0.75159 1.031 -0.08127 43.0000 46.88 0.9072 0.9086 1.669434 
742.2347 47.494 53.300 0.55967 0.75086 1.029 -0.08173 43.0000 47.50 0.9068 0.9082 1.670418 
741.7971 47.509 53.248 0.56022 0.75017 1.034 -0.08221 43.0000 47.62 0.9067 0.9081 1.671403 
741.3594 47.523 53.214 0.56044 0.74953 1.026 -0.08262 43.0000 46.91 0.9066 0.9080 1.672390 
740.9216 47.524 53.189 0.56082 0.74937 1.028 -0.08267 43.0000 47.87 0.9068 0.9081 1.673378 
740.4838 47.535 53.155 0.56116 0.74888 1.021 -0.08304 43.0000 47.86 0.9067 0.9081 1.674367 
740.0458 47.539 53.137 0.56129 0.74858 1.022 -0.08315 43.0000 48.27 0.9066 0.9079 1.675358 
739.6077 47.543 53.117 0.56144 0.74823 1.029 -0.08325 43.0000 48.32 0.9066 0.9080 1.676351 
739.1696 47.538 53.079 0.56225 0.74828 1.017 -0.08313 43.0000 48.10 0.9068 0.9082 1.677344 
738.7313 47.539 53.057 0.56267 0.74824 1.019 -0.08320 43.0000 48.23 0.9068 0.9082 1.678339 
738.2930 47.552 53.011 0.56317 0.74764 1.021 -0.08361 43.0000 48.35 0.9067 0.9081 1.679336 
737.8545 47.557 52.979 0.56356 0.74729 1.008 -0.08375 43.0000 48.29 0.9067 0.9080 1.680334 
737.4160 47.566 52.942 0.56414 0.74705 1.019 -0.08408 43.0000 48.06 0.9069 0.9082 1.681333 
736.9773 47.586 52.909 0.56417 0.74622 1.020 -0.08468 43.0000 47.87 0.9067 0.9080 1.682334 
736.5386 47.595 52.875 0.56452 0.74576 1.019 -0.08495 43.0000 47.99 0.9064 0.9077 1.683336 
736.0997 47.609 52.845 0.56471 0.74520 1.015 -0.08537 43.0000 49.43 0.9063 0.9076 1.684340 
735.6608 47.620 52.813 0.56505 0.74477 1.023 -0.08574 43.0000 48.54 0.9063 0.9076 1.685344 
735.2218 47.628 52.783 0.56540 0.74442 1.019 -0.08601 43.0000 48.47 0.9065 0.9077 1.686351 
734.7827 47.641 52.770 0.56512 0.74372 1.012 -0.08637 43.0000 48.38 0.9060 0.9073 1.687359 
734.3434 47.640 52.728 0.56576 0.74341 1.023 -0.08635 43.0000 48.82 0.9058 0.9071 1.688368 
733.9041 47.650 52.687 0.56633 0.74306 1.021 -0.08666 43.0000 48.97 0.9059 0.9072 1.689379 
733.4647 47.653 52.658 0.56653 0.74255 1.008 -0.08673 43.0000 49.90 0.9057 0.9070 1.690391 
733.0252 47.652 52.639 0.56677 0.74234 1.004 -0.08672 43.0000 49.25 0.9056 0.9068 1.691404 
732.5856 47.651 52.589 0.56785 0.74242 1.004 -0.08675 43.0000 49.06 0.9058 0.9071 1.692419 
732.1459 47.661 52.558 0.56801 0.74180 1.005 -0.08704 43.0000 48.94 0.9058 0.9070 1.693436 
731.7061 47.677 52.524 0.56784 0.74067 1.008 -0.08748 43.0000 49.44 0.9052 0.9065 1.694453 
731.2662 47.679 52.500 0.56817 0.74047 1.014 -0.08753 43.0000 49.17 0.9053 0.9066 1.695473 
730.8262 47.685 52.465 0.56839 0.73979 1.010 -0.08768 43.0000 49.39 0.9053 0.9066 1.696494 
730.3861 47.700 52.453 0.56795 0.73892 1.007 -0.08810 43.0000 49.75 0.9051 0.9063 1.697516 
729.9459 47.716 52.412 0.56811 0.73803 1.014 -0.08855 43.0000 49.70 0.9049 0.9061 1.698539 
729.5057 47.737 52.373 0.56801 0.73687 1.018 -0.08917 43.0000 48.99 0.9048 0.9060 1.699564 
729.0653 47.749 52.319 0.56866 0.73627 1.012 -0.08953 43.0000 49.02 0.9049 0.9061 1.700591 
728.6248 47.750 52.292 0.56877 0.73570 1.004 -0.08954 43.0000 49.00 0.9046 0.9057 1.701619 
728.1843 47.750 52.261 0.56900 0.73516 1.009 -0.08951 43.0000 49.51 0.9044 0.9055 1.702648 
727.7436 47.761 52.230 0.56915 0.73454 1.000 -0.08985 43.0000 49.13 0.9044 0.9055 1.703680 
727.3028 47.764 52.210 0.56911 0.73397 1.003 -0.08989 43.0000 49.30 0.9042 0.9054 1.704712 
726.8619 47.771 52.155 0.56977 0.73336 1.005 -0.09010 43.0000 49.67 0.9042 0.9053 1.705746 
726.4210 47.775 52.120 0.56994 0.73265 1.011 -0.09018 43.0000 49.84 0.9038 0.9050 1.706781 
725.9799 47.781 52.085 0.57028 0.73217 1.005 -0.09038 43.0000 49.44 0.9039 0.9051 1.707818 
725.5388 47.803 52.028 0.57056 0.73101 1.013 -0.09102 43.0000 49.69 0.9037 0.9048 1.708857 
725.0975 47.822 51.971 0.57111 0.73022 1.011 -0.09163 43.0000 49.63 0.9040 0.9051 1.709897 
724.6561 47.835 51.934 0.57132 0.72953 1.002 -0.09201 43.0000 48.83 0.9041 0.9053 1.710938 
724.2147 47.844 51.901 0.57127 0.72860 1.001 -0.09223 43.0000 49.55 0.9039 0.9051 1.711981 
723.7732 47.853 51.860 0.57148 0.72779 0.998 -0.09246 43.0000 49.32 0.9037 0.9049 1.713025 
723.3315 47.870 51.824 0.57145 0.72681 0.989 -0.09293 43.0000 48.48 0.9037 0.9048 1.714072 
722.8898 47.879 51.771 0.57203 0.72617 1.004 -0.09322 43.0000 49.90 0.9037 0.9048 1.715119 
722.4479 47.892 51.728 0.57227 0.72536 0.991 -0.09360 43.0000 49.74 0.9037 0.9048 1.716168 
722.0060 47.902 51.686 0.57253 0.72460 0.997 -0.09389 43.0000 49.49 0.9036 0.9047 1.717218 
721.5640 47.921 51.622 0.57329 0.72389 0.989 -0.09449 43.0000 49.22 0.9040 0.9051 1.718270 
721.1218 47.929 51.584 0.57368 0.72338 0.999 -0.09473 43.0000 49.42 0.9041 0.9052 1.719324 
720.6796 47.935 51.552 0.57399 0.72295 0.999 -0.09492 43.0000 49.86 0.9042 0.9053 1.720379 
720.2373 47.946 51.507 0.57431 0.72218 1.000 -0.09522 43.0000 49.89 0.9042 0.9053 1.721435 
719.7949 47.952 51.485 0.57433 0.72163 0.990 -0.09537 43.0000 49.81 0.9041 0.9052 1.722493 
719.3524 47.959 51.444 0.57480 0.72116 0.991 -0.09559 43.0000 49.51 0.9045 0.9056 1.723553 
718.9097 47.967 51.401 0.57512 0.72046 0.996 -0.09582 43.0000 49.65 0.9044 0.9055 1.724614 
718.4670 47.977 51.359 0.57547 0.71983 0.991 -0.09612 43.0000 49.75 0.9045 0.9056 1.725677 
718.0242 47.986 51.299 0.57651 0.71958 0.993 -0.09646 43.0000 50.76 0.9049 0.9060 1.726741 
717.5813 48.006 51.248 0.57683 0.71865 0.993 -0.09704 43.0000 50.38 0.9050 0.9061 1.727807 
717.1383 48.022 51.203 0.57720 0.71797 0.990 -0.09754 43.0000 49.49 0.9050 0.9061 1.728874 
716.6952 48.036 51.153 0.57757 0.71715 0.992 -0.09796 43.0000 50.21 0.9051 0.9061 1.729943 
716.2520 48.052 51.105 0.57803 0.71649 0.990 -0.09845 43.0000 50.30 0.9053 0.9063 1.731013 
715.8087 48.067 51.041 0.57871 0.71569 0.994 -0.09893 43.0000 50.40 0.9053 0.9064 1.732086 
715.3653 48.078 50.986 0.57936 0.71509 0.993 -0.09928 43.0000 50.50 0.9056 0.9067 1.733159 
714.9218 48.086 50.955 0.57956 0.71455 0.995 -0.09950 43.0000 50.29 0.9057 0.9068 1.734234 
714.4782 48.095 50.903 0.58016 0.71398 0.991 -0.09979 43.0000 50.49 0.9059 0.9069 1.735311 
714.0345 48.108 50.837 0.58098 0.71329 0.997 -0.10020 43.0000 50.26 0.9060 0.9071 1.736389 
713.5907 48.115 50.784 0.58166 0.71277 0.996 -0.10043 43.0000 50.54 0.9064 0.9074 1.737469 
713.1469 48.134 50.729 0.58199 0.71179 0.986 -0.10100 43.0000 49.65 0.9063 0.9074 1.738550 
712.7028 48.148 50.677 0.58249 0.71108 0.991 -0.10140 43.0000 50.20 0.9064 0.9074 1.739634 
712.2588 48.161 50.617 0.58331 0.71057 0.996 -0.10184 43.0000 50.89 0.9068 0.9079 1.740718 
711.8146 48.174 50.560 0.58401 0.70996 0.983 -0.10227 43.0000 49.98 0.9071 0.9082 1.741805 
711.3703 48.192 50.502 0.58458 0.70921 0.993 -0.10283 43.0000 50.48 0.9074 0.9084 1.742892 
710.9259 48.207 50.437 0.58547 0.70864 0.989 -0.10332 43.0000 50.19 0.9076 0.9087 1.743982 
710.4814 48.219 50.385 0.58597 0.70794 0.982 -0.10369 43.0000 50.54 0.9077 0.9088 1.745073 
710.0369 48.234 50.329 0.58666 0.70737 0.985 -0.10418 43.0000 50.43 0.9080 0.9090 1.746165 
709.5922 48.243 50.272 0.58749 0.70692 0.993 -0.10449 43.0000 49.92 0.9082 0.9092 1.747260 
709.1474 48.256 50.226 0.58809 0.70650 0.990 -0.10493 43.0000 50.48 0.9085 0.9096 1.748356 
708.7026 48.268 50.177 0.58858 0.70586 0.992 -0.10531 43.0000 50.82 0.9086 0.9097 1.749453 
708.2576 48.288 50.126 0.58902 0.70512 0.988 -0.10591 43.0000 50.75 0.9088 0.9099 1.750552 
707.8125 48.297 50.080 0.58959 0.70465 0.991 -0.10622 43.0000 50.19 0.9091 0.9101 1.751653 
707.3674 48.323 50.020 0.59007 0.70372 0.989 -0.10700 43.0000 50.30 0.9092 0.9102 1.752755 
706.9221 48.342 49.960 0.59069 0.70296 0.988 -0.10760 43.0000 51.00 0.9095 0.9105 1.753859 
706.4767 48.364 49.901 0.59122 0.70213 0.989 -0.10827 43.0000 50.94 0.9098 0.9108 1.754965 
706.0313 48.381 49.835 0.59194 0.70134 0.990 -0.10883 43.0000 50.91 0.9098 0.9109 1.756072 
705.5857 48.403 49.779 0.59254 0.70065 0.988 -0.10951 43.0000 51.08 0.9103 0.9113 1.757181 
705.1401 48.411 49.730 0.59323 0.70024 0.988 -0.10980 43.0000 50.55 0.9105 0.9116 1.758292 
704.6943 48.425 49.675 0.59393 0.69972 0.989 -0.11026 43.0000 50.62 0.9108 0.9118 1.759404 
704.2484 48.435 49.626 0.59452 0.69920 0.987 -0.11058 43.0000 50.11 0.9107 0.9117 1.760518 
703.8025 48.446 49.577 0.59509 0.69866 0.994 -0.11094 43.0000 50.36 0.9106 0.9116 1.761633 
703.3564 48.458 49.509 0.59605 0.69810 0.992 -0.11136 43.0000 50.19 0.9107 0.9117 1.762751 
702.9103 48.475 49.456 0.59685 0.69773 0.987 -0.11193 43.0000 51.11 0.9111 0.9121 1.763869 
702.4641 48.493 49.396 0.59765 0.69718 0.993 -0.11252 43.0000 51.11 0.9113 0.9124 1.764990 
702.0177 48.508 49.338 0.59843 0.69668 0.990 -0.11302 43.0000 50.75 0.9115 0.9125 1.766112 
701.5712 48.522 49.283 0.59911 0.69611 0.991 -0.11350 43.0000 50.83 0.9116 0.9126 1.767236 
701.1247 48.532 49.238 0.59989 0.69591 0.993 -0.11387 43.0000 51.55 0.9119 0.9129 1.768361 
700.6780 48.547 49.189 0.60052 0.69543 0.997 -0.11435 43.0000 50.53 0.9122 0.9132 1.769489 
700.2313 48.553 49.141 0.60138 0.69527 0.998 -0.11459 43.0000 51.18 0.9124 0.9134 1.770618 
699.7844 48.562 49.086 0.60220 0.69484 0.999 -0.11491 43.0000 50.01 0.9127 0.9138 1.771748 
699.3375 48.578 49.031 0.60286 0.69427 0.991 -0.11543 43.0000 50.52 0.9130 0.9140 1.772881 
698.8904 48.586 48.977 0.60379 0.69401 0.990 -0.11575 43.0000 51.19 0.9132 0.9142 1.774015 
698.4433 48.601 48.923 0.60456 0.69357 0.992 -0.11626 43.0000 51.04 0.9135 0.9145 1.775150 
697.9961 48.611 48.858 0.60566 0.69325 0.991 -0.11667 43.0000 50.90 0.9140 0.9150 1.776288 
697.5488 48.630 48.806 0.60631 0.69273 0.999 -0.11727 43.0000 50.96 0.9143 0.9154 1.777427 
697.1013 48.640 48.753 0.60696 0.69219 0.999 -0.11762 43.0000 50.90 0.9143 0.9153 1.778568 
696.6537 48.654 48.699 0.60770 0.69171 1.000 -0.11808 43.0000 50.72 0.9145 0.9155 1.779711 
696.2061 48.670 48.641 0.60850 0.69120 0.997 -0.11861 43.0000 50.41 0.9148 0.9158 1.780855 
695.7584 48.690 48.587 0.60901 0.69047 0.997 -0.11925 43.0000 50.54 0.9150 0.9160 1.782001 
695.3105 48.714 48.525 0.60960 0.68962 1.000 -0.11999 43.0000 51.56 0.9151 0.9161 1.783149 
694.8626 48.730 48.467 0.61033 0.68905 0.999 -0.12052 43.0000 51.15 0.9155 0.9165 1.784298 
694.4146 48.743 48.419 0.61092 0.68856 0.999 -0.12097 43.0000 51.22 0.9158 0.9167 1.785449 
693.9664 48.758 48.370 0.61167 0.68820 1.000 -0.12148 43.0000 50.33 0.9160 0.9170 1.786602 
693.5182 48.765 48.310 0.61286 0.68810 0.994 -0.12180 43.0000 50.37 0.9164 0.9174 1.787757 
693.0699 48.781 48.261 0.61354 0.68769 1.007 -0.12235 43.0000 50.71 0.9168 0.9178 1.788913 
692.6215 48.792 48.210 0.61442 0.68744 1.001 -0.12276 43.0000 50.54 0.9170 0.9180 1.790071 
692.1729 48.807 48.156 0.61508 0.68687 1.005 -0.12324 43.0000 51.00 0.9170 0.9180 1.791231 
691.7243 48.820 48.104 0.61579 0.68640 0.998 -0.12370 43.0000 51.13 0.9173 0.9183 1.792393 
691.2756 48.838 48.052 0.61654 0.68600 0.996 -0.12430 43.0000 50.73 0.9175 0.9185 1.793557 
690.8267 48.852 47.998 0.61717 0.68538 1.008 -0.12477 43.0000 50.33 0.9177 0.9186 1.794722 
690.3778 48.869 47.939 0.61799 0.68489 1.000 -0.12533 43.0000 50.23 0.9180 0.9190 1.795889 
689.9288 48.879 47.887 0.61878 0.68450 1.011 -0.12572 43.0000 50.21 0.9182 0.9192 1.797058 
689.4797 48.897 47.827 0.61952 0.68388 1.005 -0.12631 43.0000 50.10 0.9186 0.9195 1.798228 
689.0304 48.919 47.769 0.62009 0.68313 1.009 -0.12699 43.0000 49.52 0.9187 0.9196 1.799401 
688.5811 48.934 47.718 0.62074 0.68262 1.002 -0.12749 43.0000 50.89 0.9190 0.9200 1.800575 
688.1317 48.949 47.668 0.62127 0.68199 1.001 -0.12797 43.0000 50.48 0.9191 0.9201 1.801751 
687.6821 48.961 47.617 0.62195 0.68152 1.007 -0.12839 43.0000 50.68 0.9194 0.9203 1.802929 
687.2325 48.978 47.554 0.62281 0.68096 1.012 -0.12896 43.0000 50.81 0.9196 0.9205 1.804108 
686.7828 48.994 47.503 0.62337 0.68035 1.014 -0.12948 43.0000 50.63 0.9196 0.9206 1.805290 
686.3329 49.010 47.453 0.62396 0.67982 1.014 -0.13002 43.0000 50.01 0.9198 0.9208 1.806473 
685.8830 49.024 47.405 0.62464 0.67940 1.012 -0.13048 43.0000 50.04 0.9200 0.9209 1.807658 
685.4330 49.041 47.361 0.62526 0.67902 1.009 -0.13109 43.0000 50.39 0.9203 0.9213 1.808845 
684.9828 49.059 47.309 0.62591 0.67850 1.011 -0.13166 43.0000 50.19 0.9206 0.9216 1.810034 
684.5327 49.071 47.265 0.62637 0.67796 1.008 -0.13207 43.0000 50.34 0.9206 0.9215 1.811224 
684.0823 49.090 47.213 0.62689 0.67730 1.015 -0.13265 43.0000 49.91 0.9206 0.9216 1.812416 
683.6319 49.104 47.165 0.62743 0.67673 1.019 -0.13312 43.0000 50.12 0.9207 0.9216 1.813610 
683.1813 49.123 47.111 0.62787 0.67593 1.021 -0.13370 43.0000 49.59 0.9207 0.9216 1.814807 
682.7307 49.139 47.049 0.62870 0.67537 1.018 -0.13425 43.0000 50.04 0.9210 0.9219 1.816004 
682.2800 49.161 46.998 0.62914 0.67463 1.017 -0.13493 43.0000 50.10 0.9210 0.9220 1.817204 
681.8292 49.185 46.939 0.62971 0.67384 1.018 -0.13570 43.0000 49.60 0.9213 0.9222 1.818405 
681.3782 49.207 46.882 0.63016 0.67299 1.022 -0.13638 43.0000 49.99 0.9214 0.9223 1.819609 
680.9272 49.225 46.828 0.63054 0.67211 1.026 -0.13691 43.0000 49.79 0.9214 0.9223 1.820814 
680.4761 49.248 46.771 0.63097 0.67122 1.020 -0.13760 43.0000 50.02 0.9214 0.9223 1.822021 
680.0248 49.268 46.713 0.63135 0.67028 1.034 -0.13820 43.0000 49.56 0.9214 0.9223 1.823230 
679.5735 49.286 46.659 0.63186 0.66956 1.028 -0.13878 43.0000 49.64 0.9216 0.9226 1.824441 
679.1221 49.311 46.605 0.63212 0.66855 1.026 -0.13950 43.0000 49.82 0.9217 0.9226 1.825654 
678.6705 49.331 46.553 0.63246 0.66771 1.033 -0.14009 43.0000 50.02 0.9217 0.9226 1.826869 
678.2189 49.347 46.500 0.63297 0.66701 1.029 -0.14060 43.0000 50.39 0.9217 0.9226 1.828085 
677.7672 49.361 46.439 0.63361 0.66625 1.035 -0.14106 43.0000 49.47 0.9218 0.9227 1.829303 
677.3154 49.382 46.386 0.63395 0.66539 1.035 -0.14167 43.0000 49.17 0.9218 0.9228 1.830524 
676.8634 49.398 46.330 0.63452 0.66469 1.039 -0.14219 43.0000 49.62 0.9220 0.9229 1.831746 
676.4114 49.419 46.283 0.63472 0.66379 1.038 -0.14279 43.0000 49.54 0.9219 0.9229 1.832970 
675.9592 49.438 46.226 0.63508 0.66285 1.042 -0.14335 43.0000 49.70 0.9220 0.9229 1.834196 
675.5070 49.456 46.168 0.63557 0.66201 1.040 -0.14390 43.0000 49.59 0.9220 0.9230 1.835424 
675.0547 49.471 46.126 0.63577 0.66127 1.046 -0.14435 43.0000 49.22 0.9221 0.9230 1.836654 
674.6022 49.492 46.075 0.63603 0.66035 1.048 -0.14496 43.0000 49.22 0.9220 0.9229 1.837886 
674.1497 49.513 46.020 0.63642 0.65950 1.047 -0.14559 43.0000 49.76 0.9220 0.9230 1.839120 
673.6971 49.533 45.971 0.63662 0.65856 1.047 -0.14614 43.0000 49.04 0.9220 0.9229 1.840355 
673.2443 49.550 45.923 0.63704 0.65789 1.048 -0.14668 43.0000 49.38 0.9221 0.9230 1.841593 
672.7915 49.571 45.868 0.63734 0.65694 1.051 -0.14729 43.0000 49.60 0.9222 0.9231 1.842832 
672.3386 49.592 45.818 0.63754 0.65600 1.057 -0.14791 43.0000 49.44 0.9224 0.9233 1.844074 
671.8855 49.613 45.762 0.63781 0.65501 1.055 -0.14851 43.0000 49.12 0.9224 0.9233 1.845317 
671.4324 49.633 45.709 0.63819 0.65418 1.062 -0.14911 43.0000 49.09 0.9225 0.9234 1.846563 
670.9791 49.652 45.662 0.63855 0.65348 1.058 -0.14967 43.0000 49.56 0.9226 0.9235 1.847810 
670.5258 49.674 45.602 0.63890 0.65247 1.068 -0.15033 43.0000 49.40 0.9227 0.9236 1.849059 
670.0723 49.692 45.544 0.63935 0.65161 1.067 -0.15087 43.0000 49.72 0.9228 0.9237 1.850311 
669.6188 49.712 45.497 0.63961 0.65080 1.064 -0.15145 43.0000 48.80 0.9229 0.9238 1.851564 
669.1651 49.731 45.441 0.63997 0.64990 1.074 -0.15201 43.0000 49.27 0.9229 0.9238 1.852819 
668.7114 49.749 45.388 0.64036 0.64909 1.075 -0.15256 43.0000 49.17 0.9230 0.9238 1.854076 
668.2575 49.758 45.342 0.64083 0.64852 1.071 -0.15282 43.0000 49.12 0.9229 0.9238 1.855336 
667.8035 49.778 45.281 0.64130 0.64762 1.077 -0.15343 43.0000 49.41 0.9229 0.9238 1.856597 
667.3495 49.799 45.223 0.64162 0.64664 1.076 -0.15404 43.0000 49.09 0.9229 0.9238 1.857860 
666.8953 49.817 45.170 0.64200 0.64582 1.086 -0.15459 43.0000 49.31 0.9231 0.9239 1.859125 
666.4411 49.833 45.117 0.64244 0.64506 1.080 -0.15508 43.0000 48.26 0.9232 0.9241 1.860392 
665.9868 49.847 45.068 0.64288 0.64442 1.081 -0.15548 43.0000 48.79 0.9233 0.9242 1.861661 
665.5323 49.859 45.012 0.64343 0.64371 1.090 -0.15586 43.0000 49.05 0.9234 0.9243 1.862933 
665.0777 49.875 44.955 0.64390 0.64288 1.085 -0.15635 43.0000 48.47 0.9236 0.9244 1.864206 
664.6230 49.892 44.898 0.64428 0.64200 1.089 -0.15684 43.0000 48.70 0.9238 0.9246 1.865482 
664.1683 49.907 44.845 0.64480 0.64132 1.092 -0.15731 43.0000 48.69 0.9240 0.9249 1.866759 
663.7134 49.923 44.788 0.64527 0.64051 1.095 -0.15778 43.0000 48.68 0.9242 0.9251 1.868038 
663.2584 49.940 44.729 0.64574 0.63965 1.095 -0.15830 43.0000 48.84 0.9243 0.9252 1.869319 
662.8034 49.957 44.672 0.64615 0.63879 1.095 -0.15879 43.0000 47.50 0.9244 0.9252 1.870603 
662.3482 49.971 44.616 0.64665 0.63804 1.103 -0.15923 43.0000 48.60 0.9245 0.9254 1.871888 
661.8929 49.985 44.562 0.64712 0.63731 1.106 -0.15967 43.0000 48.72 0.9246 0.9255 1.873176 
661.4376 50.005 44.500 0.64751 0.63630 1.105 -0.16023 43.0000 48.16 0.9248 0.9257 1.874465 
660.9821 50.020 44.445 0.64789 0.63547 1.110 -0.16068 43.0000 48.20 0.9249 0.9258 1.875757 
660.5265 50.034 44.390 0.64837 0.63471 1.115 -0.16109 43.0000 47.47 0.9250 0.9258 1.877051 
660.0708 50.047 44.337 0.64877 0.63393 1.116 -0.16148 43.0000 48.25 0.9250 0.9259 1.878347 
659.6151 50.058 44.282 0.64941 0.63334 1.117 -0.16184 43.0000 48.45 0.9252 0.9261 1.879644 
659.1592 50.075 44.225 0.64989 0.63254 1.119 -0.16236 43.0000 48.02 0.9254 0.9263 1.880945 
658.7032 50.088 44.164 0.65039 0.63168 1.116 -0.16274 43.0000 47.67 0.9255 0.9264 1.882247 
658.2471 50.097 44.106 0.65100 0.63098 1.128 -0.16301 43.0000 48.41 0.9257 0.9266 1.883551 
657.7909 50.107 44.052 0.65142 0.63022 1.130 -0.16331 43.0000 48.30 0.9259 0.9268 1.884857 
657.3346 50.117 43.998 0.65199 0.62958 1.138 -0.16363 43.0000 48.20 0.9259 0.9268 1.886166 
656.8782 50.130 43.942 0.65252 0.62885 1.141 -0.16403 43.0000 47.93 0.9260 0.9269 1.887476 
656.4218 50.143 43.882 0.65300 0.62800 1.139 -0.16442 43.0000 48.18 0.9260 0.9269 1.888788 
655.9651 50.160 43.822 0.65334 0.62701 1.150 -0.16490 43.0000 47.67 0.9260 0.9269 1.890103 
655.5084 50.171 43.758 0.65395 0.62620 1.147 -0.16524 43.0000 47.25 0.9261 0.9270 1.891420 
655.0516 50.186 43.700 0.65429 0.62526 1.157 -0.16565 43.0000 47.52 0.9263 0.9272 1.892739 
654.5947 50.192 43.645 0.65490 0.62462 1.159 -0.16585 43.0000 47.92 0.9263 0.9272 1.894060 
654.1377 50.201 43.584 0.65549 0.62388 1.155 -0.16613 43.0000 47.15 0.9265 0.9274 1.895384 
653.6806 50.214 43.522 0.65592 0.62292 1.163 -0.16649 43.0000 47.68 0.9265 0.9274 1.896709 
653.2234 50.229 43.459 0.65643 0.62204 1.166 -0.16694 43.0000 47.86 0.9266 0.9275 1.898037 
652.7661 50.242 43.401 0.65691 0.62123 1.163 -0.16732 43.0000 47.08 0.9267 0.9276 1.899366 
652.3087 50.257 43.344 0.65727 0.62033 1.171 -0.16774 43.0000 47.29 0.9268 0.9277 1.900698 
651.8511 50.271 43.286 0.65762 0.61941 1.179 -0.16812 43.0000 46.84 0.9269 0.9278 1.902032 
651.3936 50.274 43.229 0.65827 0.61879 1.188 -0.16823 43.0000 46.96 0.9271 0.9280 1.903368 
650.9358 50.284 43.173 0.65884 0.61810 1.191 -0.16854 43.0000 47.43 0.9272 0.9281 1.904707 
650.4780 50.294 43.116 0.65947 0.61747 1.190 -0.16886 43.0000 47.10 0.9274 0.9283 1.906047 
650.0201 50.309 43.058 0.65993 0.61664 1.191 -0.16932 43.0000 46.68 0.9276 0.9285 1.907390 
649.5620 50.324 42.998 0.66032 0.61572 1.192 -0.16976 43.0000 47.02 0.9278 0.9287 1.908735 
649.1039 50.342 42.940 0.66073 0.61485 1.206 -0.17027 43.0000 46.47 0.9280 0.9289 1.910082 
648.6457 50.353 42.875 0.66124 0.61391 1.206 -0.17060 43.0000 46.47 0.9281 0.9291 1.911432 
648.1873 50.369 42.814 0.66166 0.61301 1.214 -0.17104 43.0000 46.51 0.9283 0.9292 1.912783 
647.7289 50.378 42.748 0.66225 0.61215 1.224 -0.17130 43.0000 46.90 0.9285 0.9294 1.914137 
647.2703 50.391 42.686 0.66278 0.61129 1.221 -0.17170 43.0000 46.84 0.9286 0.9295 1.915493 
646.8117 50.405 42.613 0.66335 0.61026 1.225 -0.17210 43.0000 46.15 0.9287 0.9296 1.916851 
646.3530 50.418 42.552 0.66379 0.60937 1.225 -0.17248 43.0000 45.67 0.9288 0.9298 1.918212 
645.8941 50.434 42.486 0.66425 0.60836 1.240 -0.17292 43.0000 46.57 0.9289 0.9299 1.919575 
645.4351 50.446 42.424 0.66480 0.60755 1.243 -0.17331 43.0000 45.93 0.9291 0.9300 1.920940 
644.9761 50.458 42.364 0.66535 0.60678 1.250 -0.17368 43.0000 46.00 0.9292 0.9301 1.922307 
644.5169 50.470 42.288 0.66599 0.60576 1.249 -0.17401 43.0000 46.14 0.9294 0.9303 1.923676 
644.0577 50.481 42.218 0.66664 0.60485 1.248 -0.17435 43.0000 46.03 0.9295 0.9304 1.925048 
643.5983 50.489 42.146 0.66732 0.60394 1.262 -0.17460 43.0000 45.24 0.9295 0.9305 1.926422 
643.1389 50.500 42.085 0.66793 0.60320 1.265 -0.17494 43.0000 46.18 0.9297 0.9306 1.927798 
642.6793 50.507 42.024 0.66847 0.60239 1.272 -0.17514 43.0000 46.20 0.9299 0.9308 1.929177 
642.2196 50.518 41.955 0.66897 0.60139 1.274 -0.17545 43.0000 45.48 0.9301 0.9310 1.930558 
641.7598 50.531 41.890 0.66957 0.60057 1.278 -0.17585 43.0000 44.82 0.9301 0.9310 1.931941 
641.2999 50.542 41.817 0.67029 0.59966 1.283 -0.17620 43.0000 45.23 0.9304 0.9313 1.933326 
640.8400 50.554 41.748 0.67108 0.59892 1.288 -0.17659 43.0000 45.23 0.9305 0.9314 1.934714 
640.3799 50.560 41.679 0.67177 0.59807 1.300 -0.17678 43.0000 45.41 0.9306 0.9315 1.936104 
639.9197 50.572 41.605 0.67259 0.59726 1.312 -0.17721 43.0000 45.72 0.9309 0.9318 1.937496 
639.4594 50.581 41.541 0.67323 0.59647 1.313 -0.17749 43.0000 45.83 0.9310 0.9319 1.938891 
638.9990 50.595 41.467 0.67373 0.59537 1.312 -0.17788 43.0000 45.85 0.9311 0.9320 1.940288 
638.5385 50.605 41.397 0.67442 0.59452 1.323 -0.17817 43.0000 45.99 0.9312 0.9321 1.941687 
638.0779 50.615 41.327 0.67498 0.59354 1.321 -0.17847 43.0000 46.27 0.9313 0.9322 1.943089 
637.6172 50.625 41.258 0.67550 0.59255 1.320 -0.17872 43.0000 45.65 0.9314 0.9323 1.944493 
637.1564 50.634 41.191 0.67624 0.59181 1.326 -0.17906 43.0000 45.56 0.9317 0.9326 1.945899 
636.6954 50.644 41.121 0.67690 0.59093 1.338 -0.17934 43.0000 45.74 0.9318 0.9327 1.947308 
636.2344 50.653 41.041 0.67772 0.58999 1.345 -0.17966 43.0000 45.57 0.9320 0.9329 1.948719 
635.7733 50.671 40.968 0.67815 0.58884 1.340 -0.18014 43.0000 45.74 0.9321 0.9330 1.950132 
635.3121 50.680 40.894 0.67864 0.58774 1.349 -0.18038 43.0000 45.07 0.9322 0.9331 1.951548 
634.8508 50.685 40.819 0.67951 0.58693 1.352 -0.18055 43.0000 45.37 0.9325 0.9334 1.952966 
634.3893 50.695 40.745 0.68020 0.58599 1.364 -0.18088 43.0000 45.14 0.9324 0.9333 1.954387 
633.9278 50.700 40.672 0.68127 0.58541 1.370 -0.18112 43.0000 45.38 0.9325 0.9334 1.955809 
633.4662 50.712 40.597 0.68222 0.58468 1.379 -0.18156 43.0000 45.10 0.9328 0.9337 1.957235 
633.0044 50.721 40.520 0.68309 0.58382 1.383 -0.18186 43.0000 45.17 0.9329 0.9339 1.958662 
632.5425 50.734 40.452 0.68365 0.58292 1.385 -0.18226 43.0000 45.18 0.9329 0.9338 1.960093 
632.0806 50.744 40.383 0.68429 0.58202 1.397 -0.18258 43.0000 45.28 0.9331 0.9340 1.961525 
631.6186 50.755 40.320 0.68453 0.58093 1.393 -0.18283 43.0000 44.31 0.9327 0.9336 1.962960 
631.1564 50.768 40.257 0.68490 0.57995 1.414 -0.18319 43.0000 44.73 0.9330 0.9339 1.964397 
630.6942 50.785 40.174 0.68524 0.57854 1.403 -0.18359 43.0000 44.86 0.9333 0.9342 1.965837 
630.2318 50.790 40.086 0.68589 0.57730 1.422 -0.18370 43.0000 44.57 0.9339 0.9348 1.967279 
629.7693 50.787 40.016 0.68628 0.57618 1.422 -0.18352 43.0000 44.25 0.9343 0.9352 1.968724 
629.3068 50.787 39.935 0.68740 0.57546 1.429 -0.18361 43.0000 44.66 0.9348 0.9357 1.970171 
628.8441 50.792 39.863 0.68778 0.57431 1.428 -0.18367 43.0000 43.93 0.9347 0.9356 1.971620 
628.3813 50.802 39.786 0.68890 0.57368 1.436 -0.18407 43.0000 44.33 0.9350 0.9359 1.973073 
627.9184 50.807 39.707 0.68991 0.57292 1.444 -0.18431 43.0000 43.66 0.9357 0.9366 1.974527 
627.4554 50.813 39.647 0.69090 0.57251 1.448 -0.18461 43.0000 43.94 0.9357 0.9366 1.975984 
626.9923 50.814 39.571 0.69170 0.57163 1.457 -0.18466 43.0000 44.04 0.9353 0.9362 1.977444 
626.5291 50.831 39.499 0.69180 0.57026 1.452 -0.18504 43.0000 43.75 0.9346 0.9355 1.978905 
626.0658 50.824 39.430 0.69257 0.56949 1.460 -0.18484 43.0000 43.82 0.9350 0.9359 1.980370 
625.6024 50.835 39.360 0.69308 0.56849 1.476 -0.18513 43.0000 43.85 0.9353 0.9362 1.981837 
625.1389 50.847 39.320 0.69329 0.56786 1.484 -0.18550 43.0000 43.96 0.9356 0.9365 1.983306 
624.6753 50.904 39.264 0.69289 0.56639 1.487 -0.18709 43.0000 43.95 0.9348 0.9357 1.984778 
624.2115 50.911 39.214 0.69291 0.56540 1.489 -0.18720 43.0000 43.03 0.9351 0.9360 1.986253 
623.7477 50.907 39.150 0.69351 0.56461 1.484 -0.18706 43.0000 43.16 0.9361 0.9370 1.987730 
623.2838 50.880 39.085 0.69563 0.56502 1.490 -0.18656 43.0000 42.77 0.9375 0.9384 1.989209 
622.8198 50.848 39.003 0.69752 0.56491 1.510 -0.18581 43.0000 43.18 0.9387 0.9396 1.990691 
622.3557 50.786 38.841 0.70038 0.56394 1.515 -0.18413 43.0000 43.13 0.9404 0.9413 1.992176 
621.8914 50.760 38.688 0.70235 0.56245 1.524 -0.18340 43.0000 43.19 0.9415 0.9425 1.993663 
621.4271 50.736 38.526 0.70420 0.56066 1.524 -0.18266 43.0000 43.09 0.9418 0.9427 1.995153 
620.9626 50.735 38.355 0.70525 0.55808 1.514 -0.18248 43.0000 42.56 0.9417 0.9427 1.996645 
620.4980 50.765 38.206 0.70512 0.55500 1.533 -0.18307 43.0000 42.66 0.9403 0.9412 1.998140 
620.0334 50.789 38.041 0.70591 0.55234 1.529 -0.18364 43.0000 42.64 0.9404 0.9414 1.999637 
619.5687 50.843 37.868 0.70659 0.54943 1.549 -0.18515 43.0000 42.17 0.9401 0.9411 2.001137 
619.1038 50.876 37.719 0.70679 0.54664 1.540 -0.18589 43.0000 42.51 0.9403 0.9413 2.002640 
618.6388 50.896 37.570 0.70702 0.54389 1.546 -0.18623 43.0000 42.33 0.9407 0.9418 2.004145 
618.1737 50.927 37.418 0.70747 0.54125 1.557 -0.18698 43.0000 42.73 0.9414 0.9425 2.005653 
617.7086 50.972 37.266 0.70720 0.53808 1.564 -0.18799 43.0000 42.19 0.9415 0.9427 2.007163 
617.2433 51.016 37.118 0.70702 0.53506 1.554 -0.18897 43.0000 41.91 0.9415 0.9426 2.008676 
616.7779 51.051 36.978 0.70720 0.53248 1.567 -0.18981 43.0000 42.83 0.9418 0.9430 2.010192 
616.3124 51.092 36.847 0.70690 0.52974 1.579 -0.19075 43.0000 42.29 0.9417 0.9429 2.011710 
615.8468 51.122 36.727 0.70648 0.52710 1.551 -0.19128 43.0000 41.76 0.9415 0.9428 2.013231 
615.3810 51.167 36.589 0.70624 0.52430 1.565 -0.19234 43.0000 41.45 0.9417 0.9430 2.014755 
614.9153 51.215 36.464 0.70530 0.52120 1.566 -0.19330 43.0000 41.67 0.9416 0.9429 2.016281 
614.4493 51.258 36.344 0.70467 0.51847 1.557 -0.19422 43.0000 41.91 0.9416 0.9429 2.017810 
613.9833 51.305 36.230 0.70401 0.51582 1.585 -0.19524 43.0000 41.14 0.9413 0.9427 2.019341 
613.5172 51.346 36.113 0.70366 0.51335 1.559 -0.19615 43.0000 40.54 0.9414 0.9428 2.020875 
613.0510 51.395 35.999 0.70325 0.51091 1.566 -0.19731 43.0000 41.54 0.9412 0.9427 2.022412 
612.5847 51.449 35.893 0.70245 0.50836 1.575 -0.19855 43.0000 41.27 0.9411 0.9426 2.023952 
612.1182 51.502 35.788 0.70181 0.50593 1.563 -0.19979 43.0000 40.78 0.9410 0.9425 2.025494 
611.6517 51.553 35.682 0.70121 0.50354 1.603 -0.20099 43.0000 41.01 0.9407 0.9422 2.027039 
611.1850 51.600 35.587 0.70062 0.50135 1.643 -0.20205 43.0000 40.38 0.9403 0.9419 2.028587 
610.7183 51.647 35.491 0.70000 0.49914 1.577 -0.20314 43.0000 41.20 0.9399 0.9415 2.030137 
610.2514 51.697 35.394 0.69943 0.49695 1.588 -0.20432 43.0000 40.75 0.9394 0.9411 2.031690 
609.7844 51.746 35.301 0.69883 0.49481 1.567 -0.20544 43.0000 41.17 0.9389 0.9406 2.033246 
609.3173 51.798 35.213 0.69825 0.49281 1.553 -0.20669 43.0000 40.46 0.9386 0.9403 2.034805 
608.8502 51.847 35.130 0.69785 0.49100 1.559 -0.20790 43.0000 39.96 0.9382 0.9399 2.036366 
608.3829 51.899 35.052 0.69715 0.48909 1.571 -0.20914 43.0000 40.17 0.9375 0.9392 2.037930 
607.9155 51.944 34.974 0.69676 0.48740 1.518 -0.21024 43.0000 40.66 0.9370 0.9387 2.039497 
607.4480 51.993 34.905 0.69631 0.48584 1.509 -0.21146 43.0000 40.49 0.9365 0.9382 2.041067 
606.9804 52.037 34.834 0.69597 0.48432 1.512 -0.21257 43.0000 39.25 0.9358 0.9375 2.042639 
606.5127 52.084 34.759 0.69569 0.48277 1.571 -0.21378 43.0000 39.00 0.9353 0.9370 2.044214 
606.0449 52.127 34.694 0.69537 0.48138 1.555 -0.21486 43.0000 39.54 0.9346 0.9363 2.045792 
605.5770 52.175 34.634 0.69480 0.47992 1.543 -0.21602 43.0000 38.98 0.9341 0.9358 2.047373 
605.1089 52.220 34.577 0.69447 0.47867 1.549 -0.21720 43.0000 39.55 0.9336 0.9353 2.048957 
604.6408 52.262 34.507 0.69431 0.47732 1.560 -0.21826 43.0000 40.01 0.9331 0.9348 2.050543 
604.1726 52.302 34.450 0.69434 0.47631 1.550 -0.21938 43.0000 39.00 0.9326 0.9343 2.052132 
603.7042 52.338 34.401 0.69443 0.47550 1.456 -0.22042 43.0000 38.86 0.9321 0.9338 2.053724 
603.2358 52.372 34.346 0.69455 0.47461 1.533 -0.22137 43.0000 38.43 0.9317 0.9334 2.055319 
602.7673 52.405 34.302 0.69458 0.47384 1.448 -0.22232 43.0000 38.06 0.9311 0.9328 2.056916 
602.2986 52.437 34.257 0.69451 0.47300 1.489 -0.22317 43.0000 38.73 0.9304 0.9321 2.058517 
601.8298 52.476 34.212 0.69438 0.47211 1.451 -0.22423 43.0000 38.59 0.9299 0.9316 2.060121 
601.3610 52.509 34.167 0.69435 0.47130 1.462 -0.22513 43.0000 38.21 0.9292 0.9309 2.061726 
600.8920 52.540 34.122 0.69444 0.47056 1.474 -0.22602 43.0000 38.17 0.9287 0.9303 2.063336 
600.4229 52.565 34.085 0.69458 0.47001 1.497 -0.22677 43.0000 37.68 0.9282 0.9298 2.064948 
599.9537 52.594 34.045 0.69473 0.46939 1.541 -0.22760 43.0000 38.13 0.9277 0.9293 2.066563 
599.4844 52.619 34.007 0.69502 0.46893 1.536 -0.22840 43.0000 37.72 0.9272 0.9288 2.068181 
599.0150 52.644 33.976 0.69552 0.46871 1.499 -0.22924 43.0000 37.02 0.9268 0.9283 2.069801 
598.5455 52.671 33.933 0.69586 0.46818 1.483 -0.23009 43.0000 36.87 0.9261 0.9276 2.071425 
598.0759 52.696 33.892 0.69620 0.46769 1.528 -0.23088 43.0000 37.42 0.9257 0.9272 2.073051 
597.6062 52.720 33.862 0.69638 0.46729 1.501 -0.23163 43.0000 37.45 0.9251 0.9265 2.074680 
597.1364 52.731 33.834 0.69716 0.46730 1.476 -0.23216 43.0000 36.71 0.9246 0.9260 2.076313 
596.6664 52.745 33.802 0.69792 0.46725 1.461 -0.23278 43.0000 37.04 0.9242 0.9256 2.077948 
596.1964 52.765 33.774 0.69840 0.46708 1.448 -0.23347 43.0000 36.49 0.9235 0.9248 2.079586 
595.7263 52.773 33.747 0.69915 0.46711 1.485 -0.23390 43.0000 36.60 0.9233 0.9246 2.081227 
595.2560 52.783 33.722 0.69959 0.46696 1.466 -0.23429 43.0000 36.21 0.9231 0.9243 2.082872 
594.7857 52.787 33.693 0.70012 0.46680 1.464 -0.23453 43.0000 36.25 0.9225 0.9238 2.084519 
594.3152 52.793 33.667 0.70067 0.46670 1.459 -0.23482 43.0000 35.90 0.9222 0.9234 2.086169 
593.8447 52.790 33.634 0.70155 0.46671 1.456 -0.23495 43.0000 36.14 0.9221 0.9233 2.087822 
593.3740 52.791 33.599 0.70228 0.46658 1.446 -0.23512 43.0000 35.89 0.9218 0.9229 2.089478 
592.9032 52.782 33.559 0.70370 0.46682 1.437 -0.23519 43.0000 36.02 0.9222 0.9233 2.091137 
592.4323 52.766 33.511 0.70526 0.46701 1.426 -0.23510 43.0000 35.10 0.9220 0.9231 2.092799 
591.9613 52.745 33.480 0.70700 0.46759 1.418 -0.23491 43.0000 35.08 0.9220 0.9230 2.094464 
591.4902 52.741 33.444 0.70831 0.46783 1.415 -0.23513 43.0000 34.97 0.9216 0.9226 2.096133 
591.0190 52.735 33.404 0.71005 0.46826 1.395 -0.23539 43.0000 34.96 0.9214 0.9224 2.097804 
590.5477 52.730 33.361 0.71113 0.46822 1.388 -0.23548 43.0000 34.61 0.9211 0.9221 2.099478 
590.0763 52.714 33.320 0.71315 0.46881 1.379 -0.23553 43.0000 34.68 0.9213 0.9223 2.101155 
589.6048 52.694 33.275 0.71429 0.46875 1.371 -0.23515 43.0000 34.32 0.9211 0.9221 2.102836 
589.1331 52.678 33.221 0.71575 0.46875 1.352 -0.23495 43.0000 34.34 0.9207 0.9217 2.104519 
588.6614 52.658 33.146 0.71710 0.46828 1.346 -0.23456 43.0000 34.31 0.9210 0.9219 2.106206 
588.1896 52.639 33.088 0.71868 0.46829 1.343 -0.23431 43.0000 34.65 0.9217 0.9226 2.107895 
587.7176 52.603 33.025 0.72109 0.46872 1.327 -0.23377 43.0000 33.13 0.9230 0.9239 2.109588 
587.2455 52.590 32.942 0.72296 0.46846 1.306 -0.23375 43.0000 32.74 0.9233 0.9241 2.111284 
586.7734 52.562 32.850 0.72507 0.46817 1.305 -0.23325 43.0000 33.62 0.9237 0.9246 2.112983 
586.3011 52.525 32.713 0.72746 0.46726 1.299 -0.23247 43.0000 33.79 0.9243 0.9251 2.114685 
585.8287 52.434 32.592 0.73079 0.46723 1.296 -0.23028 43.0000 33.78 0.9261 0.9269 2.116390 
585.3563 52.390 32.440 0.73391 0.46646 1.268 -0.22945 43.0000 32.81 0.9270 0.9278 2.118098 
584.8837 52.354 32.270 0.73688 0.46531 1.256 -0.22876 43.0000 32.85 0.9272 0.9280 2.119809 
584.4109 52.348 32.069 0.73818 0.46251 1.251 -0.22847 43.0000 32.28 0.9269 0.9277 2.121524 
583.9382 52.354 31.863 0.73948 0.45962 1.242 -0.22855 43.0000 32.49 0.9267 0.9275 2.123242 
583.4652 52.404 31.718 0.73957 0.45708 1.231 -0.22985 43.0000 32.86 0.9256 0.9264 2.124963 
582.9922 52.437 31.572 0.73997 0.45473 1.212 -0.23068 43.0000 32.29 0.9248 0.9257 2.126687 
582.5191 52.481 31.431 0.74013 0.45232 1.199 -0.23180 43.0000 32.25 0.9248 0.9256 2.128414 
582.0458 52.507 31.314 0.74062 0.45054 1.189 -0.23251 43.0000 31.60 0.9251 0.9259 2.130145 
581.5725 52.507 31.195 0.74208 0.44934 1.183 -0.23267 43.0000 31.85 0.9269 0.9277 2.131878 
581.0991 52.521 31.078 0.74252 0.44753 1.171 -0.23298 43.0000 31.55 0.9273 0.9281 2.133615 
580.6255 52.499 30.986 0.74305 0.44623 1.160 -0.23220 43.0000 31.63 0.9280 0.9288 2.135356 
580.1519 52.503 30.866 0.74373 0.44451 1.149 -0.23227 43.0000 31.22 0.9285 0.9294 2.137099 
579.6780 52.520 30.742 0.74444 0.44276 1.136 -0.23274 43.0000 30.78 0.9285 0.9294 2.138846 
579.2042 52.529 30.624 0.74485 0.44092 1.132 -0.23288 43.0000 31.36 0.9282 0.9291 2.140595 
578.7302 52.521 30.515 0.74588 0.43962 1.118 -0.23268 43.0000 31.18 0.9284 0.9292 2.142349 
578.2561 52.519 30.412 0.74653 0.43819 1.108 -0.23258 43.0000 30.50 0.9287 0.9295 2.144105 
577.7819 52.526 30.295 0.74679 0.43630 1.091 -0.23261 43.0000 30.59 0.9285 0.9294 2.145865 
577.3076 52.532 30.177 0.74721 0.43449 1.084 -0.23264 43.0000 30.60 0.9289 0.9298 2.147628 
576.8332 52.550 30.052 0.74789 0.43270 1.072 -0.23313 43.0000 29.86 0.9292 0.9301 2.149394 
576.3586 52.552 29.942 0.74841 0.43108 1.061 -0.23310 43.0000 29.63 0.9291 0.9300 2.151164 
575.8840 52.558 29.835 0.74918 0.42967 1.049 -0.23329 43.0000 30.45 0.9294 0.9303 2.152937 
575.4093 52.568 29.721 0.74974 0.42801 1.043 -0.23353 43.0000 30.11 0.9296 0.9304 2.154713 
574.9344 52.577 29.608 0.75032 0.42637 1.028 -0.23372 43.0000 29.58 0.9298 0.9307 2.156493 
574.4595 52.591 29.497 0.75068 0.42467 1.023 -0.23404 43.0000 29.84 0.9297 0.9306 2.158276 
573.9844 52.604 29.385 0.75089 0.42285 1.008 -0.23425 43.0000 29.43 0.9296 0.9305 2.160062 
573.5092 52.610 29.267 0.75145 0.42113 1.001 -0.23437 43.0000 29.52 0.9297 0.9306 2.161852 
573.0339 52.620 29.154 0.75188 0.41941 0.995 -0.23455 43.0000 29.19 0.9296 0.9305 2.163645 
572.5586 52.624 29.043 0.75241 0.41780 0.980 -0.23461 43.0000 29.07 0.9295 0.9304 2.165441 
572.0831 52.633 28.927 0.75299 0.41613 0.961 -0.23482 43.0000 28.79 0.9294 0.9303 2.167241 
571.6075 52.639 28.806 0.75366 0.41444 0.955 -0.23495 43.0000 28.65 0.9295 0.9304 2.169044 
571.1318 52.646 28.700 0.75420 0.41292 0.955 -0.23509 43.0000 28.17 0.9296 0.9305 2.170851 
570.6559 52.652 28.589 0.75479 0.41133 0.937 -0.23523 43.0000 28.27 0.9297 0.9306 2.172661 
570.1801 52.661 28.476 0.75520 0.40962 0.922 -0.23540 43.0000 28.00 0.9296 0.9305 2.174474 
569.7040 52.668 28.364 0.75554 0.40790 0.916 -0.23547 43.0000 27.50 0.9294 0.9303 2.176291 
569.2278 52.669 28.257 0.75629 0.40648 0.912 -0.23551 43.0000 27.96 0.9297 0.9306 2.178112 
568.7516 52.676 28.141 0.75679 0.40479 0.902 -0.23563 43.0000 27.30 0.9296 0.9306 2.179936 
568.2753 52.679 28.023 0.75741 0.40311 0.889 -0.23566 43.0000 27.19 0.9298 0.9307 2.181763 
567.7988 52.682 27.905 0.75800 0.40142 0.880 -0.23566 43.0000 27.23 0.9298 0.9308 2.183594 
567.3222 52.685 27.789 0.75839 0.39968 0.874 -0.23564 43.0000 27.24 0.9300 0.9309 2.185428 
566.8455 52.690 27.675 0.75895 0.39803 0.865 -0.23575 43.0000 26.92 0.9300 0.9310 2.187266 
566.3687 52.688 27.559 0.75973 0.39648 0.857 -0.23567 43.0000 26.88 0.9299 0.9309 2.189107 
565.8918 52.692 27.444 0.76032 0.39485 0.842 -0.23574 43.0000 26.56 0.9300 0.9310 2.190952 
565.4149 52.698 27.338 0.76073 0.39328 0.835 -0.23583 43.0000 26.28 0.9301 0.9311 2.192800 
564.9377 52.703 27.224 0.76113 0.39156 0.826 -0.23586 43.0000 26.53 0.9300 0.9310 2.194653 
564.4605 52.710 27.104 0.76155 0.38977 0.823 -0.23596 43.0000 26.30 0.9299 0.9309 2.196508 
563.9832 52.716 26.985 0.76190 0.38795 0.815 -0.23601 43.0000 26.00 0.9297 0.9307 2.198367 
563.5057 52.717 26.865 0.76239 0.38620 0.803 -0.23595 43.0000 25.51 0.9297 0.9307 2.200230 
563.0282 52.725 26.743 0.76267 0.38430 0.796 -0.23603 43.0000 25.45 0.9297 0.9307 2.202096 
562.5505 52.733 26.616 0.76315 0.38243 0.788 -0.23619 43.0000 25.11 0.9296 0.9306 2.203966 
562.0728 52.736 26.493 0.76360 0.38060 0.787 -0.23617 43.0000 25.60 0.9296 0.9306 2.205839 
561.5948 52.742 26.373 0.76404 0.37882 0.770 -0.23626 43.0000 25.22 0.9295 0.9305 2.207716 
561.1169 52.749 26.245 0.76448 0.37692 0.765 -0.23633 43.0000 25.03 0.9292 0.9302 2.209597 
560.6388 52.754 26.114 0.76489 0.37495 0.757 -0.23638 43.0000 24.81 0.9291 0.9301 2.211481 
560.1606 52.763 25.990 0.76524 0.37307 0.751 -0.23652 43.0000 24.53 0.9289 0.9300 2.213369 
559.6823 52.769 25.859 0.76556 0.37106 0.744 -0.23654 43.0000 24.71 0.9288 0.9298 2.215260 
559.2039 52.775 25.729 0.76586 0.36906 0.738 -0.23656 43.0000 24.65 0.9286 0.9296 2.217155 
558.7253 52.780 25.603 0.76609 0.36710 0.731 -0.23656 43.0000 24.67 0.9284 0.9295 2.219055 
558.2467 52.785 25.486 0.76649 0.36536 0.722 -0.23660 43.0000 23.99 0.9283 0.9293 2.220957 
557.7679 52.785 25.354 0.76713 0.36351 0.716 -0.23654 43.0000 24.04 0.9282 0.9292 2.222864 
557.2891 52.786 25.226 0.76777 0.36172 0.708 -0.23652 43.0000 24.01 0.9280 0.9291 2.224773 
556.8102 52.791 25.095 0.76809 0.35972 0.707 -0.23651 43.0000 23.82 0.9277 0.9287 2.226687 
556.3311 52.793 24.969 0.76866 0.35792 0.696 -0.23652 43.0000 23.07 0.9276 0.9286 2.228604 
555.8519 52.797 24.843 0.76904 0.35605 0.693 -0.23651 43.0000 23.24 0.9274 0.9285 2.230525 
555.3726 52.803 24.712 0.76929 0.35402 0.685 -0.23655 43.0000 23.02 0.9273 0.9284 2.232451 
554.8932 52.803 24.574 0.76982 0.35203 0.677 -0.23645 43.0000 23.43 0.9272 0.9283 2.234379 
554.4137 52.810 24.434 0.77014 0.34990 0.673 -0.23650 43.0000 23.02 0.9271 0.9281 2.236312 
553.9341 52.812 24.301 0.77069 0.34800 0.671 -0.23648 43.0000 23.16 0.9269 0.9279 2.238248 
553.4543 52.816 24.174 0.77092 0.34605 0.663 -0.23644 43.0000 22.33 0.9267 0.9278 2.240188 
552.9745 52.817 24.043 0.77120 0.34406 0.650 -0.23631 43.0000 22.30 0.9267 0.9278 2.242132 
552.4946 52.822 23.915 0.77140 0.34209 0.648 -0.23631 43.0000 22.38 0.9266 0.9276 2.244080 
552.0145 52.822 23.787 0.77178 0.34018 0.643 -0.23617 43.0000 22.04 0.9264 0.9275 2.246031 
551.5344 52.824 23.657 0.77219 0.33828 0.642 -0.23614 43.0000 22.17 0.9262 0.9273 2.247986 
551.0541 52.823 23.527 0.77265 0.33639 0.634 -0.23603 43.0000 22.02 0.9259 0.9270 2.249946 
550.5737 52.831 23.392 0.77275 0.33427 0.628 -0.23606 43.0000 21.67 0.9259 0.9270 2.251909 
550.0933 52.829 23.257 0.77340 0.33240 0.621 -0.23595 43.0000 21.84 0.9257 0.9268 2.253876 
549.6127 52.835 23.124 0.77353 0.33032 0.620 -0.23594 43.0000 21.84 0.9256 0.9267 2.255847 
549.1320 52.842 22.992 0.77364 0.32827 0.617 -0.23599 43.0000 21.36 0.9255 0.9265 2.257821 
548.6511 52.847 22.852 0.77375 0.32609 0.609 -0.23593 43.0000 21.09 0.9256 0.9267 2.259800 
548.1702 52.849 22.712 0.77405 0.32398 0.605 -0.23584 43.0000 21.08 0.9255 0.9266 2.261783 
547.6891 52.851 22.571 0.77433 0.32186 0.597 -0.23575 43.0000 20.74 0.9254 0.9265 2.263770 
547.2080 52.849 22.438 0.77471 0.31991 0.596 -0.23557 43.0000 20.84 0.9252 0.9263 2.265760 
546.7267 52.848 22.305 0.77507 0.31796 0.592 -0.23542 43.0000 21.03 0.9252 0.9262 2.267755 
546.2454 52.850 22.168 0.77546 0.31596 0.585 -0.23538 43.0000 20.56 0.9249 0.9260 2.269752 
545.7639 52.849 22.032 0.77587 0.31398 0.579 -0.23524 43.0000 20.10 0.9248 0.9258 2.271755 
545.2823 52.845 21.895 0.77618 0.31194 0.577 -0.23498 43.0000 20.28 0.9247 0.9257 2.273762 
544.8007 52.851 21.763 0.77611 0.30983 0.574 -0.23494 43.0000 19.84 0.9246 0.9257 2.275771 
544.3188 52.849 21.622 0.77639 0.30774 0.571 -0.23472 43.0000 19.77 0.9247 0.9257 2.277786 
543.8369 52.850 21.483 0.77661 0.30565 0.566 -0.23459 43.0000 19.73 0.9245 0.9256 2.279805 
543.3549 52.849 21.334 0.77706 0.30350 0.559 -0.23446 43.0000 19.36 0.9245 0.9255 2.281827 
542.8728 52.853 21.201 0.77708 0.30143 0.557 -0.23437 43.0000 19.31 0.9244 0.9254 2.283853 
542.3905 52.849 21.068 0.77749 0.29951 0.549 -0.23416 43.0000 19.27 0.9240 0.9251 2.285884 
541.9082 52.846 20.923 0.77793 0.29743 0.550 -0.23399 43.0000 19.00 0.9237 0.9248 2.287919 
541.4257 52.838 20.783 0.77856 0.29548 0.543 -0.23370 43.0000 18.72 0.9233 0.9244 2.289958 
540.9431 52.840 20.636 0.77874 0.29326 0.538 -0.23360 43.0000 18.51 0.9233 0.9244 2.292001 
540.4604 52.834 20.502 0.77904 0.29131 0.535 -0.23328 43.0000 18.53 0.9230 0.9241 2.294048 
539.9777 52.824 20.359 0.77958 0.28929 0.538 -0.23292 43.0000 18.77 0.9230 0.9240 2.296098 
539.4948 52.818 20.219 0.77987 0.28723 0.530 -0.23259 43.0000 18.27 0.9230 0.9241 2.298154 
539.0118 52.813 20.073 0.78027 0.28512 0.526 -0.23237 43.0000 18.09 0.9229 0.9239 2.300213 
538.5286 52.812 19.935 0.78055 0.28310 0.522 -0.23219 43.0000 17.71 0.9227 0.9238 2.302277 
538.0454 52.808 19.806 0.78070 0.28116 0.518 -0.23193 43.0000 17.50 0.9227 0.9238 2.304344 
537.5621 52.802 19.671 0.78099 0.27919 0.514 -0.23162 43.0000 17.68 0.9226 0.9236 2.306416 
537.0786 52.792 19.528 0.78144 0.27715 0.511 -0.23126 43.0000 17.33 0.9223 0.9233 2.308492 
536.5950 52.792 19.392 0.78139 0.27504 0.505 -0.23103 43.0000 16.94 0.9222 0.9233 2.310573 
536.1114 52.779 19.255 0.78184 0.27311 0.509 -0.23056 43.0000 17.33 0.9219 0.9229 2.312657 
535.6276 52.766 19.124 0.78236 0.27129 0.504 -0.23015 43.0000 16.59 0.9216 0.9227 2.314746 
535.1437 52.753 18.982 0.78298 0.26933 0.499 -0.22973 43.0000 16.56 0.9214 0.9225 2.316839 
534.6597 52.744 18.840 0.78336 0.26729 0.497 -0.22936 43.0000 16.61 0.9210 0.9221 2.318936 
534.1756 52.729 18.699 0.78400 0.26534 0.492 -0.22888 43.0000 16.13 0.9207 0.9218 2.321038 
533.6913 52.714 18.564 0.78432 0.26341 0.489 -0.22835 43.0000 15.84 0.9204 0.9215 2.323144 
533.2070 52.704 18.419 0.78494 0.26141 0.488 -0.22799 43.0000 15.75 0.9202 0.9213 2.325254 
532.7226 52.697 18.284 0.78528 0.25947 0.489 -0.22771 43.0000 15.54 0.9202 0.9213 2.327369 
532.2380 52.688 18.143 0.78563 0.25743 0.480 -0.22734 43.0000 15.33 0.9200 0.9211 2.329488 
531.7534 52.677 18.004 0.78604 0.25547 0.478 -0.22696 43.0000 15.31 0.9199 0.9210 2.331611 
531.2686 52.671 17.865 0.78645 0.25348 0.477 -0.22671 43.0000 15.25 0.9198 0.9209 2.333738 
530.7837 52.657 17.726 0.78694 0.25154 0.477 -0.22623 43.0000 15.04 0.9199 0.9210 2.335870 
530.2987 52.645 17.577 0.78777 0.24955 0.471 -0.22590 43.0000 14.54 0.9195 0.9207 2.338007 
529.8136 52.631 17.434 0.78830 0.24756 0.470 -0.22544 43.0000 14.59 0.9196 0.9207 2.340147 
529.3284 52.618 17.295 0.78881 0.24562 0.462 -0.22504 43.0000 14.25 0.9194 0.9205 2.342292 
528.8430 52.607 17.161 0.78901 0.24364 0.464 -0.22457 43.0000 14.26 0.9194 0.9205 2.344442 
528.3576 52.593 17.018 0.78956 0.24167 0.465 -0.22412 43.0000 14.10 0.9194 0.9206 2.346596 
527.8720 52.584 16.877 0.78989 0.23964 0.460 -0.22378 43.0000 13.81 0.9194 0.9205 2.348755 
527.3864 52.567 16.731 0.79051 0.23764 0.456 -0.22326 43.0000 13.54 0.9192 0.9204 2.350917 
526.9006 52.554 16.584 0.79115 0.23561 0.454 -0.22286 43.0000 13.41 0.9192 0.9203 2.353085 
526.4147 52.545 16.449 0.79152 0.23370 0.451 -0.22251 43.0000 13.16 0.9192 0.9203 2.355257 
525.9287 52.535 16.307 0.79189 0.23167 0.446 -0.22215 43.0000 13.08 0.9192 0.9203 2.357433 
525.4426 52.517 16.169 0.79254 0.22978 0.452 -0.22162 43.0000 13.16 0.9191 0.9202 2.359614 
524.9564 52.504 16.025 0.79300 0.22776 0.447 -0.22118 43.0000 12.60 0.9189 0.9200 2.361800 
524.4700 52.498 15.885 0.79340 0.22579 0.444 -0.22096 43.0000 12.43 0.9188 0.9199 2.363990 
523.9836 52.481 15.741 0.79397 0.22380 0.443 -0.22046 43.0000 12.15 0.9187 0.9199 2.366185 
523.4971 52.467 15.593 0.79477 0.22180 0.439 -0.22008 43.0000 12.11 0.9186 0.9198 2.368384 
523.0104 52.452 15.452 0.79555 0.21991 0.438 -0.21967 43.0000 11.86 0.9184 0.9195 2.370588 
522.5236 52.436 15.315 0.79612 0.21802 0.435 -0.21918 43.0000 11.52 0.9184 0.9195 2.372796 
522.0367 52.429 15.177 0.79652 0.21607 0.434 -0.21894 43.0000 11.50 0.9182 0.9193 2.375009 
521.5497 52.415 15.028 0.79701 0.21398 0.426 -0.21848 43.0000 11.24 0.9182 0.9194 2.377227 
521.0626 52.401 14.892 0.79749 0.21208 0.425 -0.21804 43.0000 11.21 0.9181 0.9192 2.379449 
520.5754 52.387 14.755 0.79816 0.21022 0.425 -0.21769 43.0000 11.07 0.9178 0.9190 2.381676 
520.0881 52.370 14.610 0.79902 0.20828 0.425 -0.21723 43.0000 10.98 0.9180 0.9191 2.383908 
519.6006 52.356 14.470 0.79953 0.20633 0.423 -0.21682 43.0000 10.89 0.9182 0.9194 2.386144 
519.1131 52.338 14.337 0.80008 0.20449 0.422 -0.21627 43.0000 10.64 0.9182 0.9194 2.388385 
518.6254 52.318 14.198 0.80101 0.20265 0.417 -0.21578 43.0000 10.18 0.9182 0.9193 2.390631 
518.1377 52.303 14.060 0.80155 0.20074 0.417 -0.21534 43.0000 10.30 0.9180 0.9191 2.392881 
517.6498 52.291 13.908 0.80200 0.19859 0.415 -0.21494 43.0000 10.03 0.9181 0.9192 2.395137 
517.1618 52.275 13.768 0.80234 0.19660 0.411 -0.21442 43.0000 9.83 0.9181 0.9192 2.397397 
516.6737 52.250 13.639 0.80312 0.19488 0.410 -0.21372 43.0000 9.70 0.9180 0.9192 2.399661 
516.1855 52.236 13.502 0.80345 0.19292 0.409 -0.21325 43.0000 9.50 0.9181 0.9192 2.401931 
515.6971 52.215 13.355 0.80388 0.19084 0.409 -0.21260 43.0000 9.45 0.9180 0.9191 2.404206 
515.2087 52.192 13.214 0.80442 0.18889 0.407 -0.21192 43.0000 9.42 0.9180 0.9191 2.406485 
514.7202 52.176 13.081 0.80494 0.18704 0.403 -0.21146 43.0000 9.22 0.9181 0.9192 2.408769 
514.2314 52.151 12.949 0.80544 0.18520 0.399 -0.21070 43.0000 8.97 0.9182 0.9194 2.411058 
513.7427 52.136 12.813 0.80564 0.18323 0.403 -0.21017 43.0000 8.95 0.9185 0.9197 2.413352 
513.2538 52.111 12.672 0.80642 0.18131 0.400 -0.20949 43.0000 8.69 0.9186 0.9198 2.415651 
512.7648 52.093 12.533 0.80710 0.17941 0.397 -0.20899 43.0000 8.74 0.9183 0.9194 2.417955 
512.2757 52.073 12.395 0.80726 0.17741 0.396 -0.20832 43.0000 8.69 0.9180 0.9191 2.420263 
511.7864 52.060 12.257 0.80772 0.17548 0.394 -0.20792 43.0000 8.60 0.9180 0.9191 2.422577 
511.2971 52.047 12.101 0.80838 0.17331 0.394 -0.20757 43.0000 8.53 0.9180 0.9191 2.424895 
510.8076 52.032 11.955 0.80843 0.17117 0.387 -0.20703 43.0000 8.29 0.9182 0.9193 2.427219 
510.3181 51.998 11.810 0.80927 0.16921 0.393 -0.20608 43.0000 8.04 0.9177 0.9189 2.429547 
509.8284 51.971 11.669 0.80963 0.16721 0.389 -0.20524 43.0000 7.85 0.9171 0.9183 2.431881 
509.3386 51.946 11.536 0.81004 0.16534 0.388 -0.20448 43.0000 7.89 0.9167 0.9178 2.434219 
508.8488 51.922 11.395 0.81050 0.16335 0.382 -0.20376 43.0000 7.60 0.9165 0.9176 2.436563 
508.3587 51.901 11.255 0.81094 0.16138 0.382 -0.20311 43.0000 7.81 0.9159 0.9170 2.438912 
507.8686 51.880 11.120 0.81125 0.15945 0.385 -0.20245 43.0000 7.79 0.9158 0.9169 2.441265 
507.3784 51.856 10.973 0.81179 0.15740 0.386 -0.20178 43.0000 7.45 0.9156 0.9167 2.443624 
506.8880 51.834 10.830 0.81202 0.15534 0.381 -0.20104 43.0000 7.13 0.9151 0.9162 2.445988 
506.3976 51.809 10.680 0.81237 0.15320 0.380 -0.20026 43.0000 7.12 0.9148 0.9159 2.448357 
505.9070 51.786 10.534 0.81254 0.15110 0.375 -0.19952 43.0000 6.85 0.9144 0.9155 2.450731 
505.4163 51.763 10.381 0.81296 0.14892 0.375 -0.19881 43.0000 6.83 0.9145 0.9156 2.453110 
504.9255 51.733 10.229 0.81344 0.14678 0.375 -0.19791 43.0000 6.84 0.9141 0.9151 2.455495 
504.4346 51.704 10.071 0.81380 0.14454 0.376 -0.19704 43.0000 6.89 0.9136 0.9146 2.457884 
503.9436 51.679 9.929 0.81397 0.14249 0.375 -0.19621 43.0000 6.82 0.9126 0.9137 2.460279 
503.4525 51.649 9.789 0.81433 0.14050 0.373 -0.19531 43.0000 6.71 0.9118 0.9129 2.462679 
502.9612 51.616 9.640 0.81453 0.13835 0.373 -0.19426 43.0000 6.52 0.9115 0.9126 2.465085 
502.4698 51.579 9.491 0.81497 0.13625 0.375 -0.19317 43.0000 6.59 0.9110 0.9120 2.467495 
501.9784 51.553 9.343 0.81514 0.13412 0.377 -0.19233 43.0000 6.50 0.9108 0.9118 2.469911 
501.4868 51.526 9.206 0.81518 0.13212 0.372 -0.19144 43.0000 6.45 0.9106 0.9116 2.472332 
500.9951 51.492 9.067 0.81531 0.13011 0.371 -0.19036 43.0000 6.35 0.9103 0.9114 2.474759 
500.5033 51.446 8.919 0.81632 0.12810 0.357 -0.18914 43.0000 5.95 0.9099 0.9109 2.477190 
500.0114 51.411 8.770 0.81710 0.12606 0.361 -0.18816 43.0000 6.04 0.9095 0.9106 2.479627 
499.5193 51.379 8.626 0.81759 0.12402 0.372 -0.18723 43.0000 6.17 0.9090 0.9100 2.482070 
499.0272 51.345 8.478 0.81780 0.12190 0.369 -0.18620 43.0000 5.94 0.9082 0.9092 2.484518 
498.5349 51.313 8.334 0.81803 0.11984 0.360 -0.18521 43.0000 5.56 0.9076 0.9087 2.486971 
498.0426 51.271 8.179 0.81834 0.11761 0.361 -0.18393 43.0000 5.53 0.9072 0.9082 2.489429 
497.5501 51.233 8.026 0.81893 0.11547 0.354 -0.18283 43.0000 5.34 0.9063 0.9074 2.491894 
497.0575 51.193 7.869 0.81976 0.11330 0.360 -0.18174 43.0000 5.30 0.9059 0.9070 2.494363 
496.5648 51.160 7.715 0.82020 0.11111 0.357 -0.18076 43.0000 5.11 0.9060 0.9070 2.496838 
496.0720 51.112 7.566 0.82105 0.10905 0.355 -0.17944 43.0000 5.02 0.9051 0.9061 2.499318 
495.5790 51.067 7.418 0.82145 0.10696 0.356 -0.17812 43.0000 4.83 0.9045 0.9055 2.501805 
495.0860 51.023 7.256 0.82214 0.10467 0.349 -0.17685 43.0000 4.76 0.9042 0.9052 2.504296 
494.5928 50.984 7.110 0.82248 0.10260 0.358 -0.17571 43.0000 4.85 0.9032 0.9042 2.506793 
494.0995 50.947 6.966 0.82275 0.10053 0.356 -0.17457 43.0000 4.70 0.9029 0.9039 2.509296 
493.6062 50.909 6.817 0.82311 0.09840 0.361 -0.17344 43.0000 4.66 0.9025 0.9035 2.511804 
493.1127 50.871 6.667 0.82364 0.09628 0.355 -0.17237 43.0000 4.60 0.9019 0.9029 2.514318 
492.6190 50.823 6.517 0.82418 0.09416 0.354 -0.17097 43.0000 4.62 0.9014 0.9024 2.516837 
492.1253 50.777 6.359 0.82486 0.09193 0.357 -0.16967 43.0000 4.76 0.9010 0.9020 2.519362 
491.6315 50.730 6.216 0.82542 0.08991 0.341 -0.16833 43.0000 4.57 0.9005 0.9015 2.521893 
491.1375 50.683 6.072 0.82598 0.08786 0.337 -0.16698 43.0000 4.62 0.8999 0.9009 2.524429 
490.6435 50.628 5.922 0.82675 0.08576 0.337 -0.16543 43.0000 4.48 0.8993 0.9003 2.526971 
490.1493 50.586 5.771 0.82732 0.08361 0.342 -0.16424 43.0000 4.41 0.8988 0.8997 2.529519 
489.6550 50.534 5.627 0.82774 0.08156 0.335 -0.16271 43.0000 4.41 0.8983 0.8992 2.532072 
489.1606 50.480 5.477 0.82853 0.07945 0.340 -0.16118 43.0000 4.45 0.8976 0.8986 2.534631 
488.6661 50.425 5.325 0.82924 0.07729 0.336 -0.15961 43.0000 4.27 0.8973 0.8982 2.537196 
488.1714 50.369 5.169 0.83045 0.07512 0.324 -0.15813 43.0000 4.17 0.8969 0.8979 2.539768 
487.6767 50.308 5.015 0.83132 0.07296 0.329 -0.15641 43.0000 4.24 0.8961 0.8970 2.542344 
487.1818 50.253 4.867 0.83224 0.07086 0.323 -0.15489 43.0000 4.24 0.8955 0.8964 2.544927 
486.6869 50.197 4.720 0.83304 0.06878 0.323 -0.15332 43.0000 4.10 0.8948 0.8957 2.547514 
486.1918 50.148 4.575 0.83372 0.06671 0.316 -0.15193 43.0000 3.98 0.8940 0.8949 2.550109 
485.6966 50.091 4.427 0.83454 0.06461 0.321 -0.15035 43.0000 3.92 0.8930 0.8940 2.552709 
485.2013 50.026 4.277 0.83583 0.06250 0.329 -0.14856 43.0000 4.18 0.8923 0.8933 2.555314 
484.7058 49.969 4.124 0.83669 0.06033 0.325 -0.14698 43.0000 4.20 0.8912 0.8921 2.557927 
484.2103 49.907 3.983 0.83773 0.05833 0.314 -0.14527 43.0000 4.18 0.8903 0.8912 2.560544 
483.7146 49.839 3.834 0.83902 0.05623 0.315 -0.14340 43.0000 4.28 0.8898 0.8907 2.563168 
483.2189 49.780 3.688 0.84016 0.05415 0.317 -0.14180 43.0000 4.55 0.8892 0.8901 2.565798 
482.7230 49.719 3.539 0.84099 0.05202 0.320 -0.14005 43.0000 4.77 0.8884 0.8893 2.568433 
482.2270 49.654 3.391 0.84186 0.04988 0.323 -0.13821 43.0000 5.00 0.8875 0.8884 2.571075 
481.7309 49.585 3.238 0.84293 0.04769 0.317 -0.13629 43.0000 5.19 0.8865 0.8874 2.573723 
481.2346 49.509 3.097 0.84416 0.04568 0.316 -0.13417 43.0000 5.44 0.8855 0.8864 2.576377 
480.7383 49.438 2.959 0.84530 0.04369 0.306 -0.13218 43.0000 5.37 0.8846 0.8855 2.579037 
480.2419 49.372 2.823 0.84647 0.04175 0.303 -0.13036 43.0000 5.41 0.8841 0.8849 2.581703 
479.7453 49.307 2.684 0.84750 0.03973 0.303 -0.12854 43.0000 5.70 0.8836 0.8844 2.584375 
479.2486 49.239 2.541 0.84832 0.03765 0.297 -0.12658 43.0000 5.73 0.8827 0.8836 2.587054 
478.7518 49.165 2.403 0.84937 0.03564 0.289 -0.12448 43.0000 5.78 0.8815 0.8824 2.589738 
478.2549 49.100 2.261 0.85034 0.03358 0.287 -0.12262 43.0000 5.98 0.8804 0.8813 2.592429 
477.7579 49.031 2.118 0.85117 0.03148 0.288 -0.12065 43.0000 6.12 0.8795 0.8803 2.595126 
477.2608 48.957 1.980 0.85230 0.02946 0.285 -0.11856 43.0000 5.94 0.8786 0.8795 2.597829 
476.7635 48.883 1.852 0.85326 0.02760 0.286 -0.11643 43.0000 6.22 0.8776 0.8784 2.600539 
476.2662 48.812 1.714 0.85424 0.02556 0.287 -0.11441 43.0000 6.37 0.8766 0.8774 2.603254 
475.7687 48.748 1.575 0.85512 0.02351 0.290 -0.11256 43.0000 6.52 0.8759 0.8768 2.605976 
475.2711 48.680 1.435 0.85599 0.02144 0.290 -0.11062 43.0000 6.88 0.8751 0.8759 2.608705 
474.7734 48.625 1.298 0.85678 0.01942 0.291 -0.10902 43.0000 7.26 0.8745 0.8753 2.611439 
474.2756 48.561 1.161 0.85770 0.01739 0.293 -0.10720 43.0000 7.48 0.8737 0.8745 2.614180 
473.7776 48.501 1.018 0.85803 0.01525 0.291 -0.10540 43.0000 8.08 0.8728 0.8736 2.616928 
473.2796 48.452 0.878 0.85835 0.01316 0.287 -0.10395 43.0000 8.39 0.8717 0.8725 2.619682 
472.7814 48.391 0.735 0.85895 0.01101 0.285 -0.10215 43.0000 8.35 0.8707 0.8715 2.622442 
472.2831 48.343 0.590 0.85898 0.00884 0.279 -0.10069 43.0000 8.94 0.8698 0.8706 2.625209 
471.7848 48.300 0.457 0.85872 0.00684 0.277 -0.09935 43.0000 9.41 0.8693 0.8701 2.627982 
471.2863 48.256 0.319 0.85927 0.00478 0.272 -0.09810 43.0000 9.64 0.8689 0.8698 2.630762 
470.7876 48.212 0.176 0.85915 0.00264 0.268 -0.09672 43.0000 9.78 0.8683 0.8691 2.633548 
470.2889 48.161 0.050 0.85904 0.00074 0.265 -0.09516 43.0000 9.86 0.8678 0.8686 2.636341 
469.7900 48.121 359.914 0.85918 -0.00129 0.262 -0.09396 43.0000 9.96 0.8671 0.8679 2.639141 
469.2911 48.095 359.785 0.85882 -0.00322 0.262 -0.09313 43.0000 10.03 0.8664 0.8672 2.641946 
468.7920 48.079 359.653 0.85825 -0.00520 0.259 -0.09261 43.0000 10.12 0.8666 0.8674 2.644759 
468.2928 48.053 359.512 0.85777 -0.00731 0.261 -0.09176 43.0000 10.41 0.8666 0.8674 2.647578 
467.7935 48.032 359.372 0.85698 -0.00939 0.262 -0.09106 43.0000 10.48 0.8666 0.8674 2.650404 
467.2941 48.007 359.234 0.85657 -0.01146 0.263 -0.09025 43.0000 10.62 0.8669 0.8676 2.653237 
466.7945 47.991 359.095 0.85620 -0.01353 0.266 -0.08973 43.0000 11.10 0.8669 0.8676 2.656077 
466.2949 47.969 358.964 0.85573 -0.01548 0.265 -0.08903 43.0000 11.81 0.8667 0.8675 2.658922 
465.7951 47.958 358.830 0.85477 -0.01746 0.269 -0.08858 43.0000 12.46 0.8671 0.8678 2.661775 
465.2952 47.942 358.711 0.85402 -0.01921 0.270 -0.08804 43.0000 13.07 0.8667 0.8674 2.664635 
464.7952 47.922 358.585 0.85327 -0.02107 0.268 -0.08736 43.0000 14.17 0.8670 0.8677 2.667502 
464.2951 47.905 358.457 0.85205 -0.02295 0.267 -0.08672 43.0000 15.09 0.8667 0.8674 2.670375 
463.7949 47.908 358.323 0.85046 -0.02490 0.262 -0.08666 43.0000 16.10 0.8668 0.8675 2.673255 
463.2946 47.892 358.204 0.84938 -0.02664 0.260 -0.08609 43.0000 16.60 0.8666 0.8673 2.676142 
462.7941 47.882 358.076 0.84863 -0.02851 0.255 -0.08571 43.0000 17.41 0.8672 0.8679 2.679036 
462.2935 47.873 357.937 0.84743 -0.03053 0.250 -0.08533 43.0000 18.08 0.8672 0.8679 2.681937 
461.7928 47.874 357.832 0.84583 -0.03202 0.245 -0.08520 43.0000 18.61 0.8673 0.8680 2.684845 
461.2921 47.870 357.717 0.84455 -0.03367 0.242 -0.08496 43.0000 18.89 0.8675 0.8682 2.687759 
460.7911 47.865 357.581 0.84389 -0.03564 0.238 -0.08475 43.0000 18.77 0.8678 0.8685 2.690681 
460.2901 47.859 357.443 0.84326 -0.03765 0.236 -0.08453 43.0000 18.66 0.8680 0.8687 2.693610 
459.7889 47.864 357.310 0.84157 -0.03954 0.235 -0.08450 43.0000 18.51 0.8682 0.8689 2.696546 
459.2877 47.869 357.174 0.84030 -0.04147 0.234 -0.08453 43.0000 18.57 0.8691 0.8698 2.699489 
458.7863 47.873 357.053 0.83943 -0.04321 0.234 -0.08457 43.0000 18.64 0.8699 0.8705 2.702439 
458.2848 47.874 356.928 0.83779 -0.04497 0.236 -0.08445 43.0000 18.87 0.8705 0.8711 2.705396 
457.7832 47.879 356.800 0.83581 -0.04673 0.237 -0.08442 43.0000 19.17 0.8706 0.8713 2.708360 
457.2815 47.906 356.669 0.83393 -0.04853 0.234 -0.08503 43.0000 19.39 0.8711 0.8717 2.711332 
456.7796 47.918 356.542 0.83247 -0.05030 0.235 -0.08523 43.0000 19.63 0.8723 0.8729 2.714311 
456.2777 47.933 356.424 0.83129 -0.05195 0.232 -0.08556 43.0000 19.83 0.8736 0.8742 2.717297 
455.7756 47.952 356.303 0.82965 -0.05360 0.229 -0.08596 43.0000 19.58 0.8746 0.8751 2.720290 
455.2734 47.969 356.176 0.82795 -0.05534 0.224 -0.08632 43.0000 19.33 0.8755 0.8761 2.723291 
454.7711 47.981 356.045 0.82655 -0.05715 0.221 -0.08652 43.0000 19.07 0.8766 0.8772 2.726299 
454.2687 47.998 355.916 0.82510 -0.05891 0.215 -0.08689 43.0000 18.28 0.8779 0.8785 2.729314 
453.7662 47.990 355.779 0.82447 -0.06085 0.211 -0.08659 43.0000 17.38 0.8789 0.8794 2.732336 
453.2635 47.980 355.639 0.82350 -0.06280 0.206 -0.08621 43.0000 16.39 0.8793 0.8799 2.735367 
452.7608 47.968 355.500 0.82292 -0.06476 0.202 -0.08582 43.0000 15.41 0.8801 0.8807 2.738404 
452.2579 47.954 355.359 0.82225 -0.06676 0.199 -0.08536 43.0000 14.09 0.8807 0.8813 2.741449 
451.7549 47.938 355.218 0.82170 -0.06874 0.200 -0.08487 43.0000 13.34 0.8814 0.8820 2.744501 
451.2518 47.921 355.075 0.82115 -0.07076 0.198 -0.08434 43.0000 12.22 0.8820 0.8826 2.747561 
450.7485 47.902 354.931 0.82089 -0.07281 0.198 -0.08376 43.0000 11.35 0.8829 0.8835 2.750629 
450.2452 47.881 354.787 0.82034 -0.07485 0.199 -0.08313 43.0000 10.66 0.8834 0.8840 2.753704 
449.7417 47.859 354.640 0.81997 -0.07693 0.198 -0.08245 43.0000 9.64 0.8840 0.8846 2.756787 
449.2382 47.834 354.496 0.81976 -0.07900 0.199 -0.08175 43.0000 9.31 0.8847 0.8853 2.759876 
448.7345 47.808 354.347 0.81947 -0.08111 0.198 -0.08097 43.0000 8.87 0.8852 0.8858 2.762974 
448.2307 47.780 354.200 0.81933 -0.08323 0.195 -0.08017 43.0000 8.19 0.8858 0.8865 2.766080 
447.7267 47.750 354.051 0.81942 -0.08538 0.193 -0.07934 43.0000 7.84 0.8867 0.8874 2.769193 
447.2227 47.719 353.902 0.81943 -0.08754 0.191 -0.07845 43.0000 7.34 0.8874 0.8881 2.772314 
446.7186 47.686 353.750 0.81921 -0.08971 0.188 -0.07749 43.0000 6.51 0.8876 0.8883 2.775443 
446.2143 47.651 353.600 0.81939 -0.09191 0.187 -0.07652 43.0000 6.01 0.8884 0.8891 2.778580 
445.7099 47.614 353.448 0.81958 -0.09413 0.181 -0.07549 43.0000 5.47 0.8890 0.8898 2.781724 
445.2054 47.576 353.295 0.81984 -0.09638 0.181 -0.07443 43.0000 5.03 0.8897 0.8905 2.784876 
444.7008 47.536 353.142 0.82010 -0.09863 0.180 -0.07331 43.0000 4.63 0.8903 0.8911 2.788036 
444.1960 47.494 352.988 0.82043 -0.10091 0.180 -0.07215 43.0000 4.06 0.8909 0.8917 2.791204 
443.6912 47.451 352.833 0.82077 -0.10320 0.180 -0.07094 43.0000 3.58 0.8914 0.8923 2.794380 
443.1862 47.406 352.678 0.82121 -0.10552 0.181 -0.06969 43.0000 3.24 0.8920 0.8929 2.797564 
442.6812 47.359 352.523 0.82185 -0.10786 0.179 -0.06841 43.0000 3.04 0.8927 0.8936 2.800756 
442.1759 47.310 352.366 0.82236 -0.11023 0.183 -0.06706 43.0000 2.83 0.8932 0.8942 2.803956 
441.6706 47.261 352.209 0.82290 -0.11259 0.183 -0.06568 43.0000 2.58 0.8937 0.8947 2.807164 
441.1652 47.209 352.051 0.82361 -0.11500 0.184 -0.06425 43.0000 2.43 0.8943 0.8953 2.810380 
440.6596 47.156 351.893 0.82435 -0.11742 0.181 -0.06277 43.0000 2.25 0.8948 0.8959 2.813605 
440.1540 47.100 351.733 0.82497 -0.11987 0.178 -0.06123 43.0000 2.12 0.8952 0.8963 2.816837 
439.6482 47.100 351.733 0.82497 -0.11987 0.181 -0.06123 43.0000 2.04 0.8952 0.8963 2.820077 

# MINIMA:
439.6482 3.121 0.050 -16.96130 -5.35107 -5066.313 -23.43134 43.0000 2.04 0.5109 0.5595 1.240099 

# MAXIMA:
999.7925 88.035 359.914 518.51251 566.50055 219.256 67.35744 43.0000 51.56 3.10989431217837834E19 3.63456618444964548E21 2.820077 

# PEAKS:

# END SPECTRUM

