## SPECTRUM TYPE:
LCE

## DATE:
24/09/2026

## COMMENTS:

## NUMBER OF SPECTRUM:
1

## ELLIPSOMETRIC CONFIGURATION:
0.00 ø :Modulator
+45.00 øAnalyser

## UNIT:
nm


# SPECTRUM:
1

# CAPTION:


# START TIME:
10:47:50

# END TIME:
10:47:50

# THETA ANGLE:
0.00 ø

# INCIDENCE ANGLE:
69.95 ø

# ACCUMULATION NUMBER:
6

# ELLIPSOMETRIC CONFIGURATION:
0.00 ø :Modulator
+45.00 øAnalyser

# INTEGRATION TIME:
38 ms

# FIRST POINT:
999.79 nm

# LAST POINT:
439.65 nm

# INCREMENT:
0.00 nm

# NUMBER OF POINTS:
1273

# DATA:
nm Psi Delta Ic Is Reflectance IcPrim IntegrationTime IntensityMax Polarization PolarizationGen eV 
999.7925 6.692 227.246 -10.87939 -11.76754 0.000 67.35753 38.0000 8.55 2.79334694863817933E18 7.58951886860289311E19 1.240099 
999.4089 6.692 227.246 -10.87939 -11.76754 1.992 67.35753 38.0000 8.64 2.59802118186493542E18 7.05881935044285563E19 1.240575 
999.0253 6.692 227.246 -10.87939 -11.76754 1.475 67.35753 38.0000 8.73 2.47665378985613722E18 6.72906437835190436E19 1.241052 
998.6415 6.692 227.246 -10.87939 -11.76754 4.348 67.35753 38.0000 8.77 2.33821922860518605E18 6.35293728345717473E19 1.241529 
998.2578 6.692 227.246 -10.87939 -11.76754 0.482 67.35753 38.0000 8.80 2.18082070311521485E18 5.92528619407555953E19 1.242006 
997.8739 6.692 227.246 -10.87939 -11.76754 1.158 67.35753 38.0000 8.93 2.00256238046203085E18 5.44095835891464929E19 1.242484 
997.4900 6.692 227.246 -10.87939 -11.76754 -0.208 67.35753 38.0000 8.78 1.80154746564876698E18 4.89480190629133681E19 1.242962 
997.1060 6.692 227.246 -10.87939 -11.76754 -0.012 67.35753 38.0000 9.00 1.57587998831227699E18 4.28166364510856151E19 1.243440 
996.7219 6.692 227.246 -10.87939 -11.76754 -3.844 67.35753 38.0000 9.01 1.3236632908946473E18 3.59639126387856507E19 1.243920 
996.3377 6.692 227.246 -10.87939 -11.76754 -5.576 67.35753 38.0000 9.19 1.04300119687430144E18 2.83383245111358915E19 1.244399 
995.9535 6.692 227.246 -10.87939 -11.76754 -2.569 67.35753 38.0000 8.97 735789951492292608.0000 1.99914017800836874E19 1.244879 
995.5692 6.692 227.246 -10.87939 -11.76754 1.431 67.35753 38.0000 9.25 403925903068889088.0000 1.09746609634368553E19 1.245360 
995.1848 6.692 227.246 -10.87939 -11.76754 -1.092 67.35753 38.0000 9.33 53098242593783808.0000 1.44267841521477222E18 1.245841 
994.8003 6.692 227.246 -10.87939 -11.76754 0.041 67.35754 38.0000 9.35 303418548741472256.0000 8.24387650129703731E18 1.246322 
994.4158 6.692 227.246 -10.87939 -11.76755 0.027 67.35753 38.0000 9.28 646660721446223872.0000 1.75697615047675085E19 1.246804 
994.0311 57.884 107.164 -0.19416 0.62860 0.015 -0.31758 38.0000 9.49 0.6049 0.6604 1.247287 
993.6464 47.774 90.953 -0.00990 0.59488 1.735 -0.05778 38.0000 9.51 0.5845 0.6876 1.247770 
993.2617 38.711 67.857 0.20591 0.50602 1.772 0.12190 38.0000 9.58 0.6013 0.8007 1.248253 
992.8768 46.512 68.630 0.26335 0.67301 -1.536 -0.03818 38.0000 9.60 0.6054 0.7405 1.248737 
992.4919 52.067 33.287 0.40654 0.26691 0.875 -0.12246 38.0000 9.46 0.6319 0.7691 1.249221 
992.1069 52.597 62.622 0.26223 0.50637 -11.149 -0.15486 38.0000 9.60 0.6195 0.7625 1.249706 
991.7218 44.777 58.602 0.31050 0.50872 -2.396 0.00463 38.0000 9.73 0.6461 0.7643 1.250191 
991.3367 43.144 48.190 0.40028 0.44753 0.789 0.03894 38.0000 9.99 0.6557 0.8171 1.250677 
990.9514 35.128 46.755 0.45965 0.48871 2.550 0.24080 38.0000 10.00 0.7687 0.9415 1.251163 
990.5661 20.435 56.220 0.20498 0.30642 27.567 0.42603 38.0000 9.91 0.7424 0.9413 1.251650 
990.1807 17.955 49.068 0.25393 0.29281 -27.910 0.53523 38.0000 9.92 0.7697 0.9976 1.252137 
989.7953 10.077 86.765 0.01333 0.23584 -0.807 0.64363 38.0000 9.95 0.7034 0.8849 1.252625 
989.4097 16.006 81.643 0.06378 0.43416 -1.961 0.70191 38.0000 10.38 0.7011 0.8062 1.253113 
989.0241 20.730 89.853 0.00138 0.53993 2.204 0.61114 38.0000 10.20 0.6881 0.7643 1.253601 
988.6384 28.933 97.486 -0.08964 0.68217 1.955 0.43216 38.0000 10.18 0.7123 0.7845 1.254090 
988.2526 30.492 68.473 0.26772 0.67869 31.787 0.40469 38.0000 10.37 0.6727 0.7542 1.254580 
987.8668 38.087 57.199 0.46348 0.71916 1.743 0.21056 38.0000 10.18 0.6983 0.8048 1.255070 
987.4809 26.265 61.652 0.31635 0.58635 -5266.732 0.51066 38.0000 10.32 0.6605 0.7168 1.255560 
987.0949 24.436 64.400 0.25762 0.53769 2.784 0.52065 38.0000 10.40 0.6284 0.6505 1.256051 
986.7088 22.196 62.340 0.23173 0.44212 2.015 0.50989 38.0000 10.52 0.6107 0.6474 1.256543 
986.3226 20.776 72.948 0.09733 0.31732 -2.768 0.37448 38.0000 10.46 0.5886 0.6363 1.257035 
985.9364 24.750 67.815 0.16201 0.39729 -11.735 0.36645 38.0000 10.70 0.6282 0.6969 1.257527 
985.5501 23.212 63.341 0.16841 0.33545 88.333 0.35714 38.0000 10.59 0.6491 0.7737 1.258020 
985.1638 32.909 64.807 0.21293 0.45264 -4.465 0.22462 38.0000 10.73 0.7077 0.8802 1.258513 
984.7773 38.431 64.812 0.25454 0.54122 1.887 0.13960 38.0000 10.89 0.7740 0.9363 1.259007 
984.3907 42.355 56.871 0.49051 0.75159 -3.391 0.08310 38.0000 10.98 0.8310 0.9959 1.259502 
984.0041 39.072 53.908 0.26530 0.36392 -2.372 0.09455 38.0000 10.99 0.6436 0.7811 1.259997 
983.6174 17.485 193.919 -0.14459 -0.03583 1.519 0.21298 38.0000 11.23 0.5524 0.7704 1.260492 
983.2307 23.193 234.741 -0.19916 -0.28170 1.310 0.32869 38.0000 11.29 0.5997 0.7699 1.260988 
982.8438 19.773 250.421 -0.21572 -0.60654 1.188 0.77964 38.0000 11.33 0.7475 0.9669 1.261484 
982.4569 18.930 219.366 -0.23422 -0.19216 1.178 0.38974 38.0000 11.38 0.7560 1.0125 1.261981 
982.0699 27.863 160.586 -0.15952 0.05622 -2.855 0.11527 38.0000 11.46 0.7359 0.9942 1.262478 
981.6828 52.687 105.075 -0.10378 0.38529 -0.028 -0.10971 38.0000 11.54 0.8021 1.0667 1.262976 
981.2957 63.087 81.428 0.05625 0.37315 -0.012 -0.27594 38.0000 11.57 0.8019 1.1617 1.263474 
980.9084 55.664 66.906 0.38257 0.89718 0.007 -0.38083 38.0000 11.58 1.0087 1.3007 1.263973 
980.5211 59.143 90.618 -0.01643 1.52385 0.013 -0.82006 38.0000 11.54 1.2167 1.3973 1.264472 
980.1337 54.059 94.787 -0.12930 1.54416 -0.004 -0.50704 38.0000 11.75 1.1059 1.3026 1.264972 
979.7463 50.482 118.831 -0.78765 1.43089 -0.003 -0.31642 38.0000 11.60 1.1147 1.2114 1.265472 
979.3587 50.527 125.491 -1.40178 1.96588 17.986 -0.47172 38.0000 11.86 1.2394 1.3192 1.265973 
978.9711 40.846 164.421 -1.75083 0.48816 6.738 0.26541 38.0000 11.82 0.9989 1.2062 1.266474 
978.5834 42.205 177.985 -1.20393 0.04236 5.046 0.11790 38.0000 11.77 0.9488 1.2248 1.266976 
978.1956 31.873 202.203 -0.98754 -0.40307 7.045 0.52608 38.0000 11.88 0.9785 1.3733 1.267478 
977.8077 28.144 219.686 -0.74410 -0.61745 -4.183 0.64512 38.0000 11.96 1.0727 1.4871 1.267981 
977.4199 28.665 233.338 -0.59085 -0.79378 7.444 0.63454 38.0000 12.19 1.2163 1.5700 1.268484 
977.0319 21.774 196.480 -0.53549 -0.15841 2.485 0.58748 38.0000 12.17 0.9681 1.3386 1.268988 
976.6437 22.415 168.181 -0.46136 0.09654 2.365 0.47415 38.0000 12.13 0.8707 1.3429 1.269493 
976.2556 20.596 147.462 -0.39254 0.25044 -7.899 0.53203 38.0000 12.17 0.8863 1.1247 1.269997 
975.8674 28.594 134.391 -0.47123 0.48136 1.964 0.43430 38.0000 12.46 0.9206 1.0126 1.270502 
975.4790 41.397 119.254 -0.47892 0.85503 1.955 0.12391 38.0000 12.50 1.0170 1.0865 1.271008 
975.0906 39.830 136.249 -0.51940 0.49723 -2.851 0.13119 38.0000 12.45 0.8258 0.8513 1.271515 
974.7021 48.199 122.023 -0.33334 0.53298 -37.995 -0.07050 38.0000 12.49 0.7631 0.8486 1.272021 
974.3136 45.190 100.120 -0.09594 0.53753 2.176 -0.00361 38.0000 12.51 0.6731 0.7698 1.272529 
973.9250 51.920 92.869 -0.02454 0.48976 0.052 -0.12081 38.0000 12.68 0.6389 0.7192 1.273036 
973.5363 56.155 49.311 0.43339 0.50405 0.108 -0.27278 38.0000 12.80 0.7113 0.7637 1.273545 
973.1475 72.551 74.027 0.07387 0.25806 -10.370 -0.38480 38.0000 12.77 0.5736 0.6134 1.274053 
972.7586 72.388 99.542 -0.03992 0.23748 -4.029 -0.34107 38.0000 12.80 0.5285 0.5721 1.274563 
972.3697 77.811 124.214 -0.10102 0.14857 -1.784 -0.39648 38.0000 13.07 0.5282 0.5721 1.275073 
971.9807 84.084 135.315 -0.07582 0.07499 -2.287 -0.50903 38.0000 13.14 0.5446 0.5909 1.275583 
971.5916 81.438 104.354 -0.04475 0.17485 -2.372 -0.58582 38.0000 13.06 0.6138 0.6528 1.276094 
971.2024 83.164 98.663 -0.02815 0.18476 1.115 -0.76824 38.0000 13.26 0.7008 0.7423 1.276605 
970.8131 87.027 101.394 -0.01688 0.08375 0.175 -0.82034 38.0000 13.26 0.7754 0.8115 1.277117 
970.4238 87.153 48.844 0.06986 0.07993 0.094 -1.06477 38.0000 13.26 0.8130 0.8407 1.277629 
970.0344 75.174 130.868 -0.48827 0.56432 0.060 -1.31087 38.0000 13.58 1.0018 1.0749 1.278142 
969.6449 78.149 28.751 0.40524 0.22233 0.043 -1.05292 38.0000 13.50 0.8165 0.8373 1.278656 
969.2553 61.750 0.977 1.06506 0.01816 0.013 -0.70503 38.0000 13.54 0.9524 1.0539 1.279170 
968.8657 52.816 355.437 1.56374 -0.12480 -9.385 -0.43892 38.0000 13.67 1.1747 1.3632 1.279684 
968.4760 50.203 350.983 1.98954 -0.31573 2.279 -0.36995 38.0000 13.73 1.3233 1.5648 1.280199 
968.0861 49.472 352.044 2.26064 -0.31593 1.049 -0.35925 38.0000 14.16 1.3657 1.6337 1.280714 
967.6962 49.809 356.160 2.16628 -0.14541 2.114 -0.36793 38.0000 13.97 1.3111 1.5694 1.281230 
967.3063 54.031 6.295 1.80843 0.19948 2.029 -0.59334 38.0000 14.20 1.1124 1.3347 1.281747 
966.9163 56.279 9.316 1.31597 0.21587 2.655 -0.55394 38.0000 14.12 0.8937 1.0516 1.282264 
966.5261 63.053 35.485 0.65101 0.46410 -10.740 -0.58313 38.0000 13.99 0.6611 0.7642 1.282782 
966.1359 59.660 117.192 -0.52137 1.01484 2.119 -0.64080 38.0000 13.85 0.7859 0.8988 1.283300 
965.7457 53.696 24.985 0.78353 0.36511 -1.473 -0.27076 38.0000 14.02 0.6353 0.7852 1.283818 
965.3553 47.615 340.589 0.80680 -0.28429 2.009 -0.07830 38.0000 14.36 0.6153 0.6849 1.284337 
964.9649 43.922 304.847 0.64703 -0.92933 14.156 0.04263 38.0000 14.41 0.6549 0.7658 1.284857 
964.5743 44.402 295.549 0.61825 -1.29336 6.705 0.02993 38.0000 14.25 0.7214 0.9249 1.285377 
964.1838 43.058 292.007 0.42837 -1.05988 -3.966 0.07761 38.0000 14.33 0.6894 1.0056 1.285898 
963.7931 55.947 293.215 0.39272 -0.91563 1.447 -0.40040 38.0000 14.62 0.6381 1.0419 1.286419 
963.4023 78.085 327.402 0.25189 -0.16108 0.235 -0.67695 38.0000 14.74 0.5988 1.0036 1.286941 
963.0115 71.515 71.466 0.17220 0.51365 2.271 -0.71970 38.0000 14.87 0.7053 1.0269 1.287463 
962.6207 82.334 49.344 0.08088 0.09418 3.847 -0.45282 38.0000 14.99 0.5976 0.8180 1.287986 
962.2297 71.212 98.622 -0.01958 0.12915 3.302 -0.16977 38.0000 15.06 0.6326 0.7833 1.288509 
961.8386 34.262 12.006 0.28224 0.06002 3.071 0.11353 38.0000 15.15 0.7454 0.9805 1.289033 
961.4474 32.292 310.340 0.23988 -0.28245 2.631 0.17608 38.0000 15.18 0.7523 0.9983 1.289558 
961.0562 29.056 303.333 0.21352 -0.32466 4.175 0.24176 38.0000 15.06 0.8086 1.1006 1.290083 
960.6649 30.252 299.411 0.24796 -0.43987 0.022 0.28565 38.0000 15.26 0.7563 0.9884 1.290608 
960.2736 31.004 291.422 0.26332 -0.67115 0.033 0.38322 38.0000 15.20 0.6913 0.8330 1.291134 
959.8821 31.321 317.191 0.22662 -0.20992 2.284 0.15984 38.0000 15.29 0.5728 0.6290 1.291661 
959.4905 47.386 69.650 0.15915 0.42909 7.043 -0.03821 38.0000 15.32 0.5332 0.5560 1.292188 
959.0989 58.313 91.513 -0.02923 1.10671 2.148 -0.55502 38.0000 15.54 0.6368 0.7592 1.292715 
958.7073 79.601 93.764 -0.01075 0.16340 3.129 -0.43112 38.0000 15.67 0.5322 0.6193 1.293243 
958.3155 66.313 88.987 0.00704 0.39789 -35.336 -0.36626 38.0000 15.32 0.5371 0.5741 1.293772 
957.9236 64.338 94.655 -0.03595 0.44151 3.014 -0.35459 38.0000 15.38 0.5532 0.6170 1.294301 
957.5317 66.729 97.374 -0.03522 0.27218 -428.163 -0.26006 38.0000 15.35 0.5555 0.5927 1.294831 
957.1396 51.274 90.945 -0.00287 0.17420 5.262 -0.03878 38.0000 15.23 0.5910 0.7601 1.295362 
956.7476 17.537 78.054 0.02326 0.10995 -10.809 0.16005 38.0000 15.77 0.5786 0.9149 1.295892 
956.3554 5.795 283.397 0.02088 -0.08765 4.323 0.43930 38.0000 16.13 0.5903 1.0550 1.296424 
955.9632 16.328 144.323 -0.20285 0.14564 -0.018 0.38965 38.0000 16.44 0.5992 1.0755 1.296956 
955.5709 11.880 22.690 0.19977 0.08353 -0.013 0.49188 38.0000 16.08 0.6133 1.0892 1.297488 
955.1784 22.366 347.937 0.40480 -0.08651 -0.014 0.41783 38.0000 16.28 0.5956 1.0261 1.298021 
954.7859 33.226 344.737 0.55040 -0.15019 2.942 0.24864 38.0000 16.27 0.5812 0.9287 1.298555 
954.3934 44.408 355.293 0.61268 -0.05045 20.416 0.01270 38.0000 16.04 0.5722 0.8463 1.299089 
954.0007 53.557 359.485 0.62484 -0.00561 3.361 -0.19240 38.0000 16.08 0.5781 0.8628 1.299624 
953.6080 57.022 11.473 0.50696 0.10289 2.267 -0.23079 38.0000 16.42 0.6057 0.8512 1.300159 
953.2152 65.144 37.990 0.35880 0.28022 -4.264 -0.38592 38.0000 16.61 0.6183 0.7965 1.300695 
952.8223 66.933 34.534 0.27799 0.19130 2.014 -0.32435 38.0000 16.35 0.5879 0.6817 1.301231 
952.4293 66.639 40.524 0.18744 0.16023 2.960 -0.23220 38.0000 16.51 0.5707 0.6310 1.301768 
952.0363 65.524 81.917 0.03541 0.24931 6.867 -0.21928 38.0000 16.44 0.6151 0.7382 1.302305 
951.6432 50.047 28.292 0.36064 0.19412 2.885 -0.07292 38.0000 16.93 0.6694 0.7526 1.302843 
951.2499 52.532 26.285 0.33661 0.16625 29.188 -0.10104 38.0000 16.40 0.6496 0.7492 1.303382 
950.8567 30.775 46.027 0.34979 0.36256 5.354 0.27295 38.0000 16.50 0.6815 0.9290 1.303921 
950.4633 32.156 18.328 0.29279 0.09699 2.936 0.14836 38.0000 16.74 0.5665 0.6875 1.304461 
950.0699 61.264 335.563 0.22155 -0.10067 -0.464 -0.15519 38.0000 16.78 0.5408 0.9683 1.305001 
949.6763 85.787 356.783 0.08290 -0.00466 -0.228 -0.56055 38.0000 16.98 0.5874 1.2758 1.305542 
949.2827 86.863 226.052 -0.09808 -0.10175 -0.179 -1.28556 38.0000 17.14 0.7273 1.5403 1.306083 
948.8890 78.983 262.536 -0.07281 -0.55573 -0.332 -1.38484 38.0000 17.47 0.7861 1.6210 1.306625 
948.4953 81.835 271.932 0.01233 -0.36533 -0.031 -1.24762 38.0000 17.27 0.7169 1.5001 1.307167 
948.1014 80.402 276.460 0.03325 -0.29367 0.923 -0.84890 38.0000 17.41 0.6053 1.2056 1.307710 
947.7075 83.547 70.682 0.03994 0.11393 2.108 -0.52687 38.0000 17.34 0.6090 0.9616 1.308254 
947.3135 30.806 76.547 0.10462 0.43736 12.080 0.24303 38.0000 16.71 0.5672 0.6245 1.308798 
946.9194 19.323 75.039 0.19087 0.71429 0.877 0.92467 38.0000 16.87 0.7776 1.0873 1.309343 
946.5253 13.718 74.873 0.13577 0.50225 0.299 1.00217 38.0000 17.09 0.7076 0.8199 1.309888 
946.1310 48.331 345.167 4.81290 -1.27459 2.594 -0.58146 38.0000 17.61 3.6716 4.7970 1.310434 
945.7367 52.878 282.074 0.04691 -0.21933 4.785 -0.06328 38.0000 17.32 1.4935 2.0771 1.310980 
945.3423 37.531 151.853 -6.98049 3.73460 -2.089 2.11213 38.0000 17.58 4.3650 5.9984 1.311527 
944.9478 53.070 330.705 14.09446 -7.90799 0.737 -4.67667 38.0000 18.14 7.8942 10.4946 1.312074 
944.5532 53.244 329.874 7.05936 -4.09642 4.278 -2.41585 38.0000 17.55 10.2511 13.4339 1.312623 
944.1586 53.485 329.660 5.54916 -3.24793 10.174 -1.96205 38.0000 17.52 11.3578 14.7364 1.313171 
943.7639 53.051 328.936 4.83136 -2.91027 -1.397 -1.62818 38.0000 17.70 11.1938 14.4101 1.313720 
943.3691 53.900 328.235 4.45016 -2.75543 0.323 -1.68044 38.0000 17.75 9.6892 12.4416 1.314270 
942.9742 54.643 326.059 3.91850 -2.63718 2.716 -1.65285 38.0000 18.07 6.6875 8.6650 1.314821 
942.5792 57.518 315.269 2.46422 -2.44121 4.209 -1.62011 38.0000 18.12 2.5533 3.5055 1.315372 
942.1841 50.894 342.464 7.49410 -2.36812 -2.840 -1.64008 38.0000 18.16 3.4122 4.5692 1.315923 
941.7890 54.464 313.305 0.63748 -0.67637 -3.264 -0.31874 38.0000 18.37 1.9732 2.5279 1.316475 
941.3938 42.327 347.322 0.61759 -0.13893 -30.197 0.05924 38.0000 18.41 0.6204 0.7734 1.317028 
940.9985 40.706 331.855 0.72679 -0.38880 1.231 0.12449 38.0000 18.50 0.6163 0.8141 1.317581 
940.6031 36.670 341.218 0.55728 -0.18952 -17.991 0.17614 38.0000 18.45 0.5686 0.6506 1.318135 
940.2077 30.783 346.549 0.32278 -0.07720 6.162 0.17971 38.0000 18.39 0.5276 0.6006 1.318689 
939.8122 45.085 87.275 0.01139 0.23940 5.796 -0.00071 38.0000 18.72 0.5122 0.5685 1.319244 
939.4166 36.234 120.997 -0.29587 0.49247 2.295 0.18150 38.0000 18.56 0.5841 0.6059 1.319800 
939.0209 37.192 102.390 -0.08552 0.38929 -9.075 0.11140 38.0000 18.26 0.5498 0.5971 1.320356 
938.6251 44.305 100.211 -0.07444 0.41330 3.067 0.01019 38.0000 18.46 0.5643 0.6075 1.320913 
938.2292 55.697 144.011 -0.31929 0.23189 2.440 -0.15460 38.0000 18.72 0.5609 0.6138 1.321470 
937.8333 49.925 87.063 0.03002 0.58522 2.649 -0.10174 38.0000 18.55 0.6600 0.6768 1.322028 
937.4373 52.337 64.896 0.28633 0.61114 -6.700 -0.17672 38.0000 19.11 0.6705 0.7284 1.322586 
937.0412 52.264 34.254 0.53613 0.36509 19.618 -0.16808 38.0000 18.86 0.6396 0.7039 1.323146 
936.6450 49.390 31.191 0.55248 0.33448 3.154 -0.09975 38.0000 18.71 0.6614 0.7024 1.323705 
936.2487 53.172 22.821 0.60291 0.25370 2.902 -0.19182 38.0000 18.91 0.6479 0.6993 1.324266 
935.8524 40.561 203.650 -6.36898 -2.78914 1.339 1.08595 38.0000 19.17 1.7914 3.5213 1.324826 
935.4560 66.373 1.847 0.53412 0.01722 1.934 -0.49393 38.0000 19.19 0.6260 0.7071 1.325388 
935.0594 64.369 233.589 -0.16779 -0.22750 -3.976 -0.22678 38.0000 19.61 1.1672 2.0091 1.325950 
934.6629 40.216 210.883 -0.42285 -0.25290 -0.208 0.08304 38.0000 19.46 1.6600 2.9958 1.326512 
934.2662 60.223 218.218 -0.34992 -0.27554 3.903 -0.26178 38.0000 19.20 2.0188 3.6017 1.327076 
933.8694 61.328 213.611 -0.43578 -0.28965 6.326 -0.33537 38.0000 19.62 2.0134 3.6893 1.327640 
933.4727 60.098 218.867 -0.55853 -0.45014 -32.001 -0.41744 38.0000 19.64 2.0256 3.8139 1.328204 
933.0757 60.826 202.800 -0.66580 -0.27988 -1.600 -0.44523 38.0000 19.67 2.1069 3.7167 1.328769 
932.6787 62.525 190.701 -0.70524 -0.13327 2.425 -0.50350 38.0000 20.06 2.1956 3.6595 1.329334 
932.2817 60.778 185.098 -0.77654 -0.06927 26.285 -0.47882 38.0000 19.77 2.2778 3.7176 1.329901 
931.8845 58.550 183.030 -0.82214 -0.04352 -0.035 -0.42128 38.0000 19.91 2.3957 3.8826 1.330467 
931.4873 55.225 180.114 -0.83366 -0.00166 -142.348 -0.31087 38.0000 19.77 2.4129 3.9587 1.331035 
931.0900 47.928 177.121 -0.83132 0.04181 1.100 -0.08537 38.0000 20.26 2.3527 3.9314 1.331603 
930.6926 46.925 164.398 -0.68969 0.19259 2.687 -0.04818 38.0000 20.14 2.3180 3.8459 1.332171 
930.2951 72.412 152.108 -0.50088 0.26512 -24.673 -0.80408 38.0000 20.07 2.2118 3.5518 1.332740 
929.8975 57.021 147.956 -0.84220 0.52717 0.360 -0.44323 38.0000 20.53 2.0383 3.0332 1.333310 
929.4999 59.495 114.653 -0.51870 1.13016 49.957 -0.68900 38.0000 20.61 1.5943 2.0123 1.333881 
929.1022 55.432 76.223 1.36184 5.55387 45.534 -2.17962 38.0000 21.13 1.4820 2.2762 1.334452 
928.7043 55.377 76.402 0.76553 3.16484 5.434 -1.23383 38.0000 20.84 1.5590 2.0047 1.335023 
928.3065 53.585 75.954 0.87175 3.48452 -18.929 -1.10976 38.0000 20.66 1.7404 2.1753 1.335595 
927.9085 51.938 77.035 0.78971 3.43006 2.094 -0.86953 38.0000 20.65 1.9910 2.4272 1.336168 
927.5104 51.145 78.480 0.63989 3.13947 -0.055 -0.69798 38.0000 20.95 2.0953 2.5668 1.336742 
927.1123 52.778 78.440 0.49148 2.40278 0.043 -0.68270 38.0000 20.82 1.8689 2.2693 1.337316 
926.7141 59.008 69.166 0.38943 1.02336 0.152 -0.58259 38.0000 20.80 1.2465 1.5658 1.337890 
926.3158 67.471 275.485 0.06319 -0.65800 0.916 -0.65968 38.0000 21.11 0.7561 0.9346 1.338466 
925.9174 48.929 264.927 -0.32777 -3.69213 1.129 -0.51163 38.0000 21.06 1.5057 1.6939 1.339042 
925.5190 80.124 278.749 0.03426 -0.22262 -0.537 -0.62724 38.0000 21.13 0.7880 0.9825 1.339618 
925.1204 62.204 278.930 0.14446 -0.91932 -0.184 -0.63736 38.0000 21.38 0.8224 0.9809 1.340195 
924.7218 62.708 282.609 0.17087 -0.76384 -0.110 -0.55658 38.0000 21.03 0.7423 0.9050 1.340773 
924.3231 60.328 292.491 0.20993 -0.50705 -0.055 -0.32527 38.0000 21.34 0.6396 0.8242 1.341351 
923.9243 49.560 349.396 0.21621 -0.04048 1.777 -0.03531 38.0000 21.39 0.5380 0.7547 1.341930 
923.5255 30.805 66.215 0.17411 0.39503 3.036 0.23333 38.0000 21.81 0.5684 0.9675 1.342510 
923.1265 47.583 97.224 -0.12711 1.00283 0.105 -0.09138 38.0000 21.29 0.8059 0.9170 1.343090 
922.7275 47.789 68.249 0.18626 0.46683 0.061 -0.04910 38.0000 21.81 0.6293 0.7353 1.343671 
922.3283 38.239 27.057 0.30706 0.15684 2.482 0.08293 38.0000 21.66 0.6025 0.7816 1.344252 
921.9291 39.474 22.034 0.53406 0.21614 0.000 0.11254 38.0000 21.95 0.7097 0.9778 1.344834 
921.5298 36.526 2.128 0.60495 0.02248 0.000 0.18447 38.0000 21.80 0.7272 1.0069 1.345417 
921.1305 34.303 6.393 0.67065 0.07514 0.000 0.26438 38.0000 21.51 0.7746 1.0941 1.346000 
920.7311 34.708 343.661 0.52061 -0.15262 0.000 0.20374 38.0000 21.74 0.7262 0.9968 1.346584 
920.3315 31.864 13.798 0.65293 0.16036 0.000 0.33187 38.0000 22.34 0.6874 0.8782 1.347169 
919.9319 37.813 40.032 0.62604 0.52590 0.000 0.20953 38.0000 21.92 0.7217 0.8687 1.347754 
919.5322 41.725 59.018 0.49144 0.81847 2.326 0.10963 38.0000 21.51 0.8050 0.9064 1.348340 
919.1324 44.861 77.709 0.23948 1.09921 2.467 0.00544 38.0000 22.48 0.9281 1.0400 1.348926 
918.7326 40.053 60.576 0.49631 0.87996 10.700 0.17621 38.0000 22.03 0.8167 0.9261 1.349513 
918.3326 43.983 61.303 0.36881 0.67372 -6.723 0.02727 38.0000 22.48 0.8068 0.9200 1.350101 
917.9326 40.123 52.225 0.42326 0.54616 4.092 0.11877 38.0000 22.21 0.6210 0.7197 1.350689 
917.5325 16.812 359.317 0.42237 -0.00503 2.653 0.63521 38.0000 21.94 0.5777 0.6897 1.351278 
917.1323 12.271 1.599 0.48751 0.01361 2.338 1.06807 38.0000 22.21 0.6006 0.7466 1.351868 
916.7321 15.231 270.024 0.00039 -0.91842 10.157 1.56158 38.0000 22.38 0.6555 0.7674 1.352458 
916.3317 12.212 352.138 1.38512 -0.19127 150.378 3.07897 38.0000 22.60 0.6992 0.8290 1.353049 
915.9313 22.280 62.271 0.44507 0.84670 7.146 0.97136 38.0000 22.45 0.6266 0.7889 1.353641 
915.5308 34.984 89.439 0.01023 1.04366 5.953 0.38054 38.0000 22.67 0.6161 0.8644 1.354233 
915.1302 45.574 116.991 -0.34896 0.68514 3.652 -0.01542 38.0000 22.87 0.5889 0.9249 1.354826 
914.7295 61.231 129.570 -0.39930 0.48319 -0.015 -0.39875 38.0000 22.69 0.5980 0.9745 1.355419 
914.3287 69.501 121.571 -0.26710 0.43467 -0.037 -0.58693 38.0000 22.60 0.7011 1.0433 1.356013 
913.9279 72.608 127.125 -0.28338 0.37435 0.002 -0.67597 38.0000 22.58 0.6154 0.9785 1.356608 
913.5270 69.233 123.250 -0.17539 0.26752 -0.038 -0.36115 38.0000 22.80 0.5578 0.7640 1.357203 
913.1259 53.247 78.890 0.05438 0.27689 1.539 -0.08356 38.0000 23.01 0.5416 0.6149 1.357799 
912.7249 38.846 44.763 0.19941 0.19777 0.000 0.06128 38.0000 22.42 0.5415 0.5919 1.358396 
912.3237 26.847 8.606 0.31754 0.04806 3.081 0.23596 38.0000 22.86 0.5622 0.7125 1.358993 
911.9224 25.255 41.682 0.19638 0.17486 -0.355 0.21667 38.0000 23.27 0.5440 0.5767 1.359591 
911.5211 49.835 79.243 0.10954 0.57660 -0.314 -0.10002 38.0000 23.40 0.6614 0.7863 1.360190 
911.1196 28.811 354.463 1.22370 -0.11862 0.222 0.77957 38.0000 23.28 0.7937 1.2660 1.360789 
910.7181 24.288 223.066 -0.97659 -0.91278 0.077 1.17952 38.0000 23.19 0.8002 1.0215 1.361389 
910.3165 0.155 64.013 0.00333 0.00682 0.114 1.40307 38.0000 23.34 1.0641 1.6172 1.361990 
909.9149 21.593 66.939 0.50097 1.17675 -0.088 1.36258 38.0000 23.24 1.1540 1.8185 1.362591 
909.5131 21.985 29.605 0.77260 0.43898 0.709 0.92116 38.0000 22.81 1.3797 2.1083 1.363193 
909.1113 31.340 356.590 0.88576 -0.05278 0.180 0.45840 38.0000 22.94 1.5507 2.2727 1.363795 
908.7093 48.116 344.932 0.87806 -0.23639 0.037 -0.09930 38.0000 23.22 1.6322 2.3557 1.364399 
908.3073 59.334 342.645 0.81880 -0.25589 0.053 -0.46904 38.0000 22.79 1.5833 2.2611 1.365003 
907.9052 71.117 357.361 0.79879 -0.03682 -0.006 -1.03214 38.0000 23.18 1.5326 2.1725 1.365607 
907.5031 82.914 29.799 1.01758 0.58275 -1.860 -4.64343 38.0000 23.16 2.4374 2.9141 1.366212 
907.1008 44.453 26.711 0.72484 0.36473 -0.008 0.01550 38.0000 23.05 1.1436 1.5612 1.366818 
906.6984 11.082 44.826 0.64029 0.63641 -0.013 2.21619 38.0000 23.17 1.9918 2.2086 1.367425 
906.2960 9.132 58.681 0.62943 1.03445 -0.051 3.66893 38.0000 23.10 3.0743 3.2883 1.368032 
905.8935 10.849 67.817 0.71489 1.75329 -0.681 4.75839 38.0000 23.45 3.5792 3.8340 1.368640 
905.4909 7.789 56.214 0.75154 1.12323 0.010 4.84751 38.0000 23.21 3.5442 3.7468 1.369248 
905.0883 6.720 48.922 0.67906 0.77903 2.233 4.32466 38.0000 23.41 3.3574 3.5300 1.369857 
904.6855 5.679 36.912 0.55062 0.41360 1.417 3.42856 38.0000 23.88 2.7324 2.8725 1.370467 
904.2826 4.933 21.062 0.32181 0.12393 -0.019 1.98293 38.0000 23.75 1.8353 1.9627 1.371078 
903.8797 20.745 191.972 -0.74918 -0.15886 -0.005 0.86589 38.0000 24.18 1.3064 1.5035 1.371689 
903.4767 86.316 71.373 0.07415 0.21999 3.454 -1.79542 38.0000 23.84 1.5728 1.6844 1.372301 
903.0736 86.169 345.152 0.07258 -0.01924 0.274 -0.55808 38.0000 23.88 0.8094 1.1058 1.372913 
902.6704 84.951 303.420 0.09404 -0.14251 0.031 -0.95869 38.0000 23.85 1.0155 1.5476 1.373527 
902.2672 82.445 291.882 0.14355 -0.35742 0.233 -1.42641 38.0000 23.81 1.1872 1.8837 1.374140 
901.8638 80.824 285.765 0.18899 -0.66944 24.894 -2.09699 38.0000 23.90 1.3466 2.0238 1.374755 
901.4604 83.603 286.654 0.13863 -0.46343 -0.055 -2.13001 38.0000 23.67 1.3875 1.9600 1.375370 
901.0569 80.129 281.376 0.13784 -0.68506 -0.083 -1.94704 38.0000 23.95 1.2646 1.7684 1.375986 
900.6533 71.746 222.342 -0.77859 -0.70951 -2.128 -1.42314 38.0000 23.76 1.5454 2.3792 1.376603 
900.2496 71.699 30.553 0.50797 0.29985 -0.658 -0.79421 38.0000 24.14 0.7389 1.1322 1.377220 
899.8458 42.424 38.536 1.94787 1.55141 0.407 0.22449 38.0000 23.67 1.4150 2.1616 1.377838 
899.4420 47.119 23.036 4.90971 2.08773 0.476 -0.39532 38.0000 23.88 1.7317 2.8923 1.378457 
899.0380 45.378 21.722 9.05299 3.60666 -0.496 -0.12874 38.0000 24.30 2.0382 3.4503 1.379076 
898.6340 43.834 20.583 16.50472 6.19803 0.257 0.71795 38.0000 24.09 2.1336 3.6324 1.379696 
898.2299 43.141 11.243 31.66582 6.29497 -0.927 2.09786 38.0000 24.05 1.8224 3.3586 1.380317 
897.8257 44.026 25.642 9.22172 4.42666 -1.535 0.34779 38.0000 24.46 1.7345 2.8989 1.380938 
897.4214 46.023 47.086 2.35662 2.53475 0.305 -0.12365 38.0000 24.74 1.5040 2.1781 1.381560 
897.0171 53.695 76.494 0.34969 1.45591 0.052 -0.46893 38.0000 24.37 1.1321 1.3752 1.382183 
896.6127 57.122 130.788 -0.71679 0.83077 0.039 -0.49412 38.0000 24.28 1.1462 1.8850 1.382807 
896.2081 52.796 91.318 -0.04111 1.78608 0.021 -0.49856 38.0000 24.38 1.3361 1.5162 1.383431 
895.8035 48.641 82.589 0.18604 1.43021 0.052 -0.18428 38.0000 24.08 1.2479 1.5339 1.384056 
895.3989 44.642 74.613 0.29106 1.05760 0.022 0.01371 38.0000 24.38 1.0391 1.7310 1.384681 
894.9941 38.594 63.653 0.36323 0.73343 40.294 0.18612 38.0000 24.63 0.9166 1.9492 1.385307 
894.5892 28.746 38.764 0.39478 0.31701 2.177 0.32265 38.0000 25.10 0.8135 2.0420 1.385934 
894.1843 23.474 334.558 0.38219 -0.18182 0.000 0.39539 38.0000 24.27 0.9034 2.0442 1.386562 
893.7792 20.225 16.930 0.35382 0.10770 0.003 0.43379 38.0000 24.52 0.7989 2.1507 1.387190 
893.3741 17.650 4.929 0.35799 0.03088 3.178 0.50751 38.0000 24.36 0.7218 1.7784 1.387819 
892.9689 18.249 333.122 0.37986 -0.19253 -10.806 0.57556 38.0000 24.84 0.6228 1.2303 1.388449 
892.5637 47.188 285.373 0.05910 -0.21496 -1.342 -0.01706 38.0000 24.76 0.5452 0.6770 1.389079 
892.1583 68.186 221.712 -0.28914 -0.25772 0.574 -0.40633 38.0000 25.27 0.6632 0.9640 1.389711 
891.7528 12.231 27.593 0.14346 0.07498 1.236 0.35580 38.0000 24.54 0.6590 0.8983 1.390343 
891.3473 19.745 49.752 0.16803 0.19849 -0.705 0.31559 38.0000 25.09 0.6854 1.1419 1.390975 
890.9417 28.809 60.035 0.17774 0.30830 1.555 0.22568 38.0000 24.83 0.7130 1.2779 1.391608 
890.5359 33.122 62.754 0.16063 0.31193 0.000 0.15443 38.0000 24.84 0.6911 1.2654 1.392242 
890.1302 36.423 64.238 0.12414 0.25722 0.019 0.08816 38.0000 25.11 0.6286 1.1918 1.392877 
889.7243 55.544 194.529 -0.33174 -0.08597 0.000 -0.13215 38.0000 24.73 0.5967 1.1879 1.393512 
889.3184 33.945 32.713 0.19427 0.12478 0.000 0.09380 38.0000 24.85 0.5510 0.7385 1.394148 
888.9123 37.736 27.884 0.51696 0.27353 2.358 0.15156 38.0000 24.82 0.6463 0.7587 1.394785 
888.5062 47.047 38.956 0.52561 0.42496 -2.885 -0.04839 38.0000 25.55 0.7551 1.1499 1.395423 
888.1000 38.316 41.703 0.61938 0.55191 -101.765 0.19714 38.0000 25.05 0.9525 1.2162 1.396061 
887.6937 40.120 45.052 0.63811 0.63928 2.694 0.15535 38.0000 25.24 1.0261 1.3208 1.396700 
887.2873 41.902 45.391 0.61267 0.62109 -278.119 0.09470 38.0000 25.65 0.9997 1.2841 1.397340 
886.8808 46.874 48.443 0.54443 0.61414 3.246 -0.05376 38.0000 25.20 0.9469 1.1567 1.397980 
886.4743 47.310 49.172 0.38747 0.44845 3.766 -0.04789 38.0000 25.58 0.7030 0.8515 1.398621 
886.0676 57.068 65.408 0.13885 0.30339 3.942 -0.14950 38.0000 25.36 0.5563 0.6095 1.399263 
885.6609 77.410 15.694 0.15377 0.04320 2.040 -0.33972 38.0000 25.38 0.5354 0.6772 1.399906 
885.2541 58.035 79.247 0.05616 0.29571 0.095 -0.14726 38.0000 25.63 0.5424 0.6112 1.400549 
884.8472 57.121 83.139 0.03583 0.29777 0.017 -0.13506 38.0000 25.46 0.5350 0.6029 1.401193 
884.4402 53.657 1.453 11.96607 0.30359 97.037 -3.73134 38.0000 25.65 7.3095 18.5647 1.401838 
884.0332 44.136 140.294 -0.52620 0.43695 2.477 0.02064 38.0000 25.79 0.6603 1.1230 1.402483 
883.6260 37.330 176.476 -6.97902 0.42983 0.000 1.91807 38.0000 25.78 4.5348 11.5848 1.403130 
883.2188 37.357 177.344 -11.30276 0.52442 0.000 3.09248 38.0000 26.16 6.7192 17.1921 1.403777 
882.8115 57.016 186.445 -0.69327 -0.07832 0.000 -0.31108 38.0000 25.56 14.1072 26.6216 1.404424 
882.4041 57.257 355.661 3.95788 -0.30031 0.072 -1.81003 38.0000 25.87 8.7518 21.5057 1.405073 
881.9966 69.277 350.486 0.65507 -0.10979 0.060 -0.75220 38.0000 25.97 16.5057 30.2392 1.405722 
881.5890 74.393 347.933 0.39660 -0.08478 0.060 -0.66928 38.0000 25.96 23.8023 39.6681 1.406372 
881.1813 76.898 347.959 0.30883 -0.06588 0.042 -0.64164 38.0000 25.95 28.3976 45.7947 1.407023 
880.7736 77.195 344.224 0.29415 -0.08310 0.242 -0.63771 38.0000 26.20 30.0605 48.1668 1.407674 
880.3658 76.208 343.865 0.32490 -0.09399 0.000 -0.64738 38.0000 25.70 28.6831 46.4699 1.408326 
879.9579 73.981 343.232 0.39513 -0.11905 -0.048 -0.65944 38.0000 25.93 24.3293 40.8667 1.408979 
879.5499 68.573 347.706 0.69092 -0.15057 0.041 -0.76220 38.0000 26.10 16.9668 31.3667 1.409632 
879.1418 57.200 351.744 4.62859 -0.67165 0.254 -2.12153 38.0000 25.98 9.3656 22.9239 1.410287 
878.7336 54.251 176.931 -0.76042 0.04077 -0.009 -0.25482 38.0000 26.01 14.5720 27.9243 1.410942 
878.3253 36.614 173.606 -6.03801 0.67660 -1.198 1.83114 38.0000 26.36 6.8792 17.2471 1.411598 
877.9170 36.966 170.057 -3.17876 0.55725 3.436 0.92953 38.0000 26.19 3.9287 9.4259 1.412254 
877.5085 54.400 22.678 1.26810 0.52990 241.145 -0.46790 38.0000 26.41 2.9188 6.5852 1.412912 
877.1000 41.068 135.668 -0.63370 0.61908 4.253 0.12235 38.0000 26.61 1.4823 1.8986 1.413570 
876.6915 42.679 124.468 -0.52208 0.76054 2.719 0.07490 38.0000 26.48 1.2585 1.5062 1.414228 
876.2828 49.910 95.482 -0.10795 1.12479 -0.078 -0.19558 38.0000 26.41 0.9711 1.1247 1.414888 
875.8740 54.317 51.720 1.56084 1.97777 0.400 -0.84955 38.0000 27.11 0.9577 1.4470 1.415548 
875.4651 46.738 76.731 0.26736 1.13371 0.060 -0.07075 38.0000 26.94 0.8492 0.9232 1.416209 
875.0562 45.426 79.642 0.17641 0.96519 0.166 -0.01461 38.0000 26.91 0.6873 0.7192 1.416871 
874.6472 40.387 80.407 0.04812 0.28470 6.267 0.04690 38.0000 26.46 0.5390 0.6312 1.417534 
874.2380 47.181 271.902 0.02936 -0.88440 0.000 -0.06750 38.0000 26.83 0.7646 0.9261 1.418197 
873.8289 53.751 88.667 0.00876 0.37617 2.060 -0.11865 38.0000 26.46 0.5416 0.8284 1.418861 
873.4196 63.142 86.012 0.02791 0.40034 2.307 -0.29463 38.0000 27.24 0.5725 0.8762 1.419526 
873.0102 56.089 86.021 0.03286 0.47235 0.698 -0.19302 38.0000 26.98 0.5726 0.8500 1.420192 
872.6007 54.211 86.246 0.02980 0.45414 -0.098 -0.15158 38.0000 26.59 0.5611 0.7672 1.420858 
872.1912 53.975 75.956 0.13921 0.55652 -0.162 -0.18584 38.0000 27.06 0.6240 0.7687 1.421525 
871.7816 51.630 75.469 0.11076 0.42732 -0.079 -0.10403 38.0000 26.54 0.5898 0.6119 1.422193 
871.3718 53.877 67.332 0.14342 0.34340 3.033 -0.11915 38.0000 27.69 0.6045 0.7219 1.422862 
870.9620 75.809 90.139 -0.00030 0.12557 -0.143 -0.23241 38.0000 27.33 0.5406 0.5828 1.423532 
870.5521 81.509 200.584 -0.08594 -0.03228 2.801 -0.30060 38.0000 27.39 0.5394 0.5957 1.424202 
870.1422 79.757 195.745 -0.09096 -0.02564 2.505 -0.25294 38.0000 27.60 0.5329 0.5948 1.424873 
869.7321 76.738 104.029 -0.03050 0.12207 0.039 -0.25210 38.0000 27.40 0.5448 0.6008 1.425545 
869.3219 71.018 81.552 0.03758 0.25299 1.905 -0.32779 38.0000 27.49 0.6032 0.6495 1.426217 
868.9117 62.736 73.798 0.11165 0.38425 2.706 -0.28512 38.0000 27.75 0.6308 0.6626 1.426891 
868.5013 58.536 69.868 0.18144 0.49494 -0.016 -0.26943 38.0000 27.78 0.6981 0.7161 1.427565 
868.0909 55.844 67.885 0.24696 0.60775 1.796 -0.26090 38.0000 27.67 0.8088 0.8310 1.428240 
867.6805 55.817 68.534 0.22923 0.58297 -0.035 -0.24844 38.0000 27.62 0.7912 0.8035 1.428915 
867.2699 56.951 68.336 0.19984 0.50312 2.327 -0.23991 38.0000 27.75 0.7012 0.7129 1.429592 
866.8592 56.867 67.677 0.19724 0.48038 2.378 -0.22833 38.0000 28.09 0.6697 0.6770 1.430269 
866.4485 53.951 65.739 0.20345 0.45143 -0.278 -0.15996 38.0000 27.66 0.6240 0.6295 1.430947 
866.0376 54.056 61.962 0.26510 0.49777 1.557 -0.18447 38.0000 27.67 0.6406 0.6463 1.431626 
865.6267 49.717 65.983 0.23657 0.53091 1.817 -0.09657 38.0000 28.60 0.6353 0.6416 1.432306 
865.2157 49.753 68.639 0.19625 0.50178 -0.016 -0.09022 38.0000 28.03 0.6186 0.6351 1.432986 
864.8046 50.255 71.325 0.17547 0.51915 1.835 -0.10167 38.0000 28.12 0.6319 0.6577 1.433667 
864.3934 49.794 73.500 0.15050 0.50810 1.679 -0.08951 38.0000 28.28 0.6330 0.6751 1.434349 
863.9821 50.258 77.261 0.12930 0.57195 2.381 -0.10885 38.0000 27.98 0.6641 0.7235 1.435032 
863.5707 48.730 75.865 0.13271 0.52697 -3.066 -0.07116 38.0000 28.40 0.6442 0.6973 1.435716 
863.1593 47.763 77.353 0.08692 0.38736 2.190 -0.03840 38.0000 28.38 0.5740 0.6236 1.436400 
862.7477 45.132 71.517 0.14725 0.44050 1.687 -0.00215 38.0000 28.84 0.5959 0.6279 1.437085 
862.3361 45.083 66.296 0.19290 0.43935 -0.007 -0.00139 38.0000 28.42 0.5997 0.6201 1.437771 
861.9244 49.469 62.052 0.23578 0.44441 1.812 -0.07912 38.0000 28.74 0.6205 0.6395 1.438458 
861.5126 46.471 65.536 0.21351 0.46930 -2.251 -0.02650 38.0000 28.59 0.6213 0.6373 1.439145 
861.1008 44.478 67.942 0.14951 0.36897 1.644 0.00726 38.0000 28.58 0.5719 0.5824 1.439834 
860.6888 43.673 69.036 0.12934 0.33758 1.645 0.01675 38.0000 28.68 0.5581 0.5718 1.440523 
860.2767 45.138 67.712 0.14491 0.35354 1.681 -0.00184 38.0000 28.25 0.5592 0.5778 1.441213 
859.8646 45.888 69.236 0.13228 0.34890 -0.005 -0.01157 38.0000 28.85 0.5574 0.5810 1.441904 
859.4523 44.619 65.003 0.16687 0.35791 1.591 0.00525 38.0000 28.95 0.5567 0.5753 1.442595 
859.0400 46.894 63.683 0.18536 0.37477 5.886 -0.02769 38.0000 28.83 0.5645 0.5780 1.443288 
858.6276 48.882 62.998 0.20358 0.39951 1.511 -0.06114 38.0000 29.41 0.5714 0.5812 1.443981 
858.2151 50.166 64.881 0.20949 0.44684 1.635 -0.08998 38.0000 29.55 0.5939 0.5999 1.444675 
857.8026 50.038 66.456 0.21025 0.48252 1.889 -0.09352 38.0000 29.09 0.6310 0.6347 1.445370 
857.3899 49.741 68.677 0.20997 0.53790 1.711 -0.09645 38.0000 29.26 0.6647 0.6682 1.446065 
856.9771 50.460 69.118 0.20526 0.53804 1.644 -0.11109 38.0000 28.48 0.6682 0.6720 1.446762 
856.5643 51.690 68.688 0.20100 0.51522 1.566 -0.13155 38.0000 29.05 0.6694 0.6731 1.447459 
856.1514 51.240 69.454 0.19925 0.53162 0.002 -0.12565 38.0000 29.61 0.6877 0.6919 1.448157 
855.7383 52.683 69.228 0.18880 0.49774 1.983 -0.14628 38.0000 29.55 0.6814 0.6876 1.448856 
855.3253 53.227 69.348 0.19785 0.52492 1.822 -0.16567 38.0000 29.40 0.7070 0.7161 1.449556 
854.9120 52.321 68.160 0.22037 0.54985 2.707 -0.15477 38.0000 29.13 0.7189 0.7265 1.450257 
854.4988 52.612 66.121 0.23556 0.53209 1.854 -0.15835 38.0000 29.44 0.6859 0.6946 1.450958 
854.0854 52.285 67.341 0.22682 0.54332 2.043 -0.15304 38.0000 29.20 0.6883 0.6980 1.451660 
853.6719 50.756 67.201 0.24378 0.57998 2.032 -0.12815 38.0000 29.52 0.7062 0.7148 1.452364 
853.2584 49.843 66.669 0.25156 0.58326 1.695 -0.10842 38.0000 29.46 0.6937 0.6989 1.453067 
852.8448 49.121 66.669 0.24461 0.56713 1.490 -0.08946 38.0000 29.53 0.6862 0.6909 1.453772 
852.4311 50.103 65.735 0.23563 0.52272 1.959 -0.10323 38.0000 29.29 0.6700 0.6750 1.454478 
852.0173 50.430 66.090 0.24454 0.55158 1.605 -0.11574 38.0000 29.60 0.6954 0.6999 1.455184 
851.6034 52.132 65.635 0.23029 0.50849 1.578 -0.14191 38.0000 29.42 0.6780 0.6848 1.455891 
851.1894 52.331 65.089 0.24407 0.52554 1.570 -0.15161 38.0000 29.42 0.6822 0.6902 1.456599 
850.7753 50.793 65.913 0.25932 0.58007 1.966 -0.13027 38.0000 29.59 0.6991 0.7048 1.457308 
850.3612 50.123 64.110 0.26022 0.53614 2.241 -0.10773 38.0000 29.61 0.6636 0.6707 1.458018 
849.9470 50.094 64.658 0.26195 0.55313 1.464 -0.10998 38.0000 29.71 0.6735 0.6798 1.458728 
849.5326 49.965 65.553 0.27018 0.59432 2.159 -0.11429 38.0000 29.53 0.7041 0.7091 1.459440 
849.1182 49.750 65.823 0.27732 0.61773 1.501 -0.11332 38.0000 29.96 0.7199 0.7239 1.460152 
848.7037 49.159 65.988 0.27776 0.62349 1.535 -0.09979 38.0000 29.81 0.7188 0.7221 1.460865 
848.2891 48.806 66.078 0.27757 0.62571 1.719 -0.09147 38.0000 29.93 0.7164 0.7193 1.461579 
847.8744 48.504 65.732 0.27506 0.61011 1.616 -0.08228 38.0000 30.54 0.7052 0.7078 1.462294 
847.4597 47.954 65.532 0.28178 0.61921 1.570 -0.07041 38.0000 30.23 0.7092 0.7113 1.463010 
847.0448 48.034 65.375 0.28280 0.61699 1.474 -0.07214 38.0000 30.58 0.7068 0.7088 1.463726 
846.6298 47.623 65.399 0.28302 0.61816 1.549 -0.06243 38.0000 30.78 0.7045 0.7065 1.464444 
846.2148 46.786 64.890 0.29204 0.62316 1.378 -0.04297 38.0000 30.15 0.7063 0.7083 1.465162 
845.7997 47.493 64.622 0.29826 0.62876 1.510 -0.06071 38.0000 30.48 0.7070 0.7092 1.465881 
845.3845 47.715 64.673 0.30107 0.63613 1.469 -0.06689 38.0000 30.33 0.7130 0.7152 1.466601 
844.9692 47.240 64.490 0.30407 0.63721 1.528 -0.05532 38.0000 30.33 0.7135 0.7158 1.467322 
844.5538 47.500 64.396 0.31115 0.64932 1.683 -0.06298 38.0000 30.16 0.7211 0.7235 1.468044 
844.1383 47.349 64.283 0.31485 0.65371 1.368 -0.05963 38.0000 30.36 0.7218 0.7245 1.468766 
843.7227 46.399 64.401 0.31531 0.65812 1.521 -0.03565 38.0000 31.00 0.7247 0.7275 1.469490 
843.3071 45.860 64.225 0.32301 0.66891 1.231 -0.02231 38.0000 30.82 0.7226 0.7255 1.470214 
842.8914 45.270 64.180 0.32596 0.67368 1.539 -0.00706 38.0000 30.94 0.7230 0.7259 1.470939 
842.4755 45.234 64.141 0.32401 0.66848 1.455 -0.00608 38.0000 30.70 0.7319 0.7349 1.471665 
842.0596 44.929 63.827 0.32592 0.66313 1.496 0.00184 38.0000 31.10 0.7367 0.7394 1.472392 
841.6436 44.900 63.745 0.32849 0.66595 1.410 0.00260 38.0000 31.12 0.7408 0.7436 1.473120 
841.2275 45.157 63.820 0.33201 0.67533 1.300 -0.00413 38.0000 31.14 0.7440 0.7468 1.473849 
840.8113 45.559 64.001 0.33584 0.68861 1.297 -0.01496 38.0000 31.63 0.7499 0.7529 1.474578 
840.3951 45.945 63.991 0.33466 0.68587 1.333 -0.02517 38.0000 31.20 0.7587 0.7617 1.475308 
839.9787 45.915 63.961 0.33352 0.68264 1.419 -0.02429 38.0000 31.11 0.7620 0.7651 1.476040 
839.5623 45.332 63.929 0.33677 0.68831 1.444 -0.00887 38.0000 31.62 0.7621 0.7655 1.476772 
839.1457 45.761 63.733 0.33697 0.68280 1.701 -0.02024 38.0000 31.51 0.7669 0.7701 1.477505 
838.7291 45.770 63.672 0.33942 0.68594 1.425 -0.02057 38.0000 31.27 0.7689 0.7721 1.478239 
838.3124 45.925 63.773 0.34132 0.69283 1.375 -0.02496 38.0000 31.77 0.7717 0.7751 1.478974 
837.8956 46.338 63.772 0.34391 0.69807 1.399 -0.03638 38.0000 31.81 0.7747 0.7780 1.479709 
837.4787 46.415 63.588 0.34819 0.70107 1.456 -0.03868 38.0000 31.94 0.7715 0.7749 1.480446 
837.0617 46.080 63.553 0.35107 0.70580 1.828 -0.02972 38.0000 31.92 0.7733 0.7764 1.481183 
836.6447 45.741 63.196 0.35599 0.70461 1.494 -0.02043 38.0000 31.97 0.7711 0.7742 1.481922 
836.2275 45.550 63.135 0.35944 0.70957 1.438 -0.01527 38.0000 32.38 0.7720 0.7752 1.482661 
835.8102 45.433 63.008 0.36400 0.71464 1.410 -0.01212 38.0000 32.49 0.7729 0.7760 1.483401 
835.3929 45.411 62.913 0.36344 0.71061 1.401 -0.01146 38.0000 32.29 0.7764 0.7797 1.484142 
834.9755 45.454 62.782 0.36506 0.70976 1.344 -0.01265 38.0000 32.47 0.7777 0.7808 1.484884 
834.5579 45.208 62.731 0.36772 0.71338 1.333 -0.00584 38.0000 32.59 0.7790 0.7819 1.485627 
834.1403 45.182 62.715 0.36675 0.71103 1.425 -0.00507 38.0000 32.45 0.7789 0.7817 1.486371 
833.7227 45.100 62.650 0.36883 0.71308 1.281 -0.00279 38.0000 32.47 0.7792 0.7820 1.487115 
833.3049 45.021 62.526 0.37096 0.71341 1.395 -0.00060 38.0000 32.97 0.7793 0.7820 1.487861 
832.8870 44.875 62.358 0.37458 0.71522 1.312 0.00352 38.0000 32.55 0.7794 0.7820 1.488608 
832.4691 44.967 62.377 0.37263 0.71208 1.414 0.00091 38.0000 33.10 0.7793 0.7820 1.489355 
832.0510 44.851 62.293 0.37553 0.71508 1.478 0.00421 38.0000 33.59 0.7807 0.7833 1.490103 
831.6329 44.825 62.315 0.37701 0.71856 1.419 0.00497 38.0000 32.85 0.7819 0.7845 1.490852 
831.2146 44.975 62.221 0.37816 0.71787 1.279 0.00071 38.0000 33.52 0.7835 0.7862 1.491603 
830.7963 44.901 62.141 0.38169 0.72214 1.458 0.00283 38.0000 33.61 0.7857 0.7883 1.492354 
830.3779 44.926 61.987 0.38508 0.72384 1.331 0.00212 38.0000 33.52 0.7885 0.7910 1.493106 
829.9594 44.919 61.879 0.38558 0.72151 1.337 0.00233 38.0000 34.21 0.7904 0.7928 1.493858 
829.5408 44.879 61.757 0.38882 0.72383 1.380 0.00347 38.0000 33.89 0.7923 0.7947 1.494612 
829.1221 44.945 61.743 0.38857 0.72296 1.301 0.00159 38.0000 33.58 0.7934 0.7958 1.495367 
828.7034 44.945 61.739 0.39051 0.72643 1.391 0.00157 38.0000 34.22 0.7951 0.7975 1.496123 
828.2845 44.931 61.757 0.39004 0.72611 1.456 0.00200 38.0000 34.48 0.7950 0.7974 1.496879 
827.8656 44.895 61.690 0.39326 0.73008 1.343 0.00304 38.0000 33.57 0.7970 0.7994 1.497637 
827.4465 44.917 61.662 0.39330 0.72928 1.379 0.00240 38.0000 34.30 0.7981 0.8005 1.498395 
827.0275 44.918 61.617 0.39426 0.72968 1.375 0.00238 38.0000 34.58 0.8000 0.8023 1.499154 
826.6082 44.865 61.595 0.39573 0.73175 1.312 0.00392 38.0000 34.39 0.8008 0.8031 1.499915 
826.1889 44.815 61.508 0.39774 0.73277 1.422 0.00539 38.0000 34.56 0.8029 0.8052 1.500676 
825.7695 44.792 61.473 0.39841 0.73295 1.422 0.00605 38.0000 35.01 0.8044 0.8066 1.501438 
825.3500 44.783 61.432 0.39845 0.73179 1.443 0.00632 38.0000 34.66 0.8056 0.8077 1.502201 
824.9305 44.788 61.416 0.39849 0.73138 1.328 0.00616 38.0000 34.47 0.8067 0.8088 1.502965 
824.5108 44.786 61.372 0.40031 0.73338 1.297 0.00624 38.0000 34.80 0.8080 0.8100 1.503730 
824.0911 44.696 61.311 0.40182 0.73428 1.330 0.00890 38.0000 34.83 0.8093 0.8112 1.504496 
823.6713 44.622 61.285 0.40352 0.73659 1.383 0.01107 38.0000 34.91 0.8108 0.8128 1.505263 
823.2513 44.589 61.278 0.40434 0.73788 1.374 0.01206 38.0000 34.72 0.8124 0.8143 1.506031 
822.8313 44.567 61.263 0.40503 0.73865 1.383 0.01273 38.0000 35.01 0.8128 0.8147 1.506800 
822.4112 44.499 61.271 0.40677 0.74208 1.401 0.01481 38.0000 35.10 0.8155 0.8174 1.507569 
821.9910 44.518 61.293 0.40711 0.74338 1.292 0.01426 38.0000 35.11 0.8177 0.8195 1.508340 
821.5707 44.479 61.270 0.40744 0.74327 1.307 0.01541 38.0000 35.55 0.8178 0.8196 1.509112 
821.1503 44.399 61.255 0.40866 0.74504 1.344 0.01783 38.0000 35.95 0.8186 0.8203 1.509884 
820.7299 44.301 61.240 0.41111 0.74903 1.394 0.02084 38.0000 35.88 0.8212 0.8229 1.510658 
820.3093 44.271 61.244 0.41212 0.75100 1.303 0.02181 38.0000 35.72 0.8235 0.8252 1.511432 
819.8886 44.365 61.229 0.41151 0.74944 1.286 0.01895 38.0000 35.51 0.8234 0.8252 1.512208 
819.4679 44.340 61.204 0.41266 0.75076 1.314 0.01974 38.0000 36.42 0.8245 0.8263 1.512984 
819.0471 44.305 61.204 0.41399 0.75316 1.354 0.02086 38.0000 36.21 0.8266 0.8283 1.513761 
818.6262 44.261 61.180 0.41549 0.75515 1.360 0.02224 38.0000 36.98 0.8279 0.8297 1.514540 
818.2051 44.240 61.140 0.41677 0.75625 1.348 0.02291 38.0000 36.41 0.8290 0.8306 1.515319 
817.7841 44.185 61.118 0.41818 0.75811 1.209 0.02464 38.0000 36.36 0.8297 0.8314 1.516099 
817.3629 44.130 61.125 0.41870 0.75926 1.269 0.02634 38.0000 36.71 0.8299 0.8316 1.516881 
816.9416 44.101 61.145 0.41981 0.76189 1.265 0.02729 38.0000 36.47 0.8323 0.8340 1.517663 
816.5202 44.018 61.121 0.42182 0.76477 1.299 0.02996 38.0000 36.66 0.8341 0.8358 1.518446 
816.0988 43.955 61.114 0.42333 0.76730 1.267 0.03197 38.0000 37.04 0.8356 0.8372 1.519230 
815.6772 43.905 61.057 0.42581 0.77000 1.313 0.03366 38.0000 36.97 0.8376 0.8393 1.520015 
815.2556 43.901 61.045 0.42608 0.77008 1.290 0.03377 38.0000 36.99 0.8381 0.8398 1.520801 
814.8338 43.870 61.035 0.42733 0.77205 1.224 0.03482 38.0000 36.76 0.8396 0.8413 1.521589 
814.4120 43.817 61.003 0.42924 0.77446 1.291 0.03657 38.0000 37.40 0.8414 0.8431 1.522377 
813.9901 43.742 61.028 0.43029 0.77718 1.272 0.03902 38.0000 37.80 0.8431 0.8448 1.523166 
813.5681 43.776 61.033 0.43028 0.77729 1.266 0.03800 38.0000 37.29 0.8445 0.8462 1.523956 
813.1460 43.743 60.981 0.43149 0.77781 1.239 0.03907 38.0000 37.28 0.8444 0.8461 1.524747 
812.7238 43.713 60.978 0.43207 0.77877 1.351 0.04005 38.0000 37.90 0.8449 0.8467 1.525539 
812.3015 43.663 60.923 0.43522 0.78269 1.295 0.04181 38.0000 38.04 0.8484 0.8502 1.526332 
811.8792 43.600 60.949 0.43474 0.78264 1.259 0.04377 38.0000 38.32 0.8478 0.8496 1.527126 
811.4567 43.590 60.932 0.43541 0.78330 1.254 0.04414 38.0000 38.45 0.8491 0.8509 1.527921 
811.0341 43.614 60.903 0.43557 0.78267 1.195 0.04336 38.0000 37.70 0.8491 0.8509 1.528717 
810.6115 43.556 60.954 0.43594 0.78498 1.274 0.04530 38.0000 37.84 0.8503 0.8520 1.529514 
810.1888 43.521 60.900 0.43733 0.78574 1.214 0.04648 38.0000 37.54 0.8503 0.8520 1.530312 
809.7659 43.529 60.839 0.43866 0.78613 1.217 0.04627 38.0000 38.57 0.8511 0.8528 1.531111 
809.3430 43.536 60.805 0.43937 0.78633 1.187 0.04608 38.0000 38.56 0.8517 0.8533 1.531912 
808.9200 43.539 60.716 0.44108 0.78650 1.255 0.04602 38.0000 38.32 0.8524 0.8540 1.532713 
808.4969 43.550 60.655 0.44224 0.78661 1.260 0.04570 38.0000 39.18 0.8531 0.8547 1.533515 
808.0737 43.586 60.610 0.44248 0.78562 1.290 0.04455 38.0000 38.96 0.8528 0.8544 1.534318 
807.6505 43.571 60.606 0.44306 0.78648 1.314 0.04508 38.0000 38.78 0.8540 0.8556 1.535122 
807.2271 43.551 60.584 0.44371 0.78694 1.237 0.04573 38.0000 39.03 0.8540 0.8556 1.535927 
806.8036 43.570 60.510 0.44521 0.78723 1.211 0.04519 38.0000 39.58 0.8546 0.8562 1.536733 
806.3801 43.592 60.479 0.44581 0.78731 1.227 0.04452 38.0000 38.82 0.8548 0.8563 1.537540 
805.9564 43.627 60.419 0.44665 0.78684 1.183 0.04339 38.0000 39.40 0.8554 0.8569 1.538349 
805.5327 43.659 60.372 0.44733 0.78656 1.207 0.04238 38.0000 39.29 0.8563 0.8578 1.539158 
805.1089 43.708 60.302 0.44813 0.78574 1.187 0.04081 38.0000 38.90 0.8566 0.8582 1.539968 
804.6850 43.703 60.279 0.44926 0.78696 1.223 0.04105 38.0000 39.37 0.8585 0.8601 1.540779 
804.2610 43.703 60.237 0.44990 0.78675 1.218 0.04107 38.0000 39.98 0.8584 0.8599 1.541591 
803.8369 43.709 60.194 0.45094 0.78721 1.192 0.04090 38.0000 39.27 0.8591 0.8606 1.542405 
803.4127 43.739 60.160 0.45165 0.78734 1.252 0.03997 38.0000 39.92 0.8601 0.8617 1.543219 
802.9884 43.743 60.149 0.45215 0.78786 1.289 0.03988 38.0000 39.80 0.8608 0.8624 1.544035 
802.5640 43.722 60.131 0.45325 0.78923 1.185 0.04063 38.0000 39.52 0.8621 0.8637 1.544851 
802.1396 43.720 60.096 0.45364 0.78877 1.235 0.04067 38.0000 40.46 0.8613 0.8629 1.545669 
801.7150 43.727 60.090 0.45373 0.78872 1.229 0.04046 38.0000 40.67 0.8616 0.8631 1.546487 
801.2903 43.770 60.034 0.45448 0.78827 1.222 0.03909 38.0000 40.51 0.8620 0.8636 1.547307 
800.8657 43.792 60.023 0.45432 0.78764 1.234 0.03836 38.0000 40.01 0.8620 0.8635 1.548127 
800.4408 43.797 59.988 0.45432 0.78652 1.257 0.03818 38.0000 39.78 0.8612 0.8627 1.548949 
800.0159 43.807 59.977 0.45471 0.78685 1.209 0.03788 38.0000 40.48 0.8616 0.8631 1.549772 
799.5909 43.819 59.915 0.45556 0.78638 1.179 0.03750 38.0000 40.28 0.8612 0.8626 1.550595 
799.1658 43.818 59.894 0.45630 0.78696 1.198 0.03755 38.0000 40.29 0.8621 0.8635 1.551420 
798.7406 43.808 59.833 0.45789 0.78777 1.225 0.03793 38.0000 40.59 0.8632 0.8646 1.552246 
798.3153 43.848 59.802 0.45839 0.78767 1.230 0.03665 38.0000 40.59 0.8642 0.8656 1.553073 
797.8899 43.870 59.740 0.45990 0.78830 1.219 0.03603 38.0000 41.01 0.8660 0.8675 1.553901 
797.4644 43.857 59.721 0.46065 0.78898 1.226 0.03648 38.0000 41.19 0.8667 0.8682 1.554730 
797.0389 43.844 59.661 0.46249 0.79023 1.230 0.03697 38.0000 41.02 0.8678 0.8693 1.555560 
796.6132 43.820 59.608 0.46405 0.79122 1.258 0.03780 38.0000 40.89 0.8686 0.8701 1.556391 
796.1875 43.828 59.565 0.46440 0.79044 1.207 0.03752 38.0000 41.32 0.8684 0.8699 1.557224 
795.7617 43.836 59.516 0.46547 0.79071 1.186 0.03729 38.0000 40.55 0.8687 0.8702 1.558057 
795.3357 43.880 59.460 0.46609 0.79000 1.221 0.03586 38.0000 41.17 0.8695 0.8710 1.558891 
794.9097 43.894 59.401 0.46743 0.79043 1.201 0.03548 38.0000 41.52 0.8707 0.8723 1.559727 
794.4836 43.918 59.333 0.46831 0.78977 1.223 0.03470 38.0000 41.60 0.8707 0.8723 1.560563 
794.0574 43.917 59.329 0.46874 0.79036 1.221 0.03476 38.0000 41.61 0.8718 0.8734 1.561401 
793.6310 43.896 59.290 0.47033 0.79182 1.175 0.03550 38.0000 41.98 0.8730 0.8746 1.562240 
793.2047 43.918 59.227 0.47138 0.79161 1.190 0.03481 38.0000 42.20 0.8736 0.8752 1.563079 
792.7782 43.920 59.191 0.47198 0.79149 1.210 0.03475 38.0000 41.48 0.8735 0.8751 1.563920 
792.3516 43.917 59.174 0.47257 0.79191 1.221 0.03487 38.0000 41.76 0.8739 0.8755 1.564762 
791.9249 43.891 59.154 0.47311 0.79221 1.157 0.03573 38.0000 41.09 0.8739 0.8755 1.565605 
791.4982 43.912 59.112 0.47411 0.79256 1.167 0.03509 38.0000 41.22 0.8746 0.8762 1.566449 
791.0714 43.911 59.087 0.47479 0.79292 1.146 0.03516 38.0000 41.72 0.8751 0.8768 1.567295 
790.6444 43.909 59.062 0.47545 0.79323 1.185 0.03524 38.0000 41.59 0.8758 0.8775 1.568141 
790.2173 43.936 59.034 0.47551 0.79243 1.191 0.03433 38.0000 41.75 0.8758 0.8775 1.568989 
789.7902 43.949 58.981 0.47636 0.79220 1.206 0.03392 38.0000 41.83 0.8759 0.8776 1.569837 
789.3630 43.954 58.951 0.47699 0.79232 1.172 0.03379 38.0000 41.44 0.8763 0.8780 1.570687 
788.9357 43.969 58.940 0.47740 0.79263 1.173 0.03331 38.0000 42.27 0.8771 0.8787 1.571537 
788.5083 43.969 58.902 0.47807 0.79258 1.153 0.03333 38.0000 42.34 0.8771 0.8788 1.572389 
788.0807 43.948 58.894 0.47857 0.79312 1.156 0.03405 38.0000 41.98 0.8777 0.8793 1.573242 
787.6532 43.931 58.858 0.47977 0.79400 1.166 0.03463 38.0000 42.03 0.8787 0.8803 1.574096 
787.2255 43.925 58.838 0.48000 0.79375 1.148 0.03484 38.0000 41.77 0.8782 0.8798 1.574951 
786.7977 43.917 58.776 0.48082 0.79317 1.148 0.03507 38.0000 42.43 0.8777 0.8793 1.575808 
786.3699 43.887 58.744 0.48212 0.79433 1.159 0.03611 38.0000 42.32 0.8786 0.8803 1.576665 
785.9419 43.892 58.724 0.48263 0.79452 1.146 0.03596 38.0000 42.39 0.8796 0.8813 1.577524 
785.5139 43.904 58.689 0.48314 0.79429 1.147 0.03559 38.0000 41.96 0.8799 0.8816 1.578383 
785.0857 43.887 58.648 0.48422 0.79479 1.163 0.03619 38.0000 42.93 0.8798 0.8814 1.579244 
784.6575 43.892 58.595 0.48523 0.79479 1.157 0.03604 38.0000 42.82 0.8801 0.8818 1.580106 
784.2291 43.894 58.580 0.48528 0.79438 1.161 0.03596 38.0000 42.86 0.8802 0.8819 1.580969 
783.8007 43.896 58.540 0.48587 0.79412 1.162 0.03589 38.0000 42.86 0.8800 0.8816 1.581833 
783.3722 43.901 58.506 0.48648 0.79406 1.147 0.03575 38.0000 42.89 0.8803 0.8818 1.582698 
782.9435 43.937 58.454 0.48707 0.79339 1.144 0.03456 38.0000 42.96 0.8806 0.8822 1.583565 
782.5148 43.930 58.427 0.48805 0.79416 1.110 0.03482 38.0000 42.91 0.8820 0.8836 1.584433 
782.0861 43.909 58.425 0.48843 0.79472 1.124 0.03554 38.0000 42.63 0.8826 0.8842 1.585301 
781.6572 43.892 58.413 0.48874 0.79484 1.135 0.03609 38.0000 42.28 0.8827 0.8843 1.586171 
781.2282 43.891 58.380 0.48934 0.79480 1.139 0.03615 38.0000 42.73 0.8828 0.8844 1.587042 
780.7991 43.896 58.362 0.48975 0.79489 1.146 0.03600 38.0000 42.64 0.8833 0.8849 1.587914 
780.3699 43.903 58.329 0.49039 0.79492 1.118 0.03578 38.0000 42.89 0.8839 0.8855 1.588788 
779.9407 43.921 58.300 0.49052 0.79423 1.160 0.03519 38.0000 43.00 0.8839 0.8855 1.589662 
779.5113 43.921 58.279 0.49083 0.79408 1.137 0.03518 38.0000 42.75 0.8839 0.8855 1.590537 
779.0818 43.962 58.227 0.49137 0.79333 1.192 0.03382 38.0000 42.88 0.8842 0.8858 1.591414 
778.6523 43.983 58.165 0.49266 0.79350 1.150 0.03317 38.0000 43.06 0.8849 0.8865 1.592292 
778.2227 43.993 58.121 0.49365 0.79372 1.120 0.03286 38.0000 43.21 0.8857 0.8874 1.593171 
777.7930 44.009 58.095 0.49405 0.79357 1.130 0.03236 38.0000 42.88 0.8863 0.8879 1.594051 
777.3632 44.022 58.064 0.49472 0.79369 1.135 0.03192 38.0000 42.92 0.8870 0.8886 1.594933 
776.9332 44.057 58.014 0.49504 0.79266 1.143 0.03076 38.0000 43.33 0.8873 0.8889 1.595815 
776.5032 44.072 57.974 0.49562 0.79237 1.124 0.03027 38.0000 43.89 0.8876 0.8891 1.596699 
776.0731 44.072 57.944 0.49621 0.79237 1.146 0.03029 38.0000 43.68 0.8878 0.8893 1.597584 
775.6429 44.080 57.885 0.49724 0.79219 1.162 0.03003 38.0000 43.01 0.8879 0.8894 1.598470 
775.2126 44.113 57.849 0.49733 0.79125 1.133 0.02894 38.0000 43.59 0.8878 0.8893 1.599357 
774.7822 44.142 57.816 0.49773 0.79088 1.141 0.02801 38.0000 43.74 0.8884 0.8899 1.600246 
774.3517 44.144 57.817 0.49787 0.79111 1.139 0.02795 38.0000 44.10 0.8887 0.8902 1.601135 
773.9212 44.145 57.779 0.49879 0.79144 1.138 0.02793 38.0000 43.78 0.8893 0.8908 1.602026 
773.4905 44.139 57.760 0.49943 0.79187 1.113 0.02816 38.0000 43.31 0.8898 0.8912 1.602918 
773.0598 44.139 57.731 0.50033 0.79238 1.101 0.02818 38.0000 44.41 0.8901 0.8916 1.603811 
772.6289 44.160 57.693 0.50104 0.79234 1.135 0.02751 38.0000 44.08 0.8908 0.8923 1.604706 
772.1980 44.183 57.644 0.50190 0.79219 1.122 0.02676 38.0000 43.93 0.8913 0.8927 1.605601 
771.7669 44.188 57.601 0.50238 0.79165 1.119 0.02658 38.0000 43.74 0.8913 0.8927 1.606498 
771.3358 44.197 57.575 0.50265 0.79129 1.098 0.02628 38.0000 44.31 0.8916 0.8930 1.607396 
770.9046 44.204 57.537 0.50345 0.79139 1.101 0.02607 38.0000 44.19 0.8921 0.8935 1.608295 
770.4733 44.217 57.511 0.50404 0.79152 1.117 0.02565 38.0000 44.18 0.8929 0.8943 1.609195 
770.0419 44.227 57.490 0.50449 0.79160 1.120 0.02534 38.0000 43.72 0.8934 0.8948 1.610097 
769.6104 44.241 57.469 0.50506 0.79183 1.114 0.02488 38.0000 44.34 0.8939 0.8953 1.610999 
769.1787 44.248 57.450 0.50545 0.79188 1.115 0.02465 38.0000 44.32 0.8940 0.8953 1.611904 
768.7471 44.256 57.439 0.50535 0.79137 1.119 0.02438 38.0000 44.50 0.8939 0.8952 1.612809 
768.3152 44.267 57.415 0.50622 0.79203 1.131 0.02404 38.0000 44.51 0.8950 0.8964 1.613715 
767.8834 44.280 57.369 0.50725 0.79222 1.104 0.02366 38.0000 44.67 0.8956 0.8969 1.614623 
767.4514 44.303 57.303 0.50817 0.79166 1.115 0.02290 38.0000 45.02 0.8959 0.8972 1.615531 
767.0193 44.321 57.268 0.50863 0.79130 1.113 0.02230 38.0000 45.01 0.8959 0.8972 1.616442 
766.5872 44.332 57.225 0.50953 0.79141 1.115 0.02195 38.0000 44.65 0.8963 0.8976 1.617353 
766.1549 44.345 57.181 0.51022 0.79112 1.094 0.02152 38.0000 45.12 0.8963 0.8976 1.618265 
765.7225 44.360 57.177 0.51032 0.79117 1.083 0.02103 38.0000 45.68 0.8965 0.8978 1.619179 
765.2901 44.380 57.155 0.51067 0.79104 1.099 0.02039 38.0000 45.36 0.8968 0.8981 1.620094 
764.8575 44.382 57.144 0.51123 0.79156 1.094 0.02035 38.0000 45.69 0.8974 0.8987 1.621010 
764.4249 44.373 57.115 0.51224 0.79226 1.108 0.02067 38.0000 45.16 0.8980 0.8993 1.621928 
763.9922 44.371 57.091 0.51312 0.79289 1.095 0.02074 38.0000 45.44 0.8987 0.9001 1.622846 
763.5593 44.394 57.051 0.51390 0.79289 1.117 0.02000 38.0000 45.97 0.8994 0.9008 1.623766 
763.1264 44.405 57.051 0.51406 0.79313 1.096 0.01962 38.0000 45.49 0.8996 0.9010 1.624687 
762.6934 44.396 57.004 0.51528 0.79358 1.115 0.01995 38.0000 46.15 0.9001 0.9015 1.625610 
762.2603 44.415 56.968 0.51552 0.79288 1.094 0.01933 38.0000 46.07 0.8999 0.9012 1.626533 
761.8271 44.411 56.940 0.51629 0.79320 1.081 0.01945 38.0000 46.28 0.9004 0.9017 1.627458 
761.3938 44.439 56.907 0.51649 0.79253 1.119 0.01852 38.0000 46.15 0.9004 0.9017 1.628385 
760.9604 44.466 56.861 0.51709 0.79203 1.102 0.01762 38.0000 45.77 0.9007 0.9020 1.629312 
760.5269 44.467 56.840 0.51785 0.79256 1.079 0.01761 38.0000 46.15 0.9012 0.9025 1.630241 
760.0933 44.478 56.807 0.51870 0.79287 1.103 0.01725 38.0000 46.65 0.9023 0.9037 1.631171 
759.6597 44.490 56.762 0.51974 0.79308 1.087 0.01690 38.0000 46.58 0.9030 0.9044 1.632102 
759.2259 44.508 56.751 0.51964 0.79262 1.099 0.01628 38.0000 46.41 0.9033 0.9046 1.633034 
758.7921 44.515 56.735 0.52000 0.79269 1.080 0.01606 38.0000 46.40 0.9037 0.9050 1.633968 
758.3581 44.540 56.688 0.52064 0.79225 1.091 0.01524 38.0000 46.74 0.9039 0.9052 1.634903 
757.9240 44.556 56.657 0.52072 0.79142 1.095 0.01468 38.0000 47.33 0.9033 0.9047 1.635839 
757.4899 44.571 56.630 0.52106 0.79113 1.088 0.01420 38.0000 47.53 0.9037 0.9050 1.636777 
757.0556 44.590 56.613 0.52109 0.79067 1.084 0.01355 38.0000 47.19 0.9036 0.9049 1.637716 
756.6213 44.605 56.585 0.52174 0.79080 1.084 0.01307 38.0000 46.90 0.9041 0.9054 1.638656 
756.1868 44.633 56.532 0.52243 0.79028 1.079 0.01214 38.0000 46.33 0.9042 0.9055 1.639597 
755.7523 44.631 56.520 0.52268 0.79028 1.075 0.01220 38.0000 46.39 0.9040 0.9053 1.640540 
755.3177 44.638 56.495 0.52328 0.79043 1.088 0.01199 38.0000 47.69 0.9045 0.9058 1.641484 
754.8830 44.659 56.478 0.52325 0.78988 1.106 0.01127 38.0000 47.19 0.9043 0.9056 1.642429 
754.4482 44.673 56.460 0.52324 0.78934 1.096 0.01079 38.0000 47.37 0.9043 0.9055 1.643376 
754.0132 44.679 56.445 0.52362 0.78946 1.097 0.01060 38.0000 48.05 0.9045 0.9057 1.644324 
753.5782 44.677 56.410 0.52448 0.78972 1.082 0.01069 38.0000 47.48 0.9048 0.9061 1.645273 
753.1431 44.681 56.379 0.52521 0.78986 1.083 0.01058 38.0000 48.17 0.9051 0.9064 1.646223 
752.7079 44.684 56.360 0.52556 0.78982 1.079 0.01045 38.0000 47.38 0.9051 0.9063 1.647175 
752.2726 44.696 56.335 0.52594 0.78967 1.073 0.01005 38.0000 48.51 0.9050 0.9063 1.648129 
751.8373 44.712 56.314 0.52595 0.78904 1.070 0.00952 38.0000 47.68 0.9046 0.9059 1.649083 
751.4018 44.737 56.252 0.52680 0.78847 1.075 0.00870 38.0000 48.25 0.9051 0.9063 1.650039 
750.9662 44.754 56.220 0.52724 0.78817 1.076 0.00815 38.0000 48.20 0.9056 0.9068 1.650996 
750.5306 44.775 56.197 0.52728 0.78757 1.074 0.00743 38.0000 48.14 0.9056 0.9069 1.651954 
750.0948 44.795 56.147 0.52783 0.78690 1.079 0.00678 38.0000 48.21 0.9054 0.9066 1.652914 
749.6589 44.800 56.123 0.52844 0.78707 1.088 0.00661 38.0000 48.27 0.9056 0.9069 1.653875 
749.2230 44.814 56.090 0.52869 0.78647 1.072 0.00616 38.0000 48.34 0.9056 0.9069 1.654837 
748.7869 44.824 56.059 0.52899 0.78601 1.082 0.00582 38.0000 49.05 0.9054 0.9066 1.655801 
748.3508 44.826 56.015 0.53007 0.78630 1.074 0.00576 38.0000 48.49 0.9058 0.9071 1.656766 
747.9146 44.818 56.004 0.53064 0.78682 1.084 0.00605 38.0000 48.60 0.9065 0.9077 1.657732 
747.4782 44.832 55.990 0.53074 0.78656 1.075 0.00557 38.0000 48.16 0.9067 0.9080 1.658700 
747.0417 44.833 55.962 0.53136 0.78665 1.069 0.00553 38.0000 48.38 0.9069 0.9082 1.659669 
746.6052 44.843 55.917 0.53194 0.78618 1.064 0.00520 38.0000 48.71 0.9068 0.9081 1.660639 
746.1686 44.852 55.868 0.53283 0.78605 1.067 0.00491 38.0000 49.07 0.9071 0.9084 1.661611 
745.7319 44.867 55.820 0.53371 0.78590 1.066 0.00440 38.0000 48.44 0.9074 0.9086 1.662584 
745.2950 44.875 55.784 0.53442 0.78589 1.067 0.00413 38.0000 48.52 0.9078 0.9091 1.663559 
744.8582 44.892 55.732 0.53518 0.78548 1.072 0.00357 38.0000 49.00 0.9080 0.9092 1.664534 
744.4211 44.888 55.706 0.53572 0.78551 1.064 0.00372 38.0000 48.59 0.9080 0.9093 1.665512 
743.9841 44.869 55.689 0.53662 0.78634 1.056 0.00434 38.0000 48.66 0.9085 0.9098 1.666490 
743.5468 44.890 55.644 0.53702 0.78559 1.075 0.00364 38.0000 48.55 0.9085 0.9098 1.667470 
743.1096 44.900 55.614 0.53747 0.78535 1.067 0.00333 38.0000 49.07 0.9087 0.9100 1.668451 
742.6722 44.902 55.603 0.53766 0.78531 1.071 0.00325 38.0000 48.73 0.9090 0.9103 1.669434 
742.2347 44.911 55.573 0.53791 0.78481 1.068 0.00295 38.0000 49.32 0.9087 0.9099 1.670418 
741.7971 44.923 55.527 0.53833 0.78406 1.071 0.00255 38.0000 49.44 0.9085 0.9098 1.671403 
741.3594 44.932 55.498 0.53855 0.78352 1.058 0.00225 38.0000 48.52 0.9084 0.9097 1.672390 
740.9216 44.929 55.480 0.53896 0.78361 1.070 0.00237 38.0000 49.77 0.9086 0.9098 1.673378 
740.4838 44.938 55.447 0.53936 0.78323 1.055 0.00207 38.0000 49.54 0.9085 0.9097 1.674367 
740.0458 44.944 55.437 0.53940 0.78298 1.052 0.00185 38.0000 49.78 0.9085 0.9097 1.675358 
739.6077 44.942 55.423 0.53968 0.78299 1.064 0.00193 38.0000 49.78 0.9085 0.9097 1.676351 
739.1696 44.944 55.387 0.54043 0.78303 1.057 0.00186 38.0000 49.55 0.9088 0.9099 1.677344 
738.7313 44.948 55.358 0.54088 0.78284 1.058 0.00173 38.0000 49.89 0.9087 0.9099 1.678339 
738.2930 44.956 55.320 0.54138 0.78244 1.061 0.00148 38.0000 50.08 0.9087 0.9099 1.679336 
737.8545 44.958 55.290 0.54183 0.78219 1.048 0.00138 38.0000 49.87 0.9087 0.9099 1.680334 
737.4160 44.963 55.257 0.54253 0.78227 1.059 0.00121 38.0000 49.74 0.9089 0.9101 1.681333 
736.9773 44.981 55.227 0.54259 0.78147 1.054 0.00063 38.0000 49.46 0.9087 0.9099 1.682334 
736.5386 44.988 55.198 0.54285 0.78100 1.057 0.00040 38.0000 49.60 0.9084 0.9096 1.683336 
736.0997 45.001 55.172 0.54301 0.78048 1.056 -0.00004 38.0000 50.89 0.9083 0.9095 1.684340 
735.6608 45.003 55.157 0.54339 0.78058 1.062 -0.00010 38.0000 49.98 0.9084 0.9095 1.685344 
735.2218 45.012 55.127 0.54373 0.78021 1.055 -0.00039 38.0000 49.74 0.9085 0.9096 1.686351 
734.7827 45.017 55.125 0.54337 0.77962 1.046 -0.00056 38.0000 49.81 0.9080 0.9092 1.687359 
734.3434 45.013 55.086 0.54404 0.77946 1.056 -0.00044 38.0000 50.20 0.9078 0.9089 1.688368 
733.9041 45.020 55.045 0.54465 0.77914 1.061 -0.00068 38.0000 50.45 0.9078 0.9090 1.689379 
733.4647 45.018 55.019 0.54491 0.77876 1.046 -0.00059 38.0000 50.85 0.9076 0.9087 1.690391 
733.0252 45.023 55.004 0.54492 0.77833 1.044 -0.00077 38.0000 50.53 0.9076 0.9087 1.691404 
732.5856 45.023 54.952 0.54605 0.77846 1.042 -0.00077 38.0000 50.50 0.9078 0.9090 1.692419 
732.1459 45.027 54.928 0.54629 0.77809 1.045 -0.00090 38.0000 50.26 0.9076 0.9088 1.693436 
731.7061 45.034 54.900 0.54624 0.77721 1.041 -0.00112 38.0000 50.70 0.9071 0.9083 1.694453 
731.2662 45.029 54.892 0.54647 0.77733 1.048 -0.00097 38.0000 50.46 0.9073 0.9084 1.695473 
730.8262 45.029 54.869 0.54673 0.77702 1.047 -0.00096 38.0000 50.76 0.9072 0.9084 1.696494 
730.3861 45.037 54.869 0.54627 0.77636 1.045 -0.00124 38.0000 50.54 0.9070 0.9081 1.697516 
729.9459 45.046 54.837 0.54658 0.77587 1.052 -0.00152 38.0000 50.91 0.9068 0.9080 1.698539 
729.5057 45.060 54.804 0.54657 0.77494 1.056 -0.00197 38.0000 50.41 0.9067 0.9078 1.699564 
729.0653 45.066 54.756 0.54733 0.77462 1.045 -0.00219 38.0000 50.14 0.9069 0.9080 1.700591 
728.6248 45.064 54.731 0.54750 0.77416 1.039 -0.00213 38.0000 49.88 0.9066 0.9077 1.701619 
728.1843 45.066 54.709 0.54757 0.77362 1.044 -0.00218 38.0000 50.59 0.9064 0.9076 1.702648 
727.7436 45.071 54.690 0.54773 0.77328 1.037 -0.00234 38.0000 50.43 0.9066 0.9077 1.703680 
727.3028 45.070 54.672 0.54780 0.77290 1.038 -0.00232 38.0000 50.05 0.9065 0.9076 1.704712 
726.8619 45.078 54.617 0.54855 0.77236 1.041 -0.00257 38.0000 50.44 0.9065 0.9076 1.705746 
726.4210 45.077 54.593 0.54863 0.77179 1.045 -0.00256 38.0000 50.64 0.9062 0.9073 1.706781 
725.9799 45.079 54.566 0.54900 0.77154 1.042 -0.00261 38.0000 50.26 0.9064 0.9076 1.707818 
725.5388 45.100 54.516 0.54934 0.77061 1.052 -0.00331 38.0000 50.25 0.9063 0.9074 1.708857 
725.0975 45.115 54.468 0.54987 0.76996 1.052 -0.00379 38.0000 50.80 0.9065 0.9076 1.709897 
724.6561 45.125 54.433 0.55018 0.76942 1.039 -0.00411 38.0000 49.85 0.9066 0.9078 1.710938 
724.2147 45.134 54.402 0.55015 0.76849 1.041 -0.00443 38.0000 50.37 0.9065 0.9076 1.711981 
723.7732 45.138 54.373 0.55029 0.76788 1.038 -0.00456 38.0000 50.46 0.9063 0.9074 1.713025 
723.3315 45.150 54.351 0.55019 0.76711 1.029 -0.00495 38.0000 49.74 0.9062 0.9074 1.714072 
722.8898 45.159 54.300 0.55082 0.76654 1.039 -0.00523 38.0000 50.73 0.9063 0.9074 1.715119 
722.4479 45.168 54.264 0.55111 0.76593 1.035 -0.00554 38.0000 50.78 0.9063 0.9074 1.716168 
722.0060 45.171 54.227 0.55148 0.76542 1.038 -0.00563 38.0000 50.60 0.9061 0.9073 1.717218 
721.5640 45.187 54.171 0.55228 0.76494 1.025 -0.00615 38.0000 50.18 0.9065 0.9077 1.718270 
721.1218 45.197 54.137 0.55263 0.76447 1.038 -0.00650 38.0000 50.60 0.9066 0.9078 1.719324 
720.6796 45.205 54.105 0.55296 0.76401 1.037 -0.00675 38.0000 50.99 0.9067 0.9078 1.720379 
720.2373 45.216 54.067 0.55325 0.76335 1.034 -0.00712 38.0000 51.02 0.9068 0.9079 1.721435 
719.7949 45.217 54.048 0.55325 0.76282 1.030 -0.00715 38.0000 50.78 0.9066 0.9077 1.722493 
719.3524 45.228 54.005 0.55379 0.76237 1.027 -0.00749 38.0000 50.50 0.9070 0.9082 1.723553 
718.9097 45.234 53.969 0.55410 0.76177 1.036 -0.00770 38.0000 50.70 0.9070 0.9081 1.724614 
718.4670 45.242 53.926 0.55446 0.76108 1.032 -0.00796 38.0000 51.21 0.9071 0.9082 1.725677 
718.0242 45.256 53.868 0.55541 0.76078 1.034 -0.00841 38.0000 51.44 0.9075 0.9086 1.726741 
717.5813 45.275 53.817 0.55581 0.75989 1.030 -0.00904 38.0000 51.11 0.9075 0.9087 1.727807 
717.1383 45.290 53.769 0.55630 0.75924 1.034 -0.00952 38.0000 50.76 0.9076 0.9087 1.728874 
716.6952 45.302 53.722 0.55675 0.75853 1.026 -0.00993 38.0000 51.13 0.9077 0.9088 1.729943 
716.2520 45.315 53.672 0.55726 0.75785 1.035 -0.01034 38.0000 51.52 0.9078 0.9089 1.731013 
715.8087 45.332 53.604 0.55799 0.75695 1.035 -0.01091 38.0000 51.71 0.9079 0.9090 1.732086 
715.3653 45.345 53.552 0.55859 0.75634 1.037 -0.01132 38.0000 51.85 0.9082 0.9093 1.733159 
714.9218 45.353 53.524 0.55882 0.75588 1.035 -0.01159 38.0000 51.43 0.9083 0.9094 1.734234 
714.4782 45.364 53.477 0.55940 0.75535 1.027 -0.01193 38.0000 51.47 0.9084 0.9095 1.735311 
714.0345 45.377 53.410 0.56033 0.75475 1.034 -0.01236 38.0000 51.28 0.9085 0.9096 1.736389 
713.5907 45.382 53.367 0.56098 0.75445 1.037 -0.01254 38.0000 51.64 0.9089 0.9100 1.737469 
713.1469 45.401 53.307 0.56142 0.75340 1.028 -0.01316 38.0000 50.70 0.9087 0.9098 1.738550 
712.7028 45.414 53.253 0.56196 0.75265 1.032 -0.01359 38.0000 51.31 0.9087 0.9098 1.739634 
712.2588 45.428 53.200 0.56272 0.75221 1.037 -0.01404 38.0000 51.79 0.9092 0.9103 1.740718 
711.8146 45.440 53.152 0.56335 0.75173 1.028 -0.01442 38.0000 51.31 0.9095 0.9106 1.741805 
711.3703 45.456 53.094 0.56405 0.75107 1.039 -0.01496 38.0000 52.04 0.9098 0.9108 1.742892 
710.9259 45.468 53.029 0.56501 0.75057 1.028 -0.01536 38.0000 51.32 0.9100 0.9111 1.743982 
710.4814 45.482 52.980 0.56546 0.74983 1.024 -0.01579 38.0000 51.42 0.9102 0.9113 1.745073 
710.0369 45.493 52.935 0.56610 0.74947 1.027 -0.01615 38.0000 51.49 0.9104 0.9115 1.746165 
709.5922 45.499 52.885 0.56687 0.74913 1.033 -0.01638 38.0000 50.94 0.9107 0.9118 1.747260 
709.1474 45.510 52.841 0.56751 0.74877 1.034 -0.01674 38.0000 51.87 0.9111 0.9122 1.748356 
708.7026 45.518 52.792 0.56821 0.74836 1.035 -0.01700 38.0000 52.22 0.9112 0.9123 1.749453 
708.2576 45.530 52.746 0.56881 0.74793 1.032 -0.01739 38.0000 52.10 0.9114 0.9125 1.750552 
707.8125 45.538 52.704 0.56945 0.74762 1.035 -0.01765 38.0000 51.55 0.9117 0.9128 1.751653 
707.3674 45.562 52.646 0.57004 0.74682 1.035 -0.01842 38.0000 51.73 0.9118 0.9129 1.752755 
706.9221 45.578 52.593 0.57076 0.74632 1.032 -0.01895 38.0000 52.03 0.9121 0.9132 1.753859 
706.4767 45.595 52.537 0.57148 0.74576 1.032 -0.01951 38.0000 52.27 0.9124 0.9135 1.754965 
706.0313 45.609 52.472 0.57231 0.74510 1.037 -0.01999 38.0000 52.45 0.9124 0.9135 1.756072 
705.5857 45.626 52.423 0.57297 0.74463 1.032 -0.02053 38.0000 52.48 0.9129 0.9140 1.757181 
705.1401 45.635 52.371 0.57390 0.74445 1.032 -0.02084 38.0000 51.87 0.9132 0.9142 1.758292 
704.6943 45.646 52.321 0.57468 0.74411 1.030 -0.02119 38.0000 51.59 0.9134 0.9145 1.759404 
704.2484 45.658 52.268 0.57533 0.74354 1.033 -0.02161 38.0000 51.44 0.9134 0.9144 1.760518 
703.8025 45.668 52.223 0.57598 0.74317 1.036 -0.02193 38.0000 51.45 0.9134 0.9145 1.761633 
703.3564 45.677 52.157 0.57702 0.74275 1.036 -0.02224 38.0000 51.44 0.9135 0.9146 1.762751 
702.9103 45.692 52.109 0.57774 0.74239 1.032 -0.02274 38.0000 52.39 0.9139 0.9149 1.763869 
702.4641 45.710 52.045 0.57863 0.74181 1.034 -0.02332 38.0000 52.45 0.9141 0.9151 1.764990 
702.0177 45.717 51.996 0.57953 0.74166 1.031 -0.02356 38.0000 51.98 0.9143 0.9154 1.766112 
701.5712 45.729 51.947 0.58029 0.74133 1.032 -0.02397 38.0000 52.55 0.9145 0.9156 1.767236 
701.1247 45.736 51.902 0.58119 0.74126 1.041 -0.02422 38.0000 52.63 0.9148 0.9158 1.768361 
700.6780 45.748 51.859 0.58182 0.74092 1.040 -0.02460 38.0000 52.13 0.9150 0.9161 1.769489 
700.2313 45.753 51.812 0.58269 0.74079 1.044 -0.02477 38.0000 52.49 0.9153 0.9163 1.770618 
699.7844 45.759 51.762 0.58354 0.74054 1.043 -0.02500 38.0000 51.55 0.9155 0.9166 1.771748 
699.3375 45.767 51.721 0.58422 0.74032 1.034 -0.02527 38.0000 51.73 0.9158 0.9168 1.772881 
698.8904 45.779 51.663 0.58511 0.73988 1.037 -0.02565 38.0000 52.45 0.9160 0.9170 1.774015 
698.4433 45.788 51.617 0.58589 0.73965 1.038 -0.02596 38.0000 52.56 0.9163 0.9173 1.775150 
697.9961 45.799 51.550 0.58714 0.73945 1.039 -0.02633 38.0000 52.14 0.9168 0.9179 1.776288 
697.5488 45.814 51.499 0.58781 0.73894 1.044 -0.02684 38.0000 52.26 0.9171 0.9181 1.777427 
697.1013 45.824 51.452 0.58846 0.73852 1.045 -0.02718 38.0000 52.34 0.9171 0.9182 1.778568 
696.6537 45.837 51.404 0.58913 0.73811 1.045 -0.02759 38.0000 52.07 0.9172 0.9183 1.779711 
696.2061 45.844 51.356 0.59006 0.73799 1.041 -0.02783 38.0000 51.67 0.9174 0.9185 1.780855 
695.7584 45.857 51.314 0.59064 0.73761 1.042 -0.02828 38.0000 51.75 0.9177 0.9188 1.782001 
695.3105 45.875 51.260 0.59126 0.73696 1.045 -0.02888 38.0000 52.78 0.9178 0.9189 1.783149 
694.8626 45.890 51.213 0.59197 0.73661 1.044 -0.02935 38.0000 52.76 0.9183 0.9193 1.784298 
694.4146 45.900 51.165 0.59271 0.73625 1.040 -0.02972 38.0000 52.64 0.9184 0.9195 1.785449 
693.9664 45.915 51.117 0.59346 0.73592 1.043 -0.03020 38.0000 51.53 0.9187 0.9198 1.786602 
693.5182 45.925 51.054 0.59469 0.73579 1.040 -0.03056 38.0000 51.70 0.9192 0.9202 1.787757 
693.0699 45.942 51.008 0.59538 0.73544 1.054 -0.03114 38.0000 51.76 0.9195 0.9206 1.788913 
692.6215 45.952 50.960 0.59625 0.73525 1.049 -0.03147 38.0000 52.03 0.9199 0.9209 1.790071 
692.1729 45.965 50.914 0.59688 0.73483 1.051 -0.03190 38.0000 52.04 0.9201 0.9211 1.791231 
691.7243 45.977 50.868 0.59753 0.73441 1.042 -0.03232 38.0000 52.41 0.9204 0.9215 1.792393 
691.2756 45.996 50.813 0.59832 0.73396 1.044 -0.03293 38.0000 52.24 0.9208 0.9218 1.793557 
690.8267 46.010 50.759 0.59899 0.73337 1.055 -0.03341 38.0000 52.04 0.9210 0.9220 1.794722 
690.3778 46.027 50.703 0.59979 0.73288 1.049 -0.03395 38.0000 51.79 0.9213 0.9224 1.795889 
689.9288 46.042 50.656 0.60039 0.73238 1.057 -0.03446 38.0000 51.67 0.9217 0.9227 1.797058 
689.4797 46.059 50.599 0.60121 0.73189 1.051 -0.03503 38.0000 51.46 0.9220 0.9231 1.798228 
689.0304 46.078 50.553 0.60171 0.73131 1.057 -0.03564 38.0000 50.96 0.9221 0.9232 1.799401 
688.5811 46.094 50.504 0.60230 0.73076 1.049 -0.03619 38.0000 52.46 0.9224 0.9235 1.800575 
688.1317 46.104 50.457 0.60292 0.73029 1.049 -0.03653 38.0000 51.40 0.9225 0.9235 1.801751 
687.6821 46.117 50.411 0.60355 0.72985 1.054 -0.03693 38.0000 52.26 0.9227 0.9237 1.802929 
687.2325 46.134 50.355 0.60435 0.72938 1.059 -0.03751 38.0000 52.03 0.9229 0.9240 1.804108 
686.7828 46.153 50.306 0.60489 0.72875 1.066 -0.03813 38.0000 52.04 0.9231 0.9241 1.805290 
686.3329 46.165 50.261 0.60562 0.72847 1.059 -0.03854 38.0000 51.45 0.9233 0.9244 1.806473 
685.8830 46.182 50.212 0.60622 0.72791 1.057 -0.03911 38.0000 51.28 0.9234 0.9245 1.807658 
685.4330 46.197 50.172 0.60694 0.72774 1.060 -0.03963 38.0000 51.76 0.9238 0.9248 1.808845 
684.9828 46.214 50.123 0.60762 0.72729 1.064 -0.04020 38.0000 51.73 0.9242 0.9252 1.810034 
684.5327 46.229 50.078 0.60807 0.72669 1.058 -0.04066 38.0000 51.99 0.9242 0.9252 1.811224 
684.0823 46.245 50.030 0.60855 0.72601 1.063 -0.04118 38.0000 51.45 0.9242 0.9253 1.812416 
683.6319 46.256 49.986 0.60917 0.72562 1.065 -0.04158 38.0000 51.39 0.9243 0.9254 1.813610 
683.1813 46.270 49.938 0.60972 0.72504 1.071 -0.04203 38.0000 51.18 0.9243 0.9254 1.814807 
682.7307 46.290 49.878 0.61047 0.72439 1.069 -0.04268 38.0000 51.56 0.9247 0.9257 1.816004 
682.2800 46.311 49.831 0.61086 0.72364 1.064 -0.04335 38.0000 51.62 0.9247 0.9257 1.817204 
681.8292 46.333 49.776 0.61137 0.72284 1.066 -0.04407 38.0000 51.02 0.9249 0.9260 1.818405 
681.3782 46.354 49.726 0.61183 0.72212 1.072 -0.04475 38.0000 51.36 0.9251 0.9261 1.819609 
680.9272 46.370 49.678 0.61227 0.72140 1.074 -0.04527 38.0000 51.26 0.9252 0.9262 1.820814 
680.4761 46.390 49.628 0.61269 0.72061 1.072 -0.04593 38.0000 51.39 0.9252 0.9263 1.822021 
680.0248 46.406 49.583 0.61304 0.71989 1.081 -0.04646 38.0000 51.26 0.9253 0.9263 1.823230 
679.5735 46.421 49.534 0.61355 0.71926 1.077 -0.04695 38.0000 51.06 0.9254 0.9265 1.824441 
679.1221 46.444 49.488 0.61386 0.71843 1.078 -0.04766 38.0000 51.21 0.9255 0.9266 1.825654 
678.6705 46.463 49.444 0.61418 0.71769 1.083 -0.04828 38.0000 51.67 0.9256 0.9266 1.826869 
678.2189 46.479 49.397 0.61473 0.71713 1.081 -0.04880 38.0000 51.76 0.9256 0.9266 1.828085 
677.7672 46.494 49.339 0.61538 0.71643 1.085 -0.04929 38.0000 50.95 0.9258 0.9268 1.829303 
677.3154 46.510 49.291 0.61584 0.71576 1.086 -0.04980 38.0000 50.66 0.9258 0.9269 1.830524 
676.8634 46.524 49.248 0.61634 0.71524 1.093 -0.05027 38.0000 51.19 0.9261 0.9271 1.831746 
676.4114 46.540 49.206 0.61670 0.71459 1.095 -0.05079 38.0000 51.14 0.9261 0.9271 1.832970 
675.9592 46.549 49.161 0.61717 0.71402 1.094 -0.05109 38.0000 51.30 0.9261 0.9272 1.834196 
675.5070 46.561 49.116 0.61765 0.71344 1.092 -0.05148 38.0000 51.03 0.9262 0.9273 1.835424 
675.0547 46.575 49.077 0.61792 0.71275 1.098 -0.05193 38.0000 51.00 0.9263 0.9273 1.836654 
674.6022 46.594 49.028 0.61821 0.71188 1.098 -0.05252 38.0000 50.83 0.9263 0.9273 1.837886 
674.1497 46.609 48.986 0.61857 0.71124 1.099 -0.05300 38.0000 51.19 0.9263 0.9274 1.839120 
673.6971 46.621 48.946 0.61888 0.71059 1.100 -0.05339 38.0000 50.53 0.9263 0.9274 1.840355 
673.2443 46.628 48.906 0.61948 0.71028 1.103 -0.05361 38.0000 51.13 0.9265 0.9275 1.841593 
672.7915 46.642 48.861 0.61990 0.70963 1.107 -0.05408 38.0000 51.37 0.9265 0.9276 1.842832 
672.3386 46.659 48.817 0.62022 0.70888 1.107 -0.05461 38.0000 50.94 0.9267 0.9277 1.844074 
671.8855 46.672 48.770 0.62061 0.70817 1.109 -0.05502 38.0000 50.73 0.9268 0.9278 1.845317 
671.4324 46.687 48.725 0.62097 0.70747 1.112 -0.05550 38.0000 50.51 0.9268 0.9279 1.846563 
670.9791 46.698 48.681 0.62147 0.70694 1.111 -0.05587 38.0000 50.96 0.9269 0.9279 1.847810 
670.5258 46.714 48.628 0.62193 0.70614 1.121 -0.05637 38.0000 50.81 0.9270 0.9280 1.849059 
670.0723 46.727 48.581 0.62235 0.70543 1.122 -0.05678 38.0000 51.32 0.9272 0.9282 1.850311 
669.6188 46.741 48.535 0.62271 0.70471 1.117 -0.05722 38.0000 50.35 0.9273 0.9283 1.851564 
669.1651 46.751 48.492 0.62311 0.70411 1.128 -0.05756 38.0000 50.93 0.9273 0.9283 1.852819 
668.7114 46.763 48.447 0.62366 0.70361 1.131 -0.05793 38.0000 50.81 0.9273 0.9283 1.854076 
668.2575 46.771 48.407 0.62412 0.70313 1.126 -0.05821 38.0000 50.83 0.9273 0.9283 1.855336 
667.8035 46.782 48.365 0.62454 0.70256 1.130 -0.05854 38.0000 50.80 0.9274 0.9284 1.856597 
667.3495 46.794 48.318 0.62501 0.70193 1.136 -0.05893 38.0000 50.80 0.9274 0.9284 1.857860 
666.8953 46.806 48.275 0.62546 0.70138 1.139 -0.05933 38.0000 50.87 0.9276 0.9286 1.859125 
666.4411 46.818 48.225 0.62594 0.70070 1.139 -0.05970 38.0000 50.17 0.9277 0.9287 1.860392 
665.9868 46.825 48.184 0.62642 0.70022 1.134 -0.05993 38.0000 50.09 0.9278 0.9288 1.861661 
665.5323 46.832 48.137 0.62703 0.69974 1.146 -0.06018 38.0000 50.86 0.9279 0.9290 1.862933 
665.0777 46.840 48.094 0.62758 0.69930 1.144 -0.06045 38.0000 50.06 0.9280 0.9291 1.864206 
664.6230 46.855 48.047 0.62794 0.69854 1.146 -0.06089 38.0000 50.49 0.9282 0.9292 1.865482 
664.1683 46.865 48.002 0.62841 0.69797 1.149 -0.06124 38.0000 50.28 0.9284 0.9294 1.866759 
663.7134 46.872 47.958 0.62891 0.69744 1.151 -0.06146 38.0000 50.17 0.9286 0.9296 1.868038 
663.2584 46.879 47.909 0.62945 0.69685 1.152 -0.06167 38.0000 50.40 0.9286 0.9296 1.869319 
662.8034 46.887 47.863 0.62991 0.69623 1.155 -0.06195 38.0000 49.43 0.9286 0.9296 1.870603 
662.3482 46.895 47.818 0.63042 0.69570 1.158 -0.06219 38.0000 50.04 0.9287 0.9298 1.871888 
661.8929 46.904 47.766 0.63101 0.69509 1.163 -0.06250 38.0000 50.31 0.9289 0.9299 1.873176 
661.4376 46.916 47.716 0.63145 0.69436 1.165 -0.06288 38.0000 49.78 0.9291 0.9301 1.874465 
660.9821 46.925 47.673 0.63186 0.69376 1.171 -0.06314 38.0000 50.13 0.9291 0.9302 1.875757 
660.5265 46.935 47.628 0.63226 0.69309 1.173 -0.06345 38.0000 49.17 0.9291 0.9301 1.877051 
660.0708 46.943 47.586 0.63262 0.69248 1.175 -0.06373 38.0000 49.97 0.9292 0.9303 1.878347 
659.6151 46.952 47.537 0.63327 0.69198 1.174 -0.06402 38.0000 49.82 0.9294 0.9305 1.879644 
659.1592 46.964 47.490 0.63382 0.69146 1.180 -0.06440 38.0000 49.77 0.9296 0.9307 1.880945 
658.7032 46.973 47.435 0.63435 0.69069 1.175 -0.06470 38.0000 49.41 0.9298 0.9308 1.882247 
658.2471 46.979 47.381 0.63496 0.69005 1.187 -0.06487 38.0000 50.16 0.9299 0.9310 1.883551 
657.7909 46.986 47.337 0.63536 0.68942 1.189 -0.06511 38.0000 49.82 0.9301 0.9312 1.884857 
657.3346 46.994 47.291 0.63590 0.68889 1.198 -0.06536 38.0000 49.61 0.9302 0.9312 1.886166 
656.8782 47.000 47.249 0.63641 0.68844 1.203 -0.06555 38.0000 49.49 0.9303 0.9314 1.887476 
656.4218 47.009 47.199 0.63691 0.68779 1.200 -0.06584 38.0000 49.40 0.9303 0.9313 1.888788 
655.9651 47.018 47.153 0.63730 0.68709 1.207 -0.06613 38.0000 49.29 0.9304 0.9315 1.890103 
655.5084 47.029 47.098 0.63779 0.68629 1.206 -0.06646 38.0000 48.72 0.9306 0.9317 1.891420 
655.0516 47.038 47.055 0.63804 0.68553 1.220 -0.06674 38.0000 49.04 0.9307 0.9318 1.892739 
654.5947 47.043 47.006 0.63857 0.68492 1.220 -0.06688 38.0000 49.48 0.9308 0.9319 1.894060 
654.1377 47.044 46.960 0.63920 0.68449 1.223 -0.06695 38.0000 49.10 0.9309 0.9320 1.895384 
653.6806 47.048 46.915 0.63964 0.68389 1.227 -0.06705 38.0000 49.01 0.9309 0.9320 1.896709 
653.2234 47.057 46.868 0.64011 0.68326 1.228 -0.06734 38.0000 49.48 0.9310 0.9320 1.898037 
652.7661 47.064 46.823 0.64056 0.68267 1.230 -0.06755 38.0000 49.00 0.9311 0.9322 1.899366 
652.3087 47.072 46.773 0.64109 0.68204 1.232 -0.06781 38.0000 48.76 0.9311 0.9322 1.900698 
651.8511 47.079 46.727 0.64149 0.68138 1.244 -0.06804 38.0000 48.52 0.9312 0.9322 1.902032 
651.3936 47.082 46.678 0.64219 0.68096 1.253 -0.06814 38.0000 48.65 0.9314 0.9325 1.903368 
650.9358 47.087 46.635 0.64276 0.68052 1.257 -0.06830 38.0000 49.25 0.9315 0.9326 1.904707 
650.4780 47.096 46.589 0.64331 0.68001 1.254 -0.06860 38.0000 48.77 0.9318 0.9329 1.906047 
650.0201 47.106 46.540 0.64391 0.67949 1.261 -0.06893 38.0000 48.27 0.9321 0.9331 1.907390 
649.5620 47.115 46.496 0.64435 0.67890 1.260 -0.06922 38.0000 48.60 0.9322 0.9333 1.908735 
649.1039 47.125 46.446 0.64479 0.67817 1.272 -0.06956 38.0000 48.01 0.9324 0.9334 1.910082 
648.6457 47.135 46.389 0.64527 0.67734 1.275 -0.06983 38.0000 47.79 0.9325 0.9336 1.911432 
648.1873 47.146 46.345 0.64569 0.67674 1.281 -0.07019 38.0000 48.16 0.9328 0.9338 1.912783 
647.7289 47.152 46.286 0.64633 0.67602 1.293 -0.07039 38.0000 48.55 0.9330 0.9340 1.914137 
647.2703 47.161 46.235 0.64693 0.67544 1.289 -0.07068 38.0000 48.25 0.9331 0.9342 1.915493 
646.8117 47.168 46.178 0.64747 0.67466 1.294 -0.07091 38.0000 47.70 0.9333 0.9343 1.916851 
646.3530 47.177 46.127 0.64797 0.67397 1.291 -0.07119 38.0000 46.85 0.9333 0.9344 1.918212 
645.8941 47.187 46.077 0.64836 0.67321 1.304 -0.07149 38.0000 48.04 0.9335 0.9345 1.919575 
645.4351 47.198 46.022 0.64884 0.67241 1.308 -0.07182 38.0000 47.47 0.9337 0.9347 1.920940 
644.9761 47.207 45.969 0.64944 0.67179 1.318 -0.07214 38.0000 47.44 0.9338 0.9349 1.922307 
644.5169 47.214 45.910 0.65007 0.67105 1.316 -0.07234 38.0000 47.50 0.9341 0.9351 1.923676 
644.0577 47.220 45.847 0.65082 0.67036 1.319 -0.07256 38.0000 47.69 0.9342 0.9352 1.925048 
643.5983 47.227 45.790 0.65149 0.66971 1.331 -0.07277 38.0000 46.94 0.9344 0.9354 1.926422 
643.1389 47.235 45.739 0.65207 0.66912 1.336 -0.07303 38.0000 47.37 0.9346 0.9357 1.927798 
642.6793 47.237 45.692 0.65268 0.66863 1.342 -0.07310 38.0000 47.74 0.9348 0.9358 1.929177 
642.2196 47.245 45.628 0.65333 0.66780 1.339 -0.07337 38.0000 46.87 0.9349 0.9359 1.930558 
641.7598 47.255 45.573 0.65397 0.66719 1.347 -0.07369 38.0000 46.47 0.9351 0.9361 1.931941 
641.2999 47.263 45.517 0.65463 0.66655 1.350 -0.07396 38.0000 46.37 0.9354 0.9364 1.933326 
640.8400 47.273 45.460 0.65540 0.66600 1.357 -0.07428 38.0000 46.30 0.9356 0.9366 1.934714 
640.3799 47.276 45.408 0.65602 0.66544 1.367 -0.07438 38.0000 46.39 0.9357 0.9367 1.936104 
639.9197 47.283 45.349 0.65686 0.66490 1.382 -0.07463 38.0000 47.09 0.9360 0.9370 1.937496 
639.4594 47.288 45.299 0.65745 0.66435 1.380 -0.07482 38.0000 46.98 0.9362 0.9372 1.938891 
638.9990 47.299 45.240 0.65795 0.66350 1.382 -0.07514 38.0000 47.62 0.9364 0.9374 1.940288 
638.5385 47.305 45.183 0.65857 0.66280 1.395 -0.07535 38.0000 47.41 0.9366 0.9376 1.941687 
638.0779 47.316 45.130 0.65897 0.66196 1.395 -0.07568 38.0000 47.66 0.9368 0.9378 1.943089 
637.6172 47.323 45.074 0.65948 0.66118 1.396 -0.07591 38.0000 47.21 0.9370 0.9380 1.944493 
637.1564 47.329 45.022 0.66019 0.66070 1.398 -0.07610 38.0000 47.05 0.9374 0.9384 1.945899 
636.6954 47.334 44.967 0.66082 0.66007 1.412 -0.07627 38.0000 47.48 0.9375 0.9385 1.947308 
636.2344 47.342 44.898 0.66175 0.65940 1.415 -0.07653 38.0000 47.14 0.9378 0.9387 1.948719 
635.7733 47.353 44.838 0.66227 0.65853 1.417 -0.07688 38.0000 47.12 0.9378 0.9388 1.950132 
635.3121 47.361 44.780 0.66269 0.65761 1.424 -0.07712 38.0000 46.34 0.9379 0.9389 1.951548 
634.8508 47.361 44.719 0.66353 0.65704 1.431 -0.07713 38.0000 46.83 0.9383 0.9393 1.952966 
634.3893 47.369 44.660 0.66414 0.65631 1.443 -0.07740 38.0000 46.68 0.9383 0.9393 1.954387 
633.9278 47.372 44.599 0.66525 0.65601 1.448 -0.07754 38.0000 46.85 0.9385 0.9394 1.955809 
633.4662 47.379 44.541 0.66631 0.65572 1.459 -0.07781 38.0000 46.56 0.9388 0.9397 1.957235 
633.0044 47.387 44.488 0.66702 0.65519 1.459 -0.07807 38.0000 46.38 0.9390 0.9399 1.958662 
632.5425 47.396 44.440 0.66748 0.65455 1.464 -0.07837 38.0000 46.51 0.9389 0.9398 1.960093 
632.0806 47.404 44.386 0.66810 0.65394 1.472 -0.07862 38.0000 46.61 0.9391 0.9401 1.961525 
631.6186 47.410 44.339 0.66829 0.65304 1.472 -0.07880 38.0000 45.75 0.9387 0.9397 1.962960 
631.1564 47.421 44.289 0.66874 0.65235 1.490 -0.07913 38.0000 46.08 0.9390 0.9400 1.964397 
630.6942 47.435 44.223 0.66896 0.65105 1.484 -0.07955 38.0000 46.50 0.9395 0.9404 1.965837 
630.2318 47.434 44.155 0.66965 0.65019 1.502 -0.07949 38.0000 46.17 0.9402 0.9411 1.967279 
629.7693 47.430 44.097 0.66994 0.64914 1.506 -0.07933 38.0000 45.80 0.9406 0.9415 1.968724 
629.3068 47.429 44.034 0.67097 0.64872 1.510 -0.07931 38.0000 46.20 0.9411 0.9421 1.970171 
628.8441 47.431 43.975 0.67123 0.64763 1.511 -0.07932 38.0000 45.30 0.9411 0.9421 1.971620 
628.3813 47.441 43.920 0.67221 0.64733 1.520 -0.07972 38.0000 45.83 0.9415 0.9424 1.973073 
627.9184 47.449 43.860 0.67312 0.64685 1.528 -0.08001 38.0000 45.49 0.9422 0.9432 1.974527 
627.4554 47.454 43.821 0.67398 0.64680 1.532 -0.08023 38.0000 45.53 0.9423 0.9432 1.975984 
626.9923 47.453 43.762 0.67467 0.64613 1.542 -0.08019 38.0000 45.65 0.9419 0.9429 1.977444 
626.5291 47.464 43.708 0.67471 0.64496 1.541 -0.08047 38.0000 45.40 0.9412 0.9421 1.978905 
626.0658 47.453 43.655 0.67539 0.64441 1.547 -0.08014 38.0000 45.21 0.9417 0.9427 1.980370 
625.6024 47.463 43.601 0.67588 0.64366 1.561 -0.08045 38.0000 45.48 0.9421 0.9431 1.981837 
625.1389 47.476 43.579 0.67597 0.64325 1.572 -0.08086 38.0000 45.34 0.9426 0.9436 1.983306 
624.6753 47.529 43.545 0.67554 0.64207 1.576 -0.08248 38.0000 45.23 0.9417 0.9427 1.984778 
624.2115 47.533 43.513 0.67546 0.64127 1.578 -0.08256 38.0000 44.44 0.9422 0.9432 1.986253 
623.7477 47.530 43.474 0.67577 0.64069 1.570 -0.08244 38.0000 44.42 0.9434 0.9444 1.987730 
623.2838 47.504 43.434 0.67772 0.64164 1.582 -0.08179 38.0000 44.02 0.9450 0.9459 1.989209 
622.8198 47.477 43.373 0.67948 0.64194 1.595 -0.08101 38.0000 44.80 0.9464 0.9474 1.990691 
622.3557 47.419 43.232 0.68224 0.64139 1.611 -0.07925 38.0000 44.73 0.9485 0.9495 1.992176 
621.8914 47.394 43.101 0.68415 0.64023 1.616 -0.07849 38.0000 44.51 0.9499 0.9509 1.993663 
621.4271 47.367 42.963 0.68594 0.63882 1.617 -0.07762 38.0000 44.61 0.9504 0.9514 1.995153 
620.9626 47.362 42.811 0.68711 0.63651 1.603 -0.07739 38.0000 44.12 0.9504 0.9514 1.996645 
620.4980 47.380 42.681 0.68706 0.63357 1.622 -0.07782 38.0000 43.93 0.9489 0.9499 1.998140 
620.0334 47.397 42.538 0.68794 0.63123 1.622 -0.07831 38.0000 44.20 0.9492 0.9503 1.999637 
619.5687 47.447 42.386 0.68869 0.62856 1.643 -0.07985 38.0000 43.72 0.9491 0.9502 2.001137 
619.1038 47.475 42.256 0.68902 0.62598 1.631 -0.08061 38.0000 43.98 0.9495 0.9507 2.002640 
618.6388 47.488 42.126 0.68937 0.62347 1.638 -0.08091 38.0000 43.53 0.9502 0.9513 2.004145 
618.1737 47.512 41.995 0.68995 0.62112 1.650 -0.08162 38.0000 44.19 0.9509 0.9521 2.005653 
617.7086 47.551 41.865 0.68969 0.61807 1.659 -0.08268 38.0000 43.53 0.9513 0.9525 2.007163 
617.2433 47.584 41.744 0.68962 0.61538 1.642 -0.08360 38.0000 43.26 0.9513 0.9526 2.008676 
616.7779 47.614 41.624 0.69000 0.61312 1.657 -0.08447 38.0000 44.23 0.9518 0.9531 2.010192 
616.3124 47.645 41.517 0.68985 0.61070 1.675 -0.08531 38.0000 43.89 0.9517 0.9530 2.011710 
615.8468 47.668 41.415 0.68948 0.60819 1.648 -0.08587 38.0000 43.08 0.9516 0.9530 2.013231 
615.3810 47.707 41.298 0.68944 0.60565 1.658 -0.08698 38.0000 43.24 0.9520 0.9533 2.014755 
614.9153 47.743 41.195 0.68879 0.60289 1.664 -0.08791 38.0000 43.11 0.9519 0.9533 2.016281 
614.4493 47.779 41.096 0.68833 0.60039 1.650 -0.08889 38.0000 43.71 0.9519 0.9534 2.017810 
613.9833 47.817 41.012 0.68764 0.59802 1.684 -0.08990 38.0000 43.01 0.9517 0.9532 2.019341 
613.5172 47.850 40.917 0.68746 0.59586 1.652 -0.09081 38.0000 41.97 0.9519 0.9534 2.020875 
613.0510 47.893 40.829 0.68705 0.59364 1.656 -0.09200 38.0000 43.03 0.9518 0.9534 2.022412 
612.5847 47.938 40.749 0.68643 0.59145 1.668 -0.09324 38.0000 42.84 0.9517 0.9533 2.023952 
612.1182 47.979 40.669 0.68598 0.58938 1.650 -0.09440 38.0000 42.62 0.9516 0.9532 2.025494 
611.6517 48.026 40.591 0.68531 0.58720 1.704 -0.09569 38.0000 42.60 0.9515 0.9531 2.027039 
611.1850 48.068 40.518 0.68487 0.58530 1.745 -0.09684 38.0000 41.93 0.9510 0.9527 2.028587 
610.7183 48.108 40.451 0.68435 0.58348 1.677 -0.09795 38.0000 42.73 0.9506 0.9523 2.030137 
610.2514 48.152 40.379 0.68385 0.58156 1.686 -0.09918 38.0000 42.21 0.9503 0.9520 2.031690 
609.7844 48.193 40.303 0.68340 0.57962 1.660 -0.10028 38.0000 42.98 0.9498 0.9516 2.033246 
609.3173 48.240 40.240 0.68285 0.57787 1.647 -0.10159 38.0000 41.92 0.9495 0.9513 2.034805 
608.8502 48.285 40.185 0.68240 0.57637 1.650 -0.10288 38.0000 41.48 0.9491 0.9509 2.036366 
608.3829 48.334 40.132 0.68172 0.57471 1.663 -0.10422 38.0000 41.72 0.9484 0.9502 2.037930 
607.9155 48.376 40.082 0.68132 0.57335 1.600 -0.10542 38.0000 42.20 0.9478 0.9497 2.039497 
607.4480 48.421 40.036 0.68093 0.57210 1.593 -0.10673 38.0000 41.98 0.9473 0.9492 2.041067 
606.9804 48.462 39.992 0.68067 0.57100 1.596 -0.10788 38.0000 40.99 0.9467 0.9486 2.042639 
606.5127 48.503 39.949 0.68047 0.56995 1.660 -0.10909 38.0000 40.50 0.9461 0.9480 2.044214 
606.0449 48.544 39.910 0.68011 0.56886 1.639 -0.11026 38.0000 40.95 0.9455 0.9474 2.045792 
605.5770 48.585 39.881 0.67968 0.56790 1.636 -0.11143 38.0000 40.67 0.9448 0.9467 2.047373 
605.1089 48.627 39.848 0.67938 0.56700 1.639 -0.11265 38.0000 41.07 0.9443 0.9462 2.048957 
604.6408 48.666 39.810 0.67925 0.56612 1.653 -0.11377 38.0000 41.42 0.9437 0.9456 2.050543 
604.1726 48.709 39.776 0.67921 0.56542 1.640 -0.11505 38.0000 40.40 0.9432 0.9451 2.052132 
603.7042 48.746 39.758 0.67923 0.56507 1.528 -0.11620 38.0000 40.38 0.9427 0.9446 2.053724 
603.2358 48.783 39.736 0.67917 0.56457 1.618 -0.11731 38.0000 40.42 0.9423 0.9442 2.055319 
602.7673 48.817 39.719 0.67914 0.56421 1.516 -0.11834 38.0000 39.64 0.9417 0.9436 2.056916 
602.2986 48.846 39.704 0.67906 0.56384 1.570 -0.11922 38.0000 40.40 0.9410 0.9429 2.058517 
601.8298 48.887 39.683 0.67890 0.56330 1.521 -0.12042 38.0000 39.82 0.9405 0.9424 2.060121 
601.3610 48.920 39.670 0.67881 0.56295 1.532 -0.12144 38.0000 39.90 0.9397 0.9416 2.061726 
600.8920 48.955 39.651 0.67882 0.56260 1.554 -0.12248 38.0000 39.64 0.9392 0.9410 2.063336 
600.4229 48.983 39.641 0.67886 0.56242 1.583 -0.12336 38.0000 39.24 0.9384 0.9402 2.064948 
599.9537 49.012 39.632 0.67901 0.56237 1.633 -0.12429 38.0000 39.84 0.9378 0.9396 2.066563 
599.4844 49.039 39.622 0.67930 0.56240 1.629 -0.12516 38.0000 39.22 0.9373 0.9390 2.068181 
599.0150 49.066 39.615 0.67968 0.56257 1.585 -0.12608 38.0000 38.42 0.9367 0.9384 2.069801 
598.5455 49.094 39.603 0.67991 0.56252 1.562 -0.12697 38.0000 38.31 0.9359 0.9376 2.071425 
598.0759 49.120 39.591 0.68029 0.56261 1.627 -0.12785 38.0000 38.96 0.9353 0.9369 2.073051 
597.6062 49.147 39.593 0.68030 0.56266 1.588 -0.12868 38.0000 38.64 0.9346 0.9362 2.074680 
597.1364 49.161 39.594 0.68085 0.56313 1.563 -0.12926 38.0000 38.19 0.9341 0.9357 2.076313 
596.6664 49.181 39.589 0.68153 0.56358 1.546 -0.12999 38.0000 38.36 0.9336 0.9351 2.077948 
596.1964 49.206 39.588 0.68189 0.56387 1.525 -0.13084 38.0000 37.94 0.9328 0.9343 2.079586 
595.7263 49.217 39.590 0.68258 0.56447 1.573 -0.13134 38.0000 38.07 0.9324 0.9339 2.081227 
595.2560 49.232 39.592 0.68299 0.56487 1.557 -0.13189 38.0000 37.85 0.9321 0.9335 2.082872 
594.7857 49.242 39.596 0.68326 0.56517 1.553 -0.13228 38.0000 37.79 0.9315 0.9329 2.084519 
594.3152 49.254 39.589 0.68372 0.56540 1.547 -0.13272 38.0000 37.51 0.9311 0.9324 2.086169 
593.8447 49.260 39.582 0.68442 0.56584 1.543 -0.13303 38.0000 37.47 0.9310 0.9323 2.087822 
593.3740 49.266 39.576 0.68506 0.56624 1.528 -0.13334 38.0000 37.24 0.9307 0.9319 2.089478 
592.9032 49.265 39.565 0.68638 0.56713 1.525 -0.13355 38.0000 37.57 0.9311 0.9323 2.091137 
592.4323 49.261 39.552 0.68759 0.56784 1.516 -0.13361 38.0000 36.84 0.9309 0.9322 2.092799 
591.9613 49.249 39.547 0.68917 0.56907 1.506 -0.13353 38.0000 36.38 0.9308 0.9320 2.094464 
591.4902 49.255 39.537 0.69031 0.56981 1.491 -0.13393 38.0000 36.25 0.9303 0.9314 2.096133 
591.0190 49.259 39.526 0.69192 0.57089 1.479 -0.13435 38.0000 36.46 0.9300 0.9312 2.097804 
590.5477 49.264 39.512 0.69279 0.57133 1.471 -0.13464 38.0000 36.06 0.9297 0.9308 2.099478 
590.0763 49.259 39.498 0.69462 0.57255 1.462 -0.13481 38.0000 35.87 0.9298 0.9309 2.101155 
589.6048 49.243 39.484 0.69564 0.57311 1.456 -0.13448 38.0000 35.76 0.9298 0.9308 2.102836 
589.1331 49.233 39.462 0.69689 0.57370 1.430 -0.13435 38.0000 35.73 0.9294 0.9304 2.104519 
588.6614 49.222 39.409 0.69817 0.57367 1.428 -0.13413 38.0000 35.90 0.9297 0.9307 2.106206 
588.1896 49.214 39.380 0.69949 0.57416 1.425 -0.13407 38.0000 35.85 0.9305 0.9315 2.107895 
587.7176 49.188 39.340 0.70180 0.57524 1.409 -0.13362 38.0000 34.16 0.9319 0.9329 2.109588 
587.2455 49.185 39.286 0.70353 0.57556 1.386 -0.13374 38.0000 34.47 0.9323 0.9332 2.111284 
586.7734 49.164 39.224 0.70550 0.57589 1.387 -0.13331 38.0000 35.06 0.9329 0.9338 2.112983 
586.3011 49.139 39.115 0.70789 0.57560 1.378 -0.13274 38.0000 35.20 0.9335 0.9344 2.114685 
585.8287 49.064 39.011 0.71101 0.57600 1.379 -0.13068 38.0000 35.47 0.9356 0.9365 2.116390 
585.3563 49.033 38.879 0.71405 0.57572 1.349 -0.12999 38.0000 34.69 0.9366 0.9374 2.118098 
584.8837 49.008 38.728 0.71711 0.57509 1.336 -0.12945 38.0000 33.93 0.9369 0.9377 2.119809 
584.4109 49.008 38.553 0.71853 0.57263 1.328 -0.12940 38.0000 33.87 0.9367 0.9376 2.121524 
583.9382 49.017 38.380 0.71987 0.57014 1.319 -0.12962 38.0000 33.86 0.9366 0.9374 2.123242 
583.4652 49.067 38.267 0.72009 0.56803 1.310 -0.13110 38.0000 34.00 0.9354 0.9362 2.124963 
582.9922 49.101 38.149 0.72059 0.56600 1.291 -0.13209 38.0000 33.66 0.9345 0.9354 2.126687 
582.5191 49.145 38.040 0.72096 0.56408 1.277 -0.13337 38.0000 34.01 0.9345 0.9353 2.128414 
582.0458 49.178 37.946 0.72152 0.56261 1.267 -0.13439 38.0000 33.01 0.9350 0.9358 2.130145 
581.5725 49.189 37.853 0.72310 0.56197 1.258 -0.13486 38.0000 33.56 0.9370 0.9378 2.131878 
581.0991 49.208 37.764 0.72360 0.56056 1.245 -0.13542 38.0000 33.01 0.9373 0.9381 2.133615 
580.6255 49.190 37.696 0.72424 0.55967 1.231 -0.13482 38.0000 32.98 0.9382 0.9390 2.135356 
580.1519 49.193 37.605 0.72511 0.55851 1.222 -0.13494 38.0000 32.59 0.9386 0.9394 2.137099 
579.6780 49.217 37.511 0.72576 0.55712 1.207 -0.13567 38.0000 32.22 0.9387 0.9395 2.138846 
579.2042 49.233 37.422 0.72604 0.55554 1.202 -0.13607 38.0000 32.72 0.9386 0.9394 2.140595 
578.7302 49.232 37.337 0.72715 0.55469 1.188 -0.13609 38.0000 32.37 0.9387 0.9395 2.142349 
578.2561 49.235 37.254 0.72790 0.55358 1.175 -0.13619 38.0000 32.00 0.9391 0.9399 2.144105 
577.7819 49.247 37.165 0.72811 0.55197 1.159 -0.13644 38.0000 31.92 0.9390 0.9398 2.145865 
577.3076 49.258 37.077 0.72858 0.55057 1.151 -0.13673 38.0000 31.88 0.9394 0.9402 2.147628 
576.8332 49.284 36.983 0.72924 0.54919 1.138 -0.13755 38.0000 31.30 0.9398 0.9407 2.149394 
576.3586 49.291 36.906 0.72973 0.54802 1.128 -0.13771 38.0000 31.27 0.9398 0.9407 2.151164 
575.8840 49.305 36.822 0.73052 0.54694 1.115 -0.13818 38.0000 32.04 0.9401 0.9410 2.152937 
575.4093 49.320 36.740 0.73113 0.54576 1.110 -0.13863 38.0000 31.89 0.9403 0.9412 2.154713 
574.9344 49.334 36.649 0.73189 0.54451 1.093 -0.13906 38.0000 30.98 0.9406 0.9415 2.156493 
574.4595 49.354 36.568 0.73228 0.54321 1.088 -0.13964 38.0000 31.24 0.9406 0.9414 2.158276 
573.9844 49.369 36.482 0.73267 0.54180 1.071 -0.14004 38.0000 30.52 0.9406 0.9415 2.160062 
573.5092 49.382 36.391 0.73328 0.54044 1.062 -0.14044 38.0000 31.05 0.9407 0.9415 2.161852 
573.0339 49.401 36.303 0.73376 0.53906 1.058 -0.14099 38.0000 30.36 0.9407 0.9416 2.163645 
572.5586 49.413 36.216 0.73438 0.53781 1.042 -0.14134 38.0000 30.38 0.9406 0.9414 2.165441 
572.0831 49.425 36.126 0.73498 0.53647 1.022 -0.14167 38.0000 30.31 0.9407 0.9416 2.167241 
571.6075 49.440 36.029 0.73571 0.53510 1.015 -0.14213 38.0000 30.22 0.9409 0.9418 2.169044 
571.1318 49.453 35.944 0.73645 0.53397 1.013 -0.14255 38.0000 29.60 0.9410 0.9419 2.170851 
570.6559 49.465 35.862 0.73724 0.53294 0.994 -0.14294 38.0000 29.74 0.9410 0.9419 2.172661 
570.1801 49.479 35.774 0.73785 0.53164 0.981 -0.14335 38.0000 29.62 0.9409 0.9418 2.174474 
569.7040 49.491 35.690 0.73829 0.53032 0.977 -0.14368 38.0000 29.05 0.9408 0.9417 2.176291 
569.2278 49.498 35.608 0.73916 0.52935 0.970 -0.14394 38.0000 29.31 0.9411 0.9420 2.178112 
568.7516 49.508 35.523 0.73980 0.52814 0.959 -0.14424 38.0000 28.85 0.9411 0.9420 2.179936 
568.2753 49.518 35.432 0.74056 0.52690 0.943 -0.14452 38.0000 28.45 0.9412 0.9422 2.181763 
567.7988 49.530 35.343 0.74114 0.52560 0.933 -0.14488 38.0000 28.59 0.9414 0.9423 2.183594 
567.3222 49.541 35.255 0.74159 0.52420 0.927 -0.14518 38.0000 28.60 0.9415 0.9425 2.185428 
566.8455 49.551 35.167 0.74229 0.52299 0.921 -0.14547 38.0000 28.12 0.9415 0.9425 2.187266 
566.3687 49.561 35.078 0.74298 0.52174 0.911 -0.14579 38.0000 28.45 0.9416 0.9425 2.189107 
565.8918 49.572 34.992 0.74356 0.52050 0.894 -0.14609 38.0000 28.03 0.9416 0.9426 2.190952 
565.4149 49.582 34.907 0.74427 0.51934 0.890 -0.14639 38.0000 27.85 0.9416 0.9426 2.192800 
564.9377 49.590 34.818 0.74479 0.51800 0.878 -0.14660 38.0000 27.80 0.9416 0.9425 2.194653 
564.4605 49.602 34.729 0.74518 0.51655 0.875 -0.14692 38.0000 27.59 0.9416 0.9426 2.196508 
563.9832 49.614 34.638 0.74559 0.51509 0.868 -0.14724 38.0000 27.27 0.9415 0.9424 2.198367 
563.5057 49.625 34.547 0.74610 0.51367 0.854 -0.14751 38.0000 26.90 0.9414 0.9424 2.200230 
563.0282 49.639 34.458 0.74650 0.51224 0.845 -0.14791 38.0000 27.05 0.9414 0.9424 2.202096 
562.5505 49.651 34.367 0.74706 0.51088 0.839 -0.14825 38.0000 26.83 0.9414 0.9424 2.203966 
562.0728 49.662 34.276 0.74757 0.50950 0.838 -0.14853 38.0000 26.96 0.9414 0.9424 2.205839 
561.5948 49.673 34.188 0.74810 0.50818 0.819 -0.14886 38.0000 26.77 0.9413 0.9423 2.207716 
561.1169 49.683 34.093 0.74886 0.50689 0.814 -0.14916 38.0000 26.43 0.9410 0.9421 2.209597 
560.6388 49.695 33.993 0.74949 0.50541 0.802 -0.14949 38.0000 26.29 0.9409 0.9419 2.211481 
560.1606 49.711 33.895 0.74999 0.50387 0.801 -0.14993 38.0000 26.05 0.9407 0.9418 2.213369 
559.6823 49.723 33.801 0.75045 0.50240 0.795 -0.15026 38.0000 26.17 0.9407 0.9417 2.215260 
559.2039 49.734 33.705 0.75090 0.50089 0.785 -0.15052 38.0000 25.93 0.9404 0.9415 2.217155 
558.7253 49.742 33.609 0.75148 0.49946 0.777 -0.15073 38.0000 26.08 0.9402 0.9413 2.219055 
558.2467 49.753 33.519 0.75197 0.49808 0.769 -0.15104 38.0000 25.46 0.9402 0.9413 2.220957 
557.7679 49.765 33.421 0.75258 0.49663 0.760 -0.15138 38.0000 25.30 0.9403 0.9414 2.222864 
557.2891 49.778 33.329 0.75311 0.49525 0.751 -0.15174 38.0000 25.42 0.9402 0.9413 2.224773 
556.8102 49.789 33.235 0.75353 0.49375 0.748 -0.15201 38.0000 25.12 0.9401 0.9412 2.226687 
556.3311 49.800 33.139 0.75413 0.49234 0.740 -0.15232 38.0000 24.41 0.9401 0.9412 2.228604 
555.8519 49.811 33.049 0.75447 0.49088 0.737 -0.15261 38.0000 24.58 0.9401 0.9412 2.230525 
555.3726 49.827 32.951 0.75478 0.48924 0.727 -0.15301 38.0000 24.35 0.9401 0.9412 2.232451 
554.8932 49.834 32.852 0.75545 0.48782 0.721 -0.15319 38.0000 24.72 0.9400 0.9411 2.234379 
554.4137 49.846 32.748 0.75592 0.48619 0.717 -0.15350 38.0000 24.50 0.9399 0.9410 2.236312 
553.9341 49.855 32.650 0.75651 0.48473 0.714 -0.15373 38.0000 24.66 0.9397 0.9408 2.238248 
553.4543 49.864 32.551 0.75702 0.48323 0.703 -0.15398 38.0000 23.84 0.9396 0.9407 2.240188 
552.9745 49.873 32.446 0.75762 0.48165 0.694 -0.15421 38.0000 23.60 0.9394 0.9405 2.242132 
552.4946 49.887 32.353 0.75784 0.48006 0.690 -0.15454 38.0000 23.59 0.9394 0.9406 2.244080 
552.0145 49.898 32.258 0.75824 0.47857 0.687 -0.15482 38.0000 23.39 0.9394 0.9406 2.246031 
551.5344 49.910 32.156 0.75882 0.47703 0.684 -0.15513 38.0000 23.28 0.9393 0.9404 2.247986 
551.0541 49.918 32.060 0.75916 0.47549 0.673 -0.15532 38.0000 23.33 0.9393 0.9405 2.249946 
550.5737 49.935 31.966 0.75935 0.47386 0.671 -0.15573 38.0000 23.06 0.9393 0.9405 2.251909 
550.0933 49.944 31.863 0.75993 0.47233 0.662 -0.15596 38.0000 23.27 0.9393 0.9405 2.253876 
549.6127 49.958 31.762 0.76027 0.47068 0.660 -0.15630 38.0000 23.22 0.9393 0.9404 2.255847 
549.1320 49.970 31.664 0.76053 0.46905 0.653 -0.15659 38.0000 22.55 0.9392 0.9404 2.257821 
548.6511 49.981 31.558 0.76092 0.46735 0.649 -0.15686 38.0000 22.32 0.9393 0.9404 2.259800 
548.1702 49.994 31.454 0.76133 0.46571 0.642 -0.15716 38.0000 22.47 0.9392 0.9404 2.261783 
547.6891 50.002 31.351 0.76188 0.46416 0.633 -0.15736 38.0000 21.91 0.9391 0.9403 2.263770 
547.2080 50.012 31.248 0.76227 0.46253 0.632 -0.15761 38.0000 21.92 0.9391 0.9403 2.265760 
546.7267 50.021 31.148 0.76265 0.46094 0.628 -0.15781 38.0000 22.32 0.9392 0.9404 2.267755 
546.2454 50.030 31.048 0.76302 0.45934 0.621 -0.15800 38.0000 21.68 0.9391 0.9403 2.269752 
545.7639 50.037 30.950 0.76354 0.45788 0.616 -0.15818 38.0000 21.44 0.9391 0.9403 2.271755 
545.2823 50.044 30.850 0.76402 0.45635 0.613 -0.15832 38.0000 21.52 0.9390 0.9402 2.273762 
544.8007 50.056 30.749 0.76418 0.45463 0.608 -0.15859 38.0000 21.05 0.9390 0.9402 2.275771 
544.3188 50.063 30.642 0.76462 0.45295 0.608 -0.15871 38.0000 21.05 0.9391 0.9403 2.277786 
543.8369 50.074 30.538 0.76488 0.45124 0.602 -0.15897 38.0000 20.88 0.9392 0.9404 2.279805 
543.3549 50.081 30.430 0.76551 0.44967 0.593 -0.15914 38.0000 20.60 0.9391 0.9403 2.281827 
542.8728 50.089 30.326 0.76580 0.44796 0.592 -0.15928 38.0000 20.65 0.9390 0.9402 2.283853 
542.3905 50.090 30.225 0.76632 0.44646 0.585 -0.15926 38.0000 20.64 0.9388 0.9400 2.285884 
541.9082 50.099 30.118 0.76659 0.44470 0.582 -0.15942 38.0000 20.28 0.9387 0.9399 2.287919 
541.4257 50.101 30.009 0.76724 0.44312 0.579 -0.15943 38.0000 20.11 0.9386 0.9398 2.289958 
540.9431 50.109 29.899 0.76747 0.44129 0.572 -0.15957 38.0000 19.67 0.9385 0.9397 2.292001 
540.4604 50.114 29.792 0.76784 0.43960 0.569 -0.15965 38.0000 19.88 0.9385 0.9397 2.294048 
539.9777 50.116 29.684 0.76838 0.43799 0.571 -0.15965 38.0000 20.10 0.9385 0.9397 2.296098 
539.4948 50.120 29.575 0.76881 0.43631 0.565 -0.15968 38.0000 19.69 0.9384 0.9397 2.298154 
539.0118 50.123 29.466 0.76943 0.43471 0.558 -0.15976 38.0000 19.40 0.9384 0.9396 2.300213 
538.5286 50.128 29.362 0.76980 0.43310 0.554 -0.15983 38.0000 18.94 0.9382 0.9395 2.302277 
538.0454 50.134 29.262 0.77017 0.43152 0.550 -0.15994 38.0000 18.86 0.9382 0.9394 2.304344 
537.5621 50.138 29.156 0.77056 0.42988 0.546 -0.15997 38.0000 18.57 0.9382 0.9394 2.306416 
537.0786 50.139 29.045 0.77105 0.42820 0.541 -0.15993 38.0000 18.48 0.9380 0.9392 2.308492 
536.5950 50.150 28.933 0.77128 0.42635 0.539 -0.16015 38.0000 18.19 0.9378 0.9391 2.310573 
536.1114 50.145 28.826 0.77197 0.42485 0.542 -0.15998 38.0000 18.54 0.9377 0.9389 2.312657 
535.6276 50.143 28.719 0.77265 0.42335 0.537 -0.15988 38.0000 17.87 0.9374 0.9387 2.314746 
535.1437 50.140 28.610 0.77332 0.42180 0.532 -0.15976 38.0000 17.93 0.9374 0.9386 2.316839 
534.6597 50.142 28.488 0.77393 0.42000 0.528 -0.15976 38.0000 17.81 0.9372 0.9384 2.318936 
534.1756 50.138 28.376 0.77470 0.41845 0.523 -0.15965 38.0000 17.34 0.9370 0.9382 2.321038 
533.6913 50.136 28.259 0.77539 0.41679 0.518 -0.15953 38.0000 16.98 0.9368 0.9381 2.323144 
533.2070 50.134 28.144 0.77604 0.41514 0.519 -0.15945 38.0000 16.93 0.9368 0.9381 2.325254 
532.7226 50.136 28.032 0.77675 0.41356 0.519 -0.15947 38.0000 16.83 0.9367 0.9380 2.327369 
532.2380 50.134 27.918 0.77743 0.41194 0.512 -0.15938 38.0000 16.58 0.9365 0.9378 2.329488 
531.7534 50.133 27.802 0.77815 0.41032 0.508 -0.15932 38.0000 16.41 0.9364 0.9377 2.331611 
531.2686 50.134 27.697 0.77874 0.40879 0.506 -0.15932 38.0000 16.33 0.9364 0.9377 2.333738 
530.7837 50.132 27.590 0.77950 0.40734 0.508 -0.15926 38.0000 15.93 0.9365 0.9377 2.335870 
530.2987 50.134 27.478 0.78017 0.40575 0.500 -0.15931 38.0000 15.60 0.9364 0.9377 2.338007 
529.8136 50.130 27.366 0.78093 0.40422 0.501 -0.15915 38.0000 15.82 0.9365 0.9378 2.340147 
529.3284 50.129 27.253 0.78171 0.40266 0.492 -0.15915 38.0000 15.31 0.9363 0.9376 2.342292 
528.8430 50.131 27.139 0.78238 0.40104 0.494 -0.15918 38.0000 15.39 0.9361 0.9374 2.344442 
528.3576 50.132 27.025 0.78314 0.39946 0.492 -0.15919 38.0000 15.30 0.9362 0.9375 2.346596 
527.8720 50.127 26.911 0.78393 0.39789 0.486 -0.15904 38.0000 14.95 0.9361 0.9374 2.348755 
527.3864 50.123 26.799 0.78470 0.39636 0.486 -0.15889 38.0000 14.56 0.9359 0.9372 2.350917 
526.9006 50.119 26.681 0.78547 0.39473 0.480 -0.15878 38.0000 14.31 0.9359 0.9372 2.353085 
526.4147 50.118 26.574 0.78620 0.39326 0.479 -0.15873 38.0000 14.14 0.9359 0.9372 2.355257 
525.9287 50.121 26.455 0.78701 0.39162 0.475 -0.15885 38.0000 13.97 0.9360 0.9374 2.357433 
525.4426 50.124 26.349 0.78764 0.39011 0.480 -0.15891 38.0000 14.26 0.9361 0.9374 2.359614 
524.9564 50.129 26.232 0.78820 0.38839 0.473 -0.15901 38.0000 13.65 0.9361 0.9374 2.361800 
524.4700 50.133 26.119 0.78868 0.38670 0.470 -0.15908 38.0000 13.31 0.9359 0.9373 2.363990 
523.9836 50.131 26.011 0.78948 0.38524 0.468 -0.15903 38.0000 13.18 0.9359 0.9373 2.366185 
523.4971 50.128 25.895 0.79031 0.38368 0.467 -0.15896 38.0000 13.17 0.9360 0.9374 2.368384 
523.0104 50.122 25.778 0.79141 0.38220 0.462 -0.15884 38.0000 12.74 0.9357 0.9371 2.370588 
522.5236 50.124 25.664 0.79212 0.38060 0.463 -0.15889 38.0000 12.53 0.9357 0.9371 2.372796 
522.0367 50.132 25.550 0.79286 0.37902 0.461 -0.15914 38.0000 12.40 0.9356 0.9370 2.375009 
521.5497 50.137 25.431 0.79359 0.37735 0.452 -0.15928 38.0000 12.09 0.9357 0.9371 2.377227 
521.0626 50.140 25.325 0.79386 0.37568 0.454 -0.15929 38.0000 12.12 0.9358 0.9372 2.379449 
520.5754 50.144 25.219 0.79435 0.37412 0.450 -0.15936 38.0000 12.12 0.9358 0.9372 2.381676 
520.0881 50.140 25.104 0.79532 0.37263 0.454 -0.15930 38.0000 11.90 0.9360 0.9374 2.383908 
519.6006 50.143 24.994 0.79602 0.37109 0.448 -0.15940 38.0000 11.76 0.9362 0.9376 2.386144 
519.1131 50.142 24.882 0.79678 0.36955 0.446 -0.15935 38.0000 11.61 0.9366 0.9380 2.388385 
518.6254 50.144 24.780 0.79743 0.36813 0.444 -0.15943 38.0000 11.38 0.9366 0.9380 2.390631 
518.1377 50.145 24.671 0.79823 0.36666 0.442 -0.15947 38.0000 11.11 0.9364 0.9378 2.392881 
517.6498 50.144 24.552 0.79909 0.36504 0.438 -0.15948 38.0000 10.79 0.9364 0.9378 2.395137 
517.1618 50.139 24.447 0.79961 0.36350 0.435 -0.15927 38.0000 10.49 0.9363 0.9377 2.397397 
516.6737 50.131 24.352 0.80067 0.36239 0.431 -0.15911 38.0000 10.38 0.9363 0.9377 2.399661 
516.1855 50.129 24.243 0.80162 0.36098 0.431 -0.15909 38.0000 10.25 0.9362 0.9376 2.401931 
515.6971 50.129 24.124 0.80268 0.35946 0.433 -0.15916 38.0000 10.30 0.9361 0.9375 2.404206 
515.2087 50.125 24.012 0.80345 0.35793 0.428 -0.15905 38.0000 10.16 0.9360 0.9374 2.406485 
514.7202 50.124 23.907 0.80448 0.35661 0.425 -0.15908 38.0000 10.05 0.9362 0.9376 2.408769 
514.2314 50.113 23.802 0.80564 0.35536 0.423 -0.15883 38.0000 9.88 0.9362 0.9376 2.411058 
513.7427 50.111 23.697 0.80646 0.35396 0.425 -0.15880 38.0000 9.77 0.9361 0.9376 2.413352 
513.2538 50.106 23.593 0.80750 0.35267 0.425 -0.15874 38.0000 9.60 0.9361 0.9376 2.415651 
512.7648 50.107 23.489 0.80811 0.35118 0.423 -0.15877 38.0000 9.52 0.9359 0.9373 2.417955 
512.2757 50.106 23.376 0.80865 0.34954 0.422 -0.15869 38.0000 9.47 0.9356 0.9370 2.420263 
511.7864 50.109 23.258 0.80967 0.34800 0.418 -0.15886 38.0000 9.41 0.9356 0.9371 2.422577 
511.2971 50.114 23.140 0.81028 0.34629 0.417 -0.15898 38.0000 9.30 0.9357 0.9371 2.424895 
510.8076 50.115 23.028 0.81109 0.34476 0.413 -0.15904 38.0000 9.10 0.9358 0.9372 2.427219 
510.3181 50.102 22.912 0.81232 0.34334 0.416 -0.15875 38.0000 8.85 0.9355 0.9369 2.429547 
509.8284 50.093 22.800 0.81323 0.34185 0.415 -0.15850 38.0000 8.73 0.9347 0.9361 2.431881 
509.3386 50.083 22.694 0.81357 0.34022 0.410 -0.15812 38.0000 8.68 0.9342 0.9356 2.434219 
508.8488 50.083 22.578 0.81408 0.33850 0.406 -0.15808 38.0000 8.45 0.9341 0.9354 2.436563 
508.3587 50.082 22.463 0.81483 0.33689 0.404 -0.15807 38.0000 8.49 0.9340 0.9354 2.438912 
507.8686 50.080 22.358 0.81524 0.33532 0.411 -0.15798 38.0000 8.49 0.9340 0.9354 2.441265 
507.3784 50.079 22.240 0.81577 0.33358 0.410 -0.15791 38.0000 8.35 0.9340 0.9353 2.443624 
506.8880 50.074 22.135 0.81605 0.33195 0.405 -0.15769 38.0000 7.93 0.9335 0.9348 2.445988 
506.3976 50.065 22.014 0.81685 0.33026 0.404 -0.15742 38.0000 7.86 0.9330 0.9344 2.448357 
505.9070 50.059 21.900 0.81721 0.32852 0.398 -0.15717 38.0000 7.51 0.9323 0.9336 2.450731 
505.4163 50.053 21.785 0.81781 0.32686 0.399 -0.15699 38.0000 7.50 0.9324 0.9337 2.453110 
504.9255 50.044 21.675 0.81834 0.32525 0.396 -0.15667 38.0000 7.48 0.9323 0.9337 2.455495 
504.4346 50.033 21.556 0.81922 0.32362 0.399 -0.15636 38.0000 7.49 0.9320 0.9333 2.457884 
503.9436 50.025 21.445 0.81966 0.32196 0.395 -0.15607 38.0000 7.37 0.9311 0.9325 2.460279 
503.4525 50.011 21.323 0.82020 0.32015 0.394 -0.15561 38.0000 7.43 0.9303 0.9316 2.462679 
502.9612 49.998 21.211 0.82080 0.31854 0.396 -0.15517 38.0000 7.17 0.9299 0.9312 2.465085 
502.4698 49.980 21.086 0.82163 0.31682 0.398 -0.15463 38.0000 7.23 0.9292 0.9305 2.467495 
501.9784 49.973 20.976 0.82199 0.31514 0.399 -0.15438 38.0000 7.17 0.9289 0.9302 2.469911 
501.4868 49.962 20.861 0.82250 0.31344 0.394 -0.15399 38.0000 7.21 0.9285 0.9298 2.472332 
500.9951 49.952 20.749 0.82306 0.31181 0.394 -0.15368 38.0000 6.88 0.9279 0.9292 2.474759 
500.5033 49.934 20.630 0.82405 0.31023 0.385 -0.15317 38.0000 6.59 0.9275 0.9288 2.477190 
500.0114 49.925 20.519 0.82460 0.30861 0.384 -0.15287 38.0000 6.65 0.9271 0.9284 2.479627 
499.5193 49.913 20.396 0.82541 0.30690 0.390 -0.15252 38.0000 6.74 0.9265 0.9278 2.482070 
499.0272 49.902 20.278 0.82604 0.30521 0.390 -0.15216 38.0000 6.53 0.9260 0.9272 2.484518 
498.5349 49.893 20.163 0.82650 0.30349 0.388 -0.15186 38.0000 6.23 0.9253 0.9266 2.486971 
498.0426 49.877 20.045 0.82722 0.30181 0.379 -0.15136 38.0000 6.09 0.9250 0.9262 2.489429 
497.5501 49.862 19.925 0.82785 0.30008 0.376 -0.15090 38.0000 5.93 0.9240 0.9253 2.491894 
497.0575 49.846 19.800 0.82882 0.29840 0.379 -0.15046 38.0000 5.87 0.9235 0.9247 2.494363 
496.5648 49.831 19.680 0.82966 0.29673 0.381 -0.15002 38.0000 5.71 0.9235 0.9247 2.496838 
496.0720 49.809 19.563 0.83049 0.29512 0.379 -0.14936 38.0000 5.66 0.9228 0.9240 2.499318 
495.5790 49.791 19.447 0.83100 0.29341 0.377 -0.14876 38.0000 5.47 0.9222 0.9234 2.501805 
495.0860 49.773 19.316 0.83193 0.29159 0.373 -0.14825 38.0000 5.16 0.9221 0.9233 2.504296 
494.5928 49.757 19.194 0.83233 0.28975 0.376 -0.14772 38.0000 5.40 0.9210 0.9222 2.506793 
494.0995 49.744 19.081 0.83281 0.28807 0.380 -0.14728 38.0000 5.33 0.9206 0.9218 2.509296 
493.6062 49.730 18.960 0.83335 0.28630 0.377 -0.14683 38.0000 5.32 0.9201 0.9213 2.511804 
493.1127 49.716 18.846 0.83396 0.28465 0.374 -0.14638 38.0000 5.14 0.9195 0.9207 2.514318 
492.6190 49.690 18.726 0.83501 0.28305 0.375 -0.14566 38.0000 5.10 0.9188 0.9200 2.516837 
492.1253 49.670 18.607 0.83575 0.28137 0.378 -0.14503 38.0000 5.27 0.9183 0.9195 2.519362 
491.6315 49.654 18.489 0.83640 0.27968 0.364 -0.14454 38.0000 5.13 0.9179 0.9191 2.521893 
491.1375 49.631 18.383 0.83717 0.27821 0.357 -0.14388 38.0000 5.08 0.9171 0.9183 2.524429 
490.6435 49.610 18.262 0.83790 0.27649 0.355 -0.14322 38.0000 4.94 0.9166 0.9178 2.526971 
490.1493 49.593 18.139 0.83849 0.27469 0.366 -0.14270 38.0000 4.91 0.9159 0.9171 2.529519 
489.6550 49.566 18.024 0.83929 0.27309 0.356 -0.14187 38.0000 4.96 0.9151 0.9162 2.532072 
489.1606 49.543 17.901 0.84015 0.27137 0.362 -0.14119 38.0000 4.92 0.9144 0.9156 2.534631 
488.6661 49.515 17.781 0.84097 0.26970 0.353 -0.14036 38.0000 4.81 0.9140 0.9152 2.537196 
488.1714 49.491 17.661 0.84195 0.26807 0.344 -0.13965 38.0000 4.64 0.9138 0.9150 2.539768 
487.6767 49.453 17.542 0.84288 0.26644 0.354 -0.13853 38.0000 4.73 0.9130 0.9142 2.542344 
487.1818 49.430 17.424 0.84371 0.26480 0.346 -0.13784 38.0000 4.59 0.9124 0.9136 2.544927 
486.6869 49.399 17.306 0.84468 0.26318 0.344 -0.13694 38.0000 4.63 0.9119 0.9131 2.547514 
486.1918 49.379 17.191 0.84542 0.26155 0.334 -0.13634 38.0000 4.38 0.9112 0.9124 2.550109 
485.6966 49.352 17.073 0.84604 0.25983 0.337 -0.13550 38.0000 4.35 0.9104 0.9115 2.552709 
485.2013 49.316 16.952 0.84715 0.25822 0.338 -0.13445 38.0000 4.54 0.9098 0.9110 2.555314 
484.7058 49.282 16.835 0.84809 0.25662 0.342 -0.13345 38.0000 4.60 0.9089 0.9100 2.557927 
484.2103 49.244 16.727 0.84910 0.25518 0.332 -0.13232 38.0000 4.41 0.9081 0.9092 2.560544 
483.7146 49.207 16.611 0.85056 0.25375 0.337 -0.13129 38.0000 4.60 0.9077 0.9088 2.563168 
483.2189 49.175 16.492 0.85180 0.25219 0.332 -0.13039 38.0000 4.82 0.9072 0.9084 2.565798 
482.7230 49.142 16.376 0.85306 0.25068 0.331 -0.12947 38.0000 5.04 0.9065 0.9076 2.568433 
482.2270 49.109 16.266 0.85386 0.24913 0.337 -0.12845 38.0000 5.32 0.9057 0.9069 2.571075 
481.7309 49.071 16.148 0.85505 0.24758 0.332 -0.12735 38.0000 5.55 0.9049 0.9061 2.573723 
481.2346 49.022 16.041 0.85619 0.24618 0.330 -0.12592 38.0000 5.81 0.9039 0.9051 2.576377 
480.7383 48.975 15.931 0.85757 0.24479 0.319 -0.12453 38.0000 5.71 0.9030 0.9042 2.579037 
480.2419 48.935 15.818 0.85911 0.24339 0.319 -0.12343 38.0000 5.88 0.9024 0.9036 2.581703 
479.7453 48.896 15.706 0.86054 0.24199 0.316 -0.12233 38.0000 6.07 0.9019 0.9031 2.584375 
479.2486 48.856 15.601 0.86168 0.24060 0.310 -0.12115 38.0000 6.00 0.9011 0.9022 2.587054 
478.7518 48.808 15.490 0.86297 0.23917 0.308 -0.11975 38.0000 6.22 0.9001 0.9012 2.589738 
478.2549 48.770 15.385 0.86423 0.23781 0.307 -0.11866 38.0000 6.35 0.8987 0.8999 2.592429 
477.7579 48.725 15.275 0.86569 0.23642 0.304 -0.11735 38.0000 6.60 0.8979 0.8991 2.595126 
477.2608 48.678 15.168 0.86707 0.23506 0.301 -0.11599 38.0000 6.50 0.8971 0.8982 2.597829 
476.7635 48.635 15.071 0.86831 0.23382 0.298 -0.11473 38.0000 6.58 0.8962 0.8973 2.600539 
476.2662 48.594 14.960 0.87000 0.23246 0.297 -0.11358 38.0000 6.82 0.8953 0.8964 2.603254 
475.7687 48.557 14.838 0.87134 0.23083 0.299 -0.11250 38.0000 6.94 0.8947 0.8958 2.605976 
475.2711 48.525 14.728 0.87232 0.22931 0.300 -0.11155 38.0000 7.45 0.8940 0.8951 2.608705 
474.7734 48.494 14.619 0.87322 0.22777 0.301 -0.11060 38.0000 7.66 0.8934 0.8945 2.611439 
474.2756 48.454 14.506 0.87484 0.22635 0.303 -0.10950 38.0000 8.06 0.8927 0.8938 2.614180 
473.7776 48.423 14.390 0.87533 0.22458 0.299 -0.10850 38.0000 8.70 0.8917 0.8927 2.616928 
473.2796 48.404 14.279 0.87582 0.22289 0.296 -0.10789 38.0000 8.95 0.8907 0.8918 2.619682 
472.7814 48.375 14.164 0.87651 0.22121 0.296 -0.10700 38.0000 9.10 0.8901 0.8911 2.622442 
472.2831 48.357 14.047 0.87678 0.21937 0.292 -0.10641 38.0000 9.63 0.8895 0.8905 2.625209 
471.7848 48.341 13.936 0.87708 0.21765 0.290 -0.10586 38.0000 10.19 0.8890 0.8901 2.627982 
471.2863 48.321 13.826 0.87807 0.21610 0.284 -0.10531 38.0000 10.44 0.8888 0.8899 2.630762 
470.7876 48.303 13.722 0.87819 0.21444 0.282 -0.10468 38.0000 10.72 0.8881 0.8892 2.633548 
470.2889 48.278 13.621 0.87859 0.21290 0.279 -0.10389 38.0000 10.79 0.8877 0.8887 2.636341 
469.7900 48.263 13.515 0.87892 0.21125 0.276 -0.10341 38.0000 10.93 0.8870 0.8880 2.639141 
469.2911 48.254 13.416 0.87879 0.20962 0.274 -0.10305 38.0000 11.02 0.8863 0.8873 2.641946 
468.7920 48.262 13.315 0.87838 0.20789 0.272 -0.10322 38.0000 11.16 0.8865 0.8875 2.644759 
468.2928 48.265 13.214 0.87856 0.20630 0.273 -0.10329 38.0000 11.28 0.8866 0.8876 2.647578 
467.7935 48.262 13.117 0.87838 0.20468 0.273 -0.10316 38.0000 11.54 0.8867 0.8877 2.650404 
467.2941 48.260 13.020 0.87824 0.20308 0.273 -0.10302 38.0000 11.66 0.8866 0.8876 2.653237 
466.7945 48.269 12.918 0.87801 0.20138 0.276 -0.10324 38.0000 12.27 0.8869 0.8878 2.656077 
466.2949 48.271 12.821 0.87770 0.19974 0.274 -0.10322 38.0000 12.87 0.8866 0.8875 2.658922 
465.7951 48.282 12.723 0.87753 0.19813 0.278 -0.10353 38.0000 13.56 0.8870 0.8880 2.661775 
465.2952 48.284 12.641 0.87698 0.19668 0.277 -0.10349 38.0000 14.17 0.8867 0.8876 2.664635 
464.7952 48.294 12.551 0.87688 0.19521 0.275 -0.10377 38.0000 15.29 0.8873 0.8882 2.667502 
464.2951 48.304 12.449 0.87623 0.19343 0.276 -0.10397 38.0000 16.48 0.8871 0.8880 2.670375 
463.7949 48.326 12.344 0.87528 0.19155 0.271 -0.10450 38.0000 17.61 0.8870 0.8879 2.673255 
463.2946 48.329 12.257 0.87448 0.18998 0.270 -0.10445 38.0000 18.35 0.8867 0.8876 2.676142 
462.7941 48.343 12.157 0.87423 0.18832 0.266 -0.10485 38.0000 19.22 0.8872 0.8880 2.679036 
462.2935 48.369 12.075 0.87326 0.18682 0.261 -0.10551 38.0000 19.93 0.8872 0.8880 2.681937 
461.7928 48.388 11.978 0.87221 0.18505 0.257 -0.10595 38.0000 20.78 0.8873 0.8881 2.684845 
461.2921 48.412 11.900 0.87108 0.18357 0.255 -0.10653 38.0000 21.20 0.8878 0.8886 2.687759 
460.7911 48.430 11.780 0.87029 0.18150 0.251 -0.10697 38.0000 21.25 0.8883 0.8891 2.690681 
460.2901 48.451 11.685 0.86967 0.17986 0.248 -0.10751 38.0000 21.14 0.8887 0.8895 2.693610 
459.7889 48.476 11.586 0.86891 0.17813 0.248 -0.10817 38.0000 20.86 0.8890 0.8897 2.696546 
459.2877 48.506 11.491 0.86794 0.17645 0.248 -0.10894 38.0000 21.01 0.8895 0.8903 2.699489 
458.7863 48.535 11.395 0.86694 0.17473 0.246 -0.10967 38.0000 21.15 0.8902 0.8910 2.702439 
458.2848 48.560 11.301 0.86574 0.17301 0.247 -0.11029 38.0000 21.40 0.8908 0.8916 2.705396 
457.7832 48.591 11.202 0.86424 0.17115 0.248 -0.11103 38.0000 21.59 0.8910 0.8917 2.708360 
457.2815 48.639 11.103 0.86254 0.16928 0.244 -0.11225 38.0000 21.89 0.8913 0.8920 2.711332 
456.7796 48.676 11.017 0.86170 0.16777 0.246 -0.11326 38.0000 21.93 0.8923 0.8930 2.714311 
456.2777 48.714 10.934 0.86088 0.16630 0.243 -0.11431 38.0000 22.47 0.8935 0.8942 2.717297 
455.7756 48.761 10.848 0.85941 0.16469 0.241 -0.11554 38.0000 22.36 0.8944 0.8951 2.720290 
455.2734 48.803 10.763 0.85784 0.16307 0.237 -0.11661 38.0000 22.09 0.8952 0.8959 2.723291 
454.7711 48.837 10.671 0.85690 0.16147 0.235 -0.11748 38.0000 21.95 0.8963 0.8970 2.726299 
454.2687 48.874 10.584 0.85587 0.15992 0.228 -0.11847 38.0000 21.19 0.8977 0.8984 2.729314 
453.7662 48.891 10.481 0.85565 0.15829 0.226 -0.11891 38.0000 20.16 0.8986 0.8993 2.732336 
453.2635 48.906 10.376 0.85508 0.15657 0.223 -0.11926 38.0000 19.13 0.8989 0.8996 2.735367 
452.7608 48.919 10.272 0.85490 0.15492 0.218 -0.11959 38.0000 17.87 0.8996 0.9003 2.738404 
452.2579 48.930 10.164 0.85465 0.15323 0.215 -0.11988 38.0000 16.54 0.9001 0.9008 2.741449 
451.7549 48.940 10.057 0.85452 0.15156 0.216 -0.12012 38.0000 15.68 0.9006 0.9013 2.744501 
451.2518 48.948 9.948 0.85439 0.14986 0.215 -0.12032 38.0000 14.41 0.9010 0.9018 2.747561 
450.7485 48.955 9.838 0.85458 0.14819 0.213 -0.12050 38.0000 13.25 0.9018 0.9026 2.750629 
450.2452 48.960 9.727 0.85445 0.14646 0.215 -0.12060 38.0000 12.28 0.9020 0.9028 2.753704 
449.7417 48.963 9.613 0.85453 0.14473 0.212 -0.12067 38.0000 11.12 0.9025 0.9032 2.756787 
449.2382 48.965 9.501 0.85477 0.14305 0.213 -0.12071 38.0000 10.65 0.9030 0.9038 2.759876 
448.7345 48.964 9.385 0.85494 0.14130 0.211 -0.12069 38.0000 10.19 0.9033 0.9041 2.762974 
448.2307 48.963 9.269 0.85527 0.13959 0.210 -0.12064 38.0000 9.36 0.9037 0.9046 2.766080 
447.7267 48.959 9.152 0.85584 0.13789 0.208 -0.12056 38.0000 9.04 0.9044 0.9052 2.769193 
447.2227 48.954 9.034 0.85634 0.13616 0.205 -0.12044 38.0000 8.53 0.9048 0.9057 2.772314 
446.7186 48.947 8.914 0.85660 0.13436 0.204 -0.12023 38.0000 7.57 0.9048 0.9057 2.775443 
446.2143 48.939 8.794 0.85728 0.13262 0.201 -0.12002 38.0000 6.90 0.9053 0.9062 2.778580 
445.7099 48.928 8.673 0.85798 0.13087 0.198 -0.11977 38.0000 6.39 0.9057 0.9067 2.781724 
445.2054 48.917 8.550 0.85875 0.12910 0.194 -0.11947 38.0000 5.74 0.9061 0.9071 2.784876 
444.7008 48.903 8.426 0.85953 0.12733 0.199 -0.11913 38.0000 5.31 0.9064 0.9074 2.788036 
444.1960 48.888 8.302 0.86039 0.12554 0.195 -0.11874 38.0000 4.65 0.9067 0.9077 2.791204 
443.6912 48.871 8.176 0.86127 0.12374 0.196 -0.11830 38.0000 4.27 0.9069 0.9080 2.794380 
443.1862 48.853 8.049 0.86225 0.12193 0.197 -0.11784 38.0000 3.76 0.9072 0.9083 2.797564 
442.6812 48.833 7.922 0.86344 0.12015 0.195 -0.11734 38.0000 3.47 0.9076 0.9088 2.800756 
442.1759 48.811 7.792 0.86451 0.11831 0.197 -0.11678 38.0000 3.10 0.9078 0.9090 2.803956 
441.6706 48.788 7.663 0.86561 0.11646 0.199 -0.11617 38.0000 2.97 0.9079 0.9091 2.807164 
441.1652 48.763 7.532 0.86691 0.11462 0.196 -0.11554 38.0000 2.69 0.9081 0.9094 2.810380 
440.6596 48.737 7.400 0.86823 0.11277 0.197 -0.11485 38.0000 2.53 0.9083 0.9097 2.813605 
440.1540 48.709 7.267 0.86944 0.11086 0.197 -0.11411 38.0000 2.35 0.9083 0.9096 2.816837 
439.6482 48.709 7.267 0.86944 0.11086 0.195 -0.11411 38.0000 2.26 0.9083 0.9096 2.820077 

# MINIMA:
439.6482 0.155 0.977 -11.30276 -11.76755 -5266.732 -4.67667 38.0000 2.26 0.5122 0.5560 1.240099 

# MAXIMA:
999.7925 87.153 359.485 31.66582 6.29497 241.145 67.35754 38.0000 52.78 2.79334694863817933E18 7.58951886860289311E19 2.820077 

# PEAKS:

# END SPECTRUM

