## SPECTRUM TYPE:
LCE

## DATE:
24/09/2026

## COMMENTS:

## NUMBER OF SPECTRUM:
1

## ELLIPSOMETRIC CONFIGURATION:
0.00 ø :Modulator
+45.00 øAnalyser

## UNIT:
nm


# SPECTRUM:
1

# CAPTION:


# START TIME:
10:40:09

# END TIME:
10:40:09

# THETA ANGLE:
0.00 ø

# INCIDENCE ANGLE:
69.95 ø

# ACCUMULATION NUMBER:
6

# ELLIPSOMETRIC CONFIGURATION:
0.00 ø :Modulator
+45.00 øAnalyser

# INTEGRATION TIME:
34 ms

# FIRST POINT:
999.79 nm

# LAST POINT:
439.65 nm

# INCREMENT:
0.00 nm

# NUMBER OF POINTS:
1273

# DATA:
nm Psi Delta Ic Is Reflectance IcPrim IntegrationTime IntensityMax Polarization PolarizationGen eV 
999.7925 6.582 228.792 -10.37916 -11.85269 0.000 67.35753 34.0000 8.66 2.79083401481289728E18 7.46119354711120282E19 1.240099 
999.4089 6.582 228.792 -10.37916 -11.85269 1.968 67.35753 34.0000 8.69 2.59568389502219059E18 6.93946692344311972E19 1.240575 
999.0253 6.582 228.792 -10.37916 -11.85269 1.451 67.35753 34.0000 8.85 2.4744259044203561E18 6.61528735491429499E19 1.241052 
998.6415 6.582 228.792 -10.37916 -11.85269 4.221 67.35753 34.0000 8.89 2.33611558798334362E18 6.24551983527462175E19 1.241529 
998.2578 6.582 228.792 -10.37916 -11.85269 0.524 67.35753 34.0000 8.97 2.17885889949335552E18 5.82510001396656374E19 1.242006 
997.8739 6.582 228.792 -10.37916 -11.85269 1.221 67.35753 34.0000 8.96 2.00076083065991987E18 5.34896134140932915E19 1.242484 
997.4900 6.582 228.792 -10.37916 -11.85269 -0.246 67.35753 34.0000 8.90 1.79992692294837862E18 4.81203902724073062E19 1.242962 
997.1060 6.582 228.792 -10.37916 -11.85269 -0.008 67.35753 34.0000 9.13 1.57446230550721331E18 4.20926784129392968E19 1.243440 
996.7219 6.582 228.792 -10.37916 -11.85269 -3.792 67.35752 34.0000 9.08 1.32247251980176589E18 3.53558233349976228E19 1.243920 
996.3377 6.582 228.792 -10.37916 -11.85269 -5.810 67.35753 34.0000 9.10 1.0420629011389481E18 2.78591727369138995E19 1.244399 
995.9535 6.582 228.792 -10.37916 -11.85269 -2.895 67.35753 34.0000 9.13 735128045492371456.0000 1.96533811193797673E19 1.244879 
995.5692 6.582 228.792 -10.37916 -11.85269 1.465 67.35752 34.0000 9.33 403562548835647488.0000 1.07890985850403553E19 1.245360 
995.1848 6.582 228.792 -10.37916 -11.85269 -1.141 67.35752 34.0000 9.49 53050473967517696.0000 1.41828519999674778E18 1.245841 
994.8003 6.582 228.792 -10.37916 -11.85269 0.040 67.35753 34.0000 9.52 303145594979876864.0000 8.10448701419736269E18 1.246322 
994.4158 6.582 228.792 -10.37916 -11.85269 0.029 67.35753 34.0000 9.47 646079011075653632.0000 1.72726877565935944E19 1.246804 
994.0311 63.254 113.848 -0.31902 0.72167 0.015 -0.58405 34.0000 9.59 0.6555 0.7425 1.247287 
993.6464 51.265 92.104 -0.02227 0.60644 1.881 -0.13487 34.0000 9.53 0.5899 0.6930 1.247770 
993.2617 34.722 59.051 0.26454 0.44115 1.763 0.19290 34.0000 9.61 0.6322 0.9240 1.248253 
992.8768 47.721 70.632 0.23958 0.68153 -1.639 -0.06883 34.0000 9.64 0.6069 0.7459 1.248737 
992.4919 53.636 36.621 0.37909 0.28175 0.962 -0.14686 34.0000 9.58 0.6349 0.7772 1.249221 
992.1069 54.405 63.112 0.25742 0.50768 -12.003 -0.19388 34.0000 9.74 0.6264 0.7724 1.249706 
991.7218 46.785 58.908 0.30717 0.50937 -2.116 -0.03711 34.0000 9.88 0.6529 0.7673 1.250191 
991.3367 45.259 48.744 0.40034 0.45640 0.854 -0.00549 34.0000 10.11 0.6633 0.8227 1.250677 
990.9514 36.350 49.134 0.44018 0.50876 2.570 0.20954 34.0000 10.22 0.7718 0.9454 1.251163 
990.5661 21.934 63.346 0.17685 0.35235 27.984 0.41015 34.0000 10.12 0.7545 0.9569 1.251650 
990.1807 18.651 53.766 0.23793 0.32469 -28.999 0.52836 34.0000 10.09 0.7841 1.0107 1.252137 
989.7953 10.443 90.685 -0.00295 0.24652 -0.860 0.64611 34.0000 10.23 0.7121 0.8932 1.252625 
989.4097 16.059 86.897 0.02396 0.44198 -1.974 0.70510 34.0000 10.42 0.7044 0.8118 1.253113 
989.0241 20.109 96.039 -0.05668 0.53578 2.189 0.63715 34.0000 10.34 0.6955 0.7786 1.253601 
988.6384 32.112 103.937 -0.16793 0.67668 1.858 0.33670 34.0000 10.36 0.7048 0.7878 1.254090 
988.2526 26.469 74.425 0.20018 0.71817 31.692 0.56307 34.0000 10.59 0.7022 0.7841 1.254580 
987.8668 32.640 62.742 0.39338 0.76354 1.868 0.39543 34.0000 10.47 0.7231 0.8280 1.255070 
987.4809 27.195 66.712 0.26663 0.61946 -5289.056 0.48302 34.0000 10.46 0.6611 0.7176 1.255560 
987.0949 27.570 69.030 0.21937 0.57238 2.861 0.42699 34.0000 10.57 0.6185 0.6402 1.256051 
986.7088 23.947 66.873 0.20526 0.48059 2.016 0.47229 34.0000 10.65 0.6089 0.6467 1.256543 
986.3226 20.171 76.521 0.08148 0.33994 -2.872 0.41159 34.0000 10.77 0.5946 0.6420 1.257035 
985.9364 25.964 71.856 0.13535 0.41303 -12.471 0.34046 34.0000 10.76 0.6211 0.6922 1.257527 
985.5501 24.407 67.020 0.14739 0.34757 89.915 0.33032 34.0000 10.77 0.6415 0.7712 1.258020 
985.1638 34.071 69.497 0.17476 0.46735 -4.601 0.20015 34.0000 10.88 0.7015 0.8830 1.258513 
984.7773 39.514 69.653 0.21030 0.56708 1.998 0.11726 34.0000 10.88 0.7736 0.9445 1.259007 
984.3907 43.305 61.281 0.43172 0.78793 -3.668 0.05321 34.0000 11.16 0.8334 1.0023 1.259502 
984.0041 41.392 58.924 0.24244 0.40227 -2.668 0.05947 34.0000 11.01 0.6468 0.7900 1.259997 
983.6174 15.664 180.101 -0.11399 -0.00020 1.534 0.18728 34.0000 11.38 0.5458 0.7966 1.260492 
983.2307 23.085 232.291 -0.20234 -0.26171 1.317 0.31757 34.0000 11.48 0.5888 0.7723 1.260988 
982.8438 20.919 250.509 -0.23415 -0.66155 1.206 0.78381 34.0000 11.56 0.7349 0.9829 1.261484 
982.4569 21.311 217.376 -0.26300 -0.20091 1.287 0.35965 34.0000 11.49 0.7365 1.0507 1.261981 
982.0699 36.538 157.214 -0.19058 0.08006 -3.024 0.06290 34.0000 11.56 0.7361 0.9942 1.262478 
981.6828 54.834 108.158 -0.14127 0.43073 -0.028 -0.16203 34.0000 11.71 0.8338 1.0202 1.262976 
981.2957 63.166 83.794 0.04656 0.42823 -0.013 -0.31679 34.0000 11.74 0.8363 0.9971 1.263474 
980.9084 56.313 80.065 0.16658 0.95100 0.007 -0.40239 34.0000 11.78 1.0409 1.1898 1.263973 
980.5211 57.959 66.139 0.69017 1.56028 0.014 -0.82913 34.0000 11.75 1.3204 1.4176 1.264472 
980.1337 54.084 98.330 -0.23532 1.60723 -0.004 -0.53307 34.0000 11.95 1.1576 1.3139 1.264972 
979.7463 50.636 114.395 -0.66928 1.47576 -0.003 -0.32299 34.0000 11.82 1.0925 1.1955 1.265472 
979.3587 51.541 103.757 -0.45728 1.86776 17.404 -0.44688 34.0000 11.98 1.0269 1.1298 1.265973 
978.9711 41.464 171.223 -2.48736 0.38405 6.834 0.31225 34.0000 11.96 1.1347 1.2822 1.266474 
978.5834 43.842 178.248 -2.46879 0.07553 4.699 0.09993 34.0000 11.95 1.4204 1.6128 1.266976 
978.1956 39.557 187.944 -2.64551 -0.36917 7.570 0.51369 34.0000 12.14 1.6882 1.9235 1.267478 
977.8077 37.147 195.181 -2.16508 -0.58745 -4.593 0.63080 34.0000 12.31 1.7479 1.9993 1.267981 
977.4199 35.453 206.088 -1.57609 -0.77170 7.218 0.60748 34.0000 12.23 1.6853 1.9303 1.268484 
977.0319 32.197 185.366 -1.17660 -0.11052 2.714 0.56637 34.0000 12.44 1.3223 1.5784 1.268988 
976.6437 28.002 167.598 -0.64092 0.14094 2.540 0.44256 34.0000 12.36 0.9013 1.3231 1.269493 
976.2556 27.571 157.417 -0.66624 0.27709 -8.117 0.50259 34.0000 12.38 0.9608 1.1671 1.269997 
975.8674 24.588 88.202 0.01487 0.47368 2.064 0.40943 34.0000 12.61 0.7515 0.8755 1.270502 
975.4790 41.676 54.940 0.55970 0.79755 2.033 0.11355 34.0000 12.82 0.9670 1.0413 1.271008 
975.0906 37.914 79.634 0.09076 0.49621 -2.885 0.12738 34.0000 12.67 0.7258 0.7644 1.271515 
974.7021 48.694 78.114 0.11496 0.54616 -35.577 -0.07237 34.0000 12.82 0.7315 0.8425 1.272021 
974.3136 45.476 96.965 -0.06728 0.55078 2.232 -0.00922 34.0000 12.73 0.6840 0.7965 1.272529 
973.9250 52.257 92.921 -0.02578 0.50507 0.054 -0.13092 34.0000 12.81 0.6471 0.7347 1.273036 
973.5363 59.522 92.999 -0.02787 0.53191 0.110 -0.29578 34.0000 13.09 0.6604 0.7166 1.273545 
973.1475 73.651 97.696 -0.03551 0.26278 -10.630 -0.41307 34.0000 12.88 0.5788 0.6150 1.274053 
972.7586 72.664 105.468 -0.06654 0.24047 -4.302 -0.36071 34.0000 13.04 0.5317 0.5727 1.274563 
972.3697 79.272 118.461 -0.07665 0.14140 -1.886 -0.40922 34.0000 13.28 0.5279 0.5695 1.275073 
971.9807 84.007 140.154 -0.08318 0.06942 -2.349 -0.51034 34.0000 13.33 0.5437 0.5876 1.275583 
971.5916 81.214 106.476 -0.05210 0.17618 -2.522 -0.58013 34.0000 13.26 0.6105 0.6465 1.276094 
971.2024 83.035 95.571 -0.01828 0.18736 1.209 -0.75903 34.0000 13.51 0.6951 0.7339 1.276605 
970.8131 86.788 106.234 -0.02553 0.08767 0.177 -0.81094 34.0000 13.45 0.7670 0.8019 1.277117 
970.4238 87.840 90.057 -0.00008 0.08063 0.097 -1.06722 34.0000 13.39 0.8071 0.8334 1.277629 
970.0344 72.421 145.144 -0.76319 0.53153 0.061 -1.32044 34.0000 13.91 1.0096 1.0898 1.278142 
969.6449 79.113 35.523 0.34785 0.24833 0.045 -1.06995 34.0000 13.68 0.8168 0.8344 1.278656 
969.2553 61.093 3.948 1.14458 0.07899 0.014 -0.72209 34.0000 13.72 0.9774 1.0788 1.279170 
968.8657 52.496 358.884 1.73566 -0.03380 -9.471 -0.46492 34.0000 13.93 1.2228 1.4143 1.279684 
968.4760 50.085 354.883 2.21099 -0.19798 2.488 -0.39824 34.0000 14.16 1.3805 1.6292 1.280199 
968.0861 49.376 355.931 2.48785 -0.17697 1.050 -0.38398 34.0000 14.41 1.4269 1.7003 1.280714 
967.6962 49.755 359.753 2.33772 -0.01008 2.099 -0.39166 34.0000 14.32 1.3651 1.6251 1.281230 
967.3063 53.730 8.878 1.93471 0.30221 2.103 -0.61593 34.0000 14.36 1.1502 1.3714 1.281747 
966.9163 56.476 12.784 1.30926 0.29707 2.769 -0.56853 34.0000 14.63 0.9103 1.0636 1.282264 
966.5261 65.533 47.221 0.46726 0.50497 -11.428 -0.59944 34.0000 14.43 0.6543 0.7476 1.282782 
966.1359 57.264 135.425 -1.02588 1.01077 2.201 -0.65720 34.0000 14.09 0.8085 0.9127 1.283300 
965.7457 54.524 31.892 0.68716 0.42758 -1.551 -0.27944 34.0000 14.38 0.6326 0.7662 1.283818 
965.3553 47.482 346.815 0.93823 -0.21981 2.119 -0.08368 34.0000 14.64 0.6234 0.6867 1.284337 
964.9649 44.147 316.723 0.92366 -0.86971 14.673 0.03777 34.0000 14.69 0.6729 0.7813 1.284857 
964.5743 44.517 301.635 0.76775 -1.24625 6.903 0.02468 34.0000 14.55 0.7288 0.9306 1.285377 
964.1838 43.030 299.924 0.58754 -1.02078 -3.991 0.08110 34.0000 14.72 0.7030 1.0090 1.285898 
963.7931 55.467 301.484 0.54201 -0.88503 1.496 -0.39700 34.0000 14.80 0.6498 1.0402 1.286419 
963.4023 76.679 331.445 0.29234 -0.15909 0.257 -0.66343 34.0000 15.05 0.6034 0.9927 1.286941 
963.0115 70.878 80.056 0.09667 0.55141 2.415 -0.71028 34.0000 15.13 0.7135 1.0260 1.287463 
962.6207 83.330 81.319 0.01591 0.10418 4.022 -0.44446 34.0000 15.28 0.5924 0.8159 1.287986 
962.2297 70.429 109.043 -0.04605 0.13340 3.349 -0.17340 34.0000 15.32 0.6414 0.8032 1.288509 
961.8386 34.589 11.222 0.27576 0.05472 3.376 0.10692 34.0000 15.48 0.7610 0.9973 1.289033 
961.4474 32.604 311.419 0.25828 -0.29277 2.644 0.18033 34.0000 15.62 0.7783 1.0295 1.289558 
961.0562 29.459 305.301 0.23505 -0.33196 4.441 0.24519 34.0000 15.35 0.8354 1.1321 1.290083 
960.6649 30.489 301.445 0.27933 -0.45681 0.022 0.29706 34.0000 15.76 0.7822 1.0168 1.290608 
960.2736 31.573 294.151 0.31674 -0.70641 0.034 0.39198 34.0000 15.56 0.7133 0.8571 1.291134 
959.8821 32.458 317.618 0.25434 -0.23210 2.363 0.16118 34.0000 15.55 0.5828 0.6383 1.291661 
959.4905 47.499 72.034 0.14499 0.44713 7.560 -0.04110 34.0000 15.61 0.5353 0.5574 1.292188 
959.0989 57.934 94.343 -0.09195 1.21086 2.206 -0.58879 34.0000 15.96 0.6519 0.7820 1.292715 
958.7073 78.679 90.244 -0.00077 0.18197 3.223 -0.43626 34.0000 15.98 0.5356 0.6231 1.293243 
958.3155 64.982 92.381 -0.01798 0.43229 -38.792 -0.36260 34.0000 15.72 0.5396 0.5790 1.293772 
957.9236 63.260 97.778 -0.06464 0.47317 3.038 -0.35365 34.0000 15.66 0.5559 0.6222 1.294301 
957.5317 65.490 101.414 -0.05973 0.29585 -445.791 -0.26219 34.0000 15.80 0.5578 0.5965 1.294831 
957.1396 51.493 98.647 -0.02924 0.19227 5.295 -0.04485 34.0000 15.75 0.5926 0.7701 1.295362 
956.7476 17.732 91.103 -0.00218 0.11305 -11.060 0.15872 34.0000 16.03 0.5778 0.9280 1.295892 
956.3554 6.477 275.268 0.00918 -0.09955 4.372 0.43462 34.0000 16.65 0.5903 1.0720 1.296424 
955.9632 19.087 152.986 -0.26688 0.13606 -0.019 0.38104 34.0000 16.75 0.6048 1.0937 1.296956 
955.5709 11.941 24.154 0.19474 0.08733 -0.014 0.48204 34.0000 16.46 0.6096 1.1010 1.297488 
955.1784 24.214 350.148 0.45157 -0.07842 -0.014 0.40651 34.0000 16.61 0.6000 1.0353 1.298021 
954.7859 34.904 347.856 0.63108 -0.13580 2.996 0.23741 34.0000 16.63 0.5972 0.9350 1.298555 
954.3934 45.081 357.872 0.69445 -0.02581 21.513 -0.00197 34.0000 16.54 0.5969 0.8531 1.299089 
954.0007 53.071 1.866 0.71223 0.02321 3.743 -0.20624 34.0000 16.52 0.6069 0.8741 1.299624 
953.6080 56.192 13.579 0.56428 0.13629 2.289 -0.23909 34.0000 16.70 0.6297 0.8601 1.300159 
953.2152 64.257 38.330 0.38182 0.30187 -4.502 -0.38736 34.0000 16.89 0.6359 0.8017 1.300695 
952.8223 65.612 37.563 0.29344 0.22567 2.065 -0.32434 34.0000 16.76 0.5972 0.6927 1.301231 
952.4293 65.146 48.640 0.18123 0.20586 3.073 -0.23253 34.0000 16.79 0.5758 0.6448 1.301768 
952.0363 63.838 91.962 -0.01009 0.29474 6.869 -0.22773 34.0000 16.84 0.6304 0.7519 1.302305 
951.6432 50.075 35.646 0.35139 0.25200 2.934 -0.07741 34.0000 17.27 0.6754 0.7680 1.302843 
951.2499 52.592 34.131 0.32835 0.22257 29.905 -0.10765 34.0000 16.84 0.6557 0.7660 1.303382 
950.8567 32.393 52.005 0.32504 0.41610 5.642 0.24862 34.0000 16.98 0.6772 0.9077 1.303921 
950.4633 33.155 26.547 0.28762 0.14370 3.012 0.14107 34.0000 16.97 0.5677 0.6931 1.304461 
950.0699 59.128 341.430 0.23283 -0.07822 -0.475 -0.13201 34.0000 17.32 0.5412 0.9236 1.305001 
949.6763 85.861 6.468 0.07484 0.00848 -0.235 -0.51762 34.0000 17.39 0.5817 1.1462 1.305542 
949.2827 86.299 224.905 -0.11058 -0.11021 -0.193 -1.20175 34.0000 17.57 0.7071 1.2006 1.306083 
948.8890 78.593 265.893 -0.03875 -0.53964 -0.341 -1.28614 34.0000 18.03 0.7676 1.1792 1.306625 
948.4953 81.724 274.865 0.02933 -0.34456 -0.034 -1.16362 34.0000 17.88 0.7020 1.0277 1.307167 
948.1014 80.584 280.438 0.04823 -0.26182 0.966 -0.78061 34.0000 17.90 0.5973 1.0590 1.307710 
947.7075 81.799 75.167 0.03579 0.13516 1.992 -0.47502 34.0000 18.04 0.6002 0.7445 1.308254 
947.3135 31.702 82.636 0.05846 0.45239 13.642 0.22839 34.0000 17.35 0.5678 1.3603 1.308798 
946.9194 20.121 81.093 0.11460 0.73119 0.936 0.87450 34.0000 17.39 0.7524 1.8486 1.309343 
946.5253 14.189 82.377 0.05365 0.40084 0.316 0.74862 34.0000 17.57 0.7051 2.0682 1.309888 
946.1310 50.788 347.092 2.50869 -0.57495 2.608 -0.52718 34.0000 18.25 2.7886 3.5004 1.310434 
945.7367 53.154 128.130 -2.21414 2.82080 5.321 -1.04914 34.0000 17.83 1.7088 3.3498 1.310980 
945.3423 55.662 329.802 3.34235 -1.94512 -2.460 -1.50959 34.0000 18.25 3.8720 4.9658 1.311527 
944.9478 53.780 327.481 5.56413 -3.54732 0.790 -2.08809 34.0000 18.54 7.2574 8.8505 1.312074 
944.5532 53.294 326.330 7.33345 -4.88523 4.356 -2.62485 34.0000 18.02 9.5827 11.6358 1.312623 
944.1586 53.298 325.943 8.71307 -5.88977 11.491 -3.13464 34.0000 18.14 10.7422 13.0362 1.313171 
943.7639 53.213 325.149 9.38853 -6.53759 -1.932 -3.37277 34.0000 18.24 10.7306 13.0311 1.313720 
943.3691 53.249 324.599 9.44331 -6.71122 0.215 -3.43142 34.0000 18.15 9.4793 11.7630 1.314270 
942.9742 54.096 322.285 7.61040 -5.88514 2.797 -3.16153 34.0000 18.42 6.8253 8.9208 1.314821 
942.5792 57.175 313.909 3.33674 -3.46633 4.241 -2.17750 34.0000 18.47 3.1532 5.0387 1.315372 
942.1841 45.026 167.073 -4.68886 1.07625 -2.908 -0.00435 34.0000 18.63 2.6463 3.6551 1.315923 
941.7890 48.373 135.525 -3.63777 3.57165 -3.386 -0.60301 34.0000 18.75 2.3873 3.5932 1.316475 
941.3938 61.872 174.037 -1.04340 0.10898 -29.206 -0.70081 34.0000 18.79 1.0937 1.3610 1.317028 
940.9985 21.957 158.498 -1.32476 0.52189 1.258 1.47883 34.0000 18.99 1.1581 1.5131 1.317581 
940.6031 54.369 167.411 -2.12644 0.47491 -19.100 -0.73908 34.0000 18.96 0.8646 0.9655 1.318135 
940.2077 31.235 352.608 1.04632 -0.13575 6.197 0.54996 34.0000 19.07 0.6251 0.6995 1.318689 
939.8122 47.340 92.377 -0.00697 0.16800 5.823 -0.01376 34.0000 19.20 0.5541 0.6194 1.319244 
939.4166 36.727 127.731 -0.12948 0.16733 2.386 0.06286 34.0000 18.99 1.2486 1.3131 1.319800 
939.0209 38.199 108.116 -0.12662 0.38704 -9.416 0.09854 34.0000 18.95 0.5417 0.5856 1.320356 
938.6251 45.753 105.657 -0.12042 0.42966 3.468 -0.01174 34.0000 18.99 0.5506 0.5875 1.320913 
938.2292 56.762 146.779 -0.32179 0.21074 2.545 -0.16744 34.0000 19.41 0.5639 0.6097 1.321470 
937.8333 50.816 92.077 -0.02338 0.64448 2.775 -0.13276 34.0000 19.25 0.6317 0.6465 1.322028 
937.4373 53.524 70.546 0.22238 0.62958 -6.982 -0.20476 34.0000 19.73 0.6594 0.7146 1.322586 
937.0412 53.194 39.509 0.49219 0.40586 20.900 -0.18760 34.0000 19.61 0.6265 0.6864 1.323146 
936.6450 50.563 37.414 0.54033 0.41332 3.290 -0.13379 34.0000 19.20 0.6367 0.6792 1.323705 
936.2487 54.177 31.626 0.50138 0.30876 3.118 -0.19534 34.0000 19.62 0.6685 0.7222 1.324266 
935.8524 49.963 50.492 0.97948 1.18788 1.431 -0.26941 34.0000 19.81 1.1177 1.8675 1.324826 
935.4560 66.121 19.820 0.44061 0.15880 2.041 -0.42531 34.0000 19.95 0.6649 0.7415 1.325388 
935.0594 60.049 274.712 0.05563 -0.67490 -3.970 -0.39252 34.0000 20.19 0.7133 1.1272 1.325950 
934.6629 38.921 241.452 -0.33869 -0.62256 -0.218 0.15268 34.0000 20.07 0.9439 1.6461 1.326512 
934.2662 39.758 85.801 0.37060 5.04744 4.023 0.93660 34.0000 19.90 1.5904 2.9173 1.327076 
933.8694 61.951 253.128 -0.39051 -1.28761 6.787 -0.90423 34.0000 20.32 1.0642 1.9322 1.327640 
933.4727 71.592 230.661 -0.30814 -0.37594 -32.747 -0.64937 34.0000 20.41 1.3580 2.3898 1.328204 
933.0757 74.584 175.014 -0.29449 0.02569 -1.657 -0.49528 34.0000 20.33 1.7265 3.1045 1.328769 
932.6787 70.876 143.467 -0.28402 0.21042 2.518 -0.44840 34.0000 20.58 2.1263 3.7583 1.329334 
932.2817 65.463 135.978 -0.31693 0.30629 26.728 -0.38215 34.0000 20.48 2.4579 4.1694 1.329901 
931.8845 63.132 140.923 -0.38111 0.30947 -0.059 -0.36016 34.0000 20.52 2.4492 4.1447 1.330467 
931.4873 60.204 146.502 -0.43945 0.29085 -146.150 -0.30927 34.0000 20.17 2.2303 3.7562 1.331035 
931.0900 52.070 162.211 -0.55947 0.17951 1.115 -0.14803 34.0000 20.73 1.7605 3.0064 1.331603 
930.6926 45.190 176.425 -0.61177 0.03822 2.746 -0.00407 34.0000 20.77 1.3862 2.1990 1.332171 
930.2951 8.824 359.082 0.75503 -0.01210 -27.424 2.37346 34.0000 20.94 1.3716 2.7950 1.332740 
929.8975 58.635 123.615 -3.50104 5.26643 0.379 -3.25988 34.0000 20.93 1.3716 1.9970 1.333310 
929.4999 60.560 98.305 -0.58627 4.01642 54.236 -2.45040 34.0000 21.43 1.4879 1.8787 1.333881 
929.1022 59.045 86.583 0.31698 5.30838 48.476 -2.83823 34.0000 21.89 1.9301 2.5211 1.334452 
928.7043 64.577 78.494 0.66653 3.27437 5.461 -2.72079 34.0000 21.37 1.9632 2.4788 1.335023 
928.3065 65.210 75.281 0.72575 2.76264 -19.742 -2.43263 34.0000 21.36 1.9997 2.5084 1.335595 
927.9085 64.509 72.612 0.71545 2.28471 2.146 -1.94000 34.0000 21.33 1.9916 2.5680 1.336168 
927.5104 62.813 71.447 0.63479 1.89139 -0.049 -1.42975 34.0000 21.63 1.8515 2.5330 1.336742 
927.1123 61.138 71.231 0.50430 1.48402 0.042 -0.98994 34.0000 21.50 1.5243 2.1264 1.337316 
926.7141 60.050 64.945 0.41031 0.87772 0.166 -0.56165 34.0000 21.57 1.1862 1.6063 1.337890 
926.3158 55.524 74.830 0.14422 0.53194 1.021 -0.21210 34.0000 21.80 0.6719 0.9260 1.338466 
925.9174 12.570 238.386 -0.28229 -0.45862 1.188 1.14759 34.0000 21.82 0.9078 1.3196 1.339042 
925.5190 65.528 90.850 -0.01178 0.79389 -0.580 -0.69158 34.0000 21.82 0.8226 1.0414 1.339618 
925.1204 62.120 76.060 0.13869 0.55877 -0.192 -0.39187 34.0000 22.01 0.6485 0.8671 1.340195 
924.7218 69.313 66.081 0.15926 0.35907 -0.116 -0.44596 34.0000 21.66 0.6107 0.8187 1.340773 
924.3231 73.692 17.042 0.18578 0.05695 -0.058 -0.30366 34.0000 21.94 0.5572 0.7726 1.341351 
923.9243 61.007 296.351 0.17586 -0.35502 1.833 -0.24769 34.0000 22.07 0.6215 0.8249 1.341930 
923.5255 51.043 277.508 0.12384 -0.93956 3.186 -0.20294 34.0000 22.55 0.9138 1.2438 1.342510 
923.1265 72.453 180.979 -0.24039 -0.00411 0.108 -0.34217 34.0000 21.93 0.6847 0.8162 1.343090 
922.7275 67.387 43.901 0.14939 0.14376 0.063 -0.20570 34.0000 22.49 0.6372 0.7393 1.343671 
922.3283 46.078 43.490 0.33674 0.31945 2.608 -0.01747 34.0000 22.34 0.6245 0.8024 1.344252 
921.9291 38.816 21.358 0.57220 0.22376 0.000 0.13472 34.0000 22.64 0.7351 1.0094 1.344834 
921.5298 35.508 10.257 0.67449 0.12205 0.000 0.23581 34.0000 22.47 0.7586 1.0497 1.345417 
921.1305 34.401 5.171 0.73458 0.06648 0.000 0.28605 34.0000 22.13 0.8244 1.1523 1.346000 
920.7311 34.973 344.084 0.60376 -0.17216 0.000 0.22917 34.0000 22.60 0.7840 1.0634 1.346584 
920.3315 31.931 12.579 0.69162 0.15434 0.000 0.34774 34.0000 23.04 0.7157 0.9211 1.347169 
919.9319 37.623 40.904 0.61016 0.52861 0.000 0.21259 34.0000 22.58 0.7185 0.8757 1.347754 
919.5322 41.899 63.383 0.42082 0.83974 2.399 0.10207 34.0000 22.28 0.7970 0.8989 1.348340 
919.1324 45.539 84.839 0.10313 1.14179 2.656 -0.02158 34.0000 23.25 0.9449 1.0602 1.348926 
918.7326 40.280 65.265 0.42097 0.91376 11.270 0.16726 34.0000 22.86 0.8134 0.9205 1.349513 
918.3326 44.400 65.672 0.31794 0.70324 -6.943 0.01616 34.0000 23.18 0.8044 0.9144 1.350101 
917.9326 40.165 56.729 0.38548 0.58749 4.253 0.11974 34.0000 23.09 0.6243 0.7208 1.350689 
917.5325 17.218 5.644 0.44284 0.04376 2.796 0.64903 34.0000 22.80 0.5794 0.6866 1.351278 
917.1323 12.275 5.987 0.47606 0.04993 2.444 1.04796 34.0000 22.84 0.5989 0.7405 1.351868 
916.7321 15.460 271.964 0.03030 -0.88330 10.920 1.47562 34.0000 23.34 0.6529 0.7638 1.352458 
916.3317 12.003 351.209 1.29054 -0.19957 153.431 2.93228 34.0000 23.30 0.6973 0.8386 1.353049 
915.9313 22.193 71.587 0.28525 0.85683 7.771 0.92264 34.0000 23.40 0.6200 0.7859 1.353641 
915.5308 36.252 98.094 -0.15318 1.07707 6.553 0.34295 34.0000 23.61 0.6175 0.8941 1.354233 
915.1302 46.544 122.753 -0.46827 0.72791 3.746 -0.04671 34.0000 23.81 0.5988 0.9898 1.354826 
914.7295 60.676 132.995 -0.48499 0.52017 -0.016 -0.43330 34.0000 23.46 0.6177 1.0620 1.355419 
914.3287 68.558 125.446 -0.33430 0.46961 -0.039 -0.62069 34.0000 23.30 0.7269 1.1344 1.356013 
913.9279 70.866 128.743 -0.34323 0.42776 0.002 -0.69523 34.0000 23.43 0.6373 1.0639 1.356608 
913.5270 67.768 125.197 -0.21887 0.31031 -0.041 -0.38691 34.0000 23.44 0.5720 0.8204 1.357203 
913.1259 53.768 87.452 0.01385 0.31122 1.602 -0.09844 34.0000 23.86 0.5480 0.6343 1.357799 
912.7249 39.080 51.278 0.17400 0.21701 0.000 0.05831 34.0000 23.23 0.5413 0.5917 1.358396 
912.3237 26.025 8.129 0.31877 0.04553 3.182 0.25113 34.0000 23.63 0.5666 0.7431 1.358993 
911.9224 24.567 46.651 0.17533 0.18574 -0.365 0.22099 34.0000 24.18 0.5434 0.5763 1.359591 
911.5211 49.310 81.005 0.09213 0.58196 -0.326 -0.08932 34.0000 24.22 0.6601 0.7836 1.360190 
911.1196 40.619 357.511 5.09545 -0.22147 0.241 0.78606 34.0000 24.32 2.3826 4.8478 1.360789 
910.7181 31.487 203.063 -2.12800 -0.90603 0.081 1.17978 34.0000 24.23 1.1343 1.8682 1.361389 
910.3165 26.217 181.773 -2.73020 -0.08451 0.119 2.10101 34.0000 24.08 2.3192 4.6009 1.361990 
909.9149 36.490 158.079 -3.51423 1.41421 -0.091 1.15962 34.0000 24.17 2.5016 5.4802 1.362591 
909.5131 45.948 165.745 -3.50238 0.88982 0.795 -0.11966 34.0000 23.66 2.6743 5.8592 1.363193 
909.1113 55.191 171.838 -3.35687 0.48143 0.187 -1.25991 34.0000 23.96 2.7964 5.9062 1.363795 
908.7093 63.081 174.198 -3.04292 0.30919 0.039 -2.23536 34.0000 23.97 2.8935 5.8367 1.364399 
908.3073 67.942 174.247 -2.52297 0.25418 0.054 -2.61517 34.0000 23.82 2.8624 5.6008 1.365003 
907.9052 71.004 168.836 -2.51244 0.49586 -0.001 -3.27877 34.0000 23.94 2.8545 5.4233 1.365607 
907.5031 78.553 156.250 -2.83793 1.24870 -1.820 -7.34229 34.0000 24.18 3.5911 5.6416 1.366212 
907.1008 58.544 159.447 -1.76448 0.66156 -0.008 -0.96381 34.0000 23.97 1.9859 4.2289 1.366818 
906.6984 19.842 152.385 -1.42026 0.74298 -0.014 1.93179 34.0000 24.18 2.3602 4.2403 1.367425 
906.2960 10.710 142.296 -1.20177 0.92897 -0.053 3.87206 34.0000 23.93 3.6651 5.1189 1.368032 
905.8935 13.165 123.435 -1.23183 1.86571 -0.772 4.51748 34.0000 24.32 3.6589 4.9811 1.368640 
905.4909 9.389 129.040 -0.98037 1.20893 0.010 4.57795 34.0000 23.92 3.5292 4.5740 1.369248 
905.0883 6.726 120.536 -0.49712 0.84274 2.893 4.09076 34.0000 24.04 3.2560 3.9056 1.369857 
904.6855 3.961 71.272 0.14627 0.43144 1.491 3.27419 34.0000 24.68 2.5754 2.7822 1.370467 
904.2826 14.432 6.410 1.02911 0.11561 -0.020 1.87875 34.0000 24.51 1.9471 2.5954 1.371078 
903.8797 21.388 190.708 -0.79279 -0.14992 -0.005 0.87207 34.0000 24.86 1.3380 1.5520 1.371689 
903.4767 85.735 76.907 0.05641 0.24255 3.768 -1.66044 34.0000 24.77 1.4950 1.6034 1.372301 
903.0736 86.948 357.237 0.06126 -0.00296 0.279 -0.57356 34.0000 24.63 0.8267 1.1437 1.372913 
902.6704 85.822 298.567 0.06952 -0.12768 0.032 -0.98970 34.0000 24.73 1.0476 1.6291 1.373527 
902.2672 83.099 287.590 0.10908 -0.34408 0.216 -1.46937 34.0000 24.80 1.2301 1.9896 1.374140 
901.8638 81.311 282.734 0.14877 -0.65828 26.622 -2.15640 34.0000 24.70 1.3959 2.1359 1.374755 
901.4604 83.936 279.990 0.08352 -0.47416 -0.057 -2.24050 34.0000 24.63 1.4437 2.0627 1.375370 
901.0569 80.106 279.771 0.12415 -0.72091 -0.086 -2.03318 34.0000 24.87 1.3133 1.8431 1.375986 
900.6533 71.274 221.961 -0.86838 -0.78082 -2.269 -1.52457 34.0000 24.78 1.5827 2.3921 1.376603 
900.2496 72.060 32.544 0.47843 0.30531 -0.656 -0.78464 34.0000 24.79 0.7408 1.1275 1.377220 
899.8458 41.812 39.498 1.84297 1.51914 0.433 0.26688 34.0000 24.40 1.4446 2.1680 1.377838 
899.4420 46.920 23.158 4.38585 1.87595 0.504 -0.32011 34.0000 24.98 1.7594 2.8693 1.378457 
899.0380 45.213 21.656 7.33199 2.91122 -0.542 -0.05878 34.0000 25.12 2.0720 3.4210 1.379076 
898.6340 43.815 20.379 11.33748 4.21169 0.255 0.50056 34.0000 24.94 2.1675 3.5978 1.379696 
898.2299 43.203 11.288 16.39629 3.27259 -0.940 1.04992 34.0000 24.98 1.8641 3.3214 1.380317 
897.8257 44.046 24.924 7.43958 3.45719 -1.608 0.27331 34.0000 25.27 1.7479 2.8598 1.380938 
897.4214 46.112 46.766 2.20530 2.34565 0.321 -0.12505 34.0000 25.76 1.4878 2.1409 1.381560 
897.0171 54.198 79.523 0.26177 1.41550 0.055 -0.47874 34.0000 25.33 1.1091 1.3595 1.382183 
896.6127 56.795 136.549 -0.87084 0.82499 0.042 -0.52385 34.0000 24.95 1.1604 1.8750 1.382807 
896.2081 53.296 95.356 -0.16119 1.71941 0.022 -0.51459 34.0000 25.27 1.3168 1.4826 1.383431 
895.8035 49.136 87.258 0.06868 1.43386 0.056 -0.20871 34.0000 24.93 1.2288 1.5216 1.384056 
895.3989 45.222 79.635 0.19796 1.08235 0.024 -0.00854 34.0000 25.16 1.0114 1.6743 1.384681 
894.9941 39.356 69.223 0.29129 0.76775 42.554 0.16391 34.0000 25.53 0.8801 1.8422 1.385307 
894.5892 29.369 44.503 0.35028 0.34426 2.264 0.29818 34.0000 25.78 0.7684 1.8986 1.385934 
894.1843 23.895 335.524 0.37072 -0.16876 0.000 0.36947 34.0000 25.30 0.8569 1.8841 1.386562 
893.7792 20.153 20.723 0.32506 0.12298 0.003 0.40971 34.0000 25.45 0.7520 2.0101 1.387190 
893.3741 17.402 6.761 0.33559 0.03979 3.427 0.48617 34.0000 25.49 0.6861 1.6631 1.387819 
892.9689 18.663 333.686 0.37935 -0.18760 -11.392 0.55499 34.0000 25.74 0.6079 1.1660 1.388449 
892.5637 36.124 292.146 0.09027 -0.22180 -1.404 0.07666 34.0000 25.68 0.5551 0.6423 1.389079 
892.1583 69.004 225.038 -0.25696 -0.25731 0.610 -0.40398 34.0000 26.24 0.6597 0.9186 1.389711 
891.7528 13.458 36.262 0.09576 0.07024 1.323 0.23391 34.0000 25.63 0.6303 0.7858 1.390343 
891.3473 28.080 62.440 0.09965 0.19094 -0.742 0.14440 34.0000 26.21 0.6380 0.9364 1.390975 
890.9417 41.979 72.409 0.09656 0.30458 1.617 0.03383 34.0000 25.74 0.6578 1.0185 1.391608 
890.5359 49.129 75.957 0.07660 0.30626 0.000 -0.04582 34.0000 25.69 0.6388 0.9917 1.392242 
890.1302 56.138 79.264 0.04779 0.25203 0.030 -0.10508 34.0000 26.17 0.5903 0.9302 1.392877 
889.7243 62.972 205.896 -0.43773 -0.21252 0.000 -0.35281 34.0000 25.64 0.6100 1.0254 1.393512 
889.3184 47.200 42.039 0.16239 0.14641 0.000 -0.01682 34.0000 25.86 0.5382 0.6355 1.394148 
888.9123 39.124 36.217 0.50769 0.37181 2.476 0.13091 34.0000 25.79 0.6794 0.8229 1.394785 
888.5062 43.980 45.440 0.52720 0.53536 -2.949 0.02675 34.0000 26.38 0.8350 1.1982 1.395423 
888.1000 39.073 48.832 0.58583 0.66994 -107.694 0.18678 34.0000 25.98 1.0473 1.3603 1.396061 
887.6937 40.573 51.559 0.59988 0.75575 2.840 0.15029 34.0000 26.35 1.1287 1.4723 1.396700 
887.2873 42.143 51.946 0.57499 0.73452 -244.132 0.09332 34.0000 26.59 1.0958 1.4241 1.397340 
886.8808 46.663 54.655 0.50650 0.71417 3.412 -0.05087 34.0000 26.00 1.0244 1.2674 1.397980 
886.4743 46.958 55.538 0.36433 0.53086 3.869 -0.04408 34.0000 26.39 0.7456 0.9109 1.398621 
886.0676 56.265 71.351 0.11307 0.33502 4.080 -0.14667 34.0000 26.11 0.5613 0.6172 1.399263 
885.6609 72.912 341.299 0.09660 -0.03270 2.103 -0.15021 34.0000 26.30 0.5579 0.6230 1.399906 
885.2541 58.508 86.383 0.01975 0.31240 0.098 -0.15961 34.0000 26.49 0.5401 0.6164 1.400549 
884.8472 59.065 90.337 -0.00184 0.31195 0.018 -0.16678 34.0000 26.35 0.5326 0.6125 1.401193 
884.4402 66.198 0.016 0.88247 0.00024 99.378 -0.80571 34.0000 26.56 1084.1857 2235.7371 1.401838 
884.0332 66.122 359.484 0.89866 -0.00810 2.622 -0.81616 34.0000 26.86 52.1596 107.6960 1.402483 
883.6260 66.189 359.961 0.88436 -0.00060 0.000 -0.80691 34.0000 26.67 671.6641 1385.2643 1.403130 
883.2188 66.192 359.971 0.88390 -0.00045 0.000 -0.80667 34.0000 26.99 999.4499 2061.1936 1.403777 
882.8115 66.015 358.141 0.89422 -0.02903 0.000 -0.80642 34.0000 26.80 1162.2021 2393.6108 1.404424 
882.4041 66.232 0.444 0.88133 0.00683 0.076 -0.80658 34.0000 26.92 1222.9781 2521.8718 1.405073 
881.9966 66.379 2.185 0.87179 0.03326 0.064 -0.80670 34.0000 26.81 1231.6754 2535.6558 1.405722 
881.5890 66.483 3.537 0.86454 0.05344 0.063 -0.80676 34.0000 26.89 1208.0632 2480.3643 1.406372 
881.1813 66.552 4.508 0.85940 0.06775 0.044 -0.80682 34.0000 26.72 1165.9200 2387.5105 1.407023 
880.7736 66.568 4.760 0.85814 0.07146 0.265 -0.80682 34.0000 27.18 1174.7108 2403.6414 1.407674 
880.3658 66.536 4.247 0.86078 0.06392 0.000 -0.80693 34.0000 26.61 1235.3551 2531.7375 1.408326 
879.9579 66.475 3.380 0.86536 0.05111 -0.050 -0.80695 34.0000 26.86 1281.4259 2632.3208 1.408979 
879.5499 66.370 2.044 0.87267 0.03114 0.043 -0.80694 34.0000 26.77 1303.4208 2684.1179 1.409632 
879.1418 66.227 0.344 0.88212 0.00530 0.267 -0.80701 34.0000 26.98 1284.1078 2648.2827 1.410287 
878.7336 66.011 358.079 0.89523 -0.03003 -0.010 -0.80715 34.0000 26.88 1192.8057 2457.0325 1.410942 
878.3253 66.179 359.812 0.88559 -0.00290 -1.181 -0.80746 34.0000 27.20 961.6021 1983.4742 1.411598 
877.9170 66.162 359.619 0.88808 -0.00591 3.508 -0.80878 34.0000 27.07 495.1643 1021.6209 1.412254 
877.5085 66.236 0.442 0.87723 0.00677 246.914 -0.80307 34.0000 27.23 407.1204 839.0323 1.412912 
877.1000 42.432 115.105 -0.69762 1.48892 4.546 0.14777 34.0000 27.48 1.8959 2.2072 1.413570 
876.6915 42.321 117.734 -0.47387 0.90129 2.890 0.09550 34.0000 27.27 1.2611 1.5146 1.414228 
876.2828 47.050 100.257 -0.05146 0.28439 -0.083 -0.02072 34.0000 27.35 0.6620 0.8546 1.414888 
875.8740 56.505 314.379 1.40885 -1.43973 0.408 -0.85550 34.0000 27.86 1.1738 1.5770 1.415548 
875.4651 51.726 41.670 0.25193 0.22423 0.063 -0.08068 34.0000 27.93 0.5652 0.6689 1.416209 
875.0562 47.854 52.274 0.15448 0.19969 0.174 -0.02524 34.0000 27.93 0.5311 0.5706 1.416871 
874.6472 42.010 90.192 -0.00107 0.32113 6.574 0.03364 34.0000 27.44 0.5385 0.6273 1.417534 
874.2380 52.653 91.581 -0.00806 0.29198 0.000 -0.07994 34.0000 27.85 0.5313 0.7385 1.418197 
873.8289 53.961 95.670 -0.03936 0.39640 2.173 -0.12883 34.0000 27.47 0.5428 0.8194 1.418861 
873.4196 61.177 93.504 -0.02899 0.47336 2.466 -0.30042 34.0000 28.34 0.5844 0.8736 1.419526 
873.0102 55.914 92.863 -0.02401 0.48011 0.739 -0.19254 34.0000 28.01 0.5727 0.8405 1.420192 
872.6007 53.916 92.943 -0.02335 0.45418 -0.101 -0.14629 34.0000 27.71 0.5599 0.7587 1.420858 
872.1912 53.744 82.863 0.07227 0.57722 -0.169 -0.18329 34.0000 28.17 0.6244 0.7667 1.421525 
871.7816 51.486 82.537 0.05871 0.44820 -0.083 -0.10412 34.0000 27.32 0.5907 0.6142 1.422193 
871.3718 54.272 74.488 0.10216 0.36808 3.111 -0.12815 34.0000 28.56 0.6062 0.7204 1.422862 
870.9620 76.464 96.647 -0.01431 0.12283 -0.149 -0.24193 34.0000 28.32 0.5415 0.5835 1.423532 
870.5521 81.822 208.387 -0.08003 -0.04325 2.978 -0.30998 34.0000 28.37 0.5408 0.5971 1.424202 
870.1422 80.158 205.630 -0.08509 -0.04082 2.640 -0.26381 34.0000 28.53 0.5345 0.5966 1.424873 
869.7321 77.591 110.474 -0.04207 0.11269 0.040 -0.26011 34.0000 28.31 0.5459 0.6026 1.425545 
869.3219 71.714 88.398 0.00694 0.24806 1.988 -0.33448 34.0000 28.41 0.6047 0.6519 1.426217 
868.9117 62.946 80.641 0.06465 0.39228 2.798 -0.28770 34.0000 28.55 0.6306 0.6630 1.426891 
868.5013 58.623 76.878 0.11972 0.51357 -0.017 -0.27155 34.0000 28.53 0.6971 0.7149 1.427565 
868.0909 55.927 74.994 0.17103 0.63803 1.884 -0.26493 34.0000 28.83 0.8083 0.8300 1.428240 
867.6805 55.955 75.655 0.15577 0.60908 -0.036 -0.25284 34.0000 28.59 0.7911 0.8030 1.428915 
867.2699 57.212 75.263 0.13824 0.52554 2.465 -0.24677 34.0000 28.91 0.7020 0.7136 1.429592 
866.8592 57.216 74.843 0.13607 0.50231 2.479 -0.23643 34.0000 29.09 0.6707 0.6780 1.430269 
866.4485 54.407 73.298 0.14194 0.47306 -0.291 -0.16827 34.0000 28.61 0.6245 0.6305 1.430947 
866.0376 54.438 69.450 0.19633 0.52373 1.618 -0.19124 34.0000 28.62 0.6404 0.6463 1.431626 
865.6267 49.962 73.411 0.16477 0.55309 1.901 -0.10098 34.0000 29.53 0.6339 0.6412 1.432306 
865.2157 50.217 76.118 0.12661 0.51229 -0.016 -0.09718 34.0000 28.84 0.6158 0.6332 1.432986 
864.8046 50.618 78.616 0.10689 0.53089 1.915 -0.10759 34.0000 29.03 0.6292 0.6557 1.433667 
864.3934 50.300 80.851 0.08337 0.51764 1.735 -0.09812 34.0000 29.26 0.6307 0.6736 1.434349 
863.9821 50.826 84.535 0.05553 0.58042 2.469 -0.12023 34.0000 28.93 0.6635 0.7235 1.435032 
863.5707 49.506 82.996 0.06564 0.53427 -3.263 -0.08538 34.0000 29.40 0.6437 0.6970 1.435716 
863.1593 48.829 84.059 0.04087 0.39274 2.327 -0.05309 34.0000 29.52 0.5745 0.6230 1.436400 
862.7477 45.970 78.520 0.09210 0.45350 1.762 -0.01567 34.0000 29.79 0.5960 0.6280 1.437085 
862.3361 45.745 73.376 0.13707 0.45911 -0.007 -0.01246 34.0000 29.31 0.5994 0.6200 1.437771 
861.9244 49.850 69.149 0.17909 0.47020 1.901 -0.08600 34.0000 29.60 0.6201 0.6392 1.438458 
861.5126 46.865 72.441 0.15567 0.49195 -2.340 -0.03364 34.0000 29.69 0.6203 0.6372 1.439145 
861.1008 44.948 73.912 0.10628 0.36849 1.702 0.00069 34.0000 29.82 0.5688 0.5796 1.439834 
860.6888 44.353 74.973 0.08866 0.33024 1.738 0.00772 34.0000 30.06 0.5548 0.5687 1.440523 
860.2767 45.915 74.889 0.09664 0.35787 1.788 -0.01184 34.0000 29.54 0.5572 0.5760 1.441213 
859.8646 46.607 78.116 0.08182 0.38882 -0.005 -0.02231 34.0000 29.77 0.5623 0.5858 1.441904 
859.4523 45.450 71.477 0.11505 0.34337 1.679 -0.00569 34.0000 30.15 0.5520 0.5710 1.442595 
859.0400 47.786 70.016 0.13248 0.36430 6.152 -0.03782 34.0000 30.00 0.5603 0.5741 1.443288 
858.6276 49.755 69.740 0.14776 0.40031 1.597 -0.07149 34.0000 30.64 0.5687 0.5785 1.443981 
858.2151 50.953 71.370 0.14929 0.44284 1.722 -0.09853 34.0000 30.65 0.5897 0.5959 1.444675 
857.8026 50.231 74.657 0.14722 0.53657 1.992 -0.10274 34.0000 30.23 0.6387 0.6429 1.445370 
857.3899 49.821 76.380 0.14548 0.60042 1.781 -0.10496 34.0000 30.41 0.6748 0.6785 1.446065 
856.9771 50.831 75.687 0.14311 0.56093 1.753 -0.11949 34.0000 29.77 0.6679 0.6720 1.446762 
856.5643 52.085 75.560 0.13883 0.53913 1.635 -0.14055 34.0000 30.09 0.6697 0.6741 1.447459 
856.1514 51.598 75.934 0.13889 0.55436 0.003 -0.13400 34.0000 30.69 0.6877 0.6925 1.448157 
855.7383 53.044 76.239 0.12702 0.51868 2.111 -0.15401 34.0000 30.77 0.6796 0.6865 1.448856 
855.3253 53.499 76.504 0.13186 0.54940 1.922 -0.17272 34.0000 30.63 0.7049 0.7138 1.449556 
854.9120 52.539 75.589 0.14789 0.57556 2.839 -0.16010 34.0000 30.23 0.7165 0.7233 1.450257 
854.4988 52.918 74.426 0.15455 0.55450 1.942 -0.16329 34.0000 30.60 0.6822 0.6893 1.450958 
854.0854 52.474 74.877 0.15363 0.56847 2.165 -0.15722 34.0000 30.51 0.6867 0.6949 1.451660 
853.6719 50.980 74.336 0.17065 0.60855 2.128 -0.13388 34.0000 30.95 0.7051 0.7126 1.452364 
853.2584 50.043 73.650 0.17980 0.61291 1.778 -0.11362 34.0000 30.72 0.6927 0.6972 1.453067 
852.8448 49.295 72.858 0.18456 0.59833 1.561 -0.09458 34.0000 30.79 0.6870 0.6919 1.453772 
852.4311 50.388 72.377 0.17463 0.54974 2.098 -0.10978 34.0000 30.57 0.6701 0.6760 1.454478 
852.0173 50.712 72.965 0.17816 0.58147 1.668 -0.12289 34.0000 30.93 0.6964 0.7020 1.455184 
851.6034 52.318 72.291 0.17187 0.53826 1.656 -0.14757 34.0000 30.75 0.6790 0.6863 1.455891 
851.1894 52.511 72.186 0.17878 0.55637 1.633 -0.15682 34.0000 30.55 0.6826 0.6901 1.456599 
850.7753 50.942 72.793 0.19029 0.61447 2.073 -0.13537 34.0000 30.82 0.7003 0.7050 1.457308 
850.3612 50.563 71.781 0.18488 0.56169 2.367 -0.11629 34.0000 30.81 0.6621 0.6678 1.458018 
849.9470 50.363 72.349 0.18644 0.58593 1.515 -0.11647 34.0000 30.75 0.6726 0.6779 1.458728 
849.5326 50.255 73.233 0.18931 0.62832 2.253 -0.12175 34.0000 30.69 0.7040 0.7084 1.459440 
849.1182 50.037 73.384 0.19463 0.65222 1.579 -0.12093 34.0000 31.15 0.7200 0.7237 1.460152 
848.7037 49.457 73.330 0.19714 0.65838 1.622 -0.10779 34.0000 31.13 0.7191 0.7223 1.460865 
848.2891 49.154 73.586 0.19396 0.65840 1.813 -0.10023 34.0000 31.08 0.7159 0.7189 1.461579 
847.8744 48.897 73.133 0.19416 0.64039 1.665 -0.09160 34.0000 31.46 0.7048 0.7077 1.462294 
847.4597 48.365 72.938 0.19955 0.65017 1.664 -0.08025 34.0000 31.65 0.7093 0.7117 1.463010 
847.0448 48.502 72.773 0.20138 0.64946 1.559 -0.08354 34.0000 31.94 0.7071 0.7095 1.463726 
846.6298 48.102 72.616 0.20356 0.65018 1.619 -0.07406 34.0000 31.95 0.7052 0.7077 1.464444 
846.2148 47.329 72.190 0.21123 0.65753 1.467 -0.05627 34.0000 31.61 0.7072 0.7096 1.465162 
845.7997 47.943 71.809 0.21824 0.66415 1.587 -0.07206 34.0000 31.84 0.7081 0.7106 1.465881 
845.3845 48.202 71.838 0.22016 0.67110 1.540 -0.07928 34.0000 31.55 0.7140 0.7165 1.466601 
844.9692 47.781 71.725 0.22217 0.67278 1.630 -0.06899 34.0000 31.71 0.7143 0.7169 1.467322 
844.5538 47.924 71.802 0.22594 0.68727 1.779 -0.07409 34.0000 31.45 0.7220 0.7247 1.468044 
844.1383 47.753 71.725 0.22742 0.68868 1.431 -0.06991 34.0000 31.65 0.7214 0.7244 1.468766 
843.7227 46.765 71.827 0.22850 0.69610 1.598 -0.04519 34.0000 32.23 0.7255 0.7287 1.469490 
843.3071 46.166 71.489 0.23450 0.70038 1.289 -0.03008 34.0000 32.07 0.7206 0.7239 1.470214 
842.8914 45.516 71.347 0.23672 0.70123 1.616 -0.01334 34.0000 32.32 0.7193 0.7226 1.470939 
842.4755 45.512 71.652 0.23627 0.71241 1.514 -0.01341 34.0000 32.30 0.7336 0.7371 1.471665 
842.0596 45.235 71.930 0.23590 0.72302 1.562 -0.00624 34.0000 32.33 0.7431 0.7463 1.472392 
841.6436 45.213 71.969 0.23724 0.72882 1.489 -0.00569 34.0000 32.53 0.7477 0.7509 1.473120 
841.2275 45.524 71.908 0.24003 0.73475 1.354 -0.01413 34.0000 32.32 0.7495 0.7527 1.473849 
840.8113 46.004 71.666 0.24244 0.73162 1.358 -0.02702 34.0000 32.72 0.7501 0.7536 1.474578 
840.3951 46.313 71.877 0.24125 0.73710 1.409 -0.03556 34.0000 32.76 0.7620 0.7655 1.475308 
839.9787 46.189 71.812 0.24140 0.73474 1.507 -0.03213 34.0000 32.45 0.7648 0.7685 1.476040 
839.5623 45.656 71.818 0.24177 0.73612 1.519 -0.01775 34.0000 32.82 0.7641 0.7678 1.476772 
839.1457 46.017 71.640 0.24266 0.73117 1.796 -0.02737 34.0000 32.76 0.7687 0.7725 1.477505 
838.7291 46.045 71.391 0.24441 0.72589 1.500 -0.02795 34.0000 32.81 0.7683 0.7721 1.478239 
838.3124 46.259 71.391 0.24505 0.72776 1.431 -0.03376 34.0000 32.98 0.7699 0.7735 1.478974 
837.8956 46.743 71.254 0.24706 0.72797 1.462 -0.04684 34.0000 33.40 0.7724 0.7762 1.479709 
837.4787 46.826 71.074 0.25104 0.73213 1.555 -0.04941 34.0000 33.44 0.7695 0.7732 1.480446 
837.0617 46.516 70.863 0.25461 0.73372 1.921 -0.04115 34.0000 33.10 0.7699 0.7734 1.481183 
836.6447 46.145 70.854 0.25823 0.74381 1.585 -0.03149 34.0000 33.36 0.7707 0.7742 1.481922 
836.2275 45.977 70.715 0.26064 0.74487 1.507 -0.02693 34.0000 33.78 0.7708 0.7743 1.482661 
835.8102 45.891 70.552 0.26421 0.74828 1.482 -0.02470 34.0000 33.79 0.7711 0.7745 1.483401 
835.3929 45.887 70.525 0.26427 0.74732 1.487 -0.02455 34.0000 33.64 0.7761 0.7796 1.484142 
834.9755 45.913 70.420 0.26581 0.74732 1.413 -0.02529 34.0000 34.06 0.7774 0.7809 1.484884 
834.5579 45.669 70.395 0.26789 0.75213 1.405 -0.01864 34.0000 33.89 0.7789 0.7822 1.485627 
834.1403 45.619 70.388 0.26731 0.75022 1.506 -0.01722 34.0000 33.96 0.7787 0.7819 1.486371 
833.7227 45.539 70.333 0.26877 0.75198 1.337 -0.01503 34.0000 34.03 0.7790 0.7821 1.487115 
833.3049 45.470 70.249 0.27043 0.75318 1.456 -0.01313 34.0000 34.32 0.7793 0.7823 1.487861 
832.8870 45.328 70.127 0.27317 0.75572 1.386 -0.00921 34.0000 33.85 0.7796 0.7824 1.488608 
832.4691 45.420 70.112 0.27209 0.75212 1.485 -0.01173 34.0000 34.47 0.7791 0.7820 1.489355 
832.0510 45.279 70.045 0.27445 0.75591 1.541 -0.00783 34.0000 34.83 0.7802 0.7831 1.490103 
831.6329 45.237 70.035 0.27560 0.75866 1.495 -0.00667 34.0000 34.40 0.7809 0.7837 1.490852 
831.2146 45.368 69.890 0.27712 0.75686 1.346 -0.01037 34.0000 35.06 0.7818 0.7846 1.491603 
830.7963 45.276 69.815 0.27985 0.76124 1.522 -0.00781 34.0000 34.97 0.7833 0.7861 1.492354 
830.3779 45.303 69.708 0.28244 0.76386 1.391 -0.00861 34.0000 34.85 0.7862 0.7888 1.493106 
829.9594 45.297 69.716 0.28295 0.76558 1.400 -0.00846 34.0000 35.91 0.7894 0.7920 1.493858 
829.5408 45.249 69.619 0.28568 0.76893 1.445 -0.00714 34.0000 35.40 0.7914 0.7939 1.494612 
829.1221 45.311 69.584 0.28572 0.76760 1.372 -0.00890 34.0000 34.97 0.7924 0.7949 1.495367 
828.7034 45.323 69.520 0.28713 0.76878 1.452 -0.00926 34.0000 35.56 0.7933 0.7959 1.496123 
828.2845 45.312 69.518 0.28681 0.76784 1.511 -0.00893 34.0000 35.96 0.7933 0.7958 1.496879 
827.8656 45.273 69.432 0.28947 0.77144 1.419 -0.00785 34.0000 35.14 0.7947 0.7972 1.497637 
827.4465 45.286 69.422 0.28976 0.77179 1.455 -0.00822 34.0000 36.00 0.7961 0.7986 1.498395 
827.0275 45.282 69.391 0.29071 0.77304 1.435 -0.00812 34.0000 35.93 0.7982 0.8006 1.499154 
826.6082 45.224 69.363 0.29192 0.77512 1.385 -0.00646 34.0000 35.89 0.7989 0.8013 1.499915 
826.1889 45.157 69.323 0.29366 0.77807 1.503 -0.00456 34.0000 36.33 0.8016 0.8040 1.500676 
825.7695 45.130 69.305 0.29417 0.77870 1.495 -0.00377 34.0000 36.68 0.8033 0.8056 1.501438 
825.3500 45.106 69.318 0.29431 0.77961 1.524 -0.00309 34.0000 36.40 0.8051 0.8073 1.502201 
824.9305 45.106 69.333 0.29437 0.78039 1.388 -0.00308 34.0000 36.00 0.8067 0.8088 1.502965 
824.5108 45.100 69.293 0.29580 0.78251 1.342 -0.00292 34.0000 35.94 0.8079 0.8100 1.503730 
824.0911 45.005 69.269 0.29709 0.78493 1.399 -0.00015 34.0000 36.30 0.8096 0.8117 1.504496 
823.6713 44.933 69.220 0.29848 0.78656 1.460 0.00197 34.0000 36.75 0.8109 0.8130 1.505263 
823.2513 44.900 69.227 0.29900 0.78826 1.435 0.00295 34.0000 36.20 0.8127 0.8147 1.506031 
822.8313 44.880 69.223 0.29938 0.78909 1.469 0.00352 34.0000 36.39 0.8130 0.8149 1.506800 
822.4112 44.806 69.236 0.30062 0.79288 1.472 0.00574 34.0000 36.77 0.8156 0.8175 1.507569 
821.9910 44.827 69.268 0.30060 0.79417 1.364 0.00513 34.0000 36.63 0.8177 0.8196 1.508340 
821.5707 44.783 69.261 0.30083 0.79450 1.378 0.00645 34.0000 37.01 0.8179 0.8198 1.509112 
821.1503 44.701 69.261 0.30159 0.79652 1.410 0.00890 34.0000 37.56 0.8186 0.8204 1.509884 
820.7299 44.601 69.254 0.30343 0.80105 1.469 0.01193 34.0000 37.63 0.8213 0.8231 1.510658 
820.3093 44.574 69.263 0.30409 0.80318 1.380 0.01277 34.0000 37.42 0.8236 0.8253 1.511432 
819.8886 44.667 69.252 0.30367 0.80162 1.365 0.00998 34.0000 37.39 0.8235 0.8253 1.512208 
819.4679 44.650 69.229 0.30458 0.80304 1.371 0.01050 34.0000 38.12 0.8246 0.8264 1.512984 
819.0471 44.615 69.238 0.30548 0.80580 1.420 0.01159 34.0000 37.69 0.8266 0.8285 1.513761 
818.6262 44.578 69.215 0.30673 0.80810 1.426 0.01274 34.0000 38.60 0.8281 0.8299 1.514540 
818.2051 44.563 69.180 0.30772 0.80922 1.404 0.01320 34.0000 37.73 0.8291 0.8308 1.515319 
817.7841 44.512 69.160 0.30885 0.81132 1.265 0.01479 34.0000 37.96 0.8298 0.8315 1.516099 
817.3629 44.468 69.169 0.30909 0.81235 1.335 0.01613 34.0000 38.30 0.8301 0.8317 1.516881 
816.9416 44.444 69.189 0.30973 0.81491 1.324 0.01691 34.0000 38.03 0.8324 0.8341 1.517663 
816.5202 44.360 69.169 0.31124 0.81803 1.353 0.01955 34.0000 38.32 0.8341 0.8359 1.518446 
816.0988 44.295 69.177 0.31228 0.82110 1.334 0.02162 34.0000 38.65 0.8358 0.8375 1.519230 
815.6772 44.252 69.129 0.31413 0.82386 1.367 0.02302 34.0000 38.49 0.8378 0.8394 1.520015 
815.2556 44.260 69.128 0.31409 0.82371 1.345 0.02277 34.0000 38.33 0.8383 0.8400 1.520801 
814.8338 44.231 69.137 0.31475 0.82586 1.278 0.02374 34.0000 38.24 0.8400 0.8417 1.521589 
814.4120 44.180 69.114 0.31602 0.82817 1.373 0.02538 34.0000 38.98 0.8416 0.8433 1.522377 
813.9901 44.113 69.145 0.31650 0.83078 1.330 0.02752 34.0000 39.55 0.8434 0.8451 1.523166 
813.5681 44.144 69.168 0.31627 0.83116 1.333 0.02657 34.0000 39.09 0.8448 0.8466 1.523956 
813.1460 44.115 69.132 0.31713 0.83185 1.295 0.02750 34.0000 39.06 0.8449 0.8466 1.524747 
812.7238 44.084 69.137 0.31745 0.83292 1.411 0.02853 34.0000 39.42 0.8454 0.8472 1.525539 
812.3015 44.041 69.089 0.31977 0.83691 1.363 0.03001 34.0000 39.70 0.8489 0.8507 1.526332 
811.8792 43.982 69.123 0.31921 0.83695 1.335 0.03185 34.0000 40.10 0.8483 0.8502 1.527126 
811.4567 43.970 69.119 0.31969 0.83803 1.321 0.03226 34.0000 40.17 0.8498 0.8517 1.527921 
811.0341 43.992 69.105 0.31980 0.83771 1.251 0.03155 34.0000 39.44 0.8499 0.8517 1.528717 
810.6115 43.943 69.154 0.31972 0.83965 1.339 0.03317 34.0000 40.04 0.8510 0.8528 1.529514 
810.1888 43.914 69.119 0.32060 0.84039 1.284 0.03411 34.0000 39.36 0.8511 0.8528 1.530312 
809.7659 43.924 69.073 0.32165 0.84115 1.279 0.03385 34.0000 40.42 0.8521 0.8538 1.531111 
809.3430 43.930 69.046 0.32229 0.84162 1.248 0.03367 34.0000 40.55 0.8526 0.8543 1.531912 
808.9200 43.939 68.969 0.32361 0.84167 1.324 0.03342 34.0000 40.24 0.8532 0.8549 1.532713 
808.4969 43.950 68.916 0.32461 0.84192 1.332 0.03309 34.0000 40.90 0.8538 0.8554 1.533515 
808.0737 43.988 68.880 0.32486 0.84102 1.362 0.03185 34.0000 40.70 0.8535 0.8552 1.534318 
807.6505 43.964 68.885 0.32526 0.84230 1.382 0.03265 34.0000 40.82 0.8546 0.8562 1.535122 
807.2271 43.935 68.881 0.32567 0.84315 1.300 0.03362 34.0000 40.81 0.8546 0.8563 1.535927 
806.8036 43.956 68.816 0.32695 0.84364 1.285 0.03297 34.0000 41.51 0.8554 0.8570 1.536733 
806.3801 43.983 68.782 0.32763 0.84389 1.290 0.03216 34.0000 40.76 0.8555 0.8571 1.537540 
805.9564 44.015 68.741 0.32831 0.84386 1.247 0.03113 34.0000 41.44 0.8562 0.8578 1.538349 
805.5327 44.053 68.700 0.32885 0.84344 1.273 0.02994 34.0000 41.30 0.8570 0.8585 1.539158 
805.1089 44.102 68.640 0.32963 0.84283 1.249 0.02838 34.0000 40.93 0.8574 0.8589 1.539968 
804.6850 44.103 68.625 0.33036 0.84404 1.290 0.02839 34.0000 41.32 0.8593 0.8609 1.540779 
804.2610 44.105 68.591 0.33093 0.84406 1.284 0.02834 34.0000 41.99 0.8592 0.8607 1.541591 
803.8369 44.115 68.558 0.33171 0.84462 1.261 0.02806 34.0000 41.29 0.8599 0.8614 1.542405 
803.4127 44.149 68.534 0.33216 0.84469 1.306 0.02697 34.0000 41.45 0.8610 0.8626 1.543219 
802.9884 44.162 68.516 0.33256 0.84495 1.354 0.02658 34.0000 41.63 0.8616 0.8631 1.544035 
802.5640 44.148 68.496 0.33342 0.84625 1.257 0.02706 34.0000 41.67 0.8628 0.8644 1.544851 
802.1396 44.146 68.471 0.33370 0.84590 1.301 0.02710 34.0000 42.45 0.8621 0.8636 1.545669 
801.7150 44.156 68.481 0.33359 0.84606 1.299 0.02682 34.0000 42.53 0.8624 0.8640 1.546487 
801.2903 44.202 68.433 0.33429 0.84577 1.283 0.02535 34.0000 42.28 0.8629 0.8644 1.547307 
800.8657 44.220 68.443 0.33399 0.84540 1.293 0.02475 34.0000 41.84 0.8629 0.8644 1.548127 
800.4408 44.224 68.415 0.33408 0.84444 1.327 0.02461 34.0000 41.89 0.8622 0.8636 1.548949 
800.0159 44.234 68.419 0.33416 0.84481 1.261 0.02429 34.0000 42.50 0.8626 0.8640 1.549772 
799.5909 44.245 68.379 0.33482 0.84477 1.240 0.02396 34.0000 42.38 0.8622 0.8636 1.550595 
799.1658 44.235 68.374 0.33544 0.84609 1.258 0.02433 34.0000 42.31 0.8632 0.8646 1.551420 
798.7406 44.224 68.325 0.33677 0.84733 1.290 0.02470 34.0000 42.52 0.8642 0.8656 1.552246 
798.3153 44.254 68.309 0.33720 0.84772 1.301 0.02376 34.0000 42.45 0.8652 0.8666 1.553073 
797.8899 44.275 68.263 0.33840 0.84877 1.281 0.02313 34.0000 43.27 0.8672 0.8686 1.553901 
797.4644 44.262 68.259 0.33886 0.84972 1.289 0.02357 34.0000 43.22 0.8680 0.8694 1.554730 
797.0389 44.257 68.213 0.34014 0.85097 1.301 0.02378 34.0000 43.13 0.8689 0.8704 1.555560 
796.6132 44.235 68.179 0.34129 0.85237 1.327 0.02451 34.0000 42.79 0.8699 0.8714 1.556391 
796.1875 44.250 68.152 0.34142 0.85155 1.272 0.02401 34.0000 43.39 0.8697 0.8712 1.557224 
795.7617 44.255 68.118 0.34225 0.85217 1.255 0.02390 34.0000 42.50 0.8702 0.8717 1.558057 
795.3357 44.290 68.075 0.34292 0.85200 1.290 0.02276 34.0000 43.34 0.8710 0.8726 1.558891 
794.9097 44.299 68.033 0.34400 0.85284 1.269 0.02249 34.0000 43.55 0.8723 0.8739 1.559727 
794.4836 44.330 67.972 0.34478 0.85217 1.280 0.02149 34.0000 43.32 0.8723 0.8739 1.560563 
794.0574 44.332 67.978 0.34493 0.85278 1.294 0.02146 34.0000 43.70 0.8733 0.8749 1.561401 
793.6310 44.304 67.957 0.34608 0.85471 1.243 0.02240 34.0000 44.28 0.8745 0.8761 1.562240 
793.2047 44.322 67.910 0.34697 0.85493 1.253 0.02185 34.0000 44.27 0.8752 0.8768 1.563079 
792.7782 44.329 67.891 0.34732 0.85497 1.274 0.02162 34.0000 43.85 0.8751 0.8768 1.563920 
792.3516 44.325 67.881 0.34769 0.85546 1.292 0.02176 34.0000 44.09 0.8755 0.8772 1.564762 
791.9249 44.296 67.871 0.34810 0.85603 1.222 0.02271 34.0000 43.44 0.8755 0.8771 1.565605 
791.4982 44.324 67.841 0.34876 0.85637 1.240 0.02182 34.0000 43.67 0.8762 0.8778 1.566449 
791.0714 44.327 67.827 0.34923 0.85693 1.209 0.02175 34.0000 44.00 0.8768 0.8784 1.567295 
790.6444 44.328 67.815 0.34967 0.85749 1.249 0.02173 34.0000 43.75 0.8775 0.8792 1.568141 
790.2173 44.361 67.792 0.34976 0.85672 1.259 0.02065 34.0000 43.87 0.8776 0.8793 1.568989 
789.7902 44.370 67.755 0.35056 0.85713 1.276 0.02036 34.0000 43.89 0.8778 0.8795 1.569837 
789.3630 44.379 67.733 0.35104 0.85733 1.241 0.02009 34.0000 43.70 0.8781 0.8797 1.570687 
788.9357 44.390 67.735 0.35126 0.85795 1.244 0.01975 34.0000 44.59 0.8788 0.8805 1.571537 
788.5083 44.389 67.715 0.35173 0.85823 1.218 0.01980 34.0000 44.67 0.8788 0.8805 1.572389 
788.0807 44.366 67.727 0.35191 0.85921 1.217 0.02056 34.0000 44.25 0.8793 0.8810 1.573242 
787.6532 44.348 67.708 0.35285 0.86066 1.229 0.02118 34.0000 44.43 0.8804 0.8820 1.574096 
787.2255 44.349 67.701 0.35285 0.86038 1.213 0.02115 34.0000 44.09 0.8799 0.8816 1.574951 
786.7977 44.344 67.644 0.35371 0.86002 1.219 0.02130 34.0000 45.00 0.8794 0.8810 1.575808 
786.3699 44.324 67.622 0.35452 0.86106 1.230 0.02199 34.0000 44.56 0.8802 0.8818 1.576665 
785.9419 44.319 67.623 0.35483 0.86184 1.206 0.02215 34.0000 44.75 0.8812 0.8828 1.577524 
785.5139 44.323 67.602 0.35527 0.86204 1.216 0.02202 34.0000 44.33 0.8814 0.8831 1.578383 
785.0857 44.314 67.573 0.35599 0.86252 1.223 0.02235 34.0000 45.19 0.8812 0.8828 1.579244 
784.6575 44.327 67.527 0.35683 0.86262 1.225 0.02193 34.0000 45.20 0.8816 0.8832 1.580106 
784.2291 44.335 67.520 0.35687 0.86243 1.230 0.02168 34.0000 45.45 0.8817 0.8833 1.580969 
783.8007 44.334 67.498 0.35724 0.86237 1.235 0.02169 34.0000 45.22 0.8815 0.8831 1.581833 
783.3722 44.339 67.485 0.35752 0.86246 1.211 0.02155 34.0000 45.31 0.8818 0.8834 1.582698 
782.9435 44.380 67.450 0.35791 0.86196 1.215 0.02020 34.0000 45.63 0.8823 0.8838 1.583565 
782.5148 44.373 67.440 0.35848 0.86290 1.177 0.02044 34.0000 45.45 0.8837 0.8852 1.584433 
782.0861 44.347 67.456 0.35852 0.86366 1.194 0.02131 34.0000 45.16 0.8841 0.8857 1.585301 
781.6572 44.334 67.456 0.35857 0.86379 1.205 0.02176 34.0000 44.99 0.8844 0.8859 1.586171 
781.2282 44.332 67.443 0.35890 0.86404 1.206 0.02182 34.0000 45.11 0.8844 0.8860 1.587042 
780.7991 44.341 67.441 0.35895 0.86406 1.216 0.02152 34.0000 45.25 0.8849 0.8864 1.587914 
780.3699 44.344 67.438 0.35918 0.86450 1.182 0.02144 34.0000 45.29 0.8855 0.8871 1.588788 
779.9407 44.356 67.435 0.35909 0.86414 1.229 0.02104 34.0000 45.60 0.8857 0.8872 1.589662 
779.5113 44.364 67.428 0.35915 0.86400 1.208 0.02077 34.0000 45.48 0.8856 0.8871 1.590537 
779.0818 44.406 67.400 0.35956 0.86378 1.262 0.01940 34.0000 45.50 0.8859 0.8875 1.591414 
778.6523 44.424 67.360 0.36051 0.86435 1.212 0.01882 34.0000 45.63 0.8867 0.8882 1.592292 
778.2227 44.438 67.326 0.36128 0.86476 1.184 0.01840 34.0000 45.90 0.8875 0.8890 1.593171 
777.7930 44.450 67.324 0.36133 0.86479 1.197 0.01799 34.0000 45.46 0.8880 0.8895 1.594051 
777.3632 44.466 67.312 0.36170 0.86520 1.203 0.01748 34.0000 45.29 0.8886 0.8902 1.594933 
776.9332 44.495 67.289 0.36191 0.86470 1.217 0.01653 34.0000 46.01 0.8890 0.8906 1.595815 
776.5032 44.516 67.264 0.36225 0.86446 1.189 0.01583 34.0000 46.24 0.8893 0.8908 1.596699 
776.0731 44.520 67.246 0.36263 0.86460 1.206 0.01571 34.0000 46.14 0.8895 0.8910 1.597584 
775.6429 44.529 67.200 0.36348 0.86470 1.235 0.01542 34.0000 45.65 0.8896 0.8911 1.598470 
775.2126 44.563 67.188 0.36341 0.86402 1.203 0.01430 34.0000 46.10 0.8896 0.8911 1.599357 
774.7822 44.592 67.169 0.36367 0.86383 1.214 0.01335 34.0000 46.61 0.8901 0.8916 1.600246 
774.3517 44.589 67.188 0.36357 0.86440 1.209 0.01346 34.0000 46.74 0.8904 0.8919 1.601135 
773.9212 44.592 67.166 0.36420 0.86495 1.204 0.01335 34.0000 46.11 0.8909 0.8924 1.602026 
773.4905 44.585 67.166 0.36453 0.86575 1.175 0.01361 34.0000 46.13 0.8914 0.8928 1.602918 
773.0598 44.587 67.153 0.36505 0.86645 1.171 0.01355 34.0000 47.04 0.8917 0.8932 1.603811 
772.6289 44.611 67.129 0.36548 0.86645 1.201 0.01278 34.0000 46.64 0.8924 0.8938 1.604706 
772.1980 44.640 67.097 0.36608 0.86649 1.187 0.01183 34.0000 46.33 0.8929 0.8943 1.605601 
771.7669 44.650 67.075 0.36627 0.86602 1.186 0.01148 34.0000 46.56 0.8930 0.8944 1.606498 
771.3358 44.663 67.063 0.36639 0.86580 1.159 0.01106 34.0000 46.95 0.8932 0.8946 1.607396 
770.9046 44.672 67.050 0.36668 0.86595 1.168 0.01077 34.0000 46.53 0.8938 0.8952 1.608295 
770.4733 44.683 67.040 0.36700 0.86626 1.185 0.01042 34.0000 46.64 0.8946 0.8960 1.609195 
770.0419 44.693 67.036 0.36721 0.86661 1.186 0.01007 34.0000 46.34 0.8952 0.8965 1.610097 
769.6104 44.708 67.035 0.36744 0.86709 1.185 0.00960 34.0000 47.05 0.8957 0.8970 1.610999 
769.1787 44.720 67.034 0.36754 0.86728 1.178 0.00921 34.0000 47.00 0.8958 0.8971 1.611904 
768.7471 44.731 67.036 0.36724 0.86667 1.181 0.00883 34.0000 47.04 0.8956 0.8969 1.612809 
768.3152 44.742 67.032 0.36776 0.86772 1.193 0.00849 34.0000 47.09 0.8967 0.8981 1.613715 
767.8834 44.757 66.999 0.36857 0.86823 1.173 0.00801 34.0000 47.32 0.8973 0.8986 1.614623 
767.4514 44.774 66.963 0.36922 0.86828 1.188 0.00743 34.0000 47.96 0.8978 0.8991 1.615531 
767.0193 44.792 66.950 0.36950 0.86837 1.176 0.00684 34.0000 47.62 0.8978 0.8992 1.616442 
766.5872 44.808 66.926 0.37009 0.86875 1.178 0.00633 34.0000 47.44 0.8983 0.8997 1.617353 
766.1549 44.826 66.899 0.37049 0.86854 1.156 0.00574 34.0000 47.54 0.8983 0.8996 1.618265 
765.7225 44.845 66.912 0.37026 0.86860 1.151 0.00512 34.0000 48.37 0.8985 0.8998 1.619179 
765.2901 44.870 66.908 0.37034 0.86858 1.168 0.00430 34.0000 48.18 0.8988 0.9002 1.620094 
764.8575 44.875 66.915 0.37055 0.86936 1.156 0.00414 34.0000 48.36 0.8995 0.9008 1.621010 
764.4249 44.875 66.897 0.37122 0.87019 1.170 0.00414 34.0000 48.03 0.9001 0.9015 1.621928 
763.9922 44.880 66.888 0.37169 0.87091 1.162 0.00397 34.0000 48.14 0.9009 0.9023 1.622846 
763.5593 44.906 66.864 0.37216 0.87099 1.181 0.00310 34.0000 48.69 0.9017 0.9030 1.623766 
763.1264 44.930 66.871 0.37199 0.87089 1.160 0.00231 34.0000 48.57 0.9018 0.9032 1.624687 
762.6934 44.926 66.837 0.37290 0.87159 1.180 0.00246 34.0000 48.85 0.9024 0.9037 1.625610 
762.2603 44.949 66.820 0.37292 0.87094 1.164 0.00168 34.0000 49.08 0.9022 0.9036 1.626533 
761.8271 44.950 66.804 0.37340 0.87135 1.153 0.00165 34.0000 49.32 0.9025 0.9039 1.627458 
761.3938 44.977 66.791 0.37345 0.87093 1.178 0.00075 34.0000 48.90 0.9025 0.9038 1.628385 
760.9604 45.008 66.757 0.37391 0.87058 1.163 -0.00025 34.0000 48.51 0.9028 0.9041 1.629312 
760.5269 45.014 66.752 0.37430 0.87130 1.144 -0.00045 34.0000 49.18 0.9034 0.9047 1.630241 
760.0933 45.028 66.734 0.37488 0.87189 1.168 -0.00091 34.0000 49.51 0.9044 0.9058 1.631171 
759.6597 45.039 66.710 0.37549 0.87230 1.154 -0.00130 34.0000 49.70 0.9051 0.9065 1.632102 
759.2259 45.065 66.712 0.37526 0.87185 1.165 -0.00214 34.0000 49.31 0.9054 0.9067 1.633034 
758.7921 45.071 66.712 0.37548 0.87238 1.145 -0.00234 34.0000 49.61 0.9058 0.9072 1.633968 
758.3581 45.095 66.679 0.37600 0.87218 1.155 -0.00316 34.0000 49.69 0.9060 0.9073 1.634903 
757.9240 45.118 66.659 0.37606 0.87151 1.160 -0.00391 34.0000 50.06 0.9055 0.9068 1.635839 
757.4899 45.135 66.646 0.37634 0.87159 1.150 -0.00449 34.0000 50.38 0.9058 0.9072 1.636777 
757.0556 45.159 66.640 0.37632 0.87128 1.146 -0.00526 34.0000 49.94 0.9057 0.9070 1.637716 
756.6213 45.177 66.631 0.37667 0.87170 1.150 -0.00588 34.0000 49.58 0.9063 0.9076 1.638656 
756.1868 45.207 66.597 0.37717 0.87149 1.147 -0.00686 34.0000 49.46 0.9064 0.9077 1.639597 
755.7523 45.205 66.602 0.37727 0.87192 1.140 -0.00678 34.0000 49.00 0.9063 0.9076 1.640540 
755.3177 45.211 66.589 0.37768 0.87234 1.152 -0.00700 34.0000 50.49 0.9067 0.9080 1.641484 
754.8830 45.235 66.589 0.37755 0.87203 1.168 -0.00780 34.0000 50.24 0.9066 0.9079 1.642429 
754.4482 45.248 66.596 0.37736 0.87185 1.158 -0.00822 34.0000 50.29 0.9065 0.9078 1.643376 
754.0132 45.260 66.600 0.37737 0.87204 1.158 -0.00863 34.0000 50.97 0.9067 0.9080 1.644324 
753.5782 45.257 66.585 0.37791 0.87267 1.143 -0.00852 34.0000 50.24 0.9070 0.9083 1.645273 
753.1431 45.264 66.571 0.37830 0.87297 1.141 -0.00877 34.0000 51.01 0.9073 0.9086 1.646223 
752.7079 45.273 66.571 0.37833 0.87304 1.144 -0.00907 34.0000 50.27 0.9073 0.9086 1.647175 
752.2726 45.291 66.558 0.37853 0.87297 1.138 -0.00966 34.0000 51.45 0.9073 0.9086 1.648129 
751.8373 45.310 66.550 0.37838 0.87231 1.134 -0.01030 34.0000 50.81 0.9069 0.9081 1.649083 
751.4018 45.334 66.502 0.37917 0.87213 1.140 -0.01110 34.0000 51.20 0.9072 0.9085 1.650039 
750.9662 45.352 66.494 0.37929 0.87207 1.139 -0.01168 34.0000 51.02 0.9078 0.9091 1.650996 
750.5306 45.372 66.492 0.37923 0.87181 1.138 -0.01236 34.0000 51.11 0.9079 0.9092 1.651954 
750.0948 45.393 66.463 0.37956 0.87138 1.141 -0.01305 34.0000 51.21 0.9077 0.9090 1.652914 
749.6589 45.404 66.454 0.37979 0.87156 1.156 -0.01341 34.0000 51.33 0.9079 0.9092 1.653875 
749.2230 45.420 66.442 0.37982 0.87113 1.143 -0.01393 34.0000 51.71 0.9080 0.9092 1.654837 
748.7869 45.428 66.438 0.37988 0.87110 1.148 -0.01420 34.0000 52.06 0.9078 0.9090 1.655801 
748.3508 45.432 66.417 0.38050 0.87162 1.141 -0.01435 34.0000 51.62 0.9082 0.9095 1.656766 
747.9146 45.431 66.426 0.38064 0.87234 1.146 -0.01430 34.0000 51.80 0.9089 0.9102 1.657732 
747.4782 45.447 66.433 0.38049 0.87227 1.137 -0.01484 34.0000 50.82 0.9092 0.9104 1.658700 
747.0417 45.450 66.418 0.38088 0.87257 1.132 -0.01494 34.0000 51.35 0.9094 0.9107 1.659669 
746.6052 45.459 66.398 0.38125 0.87255 1.130 -0.01527 34.0000 51.91 0.9093 0.9105 1.660639 
746.1686 45.471 66.370 0.38192 0.87292 1.127 -0.01565 34.0000 52.23 0.9096 0.9109 1.661611 
745.7319 45.484 66.345 0.38249 0.87320 1.134 -0.01612 34.0000 51.80 0.9099 0.9112 1.662584 
745.2950 45.493 66.328 0.38297 0.87359 1.133 -0.01643 34.0000 51.78 0.9104 0.9116 1.663559 
744.8582 45.510 66.304 0.38346 0.87372 1.126 -0.01697 34.0000 52.09 0.9106 0.9119 1.664534 
744.4211 45.514 66.300 0.38360 0.87386 1.124 -0.01712 34.0000 51.56 0.9107 0.9120 1.665512 
743.9841 45.506 66.293 0.38407 0.87465 1.120 -0.01689 34.0000 52.03 0.9112 0.9125 1.666490 
743.5468 45.527 66.267 0.38439 0.87429 1.134 -0.01757 34.0000 51.49 0.9112 0.9124 1.667470 
743.1096 45.540 66.255 0.38457 0.87422 1.132 -0.01799 34.0000 52.00 0.9113 0.9126 1.668451 
742.6722 45.550 66.259 0.38451 0.87423 1.127 -0.01835 34.0000 51.85 0.9117 0.9130 1.669434 
742.2347 45.565 66.256 0.38443 0.87394 1.126 -0.01883 34.0000 52.27 0.9115 0.9127 1.670418 
741.7971 45.581 66.223 0.38489 0.87360 1.130 -0.01938 34.0000 52.57 0.9114 0.9126 1.671403 
741.3594 45.596 66.209 0.38498 0.87324 1.122 -0.01985 34.0000 51.82 0.9113 0.9125 1.672390 
740.9216 45.600 66.208 0.38511 0.87350 1.131 -0.01999 34.0000 53.21 0.9115 0.9127 1.673378 
740.4838 45.612 66.201 0.38517 0.87334 1.115 -0.02038 34.0000 52.58 0.9114 0.9126 1.674367 
740.0458 45.621 66.211 0.38493 0.87322 1.111 -0.02069 34.0000 52.77 0.9113 0.9125 1.675358 
739.6077 45.623 66.221 0.38478 0.87330 1.124 -0.02074 34.0000 52.86 0.9114 0.9126 1.676351 
739.1696 45.626 66.207 0.38518 0.87362 1.118 -0.02088 34.0000 52.62 0.9116 0.9128 1.677344 
738.7313 45.637 66.203 0.38521 0.87353 1.119 -0.02122 34.0000 52.88 0.9116 0.9128 1.678339 
738.2930 45.652 66.182 0.38550 0.87328 1.119 -0.02174 34.0000 53.35 0.9116 0.9128 1.679336 
737.8545 45.662 66.172 0.38560 0.87309 1.108 -0.02205 34.0000 52.91 0.9116 0.9128 1.680334 
737.4160 45.675 66.159 0.38589 0.87322 1.117 -0.02249 34.0000 52.85 0.9119 0.9131 1.681333 
736.9773 45.699 66.156 0.38559 0.87242 1.118 -0.02327 34.0000 52.22 0.9118 0.9130 1.682334 
736.5386 45.716 66.150 0.38549 0.87196 1.117 -0.02382 34.0000 52.62 0.9117 0.9129 1.683336 
736.0997 45.730 66.149 0.38541 0.87174 1.119 -0.02430 34.0000 54.32 0.9117 0.9128 1.684340 
735.6608 45.741 66.149 0.38549 0.87192 1.121 -0.02466 34.0000 53.04 0.9118 0.9129 1.685344 
735.2218 45.748 66.147 0.38558 0.87204 1.116 -0.02489 34.0000 53.00 0.9119 0.9130 1.686351 
734.7827 45.764 66.160 0.38501 0.87130 1.107 -0.02540 34.0000 53.08 0.9115 0.9126 1.687359 
734.3434 45.769 66.144 0.38534 0.87139 1.121 -0.02558 34.0000 53.65 0.9113 0.9125 1.688368 
733.9041 45.781 66.127 0.38564 0.87134 1.121 -0.02597 34.0000 53.69 0.9114 0.9125 1.689379 
733.4647 45.788 66.119 0.38563 0.87100 1.109 -0.02620 34.0000 54.24 0.9112 0.9123 1.690391 
733.0252 45.796 66.123 0.38545 0.87078 1.101 -0.02646 34.0000 53.58 0.9111 0.9123 1.691404 
732.5856 45.800 66.097 0.38617 0.87133 1.103 -0.02664 34.0000 53.54 0.9114 0.9126 1.692419 
732.1459 45.815 66.090 0.38612 0.87091 1.104 -0.02709 34.0000 53.45 0.9114 0.9125 1.693436 
731.7061 45.829 66.084 0.38589 0.87015 1.108 -0.02754 34.0000 54.23 0.9108 0.9120 1.694453 
731.2662 45.833 66.088 0.38591 0.87037 1.111 -0.02768 34.0000 53.83 0.9109 0.9121 1.695473 
730.8262 45.843 66.082 0.38585 0.86997 1.108 -0.02802 34.0000 53.88 0.9109 0.9120 1.696494 
730.3861 45.861 66.096 0.38528 0.86930 1.107 -0.02860 34.0000 53.88 0.9107 0.9118 1.697516 
729.9459 45.882 66.079 0.38532 0.86867 1.113 -0.02925 34.0000 54.09 0.9105 0.9116 1.698539 
729.5057 45.904 66.070 0.38509 0.86777 1.116 -0.02998 34.0000 53.49 0.9104 0.9115 1.699564 
729.0653 45.920 66.041 0.38550 0.86750 1.111 -0.03050 34.0000 53.60 0.9106 0.9117 1.700591 
728.6248 45.925 66.034 0.38544 0.86709 1.103 -0.03065 34.0000 53.30 0.9103 0.9114 1.701619 
728.1843 45.931 66.034 0.38528 0.86675 1.107 -0.03083 34.0000 53.80 0.9101 0.9112 1.702648 
727.7436 45.946 66.028 0.38526 0.86643 1.101 -0.03131 34.0000 53.68 0.9102 0.9113 1.703680 
727.3028 45.956 66.030 0.38506 0.86607 1.104 -0.03164 34.0000 53.42 0.9101 0.9111 1.704712 
726.8619 45.967 66.002 0.38553 0.86601 1.103 -0.03201 34.0000 53.79 0.9101 0.9112 1.705746 
726.4210 45.975 65.996 0.38546 0.86560 1.113 -0.03227 34.0000 54.04 0.9099 0.9109 1.706781 
725.9799 45.982 65.991 0.38556 0.86563 1.108 -0.03248 34.0000 53.69 0.9099 0.9110 1.707818 
725.5388 46.008 65.970 0.38560 0.86485 1.112 -0.03334 34.0000 53.39 0.9098 0.9109 1.708857 
725.0975 46.034 65.935 0.38597 0.86428 1.108 -0.03417 34.0000 53.79 0.9101 0.9111 1.709897 
724.6561 46.049 65.922 0.38612 0.86406 1.100 -0.03466 34.0000 52.93 0.9103 0.9113 1.710938 
724.2147 46.060 65.916 0.38600 0.86356 1.100 -0.03501 34.0000 53.48 0.9101 0.9112 1.711981 
723.7732 46.071 65.908 0.38597 0.86318 1.100 -0.03538 34.0000 53.40 0.9100 0.9110 1.713025 
723.3315 46.091 65.901 0.38589 0.86268 1.093 -0.03602 34.0000 52.79 0.9100 0.9110 1.714072 
722.8898 46.106 65.870 0.38635 0.86249 1.099 -0.03650 34.0000 53.88 0.9100 0.9111 1.715119 
722.4479 46.122 65.856 0.38636 0.86195 1.095 -0.03701 34.0000 53.73 0.9100 0.9111 1.716168 
722.0060 46.132 65.844 0.38646 0.86166 1.100 -0.03733 34.0000 53.97 0.9100 0.9110 1.717218 
721.5640 46.154 65.810 0.38700 0.86153 1.087 -0.03806 34.0000 53.34 0.9104 0.9115 1.718270 
721.1218 46.171 65.798 0.38707 0.86120 1.097 -0.03860 34.0000 53.44 0.9105 0.9116 1.719324 
720.6796 46.179 65.792 0.38716 0.86115 1.099 -0.03889 34.0000 54.15 0.9106 0.9116 1.720379 
720.2373 46.198 65.773 0.38729 0.86069 1.096 -0.03949 34.0000 54.24 0.9107 0.9118 1.721435 
719.7949 46.208 65.776 0.38709 0.86035 1.086 -0.03982 34.0000 53.81 0.9107 0.9117 1.722493 
719.3524 46.223 65.759 0.38731 0.86016 1.091 -0.04029 34.0000 53.76 0.9111 0.9121 1.723553 
718.9097 46.236 65.744 0.38746 0.85987 1.100 -0.04073 34.0000 53.79 0.9110 0.9120 1.724614 
718.4670 46.252 65.725 0.38757 0.85939 1.093 -0.04121 34.0000 53.97 0.9110 0.9121 1.725677 
718.0242 46.273 65.686 0.38830 0.85940 1.094 -0.04194 34.0000 54.41 0.9115 0.9125 1.726741 
717.5813 46.296 65.661 0.38853 0.85891 1.095 -0.04267 34.0000 54.24 0.9116 0.9127 1.727807 
717.1383 46.318 65.636 0.38879 0.85852 1.086 -0.04339 34.0000 53.02 0.9117 0.9128 1.728874 
716.6952 46.332 65.614 0.38907 0.85824 1.091 -0.04386 34.0000 53.83 0.9118 0.9129 1.729943 
716.2520 46.349 65.588 0.38945 0.85807 1.092 -0.04441 34.0000 54.21 0.9119 0.9129 1.731013 
715.8087 46.367 65.547 0.39004 0.85775 1.098 -0.04498 34.0000 54.12 0.9120 0.9130 1.732086 
715.3653 46.386 65.515 0.39053 0.85753 1.098 -0.04561 34.0000 54.55 0.9124 0.9134 1.733159 
714.9218 46.397 65.512 0.39048 0.85732 1.093 -0.04598 34.0000 54.04 0.9125 0.9135 1.734234 
714.4782 46.411 65.492 0.39081 0.85724 1.090 -0.04645 34.0000 54.14 0.9127 0.9137 1.735311 
714.0345 46.430 65.451 0.39147 0.85708 1.098 -0.04708 34.0000 54.08 0.9128 0.9138 1.736389 
713.5907 46.444 65.424 0.39195 0.85705 1.094 -0.04756 34.0000 53.97 0.9132 0.9142 1.737469 
713.1469 46.471 65.390 0.39225 0.85637 1.087 -0.04839 34.0000 53.23 0.9131 0.9141 1.738550 
712.7028 46.487 65.362 0.39264 0.85608 1.095 -0.04894 34.0000 53.70 0.9132 0.9142 1.739634 
712.2588 46.506 65.327 0.39330 0.85614 1.100 -0.04958 34.0000 54.36 0.9137 0.9147 1.740718 
711.8146 46.525 65.301 0.39369 0.85598 1.087 -0.05021 34.0000 53.62 0.9141 0.9151 1.741805 
711.3703 46.548 65.263 0.39423 0.85568 1.093 -0.05097 34.0000 54.15 0.9143 0.9153 1.742892 
710.9259 46.567 65.220 0.39496 0.85556 1.086 -0.05160 34.0000 53.84 0.9146 0.9156 1.743982 
710.4814 46.585 65.195 0.39528 0.85525 1.082 -0.05220 34.0000 53.83 0.9148 0.9158 1.745073 
710.0369 46.603 65.171 0.39573 0.85528 1.090 -0.05280 34.0000 53.81 0.9151 0.9160 1.746165 
709.5922 46.622 65.139 0.39620 0.85506 1.094 -0.05341 34.0000 53.24 0.9153 0.9163 1.747260 
709.1474 46.642 65.115 0.39660 0.85498 1.091 -0.05409 34.0000 54.04 0.9158 0.9167 1.748356 
708.7026 46.659 65.094 0.39692 0.85485 1.094 -0.05465 34.0000 54.59 0.9159 0.9169 1.749453 
708.2576 46.685 65.067 0.39724 0.85448 1.090 -0.05549 34.0000 54.07 0.9161 0.9171 1.750552 
707.8125 46.704 65.044 0.39758 0.85433 1.091 -0.05610 34.0000 53.37 0.9164 0.9174 1.751653 
707.3674 46.735 65.012 0.39796 0.85389 1.092 -0.05712 34.0000 53.80 0.9165 0.9175 1.752755 
706.9221 46.759 64.984 0.39837 0.85370 1.091 -0.05793 34.0000 54.42 0.9169 0.9179 1.753859 
706.4767 46.788 64.954 0.39877 0.85339 1.091 -0.05885 34.0000 54.47 0.9172 0.9182 1.754965 
706.0313 46.809 64.916 0.39934 0.85310 1.094 -0.05957 34.0000 54.23 0.9173 0.9183 1.756072 
705.5857 46.835 64.887 0.39972 0.85283 1.089 -0.06042 34.0000 54.49 0.9177 0.9187 1.757181 
705.1401 46.854 64.866 0.40007 0.85272 1.086 -0.06105 34.0000 53.78 0.9180 0.9190 1.758292 
704.6943 46.875 64.845 0.40044 0.85270 1.089 -0.06175 34.0000 53.72 0.9184 0.9194 1.759404 
704.2484 46.895 64.821 0.40074 0.85242 1.090 -0.06238 34.0000 53.28 0.9184 0.9194 1.760518 
703.8025 46.915 64.795 0.40113 0.85226 1.097 -0.06307 34.0000 53.46 0.9184 0.9194 1.761633 
703.3564 46.934 64.752 0.40184 0.85210 1.092 -0.06370 34.0000 53.46 0.9186 0.9196 1.762751 
702.9103 46.960 64.725 0.40228 0.85200 1.087 -0.06456 34.0000 54.28 0.9190 0.9199 1.763869 
702.4641 46.986 64.687 0.40286 0.85175 1.092 -0.06543 34.0000 54.32 0.9192 0.9202 1.764990 
702.0177 47.003 64.659 0.40344 0.85192 1.094 -0.06602 34.0000 54.00 0.9195 0.9205 1.766112 
701.5712 47.021 64.635 0.40389 0.85193 1.090 -0.06663 34.0000 54.28 0.9198 0.9208 1.767236 
701.1247 47.039 64.614 0.40431 0.85202 1.096 -0.06725 34.0000 54.28 0.9201 0.9211 1.768361 
700.6780 47.063 64.589 0.40468 0.85183 1.096 -0.06803 34.0000 53.52 0.9203 0.9213 1.769489 
700.2313 47.078 64.566 0.40520 0.85203 1.100 -0.06857 34.0000 54.02 0.9206 0.9216 1.770618 
699.7844 47.093 64.537 0.40580 0.85217 1.100 -0.06909 34.0000 53.09 0.9209 0.9219 1.771748 
699.3375 47.113 64.514 0.40618 0.85212 1.093 -0.06977 34.0000 53.54 0.9212 0.9222 1.772881 
698.8904 47.131 64.486 0.40669 0.85213 1.094 -0.07036 34.0000 54.01 0.9214 0.9224 1.774015 
698.4433 47.152 64.461 0.40715 0.85211 1.091 -0.07108 34.0000 53.58 0.9217 0.9228 1.775150 
697.9961 47.169 64.422 0.40801 0.85244 1.097 -0.07169 34.0000 53.68 0.9223 0.9233 1.776288 
697.5488 47.194 64.397 0.40831 0.85209 1.100 -0.07251 34.0000 53.67 0.9225 0.9236 1.777427 
697.1013 47.217 64.368 0.40871 0.85183 1.106 -0.07325 34.0000 53.75 0.9226 0.9236 1.778568 
696.6537 47.236 64.349 0.40905 0.85181 1.102 -0.07389 34.0000 53.68 0.9228 0.9238 1.779711 
696.2061 47.256 64.325 0.40954 0.85190 1.098 -0.07458 34.0000 53.06 0.9231 0.9241 1.780855 
695.7584 47.284 64.298 0.40988 0.85157 1.102 -0.07551 34.0000 53.27 0.9233 0.9243 1.782001 
695.3105 47.310 64.270 0.41028 0.85136 1.102 -0.07635 34.0000 54.27 0.9235 0.9245 1.783149 
694.8626 47.335 64.243 0.41074 0.85128 1.101 -0.07720 34.0000 53.80 0.9239 0.9249 1.784298 
694.4146 47.360 64.218 0.41104 0.85096 1.098 -0.07804 34.0000 53.84 0.9242 0.9252 1.785449 
693.9664 47.389 64.191 0.41145 0.85079 1.105 -0.07898 34.0000 52.88 0.9245 0.9255 1.786602 
693.5182 47.406 64.158 0.41220 0.85110 1.101 -0.07962 34.0000 53.07 0.9249 0.9259 1.787757 
693.0699 47.429 64.142 0.41261 0.85131 1.110 -0.08039 34.0000 53.11 0.9253 0.9263 1.788913 
692.6215 47.445 64.125 0.41305 0.85158 1.103 -0.08099 34.0000 53.36 0.9257 0.9267 1.790071 
692.1729 47.466 64.103 0.41345 0.85160 1.109 -0.08168 34.0000 53.52 0.9258 0.9268 1.791231 
691.7243 47.491 64.081 0.41379 0.85147 1.101 -0.08254 34.0000 54.00 0.9262 0.9272 1.792393 
691.2756 47.518 64.055 0.41427 0.85144 1.101 -0.08344 34.0000 53.69 0.9265 0.9275 1.793557 
690.8267 47.541 64.032 0.41458 0.85123 1.112 -0.08419 34.0000 53.15 0.9266 0.9276 1.794722 
690.3778 47.564 64.004 0.41510 0.85125 1.106 -0.08500 34.0000 52.88 0.9270 0.9280 1.795889 
689.9288 47.586 63.986 0.41541 0.85120 1.116 -0.08574 34.0000 52.77 0.9273 0.9283 1.797058 
689.4797 47.612 63.962 0.41583 0.85114 1.109 -0.08662 34.0000 53.00 0.9277 0.9287 1.798228 
689.0304 47.642 63.935 0.41617 0.85081 1.113 -0.08761 34.0000 52.26 0.9278 0.9288 1.799401 
688.5811 47.666 63.911 0.41659 0.85078 1.104 -0.08841 34.0000 53.45 0.9281 0.9291 1.800575 
688.1317 47.686 63.890 0.41697 0.85077 1.104 -0.08910 34.0000 53.25 0.9283 0.9293 1.801751 
687.6821 47.707 63.874 0.41722 0.85069 1.110 -0.08981 34.0000 53.56 0.9285 0.9295 1.802929 
687.2325 47.735 63.842 0.41775 0.85054 1.113 -0.09075 34.0000 53.21 0.9288 0.9298 1.804108 
686.7828 47.760 63.817 0.41812 0.85038 1.120 -0.09159 34.0000 53.54 0.9290 0.9300 1.805290 
686.3329 47.784 63.797 0.41848 0.85033 1.118 -0.09238 34.0000 53.04 0.9292 0.9302 1.806473 
685.8830 47.809 63.779 0.41871 0.85013 1.115 -0.09321 34.0000 52.71 0.9294 0.9304 1.807658 
685.4330 47.837 63.765 0.41898 0.85017 1.115 -0.09416 34.0000 53.17 0.9298 0.9308 1.808845 
684.9828 47.863 63.745 0.41937 0.85020 1.117 -0.09506 34.0000 53.14 0.9302 0.9312 1.810034 
684.5327 47.887 63.727 0.41956 0.84992 1.113 -0.09584 34.0000 53.17 0.9302 0.9312 1.811224 
684.0823 47.913 63.707 0.41982 0.84970 1.117 -0.09670 34.0000 52.76 0.9303 0.9313 1.812416 
683.6319 47.939 63.686 0.42011 0.84951 1.122 -0.09758 34.0000 52.89 0.9305 0.9315 1.813610 
683.1813 47.962 63.669 0.42034 0.84932 1.128 -0.09833 34.0000 52.54 0.9305 0.9315 1.814807 
682.7307 47.990 63.637 0.42089 0.84924 1.128 -0.09927 34.0000 52.94 0.9308 0.9318 1.816004 
682.2800 48.020 63.617 0.42110 0.84893 1.122 -0.10026 34.0000 53.13 0.9309 0.9319 1.817204 
681.8292 48.054 63.592 0.42133 0.84845 1.117 -0.10136 34.0000 52.42 0.9313 0.9323 1.818405 
681.3782 48.085 63.565 0.42163 0.84806 1.122 -0.10240 34.0000 52.64 0.9315 0.9325 1.819609 
680.9272 48.108 63.544 0.42188 0.84780 1.130 -0.10315 34.0000 52.58 0.9316 0.9326 1.820814 
680.4761 48.139 63.520 0.42209 0.84734 1.126 -0.10413 34.0000 52.61 0.9317 0.9327 1.822021 
680.0248 48.165 63.500 0.42227 0.84694 1.134 -0.10499 34.0000 52.29 0.9317 0.9327 1.823230 
679.5735 48.191 63.479 0.42258 0.84678 1.136 -0.10587 34.0000 52.67 0.9319 0.9329 1.824441 
679.1221 48.225 63.459 0.42265 0.84619 1.131 -0.10693 34.0000 52.47 0.9320 0.9330 1.825654 
678.6705 48.258 63.434 0.42284 0.84565 1.138 -0.10801 34.0000 53.17 0.9322 0.9331 1.826869 
678.2189 48.286 63.418 0.42300 0.84537 1.135 -0.10890 34.0000 53.30 0.9322 0.9332 1.828085 
677.7672 48.312 63.392 0.42335 0.84511 1.141 -0.10977 34.0000 52.37 0.9324 0.9334 1.829303 
677.3154 48.342 63.365 0.42362 0.84466 1.142 -0.11074 34.0000 52.09 0.9325 0.9335 1.830524 
676.8634 48.367 63.344 0.42395 0.84455 1.142 -0.11159 34.0000 52.69 0.9328 0.9338 1.831746 
676.4114 48.400 63.323 0.42407 0.84403 1.147 -0.11263 34.0000 52.51 0.9328 0.9338 1.832970 
675.9592 48.424 63.301 0.42432 0.84369 1.146 -0.11343 34.0000 52.68 0.9328 0.9338 1.834196 
675.5070 48.452 63.276 0.42462 0.84340 1.145 -0.11432 34.0000 52.52 0.9330 0.9340 1.835424 
675.0547 48.483 63.263 0.42459 0.84286 1.150 -0.11530 34.0000 52.27 0.9331 0.9341 1.836654 
674.6022 48.513 63.239 0.42477 0.84230 1.152 -0.11625 34.0000 52.05 0.9331 0.9340 1.837886 
674.1497 48.542 63.217 0.42494 0.84185 1.154 -0.11721 34.0000 52.50 0.9332 0.9341 1.839120 
673.6971 48.575 63.194 0.42502 0.84119 1.156 -0.11823 34.0000 52.01 0.9333 0.9343 1.840355 
673.2443 48.604 63.172 0.42527 0.84087 1.158 -0.11919 34.0000 52.40 0.9335 0.9344 1.841593 
672.7915 48.635 63.150 0.42538 0.84030 1.158 -0.12016 34.0000 52.52 0.9336 0.9346 1.842832 
672.3386 48.665 63.128 0.42555 0.83982 1.163 -0.12111 34.0000 52.30 0.9338 0.9348 1.844074 
671.8855 48.696 63.106 0.42568 0.83927 1.159 -0.12210 34.0000 52.04 0.9339 0.9349 1.845317 
671.4324 48.727 63.083 0.42582 0.83874 1.169 -0.12308 34.0000 52.30 0.9341 0.9350 1.846563 
670.9791 48.753 63.063 0.42605 0.83846 1.164 -0.12393 34.0000 52.31 0.9341 0.9351 1.847810 
670.5258 48.786 63.034 0.42631 0.83792 1.174 -0.12497 34.0000 52.48 0.9342 0.9352 1.849059 
670.0723 48.815 63.008 0.42654 0.83742 1.173 -0.12590 34.0000 52.57 0.9344 0.9354 1.850311 
669.6188 48.845 62.990 0.42663 0.83695 1.172 -0.12686 34.0000 51.54 0.9346 0.9356 1.851564 
669.1651 48.874 62.968 0.42678 0.83645 1.181 -0.12776 34.0000 52.37 0.9347 0.9357 1.852819 
668.7114 48.902 62.949 0.42694 0.83610 1.184 -0.12867 34.0000 52.08 0.9349 0.9358 1.854076 
668.2575 48.924 62.932 0.42716 0.83591 1.177 -0.12939 34.0000 52.15 0.9349 0.9358 1.855336 
667.8035 48.954 62.909 0.42738 0.83550 1.182 -0.13036 34.0000 52.24 0.9350 0.9360 1.856597 
667.3495 48.982 62.885 0.42755 0.83497 1.183 -0.13125 34.0000 52.15 0.9350 0.9359 1.857860 
666.8953 49.011 62.860 0.42779 0.83454 1.195 -0.13218 34.0000 52.32 0.9351 0.9361 1.859125 
666.4411 49.038 62.839 0.42797 0.83413 1.190 -0.13302 34.0000 51.31 0.9353 0.9362 1.860392 
665.9868 49.062 62.824 0.42813 0.83391 1.187 -0.13381 34.0000 51.75 0.9355 0.9365 1.861661 
665.5323 49.085 62.800 0.42842 0.83360 1.195 -0.13457 34.0000 52.07 0.9358 0.9367 1.862933 
665.0777 49.110 62.779 0.42868 0.83336 1.192 -0.13536 34.0000 51.10 0.9359 0.9369 1.864206 
664.6230 49.138 62.751 0.42892 0.83283 1.196 -0.13626 34.0000 51.91 0.9360 0.9370 1.865482 
664.1683 49.168 62.725 0.42917 0.83242 1.199 -0.13722 34.0000 51.66 0.9362 0.9372 1.866759 
663.7134 49.196 62.699 0.42942 0.83196 1.202 -0.13813 34.0000 51.74 0.9365 0.9374 1.868038 
663.2584 49.222 62.677 0.42961 0.83153 1.203 -0.13895 34.0000 51.95 0.9366 0.9375 1.869319 
662.8034 49.250 62.652 0.42983 0.83107 1.202 -0.13983 34.0000 50.30 0.9367 0.9376 1.870603 
662.3482 49.274 62.631 0.43006 0.83078 1.209 -0.14061 34.0000 51.36 0.9368 0.9378 1.871888 
661.8929 49.301 62.606 0.43033 0.83043 1.217 -0.14147 34.0000 51.64 0.9370 0.9380 1.873176 
661.4376 49.329 62.580 0.43060 0.83001 1.218 -0.14238 34.0000 51.35 0.9373 0.9382 1.874465 
660.9821 49.356 62.555 0.43081 0.82953 1.218 -0.14324 34.0000 51.23 0.9373 0.9383 1.875757 
660.5265 49.385 62.531 0.43102 0.82908 1.224 -0.14416 34.0000 50.56 0.9374 0.9383 1.877051 
660.0708 49.413 62.506 0.43131 0.82873 1.226 -0.14506 34.0000 51.31 0.9375 0.9384 1.878347 
659.6151 49.437 62.485 0.43158 0.82851 1.224 -0.14587 34.0000 51.36 0.9377 0.9386 1.879644 
659.1592 49.470 62.459 0.43181 0.82805 1.232 -0.14691 34.0000 50.95 0.9380 0.9389 1.880945 
658.7032 49.495 62.429 0.43216 0.82765 1.227 -0.14773 34.0000 50.76 0.9381 0.9391 1.882247 
658.2471 49.516 62.406 0.43244 0.82738 1.237 -0.14841 34.0000 51.47 0.9383 0.9393 1.883551 
657.7909 49.541 62.384 0.43265 0.82700 1.238 -0.14921 34.0000 51.28 0.9385 0.9394 1.884857 
657.3346 49.565 62.362 0.43288 0.82667 1.244 -0.14998 34.0000 50.89 0.9386 0.9395 1.886166 
656.8782 49.589 62.342 0.43315 0.82651 1.250 -0.15075 34.0000 51.07 0.9387 0.9397 1.887476 
656.4218 49.613 62.320 0.43342 0.82625 1.250 -0.15155 34.0000 51.03 0.9388 0.9397 1.888788 
655.9651 49.640 62.296 0.43360 0.82576 1.256 -0.15240 34.0000 50.80 0.9389 0.9398 1.890103 
655.5084 49.667 62.269 0.43388 0.82532 1.256 -0.15327 34.0000 50.31 0.9392 0.9401 1.891420 
655.0516 49.693 62.246 0.43406 0.82487 1.267 -0.15407 34.0000 50.49 0.9392 0.9401 1.892739 
654.5947 49.716 62.220 0.43438 0.82456 1.269 -0.15481 34.0000 50.73 0.9393 0.9402 1.894060 
654.1377 49.737 62.196 0.43469 0.82434 1.266 -0.15553 34.0000 50.22 0.9394 0.9403 1.895384 
653.6806 49.761 62.172 0.43491 0.82391 1.277 -0.15627 34.0000 50.92 0.9394 0.9403 1.896709 
653.2234 49.787 62.146 0.43520 0.82357 1.279 -0.15713 34.0000 51.31 0.9395 0.9405 1.898037 
652.7661 49.813 62.127 0.43536 0.82319 1.276 -0.15792 34.0000 50.30 0.9397 0.9406 1.899366 
652.3087 49.840 62.099 0.43561 0.82267 1.283 -0.15877 34.0000 50.18 0.9397 0.9407 1.900698 
651.8511 49.864 62.078 0.43578 0.82228 1.291 -0.15954 34.0000 50.21 0.9398 0.9407 1.902032 
651.3936 49.883 62.056 0.43609 0.82212 1.302 -0.16016 34.0000 49.82 0.9401 0.9410 1.903368 
650.9358 49.906 62.037 0.43633 0.82191 1.301 -0.16094 34.0000 50.69 0.9402 0.9412 1.904707 
650.4780 49.932 62.016 0.43656 0.82161 1.301 -0.16176 34.0000 49.94 0.9405 0.9415 1.906047 
650.0201 49.961 61.990 0.43682 0.82119 1.305 -0.16271 34.0000 49.57 0.9409 0.9418 1.907390 
649.5620 49.989 61.968 0.43698 0.82074 1.308 -0.16357 34.0000 50.14 0.9411 0.9420 1.908735 
649.1039 50.018 61.948 0.43707 0.82021 1.319 -0.16447 34.0000 49.72 0.9413 0.9422 1.910082 
648.6457 50.044 61.920 0.43732 0.81970 1.319 -0.16530 34.0000 49.39 0.9416 0.9426 1.911432 
648.1873 50.075 61.894 0.43757 0.81929 1.326 -0.16627 34.0000 49.86 0.9418 0.9427 1.912783 
647.7289 50.099 61.861 0.43797 0.81892 1.335 -0.16707 34.0000 50.27 0.9420 0.9430 1.914137 
647.2703 50.126 61.836 0.43821 0.81847 1.334 -0.16791 34.0000 49.71 0.9422 0.9432 1.915493 
646.8117 50.150 61.803 0.43859 0.81806 1.339 -0.16870 34.0000 49.17 0.9423 0.9433 1.916851 
646.3530 50.178 61.777 0.43884 0.81766 1.334 -0.16957 34.0000 48.60 0.9425 0.9434 1.918212 
645.8941 50.205 61.751 0.43903 0.81712 1.353 -0.17042 34.0000 49.72 0.9426 0.9435 1.919575 
645.4351 50.232 61.724 0.43934 0.81678 1.356 -0.17129 34.0000 48.93 0.9428 0.9438 1.920940 
644.9761 50.260 61.699 0.43962 0.81641 1.363 -0.17219 34.0000 49.05 0.9430 0.9439 1.922307 
644.5169 50.286 61.663 0.44001 0.81591 1.360 -0.17301 34.0000 49.17 0.9433 0.9442 1.923676 
644.0577 50.311 61.627 0.44047 0.81557 1.361 -0.17383 34.0000 48.92 0.9434 0.9443 1.925048 
643.5983 50.334 61.597 0.44085 0.81524 1.373 -0.17458 34.0000 48.46 0.9435 0.9445 1.926422 
643.1389 50.361 61.571 0.44114 0.81488 1.387 -0.17547 34.0000 49.19 0.9438 0.9447 1.927798 
642.6793 50.386 61.544 0.44145 0.81453 1.389 -0.17627 34.0000 49.33 0.9440 0.9449 1.929177 
642.2196 50.413 61.510 0.44181 0.81405 1.388 -0.17712 34.0000 48.32 0.9442 0.9451 1.930558 
641.7598 50.445 61.474 0.44221 0.81355 1.397 -0.17816 34.0000 48.05 0.9443 0.9452 1.931941 
641.2999 50.472 61.438 0.44269 0.81324 1.397 -0.17906 34.0000 48.04 0.9446 0.9456 1.933326 
640.8400 50.502 61.409 0.44305 0.81290 1.400 -0.18003 34.0000 48.35 0.9448 0.9458 1.934714 
640.3799 50.526 61.376 0.44346 0.81256 1.414 -0.18082 34.0000 48.23 0.9449 0.9459 1.936104 
639.9197 50.553 61.336 0.44406 0.81233 1.425 -0.18173 34.0000 48.82 0.9452 0.9462 1.937496 
639.4594 50.579 61.306 0.44441 0.81195 1.427 -0.18257 34.0000 48.75 0.9454 0.9463 1.938891 
638.9990 50.610 61.270 0.44474 0.81132 1.427 -0.18353 34.0000 49.00 0.9455 0.9465 1.940288 
638.5385 50.634 61.238 0.44515 0.81101 1.436 -0.18433 34.0000 49.03 0.9457 0.9466 1.941687 
638.0779 50.667 61.205 0.44539 0.81033 1.437 -0.18535 34.0000 49.29 0.9459 0.9468 1.943089 
637.6172 50.696 61.171 0.44572 0.80979 1.436 -0.18626 34.0000 48.70 0.9460 0.9469 1.944493 
637.1564 50.723 61.138 0.44617 0.80951 1.443 -0.18715 34.0000 48.68 0.9464 0.9473 1.945899 
636.6954 50.753 61.105 0.44649 0.80897 1.454 -0.18811 34.0000 48.98 0.9466 0.9475 1.947308 
636.2344 50.782 61.061 0.44706 0.80855 1.461 -0.18906 34.0000 48.94 0.9469 0.9478 1.948719 
635.7733 50.813 61.029 0.44737 0.80803 1.457 -0.19003 34.0000 48.85 0.9469 0.9478 1.950132 
635.3121 50.838 60.997 0.44766 0.80749 1.466 -0.19079 34.0000 48.13 0.9469 0.9479 1.951548 
634.8508 50.861 60.959 0.44822 0.80725 1.470 -0.19158 34.0000 48.49 0.9472 0.9482 1.952966 
634.3893 50.891 60.927 0.44854 0.80677 1.482 -0.19255 34.0000 48.48 0.9472 0.9482 1.954387 
633.9278 50.913 60.892 0.44923 0.80682 1.488 -0.19337 34.0000 48.45 0.9474 0.9484 1.955809 
633.4662 50.945 60.856 0.44983 0.80671 1.497 -0.19449 34.0000 48.08 0.9478 0.9487 1.957235 
633.0044 50.974 60.823 0.45025 0.80639 1.501 -0.19544 34.0000 48.08 0.9481 0.9490 1.958662 
632.5425 51.004 60.795 0.45054 0.80597 1.503 -0.19641 34.0000 48.34 0.9480 0.9489 1.960093 
632.0806 51.032 60.768 0.45087 0.80566 1.515 -0.19733 34.0000 48.20 0.9483 0.9492 1.961525 
631.6186 51.061 60.740 0.45095 0.80492 1.513 -0.19818 34.0000 47.62 0.9479 0.9488 1.962960 
631.1564 51.094 60.717 0.45108 0.80438 1.534 -0.19920 34.0000 47.91 0.9482 0.9492 1.964397 
630.6942 51.131 60.674 0.45129 0.80332 1.522 -0.20027 34.0000 48.14 0.9485 0.9495 1.965837 
630.2318 51.155 60.629 0.45174 0.80266 1.543 -0.20097 34.0000 47.76 0.9492 0.9501 1.967279 
629.7693 51.175 60.590 0.45199 0.80184 1.546 -0.20154 34.0000 47.37 0.9495 0.9504 1.968724 
629.3068 51.194 60.549 0.45272 0.80179 1.548 -0.20225 34.0000 47.82 0.9500 0.9510 1.970171 
628.8441 51.220 60.518 0.45286 0.80101 1.549 -0.20299 34.0000 47.12 0.9500 0.9510 1.971620 
628.3813 51.250 60.481 0.45351 0.80095 1.557 -0.20406 34.0000 47.28 0.9504 0.9514 1.973073 
627.9184 51.279 60.438 0.45418 0.80072 1.566 -0.20506 34.0000 47.01 0.9511 0.9521 1.974527 
627.4554 51.307 60.416 0.45468 0.80089 1.567 -0.20610 34.0000 47.26 0.9513 0.9522 1.975984 
626.9923 51.333 60.371 0.45519 0.80032 1.579 -0.20691 34.0000 47.30 0.9510 0.9520 1.977444 
626.5291 51.370 60.336 0.45520 0.79921 1.574 -0.20794 34.0000 46.98 0.9503 0.9513 1.978905 
626.0658 51.388 60.306 0.45556 0.79886 1.586 -0.20851 34.0000 46.95 0.9509 0.9518 1.980370 
625.6024 51.419 60.278 0.45577 0.79834 1.598 -0.20948 34.0000 47.22 0.9512 0.9521 1.981837 
625.1389 51.455 60.274 0.45564 0.79798 1.607 -0.21062 34.0000 47.08 0.9516 0.9526 1.983306 
624.6753 51.529 60.257 0.45519 0.79664 1.608 -0.21281 34.0000 46.96 0.9508 0.9518 1.984778 
624.2115 51.559 60.246 0.45498 0.79593 1.613 -0.21366 34.0000 46.43 0.9511 0.9521 1.986253 
623.7477 51.582 60.224 0.45513 0.79548 1.608 -0.21434 34.0000 46.28 0.9521 0.9531 1.987730 
623.2838 51.578 60.201 0.45631 0.79678 1.610 -0.21461 34.0000 45.84 0.9537 0.9547 1.989209 
622.8198 51.572 60.163 0.45748 0.79762 1.631 -0.21473 34.0000 46.39 0.9549 0.9559 1.990691 
622.3557 51.535 60.047 0.45994 0.79815 1.637 -0.21386 34.0000 46.12 0.9567 0.9577 1.992176 
621.8914 51.533 59.940 0.46169 0.79774 1.650 -0.21391 34.0000 46.45 0.9579 0.9589 1.993663 
621.4271 51.530 59.819 0.46356 0.79709 1.643 -0.21389 34.0000 45.99 0.9582 0.9592 1.995153 
620.9626 51.549 59.688 0.46503 0.79543 1.633 -0.21438 34.0000 45.73 0.9581 0.9591 1.996645 
620.4980 51.601 59.573 0.46552 0.79261 1.657 -0.21563 34.0000 45.74 0.9565 0.9576 1.998140 
620.0334 51.646 59.450 0.46666 0.79065 1.652 -0.21690 34.0000 45.85 0.9566 0.9578 1.999637 
619.5687 51.723 59.315 0.46770 0.78818 1.674 -0.21913 34.0000 45.62 0.9564 0.9576 2.001137 
619.1038 51.782 59.207 0.46832 0.78583 1.659 -0.22069 34.0000 45.59 0.9565 0.9578 2.002640 
618.6388 51.825 59.099 0.46900 0.78362 1.659 -0.22179 34.0000 45.34 0.9570 0.9582 2.004145 
618.1737 51.881 58.985 0.46984 0.78150 1.674 -0.22332 34.0000 45.67 0.9576 0.9588 2.005653 
617.7086 51.952 58.875 0.47009 0.77850 1.684 -0.22514 34.0000 45.21 0.9577 0.9590 2.007163 
617.2433 52.022 58.766 0.47039 0.77568 1.667 -0.22692 34.0000 45.09 0.9577 0.9590 2.008676 
616.7779 52.083 58.659 0.47103 0.77348 1.683 -0.22858 34.0000 45.66 0.9580 0.9594 2.010192 
616.3124 52.147 58.571 0.47117 0.77103 1.699 -0.23022 34.0000 44.94 0.9578 0.9592 2.011710 
615.8468 52.202 58.487 0.47123 0.76859 1.670 -0.23154 34.0000 44.89 0.9576 0.9591 2.013231 
615.3810 52.275 58.389 0.47143 0.76599 1.675 -0.23346 34.0000 44.68 0.9578 0.9593 2.014755 
614.9153 52.348 58.303 0.47116 0.76295 1.685 -0.23518 34.0000 45.01 0.9576 0.9591 2.016281 
614.4493 52.418 58.217 0.47109 0.76029 1.674 -0.23692 34.0000 45.19 0.9575 0.9591 2.017810 
613.9833 52.492 58.149 0.47074 0.75771 1.705 -0.23875 34.0000 44.36 0.9572 0.9588 2.019341 
613.5172 52.561 58.069 0.47068 0.75528 1.675 -0.24050 34.0000 43.82 0.9574 0.9590 2.020875 
613.0510 52.638 57.996 0.47053 0.75289 1.680 -0.24247 34.0000 44.62 0.9572 0.9589 2.022412 
612.5847 52.721 57.926 0.47012 0.75020 1.691 -0.24455 34.0000 44.53 0.9572 0.9589 2.023952 
612.1182 52.800 57.861 0.46980 0.74781 1.677 -0.24659 34.0000 44.04 0.9571 0.9588 2.025494 
611.6517 52.882 57.795 0.46947 0.74535 1.724 -0.24866 34.0000 44.18 0.9569 0.9587 2.027039 
611.1850 52.956 57.737 0.46917 0.74323 1.756 -0.25057 34.0000 43.62 0.9565 0.9583 2.028587 
610.7183 53.032 57.680 0.46884 0.74107 1.695 -0.25251 34.0000 44.23 0.9560 0.9579 2.030137 
610.2514 53.113 57.619 0.46851 0.73881 1.701 -0.25458 34.0000 43.85 0.9556 0.9575 2.031690 
609.7844 53.191 57.565 0.46809 0.73659 1.685 -0.25655 34.0000 44.51 0.9553 0.9572 2.033246 
609.3173 53.272 57.516 0.46766 0.73454 1.668 -0.25868 34.0000 43.48 0.9550 0.9569 2.034805 
608.8502 53.350 57.471 0.46738 0.73280 1.675 -0.26075 34.0000 43.20 0.9546 0.9565 2.036366 
608.3829 53.433 57.435 0.46673 0.73081 1.687 -0.26291 34.0000 43.23 0.9541 0.9560 2.037930 
607.9155 53.508 57.398 0.46638 0.72918 1.629 -0.26489 34.0000 43.79 0.9535 0.9555 2.039497 
607.4480 53.586 57.364 0.46595 0.72758 1.618 -0.26699 34.0000 43.51 0.9532 0.9551 2.041067 
606.9804 53.661 57.333 0.46553 0.72605 1.621 -0.26901 34.0000 42.50 0.9526 0.9546 2.042639 
606.5127 53.737 57.302 0.46522 0.72470 1.680 -0.27109 34.0000 42.00 0.9522 0.9541 2.044214 
606.0449 53.811 57.274 0.46484 0.72334 1.662 -0.27311 34.0000 42.38 0.9516 0.9536 2.045792 
605.5770 53.886 57.256 0.46432 0.72204 1.653 -0.27514 34.0000 42.05 0.9511 0.9531 2.047373 
605.1089 53.960 57.235 0.46399 0.72094 1.657 -0.27725 34.0000 42.64 0.9507 0.9527 2.048957 
604.6408 54.032 57.208 0.46370 0.71976 1.664 -0.27925 34.0000 42.98 0.9503 0.9522 2.050543 
604.1726 54.102 57.189 0.46349 0.71890 1.656 -0.28130 34.0000 41.91 0.9499 0.9518 2.052132 
603.7042 54.170 57.176 0.46327 0.71820 1.564 -0.28330 34.0000 41.80 0.9496 0.9515 2.053724 
603.2358 54.234 57.167 0.46300 0.71752 1.638 -0.28520 34.0000 41.80 0.9493 0.9512 2.055319 
602.7673 54.300 57.158 0.46271 0.71683 1.555 -0.28713 34.0000 41.13 0.9488 0.9507 2.056916 
602.2986 54.359 57.150 0.46244 0.71620 1.593 -0.28887 34.0000 41.98 0.9483 0.9502 2.058517 
601.8298 54.428 57.139 0.46210 0.71537 1.561 -0.29086 34.0000 41.61 0.9480 0.9498 2.060121 
601.3610 54.493 57.136 0.46173 0.71472 1.565 -0.29277 34.0000 41.42 0.9474 0.9493 2.061726 
600.8920 54.555 57.133 0.46150 0.71428 1.575 -0.29464 34.0000 41.28 0.9470 0.9488 2.063336 
600.4229 54.615 57.133 0.46120 0.71381 1.595 -0.29643 34.0000 40.96 0.9465 0.9483 2.064948 
599.9537 54.676 57.128 0.46098 0.71334 1.637 -0.29829 34.0000 41.31 0.9461 0.9479 2.066563 
599.4844 54.728 57.130 0.46091 0.71327 1.633 -0.30001 34.0000 41.01 0.9457 0.9474 2.068181 
599.0150 54.784 57.141 0.46072 0.71329 1.599 -0.30183 34.0000 40.18 0.9454 0.9471 2.069801 
598.5455 54.842 57.143 0.46047 0.71296 1.580 -0.30362 34.0000 39.91 0.9449 0.9465 2.071425 
598.0759 54.895 57.146 0.46043 0.71296 1.625 -0.30540 34.0000 40.81 0.9445 0.9461 2.073051 
597.6062 54.949 57.160 0.46005 0.71276 1.593 -0.30707 34.0000 40.23 0.9440 0.9456 2.074680 
597.1364 54.991 57.170 0.46011 0.71313 1.570 -0.30858 34.0000 39.71 0.9438 0.9453 2.076313 
596.6664 55.036 57.181 0.46017 0.71352 1.555 -0.31025 34.0000 39.75 0.9435 0.9450 2.077948 
596.1964 55.086 57.194 0.46008 0.71372 1.534 -0.31194 34.0000 39.36 0.9430 0.9445 2.079586 
595.7263 55.124 57.207 0.46018 0.71424 1.571 -0.31342 34.0000 39.59 0.9429 0.9443 2.081227 
595.2560 55.166 57.222 0.46005 0.71445 1.558 -0.31487 34.0000 39.29 0.9428 0.9441 2.082872 
594.7857 55.200 57.238 0.45991 0.71469 1.556 -0.31608 34.0000 39.39 0.9424 0.9437 2.084519 
594.3152 55.239 57.247 0.45990 0.71490 1.541 -0.31746 34.0000 38.94 0.9421 0.9434 2.086169 
593.8447 55.272 57.253 0.46001 0.71525 1.541 -0.31869 34.0000 39.16 0.9422 0.9435 2.087822 
593.3740 55.304 57.261 0.46007 0.71556 1.527 -0.31989 34.0000 38.91 0.9421 0.9433 2.089478 
592.9032 55.327 57.263 0.46060 0.71644 1.519 -0.32104 34.0000 39.01 0.9427 0.9439 2.091137 
592.4323 55.345 57.258 0.46119 0.71723 1.505 -0.32204 34.0000 38.35 0.9427 0.9439 2.092799 
591.9613 55.355 57.264 0.46196 0.71859 1.497 -0.32298 34.0000 38.03 0.9428 0.9439 2.094464 
591.4902 55.384 57.266 0.46247 0.71944 1.483 -0.32432 34.0000 38.02 0.9426 0.9437 2.096133 
591.0190 55.408 57.268 0.46319 0.72060 1.468 -0.32566 34.0000 37.97 0.9426 0.9437 2.097804 
590.5477 55.438 57.270 0.46343 0.72103 1.461 -0.32690 34.0000 37.46 0.9425 0.9435 2.099478 
590.0763 55.453 57.261 0.46444 0.72235 1.451 -0.32805 34.0000 37.67 0.9428 0.9438 2.101155 
589.6048 55.468 57.253 0.46485 0.72277 1.439 -0.32877 34.0000 37.13 0.9429 0.9439 2.102836 
589.1331 55.486 57.241 0.46543 0.72335 1.419 -0.32968 34.0000 37.27 0.9427 0.9436 2.104519 
588.6614 55.499 57.205 0.46612 0.72342 1.411 -0.33033 34.0000 37.35 0.9431 0.9440 2.106206 
588.1896 55.513 57.185 0.46687 0.72402 1.410 -0.33113 34.0000 37.59 0.9438 0.9447 2.107895 
587.7176 55.511 57.157 0.46818 0.72526 1.390 -0.33174 34.0000 35.86 0.9452 0.9461 2.109588 
587.2455 55.528 57.112 0.46933 0.72580 1.365 -0.33277 34.0000 35.76 0.9457 0.9466 2.111284 
586.7734 55.530 57.056 0.47081 0.72652 1.368 -0.33337 34.0000 36.51 0.9463 0.9471 2.112983 
586.3011 55.528 56.952 0.47283 0.72678 1.357 -0.33379 34.0000 36.76 0.9467 0.9476 2.114685 
585.8287 55.474 56.854 0.47541 0.72800 1.361 -0.33284 34.0000 36.93 0.9486 0.9494 2.116390 
585.3563 55.464 56.724 0.47804 0.72841 1.330 -0.33319 34.0000 36.11 0.9496 0.9504 2.118098 
584.8837 55.463 56.584 0.48063 0.72846 1.315 -0.33372 34.0000 35.51 0.9499 0.9507 2.119809 
584.4109 55.498 56.419 0.48231 0.72644 1.307 -0.33465 34.0000 35.06 0.9496 0.9504 2.121524 
583.9382 55.542 56.249 0.48393 0.72422 1.301 -0.33583 34.0000 35.35 0.9495 0.9503 2.123242 
583.4652 55.633 56.140 0.48428 0.72178 1.284 -0.33827 34.0000 35.50 0.9485 0.9493 2.124963 
582.9922 55.703 56.025 0.48498 0.71969 1.262 -0.34020 34.0000 35.13 0.9478 0.9486 2.126687 
582.5191 55.786 55.922 0.48537 0.71749 1.255 -0.34249 34.0000 35.24 0.9479 0.9487 2.128414 
582.0458 55.854 55.832 0.48590 0.71582 1.244 -0.34443 34.0000 34.33 0.9483 0.9491 2.130145 
581.5725 55.891 55.737 0.48721 0.71521 1.234 -0.34583 34.0000 34.86 0.9502 0.9510 2.131878 
581.0991 55.947 55.648 0.48770 0.71356 1.217 -0.34734 34.0000 34.39 0.9506 0.9514 2.133615 
580.6255 55.965 55.580 0.48832 0.71263 1.207 -0.34779 34.0000 34.35 0.9513 0.9521 2.135356 
580.1519 56.003 55.488 0.48914 0.71138 1.191 -0.34889 34.0000 33.82 0.9518 0.9526 2.137099 
579.6780 56.059 55.397 0.48977 0.70987 1.181 -0.35053 34.0000 33.99 0.9519 0.9527 2.138846 
579.2042 56.112 55.310 0.49013 0.70810 1.175 -0.35188 34.0000 34.30 0.9518 0.9526 2.140595 
578.7302 56.146 55.222 0.49107 0.70713 1.158 -0.35294 34.0000 33.82 0.9519 0.9527 2.142349 
578.2561 56.183 55.144 0.49171 0.70601 1.145 -0.35402 34.0000 33.58 0.9521 0.9529 2.144105 
577.7819 56.234 55.061 0.49197 0.70421 1.131 -0.35528 34.0000 33.40 0.9521 0.9529 2.145865 
577.3076 56.285 54.971 0.49246 0.70255 1.123 -0.35662 34.0000 33.50 0.9525 0.9533 2.147628 
576.8332 56.346 54.877 0.49303 0.70092 1.107 -0.35831 34.0000 32.63 0.9529 0.9537 2.149394 
576.3586 56.389 54.801 0.49343 0.69951 1.097 -0.35946 34.0000 32.51 0.9529 0.9537 2.151164 
575.8840 56.436 54.718 0.49410 0.69830 1.085 -0.36085 34.0000 33.19 0.9533 0.9541 2.152937 
575.4093 56.488 54.636 0.49461 0.69691 1.080 -0.36234 34.0000 33.16 0.9535 0.9544 2.154713 
574.9344 56.539 54.544 0.49522 0.69540 1.063 -0.36376 34.0000 32.32 0.9539 0.9547 2.156493 
574.4595 56.596 54.462 0.49558 0.69380 1.054 -0.36530 34.0000 32.64 0.9538 0.9546 2.158276 
573.9844 56.652 54.373 0.49598 0.69209 1.040 -0.36676 34.0000 32.02 0.9539 0.9547 2.160062 
573.5092 56.700 54.280 0.49659 0.69056 1.031 -0.36809 34.0000 32.33 0.9539 0.9547 2.161852 
573.0339 56.755 54.188 0.49710 0.68895 1.025 -0.36957 34.0000 31.80 0.9539 0.9547 2.163645 
572.5586 56.803 54.101 0.49765 0.68750 1.008 -0.37091 34.0000 31.90 0.9537 0.9545 2.165441 
572.0831 56.858 54.007 0.49816 0.68583 0.990 -0.37239 34.0000 31.43 0.9538 0.9546 2.167241 
571.6075 56.912 53.908 0.49882 0.68426 0.985 -0.37390 34.0000 31.23 0.9540 0.9548 2.169044 
571.1318 56.960 53.825 0.49941 0.68299 0.979 -0.37531 34.0000 30.74 0.9541 0.9550 2.170851 
570.6559 57.007 53.736 0.50008 0.68167 0.963 -0.37667 34.0000 30.91 0.9542 0.9550 2.172661 
570.1801 57.057 53.648 0.50063 0.68022 0.946 -0.37803 34.0000 30.83 0.9540 0.9549 2.174474 
569.7040 57.108 53.562 0.50098 0.67856 0.939 -0.37936 34.0000 30.26 0.9539 0.9548 2.176291 
569.2278 57.153 53.471 0.50170 0.67730 0.935 -0.38067 34.0000 30.50 0.9542 0.9551 2.178112 
568.7516 57.204 53.381 0.50215 0.67568 0.925 -0.38201 34.0000 29.95 0.9543 0.9552 2.179936 
568.2753 57.249 53.291 0.50279 0.67432 0.906 -0.38329 34.0000 29.59 0.9545 0.9554 2.181763 
567.7988 57.298 53.194 0.50340 0.67276 0.898 -0.38462 34.0000 29.76 0.9546 0.9555 2.183594 
567.3222 57.347 53.098 0.50390 0.67109 0.895 -0.38590 34.0000 29.79 0.9548 0.9557 2.185428 
566.8455 57.395 53.002 0.50457 0.66963 0.886 -0.38722 34.0000 29.23 0.9548 0.9557 2.187266 
566.3687 57.442 52.904 0.50523 0.66813 0.873 -0.38853 34.0000 29.47 0.9548 0.9557 2.189107 
565.8918 57.490 52.809 0.50574 0.66651 0.860 -0.38980 34.0000 28.98 0.9549 0.9558 2.190952 
565.4149 57.537 52.714 0.50640 0.66510 0.855 -0.39113 34.0000 28.68 0.9549 0.9558 2.192800 
564.9377 57.587 52.615 0.50693 0.66339 0.841 -0.39241 34.0000 28.89 0.9549 0.9558 2.194653 
564.4605 57.640 52.518 0.50740 0.66168 0.838 -0.39378 34.0000 28.77 0.9548 0.9558 2.196508 
563.9832 57.692 52.421 0.50778 0.65987 0.831 -0.39506 34.0000 28.38 0.9548 0.9557 2.198367 
563.5057 57.741 52.324 0.50824 0.65816 0.816 -0.39630 34.0000 27.82 0.9548 0.9557 2.200230 
563.0282 57.795 52.227 0.50865 0.65639 0.810 -0.39769 34.0000 27.97 0.9547 0.9557 2.202096 
562.5505 57.848 52.129 0.50915 0.65471 0.803 -0.39908 34.0000 27.56 0.9548 0.9557 2.203966 
562.0728 57.899 52.032 0.50956 0.65295 0.799 -0.40034 34.0000 27.97 0.9549 0.9558 2.205839 
561.5948 57.953 51.931 0.51000 0.65117 0.779 -0.40173 34.0000 27.66 0.9548 0.9557 2.207716 
561.1169 58.006 51.824 0.51059 0.64940 0.773 -0.40312 34.0000 27.24 0.9547 0.9556 2.209597 
560.6388 58.057 51.721 0.51105 0.64760 0.765 -0.40440 34.0000 27.22 0.9546 0.9555 2.211481 
560.1606 58.112 51.615 0.51148 0.64567 0.760 -0.40576 34.0000 27.09 0.9545 0.9554 2.213369 
559.6823 58.166 51.504 0.51189 0.64363 0.755 -0.40700 34.0000 27.30 0.9544 0.9554 2.215260 
559.2039 58.218 51.396 0.51234 0.64170 0.749 -0.40826 34.0000 27.13 0.9542 0.9552 2.217155 
558.7253 58.270 51.288 0.51273 0.63971 0.737 -0.40948 34.0000 27.01 0.9542 0.9552 2.219055 
558.2467 58.321 51.186 0.51326 0.63804 0.730 -0.41081 34.0000 26.36 0.9541 0.9551 2.220957 
557.7679 58.371 51.076 0.51379 0.63621 0.722 -0.41204 34.0000 26.42 0.9539 0.9549 2.222864 
557.2891 58.423 50.967 0.51436 0.63442 0.712 -0.41337 34.0000 26.34 0.9539 0.9549 2.224773 
556.8102 58.477 50.858 0.51476 0.63246 0.708 -0.41468 34.0000 26.11 0.9538 0.9549 2.226687 
556.3311 58.529 50.745 0.51530 0.63057 0.701 -0.41597 34.0000 25.17 0.9538 0.9549 2.228604 
555.8519 58.583 50.637 0.51573 0.62868 0.699 -0.41731 34.0000 25.62 0.9538 0.9548 2.230525 
555.3726 58.638 50.526 0.51610 0.62666 0.690 -0.41859 34.0000 25.25 0.9537 0.9548 2.232451 
554.8932 58.684 50.411 0.51668 0.62479 0.678 -0.41967 34.0000 25.56 0.9537 0.9548 2.234379 
554.4137 58.738 50.288 0.51723 0.62274 0.677 -0.42100 34.0000 25.18 0.9537 0.9547 2.236312 
553.9341 58.792 50.166 0.51782 0.62077 0.674 -0.42231 34.0000 25.34 0.9535 0.9546 2.238248 
553.4543 58.843 50.052 0.51829 0.61882 0.663 -0.42352 34.0000 24.26 0.9534 0.9545 2.240188 
552.9745 58.896 49.924 0.51885 0.61669 0.652 -0.42476 34.0000 24.44 0.9533 0.9544 2.242132 
552.4946 58.954 49.806 0.51913 0.61445 0.649 -0.42604 34.0000 24.38 0.9534 0.9545 2.244080 
552.0145 59.009 49.694 0.51942 0.61235 0.643 -0.42726 34.0000 24.12 0.9536 0.9547 2.246031 
551.5344 59.063 49.580 0.51981 0.61034 0.641 -0.42853 34.0000 24.06 0.9536 0.9547 2.247986 
551.0541 59.117 49.460 0.52021 0.60822 0.635 -0.42976 34.0000 24.25 0.9535 0.9546 2.249946 
550.5737 59.177 49.344 0.52048 0.60605 0.628 -0.43112 34.0000 23.94 0.9536 0.9547 2.251909 
550.0933 59.228 49.219 0.52118 0.60421 0.620 -0.43247 34.0000 24.17 0.9536 0.9547 2.253876 
549.6127 59.287 49.095 0.52159 0.60203 0.618 -0.43381 34.0000 23.81 0.9535 0.9546 2.255847 
549.1320 59.346 48.970 0.52201 0.59987 0.613 -0.43521 34.0000 23.45 0.9533 0.9545 2.257821 
548.6511 59.403 48.843 0.52247 0.59772 0.608 -0.43656 34.0000 22.90 0.9534 0.9546 2.259800 
548.1702 59.456 48.711 0.52312 0.59569 0.601 -0.43785 34.0000 23.01 0.9534 0.9546 2.261783 
547.6891 59.512 48.576 0.52369 0.59352 0.592 -0.43919 34.0000 22.83 0.9534 0.9545 2.263770 
547.2080 59.570 48.444 0.52415 0.59127 0.590 -0.44051 34.0000 22.64 0.9534 0.9546 2.265760 
546.7267 59.627 48.315 0.52457 0.58908 0.588 -0.44182 34.0000 23.06 0.9536 0.9548 2.267755 
546.2454 59.683 48.190 0.52494 0.58690 0.580 -0.44307 34.0000 22.34 0.9535 0.9547 2.269752 
545.7639 59.739 48.061 0.52543 0.58481 0.574 -0.44438 34.0000 22.15 0.9534 0.9545 2.271755 
545.2823 59.793 47.928 0.52596 0.58266 0.573 -0.44567 34.0000 22.23 0.9532 0.9543 2.273762 
544.8007 59.853 47.792 0.52643 0.58041 0.569 -0.44705 34.0000 21.60 0.9530 0.9541 2.275771 
544.3188 59.905 47.649 0.52708 0.57823 0.568 -0.44827 34.0000 21.63 0.9529 0.9541 2.277786 
543.8369 59.965 47.515 0.52740 0.57586 0.560 -0.44957 34.0000 21.41 0.9528 0.9540 2.279805 
543.3549 60.021 47.378 0.52784 0.57357 0.550 -0.45082 34.0000 21.30 0.9528 0.9540 2.281827 
542.8728 60.082 47.238 0.52813 0.57109 0.549 -0.45206 34.0000 21.23 0.9526 0.9537 2.283853 
542.3905 60.135 47.098 0.52877 0.56899 0.544 -0.45334 34.0000 20.99 0.9522 0.9534 2.285884 
541.9082 60.193 46.968 0.52900 0.56664 0.541 -0.45455 34.0000 20.63 0.9521 0.9532 2.287919 
541.4257 60.243 46.831 0.52960 0.56457 0.536 -0.45571 34.0000 20.74 0.9518 0.9530 2.289958 
540.9431 60.302 46.691 0.52991 0.56216 0.531 -0.45695 34.0000 20.15 0.9518 0.9530 2.292001 
540.4604 60.358 46.552 0.53035 0.55988 0.525 -0.45819 34.0000 20.43 0.9516 0.9528 2.294048 
539.9777 60.413 46.402 0.53099 0.55763 0.527 -0.45947 34.0000 20.46 0.9515 0.9526 2.296098 
539.4948 60.461 46.252 0.53164 0.55540 0.521 -0.46055 34.0000 20.16 0.9511 0.9523 2.298154 
539.0118 60.517 46.103 0.53217 0.55305 0.516 -0.46179 34.0000 19.91 0.9510 0.9522 2.300213 
538.5286 60.573 45.959 0.53262 0.55076 0.512 -0.46304 34.0000 19.47 0.9509 0.9521 2.302277 
538.0454 60.631 45.817 0.53292 0.54833 0.507 -0.46420 34.0000 19.29 0.9509 0.9521 2.304344 
537.5621 60.680 45.672 0.53343 0.54609 0.498 -0.46524 34.0000 19.02 0.9507 0.9519 2.306416 
537.0786 60.731 45.517 0.53413 0.54387 0.500 -0.46645 34.0000 19.07 0.9504 0.9516 2.308492 
536.5950 60.792 45.361 0.53454 0.54132 0.498 -0.46775 34.0000 18.66 0.9502 0.9514 2.310573 
536.1114 60.838 45.203 0.53529 0.53909 0.500 -0.46878 34.0000 19.03 0.9496 0.9508 2.312657 
535.6276 60.885 45.049 0.53594 0.53687 0.494 -0.46979 34.0000 18.14 0.9493 0.9505 2.314746 
535.1437 60.934 44.891 0.53664 0.53459 0.486 -0.47088 34.0000 18.43 0.9493 0.9505 2.316839 
534.6597 60.986 44.728 0.53734 0.53226 0.486 -0.47208 34.0000 18.31 0.9489 0.9501 2.318936 
534.1756 61.029 44.570 0.53815 0.53013 0.482 -0.47310 34.0000 17.83 0.9484 0.9497 2.321038 
533.6913 61.074 44.410 0.53895 0.52796 0.475 -0.47416 34.0000 17.39 0.9481 0.9493 2.323144 
533.2070 61.120 44.247 0.53967 0.52567 0.473 -0.47516 34.0000 17.29 0.9478 0.9491 2.325254 
532.7226 61.174 44.091 0.54027 0.52339 0.474 -0.47642 34.0000 17.06 0.9478 0.9490 2.327369 
532.2380 61.220 43.930 0.54094 0.52110 0.467 -0.47741 34.0000 16.86 0.9475 0.9488 2.329488 
531.7534 61.265 43.774 0.54161 0.51891 0.467 -0.47841 34.0000 16.88 0.9472 0.9485 2.331611 
531.2686 61.316 43.610 0.54222 0.51653 0.464 -0.47953 34.0000 16.77 0.9470 0.9483 2.333738 
530.7837 61.362 43.443 0.54309 0.51436 0.462 -0.48064 34.0000 16.26 0.9470 0.9483 2.335870 
530.2987 61.411 43.284 0.54371 0.51208 0.459 -0.48173 34.0000 16.08 0.9468 0.9480 2.338007 
529.8136 61.450 43.116 0.54473 0.51003 0.461 -0.48277 34.0000 16.22 0.9468 0.9481 2.340147 
529.3284 61.495 42.955 0.54546 0.50785 0.445 -0.48379 34.0000 15.68 0.9465 0.9478 2.342292 
528.8430 61.542 42.788 0.54622 0.50560 0.449 -0.48492 34.0000 15.67 0.9463 0.9477 2.344442 
528.3576 61.589 42.612 0.54707 0.50326 0.450 -0.48602 34.0000 15.62 0.9462 0.9475 2.346596 
527.8720 61.634 42.435 0.54800 0.50101 0.446 -0.48715 34.0000 15.29 0.9462 0.9475 2.348755 
527.3864 61.677 42.256 0.54897 0.49876 0.445 -0.48822 34.0000 15.16 0.9459 0.9472 2.350917 
526.9006 61.724 42.088 0.54977 0.49654 0.439 -0.48937 34.0000 14.81 0.9458 0.9471 2.353085 
526.4147 61.770 41.916 0.55053 0.49424 0.438 -0.49042 34.0000 14.43 0.9458 0.9471 2.355257 
525.9287 61.818 41.749 0.55118 0.49193 0.433 -0.49151 34.0000 14.51 0.9456 0.9469 2.357433 
525.4426 61.867 41.572 0.55194 0.48955 0.438 -0.49265 34.0000 14.59 0.9457 0.9471 2.359614 
524.9564 61.918 41.400 0.55251 0.48710 0.430 -0.49378 34.0000 13.94 0.9454 0.9468 2.361800 
524.4700 61.974 41.230 0.55297 0.48460 0.429 -0.49497 34.0000 13.73 0.9451 0.9465 2.363990 
523.9836 62.020 41.053 0.55371 0.48222 0.426 -0.49602 34.0000 13.36 0.9453 0.9467 2.366185 
523.4971 62.067 40.869 0.55458 0.47986 0.419 -0.49716 34.0000 13.39 0.9455 0.9469 2.368384 
523.0104 62.109 40.678 0.55556 0.47749 0.420 -0.49817 34.0000 13.14 0.9452 0.9466 2.370588 
522.5236 62.159 40.487 0.55635 0.47494 0.417 -0.49933 34.0000 12.76 0.9453 0.9467 2.372796 
522.0367 62.216 40.302 0.55691 0.47232 0.417 -0.50060 34.0000 12.60 0.9452 0.9466 2.375009 
521.5497 62.270 40.108 0.55746 0.46957 0.408 -0.50170 34.0000 12.43 0.9454 0.9468 2.377227 
521.0626 62.318 39.923 0.55808 0.46700 0.408 -0.50268 34.0000 12.30 0.9455 0.9470 2.379449 
520.5754 62.364 39.736 0.55879 0.46452 0.407 -0.50369 34.0000 12.36 0.9456 0.9471 2.381676 
520.0881 62.407 39.554 0.55950 0.46210 0.407 -0.50462 34.0000 12.11 0.9459 0.9474 2.383908 
519.6006 62.454 39.364 0.56024 0.45959 0.403 -0.50567 34.0000 11.94 0.9463 0.9477 2.386144 
519.1131 62.494 39.174 0.56113 0.45723 0.400 -0.50662 34.0000 11.88 0.9463 0.9478 2.388385 
518.6254 62.532 38.992 0.56205 0.45500 0.395 -0.50756 34.0000 11.51 0.9461 0.9475 2.390631 
518.1377 62.579 38.807 0.56270 0.45254 0.398 -0.50860 34.0000 11.39 0.9459 0.9474 2.392881 
517.6498 62.628 38.610 0.56342 0.44994 0.395 -0.50968 34.0000 11.03 0.9460 0.9475 2.395137 
517.1618 62.669 38.418 0.56419 0.44746 0.391 -0.51057 34.0000 10.86 0.9458 0.9473 2.397397 
516.6737 62.699 38.234 0.56525 0.44536 0.389 -0.51138 34.0000 10.88 0.9456 0.9471 2.399661 
516.1855 62.748 38.042 0.56587 0.44277 0.387 -0.51243 34.0000 10.50 0.9457 0.9472 2.401931 
515.6971 62.795 37.847 0.56670 0.44033 0.385 -0.51361 34.0000 10.39 0.9460 0.9475 2.404206 
515.2087 62.841 37.655 0.56746 0.43787 0.385 -0.51470 34.0000 10.36 0.9459 0.9474 2.406485 
514.7202 62.885 37.458 0.56826 0.43538 0.384 -0.51572 34.0000 10.15 0.9462 0.9478 2.408769 
514.2314 62.924 37.271 0.56912 0.43310 0.377 -0.51673 34.0000 10.03 0.9463 0.9478 2.411058 
513.7427 62.970 37.084 0.56982 0.43070 0.381 -0.51782 34.0000 10.12 0.9465 0.9481 2.413352 
513.2538 63.009 36.883 0.57097 0.42843 0.379 -0.51897 34.0000 9.85 0.9467 0.9483 2.415651 
512.7648 63.053 36.697 0.57159 0.42601 0.372 -0.51994 34.0000 9.69 0.9464 0.9480 2.417955 
512.2757 63.094 36.514 0.57205 0.42351 0.376 -0.52071 34.0000 9.76 0.9461 0.9477 2.420263 
511.7864 63.143 36.312 0.57275 0.42090 0.372 -0.52183 34.0000 9.54 0.9460 0.9475 2.422577 
511.2971 63.188 36.095 0.57365 0.41823 0.368 -0.52295 34.0000 9.49 0.9463 0.9479 2.424895 
510.8076 63.238 35.877 0.57457 0.41557 0.362 -0.52427 34.0000 9.19 0.9464 0.9479 2.427219 
510.3181 63.272 35.667 0.57563 0.41313 0.371 -0.52512 34.0000 9.07 0.9458 0.9474 2.429547 
509.8284 63.307 35.470 0.57614 0.41050 0.364 -0.52564 34.0000 8.86 0.9448 0.9463 2.431881 
509.3386 63.349 35.281 0.57650 0.40789 0.368 -0.52634 34.0000 8.88 0.9443 0.9458 2.434219 
508.8488 63.394 35.070 0.57710 0.40515 0.357 -0.52725 34.0000 8.59 0.9444 0.9460 2.436563 
508.3587 63.435 34.853 0.57789 0.40243 0.359 -0.52816 34.0000 8.61 0.9444 0.9459 2.438912 
507.8686 63.483 34.647 0.57851 0.39979 0.356 -0.52927 34.0000 8.54 0.9446 0.9461 2.441265 
507.3784 63.530 34.420 0.57932 0.39696 0.364 -0.53035 34.0000 8.47 0.9449 0.9465 2.443624 
506.8880 63.575 34.204 0.57986 0.39413 0.360 -0.53122 34.0000 8.21 0.9444 0.9459 2.445988 
506.3976 63.619 33.975 0.58050 0.39118 0.353 -0.53206 34.0000 8.01 0.9442 0.9458 2.448357 
505.9070 63.660 33.756 0.58102 0.38831 0.349 -0.53276 34.0000 7.76 0.9436 0.9452 2.450731 
505.4163 63.703 33.534 0.58170 0.38552 0.343 -0.53365 34.0000 7.61 0.9436 0.9451 2.453110 
504.9255 63.738 33.309 0.58237 0.38267 0.351 -0.53423 34.0000 7.65 0.9437 0.9452 2.455495 
504.4346 63.776 33.088 0.58274 0.37971 0.343 -0.53471 34.0000 7.64 0.9437 0.9452 2.457884 
503.9436 63.815 32.881 0.58299 0.37688 0.342 -0.53520 34.0000 7.54 0.9426 0.9441 2.460279 
503.4525 63.851 32.661 0.58358 0.37410 0.346 -0.53581 34.0000 7.40 0.9417 0.9432 2.462679 
502.9612 63.884 32.426 0.58444 0.37127 0.349 -0.53645 34.0000 7.26 0.9415 0.9430 2.465085 
502.4698 63.914 32.199 0.58526 0.36854 0.345 -0.53703 34.0000 7.36 0.9404 0.9419 2.467495 
501.9784 63.953 31.975 0.58571 0.36564 0.349 -0.53765 34.0000 7.32 0.9403 0.9417 2.469911 
501.4868 63.986 31.743 0.58645 0.36280 0.342 -0.53822 34.0000 7.21 0.9401 0.9415 2.472332 
500.9951 64.019 31.502 0.58717 0.35985 0.341 -0.53877 34.0000 7.06 0.9397 0.9411 2.474759 
500.5033 64.044 31.262 0.58803 0.35699 0.334 -0.53915 34.0000 6.68 0.9392 0.9406 2.477190 
500.0114 64.078 31.022 0.58866 0.35402 0.333 -0.53968 34.0000 6.65 0.9389 0.9403 2.479627 
499.5193 64.110 30.772 0.58939 0.35095 0.338 -0.54018 34.0000 6.83 0.9382 0.9396 2.482070 
499.0272 64.149 30.534 0.58981 0.34789 0.338 -0.54077 34.0000 6.45 0.9376 0.9389 2.484518 
498.5349 64.181 30.289 0.59054 0.34493 0.332 -0.54130 34.0000 6.34 0.9369 0.9382 2.486971 
498.0426 64.206 30.038 0.59135 0.34194 0.324 -0.54163 34.0000 6.09 0.9360 0.9374 2.489429 
497.5501 64.231 29.796 0.59208 0.33903 0.323 -0.54197 34.0000 5.92 0.9347 0.9360 2.491894 
497.0575 64.254 29.532 0.59339 0.33617 0.321 -0.54264 34.0000 5.86 0.9340 0.9354 2.494363 
496.5648 64.278 29.269 0.59421 0.33304 0.324 -0.54291 34.0000 5.74 0.9338 0.9351 2.496838 
496.0720 64.294 29.017 0.59516 0.33013 0.322 -0.54309 34.0000 5.55 0.9326 0.9339 2.499318 
495.5790 64.317 28.774 0.59594 0.32727 0.323 -0.54341 34.0000 5.38 0.9318 0.9331 2.501805 
495.0860 64.338 28.501 0.59703 0.32418 0.323 -0.54379 34.0000 5.19 0.9310 0.9323 2.504296 
494.5928 64.359 28.250 0.59783 0.32123 0.321 -0.54405 34.0000 5.33 0.9293 0.9305 2.506793 
494.0995 64.383 27.993 0.59849 0.31813 0.325 -0.54431 34.0000 5.25 0.9287 0.9299 2.509296 
493.6062 64.408 27.726 0.59927 0.31498 0.325 -0.54465 34.0000 5.20 0.9280 0.9293 2.511804 
493.1127 64.433 27.472 0.59990 0.31192 0.319 -0.54492 34.0000 5.10 0.9272 0.9284 2.514318 
492.6190 64.446 27.210 0.60094 0.30898 0.324 -0.54506 34.0000 5.13 0.9262 0.9275 2.516837 
492.1253 64.456 26.951 0.60189 0.30602 0.319 -0.54508 34.0000 5.20 0.9252 0.9264 2.519362 
491.6315 64.473 26.692 0.60285 0.30310 0.306 -0.54534 34.0000 5.10 0.9241 0.9253 2.521893 
491.1375 64.487 26.424 0.60386 0.30007 0.300 -0.54553 34.0000 5.06 0.9230 0.9242 2.524429 
490.6435 64.498 26.164 0.60478 0.29711 0.307 -0.54558 34.0000 4.93 0.9221 0.9234 2.526971 
490.1493 64.518 25.894 0.60554 0.29396 0.308 -0.54578 34.0000 4.91 0.9211 0.9224 2.529519 
489.6550 64.523 25.623 0.60668 0.29098 0.297 -0.54575 34.0000 4.92 0.9201 0.9213 2.532072 
489.1606 64.534 25.340 0.60761 0.28774 0.299 -0.54575 34.0000 4.92 0.9188 0.9200 2.534631 
488.6661 64.541 25.052 0.60887 0.28460 0.294 -0.54587 34.0000 4.68 0.9178 0.9191 2.537196 
488.1714 64.548 24.766 0.61005 0.28145 0.292 -0.54593 34.0000 4.66 0.9169 0.9181 2.539768 
487.6767 64.552 24.495 0.61111 0.27843 0.298 -0.54582 34.0000 4.64 0.9157 0.9170 2.542344 
487.1818 64.561 24.219 0.61194 0.27526 0.295 -0.54574 34.0000 4.62 0.9145 0.9157 2.544927 
486.6869 64.566 23.931 0.61302 0.27205 0.296 -0.54566 34.0000 4.51 0.9131 0.9144 2.547514 
486.1918 64.577 23.648 0.61386 0.26880 0.284 -0.54565 34.0000 4.37 0.9119 0.9132 2.550109 
485.6966 64.586 23.368 0.61468 0.26559 0.288 -0.54556 34.0000 4.37 0.9105 0.9118 2.552709 
485.2013 64.583 23.066 0.61613 0.26237 0.287 -0.54552 34.0000 4.52 0.9096 0.9109 2.555314 
484.7058 64.585 22.781 0.61711 0.25917 0.288 -0.54532 34.0000 4.48 0.9079 0.9092 2.557927 
484.2103 64.577 22.507 0.61836 0.25622 0.282 -0.54502 34.0000 4.33 0.9067 0.9080 2.560544 
483.7146 64.563 22.220 0.61989 0.25322 0.284 -0.54467 34.0000 4.55 0.9059 0.9072 2.563168 
483.2189 64.556 21.923 0.62133 0.25006 0.278 -0.54453 34.0000 4.78 0.9046 0.9060 2.565798 
482.7230 64.548 21.623 0.62261 0.24680 0.280 -0.54422 34.0000 5.05 0.9030 0.9044 2.568433 
482.2270 64.545 21.344 0.62353 0.24366 0.289 -0.54384 34.0000 5.27 0.9017 0.9030 2.571075 
481.7309 64.533 21.054 0.62471 0.24048 0.275 -0.54335 34.0000 5.45 0.8999 0.9013 2.573723 
481.2346 64.508 20.765 0.62626 0.23746 0.278 -0.54267 34.0000 5.72 0.8981 0.8995 2.576377 
480.7383 64.485 20.482 0.62781 0.23451 0.271 -0.54211 34.0000 5.54 0.8965 0.8979 2.579037 
480.2419 64.471 20.195 0.62919 0.23143 0.273 -0.54174 34.0000 5.88 0.8951 0.8965 2.581703 
479.7453 64.455 19.905 0.63064 0.22835 0.265 -0.54140 34.0000 5.89 0.8937 0.8950 2.584375 
479.2486 64.439 19.609 0.63217 0.22521 0.261 -0.54107 34.0000 5.95 0.8920 0.8934 2.587054 
478.7518 64.419 19.315 0.63363 0.22208 0.254 -0.54058 34.0000 5.96 0.8901 0.8915 2.589738 
478.2549 64.408 19.026 0.63500 0.21897 0.253 -0.54036 34.0000 6.00 0.8881 0.8895 2.592429 
477.7579 64.394 18.732 0.63635 0.21579 0.255 -0.54003 34.0000 6.33 0.8867 0.8881 2.595126 
477.2608 64.371 18.442 0.63791 0.21273 0.250 -0.53954 34.0000 6.16 0.8850 0.8864 2.597829 
476.7635 64.349 18.163 0.63944 0.20978 0.245 -0.53911 34.0000 6.28 0.8834 0.8848 2.600539 
476.2662 64.332 17.877 0.64084 0.20670 0.253 -0.53877 34.0000 6.51 0.8820 0.8834 2.603254 
475.7687 64.323 17.576 0.64210 0.20339 0.251 -0.53857 34.0000 6.67 0.8808 0.8822 2.605976 
475.2711 64.307 17.288 0.64345 0.20026 0.248 -0.53822 34.0000 7.06 0.8793 0.8808 2.608705 
474.7734 64.296 16.981 0.64459 0.19684 0.251 -0.53787 34.0000 7.15 0.8779 0.8794 2.611439 
474.2756 64.277 16.679 0.64596 0.19354 0.251 -0.53741 34.0000 7.50 0.8768 0.8783 2.614180 
473.7776 64.274 16.379 0.64698 0.19016 0.248 -0.53732 34.0000 8.07 0.8751 0.8766 2.616928 
473.2796 64.276 16.074 0.64768 0.18662 0.248 -0.53713 34.0000 8.33 0.8737 0.8752 2.619682 
472.7814 64.270 15.763 0.64847 0.18304 0.248 -0.53675 34.0000 8.43 0.8724 0.8739 2.622442 
472.2831 64.280 15.446 0.64876 0.17926 0.242 -0.53655 34.0000 8.96 0.8712 0.8728 2.625209 
471.7848 64.290 15.147 0.64922 0.17575 0.238 -0.53654 34.0000 9.22 0.8705 0.8721 2.627982 
471.2863 64.297 14.836 0.65025 0.17223 0.232 -0.53688 34.0000 9.43 0.8701 0.8716 2.630762 
470.7876 64.308 14.532 0.65079 0.16870 0.230 -0.53701 34.0000 9.67 0.8693 0.8708 2.633548 
470.2889 64.319 14.212 0.65127 0.16494 0.229 -0.53703 34.0000 9.87 0.8684 0.8699 2.636341 
469.7900 64.328 13.918 0.65134 0.16141 0.225 -0.53678 34.0000 9.66 0.8676 0.8691 2.639141 
469.2911 64.355 13.626 0.65110 0.15783 0.227 -0.53691 34.0000 9.88 0.8671 0.8686 2.641946 
468.7920 64.392 13.327 0.65107 0.15422 0.223 -0.53766 34.0000 9.91 0.8677 0.8692 2.644759 
468.2928 64.418 13.021 0.65135 0.15063 0.222 -0.53823 34.0000 9.95 0.8680 0.8695 2.647578 
467.7935 64.446 12.711 0.65154 0.14696 0.226 -0.53879 34.0000 10.27 0.8679 0.8694 2.650404 
467.2941 64.480 12.394 0.65142 0.14315 0.223 -0.53932 34.0000 10.29 0.8682 0.8697 2.653237 
466.7945 64.518 12.066 0.65091 0.13914 0.227 -0.53970 34.0000 10.60 0.8685 0.8700 2.656077 
466.2949 64.550 11.743 0.65043 0.13520 0.222 -0.53987 34.0000 11.17 0.8680 0.8694 2.658922 
465.7951 64.586 11.433 0.64973 0.13140 0.229 -0.54010 34.0000 11.95 0.8685 0.8700 2.661775 
465.2952 64.619 11.141 0.64934 0.12788 0.225 -0.54050 34.0000 12.31 0.8683 0.8697 2.664635 
464.7952 64.654 10.831 0.64911 0.12419 0.226 -0.54108 34.0000 13.22 0.8690 0.8704 2.667502 
464.2951 64.691 10.503 0.64837 0.12020 0.227 -0.54130 34.0000 14.34 0.8691 0.8706 2.670375 
463.7949 64.747 10.164 0.64773 0.11613 0.221 -0.54234 34.0000 15.03 0.8691 0.8705 2.673255 
463.2946 64.786 9.862 0.64695 0.11247 0.220 -0.54269 34.0000 15.64 0.8687 0.8701 2.676142 
462.7941 64.834 9.535 0.64637 0.10857 0.216 -0.54354 34.0000 16.32 0.8700 0.8713 2.679036 
462.2935 64.889 9.211 0.64587 0.10473 0.212 -0.54473 34.0000 17.09 0.8710 0.8724 2.681937 
461.7928 64.947 8.897 0.64469 0.10092 0.209 -0.54549 34.0000 17.47 0.8709 0.8722 2.684845 
461.2921 64.998 8.596 0.64344 0.09726 0.205 -0.54596 34.0000 17.88 0.8723 0.8736 2.687759 
460.7911 65.042 8.274 0.64265 0.09345 0.201 -0.54655 34.0000 17.68 0.8725 0.8738 2.690681 
460.2901 65.091 7.918 0.64182 0.08927 0.200 -0.54724 34.0000 17.83 0.8728 0.8741 2.693610 
459.7889 65.141 7.567 0.64112 0.08516 0.200 -0.54814 34.0000 17.52 0.8731 0.8744 2.696546 
459.2877 65.189 7.228 0.64035 0.08121 0.199 -0.54893 34.0000 17.66 0.8741 0.8754 2.699489 
458.7863 65.242 6.895 0.63934 0.07731 0.198 -0.54971 34.0000 17.54 0.8753 0.8765 2.702439 
458.2848 65.292 6.547 0.63814 0.07323 0.199 -0.55025 34.0000 17.80 0.8762 0.8774 2.705396 
457.7832 65.354 6.196 0.63674 0.06913 0.201 -0.55105 34.0000 17.90 0.8769 0.8780 2.708360 
457.2815 65.431 5.838 0.63491 0.06492 0.197 -0.55209 34.0000 18.26 0.8781 0.8792 2.711332 
456.7796 65.489 5.503 0.63375 0.06106 0.198 -0.55302 34.0000 18.11 0.8799 0.8810 2.714311 
456.2777 65.548 5.162 0.63259 0.05715 0.195 -0.55401 34.0000 18.65 0.8815 0.8826 2.717297 
455.7756 65.622 4.809 0.63103 0.05309 0.192 -0.55523 34.0000 18.29 0.8832 0.8843 2.720290 
455.2734 65.683 4.471 0.62936 0.04921 0.190 -0.55587 34.0000 18.18 0.8849 0.8859 2.723291 
454.7711 65.734 4.113 0.62833 0.04518 0.188 -0.55670 34.0000 18.05 0.8864 0.8874 2.726299 
454.2687 65.798 3.755 0.62698 0.04115 0.182 -0.55779 34.0000 17.33 0.8884 0.8894 2.729314 
453.7662 65.827 3.377 0.62647 0.03697 0.180 -0.55822 34.0000 16.61 0.8896 0.8906 2.732336 
453.2635 65.853 2.992 0.62570 0.03270 0.177 -0.55834 34.0000 15.76 0.8903 0.8913 2.735367 
452.7608 65.875 2.610 0.62523 0.02850 0.172 -0.55861 34.0000 14.72 0.8913 0.8923 2.738404 
452.2579 65.894 2.218 0.62471 0.02420 0.169 -0.55873 34.0000 13.60 0.8922 0.8932 2.741449 
451.7549 65.909 1.829 0.62429 0.01993 0.171 -0.55882 34.0000 12.68 0.8930 0.8940 2.744501 
451.2518 65.922 1.432 0.62387 0.01560 0.169 -0.55883 34.0000 11.81 0.8938 0.8948 2.747561 
450.7485 65.931 1.032 0.62368 0.01124 0.168 -0.55893 34.0000 10.86 0.8949 0.8959 2.750629 
450.2452 65.937 0.631 0.62327 0.00686 0.170 -0.55875 34.0000 10.04 0.8954 0.8964 2.753704 
449.7417 65.940 0.222 0.62300 0.00241 0.167 -0.55859 34.0000 9.20 0.8962 0.8972 2.756787 
449.2382 65.939 359.818 0.62288 -0.00198 0.169 -0.55844 34.0000 8.77 0.8969 0.8980 2.759876 
448.7345 65.935 359.403 0.62269 -0.00649 0.166 -0.55814 34.0000 8.33 0.8975 0.8986 2.762974 
448.2307 65.927 358.991 0.62262 -0.01097 0.164 -0.55785 34.0000 7.68 0.8982 0.8993 2.766080 
447.7267 65.916 358.575 0.62274 -0.01549 0.161 -0.55761 34.0000 7.41 0.8991 0.9002 2.769193 
447.2227 65.902 358.156 0.62281 -0.02005 0.160 -0.55723 34.0000 6.88 0.8998 0.9009 2.772314 
446.7186 65.885 357.731 0.62270 -0.02467 0.159 -0.55660 34.0000 6.23 0.9001 0.9012 2.775443 
446.2143 65.864 357.308 0.62290 -0.02929 0.159 -0.55615 34.0000 5.75 0.9008 0.9019 2.778580 
445.7099 65.840 356.881 0.62312 -0.03395 0.153 -0.55561 34.0000 5.25 0.9014 0.9025 2.781724 
445.2054 65.812 356.452 0.62339 -0.03865 0.151 -0.55501 34.0000 4.65 0.9020 0.9032 2.784876 
444.7008 65.781 356.022 0.62368 -0.04338 0.151 -0.55434 34.0000 4.23 0.9025 0.9037 2.788036 
444.1960 65.747 355.589 0.62402 -0.04814 0.153 -0.55360 34.0000 3.83 0.9030 0.9042 2.791204 
443.6912 65.709 355.154 0.62438 -0.05294 0.154 -0.55278 34.0000 3.46 0.9034 0.9047 2.794380 
443.1862 65.668 354.717 0.62482 -0.05777 0.153 -0.55194 34.0000 3.06 0.9039 0.9051 2.797564 
442.6812 65.623 354.282 0.62542 -0.06262 0.152 -0.55113 34.0000 2.89 0.9045 0.9058 2.800756 
442.1759 65.574 353.841 0.62593 -0.06755 0.150 -0.55015 34.0000 2.55 0.9048 0.9061 2.803956 
441.6706 65.523 353.401 0.62646 -0.07248 0.154 -0.54909 34.0000 2.43 0.9051 0.9064 2.807164 
441.1652 65.468 352.958 0.62714 -0.07747 0.160 -0.54805 34.0000 2.28 0.9055 0.9069 2.810380 
440.6596 65.409 352.516 0.62783 -0.08248 0.151 -0.54694 34.0000 2.12 0.9058 0.9073 2.813605 
440.1540 65.347 352.067 0.62845 -0.08758 0.150 -0.54565 34.0000 1.92 0.9059 0.9074 2.816837 
439.6482 65.347 352.067 0.62845 -0.08758 0.148 -0.54565 34.0000 1.80 0.9059 0.9074 2.820077 

# MINIMA:
439.6482 3.961 0.016 -10.37916 -11.85269 -5289.056 -7.34229 34.0000 1.80 0.5279 0.5574 1.240099 

# MAXIMA:
999.7925 87.840 359.971 16.39629 5.30838 246.914 67.35753 34.0000 54.59 2.79083401481289728E18 7.46119354711120282E19 2.820077 

# PEAKS:

# END SPECTRUM

