## SPECTRUM TYPE:
LCE

## DATE:
24/09/2026

## COMMENTS:

## NUMBER OF SPECTRUM:
1

## ELLIPSOMETRIC CONFIGURATION:
0.00 ø :Modulator
+45.00 øAnalyser

## UNIT:
nm


# SPECTRUM:
1

# CAPTION:


# START TIME:
10:54:05

# END TIME:
10:54:05

# THETA ANGLE:
0.00 ø

# INCIDENCE ANGLE:
69.95 ø

# ACCUMULATION NUMBER:
17

# ELLIPSOMETRIC CONFIGURATION:
0.00 ø :Modulator
+45.00 øAnalyser

# INTEGRATION TIME:
13 ms

# FIRST POINT:
999.79 nm

# LAST POINT:
439.65 nm

# INCREMENT:
0.00 nm

# NUMBER OF POINTS:
1273

# DATA:
nm Psi Delta Ic Is Reflectance IcPrim IntegrationTime IntensityMax Polarization PolarizationGen eV 
999.7925 9.990 225.438 -17.18374 -17.44876 0.000 67.35752 13.0000 5.34 2.8915050245741609E18 1.15933359253724594E20 1.240099 
999.4089 9.990 225.438 -17.18374 -17.44876 1.290 67.35752 13.0000 5.33 2.68931555646452531E18 1.07826686410411213E20 1.240575 
999.0253 9.990 225.438 -17.18374 -17.44876 0.889 67.35752 13.0000 5.43 2.56368343372949094E18 1.02789524576406602E20 1.241052 
998.6415 9.990 225.438 -17.18374 -17.44876 2.938 67.35752 13.0000 5.43 2.42038408328144486E18 9.70440133713235804E19 1.241529 
998.2578 9.990 225.438 -17.18374 -17.44876 0.307 67.35752 13.0000 5.52 2.25745473942585344E18 9.05114453547994317E19 1.242006 
997.8739 9.990 225.438 -17.18374 -17.44876 0.729 67.35752 13.0000 5.51 2.07293222415132262E18 8.31131218825644605E19 1.242484 
997.4900 9.990 225.438 -17.18374 -17.44876 -0.123 67.35752 13.0000 5.56 1.86485377176331878E18 7.47703267181629276E19 1.242962 
997.1060 9.990 225.438 -17.18374 -17.44876 -0.008 67.35751 13.0000 5.62 1.63125634168940134E18 6.54043612173251379E19 1.243440 
996.7219 9.990 225.438 -17.18374 -17.44876 -2.194 67.35752 13.0000 5.56 1.37017675591817626E18 5.49365135416418632E19 1.243920 
996.3377 9.990 225.438 -17.18374 -17.44876 -3.575 67.35752 13.0000 5.63 1.07965224875510989E18 4.32880850468434084E19 1.244399 
995.9535 9.990 225.438 -17.18374 -17.44876 -1.749 67.35752 13.0000 5.51 761645585894735872.0000 3.05377765762227241E19 1.244879 
995.5692 9.990 225.438 -17.18374 -17.44876 0.890 67.35752 13.0000 5.77 418119842269233152.0000 1.67642944706308997E19 1.245360 
995.1848 9.990 225.438 -17.18374 -17.44876 -0.711 67.35752 13.0000 5.82 54964113826119680.0000 2.2037570654264361E18 1.245841 
994.8003 9.990 225.438 -17.18374 -17.44876 0.028 67.35752 13.0000 5.82 314080650434969600.0000 1.25928968884301332E19 1.246322 
994.4158 9.990 225.438 -17.18374 -17.44876 0.018 67.35752 13.0000 5.82 669384396976947200.0000 2.6838612641081983E19 1.246804 
994.0311 61.119 107.588 -0.18669 0.58897 0.010 -0.38965 13.0000 5.83 0.6031 0.6608 1.247287 
993.6464 51.397 93.974 -0.03981 0.57313 1.142 -0.13047 13.0000 5.93 0.5860 0.6894 1.247770 
993.2617 41.940 75.810 0.13009 0.51449 1.122 0.05690 13.0000 5.89 0.5949 0.7844 1.248253 
992.8768 48.752 78.199 0.14099 0.67480 -1.051 -0.09080 13.0000 5.99 0.6011 0.7332 1.248737 
992.4919 56.593 40.487 0.34085 0.29097 0.594 -0.19194 13.0000 5.95 0.6386 0.7812 1.249221 
992.1069 56.713 67.257 0.21347 0.50923 -8.028 -0.23925 13.0000 5.99 0.6276 0.7666 1.249706 
991.7218 48.688 62.788 0.26603 0.51737 -1.253 -0.07532 13.0000 6.08 0.6498 0.7549 1.250191 
991.3367 47.311 52.048 0.37118 0.47591 0.524 -0.04879 13.0000 6.28 0.6587 0.8070 1.250677 
990.9514 37.072 54.355 0.39214 0.54682 1.662 0.19113 13.0000 6.25 0.7620 0.9258 1.251163 
990.5661 22.609 71.234 0.13618 0.40079 16.897 0.42009 13.0000 6.18 0.7694 0.9508 1.251650 
990.1807 20.053 56.687 0.24200 0.36822 -18.112 0.52316 13.0000 6.28 0.7878 1.0041 1.252137 
989.7953 11.020 85.190 0.02126 0.25260 -0.547 0.62616 13.0000 6.31 0.7065 0.8852 1.252625 
989.4097 16.548 90.911 -0.00706 0.44368 -1.210 0.68082 13.0000 6.46 0.6972 0.8077 1.253113 
989.0241 20.358 103.568 -0.12394 0.51356 1.405 0.61387 13.0000 6.47 0.6890 0.7759 1.253601 
988.6384 32.576 113.988 -0.28183 0.63337 1.286 0.32103 13.0000 6.39 0.7072 0.7927 1.254090 
988.2526 26.765 83.105 0.08896 0.73575 19.811 0.54780 13.0000 6.54 0.6951 0.7798 1.254580 
987.8668 32.620 71.564 0.27019 0.81051 1.142 0.39405 13.0000 6.43 0.7167 0.8233 1.255070 
987.4809 26.492 75.161 0.17547 0.66228 -3304.988 0.51660 13.0000 6.47 0.6624 0.7247 1.255560 
987.0949 25.797 77.811 0.13084 0.60572 1.747 0.49127 13.0000 6.60 0.6200 0.6483 1.256051 
986.7088 22.790 75.148 0.13240 0.49929 1.233 0.50619 13.0000 6.67 0.6122 0.6510 1.256543 
986.3226 19.085 83.876 0.03625 0.33785 -1.800 0.43227 13.0000 6.65 0.6024 0.6475 1.257035 
985.9364 25.178 80.159 0.07425 0.42803 -7.390 0.35996 13.0000 6.72 0.6311 0.7042 1.257527 
985.5501 24.024 75.484 0.09669 0.37346 56.449 0.34676 13.0000 6.70 0.6559 0.7904 1.258020 
985.1638 33.621 78.297 0.10401 0.50210 -3.143 0.21510 13.0000 6.80 0.7173 0.9021 1.258513 
984.7773 39.048 78.852 0.11999 0.60885 1.186 0.13082 13.0000 6.89 0.7869 0.9610 1.259007 
984.3907 42.758 71.961 0.26825 0.82367 -2.190 0.06792 13.0000 7.02 0.8290 0.9881 1.259502 
984.0041 37.906 68.932 0.18106 0.47002 -1.623 0.12735 13.0000 6.94 0.6520 0.7927 1.259997 
983.6174 10.402 50.681 0.06066 0.07407 0.951 0.25199 13.0000 7.17 0.5382 0.7714 1.260492 
983.2307 28.965 250.194 -0.07795 -0.21643 0.822 0.14414 13.0000 7.21 0.5692 0.7408 1.260988 
982.8438 35.274 252.416 -0.21445 -0.67670 0.751 0.25070 13.0000 7.20 0.7137 0.9619 1.261484 
982.4569 27.186 218.416 -0.21797 -0.17286 0.806 0.19937 13.0000 7.23 0.6965 1.0053 1.261981 
982.0699 46.688 135.591 -0.14562 0.14265 -2.171 -0.01202 13.0000 7.30 0.7105 0.9665 1.262478 
981.6828 51.552 101.022 -0.09898 0.50818 -0.018 -0.12051 13.0000 7.35 0.8304 1.0161 1.262976 
981.2957 51.365 92.034 -0.01848 0.52030 -0.008 -0.11762 13.0000 7.41 0.7998 0.9772 1.263474 
980.9084 53.221 87.842 0.03875 1.02812 0.004 -0.30362 13.0000 7.50 1.0586 1.2131 1.263973 
980.5211 53.325 71.803 0.53798 1.63655 0.009 -0.51521 13.0000 7.44 1.3169 1.4262 1.264472 
980.1337 52.207 99.405 -0.28632 1.72859 -0.003 -0.45031 13.0000 7.59 1.1725 1.3326 1.264972 
979.7463 52.089 108.190 -0.48371 1.47206 -0.002 -0.39143 13.0000 7.42 1.0613 1.1748 1.265472 
979.3587 52.099 94.873 -0.14413 1.69060 10.953 -0.42927 13.0000 7.57 0.9858 1.0941 1.265973 
978.9711 47.327 175.516 -1.84427 0.14462 4.361 -0.15061 13.0000 7.61 0.9607 1.1221 1.266474 
978.5834 45.007 179.309 -2.05497 0.02479 3.307 -0.00052 13.0000 7.65 1.2533 1.4589 1.266976 
978.1956 39.967 189.727 -2.37113 -0.40647 4.944 0.42703 13.0000 7.71 1.5274 1.7763 1.267478 
977.8077 36.991 196.411 -2.07064 -0.60986 -2.856 0.61968 13.0000 7.83 1.6511 1.9075 1.267981 
977.4199 34.275 205.983 -1.62078 -0.78991 4.785 0.70839 13.0000 7.85 1.6732 1.9120 1.268484 
977.0319 32.621 186.556 -1.22449 -0.14073 1.787 0.56843 13.0000 7.80 1.2982 1.5460 1.268988 
976.6437 26.923 169.942 -0.65118 0.11551 1.578 0.48322 13.0000 7.84 0.8857 1.2969 1.269493 
976.2556 30.306 160.889 -0.68679 0.23797 -5.213 0.40935 13.0000 7.95 0.9507 1.1522 1.269997 
975.8674 23.470 101.780 -0.08542 0.40959 1.304 0.39098 13.0000 8.00 0.7542 0.8796 1.270502 
975.4790 36.380 62.760 0.35836 0.69610 1.264 0.24297 13.0000 8.13 0.9252 1.0064 1.271008 
975.0906 41.681 87.691 0.01740 0.43163 -1.792 0.05028 13.0000 8.03 0.7298 0.7692 1.271515 
974.7021 47.552 81.648 0.07268 0.49504 -20.649 -0.04470 13.0000 8.21 0.7312 0.8418 1.272021 
974.3136 44.274 88.825 0.01008 0.49189 1.414 0.01248 13.0000 8.14 0.6775 0.7929 1.272529 
973.9250 51.487 92.033 -0.01742 0.49081 0.035 -0.11314 13.0000 8.19 0.6496 0.7381 1.273036 
973.5363 57.676 93.228 -0.03311 0.58713 0.071 -0.27862 13.0000 8.29 0.6787 0.7303 1.273545 
973.1475 73.875 108.953 -0.08378 0.24395 -6.898 -0.40881 13.0000 8.23 0.5723 0.6063 1.274053 
972.7586 72.102 113.992 -0.10118 0.22734 -2.746 -0.34508 13.0000 8.40 0.5292 0.5708 1.274563 
972.3697 75.741 146.294 -0.17539 0.11699 -1.208 -0.38802 13.0000 8.46 0.5267 0.5673 1.275073 
971.9807 84.361 143.048 -0.07903 0.05945 -1.473 -0.49589 13.0000 8.51 0.5407 0.5828 1.275583 
971.5916 81.764 104.101 -0.04133 0.16454 -1.490 -0.57379 13.0000 8.54 0.6078 0.6431 1.276094 
971.2024 83.180 82.854 0.02282 0.18199 0.753 -0.75583 13.0000 8.77 0.6941 0.7335 1.276605 
970.8131 86.682 57.921 0.05017 0.08004 0.116 -0.81189 13.0000 8.62 0.7673 0.8025 1.277117 
970.4238 86.492 41.943 0.09612 0.08637 0.059 -1.05011 13.0000 8.63 0.8068 0.8349 1.277629 
970.0344 76.314 142.653 -0.53084 0.40507 0.038 -1.28974 13.0000 8.86 0.9772 1.0560 1.278142 
969.6449 78.374 43.446 0.32277 0.30572 0.028 -1.03467 13.0000 8.86 0.8109 0.8269 1.278656 
969.2553 62.633 15.783 0.93949 0.26555 0.008 -0.69038 13.0000 8.90 0.9304 1.0215 1.279170 
968.8657 53.838 10.514 1.34518 0.24967 -6.294 -0.43602 13.0000 9.01 1.1302 1.3099 1.279684 
968.4760 50.783 5.541 1.76058 0.17079 1.539 -0.36201 13.0000 9.11 1.2684 1.5015 1.280199 
968.0861 49.897 6.552 2.02964 0.23311 0.697 -0.35267 13.0000 9.19 1.3116 1.5714 1.280714 
967.6962 50.201 10.797 1.94987 0.37187 1.543 -0.36435 13.0000 9.25 1.2626 1.5107 1.281230 
967.3063 53.982 19.798 1.68585 0.60687 1.337 -0.58094 13.0000 9.28 1.0782 1.2764 1.281747 
966.9163 55.716 22.292 1.24861 0.51190 1.758 -0.52974 13.0000 9.41 0.8771 1.0176 1.282264 
966.5261 61.308 44.720 0.61076 0.60482 -6.965 -0.55004 13.0000 9.30 0.6676 0.7633 1.282782 
966.1359 60.383 120.786 -0.51820 0.86977 1.435 -0.60274 13.0000 9.17 0.7892 0.8982 1.283300 
965.7457 52.045 34.227 0.78685 0.53528 -0.965 -0.23888 13.0000 9.19 0.6415 0.7889 1.283818 
965.3553 46.797 358.451 0.94951 -0.02567 1.305 -0.05966 13.0000 9.47 0.6234 0.6924 1.284337 
964.9649 43.847 324.815 0.92056 -0.64903 9.298 0.04536 13.0000 9.48 0.6512 0.7664 1.284857 
964.5743 44.433 305.945 0.75825 -1.04577 4.282 0.02558 13.0000 9.40 0.6906 0.9056 1.285377 
964.1838 43.268 299.286 0.49228 -0.87775 -2.508 0.06090 13.0000 9.50 0.6533 0.9850 1.285898 
963.7931 56.719 310.700 0.62285 -0.72413 0.961 -0.41407 13.0000 9.60 0.6228 1.0300 1.286419 
963.4023 74.861 354.345 0.39360 -0.03898 0.161 -0.67746 13.0000 9.66 0.6016 0.9957 1.286941 
963.0115 68.818 71.860 0.20309 0.61992 1.530 -0.71528 13.0000 9.80 0.7252 1.0382 1.287463 
962.6207 78.195 64.708 0.07992 0.16914 2.552 -0.42798 13.0000 9.89 0.5968 0.8146 1.287986 
962.2297 62.472 124.826 -0.11762 0.16907 2.142 -0.14391 13.0000 9.93 0.6470 0.8118 1.288509 
961.8386 28.700 29.163 0.19597 0.10936 2.070 0.14352 13.0000 10.00 0.7480 0.9874 1.289033 
961.4474 28.052 313.378 0.21091 -0.22321 1.658 0.20632 13.0000 10.15 0.7651 1.0194 1.289558 
961.0562 25.226 304.899 0.19113 -0.27398 2.811 0.27585 13.0000 9.98 0.8206 1.1221 1.290083 
960.6649 27.372 301.898 0.24575 -0.39484 0.015 0.32875 13.0000 10.24 0.7676 1.0052 1.290608 
960.2736 29.780 296.691 0.32227 -0.64103 0.023 0.42162 13.0000 10.12 0.7007 0.8450 1.291134 
959.8821 27.459 320.159 0.21634 -0.18051 1.482 0.19789 13.0000 10.18 0.5767 0.6347 1.291661 
959.4905 44.844 85.226 0.03917 0.46901 4.941 0.00256 13.0000 10.18 0.5333 0.5599 1.292188 
959.0989 57.204 96.333 -0.13066 1.17736 1.383 -0.53756 13.0000 10.44 0.6449 0.7750 1.292715 
958.7073 73.612 123.844 -0.13850 0.20655 2.119 -0.38625 13.0000 10.48 0.5339 0.6390 1.293243 
958.3155 63.234 109.130 -0.15139 0.43643 -24.301 -0.34142 13.0000 10.29 0.5406 0.5883 1.293772 
957.9236 61.894 108.534 -0.15461 0.46118 1.938 -0.32546 13.0000 10.27 0.5556 0.6391 1.294301 
957.5317 62.883 124.618 -0.19000 0.27524 -283.908 -0.24090 13.0000 10.41 0.5604 0.6535 1.294831 
957.1396 48.831 104.299 -0.04378 0.17178 3.410 -0.02385 13.0000 10.28 0.5946 0.7724 1.295362 
956.7476 15.795 73.255 0.03179 0.10565 -7.106 0.17941 13.0000 10.59 0.5835 0.8581 1.295892 
956.3554 8.186 316.151 0.09609 -0.09230 2.798 0.45355 13.0000 10.91 0.5963 0.9573 1.296424 
955.9632 5.939 60.130 0.04325 0.07530 -0.012 0.41284 13.0000 11.00 0.6008 0.9848 1.296956 
955.5709 12.835 26.280 0.22369 0.11045 -0.009 0.51908 13.0000 10.80 0.6235 0.9856 1.297488 
955.1784 16.348 2.347 0.28724 0.01177 -0.009 0.44788 13.0000 10.92 0.5868 0.9093 1.298021 
954.7859 26.258 359.902 0.36518 -0.00062 1.828 0.28006 13.0000 10.95 0.5536 0.8159 1.298555 
954.3934 42.507 19.836 0.36248 0.13076 13.801 0.03361 13.0000 10.77 0.5321 0.7504 1.299089 
954.0007 55.894 26.503 0.38794 0.19344 2.383 -0.17329 13.0000 10.85 0.5428 0.7782 1.299624 
953.6080 59.058 41.162 0.30290 0.26482 1.566 -0.21498 13.0000 11.11 0.5768 0.7625 1.300159 
953.2152 66.112 63.765 0.18467 0.37471 -2.847 -0.37912 13.0000 11.14 0.6107 0.7083 1.300695 
952.8223 64.672 50.774 0.23746 0.29089 1.319 -0.30784 13.0000 11.11 0.5929 0.6679 1.301231 
952.4293 59.333 39.992 0.29514 0.24758 2.020 -0.21061 13.0000 11.24 0.5909 0.6609 1.301768 
952.0363 59.359 51.973 0.22606 0.28906 4.341 -0.20106 13.0000 11.14 0.6244 0.6951 1.302305 
951.6432 48.691 61.251 0.17020 0.31024 1.928 -0.04585 13.0000 11.45 0.6889 0.8012 1.302843 
951.2499 49.996 41.337 0.32585 0.28664 18.658 -0.07647 13.0000 11.10 0.6666 0.7627 1.303382 
950.8567 31.318 62.685 0.26374 0.51066 3.627 0.29745 13.0000 11.18 0.6953 0.9339 1.303921 
950.4633 32.410 32.160 0.30596 0.19238 1.952 0.16992 13.0000 11.29 0.5776 0.6914 1.304461 
950.0699 57.182 343.850 0.29261 -0.08474 -0.312 -0.13796 13.0000 11.42 0.5598 0.9590 1.305001 
949.6763 83.375 326.879 0.10869 -0.07091 -0.154 -0.55108 13.0000 11.57 0.5948 1.2443 1.305542 
949.2827 83.493 257.943 -0.06418 -0.30051 -0.124 -1.32955 13.0000 11.75 0.7279 1.5096 1.306083 
948.8890 76.091 279.440 0.12582 -0.75672 -0.226 -1.45390 13.0000 12.01 0.8100 1.6000 1.306625 
948.4953 78.469 286.705 0.16117 -0.53705 -0.020 -1.31705 13.0000 11.92 0.7411 1.4774 1.307167 
948.1014 76.150 290.019 0.15672 -0.43014 0.621 -0.87200 13.0000 11.98 0.6277 1.1833 1.307710 
947.7075 86.028 52.264 0.03968 0.05127 1.418 -0.46458 13.0000 11.94 0.5804 0.9149 1.308254 
947.3135 29.426 90.551 -0.00412 0.42883 8.424 0.25919 13.0000 11.58 0.5632 0.6187 1.308798 
946.9194 20.195 91.341 -0.01766 0.75415 0.638 0.88667 13.0000 11.64 0.7691 1.0611 1.309343 
946.5253 13.962 89.853 0.00127 0.49801 0.213 0.93964 13.0000 11.76 0.6738 0.7744 1.309888 
946.1310 48.218 351.671 2.87289 -0.42060 1.700 -0.32758 13.0000 12.12 2.3701 3.2304 1.310434 
945.7367 52.718 335.765 0.19241 -0.08661 3.346 -0.05826 13.0000 11.95 1.3052 1.6805 1.310980 
945.3423 37.009 153.888 -4.96003 2.43115 -1.821 1.58202 13.0000 12.18 2.9139 4.0986 1.311527 
944.9478 53.719 334.848 13.25674 -6.22459 0.507 -4.60049 13.0000 12.36 5.3699 7.3755 1.312074 
944.5532 53.890 334.668 6.25145 -2.95926 2.781 -2.21786 13.0000 12.10 7.0561 9.5442 1.312623 
944.1586 54.249 334.925 4.91976 -2.30197 6.734 -1.81718 13.0000 12.12 7.8763 10.5278 1.313171 
943.7639 53.621 334.469 4.32083 -2.06379 -1.523 -1.48617 13.0000 12.21 7.8180 10.3690 1.313720 
943.3691 54.628 334.475 4.12712 -1.97074 0.272 -1.59775 13.0000 12.28 6.8764 9.0532 1.314270 
942.9742 55.500 332.549 3.85743 -2.00386 1.877 -1.66855 13.0000 12.39 4.7971 6.4021 1.314821 
942.5792 58.556 324.338 3.26652 -2.34395 2.981 -2.05851 13.0000 12.49 1.9564 2.7523 1.315372 
942.1841 51.465 347.313 3.90662 -0.87948 -1.939 -0.91933 13.0000 12.48 2.2396 3.0171 1.315923 
941.7890 53.117 330.561 0.75208 -0.42444 -2.242 -0.25146 13.0000 12.69 1.7040 2.0784 1.316475 
941.3938 39.979 2.409 0.63310 0.02663 -18.766 0.11220 13.0000 12.64 0.6356 0.7382 1.317028 
940.9985 39.223 346.183 0.82355 -0.20255 0.806 0.17338 13.0000 12.78 0.6299 0.6955 1.317581 
940.6031 34.833 356.217 0.58856 -0.03892 -12.695 0.21858 13.0000 12.77 0.5759 0.6591 1.318135 
940.2077 27.345 5.497 0.32339 0.03112 4.190 0.23012 13.0000 12.75 0.5311 0.6174 1.318689 
939.8122 41.217 106.539 -0.08270 0.27847 3.968 0.03859 13.0000 12.96 0.5157 0.5924 1.319244 
939.4166 34.969 136.213 -0.45555 0.43666 1.633 0.23045 13.0000 12.89 0.5987 0.6375 1.319800 
939.0209 35.245 118.415 -0.21638 0.39994 -6.374 0.16111 13.0000 12.74 0.5622 0.6247 1.320356 
938.6251 41.586 116.195 -0.20932 0.42548 2.046 0.05678 13.0000 12.96 0.5763 0.6263 1.320913 
938.2292 51.860 151.402 -0.38936 0.21227 1.683 -0.10827 13.0000 13.14 0.5671 0.6123 1.321470 
937.8333 48.187 102.521 -0.13212 0.59490 1.833 -0.06808 13.0000 13.06 0.6663 0.6878 1.322028 
937.4373 51.750 81.134 0.10099 0.64739 -4.652 -0.15731 13.0000 13.46 0.6658 0.7206 1.322586 
937.0412 54.089 48.334 0.40149 0.45117 13.782 -0.19831 13.0000 13.31 0.6278 0.6881 1.323146 
936.6450 51.343 47.448 0.41083 0.44753 2.154 -0.13676 13.0000 13.14 0.6520 0.6952 1.323705 
936.2487 53.110 41.455 0.46006 0.40638 2.088 -0.17856 13.0000 13.28 0.6357 0.6876 1.324266 
935.8524 37.725 243.330 -2.52207 -5.02103 0.960 1.45845 13.0000 13.52 1.8883 3.7862 1.324826 
935.4560 66.850 26.367 0.44140 0.21879 1.350 -0.47078 13.0000 13.55 0.6188 0.6939 1.325388 
935.0594 49.847 265.793 -0.04975 -0.67634 -2.785 -0.11586 13.0000 13.84 1.1850 2.1491 1.325950 
934.6629 47.634 249.274 -0.27581 -0.72891 -0.140 -0.07186 13.0000 13.67 1.6707 3.2032 1.326512 
934.2662 39.776 271.152 0.03521 -1.75075 2.645 0.32289 13.0000 13.55 2.4439 4.0998 1.327076 
933.8694 47.375 252.209 -0.25145 -0.78360 4.537 -0.06838 13.0000 13.87 2.0533 3.9539 1.327640 
933.4727 60.417 217.564 -0.45130 -0.34710 -21.007 -0.33985 13.0000 13.93 2.4963 4.4693 1.328204 
933.0757 62.902 160.491 -0.67936 0.24069 -1.097 -0.51988 13.0000 13.91 2.8911 4.4549 1.328769 
932.6787 60.918 140.840 -0.83974 0.68391 1.651 -0.67244 13.0000 14.14 3.2633 4.5538 1.329334 
932.2817 58.889 137.010 -0.98566 0.91884 18.598 -0.70981 13.0000 14.01 3.5519 4.7513 1.329901 
931.8845 58.679 141.258 -1.01887 0.81750 -0.022 -0.67592 13.0000 14.12 3.5615 4.8262 1.330467 
931.4873 58.114 148.871 -0.96345 0.58185 -101.831 -0.55452 13.0000 14.07 3.2759 4.6498 1.331035 
931.0900 55.757 168.873 -0.83868 0.16496 0.746 -0.33695 13.0000 14.26 2.6787 4.2123 1.331603 
930.6926 53.969 189.851 -0.59237 -0.10286 1.791 -0.19462 13.0000 14.33 2.2340 3.8234 1.332171 
930.2951 61.525 248.642 -0.09817 -0.25103 -17.320 -0.17538 13.0000 14.38 1.8988 3.3227 1.332740 
929.8975 65.097 119.555 -0.36863 0.65011 0.251 -0.63144 13.0000 14.55 2.3288 3.4055 1.333310 
929.4999 60.088 100.839 -0.35143 1.83550 34.293 -1.08665 13.0000 14.85 2.4561 3.2360 1.333881 
929.1022 54.934 92.916 -0.48171 9.45628 30.579 -3.42160 13.0000 15.13 2.8991 4.2755 1.334452 
928.7043 57.634 92.323 -0.17746 4.37414 3.583 -2.06639 13.0000 14.84 2.6558 3.9431 1.335023 
928.3065 57.222 92.129 -0.14852 3.99482 -12.062 -1.81702 13.0000 14.90 2.6498 4.0942 1.335595 
927.9085 56.540 90.818 -0.04770 3.33983 1.470 -1.42339 13.0000 14.91 2.6670 4.2655 1.336168 
927.5104 56.065 89.660 0.01679 2.82741 -0.020 -1.14987 13.0000 15.08 2.6196 4.3609 1.336742 
927.1123 57.544 88.585 0.05679 2.29956 0.034 -1.07695 13.0000 15.08 2.3023 3.8064 1.337316 
926.7141 60.444 84.349 0.15414 1.55761 0.108 -0.93630 13.0000 14.95 1.8651 2.8056 1.337890 
926.3158 66.442 84.306 0.13503 1.35427 0.684 -1.26397 13.0000 15.19 1.2724 1.8710 1.338466 
925.9174 82.313 314.218 0.28963 -0.29765 0.786 -1.51037 13.0000 15.14 1.3677 2.6044 1.339042 
925.5190 63.855 94.782 -0.12641 1.51090 -0.370 -1.17222 13.0000 15.23 1.2880 1.9457 1.339618 
925.1204 65.629 86.474 0.08739 1.41810 -0.128 -1.24638 13.0000 15.37 1.1393 1.8246 1.340195 
924.7218 67.063 83.999 0.10865 1.03362 -0.078 -1.00810 13.0000 15.07 0.9407 1.5396 1.340773 
924.3231 69.505 74.559 0.12972 0.46962 -0.037 -0.56067 13.0000 15.33 0.6556 1.1258 1.341351 
923.9243 38.846 285.167 0.10318 -0.38061 1.246 0.08604 13.0000 15.40 0.6018 0.8078 1.341930 
923.5255 30.791 271.505 0.04144 -1.57702 2.084 0.85366 13.0000 15.77 1.3503 1.8078 1.342510 
923.1265 48.638 172.166 -0.28876 0.03973 0.075 -0.03721 13.0000 15.37 0.6140 0.6506 1.343090 
922.7275 45.861 79.279 0.04234 0.22362 0.043 -0.00685 13.0000 15.87 0.6014 0.6989 1.343671 
922.3283 38.374 62.973 0.21642 0.42425 1.754 0.11217 13.0000 15.70 0.6051 0.7642 1.344252 
921.9291 37.575 40.924 0.40877 0.35439 0.000 0.14344 13.0000 15.82 0.6929 0.9384 1.344834 
921.5298 34.978 28.170 0.52328 0.28023 0.000 0.21657 13.0000 15.86 0.7023 0.9678 1.345417 
921.1305 32.194 23.538 0.56736 0.24714 0.000 0.29667 13.0000 15.58 0.7520 1.0493 1.346000 
920.7311 31.869 0.508 0.47731 0.00423 0.000 0.23551 13.0000 15.80 0.7164 0.9754 1.346584 
920.3315 29.646 31.283 0.52297 0.31775 0.000 0.36344 13.0000 16.26 0.6649 0.8486 1.347169 
919.9319 36.405 56.769 0.41878 0.63921 0.000 0.23639 13.0000 15.99 0.6923 0.8339 1.347754 
919.5322 40.469 74.865 0.23595 0.87233 1.659 0.14412 13.0000 15.75 0.7846 0.8839 1.348340 
919.1324 43.644 92.379 -0.04402 1.05954 1.764 0.05025 13.0000 16.33 0.9183 1.0380 1.348926 
918.7326 38.730 75.306 0.24003 0.91529 7.328 0.21046 13.0000 16.04 0.7940 0.9006 1.349513 
918.3326 43.280 76.208 0.17054 0.69474 -4.890 0.04301 13.0000 16.41 0.8066 0.9185 1.350101 
917.9326 34.672 65.245 0.27017 0.58593 2.945 0.24325 13.0000 16.45 0.6153 0.7084 1.350689 
917.5325 14.530 359.548 0.49064 -0.00387 1.931 0.88299 13.0000 16.20 0.5937 0.6948 1.351278 
917.1323 10.447 358.278 0.59528 -0.01790 1.656 1.56011 13.0000 16.25 0.6344 0.7761 1.351868 
916.7321 8.394 282.436 0.41138 -1.86549 7.272 6.33219 13.0000 16.46 0.8090 0.9135 1.352458 
916.3317 32.823 325.152 27.55645 -19.18638 108.898 15.19962 13.0000 16.63 0.8549 1.4898 1.353049 
915.9313 37.768 94.539 -0.11682 1.47158 4.877 0.38081 13.0000 16.57 0.6519 0.9322 1.353641 
915.5308 51.566 121.520 -1.25342 2.04380 4.351 -0.55933 13.0000 16.81 0.8735 1.9661 1.354233 
915.1302 54.890 131.947 -1.54499 1.71907 2.600 -0.83125 13.0000 16.87 1.0977 2.8113 1.354826 
914.7295 58.221 134.677 -1.33290 1.34800 -0.010 -0.94279 13.0000 16.74 1.2907 3.3186 1.355419 
914.3287 60.723 132.090 -0.95525 1.05756 -0.026 -0.87147 13.0000 16.73 1.4468 3.4804 1.356013 
913.9279 61.061 133.672 -1.09982 1.15201 0.000 -0.99998 13.0000 16.71 1.2954 3.2966 1.356608 
913.5270 61.050 132.556 -0.82849 0.90238 -0.028 -0.76845 13.0000 16.76 1.1077 2.6026 1.357203 
913.1259 57.011 120.309 -0.39224 0.67099 1.113 -0.34639 13.0000 16.97 0.8264 1.6180 1.357799 
912.7249 57.130 81.484 0.04674 0.31216 0.000 -0.14226 13.0000 16.67 0.5661 0.6323 1.358396 
912.3237 38.292 335.878 0.65600 -0.29374 2.140 0.17146 13.0000 16.92 0.6947 1.5657 1.358993 
911.9224 9.376 53.405 0.14475 0.19494 -0.253 0.71517 13.0000 17.35 0.6677 0.6996 1.359591 
911.5211 52.232 84.008 0.05948 0.56672 -0.230 -0.14699 13.0000 17.35 0.6384 0.7655 1.360190 
911.1196 7.214 264.596 -0.01887 -0.19944 0.173 0.77868 13.0000 17.35 0.5705 0.6076 1.360789 
910.7181 13.236 263.345 -0.06774 -0.58051 0.056 1.17369 13.0000 17.37 0.7063 0.8685 1.361389 
910.3165 42.181 185.712 -4.25300 -0.42537 0.084 0.42193 13.0000 17.52 2.1745 4.4871 1.361990 
909.9149 29.434 230.069 -1.68593 -2.01416 -0.063 1.58646 13.0000 17.33 1.4743 1.8831 1.362591 
909.5131 33.216 346.878 4.44565 -1.03635 0.487 1.99122 13.0000 17.05 2.9200 5.4641 1.363193 
909.1113 37.977 358.227 8.23654 -0.25494 0.121 2.06172 13.0000 17.26 5.1165 9.0445 1.363795 
908.7093 39.789 2.292 10.12057 0.40503 0.025 1.86286 13.0000 17.38 6.5729 11.3055 1.364399 
908.3073 41.132 4.886 10.57086 0.90363 0.036 1.44124 13.0000 17.25 7.2476 12.2695 1.365003 
907.9052 42.476 7.896 10.97789 1.52252 0.001 0.97886 13.0000 17.35 7.0650 11.6174 1.365607 
907.5031 48.459 12.131 11.70727 2.51653 -1.176 -1.45312 13.0000 17.34 6.1546 9.7006 1.366212 
907.1008 41.346 14.419 7.07994 1.82035 -0.005 0.93756 13.0000 17.27 4.5719 6.6729 1.366818 
906.6984 29.750 26.679 3.01328 1.51415 -0.009 1.98641 13.0000 17.38 2.7008 2.9409 1.367425 
906.2960 22.415 154.906 -2.27277 1.06434 -0.038 2.52454 13.0000 17.36 2.7528 4.7553 1.368032 
905.8935 11.839 189.730 -1.75421 -0.30081 -0.598 4.05873 13.0000 17.58 3.1330 3.3225 1.368640 
905.4909 3.154 89.312 0.00542 0.45082 0.007 4.07814 13.0000 17.46 2.8363 2.9710 1.369248 
905.0883 1.151 72.161 0.04448 0.13821 3.748 3.61113 13.0000 17.57 2.6988 2.8224 1.369857 
904.6855 1.636 315.898 0.12000 -0.11630 1.030 2.92331 13.0000 17.94 2.2050 2.3239 1.370467 
904.2826 1.109 51.947 0.03901 0.04984 -0.013 1.63389 13.0000 17.79 1.5324 1.5989 1.371078 
903.8797 16.173 106.105 -0.14051 0.48666 -0.004 0.79984 13.0000 18.12 1.1032 1.3291 1.371689 
903.4767 82.531 100.278 -0.06242 0.34424 2.531 -1.31134 13.0000 18.01 1.3559 1.4705 1.372301 
903.0736 80.696 97.366 -0.02055 0.15896 0.196 -0.47604 13.0000 18.04 0.8437 1.2170 1.372913 
902.6704 89.609 114.067 -0.00470 0.01052 0.022 -0.84498 13.0000 18.07 1.0223 1.6807 1.373527 
902.2672 85.202 275.200 0.01954 -0.21473 0.128 -1.27533 13.0000 18.08 1.1690 1.9969 1.374140 
901.8638 82.438 276.834 0.06127 -0.51123 17.766 -1.90514 13.0000 18.05 1.3281 2.1073 1.374755 
901.4604 85.431 266.531 -0.02270 -0.37448 -0.039 -2.33245 13.0000 18.00 1.3798 2.0223 1.375370 
901.0569 79.603 278.055 0.09696 -0.68507 -0.057 -1.82194 13.0000 18.33 1.2640 1.9298 1.375986 
900.6533 63.850 218.726 -1.17844 -0.94500 -1.536 -1.16747 13.0000 18.16 1.6374 2.2855 1.376603 
900.2496 63.534 37.507 0.43305 0.33238 -0.465 -0.41239 13.0000 18.34 0.7103 1.1866 1.377220 
899.8458 39.434 39.535 1.78966 1.47713 0.295 0.45659 13.0000 18.00 1.5406 2.2340 1.377838 
899.4420 46.618 23.591 3.92237 1.71293 0.348 -0.24199 13.0000 18.42 1.9283 2.9303 1.378457 
899.0380 45.984 21.953 5.78439 2.33157 -0.394 -0.21423 13.0000 18.51 2.2944 3.4560 1.379076 
898.6340 45.076 20.690 7.63044 2.88182 0.181 -0.02157 13.0000 18.44 2.4085 3.6282 1.379696 
898.2299 44.055 12.847 9.13483 2.08334 -0.591 0.30927 13.0000 18.34 2.1072 3.3680 1.380317 
897.8257 43.817 24.479 5.56199 2.53232 -1.072 0.25260 13.0000 18.55 1.9051 2.9165 1.380938 
897.4214 43.598 45.788 1.98624 2.04166 0.227 0.13949 13.0000 18.98 1.5356 2.2084 1.381560 
897.0171 46.998 85.247 0.11073 1.33179 0.038 -0.09336 13.0000 18.70 1.0825 1.4274 1.382183 
896.6127 48.753 148.412 -1.25147 0.76955 0.028 -0.19359 13.0000 18.58 1.2562 1.8207 1.382807 
896.2081 53.242 102.928 -0.35036 1.52635 0.016 -0.46343 13.0000 18.56 1.2312 1.5668 1.383431 
895.8035 47.851 96.687 -0.16361 1.39555 0.040 -0.14030 13.0000 18.59 1.2034 1.5173 1.384056 
895.3989 44.916 90.545 -0.01132 1.18952 0.016 0.00348 13.0000 18.64 1.0165 1.6183 1.384681 
894.9941 40.062 87.556 0.03762 0.88131 29.621 0.15357 13.0000 18.98 0.8753 1.7086 1.385307 
894.5892 28.588 80.019 0.07526 0.42764 1.600 0.28009 13.0000 19.16 0.6979 1.6847 1.385934 
894.1843 12.641 314.324 0.11594 -0.11871 0.000 0.35133 13.0000 18.88 0.7078 1.6185 1.386562 
893.7792 12.394 63.182 0.08564 0.16942 0.003 0.41106 13.0000 19.06 0.6662 1.7808 1.387190 
893.3741 12.565 37.412 0.18485 0.14139 2.353 0.49613 13.0000 18.84 0.6360 1.4942 1.387819 
892.9689 14.716 3.892 0.32847 0.02234 -7.909 0.58354 13.0000 19.15 0.5909 1.0808 1.388449 
892.5637 26.860 332.345 0.21206 -0.11112 -0.994 0.17573 13.0000 19.15 0.5493 0.6287 1.389079 
892.1583 58.174 253.434 -0.10741 -0.36110 0.419 -0.18659 13.0000 19.52 0.6330 0.8268 1.389711 
891.7528 7.685 33.346 0.06233 0.04101 0.873 0.27141 13.0000 19.15 0.6141 0.7572 1.390343 
891.3473 22.957 75.223 0.04149 0.15731 -0.524 0.15758 13.0000 19.48 0.6198 0.8772 1.390975 
890.9417 41.586 86.129 0.01856 0.27428 1.173 0.03292 13.0000 19.26 0.6403 0.9410 1.391608 
890.5359 48.888 91.709 -0.00845 0.28298 0.000 -0.03865 13.0000 19.26 0.6208 0.9156 1.392242 
890.1302 56.279 96.932 -0.02877 0.23668 0.026 -0.09904 13.0000 19.58 0.5768 0.8526 1.392877 
889.7243 65.224 205.276 -0.33255 -0.15702 0.000 -0.31352 13.0000 19.25 0.5762 0.9257 1.393512 
889.3184 48.030 52.447 0.10348 0.13460 0.000 -0.01803 13.0000 19.43 0.5292 0.5986 1.394148 
888.9123 37.724 42.437 0.37034 0.33860 1.750 0.13027 13.0000 19.48 0.6214 0.7382 1.394785 
888.5062 43.132 52.529 0.36081 0.47070 -2.133 0.03872 13.0000 19.78 0.7287 1.0478 1.395423 
888.1000 37.389 60.041 0.36000 0.62457 -82.192 0.19616 13.0000 19.51 0.9008 1.1660 1.396061 
887.6937 39.341 62.769 0.36631 0.71183 2.016 0.16022 13.0000 19.82 0.9746 1.2690 1.396700 
887.2873 41.080 63.325 0.34909 0.69485 -213.147 0.10708 13.0000 20.04 0.9539 1.2366 1.397340 
886.8808 46.064 66.447 0.29778 0.68314 2.385 -0.02768 13.0000 19.76 0.9151 1.1185 1.397980 
886.4743 45.503 67.785 0.20328 0.49776 2.704 -0.00943 13.0000 19.95 0.6888 0.8289 1.398621 
886.0676 53.013 84.897 0.03046 0.34107 2.791 -0.09836 13.0000 19.78 0.5581 0.6139 1.399263 
885.6609 84.624 59.072 0.02926 0.04883 1.479 -0.29977 13.0000 19.81 0.5368 0.6665 1.399906 
885.2541 47.107 95.453 -0.03212 0.33646 0.071 -0.02490 13.0000 20.05 0.5399 0.6166 1.400549 
884.8472 44.728 96.850 -0.04031 0.33553 0.013 0.00321 13.0000 19.93 0.5318 0.6074 1.401193 
884.4402 44.876 12.593 1.53319 0.34251 78.763 0.00682 13.0000 20.19 1.0341 2.3379 1.401838 
884.0332 44.822 107.737 -0.12986 0.40598 1.797 0.00265 13.0000 20.34 0.5567 0.6342 1.402483 
883.6260 59.867 161.805 -0.98098 0.32244 0.000 -0.58979 13.0000 20.24 0.9037 1.6368 1.403130 
883.2188 43.568 164.722 -1.48317 0.40514 0.000 0.07691 13.0000 20.45 1.0239 2.2115 1.403777 
882.8115 53.975 158.331 -0.54068 0.21482 0.000 -0.18847 13.0000 20.22 1.8906 3.2890 1.404424 
882.4041 33.159 180.832 -4.41698 -0.06415 0.053 1.93743 13.0000 20.42 1.2883 2.7690 1.405073 
881.9966 66.923 7.901 1.22924 0.17060 0.044 -1.19200 13.0000 20.55 2.0944 3.7515 1.405722 
881.5890 71.579 15.110 0.63419 0.17124 0.043 -0.87675 13.0000 20.51 2.9330 4.8286 1.406372 
881.1813 74.741 21.678 0.43604 0.17333 0.030 -0.79601 13.0000 20.40 3.5174 5.5602 1.407023 
880.7736 73.121 22.892 0.48067 0.20296 0.253 -0.78066 13.0000 20.77 3.7712 5.9082 1.407674 
880.3658 72.120 19.891 0.51850 0.18760 -0.002 -0.76568 13.0000 20.40 3.6555 5.7503 1.408326 
879.9579 65.315 36.479 0.62489 0.46204 -0.034 -0.66683 13.0000 20.55 3.4430 5.4915 1.408979 
879.5499 64.806 356.885 1.32359 -0.07203 0.030 -1.09703 13.0000 20.62 2.2613 4.0717 1.409632 
879.1418 34.041 143.059 -3.62599 2.72653 0.186 1.82543 13.0000 20.68 1.8117 3.4806 1.410287 
878.7336 43.846 126.975 -0.61935 0.82264 -0.007 0.04149 13.0000 20.67 2.9630 4.7324 1.410942 
878.3253 37.802 120.629 -1.01185 1.70898 -0.784 0.50978 13.0000 21.05 2.5492 3.7640 1.411598 
877.9170 39.838 110.495 -0.60137 1.60890 2.494 0.31288 13.0000 20.76 2.5226 3.2473 1.412254 
877.5085 44.290 90.927 -0.02386 1.47400 187.593 0.03656 13.0000 20.93 2.3200 2.6159 1.412912 
877.1000 42.291 102.897 -0.29041 1.26825 3.138 0.12340 13.0000 21.12 1.9113 2.2059 1.413570 
876.6915 42.799 108.286 -0.30273 0.91610 1.982 0.07427 13.0000 21.14 1.2595 1.4769 1.414228 
876.2828 55.442 122.062 -0.24464 0.39057 -0.049 -0.17584 13.0000 21.04 0.6580 0.8970 1.414888 
875.8740 59.824 272.406 0.05402 -1.28579 0.286 -0.73248 13.0000 21.69 1.1044 1.5611 1.415548 
875.4651 47.317 115.448 -0.13756 0.28908 0.045 -0.02595 13.0000 21.39 0.5948 0.7108 1.416209 
875.0562 41.667 116.006 -0.11212 0.22983 0.136 0.02988 13.0000 21.44 0.5484 0.5890 1.416871 
874.6472 33.507 88.916 0.00576 0.30475 4.774 0.12930 13.0000 21.22 0.5456 0.6696 1.417534 
874.2380 45.609 35.290 0.38029 0.26916 0.000 -0.00991 13.0000 21.58 0.5433 0.8241 1.418197 
873.8289 49.350 98.159 -0.05226 0.36450 1.562 -0.05634 13.0000 21.19 0.5322 0.9157 1.418861 
873.4196 58.148 101.528 -0.09085 0.44541 1.707 -0.22464 13.0000 21.95 0.5658 0.9691 1.419526 
873.0102 52.692 102.480 -0.09985 0.45113 0.491 -0.12714 13.0000 21.55 0.5591 0.9317 1.420192 
872.6007 51.024 103.311 -0.10074 0.42579 -0.073 -0.09339 13.0000 21.38 0.5500 0.8386 1.420858 
872.1912 50.815 93.595 -0.03615 0.57537 -0.124 -0.11865 13.0000 21.71 0.6157 0.7755 1.421525 
871.7816 47.143 94.502 -0.03591 0.45601 -0.060 -0.03429 13.0000 21.28 0.5924 0.6151 1.422193 
871.3718 48.336 88.527 0.01029 0.40010 2.234 -0.04682 13.0000 22.25 0.6119 0.7453 1.422862 
870.9620 70.772 109.552 -0.04704 0.13246 -0.114 -0.17700 13.0000 22.02 0.5400 0.5776 1.423532 
870.5521 79.782 208.280 -0.07995 -0.04301 2.089 -0.24365 13.0000 22.07 0.5362 0.5855 1.424202 
870.1422 76.571 204.670 -0.08566 -0.03935 1.843 -0.18615 13.0000 22.34 0.5288 0.5770 1.424873 
869.7321 70.902 121.997 -0.07371 0.11797 0.031 -0.17679 13.0000 22.04 0.5397 0.5896 1.425545 
869.3219 66.456 101.178 -0.05139 0.26005 1.457 -0.24643 13.0000 22.20 0.5936 0.6423 1.426217 
868.9117 58.244 93.028 -0.02172 0.41052 1.983 -0.20485 13.0000 22.30 0.6256 0.6593 1.426891 
868.5013 54.713 88.829 0.01097 0.53676 -0.012 -0.18934 13.0000 22.35 0.6942 0.7135 1.427565 
868.0909 52.377 86.756 0.03767 0.66475 1.365 -0.17535 13.0000 22.38 0.8061 0.8292 1.428240 
867.6805 52.237 87.728 0.02527 0.63687 -0.026 -0.16454 13.0000 22.45 0.7884 0.8022 1.428915 
867.2699 53.129 87.460 0.02434 0.54869 1.752 -0.16016 13.0000 22.50 0.6957 0.7086 1.429592 
866.8592 52.957 87.006 0.02754 0.52637 1.791 -0.15029 13.0000 22.77 0.6645 0.6726 1.430269 
866.4485 49.405 85.649 0.03794 0.49872 -0.217 -0.07751 13.0000 22.51 0.6198 0.6263 1.430947 
866.0376 49.630 81.809 0.08053 0.55950 1.198 -0.09216 13.0000 22.58 0.6325 0.6395 1.431626 
865.6267 45.417 85.135 0.04939 0.58030 1.391 -0.00849 13.0000 23.39 0.6314 0.6376 1.432306 
865.2157 45.554 87.148 0.02667 0.53544 -0.012 -0.01038 13.0000 22.82 0.6142 0.6294 1.432986 
864.8046 46.483 89.302 0.00669 0.54923 1.398 -0.02845 13.0000 22.88 0.6287 0.6535 1.433667 
864.3934 46.105 91.293 -0.01200 0.53157 1.287 -0.02052 13.0000 23.03 0.6299 0.6705 1.434349 
863.9821 46.771 95.419 -0.05616 0.59201 1.799 -0.03681 13.0000 22.90 0.6615 0.7198 1.435032 
863.5707 44.834 94.143 -0.03992 0.55108 -2.498 0.00320 13.0000 23.22 0.6448 0.6965 1.435716 
863.1593 42.314 95.483 -0.03895 0.40580 1.690 0.03833 13.0000 23.17 0.5759 0.6211 1.436400 
862.7477 40.148 90.710 -0.00588 0.47472 1.295 0.08119 13.0000 23.49 0.6009 0.6297 1.437085 
862.3361 39.792 86.402 0.03056 0.48596 -0.005 0.08951 13.0000 23.27 0.6044 0.6237 1.437771 
861.9244 43.895 82.322 0.06734 0.49951 1.370 0.01946 13.0000 23.48 0.6200 0.6402 1.438458 
861.5126 41.215 85.376 0.04169 0.51544 -1.723 0.06872 13.0000 23.60 0.6234 0.6406 1.439145 
861.1008 38.076 87.119 0.01921 0.38161 1.268 0.09418 13.0000 23.38 0.5724 0.5826 1.439834 
860.6888 36.847 88.293 0.01004 0.33673 1.277 0.09855 13.0000 23.63 0.5573 0.5709 1.440523 
860.2767 38.769 88.526 0.00930 0.36124 1.314 0.07985 13.0000 23.39 0.5583 0.5778 1.441213 
859.8646 40.080 90.972 -0.00662 0.39023 -0.004 0.06769 13.0000 23.59 0.5626 0.5870 1.441904 
859.4523 37.760 85.778 0.02606 0.35306 1.247 0.09143 13.0000 23.77 0.5526 0.5720 1.442595 
859.0400 40.460 83.818 0.04087 0.37730 4.676 0.06065 13.0000 23.68 0.5588 0.5729 1.443288 
858.6276 43.047 82.962 0.05112 0.41409 1.195 0.02849 13.0000 24.11 0.5649 0.5748 1.443981 
858.2151 44.997 84.517 0.04422 0.46068 1.282 0.00004 13.0000 24.29 0.5859 0.5921 1.444675 
857.8026 45.550 86.346 0.03581 0.56076 1.472 -0.01080 13.0000 23.87 0.6389 0.6428 1.445370 
857.3899 45.657 87.580 0.02664 0.63027 1.325 -0.01447 13.0000 24.10 0.6789 0.6829 1.446065 
856.9771 46.080 87.565 0.02504 0.58900 1.296 -0.02224 13.0000 23.59 0.6726 0.6757 1.446762 
856.5643 46.656 88.111 0.01883 0.57093 1.219 -0.03305 13.0000 23.97 0.6734 0.6768 1.447459 
856.1514 47.390 88.029 0.02018 0.58650 0.002 -0.04907 13.0000 24.40 0.6948 0.6987 1.448157 
855.7383 48.673 88.386 0.01541 0.54674 1.539 -0.07052 13.0000 24.49 0.6857 0.6914 1.448856 
855.3253 48.348 87.834 0.02173 0.57467 1.398 -0.06753 13.0000 24.49 0.7089 0.7156 1.449556 
854.9120 48.601 86.975 0.03178 0.60135 2.063 -0.07609 13.0000 24.15 0.7202 0.7253 1.450257 
854.4988 49.722 86.317 0.03719 0.57783 1.425 -0.09631 13.0000 24.38 0.6839 0.6894 1.450958 
854.0854 48.651 86.710 0.03392 0.59000 1.596 -0.07572 13.0000 24.35 0.6864 0.6927 1.451660 
853.6719 48.290 86.241 0.04148 0.63133 1.549 -0.07299 13.0000 24.56 0.7070 0.7125 1.452364 
853.2584 47.876 86.280 0.04147 0.63779 1.323 -0.06438 13.0000 24.61 0.6940 0.6975 1.453067 
852.8448 47.142 86.145 0.04202 0.62347 1.173 -0.04682 13.0000 24.67 0.6865 0.6910 1.453772 
852.4311 47.002 86.294 0.03740 0.57754 1.533 -0.04051 13.0000 24.27 0.6676 0.6728 1.454478 
852.0173 45.537 85.539 0.04760 0.61012 1.258 -0.01147 13.0000 24.70 0.6928 0.6975 1.455184 
851.6034 45.868 85.553 0.04374 0.56249 1.236 -0.01711 13.0000 24.54 0.6725 0.6783 1.455891 
851.1894 45.630 85.054 0.05023 0.58047 1.226 -0.01282 13.0000 24.51 0.6761 0.6818 1.456599 
850.7753 46.454 84.893 0.05728 0.64101 1.543 -0.03270 13.0000 24.59 0.6981 0.7016 1.457308 
850.3612 46.475 84.915 0.05251 0.59017 1.722 -0.03053 13.0000 24.75 0.6612 0.6655 1.458018 
849.9470 46.709 85.465 0.04824 0.60816 1.162 -0.03644 13.0000 24.68 0.6710 0.6750 1.458728 
849.5326 46.312 85.516 0.05136 0.65496 1.663 -0.03010 13.0000 24.67 0.7020 0.7054 1.459440 
849.1182 45.616 85.259 0.05651 0.68139 1.192 -0.01471 13.0000 24.91 0.7180 0.7209 1.460152 
848.7037 45.454 85.243 0.05732 0.68882 1.223 -0.01096 13.0000 24.93 0.7180 0.7206 1.460865 
848.2891 44.848 85.466 0.05463 0.68891 1.352 0.00366 13.0000 24.97 0.7154 0.7178 1.461579 
847.8744 44.473 85.405 0.05397 0.67158 1.264 0.01239 13.0000 25.51 0.7042 0.7065 1.462294 
847.4597 43.972 85.234 0.05691 0.68261 1.241 0.02459 13.0000 25.46 0.7085 0.7107 1.463010 
847.0448 44.074 85.261 0.05636 0.67996 1.182 0.02206 13.0000 25.53 0.7055 0.7080 1.463726 
846.6298 43.701 85.165 0.05764 0.68143 1.227 0.03103 13.0000 25.92 0.7038 0.7063 1.464444 
846.2148 43.031 84.928 0.06103 0.68768 1.117 0.04754 13.0000 25.32 0.7060 0.7084 1.465162 
845.7997 43.696 84.804 0.06284 0.69100 1.196 0.03160 13.0000 25.72 0.7040 0.7065 1.465881 
845.3845 43.827 84.729 0.06421 0.69598 1.166 0.02865 13.0000 25.59 0.7089 0.7113 1.466601 
844.9692 43.363 84.674 0.06446 0.69148 1.229 0.03972 13.0000 25.68 0.7077 0.7102 1.467322 
844.5538 43.683 84.687 0.06487 0.69753 1.339 0.03223 13.0000 25.37 0.7122 0.7149 1.468044 
844.1383 43.595 84.615 0.06581 0.69822 1.097 0.03442 13.0000 25.56 0.7115 0.7145 1.468766 
843.7227 42.747 84.803 0.06539 0.71889 1.207 0.05689 13.0000 26.08 0.7213 0.7248 1.469490 
843.3071 42.116 84.650 0.06939 0.74090 1.004 0.07518 13.0000 26.00 0.7231 0.7265 1.470214 
842.8914 41.520 84.668 0.07013 0.75144 1.235 0.09213 13.0000 26.12 0.7253 0.7287 1.470939 
842.4755 41.584 84.676 0.06976 0.74859 1.163 0.09009 13.0000 26.07 0.7354 0.7388 1.471665 
842.0596 41.308 84.686 0.06921 0.74404 1.189 0.09685 13.0000 26.37 0.7407 0.7441 1.472392 
841.6436 41.224 84.555 0.07110 0.74592 1.138 0.09934 13.0000 26.44 0.7442 0.7478 1.473120 
841.2275 41.480 84.500 0.07277 0.75581 1.051 0.09378 13.0000 26.42 0.7475 0.7516 1.473849 
840.8113 42.019 84.495 0.07379 0.76569 1.062 0.08035 13.0000 26.72 0.7520 0.7570 1.474578 
840.3951 42.458 84.492 0.07379 0.76521 1.087 0.06839 13.0000 26.53 0.7608 0.7656 1.475308 
839.9787 42.500 84.421 0.07482 0.76601 1.143 0.06735 13.0000 26.41 0.7663 0.7702 1.476040 
839.5623 41.960 84.399 0.07527 0.76757 1.162 0.08214 13.0000 26.84 0.7666 0.7702 1.476772 
839.1457 42.260 84.406 0.07468 0.76245 1.354 0.07349 13.0000 26.69 0.7702 0.7738 1.477505 
838.7291 42.273 84.248 0.07634 0.75793 1.158 0.07272 13.0000 26.79 0.7692 0.7726 1.478239 
838.3124 42.444 84.169 0.07766 0.76048 1.119 0.06838 13.0000 27.01 0.7702 0.7740 1.478974 
837.8956 42.864 84.109 0.07877 0.76333 1.140 0.05733 13.0000 27.34 0.7721 0.7763 1.479709 
837.4787 42.926 84.013 0.08075 0.77005 1.176 0.05615 13.0000 27.16 0.7694 0.7735 1.480446 
837.0617 42.614 83.893 0.08266 0.77257 1.451 0.06485 13.0000 27.06 0.7707 0.7748 1.481183 
836.6447 42.285 83.862 0.08409 0.78193 1.202 0.07475 13.0000 27.27 0.7720 0.7759 1.481922 
836.2275 42.085 83.742 0.08586 0.78296 1.165 0.08043 13.0000 27.58 0.7713 0.7751 1.482661 
835.8102 42.004 83.620 0.08799 0.78697 1.145 0.08312 13.0000 27.76 0.7717 0.7753 1.483401 
835.3929 41.976 83.567 0.08888 0.78824 1.146 0.08405 13.0000 27.55 0.7765 0.7801 1.484142 
834.9755 41.998 83.480 0.09016 0.78880 1.098 0.08350 13.0000 27.77 0.7775 0.7811 1.484884 
834.5579 41.733 83.461 0.09111 0.79489 1.091 0.09165 13.0000 27.94 0.7793 0.7827 1.485627 
834.1403 41.678 83.461 0.09086 0.79268 1.166 0.09294 13.0000 28.10 0.7790 0.7824 1.486371 
833.7227 41.596 83.436 0.09140 0.79423 1.053 0.09545 13.0000 27.93 0.7793 0.7827 1.487115 
833.3049 41.510 83.368 0.09248 0.79541 1.130 0.09803 13.0000 28.29 0.7794 0.7826 1.487861 
832.8870 41.380 83.297 0.09383 0.79838 1.082 0.10213 13.0000 28.11 0.7799 0.7829 1.488608 
832.4691 41.467 83.268 0.09388 0.79529 1.158 0.09926 13.0000 28.57 0.7798 0.7828 1.489355 
832.0510 41.343 83.241 0.09466 0.79873 1.195 0.10325 13.0000 28.94 0.7812 0.7841 1.490103 
831.6329 41.306 83.249 0.09490 0.80173 1.159 0.10469 13.0000 28.43 0.7819 0.7848 1.490852 
831.2146 41.429 83.141 0.09630 0.80053 1.057 0.10104 13.0000 28.80 0.7826 0.7855 1.491603 
830.7963 41.347 83.140 0.09685 0.80506 1.178 0.10397 13.0000 28.85 0.7843 0.7870 1.492354 
830.3779 41.363 83.084 0.09811 0.80883 1.094 0.10401 13.0000 28.87 0.7871 0.7897 1.493106 
829.9594 41.372 83.077 0.09841 0.81044 1.100 0.10396 13.0000 29.84 0.7904 0.7929 1.493858 
829.5408 41.347 83.021 0.09962 0.81378 1.127 0.10510 13.0000 29.31 0.7924 0.7949 1.494612 
829.1221 41.415 82.981 0.10005 0.81255 1.077 0.10299 13.0000 28.94 0.7933 0.7958 1.495367 
828.7034 41.408 82.965 0.10049 0.81424 1.143 0.10341 13.0000 29.58 0.7940 0.7964 1.496123 
828.2845 41.392 82.945 0.10062 0.81306 1.194 0.10373 13.0000 29.82 0.7937 0.7962 1.496879 
827.8656 41.366 82.890 0.10188 0.81675 1.113 0.10497 13.0000 29.14 0.7953 0.7977 1.497637 
827.4465 41.373 82.863 0.10233 0.81724 1.138 0.10483 13.0000 29.92 0.7965 0.7989 1.498395 
827.0275 41.370 82.821 0.10314 0.81883 1.134 0.10515 13.0000 29.98 0.7987 0.8011 1.499154 
826.6082 41.323 82.804 0.10361 0.82063 1.090 0.10676 13.0000 29.89 0.7995 0.8018 1.499915 
826.1889 41.284 82.766 0.10448 0.82318 1.175 0.10824 13.0000 30.09 0.8022 0.8044 1.500676 
825.7695 41.268 82.756 0.10470 0.82370 1.173 0.10879 13.0000 30.71 0.8038 0.8061 1.501438 
825.3500 41.249 82.755 0.10482 0.82451 1.196 0.10946 13.0000 30.13 0.8056 0.8078 1.502201 
824.9305 41.246 82.767 0.10476 0.82538 1.104 0.10965 13.0000 30.07 0.8071 0.8093 1.502965 
824.5108 41.244 82.729 0.10557 0.82737 1.075 0.10998 13.0000 30.32 0.8080 0.8101 1.503730 
824.0911 41.162 82.693 0.10641 0.82986 1.105 0.11275 13.0000 30.41 0.8099 0.8119 1.504496 
823.6713 41.097 82.672 0.10695 0.83161 1.147 0.11495 13.0000 30.62 0.8110 0.8131 1.505263 
823.2513 41.076 82.678 0.10707 0.83329 1.137 0.11580 13.0000 30.41 0.8129 0.8149 1.506031 
822.8313 41.050 82.684 0.10714 0.83444 1.147 0.11674 13.0000 30.71 0.8133 0.8153 1.506800 
822.4112 40.990 82.701 0.10736 0.83817 1.170 0.11906 13.0000 30.92 0.8160 0.8180 1.507569 
821.9910 41.019 82.747 0.10681 0.83923 1.084 0.11832 13.0000 30.76 0.8182 0.8201 1.508340 
821.5707 40.978 82.749 0.10679 0.83936 1.100 0.11959 13.0000 31.15 0.8185 0.8205 1.509112 
821.1503 40.906 82.751 0.10698 0.84106 1.121 0.12200 13.0000 31.39 0.8191 0.8209 1.509884 
820.7299 40.824 82.748 0.10760 0.84556 1.161 0.12514 13.0000 31.72 0.8218 0.8236 1.510658 
820.3093 40.797 82.773 0.10750 0.84778 1.098 0.12628 13.0000 31.47 0.8242 0.8260 1.511432 
819.8886 40.887 82.773 0.10732 0.84631 1.090 0.12334 13.0000 31.43 0.8240 0.8259 1.512208 
819.4679 40.867 82.764 0.10765 0.84793 1.095 0.12417 13.0000 32.04 0.8252 0.8271 1.512984 
819.0471 40.842 82.777 0.10782 0.85070 1.130 0.12533 13.0000 31.84 0.8273 0.8292 1.513761 
818.6262 40.808 82.768 0.10824 0.85299 1.133 0.12673 13.0000 32.48 0.8287 0.8306 1.514540 
818.2051 40.798 82.741 0.10879 0.85416 1.129 0.12721 13.0000 32.14 0.8296 0.8315 1.515319 
817.7841 40.756 82.735 0.10916 0.85628 1.020 0.12884 13.0000 32.13 0.8305 0.8323 1.516099 
817.3629 40.704 82.759 0.10895 0.85752 1.071 0.13061 13.0000 32.31 0.8308 0.8326 1.516881 
816.9416 40.691 82.791 0.10878 0.86002 1.064 0.13139 13.0000 32.24 0.8332 0.8351 1.517663 
816.5202 40.614 82.785 0.10927 0.86309 1.089 0.13425 13.0000 32.39 0.8349 0.8368 1.518446 
816.0988 40.555 82.793 0.10950 0.86593 1.075 0.13652 13.0000 32.80 0.8365 0.8383 1.519230 
815.6772 40.522 82.749 0.11056 0.86898 1.098 0.13806 13.0000 32.61 0.8384 0.8402 1.520015 
815.2556 40.522 82.756 0.11044 0.86882 1.082 0.13803 13.0000 32.84 0.8388 0.8406 1.520801 
814.8338 40.501 82.773 0.11045 0.87094 1.043 0.13902 13.0000 32.74 0.8405 0.8423 1.521589 
814.4120 40.457 82.758 0.11102 0.87363 1.101 0.14083 13.0000 33.19 0.8422 0.8440 1.522377 
813.9901 40.392 82.800 0.11072 0.87650 1.082 0.14334 13.0000 33.61 0.8440 0.8458 1.523166 
813.5681 40.416 82.828 0.11035 0.87691 1.086 0.14265 13.0000 33.30 0.8453 0.8472 1.523956 
813.1460 40.389 82.798 0.11088 0.87753 1.059 0.14361 13.0000 33.39 0.8451 0.8470 1.524747 
812.7238 40.359 82.815 0.11074 0.87850 1.136 0.14471 13.0000 33.65 0.8457 0.8477 1.525539 
812.3015 40.328 82.773 0.11196 0.88294 1.104 0.14643 13.0000 33.81 0.8492 0.8511 1.526332 
811.8792 40.258 82.817 0.11125 0.88279 1.082 0.14863 13.0000 34.43 0.8486 0.8506 1.527126 
811.4567 40.249 82.821 0.11133 0.88383 1.071 0.14911 13.0000 34.46 0.8501 0.8521 1.527921 
811.0341 40.270 82.813 0.11140 0.88341 1.025 0.14836 13.0000 33.73 0.8500 0.8520 1.528717 
810.6115 40.221 82.876 0.11066 0.88541 1.085 0.15024 13.0000 34.10 0.8513 0.8532 1.529514 
810.1888 40.188 82.851 0.11117 0.88633 1.050 0.15148 13.0000 33.63 0.8513 0.8531 1.530312 
809.7659 40.195 82.814 0.11190 0.88749 1.042 0.15146 13.0000 34.47 0.8522 0.8540 1.531111 
809.3430 40.204 82.794 0.11228 0.88808 1.027 0.15127 13.0000 34.81 0.8527 0.8544 1.531912 
808.9200 40.210 82.725 0.11346 0.88884 1.083 0.15123 13.0000 34.45 0.8534 0.8552 1.532713 
808.4969 40.218 82.681 0.11425 0.88950 1.075 0.15111 13.0000 35.16 0.8540 0.8558 1.533515 
808.0737 40.254 82.651 0.11460 0.88853 1.104 0.14980 13.0000 34.97 0.8536 0.8554 1.534318 
807.6505 40.234 82.667 0.11452 0.88986 1.132 0.15067 13.0000 35.14 0.8547 0.8565 1.535122 
807.2271 40.209 82.667 0.11458 0.89033 1.060 0.15153 13.0000 35.03 0.8547 0.8564 1.535927 
806.8036 40.226 82.613 0.11552 0.89106 1.050 0.15112 13.0000 35.63 0.8552 0.8569 1.536733 
806.3801 40.247 82.592 0.11591 0.89150 1.061 0.15055 13.0000 35.24 0.8552 0.8569 1.537540 
805.9564 40.275 82.556 0.11651 0.89171 1.025 0.14968 13.0000 35.64 0.8558 0.8575 1.538349 
805.5327 40.298 82.532 0.11692 0.89190 1.046 0.14897 13.0000 35.47 0.8566 0.8582 1.539158 
805.1089 40.346 82.482 0.11765 0.89155 1.035 0.14740 13.0000 35.36 0.8569 0.8586 1.539968 
804.6850 40.343 82.476 0.11794 0.89298 1.060 0.14772 13.0000 35.71 0.8587 0.8604 1.540779 
804.2610 40.339 82.454 0.11830 0.89305 1.056 0.14786 13.0000 36.25 0.8585 0.8602 1.541591 
803.8369 40.343 82.432 0.11875 0.89379 1.044 0.14786 13.0000 35.79 0.8591 0.8608 1.542405 
803.4127 40.371 82.419 0.11901 0.89423 1.078 0.14705 13.0000 36.06 0.8602 0.8619 1.543219 
802.9884 40.376 82.419 0.11907 0.89462 1.117 0.14695 13.0000 36.24 0.8607 0.8625 1.544035 
802.5640 40.365 82.416 0.11928 0.89587 1.040 0.14751 13.0000 36.10 0.8619 0.8637 1.544851 
802.1396 40.354 82.402 0.11948 0.89572 1.074 0.14783 13.0000 36.95 0.8611 0.8629 1.545669 
801.7150 40.353 82.421 0.11919 0.89580 1.071 0.14789 13.0000 36.99 0.8614 0.8631 1.546487 
801.2903 40.387 82.385 0.11980 0.89606 1.066 0.14684 13.0000 36.90 0.8618 0.8635 1.547307 
800.8657 40.398 82.400 0.11950 0.89558 1.073 0.14639 13.0000 36.48 0.8617 0.8634 1.548127 
800.4408 40.390 82.388 0.11956 0.89470 1.087 0.14651 13.0000 36.19 0.8609 0.8626 1.548949 
800.0159 40.395 82.401 0.11943 0.89520 1.053 0.14645 13.0000 37.13 0.8612 0.8629 1.549772 
799.5909 40.402 82.367 0.11996 0.89517 1.042 0.14622 13.0000 36.73 0.8608 0.8624 1.550595 
799.1658 40.397 82.370 0.12006 0.89622 1.050 0.14655 13.0000 37.04 0.8618 0.8634 1.551420 
798.7406 40.388 82.336 0.12079 0.89763 1.076 0.14709 13.0000 37.15 0.8629 0.8645 1.552246 
798.3153 40.413 82.334 0.12090 0.89828 1.084 0.14638 13.0000 37.26 0.8638 0.8655 1.553073 
797.8899 40.428 82.299 0.12166 0.89965 1.070 0.14614 13.0000 37.71 0.8656 0.8673 1.553901 
797.4644 40.419 82.303 0.12170 0.90043 1.075 0.14656 13.0000 37.96 0.8662 0.8679 1.554730 
797.0389 40.412 82.271 0.12246 0.90227 1.080 0.14708 13.0000 37.72 0.8674 0.8691 1.555560 
796.6132 40.396 82.244 0.12306 0.90360 1.100 0.14784 13.0000 37.59 0.8683 0.8700 1.556391 
796.1875 40.403 82.225 0.12330 0.90301 1.065 0.14753 13.0000 38.24 0.8681 0.8698 1.557224 
795.7617 40.412 82.203 0.12373 0.90360 1.048 0.14732 13.0000 37.70 0.8684 0.8701 1.558057 
795.3357 40.443 82.172 0.12422 0.90356 1.073 0.14632 13.0000 37.91 0.8692 0.8709 1.558891 
794.9097 40.453 82.138 0.12489 0.90443 1.065 0.14615 13.0000 38.30 0.8702 0.8720 1.559727 
794.4836 40.475 82.091 0.12558 0.90404 1.070 0.14537 13.0000 38.24 0.8700 0.8719 1.560563 
794.0574 40.471 82.108 0.12543 0.90486 1.080 0.14565 13.0000 38.39 0.8710 0.8729 1.561401 
793.6310 40.451 82.086 0.12605 0.90671 1.046 0.14659 13.0000 38.93 0.8720 0.8739 1.562240 
793.2047 40.464 82.043 0.12680 0.90720 1.054 0.14626 13.0000 38.96 0.8726 0.8745 1.563079 
792.7782 40.463 82.035 0.12695 0.90733 1.070 0.14633 13.0000 38.49 0.8724 0.8743 1.563920 
792.3516 40.458 82.033 0.12707 0.90795 1.082 0.14658 13.0000 38.82 0.8728 0.8746 1.564762 
791.9249 40.433 82.036 0.12707 0.90831 1.037 0.14746 13.0000 38.25 0.8727 0.8746 1.565605 
791.4982 40.458 82.015 0.12750 0.90890 1.039 0.14673 13.0000 38.46 0.8732 0.8751 1.566449 
791.0714 40.457 82.008 0.12771 0.90958 1.026 0.14687 13.0000 38.97 0.8739 0.8758 1.567295 
790.6444 40.454 82.005 0.12785 0.91021 1.061 0.14710 13.0000 38.70 0.8746 0.8765 1.568141 
790.2173 40.481 81.997 0.12785 0.90935 1.058 0.14607 13.0000 38.86 0.8746 0.8766 1.568989 
789.7902 40.488 81.973 0.12833 0.90996 1.079 0.14593 13.0000 39.11 0.8749 0.8768 1.569837 
789.3630 40.492 81.962 0.12854 0.91026 1.050 0.14586 13.0000 38.82 0.8752 0.8771 1.570687 
788.9357 40.504 81.970 0.12849 0.91075 1.049 0.14554 13.0000 39.60 0.8760 0.8779 1.571537 
788.5083 40.499 81.953 0.12880 0.91112 1.032 0.14577 13.0000 39.77 0.8760 0.8780 1.572389 
788.0807 40.476 81.970 0.12863 0.91175 1.039 0.14664 13.0000 39.44 0.8766 0.8785 1.573242 
787.6532 40.463 81.957 0.12901 0.91296 1.045 0.14725 13.0000 39.52 0.8775 0.8794 1.574096 
787.2255 40.457 81.964 0.12886 0.91270 1.033 0.14740 13.0000 39.35 0.8772 0.8790 1.574951 
786.7977 40.443 81.921 0.12956 0.91271 1.036 0.14789 13.0000 39.91 0.8766 0.8785 1.575808 
786.3699 40.418 81.914 0.12989 0.91424 1.049 0.14898 13.0000 39.86 0.8775 0.8794 1.576665 
785.9419 40.415 81.917 0.12992 0.91484 1.035 0.14916 13.0000 39.97 0.8786 0.8805 1.577524 
785.5139 40.423 81.907 0.13011 0.91496 1.037 0.14891 13.0000 39.61 0.8790 0.8808 1.578383 
785.0857 40.412 81.885 0.13055 0.91557 1.050 0.14939 13.0000 40.38 0.8787 0.8806 1.579244 
784.6575 40.415 81.848 0.13121 0.91598 1.047 0.14937 13.0000 40.19 0.8790 0.8809 1.580106 
784.2291 40.411 81.850 0.13117 0.91595 1.054 0.14951 13.0000 40.61 0.8792 0.8811 1.580969 
783.8007 40.407 81.837 0.13138 0.91584 1.056 0.14962 13.0000 40.52 0.8790 0.8808 1.581833 
783.3722 40.411 81.825 0.13161 0.91612 1.040 0.14954 13.0000 40.54 0.8794 0.8811 1.582698 
782.9435 40.440 81.799 0.13202 0.91606 1.038 0.14857 13.0000 40.81 0.8798 0.8816 1.583565 
782.5148 40.432 81.791 0.13233 0.91725 1.015 0.14905 13.0000 40.84 0.8812 0.8830 1.584433 
782.0861 40.410 81.807 0.13213 0.91770 1.024 0.14984 13.0000 40.54 0.8817 0.8835 1.585301 
781.6572 40.390 81.817 0.13199 0.91793 1.036 0.15055 13.0000 40.23 0.8819 0.8836 1.586171 
781.2282 40.385 81.810 0.13217 0.91830 1.038 0.15077 13.0000 40.62 0.8821 0.8838 1.587042 
780.7991 40.385 81.818 0.13208 0.91867 1.048 0.15082 13.0000 40.81 0.8825 0.8843 1.587914 
780.3699 40.389 81.819 0.13214 0.91913 1.025 0.15076 13.0000 40.85 0.8832 0.8849 1.588788 
779.9407 40.396 81.819 0.13210 0.91887 1.054 0.15048 13.0000 40.91 0.8833 0.8851 1.589662 
779.5113 40.397 81.824 0.13202 0.91883 1.037 0.15045 13.0000 40.96 0.8833 0.8851 1.590537 
779.0818 40.433 81.801 0.13237 0.91867 1.086 0.14923 13.0000 41.02 0.8836 0.8854 1.591414 
778.6523 40.451 81.765 0.13306 0.91943 1.049 0.14877 13.0000 41.16 0.8843 0.8861 1.592292 
778.2227 40.459 81.742 0.13355 0.92025 1.033 0.14865 13.0000 41.39 0.8852 0.8870 1.593171 
777.7930 40.466 81.744 0.13355 0.92035 1.034 0.14842 13.0000 41.10 0.8858 0.8876 1.594051 
777.3632 40.476 81.744 0.13363 0.92098 1.044 0.14820 13.0000 41.01 0.8864 0.8882 1.594933 
776.9332 40.493 81.725 0.13394 0.92099 1.049 0.14764 13.0000 41.50 0.8868 0.8886 1.595815 
776.5032 40.505 81.709 0.13424 0.92118 1.033 0.14726 13.0000 41.83 0.8871 0.8889 1.596699 
776.0731 40.506 81.701 0.13440 0.92136 1.053 0.14728 13.0000 41.92 0.8873 0.8891 1.597584 
775.6429 40.512 81.665 0.13503 0.92162 1.064 0.14711 13.0000 41.42 0.8875 0.8891 1.598470 
775.2126 40.536 81.658 0.13506 0.92115 1.046 0.14624 13.0000 42.06 0.8874 0.8891 1.599357 
774.7822 40.561 81.645 0.13530 0.92121 1.057 0.14544 13.0000 42.34 0.8880 0.8897 1.600246 
774.3517 40.559 81.668 0.13498 0.92159 1.047 0.14555 13.0000 42.40 0.8883 0.8899 1.601135 
773.9212 40.555 81.653 0.13533 0.92234 1.051 0.14582 13.0000 42.24 0.8888 0.8905 1.602026 
773.4905 40.548 81.657 0.13536 0.92303 1.027 0.14615 13.0000 42.07 0.8893 0.8910 1.602918 
773.0598 40.547 81.659 0.13544 0.92377 1.019 0.14631 13.0000 42.93 0.8897 0.8913 1.603811 
772.6289 40.562 81.646 0.13570 0.92408 1.049 0.14585 13.0000 42.60 0.8902 0.8918 1.604706 
772.1980 40.586 81.619 0.13617 0.92426 1.043 0.14510 13.0000 42.47 0.8908 0.8924 1.605601 
771.7669 40.586 81.609 0.13635 0.92429 1.039 0.14509 13.0000 42.55 0.8909 0.8926 1.606498 
771.3358 40.589 81.610 0.13633 0.92437 1.027 0.14501 13.0000 43.10 0.8913 0.8929 1.607396 
770.9046 40.591 81.606 0.13646 0.92480 1.027 0.14501 13.0000 42.81 0.8919 0.8935 1.608295 
770.4733 40.598 81.605 0.13655 0.92525 1.044 0.14487 13.0000 43.01 0.8927 0.8943 1.609195 
770.0419 40.604 81.606 0.13657 0.92554 1.045 0.14471 13.0000 42.78 0.8932 0.8948 1.610097 
769.6104 40.613 81.608 0.13662 0.92608 1.038 0.14447 13.0000 43.23 0.8937 0.8953 1.610999 
769.1787 40.616 81.616 0.13655 0.92651 1.039 0.14443 13.0000 43.36 0.8939 0.8954 1.611904 
768.7471 40.618 81.626 0.13630 0.92594 1.047 0.14427 13.0000 43.54 0.8937 0.8952 1.612809 
768.3152 40.630 81.632 0.13636 0.92703 1.058 0.14405 13.0000 43.56 0.8949 0.8964 1.613715 
767.8834 40.636 81.616 0.13676 0.92790 1.037 0.14399 13.0000 43.79 0.8954 0.8969 1.614623 
767.4514 40.652 81.584 0.13732 0.92812 1.049 0.14351 13.0000 44.21 0.8958 0.8974 1.615531 
767.0193 40.667 81.574 0.13747 0.92804 1.040 0.14299 13.0000 44.21 0.8958 0.8973 1.616442 
766.5872 40.678 81.559 0.13779 0.92846 1.046 0.14270 13.0000 43.74 0.8962 0.8978 1.617353 
766.1549 40.689 81.542 0.13808 0.92854 1.032 0.14234 13.0000 44.21 0.8962 0.8978 1.618265 
765.7225 40.701 81.565 0.13769 0.92852 1.026 0.14191 13.0000 45.04 0.8963 0.8979 1.619179 
765.2901 40.715 81.573 0.13758 0.92872 1.038 0.14149 13.0000 44.70 0.8968 0.8983 1.620094 
764.8575 40.717 81.587 0.13747 0.92952 1.032 0.14155 13.0000 45.08 0.8973 0.8988 1.621010 
764.4249 40.711 81.584 0.13766 0.93046 1.043 0.14188 13.0000 44.77 0.8980 0.8995 1.621928 
763.9922 40.709 81.587 0.13777 0.93146 1.038 0.14211 13.0000 45.01 0.8987 0.9003 1.622846 
763.5593 40.730 81.571 0.13809 0.93192 1.055 0.14147 13.0000 45.71 0.8994 0.9009 1.623766 
763.1264 40.744 81.585 0.13788 0.93197 1.042 0.14100 13.0000 45.43 0.8996 0.9011 1.624687 
762.6934 40.737 81.563 0.13838 0.93293 1.061 0.14138 13.0000 45.86 0.9001 0.9016 1.625610 
762.2603 40.749 81.558 0.13841 0.93258 1.044 0.14093 13.0000 46.01 0.8999 0.9014 1.626533 
761.8271 40.742 81.559 0.13849 0.93326 1.036 0.14126 13.0000 46.18 0.9003 0.9018 1.627458 
761.3938 40.761 81.553 0.13854 0.93290 1.060 0.14058 13.0000 46.05 0.9003 0.9017 1.628385 
760.9604 40.782 81.530 0.13892 0.93289 1.046 0.13987 13.0000 45.65 0.9005 0.9019 1.629312 
760.5269 40.788 81.535 0.13893 0.93358 1.032 0.13978 13.0000 46.26 0.9010 0.9024 1.630241 
760.0933 40.797 81.527 0.13918 0.93434 1.053 0.13960 13.0000 46.86 0.9020 0.9035 1.631171 
759.6597 40.808 81.505 0.13965 0.93497 1.038 0.13934 13.0000 46.78 0.9027 0.9041 1.632102 
759.2259 40.822 81.517 0.13941 0.93469 1.056 0.13882 13.0000 46.43 0.9029 0.9043 1.633034 
758.7921 40.822 81.527 0.13930 0.93511 1.039 0.13885 13.0000 46.78 0.9033 0.9048 1.633968 
758.3581 40.839 81.506 0.13966 0.93517 1.049 0.13832 13.0000 47.04 0.9033 0.9048 1.634903 
757.9240 40.848 81.504 0.13961 0.93463 1.049 0.13792 13.0000 47.61 0.9029 0.9043 1.635839 
757.4899 40.862 81.503 0.13964 0.93467 1.045 0.13745 13.0000 47.83 0.9033 0.9047 1.636777 
757.0556 40.881 81.506 0.13952 0.93422 1.043 0.13675 13.0000 47.42 0.9031 0.9045 1.637716 
756.6213 40.894 81.507 0.13957 0.93473 1.043 0.13639 13.0000 47.10 0.9037 0.9051 1.638656 
756.1868 40.917 81.481 0.13999 0.93457 1.042 0.13560 13.0000 47.05 0.9037 0.9051 1.639597 
755.7523 40.913 81.491 0.13985 0.93475 1.038 0.13575 13.0000 46.85 0.9037 0.9050 1.640540 
755.3177 40.915 81.494 0.13989 0.93533 1.047 0.13578 13.0000 48.16 0.9041 0.9055 1.641484 
754.8830 40.932 81.502 0.13969 0.93487 1.065 0.13514 13.0000 47.99 0.9040 0.9053 1.642429 
754.4482 40.939 81.508 0.13951 0.93444 1.052 0.13482 13.0000 48.06 0.9038 0.9051 1.643376 
754.0132 40.942 81.523 0.13931 0.93472 1.060 0.13479 13.0000 48.99 0.9040 0.9053 1.644324 
753.5782 40.936 81.518 0.13950 0.93544 1.048 0.13507 13.0000 48.36 0.9043 0.9057 1.645273 
753.1431 40.937 81.514 0.13963 0.93585 1.049 0.13511 13.0000 49.01 0.9046 0.9060 1.646223 
752.7079 40.937 81.523 0.13952 0.93605 1.047 0.13512 13.0000 48.53 0.9047 0.9060 1.647175 
752.2726 40.946 81.525 0.13951 0.93622 1.045 0.13486 13.0000 49.66 0.9047 0.9060 1.648129 
751.8373 40.954 81.531 0.13934 0.93576 1.041 0.13450 13.0000 49.03 0.9043 0.9056 1.649083 
751.4018 40.971 81.498 0.13991 0.93593 1.046 0.13399 13.0000 49.51 0.9047 0.9060 1.650039 
750.9662 40.981 81.498 0.13993 0.93613 1.049 0.13368 13.0000 49.51 0.9053 0.9066 1.650996 
750.5306 40.996 81.500 0.13983 0.93566 1.048 0.13308 13.0000 49.63 0.9054 0.9066 1.651954 
750.0948 41.008 81.485 0.14007 0.93557 1.051 0.13270 13.0000 49.60 0.9051 0.9064 1.652914 
749.6589 41.009 81.487 0.14009 0.93592 1.068 0.13268 13.0000 49.91 0.9053 0.9066 1.653875 
749.2230 41.012 81.490 0.14002 0.93580 1.052 0.13259 13.0000 50.02 0.9054 0.9066 1.654837 
748.7869 41.017 81.495 0.13993 0.93573 1.054 0.13241 13.0000 50.44 0.9053 0.9065 1.655801 
748.3508 41.020 81.482 0.14024 0.93635 1.054 0.13239 13.0000 50.35 0.9057 0.9070 1.656766 
747.9146 41.014 81.497 0.14009 0.93707 1.060 0.13267 13.0000 50.22 0.9064 0.9076 1.657732 
747.4782 41.019 81.517 0.13976 0.93708 1.055 0.13253 13.0000 49.76 0.9066 0.9079 1.658700 
747.0417 41.017 81.519 0.13980 0.93750 1.055 0.13264 13.0000 50.24 0.9068 0.9081 1.659669 
746.6052 41.018 81.510 0.13997 0.93768 1.048 0.13263 13.0000 50.59 0.9068 0.9080 1.660639 
746.1686 41.026 81.491 0.14036 0.93814 1.051 0.13243 13.0000 51.09 0.9072 0.9084 1.661611 
745.7319 41.038 81.470 0.14075 0.93848 1.056 0.13208 13.0000 50.52 0.9075 0.9087 1.662584 
745.2950 41.044 81.465 0.14091 0.93894 1.054 0.13195 13.0000 50.69 0.9079 0.9092 1.663559 
744.8582 41.058 81.445 0.14127 0.93906 1.056 0.13151 13.0000 51.36 0.9080 0.9093 1.664534 
744.4211 41.053 81.450 0.14122 0.93933 1.053 0.13172 13.0000 50.80 0.9081 0.9094 1.665512 
743.9841 41.041 81.461 0.14118 0.94023 1.049 0.13224 13.0000 51.07 0.9087 0.9099 1.666490 
743.5468 41.054 81.444 0.14144 0.94013 1.063 0.13178 13.0000 50.92 0.9087 0.9099 1.667470 
743.1096 41.058 81.447 0.14142 0.94034 1.062 0.13170 13.0000 51.56 0.9089 0.9101 1.668451 
742.6722 41.059 81.466 0.14113 0.94047 1.060 0.13166 13.0000 51.13 0.9093 0.9105 1.669434 
742.2347 41.064 81.471 0.14102 0.94030 1.056 0.13145 13.0000 51.61 0.9090 0.9103 1.670418 
741.7971 41.067 81.458 0.14125 0.94041 1.063 0.13137 13.0000 52.11 0.9089 0.9101 1.671403 
741.3594 41.071 81.453 0.14130 0.94023 1.055 0.13122 13.0000 51.34 0.9088 0.9100 1.672390 
740.9216 41.070 81.460 0.14121 0.94038 1.066 0.13126 13.0000 52.58 0.9090 0.9102 1.673378 
740.4838 41.077 81.463 0.14114 0.94023 1.055 0.13102 13.0000 52.32 0.9089 0.9101 1.674367 
740.0458 41.075 81.484 0.14080 0.94031 1.054 0.13108 13.0000 52.69 0.9090 0.9101 1.675358 
739.6077 41.069 81.502 0.14052 0.94042 1.062 0.13129 13.0000 52.59 0.9090 0.9102 1.676351 
739.1696 41.069 81.496 0.14066 0.94071 1.056 0.13135 13.0000 52.52 0.9092 0.9104 1.677344 
738.7313 41.067 81.505 0.14052 0.94084 1.058 0.13143 13.0000 52.71 0.9092 0.9104 1.678339 
738.2930 41.071 81.497 0.14065 0.94071 1.062 0.13129 13.0000 53.23 0.9091 0.9103 1.679336 
737.8545 41.070 81.499 0.14062 0.94077 1.052 0.13132 13.0000 53.07 0.9091 0.9103 1.680334 
737.4160 41.074 81.501 0.14064 0.94114 1.060 0.13125 13.0000 52.77 0.9095 0.9106 1.681333 
736.9773 41.086 81.504 0.14050 0.94058 1.058 0.13074 13.0000 52.46 0.9093 0.9105 1.682334 
736.5386 41.088 81.510 0.14039 0.94046 1.059 0.13067 13.0000 52.58 0.9091 0.9103 1.683336 
736.0997 41.093 81.522 0.14015 0.94024 1.062 0.13047 13.0000 54.49 0.9091 0.9102 1.684340 
735.6608 41.095 81.534 0.13997 0.94036 1.069 0.13039 13.0000 53.61 0.9091 0.9102 1.685344 
735.2218 41.099 81.537 0.13991 0.94032 1.066 0.13025 13.0000 53.52 0.9093 0.9104 1.686351 
734.7827 41.102 81.561 0.13942 0.93972 1.058 0.13005 13.0000 53.43 0.9089 0.9100 1.687359 
734.3434 41.100 81.555 0.13955 0.93986 1.072 0.13017 13.0000 54.16 0.9088 0.9099 1.688368 
733.9041 41.105 81.547 0.13968 0.93988 1.075 0.13000 13.0000 54.42 0.9088 0.9099 1.689379 
733.4647 41.099 81.553 0.13954 0.93968 1.062 0.13015 13.0000 54.94 0.9086 0.9097 1.690391 
733.0252 41.099 81.569 0.13925 0.93946 1.061 0.13011 13.0000 54.52 0.9086 0.9098 1.691404 
732.5856 41.101 81.550 0.13967 0.94013 1.065 0.13016 13.0000 54.61 0.9089 0.9101 1.692419 
732.1459 41.104 81.552 0.13958 0.93977 1.061 0.13000 13.0000 54.10 0.9088 0.9099 1.693436 
731.7061 41.110 81.552 0.13945 0.93890 1.064 0.12969 13.0000 54.99 0.9083 0.9094 1.694453 
731.2662 41.105 81.568 0.13921 0.93908 1.066 0.12987 13.0000 54.61 0.9084 0.9096 1.695473 
730.8262 41.102 81.573 0.13910 0.93897 1.073 0.12997 13.0000 54.99 0.9084 0.9095 1.696494 
730.3861 41.107 81.598 0.13859 0.93832 1.070 0.12969 13.0000 55.15 0.9082 0.9093 1.697516 
729.9459 41.116 81.594 0.13862 0.93801 1.075 0.12936 13.0000 55.52 0.9081 0.9091 1.698539 
729.5057 41.125 81.592 0.13856 0.93742 1.078 0.12898 13.0000 54.79 0.9080 0.9091 1.699564 
729.0653 41.132 81.571 0.13892 0.93742 1.076 0.12875 13.0000 54.89 0.9082 0.9092 1.700591 
728.6248 41.125 81.578 0.13876 0.93719 1.066 0.12895 13.0000 54.43 0.9079 0.9090 1.701619 
728.1843 41.119 81.585 0.13862 0.93703 1.071 0.12912 13.0000 55.16 0.9077 0.9088 1.702648 
727.7436 41.122 81.593 0.13847 0.93689 1.067 0.12899 13.0000 55.04 0.9078 0.9089 1.703680 
727.3028 41.119 81.608 0.13818 0.93663 1.067 0.12906 13.0000 54.85 0.9077 0.9088 1.704712 
726.8619 41.124 81.595 0.13839 0.93662 1.074 0.12890 13.0000 55.48 0.9077 0.9088 1.705746 
726.4210 41.120 81.602 0.13823 0.93636 1.080 0.12899 13.0000 55.89 0.9075 0.9086 1.706781 
725.9799 41.121 81.605 0.13819 0.93642 1.075 0.12897 13.0000 55.17 0.9077 0.9087 1.707818 
725.5388 41.135 81.592 0.13834 0.93595 1.080 0.12844 13.0000 55.29 0.9075 0.9086 1.708857 
725.0975 41.148 81.571 0.13867 0.93572 1.083 0.12795 13.0000 55.80 0.9077 0.9088 1.709897 
724.6561 41.155 81.570 0.13864 0.93553 1.074 0.12772 13.0000 54.83 0.9079 0.9090 1.710938 
724.2147 41.153 81.577 0.13845 0.93493 1.078 0.12767 13.0000 55.59 0.9077 0.9088 1.711981 
723.7732 41.156 81.579 0.13836 0.93459 1.077 0.12755 13.0000 55.60 0.9075 0.9086 1.713025 
723.3315 41.160 81.591 0.13809 0.93415 1.074 0.12734 13.0000 55.01 0.9075 0.9085 1.714072 
722.8898 41.164 81.575 0.13837 0.93418 1.081 0.12723 13.0000 56.09 0.9076 0.9086 1.715119 
722.4479 41.167 81.573 0.13837 0.93401 1.077 0.12709 13.0000 56.16 0.9075 0.9086 1.716168 
722.0060 41.170 81.572 0.13834 0.93368 1.083 0.12696 13.0000 56.09 0.9075 0.9085 1.717218 
721.5640 41.182 81.545 0.13880 0.93377 1.075 0.12655 13.0000 55.72 0.9078 0.9089 1.718270 
721.1218 41.184 81.545 0.13878 0.93368 1.080 0.12647 13.0000 56.05 0.9079 0.9089 1.719324 
720.6796 41.184 81.551 0.13869 0.93367 1.084 0.12650 13.0000 56.51 0.9079 0.9090 1.720379 
720.2373 41.189 81.546 0.13872 0.93336 1.085 0.12627 13.0000 56.68 0.9080 0.9091 1.721435 
719.7949 41.187 81.561 0.13844 0.93305 1.079 0.12629 13.0000 56.44 0.9079 0.9090 1.722493 
719.3524 41.190 81.556 0.13853 0.93314 1.080 0.12620 13.0000 56.36 0.9083 0.9094 1.723553 
718.9097 41.192 81.555 0.13852 0.93294 1.090 0.12611 13.0000 56.77 0.9083 0.9093 1.724614 
718.4670 41.194 81.551 0.13855 0.93276 1.087 0.12603 13.0000 57.00 0.9083 0.9094 1.725677 
718.0242 41.203 81.531 0.13895 0.93321 1.088 0.12580 13.0000 57.27 0.9088 0.9099 1.726741 
717.5813 41.214 81.519 0.13911 0.93296 1.088 0.12539 13.0000 57.38 0.9089 0.9100 1.727807 
717.1383 41.226 81.509 0.13925 0.93269 1.085 0.12496 13.0000 56.27 0.9090 0.9101 1.728874 
716.6952 41.233 81.499 0.13939 0.93260 1.088 0.12473 13.0000 56.95 0.9091 0.9102 1.729943 
716.2520 41.241 81.491 0.13951 0.93247 1.091 0.12444 13.0000 57.44 0.9093 0.9103 1.731013 
715.8087 41.250 81.462 0.13998 0.93234 1.097 0.12412 13.0000 57.74 0.9093 0.9104 1.732086 
715.3653 41.258 81.446 0.14025 0.93235 1.095 0.12385 13.0000 57.81 0.9097 0.9108 1.733159 
714.9218 41.260 81.451 0.14013 0.93218 1.097 0.12376 13.0000 57.76 0.9097 0.9108 1.734234 
714.4782 41.268 81.440 0.14032 0.93217 1.092 0.12352 13.0000 57.63 0.9099 0.9110 1.735311 
714.0345 41.276 81.413 0.14079 0.93233 1.097 0.12327 13.0000 57.69 0.9100 0.9111 1.736389 
713.5907 41.279 81.403 0.14099 0.93255 1.100 0.12318 13.0000 58.06 0.9104 0.9114 1.737469 
713.1469 41.294 81.384 0.14123 0.93208 1.091 0.12263 13.0000 57.11 0.9103 0.9113 1.738550 
712.7028 41.303 81.369 0.14146 0.93190 1.099 0.12231 13.0000 57.71 0.9103 0.9114 1.739634 
712.2588 41.313 81.348 0.14183 0.93208 1.104 0.12202 13.0000 58.43 0.9108 0.9118 1.740718 
711.8146 41.322 81.332 0.14212 0.93218 1.097 0.12175 13.0000 57.77 0.9111 0.9122 1.741805 
711.3703 41.332 81.311 0.14248 0.93228 1.104 0.12141 13.0000 58.33 0.9113 0.9124 1.742892 
710.9259 41.345 81.279 0.14304 0.93249 1.102 0.12104 13.0000 58.13 0.9116 0.9126 1.743982 
710.4814 41.351 81.265 0.14326 0.93242 1.098 0.12081 13.0000 58.40 0.9117 0.9128 1.745073 
710.0369 41.359 81.255 0.14346 0.93262 1.104 0.12057 13.0000 58.60 0.9120 0.9130 1.746165 
709.5922 41.365 81.238 0.14377 0.93280 1.111 0.12040 13.0000 58.04 0.9122 0.9133 1.747260 
709.1474 41.372 81.231 0.14395 0.93316 1.109 0.12021 13.0000 58.63 0.9126 0.9137 1.748356 
708.7026 41.377 81.223 0.14410 0.93332 1.111 0.12008 13.0000 59.06 0.9128 0.9139 1.749453 
708.2576 41.390 81.214 0.14423 0.93325 1.108 0.11964 13.0000 58.97 0.9131 0.9142 1.750552 
707.8125 41.397 81.207 0.14436 0.93333 1.112 0.11941 13.0000 58.19 0.9133 0.9144 1.751653 
707.3674 41.415 81.183 0.14475 0.93320 1.115 0.11879 13.0000 58.65 0.9135 0.9146 1.752755 
706.9221 41.426 81.172 0.14496 0.93335 1.114 0.11845 13.0000 59.27 0.9138 0.9149 1.753859 
706.4767 41.441 81.148 0.14535 0.93333 1.116 0.11794 13.0000 59.48 0.9141 0.9152 1.754965 
706.0313 41.454 81.118 0.14585 0.93328 1.121 0.11754 13.0000 59.45 0.9142 0.9153 1.756072 
705.5857 41.467 81.106 0.14606 0.93332 1.118 0.11709 13.0000 59.69 0.9145 0.9156 1.757181 
705.1401 41.479 81.091 0.14632 0.93347 1.114 0.11673 13.0000 59.09 0.9148 0.9159 1.758292 
704.6943 41.489 81.083 0.14650 0.93369 1.122 0.11641 13.0000 59.25 0.9152 0.9163 1.759404 
704.2484 41.496 81.072 0.14669 0.93373 1.122 0.11617 13.0000 58.85 0.9152 0.9163 1.760518 
703.8025 41.504 81.062 0.14686 0.93380 1.132 0.11592 13.0000 59.25 0.9152 0.9163 1.761633 
703.3564 41.514 81.033 0.14738 0.93396 1.129 0.11563 13.0000 58.96 0.9153 0.9164 1.762751 
702.9103 41.525 81.022 0.14761 0.93429 1.126 0.11532 13.0000 59.95 0.9157 0.9168 1.763869 
702.4641 41.539 81.000 0.14800 0.93446 1.129 0.11484 13.0000 60.22 0.9161 0.9172 1.764990 
702.0177 41.550 80.986 0.14828 0.93473 1.130 0.11452 13.0000 60.03 0.9164 0.9175 1.766112 
701.5712 41.564 80.969 0.14859 0.93489 1.129 0.11409 13.0000 60.33 0.9167 0.9178 1.767236 
701.1247 41.572 80.962 0.14878 0.93533 1.137 0.11387 13.0000 60.47 0.9171 0.9182 1.768361 
700.6780 41.585 80.951 0.14897 0.93541 1.139 0.11345 13.0000 59.78 0.9173 0.9184 1.769489 
700.2313 41.593 80.940 0.14920 0.93570 1.141 0.11320 13.0000 60.30 0.9177 0.9188 1.770618 
699.7844 41.602 80.927 0.14947 0.93597 1.145 0.11294 13.0000 59.19 0.9180 0.9191 1.771748 
699.3375 41.613 80.918 0.14965 0.93622 1.137 0.11260 13.0000 59.75 0.9183 0.9194 1.772881 
698.8904 41.624 80.899 0.15001 0.93645 1.141 0.11228 13.0000 60.32 0.9186 0.9197 1.774015 
698.4433 41.636 80.889 0.15022 0.93668 1.143 0.11192 13.0000 60.38 0.9189 0.9200 1.775150 
697.9961 41.647 80.860 0.15079 0.93718 1.145 0.11161 13.0000 60.08 0.9195 0.9206 1.776288 
697.5488 41.663 80.844 0.15104 0.93714 1.151 0.11106 13.0000 60.35 0.9198 0.9209 1.777427 
697.1013 41.671 80.832 0.15126 0.93724 1.154 0.11081 13.0000 60.26 0.9199 0.9209 1.778568 
696.6537 41.683 80.822 0.15146 0.93741 1.156 0.11045 13.0000 60.33 0.9200 0.9211 1.779711 
696.2061 41.695 80.806 0.15178 0.93767 1.152 0.11008 13.0000 59.93 0.9203 0.9213 1.780855 
695.7584 41.709 80.799 0.15189 0.93771 1.157 0.10962 13.0000 60.42 0.9205 0.9216 1.782001 
695.3105 41.723 80.785 0.15215 0.93779 1.160 0.10915 13.0000 61.48 0.9206 0.9217 1.783149 
694.8626 41.736 80.773 0.15238 0.93805 1.161 0.10875 13.0000 61.08 0.9211 0.9221 1.784298 
694.4146 41.748 80.765 0.15255 0.93819 1.156 0.10838 13.0000 60.98 0.9214 0.9224 1.785449 
693.9664 41.762 80.758 0.15270 0.93843 1.165 0.10791 13.0000 60.23 0.9217 0.9228 1.786602 
693.5182 41.772 80.743 0.15308 0.93916 1.162 0.10767 13.0000 60.24 0.9222 0.9233 1.787757 
693.0699 41.784 80.740 0.15320 0.93962 1.173 0.10733 13.0000 60.29 0.9226 0.9237 1.788913 
692.6215 41.791 80.740 0.15328 0.94010 1.169 0.10713 13.0000 60.80 0.9229 0.9240 1.790071 
692.1729 41.800 80.736 0.15339 0.94046 1.173 0.10687 13.0000 60.82 0.9230 0.9241 1.791231 
691.7243 41.811 80.730 0.15354 0.94070 1.167 0.10653 13.0000 61.24 0.9234 0.9244 1.792393 
691.2756 41.827 80.722 0.15372 0.94096 1.169 0.10602 13.0000 60.96 0.9237 0.9248 1.793557 
690.8267 41.840 80.714 0.15386 0.94106 1.178 0.10563 13.0000 60.33 0.9239 0.9250 1.794722 
690.3778 41.853 80.702 0.15412 0.94142 1.176 0.10522 13.0000 60.42 0.9243 0.9254 1.795889 
689.9288 41.862 80.696 0.15428 0.94173 1.187 0.10496 13.0000 60.11 0.9246 0.9257 1.797058 
689.4797 41.876 80.685 0.15449 0.94191 1.180 0.10449 13.0000 60.24 0.9250 0.9261 1.798228 
689.0304 41.890 80.679 0.15460 0.94193 1.185 0.10403 13.0000 59.59 0.9251 0.9262 1.799401 
688.5811 41.900 80.673 0.15474 0.94217 1.181 0.10371 13.0000 61.13 0.9254 0.9265 1.800575 
688.1317 41.910 80.668 0.15485 0.94227 1.184 0.10339 13.0000 60.78 0.9256 0.9267 1.801751 
687.6821 41.919 80.667 0.15489 0.94249 1.186 0.10312 13.0000 61.11 0.9258 0.9268 1.802929 
687.2325 41.934 80.650 0.15522 0.94272 1.193 0.10263 13.0000 61.22 0.9261 0.9272 1.804108 
686.7828 41.945 80.648 0.15529 0.94291 1.200 0.10230 13.0000 61.16 0.9262 0.9273 1.805290 
686.3329 41.956 80.644 0.15539 0.94319 1.197 0.10195 13.0000 60.62 0.9264 0.9275 1.806473 
685.8830 41.969 80.644 0.15542 0.94332 1.201 0.10153 13.0000 60.55 0.9266 0.9277 1.807658 
685.4330 41.986 80.642 0.15549 0.94358 1.201 0.10097 13.0000 61.01 0.9269 0.9280 1.808845 
684.9828 42.001 80.636 0.15564 0.94382 1.202 0.10052 13.0000 60.92 0.9273 0.9283 1.810034 
684.5327 42.010 80.638 0.15561 0.94386 1.203 0.10020 13.0000 61.33 0.9273 0.9284 1.811224 
684.0823 42.023 80.636 0.15566 0.94396 1.210 0.09979 13.0000 60.77 0.9274 0.9284 1.812416 
683.6319 42.035 80.635 0.15572 0.94418 1.217 0.09940 13.0000 61.00 0.9275 0.9286 1.813610 
683.1813 42.045 80.633 0.15577 0.94427 1.219 0.09908 13.0000 60.38 0.9275 0.9286 1.814807 
682.7307 42.059 80.618 0.15608 0.94458 1.220 0.09863 13.0000 60.82 0.9278 0.9289 1.816004 
682.2800 42.076 80.617 0.15607 0.94448 1.220 0.09805 13.0000 61.26 0.9279 0.9289 1.817204 
681.8292 42.093 80.613 0.15614 0.94449 1.218 0.09749 13.0000 60.49 0.9282 0.9292 1.818405 
681.3782 42.109 80.608 0.15623 0.94450 1.222 0.09693 13.0000 60.80 0.9284 0.9295 1.819609 
680.9272 42.120 80.604 0.15629 0.94448 1.228 0.09655 13.0000 60.49 0.9284 0.9295 1.820814 
680.4761 42.136 80.597 0.15640 0.94438 1.230 0.09601 13.0000 61.08 0.9285 0.9296 1.822021 
680.0248 42.149 80.592 0.15646 0.94429 1.240 0.09557 13.0000 60.52 0.9285 0.9296 1.823230 
679.5735 42.161 80.589 0.15653 0.94438 1.239 0.09517 13.0000 60.84 0.9287 0.9298 1.824441 
679.1221 42.177 80.583 0.15659 0.94413 1.239 0.09460 13.0000 60.87 0.9287 0.9298 1.825654 
678.6705 42.193 80.582 0.15658 0.94401 1.246 0.09406 13.0000 61.34 0.9289 0.9299 1.826869 
678.2189 42.205 80.580 0.15663 0.94404 1.247 0.09365 13.0000 61.80 0.9289 0.9299 1.828085 
677.7672 42.218 80.571 0.15681 0.94421 1.247 0.09325 13.0000 60.46 0.9290 0.9301 1.829303 
677.3154 42.232 80.565 0.15689 0.94409 1.254 0.09277 13.0000 60.36 0.9291 0.9302 1.830524 
676.8634 42.244 80.561 0.15698 0.94426 1.261 0.09239 13.0000 61.30 0.9293 0.9304 1.831746 
676.4114 42.258 80.558 0.15699 0.94400 1.263 0.09187 13.0000 61.01 0.9293 0.9304 1.832970 
675.9592 42.267 80.552 0.15708 0.94396 1.266 0.09158 13.0000 61.13 0.9294 0.9305 1.834196 
675.5070 42.278 80.545 0.15720 0.94391 1.269 0.09119 13.0000 61.17 0.9295 0.9306 1.835424 
675.0547 42.290 80.549 0.15711 0.94384 1.270 0.09079 13.0000 60.80 0.9296 0.9307 1.836654 
674.6022 42.303 80.548 0.15711 0.94367 1.275 0.09033 13.0000 60.71 0.9296 0.9307 1.837886 
674.1497 42.316 80.545 0.15713 0.94355 1.276 0.08987 13.0000 61.19 0.9297 0.9307 1.839120 
673.6971 42.329 80.545 0.15710 0.94329 1.280 0.08941 13.0000 60.45 0.9297 0.9308 1.840355 
673.2443 42.341 80.544 0.15712 0.94334 1.284 0.08904 13.0000 60.98 0.9299 0.9310 1.841593 
672.7915 42.354 80.541 0.15713 0.94311 1.290 0.08855 13.0000 61.48 0.9300 0.9311 1.842832 
672.3386 42.367 80.541 0.15710 0.94290 1.295 0.08810 13.0000 61.11 0.9302 0.9313 1.844074 
671.8855 42.380 80.536 0.15712 0.94262 1.292 0.08765 13.0000 60.67 0.9303 0.9314 1.845317 
671.4324 42.393 80.531 0.15717 0.94235 1.301 0.08717 13.0000 60.77 0.9304 0.9315 1.846563 
670.9791 42.404 80.527 0.15723 0.94233 1.300 0.08679 13.0000 61.43 0.9305 0.9316 1.847810 
670.5258 42.419 80.519 0.15734 0.94212 1.312 0.08627 13.0000 61.10 0.9306 0.9317 1.849059 
670.0723 42.430 80.514 0.15740 0.94205 1.317 0.08591 13.0000 61.66 0.9308 0.9319 1.850311 
669.6188 42.445 80.513 0.15737 0.94178 1.319 0.08538 13.0000 60.68 0.9310 0.9321 1.851564 
669.1651 42.455 80.513 0.15735 0.94162 1.327 0.08503 13.0000 61.56 0.9310 0.9321 1.852819 
668.7114 42.466 80.514 0.15734 0.94160 1.331 0.08465 13.0000 61.30 0.9312 0.9323 1.854076 
668.2575 42.474 80.519 0.15726 0.94164 1.330 0.08441 13.0000 61.14 0.9312 0.9324 1.855336 
667.8035 42.484 80.516 0.15731 0.94164 1.332 0.08408 13.0000 61.29 0.9314 0.9325 1.856597 
667.3495 42.495 80.511 0.15735 0.94144 1.338 0.08366 13.0000 61.39 0.9315 0.9326 1.857860 
666.8953 42.506 80.511 0.15733 0.94132 1.349 0.08331 13.0000 61.38 0.9316 0.9327 1.859125 
666.4411 42.515 80.507 0.15739 0.94122 1.346 0.08299 13.0000 60.17 0.9318 0.9329 1.860392 
665.9868 42.523 80.510 0.15734 0.94122 1.343 0.08271 13.0000 60.64 0.9320 0.9332 1.861661 
665.5323 42.532 80.504 0.15744 0.94123 1.359 0.08241 13.0000 61.31 0.9323 0.9334 1.862933 
665.0777 42.540 80.502 0.15748 0.94126 1.358 0.08214 13.0000 60.41 0.9324 0.9336 1.864206 
664.6230 42.550 80.495 0.15758 0.94120 1.362 0.08182 13.0000 61.31 0.9326 0.9337 1.865482 
664.1683 42.560 80.494 0.15760 0.94124 1.366 0.08148 13.0000 60.94 0.9329 0.9340 1.866759 
663.7134 42.571 80.492 0.15762 0.94112 1.371 0.08110 13.0000 60.88 0.9330 0.9342 1.868038 
663.2584 42.578 80.489 0.15766 0.94107 1.372 0.08085 13.0000 61.05 0.9331 0.9342 1.869319 
662.8034 42.586 80.489 0.15764 0.94097 1.379 0.08059 13.0000 59.76 0.9332 0.9343 1.870603 
662.3482 42.591 80.490 0.15764 0.94102 1.386 0.08043 13.0000 61.02 0.9333 0.9345 1.871888 
661.8929 42.599 80.485 0.15772 0.94095 1.391 0.08014 13.0000 61.06 0.9335 0.9347 1.873176 
661.4376 42.609 80.478 0.15779 0.94076 1.395 0.07980 13.0000 60.63 0.9337 0.9348 1.874465 
660.9821 42.617 80.477 0.15780 0.94064 1.399 0.07953 13.0000 60.93 0.9338 0.9349 1.875757 
660.5265 42.625 80.478 0.15778 0.94058 1.406 0.07926 13.0000 59.77 0.9338 0.9350 1.877051 
660.0708 42.632 80.479 0.15773 0.94045 1.411 0.07900 13.0000 61.21 0.9339 0.9351 1.878347 
659.6151 42.641 80.475 0.15780 0.94053 1.414 0.07871 13.0000 60.99 0.9342 0.9354 1.879644 
659.1592 42.650 80.477 0.15777 0.94052 1.417 0.07840 13.0000 60.73 0.9344 0.9356 1.880945 
658.7032 42.656 80.475 0.15781 0.94054 1.418 0.07822 13.0000 60.45 0.9346 0.9358 1.882247 
658.2471 42.657 80.474 0.15785 0.94064 1.432 0.07818 13.0000 61.03 0.9349 0.9360 1.883551 
657.7909 42.662 80.478 0.15777 0.94055 1.435 0.07802 13.0000 60.97 0.9351 0.9363 1.884857 
657.3346 42.666 80.480 0.15774 0.94066 1.446 0.07790 13.0000 60.63 0.9352 0.9364 1.886166 
656.8782 42.670 80.485 0.15769 0.94078 1.447 0.07775 13.0000 60.42 0.9353 0.9365 1.887476 
656.4218 42.673 80.486 0.15768 0.94085 1.455 0.07764 13.0000 60.59 0.9353 0.9365 1.888788 
655.9651 42.679 80.487 0.15764 0.94075 1.463 0.07744 13.0000 60.35 0.9354 0.9366 1.890103 
655.5084 42.685 80.483 0.15769 0.94061 1.458 0.07725 13.0000 59.47 0.9356 0.9368 1.891420 
655.0516 42.689 80.482 0.15768 0.94046 1.478 0.07709 13.0000 59.89 0.9358 0.9369 1.892739 
654.5947 42.691 80.483 0.15766 0.94041 1.482 0.07702 13.0000 60.55 0.9360 0.9371 1.894060 
654.1377 42.693 80.487 0.15761 0.94051 1.483 0.07696 13.0000 60.19 0.9361 0.9373 1.895384 
653.6806 42.696 80.487 0.15759 0.94041 1.495 0.07686 13.0000 60.33 0.9361 0.9373 1.896709 
653.2234 42.700 80.488 0.15756 0.94036 1.496 0.07671 13.0000 60.86 0.9362 0.9374 1.898037 
652.7661 42.704 80.494 0.15745 0.94027 1.499 0.07658 13.0000 59.97 0.9364 0.9376 1.899366 
652.3087 42.708 80.498 0.15738 0.94020 1.508 0.07642 13.0000 59.95 0.9365 0.9377 1.900698 
651.8511 42.711 80.504 0.15727 0.94017 1.520 0.07632 13.0000 59.76 0.9365 0.9377 1.902032 
651.3936 42.710 80.509 0.15722 0.94041 1.530 0.07637 13.0000 59.57 0.9368 0.9380 1.903368 
650.9358 42.714 80.514 0.15715 0.94049 1.539 0.07624 13.0000 60.61 0.9369 0.9381 1.904707 
650.4780 42.717 80.522 0.15705 0.94069 1.542 0.07617 13.0000 60.17 0.9372 0.9384 1.906047 
650.0201 42.724 80.525 0.15700 0.94076 1.545 0.07593 13.0000 59.38 0.9375 0.9387 1.907390 
649.5620 42.729 80.532 0.15691 0.94083 1.548 0.07576 13.0000 60.19 0.9377 0.9389 1.908735 
649.1039 42.736 80.535 0.15683 0.94072 1.558 0.07552 13.0000 59.28 0.9379 0.9391 1.910082 
648.6457 42.740 80.534 0.15683 0.94064 1.563 0.07538 13.0000 58.80 0.9382 0.9394 1.911432 
648.1873 42.747 80.537 0.15679 0.94072 1.577 0.07517 13.0000 59.51 0.9384 0.9396 1.912783 
647.7289 42.748 80.535 0.15684 0.94079 1.592 0.07512 13.0000 60.09 0.9387 0.9399 1.914137 
647.2703 42.753 80.539 0.15679 0.94091 1.589 0.07499 13.0000 59.49 0.9389 0.9401 1.915493 
646.8117 42.755 80.535 0.15685 0.94085 1.594 0.07488 13.0000 59.06 0.9390 0.9402 1.916851 
646.3530 42.761 80.541 0.15674 0.94076 1.596 0.07469 13.0000 58.02 0.9392 0.9404 1.918212 
645.8941 42.766 80.543 0.15667 0.94061 1.617 0.07450 13.0000 59.64 0.9394 0.9406 1.919575 
645.4351 42.771 80.544 0.15666 0.94062 1.624 0.07434 13.0000 58.89 0.9396 0.9408 1.920940 
644.9761 42.778 80.550 0.15657 0.94068 1.637 0.07413 13.0000 59.03 0.9398 0.9411 1.922307 
644.5169 42.781 80.544 0.15666 0.94065 1.634 0.07402 13.0000 59.25 0.9402 0.9414 1.923676 
644.0577 42.785 80.536 0.15682 0.94073 1.635 0.07388 13.0000 58.82 0.9403 0.9415 1.925048 
643.5983 42.788 80.533 0.15689 0.94083 1.652 0.07381 13.0000 58.45 0.9406 0.9418 1.926422 
643.1389 42.791 80.538 0.15683 0.94096 1.662 0.07371 13.0000 59.07 0.9407 0.9419 1.927798 
642.6793 42.792 80.541 0.15677 0.94101 1.676 0.07366 13.0000 59.55 0.9409 0.9421 1.929177 
642.2196 42.795 80.538 0.15682 0.94098 1.670 0.07356 13.0000 58.08 0.9412 0.9424 1.930558 
641.7598 42.801 80.543 0.15676 0.94105 1.680 0.07337 13.0000 57.73 0.9413 0.9426 1.931941 
641.2999 42.807 80.541 0.15680 0.94116 1.692 0.07317 13.0000 57.84 0.9416 0.9429 1.933326 
640.8400 42.815 80.542 0.15682 0.94135 1.695 0.07292 13.0000 57.82 0.9419 0.9431 1.934714 
640.3799 42.816 80.546 0.15678 0.94154 1.713 0.07292 13.0000 58.04 0.9421 0.9433 1.936104 
639.9197 42.821 80.544 0.15685 0.94173 1.735 0.07276 13.0000 58.87 0.9424 0.9436 1.937496 
639.4594 42.822 80.551 0.15677 0.94192 1.736 0.07273 13.0000 58.78 0.9426 0.9438 1.938891 
638.9990 42.828 80.549 0.15676 0.94174 1.741 0.07251 13.0000 59.46 0.9428 0.9440 1.940288 
638.5385 42.831 80.549 0.15677 0.94176 1.757 0.07241 13.0000 59.39 0.9430 0.9443 1.941687 
638.0779 42.836 80.554 0.15666 0.94164 1.755 0.07223 13.0000 59.64 0.9433 0.9445 1.943089 
637.6172 42.840 80.555 0.15664 0.94158 1.757 0.07210 13.0000 58.98 0.9435 0.9447 1.944493 
637.1564 42.845 80.561 0.15657 0.94177 1.766 0.07195 13.0000 58.94 0.9440 0.9452 1.945899 
636.6954 42.848 80.566 0.15649 0.94184 1.783 0.07185 13.0000 59.53 0.9442 0.9454 1.947308 
636.2344 42.854 80.560 0.15662 0.94200 1.795 0.07168 13.0000 59.12 0.9445 0.9457 1.948719 
635.7733 42.860 80.561 0.15657 0.94185 1.796 0.07146 13.0000 59.21 0.9446 0.9458 1.950132 
635.3121 42.861 80.564 0.15651 0.94168 1.805 0.07142 13.0000 58.42 0.9447 0.9459 1.951548 
634.8508 42.862 80.560 0.15660 0.94188 1.808 0.07140 13.0000 58.40 0.9451 0.9463 1.952966 
634.3893 42.867 80.561 0.15658 0.94187 1.826 0.07123 13.0000 58.23 0.9451 0.9463 1.954387 
633.9278 42.871 80.561 0.15667 0.94244 1.841 0.07113 13.0000 59.01 0.9453 0.9465 1.955809 
633.4662 42.881 80.563 0.15674 0.94298 1.857 0.07083 13.0000 58.69 0.9456 0.9468 1.957235 
633.0044 42.887 80.568 0.15669 0.94321 1.860 0.07066 13.0000 58.69 0.9459 0.9471 1.958662 
632.5425 42.891 80.578 0.15653 0.94328 1.862 0.07052 13.0000 58.53 0.9458 0.9471 1.960093 
632.0806 42.896 80.586 0.15640 0.94331 1.877 0.07036 13.0000 58.63 0.9462 0.9475 1.961525 
631.6186 42.897 80.596 0.15616 0.94288 1.879 0.07029 13.0000 57.61 0.9458 0.9470 1.962960 
631.1564 42.903 80.612 0.15588 0.94278 1.908 0.07007 13.0000 58.43 0.9463 0.9475 1.964397 
630.6942 42.910 80.608 0.15586 0.94224 1.899 0.06981 13.0000 58.51 0.9469 0.9481 1.965837 
630.2318 42.904 80.603 0.15593 0.94218 1.930 0.06998 13.0000 58.42 0.9477 0.9489 1.967279 
629.7693 42.893 80.610 0.15575 0.94180 1.932 0.07033 13.0000 57.66 0.9483 0.9495 1.968724 
629.3068 42.890 80.609 0.15585 0.94236 1.940 0.07048 13.0000 58.35 0.9488 0.9500 1.970171 
628.8441 42.888 80.613 0.15571 0.94186 1.949 0.07050 13.0000 57.44 0.9489 0.9501 1.971620 
628.3813 42.898 80.620 0.15570 0.94252 1.952 0.07022 13.0000 58.06 0.9493 0.9505 1.973073 
627.9184 42.902 80.622 0.15575 0.94304 1.975 0.07012 13.0000 57.47 0.9501 0.9513 1.974527 
627.4554 42.909 80.645 0.15548 0.94376 1.975 0.06995 13.0000 57.45 0.9501 0.9513 1.975984 
626.9923 42.907 80.646 0.15547 0.94381 1.998 0.07002 13.0000 57.82 0.9497 0.9509 1.977444 
626.5291 42.912 80.652 0.15524 0.94302 1.992 0.06977 13.0000 57.46 0.9489 0.9501 1.978905 
626.0658 42.901 80.664 0.15505 0.94312 2.000 0.07016 13.0000 57.29 0.9496 0.9508 1.980370 
625.6024 42.905 80.677 0.15482 0.94304 2.023 0.07002 13.0000 57.48 0.9501 0.9513 1.981837 
625.1389 42.911 80.723 0.15405 0.94310 2.038 0.06982 13.0000 57.56 0.9506 0.9518 1.983306 
624.6753 42.952 80.747 0.15353 0.94237 2.046 0.06838 13.0000 57.57 0.9495 0.9507 1.984778 
624.2115 42.952 80.780 0.15289 0.94182 2.052 0.06833 13.0000 56.67 0.9502 0.9514 1.986253 
623.7477 42.945 80.808 0.15241 0.94177 2.042 0.06854 13.0000 56.66 0.9516 0.9528 1.987730 
623.2838 42.927 80.843 0.15217 0.94397 2.050 0.06929 13.0000 56.08 0.9533 0.9545 1.989209 
622.8198 42.906 80.856 0.15218 0.94542 2.079 0.07014 13.0000 57.05 0.9551 0.9564 1.990691 
622.3557 42.850 80.793 0.15349 0.94689 2.100 0.07214 13.0000 56.85 0.9576 0.9588 1.992176 
621.8914 42.822 80.736 0.15455 0.94748 2.107 0.07312 13.0000 56.82 0.9593 0.9606 1.993663 
621.4271 42.791 80.668 0.15576 0.94784 2.111 0.07421 13.0000 56.50 0.9600 0.9613 1.995153 
620.9626 42.779 80.581 0.15710 0.94705 2.085 0.07457 13.0000 56.06 0.9602 0.9615 1.996645 
620.4980 42.786 80.510 0.15798 0.94506 2.132 0.07421 13.0000 56.27 0.9587 0.9600 1.998140 
620.0334 42.795 80.435 0.15910 0.94420 2.122 0.07383 13.0000 56.26 0.9591 0.9606 1.999637 
619.5687 42.835 80.348 0.16041 0.94320 2.158 0.07244 13.0000 55.74 0.9591 0.9606 2.001137 
619.1038 42.853 80.287 0.16120 0.94181 2.139 0.07173 13.0000 56.08 0.9597 0.9612 2.002640 
618.6388 42.857 80.228 0.16196 0.94036 2.154 0.07152 13.0000 55.79 0.9607 0.9622 2.004145 
618.1737 42.873 80.165 0.16283 0.93932 2.170 0.07091 13.0000 56.20 0.9615 0.9630 2.005653 
617.7086 42.896 80.102 0.16353 0.93719 2.187 0.06998 13.0000 55.56 0.9621 0.9636 2.007163 
617.2433 42.920 80.047 0.16414 0.93536 2.159 0.06907 13.0000 55.12 0.9623 0.9639 2.008676 
616.7779 42.942 79.996 0.16478 0.93412 2.182 0.06826 13.0000 56.54 0.9629 0.9646 2.010192 
616.3124 42.961 79.961 0.16508 0.93252 2.216 0.06751 13.0000 56.14 0.9628 0.9645 2.011710 
615.8468 42.971 79.931 0.16527 0.93072 2.176 0.06707 13.0000 55.42 0.9630 0.9647 2.013231 
615.3810 43.000 79.888 0.16570 0.92905 2.187 0.06600 13.0000 55.12 0.9635 0.9652 2.014755 
614.9153 43.023 79.853 0.16587 0.92679 2.196 0.06509 13.0000 55.33 0.9635 0.9654 2.016281 
614.4493 43.044 79.822 0.16605 0.92493 2.175 0.06425 13.0000 55.67 0.9637 0.9656 2.017810 
613.9833 43.071 79.806 0.16599 0.92305 2.228 0.06326 13.0000 54.73 0.9637 0.9656 2.019341 
613.5172 43.094 79.784 0.16607 0.92148 2.187 0.06239 13.0000 54.00 0.9641 0.9661 2.020875 
613.0510 43.125 79.766 0.16608 0.91992 2.199 0.06126 13.0000 55.25 0.9641 0.9661 2.022412 
612.5847 43.158 79.758 0.16591 0.91820 2.221 0.06007 13.0000 54.82 0.9642 0.9662 2.023952 
612.1182 43.193 79.749 0.16577 0.91664 2.192 0.05885 13.0000 54.38 0.9642 0.9662 2.025494 
611.6517 43.227 79.742 0.16559 0.91497 2.274 0.05763 13.0000 54.55 0.9640 0.9661 2.027039 
611.1850 43.258 79.742 0.16532 0.91353 2.345 0.05653 13.0000 53.66 0.9636 0.9658 2.028587 
610.7183 43.289 79.745 0.16500 0.91206 2.239 0.05544 13.0000 54.87 0.9632 0.9654 2.030137 
610.2514 43.323 79.745 0.16473 0.91056 2.259 0.05423 13.0000 54.34 0.9628 0.9650 2.031690 
609.7844 43.357 79.748 0.16439 0.90895 2.212 0.05304 13.0000 54.99 0.9625 0.9647 2.033246 
609.3173 43.393 79.764 0.16392 0.90775 2.195 0.05181 13.0000 53.83 0.9622 0.9644 2.034805 
608.8502 43.430 79.780 0.16349 0.90681 2.201 0.05056 13.0000 53.26 0.9617 0.9640 2.036366 
608.3829 43.467 79.808 0.16281 0.90563 2.228 0.04927 13.0000 53.67 0.9609 0.9632 2.037930 
607.9155 43.502 79.832 0.16227 0.90474 2.133 0.04811 13.0000 54.53 0.9603 0.9626 2.039497 
607.4480 43.540 79.864 0.16160 0.90394 2.113 0.04683 13.0000 53.79 0.9597 0.9620 2.041067 
606.9804 43.575 79.900 0.16088 0.90319 2.132 0.04566 13.0000 52.57 0.9590 0.9613 2.042639 
606.5127 43.611 79.936 0.16021 0.90268 2.228 0.04448 13.0000 51.90 0.9584 0.9607 2.044214 
606.0449 43.645 79.978 0.15943 0.90214 2.205 0.04337 13.0000 52.74 0.9576 0.9599 2.045792 
605.5770 43.680 80.029 0.15850 0.90160 2.191 0.04221 13.0000 52.05 0.9569 0.9592 2.047373 
605.1089 43.716 80.079 0.15763 0.90123 2.206 0.04105 13.0000 52.60 0.9561 0.9585 2.048957 
604.6408 43.752 80.121 0.15688 0.90082 2.225 0.03985 13.0000 53.02 0.9556 0.9579 2.050543 
604.1726 43.790 80.175 0.15600 0.90080 2.217 0.03863 13.0000 51.81 0.9549 0.9572 2.052132 
603.7042 43.826 80.239 0.15499 0.90094 2.034 0.03747 13.0000 52.06 0.9543 0.9566 2.053724 
603.2358 43.862 80.299 0.15404 0.90102 2.185 0.03635 13.0000 51.82 0.9536 0.9560 2.055319 
602.7673 43.893 80.368 0.15294 0.90116 2.028 0.03532 13.0000 50.92 0.9529 0.9552 2.056916 
602.2986 43.922 80.436 0.15184 0.90120 2.112 0.03441 13.0000 51.99 0.9521 0.9544 2.058517 
601.8298 43.957 80.504 0.15074 0.90118 2.039 0.03328 13.0000 51.44 0.9514 0.9537 2.060121 
601.3610 43.989 80.576 0.14960 0.90128 2.062 0.03225 13.0000 51.21 0.9505 0.9528 2.061726 
600.8920 44.022 80.647 0.14847 0.90147 2.091 0.03121 13.0000 51.12 0.9498 0.9521 2.063336 
600.4229 44.050 80.725 0.14728 0.90186 2.142 0.03031 13.0000 50.63 0.9489 0.9511 2.064948 
599.9537 44.080 80.805 0.14607 0.90240 2.240 0.02937 13.0000 51.35 0.9481 0.9503 2.066563 
599.4844 44.108 80.884 0.14491 0.90310 2.228 0.02850 13.0000 50.70 0.9473 0.9495 2.068181 
599.0150 44.138 80.974 0.14359 0.90398 2.163 0.02756 13.0000 49.60 0.9466 0.9487 2.069801 
598.5455 44.165 81.055 0.14238 0.90450 2.126 0.02668 13.0000 49.46 0.9456 0.9477 2.071425 
598.0759 44.195 81.133 0.14121 0.90517 2.237 0.02576 13.0000 50.60 0.9448 0.9469 2.073051 
597.6062 44.222 81.224 0.13982 0.90571 2.176 0.02490 13.0000 49.98 0.9439 0.9460 2.074680 
597.1364 44.243 81.313 0.13856 0.90688 2.142 0.02425 13.0000 49.30 0.9433 0.9453 2.076313 
596.6664 44.269 81.402 0.13731 0.90811 2.122 0.02343 13.0000 49.74 0.9426 0.9446 2.077948 
596.1964 44.295 81.498 0.13590 0.90907 2.090 0.02261 13.0000 49.04 0.9417 0.9436 2.079586 
595.7263 44.315 81.591 0.13458 0.91033 2.168 0.02199 13.0000 49.55 0.9412 0.9431 2.081227 
595.2560 44.333 81.689 0.13313 0.91133 2.151 0.02145 13.0000 48.93 0.9408 0.9426 2.082872 
594.7857 44.344 81.790 0.13162 0.91220 2.153 0.02111 13.0000 49.08 0.9401 0.9419 2.084519 
594.3152 44.361 81.882 0.13024 0.91311 2.145 0.02059 13.0000 48.68 0.9396 0.9413 2.086169 
593.8447 44.373 81.973 0.12893 0.91433 2.141 0.02022 13.0000 48.65 0.9394 0.9411 2.087822 
593.3740 44.383 82.066 0.12760 0.91556 2.120 0.01991 13.0000 48.35 0.9389 0.9405 2.089478 
592.9032 44.393 82.149 0.12651 0.91745 2.128 0.01962 13.0000 48.80 0.9393 0.9409 2.091137 
592.4323 44.397 82.231 0.12542 0.91928 2.110 0.01953 13.0000 47.74 0.9390 0.9406 2.092799 
591.9613 44.397 82.326 0.12418 0.92166 2.098 0.01957 13.0000 47.39 0.9387 0.9402 2.094464 
591.4902 44.410 82.418 0.12294 0.92359 2.081 0.01919 13.0000 47.35 0.9380 0.9395 2.096133 
591.0190 44.428 82.502 0.12186 0.92589 2.063 0.01864 13.0000 47.35 0.9377 0.9392 2.097804 
590.5477 44.439 82.592 0.12057 0.92729 2.060 0.01832 13.0000 47.19 0.9372 0.9387 2.099478 
590.0763 44.446 82.674 0.11955 0.92993 2.045 0.01813 13.0000 47.01 0.9373 0.9388 2.101155 
589.6048 44.439 82.759 0.11834 0.93142 2.048 0.01838 13.0000 46.53 0.9372 0.9386 2.102836 
589.1331 44.439 82.840 0.11721 0.93306 2.009 0.01841 13.0000 46.63 0.9368 0.9382 2.104519 
588.6614 44.433 82.894 0.11647 0.93430 2.006 0.01865 13.0000 46.75 0.9372 0.9386 2.106206 
588.1896 44.431 82.962 0.11556 0.93603 2.001 0.01873 13.0000 46.94 0.9381 0.9394 2.107895 
587.7176 44.422 83.017 0.11497 0.93867 1.981 0.01909 13.0000 44.99 0.9398 0.9411 2.109588 
587.2455 44.427 83.066 0.11441 0.94068 1.950 0.01896 13.0000 44.83 0.9401 0.9414 2.111284 
586.7734 44.415 83.103 0.11404 0.94280 1.951 0.01941 13.0000 45.75 0.9407 0.9420 2.112983 
586.3011 44.400 83.093 0.11442 0.94454 1.943 0.01993 13.0000 46.31 0.9414 0.9427 2.114685 
585.8287 44.341 83.083 0.11490 0.94708 1.954 0.02195 13.0000 46.51 0.9440 0.9452 2.116390 
585.3563 44.321 83.049 0.11575 0.94950 1.910 0.02266 13.0000 45.44 0.9450 0.9462 2.118098 
584.8837 44.308 83.006 0.11674 0.95157 1.894 0.02317 13.0000 44.69 0.9453 0.9466 2.119809 
584.4109 44.308 82.944 0.11773 0.95108 1.881 0.02316 13.0000 44.30 0.9453 0.9466 2.121524 
583.9382 44.316 82.881 0.11873 0.95062 1.871 0.02289 13.0000 44.51 0.9450 0.9462 2.123242 
583.4652 44.367 82.885 0.11854 0.94971 1.857 0.02117 13.0000 44.91 0.9438 0.9450 2.124963 
582.9922 44.401 82.881 0.11855 0.94917 1.831 0.02001 13.0000 44.54 0.9428 0.9440 2.126687 
582.5191 44.446 82.887 0.11835 0.94843 1.816 0.01849 13.0000 44.72 0.9428 0.9440 2.128414 
582.0458 44.480 82.907 0.11800 0.94830 1.804 0.01734 13.0000 43.61 0.9433 0.9445 2.130145 
581.5725 44.497 82.915 0.11797 0.94921 1.794 0.01679 13.0000 43.94 0.9456 0.9468 2.131878 
581.0991 44.518 82.935 0.11761 0.94895 1.778 0.01609 13.0000 43.51 0.9460 0.9472 2.133615 
580.6255 44.504 82.973 0.11697 0.94890 1.760 0.01654 13.0000 43.61 0.9471 0.9482 2.135356 
580.1519 44.511 82.993 0.11664 0.94899 1.745 0.01634 13.0000 42.82 0.9476 0.9487 2.137099 
579.6780 44.535 83.013 0.11629 0.94895 1.723 0.01552 13.0000 42.69 0.9477 0.9488 2.138846 
579.2042 44.553 83.040 0.11578 0.94837 1.722 0.01492 13.0000 43.41 0.9478 0.9489 2.140595 
578.7302 44.559 83.070 0.11533 0.94895 1.704 0.01471 13.0000 43.01 0.9480 0.9491 2.142349 
578.2561 44.566 83.106 0.11476 0.94920 1.686 0.01448 13.0000 42.50 0.9484 0.9496 2.144105 
577.7819 44.579 83.140 0.11413 0.94871 1.668 0.01405 13.0000 42.64 0.9485 0.9496 2.145865 
577.3076 44.595 83.166 0.11365 0.94836 1.658 0.01350 13.0000 42.57 0.9491 0.9503 2.147628 
576.8332 44.624 83.190 0.11325 0.94829 1.636 0.01254 13.0000 41.72 0.9496 0.9508 2.149394 
576.3586 44.634 83.233 0.11251 0.94818 1.623 0.01221 13.0000 41.63 0.9497 0.9509 2.151164 
575.8840 44.653 83.269 0.11195 0.94850 1.604 0.01158 13.0000 42.38 0.9502 0.9513 2.152937 
575.4093 44.676 83.307 0.11131 0.94859 1.598 0.01079 13.0000 42.17 0.9504 0.9516 2.154713 
574.9344 44.698 83.337 0.11082 0.94861 1.579 0.01008 13.0000 41.35 0.9509 0.9520 2.156493 
574.4595 44.723 83.378 0.11012 0.94848 1.570 0.00922 13.0000 41.48 0.9508 0.9520 2.158276 
573.9844 44.745 83.413 0.10948 0.94815 1.549 0.00850 13.0000 40.88 0.9510 0.9521 2.160062 
573.5092 44.763 83.447 0.10891 0.94811 1.539 0.00788 13.0000 41.64 0.9511 0.9523 2.161852 
573.0339 44.785 83.485 0.10824 0.94790 1.530 0.00715 13.0000 40.66 0.9512 0.9523 2.163645 
572.5586 44.804 83.525 0.10758 0.94788 1.508 0.00654 13.0000 40.66 0.9512 0.9524 2.165441 
572.0831 44.824 83.565 0.10691 0.94783 1.485 0.00585 13.0000 40.61 0.9514 0.9526 2.167241 
571.6075 44.847 83.600 0.10631 0.94788 1.477 0.00508 13.0000 40.34 0.9517 0.9529 2.169044 
571.1318 44.870 83.648 0.10555 0.94809 1.469 0.00434 13.0000 39.56 0.9519 0.9531 2.170851 
570.6559 44.889 83.696 0.10479 0.94850 1.448 0.00369 13.0000 40.07 0.9521 0.9533 2.172661 
570.1801 44.912 83.741 0.10404 0.94863 1.428 0.00294 13.0000 39.74 0.9521 0.9533 2.174474 
569.7040 44.931 83.791 0.10318 0.94843 1.418 0.00229 13.0000 38.95 0.9521 0.9533 2.176291 
569.2278 44.952 83.837 0.10245 0.94876 1.415 0.00161 13.0000 39.36 0.9525 0.9537 2.178112 
568.7516 44.973 83.883 0.10169 0.94884 1.399 0.00091 13.0000 38.60 0.9526 0.9538 2.179936 
568.2753 44.991 83.929 0.10093 0.94901 1.378 0.00031 13.0000 38.28 0.9529 0.9541 2.181763 
567.7988 45.012 83.971 0.10024 0.94908 1.364 -0.00040 13.0000 38.54 0.9531 0.9543 2.183594 
567.3222 45.033 84.016 0.09947 0.94898 1.359 -0.00109 13.0000 38.58 0.9533 0.9545 2.185428 
566.8455 45.053 84.063 0.09871 0.94915 1.347 -0.00177 13.0000 37.96 0.9535 0.9547 2.187266 
566.3687 45.074 84.108 0.09796 0.94927 1.333 -0.00246 13.0000 38.24 0.9536 0.9548 2.189107 
565.8918 45.096 84.158 0.09714 0.94939 1.311 -0.00320 13.0000 37.76 0.9538 0.9550 2.190952 
565.4149 45.117 84.212 0.09626 0.94966 1.306 -0.00390 13.0000 37.59 0.9539 0.9551 2.192800 
564.9377 45.137 84.261 0.09543 0.94964 1.291 -0.00457 13.0000 37.69 0.9540 0.9552 2.194653 
564.4605 45.160 84.309 0.09462 0.94946 1.287 -0.00531 13.0000 37.45 0.9541 0.9553 2.196508 
563.9832 45.181 84.358 0.09377 0.94922 1.275 -0.00604 13.0000 36.99 0.9541 0.9553 2.198367 
563.5057 45.202 84.407 0.09295 0.94916 1.250 -0.00672 13.0000 36.40 0.9540 0.9553 2.200230 
563.0282 45.226 84.455 0.09212 0.94900 1.244 -0.00752 13.0000 36.41 0.9540 0.9553 2.202096 
562.5505 45.252 84.507 0.09125 0.94898 1.231 -0.00839 13.0000 36.03 0.9541 0.9554 2.203966 
562.0728 45.274 84.560 0.09036 0.94898 1.234 -0.00912 13.0000 36.63 0.9542 0.9555 2.205839 
561.5948 45.299 84.611 0.08952 0.94890 1.206 -0.00995 13.0000 35.98 0.9542 0.9554 2.207716 
561.1169 45.325 84.660 0.08869 0.94887 1.200 -0.01081 13.0000 35.79 0.9542 0.9554 2.209597 
560.6388 45.351 84.706 0.08790 0.94869 1.186 -0.01168 13.0000 35.73 0.9542 0.9554 2.211481 
560.1606 45.379 84.758 0.08703 0.94854 1.185 -0.01260 13.0000 35.51 0.9542 0.9555 2.213369 
559.6823 45.405 84.805 0.08622 0.94832 1.173 -0.01346 13.0000 35.85 0.9542 0.9555 2.215260 
559.2039 45.431 84.856 0.08535 0.94818 1.159 -0.01434 13.0000 35.30 0.9542 0.9554 2.217155 
558.7253 45.456 84.910 0.08444 0.94808 1.148 -0.01514 13.0000 35.47 0.9541 0.9553 2.219055 
558.2467 45.481 84.969 0.08347 0.94819 1.136 -0.01600 13.0000 34.54 0.9541 0.9554 2.220957 
557.7679 45.507 85.022 0.08259 0.94827 1.130 -0.01685 13.0000 34.70 0.9541 0.9554 2.222864 
557.2891 45.534 85.075 0.08171 0.94825 1.115 -0.01776 13.0000 34.64 0.9542 0.9554 2.224773 
556.8102 45.561 85.132 0.08075 0.94813 1.111 -0.01864 13.0000 34.25 0.9541 0.9553 2.226687 
556.3311 45.587 85.188 0.07981 0.94818 1.096 -0.01949 13.0000 33.22 0.9542 0.9555 2.228604 
555.8519 45.614 85.251 0.07877 0.94814 1.096 -0.02040 13.0000 33.83 0.9542 0.9555 2.230525 
555.3726 45.643 85.306 0.07785 0.94808 1.078 -0.02135 13.0000 33.26 0.9542 0.9554 2.232451 
554.8932 45.664 85.360 0.07696 0.94825 1.071 -0.02207 13.0000 33.79 0.9542 0.9555 2.234379 
554.4137 45.692 85.412 0.07608 0.94806 1.064 -0.02298 13.0000 33.41 0.9542 0.9555 2.236312 
553.9341 45.719 85.470 0.07511 0.94805 1.062 -0.02388 13.0000 33.71 0.9542 0.9555 2.238248 
553.4543 45.745 85.529 0.07413 0.94811 1.048 -0.02475 13.0000 32.47 0.9542 0.9555 2.240188 
552.9745 45.770 85.582 0.07326 0.94807 1.032 -0.02556 13.0000 32.36 0.9542 0.9555 2.242132 
552.4946 45.800 85.642 0.07224 0.94782 1.028 -0.02656 13.0000 32.31 0.9543 0.9556 2.244080 
552.0145 45.830 85.705 0.07117 0.94759 1.023 -0.02754 13.0000 32.12 0.9545 0.9558 2.246031 
551.5344 45.857 85.768 0.07012 0.94760 1.017 -0.02844 13.0000 31.96 0.9545 0.9558 2.247986 
551.0541 45.884 85.830 0.06908 0.94753 1.005 -0.02934 13.0000 32.02 0.9546 0.9559 2.249946 
550.5737 45.916 85.894 0.06800 0.94734 1.000 -0.03039 13.0000 31.63 0.9548 0.9560 2.251909 
550.0933 45.946 85.952 0.06704 0.94737 0.992 -0.03136 13.0000 32.19 0.9550 0.9563 2.253876 
549.6127 45.978 86.014 0.06600 0.94707 0.985 -0.03241 13.0000 31.80 0.9550 0.9563 2.255847 
549.1320 46.009 86.075 0.06496 0.94686 0.976 -0.03346 13.0000 31.05 0.9551 0.9564 2.257821 
548.6511 46.040 86.135 0.06395 0.94668 0.969 -0.03448 13.0000 30.63 0.9553 0.9566 2.259800 
548.1702 46.070 86.196 0.06294 0.94662 0.959 -0.03545 13.0000 30.76 0.9555 0.9568 2.261783 
547.6891 46.099 86.259 0.06189 0.94648 0.949 -0.03642 13.0000 30.33 0.9556 0.9569 2.263770 
547.2080 46.132 86.323 0.06081 0.94624 0.948 -0.03749 13.0000 30.34 0.9558 0.9571 2.265760 
546.7267 46.161 86.387 0.05975 0.94623 0.942 -0.03846 13.0000 30.73 0.9560 0.9573 2.267755 
546.2454 46.193 86.452 0.05866 0.94617 0.932 -0.03950 13.0000 29.79 0.9561 0.9574 2.269752 
545.7639 46.224 86.520 0.05754 0.94611 0.924 -0.04052 13.0000 29.33 0.9563 0.9576 2.271755 
545.2823 46.254 86.584 0.05646 0.94587 0.922 -0.04151 13.0000 29.73 0.9564 0.9577 2.273762 
544.8007 46.287 86.650 0.05534 0.94555 0.915 -0.04259 13.0000 28.98 0.9565 0.9578 2.275771 
544.3188 46.316 86.711 0.05434 0.94558 0.911 -0.04355 13.0000 28.83 0.9568 0.9581 2.277786 
543.8369 46.350 86.780 0.05318 0.94531 0.904 -0.04464 13.0000 28.78 0.9570 0.9584 2.279805 
543.3549 46.380 86.845 0.05210 0.94515 0.887 -0.04564 13.0000 28.33 0.9572 0.9586 2.281827 
542.8728 46.412 86.914 0.05094 0.94472 0.888 -0.04667 13.0000 28.34 0.9574 0.9587 2.283853 
542.3905 46.439 86.985 0.04975 0.94458 0.878 -0.04755 13.0000 28.17 0.9574 0.9588 2.285884 
541.9082 46.470 87.051 0.04865 0.94440 0.875 -0.04858 13.0000 27.87 0.9574 0.9588 2.287919 
541.4257 46.499 87.119 0.04753 0.94441 0.870 -0.04953 13.0000 27.66 0.9575 0.9588 2.289958 
540.9431 46.534 87.187 0.04640 0.94413 0.862 -0.05065 13.0000 27.11 0.9577 0.9590 2.292001 
540.4604 46.565 87.261 0.04516 0.94393 0.853 -0.05168 13.0000 27.15 0.9577 0.9591 2.294048 
539.9777 46.595 87.330 0.04402 0.94394 0.863 -0.05266 13.0000 27.52 0.9579 0.9593 2.296098 
539.4948 46.624 87.401 0.04285 0.94390 0.850 -0.05361 13.0000 26.91 0.9581 0.9595 2.298154 
539.0118 46.656 87.472 0.04167 0.94384 0.841 -0.05469 13.0000 26.50 0.9583 0.9597 2.300213 
538.5286 46.689 87.548 0.04041 0.94346 0.836 -0.05575 13.0000 26.16 0.9585 0.9599 2.302277 
538.0454 46.723 87.628 0.03907 0.94316 0.830 -0.05685 13.0000 25.91 0.9587 0.9600 2.304344 
537.5621 46.754 87.704 0.03781 0.94308 0.819 -0.05784 13.0000 25.66 0.9589 0.9603 2.306416 
537.0786 46.784 87.775 0.03663 0.94289 0.816 -0.05883 13.0000 25.41 0.9588 0.9602 2.308492 
536.5950 46.821 87.850 0.03538 0.94252 0.811 -0.06004 13.0000 24.95 0.9589 0.9603 2.310573 
536.1114 46.849 87.929 0.03409 0.94259 0.815 -0.06095 13.0000 25.34 0.9590 0.9604 2.312657 
535.6276 46.875 88.011 0.03273 0.94268 0.808 -0.06184 13.0000 24.40 0.9590 0.9604 2.314746 
535.1437 46.905 88.090 0.03143 0.94273 0.801 -0.06281 13.0000 24.50 0.9593 0.9607 2.316839 
534.6597 46.938 88.172 0.03007 0.94252 0.798 -0.06389 13.0000 24.35 0.9592 0.9607 2.318936 
534.1756 46.966 88.253 0.02876 0.94257 0.787 -0.06483 13.0000 23.66 0.9592 0.9607 2.321038 
533.6913 46.996 88.332 0.02745 0.94244 0.781 -0.06580 13.0000 23.17 0.9593 0.9608 2.323144 
533.2070 47.029 88.411 0.02614 0.94253 0.781 -0.06689 13.0000 23.21 0.9595 0.9609 2.325254 
532.7226 47.066 88.497 0.02473 0.94236 0.780 -0.06811 13.0000 22.84 0.9597 0.9612 2.327369 
532.2380 47.100 88.575 0.02343 0.94219 0.769 -0.06920 13.0000 22.57 0.9597 0.9612 2.329488 
531.7534 47.134 88.665 0.02195 0.94225 0.764 -0.07033 13.0000 22.36 0.9600 0.9615 2.331611 
531.2686 47.168 88.754 0.02049 0.94235 0.763 -0.07148 13.0000 22.41 0.9601 0.9616 2.333738 
530.7837 47.203 88.842 0.01905 0.94256 0.762 -0.07264 13.0000 21.79 0.9604 0.9619 2.335870 
530.2987 47.240 88.930 0.01760 0.94249 0.754 -0.07385 13.0000 21.30 0.9604 0.9620 2.338007 
529.8136 47.271 89.018 0.01616 0.94267 0.756 -0.07490 13.0000 21.47 0.9607 0.9623 2.340147 
529.3284 47.304 89.106 0.01472 0.94283 0.739 -0.07602 13.0000 20.89 0.9607 0.9623 2.342292 
528.8430 47.341 89.195 0.01325 0.94278 0.745 -0.07721 13.0000 20.91 0.9608 0.9624 2.344442 
528.3576 47.377 89.286 0.01175 0.94307 0.744 -0.07844 13.0000 20.70 0.9611 0.9627 2.346596 
527.8720 47.412 89.374 0.01031 0.94323 0.735 -0.07960 13.0000 20.20 0.9610 0.9627 2.348755 
527.3864 47.446 89.463 0.00884 0.94345 0.733 -0.08075 13.0000 20.13 0.9610 0.9627 2.350917 
526.9006 47.484 89.556 0.00732 0.94361 0.728 -0.08202 13.0000 19.80 0.9611 0.9628 2.353085 
526.4147 47.521 89.655 0.00568 0.94380 0.723 -0.08328 13.0000 19.33 0.9613 0.9630 2.355257 
525.9287 47.562 89.752 0.00409 0.94383 0.719 -0.08464 13.0000 19.29 0.9616 0.9634 2.357433 
525.4426 47.604 89.851 0.00246 0.94387 0.725 -0.08603 13.0000 19.50 0.9619 0.9636 2.359614 
524.9564 47.648 89.945 0.00090 0.94380 0.714 -0.08749 13.0000 18.69 0.9620 0.9637 2.361800 
524.4700 47.696 90.042 -0.00069 0.94363 0.711 -0.08907 13.0000 18.32 0.9619 0.9637 2.363990 
523.9836 47.736 90.139 -0.00229 0.94383 0.707 -0.09043 13.0000 17.97 0.9621 0.9639 2.366185 
523.4971 47.776 90.239 -0.00394 0.94406 0.704 -0.09178 13.0000 18.04 0.9624 0.9642 2.368384 
523.0104 47.814 90.342 -0.00563 0.94438 0.699 -0.09306 13.0000 17.55 0.9625 0.9643 2.370588 
522.5236 47.858 90.445 -0.00734 0.94456 0.698 -0.09455 13.0000 17.10 0.9627 0.9645 2.372796 
522.0367 47.909 90.546 -0.00901 0.94467 0.693 -0.09625 13.0000 17.08 0.9627 0.9646 2.375009 
521.5497 47.956 90.647 -0.01066 0.94470 0.682 -0.09784 13.0000 16.80 0.9630 0.9649 2.377227 
521.0626 48.002 90.754 -0.01243 0.94461 0.683 -0.09937 13.0000 16.62 0.9631 0.9650 2.379449 
520.5754 48.050 90.865 -0.01426 0.94475 0.681 -0.10097 13.0000 16.70 0.9633 0.9652 2.381676 
520.0881 48.095 90.974 -0.01606 0.94497 0.682 -0.10252 13.0000 16.55 0.9636 0.9655 2.383908 
519.6006 48.145 91.086 -0.01792 0.94510 0.674 -0.10421 13.0000 16.24 0.9640 0.9659 2.386144 
519.1131 48.189 91.196 -0.01974 0.94525 0.672 -0.10567 13.0000 16.15 0.9643 0.9663 2.388385 
518.6254 48.233 91.311 -0.02164 0.94561 0.666 -0.10720 13.0000 15.62 0.9644 0.9664 2.390631 
518.1377 48.281 91.421 -0.02345 0.94546 0.665 -0.10880 13.0000 15.56 0.9643 0.9663 2.392881 
517.6498 48.333 91.531 -0.02527 0.94531 0.659 -0.11050 13.0000 15.01 0.9646 0.9666 2.395137 
517.1618 48.376 91.648 -0.02720 0.94525 0.656 -0.11197 13.0000 14.85 0.9647 0.9667 2.397397 
516.6737 48.415 91.769 -0.02920 0.94563 0.648 -0.11332 13.0000 14.60 0.9648 0.9668 2.399661 
516.1855 48.463 91.884 -0.03112 0.94577 0.648 -0.11496 13.0000 14.38 0.9649 0.9670 2.401931 
515.6971 48.512 91.994 -0.03293 0.94568 0.649 -0.11659 13.0000 14.39 0.9651 0.9672 2.404206 
515.2087 48.561 92.110 -0.03483 0.94547 0.644 -0.11821 13.0000 14.30 0.9655 0.9676 2.406485 
514.7202 48.613 92.234 -0.03689 0.94551 0.641 -0.11998 13.0000 14.11 0.9658 0.9680 2.408769 
514.2314 48.658 92.360 -0.03898 0.94566 0.633 -0.12150 13.0000 13.82 0.9661 0.9683 2.411058 
513.7427 48.710 92.482 -0.04099 0.94548 0.637 -0.12326 13.0000 13.80 0.9665 0.9687 2.413352 
513.2538 48.758 92.607 -0.04307 0.94567 0.637 -0.12490 13.0000 13.55 0.9669 0.9691 2.415651 
512.7648 48.810 92.729 -0.04507 0.94548 0.632 -0.12664 13.0000 13.43 0.9669 0.9691 2.417955 
512.2757 48.862 92.853 -0.04710 0.94523 0.629 -0.12835 13.0000 13.37 0.9668 0.9690 2.420263 
511.7864 48.917 92.977 -0.04917 0.94535 0.624 -0.13024 13.0000 13.20 0.9671 0.9693 2.422577 
511.2971 48.973 93.098 -0.05115 0.94507 0.627 -0.13211 13.0000 13.20 0.9672 0.9694 2.424895 
510.8076 49.032 93.223 -0.05320 0.94467 0.616 -0.13404 13.0000 12.94 0.9674 0.9697 2.427219 
510.3181 49.077 93.345 -0.05522 0.94477 0.624 -0.13560 13.0000 12.62 0.9675 0.9697 2.429547 
509.8284 49.119 93.465 -0.05718 0.94451 0.617 -0.13699 13.0000 12.32 0.9668 0.9691 2.431881 
509.3386 49.164 93.592 -0.05928 0.94424 0.613 -0.13850 13.0000 12.30 0.9665 0.9688 2.434219 
508.8488 49.219 93.721 -0.06140 0.94393 0.605 -0.14031 13.0000 12.08 0.9665 0.9688 2.436563 
508.3587 49.272 93.852 -0.06355 0.94389 0.605 -0.14214 13.0000 12.13 0.9664 0.9687 2.438912 
507.8686 49.327 93.985 -0.06572 0.94349 0.610 -0.14396 13.0000 12.12 0.9664 0.9687 2.441265 
507.3784 49.386 94.113 -0.06782 0.94303 0.606 -0.14588 13.0000 11.84 0.9666 0.9689 2.443624 
506.8880 49.441 94.239 -0.06985 0.94241 0.601 -0.14768 13.0000 11.36 0.9661 0.9684 2.445988 
506.3976 49.497 94.370 -0.07199 0.94204 0.596 -0.14955 13.0000 11.23 0.9661 0.9684 2.448357 
505.9070 49.550 94.494 -0.07399 0.94142 0.591 -0.15124 13.0000 10.98 0.9658 0.9681 2.450731 
505.4163 49.607 94.633 -0.07626 0.94112 0.593 -0.15315 13.0000 10.93 0.9659 0.9683 2.453110 
504.9255 49.658 94.768 -0.07849 0.94093 0.589 -0.15487 13.0000 10.81 0.9659 0.9682 2.455495 
504.4346 49.710 94.899 -0.08062 0.94057 0.592 -0.15662 13.0000 10.91 0.9655 0.9678 2.457884 
503.9436 49.764 95.036 -0.08283 0.93991 0.584 -0.15838 13.0000 10.61 0.9647 0.9670 2.460279 
503.4525 49.815 95.171 -0.08499 0.93924 0.585 -0.16002 13.0000 10.58 0.9639 0.9663 2.462679 
502.9612 49.868 95.313 -0.08731 0.93882 0.581 -0.16178 13.0000 10.37 0.9638 0.9662 2.465085 
502.4698 49.918 95.452 -0.08957 0.93838 0.586 -0.16342 13.0000 10.56 0.9633 0.9657 2.467495 
501.9784 49.978 95.592 -0.09182 0.93769 0.590 -0.16537 13.0000 10.45 0.9632 0.9655 2.469911 
501.4868 50.033 95.742 -0.09423 0.93710 0.585 -0.16720 13.0000 10.48 0.9630 0.9653 2.472332 
500.9951 50.085 95.890 -0.09662 0.93658 0.579 -0.16891 13.0000 10.13 0.9626 0.9649 2.474759 
500.5033 50.134 96.037 -0.09901 0.93625 0.566 -0.17055 13.0000 9.69 0.9624 0.9647 2.477190 
500.0114 50.191 96.182 -0.10134 0.93555 0.567 -0.17241 13.0000 9.65 0.9621 0.9645 2.479627 
499.5193 50.249 96.334 -0.10378 0.93495 0.573 -0.17430 13.0000 9.83 0.9619 0.9642 2.482070 
499.0272 50.306 96.483 -0.10615 0.93410 0.575 -0.17614 13.0000 9.60 0.9614 0.9636 2.484518 
498.5349 50.362 96.634 -0.10855 0.93330 0.565 -0.17795 13.0000 9.22 0.9608 0.9631 2.486971 
498.0426 50.415 96.789 -0.11105 0.93273 0.558 -0.17970 13.0000 9.01 0.9605 0.9628 2.489429 
497.5501 50.473 96.937 -0.11340 0.93206 0.547 -0.18158 13.0000 8.65 0.9598 0.9620 2.491894 
497.0575 50.529 97.091 -0.11588 0.93155 0.557 -0.18346 13.0000 8.69 0.9595 0.9618 2.494363 
496.5648 50.589 97.255 -0.11853 0.93107 0.557 -0.18548 13.0000 8.37 0.9598 0.9621 2.496838 
496.0720 50.639 97.411 -0.12105 0.93060 0.552 -0.18716 13.0000 8.29 0.9593 0.9616 2.499318 
495.5790 50.697 97.573 -0.12363 0.92988 0.552 -0.18903 13.0000 7.99 0.9590 0.9612 2.501805 
495.0860 50.754 97.729 -0.12613 0.92937 0.540 -0.19094 13.0000 7.71 0.9590 0.9612 2.504296 
494.5928 50.811 97.882 -0.12856 0.92859 0.554 -0.19280 13.0000 7.94 0.9578 0.9600 2.506793 
494.0995 50.873 98.042 -0.13108 0.92778 0.548 -0.19482 13.0000 7.92 0.9576 0.9598 2.509296 
493.6062 50.935 98.201 -0.13360 0.92697 0.547 -0.19683 13.0000 7.81 0.9574 0.9596 2.511804 
493.1127 50.996 98.368 -0.13623 0.92616 0.541 -0.19886 13.0000 7.60 0.9569 0.9591 2.514318 
492.6190 51.050 98.539 -0.13899 0.92570 0.545 -0.20067 13.0000 7.65 0.9566 0.9588 2.516837 
492.1253 51.105 98.705 -0.14167 0.92529 0.546 -0.20256 13.0000 7.91 0.9563 0.9584 2.519362 
491.6315 51.164 98.873 -0.14435 0.92470 0.527 -0.20453 13.0000 7.72 0.9559 0.9581 2.521893 
491.1375 51.218 99.044 -0.14710 0.92412 0.515 -0.20635 13.0000 7.66 0.9554 0.9576 2.524429 
490.6435 51.276 99.214 -0.14981 0.92350 0.508 -0.20829 13.0000 7.40 0.9549 0.9571 2.526971 
490.1493 51.340 99.394 -0.15264 0.92259 0.519 -0.21039 13.0000 7.41 0.9544 0.9565 2.529519 
489.6550 51.393 99.571 -0.15546 0.92202 0.514 -0.21218 13.0000 7.51 0.9538 0.9560 2.532072 
489.1606 51.451 99.753 -0.15839 0.92144 0.514 -0.21418 13.0000 7.46 0.9533 0.9555 2.534631 
488.6661 51.508 99.937 -0.16132 0.92082 0.509 -0.21610 13.0000 7.19 0.9530 0.9551 2.537196 
488.1714 51.564 100.121 -0.16432 0.92054 0.493 -0.21809 13.0000 7.05 0.9528 0.9549 2.539768 
487.6767 51.618 100.307 -0.16729 0.91992 0.507 -0.21993 13.0000 7.22 0.9520 0.9541 2.542344 
487.1818 51.677 100.493 -0.17025 0.91926 0.492 -0.22192 13.0000 7.06 0.9516 0.9537 2.544927 
486.6869 51.732 100.682 -0.17328 0.91864 0.493 -0.22380 13.0000 6.97 0.9510 0.9532 2.547514 
486.1918 51.794 100.873 -0.17630 0.91781 0.473 -0.22590 13.0000 6.62 0.9506 0.9527 2.550109 
485.6966 51.854 101.060 -0.17921 0.91683 0.487 -0.22787 13.0000 6.70 0.9497 0.9518 2.552709 
485.2013 51.911 101.257 -0.18239 0.91641 0.489 -0.22988 13.0000 6.97 0.9491 0.9513 2.555314 
484.7058 51.967 101.451 -0.18548 0.91568 0.482 -0.23181 13.0000 6.93 0.9482 0.9503 2.557927 
484.2103 52.017 101.645 -0.18860 0.91515 0.467 -0.23354 13.0000 6.74 0.9473 0.9495 2.560544 
483.7146 52.064 101.843 -0.19187 0.91499 0.467 -0.23532 13.0000 6.98 0.9470 0.9492 2.563168 
483.2189 52.122 102.052 -0.19525 0.91449 0.467 -0.23737 13.0000 7.38 0.9465 0.9487 2.565798 
482.7230 52.178 102.261 -0.19861 0.91394 0.465 -0.23937 13.0000 7.71 0.9458 0.9479 2.568433 
482.2270 52.233 102.458 -0.20177 0.91326 0.475 -0.24128 13.0000 8.17 0.9449 0.9470 2.571075 
481.7309 52.285 102.660 -0.20501 0.91264 0.463 -0.24311 13.0000 8.39 0.9439 0.9461 2.573723 
481.2346 52.328 102.868 -0.20837 0.91212 0.464 -0.24468 13.0000 8.87 0.9428 0.9450 2.576377 
480.7383 52.376 103.084 -0.21187 0.91160 0.447 -0.24643 13.0000 8.77 0.9419 0.9441 2.579037 
480.2419 52.429 103.299 -0.21536 0.91111 0.444 -0.24836 13.0000 8.93 0.9412 0.9434 2.581703 
479.7453 52.479 103.518 -0.21890 0.91057 0.442 -0.25021 13.0000 9.26 0.9406 0.9428 2.584375 
479.2486 52.531 103.739 -0.22246 0.90989 0.429 -0.25206 13.0000 9.28 0.9397 0.9419 2.587054 
478.7518 52.578 103.963 -0.22605 0.90915 0.425 -0.25374 13.0000 9.40 0.9385 0.9408 2.589738 
478.2549 52.634 104.187 -0.22961 0.90825 0.420 -0.25572 13.0000 9.51 0.9373 0.9395 2.592429 
477.7579 52.688 104.414 -0.23319 0.90732 0.419 -0.25763 13.0000 9.99 0.9364 0.9386 2.595126 
477.2608 52.736 104.633 -0.23675 0.90673 0.412 -0.25938 13.0000 9.71 0.9355 0.9378 2.597829 
476.7635 52.784 104.869 -0.24057 0.90608 0.411 -0.26119 13.0000 9.93 0.9343 0.9367 2.600539 
476.2662 52.836 105.098 -0.24429 0.90547 0.411 -0.26312 13.0000 10.27 0.9333 0.9356 2.603254 
475.7687 52.897 105.329 -0.24792 0.90445 0.414 -0.26526 13.0000 10.44 0.9326 0.9350 2.605976 
475.2711 52.958 105.566 -0.25162 0.90328 0.412 -0.26739 13.0000 11.13 0.9316 0.9340 2.608705 
474.7734 53.024 105.809 -0.25542 0.90209 0.416 -0.26967 13.0000 11.48 0.9309 0.9333 2.611439 
474.2756 53.082 106.058 -0.25943 0.90128 0.414 -0.27183 13.0000 11.93 0.9299 0.9323 2.614180 
473.7776 53.150 106.301 -0.26309 0.89964 0.407 -0.27409 13.0000 12.74 0.9288 0.9312 2.616928 
473.2796 53.226 106.544 -0.26674 0.89796 0.403 -0.27663 13.0000 13.17 0.9276 0.9300 2.619682 
472.7814 53.294 106.790 -0.27053 0.89657 0.402 -0.27898 13.0000 13.37 0.9265 0.9290 2.622442 
472.2831 53.378 107.047 -0.27427 0.89445 0.395 -0.28167 13.0000 14.18 0.9254 0.9279 2.625209 
471.7848 53.462 107.308 -0.27811 0.89246 0.393 -0.28443 13.0000 14.93 0.9248 0.9273 2.627982 
471.2863 53.543 107.566 -0.28198 0.89076 0.387 -0.28720 13.0000 15.25 0.9243 0.9269 2.630762 
470.7876 53.632 107.830 -0.28572 0.88830 0.380 -0.28998 13.0000 15.68 0.9234 0.9259 2.633548 
470.2889 53.714 108.110 -0.28984 0.88623 0.379 -0.29272 13.0000 15.93 0.9227 0.9253 2.636341 
469.7900 53.804 108.383 -0.29378 0.88402 0.372 -0.29566 13.0000 15.99 0.9219 0.9245 2.639141 
469.2911 53.904 108.665 -0.29767 0.88122 0.373 -0.29876 13.0000 16.08 0.9210 0.9236 2.641946 
468.7920 54.018 108.945 -0.30149 0.87834 0.368 -0.30237 13.0000 16.29 0.9213 0.9238 2.644759 
468.2928 54.128 109.222 -0.30527 0.87550 0.368 -0.30584 13.0000 16.41 0.9212 0.9238 2.647578 
467.7935 54.237 109.513 -0.30921 0.87257 0.367 -0.30929 13.0000 16.72 0.9211 0.9238 2.650404 
467.2941 54.350 109.815 -0.31322 0.86927 0.367 -0.31274 13.0000 16.90 0.9212 0.9238 2.653237 
466.7945 54.472 110.121 -0.31722 0.86587 0.369 -0.31651 13.0000 17.52 0.9214 0.9241 2.656077 
466.2949 54.584 110.431 -0.32135 0.86266 0.364 -0.32001 13.0000 18.51 0.9211 0.9237 2.658922 
465.7951 54.706 110.736 -0.32534 0.85933 0.369 -0.32378 13.0000 19.38 0.9215 0.9241 2.661775 
465.2952 54.821 111.054 -0.32945 0.85583 0.366 -0.32732 13.0000 20.30 0.9208 0.9235 2.664635 
464.7952 54.945 111.374 -0.33357 0.85234 0.365 -0.33116 13.0000 21.90 0.9211 0.9238 2.667502 
464.2951 55.071 111.694 -0.33746 0.84827 0.364 -0.33484 13.0000 23.60 0.9210 0.9237 2.670375 
463.7949 55.214 112.018 -0.34125 0.84386 0.357 -0.33902 13.0000 24.87 0.9211 0.9238 2.673255 
463.2946 55.341 112.342 -0.34508 0.83964 0.355 -0.34270 13.0000 25.94 0.9210 0.9237 2.676142 
462.7941 55.478 112.668 -0.34889 0.83536 0.349 -0.34671 13.0000 27.13 0.9217 0.9244 2.679036 
462.2935 55.620 112.974 -0.35233 0.83107 0.343 -0.35084 13.0000 28.57 0.9221 0.9248 2.681937 
461.7928 55.765 113.317 -0.35617 0.82634 0.337 -0.35498 13.0000 29.37 0.9224 0.9251 2.684845 
461.2921 55.905 113.664 -0.36022 0.82202 0.333 -0.35916 13.0000 30.10 0.9232 0.9259 2.687759 
460.7911 56.046 114.008 -0.36407 0.81741 0.327 -0.36320 13.0000 29.91 0.9237 0.9263 2.690681 
460.2901 56.186 114.347 -0.36782 0.81286 0.324 -0.36724 13.0000 29.96 0.9242 0.9269 2.693610 
459.7889 56.333 114.702 -0.37178 0.80824 0.323 -0.37153 13.0000 29.61 0.9247 0.9273 2.696546 
459.2877 56.482 115.056 -0.37567 0.80356 0.321 -0.37587 13.0000 29.65 0.9256 0.9283 2.699489 
458.7863 56.635 115.411 -0.37952 0.79888 0.319 -0.38034 13.0000 29.76 0.9269 0.9296 2.702439 
458.2848 56.780 115.769 -0.38326 0.79392 0.319 -0.38444 13.0000 30.10 0.9278 0.9305 2.705396 
457.7832 56.941 116.142 -0.38697 0.78843 0.321 -0.38886 13.0000 30.48 0.9283 0.9309 2.708360 
457.2815 57.117 116.528 -0.39061 0.78249 0.313 -0.39367 13.0000 30.81 0.9290 0.9316 2.711332 
456.7796 57.274 116.901 -0.39434 0.77725 0.316 -0.39807 13.0000 30.80 0.9309 0.9335 2.714311 
456.2777 57.434 117.282 -0.39831 0.77229 0.311 -0.40279 13.0000 31.68 0.9327 0.9354 2.717297 
455.7756 57.610 117.679 -0.40199 0.76637 0.308 -0.40760 13.0000 31.46 0.9343 0.9370 2.720290 
455.2734 57.778 118.070 -0.40563 0.76064 0.302 -0.41221 13.0000 31.12 0.9357 0.9383 2.723291 
454.7711 57.938 118.468 -0.40948 0.75517 0.300 -0.41669 13.0000 30.89 0.9374 0.9400 2.726299 
454.2687 58.107 118.867 -0.41322 0.74956 0.291 -0.42141 13.0000 29.94 0.9393 0.9419 2.729314 
453.7662 58.249 119.270 -0.41735 0.74463 0.288 -0.42556 13.0000 28.60 0.9406 0.9432 2.732336 
453.2635 58.392 119.681 -0.42137 0.73930 0.283 -0.42953 13.0000 27.36 0.9413 0.9439 2.735367 
452.7608 58.530 120.089 -0.42548 0.73433 0.277 -0.43354 13.0000 25.51 0.9424 0.9450 2.738404 
452.2579 58.669 120.507 -0.42963 0.72916 0.272 -0.43751 13.0000 23.66 0.9433 0.9459 2.741449 
451.7549 58.804 120.924 -0.43377 0.72410 0.274 -0.44142 13.0000 22.39 0.9442 0.9469 2.744501 
451.2518 58.939 121.349 -0.43796 0.71894 0.272 -0.44531 13.0000 20.64 0.9451 0.9478 2.747561 
450.7485 59.072 121.778 -0.44230 0.71397 0.271 -0.44927 13.0000 19.17 0.9463 0.9490 2.750629 
450.2452 59.203 122.210 -0.44647 0.70870 0.269 -0.45301 13.0000 17.71 0.9470 0.9497 2.753704 
449.7417 59.334 122.651 -0.45079 0.70349 0.266 -0.45683 13.0000 16.18 0.9478 0.9505 2.756787 
449.2382 59.460 123.087 -0.45509 0.69845 0.267 -0.46058 13.0000 15.59 0.9487 0.9515 2.759876 
448.7345 59.588 123.537 -0.45946 0.69319 0.263 -0.46431 13.0000 14.81 0.9495 0.9523 2.762974 
448.2307 59.711 123.985 -0.46384 0.68806 0.261 -0.46801 13.0000 13.83 0.9503 0.9532 2.766080 
447.7267 59.834 124.439 -0.46837 0.68305 0.258 -0.47178 13.0000 13.26 0.9514 0.9543 2.769193 
447.2227 59.954 124.896 -0.47285 0.67792 0.254 -0.47545 13.0000 12.39 0.9523 0.9552 2.772314 
446.7186 60.075 125.363 -0.47725 0.67248 0.254 -0.47897 13.0000 11.14 0.9528 0.9557 2.775443 
446.2143 60.192 125.830 -0.48184 0.66736 0.251 -0.48261 13.0000 10.33 0.9537 0.9567 2.778580 
445.7099 60.307 126.301 -0.48645 0.66218 0.244 -0.48621 13.0000 9.56 0.9546 0.9576 2.781724 
445.2054 60.421 126.778 -0.49109 0.65699 0.243 -0.48978 13.0000 8.55 0.9554 0.9585 2.784876 
444.7008 60.533 127.259 -0.49575 0.65174 0.244 -0.49330 13.0000 7.92 0.9562 0.9593 2.788036 
444.1960 60.643 127.743 -0.50045 0.64649 0.241 -0.49680 13.0000 7.04 0.9569 0.9601 2.791204 
443.6912 60.751 128.234 -0.50518 0.64118 0.240 -0.50024 13.0000 6.29 0.9576 0.9608 2.794380 
443.1862 60.857 128.728 -0.50995 0.63589 0.241 -0.50369 13.0000 5.63 0.9583 0.9616 2.797564 
442.6812 60.960 129.222 -0.51481 0.63073 0.240 -0.50716 13.0000 5.22 0.9593 0.9626 2.800756 
442.1759 61.063 129.727 -0.51967 0.62534 0.241 -0.51056 13.0000 4.74 0.9599 0.9633 2.803956 
441.6706 61.163 130.234 -0.52451 0.61994 0.240 -0.51388 13.0000 4.43 0.9605 0.9640 2.807164 
441.1652 61.261 130.746 -0.52949 0.61460 0.237 -0.51727 13.0000 4.11 0.9612 0.9648 2.810380 
440.6596 61.357 131.260 -0.53447 0.60924 0.239 -0.52059 13.0000 3.89 0.9619 0.9656 2.813605 
440.1540 61.453 131.785 -0.53944 0.60365 0.240 -0.52384 13.0000 3.65 0.9623 0.9661 2.816837 
439.6482 61.453 131.785 -0.53944 0.60365 0.236 -0.52384 13.0000 3.36 0.9623 0.9661 2.820077 

# MINIMA:
439.6482 1.109 0.508 -17.18374 -19.18638 -3304.988 -4.60049 13.0000 3.36 0.5157 0.5599 1.240099 

# MAXIMA:
999.7925 89.609 359.902 27.55645 9.45628 187.593 67.35752 13.0000 61.80 2.8915050245741609E18 1.15933359253724594E20 2.820077 

# PEAKS:

# END SPECTRUM

