## SPECTRUM TYPE:
LCE

## DATE:
24/09/2026

## COMMENTS:

## NUMBER OF SPECTRUM:
1

## ELLIPSOMETRIC CONFIGURATION:
0.00 ø :Modulator
+45.00 øAnalyser

## UNIT:
nm


# SPECTRUM:
1

# CAPTION:


# START TIME:
10:46:41

# END TIME:
10:46:41

# THETA ANGLE:
0.00 ø

# INCIDENCE ANGLE:
69.95 ø

# ACCUMULATION NUMBER:
5

# ELLIPSOMETRIC CONFIGURATION:
0.00 ø :Modulator
+45.00 øAnalyser

# INTEGRATION TIME:
40 ms

# FIRST POINT:
999.79 nm

# LAST POINT:
439.65 nm

# INCREMENT:
0.00 nm

# NUMBER OF POINTS:
1273

# DATA:
nm Psi Delta Ic Is Reflectance IcPrim IntegrationTime IntensityMax Polarization PolarizationGen eV 
999.7925 7.344 227.945 -11.82671 -13.10949 0.000 67.35753 40.0000 8.47 2.80929124163046605E18 8.36038647083664671E19 1.240099 
999.4089 7.344 227.945 -11.82671 -13.10949 2.057 67.35753 40.0000 8.40 2.61285029518875034E18 7.77578317522256527E19 1.240575 
999.0253 7.344 227.945 -11.82671 -13.10949 1.406 67.35754 40.0000 8.66 2.49079048573236019E18 7.4125353197309526E19 1.241052 
998.6415 7.344 227.945 -11.82671 -13.10949 4.099 67.35754 40.0000 8.70 2.35156537562103808E18 6.99820503362216919E19 1.241529 
998.2578 7.344 227.945 -11.82671 -13.10949 0.507 67.35753 40.0000 8.66 2.19326868657012736E18 6.52711707767828644E19 1.242006 
997.8739 7.344 227.945 -11.82671 -13.10949 1.196 67.35753 40.0000 8.75 2.01399276590543667E18 5.99359665248602685E19 1.242484 
997.4900 7.344 227.945 -11.82671 -13.10949 -0.230 67.35753 40.0000 8.69 1.81183064814754202E18 5.39196631980420628E19 1.242962 
997.1060 7.344 227.945 -11.82671 -13.10949 0.008 67.35753 40.0000 8.89 1.58487495550015898E18 4.71655172002419835E19 1.243440 
996.7219 7.344 227.945 -11.82671 -13.10949 -3.601 67.35753 40.0000 8.79 1.33121872248386355E18 3.96167629451412111E19 1.243920 
996.3377 7.344 227.945 -11.82671 -13.10949 -5.798 67.35754 40.0000 9.07 1.04895457130237133E18 3.12166480405604598E19 1.244399 
995.9535 7.344 227.945 -11.82671 -13.10949 -2.507 67.35754 40.0000 8.88 739989811032489984.0000 2.2021927077702271E19 1.244879 
995.5692 7.344 227.945 -11.82671 -13.10949 1.401 67.35753 40.0000 9.25 406231475873120256.0000 1.20893568467924419E19 1.245360 
995.1848 7.344 227.945 -11.82671 -13.10949 -1.107 67.35753 40.0000 9.26 53401321255993344.0000 1.58921129192115405E18 1.245841 
994.8003 7.344 227.945 -11.82671 -13.10949 0.043 67.35754 40.0000 9.31 305150451353911296.0000 9.08120683265078067E18 1.246322 
994.4158 7.344 227.945 -11.82671 -13.10949 0.029 67.35753 40.0000 9.25 650351850700144640.0000 1.93543227527177175E19 1.246804 
994.0311 35.581 54.692 0.22467 0.31722 0.017 0.13261 40.0000 9.29 0.6217 1.0202 1.247287 
993.6464 43.321 76.048 0.11984 0.48240 1.884 0.02916 40.0000 9.35 0.5754 0.7339 1.247770 
993.2617 59.281 103.380 -0.20761 0.87282 1.803 -0.48837 40.0000 9.42 0.6686 0.9097 1.248253 
992.8768 46.370 67.014 0.27727 0.65365 -1.468 -0.03397 40.0000 9.33 0.6012 0.7353 1.248737 
992.4919 53.098 32.685 0.40002 0.25667 0.935 -0.13804 40.0000 9.36 0.6316 0.7718 1.249221 
992.1069 53.218 60.723 0.27280 0.48657 -10.626 -0.16455 40.0000 9.51 0.6234 0.7698 1.249706 
991.7218 45.272 57.339 0.31727 0.49495 -2.476 -0.00558 40.0000 9.64 0.6523 0.7711 1.250191 
991.3367 43.939 48.423 0.39553 0.44585 0.834 0.02208 40.0000 9.89 0.6605 0.8224 1.250677 
990.9514 35.501 48.233 0.44485 0.49811 2.442 0.22992 40.0000 9.86 0.7745 0.9559 1.251163 
990.5661 21.856 62.300 0.18441 0.35125 23.894 0.41497 40.0000 9.78 0.7480 0.9704 1.251650 
990.1807 18.499 55.302 0.22576 0.32606 -28.093 0.52632 40.0000 9.86 0.7785 1.0286 1.252137 
989.7953 10.974 93.112 -0.01365 0.25100 -0.857 0.62376 40.0000 9.89 0.7092 0.9093 1.252625 
989.4097 16.912 82.325 0.06189 0.45927 -1.824 0.69163 40.0000 10.17 0.7125 0.8281 1.253113 
989.0241 20.787 88.558 0.01403 0.55740 2.169 0.62858 40.0000 10.11 0.7051 0.7859 1.253601 
988.6384 32.062 94.267 -0.05252 0.70383 1.891 0.34234 40.0000 9.93 0.7056 0.7824 1.254090 
988.2526 27.043 67.057 0.30881 0.72952 30.563 0.57376 40.0000 10.22 0.7173 0.7969 1.254580 
987.8668 32.681 55.928 0.51200 0.75703 1.685 0.41915 40.0000 10.13 0.7393 0.8445 1.255070 
987.4809 27.123 60.772 0.34733 0.62076 -5002.416 0.51214 40.0000 10.07 0.6721 0.7274 1.255560 
987.0949 26.570 63.617 0.27918 0.56283 2.769 0.47102 40.0000 10.30 0.6240 0.6453 1.256051 
986.7088 22.930 61.762 0.24250 0.45154 1.938 0.49737 40.0000 10.28 0.6103 0.6470 1.256543 
986.3226 18.929 73.370 0.09439 0.31602 -2.776 0.42431 40.0000 10.36 0.5951 0.6418 1.257035 
985.9364 25.178 67.127 0.16646 0.39456 -11.814 0.35481 40.0000 10.44 0.6242 0.6924 1.257527 
985.5501 23.613 62.460 0.17309 0.33193 85.576 0.34634 40.0000 10.40 0.6476 0.7718 1.258020 
985.1638 33.611 63.458 0.22335 0.44715 -4.535 0.20988 40.0000 10.64 0.7073 0.8830 1.258513 
984.7773 38.759 63.032 0.27322 0.53697 1.895 0.13336 40.0000 10.65 0.7773 0.9442 1.259007 
984.3907 42.792 55.572 0.48666 0.71001 -3.334 0.06649 40.0000 10.84 0.8258 0.9897 1.259502 
984.0041 40.004 52.784 0.29022 0.38213 -2.383 0.08455 40.0000 10.84 0.6480 0.7859 1.259997 
983.6174 15.009 169.151 -0.10659 0.02043 1.435 0.18786 40.0000 11.14 0.5456 0.7669 1.260492 
983.2307 21.263 233.389 -0.15884 -0.21379 1.293 0.29039 40.0000 11.12 0.5750 0.7346 1.260988 
982.8438 18.708 252.256 -0.17379 -0.54314 1.145 0.74544 40.0000 11.09 0.7045 0.9261 1.261484 
982.4569 18.231 213.304 -0.20449 -0.13434 1.336 0.33111 40.0000 11.25 0.7115 0.9605 1.261981 
982.0699 37.312 140.717 -0.12685 0.10376 -3.124 0.04507 40.0000 11.24 0.7046 0.9634 1.262478 
981.6828 55.618 99.140 -0.06779 0.42135 -0.029 -0.16584 40.0000 11.40 0.7915 1.0645 1.262976 
981.2957 64.255 76.344 0.09354 0.38502 -0.012 -0.31528 40.0000 11.44 0.8055 1.1804 1.263474 
980.9084 56.083 67.154 0.37398 0.88768 0.007 -0.39241 40.0000 11.39 1.0081 1.3155 1.263973 
980.5211 59.120 91.777 -0.04579 1.47565 0.013 -0.79297 40.0000 11.39 1.2109 1.4076 1.264472 
980.1337 54.138 96.935 -0.18493 1.52044 -0.004 -0.50581 40.0000 11.63 1.1072 1.3122 1.264972 
979.7463 50.425 119.374 -0.81885 1.45476 -0.003 -0.31994 40.0000 11.44 1.1183 1.2157 1.265472 
979.3587 50.399 125.475 -1.42992 2.00651 17.713 -0.46993 40.0000 11.64 1.2336 1.3196 1.265973 
978.9711 40.695 161.070 -1.77768 0.60969 6.636 0.28456 40.0000 11.74 0.9966 1.2166 1.266474 
978.5834 41.967 173.119 -1.20611 0.14556 4.924 0.12909 40.0000 11.57 0.9417 1.2277 1.266976 
978.1956 31.683 197.218 -0.98790 -0.30614 7.101 0.51868 40.0000 11.60 0.9643 1.3732 1.267478 
977.8077 27.731 215.856 -0.74807 -0.54064 -4.338 0.63523 40.0000 11.90 1.0540 1.4813 1.267981 
977.4199 28.668 230.908 -0.59668 -0.73442 7.589 0.60666 40.0000 12.06 1.1943 1.5610 1.268484 
977.0319 22.629 191.672 -0.54492 -0.11257 2.454 0.55144 40.0000 12.03 0.9515 1.3304 1.268988 
976.6437 24.371 163.948 -0.46755 0.13453 2.381 0.42677 40.0000 11.97 0.8605 1.3376 1.269493 
976.2556 22.594 145.326 -0.39588 0.27385 -8.001 0.47822 40.0000 11.97 0.8781 1.1175 1.269997 
975.8674 30.299 132.759 -0.45901 0.49641 1.988 0.38099 40.0000 12.21 0.9120 1.0043 1.270502 
975.4790 42.826 118.192 -0.45143 0.84219 2.021 0.07266 40.0000 12.35 1.0053 1.0790 1.271008 
975.0906 41.108 132.344 -0.45677 0.50121 -2.817 0.09269 40.0000 12.24 0.8216 0.8498 1.271515 
974.7021 49.633 118.898 -0.29424 0.53307 -35.928 -0.09934 40.0000 12.31 0.7637 0.8550 1.272021 
974.3136 47.182 97.538 -0.06937 0.52425 2.186 -0.04036 40.0000 12.37 0.6763 0.7739 1.272529 
973.9250 54.453 91.000 -0.00804 0.46081 0.052 -0.15785 40.0000 12.52 0.6409 0.7183 1.273036 
973.5363 58.702 46.351 0.42347 0.44393 0.115 -0.31807 40.0000 12.53 0.7044 0.7549 1.273545 
973.1475 74.608 70.875 0.08333 0.24029 -10.312 -0.42692 40.0000 12.57 0.5800 0.6189 1.274053 
972.7586 74.624 100.515 -0.04068 0.21917 -4.030 -0.37465 40.0000 12.64 0.5316 0.5766 1.274563 
972.3697 78.666 124.237 -0.09788 0.14382 -1.773 -0.41655 40.0000 12.76 0.5303 0.5758 1.275073 
971.9807 84.080 130.117 -0.06875 0.08159 -2.290 -0.50892 40.0000 12.81 0.5439 0.5909 1.275583 
971.5916 81.376 101.019 -0.03475 0.17845 -2.401 -0.58557 40.0000 12.87 0.6114 0.6489 1.276094 
971.2024 83.053 88.574 0.00467 0.18749 1.180 -0.75824 40.0000 13.12 0.6935 0.7331 1.276605 
970.8131 87.127 99.915 -0.01418 0.08111 0.177 -0.81815 40.0000 12.97 0.7645 0.7988 1.277117 
970.4238 87.729 76.741 0.01925 0.08171 0.092 -1.05670 40.0000 13.01 0.8013 0.8284 1.277629 
970.0344 73.133 137.968 -0.64551 0.58186 0.060 -1.30139 40.0000 13.31 0.9813 1.0569 1.278142 
969.6449 78.748 31.099 0.36885 0.22250 0.044 -1.03973 40.0000 13.27 0.8081 0.8267 1.278656 
969.2553 61.119 0.301 1.09601 0.00576 0.013 -0.69119 40.0000 13.38 0.9491 1.0434 1.279170 
968.8657 52.468 354.811 1.63092 -0.14811 -8.895 -0.43684 40.0000 13.35 1.1691 1.3490 1.279684 
968.4760 50.084 350.436 2.05320 -0.34596 2.213 -0.37344 40.0000 13.73 1.3106 1.5424 1.280199 
968.0861 49.489 351.377 2.31178 -0.35059 1.076 -0.36944 40.0000 13.93 1.3516 1.6095 1.280714 
967.6962 50.062 355.297 2.18188 -0.17950 2.162 -0.39095 40.0000 13.83 1.2927 1.5443 1.281230 
967.3063 54.242 5.627 1.83077 0.18038 2.084 -0.61493 40.0000 13.82 1.0980 1.3154 1.281747 
966.9163 57.265 8.722 1.23773 0.18989 2.705 -0.57146 40.0000 14.05 0.8750 1.0357 1.282264 
966.5261 66.068 43.029 0.47921 0.44732 -10.481 -0.59308 40.0000 13.81 0.6471 0.7638 1.282782 
966.1359 58.040 130.760 -0.86199 1.00004 2.082 -0.64623 40.0000 13.64 0.7819 0.9079 1.283300 
965.7457 55.277 26.789 0.66441 0.33546 -1.448 -0.27907 40.0000 13.73 0.6224 0.7926 1.283818 
965.3553 47.897 338.850 0.83373 -0.32255 1.931 -0.09072 40.0000 14.19 0.6134 0.6986 1.284337 
964.9649 44.366 308.440 0.75925 -0.95658 13.893 0.02703 40.0000 14.17 0.6664 0.7872 1.284857 
964.5743 44.808 293.872 0.58514 -1.32221 6.422 0.00967 40.0000 14.06 0.7275 0.9378 1.285377 
964.1838 43.808 292.309 0.44899 -1.09426 -3.670 0.04923 40.0000 14.20 0.7019 1.0201 1.285898 
963.7931 56.331 294.732 0.43410 -0.94242 1.420 -0.43321 40.0000 14.30 0.6517 1.0588 1.286419 
963.4023 77.036 331.672 0.29982 -0.16162 0.229 -0.70058 40.0000 14.32 0.6072 1.0225 1.286941 
963.0115 71.998 73.148 0.15398 0.50834 2.350 -0.73097 40.0000 14.68 0.7098 1.0378 1.287463 
962.6207 84.291 65.192 0.03921 0.08483 4.010 -0.46269 40.0000 14.66 0.5943 0.8208 1.287986 
962.2297 72.517 87.655 0.00518 0.12656 3.322 -0.18113 40.0000 14.75 0.6330 0.7834 1.288509 
961.8386 36.028 10.688 0.31858 0.06012 3.091 0.10498 40.0000 14.75 0.7530 0.9865 1.289033 
961.4474 33.061 314.016 0.27825 -0.28798 2.491 0.17727 40.0000 15.09 0.7583 0.9983 1.289558 
961.0562 29.397 307.411 0.25092 -0.32806 4.036 0.25019 40.0000 14.80 0.8168 1.1020 1.290083 
960.6649 30.418 303.323 0.29474 -0.44830 0.022 0.29940 40.0000 15.17 0.7665 0.9917 1.290608 
960.2736 31.395 294.459 0.31249 -0.68702 0.032 0.38804 40.0000 15.06 0.7005 0.8395 1.291134 
959.8821 32.933 323.172 0.29060 -0.21762 2.188 0.16266 40.0000 14.86 0.5787 0.6315 1.291661 
959.4905 46.430 63.161 0.22432 0.44333 7.089 -0.02483 40.0000 15.04 0.5375 0.5616 1.292188 
959.0989 57.663 88.842 0.02333 1.15406 2.109 -0.54625 40.0000 15.30 0.6409 0.7702 1.292715 
958.7073 78.371 85.827 0.01326 0.18175 3.060 -0.42398 40.0000 15.38 0.5326 0.6238 1.293243 
958.3155 65.598 85.026 0.03718 0.42718 -35.966 -0.37532 40.0000 15.09 0.5395 0.5804 1.293772 
957.9236 63.918 91.636 -0.01323 0.46339 2.931 -0.36006 40.0000 15.04 0.5547 0.6224 1.294301 
957.5317 66.095 94.963 -0.02447 0.28180 -421.907 -0.25639 40.0000 15.15 0.5550 0.5948 1.294831 
957.1396 50.967 90.695 -0.00219 0.18027 5.416 -0.03810 40.0000 15.09 0.5916 0.7649 1.295362 
956.7476 17.450 74.337 0.02982 0.10634 -10.383 0.15832 40.0000 15.42 0.5766 0.9193 1.295892 
956.3554 6.709 281.318 0.02020 -0.10094 4.400 0.43146 40.0000 15.88 0.5889 1.0613 1.296424 
955.9632 17.431 143.568 -0.20956 0.15469 -0.018 0.37389 40.0000 16.06 0.5973 1.0791 1.296956 
955.5709 12.618 16.850 0.21280 0.06445 -0.013 0.47173 40.0000 15.75 0.6082 1.0900 1.297488 
955.1784 24.541 343.166 0.42833 -0.12960 -0.014 0.38788 40.0000 15.95 0.5952 1.0287 1.298021 
954.7859 35.260 340.567 0.57914 -0.20432 3.029 0.21724 40.0000 16.12 0.5867 0.9349 1.298555 
954.3934 46.428 350.555 0.64262 -0.10690 20.677 -0.03250 40.0000 15.76 0.5793 0.8547 1.299089 
954.0007 54.423 355.341 0.64719 -0.05274 3.669 -0.22162 40.0000 15.82 0.5862 0.8725 1.299624 
953.6080 57.398 7.909 0.52529 0.07297 2.210 -0.24501 40.0000 16.11 0.6129 0.8676 1.300159 
953.2152 65.352 35.133 0.37162 0.26150 -4.305 -0.39090 40.0000 16.29 0.6233 0.8130 1.300695 
952.8223 66.886 31.604 0.28838 0.17744 1.937 -0.32438 40.0000 16.17 0.5911 0.6920 1.301231 
952.4293 65.999 41.039 0.19042 0.16576 2.999 -0.22730 40.0000 16.33 0.5719 0.6389 1.301768 
952.0363 64.415 82.271 0.03660 0.26967 6.299 -0.21904 40.0000 16.24 0.6190 0.7488 1.302305 
951.6432 49.902 27.607 0.37174 0.19440 2.884 -0.07249 40.0000 16.66 0.6722 0.7618 1.302843 
951.2499 52.894 25.127 0.34934 0.16384 29.097 -0.10910 40.0000 16.19 0.6525 0.7583 1.303382 
950.8567 33.173 45.196 0.37663 0.37922 5.253 0.23412 40.0000 16.20 0.6881 0.8972 1.303921 
950.4633 33.514 16.677 0.29822 0.08934 2.868 0.13196 40.0000 16.35 0.5666 0.6877 1.304461 
950.0699 60.428 326.516 0.19904 -0.13166 -0.456 -0.14258 40.0000 16.51 0.5400 0.8959 1.305001 
949.6763 86.274 303.125 0.03761 -0.05764 -0.230 -0.52616 40.0000 16.73 0.5811 1.0963 1.305542 
949.2827 83.853 224.301 -0.19389 -0.18922 -0.188 -1.24324 40.0000 16.78 0.7117 1.1568 1.306083 
948.8890 76.581 266.735 -0.03812 -0.66805 -0.330 -1.32249 40.0000 17.16 0.7765 1.1466 1.306625 
948.4953 79.051 263.384 -0.05510 -0.47504 -0.032 -1.18969 40.0000 17.05 0.7052 0.9944 1.307167 
948.1014 57.220 192.938 -1.67925 -0.38577 0.923 -0.78303 40.0000 17.14 0.9592 12.1436 1.307710 
947.7075 73.674 169.446 -0.31577 0.05883 2.098 -0.50126 40.0000 17.09 0.6102 0.6703 1.308254 
947.3135 36.475 31.138 0.68834 0.41586 12.967 0.24664 40.0000 16.57 0.6640 6.9026 1.308798 
946.9194 28.862 30.508 1.23761 0.72924 0.866 0.90727 40.0000 16.68 0.9821 10.8734 1.309343 
946.5253 29.905 16.180 1.65913 0.48140 0.314 1.00502 40.0000 16.89 1.0242 13.0039 1.309888 
946.1310 50.581 340.998 89.44723 -30.80252 2.591 -18.66757 40.0000 17.40 24.9792 29.8826 1.310434 
945.7367 37.784 159.207 -2.17160 0.82463 5.218 0.59782 40.0000 17.08 5.3433 15.3563 1.310980 
945.3423 38.539 157.899 -27.11808 11.01232 -2.109 6.71506 40.0000 17.41 30.4204 35.4216 1.311527 
944.9478 38.501 157.876 -131.79321 53.57889 0.756 32.83850 40.0000 17.79 48.6087 54.0069 1.312074 
944.5532 51.516 337.765 303.65479 -124.13682 4.542 -75.92322 40.0000 17.32 59.7298 65.8312 1.312623 
944.1586 51.560 337.702 103.82834 -42.57889 11.118 -26.15401 40.0000 17.37 63.7175 70.2299 1.313171 
943.7639 51.489 337.521 70.00470 -28.96689 -0.178 -17.46017 40.0000 17.54 60.5305 67.1403 1.313720 
943.3691 51.701 337.171 53.96960 -22.71872 0.340 -13.95298 40.0000 17.35 50.1078 56.8324 1.314270 
942.9742 51.946 336.404 41.06542 -17.93732 2.697 -11.08399 40.0000 17.65 32.3488 39.5189 1.314821 
942.5792 53.999 328.889 12.97208 -7.82863 4.299 -4.92262 40.0000 17.72 7.5617 19.8076 1.315372 
942.1841 50.898 340.654 368.60580 -129.41591 -2.811 -81.59069 40.0000 17.86 24.7686 30.3597 1.315923 
941.7890 51.825 326.594 1.06745 -0.70401 -3.286 -0.31056 40.0000 18.02 1.9821 9.3655 1.316475 
941.3938 40.120 320.414 0.21478 -0.17759 -29.651 0.04794 40.0000 18.03 0.6328 4.2077 1.317028 
940.9985 38.900 317.880 0.45716 -0.41336 1.245 0.13325 40.0000 18.12 0.6115 0.7897 1.317581 
940.6031 36.808 337.368 0.53393 -0.22260 -18.019 0.17008 40.0000 18.08 0.5663 0.6455 1.318135 
940.2077 31.819 341.537 0.32186 -0.10746 5.936 0.16817 40.0000 18.17 0.5272 0.5966 1.318689 
939.8122 48.179 83.650 0.02449 0.22008 5.562 -0.02467 40.0000 18.33 0.5111 0.5604 1.319244 
939.4166 37.382 119.011 -0.27394 0.49397 2.225 0.15384 40.0000 18.06 0.5781 0.5952 1.319800 
939.0209 39.337 100.083 -0.06603 0.37136 -9.056 0.07555 40.0000 18.08 0.5426 0.5817 1.320356 
938.6251 47.117 97.903 -0.05497 0.39598 3.359 -0.02959 40.0000 18.08 0.5575 0.5936 1.320913 
938.2292 58.276 141.173 -0.29577 0.23804 2.436 -0.18972 40.0000 18.48 0.5585 0.6095 1.321470 
937.8333 51.800 85.320 0.04615 0.56377 2.672 -0.13684 40.0000 18.32 0.6542 0.6687 1.322028 
937.4373 54.250 63.067 0.29035 0.57150 -6.783 -0.21449 40.0000 18.90 0.6655 0.7215 1.322586 
937.0412 53.562 32.654 0.55540 0.35594 19.326 -0.20326 40.0000 18.73 0.6324 0.6953 1.323146 
936.6450 50.841 21.645 0.65308 0.25917 3.180 -0.14529 40.0000 18.24 0.6428 0.6902 1.323705 
936.2487 53.610 18.100 0.63035 0.20604 2.988 -0.20554 40.0000 18.65 0.6808 0.7346 1.324266 
935.8524 56.448 19.137 0.62863 0.21813 1.380 -0.28102 40.0000 18.82 0.6936 1.7542 1.324826 
935.4560 62.902 18.665 0.57792 0.19522 1.928 -0.44002 40.0000 18.96 0.6799 0.7540 1.325388 
935.0594 66.304 348.955 0.42872 -0.08368 -4.012 -0.40178 40.0000 19.26 0.5795 1.1081 1.325950 
934.6629 19.886 108.951 -0.04145 0.12072 -0.206 0.15335 40.0000 19.00 0.6803 1.6071 1.326512 
934.2662 34.146 189.541 -1.93625 -0.32545 3.927 0.78169 40.0000 19.02 1.8921 3.2852 1.327076 
933.8694 81.127 267.117 -0.01420 -0.28199 6.580 -0.88230 40.0000 19.39 0.6905 1.8717 1.327640 
933.4727 61.592 224.885 -0.63922 -0.63666 -30.789 -0.59000 40.0000 19.35 1.8275 2.8815 1.328204 
933.0757 57.060 221.493 -0.74053 -0.65500 -1.573 -0.44263 40.0000 19.28 2.8590 4.1553 1.328769 
932.6787 56.785 217.846 -0.72413 -0.56262 2.413 -0.40004 40.0000 19.67 3.5180 5.0617 1.329334 
932.2817 56.341 210.954 -0.70342 -0.42189 25.188 -0.34282 40.0000 19.60 3.8305 5.5035 1.329901 
931.8845 56.024 207.386 -0.70980 -0.36771 -0.051 -0.32375 40.0000 19.48 3.6704 5.3525 1.330467 
931.4873 55.440 201.617 -0.68032 -0.26959 -135.997 -0.27916 40.0000 19.36 3.1200 4.6784 1.331035 
931.0900 50.583 194.501 -0.63935 -0.16536 1.075 -0.13034 40.0000 19.78 2.1861 3.5142 1.331603 
930.6926 45.747 135.918 -0.27567 0.26697 2.688 -0.01001 40.0000 19.84 1.1909 2.2319 1.332171 
930.2951 23.097 209.398 -1.92495 -1.08455 -24.095 2.11925 40.0000 19.81 1.8677 3.2821 1.332740 
929.8975 57.113 251.711 -1.99699 -6.04213 0.365 -2.86352 40.0000 20.14 1.2699 1.9185 1.333310 
929.4999 63.539 95.431 -0.22355 2.35154 49.431 -1.78502 40.0000 20.30 1.0071 1.4335 1.333881 
929.1022 55.645 82.071 0.55441 3.98084 46.164 -1.56619 40.0000 20.89 1.3176 1.8380 1.334452 
928.7043 54.371 72.509 1.06535 3.38066 5.332 -1.20264 40.0000 20.20 1.4719 1.8337 1.335023 
928.3065 53.228 69.943 1.16454 3.18973 -21.103 -1.00305 40.0000 20.45 1.5902 1.9218 1.335595 
927.9085 53.934 64.561 1.06337 2.23552 2.129 -0.79805 40.0000 20.25 1.4504 1.8501 1.336168 
927.5104 54.375 62.924 0.87536 1.71240 -0.059 -0.65281 40.0000 20.62 1.3709 1.8424 1.336742 
927.1123 58.159 60.277 0.66283 1.16101 0.037 -0.66129 40.0000 20.55 1.1965 1.6127 1.337316 
926.7141 62.546 52.458 0.49069 0.63851 0.155 -0.56579 40.0000 20.33 1.0671 1.3336 1.337890 
926.3158 70.240 80.945 0.08075 0.50673 0.934 -0.62202 40.0000 20.58 0.7668 0.8965 1.338466 
925.9174 67.098 205.316 -0.45252 -0.21406 1.127 -0.48674 40.0000 20.75 0.8010 1.0808 1.339042 
925.5190 66.529 82.384 0.07864 0.58811 -0.544 -0.55443 40.0000 20.76 0.7202 0.9092 1.339618 
925.1204 72.892 61.128 0.17635 0.31982 -0.186 -0.53709 40.0000 20.89 0.6440 0.8051 1.340195 
924.7218 74.720 40.821 0.20964 0.18109 -0.111 -0.46914 40.0000 20.61 0.5965 0.7692 1.340773 
924.3231 68.613 350.300 0.24592 -0.04204 -0.056 -0.26967 40.0000 20.78 0.5576 0.7538 1.341351 
923.9243 47.358 307.649 0.24896 -0.32271 1.752 -0.03362 40.0000 21.06 0.5913 0.7869 1.341930 
923.5255 39.063 285.246 0.20034 -0.73504 3.006 0.16018 40.0000 21.43 0.7935 1.0547 1.342510 
923.1265 63.474 174.149 -0.12719 0.01303 0.105 -0.09616 40.0000 20.88 0.6253 0.7557 1.343090 
922.7275 50.861 30.347 0.21047 0.12322 0.060 -0.05060 40.0000 21.51 0.6084 0.7094 1.343671 
922.3283 39.334 38.496 0.34126 0.27142 2.506 0.08739 40.0000 21.41 0.6090 0.7864 1.344252 
921.9291 39.348 14.940 0.58912 0.15719 0.000 0.12188 40.0000 21.38 0.7296 1.0003 1.344834 
921.5298 36.675 3.677 0.66875 0.04297 0.000 0.20042 40.0000 21.35 0.7471 1.0354 1.345417 
921.1305 34.282 359.040 0.73096 -0.01225 0.000 0.28703 40.0000 20.93 0.8151 1.1440 1.346000 
920.7311 34.699 336.679 0.55803 -0.24057 0.000 0.22844 40.0000 21.40 0.7641 1.0413 1.346584 
920.3315 32.049 7.210 0.70535 0.08923 0.000 0.34524 40.0000 22.02 0.7171 0.9215 1.347169 
919.9319 37.973 34.813 0.69019 0.47993 0.000 0.21044 40.0000 21.55 0.7421 0.9011 1.347754 
919.5322 42.117 55.670 0.55439 0.81178 2.294 0.09928 40.0000 21.14 0.8228 0.9277 1.348340 
919.1324 45.416 75.859 0.28910 1.14746 2.427 -0.01718 40.0000 21.89 0.9564 1.0683 1.348926 
918.7326 40.410 57.385 0.57034 0.89131 10.848 0.17100 40.0000 21.66 0.8412 0.9518 1.349513 
918.3326 44.144 57.609 0.43455 0.68498 -6.479 0.02425 40.0000 22.08 0.8234 0.9356 1.350101 
917.9326 40.537 49.091 0.48877 0.56407 4.139 0.11721 40.0000 21.91 0.6395 0.7391 1.350689 
917.5325 18.884 3.789 0.47710 0.03160 2.617 0.61714 40.0000 21.66 0.5819 0.6927 1.351278 
917.1323 12.762 3.741 0.46642 0.03050 2.294 0.97891 40.0000 21.90 0.5934 0.7376 1.351868 
916.7321 16.138 261.143 -0.12838 -0.82393 10.525 1.32031 40.0000 22.11 0.6446 0.7545 1.352458 
916.3317 11.519 359.235 1.00426 -0.01340 151.072 2.36164 40.0000 22.26 0.6734 0.7949 1.353049 
915.9313 23.032 61.811 0.41091 0.76670 7.447 0.83816 40.0000 22.05 0.6154 0.7702 1.353641 
915.5308 33.469 85.224 0.07727 0.92488 6.227 0.39514 40.0000 22.29 0.6043 0.8033 1.354233 
915.1302 42.347 114.179 -0.25711 0.57265 3.632 0.05830 40.0000 22.47 0.5729 0.8167 1.354826 
914.7295 61.359 129.382 -0.32140 0.39153 -0.015 -0.32542 40.0000 22.29 0.5747 0.8376 1.355419 
914.3287 70.800 119.273 -0.20890 0.37266 -0.038 -0.53900 40.0000 22.25 0.6672 0.9067 1.356013 
913.9279 73.870 124.016 -0.21054 0.31195 0.003 -0.59627 40.0000 22.42 0.5865 0.8434 1.356608 
913.5270 70.155 118.620 -0.11779 0.21586 -0.038 -0.29630 40.0000 22.32 0.5401 0.6763 1.357203 
913.1259 50.080 70.013 0.09045 0.24870 1.507 -0.04742 40.0000 22.38 0.5359 0.5909 1.357799 
912.7249 37.980 42.397 0.21007 0.19180 0.000 0.07113 40.0000 22.11 0.5414 0.5935 1.358396 
912.3237 27.642 14.439 0.29206 0.07520 2.986 0.20896 40.0000 22.54 0.5531 0.6676 1.358993 
911.9224 25.323 42.002 0.19756 0.17790 -0.344 0.21801 40.0000 22.78 0.5442 0.5764 1.359591 
911.5211 49.306 78.863 0.11191 0.56849 -0.311 -0.08775 40.0000 22.98 0.6582 0.7823 1.360190 
911.1196 27.424 354.432 1.09391 -0.10665 0.217 0.77396 40.0000 23.11 0.7536 1.1597 1.360789 
910.7181 23.927 223.514 -0.93761 -0.89021 0.075 1.17011 40.0000 22.67 0.7864 0.9900 1.361389 
910.3165 1.867 14.966 0.08600 0.02299 0.112 1.36416 40.0000 23.02 1.0271 1.5248 1.361990 
909.9149 22.088 62.533 0.60587 1.16551 -0.088 1.35188 40.0000 22.90 1.1284 1.7248 1.362591 
909.5131 22.989 25.798 0.87632 0.42359 0.748 0.94068 40.0000 22.27 1.3590 2.0238 1.363193 
909.1113 31.648 356.238 0.99272 -0.06528 0.178 0.50047 40.0000 22.49 1.5302 2.1883 1.363795 
908.7093 46.503 345.437 0.97814 -0.25412 0.036 -0.05307 40.0000 22.66 1.6124 2.2720 1.364399 
908.3073 57.123 342.608 0.89960 -0.28179 0.053 -0.42457 40.0000 22.48 1.5650 2.1794 1.365003 
907.9052 69.094 355.448 0.87829 -0.06992 -0.007 -0.98499 40.0000 22.97 1.5097 2.0876 1.365607 
907.5031 83.670 25.106 1.16993 0.54818 -1.852 -5.75188 40.0000 22.80 2.7987 3.2313 1.366212 
907.1008 38.820 22.774 0.78882 0.33117 -0.008 0.18747 40.0000 22.67 1.1559 1.5099 1.366818 
906.6984 8.809 41.035 0.67668 0.58897 -0.014 2.82491 40.0000 22.72 2.4645 2.6535 1.367425 
906.2960 7.288 55.806 0.65229 0.96002 -0.050 4.46359 40.0000 22.64 3.8589 4.0896 1.368032 
905.8935 8.486 65.655 0.72360 1.59925 -0.643 5.75119 40.0000 22.94 4.5643 4.8537 1.368640 
905.4909 6.037 53.630 0.74932 1.01745 0.010 5.90774 40.0000 22.73 4.6018 4.8583 1.369248 
905.0883 5.241 46.528 0.67547 0.71249 1.141 5.30619 40.0000 22.78 4.3628 4.5943 1.369857 
904.6855 4.457 35.034 0.54507 0.38215 1.439 4.24435 40.0000 23.57 3.5601 3.7519 1.370467 
904.2826 3.719 19.278 0.30915 0.10813 -0.018 2.50892 40.0000 23.20 2.3491 2.4966 1.371078 
903.8797 18.181 192.565 -0.71851 -0.16015 -0.005 0.99988 40.0000 23.66 1.3797 1.5847 1.371689 
903.4767 87.448 63.507 0.09734 0.19529 3.628 -2.44341 40.0000 23.48 1.9858 2.1252 1.372301 
903.0736 84.973 324.818 0.08674 -0.06115 0.265 -0.59854 40.0000 23.33 0.8194 1.1206 1.372913 
902.6704 83.857 299.447 0.10939 -0.19376 0.030 -1.02175 40.0000 23.53 1.0463 1.5809 1.373527 
902.2672 81.578 292.323 0.17392 -0.42359 0.244 -1.51240 40.0000 23.41 1.2317 1.9361 1.374140 
901.8638 80.261 287.095 0.22999 -0.74785 24.702 -2.21224 40.0000 23.51 1.3934 2.0852 1.374755 
901.4604 82.892 289.457 0.18844 -0.53339 -0.053 -2.23292 40.0000 23.38 1.4351 2.0239 1.375370 
901.0569 79.968 282.568 0.16048 -0.71987 -0.081 -2.01938 40.0000 23.55 1.3012 1.8226 1.375986 
900.6533 71.318 222.630 -0.81850 -0.75343 -2.056 -1.45694 40.0000 23.50 1.6060 2.4605 1.376603 
900.2496 71.752 29.326 0.52792 0.29657 -0.635 -0.81843 40.0000 23.65 0.7503 1.1426 1.377220 
899.8458 42.526 38.416 2.02018 1.60207 0.412 0.22320 40.0000 23.25 1.4900 2.2512 1.377838 
899.4420 47.208 23.497 5.06416 2.20164 0.472 -0.42654 40.0000 23.61 1.8345 3.0151 1.378457 
899.0380 45.499 22.307 9.35441 3.83784 -0.515 -0.17608 40.0000 23.89 2.1621 3.6022 1.379076 
898.6340 44.038 21.258 17.20517 6.69342 0.256 0.61987 40.0000 23.81 2.2626 3.7947 1.379696 
898.2299 43.389 12.618 34.85316 7.80190 -0.850 2.01029 40.0000 23.63 1.9333 3.5078 1.380317 
897.8257 44.368 25.781 9.97306 4.81719 -1.558 0.24444 40.0000 23.90 1.8341 3.0286 1.380938 
897.4214 46.502 45.406 2.55593 2.59241 0.295 -0.19108 40.0000 24.22 1.5637 2.2589 1.381560 
897.0171 54.673 74.006 0.41141 1.43530 0.053 -0.52424 40.0000 23.85 1.1319 1.3753 1.382183 
896.6127 58.528 133.240 -0.72358 0.76946 0.040 -0.53947 40.0000 23.85 1.1378 1.9006 1.382807 
896.2081 53.635 89.282 0.02197 1.75405 0.022 -0.54538 40.0000 23.72 1.3377 1.5004 1.383431 
895.8035 49.551 80.204 0.24207 1.40207 0.052 -0.22795 40.0000 23.67 1.2365 1.5139 1.384056 
895.3989 45.483 71.904 0.33404 1.02223 0.023 -0.01814 40.0000 23.76 1.0143 1.6908 1.384681 
894.9941 39.265 60.152 0.39808 0.69373 41.035 0.16230 40.0000 24.24 0.8868 1.8926 1.385307 
894.5892 29.250 32.892 0.41839 0.27058 2.182 0.30532 40.0000 24.45 0.7920 1.9789 1.385934 
894.1843 25.010 328.792 0.38933 -0.23586 0.000 0.38168 40.0000 24.00 0.8973 1.9819 1.386562 
893.7792 20.834 8.992 0.37001 0.05855 0.003 0.42094 40.0000 24.10 0.7839 2.0965 1.387190 
893.3741 18.450 357.219 0.37063 -0.01800 3.267 0.49422 40.0000 23.95 0.7109 1.7308 1.387819 
892.9689 19.661 327.854 0.38700 -0.24320 -10.754 0.55801 40.0000 24.25 0.6211 1.2014 1.388449 
892.5637 58.400 276.207 0.02370 -0.21797 -1.345 -0.11075 40.0000 24.19 0.5474 0.7130 1.389079 
892.1583 69.919 214.471 -0.28729 -0.19723 0.576 -0.41293 40.0000 24.69 0.6689 0.9540 1.389711 
891.7528 12.453 20.689 0.17485 0.06603 1.228 0.40255 40.0000 24.27 0.6782 0.9780 1.390343 
891.3473 17.870 40.192 0.21539 0.18196 -0.702 0.39181 40.0000 24.65 0.7146 1.2850 1.390975 
890.9417 24.722 50.975 0.23180 0.28600 1.541 0.31505 40.0000 24.34 0.7462 1.4588 1.391608 
890.5359 28.027 52.849 0.21719 0.28664 0.000 0.24209 40.0000 24.42 0.7244 1.4614 1.392242 
890.1302 29.737 52.984 0.17628 0.23379 0.016 0.17266 40.0000 24.70 0.6556 1.3741 1.392877 
889.7243 48.697 200.722 -0.32124 -0.12153 0.000 -0.04457 40.0000 24.21 0.6085 1.3294 1.393512 
889.3184 30.097 26.030 0.23012 0.11238 0.000 0.14671 40.0000 24.53 0.5638 0.8147 1.394148 
888.9123 37.749 26.184 0.55663 0.27371 2.341 0.16045 40.0000 24.40 0.6650 0.7854 1.394785 
888.5062 48.650 38.359 0.55577 0.43985 -2.841 -0.09080 40.0000 25.04 0.7820 1.2337 1.395423 
888.1000 38.979 39.431 0.67731 0.55696 -101.486 0.18705 40.0000 24.70 0.9969 1.2788 1.396061 
887.6937 40.527 42.601 0.70059 0.64423 2.733 0.14981 40.0000 24.90 1.0754 1.3880 1.396700 
887.2873 42.193 42.926 0.67530 0.62810 -258.652 0.09064 40.0000 25.30 1.0473 1.3473 1.397340 
886.8808 46.881 45.822 0.60221 0.61973 3.343 -0.05682 40.0000 24.86 0.9852 1.2076 1.397980 
886.4743 47.312 46.532 0.43480 0.45870 3.816 -0.05112 40.0000 25.06 0.7239 0.8782 1.398621 
886.0676 56.704 61.900 0.16383 0.30683 3.811 -0.15058 40.0000 24.75 0.5587 0.6119 1.399263 
885.6609 67.635 175.619 -0.35277 0.02702 1.999 -0.35716 40.0000 24.73 0.5793 0.7257 1.399906 
885.2541 57.569 67.746 0.11823 0.28893 0.093 -0.14649 40.0000 24.99 0.5424 0.6119 1.400549 
884.8472 57.053 69.074 0.10934 0.28595 0.017 -0.13699 40.0000 24.95 0.5345 0.6030 1.401193 
884.4402 1.514 19.749 0.79464 0.28530 92.750 15.95575 40.0000 25.16 9.3355 45.3119 1.401838 
884.0332 76.646 73.520 0.12380 0.41848 2.479 -0.86738 40.0000 25.24 0.7894 2.3422 1.402483 
883.6260 88.586 120.030 -0.23710 0.41017 0.000 -9.59158 40.0000 25.01 5.9853 28.1931 1.403130 
883.2188 88.716 133.975 -0.48464 0.50231 0.000 -15.56416 40.0000 25.40 8.8370 41.8985 1.403777 
882.8115 54.058 353.255 1.05852 -0.12520 0.000 -0.34874 40.0000 25.09 75.7789 144.5777 1.404424 
882.4041 72.844 353.191 0.95803 -0.11440 0.073 -1.41373 40.0000 25.42 22.0011 61.7121 1.405073 
881.9966 63.051 353.354 1.02076 -0.11893 0.061 -0.74943 40.0000 25.43 92.8156 174.6029 1.405722 
881.5890 61.767 353.347 1.02710 -0.11981 0.060 -0.68534 40.0000 25.51 144.7252 266.1776 1.406372 
881.1813 61.339 353.342 1.02968 -0.12020 0.041 -0.66499 40.0000 25.29 175.9737 321.8381 1.407023 
880.7736 61.220 353.306 1.03046 -0.12093 0.237 -0.65945 40.0000 25.50 186.4093 340.6834 1.407674 
880.3658 61.341 353.315 1.03000 -0.12072 0.000 -0.66530 40.0000 25.34 175.8520 322.1565 1.408326 
879.9579 61.763 352.973 1.03241 -0.12726 -0.047 -0.68916 40.0000 25.49 144.6290 266.8528 1.408979 
879.5499 63.095 353.554 1.01829 -0.11504 0.041 -0.74973 40.0000 25.35 92.5859 175.1765 1.409632 
879.1418 73.418 357.941 0.90102 -0.03240 0.255 -1.37973 40.0000 25.51 21.7578 63.5420 1.410287 
878.7336 53.970 351.866 1.08666 -0.15532 -0.009 -0.35540 40.0000 25.50 76.1743 145.8843 1.410942 
878.3253 82.223 124.069 -1.07604 1.59117 -1.181 -6.90143 40.0000 25.87 8.7289 40.6145 1.411598 
877.9170 75.556 119.856 -0.86101 1.50000 3.384 -3.13451 40.0000 25.53 5.0147 21.2292 1.412254 
877.5085 14.072 111.613 -0.54247 1.36922 238.380 2.75325 40.0000 25.98 4.2945 16.9552 1.412912 
877.1000 42.502 116.959 -0.59371 1.16731 4.412 0.11447 40.0000 26.13 2.0010 2.3594 1.413570 
876.6915 42.987 120.160 -0.47699 0.82087 2.719 0.06682 40.0000 26.09 1.3101 1.5267 1.414228 
876.2828 59.428 125.539 -0.21379 0.29929 -0.077 -0.20268 40.0000 25.90 0.6373 0.8198 1.414888 
875.8740 55.610 317.732 1.62290 -1.47505 0.405 -0.85156 40.0000 26.64 1.2140 1.6253 1.415548 
875.4651 51.431 31.369 0.27805 0.16951 0.060 -0.07436 40.0000 26.41 0.5613 0.6647 1.416209 
875.0562 47.608 44.819 0.18234 0.18119 0.163 -0.02347 40.0000 26.26 0.5300 0.5696 1.416871 
874.6472 42.987 81.078 0.05344 0.34040 6.221 0.02425 40.0000 25.90 0.5410 0.6258 1.417534 
874.2380 52.656 83.123 0.03811 0.31595 0.000 -0.08713 40.0000 26.23 0.5353 0.7316 1.418197 
873.8289 54.188 86.696 0.02448 0.42406 2.067 -0.14111 40.0000 25.89 0.5490 0.8119 1.418861 
873.4196 61.376 84.437 0.04783 0.49111 2.316 -0.31742 40.0000 26.79 0.5929 0.8679 1.419526 
873.0102 56.840 83.730 0.05392 0.49073 0.710 -0.21649 40.0000 26.32 0.5806 0.8355 1.420192 
872.6007 55.320 83.615 0.05108 0.45645 -0.097 -0.17300 40.0000 26.02 0.5652 0.7556 1.420858 
872.1912 54.688 73.168 0.16748 0.55362 -0.163 -0.20342 40.0000 26.70 0.6292 0.7673 1.421525 
871.7816 52.778 72.452 0.13197 0.41733 -0.078 -0.12185 40.0000 25.89 0.5903 0.6119 1.422193 
871.3718 55.523 63.475 0.16070 0.32197 3.013 -0.13847 40.0000 26.96 0.6036 0.7155 1.422862 
870.9620 77.392 87.641 0.00478 0.11606 -0.141 -0.24668 40.0000 26.58 0.5414 0.5855 1.423532 
870.5521 81.321 203.488 -0.09056 -0.03935 2.804 -0.31591 40.0000 26.81 0.5418 0.6012 1.424202 
870.1422 79.898 198.284 -0.09416 -0.03111 2.465 -0.26946 40.0000 26.90 0.5350 0.6014 1.424873 
869.7321 78.059 101.967 -0.02458 0.11595 0.038 -0.26770 40.0000 26.68 0.5462 0.6067 1.425545 
869.3219 71.891 78.935 0.04800 0.24547 1.901 -0.34152 40.0000 26.94 0.6044 0.6538 1.426217 
868.9117 63.341 71.275 0.12753 0.37622 2.658 -0.29590 40.0000 26.93 0.6303 0.6638 1.426891 
868.5013 59.084 67.267 0.20343 0.48553 -0.016 -0.28190 40.0000 27.19 0.6975 0.7161 1.427565 
868.0909 56.422 65.281 0.27495 0.59727 1.773 -0.27699 40.0000 27.10 0.8109 0.8340 1.428240 
867.6805 56.472 65.988 0.25391 0.56998 -0.035 -0.26415 40.0000 27.11 0.7917 0.8045 1.428915 
867.2699 57.765 65.755 0.22109 0.49090 2.303 -0.25714 40.0000 27.26 0.7031 0.7156 1.429592 
866.8592 57.514 65.191 0.21696 0.46935 2.389 -0.24142 40.0000 27.46 0.6703 0.6779 1.430269 
866.4485 54.680 63.100 0.22249 0.43854 -0.279 -0.17279 40.0000 26.96 0.6238 0.6297 1.430947 
866.0376 54.668 59.198 0.28809 0.48324 1.534 -0.19741 40.0000 27.11 0.6410 0.6466 1.431626 
865.6267 50.188 63.288 0.26120 0.51905 1.762 -0.10639 40.0000 28.00 0.6344 0.6410 1.432306 
865.2157 50.164 66.035 0.21808 0.49062 -0.015 -0.09785 40.0000 27.31 0.6167 0.6334 1.432986 
864.8046 50.674 68.732 0.19859 0.51021 1.801 -0.10987 40.0000 27.34 0.6302 0.6563 1.433667 
864.3934 50.598 70.808 0.17293 0.49681 1.660 -0.10412 40.0000 27.73 0.6313 0.6730 1.434349 
863.9821 51.094 74.498 0.15539 0.56025 2.388 -0.12557 40.0000 27.37 0.6631 0.7218 1.435032 
863.5707 49.516 73.053 0.15804 0.51865 -3.039 -0.08618 40.0000 27.61 0.6431 0.6955 1.435716 
863.1593 48.835 74.481 0.10629 0.38277 2.216 -0.05350 40.0000 28.05 0.5736 0.6229 1.436400 
862.7477 45.941 68.664 0.16942 0.43373 1.660 -0.01530 40.0000 28.21 0.5947 0.6267 1.437085 
862.3361 46.021 63.245 0.21646 0.42936 -0.007 -0.01715 40.0000 27.81 0.5984 0.6186 1.437771 
861.9244 50.377 59.112 0.25853 0.43217 1.778 -0.09565 40.0000 27.85 0.6198 0.6384 1.438458 
861.5126 47.414 62.530 0.23834 0.45844 -2.261 -0.04365 40.0000 28.20 0.6203 0.6358 1.439145 
861.1008 45.761 64.797 0.16916 0.35944 1.626 -0.01055 40.0000 27.99 0.5709 0.5809 1.439834 
860.6888 44.871 65.855 0.14803 0.33022 1.651 0.00163 40.0000 28.20 0.5573 0.5702 1.440523 
860.2767 46.356 64.466 0.16579 0.34706 1.686 -0.01822 40.0000 27.76 0.5591 0.5764 1.441213 
859.8646 46.872 65.747 0.15574 0.34569 -0.005 -0.02481 40.0000 28.23 0.5582 0.5803 1.441904 
859.4523 45.663 61.811 0.19048 0.35540 1.589 -0.00934 40.0000 28.42 0.5576 0.5758 1.442595 
859.0400 47.856 60.709 0.20827 0.37127 5.808 -0.04258 40.0000 28.41 0.5660 0.5797 1.443288 
858.6276 49.841 59.897 0.22794 0.39317 1.494 -0.07754 40.0000 28.79 0.5728 0.5834 1.443981 
858.2151 51.094 62.009 0.23438 0.44097 1.604 -0.10786 40.0000 28.88 0.5952 0.6021 1.444675 
857.8026 50.880 63.769 0.23435 0.47560 1.898 -0.11039 40.0000 28.38 0.6322 0.6368 1.445370 
857.3899 50.554 65.954 0.23571 0.52827 1.696 -0.11357 40.0000 28.61 0.6651 0.6688 1.446065 
856.9771 51.283 66.397 0.22963 0.52554 1.634 -0.12783 40.0000 27.99 0.6676 0.6717 1.446762 
856.5643 52.583 65.848 0.22380 0.49909 1.547 -0.14827 40.0000 28.54 0.6694 0.6735 1.447459 
856.1514 52.094 66.603 0.22219 0.51353 0.002 -0.14146 40.0000 28.88 0.6871 0.6919 1.448157 
855.7383 53.564 65.615 0.21799 0.48088 2.036 -0.16272 40.0000 29.10 0.6814 0.6884 1.448856 
855.3253 54.093 65.982 0.22560 0.50628 1.830 -0.18209 40.0000 28.97 0.7063 0.7165 1.449556 
854.9120 53.146 64.769 0.24909 0.52859 2.702 -0.17078 40.0000 28.44 0.7176 0.7262 1.450257 
854.4988 53.438 62.515 0.26615 0.51158 1.848 -0.17493 40.0000 28.72 0.6847 0.6943 1.450958 
854.0854 53.096 64.229 0.25465 0.52745 2.059 -0.17008 40.0000 28.74 0.6874 0.6973 1.451660 
853.6719 51.516 64.498 0.26786 0.56152 2.004 -0.14401 40.0000 29.31 0.7036 0.7125 1.452364 
853.2584 50.516 63.845 0.27783 0.56576 1.707 -0.12288 40.0000 29.24 0.6913 0.6965 1.453067 
852.8448 49.764 63.709 0.27223 0.55102 1.471 -0.10316 40.0000 29.14 0.6838 0.6887 1.453772 
852.4311 50.839 62.960 0.25927 0.50797 1.953 -0.11788 40.0000 28.86 0.6693 0.6748 1.454478 
852.0173 51.171 63.020 0.27168 0.53367 1.589 -0.13103 40.0000 28.97 0.6952 0.7000 1.455184 
851.6034 52.820 62.724 0.25486 0.49429 1.571 -0.15569 40.0000 28.87 0.6784 0.6854 1.455891 
851.1894 53.057 63.463 0.25539 0.51140 1.531 -0.16514 40.0000 28.82 0.6810 0.6891 1.456599 
850.7753 51.438 63.508 0.28085 0.56348 1.955 -0.14391 40.0000 28.79 0.6980 0.7039 1.457308 
850.3612 50.822 62.118 0.27599 0.52164 2.227 -0.12162 40.0000 28.87 0.6619 0.6693 1.458018 
849.9470 50.722 61.807 0.29014 0.54127 1.443 -0.12433 40.0000 28.91 0.6740 0.6805 1.458728 
849.5326 50.563 62.286 0.30486 0.58032 2.135 -0.12892 40.0000 29.01 0.7049 0.7102 1.459440 
849.1182 50.323 62.863 0.30924 0.60335 1.486 -0.12745 40.0000 29.44 0.7198 0.7241 1.460152 
848.7037 49.767 62.845 0.31177 0.60782 1.534 -0.11472 40.0000 29.27 0.7182 0.7218 1.460865 
848.2891 49.425 63.160 0.30895 0.61055 1.685 -0.10655 40.0000 29.15 0.7155 0.7187 1.461579 
847.8744 49.148 62.505 0.30958 0.59482 1.591 -0.09778 40.0000 29.75 0.7052 0.7080 1.462294 
847.4597 48.582 62.554 0.31354 0.60368 1.561 -0.08551 40.0000 29.58 0.7088 0.7111 1.463010 
847.0448 48.747 62.291 0.31507 0.59989 1.472 -0.08913 40.0000 29.88 0.7065 0.7086 1.463726 
846.6298 48.325 62.301 0.31599 0.60190 1.518 -0.07925 40.0000 30.33 0.7045 0.7067 1.464444 
846.2148 47.522 61.912 0.32395 0.60701 1.372 -0.06072 40.0000 29.57 0.7063 0.7084 1.465162 
845.7997 48.186 61.571 0.33128 0.61194 1.507 -0.07772 40.0000 29.92 0.7072 0.7094 1.465881 
845.3845 48.392 61.576 0.33516 0.61924 1.441 -0.08376 40.0000 29.79 0.7134 0.7156 1.466601 
844.9692 48.003 61.461 0.33713 0.61991 1.518 -0.07424 40.0000 29.81 0.7140 0.7164 1.467322 
844.5538 48.246 61.417 0.34378 0.63099 1.686 -0.08178 40.0000 29.60 0.7214 0.7239 1.468044 
844.1383 48.127 61.247 0.34813 0.63448 1.354 -0.07932 40.0000 29.73 0.7221 0.7248 1.468766 
843.7227 47.130 61.406 0.34774 0.63797 1.504 -0.05412 40.0000 30.34 0.7248 0.7277 1.469490 
843.3071 46.534 61.280 0.35571 0.64918 1.221 -0.03968 40.0000 30.11 0.7227 0.7256 1.470214 
842.8914 45.910 61.195 0.36039 0.65542 1.540 -0.02376 40.0000 30.32 0.7238 0.7268 1.470939 
842.4755 45.898 61.239 0.35732 0.65101 1.446 -0.02329 40.0000 30.40 0.7329 0.7361 1.471665 
842.0596 45.533 61.005 0.35814 0.64622 1.458 -0.01376 40.0000 30.40 0.7375 0.7403 1.472392 
841.6436 45.498 61.028 0.35969 0.64963 1.392 -0.01290 40.0000 30.35 0.7415 0.7444 1.473120 
841.2275 45.739 60.713 0.36584 0.65227 1.289 -0.01929 40.0000 30.58 0.7428 0.7458 1.473849 
840.8113 46.229 60.475 0.36931 0.65210 1.288 -0.03217 40.0000 30.75 0.7447 0.7478 1.474578 
840.3951 46.647 60.791 0.36819 0.65856 1.320 -0.04343 40.0000 30.48 0.7565 0.7597 1.475308 
839.9787 46.563 61.058 0.36715 0.66394 1.407 -0.04144 40.0000 30.56 0.7626 0.7659 1.476040 
839.5623 45.952 61.000 0.37071 0.66878 1.432 -0.02542 40.0000 30.90 0.7626 0.7660 1.476772 
839.1457 46.352 60.821 0.37139 0.66508 1.675 -0.03598 40.0000 30.65 0.7676 0.7712 1.477505 
838.7291 46.346 60.819 0.37479 0.67114 1.423 -0.03615 40.0000 30.78 0.7701 0.7736 1.478239 
838.3124 46.515 60.707 0.37700 0.67199 1.363 -0.04080 40.0000 31.11 0.7702 0.7733 1.478974 
837.8956 46.963 60.613 0.37833 0.67178 1.394 -0.05290 40.0000 31.34 0.7724 0.7755 1.479709 
837.4787 46.999 60.540 0.38380 0.67949 1.452 -0.05454 40.0000 31.35 0.7715 0.7747 1.480446 
837.0617 46.688 60.413 0.38610 0.68002 1.797 -0.04612 40.0000 31.07 0.7716 0.7747 1.481183 
836.6447 46.324 60.260 0.39121 0.68473 1.482 -0.03648 40.0000 31.28 0.7714 0.7743 1.481922 
836.2275 46.144 60.082 0.39462 0.68575 1.426 -0.03160 40.0000 31.43 0.7712 0.7742 1.482661 
835.8102 46.053 59.924 0.39918 0.68927 1.388 -0.02928 40.0000 31.60 0.7721 0.7751 1.483401 
835.3929 46.032 59.857 0.39869 0.68657 1.380 -0.02862 40.0000 31.58 0.7761 0.7792 1.484142 
834.9755 46.069 59.747 0.40034 0.68640 1.323 -0.02966 40.0000 31.77 0.7777 0.7808 1.484884 
834.5579 45.797 59.641 0.40348 0.68884 1.330 -0.02222 40.0000 31.63 0.7780 0.7809 1.485627 
834.1403 45.765 59.658 0.40220 0.68711 1.420 -0.02126 40.0000 31.91 0.7781 0.7810 1.486371 
833.7227 45.660 59.616 0.40461 0.69009 1.259 -0.01844 40.0000 31.82 0.7787 0.7815 1.487115 
833.3049 45.579 59.482 0.40675 0.69004 1.372 -0.01618 40.0000 32.08 0.7786 0.7813 1.487861 
832.8870 45.422 59.343 0.41058 0.69267 1.308 -0.01187 40.0000 31.84 0.7789 0.7815 1.488608 
832.4691 45.521 59.352 0.40847 0.68938 1.398 -0.01456 40.0000 32.57 0.7787 0.7814 1.489355 
832.0510 45.387 59.334 0.41181 0.69448 1.463 -0.01090 40.0000 32.74 0.7806 0.7832 1.490103 
831.6329 45.363 59.321 0.41331 0.69666 1.406 -0.01027 40.0000 32.30 0.7814 0.7841 1.490852 
831.2146 45.490 59.178 0.41469 0.69504 1.261 -0.01386 40.0000 32.87 0.7825 0.7852 1.491603 
830.7963 45.415 59.035 0.41868 0.69777 1.435 -0.01180 40.0000 32.88 0.7841 0.7867 1.492354 
830.3779 45.433 58.867 0.42251 0.69948 1.305 -0.01235 40.0000 32.66 0.7868 0.7893 1.493106 
829.9594 45.428 58.789 0.42323 0.69855 1.317 -0.01220 40.0000 33.82 0.7892 0.7916 1.493858 
829.5408 45.380 58.675 0.42682 0.70132 1.344 -0.01089 40.0000 33.26 0.7913 0.7937 1.494612 
829.1221 45.446 58.686 0.42647 0.70102 1.284 -0.01276 40.0000 32.71 0.7926 0.7951 1.495367 
828.7034 45.457 58.628 0.42867 0.70305 1.370 -0.01313 40.0000 33.52 0.7940 0.7965 1.496123 
828.2845 45.437 58.669 0.42811 0.70327 1.447 -0.01255 40.0000 33.57 0.7941 0.7965 1.496879 
827.8656 45.403 58.578 0.43152 0.70633 1.317 -0.01165 40.0000 32.83 0.7959 0.7983 1.497637 
827.4465 45.421 58.562 0.43161 0.70603 1.362 -0.01215 40.0000 33.72 0.7970 0.7994 1.498395 
827.0275 45.421 58.468 0.43262 0.70509 1.363 -0.01215 40.0000 33.81 0.7984 0.8008 1.499154 
826.6082 45.364 58.436 0.43433 0.70697 1.301 -0.01054 40.0000 33.67 0.7992 0.8015 1.499915 
826.1889 45.310 58.372 0.43659 0.70888 1.411 -0.00900 40.0000 33.82 0.8019 0.8041 1.500676 
825.7695 45.295 58.328 0.43728 0.70880 1.412 -0.00857 40.0000 34.29 0.8033 0.8056 1.501438 
825.3500 45.283 58.277 0.43737 0.70753 1.446 -0.00823 40.0000 34.05 0.8045 0.8066 1.502201 
824.9305 45.271 58.258 0.43766 0.70748 1.319 -0.00787 40.0000 33.88 0.8056 0.8077 1.502965 
824.5108 45.264 58.206 0.43973 0.70939 1.273 -0.00769 40.0000 33.92 0.8070 0.8090 1.503730 
824.0911 45.166 58.135 0.44157 0.71037 1.322 -0.00484 40.0000 34.21 0.8083 0.8102 1.504496 
823.6713 45.092 58.093 0.44361 0.71249 1.372 -0.00269 40.0000 34.36 0.8098 0.8118 1.505263 
823.2513 45.057 58.077 0.44455 0.71356 1.355 -0.00168 40.0000 34.04 0.8115 0.8134 1.506031 
822.8313 45.033 58.058 0.44523 0.71412 1.367 -0.00098 40.0000 34.27 0.8118 0.8137 1.506800 
822.4112 44.965 58.056 0.44724 0.71728 1.389 0.00105 40.0000 34.35 0.8145 0.8164 1.507569 
821.9910 44.980 58.080 0.44762 0.71857 1.279 0.00060 40.0000 34.33 0.8167 0.8185 1.508340 
821.5707 44.947 58.059 0.44783 0.71832 1.309 0.00157 40.0000 34.58 0.8169 0.8187 1.509112 
821.1503 44.873 58.043 0.44899 0.71974 1.334 0.00376 40.0000 35.05 0.8176 0.8193 1.509884 
820.7299 44.776 58.007 0.45184 0.72329 1.379 0.00666 40.0000 35.13 0.8200 0.8217 1.510658 
820.3093 44.749 58.004 0.45301 0.72509 1.298 0.00748 40.0000 35.22 0.8222 0.8239 1.511432 
819.8886 44.846 57.983 0.45228 0.72332 1.275 0.00458 40.0000 34.82 0.8220 0.8238 1.512208 
819.4679 44.826 57.945 0.45356 0.72429 1.289 0.00519 40.0000 35.61 0.8231 0.8248 1.512984 
819.0471 44.797 57.940 0.45498 0.72642 1.344 0.00607 40.0000 35.25 0.8251 0.8268 1.513761 
818.6262 44.751 57.912 0.45675 0.72846 1.336 0.00746 40.0000 36.25 0.8266 0.8283 1.514540 
818.2051 44.736 57.861 0.45808 0.72915 1.343 0.00795 40.0000 35.68 0.8276 0.8292 1.515319 
817.7841 44.681 57.829 0.45971 0.73083 1.198 0.00963 40.0000 35.68 0.8283 0.8299 1.516099 
817.3629 44.631 57.831 0.46025 0.73174 1.256 0.01115 40.0000 35.67 0.8285 0.8300 1.516881 
816.9416 44.609 57.836 0.46150 0.73388 1.241 0.01185 40.0000 35.79 0.8307 0.8324 1.517663 
816.5202 44.513 57.810 0.46372 0.73666 1.283 0.01479 40.0000 35.96 0.8324 0.8341 1.518446 
816.0988 44.451 57.797 0.46538 0.73892 1.262 0.01674 40.0000 36.24 0.8339 0.8355 1.519230 
815.6772 44.408 57.732 0.46800 0.74122 1.294 0.01811 40.0000 36.22 0.8360 0.8375 1.520015 
815.2556 44.407 57.711 0.46831 0.74111 1.265 0.01816 40.0000 36.04 0.8365 0.8381 1.520801 
814.8338 44.376 57.700 0.46966 0.74293 1.215 0.01914 40.0000 36.01 0.8381 0.8396 1.521589 
814.4120 44.323 57.668 0.47166 0.74517 1.294 0.02083 40.0000 36.79 0.8400 0.8415 1.522377 
813.9901 44.252 57.687 0.47298 0.74781 1.256 0.02312 40.0000 36.78 0.8418 0.8433 1.523166 
813.5681 44.279 57.698 0.47295 0.74807 1.255 0.02229 40.0000 36.44 0.8432 0.8448 1.523956 
813.1460 44.250 57.646 0.47409 0.74839 1.217 0.02321 40.0000 36.76 0.8432 0.8448 1.524747 
812.7238 44.209 57.639 0.47482 0.74932 1.324 0.02451 40.0000 36.88 0.8437 0.8454 1.525539 
812.3015 44.153 57.596 0.47806 0.75318 1.290 0.02638 40.0000 37.24 0.8473 0.8490 1.526332 
811.8792 44.086 57.618 0.47769 0.75325 1.256 0.02848 40.0000 37.60 0.8467 0.8484 1.527126 
811.4567 44.074 57.602 0.47851 0.75405 1.237 0.02889 40.0000 37.64 0.8481 0.8499 1.527921 
811.0341 44.107 57.566 0.47860 0.75317 1.171 0.02783 40.0000 36.83 0.8482 0.8499 1.528717 
810.6115 44.040 57.616 0.47928 0.75570 1.251 0.03001 40.0000 37.10 0.8495 0.8512 1.529514 
810.1888 44.000 57.573 0.48068 0.75664 1.204 0.03132 40.0000 36.76 0.8497 0.8513 1.530312 
809.7659 44.013 57.502 0.48218 0.75694 1.189 0.03093 40.0000 37.35 0.8506 0.8522 1.531111 
809.3430 44.016 57.468 0.48309 0.75735 1.173 0.03088 40.0000 37.68 0.8512 0.8528 1.531912 
808.9200 44.012 57.386 0.48493 0.75784 1.247 0.03104 40.0000 37.39 0.8521 0.8537 1.532713 
808.4969 44.020 57.314 0.48615 0.75766 1.251 0.03080 40.0000 38.44 0.8526 0.8542 1.533515 
808.0737 44.064 57.267 0.48621 0.75639 1.273 0.02939 40.0000 38.00 0.8524 0.8540 1.534318 
807.6505 44.042 57.256 0.48699 0.75728 1.306 0.03013 40.0000 38.16 0.8534 0.8550 1.535122 
807.2271 44.015 57.226 0.48766 0.75746 1.224 0.03099 40.0000 38.14 0.8533 0.8549 1.535927 
806.8036 44.032 57.144 0.48917 0.75742 1.197 0.03049 40.0000 38.50 0.8539 0.8555 1.536733 
806.3801 44.060 57.098 0.48980 0.75707 1.220 0.02959 40.0000 38.09 0.8541 0.8555 1.537540 
805.9564 44.096 57.029 0.49073 0.75651 1.171 0.02847 40.0000 38.60 0.8547 0.8562 1.538349 
805.5327 44.118 56.972 0.49158 0.75614 1.195 0.02777 40.0000 38.52 0.8555 0.8570 1.539158 
805.1089 44.165 56.894 0.49245 0.75525 1.177 0.02630 40.0000 38.15 0.8559 0.8574 1.539968 
804.6850 44.155 56.863 0.49366 0.75622 1.211 0.02665 40.0000 38.63 0.8577 0.8593 1.540779 
804.2610 44.153 56.811 0.49440 0.75586 1.208 0.02671 40.0000 39.09 0.8575 0.8590 1.541591 
803.8369 44.158 56.771 0.49542 0.75625 1.183 0.02659 40.0000 38.81 0.8581 0.8596 1.542405 
803.4127 44.182 56.729 0.49621 0.75623 1.233 0.02583 40.0000 38.75 0.8592 0.8608 1.543219 
802.9884 44.186 56.701 0.49672 0.75621 1.271 0.02572 40.0000 38.99 0.8597 0.8613 1.544035 
802.5640 44.168 56.678 0.49786 0.75728 1.172 0.02631 40.0000 38.64 0.8610 0.8625 1.544851 
802.1396 44.158 56.636 0.49841 0.75692 1.214 0.02664 40.0000 39.57 0.8602 0.8618 1.545669 
801.7150 44.165 56.625 0.49853 0.75677 1.211 0.02642 40.0000 39.75 0.8605 0.8620 1.546487 
801.2903 44.203 56.566 0.49934 0.75630 1.207 0.02522 40.0000 39.77 0.8610 0.8625 1.547307 
800.8657 44.225 56.555 0.49900 0.75548 1.223 0.02451 40.0000 39.10 0.8609 0.8623 1.548127 
800.4408 44.225 56.501 0.49924 0.75430 1.232 0.02448 40.0000 38.74 0.8600 0.8615 1.548949 
800.0159 44.237 56.488 0.49947 0.75426 1.186 0.02411 40.0000 39.70 0.8603 0.8617 1.549772 
799.5909 44.235 56.428 0.50047 0.75407 1.169 0.02417 40.0000 39.40 0.8599 0.8614 1.550595 
799.1658 44.225 56.406 0.50136 0.75478 1.179 0.02452 40.0000 39.48 0.8608 0.8623 1.551420 
798.7406 44.218 56.342 0.50295 0.75534 1.216 0.02477 40.0000 39.95 0.8619 0.8633 1.552246 
798.3153 44.251 56.305 0.50367 0.75536 1.215 0.02376 40.0000 39.62 0.8629 0.8643 1.553073 
797.8899 44.263 56.236 0.50536 0.75592 1.204 0.02339 40.0000 40.21 0.8647 0.8661 1.553901 
797.4644 44.249 56.213 0.50613 0.75642 1.210 0.02387 40.0000 40.28 0.8653 0.8667 1.554730 
797.0389 44.242 56.146 0.50801 0.75733 1.223 0.02413 40.0000 40.23 0.8664 0.8679 1.555560 
796.6132 44.219 56.087 0.50974 0.75820 1.247 0.02490 40.0000 39.98 0.8674 0.8689 1.556391 
796.1875 44.229 56.040 0.51006 0.75732 1.192 0.02457 40.0000 40.53 0.8672 0.8687 1.557224 
795.7617 44.221 55.992 0.51140 0.75796 1.177 0.02486 40.0000 39.85 0.8676 0.8691 1.558057 
795.3357 44.254 55.931 0.51210 0.75726 1.205 0.02382 40.0000 40.24 0.8683 0.8699 1.558891 
794.9097 44.268 55.871 0.51334 0.75737 1.197 0.02338 40.0000 40.77 0.8695 0.8710 1.559727 
794.4836 44.298 55.785 0.51427 0.75631 1.200 0.02242 40.0000 40.55 0.8694 0.8710 1.560563 
794.0574 44.290 55.768 0.51493 0.75679 1.207 0.02270 40.0000 40.53 0.8704 0.8720 1.561401 
793.6310 44.262 55.722 0.51673 0.75813 1.160 0.02365 40.0000 40.85 0.8716 0.8732 1.562240 
793.2047 44.276 55.652 0.51792 0.75787 1.171 0.02321 40.0000 41.32 0.8722 0.8738 1.563079 
792.7782 44.272 55.613 0.51861 0.75777 1.197 0.02335 40.0000 40.59 0.8720 0.8737 1.563920 
792.3516 44.256 55.594 0.51942 0.75842 1.213 0.02389 40.0000 40.91 0.8724 0.8740 1.564762 
791.9249 44.236 55.566 0.51992 0.75834 1.140 0.02454 40.0000 40.18 0.8724 0.8740 1.565605 
791.4982 44.263 55.512 0.52089 0.75825 1.158 0.02366 40.0000 40.24 0.8730 0.8746 1.566449 
791.0714 44.260 55.483 0.52160 0.75844 1.139 0.02377 40.0000 41.17 0.8735 0.8751 1.567295 
790.6444 44.252 55.449 0.52245 0.75873 1.170 0.02405 40.0000 40.61 0.8741 0.8758 1.568141 
790.2173 44.280 55.413 0.52256 0.75785 1.179 0.02314 40.0000 40.84 0.8741 0.8758 1.568989 
789.7902 44.289 55.357 0.52370 0.75793 1.195 0.02287 40.0000 40.96 0.8744 0.8760 1.569837 
789.3630 44.287 55.331 0.52436 0.75816 1.158 0.02294 40.0000 40.54 0.8747 0.8763 1.570687 
788.9357 44.298 55.318 0.52475 0.75835 1.162 0.02261 40.0000 41.48 0.8754 0.8771 1.571537 
788.5083 44.296 55.274 0.52549 0.75817 1.133 0.02267 40.0000 41.30 0.8754 0.8771 1.572389 
788.0807 44.271 55.264 0.52601 0.75863 1.135 0.02351 40.0000 41.00 0.8758 0.8775 1.573242 
787.6532 44.252 55.227 0.52734 0.75953 1.151 0.02416 40.0000 41.31 0.8768 0.8785 1.574096 
787.2255 44.249 55.205 0.52744 0.75903 1.134 0.02423 40.0000 40.89 0.8763 0.8779 1.574951 
786.7977 44.240 55.132 0.52848 0.75845 1.136 0.02453 40.0000 41.67 0.8758 0.8774 1.575808 
786.3699 44.213 55.093 0.52982 0.75928 1.152 0.02546 40.0000 41.57 0.8765 0.8782 1.576665 
785.9419 44.213 55.065 0.53046 0.75942 1.133 0.02544 40.0000 41.66 0.8775 0.8791 1.577524 
785.5139 44.219 55.034 0.53100 0.75931 1.137 0.02528 40.0000 41.29 0.8779 0.8795 1.578383 
785.0857 44.203 54.982 0.53211 0.75944 1.154 0.02580 40.0000 42.14 0.8777 0.8793 1.579244 
784.6575 44.203 54.926 0.53315 0.75932 1.136 0.02581 40.0000 41.79 0.8780 0.8797 1.580106 
784.2291 44.199 54.913 0.53336 0.75925 1.152 0.02595 40.0000 42.24 0.8783 0.8799 1.580969 
783.8007 44.194 54.877 0.53392 0.75904 1.152 0.02613 40.0000 42.00 0.8781 0.8797 1.581833 
783.3722 44.195 54.844 0.53454 0.75900 1.131 0.02608 40.0000 41.93 0.8784 0.8799 1.582698 
782.9435 44.219 54.798 0.53533 0.75884 1.130 0.02534 40.0000 42.03 0.8789 0.8804 1.583565 
782.5148 44.204 54.778 0.53639 0.75977 1.098 0.02584 40.0000 42.25 0.8804 0.8820 1.584433 
782.0861 44.180 54.773 0.53678 0.76017 1.103 0.02665 40.0000 41.84 0.8809 0.8825 1.585301 
781.6572 44.156 54.762 0.53714 0.76036 1.126 0.02742 40.0000 41.48 0.8811 0.8827 1.586171 
781.2282 44.156 54.728 0.53776 0.76028 1.131 0.02744 40.0000 41.90 0.8813 0.8828 1.587042 
780.7991 44.155 54.718 0.53815 0.76058 1.134 0.02750 40.0000 42.04 0.8818 0.8834 1.587914 
780.3699 44.154 54.697 0.53872 0.76077 1.105 0.02755 40.0000 42.06 0.8825 0.8841 1.588788 
779.9407 44.165 54.678 0.53881 0.76037 1.143 0.02719 40.0000 42.21 0.8826 0.8842 1.589662 
779.5113 44.171 54.653 0.53903 0.75997 1.124 0.02698 40.0000 42.04 0.8826 0.8842 1.590537 
779.0818 44.208 54.602 0.53958 0.75933 1.180 0.02575 40.0000 42.14 0.8829 0.8845 1.591414 
778.6523 44.221 54.543 0.54086 0.75947 1.132 0.02536 40.0000 42.23 0.8835 0.8851 1.592292 
778.2227 44.229 54.492 0.54201 0.75964 1.108 0.02510 40.0000 42.54 0.8844 0.8860 1.593171 
777.7930 44.246 54.467 0.54225 0.75927 1.124 0.02456 40.0000 42.06 0.8850 0.8866 1.594051 
777.3632 44.260 54.439 0.54296 0.75950 1.125 0.02413 40.0000 42.13 0.8857 0.8873 1.594933 
776.9332 44.288 54.388 0.54336 0.75863 1.130 0.02319 40.0000 42.41 0.8861 0.8877 1.595815 
776.5032 44.302 54.343 0.54400 0.75826 1.107 0.02273 40.0000 42.84 0.8863 0.8879 1.596699 
776.0731 44.298 54.320 0.54462 0.75848 1.134 0.02288 40.0000 42.71 0.8867 0.8883 1.597584 
775.6429 44.299 54.259 0.54579 0.75839 1.145 0.02288 40.0000 42.08 0.8868 0.8884 1.598470 
775.2126 44.332 54.216 0.54588 0.75732 1.116 0.02178 40.0000 42.86 0.8867 0.8882 1.599357 
774.7822 44.352 54.173 0.54645 0.75692 1.134 0.02112 40.0000 43.08 0.8872 0.8887 1.600246 
774.3517 44.345 54.175 0.54656 0.75712 1.122 0.02136 40.0000 43.11 0.8874 0.8889 1.601135 
773.9212 44.340 54.135 0.54751 0.75732 1.111 0.02154 40.0000 42.91 0.8879 0.8894 1.602026 
773.4905 44.333 54.103 0.54818 0.75737 1.091 0.02177 40.0000 42.48 0.8883 0.8898 1.602918 
773.0598 44.330 54.074 0.54902 0.75771 1.087 0.02188 40.0000 43.64 0.8886 0.8901 1.603811 
772.6289 44.349 54.026 0.54970 0.75733 1.119 0.02127 40.0000 43.09 0.8892 0.8907 1.604706 
772.1980 44.372 53.974 0.55046 0.75691 1.109 0.02053 40.0000 42.75 0.8898 0.8912 1.605601 
771.7669 44.370 53.940 0.55089 0.75657 1.104 0.02058 40.0000 42.89 0.8899 0.8914 1.606498 
771.3358 44.378 53.907 0.55122 0.75610 1.085 0.02032 40.0000 43.31 0.8901 0.8916 1.607396 
770.9046 44.380 53.876 0.55183 0.75609 1.093 0.02026 40.0000 43.05 0.8907 0.8922 1.608295 
770.4733 44.380 53.851 0.55251 0.75633 1.102 0.02026 40.0000 42.95 0.8915 0.8929 1.609195 
770.0419 44.389 53.827 0.55298 0.75629 1.104 0.02000 40.0000 42.72 0.8920 0.8934 1.610097 
769.6104 44.400 53.799 0.55359 0.75635 1.102 0.01964 40.0000 43.43 0.8925 0.8939 1.610999 
769.1787 44.402 53.776 0.55417 0.75651 1.097 0.01958 40.0000 43.68 0.8927 0.8940 1.611904 
768.7471 44.409 53.756 0.55400 0.75573 1.104 0.01934 40.0000 43.52 0.8925 0.8939 1.612809 
768.3152 44.420 53.728 0.55485 0.75610 1.109 0.01899 40.0000 43.48 0.8936 0.8950 1.613715 
767.8834 44.428 53.674 0.55604 0.75624 1.087 0.01874 40.0000 43.74 0.8941 0.8955 1.614623 
767.4514 44.450 53.610 0.55701 0.75578 1.106 0.01802 40.0000 44.33 0.8946 0.8960 1.615531 
767.0193 44.467 53.569 0.55745 0.75526 1.092 0.01748 40.0000 43.98 0.8946 0.8960 1.616442 
766.5872 44.481 53.516 0.55837 0.75503 1.100 0.01703 40.0000 43.72 0.8950 0.8964 1.617353 
766.1549 44.494 53.459 0.55906 0.75441 1.081 0.01657 40.0000 43.97 0.8950 0.8964 1.618265 
765.7225 44.507 53.444 0.55921 0.75418 1.074 0.01615 40.0000 44.73 0.8950 0.8964 1.619179 
765.2901 44.523 53.419 0.55952 0.75392 1.088 0.01563 40.0000 44.50 0.8954 0.8967 1.620094 
764.8575 44.526 53.401 0.56016 0.75428 1.082 0.01556 40.0000 44.57 0.8959 0.8973 1.621010 
764.4249 44.516 53.359 0.56133 0.75472 1.094 0.01590 40.0000 44.53 0.8966 0.8979 1.621928 
763.9922 44.518 53.320 0.56228 0.75490 1.082 0.01583 40.0000 44.36 0.8972 0.8986 1.622846 
763.5593 44.539 53.272 0.56322 0.75484 1.100 0.01517 40.0000 44.93 0.8980 0.8993 1.623766 
763.1264 44.555 53.250 0.56347 0.75458 1.083 0.01464 40.0000 44.61 0.8981 0.8994 1.624687 
762.6934 44.541 53.199 0.56478 0.75494 1.105 0.01512 40.0000 45.15 0.8985 0.8999 1.625610 
762.2603 44.554 53.167 0.56497 0.75431 1.087 0.01469 40.0000 44.99 0.8983 0.8997 1.626533 
761.8271 44.550 53.128 0.56583 0.75437 1.074 0.01482 40.0000 45.55 0.8987 0.9001 1.627458 
761.3938 44.569 53.086 0.56612 0.75361 1.102 0.01418 40.0000 45.23 0.8985 0.8999 1.628385 
760.9604 44.597 53.023 0.56679 0.75278 1.088 0.01326 40.0000 44.90 0.8987 0.9001 1.629312 
760.5269 44.602 52.987 0.56761 0.75288 1.067 0.01309 40.0000 45.11 0.8992 0.9005 1.630241 
760.0933 44.618 52.937 0.56846 0.75264 1.092 0.01259 40.0000 45.60 0.9002 0.9015 1.631171 
759.6597 44.631 52.884 0.56949 0.75256 1.066 0.01216 40.0000 45.78 0.9010 0.9023 1.632102 
759.2259 44.648 52.856 0.56968 0.75204 1.090 0.01159 40.0000 45.29 0.9012 0.9025 1.633034 
758.7921 44.646 52.834 0.57022 0.75216 1.065 0.01165 40.0000 45.61 0.9015 0.9028 1.633968 
758.3581 44.665 52.780 0.57093 0.75162 1.075 0.01103 40.0000 45.67 0.9015 0.9028 1.634903 
757.9240 44.681 52.739 0.57103 0.75064 1.086 0.01051 40.0000 46.35 0.9009 0.9022 1.635839 
757.4899 44.693 52.703 0.57157 0.75037 1.075 0.01012 40.0000 46.39 0.9012 0.9024 1.636777 
757.0556 44.715 52.669 0.57173 0.74968 1.065 0.00938 40.0000 46.13 0.9010 0.9022 1.637716 
756.6213 44.732 52.631 0.57241 0.74951 1.076 0.00884 40.0000 45.92 0.9015 0.9028 1.638656 
756.1868 44.747 52.572 0.57328 0.74905 1.065 0.00832 40.0000 45.45 0.9016 0.9028 1.639597 
755.7523 44.739 52.558 0.57363 0.74914 1.067 0.00859 40.0000 45.52 0.9015 0.9027 1.640540 
755.3177 44.740 52.523 0.57438 0.74915 1.075 0.00856 40.0000 46.73 0.9019 0.9031 1.641484 
754.8830 44.759 52.498 0.57445 0.74858 1.091 0.00795 40.0000 46.14 0.9017 0.9029 1.642429 
754.4482 44.768 52.473 0.57459 0.74809 1.080 0.00765 40.0000 46.31 0.9016 0.9028 1.643376 
754.0132 44.773 52.451 0.57497 0.74799 1.089 0.00747 40.0000 47.24 0.9019 0.9031 1.644324 
753.5782 44.766 52.406 0.57601 0.74813 1.075 0.00773 40.0000 46.41 0.9021 0.9033 1.645273 
753.1431 44.772 52.360 0.57670 0.74778 1.069 0.00752 40.0000 47.10 0.9024 0.9036 1.646223 
752.7079 44.774 52.335 0.57701 0.74750 1.065 0.00746 40.0000 46.52 0.9023 0.9035 1.647175 
752.2726 44.785 52.295 0.57756 0.74714 1.065 0.00708 40.0000 47.63 0.9023 0.9035 1.648129 
751.8373 44.801 52.259 0.57763 0.74627 1.057 0.00654 40.0000 46.93 0.9019 0.9031 1.649083 
751.4018 44.817 52.195 0.57858 0.74577 1.062 0.00603 40.0000 47.26 0.9023 0.9035 1.650039 
750.9662 44.829 52.166 0.57893 0.74543 1.069 0.00565 40.0000 47.45 0.9029 0.9041 1.650996 
750.5306 44.843 52.136 0.57915 0.74491 1.064 0.00516 40.0000 47.17 0.9030 0.9042 1.651954 
750.0948 44.855 52.083 0.57974 0.74425 1.067 0.00477 40.0000 47.40 0.9028 0.9040 1.652914 
749.6589 44.851 52.048 0.58056 0.74436 1.083 0.00492 40.0000 47.37 0.9029 0.9041 1.653875 
749.2230 44.852 52.021 0.58090 0.74408 1.065 0.00488 40.0000 47.62 0.9029 0.9041 1.654837 
748.7869 44.855 51.992 0.58131 0.74384 1.065 0.00479 40.0000 48.03 0.9028 0.9040 1.655801 
748.3508 44.853 51.946 0.58236 0.74393 1.061 0.00486 40.0000 47.52 0.9032 0.9044 1.656766 
747.9146 44.841 51.930 0.58315 0.74452 1.068 0.00524 40.0000 47.70 0.9039 0.9051 1.657732 
747.4782 44.847 51.911 0.58337 0.74429 1.061 0.00505 40.0000 47.11 0.9041 0.9054 1.658700 
747.0417 44.849 51.874 0.58386 0.74393 1.062 0.00498 40.0000 47.64 0.9043 0.9055 1.659669 
746.6052 44.857 51.824 0.58437 0.74323 1.052 0.00472 40.0000 47.79 0.9041 0.9053 1.660639 
746.1686 44.866 51.770 0.58522 0.74287 1.052 0.00444 40.0000 48.37 0.9044 0.9057 1.661611 
745.7319 44.876 51.715 0.58619 0.74265 1.056 0.00409 40.0000 47.80 0.9047 0.9060 1.662584 
745.2950 44.878 51.678 0.58692 0.74259 1.062 0.00402 40.0000 47.96 0.9052 0.9064 1.663559 
744.8582 44.894 51.619 0.58773 0.74204 1.055 0.00349 40.0000 47.95 0.9053 0.9066 1.664534 
744.4211 44.892 51.587 0.58824 0.74183 1.058 0.00357 40.0000 47.79 0.9054 0.9066 1.665512 
743.9841 44.875 51.559 0.58920 0.74229 1.051 0.00414 40.0000 48.15 0.9059 0.9071 1.666490 
743.5468 44.892 51.509 0.58966 0.74155 1.063 0.00356 40.0000 47.92 0.9059 0.9071 1.667470 
743.1096 44.899 51.475 0.59008 0.74116 1.061 0.00334 40.0000 48.22 0.9061 0.9074 1.668451 
742.6722 44.901 51.458 0.59030 0.74100 1.053 0.00327 40.0000 47.88 0.9065 0.9078 1.669434 
742.2347 44.908 51.430 0.59043 0.74041 1.051 0.00306 40.0000 48.51 0.9062 0.9075 1.670418 
741.7971 44.905 51.386 0.59109 0.74008 1.060 0.00316 40.0000 48.67 0.9061 0.9073 1.671403 
741.3594 44.912 51.343 0.59139 0.73932 1.048 0.00292 40.0000 47.57 0.9059 0.9071 1.672390 
740.9216 44.900 51.325 0.59190 0.73948 1.057 0.00331 40.0000 48.91 0.9060 0.9072 1.673378 
740.4838 44.901 51.298 0.59225 0.73919 1.048 0.00328 40.0000 48.83 0.9060 0.9072 1.674367 
740.0458 44.903 51.285 0.59223 0.73884 1.046 0.00320 40.0000 49.10 0.9059 0.9071 1.675358 
739.6077 44.897 51.272 0.59238 0.73866 1.051 0.00340 40.0000 49.00 0.9059 0.9071 1.676351 
739.1696 44.889 51.240 0.59317 0.73880 1.042 0.00367 40.0000 48.68 0.9061 0.9074 1.677344 
738.7313 44.892 51.216 0.59341 0.73847 1.047 0.00356 40.0000 49.02 0.9062 0.9074 1.678339 
738.2930 44.891 51.178 0.59394 0.73814 1.046 0.00361 40.0000 49.36 0.9061 0.9074 1.679336 
737.8545 44.890 51.143 0.59436 0.73774 1.036 0.00364 40.0000 49.06 0.9061 0.9073 1.680334 
737.4160 44.892 51.111 0.59493 0.73761 1.044 0.00356 40.0000 49.10 0.9063 0.9076 1.681333 
736.9773 44.906 51.083 0.59481 0.73670 1.045 0.00312 40.0000 48.82 0.9062 0.9075 1.682334 
736.5386 44.909 51.057 0.59495 0.73621 1.043 0.00299 40.0000 48.83 0.9060 0.9073 1.683336 
736.0997 44.917 51.029 0.59512 0.73568 1.048 0.00274 40.0000 50.82 0.9060 0.9072 1.684340 
735.6608 44.922 51.002 0.59539 0.73531 1.053 0.00259 40.0000 49.56 0.9060 0.9072 1.685344 
735.2218 44.921 50.975 0.59580 0.73509 1.045 0.00260 40.0000 49.63 0.9060 0.9073 1.686351 
734.7827 44.925 50.962 0.59548 0.73437 1.036 0.00246 40.0000 49.48 0.9056 0.9068 1.687359 
734.3434 44.922 50.925 0.59602 0.73405 1.047 0.00256 40.0000 49.83 0.9055 0.9067 1.688368 
733.9041 44.924 50.881 0.59665 0.73367 1.048 0.00252 40.0000 50.09 0.9055 0.9067 1.689379 
733.4647 44.918 50.847 0.59693 0.73313 1.033 0.00272 40.0000 50.33 0.9052 0.9065 1.690391 
733.0252 44.920 50.823 0.59696 0.73256 1.034 0.00265 40.0000 50.03 0.9051 0.9064 1.691404 
732.5856 44.918 50.769 0.59802 0.73243 1.036 0.00269 40.0000 49.94 0.9054 0.9067 1.692419 
732.1459 44.919 50.740 0.59829 0.73202 1.034 0.00268 40.0000 49.82 0.9053 0.9065 1.693436 
731.7061 44.927 50.709 0.59812 0.73099 1.033 0.00240 40.0000 50.48 0.9048 0.9060 1.694453 
731.2662 44.919 50.690 0.59847 0.73093 1.042 0.00266 40.0000 50.18 0.9048 0.9061 1.695473 
730.8262 44.914 50.660 0.59886 0.73063 1.043 0.00285 40.0000 50.29 0.9048 0.9060 1.696494 
730.3861 44.916 50.650 0.59853 0.72997 1.038 0.00277 40.0000 50.58 0.9045 0.9057 1.697516 
729.9459 44.920 50.618 0.59878 0.72942 1.043 0.00265 40.0000 50.83 0.9043 0.9055 1.698539 
729.5057 44.927 50.588 0.59871 0.72858 1.047 0.00242 40.0000 50.03 0.9042 0.9054 1.699564 
729.0653 44.933 50.529 0.59945 0.72794 1.043 0.00219 40.0000 49.98 0.9044 0.9056 1.700591 
728.6248 44.926 50.503 0.59952 0.72737 1.029 0.00245 40.0000 49.86 0.9041 0.9053 1.701619 
728.1843 44.915 50.482 0.59972 0.72705 1.034 0.00281 40.0000 50.65 0.9040 0.9052 1.702648 
727.7436 44.914 50.460 0.59992 0.72673 1.027 0.00283 40.0000 49.97 0.9040 0.9052 1.703680 
727.3028 44.916 50.434 0.59990 0.72604 1.029 0.00278 40.0000 50.09 0.9039 0.9051 1.704712 
726.8619 44.916 50.384 0.60057 0.72556 1.034 0.00278 40.0000 50.25 0.9039 0.9051 1.705746 
726.4210 44.915 50.349 0.60067 0.72477 1.034 0.00278 40.0000 50.55 0.9036 0.9048 1.706781 
725.9799 44.914 50.307 0.60115 0.72426 1.034 0.00282 40.0000 50.14 0.9037 0.9049 1.707818 
725.5388 44.929 50.251 0.60144 0.72318 1.040 0.00234 40.0000 50.39 0.9035 0.9047 1.708857 
725.0975 44.942 50.195 0.60189 0.72229 1.039 0.00189 40.0000 50.55 0.9037 0.9049 1.709897 
724.6561 44.943 50.158 0.60222 0.72174 1.031 0.00186 40.0000 49.69 0.9038 0.9050 1.710938 
724.2147 44.941 50.130 0.60224 0.72104 1.032 0.00193 40.0000 50.42 0.9036 0.9048 1.711981 
723.7732 44.944 50.097 0.60246 0.72046 1.030 0.00183 40.0000 50.23 0.9034 0.9046 1.713025 
723.3315 44.946 50.069 0.60253 0.71982 1.022 0.00176 40.0000 49.75 0.9033 0.9045 1.714072 
722.8898 44.950 50.014 0.60304 0.71904 1.030 0.00165 40.0000 51.02 0.9033 0.9045 1.715119 
722.4479 44.956 49.974 0.60329 0.71832 1.028 0.00143 40.0000 50.83 0.9033 0.9045 1.716168 
722.0060 44.960 49.926 0.60366 0.71753 1.032 0.00130 40.0000 50.50 0.9032 0.9043 1.717218 
721.5640 44.971 49.864 0.60445 0.71691 1.021 0.00095 40.0000 49.97 0.9035 0.9047 1.718270 
721.1218 44.973 49.824 0.60484 0.71634 1.026 0.00088 40.0000 50.44 0.9036 0.9048 1.719324 
720.6796 44.975 49.789 0.60509 0.71574 1.029 0.00082 40.0000 50.97 0.9037 0.9048 1.720379 
720.2373 44.980 49.742 0.60544 0.71498 1.028 0.00065 40.0000 50.94 0.9037 0.9048 1.721435 
719.7949 44.979 49.718 0.60550 0.71445 1.023 0.00070 40.0000 50.78 0.9036 0.9048 1.722493 
719.3524 44.983 49.669 0.60612 0.71393 1.023 0.00057 40.0000 50.69 0.9040 0.9051 1.723553 
718.9097 44.985 49.623 0.60659 0.71333 1.029 0.00050 40.0000 50.86 0.9039 0.9050 1.724614 
718.4670 44.990 49.577 0.60680 0.71243 1.027 0.00033 40.0000 51.16 0.9040 0.9051 1.725677 
718.0242 45.000 49.515 0.60778 0.71199 1.026 0.00001 40.0000 51.21 0.9043 0.9055 1.726741 
717.5813 45.012 49.463 0.60809 0.71105 1.027 -0.00039 40.0000 51.17 0.9043 0.9054 1.727807 
717.1383 45.024 49.415 0.60845 0.71025 1.024 -0.00080 40.0000 50.59 0.9044 0.9055 1.728874 
716.6952 45.025 49.373 0.60905 0.70990 1.025 -0.00080 40.0000 50.92 0.9044 0.9056 1.729943 
716.2520 45.031 49.322 0.60964 0.70931 1.023 -0.00102 40.0000 51.37 0.9046 0.9057 1.731013 
715.8087 45.037 49.258 0.61040 0.70862 1.030 -0.00122 40.0000 51.53 0.9046 0.9058 1.732086 
715.3653 45.042 49.204 0.61105 0.70800 1.030 -0.00137 40.0000 51.67 0.9050 0.9061 1.733159 
714.9218 45.045 49.170 0.61129 0.70743 1.028 -0.00148 40.0000 51.32 0.9050 0.9061 1.734234 
714.4782 45.048 49.115 0.61198 0.70687 1.023 -0.00158 40.0000 51.51 0.9051 0.9062 1.735311 
714.0345 45.054 49.052 0.61289 0.70634 1.028 -0.00177 40.0000 51.57 0.9052 0.9063 1.736389 
713.5907 45.054 49.002 0.61358 0.70589 1.030 -0.00177 40.0000 51.49 0.9056 0.9067 1.737469 
713.1469 45.072 48.942 0.61380 0.70465 1.022 -0.00236 40.0000 50.68 0.9054 0.9065 1.738550 
712.7028 45.083 48.883 0.61428 0.70375 1.028 -0.00270 40.0000 51.42 0.9055 0.9066 1.739634 
712.2588 45.089 48.824 0.61510 0.70322 1.032 -0.00290 40.0000 52.07 0.9059 0.9070 1.740718 
711.8146 45.100 48.765 0.61573 0.70247 1.022 -0.00326 40.0000 51.47 0.9062 0.9073 1.741805 
711.3703 45.112 48.703 0.61635 0.70164 1.031 -0.00364 40.0000 51.84 0.9063 0.9074 1.742892 
710.9259 45.127 48.630 0.61714 0.70075 1.026 -0.00414 40.0000 51.20 0.9066 0.9076 1.743982 
710.4814 45.133 48.578 0.61769 0.70009 1.018 -0.00434 40.0000 51.28 0.9067 0.9078 1.745073 
710.0369 45.137 48.530 0.61844 0.69976 1.023 -0.00448 40.0000 51.43 0.9069 0.9080 1.746165 
709.5922 45.139 48.474 0.61928 0.69934 1.034 -0.00453 40.0000 51.30 0.9071 0.9082 1.747260 
709.1474 45.145 48.426 0.61997 0.69894 1.029 -0.00472 40.0000 51.81 0.9076 0.9086 1.748356 
708.7026 45.149 48.376 0.62064 0.69844 1.027 -0.00485 40.0000 52.15 0.9077 0.9087 1.749453 
708.2576 45.153 48.330 0.62120 0.69795 1.026 -0.00500 40.0000 51.81 0.9079 0.9089 1.750552 
707.8125 45.158 48.281 0.62181 0.69744 1.030 -0.00515 40.0000 51.15 0.9081 0.9091 1.751653 
707.3674 45.178 48.216 0.62236 0.69647 1.029 -0.00581 40.0000 51.66 0.9082 0.9092 1.752755 
706.9221 45.184 48.159 0.62317 0.69597 1.029 -0.00601 40.0000 52.01 0.9084 0.9095 1.753859 
706.4767 45.198 48.096 0.62385 0.69519 1.032 -0.00645 40.0000 52.24 0.9087 0.9097 1.754965 
706.0313 45.205 48.030 0.62473 0.69456 1.031 -0.00670 40.0000 52.11 0.9086 0.9097 1.756072 
705.5857 45.217 47.975 0.62544 0.69402 1.025 -0.00707 40.0000 52.41 0.9090 0.9100 1.757181 
705.1401 45.224 47.921 0.62617 0.69349 1.024 -0.00730 40.0000 51.59 0.9092 0.9103 1.758292 
704.6943 45.229 47.873 0.62689 0.69313 1.029 -0.00747 40.0000 51.71 0.9095 0.9106 1.759404 
704.2484 45.238 47.816 0.62745 0.69237 1.029 -0.00777 40.0000 51.22 0.9095 0.9105 1.760518 
703.8025 45.244 47.767 0.62799 0.69177 1.036 -0.00795 40.0000 51.37 0.9095 0.9105 1.761633 
703.3564 45.246 47.692 0.62907 0.69114 1.032 -0.00804 40.0000 51.27 0.9095 0.9105 1.762751 
702.9103 45.251 47.646 0.62984 0.69088 1.027 -0.00820 40.0000 51.97 0.9099 0.9109 1.763869 
702.4641 45.260 47.582 0.63068 0.69024 1.034 -0.00849 40.0000 52.73 0.9101 0.9112 1.764990 
702.0177 45.263 47.523 0.63164 0.68987 1.030 -0.00860 40.0000 52.10 0.9103 0.9113 1.766112 
701.5712 45.272 47.467 0.63239 0.68933 1.027 -0.00887 40.0000 52.11 0.9105 0.9115 1.767236 
701.1247 45.274 47.417 0.63322 0.68904 1.037 -0.00896 40.0000 52.60 0.9107 0.9118 1.768361 
700.6780 45.281 47.372 0.63386 0.68863 1.036 -0.00918 40.0000 51.56 0.9110 0.9120 1.769489 
700.2313 45.281 47.323 0.63477 0.68844 1.039 -0.00920 40.0000 52.42 0.9113 0.9123 1.770618 
699.7844 45.281 47.271 0.63575 0.68826 1.039 -0.00920 40.0000 51.48 0.9116 0.9126 1.771748 
699.3375 45.285 47.223 0.63649 0.68791 1.030 -0.00932 40.0000 51.71 0.9118 0.9128 1.772881 
698.8904 45.290 47.167 0.63740 0.68753 1.033 -0.00949 40.0000 52.25 0.9120 0.9130 1.774015 
698.4433 45.301 47.114 0.63802 0.68694 1.034 -0.00984 40.0000 52.26 0.9123 0.9134 1.775150 
697.9961 45.301 47.048 0.63932 0.68675 1.038 -0.00986 40.0000 52.00 0.9128 0.9138 1.776288 
697.5488 45.314 46.990 0.63993 0.68600 1.041 -0.01028 40.0000 52.19 0.9131 0.9141 1.777427 
697.1013 45.317 46.938 0.64064 0.68551 1.045 -0.01039 40.0000 52.13 0.9131 0.9141 1.778568 
696.6537 45.323 46.893 0.64126 0.68510 1.044 -0.01059 40.0000 52.35 0.9133 0.9143 1.779711 
696.2061 45.328 46.842 0.64209 0.68476 1.039 -0.01074 40.0000 51.46 0.9135 0.9145 1.780855 
695.7584 45.337 46.797 0.64266 0.68429 1.045 -0.01104 40.0000 52.17 0.9138 0.9148 1.782001 
695.3105 45.347 46.742 0.64330 0.68364 1.044 -0.01136 40.0000 52.91 0.9139 0.9149 1.783149 
694.8626 45.354 46.690 0.64406 0.68322 1.042 -0.01161 40.0000 52.64 0.9143 0.9153 1.784298 
694.4146 45.361 46.642 0.64463 0.68268 1.041 -0.01182 40.0000 52.59 0.9145 0.9155 1.785449 
693.9664 45.366 46.597 0.64531 0.68232 1.044 -0.01201 40.0000 51.60 0.9147 0.9157 1.786602 
693.5182 45.369 46.546 0.64638 0.68222 1.044 -0.01212 40.0000 51.76 0.9153 0.9163 1.787757 
693.0699 45.377 46.501 0.64711 0.68193 1.050 -0.01238 40.0000 51.63 0.9156 0.9166 1.788913 
692.6215 45.377 46.456 0.64801 0.68181 1.047 -0.01239 40.0000 52.10 0.9159 0.9169 1.790071 
692.1729 45.383 46.409 0.64867 0.68138 1.048 -0.01257 40.0000 52.01 0.9160 0.9170 1.791231 
691.7243 45.389 46.359 0.64935 0.68092 1.043 -0.01276 40.0000 52.62 0.9162 0.9173 1.792393 
691.2756 45.402 46.307 0.65009 0.68044 1.043 -0.01320 40.0000 51.94 0.9165 0.9175 1.793557 
690.8267 45.409 46.257 0.65069 0.67988 1.053 -0.01343 40.0000 51.75 0.9166 0.9177 1.794722 
690.3778 45.416 46.201 0.65152 0.67944 1.049 -0.01365 40.0000 51.46 0.9169 0.9180 1.795889 
689.9288 45.419 46.156 0.65215 0.67901 1.059 -0.01378 40.0000 51.27 0.9172 0.9182 1.797058 
689.4797 45.428 46.102 0.65290 0.67851 1.056 -0.01406 40.0000 51.69 0.9175 0.9186 1.798228 
689.0304 45.440 46.055 0.65335 0.67786 1.053 -0.01447 40.0000 50.85 0.9177 0.9187 1.799401 
688.5811 45.450 46.007 0.65393 0.67733 1.046 -0.01478 40.0000 51.98 0.9180 0.9190 1.800575 
688.1317 45.457 45.958 0.65450 0.67677 1.049 -0.01503 40.0000 51.82 0.9181 0.9191 1.801751 
687.6821 45.465 45.912 0.65513 0.67631 1.051 -0.01528 40.0000 52.18 0.9183 0.9193 1.802929 
687.2325 45.474 45.859 0.65583 0.67579 1.058 -0.01557 40.0000 52.18 0.9186 0.9197 1.804108 
686.7828 45.480 45.811 0.65643 0.67528 1.064 -0.01579 40.0000 52.12 0.9187 0.9197 1.805290 
686.3329 45.487 45.765 0.65700 0.67479 1.060 -0.01601 40.0000 51.41 0.9189 0.9199 1.806473 
685.8830 45.494 45.722 0.65757 0.67436 1.058 -0.01626 40.0000 51.25 0.9191 0.9201 1.807658 
685.4330 45.507 45.677 0.65821 0.67394 1.056 -0.01668 40.0000 51.87 0.9194 0.9205 1.808845 
684.9828 45.517 45.633 0.65880 0.67352 1.063 -0.01700 40.0000 51.78 0.9197 0.9208 1.810034 
684.5327 45.523 45.591 0.65929 0.67304 1.058 -0.01720 40.0000 51.73 0.9197 0.9208 1.811224 
684.0823 45.534 45.546 0.65974 0.67244 1.066 -0.01758 40.0000 51.57 0.9198 0.9209 1.812416 
683.6319 45.542 45.502 0.66029 0.67197 1.071 -0.01783 40.0000 51.42 0.9199 0.9210 1.813610 
683.1813 45.548 45.463 0.66076 0.67153 1.070 -0.01801 40.0000 50.99 0.9199 0.9210 1.814807 
682.7307 45.560 45.408 0.66150 0.67098 1.069 -0.01843 40.0000 51.27 0.9202 0.9213 1.816004 
682.2800 45.573 45.366 0.66179 0.67030 1.066 -0.01883 40.0000 51.58 0.9203 0.9213 1.817204 
681.8292 45.587 45.317 0.66223 0.66960 1.068 -0.01929 40.0000 51.23 0.9206 0.9216 1.818405 
681.3782 45.596 45.270 0.66284 0.66911 1.073 -0.01961 40.0000 51.52 0.9207 0.9217 1.819609 
680.9272 45.602 45.228 0.66321 0.66850 1.077 -0.01978 40.0000 51.21 0.9208 0.9218 1.820814 
680.4761 45.616 45.180 0.66363 0.66781 1.077 -0.02024 40.0000 51.44 0.9208 0.9219 1.822021 
680.0248 45.626 45.137 0.66393 0.66710 1.082 -0.02056 40.0000 50.95 0.9208 0.9219 1.823230 
679.5735 45.636 45.089 0.66438 0.66646 1.078 -0.02089 40.0000 51.14 0.9211 0.9221 1.824441 
679.1221 45.650 45.049 0.66454 0.66567 1.077 -0.02134 40.0000 51.23 0.9211 0.9222 1.825654 
678.6705 45.664 45.004 0.66476 0.66486 1.084 -0.02179 40.0000 51.83 0.9212 0.9222 1.826869 
678.2189 45.672 44.962 0.66523 0.66433 1.084 -0.02206 40.0000 51.90 0.9212 0.9223 1.828085 
677.7672 45.680 44.911 0.66578 0.66371 1.083 -0.02232 40.0000 50.92 0.9213 0.9224 1.829303 
677.3154 45.694 44.867 0.66606 0.66297 1.088 -0.02275 40.0000 50.62 0.9214 0.9224 1.830524 
676.8634 45.703 44.817 0.66655 0.66231 1.093 -0.02306 40.0000 51.03 0.9216 0.9227 1.831746 
676.4114 45.714 44.775 0.66680 0.66158 1.096 -0.02340 40.0000 51.05 0.9215 0.9226 1.832970 
675.9592 45.721 44.727 0.66726 0.66093 1.095 -0.02363 40.0000 51.13 0.9216 0.9227 1.834196 
675.5070 45.728 44.682 0.66767 0.66030 1.095 -0.02388 40.0000 50.83 0.9217 0.9228 1.835424 
675.0547 45.737 44.645 0.66786 0.65964 1.100 -0.02416 40.0000 50.62 0.9217 0.9228 1.836654 
674.6022 45.747 44.602 0.66812 0.65891 1.103 -0.02447 40.0000 50.81 0.9216 0.9227 1.837886 
674.1497 45.756 44.559 0.66850 0.65829 1.103 -0.02476 40.0000 50.99 0.9216 0.9227 1.839120 
673.6971 45.763 44.514 0.66878 0.65754 1.106 -0.02498 40.0000 50.69 0.9216 0.9227 1.840355 
673.2443 45.768 44.472 0.66927 0.65705 1.106 -0.02514 40.0000 50.92 0.9218 0.9228 1.841593 
672.7915 45.777 44.424 0.66957 0.65623 1.109 -0.02545 40.0000 51.12 0.9219 0.9229 1.842832 
672.3386 45.786 44.383 0.66985 0.65557 1.113 -0.02574 40.0000 50.94 0.9220 0.9230 1.844074 
671.8855 45.796 44.334 0.67015 0.65474 1.111 -0.02604 40.0000 50.38 0.9219 0.9230 1.845317 
671.4324 45.806 44.289 0.67043 0.65398 1.117 -0.02635 40.0000 50.65 0.9221 0.9231 1.846563 
670.9791 45.816 44.238 0.67087 0.65326 1.116 -0.02667 40.0000 51.10 0.9221 0.9231 1.847810 
670.5258 45.826 44.189 0.67125 0.65252 1.127 -0.02700 40.0000 50.81 0.9221 0.9231 1.849059 
670.0723 45.832 44.143 0.67170 0.65191 1.125 -0.02720 40.0000 50.94 0.9222 0.9233 1.850311 
669.6188 45.840 44.104 0.67192 0.65122 1.123 -0.02745 40.0000 50.19 0.9223 0.9234 1.851564 
669.1651 45.846 44.066 0.67222 0.65066 1.132 -0.02762 40.0000 50.91 0.9223 0.9233 1.852819 
668.7114 45.855 44.026 0.67247 0.64999 1.133 -0.02792 40.0000 50.67 0.9224 0.9234 1.854076 
668.2575 45.858 43.985 0.67284 0.64941 1.133 -0.02802 40.0000 50.64 0.9223 0.9233 1.855336 
667.8035 45.863 43.939 0.67325 0.64877 1.134 -0.02819 40.0000 50.97 0.9223 0.9234 1.856597 
667.3495 45.870 43.893 0.67356 0.64803 1.141 -0.02839 40.0000 50.88 0.9223 0.9233 1.857860 
666.8953 45.873 43.853 0.67394 0.64748 1.148 -0.02849 40.0000 50.77 0.9224 0.9234 1.859125 
666.4411 45.879 43.805 0.67439 0.64684 1.143 -0.02867 40.0000 49.83 0.9224 0.9235 1.860392 
665.9868 45.882 43.766 0.67476 0.64631 1.141 -0.02877 40.0000 50.34 0.9226 0.9237 1.861661 
665.5323 45.885 43.715 0.67532 0.64569 1.150 -0.02887 40.0000 50.72 0.9226 0.9237 1.862933 
665.0777 45.888 43.673 0.67578 0.64518 1.150 -0.02899 40.0000 50.14 0.9227 0.9237 1.864206 
664.6230 45.892 43.633 0.67615 0.64464 1.151 -0.02909 40.0000 50.43 0.9229 0.9239 1.865482 
664.1683 45.896 43.594 0.67662 0.64420 1.155 -0.02924 40.0000 50.14 0.9230 0.9241 1.866759 
663.7134 45.900 43.560 0.67696 0.64377 1.158 -0.02934 40.0000 50.01 0.9232 0.9243 1.868038 
663.2584 45.904 43.515 0.67742 0.64319 1.159 -0.02948 40.0000 50.15 0.9232 0.9243 1.869319 
662.8034 45.908 43.474 0.67771 0.64253 1.162 -0.02963 40.0000 49.16 0.9232 0.9243 1.870603 
662.3482 45.911 43.431 0.67807 0.64191 1.169 -0.02969 40.0000 50.32 0.9233 0.9243 1.871888 
661.8929 45.915 43.385 0.67853 0.64132 1.175 -0.02981 40.0000 50.46 0.9234 0.9244 1.873176 
661.4376 45.919 43.341 0.67889 0.64068 1.171 -0.02995 40.0000 49.72 0.9235 0.9245 1.874465 
660.9821 45.919 43.301 0.67931 0.64018 1.174 -0.02997 40.0000 49.83 0.9235 0.9245 1.875757 
660.5265 45.922 43.262 0.67969 0.63965 1.183 -0.03004 40.0000 49.34 0.9235 0.9245 1.877051 
660.0708 45.924 43.222 0.68005 0.63910 1.184 -0.03011 40.0000 49.96 0.9235 0.9245 1.878347 
659.6151 45.928 43.181 0.68057 0.63868 1.184 -0.03023 40.0000 49.96 0.9237 0.9248 1.879644 
659.1592 45.931 43.143 0.68100 0.63823 1.188 -0.03034 40.0000 49.74 0.9239 0.9249 1.880945 
658.7032 45.931 43.102 0.68145 0.63774 1.183 -0.03033 40.0000 49.51 0.9240 0.9251 1.882247 
658.2471 45.930 43.059 0.68194 0.63724 1.197 -0.03032 40.0000 49.78 0.9242 0.9252 1.883551 
657.7909 45.929 43.019 0.68241 0.63678 1.197 -0.03027 40.0000 50.09 0.9244 0.9254 1.884857 
657.3346 45.928 42.979 0.68291 0.63634 1.205 -0.03023 40.0000 49.64 0.9244 0.9254 1.886166 
656.8782 45.928 42.940 0.68340 0.63594 1.209 -0.03026 40.0000 49.37 0.9244 0.9255 1.887476 
656.4218 45.932 42.899 0.68376 0.63536 1.211 -0.03038 40.0000 49.45 0.9245 0.9255 1.888788 
655.9651 45.936 42.857 0.68409 0.63473 1.220 -0.03049 40.0000 49.34 0.9245 0.9255 1.890103 
655.5084 45.941 42.808 0.68444 0.63397 1.215 -0.03065 40.0000 48.58 0.9247 0.9257 1.891420 
655.0516 45.949 42.760 0.68461 0.63307 1.229 -0.03090 40.0000 49.15 0.9248 0.9259 1.892739 
654.5947 45.944 42.716 0.68505 0.63251 1.231 -0.03075 40.0000 49.31 0.9249 0.9260 1.894060 
654.1377 45.942 42.675 0.68559 0.63208 1.231 -0.03067 40.0000 49.05 0.9250 0.9261 1.895384 
653.6806 45.939 42.632 0.68596 0.63148 1.238 -0.03058 40.0000 49.16 0.9250 0.9261 1.896709 
653.2234 45.942 42.585 0.68633 0.63079 1.241 -0.03066 40.0000 49.48 0.9251 0.9262 1.898037 
652.7661 45.941 42.547 0.68668 0.63027 1.238 -0.03063 40.0000 48.83 0.9253 0.9264 1.899366 
652.3087 45.944 42.503 0.68698 0.62958 1.248 -0.03073 40.0000 48.71 0.9254 0.9264 1.900698 
651.8511 45.946 42.462 0.68729 0.62894 1.253 -0.03076 40.0000 48.66 0.9254 0.9265 1.902032 
651.3936 45.941 42.421 0.68782 0.62852 1.265 -0.03062 40.0000 48.51 0.9257 0.9268 1.903368 
650.9358 45.940 42.384 0.68826 0.62812 1.267 -0.03059 40.0000 49.31 0.9259 0.9269 1.904707 
650.4780 45.942 42.347 0.68871 0.62770 1.267 -0.03066 40.0000 48.49 0.9262 0.9273 1.906047 
650.0201 45.944 42.311 0.68917 0.62733 1.269 -0.03073 40.0000 48.33 0.9265 0.9275 1.907390 
649.5620 45.949 42.265 0.68963 0.62674 1.268 -0.03088 40.0000 48.58 0.9266 0.9277 1.908735 
649.1039 45.955 42.222 0.68990 0.62605 1.278 -0.03105 40.0000 47.86 0.9269 0.9279 1.910082 
648.6457 45.958 42.173 0.69030 0.62533 1.287 -0.03116 40.0000 47.83 0.9272 0.9282 1.911432 
648.1873 45.965 42.129 0.69067 0.62470 1.295 -0.03137 40.0000 48.20 0.9274 0.9285 1.912783 
647.7289 45.962 42.080 0.69126 0.62417 1.303 -0.03130 40.0000 48.38 0.9276 0.9287 1.914137 
647.2703 45.966 42.035 0.69173 0.62359 1.300 -0.03141 40.0000 48.02 0.9278 0.9289 1.915493 
646.8117 45.966 41.984 0.69222 0.62292 1.304 -0.03140 40.0000 47.63 0.9280 0.9290 1.916851 
646.3530 45.970 41.939 0.69255 0.62225 1.301 -0.03152 40.0000 46.72 0.9281 0.9292 1.918212 
645.8941 45.972 41.895 0.69296 0.62165 1.318 -0.03158 40.0000 47.99 0.9283 0.9293 1.919575 
645.4351 45.976 41.849 0.69336 0.62100 1.325 -0.03173 40.0000 47.48 0.9285 0.9296 1.920940 
644.9761 45.981 41.805 0.69376 0.62040 1.330 -0.03188 40.0000 47.34 0.9288 0.9298 1.922307 
644.5169 45.983 41.750 0.69425 0.61965 1.331 -0.03195 40.0000 47.62 0.9291 0.9302 1.923676 
644.0577 45.985 41.697 0.69480 0.61897 1.331 -0.03201 40.0000 47.52 0.9293 0.9303 1.925048 
643.5983 45.986 41.646 0.69533 0.61834 1.340 -0.03203 40.0000 47.16 0.9295 0.9306 1.926422 
643.1389 45.991 41.602 0.69577 0.61777 1.350 -0.03219 40.0000 47.30 0.9298 0.9308 1.927798 
642.6793 45.988 41.557 0.69617 0.61716 1.359 -0.03208 40.0000 47.71 0.9299 0.9310 1.929177 
642.2196 45.988 41.506 0.69658 0.61640 1.356 -0.03211 40.0000 46.59 0.9302 0.9312 1.930558 
641.7598 45.993 41.456 0.69704 0.61574 1.363 -0.03224 40.0000 46.39 0.9303 0.9313 1.931941 
641.2999 45.994 41.401 0.69772 0.61513 1.367 -0.03229 40.0000 46.57 0.9306 0.9316 1.933326 
640.8400 45.998 41.351 0.69838 0.61464 1.369 -0.03243 40.0000 46.87 0.9308 0.9318 1.934714 
640.3799 45.997 41.303 0.69889 0.61404 1.381 -0.03238 40.0000 46.50 0.9309 0.9319 1.936104 
639.9197 45.998 41.246 0.69970 0.61353 1.396 -0.03242 40.0000 47.24 0.9312 0.9322 1.937496 
639.4594 45.997 41.194 0.70025 0.61290 1.400 -0.03239 40.0000 47.05 0.9313 0.9323 1.938891 
638.9990 45.999 41.146 0.70057 0.61213 1.397 -0.03247 40.0000 47.42 0.9315 0.9325 1.940288 
638.5385 45.997 41.096 0.70116 0.61158 1.414 -0.03239 40.0000 47.44 0.9317 0.9327 1.941687 
638.0779 45.995 41.051 0.70158 0.61096 1.412 -0.03234 40.0000 47.55 0.9318 0.9328 1.943089 
637.6172 45.997 40.997 0.70206 0.61023 1.407 -0.03238 40.0000 47.17 0.9319 0.9329 1.944493 
637.1564 45.999 40.949 0.70266 0.60971 1.416 -0.03247 40.0000 47.08 0.9324 0.9334 1.945899 
636.6954 45.998 40.900 0.70321 0.60915 1.427 -0.03243 40.0000 47.19 0.9325 0.9335 1.947308 
636.2344 46.002 40.838 0.70389 0.60840 1.432 -0.03255 40.0000 47.00 0.9327 0.9337 1.948719 
635.7733 46.006 40.787 0.70429 0.60764 1.434 -0.03269 40.0000 46.79 0.9328 0.9338 1.950132 
635.3121 46.005 40.738 0.70465 0.60692 1.442 -0.03265 40.0000 46.38 0.9328 0.9338 1.951548 
634.8508 46.002 40.683 0.70537 0.60635 1.447 -0.03254 40.0000 46.46 0.9332 0.9342 1.952966 
634.3893 46.005 40.629 0.70587 0.60562 1.459 -0.03263 40.0000 46.56 0.9332 0.9341 1.954387 
633.9278 46.000 40.577 0.70687 0.60537 1.466 -0.03251 40.0000 46.64 0.9333 0.9342 1.955809 
633.4662 46.005 40.525 0.70780 0.60505 1.477 -0.03267 40.0000 46.44 0.9336 0.9346 1.957235 
633.0044 46.007 40.477 0.70841 0.60455 1.480 -0.03274 40.0000 46.44 0.9337 0.9347 1.958662 
632.5425 46.010 40.431 0.70882 0.60392 1.484 -0.03286 40.0000 46.63 0.9336 0.9346 1.960093 
632.0806 46.011 40.386 0.70929 0.60336 1.491 -0.03286 40.0000 46.47 0.9339 0.9348 1.961525 
631.6186 46.011 40.343 0.70940 0.60253 1.490 -0.03286 40.0000 45.58 0.9335 0.9344 1.962960 
631.1564 46.012 40.306 0.70969 0.60198 1.513 -0.03289 40.0000 45.91 0.9337 0.9347 1.964397 
630.6942 46.015 40.245 0.70990 0.60086 1.504 -0.03298 40.0000 46.16 0.9341 0.9351 1.965837 
630.2318 46.005 40.188 0.71045 0.60013 1.525 -0.03264 40.0000 46.15 0.9349 0.9358 1.967279 
629.7693 45.991 40.141 0.71075 0.59937 1.528 -0.03219 40.0000 45.47 0.9353 0.9362 1.968724 
629.3068 45.982 40.086 0.71174 0.59905 1.532 -0.03190 40.0000 46.02 0.9357 0.9367 1.970171 
628.8441 45.978 40.040 0.71184 0.59816 1.536 -0.03175 40.0000 45.21 0.9357 0.9367 1.971620 
628.3813 45.979 39.992 0.71287 0.59801 1.539 -0.03183 40.0000 45.68 0.9360 0.9369 1.973073 
627.9184 45.977 39.943 0.71380 0.59774 1.550 -0.03176 40.0000 45.19 0.9367 0.9376 1.974527 
627.4554 45.977 39.913 0.71465 0.59781 1.555 -0.03178 40.0000 45.32 0.9367 0.9376 1.975984 
626.9923 45.971 39.864 0.71522 0.59724 1.567 -0.03159 40.0000 45.38 0.9364 0.9373 1.977444 
626.5291 45.976 39.817 0.71512 0.59616 1.565 -0.03172 40.0000 45.46 0.9355 0.9364 1.978905 
626.0658 45.958 39.774 0.71572 0.59576 1.569 -0.03114 40.0000 45.28 0.9361 0.9371 1.980370 
625.6024 45.959 39.725 0.71613 0.59506 1.583 -0.03118 40.0000 45.22 0.9365 0.9375 1.981837 
625.1389 45.963 39.709 0.71613 0.59474 1.596 -0.03130 40.0000 45.35 0.9369 0.9378 1.983306 
624.6753 46.006 39.682 0.71570 0.59381 1.600 -0.03265 40.0000 45.29 0.9359 0.9369 1.984778 
624.2115 46.003 39.661 0.71548 0.59317 1.604 -0.03255 40.0000 44.61 0.9364 0.9374 1.986253 
623.7477 45.993 39.627 0.71576 0.59269 1.595 -0.03223 40.0000 44.34 0.9376 0.9386 1.987730 
623.2838 45.968 39.594 0.71768 0.59360 1.600 -0.03150 40.0000 44.08 0.9392 0.9401 1.989209 
622.8198 45.940 39.545 0.71924 0.59384 1.622 -0.03060 40.0000 44.75 0.9408 0.9417 1.990691 
622.3557 45.879 39.415 0.72175 0.59318 1.634 -0.02868 40.0000 44.79 0.9430 0.9439 1.992176 
621.8914 45.849 39.297 0.72343 0.59205 1.642 -0.02771 40.0000 44.67 0.9445 0.9454 1.993663 
621.4271 45.816 39.163 0.72504 0.59054 1.639 -0.02664 40.0000 44.47 0.9450 0.9460 1.995153 
620.9626 45.805 39.015 0.72605 0.58825 1.624 -0.02626 40.0000 44.05 0.9450 0.9460 1.996645 
620.4980 45.819 38.889 0.72579 0.58540 1.651 -0.02666 40.0000 43.89 0.9436 0.9446 1.998140 
620.0334 45.828 38.750 0.72650 0.58309 1.644 -0.02692 40.0000 43.83 0.9439 0.9449 1.999637 
619.5687 45.873 38.605 0.72699 0.58045 1.671 -0.02837 40.0000 43.56 0.9438 0.9449 2.001137 
619.1038 45.894 38.486 0.72707 0.57804 1.660 -0.02901 40.0000 44.09 0.9443 0.9453 2.002640 
618.6388 45.900 38.365 0.72723 0.57568 1.670 -0.02916 40.0000 43.82 0.9450 0.9461 2.004145 
618.1737 45.917 38.240 0.72764 0.57341 1.676 -0.02968 40.0000 44.17 0.9457 0.9468 2.005653 
617.7086 45.946 38.113 0.72721 0.57047 1.686 -0.03053 40.0000 43.57 0.9462 0.9473 2.007163 
617.2433 45.973 37.997 0.72692 0.56788 1.669 -0.03135 40.0000 43.34 0.9463 0.9475 2.008676 
616.7779 45.995 37.885 0.72709 0.56572 1.682 -0.03200 40.0000 44.06 0.9469 0.9481 2.010192 
616.3124 46.020 37.790 0.72670 0.56348 1.705 -0.03276 40.0000 43.77 0.9468 0.9480 2.011710 
615.8468 46.034 37.696 0.72611 0.56112 1.673 -0.03314 40.0000 43.07 0.9468 0.9481 2.013231 
615.3810 46.068 37.589 0.72580 0.55872 1.684 -0.03416 40.0000 42.88 0.9472 0.9485 2.014755 
614.9153 46.095 37.495 0.72490 0.55613 1.690 -0.03494 40.0000 43.28 0.9472 0.9485 2.016281 
614.4493 46.125 37.401 0.72420 0.55371 1.679 -0.03581 40.0000 43.68 0.9473 0.9486 2.017810 
613.9833 46.156 37.320 0.72346 0.55153 1.713 -0.03674 40.0000 42.89 0.9471 0.9486 2.019341 
613.5172 46.183 37.236 0.72296 0.54946 1.677 -0.03752 40.0000 42.15 0.9474 0.9489 2.020875 
613.0510 46.220 37.156 0.72236 0.54743 1.685 -0.03863 40.0000 43.04 0.9474 0.9489 2.022412 
612.5847 46.257 37.085 0.72155 0.54541 1.699 -0.03971 40.0000 42.91 0.9474 0.9490 2.023952 
612.1182 46.293 37.011 0.72096 0.54350 1.677 -0.04079 40.0000 42.31 0.9473 0.9489 2.025494 
611.6517 46.334 36.936 0.72016 0.54142 1.735 -0.04198 40.0000 42.57 0.9472 0.9488 2.027039 
611.1850 46.368 36.873 0.71951 0.53969 1.781 -0.04300 40.0000 41.94 0.9469 0.9485 2.028587 
610.7183 46.402 36.811 0.71889 0.53800 1.707 -0.04398 40.0000 42.77 0.9464 0.9481 2.030137 
610.2514 46.441 36.742 0.71827 0.53620 1.718 -0.04512 40.0000 42.46 0.9461 0.9477 2.031690 
609.7844 46.478 36.678 0.71756 0.53443 1.691 -0.04621 40.0000 42.85 0.9456 0.9473 2.033246 
609.3173 46.517 36.625 0.71682 0.53284 1.672 -0.04735 40.0000 41.97 0.9454 0.9471 2.034805 
608.8502 46.558 36.575 0.71632 0.53151 1.680 -0.04855 40.0000 41.56 0.9449 0.9467 2.036366 
608.3829 46.601 36.535 0.71538 0.53003 1.695 -0.04982 40.0000 41.84 0.9443 0.9461 2.037930 
607.9155 46.639 36.490 0.71489 0.52879 1.628 -0.05093 40.0000 42.60 0.9438 0.9455 2.039497 
607.4480 46.683 36.450 0.71426 0.52755 1.614 -0.05222 40.0000 41.77 0.9433 0.9451 2.041067 
606.9804 46.721 36.415 0.71369 0.52646 1.618 -0.05333 40.0000 40.79 0.9426 0.9444 2.042639 
606.5127 46.758 36.377 0.71339 0.52552 1.692 -0.05443 40.0000 40.48 0.9420 0.9438 2.044214 
606.0449 46.792 36.351 0.71296 0.52471 1.675 -0.05544 40.0000 40.97 0.9413 0.9431 2.045792 
605.5770 46.828 36.329 0.71244 0.52389 1.662 -0.05651 40.0000 40.56 0.9406 0.9424 2.047373 
605.1089 46.865 36.302 0.71203 0.52308 1.670 -0.05761 40.0000 41.06 0.9400 0.9418 2.048957 
604.6408 46.902 36.270 0.71178 0.52228 1.681 -0.05870 40.0000 41.14 0.9395 0.9413 2.050543 
604.1726 46.938 36.245 0.71173 0.52177 1.676 -0.05980 40.0000 40.27 0.9389 0.9407 2.052132 
603.7042 46.973 36.231 0.71176 0.52153 1.545 -0.06086 40.0000 40.04 0.9383 0.9401 2.053724 
603.2358 47.006 36.215 0.71174 0.52120 1.645 -0.06188 40.0000 39.90 0.9378 0.9396 2.055319 
602.7673 47.038 36.204 0.71172 0.52098 1.539 -0.06284 40.0000 39.56 0.9371 0.9389 2.056916 
602.2986 47.064 36.196 0.71164 0.52077 1.592 -0.06363 40.0000 40.35 0.9364 0.9382 2.058517 
601.8298 47.100 36.184 0.71148 0.52043 1.545 -0.06472 40.0000 39.66 0.9359 0.9376 2.060121 
601.3610 47.129 36.180 0.71128 0.52019 1.557 -0.06560 40.0000 39.73 0.9351 0.9368 2.061726 
600.8920 47.158 36.175 0.71128 0.52010 1.578 -0.06651 40.0000 39.43 0.9345 0.9362 2.063336 
600.4229 47.183 36.171 0.71138 0.52010 1.610 -0.06729 40.0000 39.01 0.9337 0.9354 2.064948 
599.9537 47.211 36.168 0.71152 0.52014 1.670 -0.06817 40.0000 39.63 0.9330 0.9347 2.066563 
599.4844 47.237 36.163 0.71179 0.52024 1.662 -0.06900 40.0000 39.34 0.9323 0.9339 2.068181 
599.0150 47.263 36.173 0.71209 0.52065 1.617 -0.06983 40.0000 38.51 0.9316 0.9332 2.069801 
598.5455 47.287 36.166 0.71232 0.52069 1.591 -0.07060 40.0000 38.09 0.9307 0.9323 2.071425 
598.0759 47.312 36.166 0.71268 0.52094 1.666 -0.07140 40.0000 39.12 0.9302 0.9317 2.073051 
597.6062 47.333 36.174 0.71278 0.52118 1.621 -0.07206 40.0000 38.59 0.9294 0.9309 2.074680 
597.1364 47.348 36.182 0.71327 0.52170 1.596 -0.07260 40.0000 38.09 0.9289 0.9304 2.076313 
596.6664 47.366 36.184 0.71399 0.52225 1.573 -0.07322 40.0000 38.48 0.9283 0.9297 2.077948 
596.1964 47.385 36.197 0.71434 0.52277 1.556 -0.07388 40.0000 37.76 0.9274 0.9288 2.079586 
595.7263 47.398 36.207 0.71503 0.52345 1.605 -0.07434 40.0000 38.05 0.9269 0.9283 2.081227 
595.2560 47.411 36.220 0.71533 0.52394 1.590 -0.07479 40.0000 37.75 0.9266 0.9279 2.082872 
594.7857 47.417 36.232 0.71561 0.52437 1.590 -0.07502 40.0000 37.84 0.9259 0.9272 2.084519 
594.3152 47.425 36.242 0.71607 0.52489 1.580 -0.07533 40.0000 37.55 0.9254 0.9267 2.086169 
593.8447 47.428 36.246 0.71681 0.52551 1.584 -0.07550 40.0000 37.69 0.9253 0.9265 2.087822 
593.3740 47.431 36.247 0.71747 0.52600 1.564 -0.07566 40.0000 37.29 0.9247 0.9260 2.089478 
592.9032 47.430 36.248 0.71870 0.52693 1.567 -0.07578 40.0000 37.61 0.9251 0.9263 2.091137 
592.4323 47.425 36.241 0.71995 0.52772 1.551 -0.07576 40.0000 36.57 0.9248 0.9260 2.092799 
591.9613 47.415 36.246 0.72157 0.52900 1.541 -0.07560 40.0000 36.31 0.9246 0.9258 2.094464 
591.4902 47.419 36.249 0.72276 0.52993 1.531 -0.07585 40.0000 36.41 0.9241 0.9252 2.096133 
591.0190 47.422 36.243 0.72436 0.53100 1.516 -0.07612 40.0000 36.42 0.9238 0.9249 2.097804 
590.5477 47.427 36.241 0.72515 0.53152 1.508 -0.07634 40.0000 36.06 0.9235 0.9245 2.099478 
590.0763 47.419 36.231 0.72711 0.53277 1.497 -0.07631 40.0000 36.08 0.9236 0.9246 2.101155 
589.6048 47.404 36.224 0.72810 0.53336 1.499 -0.07592 40.0000 35.86 0.9236 0.9246 2.102836 
589.1331 47.395 36.209 0.72933 0.53397 1.468 -0.07576 40.0000 35.75 0.9232 0.9242 2.104519 
588.6614 47.381 36.170 0.73050 0.53406 1.464 -0.07540 40.0000 35.95 0.9235 0.9245 2.106206 
588.1896 47.369 36.144 0.73191 0.53457 1.458 -0.07511 40.0000 35.94 0.9243 0.9252 2.107895 
587.7176 47.346 36.112 0.73409 0.53554 1.442 -0.07458 40.0000 34.26 0.9258 0.9267 2.109588 
587.2455 47.343 36.065 0.73582 0.53589 1.417 -0.07462 40.0000 34.07 0.9261 0.9270 2.111284 
586.7734 47.323 36.010 0.73776 0.53621 1.418 -0.07411 40.0000 34.87 0.9266 0.9275 2.112983 
586.3011 47.296 35.912 0.74010 0.53598 1.411 -0.07340 40.0000 35.12 0.9272 0.9281 2.114685 
585.8287 47.223 35.816 0.74314 0.53629 1.417 -0.07124 40.0000 35.34 0.9294 0.9303 2.116390 
585.3563 47.192 35.689 0.74628 0.53605 1.383 -0.07044 40.0000 34.55 0.9304 0.9312 2.118098 
584.8837 47.168 35.550 0.74924 0.53541 1.369 -0.06982 40.0000 33.89 0.9307 0.9315 2.119809 
584.4109 47.162 35.384 0.75044 0.53299 1.361 -0.06961 40.0000 33.53 0.9306 0.9315 2.121524 
583.9382 47.165 35.217 0.75161 0.53053 1.353 -0.06967 40.0000 33.93 0.9304 0.9312 2.123242 
583.4652 47.213 35.114 0.75157 0.52848 1.342 -0.07112 40.0000 34.12 0.9293 0.9301 2.124963 
582.9922 47.242 34.997 0.75213 0.52660 1.323 -0.07199 40.0000 33.68 0.9283 0.9292 2.126687 
582.5191 47.281 34.900 0.75238 0.52487 1.309 -0.07320 40.0000 33.74 0.9283 0.9291 2.128414 
582.0458 47.308 34.819 0.75284 0.52361 1.300 -0.07405 40.0000 33.01 0.9288 0.9296 2.130145 
581.5725 47.316 34.731 0.75430 0.52290 1.292 -0.07435 40.0000 33.19 0.9308 0.9316 2.131878 
581.0991 47.330 34.649 0.75478 0.52164 1.277 -0.07480 40.0000 32.96 0.9311 0.9319 2.133615 
580.6255 47.310 34.586 0.75519 0.52069 1.267 -0.07413 40.0000 33.06 0.9320 0.9328 2.135356 
580.1519 47.309 34.501 0.75589 0.51952 1.250 -0.07408 40.0000 32.59 0.9324 0.9332 2.137099 
579.6780 47.324 34.415 0.75646 0.51826 1.238 -0.07456 40.0000 32.48 0.9325 0.9333 2.138846 
579.2042 47.334 34.336 0.75659 0.51681 1.232 -0.07480 40.0000 32.64 0.9325 0.9333 2.140595 
578.7302 47.331 34.260 0.75756 0.51601 1.222 -0.07476 40.0000 32.47 0.9326 0.9334 2.142349 
578.2561 47.328 34.189 0.75825 0.51510 1.208 -0.07466 40.0000 32.03 0.9329 0.9337 2.144105 
577.7819 47.333 34.111 0.75840 0.51368 1.195 -0.07477 40.0000 32.07 0.9328 0.9336 2.145865 
577.3076 47.338 34.029 0.75880 0.51237 1.181 -0.07490 40.0000 31.91 0.9333 0.9341 2.147628 
576.8332 47.358 33.946 0.75940 0.51117 1.169 -0.07550 40.0000 31.18 0.9337 0.9345 2.149394 
576.3586 47.357 33.877 0.75979 0.51012 1.158 -0.07545 40.0000 30.86 0.9337 0.9345 2.151164 
575.8840 47.365 33.804 0.76055 0.50923 1.145 -0.07575 40.0000 31.72 0.9341 0.9349 2.152937 
575.4093 47.375 33.730 0.76119 0.50822 1.142 -0.07606 40.0000 31.91 0.9342 0.9351 2.154713 
574.9344 47.386 33.653 0.76172 0.50710 1.124 -0.07638 40.0000 30.96 0.9345 0.9354 2.156493 
574.4595 47.399 33.575 0.76220 0.50593 1.118 -0.07679 40.0000 31.08 0.9344 0.9352 2.158276 
573.9844 47.408 33.498 0.76251 0.50466 1.101 -0.07703 40.0000 30.74 0.9344 0.9353 2.160062 
573.5092 47.415 33.410 0.76326 0.50347 1.090 -0.07727 40.0000 31.00 0.9343 0.9352 2.161852 
573.0339 47.427 33.331 0.76362 0.50219 1.086 -0.07761 40.0000 30.27 0.9344 0.9353 2.163645 
572.5586 47.432 33.247 0.76423 0.50100 1.071 -0.07778 40.0000 30.44 0.9343 0.9352 2.165441 
572.0831 47.442 33.168 0.76465 0.49977 1.052 -0.07806 40.0000 30.14 0.9344 0.9353 2.167241 
571.6075 47.454 33.080 0.76525 0.49848 1.047 -0.07842 40.0000 30.10 0.9346 0.9355 2.169044 
571.1318 47.464 33.009 0.76575 0.49745 1.044 -0.07874 40.0000 29.74 0.9347 0.9357 2.170851 
570.6559 47.471 32.935 0.76637 0.49644 1.025 -0.07894 40.0000 29.78 0.9349 0.9358 2.172661 
570.1801 47.482 32.857 0.76697 0.49535 1.010 -0.07931 40.0000 29.69 0.9347 0.9357 2.174474 
569.7040 47.488 32.785 0.76728 0.49419 1.004 -0.07947 40.0000 29.08 0.9346 0.9355 2.176291 
569.2278 47.494 32.710 0.76812 0.49331 1.001 -0.07967 40.0000 29.41 0.9349 0.9358 2.178112 
568.7516 47.501 32.634 0.76870 0.49224 0.986 -0.07990 40.0000 28.73 0.9348 0.9358 2.179936 
568.2753 47.505 32.564 0.76923 0.49126 0.974 -0.08002 40.0000 28.57 0.9351 0.9360 2.181763 
567.7988 47.513 32.489 0.76964 0.49011 0.962 -0.08026 40.0000 28.57 0.9353 0.9363 2.183594 
567.3222 47.519 32.410 0.77004 0.48888 0.958 -0.08041 40.0000 28.63 0.9355 0.9365 2.185428 
566.8455 47.528 32.327 0.77061 0.48766 0.950 -0.08067 40.0000 28.27 0.9355 0.9365 2.187266 
566.3687 47.534 32.250 0.77116 0.48656 0.939 -0.08085 40.0000 28.15 0.9356 0.9365 2.189107 
565.8918 47.542 32.179 0.77163 0.48552 0.921 -0.08112 40.0000 27.84 0.9357 0.9367 2.190952 
565.4149 47.546 32.103 0.77215 0.48443 0.915 -0.08122 40.0000 27.73 0.9358 0.9368 2.192800 
564.9377 47.550 32.028 0.77263 0.48332 0.907 -0.08134 40.0000 27.90 0.9357 0.9367 2.194653 
564.4605 47.558 31.948 0.77293 0.48201 0.903 -0.08156 40.0000 27.67 0.9357 0.9367 2.196508 
563.9832 47.564 31.867 0.77323 0.48068 0.894 -0.08172 40.0000 27.25 0.9356 0.9366 2.198367 
563.5057 47.571 31.789 0.77359 0.47944 0.878 -0.08189 40.0000 26.78 0.9355 0.9365 2.200230 
563.0282 47.582 31.708 0.77383 0.47807 0.873 -0.08219 40.0000 26.93 0.9355 0.9365 2.202096 
562.5505 47.591 31.633 0.77416 0.47689 0.865 -0.08246 40.0000 26.70 0.9355 0.9365 2.203966 
562.0728 47.599 31.553 0.77470 0.47572 0.865 -0.08270 40.0000 27.08 0.9354 0.9365 2.205839 
561.5948 47.609 31.472 0.77510 0.47447 0.844 -0.08300 40.0000 26.39 0.9354 0.9364 2.207716 
561.1169 47.618 31.389 0.77564 0.47324 0.838 -0.08327 40.0000 26.25 0.9352 0.9362 2.209597 
560.6388 47.628 31.305 0.77591 0.47185 0.828 -0.08354 40.0000 26.04 0.9351 0.9362 2.211481 
560.1606 47.639 31.224 0.77618 0.47052 0.826 -0.08386 40.0000 26.20 0.9351 0.9361 2.213369 
559.6823 47.645 31.136 0.77647 0.46905 0.820 -0.08401 40.0000 26.37 0.9351 0.9361 2.215260 
559.2039 47.655 31.054 0.77676 0.46772 0.812 -0.08428 40.0000 26.06 0.9349 0.9359 2.217155 
558.7253 47.662 30.967 0.77713 0.46634 0.800 -0.08446 40.0000 26.07 0.9347 0.9357 2.219055 
558.2467 47.672 30.887 0.77754 0.46511 0.794 -0.08474 40.0000 25.36 0.9347 0.9357 2.220957 
557.7679 47.678 30.803 0.77812 0.46392 0.787 -0.08493 40.0000 25.57 0.9346 0.9357 2.222864 
557.2891 47.688 30.721 0.77858 0.46267 0.777 -0.08521 40.0000 25.50 0.9346 0.9356 2.224773 
556.8102 47.695 30.635 0.77896 0.46132 0.775 -0.08543 40.0000 25.11 0.9344 0.9355 2.226687 
556.3311 47.701 30.555 0.77935 0.46009 0.766 -0.08559 40.0000 24.28 0.9344 0.9355 2.228604 
555.8519 47.710 30.482 0.77968 0.45893 0.764 -0.08584 40.0000 24.85 0.9343 0.9354 2.230525 
555.3726 47.721 30.395 0.78002 0.45754 0.753 -0.08616 40.0000 24.50 0.9342 0.9353 2.232451 
554.8932 47.723 30.308 0.78060 0.45629 0.745 -0.08619 40.0000 24.51 0.9341 0.9351 2.234379 
554.4137 47.732 30.217 0.78092 0.45482 0.742 -0.08643 40.0000 24.59 0.9340 0.9351 2.236312 
553.9341 47.736 30.132 0.78154 0.45363 0.739 -0.08657 40.0000 24.46 0.9339 0.9350 2.238248 
553.4543 47.741 30.048 0.78209 0.45242 0.729 -0.08671 40.0000 23.94 0.9337 0.9348 2.240188 
552.9745 47.747 29.953 0.78244 0.45089 0.718 -0.08687 40.0000 23.67 0.9337 0.9348 2.242132 
552.4946 47.753 29.867 0.78268 0.44945 0.714 -0.08701 40.0000 23.65 0.9337 0.9347 2.244080 
552.0145 47.761 29.782 0.78296 0.44808 0.711 -0.08720 40.0000 23.31 0.9337 0.9348 2.246031 
551.5344 47.766 29.695 0.78352 0.44682 0.707 -0.08737 40.0000 23.39 0.9336 0.9347 2.247986 
551.0541 47.769 29.608 0.78401 0.44552 0.699 -0.08745 40.0000 23.53 0.9335 0.9346 2.249946 
550.5737 47.782 29.530 0.78403 0.44412 0.694 -0.08779 40.0000 22.99 0.9335 0.9346 2.251909 
550.0933 47.787 29.443 0.78443 0.44279 0.687 -0.08792 40.0000 23.56 0.9335 0.9346 2.253876 
549.6127 47.796 29.350 0.78461 0.44120 0.682 -0.08814 40.0000 23.17 0.9334 0.9345 2.255847 
549.1320 47.806 29.261 0.78472 0.43967 0.678 -0.08838 40.0000 22.75 0.9335 0.9345 2.257821 
548.6511 47.814 29.172 0.78507 0.43826 0.672 -0.08860 40.0000 22.56 0.9335 0.9346 2.259800 
548.1702 47.820 29.077 0.78563 0.43686 0.665 -0.08877 40.0000 22.57 0.9334 0.9345 2.261783 
547.6891 47.824 28.983 0.78587 0.43532 0.658 -0.08885 40.0000 22.20 0.9333 0.9344 2.263770 
547.2080 47.832 28.892 0.78608 0.43380 0.656 -0.08905 40.0000 22.11 0.9334 0.9345 2.265760 
546.7267 47.836 28.803 0.78655 0.43246 0.651 -0.08913 40.0000 22.38 0.9335 0.9345 2.267755 
546.2454 47.842 28.713 0.78688 0.43103 0.645 -0.08931 40.0000 21.86 0.9334 0.9345 2.269752 
545.7639 47.847 28.620 0.78721 0.42956 0.640 -0.08941 40.0000 21.55 0.9334 0.9344 2.271755 
545.2823 47.848 28.532 0.78755 0.42817 0.637 -0.08941 40.0000 21.70 0.9332 0.9343 2.273762 
544.8007 47.853 28.439 0.78787 0.42670 0.634 -0.08953 40.0000 21.11 0.9332 0.9343 2.275771 
544.3188 47.852 28.342 0.78858 0.42536 0.630 -0.08951 40.0000 20.90 0.9331 0.9342 2.277786 
543.8369 47.859 28.246 0.78895 0.42384 0.626 -0.08966 40.0000 20.98 0.9331 0.9342 2.279805 
543.3549 47.862 28.154 0.78923 0.42236 0.614 -0.08974 40.0000 20.69 0.9332 0.9343 2.281827 
542.8728 47.868 28.059 0.78934 0.42075 0.615 -0.08985 40.0000 20.75 0.9331 0.9342 2.283853 
542.3905 47.868 27.967 0.78966 0.41930 0.606 -0.08981 40.0000 20.41 0.9329 0.9340 2.285884 
541.9082 47.875 27.867 0.78985 0.41762 0.605 -0.08996 40.0000 20.34 0.9328 0.9339 2.287919 
541.4257 47.875 27.770 0.79027 0.41613 0.602 -0.08992 40.0000 20.22 0.9328 0.9339 2.289958 
540.9431 47.880 27.673 0.79044 0.41451 0.595 -0.09004 40.0000 19.71 0.9328 0.9339 2.292001 
540.4604 47.883 27.577 0.79068 0.41296 0.589 -0.09007 40.0000 19.85 0.9328 0.9339 2.294048 
539.9777 47.883 27.473 0.79138 0.41149 0.595 -0.09007 40.0000 20.29 0.9328 0.9339 2.296098 
539.4948 47.880 27.379 0.79184 0.41008 0.588 -0.08996 40.0000 19.83 0.9327 0.9338 2.298154 
539.0118 47.882 27.279 0.79223 0.40853 0.581 -0.08998 40.0000 19.40 0.9327 0.9338 2.300213 
538.5286 47.884 27.183 0.79253 0.40701 0.579 -0.08999 40.0000 19.06 0.9326 0.9337 2.302277 
538.0454 47.884 27.094 0.79276 0.40557 0.573 -0.08994 40.0000 18.84 0.9325 0.9336 2.304344 
537.5621 47.878 27.000 0.79320 0.40415 0.567 -0.08974 40.0000 18.76 0.9324 0.9336 2.306416 
537.0786 47.876 26.903 0.79354 0.40264 0.564 -0.08965 40.0000 18.52 0.9322 0.9334 2.308492 
536.5950 47.883 26.802 0.79383 0.40103 0.563 -0.08979 40.0000 18.31 0.9321 0.9332 2.310573 
536.1114 47.874 26.702 0.79429 0.39952 0.563 -0.08949 40.0000 18.57 0.9320 0.9331 2.312657 
535.6276 47.870 26.609 0.79467 0.39810 0.557 -0.08935 40.0000 17.82 0.9319 0.9331 2.314746 
535.1437 47.864 26.505 0.79526 0.39659 0.552 -0.08914 40.0000 18.02 0.9319 0.9331 2.316839 
534.6597 47.867 26.409 0.79547 0.39503 0.548 -0.08919 40.0000 17.88 0.9317 0.9329 2.318936 
534.1756 47.864 26.309 0.79617 0.39365 0.545 -0.08910 40.0000 17.36 0.9315 0.9327 2.321038 
533.6913 47.860 26.211 0.79662 0.39218 0.542 -0.08894 40.0000 17.00 0.9314 0.9326 2.323144 
533.2070 47.856 26.111 0.79731 0.39079 0.538 -0.08881 40.0000 17.05 0.9313 0.9324 2.325254 
532.7226 47.856 26.015 0.79766 0.38931 0.540 -0.08879 40.0000 16.79 0.9313 0.9324 2.327369 
532.2380 47.854 25.916 0.79809 0.38781 0.531 -0.08870 40.0000 16.50 0.9312 0.9323 2.329488 
531.7534 47.852 25.827 0.79859 0.38652 0.530 -0.08861 40.0000 16.59 0.9313 0.9325 2.331611 
531.2686 47.848 25.731 0.79929 0.38520 0.530 -0.08850 40.0000 16.55 0.9312 0.9324 2.333738 
530.7837 47.847 25.633 0.79999 0.38385 0.527 -0.08846 40.0000 16.07 0.9312 0.9323 2.335870 
530.2987 47.845 25.534 0.80030 0.38231 0.520 -0.08836 40.0000 15.68 0.9310 0.9322 2.338007 
529.8136 47.838 25.434 0.80108 0.38096 0.521 -0.08816 40.0000 15.84 0.9311 0.9323 2.340147 
529.3284 47.831 25.334 0.80172 0.37955 0.512 -0.08795 40.0000 15.58 0.9310 0.9322 2.342292 
528.8430 47.825 25.238 0.80221 0.37815 0.517 -0.08775 40.0000 15.50 0.9309 0.9321 2.344442 
528.3576 47.823 25.132 0.80303 0.37671 0.516 -0.08769 40.0000 15.38 0.9310 0.9322 2.346596 
527.8720 47.814 25.026 0.80377 0.37525 0.509 -0.08742 40.0000 15.04 0.9308 0.9320 2.348755 
527.3864 47.808 24.923 0.80419 0.37368 0.505 -0.08721 40.0000 14.83 0.9307 0.9319 2.350917 
526.9006 47.800 24.814 0.80507 0.37223 0.503 -0.08697 40.0000 14.65 0.9307 0.9319 2.353085 
526.4147 47.795 24.719 0.80585 0.37098 0.500 -0.08684 40.0000 14.30 0.9306 0.9319 2.355257 
525.9287 47.791 24.609 0.80664 0.36946 0.495 -0.08672 40.0000 14.19 0.9306 0.9318 2.357433 
525.4426 47.790 24.509 0.80717 0.36801 0.500 -0.08666 40.0000 14.35 0.9306 0.9319 2.359614 
524.9564 47.789 24.403 0.80770 0.36645 0.495 -0.08662 40.0000 13.87 0.9306 0.9318 2.361800 
524.4700 47.794 24.303 0.80808 0.36492 0.494 -0.08676 40.0000 13.38 0.9304 0.9317 2.363990 
523.9836 47.791 24.199 0.80891 0.36352 0.491 -0.08667 40.0000 13.36 0.9304 0.9316 2.366185 
523.4971 47.785 24.093 0.80977 0.36211 0.490 -0.08650 40.0000 13.26 0.9305 0.9317 2.368384 
523.0104 47.774 23.984 0.81058 0.36062 0.484 -0.08616 40.0000 12.89 0.9305 0.9317 2.370588 
522.5236 47.772 23.867 0.81153 0.35906 0.484 -0.08612 40.0000 12.58 0.9304 0.9316 2.372796 
522.0367 47.776 23.763 0.81211 0.35755 0.482 -0.08625 40.0000 12.51 0.9304 0.9316 2.375009 
521.5497 47.773 23.658 0.81274 0.35606 0.474 -0.08615 40.0000 12.29 0.9305 0.9318 2.377227 
521.0626 47.772 23.559 0.81310 0.35454 0.475 -0.08610 40.0000 12.26 0.9305 0.9318 2.379449 
520.5754 47.773 23.462 0.81376 0.35319 0.472 -0.08614 40.0000 12.02 0.9306 0.9318 2.381676 
520.0881 47.771 23.356 0.81464 0.35179 0.476 -0.08609 40.0000 11.95 0.9308 0.9320 2.383908 
519.6006 47.771 23.258 0.81537 0.35044 0.470 -0.08612 40.0000 11.84 0.9309 0.9322 2.386144 
519.1131 47.763 23.159 0.81607 0.34907 0.466 -0.08587 40.0000 11.61 0.9311 0.9324 2.388385 
518.6254 47.758 23.056 0.81693 0.34771 0.464 -0.08574 40.0000 11.27 0.9309 0.9322 2.390631 
518.1377 47.754 22.958 0.81772 0.34639 0.461 -0.08565 40.0000 11.35 0.9306 0.9319 2.392881 
517.6498 47.753 22.854 0.81844 0.34494 0.456 -0.08560 40.0000 10.86 0.9306 0.9319 2.395137 
517.1618 47.742 22.758 0.81919 0.34364 0.460 -0.08530 40.0000 10.86 0.9304 0.9317 2.397397 
516.6737 47.732 22.672 0.81991 0.34250 0.452 -0.08500 40.0000 10.60 0.9304 0.9316 2.399661 
516.1855 47.725 22.575 0.82089 0.34128 0.455 -0.08483 40.0000 10.46 0.9303 0.9316 2.401931 
515.6971 47.718 22.459 0.82192 0.33975 0.454 -0.08463 40.0000 10.22 0.9303 0.9316 2.404206 
515.2087 47.709 22.356 0.82259 0.33832 0.450 -0.08436 40.0000 10.18 0.9304 0.9316 2.406485 
514.7202 47.709 22.258 0.82332 0.33696 0.447 -0.08439 40.0000 10.21 0.9305 0.9318 2.408769 
514.2314 47.698 22.161 0.82445 0.33580 0.443 -0.08409 40.0000 9.91 0.9305 0.9318 2.411058 
513.7427 47.696 22.071 0.82465 0.33437 0.448 -0.08399 40.0000 10.00 0.9308 0.9321 2.413352 
513.2538 47.694 21.976 0.82513 0.33297 0.447 -0.08393 40.0000 9.79 0.9311 0.9323 2.415651 
512.7648 47.686 21.889 0.82573 0.33176 0.442 -0.08368 40.0000 9.58 0.9310 0.9322 2.417955 
512.2757 47.680 21.801 0.82609 0.33043 0.442 -0.08348 40.0000 9.58 0.9307 0.9320 2.420263 
511.7864 47.675 21.701 0.82661 0.32896 0.438 -0.08333 40.0000 9.57 0.9308 0.9321 2.422577 
511.2971 47.678 21.600 0.82674 0.32732 0.442 -0.08337 40.0000 9.42 0.9308 0.9321 2.424895 
510.8076 47.676 21.498 0.82713 0.32578 0.434 -0.08329 40.0000 9.24 0.9307 0.9320 2.427219 
510.3181 47.663 21.390 0.82805 0.32434 0.439 -0.08291 40.0000 9.09 0.9305 0.9318 2.429547 
509.8284 47.649 21.283 0.82878 0.32284 0.435 -0.08247 40.0000 8.86 0.9299 0.9311 2.431881 
509.3386 47.629 21.195 0.82945 0.32164 0.433 -0.08188 40.0000 8.71 0.9293 0.9306 2.434219 
508.8488 47.622 21.094 0.83005 0.32018 0.429 -0.08164 40.0000 8.59 0.9292 0.9304 2.436563 
508.3587 47.620 20.990 0.83055 0.31864 0.427 -0.08158 40.0000 8.60 0.9290 0.9302 2.438912 
507.8686 47.613 20.896 0.83075 0.31717 0.430 -0.08134 40.0000 8.53 0.9287 0.9299 2.441265 
507.3784 47.608 20.790 0.83133 0.31562 0.430 -0.08118 40.0000 8.37 0.9287 0.9299 2.443624 
506.8880 47.603 20.686 0.83170 0.31403 0.424 -0.08099 40.0000 8.07 0.9282 0.9294 2.445988 
506.3976 47.597 20.568 0.83207 0.31223 0.427 -0.08078 40.0000 7.93 0.9280 0.9292 2.448357 
505.9070 47.588 20.459 0.83224 0.31048 0.422 -0.08047 40.0000 7.70 0.9274 0.9286 2.450731 
505.4163 47.582 20.365 0.83256 0.30905 0.421 -0.08027 40.0000 7.65 0.9273 0.9285 2.453110 
504.9255 47.574 20.263 0.83292 0.30749 0.419 -0.07999 40.0000 7.70 0.9274 0.9286 2.455495 
504.4346 47.564 20.163 0.83339 0.30601 0.421 -0.07967 40.0000 7.72 0.9271 0.9283 2.457884 
503.9436 47.556 20.071 0.83334 0.30448 0.417 -0.07937 40.0000 7.39 0.9263 0.9275 2.460279 
503.4525 47.539 19.976 0.83363 0.30303 0.416 -0.07883 40.0000 7.48 0.9254 0.9265 2.462679 
502.9612 47.527 19.871 0.83427 0.30153 0.417 -0.07845 40.0000 7.29 0.9248 0.9260 2.465085 
502.4698 47.512 19.776 0.83469 0.30012 0.421 -0.07799 40.0000 7.37 0.9242 0.9253 2.467495 
501.9784 47.506 19.670 0.83506 0.29850 0.420 -0.07777 40.0000 7.26 0.9239 0.9251 2.469911 
501.4868 47.490 19.581 0.83546 0.29718 0.420 -0.07728 40.0000 7.30 0.9235 0.9247 2.472332 
500.9951 47.476 19.486 0.83580 0.29574 0.417 -0.07683 40.0000 6.99 0.9232 0.9243 2.474759 
500.5033 47.449 19.384 0.83687 0.29444 0.406 -0.07603 40.0000 6.76 0.9228 0.9239 2.477190 
500.0114 47.438 19.284 0.83729 0.29295 0.408 -0.07568 40.0000 6.68 0.9223 0.9235 2.479627 
499.5193 47.422 19.186 0.83753 0.29142 0.412 -0.07515 40.0000 6.78 0.9220 0.9231 2.482070 
499.0272 47.411 19.079 0.83795 0.28982 0.411 -0.07481 40.0000 6.59 0.9213 0.9224 2.484518 
498.5349 47.390 18.990 0.83824 0.28846 0.407 -0.07414 40.0000 6.41 0.9207 0.9218 2.486971 
498.0426 47.371 18.892 0.83880 0.28706 0.401 -0.07353 40.0000 6.22 0.9204 0.9215 2.489429 
497.5501 47.353 18.796 0.83910 0.28558 0.398 -0.07296 40.0000 6.07 0.9197 0.9208 2.491894 
497.0575 47.341 18.691 0.83968 0.28407 0.404 -0.07259 40.0000 5.99 0.9194 0.9205 2.494363 
496.5648 47.322 18.588 0.84039 0.28263 0.404 -0.07203 40.0000 5.79 0.9196 0.9206 2.496838 
496.0720 47.293 18.489 0.84091 0.28119 0.402 -0.07114 40.0000 5.68 0.9189 0.9199 2.499318 
495.5790 47.276 18.390 0.84147 0.27976 0.400 -0.07061 40.0000 5.56 0.9182 0.9193 2.501805 
495.0860 47.255 18.278 0.84234 0.27821 0.395 -0.06997 40.0000 5.37 0.9179 0.9189 2.504296 
494.5928 47.233 18.177 0.84272 0.27669 0.400 -0.06927 40.0000 5.46 0.9167 0.9178 2.506793 
494.0995 47.211 18.076 0.84333 0.27525 0.400 -0.06862 40.0000 5.34 0.9163 0.9174 2.509296 
493.6062 47.192 17.973 0.84370 0.27370 0.402 -0.06800 40.0000 5.41 0.9158 0.9169 2.511804 
493.1127 47.173 17.875 0.84383 0.27215 0.396 -0.06738 40.0000 5.15 0.9153 0.9164 2.514318 
492.6190 47.144 17.768 0.84483 0.27072 0.396 -0.06652 40.0000 5.15 0.9148 0.9159 2.516837 
492.1253 47.122 17.663 0.84578 0.26931 0.404 -0.06588 40.0000 5.39 0.9143 0.9153 2.519362 
491.6315 47.098 17.558 0.84650 0.26784 0.390 -0.06513 40.0000 5.32 0.9137 0.9148 2.521893 
491.1375 47.068 17.452 0.84717 0.26632 0.379 -0.06420 40.0000 5.10 0.9130 0.9141 2.524429 
490.6435 47.041 17.343 0.84782 0.26476 0.376 -0.06338 40.0000 4.98 0.9125 0.9135 2.526971 
490.1493 47.015 17.239 0.84838 0.26325 0.381 -0.06257 40.0000 5.02 0.9120 0.9130 2.529519 
489.6550 46.981 17.135 0.84940 0.26188 0.379 -0.06157 40.0000 5.09 0.9113 0.9124 2.532072 
489.1606 46.954 17.027 0.84998 0.26031 0.384 -0.06071 40.0000 5.13 0.9109 0.9119 2.534631 
488.6661 46.925 16.920 0.85074 0.25879 0.379 -0.05983 40.0000 4.95 0.9104 0.9115 2.537196 
488.1714 46.898 16.808 0.85171 0.25728 0.368 -0.05905 40.0000 4.81 0.9103 0.9113 2.539768 
487.6767 46.862 16.702 0.85258 0.25581 0.375 -0.05794 40.0000 4.94 0.9095 0.9106 2.542344 
487.1818 46.835 16.593 0.85342 0.25431 0.364 -0.05711 40.0000 4.81 0.9090 0.9101 2.544927 
486.6869 46.800 16.488 0.85470 0.25298 0.367 -0.05608 40.0000 4.66 0.9084 0.9094 2.547514 
486.1918 46.776 16.391 0.85540 0.25162 0.356 -0.05535 40.0000 4.57 0.9078 0.9088 2.550109 
485.6966 46.747 16.283 0.85585 0.24999 0.363 -0.05443 40.0000 4.58 0.9071 0.9082 2.552709 
485.2013 46.714 16.178 0.85692 0.24860 0.361 -0.05344 40.0000 4.81 0.9067 0.9077 2.555314 
484.7058 46.681 16.074 0.85796 0.24722 0.360 -0.05247 40.0000 4.77 0.9058 0.9068 2.557927 
484.2103 46.645 15.979 0.85895 0.24596 0.358 -0.05137 40.0000 4.74 0.9052 0.9062 2.560544 
483.7146 46.603 15.876 0.86061 0.24477 0.360 -0.05011 40.0000 4.89 0.9048 0.9058 2.563168 
483.2189 46.569 15.775 0.86176 0.24345 0.355 -0.04910 40.0000 5.23 0.9045 0.9055 2.565798 
482.7230 46.537 15.671 0.86286 0.24207 0.353 -0.04813 40.0000 5.33 0.9039 0.9049 2.568433 
482.2270 46.506 15.575 0.86400 0.24082 0.360 -0.04721 40.0000 5.73 0.9030 0.9040 2.571075 
481.7309 46.467 15.480 0.86496 0.23954 0.351 -0.04599 40.0000 5.87 0.9023 0.9034 2.573723 
481.2346 46.415 15.387 0.86624 0.23839 0.354 -0.04443 40.0000 6.32 0.9014 0.9024 2.576377 
480.7383 46.374 15.290 0.86756 0.23717 0.340 -0.04316 40.0000 6.12 0.9006 0.9017 2.579037 
480.2419 46.336 15.193 0.86895 0.23598 0.343 -0.04203 40.0000 6.36 0.9002 0.9012 2.581703 
479.7453 46.292 15.094 0.87029 0.23472 0.341 -0.04068 40.0000 6.52 0.8997 0.9006 2.584375 
479.2486 46.248 15.000 0.87155 0.23354 0.332 -0.03935 40.0000 6.58 0.8988 0.8998 2.587054 
478.7518 46.200 14.905 0.87280 0.23231 0.328 -0.03784 40.0000 6.69 0.8979 0.8989 2.589738 
478.2549 46.162 14.812 0.87427 0.23119 0.323 -0.03669 40.0000 6.88 0.8967 0.8977 2.592429 
477.7579 46.120 14.724 0.87543 0.23006 0.325 -0.03541 40.0000 7.06 0.8961 0.8971 2.595126 
477.2608 46.074 14.636 0.87671 0.22896 0.321 -0.03397 40.0000 6.86 0.8954 0.8964 2.597829 
476.7635 46.025 14.550 0.87804 0.22790 0.318 -0.03247 40.0000 7.07 0.8945 0.8955 2.600539 
476.2662 45.983 14.464 0.87923 0.22679 0.320 -0.03118 40.0000 7.34 0.8939 0.8949 2.603254 
475.7687 45.945 14.364 0.88065 0.22553 0.323 -0.03001 40.0000 7.51 0.8934 0.8944 2.605976 
475.2711 45.912 14.266 0.88147 0.22413 0.323 -0.02896 40.0000 8.04 0.8927 0.8937 2.608705 
474.7734 45.882 14.180 0.88214 0.22289 0.325 -0.02802 40.0000 8.25 0.8922 0.8932 2.611439 
474.2756 45.845 14.091 0.88335 0.22173 0.324 -0.02687 40.0000 8.67 0.8917 0.8927 2.614180 
473.7776 45.807 14.000 0.88396 0.22039 0.321 -0.02566 40.0000 9.32 0.8909 0.8919 2.616928 
473.2796 45.780 13.911 0.88413 0.21897 0.319 -0.02482 40.0000 9.65 0.8901 0.8910 2.619682 
472.7814 45.749 13.814 0.88496 0.21759 0.316 -0.02383 40.0000 9.77 0.8893 0.8902 2.622442 
472.2831 45.722 13.721 0.88535 0.21617 0.311 -0.02297 40.0000 10.46 0.8886 0.8895 2.625209 
471.7848 45.704 13.624 0.88559 0.21464 0.311 -0.02240 40.0000 10.93 0.8881 0.8890 2.627982 
471.2863 45.686 13.528 0.88630 0.21325 0.305 -0.02183 40.0000 11.23 0.8879 0.8888 2.630762 
470.7876 45.670 13.433 0.88662 0.21175 0.300 -0.02132 40.0000 11.66 0.8872 0.8880 2.633548 
470.2889 45.647 13.345 0.88725 0.21047 0.300 -0.02059 40.0000 11.70 0.8868 0.8876 2.636341 
469.7900 45.634 13.265 0.88755 0.20924 0.294 -0.02018 40.0000 11.88 0.8864 0.8873 2.639141 
469.2911 45.623 13.189 0.88752 0.20798 0.295 -0.01982 40.0000 12.04 0.8859 0.8867 2.641946 
468.7920 45.629 13.110 0.88739 0.20667 0.292 -0.02001 40.0000 11.89 0.8860 0.8869 2.644759 
468.2928 45.636 13.024 0.88710 0.20520 0.293 -0.02022 40.0000 12.21 0.8862 0.8870 2.647578 
467.7935 45.638 12.939 0.88687 0.20376 0.293 -0.02026 40.0000 12.49 0.8861 0.8869 2.650404 
467.2941 45.634 12.864 0.88674 0.20250 0.294 -0.02013 40.0000 12.65 0.8861 0.8869 2.653237 
466.7945 45.643 12.781 0.88670 0.20114 0.297 -0.02040 40.0000 13.15 0.8864 0.8872 2.656077 
466.2949 45.646 12.702 0.88660 0.19983 0.294 -0.02051 40.0000 13.86 0.8862 0.8870 2.658922 
465.7951 45.653 12.631 0.88617 0.19859 0.300 -0.02069 40.0000 14.73 0.8864 0.8872 2.661775 
465.2952 45.654 12.573 0.88572 0.19754 0.299 -0.02071 40.0000 15.49 0.8859 0.8867 2.664635 
464.7952 45.665 12.517 0.88559 0.19661 0.298 -0.02107 40.0000 16.61 0.8860 0.8868 2.667502 
464.2951 45.671 12.446 0.88523 0.19537 0.298 -0.02123 40.0000 17.93 0.8860 0.8868 2.670375 
463.7949 45.689 12.370 0.88474 0.19403 0.292 -0.02178 40.0000 18.84 0.8858 0.8866 2.673255 
463.2946 45.695 12.300 0.88387 0.19272 0.290 -0.02194 40.0000 19.71 0.8857 0.8864 2.676142 
462.7941 45.709 12.224 0.88372 0.19146 0.285 -0.02238 40.0000 20.92 0.8861 0.8869 2.679036 
462.2935 45.735 12.139 0.88262 0.18985 0.281 -0.02317 40.0000 21.68 0.8863 0.8871 2.681937 
461.7928 45.748 12.068 0.88133 0.18843 0.277 -0.02354 40.0000 22.26 0.8865 0.8872 2.684845 
461.2921 45.769 11.992 0.88092 0.18712 0.273 -0.02418 40.0000 22.76 0.8870 0.8877 2.687759 
460.7911 45.779 11.924 0.88001 0.18583 0.269 -0.02446 40.0000 22.70 0.8870 0.8877 2.690681 
460.2901 45.796 11.842 0.87942 0.18439 0.267 -0.02496 40.0000 22.82 0.8873 0.8880 2.693610 
459.7889 45.816 11.769 0.87845 0.18302 0.266 -0.02558 40.0000 22.65 0.8875 0.8882 2.696546 
459.2877 45.838 11.703 0.87745 0.18176 0.265 -0.02622 40.0000 22.60 0.8881 0.8888 2.699489 
458.7863 45.867 11.625 0.87650 0.18033 0.264 -0.02709 40.0000 22.61 0.8888 0.8895 2.702439 
458.2848 45.887 11.547 0.87550 0.17887 0.265 -0.02766 40.0000 22.89 0.8892 0.8898 2.705396 
457.7832 45.918 11.461 0.87402 0.17721 0.267 -0.02860 40.0000 23.23 0.8891 0.8897 2.708360 
457.2815 45.958 11.384 0.87222 0.17562 0.263 -0.02975 40.0000 23.75 0.8893 0.8899 2.711332 
456.7796 45.996 11.312 0.87111 0.17426 0.264 -0.03091 40.0000 23.70 0.8904 0.8910 2.714311 
456.2777 46.032 11.238 0.87076 0.17301 0.261 -0.03200 40.0000 24.22 0.8915 0.8921 2.717297 
455.7756 46.074 11.171 0.86877 0.17157 0.259 -0.03321 40.0000 24.08 0.8925 0.8931 2.720290 
455.2734 46.116 11.100 0.86737 0.17018 0.254 -0.03444 40.0000 23.86 0.8932 0.8938 2.723291 
454.7711 46.150 11.028 0.86632 0.16884 0.251 -0.03546 40.0000 23.39 0.8942 0.8948 2.726299 
454.2687 46.192 10.956 0.86532 0.16751 0.244 -0.03670 40.0000 22.75 0.8953 0.8960 2.729314 
453.7662 46.209 10.873 0.86503 0.16615 0.241 -0.03720 40.0000 21.71 0.8962 0.8968 2.732336 
453.2635 46.225 10.787 0.86438 0.16469 0.238 -0.03766 40.0000 20.63 0.8965 0.8971 2.735367 
452.7608 46.239 10.702 0.86412 0.16331 0.233 -0.03807 40.0000 19.34 0.8972 0.8978 2.738404 
452.2579 46.252 10.615 0.86379 0.16189 0.229 -0.03844 40.0000 17.66 0.8977 0.8983 2.741449 
451.7549 46.264 10.528 0.86356 0.16049 0.229 -0.03877 40.0000 16.77 0.8982 0.8989 2.744501 
451.2518 46.274 10.440 0.86334 0.15907 0.228 -0.03906 40.0000 15.31 0.8987 0.8994 2.747561 
450.7485 46.282 10.350 0.86341 0.15769 0.228 -0.03931 40.0000 14.45 0.8995 0.9002 2.750629 
450.2452 46.289 10.260 0.86317 0.15624 0.228 -0.03950 40.0000 13.37 0.8998 0.9005 2.753704 
449.7417 46.295 10.167 0.86312 0.15479 0.226 -0.03967 40.0000 12.12 0.9003 0.9010 2.756787 
449.2382 46.299 10.076 0.86324 0.15339 0.229 -0.03978 40.0000 11.70 0.9009 0.9016 2.759876 
448.7345 46.302 9.982 0.86327 0.15194 0.227 -0.03985 40.0000 11.08 0.9013 0.9020 2.762974 
448.2307 46.303 9.888 0.86345 0.15051 0.225 -0.03988 40.0000 10.29 0.9018 0.9025 2.766080 
447.7267 46.302 9.793 0.86388 0.14911 0.222 -0.03988 40.0000 9.85 0.9026 0.9033 2.769193 
447.2227 46.300 9.697 0.86422 0.14768 0.221 -0.03983 40.0000 9.30 0.9032 0.9039 2.772314 
446.7186 46.297 9.599 0.86431 0.14618 0.217 -0.03973 40.0000 8.27 0.9033 0.9040 2.775443 
446.2143 46.293 9.502 0.86482 0.14475 0.214 -0.03959 40.0000 7.55 0.9039 0.9047 2.778580 
445.7099 46.287 9.403 0.86534 0.14330 0.211 -0.03942 40.0000 7.07 0.9044 0.9052 2.781724 
445.2054 46.279 9.303 0.86593 0.14185 0.210 -0.03920 40.0000 6.43 0.9050 0.9058 2.784876 
444.7008 46.270 9.203 0.86651 0.14038 0.208 -0.03894 40.0000 5.78 0.9055 0.9063 2.788036 
444.1960 46.260 9.101 0.86717 0.13892 0.206 -0.03864 40.0000 5.07 0.9059 0.9068 2.791204 
443.6912 46.248 8.999 0.86784 0.13743 0.206 -0.03829 40.0000 4.61 0.9063 0.9072 2.794380 
443.1862 46.234 8.896 0.86861 0.13595 0.210 -0.03790 40.0000 4.15 0.9068 0.9077 2.797564 
442.6812 46.219 8.793 0.86957 0.13450 0.209 -0.03748 40.0000 3.76 0.9074 0.9083 2.800756 
442.1759 46.203 8.687 0.87042 0.13300 0.214 -0.03701 40.0000 3.51 0.9078 0.9087 2.803956 
441.6706 46.186 8.582 0.87128 0.13149 0.215 -0.03649 40.0000 3.36 0.9081 0.9091 2.807164 
441.1652 46.167 8.475 0.87233 0.12999 0.208 -0.03594 40.0000 2.95 0.9086 0.9096 2.810380 
440.6596 46.146 8.369 0.87339 0.12848 0.210 -0.03535 40.0000 2.85 0.9090 0.9100 2.813605 
440.1540 46.125 8.260 0.87433 0.12692 0.212 -0.03470 40.0000 2.69 0.9092 0.9102 2.816837 
439.6482 46.125 8.260 0.87433 0.12692 0.206 -0.03470 40.0000 2.42 0.9092 0.9102 2.820077 

# MINIMA:
439.6482 1.514 0.301 -131.79321 -129.41591 -5002.416 -81.59069 40.0000 2.42 0.5111 0.5604 1.240099 

# MAXIMA:
999.7925 88.716 359.235 368.60580 53.57889 238.380 67.35754 40.0000 52.91 2.80929124163046605E18 8.36038647083664671E19 2.820077 

# PEAKS:

# END SPECTRUM

