## SPECTRUM TYPE:
LCE

## DATE:
24/09/2026

## COMMENTS:

## NUMBER OF SPECTRUM:
1

## ELLIPSOMETRIC CONFIGURATION:
0.00 ø :Modulator
+45.00 øAnalyser

## UNIT:
nm


# SPECTRUM:
1

# CAPTION:


# START TIME:
11:04:49

# END TIME:
11:04:49

# THETA ANGLE:
0.00 ø

# INCIDENCE ANGLE:
69.95 ø

# ACCUMULATION NUMBER:
17

# ELLIPSOMETRIC CONFIGURATION:
0.00 ø :Modulator
+45.00 øAnalyser

# INTEGRATION TIME:
13 ms

# FIRST POINT:
999.79 nm

# LAST POINT:
439.65 nm

# INCREMENT:
0.00 nm

# NUMBER OF POINTS:
1273

# DATA:
nm Psi Delta Ic Is Reflectance IcPrim IntegrationTime IntensityMax Polarization PolarizationGen eV 
999.7925 39.062 225.009 -226.45731 -226.52869 0.000 67.35759 13.0000 5.45 1.32039548736131564E19 1.51592486389681435E21 1.240099 
999.4089 39.062 225.009 -226.45729 -226.52869 1.251 67.35759 13.0000 5.49 1.22806641734440714E19 1.40992335799241828E21 1.240575 
999.0253 39.062 225.009 -226.45731 -226.52867 0.887 67.35759 13.0000 5.60 1.17069686928845046E19 1.34405821344212478E21 1.241052 
998.6415 39.062 225.009 -226.45729 -226.52869 2.846 67.35759 13.0000 5.58 1.10525976461485015E19 1.26893099404567878E21 1.241529 
998.2578 39.062 225.009 -226.45729 -226.52867 0.317 67.35759 13.0000 5.65 1.03085867149348045E19 1.18351220507576107E21 1.242006 
997.8739 39.062 225.009 -226.45729 -226.52866 0.759 67.35759 13.0000 5.72 9.46597158094215578E18 1.08677298512375002E21 1.242484 
997.4900 39.062 225.009 -226.45729 -226.52867 -0.132 67.35759 13.0000 5.72 8.51578902538092544E18 9.77684050568558936E20 1.242962 
997.1060 39.062 225.009 -226.45729 -226.52869 -0.012 67.35759 13.0000 5.76 7.44907418019404186E18 8.55216258526589485E20 1.243440 
996.7219 39.062 225.009 -226.45729 -226.52867 -2.369 67.35758 13.0000 5.74 6.25686382659187507E18 7.1834046611424333E20 1.243920 
996.3377 39.062 225.009 -226.45729 -226.52869 -3.363 67.35759 13.0000 5.80 4.93019364627316736E18 5.66027600816666313E20 1.244399 
995.9535 39.062 225.009 -226.45731 -226.52867 -1.692 67.35759 13.0000 5.76 3.4780276826612695E18 3.99306735148712591E20 1.244879 
995.5692 39.062 225.009 -226.45731 -226.52867 0.921 67.35759 13.0000 5.90 1.90932956686267187E18 2.19207064770538635E20 1.245360 
995.1848 39.062 225.009 -226.45731 -226.52867 -0.704 67.35759 13.0000 6.03 250991669665595392.0000 2.88159501632185303E19 1.245841 
994.8003 39.062 225.009 -226.45731 -226.52869 0.028 67.35759 13.0000 6.01 1.43423815164310323E18 1.64662579900757049E20 1.246322 
994.4158 39.062 225.009 -226.45731 -226.52867 0.019 67.35759 13.0000 5.98 3.05672011566494515E18 3.50937125172707066E20 1.246804 
994.0311 58.752 105.238 -0.14450 0.53044 0.011 -0.28625 13.0000 6.08 0.5800 0.6384 1.247287 
993.6464 49.925 94.251 -0.04074 0.54812 1.129 -0.09543 13.0000 6.11 0.5786 0.6793 1.247770 
993.2617 44.211 81.489 0.07969 0.53257 1.176 0.01483 13.0000 6.09 0.5868 0.7400 1.248253 
992.8768 49.086 76.982 0.15212 0.65792 -1.031 -0.09697 13.0000 6.13 0.6019 0.7315 1.248737 
992.4919 56.178 38.055 0.34774 0.27222 0.591 -0.18163 13.0000 6.17 0.6399 0.7777 1.249221 
992.1069 56.011 67.256 0.20780 0.49569 -7.817 -0.21740 13.0000 6.17 0.6257 0.7591 1.249706 
991.7218 47.602 62.919 0.26066 0.50979 -1.241 -0.05215 13.0000 6.26 0.6503 0.7557 1.250191 
991.3367 45.861 52.183 0.36488 0.47010 0.527 -0.01790 13.0000 6.39 0.6613 0.8063 1.250677 
990.9514 36.308 54.111 0.39027 0.53936 1.603 0.20843 13.0000 6.43 0.7666 0.9262 1.251163 
990.5661 21.991 71.971 0.12785 0.39279 17.300 0.42801 13.0000 6.36 0.7677 0.9454 1.251650 
990.1807 19.200 55.883 0.23565 0.34783 -18.651 0.53008 13.0000 6.44 0.7859 0.9917 1.252137 
989.7953 9.845 88.043 0.00777 0.22734 -0.561 0.63566 13.0000 6.53 0.7040 0.8745 1.252625 
989.4097 15.890 90.723 -0.00545 0.43165 -1.286 0.69678 13.0000 6.68 0.6986 0.8052 1.253113 
989.0241 19.920 102.259 -0.11332 0.52156 1.399 0.63971 13.0000 6.60 0.6939 0.7801 1.253601 
988.6384 31.731 112.394 -0.26894 0.65269 1.255 0.35255 13.0000 6.59 0.7117 0.7976 1.254090 
988.2526 26.378 83.344 0.08706 0.74604 20.361 0.57104 13.0000 6.73 0.7020 0.7869 1.254580 
987.8668 32.164 72.281 0.26185 0.81952 1.157 0.41355 13.0000 6.69 0.7192 0.8254 1.255070 
987.4809 26.418 75.779 0.16847 0.66472 -3440.260 0.51984 13.0000 6.71 0.6635 0.7239 1.255560 
987.0949 26.124 78.178 0.12762 0.60970 1.748 0.48236 13.0000 6.82 0.6225 0.6483 1.256051 
986.7088 22.783 75.767 0.12661 0.49915 1.261 0.50488 13.0000 6.90 0.6103 0.6488 1.256543 
986.3226 18.531 86.382 0.02067 0.32689 -1.890 0.43368 13.0000 6.84 0.5968 0.6416 1.257035 
985.9364 24.766 79.939 0.07479 0.42155 -7.681 0.36526 13.0000 6.92 0.6245 0.6956 1.257527 
985.5501 23.656 73.965 0.10397 0.36175 59.357 0.34718 13.0000 6.96 0.6471 0.7783 1.258020 
985.1638 33.526 76.946 0.11391 0.49130 -3.084 0.21354 13.0000 7.06 0.7063 0.8874 1.258513 
984.7773 39.052 78.028 0.12651 0.59659 1.302 0.12846 13.0000 7.08 0.7741 0.9452 1.259007 
984.3907 42.770 70.660 0.28875 0.82269 -2.241 0.06802 13.0000 7.15 0.8237 0.9826 1.259502 
984.0041 37.925 68.593 0.17875 0.45593 -1.598 0.12346 13.0000 7.19 0.6460 0.7817 1.259997 
983.6174 7.576 52.186 0.04006 0.05161 1.011 0.24126 13.0000 7.31 0.5388 0.7635 1.260492 
983.2307 28.136 246.102 -0.10336 -0.23328 0.833 0.17034 13.0000 7.43 0.5802 0.7467 1.260988 
982.8438 34.747 248.638 -0.26702 -0.68270 0.797 0.27418 13.0000 7.40 0.7276 0.9578 1.261484 
982.4569 26.839 219.757 -0.23936 -0.19912 0.838 0.22889 13.0000 7.37 0.7152 1.0106 1.261981 
982.0699 41.441 141.652 -0.14530 0.11495 -2.134 0.02314 13.0000 7.55 0.7174 0.9615 1.262478 
981.6828 50.376 99.275 -0.07845 0.48036 -0.019 -0.09243 13.0000 7.57 0.8203 0.9983 1.262976 
981.2957 50.471 87.258 0.02367 0.49434 -0.008 -0.09569 13.0000 7.60 0.7862 0.9536 1.263474 
980.9084 53.034 85.434 0.08107 1.01500 0.004 -0.29327 13.0000 7.63 1.0365 1.1866 1.263973 
980.5211 53.312 69.993 0.59771 1.64154 0.009 -0.52160 13.0000 7.67 1.2988 1.4020 1.264472 
980.1337 52.121 99.075 -0.27538 1.72415 -0.003 -0.44318 13.0000 7.76 1.1571 1.3131 1.264972 
979.7463 51.879 108.871 -0.50616 1.48086 -0.002 -0.38316 13.0000 7.62 1.0577 1.1637 1.265472 
979.3587 51.865 96.981 -0.21020 1.71658 11.064 -0.42254 13.0000 7.77 0.9837 1.0852 1.265973 
978.9711 46.960 174.044 -1.93082 0.20144 4.510 -0.13304 13.0000 7.80 0.9886 1.1499 1.266474 
978.5834 44.914 178.317 -2.10726 0.06192 3.198 0.00634 13.0000 7.75 1.2771 1.4864 1.266976 
978.1956 39.876 188.565 -2.39487 -0.36070 5.069 0.43786 13.0000 7.84 1.5385 1.7923 1.267478 
977.8077 36.809 195.362 -2.04977 -0.56315 -2.956 0.62494 13.0000 7.97 1.6425 1.9041 1.267981 
977.4199 33.917 205.265 -1.57672 -0.74413 4.831 0.71033 13.0000 8.04 1.6488 1.8907 1.268484 
977.0319 32.055 184.705 -1.18321 -0.09738 1.834 0.57625 13.0000 8.00 1.2798 1.5249 1.268988 
976.6437 26.123 166.553 -0.62173 0.14866 1.571 0.49505 13.0000 8.08 0.8748 1.2852 1.269493 
976.2556 29.961 158.856 -0.67352 0.26049 -5.361 0.41824 13.0000 8.06 0.9445 1.1416 1.269997 
975.8674 23.384 100.536 -0.07841 0.42159 1.320 0.40315 13.0000 8.22 0.7517 0.8720 1.270502 
975.4790 36.161 63.205 0.35365 0.70025 1.290 0.25003 13.0000 8.34 0.9149 0.9951 1.271008 
975.0906 41.619 89.057 0.00716 0.43495 -1.864 0.05157 13.0000 8.26 0.7238 0.7595 1.271515 
974.7021 47.497 81.159 0.07771 0.49959 -21.702 -0.04418 13.0000 8.41 0.7289 0.8337 1.272021 
974.3136 43.885 87.523 0.02159 0.49910 1.439 0.01945 13.0000 8.37 0.6768 0.7885 1.272529 
973.9250 50.822 87.278 0.02324 0.48878 0.036 -0.10084 13.0000 8.41 0.6480 0.7365 1.273036 
973.5363 57.367 92.051 -0.02043 0.57049 0.072 -0.26298 13.0000 8.48 0.6713 0.7253 1.273545 
973.1475 73.306 100.356 -0.04600 0.25170 -6.844 -0.38821 13.0000 8.50 0.5714 0.6050 1.274053 
972.7586 72.084 88.324 0.00682 0.23320 -2.734 -0.32310 13.0000 8.57 0.5274 0.5679 1.274563 
972.3697 80.882 90.341 -0.00072 0.12090 -1.204 -0.36695 13.0000 8.70 0.5235 0.5640 1.275073 
971.9807 86.333 97.079 -0.00760 0.06120 -1.428 -0.47920 13.0000 8.71 0.5398 0.5814 1.275583 
971.5916 81.748 85.760 0.01237 0.16678 -1.554 -0.56445 13.0000 8.78 0.6090 0.6444 1.276094 
971.2024 83.116 81.928 0.02592 0.18273 0.772 -0.75324 13.0000 9.00 0.6957 0.7342 1.276605 
970.8131 86.615 59.712 0.04798 0.08215 0.112 -0.80152 13.0000 8.86 0.7701 0.8040 1.277117 
970.4238 86.803 46.118 0.08290 0.08620 0.058 -1.06707 13.0000 8.89 0.8086 0.8348 1.277629 
970.0344 74.819 145.077 -0.63885 0.44606 0.039 -1.33006 13.0000 9.12 1.0172 1.1027 1.278142 
969.6449 79.055 43.819 0.31247 0.29985 0.030 -1.07779 13.0000 9.10 0.8148 0.8320 1.278656 
969.2553 62.378 12.368 1.00859 0.22116 0.009 -0.71647 13.0000 9.14 0.9758 1.0819 1.279170 
968.8657 53.128 6.652 1.51682 0.17689 -6.375 -0.44526 13.0000 9.14 1.2244 1.4258 1.279684 
968.4760 50.104 1.899 2.05883 0.06827 1.559 -0.37097 13.0000 9.28 1.3959 1.6530 1.280199 
968.0861 49.251 3.078 2.36568 0.12723 0.687 -0.35414 13.0000 9.53 1.4503 1.7352 1.280714 
967.6962 49.554 7.009 2.25311 0.27702 1.330 -0.36396 13.0000 9.54 1.3874 1.6618 1.281230 
967.3063 53.200 15.496 1.92170 0.53280 1.364 -0.58695 13.0000 9.48 1.1650 1.3904 1.281747 
966.9163 55.087 18.871 1.38863 0.47465 1.797 -0.53921 13.0000 9.66 0.9255 1.0829 1.282264 
966.5261 61.479 43.914 0.63324 0.60968 -7.347 -0.56993 13.0000 9.50 0.6698 0.7699 1.282782 
966.1359 59.410 124.101 -0.64631 0.95456 1.410 -0.63429 13.0000 9.38 0.8287 0.9372 1.283300 
965.7457 52.283 31.917 0.87647 0.54591 -0.988 -0.26830 13.0000 9.41 0.6504 0.8008 1.283818 
965.3553 47.315 356.788 1.00581 -0.05645 1.338 -0.08159 13.0000 9.73 0.6269 0.6977 1.284337 
964.9649 44.233 322.605 0.92796 -0.70935 9.293 0.03126 13.0000 9.71 0.6527 0.7669 1.284857 
964.5743 44.594 303.671 0.73690 -1.10613 4.091 0.01885 13.0000 9.68 0.6938 0.9054 1.285377 
964.1838 42.573 296.816 0.45829 -0.90664 -2.432 0.08628 13.0000 9.79 0.6568 0.9822 1.285898 
963.7931 56.349 307.493 0.58988 -0.76894 0.993 -0.40537 13.0000 9.91 0.6233 1.0264 1.286419 
963.4023 75.512 348.374 0.35989 -0.07404 0.166 -0.66353 13.0000 10.00 0.6006 0.9933 1.286941 
963.0115 68.933 72.002 0.19736 0.60748 1.539 -0.70605 13.0000 10.06 0.7191 1.0304 1.287463 
962.6207 78.452 63.454 0.07988 0.15989 2.559 -0.41913 13.0000 10.12 0.5942 0.8080 1.287986 
962.2297 61.626 124.615 -0.11574 0.16768 2.168 -0.13360 13.0000 10.18 0.6415 0.7969 1.288509 
961.8386 27.523 28.815 0.18656 0.10263 2.106 0.14884 13.0000 10.32 0.7392 0.9751 1.289033 
961.4474 27.263 308.971 0.18963 -0.23441 1.710 0.21485 13.0000 10.37 0.7557 1.0057 1.289558 
961.0562 24.496 300.462 0.16743 -0.28467 2.776 0.28717 13.0000 10.24 0.8115 1.1097 1.290083 
960.6649 26.873 297.139 0.20993 -0.40954 0.015 0.33749 13.0000 10.53 0.7617 0.9971 1.290608 
960.2736 29.415 292.842 0.27642 -0.65624 0.023 0.43074 13.0000 10.34 0.6970 0.8389 1.291134 
959.8821 26.209 313.022 0.18300 -0.19609 1.493 0.20642 13.0000 10.38 0.5739 0.6314 1.291661 
959.4905 44.369 85.925 0.03100 0.43514 4.516 0.00962 13.0000 10.48 0.5294 0.5572 1.292188 
959.0989 57.561 96.169 -0.12045 1.11438 1.417 -0.52559 13.0000 10.72 0.6345 0.7664 1.292715 
958.7073 75.152 123.599 -0.11947 0.17982 2.141 -0.37855 13.0000 10.71 0.5309 0.6355 1.293243 
958.3155 63.524 108.918 -0.14262 0.41613 -24.771 -0.33206 13.0000 10.51 0.5383 0.5847 1.293772 
957.9236 62.016 107.582 -0.14386 0.45400 1.978 -0.32162 13.0000 10.43 0.5544 0.6301 1.294301 
957.5317 62.217 123.336 -0.18241 0.27732 -287.575 -0.22757 13.0000 10.58 0.5591 0.6409 1.294831 
957.1396 46.251 101.925 -0.03836 0.18162 3.220 -0.00811 13.0000 10.49 0.5945 0.7516 1.295362 
956.7476 15.979 71.467 0.03797 0.11326 -6.990 0.19148 13.0000 10.81 0.5844 0.8259 1.295892 
956.3554 8.059 321.217 0.10420 -0.08373 2.891 0.46260 13.0000 11.13 0.5973 0.9151 1.296424 
955.9632 6.193 59.239 0.04655 0.07822 -0.012 0.41446 13.0000 11.29 0.6019 0.9558 1.296956 
955.5709 13.062 26.458 0.22893 0.11393 -0.009 0.52143 13.0000 11.08 0.6246 0.9518 1.297488 
955.1784 16.702 4.040 0.29667 0.02095 -0.010 0.45096 13.0000 11.15 0.5872 0.8940 1.298021 
954.7859 26.591 2.071 0.37794 0.01367 1.875 0.28310 13.0000 11.28 0.5538 0.8346 1.298555 
954.3934 42.059 20.768 0.37784 0.14329 14.101 0.04164 13.0000 11.10 0.5335 0.8032 1.299089 
954.0007 54.805 27.281 0.40421 0.20845 2.391 -0.16204 13.0000 11.16 0.5437 0.8320 1.299624 
953.6080 57.550 41.858 0.31381 0.28115 1.562 -0.19737 13.0000 11.35 0.5773 0.8097 1.300159 
953.2152 64.544 64.664 0.18957 0.40038 -2.879 -0.35986 13.0000 11.55 0.6103 0.7555 1.300695 
952.8223 63.196 51.419 0.24349 0.30522 1.345 -0.28778 13.0000 11.41 0.5919 0.6723 1.301231 
952.4293 58.241 39.686 0.29703 0.24647 1.953 -0.19229 13.0000 11.45 0.5870 0.6425 1.301768 
952.0363 58.821 51.709 0.21884 0.27719 4.320 -0.18496 13.0000 11.47 0.6169 0.7102 1.302305 
951.6432 47.435 61.480 0.16129 0.29681 1.952 -0.02878 13.0000 11.80 0.6824 0.7562 1.302843 
951.2499 49.082 40.354 0.31930 0.27130 19.113 -0.06011 13.0000 11.46 0.6576 0.7427 1.303382 
950.8567 29.741 62.363 0.25871 0.49409 3.770 0.32876 13.0000 11.49 0.6930 0.9516 1.303921 
950.4633 31.372 30.257 0.29968 0.17482 2.001 0.17874 13.0000 11.62 0.5718 0.6821 1.304461 
950.0699 58.187 341.067 0.29583 -0.10148 -0.312 -0.15508 13.0000 11.80 0.5585 1.0021 1.305001 
949.6763 83.256 328.724 0.11943 -0.07254 -0.155 -0.58260 13.0000 11.87 0.6005 1.3304 1.305542 
949.2827 84.162 261.053 -0.04446 -0.28240 -0.125 -1.38329 13.0000 11.99 0.7457 1.6169 1.306083 
948.8890 76.711 280.798 0.14234 -0.74630 -0.224 -1.51866 13.0000 12.29 0.8289 1.7166 1.306625 
948.4953 79.002 288.625 0.17567 -0.52123 -0.020 -1.36168 13.0000 12.24 0.7556 1.5836 1.307167 
948.1014 77.040 291.934 0.16500 -0.40975 0.621 -0.90892 13.0000 12.23 0.6344 1.2663 1.307710 
947.7075 85.424 56.304 0.04623 0.06933 1.371 -0.51725 13.0000 12.26 0.5941 0.9804 1.308254 
947.3135 28.751 90.281 -0.00212 0.43212 8.478 0.27528 13.0000 11.89 0.5695 0.6278 1.308798 
946.9194 19.169 91.414 -0.01828 0.74038 0.638 0.93651 13.0000 11.97 0.7951 1.1312 1.309343 
946.5253 13.036 90.330 -0.00277 0.48062 0.205 0.98234 13.0000 12.04 0.7035 0.8315 1.309888 
946.1310 47.281 352.049 2.70313 -0.37753 1.754 -0.21782 13.0000 12.48 2.3431 3.1784 1.310434 
945.7367 46.999 329.037 0.16863 -0.10118 3.271 -0.01374 13.0000 12.22 1.2863 1.6008 1.310980 
945.3423 36.547 153.516 -4.46184 2.22305 -1.498 1.51518 13.0000 12.45 2.8086 3.9730 1.311527 
944.9478 53.891 334.222 16.35433 -7.89826 0.507 -5.82512 13.0000 12.69 5.1637 7.1214 1.312074 
944.5532 53.983 333.879 6.71781 -3.29405 2.941 -2.42617 13.0000 12.47 6.7907 9.2028 1.312623 
944.1586 54.272 334.059 5.13880 -2.49977 6.519 -1.91699 13.0000 12.50 7.5876 10.1433 1.313171 
943.7639 53.559 333.515 4.46045 -2.22244 -1.632 -1.53487 13.0000 12.57 7.5471 9.9869 1.313720 
943.3691 54.673 333.444 4.28300 -2.14066 0.285 -1.68102 13.0000 12.60 6.6261 8.7167 1.314270 
942.9742 55.579 331.294 4.00874 -2.19531 1.933 -1.76898 13.0000 12.79 4.6187 6.1558 1.314821 
942.5792 58.674 322.116 3.45802 -2.69042 2.816 -2.26599 13.0000 12.82 1.8821 2.6370 1.315372 
942.1841 51.353 347.784 3.82166 -0.82742 -1.973 -0.88157 13.0000 12.85 2.1841 2.9386 1.315923 
941.7890 52.873 328.356 0.73320 -0.45184 -2.251 -0.24282 13.0000 13.08 1.6307 1.9836 1.316475 
941.3938 39.774 2.157 0.62630 0.02359 -19.754 0.11562 13.0000 12.98 0.6282 0.7311 1.317028 
940.9985 39.045 345.559 0.80801 -0.20808 0.810 0.17599 13.0000 13.21 0.6236 0.6911 1.317581 
940.6031 34.743 355.542 0.58127 -0.04532 -12.920 0.21814 13.0000 13.19 0.5730 0.6560 1.318135 
940.2077 27.862 3.673 0.32210 0.02068 4.161 0.21997 13.0000 13.13 0.5304 0.6123 1.318689 
939.8122 41.689 105.459 -0.07290 0.26360 4.088 0.03176 13.0000 13.32 0.5144 0.5840 1.319244 
939.4166 35.169 135.596 -0.43366 0.42473 1.662 0.21690 13.0000 13.19 0.5923 0.6251 1.319800 
939.0209 35.642 117.484 -0.20069 0.38578 -6.355 0.14733 13.0000 13.13 0.5570 0.6101 1.320356 
938.6251 42.297 115.280 -0.19474 0.41236 2.213 0.04315 13.0000 13.22 0.5711 0.6129 1.320913 
938.2292 52.874 151.279 -0.37349 0.20465 1.701 -0.12010 13.0000 13.41 0.5643 0.6040 1.321470 
937.8333 48.088 101.630 -0.12155 0.59060 1.856 -0.06525 13.0000 13.37 0.6634 0.6824 1.322028 
937.4373 51.362 80.888 0.10359 0.64591 -4.768 -0.14770 13.0000 13.76 0.6610 0.7168 1.322586 
937.0412 53.490 48.456 0.39351 0.44409 13.841 -0.18117 13.0000 13.70 0.6219 0.6808 1.323146 
936.6450 50.615 47.361 0.40446 0.43925 2.151 -0.11855 13.0000 13.47 0.6470 0.6879 1.323705 
936.2487 52.599 41.757 0.44841 0.40032 2.063 -0.16329 13.0000 13.69 0.6309 0.6819 1.324266 
935.8524 36.829 245.776 -1.42702 -3.17173 0.963 1.01983 13.0000 13.91 2.6535 5.4463 1.324826 
935.4560 67.119 20.524 0.41021 0.15357 1.367 -0.42651 13.0000 13.91 0.6195 0.6948 1.325388 
935.0594 44.298 261.467 -0.12553 -0.83665 -2.680 0.02074 13.0000 14.17 1.6259 3.1449 1.325950 
934.6629 42.748 250.487 -0.31991 -0.90276 -0.141 0.07545 13.0000 14.00 2.3624 4.7173 1.326512 
934.2662 37.643 272.008 0.06820 -1.94495 2.688 0.51105 13.0000 13.95 3.4431 5.9649 1.327076 
933.8694 43.286 249.746 -0.33264 -0.90143 4.395 0.05754 13.0000 14.21 2.9239 5.8126 1.327640 
933.4727 53.790 223.968 -0.58548 -0.56475 -21.427 -0.25774 13.0000 14.22 3.7826 7.0010 1.328204 
933.0757 58.594 164.131 -0.91650 0.26054 -1.107 -0.48945 13.0000 14.26 4.2873 6.6667 1.328769 
932.6787 57.784 143.831 -1.10507 0.80787 1.685 -0.65490 13.0000 14.50 4.7860 6.6296 1.329334 
932.2817 56.648 139.193 -1.21498 1.04900 19.450 -0.69115 13.0000 14.48 5.1358 6.8108 1.329901 
931.8845 56.358 142.061 -1.19383 0.93067 -0.016 -0.63373 13.0000 14.45 5.0831 6.8420 1.330467 
931.4873 55.362 148.504 -1.10230 0.67539 -102.627 -0.48910 13.0000 14.42 4.6126 6.4991 1.331035 
931.0900 52.266 164.715 -0.95124 0.25997 0.738 -0.25563 13.0000 14.82 3.7365 5.7961 1.331603 
930.6926 49.592 177.966 -0.68399 0.02429 1.804 -0.11065 13.0000 14.69 3.1228 5.1625 1.332171 
930.2951 43.191 216.422 -0.27326 -0.20163 -17.810 0.02147 13.0000 14.68 2.6706 4.4091 1.332740 
929.8975 58.445 126.480 -1.04972 1.41963 0.237 -0.89538 13.0000 14.90 4.6446 6.4226 1.333310 
929.4999 58.740 102.056 -0.67843 3.17642 35.311 -1.68936 13.0000 15.18 5.6281 7.6751 1.333881 
929.1022 56.510 89.170 0.15707 10.84229 29.798 -4.60745 13.0000 15.54 6.5452 9.9505 1.334452 
928.7043 57.364 87.522 0.24720 5.71178 3.511 -2.63303 13.0000 15.19 6.4564 9.8811 1.335023 
928.3065 56.732 86.973 0.26969 5.10070 -12.368 -2.21707 13.0000 15.17 6.5916 10.4420 1.335595 
927.9085 55.963 88.062 0.14820 4.38028 1.471 -1.76411 13.0000 15.15 6.7805 11.0261 1.336168 
927.5104 55.362 90.166 -0.01121 3.85925 -0.008 -1.46019 13.0000 15.43 6.8359 11.3662 1.336742 
927.1123 56.152 89.715 0.01760 3.53935 0.035 -1.45185 13.0000 15.34 5.9031 9.7388 1.337316 
926.7141 57.992 88.061 0.10170 3.00459 0.108 -1.46527 13.0000 15.28 4.5771 7.1431 1.337890 
926.3158 62.378 88.172 0.11882 3.72298 0.689 -2.58453 13.0000 15.48 3.1733 4.6268 1.338466 
925.9174 4.911 239.009 -2.70901 -4.51022 0.790 30.38870 13.0000 15.60 3.5693 6.0866 1.339042 
925.5190 62.626 91.579 -0.10613 3.85129 -0.372 -2.72307 13.0000 15.56 3.0423 4.3494 1.339618 
925.1204 63.229 88.646 0.09651 4.08434 -0.128 -3.01845 13.0000 15.71 2.7111 3.9385 1.340195 
924.7218 63.802 87.892 0.11271 3.06256 -0.077 -2.36046 13.0000 15.52 2.1592 3.1701 1.340773 
924.3231 64.680 85.407 0.12898 1.60558 -0.038 -1.32125 13.0000 15.74 1.2364 1.9043 1.341351 
923.9243 33.466 277.908 0.09867 -0.71038 1.282 0.30544 13.0000 15.87 0.7300 0.9525 1.341930 
923.5255 29.240 270.559 0.03884 -3.98037 2.092 2.44112 13.0000 16.18 3.1061 4.3286 1.342510 
923.1265 47.248 174.210 -0.30192 0.03061 0.075 -0.02386 13.0000 15.78 0.6185 0.6582 1.343090 
922.7275 43.539 76.630 0.05048 0.21239 0.043 0.01114 13.0000 16.27 0.6048 0.7036 1.343671 
922.3283 37.083 59.800 0.23911 0.41083 1.760 0.13481 13.0000 16.19 0.6115 0.7755 1.344252 
921.9291 36.471 38.628 0.43036 0.34390 0.000 0.16903 13.0000 16.18 0.7062 0.9595 1.344834 
921.5298 34.226 25.992 0.54242 0.26446 0.000 0.23830 13.0000 16.25 0.7180 0.9937 1.345417 
921.1305 31.673 21.303 0.58795 0.22927 0.000 0.31676 13.0000 15.99 0.7714 1.0776 1.346000 
920.7311 31.225 359.393 0.49826 -0.00528 0.000 0.25994 13.0000 16.23 0.7332 0.9972 1.346584 
920.3315 29.374 29.389 0.54978 0.30964 0.000 0.38292 13.0000 16.72 0.6793 0.8670 1.347169 
919.9319 35.816 54.987 0.44930 0.64136 0.000 0.26002 13.0000 16.41 0.7047 0.8462 1.347754 
919.5322 39.902 73.488 0.26351 0.88890 1.660 0.16676 13.0000 16.11 0.7971 0.8933 1.348340 
919.1324 43.233 91.428 -0.02735 1.09742 1.716 0.06778 13.0000 16.78 0.9343 1.0504 1.348926 
918.7326 38.419 74.070 0.26862 0.94116 7.532 0.22888 13.0000 16.46 0.8074 0.9093 1.349513 
918.3326 42.743 74.939 0.19122 0.71060 -4.924 0.05809 13.0000 16.77 0.8114 0.9207 1.350101 
917.9326 34.881 64.276 0.29180 0.60565 2.836 0.24785 13.0000 16.74 0.6227 0.7135 1.350689 
917.5325 14.737 0.678 0.50316 0.00595 1.980 0.89031 13.0000 16.50 0.5962 0.7087 1.351278 
917.1323 17.449 359.167 0.58870 -0.00856 1.732 0.84406 13.0000 16.63 0.6110 0.7827 1.351868 
916.7321 7.801 281.132 0.33868 -1.72115 7.279 6.28146 13.0000 16.86 0.8276 1.3839 1.352458 
916.3317 18.926 129.050 -2.44614 3.01536 107.888 4.99619 13.0000 17.06 1.2663 2.7658 1.353049 
915.9313 7.721 358.762 1.84973 -0.03999 4.949 6.69812 13.0000 17.03 0.9646 2.1913 1.353641 
915.5308 30.861 324.733 11.87047 -8.39448 4.480 7.82089 13.0000 17.18 1.4128 2.9293 1.354233 
915.1302 39.621 316.647 24.79163 -23.40597 2.621 6.47777 13.0000 17.36 1.9534 3.8436 1.354826 
914.7295 43.900 315.074 8.76556 -8.74297 -0.010 0.47582 13.0000 17.19 2.2820 4.4467 1.355419 
914.3287 47.111 316.912 3.32878 -3.11367 -0.026 -0.33645 13.0000 17.04 2.3736 4.7477 1.356013 
913.9279 45.575 316.037 5.49076 -5.29547 0.000 -0.15305 13.0000 17.13 2.2964 4.4556 1.356608 
913.5270 43.048 316.660 3.24347 -3.06072 -0.027 0.30432 13.0000 17.18 1.9250 3.8309 1.357203 
913.1259 34.447 324.120 1.51653 -1.09698 1.133 0.72243 13.0000 17.37 1.3557 2.8682 1.357799 
912.7249 11.585 1.004 0.39282 0.00688 0.000 0.91801 13.0000 17.08 0.8258 1.9459 1.358396 
912.3237 22.311 123.950 -0.59916 0.88997 2.130 1.08710 13.0000 17.35 1.2324 2.5517 1.358993 
911.9224 7.300 54.709 0.14268 0.20158 -0.257 0.94811 13.0000 17.66 0.7572 1.8102 1.359591 
911.5211 25.709 82.832 0.07103 0.56477 -0.226 0.45410 13.0000 17.83 0.7688 1.6692 1.360190 
911.1196 29.590 186.718 -1.72356 -0.20302 0.176 1.03538 13.0000 17.84 1.0201 2.1386 1.360789 
910.7181 15.169 287.820 0.18762 -0.58369 0.056 1.04760 13.0000 17.74 0.7028 0.9970 1.361389 
910.3165 44.912 343.404 1.93276 -0.57604 0.084 0.00621 13.0000 17.81 1.2279 2.0062 1.361990 
909.9149 28.577 304.600 1.36860 -1.98392 -0.063 1.55600 13.0000 17.60 2.0083 2.9040 1.362591 
909.5131 31.088 343.025 2.97010 -0.90664 0.510 1.63895 13.0000 17.38 1.9957 2.9761 1.363193 
909.1113 34.273 359.654 3.89174 -0.02353 0.121 1.52943 13.0000 17.56 2.6058 3.4708 1.363795 
908.7093 37.349 9.487 4.23246 0.70725 0.025 1.17406 13.0000 17.71 3.1398 3.8816 1.364399 
908.3073 40.303 15.865 4.30756 1.22421 0.035 0.74095 13.0000 17.59 3.4525 4.0759 1.365003 
907.9052 43.525 23.004 4.43352 1.88231 0.003 0.24821 13.0000 17.74 3.4799 3.9378 1.365607 
907.5031 55.905 29.560 5.19801 2.94806 -1.193 -2.39144 13.0000 17.74 3.5140 3.9301 1.366212 
907.1008 41.127 28.639 3.69201 2.01623 -0.005 0.57226 13.0000 17.74 2.9098 3.2979 1.366818 
906.6984 29.726 29.095 2.92440 1.62735 -0.009 1.97510 13.0000 17.78 2.6770 3.0310 1.367425 
906.2960 23.640 34.910 2.53809 1.77127 -0.039 2.85795 13.0000 17.75 2.8131 3.1357 1.368032 
905.8935 18.043 40.543 2.31639 1.98141 -0.578 4.18238 13.0000 17.96 3.3016 3.6700 1.368640 
905.4909 14.488 27.770 2.06741 1.08865 0.007 4.21921 13.0000 17.90 3.1433 3.4502 1.369248 
905.0883 11.473 24.971 1.42763 0.66483 3.308 3.71977 13.0000 17.94 2.9193 3.1549 1.369857 
904.6855 7.467 24.927 0.72357 0.33629 1.039 2.99153 13.0000 18.43 2.3217 2.4590 1.370467 
904.2826 6.197 152.154 -0.32691 0.17270 -0.013 1.68232 13.0000 18.22 1.5967 1.7413 1.371078 
903.8797 23.769 191.397 -0.87986 -0.17736 -0.004 0.82134 13.0000 18.66 1.3820 1.5583 1.371689 
903.4767 84.057 86.289 0.01805 0.27832 2.528 -1.32509 13.0000 18.52 1.3673 1.4872 1.372301 
903.0736 85.872 62.426 0.03102 0.05939 0.197 -0.46182 13.0000 18.50 0.8344 1.1877 1.372913 
902.6704 88.354 296.785 0.02164 -0.04286 0.022 -0.83469 13.0000 18.58 1.0129 1.6226 1.373527 
902.2672 84.689 280.506 0.04352 -0.23469 0.134 -1.27264 13.0000 18.46 1.1646 1.9509 1.374140 
901.8638 82.219 278.342 0.07742 -0.52797 17.690 -1.91601 13.0000 18.51 1.3248 2.0870 1.374755 
901.4604 85.363 269.237 -0.00511 -0.38356 -0.039 -2.34896 13.0000 18.40 1.3782 2.1151 1.375370 
901.0569 79.650 278.204 0.09791 -0.67907 -0.056 -1.81563 13.0000 18.72 1.2597 1.7801 1.375986 
900.6533 66.054 218.967 -0.87001 -0.70369 -1.539 -1.01138 13.0000 18.53 1.5177 2.1645 1.376603 
900.2496 65.294 38.712 0.38334 0.30725 -0.457 -0.42088 13.0000 18.77 0.6913 1.1051 1.377220 
899.8458 39.190 40.671 1.68031 1.44382 0.296 0.45554 13.0000 18.37 1.3420 2.0544 1.377838 
899.4420 47.934 21.558 4.30923 1.70247 0.347 -0.47625 13.0000 18.73 1.6304 2.7176 1.378457 
899.0380 47.235 19.495 7.44648 2.63617 -0.408 -0.61758 13.0000 18.88 1.9370 3.2482 1.379076 
898.6340 46.155 17.871 11.90208 3.83768 0.177 -0.50426 13.0000 18.83 2.0373 3.4101 1.379696 
898.2299 44.957 7.816 17.25673 2.36883 -0.727 0.02607 13.0000 18.81 1.7765 3.1895 1.380317 
897.8257 44.589 22.415 7.16187 2.95416 -1.098 0.11126 13.0000 19.11 1.6224 2.7339 1.380938 
897.4214 43.940 48.104 1.89915 2.11691 0.227 0.10529 13.0000 19.44 1.3631 2.0703 1.381560 
897.0171 46.568 86.873 0.07458 1.36522 0.037 -0.07489 13.0000 19.04 1.0789 1.4585 1.382183 
896.6127 47.437 138.300 -0.98425 0.87694 0.028 -0.11240 13.0000 18.99 1.2553 1.8952 1.382807 
896.2081 52.207 101.579 -0.33170 1.61898 0.016 -0.42475 13.0000 19.12 1.2714 1.4577 1.383431 
895.8035 47.075 95.754 -0.14476 1.43662 0.039 -0.10476 13.0000 19.00 1.2336 1.6670 1.384056 
895.3989 44.195 89.675 0.00676 1.19330 0.016 0.03352 13.0000 19.06 1.0301 1.6451 1.384681 
894.9941 39.215 86.149 0.05790 0.86007 29.865 0.17647 13.0000 19.36 0.8768 1.7401 1.385307 
894.5892 26.802 75.862 0.09780 0.38828 1.595 0.29516 13.0000 19.71 0.6977 1.7196 1.385934 
894.1843 15.905 308.065 0.13843 -0.17677 0.000 0.36199 13.0000 19.21 0.7319 1.6620 1.386562 
893.7792 10.638 49.942 0.10452 0.12431 0.003 0.41709 13.0000 19.35 0.6706 1.8158 1.387190 
893.3741 11.680 26.992 0.19345 0.09853 2.347 0.50265 13.0000 19.32 0.6410 1.5232 1.387819 
892.9689 14.761 358.084 0.32844 -0.01099 -7.967 0.58031 13.0000 19.56 0.5950 1.0955 1.388449 
892.5637 25.256 330.379 0.20442 -0.11623 -0.998 0.19376 13.0000 19.52 0.5495 0.6286 1.389079 
892.1583 59.020 249.374 -0.11884 -0.31573 0.410 -0.17967 13.0000 19.95 0.6273 0.8340 1.389711 
891.7528 7.652 32.826 0.06667 0.04301 0.906 0.28994 13.0000 19.54 0.6109 0.7442 1.390343 
891.3473 21.635 72.834 0.04871 0.15768 -0.531 0.17532 13.0000 20.04 0.6139 0.8551 1.390975 
890.9417 39.868 84.451 0.02673 0.27516 1.172 0.05006 13.0000 19.67 0.6332 0.9133 1.391608 
890.5359 47.033 89.855 0.00072 0.28456 0.000 -0.02022 13.0000 19.67 0.6135 0.8881 1.392242 
890.1302 54.559 94.883 -0.02012 0.23550 0.027 -0.08193 13.0000 20.01 0.5705 0.8268 1.392877 
889.7243 66.337 202.845 -0.28483 -0.11999 0.000 -0.28495 13.0000 19.69 0.5657 0.8893 1.393512 
889.3184 47.232 50.631 0.10285 0.12535 0.000 -0.01266 13.0000 19.85 0.5260 0.5876 1.394148 
888.9123 37.189 41.647 0.35252 0.31351 1.732 0.13191 13.0000 19.93 0.5996 0.6959 1.394785 
888.5062 42.719 53.253 0.33410 0.44747 -2.150 0.04455 13.0000 20.33 0.6853 0.9685 1.395423 
888.1000 36.711 61.046 0.33824 0.61137 -83.708 0.20801 13.0000 19.87 0.8400 1.0620 1.396061 
887.6937 38.798 63.805 0.34596 0.70323 1.994 0.17238 13.0000 20.29 0.9078 1.1583 1.396700 
887.2873 40.638 64.421 0.32835 0.68596 -247.764 0.11669 13.0000 20.53 0.8904 1.1342 1.397340 
886.8808 45.777 67.583 0.27915 0.67668 2.321 -0.01985 13.0000 20.23 0.8635 1.0369 1.397980 
886.4743 44.913 69.279 0.18414 0.48675 2.679 0.00158 13.0000 20.30 0.6615 0.7868 1.398621 
886.0676 51.924 85.195 0.02866 0.34092 2.792 -0.08433 13.0000 20.20 0.5549 0.6123 1.399263 
885.6609 80.148 68.646 0.03447 0.08817 1.488 -0.26436 13.0000 20.29 0.5352 0.6439 1.399906 
885.2541 45.848 93.290 -0.01954 0.33994 0.071 -0.01009 13.0000 20.45 0.5401 0.6153 1.400549 
884.8472 43.554 94.263 -0.02514 0.33731 0.013 0.01708 13.0000 20.40 0.5318 0.6059 1.401193 
884.4402 44.540 15.888 1.20467 0.34288 80.809 0.02013 13.0000 20.54 0.8739 1.9480 1.401838 
884.0332 43.829 103.612 -0.09840 0.40634 1.777 0.01710 13.0000 20.74 0.5546 0.6275 1.402483 
883.6260 60.125 155.551 -0.76475 0.34770 0.000 -0.48992 13.0000 20.78 0.7966 1.3926 1.403130 
883.2188 43.626 160.457 -1.15456 0.40982 0.000 0.05881 13.0000 20.89 0.8642 1.8422 1.403777 
882.8115 53.508 152.964 -0.46946 0.23957 0.000 -0.16129 13.0000 20.65 1.5780 2.7039 1.404424 
882.4041 32.798 181.428 -2.87355 -0.07162 0.053 1.30416 13.0000 20.86 1.0673 2.2961 1.405073 
881.9966 66.883 10.889 1.39680 0.26871 0.044 -1.36241 13.0000 20.94 1.7213 3.0821 1.405722 
881.5890 71.183 19.933 0.67186 0.24365 0.043 -0.92686 13.0000 20.94 2.4115 3.9461 1.406372 
881.1813 74.275 28.279 0.44648 0.24020 0.030 -0.82897 13.0000 20.82 2.9038 4.5405 1.407023 
880.7736 72.379 28.867 0.50209 0.27679 0.246 -0.81150 13.0000 21.19 3.1265 4.8399 1.407674 
880.3658 71.501 25.319 0.53886 0.25493 -0.002 -0.79116 13.0000 20.75 3.0411 4.7231 1.408326 
879.9579 63.800 42.267 0.63972 0.58142 -0.035 -0.66570 13.0000 21.00 2.9472 4.6143 1.408979 
879.5499 64.778 356.954 1.45556 -0.07745 0.030 -1.20392 13.0000 20.92 1.8837 3.3939 1.409632 
879.1418 34.152 137.938 -2.68143 2.41965 0.185 1.43698 13.0000 21.15 1.6330 3.0357 1.410287 
878.7336 42.618 121.911 -0.57733 0.92710 -0.007 0.09103 13.0000 21.07 2.7320 4.2259 1.410942 
878.3253 37.934 116.792 -0.86078 1.70466 -0.737 0.48077 13.0000 21.46 2.4569 3.4955 1.411598 
877.9170 39.986 108.376 -0.52721 1.58706 2.424 0.29569 13.0000 21.22 2.4663 3.1075 1.412254 
877.5085 44.112 92.922 -0.07360 1.44199 194.643 0.04477 13.0000 21.46 2.2783 2.5411 1.412912 
877.1000 42.313 102.833 -0.27945 1.22674 3.167 0.11836 13.0000 21.58 1.8750 2.1504 1.413570 
876.6915 42.767 108.153 -0.28477 0.86854 2.032 0.07138 13.0000 21.49 1.2326 1.4465 1.414228 
876.2828 56.224 121.376 -0.21138 0.34662 -0.043 -0.16773 13.0000 21.52 0.6593 0.9301 1.414888 
875.8740 59.039 274.864 0.10747 -1.26289 0.281 -0.67616 13.0000 21.99 1.1112 1.5926 1.415548 
875.4651 45.707 112.170 -0.11056 0.27133 0.045 -0.00723 13.0000 21.86 0.5978 0.7247 1.416209 
875.0562 39.011 114.651 -0.10253 0.22341 0.136 0.05215 13.0000 21.92 0.5503 0.5927 1.416871 
874.6472 32.326 93.003 -0.01694 0.32295 4.678 0.15319 13.0000 21.58 0.5535 0.6859 1.417534 
874.2380 44.487 36.305 0.35219 0.25876 0.000 0.00782 13.0000 21.88 0.5408 0.8429 1.418197 
873.8289 48.066 100.956 -0.06841 0.35340 1.561 -0.03867 13.0000 21.67 0.5331 0.9432 1.418861 
873.4196 57.493 103.664 -0.10642 0.43775 1.708 -0.20994 13.0000 22.35 0.5641 0.9969 1.419526 
873.0102 52.021 104.585 -0.11495 0.44178 0.476 -0.11418 13.0000 22.11 0.5589 0.9579 1.420192 
872.6007 50.111 105.166 -0.11385 0.42003 -0.074 -0.07848 13.0000 21.96 0.5507 0.8585 1.420858 
872.1912 50.182 93.777 -0.03770 0.57102 -0.123 -0.10466 13.0000 22.23 0.6156 0.7839 1.421525 
871.7816 46.124 93.534 -0.02817 0.45625 -0.059 -0.01794 13.0000 21.77 0.5945 0.6164 1.422193 
871.3718 46.884 86.130 0.02753 0.40687 2.236 -0.02686 13.0000 22.63 0.6159 0.7569 1.422862 
870.9620 68.299 106.663 -0.04188 0.13992 -0.114 -0.15444 13.0000 22.48 0.5401 0.5781 1.423532 
870.5521 79.387 204.853 -0.07795 -0.03610 2.076 -0.22117 13.0000 22.54 0.5353 0.5857 1.424202 
870.1422 75.614 202.988 -0.08467 -0.03592 1.855 -0.16749 13.0000 22.73 0.5286 0.5778 1.424873 
869.7321 69.038 119.488 -0.06986 0.12354 0.031 -0.15804 13.0000 22.53 0.5393 0.5897 1.425545 
869.3219 64.967 99.757 -0.04604 0.26774 1.434 -0.22743 13.0000 22.62 0.5918 0.6396 1.426217 
868.9117 56.926 92.036 -0.01487 0.41817 1.998 -0.18501 13.0000 22.81 0.6248 0.6569 1.426891 
868.5013 53.563 87.927 0.01973 0.54490 -0.012 -0.16802 13.0000 22.84 0.6934 0.7107 1.427565 
868.0909 51.526 85.894 0.04822 0.67171 1.371 -0.15611 13.0000 22.86 0.8055 0.8265 1.428240 
867.6805 51.225 86.737 0.03679 0.64518 -0.025 -0.14266 13.0000 22.84 0.7884 0.8000 1.428915 
867.2699 51.938 86.524 0.03384 0.55707 1.737 -0.13786 13.0000 22.98 0.6955 0.7064 1.429592 
866.8592 51.584 85.886 0.03845 0.53469 1.782 -0.12542 13.0000 23.13 0.6632 0.6698 1.430269 
866.4485 47.851 84.377 0.04974 0.50525 -0.216 -0.05070 13.0000 22.86 0.6183 0.6237 1.430947 
866.0376 48.468 80.550 0.09366 0.56268 1.194 -0.06939 13.0000 22.93 0.6310 0.6373 1.431626 
865.6267 44.342 83.957 0.06189 0.58463 1.377 0.01350 13.0000 23.60 0.6313 0.6366 1.432306 
865.2157 44.370 86.155 0.03638 0.54123 -0.013 0.01194 13.0000 23.07 0.6141 0.6285 1.432986 
864.8046 45.572 88.266 0.01673 0.55262 1.382 -0.01103 13.0000 23.20 0.6288 0.6525 1.433667 
864.3934 45.336 90.122 -0.00113 0.53387 1.293 -0.00625 13.0000 23.41 0.6302 0.6690 1.434349 
863.9821 46.187 94.078 -0.04233 0.59376 1.799 -0.02467 13.0000 23.15 0.6618 0.7170 1.435032 
863.5707 44.299 92.574 -0.02477 0.55091 -2.524 0.01350 13.0000 23.54 0.6451 0.6932 1.435716 
863.1593 41.832 93.542 -0.02503 0.40445 1.682 0.04499 13.0000 23.54 0.5763 0.6188 1.436400 
862.7477 39.389 88.647 0.01120 0.47403 1.312 0.09408 13.0000 23.97 0.6011 0.6272 1.437085 
862.3361 38.967 84.336 0.04802 0.48420 -0.005 0.10401 13.0000 23.57 0.6042 0.6215 1.437771 
861.9244 42.996 80.523 0.08322 0.49852 1.378 0.03541 13.0000 23.81 0.6197 0.6392 1.438458 
861.5126 40.127 83.842 0.05561 0.51545 -1.726 0.08905 13.0000 23.82 0.6226 0.6394 1.439145 
861.1008 36.578 85.726 0.02869 0.38385 1.263 0.11654 13.0000 23.95 0.5728 0.5826 1.439834 
860.6888 35.096 87.338 0.01577 0.33912 1.291 0.12228 13.0000 24.06 0.5581 0.5715 1.440523 
860.2767 36.928 87.537 0.01569 0.36479 1.320 0.10570 13.0000 23.81 0.5590 0.5785 1.441213 
859.8646 38.347 90.082 -0.00057 0.39662 -0.004 0.09381 13.0000 24.07 0.5639 0.5886 1.441904 
859.4523 35.924 84.875 0.03218 0.35888 1.238 0.11813 13.0000 24.27 0.5542 0.5743 1.442595 
859.0400 38.782 83.058 0.04670 0.38357 4.650 0.08521 13.0000 24.17 0.5601 0.5748 1.443288 
858.6276 41.315 82.029 0.05892 0.42079 1.190 0.05497 13.0000 24.60 0.5655 0.5754 1.443981 
858.2151 43.411 83.361 0.05390 0.46309 1.275 0.02589 13.0000 24.74 0.5858 0.5916 1.444675 
857.8026 44.378 85.338 0.04580 0.56170 1.449 0.01224 13.0000 24.38 0.6384 0.6418 1.445370 
857.3899 44.696 86.593 0.03737 0.62771 1.326 0.00667 13.0000 24.62 0.6774 0.6811 1.446065 
856.9771 45.046 86.619 0.03455 0.58474 1.286 -0.00093 13.0000 23.98 0.6716 0.6747 1.446762 
856.5643 45.891 87.099 0.02857 0.56393 1.223 -0.01757 13.0000 24.38 0.6719 0.6752 1.447459 
856.1514 46.456 86.988 0.03058 0.58105 0.002 -0.02961 13.0000 24.88 0.6926 0.6965 1.448157 
855.7383 46.861 87.171 0.02692 0.54469 1.518 -0.03548 13.0000 24.91 0.6826 0.6884 1.448856 
855.3253 47.322 86.776 0.03230 0.57339 1.407 -0.04666 13.0000 24.93 0.7062 0.7134 1.449556 
854.9120 47.835 86.050 0.04150 0.60101 2.048 -0.05981 13.0000 24.61 0.7176 0.7231 1.450257 
854.4988 47.635 85.387 0.04666 0.57821 1.426 -0.05352 13.0000 24.78 0.6790 0.6845 1.450958 
854.0854 47.304 85.765 0.04356 0.58832 1.574 -0.04754 13.0000 24.74 0.6832 0.6897 1.451660 
853.6719 46.978 85.511 0.04942 0.62937 1.559 -0.04367 13.0000 25.09 0.7037 0.7094 1.452364 
853.2584 45.891 85.514 0.04966 0.63307 1.333 -0.01975 13.0000 24.97 0.6895 0.6929 1.453067 
852.8448 45.251 85.318 0.05089 0.62127 1.173 -0.00545 13.0000 24.93 0.6834 0.6873 1.453772 
852.4311 44.988 85.372 0.04671 0.57694 1.530 0.00023 13.0000 24.88 0.6652 0.6697 1.454478 
852.0173 45.481 84.601 0.05796 0.61327 1.261 -0.01035 13.0000 25.11 0.6930 0.6971 1.455184 
851.6034 44.569 84.538 0.05433 0.56820 1.237 0.00858 13.0000 25.11 0.6720 0.6773 1.455891 
851.1894 44.840 84.151 0.06012 0.58679 1.217 0.00329 13.0000 24.92 0.6760 0.6815 1.456599 
850.7753 45.104 83.960 0.06833 0.64578 1.512 -0.00235 13.0000 25.12 0.6978 0.7011 1.457308 
850.3612 45.663 84.127 0.06118 0.59483 1.715 -0.01384 13.0000 25.25 0.6622 0.6663 1.458018 
849.9470 45.343 84.576 0.05821 0.61314 1.155 -0.00737 13.0000 25.12 0.6708 0.6748 1.458728 
849.5326 45.319 84.510 0.06310 0.65652 1.648 -0.00736 13.0000 25.14 0.7012 0.7045 1.459440 
849.1182 44.727 84.159 0.06974 0.68176 1.194 0.00653 13.0000 25.48 0.7167 0.7196 1.460152 
848.7037 44.463 84.124 0.07089 0.68880 1.222 0.01299 13.0000 25.46 0.7169 0.7194 1.460865 
848.2891 43.850 84.331 0.06840 0.68905 1.335 0.02781 13.0000 25.36 0.7142 0.7165 1.461579 
847.8744 43.462 84.262 0.06746 0.67132 1.269 0.03626 13.0000 25.97 0.7029 0.7051 1.462294 
847.4597 42.968 84.087 0.07059 0.68160 1.243 0.04868 13.0000 25.85 0.7075 0.7095 1.463010 
847.0448 43.097 84.101 0.07018 0.67928 1.188 0.04542 13.0000 26.13 0.7046 0.7068 1.463726 
846.6298 42.740 84.034 0.07121 0.68147 1.227 0.05417 13.0000 26.31 0.7034 0.7052 1.464444 
846.2148 42.100 83.801 0.07468 0.68755 1.117 0.07025 13.0000 25.80 0.7057 0.7076 1.465162 
845.7997 42.792 83.691 0.07671 0.69383 1.199 0.05391 13.0000 26.18 0.7046 0.7066 1.465881 
845.3845 42.993 83.572 0.07821 0.69422 1.174 0.04902 13.0000 26.07 0.7080 0.7100 1.466601 
844.9692 42.523 83.575 0.07848 0.69691 1.236 0.06079 13.0000 26.11 0.7093 0.7114 1.467322 
844.5538 42.827 83.541 0.07902 0.69807 1.331 0.05339 13.0000 25.90 0.7121 0.7143 1.468044 
844.1383 42.717 83.528 0.07986 0.70402 1.106 0.05659 13.0000 26.05 0.7131 0.7155 1.468766 
843.7227 41.797 83.553 0.07953 0.70386 1.208 0.07954 13.0000 26.52 0.7163 0.7192 1.469490 
843.3071 41.250 83.489 0.08366 0.73310 1.006 0.09713 13.0000 26.44 0.7207 0.7236 1.470214 
842.8914 40.707 83.548 0.08468 0.74883 1.217 0.11377 13.0000 26.55 0.7249 0.7277 1.470939 
842.4755 40.768 83.637 0.08442 0.75704 1.169 0.11334 13.0000 26.49 0.7388 0.7416 1.471665 
842.0596 40.458 83.593 0.08377 0.74602 1.185 0.12003 13.0000 26.70 0.7418 0.7446 1.472392 
841.6436 40.439 83.474 0.08551 0.74747 1.140 0.12080 13.0000 26.83 0.7451 0.7482 1.473120 
841.2275 40.701 83.396 0.08740 0.75493 1.055 0.11489 13.0000 26.74 0.7469 0.7506 1.473849 
840.8113 41.156 83.366 0.08871 0.76271 1.065 0.10366 13.0000 27.14 0.7502 0.7549 1.474578 
840.3951 41.661 83.430 0.08845 0.76802 1.081 0.09052 13.0000 26.96 0.7618 0.7662 1.475308 
839.9787 41.664 83.312 0.08959 0.76408 1.147 0.08999 13.0000 26.99 0.7649 0.7684 1.476040 
839.5623 41.092 83.296 0.09017 0.76710 1.163 0.10603 13.0000 27.46 0.7656 0.7689 1.476772 
839.1457 41.385 83.315 0.08941 0.76279 1.351 0.09742 13.0000 27.36 0.7694 0.7728 1.477505 
838.7291 41.391 83.146 0.09114 0.75825 1.152 0.09672 13.0000 27.30 0.7683 0.7717 1.478239 
838.3124 41.524 83.066 0.09266 0.76189 1.123 0.09357 13.0000 27.53 0.7692 0.7728 1.478974 
837.8956 41.916 83.011 0.09375 0.76467 1.134 0.08327 13.0000 27.75 0.7710 0.7748 1.479709 
837.4787 41.994 82.919 0.09573 0.77070 1.171 0.08178 13.0000 27.65 0.7682 0.7721 1.480446 
837.0617 41.665 82.780 0.09790 0.77281 1.445 0.09108 13.0000 27.59 0.7692 0.7732 1.481183 
836.6447 41.350 82.753 0.09947 0.78224 1.203 0.10100 13.0000 27.70 0.7705 0.7743 1.481922 
836.2275 41.171 82.634 0.10125 0.78320 1.166 0.10619 13.0000 28.04 0.7701 0.7738 1.482661 
835.8102 41.103 82.501 0.10355 0.78665 1.138 0.10860 13.0000 28.33 0.7706 0.7740 1.483401 
835.3929 41.103 82.447 0.10432 0.78680 1.141 0.10863 13.0000 28.06 0.7754 0.7790 1.484142 
834.9755 41.157 82.356 0.10559 0.78678 1.095 0.10713 13.0000 28.14 0.7764 0.7798 1.484884 
834.5579 40.923 82.338 0.10656 0.79206 1.092 0.11451 13.0000 28.33 0.7785 0.7816 1.485627 
834.1403 40.875 82.331 0.10630 0.78939 1.164 0.11549 13.0000 28.48 0.7781 0.7814 1.486371 
833.7227 40.785 82.304 0.10692 0.79126 1.053 0.11833 13.0000 28.41 0.7785 0.7816 1.487115 
833.3049 40.721 82.229 0.10802 0.79159 1.133 0.12024 13.0000 28.69 0.7784 0.7813 1.487861 
832.8870 40.582 82.163 0.10938 0.79468 1.081 0.12470 13.0000 28.55 0.7789 0.7817 1.488608 
832.4691 40.674 82.137 0.10928 0.79124 1.159 0.12153 13.0000 29.02 0.7786 0.7815 1.489355 
832.0510 40.549 82.103 0.11027 0.79490 1.193 0.12569 13.0000 29.23 0.7801 0.7829 1.490103 
831.6329 40.525 82.110 0.11045 0.79705 1.159 0.12672 13.0000 28.85 0.7808 0.7835 1.490852 
831.2146 40.649 82.002 0.11183 0.79588 1.058 0.12300 13.0000 29.38 0.7815 0.7842 1.491603 
830.7963 40.562 81.993 0.11264 0.80073 1.188 0.12628 13.0000 29.52 0.7832 0.7857 1.492354 
830.3779 40.582 81.928 0.11406 0.80426 1.098 0.12628 13.0000 29.37 0.7860 0.7884 1.493106 
829.9594 40.593 81.920 0.11440 0.80587 1.105 0.12622 13.0000 30.20 0.7891 0.7915 1.493858 
829.5408 40.575 81.853 0.11584 0.80917 1.126 0.12729 13.0000 29.85 0.7911 0.7935 1.494612 
829.1221 40.639 81.818 0.11617 0.80795 1.077 0.12522 13.0000 29.58 0.7919 0.7943 1.495367 
828.7034 40.643 81.791 0.11677 0.80941 1.142 0.12533 13.0000 30.10 0.7928 0.7952 1.496123 
828.2845 40.626 81.770 0.11690 0.80822 1.184 0.12566 13.0000 30.37 0.7926 0.7949 1.496879 
827.8656 40.606 81.714 0.11820 0.81164 1.109 0.12679 13.0000 29.48 0.7941 0.7965 1.497637 
827.4465 40.624 81.687 0.11866 0.81205 1.139 0.12634 13.0000 30.28 0.7954 0.7977 1.498395 
827.0275 40.633 81.640 0.11954 0.81349 1.129 0.12631 13.0000 30.44 0.7975 0.7998 1.499154 
826.6082 40.593 81.621 0.12010 0.81535 1.096 0.12779 13.0000 30.30 0.7982 0.8004 1.499915 
826.1889 40.555 81.583 0.12103 0.81799 1.154 0.12934 13.0000 30.49 0.8009 0.8031 1.500676 
825.7695 40.535 81.573 0.12128 0.81862 1.164 0.13002 13.0000 31.02 0.8025 0.8047 1.501438 
825.3500 40.525 81.568 0.12142 0.81914 1.194 0.13042 13.0000 30.64 0.8043 0.8064 1.502201 
824.9305 40.530 81.579 0.12137 0.81978 1.104 0.13037 13.0000 30.57 0.8058 0.8078 1.502965 
824.5108 40.534 81.543 0.12219 0.82181 1.077 0.13057 13.0000 30.74 0.8067 0.8087 1.503730 
824.0911 40.460 81.507 0.12304 0.82403 1.105 0.13315 13.0000 30.92 0.8085 0.8105 1.504496 
823.6713 40.397 81.472 0.12379 0.82553 1.153 0.13529 13.0000 31.02 0.8098 0.8117 1.505263 
823.2513 40.378 81.482 0.12389 0.82719 1.137 0.13612 13.0000 30.93 0.8116 0.8135 1.506031 
822.8313 40.360 81.482 0.12400 0.82797 1.143 0.13681 13.0000 31.07 0.8119 0.8138 1.506800 
822.4112 40.303 81.500 0.12427 0.83149 1.157 0.13908 13.0000 31.41 0.8146 0.8165 1.507569 
821.9910 40.332 81.545 0.12376 0.83259 1.084 0.13839 13.0000 31.27 0.8167 0.8186 1.508340 
821.5707 40.289 81.551 0.12369 0.83265 1.098 0.13968 13.0000 31.70 0.8169 0.8188 1.509112 
821.1503 40.222 81.549 0.12395 0.83426 1.124 0.14198 13.0000 31.99 0.8174 0.8192 1.509884 
820.7299 40.143 81.543 0.12470 0.83871 1.163 0.14514 13.0000 32.16 0.8201 0.8218 1.510658 
820.3093 40.118 81.572 0.12459 0.84087 1.097 0.14629 13.0000 31.94 0.8224 0.8242 1.511432 
819.8886 40.205 81.567 0.12443 0.83931 1.093 0.14336 13.0000 31.81 0.8222 0.8240 1.512208 
819.4679 40.191 81.556 0.12481 0.84076 1.094 0.14403 13.0000 32.61 0.8234 0.8252 1.512984 
819.0471 40.167 81.564 0.12512 0.84361 1.133 0.14524 13.0000 32.29 0.8255 0.8273 1.513761 
818.6262 40.137 81.548 0.12571 0.84592 1.131 0.14660 13.0000 32.99 0.8269 0.8287 1.514540 
818.2051 40.123 81.520 0.12631 0.84721 1.125 0.14725 13.0000 32.58 0.8279 0.8296 1.515319 
817.7841 40.082 81.506 0.12685 0.84934 1.025 0.14888 13.0000 32.54 0.8287 0.8304 1.516099 
817.3629 40.034 81.521 0.12677 0.85039 1.075 0.15055 13.0000 32.81 0.8289 0.8306 1.516881 
816.9416 40.016 81.550 0.12670 0.85287 1.068 0.15155 13.0000 32.74 0.8312 0.8330 1.517663 
816.5202 39.942 81.541 0.12730 0.85598 1.089 0.15441 13.0000 32.83 0.8329 0.8347 1.518446 
816.0988 39.886 81.553 0.12757 0.85897 1.079 0.15670 13.0000 33.16 0.8345 0.8363 1.519230 
815.6772 39.858 81.516 0.12856 0.86187 1.099 0.15811 13.0000 33.10 0.8365 0.8382 1.520015 
815.2556 39.861 81.525 0.12839 0.86169 1.087 0.15799 13.0000 33.21 0.8369 0.8386 1.520801 
814.8338 39.843 81.541 0.12844 0.86362 1.040 0.15888 13.0000 33.11 0.8386 0.8403 1.521589 
814.4120 39.805 81.520 0.12911 0.86602 1.097 0.16055 13.0000 33.61 0.8402 0.8419 1.522377 
813.9901 39.741 81.562 0.12889 0.86887 1.081 0.16307 13.0000 34.01 0.8420 0.8438 1.523166 
813.5681 39.772 81.586 0.12856 0.86910 1.078 0.16213 13.0000 33.77 0.8433 0.8451 1.523956 
813.1460 39.744 81.555 0.12914 0.86977 1.064 0.16317 13.0000 33.78 0.8431 0.8449 1.524747 
812.7238 39.717 81.568 0.12907 0.87070 1.131 0.16418 13.0000 34.26 0.8436 0.8454 1.525539 
812.3015 39.690 81.519 0.13049 0.87508 1.104 0.16589 13.0000 34.35 0.8471 0.8489 1.526332 
811.8792 39.621 81.564 0.12976 0.87497 1.080 0.16807 13.0000 34.80 0.8466 0.8484 1.527126 
811.4567 39.609 81.562 0.12995 0.87599 1.070 0.16866 13.0000 34.77 0.8480 0.8498 1.527921 
811.0341 39.626 81.555 0.12999 0.87553 1.025 0.16802 13.0000 34.30 0.8479 0.8497 1.528717 
810.6115 39.576 81.623 0.12925 0.87767 1.088 0.17002 13.0000 34.69 0.8492 0.8509 1.529514 
810.1888 39.545 81.600 0.12973 0.87855 1.050 0.17118 13.0000 34.06 0.8492 0.8509 1.530312 
809.7659 39.555 81.564 0.13045 0.87950 1.043 0.17106 13.0000 35.02 0.8500 0.8517 1.531111 
809.3430 39.569 81.539 0.13089 0.87986 1.024 0.17068 13.0000 35.19 0.8504 0.8520 1.531912 
808.9200 39.565 81.467 0.13218 0.88099 1.079 0.17107 13.0000 35.08 0.8513 0.8529 1.532713 
808.4969 39.572 81.423 0.13297 0.88160 1.086 0.17098 13.0000 35.53 0.8519 0.8535 1.533515 
808.0737 39.605 81.395 0.13328 0.88076 1.105 0.16976 13.0000 35.43 0.8515 0.8531 1.534318 
807.6505 39.589 81.407 0.13327 0.88190 1.126 0.17050 13.0000 35.55 0.8526 0.8542 1.535122 
807.2271 39.565 81.404 0.13340 0.88243 1.064 0.17137 13.0000 35.48 0.8525 0.8541 1.535927 
806.8036 39.587 81.347 0.13439 0.88313 1.049 0.17083 13.0000 36.21 0.8531 0.8546 1.536733 
806.3801 39.612 81.323 0.13482 0.88339 1.061 0.17009 13.0000 35.56 0.8531 0.8546 1.537540 
805.9564 39.638 81.284 0.13551 0.88386 1.032 0.16934 13.0000 36.18 0.8537 0.8552 1.538349 
805.5327 39.661 81.249 0.13610 0.88421 1.046 0.16867 13.0000 36.03 0.8546 0.8561 1.539158 
805.1089 39.698 81.193 0.13701 0.88432 1.033 0.16753 13.0000 35.67 0.8549 0.8564 1.539968 
804.6850 39.692 81.187 0.13736 0.88591 1.064 0.16805 13.0000 36.22 0.8568 0.8583 1.540779 
804.2610 39.683 81.163 0.13778 0.88619 1.056 0.16840 13.0000 36.73 0.8566 0.8581 1.541591 
803.8369 39.690 81.140 0.13825 0.88691 1.041 0.16831 13.0000 36.20 0.8572 0.8587 1.542405 
803.4127 39.718 81.127 0.13855 0.88750 1.074 0.16752 13.0000 36.57 0.8583 0.8599 1.543219 
802.9884 39.722 81.122 0.13870 0.88798 1.112 0.16747 13.0000 36.63 0.8589 0.8604 1.544035 
802.5640 39.715 81.113 0.13905 0.88926 1.038 0.16796 13.0000 36.38 0.8601 0.8616 1.544851 
802.1396 39.701 81.103 0.13922 0.88930 1.077 0.16841 13.0000 37.44 0.8593 0.8609 1.545669 
801.7150 39.703 81.120 0.13896 0.88946 1.071 0.16837 13.0000 37.59 0.8597 0.8612 1.546487 
801.2903 39.738 81.083 0.13959 0.88969 1.069 0.16731 13.0000 37.46 0.8601 0.8615 1.547307 
800.8657 39.748 81.098 0.13930 0.88940 1.069 0.16691 13.0000 36.99 0.8600 0.8615 1.548127 
800.4408 39.741 81.082 0.13943 0.88856 1.091 0.16698 13.0000 36.68 0.8593 0.8607 1.548949 
800.0159 39.750 81.089 0.13938 0.88898 1.050 0.16677 13.0000 37.50 0.8596 0.8610 1.549772 
799.5909 39.757 81.049 0.14001 0.88894 1.036 0.16657 13.0000 37.30 0.8590 0.8604 1.550595 
799.1658 39.751 81.050 0.14019 0.89014 1.054 0.16697 13.0000 37.33 0.8600 0.8614 1.551420 
798.7406 39.746 81.014 0.14096 0.89144 1.071 0.16741 13.0000 37.55 0.8610 0.8624 1.552246 
798.3153 39.773 81.012 0.14112 0.89218 1.084 0.16667 13.0000 37.68 0.8621 0.8634 1.553073 
797.8899 39.793 80.969 0.14203 0.89360 1.068 0.16631 13.0000 38.21 0.8639 0.8653 1.553901 
797.4644 39.781 80.968 0.14218 0.89450 1.072 0.16684 13.0000 38.36 0.8645 0.8659 1.554730 
797.0389 39.772 80.931 0.14308 0.89633 1.078 0.16749 13.0000 38.15 0.8655 0.8669 1.555560 
796.6132 39.759 80.895 0.14387 0.89772 1.093 0.16821 13.0000 37.98 0.8665 0.8679 1.556391 
796.1875 39.767 80.872 0.14414 0.89712 1.066 0.16784 13.0000 38.64 0.8663 0.8677 1.557224 
795.7617 39.778 80.839 0.14475 0.89759 1.048 0.16760 13.0000 38.00 0.8665 0.8679 1.558057 
795.3357 39.807 80.802 0.14536 0.89763 1.077 0.16666 13.0000 38.57 0.8673 0.8687 1.558891 
794.9097 39.822 80.766 0.14606 0.89840 1.065 0.16633 13.0000 38.80 0.8684 0.8699 1.559727 
794.4836 39.844 80.714 0.14683 0.89806 1.073 0.16555 13.0000 38.86 0.8683 0.8698 1.560563 
794.0574 39.839 80.728 0.14675 0.89888 1.083 0.16587 13.0000 38.96 0.8693 0.8708 1.561401 
793.6310 39.821 80.708 0.14738 0.90078 1.047 0.16682 13.0000 39.43 0.8704 0.8719 1.562240 
793.2047 39.839 80.666 0.14812 0.90114 1.054 0.16633 13.0000 39.53 0.8709 0.8724 1.563079 
792.7782 39.841 80.648 0.14844 0.90137 1.075 0.16630 13.0000 39.10 0.8708 0.8723 1.563920 
792.3516 39.836 80.648 0.14857 0.90208 1.086 0.16662 13.0000 39.33 0.8712 0.8727 1.564762 
791.9249 39.808 80.648 0.14864 0.90255 1.034 0.16761 13.0000 38.83 0.8711 0.8726 1.565605 
791.4982 39.830 80.626 0.14914 0.90343 1.040 0.16708 13.0000 38.99 0.8717 0.8733 1.566449 
791.0714 39.831 80.616 0.14937 0.90382 1.026 0.16710 13.0000 39.40 0.8723 0.8738 1.567295 
790.6444 39.826 80.614 0.14954 0.90472 1.055 0.16744 13.0000 39.07 0.8731 0.8747 1.568141 
790.2173 39.850 80.601 0.14965 0.90403 1.060 0.16653 13.0000 39.33 0.8731 0.8747 1.568989 
789.7902 39.855 80.572 0.15022 0.90469 1.076 0.16651 13.0000 39.54 0.8733 0.8749 1.569837 
789.3630 39.855 80.558 0.15054 0.90525 1.045 0.16660 13.0000 39.27 0.8737 0.8752 1.570687 
788.9357 39.865 80.560 0.15062 0.90589 1.047 0.16638 13.0000 40.02 0.8744 0.8759 1.571537 
788.5083 39.865 80.545 0.15086 0.90589 1.032 0.16641 13.0000 40.13 0.8743 0.8758 1.572389 
788.0807 39.841 80.559 0.15077 0.90666 1.041 0.16734 13.0000 39.76 0.8749 0.8764 1.573242 
787.6532 39.829 80.543 0.15125 0.90802 1.044 0.16799 13.0000 40.02 0.8758 0.8774 1.574096 
787.2255 39.826 80.545 0.15116 0.90764 1.036 0.16800 13.0000 39.77 0.8754 0.8769 1.574951 
786.7977 39.816 80.496 0.15193 0.90749 1.038 0.16833 13.0000 40.44 0.8749 0.8763 1.575808 
786.3699 39.795 80.484 0.15234 0.90880 1.050 0.16928 13.0000 40.33 0.8757 0.8772 1.576665 
785.9419 39.795 80.487 0.15239 0.90942 1.034 0.16940 13.0000 40.38 0.8769 0.8783 1.577524 
785.5139 39.801 80.476 0.15262 0.90962 1.039 0.16925 13.0000 40.00 0.8772 0.8787 1.578383 
785.0857 39.790 80.457 0.15303 0.91027 1.048 0.16975 13.0000 40.92 0.8770 0.8785 1.579244 
784.6575 39.797 80.416 0.15377 0.91065 1.042 0.16962 13.0000 40.73 0.8774 0.8789 1.580106 
784.2291 39.790 80.418 0.15375 0.91075 1.056 0.16984 13.0000 41.11 0.8776 0.8791 1.580969 
783.8007 39.790 80.400 0.15400 0.91052 1.056 0.16983 13.0000 40.96 0.8774 0.8789 1.581833 
783.3722 39.792 80.392 0.15419 0.91082 1.039 0.16983 13.0000 41.03 0.8778 0.8792 1.582698 
782.9435 39.823 80.364 0.15461 0.91056 1.042 0.16873 13.0000 41.20 0.8781 0.8795 1.583565 
782.5148 39.816 80.359 0.15487 0.91164 1.014 0.16917 13.0000 41.23 0.8795 0.8809 1.584433 
782.0861 39.796 80.379 0.15460 0.91207 1.024 0.16993 13.0000 40.90 0.8801 0.8815 1.585301 
781.6572 39.781 80.386 0.15452 0.91221 1.033 0.17045 13.0000 40.65 0.8802 0.8817 1.586171 
781.2282 39.778 80.379 0.15468 0.91246 1.038 0.17058 13.0000 41.05 0.8805 0.8819 1.587042 
780.7991 39.783 80.386 0.15458 0.91253 1.047 0.17042 13.0000 41.20 0.8809 0.8823 1.587914 
780.3699 39.783 80.382 0.15473 0.91308 1.027 0.17055 13.0000 41.20 0.8816 0.8830 1.588788 
779.9407 39.790 80.382 0.15467 0.91274 1.057 0.17024 13.0000 41.46 0.8817 0.8831 1.589662 
779.5113 39.790 80.382 0.15467 0.91270 1.037 0.17022 13.0000 41.52 0.8816 0.8830 1.590537 
779.0818 39.822 80.361 0.15501 0.91271 1.086 0.16919 13.0000 41.45 0.8820 0.8834 1.591414 
778.6523 39.839 80.328 0.15568 0.91347 1.046 0.16878 13.0000 41.61 0.8827 0.8842 1.592292 
778.2227 39.849 80.302 0.15624 0.91422 1.026 0.16860 13.0000 41.89 0.8836 0.8851 1.593171 
777.7930 39.859 80.303 0.15623 0.91426 1.035 0.16824 13.0000 41.49 0.8843 0.8857 1.594051 
777.3632 39.869 80.299 0.15639 0.91479 1.040 0.16802 13.0000 41.42 0.8849 0.8864 1.594933 
776.9332 39.891 80.289 0.15652 0.91457 1.047 0.16724 13.0000 41.92 0.8853 0.8868 1.595815 
776.5032 39.909 80.270 0.15680 0.91438 1.031 0.16662 13.0000 42.27 0.8855 0.8869 1.596699 
776.0731 39.910 80.265 0.15691 0.91460 1.052 0.16665 13.0000 42.21 0.8857 0.8872 1.597584 
775.6429 39.915 80.231 0.15752 0.91488 1.065 0.16653 13.0000 41.78 0.8859 0.8873 1.598470 
775.2126 39.942 80.223 0.15752 0.91418 1.042 0.16552 13.0000 42.30 0.8857 0.8871 1.599357 
774.7822 39.967 80.207 0.15779 0.91415 1.055 0.16467 13.0000 42.77 0.8863 0.8877 1.600246 
774.3517 39.965 80.230 0.15747 0.91454 1.047 0.16481 13.0000 42.84 0.8865 0.8879 1.601135 
773.9212 39.963 80.219 0.15777 0.91513 1.045 0.16497 13.0000 42.66 0.8871 0.8885 1.602026 
773.4905 39.959 80.222 0.15781 0.91567 1.028 0.16522 13.0000 42.46 0.8876 0.8890 1.602918 
773.0598 39.962 80.214 0.15804 0.91633 1.020 0.16522 13.0000 43.42 0.8880 0.8893 1.603811 
772.6289 39.980 80.195 0.15839 0.91653 1.052 0.16468 13.0000 43.14 0.8886 0.8899 1.604706 
772.1980 40.003 80.167 0.15891 0.91680 1.038 0.16398 13.0000 42.83 0.8891 0.8905 1.605601 
771.7669 40.002 80.153 0.15913 0.91679 1.041 0.16400 13.0000 43.02 0.8893 0.8906 1.606498 
771.3358 40.001 80.154 0.15915 0.91701 1.024 0.16407 13.0000 43.37 0.8896 0.8909 1.607396 
770.9046 40.003 80.149 0.15931 0.91748 1.027 0.16410 13.0000 43.16 0.8902 0.8915 1.608295 
770.4733 40.010 80.143 0.15948 0.91787 1.038 0.16392 13.0000 43.27 0.8910 0.8923 1.609195 
770.0419 40.015 80.145 0.15952 0.91832 1.042 0.16384 13.0000 42.86 0.8915 0.8928 1.610097 
769.6104 40.027 80.147 0.15958 0.91878 1.038 0.16353 13.0000 43.55 0.8920 0.8933 1.610999 
769.1787 40.032 80.152 0.15956 0.91918 1.035 0.16343 13.0000 43.75 0.8921 0.8934 1.611904 
768.7471 40.034 80.160 0.15934 0.91867 1.042 0.16325 13.0000 43.78 0.8921 0.8933 1.612809 
768.3152 40.045 80.164 0.15946 0.91978 1.051 0.16309 13.0000 43.80 0.8931 0.8944 1.613715 
767.8834 40.057 80.137 0.16002 0.92041 1.033 0.16281 13.0000 44.08 0.8936 0.8949 1.614623 
767.4514 40.073 80.099 0.16068 0.92061 1.047 0.16234 13.0000 44.48 0.8939 0.8952 1.615531 
767.0193 40.085 80.090 0.16085 0.92068 1.038 0.16195 13.0000 44.55 0.8939 0.8952 1.616442 
766.5872 40.098 80.067 0.16130 0.92110 1.043 0.16160 13.0000 44.16 0.8943 0.8956 1.617353 
766.1549 40.111 80.045 0.16166 0.92102 1.032 0.16117 13.0000 44.59 0.8943 0.8956 1.618265 
765.7225 40.122 80.061 0.16141 0.92109 1.026 0.16077 13.0000 45.27 0.8944 0.8957 1.619179 
765.2901 40.140 80.061 0.16141 0.92119 1.032 0.16021 13.0000 44.90 0.8948 0.8960 1.620094 
764.8575 40.141 80.074 0.16136 0.92204 1.028 0.16029 13.0000 45.21 0.8953 0.8966 1.621010 
764.4249 40.139 80.062 0.16169 0.92285 1.038 0.16052 13.0000 45.14 0.8960 0.8973 1.621928 
763.9922 40.140 80.059 0.16193 0.92392 1.030 0.16068 13.0000 45.23 0.8968 0.8981 1.622846 
763.5593 40.161 80.037 0.16236 0.92431 1.048 0.16006 13.0000 45.81 0.8974 0.8987 1.623766 
763.1264 40.175 80.046 0.16222 0.92434 1.035 0.15957 13.0000 45.55 0.8975 0.8988 1.624687 
762.6934 40.170 80.014 0.16289 0.92512 1.053 0.15989 13.0000 46.08 0.8980 0.8993 1.625610 
762.2603 40.183 80.005 0.16298 0.92478 1.042 0.15940 13.0000 46.10 0.8977 0.8990 1.626533 
761.8271 40.179 80.000 0.16318 0.92543 1.030 0.15964 13.0000 46.41 0.8982 0.8994 1.627458 
761.3938 40.201 79.989 0.16327 0.92488 1.053 0.15882 13.0000 46.27 0.8981 0.8993 1.628385 
760.9604 40.223 79.961 0.16371 0.92481 1.045 0.15806 13.0000 45.97 0.8983 0.8996 1.629312 
760.5269 40.224 79.961 0.16388 0.92571 1.030 0.15819 13.0000 46.67 0.8988 0.9001 1.630241 
760.0933 40.233 79.948 0.16425 0.92658 1.048 0.15803 13.0000 47.04 0.8998 0.9011 1.631171 
759.6597 40.245 79.925 0.16474 0.92720 1.035 0.15777 13.0000 46.90 0.9005 0.9018 1.632102 
759.2259 40.258 79.932 0.16461 0.92707 1.052 0.15729 13.0000 46.80 0.9008 0.9020 1.633034 
758.7921 40.260 79.937 0.16462 0.92762 1.030 0.15733 13.0000 46.90 0.9012 0.9025 1.633968 
758.3581 40.277 79.910 0.16511 0.92781 1.037 0.15679 13.0000 47.40 0.9013 0.9025 1.634903 
757.9240 40.287 79.900 0.16518 0.92729 1.045 0.15637 13.0000 47.79 0.9008 0.9020 1.635839 
757.4899 40.297 79.895 0.16529 0.92742 1.041 0.15604 13.0000 47.98 0.9012 0.9024 1.636777 
757.0556 40.314 79.894 0.16524 0.92708 1.035 0.15543 13.0000 47.77 0.9010 0.9022 1.637716 
756.6213 40.325 79.888 0.16544 0.92767 1.038 0.15516 13.0000 47.35 0.9016 0.9028 1.638656 
756.1868 40.345 79.858 0.16595 0.92767 1.035 0.15448 13.0000 47.14 0.9017 0.9029 1.639597 
755.7523 40.343 79.866 0.16584 0.92779 1.031 0.15458 13.0000 47.15 0.9016 0.9028 1.640540 
755.3177 40.346 79.861 0.16605 0.92850 1.040 0.15459 13.0000 48.36 0.9022 0.9034 1.641484 
754.8830 40.365 79.858 0.16599 0.92797 1.054 0.15385 13.0000 48.20 0.9019 0.9031 1.642429 
754.4482 40.372 79.861 0.16587 0.92759 1.049 0.15356 13.0000 48.29 0.9018 0.9030 1.643376 
754.0132 40.379 79.872 0.16574 0.92783 1.054 0.15337 13.0000 49.17 0.9021 0.9032 1.644324 
753.5782 40.374 79.863 0.16600 0.92841 1.042 0.15365 13.0000 48.52 0.9023 0.9035 1.645273 
753.1431 40.378 79.857 0.16615 0.92872 1.043 0.15355 13.0000 49.26 0.9027 0.9038 1.646223 
752.7079 40.379 79.860 0.16613 0.92891 1.040 0.15354 13.0000 48.74 0.9027 0.9039 1.647175 
752.2726 40.389 79.857 0.16620 0.92903 1.038 0.15324 13.0000 49.78 0.9027 0.9039 1.648129 
751.8373 40.399 79.857 0.16610 0.92850 1.034 0.15280 13.0000 49.17 0.9023 0.9034 1.649083 
751.4018 40.417 79.819 0.16676 0.92858 1.040 0.15223 13.0000 49.60 0.9027 0.9038 1.650039 
750.9662 40.428 79.818 0.16680 0.92865 1.044 0.15187 13.0000 49.50 0.9032 0.9044 1.650996 
750.5306 40.442 79.819 0.16672 0.92838 1.043 0.15136 13.0000 49.69 0.9034 0.9045 1.651954 
750.0948 40.453 79.799 0.16703 0.92820 1.044 0.15097 13.0000 49.73 0.9031 0.9042 1.652914 
749.6589 40.457 79.797 0.16712 0.92853 1.056 0.15089 13.0000 49.90 0.9033 0.9045 1.653875 
749.2230 40.461 79.791 0.16721 0.92848 1.045 0.15075 13.0000 50.20 0.9033 0.9045 1.654837 
748.7869 40.466 79.791 0.16719 0.92838 1.048 0.15057 13.0000 50.57 0.9032 0.9044 1.655801 
748.3508 40.470 79.776 0.16754 0.92892 1.047 0.15050 13.0000 50.39 0.9036 0.9048 1.656766 
747.9146 40.465 79.786 0.16750 0.92956 1.055 0.15080 13.0000 50.43 0.9042 0.9054 1.657732 
747.4782 40.472 79.797 0.16730 0.92950 1.047 0.15053 13.0000 49.80 0.9044 0.9056 1.658700 
747.0417 40.471 79.796 0.16739 0.92989 1.048 0.15063 13.0000 50.34 0.9047 0.9058 1.659669 
746.6052 40.475 79.783 0.16759 0.92988 1.044 0.15050 13.0000 50.81 0.9046 0.9057 1.660639 
746.1686 40.481 79.763 0.16801 0.93030 1.042 0.15036 13.0000 51.11 0.9049 0.9061 1.661611 
745.7319 40.492 79.742 0.16843 0.93071 1.047 0.15008 13.0000 50.61 0.9053 0.9064 1.662584 
745.2950 40.497 79.735 0.16864 0.93121 1.048 0.14999 13.0000 50.74 0.9057 0.9069 1.663559 
744.8582 40.511 79.714 0.16901 0.93134 1.048 0.14954 13.0000 51.42 0.9059 0.9070 1.664534 
744.4211 40.509 79.718 0.16898 0.93149 1.044 0.14963 13.0000 50.89 0.9060 0.9071 1.665512 
743.9841 40.498 79.725 0.16903 0.93245 1.040 0.15017 13.0000 51.29 0.9066 0.9078 1.666490 
743.5468 40.513 79.708 0.16929 0.93230 1.054 0.14964 13.0000 51.10 0.9067 0.9078 1.667470 
743.1096 40.519 79.709 0.16929 0.93238 1.052 0.14944 13.0000 51.52 0.9069 0.9080 1.668451 
742.6722 40.521 79.724 0.16905 0.93242 1.052 0.14937 13.0000 51.14 0.9072 0.9083 1.669434 
742.2347 40.528 79.727 0.16894 0.93208 1.050 0.14908 13.0000 51.81 0.9069 0.9080 1.670418 
741.7971 40.534 79.708 0.16922 0.93192 1.056 0.14886 13.0000 52.25 0.9067 0.9078 1.671403 
741.3594 40.542 79.699 0.16930 0.93149 1.046 0.14852 13.0000 51.41 0.9065 0.9076 1.672390 
740.9216 40.538 79.704 0.16926 0.93173 1.056 0.14868 13.0000 52.59 0.9067 0.9078 1.673378 
740.4838 40.541 79.708 0.16919 0.93173 1.046 0.14859 13.0000 52.53 0.9066 0.9077 1.674367 
740.0458 40.543 79.725 0.16889 0.93165 1.046 0.14850 13.0000 52.90 0.9066 0.9077 1.675358 
739.6077 40.538 79.739 0.16868 0.93177 1.053 0.14868 13.0000 52.92 0.9067 0.9078 1.676351 
739.1696 40.537 79.731 0.16889 0.93221 1.047 0.14879 13.0000 52.66 0.9070 0.9080 1.677344 
738.7313 40.538 79.732 0.16887 0.93225 1.052 0.14877 13.0000 52.95 0.9070 0.9080 1.678339 
738.2930 40.542 79.721 0.16905 0.93221 1.054 0.14863 13.0000 53.36 0.9069 0.9080 1.679336 
737.8545 40.539 79.718 0.16914 0.93235 1.043 0.14876 13.0000 53.04 0.9069 0.9080 1.680334 
737.4160 40.544 79.714 0.16927 0.93274 1.052 0.14866 13.0000 53.03 0.9072 0.9083 1.681333 
736.9773 40.553 79.720 0.16910 0.93232 1.054 0.14828 13.0000 52.67 0.9071 0.9081 1.682334 
736.5386 40.558 79.720 0.16907 0.93221 1.053 0.14808 13.0000 52.87 0.9069 0.9080 1.683336 
736.0997 40.561 79.726 0.16897 0.93222 1.054 0.14799 13.0000 54.63 0.9069 0.9079 1.684340 
735.6608 40.562 79.737 0.16883 0.93239 1.061 0.14797 13.0000 53.65 0.9069 0.9079 1.685344 
735.2218 40.564 79.735 0.16886 0.93243 1.057 0.14793 13.0000 53.44 0.9070 0.9080 1.686351 
734.7827 40.566 79.754 0.16845 0.93190 1.050 0.14776 13.0000 53.66 0.9066 0.9077 1.687359 
734.3434 40.564 79.745 0.16862 0.93204 1.061 0.14786 13.0000 54.10 0.9065 0.9075 1.688368 
733.9041 40.568 79.730 0.16889 0.93213 1.064 0.14775 13.0000 54.21 0.9065 0.9075 1.689379 
733.4647 40.563 79.730 0.16887 0.93197 1.053 0.14786 13.0000 54.95 0.9063 0.9073 1.690391 
733.0252 40.563 79.739 0.16867 0.93175 1.051 0.14785 13.0000 54.52 0.9063 0.9073 1.691404 
732.5856 40.565 79.719 0.16912 0.93234 1.051 0.14789 13.0000 54.42 0.9065 0.9075 1.692419 
732.1459 40.569 79.715 0.16912 0.93200 1.054 0.14770 13.0000 54.41 0.9064 0.9074 1.693436 
731.7061 40.570 79.713 0.16903 0.93133 1.055 0.14755 13.0000 54.87 0.9060 0.9069 1.694453 
731.2662 40.568 79.725 0.16885 0.93148 1.059 0.14764 13.0000 54.77 0.9062 0.9071 1.695473 
730.8262 40.566 79.727 0.16880 0.93131 1.060 0.14769 13.0000 54.80 0.9062 0.9071 1.696494 
730.3861 40.571 79.745 0.16835 0.93056 1.060 0.14739 13.0000 55.22 0.9059 0.9068 1.697516 
729.9459 40.578 79.737 0.16843 0.93027 1.066 0.14708 13.0000 55.52 0.9058 0.9067 1.698539 
729.5057 40.587 79.734 0.16836 0.92961 1.070 0.14671 13.0000 54.94 0.9057 0.9066 1.699564 
729.0653 40.592 79.707 0.16883 0.92969 1.065 0.14653 13.0000 54.97 0.9058 0.9067 1.700591 
728.6248 40.587 79.709 0.16874 0.92935 1.059 0.14668 13.0000 54.68 0.9055 0.9065 1.701619 
728.1843 40.579 79.716 0.16863 0.92934 1.063 0.14693 13.0000 55.26 0.9054 0.9063 1.702648 
727.7436 40.582 79.720 0.16852 0.92909 1.057 0.14680 13.0000 55.16 0.9054 0.9063 1.703680 
727.3028 40.579 79.731 0.16828 0.92879 1.060 0.14683 13.0000 54.96 0.9053 0.9062 1.704712 
726.8619 40.582 79.708 0.16867 0.92890 1.062 0.14675 13.0000 55.34 0.9053 0.9062 1.705746 
726.4210 40.581 79.712 0.16856 0.92859 1.068 0.14675 13.0000 55.81 0.9051 0.9060 1.706781 
725.9799 40.582 79.709 0.16860 0.92857 1.066 0.14670 13.0000 55.22 0.9053 0.9062 1.707818 
725.5388 40.596 79.686 0.16888 0.92801 1.073 0.14616 13.0000 55.31 0.9051 0.9060 1.708857 
725.0975 40.608 79.661 0.16929 0.92791 1.074 0.14574 13.0000 55.98 0.9054 0.9063 1.709897 
724.6561 40.614 79.654 0.16937 0.92776 1.065 0.14552 13.0000 54.80 0.9055 0.9064 1.710938 
724.2147 40.614 79.655 0.16926 0.92726 1.068 0.14544 13.0000 55.68 0.9054 0.9062 1.711981 
723.7732 40.617 79.654 0.16921 0.92685 1.065 0.14528 13.0000 55.55 0.9052 0.9061 1.713025 
723.3315 40.621 79.659 0.16907 0.92653 1.062 0.14509 13.0000 54.98 0.9052 0.9061 1.714072 
722.8898 40.625 79.635 0.16946 0.92652 1.070 0.14498 13.0000 56.18 0.9053 0.9061 1.715119 
722.4479 40.626 79.632 0.16949 0.92640 1.067 0.14492 13.0000 56.04 0.9052 0.9061 1.716168 
722.0060 40.627 79.624 0.16957 0.92609 1.072 0.14484 13.0000 56.13 0.9051 0.9060 1.717218 
721.5640 40.640 79.596 0.17006 0.92620 1.062 0.14443 13.0000 55.60 0.9055 0.9064 1.718270 
721.1218 40.644 79.589 0.17016 0.92616 1.073 0.14428 13.0000 56.24 0.9057 0.9065 1.719324 
720.6796 40.645 79.588 0.17018 0.92615 1.075 0.14427 13.0000 56.54 0.9058 0.9066 1.720379 
720.2373 40.652 79.578 0.17029 0.92588 1.073 0.14399 13.0000 56.66 0.9059 0.9067 1.721435 
719.7949 40.649 79.591 0.17004 0.92565 1.067 0.14406 13.0000 56.44 0.9058 0.9066 1.722493 
719.3524 40.652 79.578 0.17026 0.92567 1.072 0.14396 13.0000 56.41 0.9062 0.9070 1.723553 
718.9097 40.653 79.568 0.17038 0.92547 1.075 0.14390 13.0000 56.53 0.9061 0.9069 1.724614 
718.4670 40.654 79.562 0.17045 0.92520 1.074 0.14383 13.0000 56.97 0.9061 0.9069 1.725677 
718.0242 40.663 79.536 0.17095 0.92559 1.077 0.14359 13.0000 57.39 0.9065 0.9074 1.726741 
717.5813 40.676 79.518 0.17116 0.92514 1.078 0.14311 13.0000 57.15 0.9065 0.9074 1.727807 
717.1383 40.688 79.502 0.17138 0.92491 1.074 0.14267 13.0000 56.33 0.9066 0.9075 1.728874 
716.6952 40.693 79.487 0.17161 0.92480 1.078 0.14249 13.0000 56.82 0.9067 0.9076 1.729943 
716.2520 40.700 79.474 0.17183 0.92480 1.080 0.14225 13.0000 57.28 0.9068 0.9077 1.731013 
715.8087 40.710 79.441 0.17235 0.92465 1.083 0.14190 13.0000 57.66 0.9069 0.9077 1.732086 
715.3653 40.719 79.422 0.17267 0.92460 1.083 0.14162 13.0000 57.64 0.9072 0.9081 1.733159 
714.9218 40.720 79.424 0.17261 0.92451 1.083 0.14156 13.0000 57.49 0.9073 0.9081 1.734234 
714.4782 40.725 79.408 0.17290 0.92456 1.081 0.14140 13.0000 57.50 0.9074 0.9083 1.735311 
714.0345 40.736 79.373 0.17349 0.92463 1.087 0.14108 13.0000 57.59 0.9075 0.9083 1.736389 
713.5907 40.741 79.356 0.17381 0.92478 1.088 0.14095 13.0000 57.85 0.9078 0.9087 1.737469 
713.1469 40.754 79.329 0.17416 0.92433 1.081 0.14045 13.0000 57.01 0.9077 0.9085 1.738550 
712.7028 40.763 79.308 0.17445 0.92401 1.086 0.14011 13.0000 57.50 0.9078 0.9086 1.739634 
712.2588 40.772 79.283 0.17492 0.92421 1.092 0.13983 13.0000 58.28 0.9082 0.9091 1.740718 
711.8146 40.781 79.263 0.17526 0.92429 1.083 0.13955 13.0000 57.76 0.9085 0.9093 1.741805 
711.3703 40.796 79.240 0.17564 0.92426 1.091 0.13907 13.0000 58.29 0.9088 0.9096 1.742892 
710.9259 40.809 79.207 0.17620 0.92432 1.088 0.13866 13.0000 57.79 0.9091 0.9099 1.743982 
710.4814 40.817 79.188 0.17651 0.92420 1.085 0.13836 13.0000 58.14 0.9093 0.9101 1.745073 
710.0369 40.827 79.171 0.17681 0.92438 1.089 0.13809 13.0000 58.10 0.9095 0.9104 1.746165 
709.5922 40.832 79.150 0.17722 0.92462 1.098 0.13796 13.0000 57.82 0.9098 0.9106 1.747260 
709.1474 40.841 79.138 0.17746 0.92485 1.093 0.13767 13.0000 58.36 0.9102 0.9110 1.748356 
708.7026 40.849 79.122 0.17774 0.92485 1.098 0.13744 13.0000 58.93 0.9104 0.9112 1.749453 
708.2576 40.861 79.103 0.17803 0.92478 1.095 0.13701 13.0000 58.75 0.9106 0.9114 1.750552 
707.8125 40.867 79.093 0.17823 0.92489 1.096 0.13683 13.0000 58.17 0.9108 0.9116 1.751653 
707.3674 40.886 79.062 0.17870 0.92465 1.101 0.13618 13.0000 58.57 0.9109 0.9117 1.752755 
706.9221 40.895 79.043 0.17904 0.92484 1.100 0.13590 13.0000 59.00 0.9112 0.9120 1.753859 
706.4767 40.909 79.020 0.17943 0.92479 1.103 0.13543 13.0000 59.26 0.9114 0.9123 1.754965 
706.0313 40.923 78.983 0.18003 0.92470 1.103 0.13498 13.0000 59.02 0.9115 0.9124 1.756072 
705.5857 40.936 78.965 0.18035 0.92482 1.102 0.13457 13.0000 59.43 0.9119 0.9128 1.757181 
705.1401 40.943 78.952 0.18064 0.92513 1.097 0.13438 13.0000 58.84 0.9122 0.9131 1.758292 
704.6943 40.952 78.940 0.18089 0.92542 1.104 0.13412 13.0000 58.79 0.9126 0.9134 1.759404 
704.2484 40.960 78.923 0.18118 0.92543 1.104 0.13387 13.0000 58.35 0.9126 0.9134 1.760518 
703.8025 40.968 78.909 0.18144 0.92552 1.114 0.13363 13.0000 58.77 0.9126 0.9135 1.761633 
703.3564 40.975 78.873 0.18206 0.92571 1.114 0.13342 13.0000 58.59 0.9128 0.9136 1.762751 
702.9103 40.989 78.856 0.18241 0.92594 1.109 0.13299 13.0000 59.67 0.9131 0.9140 1.763869 
702.4641 41.005 78.823 0.18297 0.92599 1.113 0.13249 13.0000 59.84 0.9134 0.9142 1.764990 
702.0177 41.015 78.804 0.18334 0.92632 1.113 0.13221 13.0000 59.55 0.9137 0.9145 1.766112 
701.5712 41.027 78.782 0.18373 0.92643 1.112 0.13181 13.0000 59.91 0.9139 0.9148 1.767236 
701.1247 41.039 78.768 0.18405 0.92677 1.120 0.13148 13.0000 60.02 0.9143 0.9152 1.768361 
700.6780 41.050 78.754 0.18433 0.92700 1.121 0.13116 13.0000 59.33 0.9146 0.9154 1.769489 
700.2313 41.057 78.734 0.18473 0.92732 1.127 0.13097 13.0000 60.02 0.9149 0.9158 1.770618 
699.7844 41.064 78.715 0.18511 0.92766 1.128 0.13079 13.0000 59.00 0.9153 0.9161 1.771748 
699.3375 41.076 78.700 0.18539 0.92777 1.120 0.13042 13.0000 59.37 0.9155 0.9164 1.772881 
698.8904 41.085 78.678 0.18583 0.92811 1.121 0.13018 13.0000 59.92 0.9158 0.9167 1.774015 
698.4433 41.099 78.661 0.18614 0.92821 1.124 0.12970 13.0000 59.69 0.9162 0.9170 1.775150 
697.9961 41.112 78.627 0.18680 0.92866 1.127 0.12935 13.0000 59.58 0.9167 0.9176 1.776288 
697.5488 41.128 78.604 0.18717 0.92860 1.133 0.12881 13.0000 59.86 0.9170 0.9179 1.777427 
697.1013 41.137 78.586 0.18750 0.92871 1.137 0.12854 13.0000 59.81 0.9171 0.9180 1.778568 
696.6537 41.147 78.573 0.18776 0.92887 1.138 0.12822 13.0000 59.95 0.9172 0.9181 1.779711 
696.2061 41.161 78.553 0.18814 0.92910 1.134 0.12781 13.0000 59.46 0.9176 0.9184 1.780855 
695.7584 41.176 78.536 0.18842 0.92914 1.138 0.12731 13.0000 59.78 0.9178 0.9187 1.782001 
695.3105 41.191 78.517 0.18877 0.92919 1.139 0.12682 13.0000 60.79 0.9179 0.9188 1.783149 
694.8626 41.204 78.500 0.18907 0.92935 1.140 0.12639 13.0000 60.50 0.9184 0.9193 1.784298 
694.4146 41.214 78.486 0.18935 0.92951 1.138 0.12610 13.0000 60.54 0.9187 0.9195 1.785449 
693.9664 41.228 78.473 0.18963 0.92979 1.145 0.12566 13.0000 59.59 0.9190 0.9199 1.786602 
693.5182 41.238 78.451 0.19015 0.93054 1.143 0.12545 13.0000 59.68 0.9195 0.9204 1.787757 
693.0699 41.251 78.441 0.19041 0.93093 1.154 0.12505 13.0000 59.84 0.9199 0.9208 1.788913 
692.6215 41.259 78.432 0.19066 0.93144 1.149 0.12485 13.0000 59.98 0.9203 0.9211 1.790071 
692.1729 41.270 78.419 0.19090 0.93160 1.152 0.12451 13.0000 60.16 0.9204 0.9213 1.791231 
691.7243 41.282 78.406 0.19119 0.93185 1.148 0.12415 13.0000 60.64 0.9207 0.9216 1.792393 
691.2756 41.300 78.388 0.19153 0.93203 1.148 0.12356 13.0000 60.35 0.9210 0.9219 1.793557 
690.8267 41.313 78.371 0.19183 0.93214 1.161 0.12317 13.0000 60.14 0.9213 0.9222 1.794722 
690.3778 41.328 78.349 0.19226 0.93243 1.155 0.12270 13.0000 59.98 0.9217 0.9225 1.795889 
689.9288 41.340 78.337 0.19252 0.93266 1.164 0.12232 13.0000 59.48 0.9220 0.9229 1.797058 
689.4797 41.355 78.317 0.19290 0.93290 1.158 0.12187 13.0000 59.62 0.9224 0.9233 1.798228 
689.0304 41.370 78.304 0.19312 0.93286 1.163 0.12136 13.0000 59.01 0.9225 0.9234 1.799401 
688.5811 41.382 78.291 0.19339 0.93313 1.158 0.12100 13.0000 60.56 0.9229 0.9237 1.800575 
688.1317 41.392 78.281 0.19361 0.93329 1.161 0.12069 13.0000 60.20 0.9230 0.9239 1.801751 
687.6821 41.400 78.274 0.19376 0.93355 1.165 0.12045 13.0000 60.58 0.9233 0.9241 1.802929 
687.2325 41.416 78.252 0.19418 0.93371 1.172 0.11995 13.0000 60.47 0.9236 0.9245 1.804108 
686.7828 41.428 78.240 0.19441 0.93386 1.179 0.11956 13.0000 60.42 0.9237 0.9246 1.805290 
686.3329 41.440 78.231 0.19461 0.93405 1.180 0.11919 13.0000 60.17 0.9240 0.9248 1.806473 
685.8830 41.453 78.224 0.19476 0.93421 1.177 0.11877 13.0000 59.95 0.9242 0.9251 1.807658 
685.4330 41.471 78.215 0.19495 0.93442 1.177 0.11818 13.0000 60.26 0.9246 0.9255 1.808845 
684.9828 41.486 78.203 0.19521 0.93468 1.180 0.11771 13.0000 60.39 0.9250 0.9259 1.810034 
684.5327 41.496 78.198 0.19529 0.93466 1.180 0.11737 13.0000 60.55 0.9250 0.9259 1.811224 
684.0823 41.507 78.190 0.19545 0.93474 1.186 0.11701 13.0000 60.12 0.9251 0.9260 1.812416 
683.6319 41.521 78.183 0.19558 0.93480 1.191 0.11657 13.0000 60.11 0.9253 0.9262 1.813610 
683.1813 41.530 78.174 0.19574 0.93482 1.197 0.11625 13.0000 59.80 0.9253 0.9262 1.814807 
682.7307 41.546 78.151 0.19617 0.93503 1.194 0.11574 13.0000 60.10 0.9256 0.9265 1.816004 
682.2800 41.563 78.143 0.19629 0.93495 1.196 0.11517 13.0000 60.39 0.9257 0.9266 1.817204 
681.8292 41.581 78.130 0.19648 0.93485 1.193 0.11455 13.0000 59.82 0.9260 0.9269 1.818405 
681.3782 41.598 78.118 0.19670 0.93482 1.196 0.11397 13.0000 60.07 0.9262 0.9271 1.819609 
680.9272 41.609 78.108 0.19684 0.93474 1.205 0.11359 13.0000 59.94 0.9262 0.9271 1.820814 
680.4761 41.625 78.093 0.19709 0.93466 1.205 0.11307 13.0000 60.06 0.9263 0.9272 1.822021 
680.0248 41.637 78.082 0.19725 0.93457 1.214 0.11266 13.0000 59.82 0.9263 0.9272 1.823230 
679.5735 41.649 78.072 0.19742 0.93458 1.212 0.11224 13.0000 59.98 0.9266 0.9274 1.824441 
679.1221 41.667 78.060 0.19755 0.93421 1.210 0.11161 13.0000 59.90 0.9266 0.9275 1.825654 
678.6705 41.682 78.050 0.19767 0.93401 1.217 0.11108 13.0000 60.54 0.9267 0.9276 1.826869 
678.2189 41.694 78.042 0.19783 0.93407 1.219 0.11068 13.0000 60.70 0.9267 0.9276 1.828085 
677.7672 41.705 78.025 0.19815 0.93418 1.221 0.11031 13.0000 59.83 0.9269 0.9278 1.829303 
677.3154 41.719 78.016 0.19828 0.93408 1.225 0.10983 13.0000 59.38 0.9270 0.9279 1.830524 
676.8634 41.730 78.006 0.19846 0.93420 1.232 0.10948 13.0000 60.20 0.9272 0.9281 1.831746 
676.4114 41.744 77.997 0.19855 0.93391 1.234 0.10897 13.0000 60.04 0.9272 0.9281 1.832970 
675.9592 41.754 77.986 0.19872 0.93375 1.238 0.10864 13.0000 60.26 0.9273 0.9282 1.834196 
675.5070 41.765 77.974 0.19892 0.93377 1.238 0.10827 13.0000 60.30 0.9275 0.9284 1.835424 
675.0547 41.778 77.972 0.19891 0.93355 1.243 0.10782 13.0000 59.93 0.9276 0.9285 1.836654 
674.6022 41.793 77.960 0.19903 0.93316 1.245 0.10727 13.0000 59.82 0.9276 0.9285 1.837886 
674.1497 41.805 77.950 0.19918 0.93302 1.247 0.10683 13.0000 60.12 0.9276 0.9285 1.839120 
673.6971 41.816 77.941 0.19928 0.93284 1.249 0.10646 13.0000 59.50 0.9276 0.9285 1.840355 
673.2443 41.825 77.937 0.19937 0.93290 1.252 0.10616 13.0000 59.88 0.9279 0.9288 1.841593 
672.7915 41.836 77.927 0.19950 0.93273 1.259 0.10577 13.0000 60.32 0.9280 0.9288 1.842832 
672.3386 41.849 77.923 0.19952 0.93248 1.265 0.10533 13.0000 60.21 0.9281 0.9290 1.844074 
671.8855 41.859 77.914 0.19961 0.93222 1.262 0.10494 13.0000 59.68 0.9282 0.9291 1.845317 
671.4324 41.871 77.907 0.19969 0.93202 1.269 0.10451 13.0000 59.92 0.9283 0.9292 1.846563 
670.9791 41.880 77.902 0.19979 0.93206 1.268 0.10422 13.0000 60.32 0.9284 0.9293 1.847810 
670.5258 41.894 77.888 0.19998 0.93186 1.279 0.10373 13.0000 59.99 0.9285 0.9294 1.849059 
670.0723 41.904 77.879 0.20012 0.93179 1.283 0.10340 13.0000 60.49 0.9287 0.9296 1.850311 
669.6188 41.918 77.873 0.20017 0.93152 1.282 0.10291 13.0000 59.37 0.9289 0.9298 1.851564 
669.1651 41.928 77.865 0.20026 0.93135 1.293 0.10254 13.0000 60.41 0.9290 0.9299 1.852819 
668.7114 41.938 77.861 0.20034 0.93138 1.296 0.10221 13.0000 60.15 0.9290 0.9299 1.854076 
668.2575 41.943 77.859 0.20040 0.93150 1.292 0.10207 13.0000 59.85 0.9290 0.9299 1.855336 
667.8035 41.954 77.847 0.20058 0.93145 1.294 0.10168 13.0000 60.02 0.9292 0.9300 1.856597 
667.3495 41.964 77.836 0.20074 0.93128 1.301 0.10134 13.0000 60.21 0.9292 0.9301 1.857860 
666.8953 41.974 77.829 0.20084 0.93119 1.310 0.10100 13.0000 60.11 0.9294 0.9302 1.859125 
666.4411 41.983 77.819 0.20100 0.93113 1.310 0.10068 13.0000 58.97 0.9295 0.9304 1.860392 
665.9868 41.992 77.815 0.20106 0.93108 1.308 0.10037 13.0000 59.59 0.9298 0.9306 1.861661 
665.5323 42.000 77.804 0.20125 0.93115 1.321 0.10013 13.0000 60.28 0.9299 0.9308 1.862933 
665.0777 42.009 77.797 0.20137 0.93117 1.323 0.09982 13.0000 59.24 0.9301 0.9310 1.864206 
664.6230 42.018 77.786 0.20154 0.93106 1.323 0.09952 13.0000 59.94 0.9303 0.9311 1.865482 
664.1683 42.027 77.779 0.20167 0.93114 1.329 0.09922 13.0000 59.84 0.9305 0.9314 1.866759 
663.7134 42.035 77.772 0.20180 0.93116 1.331 0.09897 13.0000 59.55 0.9307 0.9316 1.868038 
663.2584 42.042 77.763 0.20192 0.93100 1.331 0.09871 13.0000 59.64 0.9308 0.9317 1.869319 
662.8034 42.050 77.756 0.20201 0.93088 1.339 0.09843 13.0000 58.40 0.9309 0.9318 1.870603 
662.3482 42.054 77.751 0.20210 0.93093 1.345 0.09829 13.0000 59.83 0.9310 0.9319 1.871888 
661.8929 42.062 77.742 0.20227 0.93093 1.349 0.09805 13.0000 59.66 0.9312 0.9320 1.873176 
661.4376 42.072 77.730 0.20242 0.93075 1.353 0.09770 13.0000 59.32 0.9313 0.9322 1.874465 
660.9821 42.078 77.724 0.20253 0.93073 1.359 0.09749 13.0000 59.46 0.9314 0.9323 1.875757 
660.5265 42.084 77.716 0.20266 0.93073 1.366 0.09729 13.0000 58.47 0.9314 0.9323 1.877051 
660.0708 42.091 77.709 0.20276 0.93064 1.369 0.09706 13.0000 59.70 0.9315 0.9324 1.878347 
659.6151 42.099 77.699 0.20293 0.93069 1.372 0.09678 13.0000 59.60 0.9317 0.9326 1.879644 
659.1592 42.109 77.694 0.20303 0.93071 1.376 0.09645 13.0000 59.14 0.9320 0.9328 1.880945 
658.7032 42.113 77.685 0.20320 0.93078 1.373 0.09633 13.0000 58.84 0.9321 0.9330 1.882247 
658.2471 42.115 77.676 0.20337 0.93084 1.389 0.09627 13.0000 59.68 0.9324 0.9333 1.883551 
657.7909 42.120 77.671 0.20343 0.93077 1.390 0.09612 13.0000 59.51 0.9326 0.9335 1.884857 
657.3346 42.126 77.664 0.20354 0.93073 1.402 0.09591 13.0000 59.15 0.9327 0.9336 1.886166 
656.8782 42.132 77.661 0.20361 0.93084 1.406 0.09570 13.0000 59.14 0.9329 0.9337 1.887476 
656.4218 42.138 77.653 0.20373 0.93077 1.414 0.09549 13.0000 59.07 0.9329 0.9338 1.888788 
655.9651 42.145 77.649 0.20380 0.93074 1.418 0.09528 13.0000 58.78 0.9330 0.9339 1.890103 
655.5084 42.152 77.638 0.20396 0.93060 1.417 0.09504 13.0000 58.18 0.9332 0.9341 1.891420 
655.0516 42.158 77.629 0.20407 0.93040 1.431 0.09480 13.0000 58.46 0.9333 0.9342 1.892739 
654.5947 42.161 77.623 0.20416 0.93036 1.434 0.09469 13.0000 58.91 0.9335 0.9344 1.894060 
654.1377 42.166 77.616 0.20429 0.93042 1.438 0.09454 13.0000 58.56 0.9337 0.9345 1.895384 
653.6806 42.169 77.609 0.20439 0.93029 1.447 0.09444 13.0000 58.96 0.9337 0.9346 1.896709 
653.2234 42.175 77.602 0.20448 0.93019 1.453 0.09423 13.0000 59.52 0.9339 0.9347 1.898037 
652.7661 42.179 77.601 0.20449 0.93014 1.452 0.09408 13.0000 58.49 0.9341 0.9350 1.899366 
652.3087 42.184 77.596 0.20454 0.92998 1.460 0.09389 13.0000 58.34 0.9342 0.9351 1.900698 
651.8511 42.187 77.595 0.20453 0.92990 1.472 0.09378 13.0000 58.25 0.9343 0.9352 1.902032 
651.3936 42.188 77.591 0.20465 0.93010 1.483 0.09379 13.0000 58.10 0.9346 0.9355 1.903368 
650.9358 42.192 77.590 0.20468 0.93014 1.488 0.09365 13.0000 59.01 0.9348 0.9356 1.904707 
650.4780 42.198 77.588 0.20473 0.93019 1.488 0.09347 13.0000 58.38 0.9351 0.9360 1.906047 
650.0201 42.207 77.582 0.20483 0.93018 1.495 0.09315 13.0000 57.83 0.9354 0.9363 1.907390 
649.5620 42.213 77.581 0.20484 0.93017 1.493 0.09294 13.0000 58.42 0.9356 0.9365 1.908735 
649.1039 42.220 77.578 0.20487 0.93007 1.506 0.09270 13.0000 57.64 0.9359 0.9368 1.910082 
648.6457 42.225 77.567 0.20503 0.92995 1.516 0.09253 13.0000 57.37 0.9361 0.9370 1.911432 
648.1873 42.232 77.564 0.20510 0.93002 1.529 0.09232 13.0000 58.00 0.9364 0.9372 1.912783 
647.7289 42.232 77.553 0.20530 0.93012 1.540 0.09231 13.0000 58.29 0.9366 0.9375 1.914137 
647.2703 42.238 77.549 0.20537 0.93011 1.537 0.09212 13.0000 58.04 0.9368 0.9376 1.915493 
646.8117 42.242 77.537 0.20555 0.93004 1.542 0.09197 13.0000 57.40 0.9369 0.9378 1.916851 
646.3530 42.249 77.532 0.20561 0.92991 1.541 0.09172 13.0000 56.31 0.9371 0.9380 1.918212 
645.8941 42.254 77.525 0.20572 0.92985 1.561 0.09155 13.0000 58.15 0.9373 0.9381 1.919575 
645.4351 42.261 77.517 0.20584 0.92978 1.569 0.09134 13.0000 57.13 0.9375 0.9384 1.920940 
644.9761 42.267 77.514 0.20590 0.92980 1.580 0.09111 13.0000 57.31 0.9377 0.9386 1.922307 
644.5169 42.270 77.500 0.20611 0.92975 1.581 0.09103 13.0000 57.46 0.9381 0.9389 1.923676 
644.0577 42.274 77.486 0.20636 0.92974 1.584 0.09089 13.0000 57.27 0.9382 0.9391 1.925048 
643.5983 42.277 77.474 0.20656 0.92971 1.596 0.09078 13.0000 56.77 0.9384 0.9393 1.926422 
643.1389 42.282 77.468 0.20668 0.92978 1.607 0.09063 13.0000 57.48 0.9387 0.9395 1.927798 
642.6793 42.283 77.465 0.20674 0.92983 1.617 0.09062 13.0000 57.53 0.9389 0.9397 1.929177 
642.2196 42.287 77.453 0.20691 0.92970 1.613 0.09046 13.0000 56.47 0.9391 0.9400 1.930558 
641.7598 42.295 77.446 0.20704 0.92973 1.625 0.09021 13.0000 56.13 0.9393 0.9401 1.931941 
641.2999 42.299 77.435 0.20726 0.92991 1.631 0.09008 13.0000 56.28 0.9396 0.9405 1.933326 
640.8400 42.307 77.428 0.20742 0.93010 1.634 0.08983 13.0000 56.09 0.9398 0.9407 1.934714 
640.3799 42.309 77.423 0.20752 0.93015 1.651 0.08978 13.0000 56.24 0.9401 0.9409 1.936104 
639.9197 42.315 77.410 0.20777 0.93028 1.672 0.08959 13.0000 57.02 0.9405 0.9413 1.937496 
639.4594 42.318 77.404 0.20789 0.93034 1.673 0.08951 13.0000 56.96 0.9407 0.9415 1.938891 
638.9990 42.323 77.396 0.20799 0.93017 1.675 0.08931 13.0000 57.36 0.9409 0.9417 1.940288 
638.5385 42.325 77.391 0.20811 0.93032 1.691 0.08927 13.0000 57.41 0.9411 0.9420 1.941687 
638.0779 42.330 77.386 0.20816 0.93020 1.691 0.08910 13.0000 57.64 0.9413 0.9422 1.943089 
637.6172 42.334 77.376 0.20830 0.93009 1.691 0.08897 13.0000 57.08 0.9415 0.9423 1.944493 
637.1564 42.338 77.375 0.20838 0.93031 1.699 0.08883 13.0000 57.15 0.9419 0.9428 1.945899 
636.6954 42.342 77.371 0.20847 0.93040 1.715 0.08873 13.0000 57.61 0.9421 0.9430 1.947308 
636.2344 42.346 77.357 0.20875 0.93060 1.721 0.08862 13.0000 57.10 0.9424 0.9432 1.948719 
635.7733 42.351 77.352 0.20881 0.93048 1.722 0.08842 13.0000 57.07 0.9425 0.9434 1.950132 
635.3121 42.352 77.345 0.20890 0.93033 1.732 0.08839 13.0000 56.20 0.9426 0.9434 1.951548 
634.8508 42.353 77.335 0.20911 0.93053 1.736 0.08838 13.0000 56.51 0.9430 0.9439 1.952966 
634.3893 42.359 77.326 0.20925 0.93049 1.757 0.08817 13.0000 56.32 0.9430 0.9439 1.954387 
633.9278 42.364 77.315 0.20957 0.93108 1.766 0.08808 13.0000 56.79 0.9432 0.9440 1.955809 
633.4662 42.374 77.307 0.20982 0.93159 1.780 0.08779 13.0000 56.51 0.9436 0.9444 1.957235 
633.0044 42.380 77.302 0.20996 0.93181 1.785 0.08761 13.0000 56.52 0.9438 0.9447 1.958662 
632.5425 42.385 77.302 0.20996 0.93181 1.791 0.08744 13.0000 56.46 0.9438 0.9446 1.960093 
632.0806 42.389 77.301 0.20999 0.93191 1.802 0.08732 13.0000 56.59 0.9442 0.9450 1.961525 
631.6186 42.389 77.304 0.20986 0.93154 1.801 0.08728 13.0000 55.56 0.9438 0.9446 1.962960 
631.1564 42.395 77.310 0.20975 0.93148 1.828 0.08707 13.0000 56.14 0.9442 0.9450 1.964397 
630.6942 42.400 77.297 0.20984 0.93094 1.819 0.08683 13.0000 56.40 0.9448 0.9457 1.965837 
630.2318 42.396 77.284 0.21006 0.93086 1.847 0.08698 13.0000 56.15 0.9457 0.9465 1.967279 
629.7693 42.385 77.280 0.21001 0.93040 1.853 0.08731 13.0000 55.52 0.9463 0.9471 1.968724 
629.3068 42.383 77.271 0.21029 0.93096 1.856 0.08745 13.0000 56.20 0.9468 0.9477 1.970171 
628.8441 42.379 77.268 0.21025 0.93051 1.861 0.08753 13.0000 55.22 0.9469 0.9477 1.971620 
628.3813 42.389 77.265 0.21044 0.93113 1.870 0.08724 13.0000 55.92 0.9473 0.9481 1.973073 
627.9184 42.393 77.258 0.21068 0.93164 1.885 0.08717 13.0000 55.20 0.9481 0.9490 1.974527 
627.4554 42.399 77.272 0.21061 0.93238 1.887 0.08702 13.0000 55.22 0.9481 0.9490 1.975984 
626.9923 42.395 77.263 0.21078 0.93248 1.908 0.08717 13.0000 55.38 0.9477 0.9486 1.977444 
626.5291 42.400 77.262 0.21062 0.93175 1.901 0.08694 13.0000 55.09 0.9469 0.9478 1.978905 
626.0658 42.389 77.266 0.21059 0.93188 1.909 0.08732 13.0000 54.96 0.9477 0.9486 1.980370 
625.6024 42.394 77.268 0.21051 0.93173 1.931 0.08715 13.0000 55.19 0.9482 0.9490 1.981837 
625.1389 42.400 77.303 0.20994 0.93181 1.943 0.08692 13.0000 55.15 0.9486 0.9495 1.983306 
624.6753 42.439 77.320 0.20952 0.93125 1.953 0.08556 13.0000 55.24 0.9476 0.9484 1.984778 
624.2115 42.439 77.344 0.20901 0.93075 1.956 0.08551 13.0000 54.30 0.9482 0.9490 1.986253 
623.7477 42.434 77.359 0.20872 0.93066 1.947 0.08567 13.0000 54.19 0.9497 0.9505 1.987730 
623.2838 42.418 77.381 0.20882 0.93276 1.956 0.08639 13.0000 53.84 0.9514 0.9522 1.989209 
622.8198 42.397 77.383 0.20909 0.93407 1.984 0.08720 13.0000 54.58 0.9533 0.9541 1.990691 
622.3557 42.344 77.307 0.21066 0.93532 1.997 0.08913 13.0000 54.36 0.9558 0.9567 1.992176 
621.8914 42.319 77.239 0.21191 0.93569 2.012 0.09004 13.0000 54.42 0.9576 0.9585 1.993663 
621.4271 42.290 77.160 0.21331 0.93588 2.013 0.09109 13.0000 54.22 0.9583 0.9592 1.995153 
620.9626 42.278 77.062 0.21478 0.93494 1.989 0.09144 13.0000 53.82 0.9585 0.9594 1.996645 
620.4980 42.286 76.977 0.21573 0.93270 2.026 0.09096 13.0000 53.57 0.9570 0.9580 1.998140 
620.0334 42.298 76.890 0.21698 0.93164 2.016 0.09051 13.0000 53.68 0.9576 0.9586 1.999637 
619.5687 42.339 76.791 0.21839 0.93046 2.055 0.08904 13.0000 53.44 0.9576 0.9586 2.001137 
619.1038 42.357 76.720 0.21928 0.92903 2.037 0.08833 13.0000 53.40 0.9582 0.9593 2.002640 
618.6388 42.359 76.649 0.22013 0.92752 2.048 0.08813 13.0000 53.19 0.9591 0.9603 2.004145 
618.1737 42.377 76.575 0.22111 0.92635 2.059 0.08745 13.0000 53.48 0.9600 0.9611 2.005653 
617.7086 42.401 76.500 0.22186 0.92408 2.072 0.08645 13.0000 52.78 0.9606 0.9618 2.007163 
617.2433 42.424 76.433 0.22253 0.92214 2.052 0.08553 13.0000 52.67 0.9609 0.9621 2.008676 
616.7779 42.445 76.370 0.22328 0.92080 2.069 0.08471 13.0000 53.86 0.9616 0.9628 2.010192 
616.3124 42.465 76.322 0.22370 0.91921 2.102 0.08394 13.0000 53.34 0.9616 0.9628 2.011710 
615.8468 42.474 76.281 0.22393 0.91729 2.064 0.08349 13.0000 52.58 0.9617 0.9630 2.013231 
615.3810 42.502 76.226 0.22445 0.91562 2.074 0.08241 13.0000 52.31 0.9622 0.9636 2.014755 
614.9153 42.525 76.180 0.22466 0.91327 2.086 0.08147 13.0000 52.80 0.9624 0.9638 2.016281 
614.4493 42.547 76.137 0.22491 0.91131 2.062 0.08056 13.0000 52.80 0.9626 0.9640 2.017810 
613.9833 42.572 76.112 0.22487 0.90946 2.112 0.07959 13.0000 52.08 0.9625 0.9640 2.019341 
613.5172 42.596 76.078 0.22504 0.90785 2.071 0.07867 13.0000 51.32 0.9629 0.9644 2.020875 
613.0510 42.628 76.050 0.22512 0.90625 2.077 0.07750 13.0000 52.38 0.9630 0.9645 2.022412 
612.5847 42.660 76.029 0.22502 0.90449 2.104 0.07629 13.0000 52.06 0.9630 0.9646 2.023952 
612.1182 42.694 76.012 0.22493 0.90294 2.074 0.07505 13.0000 51.59 0.9630 0.9646 2.025494 
611.6517 42.728 75.994 0.22481 0.90130 2.150 0.07383 13.0000 51.64 0.9629 0.9645 2.027039 
611.1850 42.759 75.981 0.22467 0.89987 2.220 0.07269 13.0000 50.88 0.9625 0.9642 2.028587 
610.7183 42.791 75.973 0.22445 0.89841 2.117 0.07155 13.0000 52.09 0.9621 0.9638 2.030137 
610.2514 42.825 75.963 0.22426 0.89702 2.133 0.07035 13.0000 51.34 0.9618 0.9635 2.031690 
609.7844 42.857 75.956 0.22402 0.89555 2.091 0.06918 13.0000 52.10 0.9613 0.9631 2.033246 
609.3173 42.896 75.957 0.22368 0.89424 2.074 0.06783 13.0000 51.06 0.9611 0.9629 2.034805 
608.8502 42.933 75.963 0.22335 0.89333 2.082 0.06656 13.0000 50.47 0.9606 0.9624 2.036366 
608.3829 42.969 75.978 0.22280 0.89214 2.106 0.06529 13.0000 50.82 0.9599 0.9617 2.037930 
607.9155 43.004 75.991 0.22236 0.89126 2.007 0.06409 13.0000 51.54 0.9593 0.9611 2.039497 
607.4480 43.043 76.012 0.22181 0.89043 1.994 0.06279 13.0000 50.83 0.9587 0.9606 2.041067 
606.9804 43.078 76.037 0.22123 0.88975 2.005 0.06160 13.0000 49.55 0.9580 0.9598 2.042639 
606.5127 43.115 76.058 0.22075 0.88922 2.100 0.06038 13.0000 49.10 0.9574 0.9592 2.044214 
606.0449 43.149 76.088 0.22012 0.88865 2.075 0.05924 13.0000 49.69 0.9565 0.9584 2.045792 
605.5770 43.185 76.126 0.21936 0.88811 2.066 0.05804 13.0000 49.17 0.9558 0.9577 2.047373 
605.1089 43.222 76.161 0.21870 0.88778 2.079 0.05682 13.0000 49.69 0.9551 0.9569 2.048957 
604.6408 43.257 76.193 0.21809 0.88744 2.094 0.05567 13.0000 49.98 0.9544 0.9563 2.050543 
604.1726 43.295 76.234 0.21740 0.88741 2.090 0.05443 13.0000 48.92 0.9538 0.9556 2.052132 
603.7042 43.332 76.283 0.21664 0.88754 1.910 0.05326 13.0000 49.02 0.9532 0.9550 2.053724 
603.2358 43.366 76.332 0.21586 0.88768 2.054 0.05215 13.0000 48.80 0.9526 0.9544 2.055319 
602.7673 43.401 76.388 0.21499 0.88784 1.908 0.05105 13.0000 48.07 0.9518 0.9536 2.056916 
602.2986 43.431 76.443 0.21410 0.88792 1.981 0.05009 13.0000 48.89 0.9509 0.9527 2.058517 
601.8298 43.467 76.497 0.21322 0.88794 1.914 0.04890 13.0000 48.37 0.9502 0.9520 2.060121 
601.3610 43.500 76.558 0.21228 0.88819 1.933 0.04785 13.0000 48.14 0.9493 0.9510 2.061726 
600.8920 43.534 76.618 0.21138 0.88851 1.962 0.04678 13.0000 48.15 0.9485 0.9502 2.063336 
600.4229 43.563 76.684 0.21042 0.88901 2.011 0.04586 13.0000 47.31 0.9476 0.9493 2.064948 
599.9537 43.595 76.749 0.20947 0.88952 2.100 0.04486 13.0000 48.09 0.9468 0.9484 2.066563 
599.4844 43.624 76.815 0.20856 0.89025 2.089 0.04394 13.0000 47.47 0.9459 0.9476 2.068181 
599.0150 43.656 76.893 0.20749 0.89113 2.029 0.04294 13.0000 46.61 0.9452 0.9468 2.069801 
598.5455 43.685 76.960 0.20652 0.89173 1.993 0.04204 13.0000 46.39 0.9442 0.9458 2.071425 
598.0759 43.716 77.028 0.20560 0.89250 2.099 0.04109 13.0000 47.38 0.9434 0.9450 2.073051 
597.6062 43.744 77.106 0.20444 0.89307 2.040 0.04019 13.0000 46.80 0.9426 0.9441 2.074680 
597.1364 43.767 77.182 0.20347 0.89426 2.009 0.03951 13.0000 46.26 0.9419 0.9434 2.076313 
596.6664 43.795 77.257 0.20253 0.89554 1.981 0.03865 13.0000 46.49 0.9412 0.9426 2.077948 
596.1964 43.822 77.341 0.20138 0.89657 1.950 0.03781 13.0000 45.67 0.9402 0.9416 2.079586 
595.7263 43.842 77.422 0.20035 0.89795 2.031 0.03720 13.0000 46.21 0.9397 0.9411 2.081227 
595.2560 43.862 77.507 0.19917 0.89892 2.009 0.03659 13.0000 45.71 0.9393 0.9406 2.082872 
594.7857 43.876 77.595 0.19793 0.89989 2.008 0.03618 13.0000 45.73 0.9386 0.9398 2.084519 
594.3152 43.892 77.677 0.19681 0.90090 2.002 0.03568 13.0000 45.26 0.9381 0.9393 2.086169 
593.8447 43.906 77.756 0.19578 0.90218 1.997 0.03527 13.0000 45.25 0.9379 0.9391 2.087822 
593.3740 43.918 77.836 0.19474 0.90345 1.977 0.03493 13.0000 44.89 0.9374 0.9385 2.089478 
592.9032 43.930 77.906 0.19401 0.90544 1.980 0.03461 13.0000 45.34 0.9377 0.9388 2.091137 
592.4323 43.936 77.976 0.19323 0.90725 1.961 0.03447 13.0000 44.27 0.9374 0.9385 2.092799 
591.9613 43.939 78.057 0.19241 0.90969 1.953 0.03445 13.0000 44.04 0.9371 0.9382 2.094464 
591.4902 43.955 78.135 0.19153 0.91161 1.939 0.03399 13.0000 44.04 0.9364 0.9375 2.096133 
591.0190 43.974 78.207 0.19083 0.91400 1.916 0.03346 13.0000 43.82 0.9360 0.9370 2.097804 
590.5477 43.987 78.282 0.18988 0.91547 1.913 0.03306 13.0000 43.47 0.9356 0.9366 2.099478 
590.0763 43.999 78.353 0.18925 0.91810 1.902 0.03277 13.0000 43.67 0.9358 0.9367 2.101155 
589.6048 43.994 78.422 0.18840 0.91961 1.897 0.03298 13.0000 43.11 0.9357 0.9366 2.102836 
589.1331 43.997 78.490 0.18761 0.92134 1.865 0.03294 13.0000 43.36 0.9353 0.9361 2.104519 
588.6614 43.993 78.530 0.18719 0.92255 1.862 0.03311 13.0000 43.29 0.9356 0.9365 2.106206 
588.1896 43.995 78.584 0.18664 0.92428 1.860 0.03308 13.0000 43.43 0.9365 0.9374 2.107895 
587.7176 43.989 78.626 0.18645 0.92688 1.840 0.03336 13.0000 41.50 0.9382 0.9391 2.109588 
587.2455 43.998 78.661 0.18624 0.92881 1.806 0.03315 13.0000 41.33 0.9386 0.9394 2.111284 
586.7734 43.990 78.684 0.18626 0.93080 1.808 0.03347 13.0000 42.27 0.9393 0.9401 2.112983 
586.3011 43.979 78.661 0.18699 0.93251 1.795 0.03392 13.0000 42.66 0.9400 0.9408 2.114685 
585.8287 43.924 78.636 0.18789 0.93486 1.805 0.03582 13.0000 42.74 0.9426 0.9433 2.116390 
585.3563 43.909 78.589 0.18914 0.93707 1.763 0.03643 13.0000 41.85 0.9437 0.9444 2.118098 
584.8837 43.898 78.533 0.19047 0.93896 1.746 0.03688 13.0000 41.22 0.9441 0.9448 2.119809 
584.4109 43.900 78.455 0.19166 0.93831 1.737 0.03679 13.0000 40.88 0.9441 0.9449 2.121524 
583.9382 43.910 78.378 0.19287 0.93776 1.728 0.03645 13.0000 40.93 0.9438 0.9446 2.123242 
583.4652 43.962 78.367 0.19287 0.93684 1.712 0.03468 13.0000 41.22 0.9426 0.9433 2.124963 
582.9922 43.996 78.348 0.19309 0.93636 1.688 0.03352 13.0000 40.91 0.9416 0.9423 2.126687 
582.5191 44.043 78.337 0.19313 0.93562 1.670 0.03192 13.0000 40.88 0.9416 0.9424 2.128414 
582.0458 44.081 78.340 0.19303 0.93540 1.661 0.03065 13.0000 39.93 0.9422 0.9429 2.130145 
581.5725 44.100 78.336 0.19329 0.93633 1.650 0.03004 13.0000 40.27 0.9444 0.9451 2.131878 
581.0991 44.123 78.342 0.19314 0.93608 1.630 0.02927 13.0000 39.74 0.9449 0.9456 2.133615 
580.6255 44.111 78.365 0.19275 0.93605 1.620 0.02966 13.0000 39.93 0.9460 0.9467 2.135356 
580.1519 44.122 78.370 0.19267 0.93609 1.600 0.02931 13.0000 39.19 0.9465 0.9472 2.137099 
579.6780 44.150 78.372 0.19261 0.93601 1.581 0.02835 13.0000 38.91 0.9467 0.9474 2.138846 
579.2042 44.168 78.383 0.19232 0.93551 1.576 0.02773 13.0000 39.66 0.9468 0.9475 2.140595 
578.7302 44.177 78.397 0.19221 0.93609 1.562 0.02746 13.0000 39.31 0.9470 0.9477 2.142349 
578.2561 44.188 78.415 0.19192 0.93626 1.545 0.02710 13.0000 38.73 0.9475 0.9482 2.144105 
577.7819 44.202 78.435 0.19149 0.93576 1.528 0.02660 13.0000 38.89 0.9476 0.9483 2.145865 
577.3076 44.220 78.446 0.19124 0.93544 1.515 0.02601 13.0000 38.78 0.9482 0.9489 2.147628 
576.8332 44.251 78.452 0.19113 0.93540 1.493 0.02497 13.0000 37.86 0.9488 0.9495 2.149394 
576.3586 44.265 78.476 0.19068 0.93524 1.480 0.02449 13.0000 37.66 0.9489 0.9496 2.151164 
575.8840 44.286 78.497 0.19039 0.93556 1.466 0.02379 13.0000 38.51 0.9493 0.9500 2.152937 
575.4093 44.310 78.520 0.19002 0.93571 1.461 0.02299 13.0000 38.44 0.9496 0.9503 2.154713 
574.9344 44.334 78.533 0.18983 0.93578 1.439 0.02221 13.0000 37.41 0.9501 0.9508 2.156493 
574.4595 44.361 78.557 0.18939 0.93566 1.433 0.02130 13.0000 37.74 0.9500 0.9507 2.158276 
573.9844 44.383 78.577 0.18901 0.93541 1.410 0.02057 13.0000 36.99 0.9501 0.9508 2.160062 
573.5092 44.403 78.592 0.18875 0.93539 1.401 0.01988 13.0000 37.59 0.9502 0.9509 2.161852 
573.0339 44.426 78.611 0.18841 0.93530 1.394 0.01910 13.0000 36.87 0.9503 0.9510 2.163645 
572.5586 44.447 78.631 0.18806 0.93532 1.370 0.01841 13.0000 36.74 0.9504 0.9511 2.165441 
572.0831 44.469 78.652 0.18771 0.93530 1.349 0.01768 13.0000 36.63 0.9506 0.9512 2.167241 
571.6075 44.493 78.668 0.18745 0.93541 1.340 0.01689 13.0000 36.43 0.9508 0.9515 2.169044 
571.1318 44.517 78.696 0.18702 0.93562 1.337 0.01609 13.0000 35.71 0.9510 0.9517 2.170851 
570.6559 44.541 78.722 0.18662 0.93584 1.315 0.01529 13.0000 35.98 0.9513 0.9519 2.172661 
570.1801 44.565 78.751 0.18615 0.93599 1.296 0.01451 13.0000 35.76 0.9512 0.9519 2.174474 
569.7040 44.586 78.781 0.18563 0.93585 1.286 0.01379 13.0000 34.97 0.9512 0.9519 2.176291 
569.2278 44.608 78.806 0.18528 0.93625 1.284 0.01304 13.0000 35.54 0.9516 0.9523 2.178112 
568.7516 44.632 78.833 0.18482 0.93629 1.264 0.01226 13.0000 34.67 0.9517 0.9524 2.179936 
568.2753 44.653 78.859 0.18443 0.93649 1.245 0.01156 13.0000 34.35 0.9520 0.9526 2.181763 
567.7988 44.675 78.879 0.18410 0.93657 1.235 0.01082 13.0000 34.65 0.9521 0.9528 2.183594 
567.3222 44.698 78.907 0.18362 0.93649 1.229 0.01007 13.0000 34.51 0.9524 0.9531 2.185428 
566.8455 44.723 78.933 0.18319 0.93656 1.219 0.00923 13.0000 34.21 0.9526 0.9533 2.187266 
566.3687 44.746 78.959 0.18278 0.93676 1.203 0.00846 13.0000 34.39 0.9527 0.9534 2.189107 
565.8918 44.771 78.992 0.18226 0.93692 1.184 0.00763 13.0000 33.76 0.9529 0.9536 2.190952 
565.4149 44.794 79.025 0.18176 0.93723 1.178 0.00687 13.0000 33.66 0.9530 0.9537 2.192800 
564.9377 44.817 79.055 0.18124 0.93722 1.165 0.00610 13.0000 33.84 0.9531 0.9537 2.194653 
564.4605 44.843 79.085 0.18072 0.93716 1.159 0.00525 13.0000 33.47 0.9531 0.9538 2.196508 
563.9832 44.867 79.114 0.18019 0.93699 1.148 0.00442 13.0000 33.09 0.9531 0.9538 2.198367 
563.5057 44.890 79.145 0.17967 0.93697 1.128 0.00367 13.0000 32.42 0.9531 0.9537 2.200230 
563.0282 44.916 79.175 0.17915 0.93691 1.121 0.00281 13.0000 32.49 0.9531 0.9538 2.202096 
562.5505 44.944 79.205 0.17865 0.93696 1.106 0.00187 13.0000 32.12 0.9532 0.9539 2.203966 
562.0728 44.968 79.237 0.17812 0.93700 1.107 0.00108 13.0000 32.53 0.9532 0.9539 2.205839 
561.5948 44.995 79.269 0.17758 0.93702 1.084 0.00018 13.0000 32.09 0.9533 0.9540 2.207716 
561.1169 45.024 79.296 0.17710 0.93688 1.077 -0.00079 13.0000 31.78 0.9533 0.9540 2.209597 
560.6388 45.052 79.323 0.17661 0.93674 1.065 -0.00175 13.0000 31.68 0.9533 0.9540 2.211481 
560.1606 45.082 79.354 0.17607 0.93665 1.060 -0.00273 13.0000 31.45 0.9534 0.9541 2.213369 
559.6823 45.109 79.381 0.17557 0.93645 1.051 -0.00361 13.0000 31.70 0.9534 0.9541 2.215260 
559.2039 45.137 79.411 0.17505 0.93637 1.040 -0.00456 13.0000 31.44 0.9533 0.9540 2.217155 
558.7253 45.164 79.444 0.17448 0.93629 1.029 -0.00544 13.0000 31.49 0.9532 0.9539 2.219055 
558.2467 45.193 79.481 0.17387 0.93642 1.018 -0.00642 13.0000 30.62 0.9533 0.9540 2.220957 
557.7679 45.221 79.515 0.17332 0.93652 1.008 -0.00734 13.0000 30.63 0.9533 0.9540 2.222864 
557.2891 45.250 79.548 0.17276 0.93657 0.996 -0.00831 13.0000 30.56 0.9534 0.9541 2.224773 
556.8102 45.280 79.583 0.17215 0.93646 0.991 -0.00932 13.0000 30.22 0.9533 0.9540 2.226687 
556.3311 45.310 79.619 0.17157 0.93655 0.976 -0.01029 13.0000 29.12 0.9534 0.9541 2.228604 
555.8519 45.339 79.660 0.17089 0.93661 0.976 -0.01125 13.0000 29.63 0.9534 0.9541 2.230525 
555.3726 45.368 79.692 0.17033 0.93655 0.962 -0.01223 13.0000 29.25 0.9534 0.9541 2.232451 
554.8932 45.392 79.725 0.16982 0.93681 0.955 -0.01303 13.0000 29.73 0.9535 0.9542 2.234379 
554.4137 45.422 79.755 0.16930 0.93672 0.947 -0.01402 13.0000 29.48 0.9535 0.9541 2.236312 
553.9341 45.453 79.788 0.16875 0.93677 0.943 -0.01505 13.0000 29.57 0.9536 0.9543 2.238248 
553.4543 45.481 79.824 0.16817 0.93687 0.932 -0.01599 13.0000 28.54 0.9536 0.9542 2.240188 
552.9745 45.509 79.856 0.16763 0.93691 0.918 -0.01690 13.0000 28.44 0.9536 0.9543 2.242132 
552.4946 45.542 79.894 0.16695 0.93667 0.914 -0.01800 13.0000 28.35 0.9537 0.9544 2.244080 
552.0145 45.574 79.935 0.16624 0.93660 0.907 -0.01907 13.0000 28.07 0.9538 0.9545 2.246031 
551.5344 45.606 79.975 0.16556 0.93657 0.903 -0.02014 13.0000 28.13 0.9539 0.9546 2.247986 
551.0541 45.636 80.017 0.16484 0.93650 0.890 -0.02112 13.0000 28.09 0.9539 0.9546 2.249946 
550.5737 45.673 80.058 0.16411 0.93625 0.882 -0.02232 13.0000 27.66 0.9540 0.9547 2.251909 
550.0933 45.704 80.095 0.16349 0.93626 0.875 -0.02336 13.0000 28.05 0.9542 0.9549 2.253876 
549.6127 45.739 80.132 0.16282 0.93602 0.872 -0.02453 13.0000 27.75 0.9543 0.9550 2.255847 
549.1320 45.775 80.170 0.16215 0.93578 0.865 -0.02570 13.0000 27.12 0.9545 0.9552 2.257821 
548.6511 45.806 80.206 0.16152 0.93570 0.857 -0.02673 13.0000 26.75 0.9547 0.9554 2.259800 
548.1702 45.840 80.243 0.16089 0.93562 0.847 -0.02783 13.0000 26.76 0.9548 0.9556 2.261783 
547.6891 45.872 80.283 0.16019 0.93548 0.836 -0.02889 13.0000 26.31 0.9549 0.9556 2.263770 
547.2080 45.907 80.326 0.15945 0.93540 0.835 -0.03005 13.0000 26.35 0.9550 0.9557 2.265760 
546.7267 45.940 80.369 0.15872 0.93535 0.829 -0.03113 13.0000 26.65 0.9552 0.9559 2.267755 
546.2454 45.973 80.415 0.15794 0.93529 0.820 -0.03224 13.0000 25.88 0.9553 0.9560 2.269752 
545.7639 46.006 80.461 0.15716 0.93524 0.813 -0.03331 13.0000 25.43 0.9554 0.9562 2.271755 
545.2823 46.038 80.504 0.15643 0.93522 0.809 -0.03436 13.0000 25.83 0.9554 0.9562 2.273762 
544.8007 46.074 80.548 0.15566 0.93498 0.803 -0.03556 13.0000 25.17 0.9555 0.9563 2.275771 
544.3188 46.107 80.584 0.15505 0.93500 0.800 -0.03663 13.0000 24.99 0.9558 0.9565 2.277786 
543.8369 46.142 80.628 0.15430 0.93488 0.793 -0.03781 13.0000 25.03 0.9560 0.9567 2.279805 
543.3549 46.178 80.668 0.15361 0.93478 0.778 -0.03898 13.0000 24.55 0.9562 0.9570 2.281827 
542.8728 46.213 80.713 0.15279 0.93438 0.779 -0.04012 13.0000 24.66 0.9563 0.9571 2.283853 
542.3905 46.244 80.759 0.15201 0.93434 0.768 -0.04114 13.0000 24.48 0.9563 0.9571 2.285884 
541.9082 46.279 80.802 0.15127 0.93418 0.766 -0.04229 13.0000 24.30 0.9564 0.9572 2.287919 
541.4257 46.312 80.845 0.15056 0.93420 0.763 -0.04336 13.0000 24.08 0.9565 0.9573 2.289958 
540.9431 46.349 80.888 0.14979 0.93393 0.751 -0.04458 13.0000 23.41 0.9567 0.9575 2.292001 
540.4604 46.385 80.935 0.14899 0.93378 0.744 -0.04574 13.0000 23.63 0.9568 0.9576 2.294048 
539.9777 46.417 80.981 0.14824 0.93390 0.753 -0.04682 13.0000 24.01 0.9570 0.9578 2.296098 
539.4948 46.451 81.027 0.14746 0.93381 0.741 -0.04792 13.0000 23.37 0.9572 0.9580 2.298154 
539.0118 46.487 81.071 0.14671 0.93379 0.733 -0.04911 13.0000 23.19 0.9574 0.9582 2.300213 
538.5286 46.523 81.120 0.14587 0.93364 0.727 -0.05027 13.0000 22.71 0.9575 0.9583 2.302277 
538.0454 46.561 81.173 0.14496 0.93343 0.722 -0.05151 13.0000 22.51 0.9576 0.9584 2.304344 
537.5621 46.595 81.222 0.14414 0.93344 0.714 -0.05263 13.0000 22.39 0.9579 0.9587 2.306416 
537.0786 46.629 81.267 0.14339 0.93341 0.708 -0.05377 13.0000 22.18 0.9580 0.9588 2.308492 
536.5950 46.670 81.316 0.14253 0.93318 0.704 -0.05508 13.0000 21.69 0.9580 0.9588 2.310573 
536.1114 46.702 81.365 0.14173 0.93330 0.708 -0.05614 13.0000 22.26 0.9580 0.9589 2.312657 
535.6276 46.732 81.418 0.14087 0.93348 0.698 -0.05716 13.0000 21.37 0.9580 0.9589 2.314746 
535.1437 46.767 81.467 0.14006 0.93347 0.694 -0.05829 13.0000 21.49 0.9582 0.9590 2.316839 
534.6597 46.804 81.520 0.13915 0.93331 0.690 -0.05951 13.0000 21.37 0.9582 0.9591 2.318936 
534.1756 46.835 81.569 0.13839 0.93359 0.680 -0.06054 13.0000 20.74 0.9582 0.9591 2.321038 
533.6913 46.870 81.616 0.13759 0.93356 0.678 -0.06169 13.0000 20.37 0.9583 0.9592 2.323144 
533.2070 46.911 81.666 0.13678 0.93366 0.674 -0.06304 13.0000 20.36 0.9585 0.9594 2.325254 
532.7226 46.954 81.721 0.13587 0.93370 0.674 -0.06444 13.0000 20.15 0.9587 0.9596 2.327369 
532.2380 46.992 81.770 0.13505 0.93372 0.662 -0.06572 13.0000 19.82 0.9588 0.9597 2.329488 
531.7534 47.032 81.829 0.13407 0.93373 0.659 -0.06704 13.0000 19.73 0.9591 0.9600 2.331611 
531.2686 47.074 81.886 0.13312 0.93373 0.657 -0.06839 13.0000 19.69 0.9592 0.9601 2.333738 
530.7837 47.112 81.944 0.13220 0.93406 0.656 -0.06967 13.0000 19.31 0.9594 0.9604 2.335870 
530.2987 47.153 82.000 0.13130 0.93426 0.648 -0.07104 13.0000 18.76 0.9595 0.9604 2.338007 
529.8136 47.190 82.053 0.13045 0.93448 0.648 -0.07227 13.0000 18.98 0.9597 0.9607 2.340147 
529.3284 47.228 82.112 0.12949 0.93469 0.636 -0.07354 13.0000 18.49 0.9596 0.9606 2.342292 
528.8430 47.270 82.167 0.12858 0.93469 0.638 -0.07493 13.0000 18.48 0.9597 0.9607 2.344442 
528.3576 47.313 82.228 0.12761 0.93502 0.638 -0.07635 13.0000 18.42 0.9600 0.9610 2.346596 
527.8720 47.354 82.284 0.12671 0.93517 0.629 -0.07773 13.0000 17.90 0.9601 0.9611 2.348755 
527.3864 47.396 82.340 0.12579 0.93533 0.625 -0.07912 13.0000 17.79 0.9602 0.9612 2.350917 
526.9006 47.439 82.402 0.12483 0.93581 0.621 -0.08057 13.0000 17.47 0.9604 0.9614 2.353085 
526.4147 47.483 82.464 0.12383 0.93602 0.615 -0.08205 13.0000 17.02 0.9606 0.9616 2.355257 
525.9287 47.531 82.524 0.12283 0.93607 0.612 -0.08362 13.0000 17.01 0.9608 0.9619 2.357433 
525.4426 47.580 82.585 0.12185 0.93630 0.617 -0.08526 13.0000 17.16 0.9611 0.9621 2.359614 
524.9564 47.629 82.644 0.12089 0.93639 0.607 -0.08689 13.0000 16.53 0.9610 0.9621 2.361800 
524.4700 47.682 82.706 0.11986 0.93638 0.605 -0.08863 13.0000 16.19 0.9610 0.9621 2.363990 
523.9836 47.728 82.768 0.11887 0.93675 0.601 -0.09020 13.0000 15.87 0.9612 0.9623 2.366185 
523.4971 47.775 82.834 0.11784 0.93722 0.598 -0.09180 13.0000 15.97 0.9616 0.9628 2.368384 
523.0104 47.822 82.896 0.11683 0.93750 0.594 -0.09336 13.0000 15.52 0.9617 0.9629 2.370588 
522.5236 47.873 82.965 0.11571 0.93765 0.590 -0.09505 13.0000 15.08 0.9619 0.9631 2.372796 
522.0367 47.932 83.032 0.11461 0.93772 0.588 -0.09701 13.0000 15.08 0.9621 0.9633 2.375009 
521.5497 47.988 83.095 0.11356 0.93779 0.578 -0.09889 13.0000 14.84 0.9623 0.9635 2.377227 
521.0626 48.042 83.167 0.11237 0.93780 0.576 -0.10068 13.0000 14.64 0.9624 0.9636 2.379449 
520.5754 48.098 83.237 0.11122 0.93791 0.577 -0.10255 13.0000 14.63 0.9625 0.9637 2.381676 
520.0881 48.151 83.308 0.11010 0.93829 0.577 -0.10434 13.0000 14.48 0.9629 0.9642 2.383908 
519.6006 48.210 83.379 0.10894 0.93851 0.569 -0.10631 13.0000 14.28 0.9633 0.9646 2.386144 
519.1131 48.261 83.450 0.10779 0.93887 0.566 -0.10806 13.0000 14.15 0.9637 0.9649 2.388385 
518.6254 48.315 83.526 0.10659 0.93931 0.561 -0.10988 13.0000 13.66 0.9639 0.9652 2.390631 
518.1377 48.368 83.595 0.10547 0.93946 0.561 -0.11166 13.0000 13.59 0.9638 0.9651 2.392881 
517.6498 48.426 83.665 0.10431 0.93956 0.553 -0.11361 13.0000 13.20 0.9640 0.9653 2.395137 
517.1618 48.479 83.739 0.10307 0.93951 0.553 -0.11534 13.0000 13.01 0.9641 0.9654 2.397397 
516.6737 48.526 83.818 0.10182 0.93998 0.548 -0.11696 13.0000 12.79 0.9642 0.9655 2.399661 
516.1855 48.581 83.891 0.10061 0.94013 0.545 -0.11881 13.0000 12.57 0.9645 0.9658 2.401931 
515.6971 48.639 83.963 0.09943 0.94026 0.544 -0.12076 13.0000 12.50 0.9648 0.9662 2.404206 
515.2087 48.697 84.035 0.09827 0.94043 0.540 -0.12271 13.0000 12.51 0.9652 0.9665 2.406485 
514.7202 48.760 84.116 0.09692 0.94048 0.534 -0.12481 13.0000 12.28 0.9657 0.9671 2.408769 
514.2314 48.812 84.199 0.09560 0.94095 0.531 -0.12660 13.0000 12.01 0.9660 0.9674 2.411058 
513.7427 48.872 84.282 0.09422 0.94091 0.534 -0.12860 13.0000 12.06 0.9662 0.9677 2.413352 
513.2538 48.931 84.362 0.09291 0.94108 0.531 -0.13057 13.0000 11.77 0.9667 0.9682 2.415651 
512.7648 48.992 84.437 0.09164 0.94093 0.528 -0.13260 13.0000 11.68 0.9666 0.9680 2.417955 
512.2757 49.055 84.516 0.09034 0.94092 0.527 -0.13469 13.0000 11.68 0.9666 0.9681 2.420263 
511.7864 49.121 84.596 0.08903 0.94114 0.524 -0.13693 13.0000 11.54 0.9669 0.9684 2.422577 
511.2971 49.189 84.672 0.08776 0.94105 0.520 -0.13918 13.0000 11.45 0.9672 0.9687 2.424895 
510.8076 49.258 84.750 0.08644 0.94076 0.510 -0.14147 13.0000 11.10 0.9674 0.9689 2.427219 
510.3181 49.312 84.826 0.08522 0.94119 0.517 -0.14332 13.0000 10.92 0.9673 0.9689 2.429547 
509.8284 49.363 84.907 0.08390 0.94129 0.514 -0.14505 13.0000 10.77 0.9668 0.9684 2.431881 
509.3386 49.419 84.993 0.08246 0.94110 0.507 -0.14689 13.0000 10.70 0.9665 0.9680 2.434219 
508.8488 49.482 85.074 0.08110 0.94095 0.499 -0.14899 13.0000 10.44 0.9665 0.9680 2.436563 
508.3587 49.551 85.159 0.07971 0.94104 0.500 -0.15130 13.0000 10.48 0.9664 0.9680 2.438912 
507.8686 49.615 85.246 0.07825 0.94097 0.503 -0.15343 13.0000 10.39 0.9663 0.9679 2.441265 
507.3784 49.683 85.321 0.07700 0.94066 0.503 -0.15568 13.0000 10.23 0.9663 0.9679 2.443624 
506.8880 49.748 85.399 0.07568 0.94039 0.498 -0.15782 13.0000 9.81 0.9660 0.9676 2.445988 
506.3976 49.815 85.479 0.07435 0.94021 0.497 -0.16003 13.0000 9.72 0.9659 0.9675 2.448357 
505.9070 49.879 85.552 0.07310 0.93975 0.487 -0.16211 13.0000 9.42 0.9655 0.9671 2.450731 
505.4163 49.950 85.635 0.07171 0.93955 0.489 -0.16445 13.0000 9.40 0.9655 0.9671 2.453110 
504.9255 50.013 85.720 0.07030 0.93945 0.486 -0.16654 13.0000 9.41 0.9656 0.9672 2.455495 
504.4346 50.079 85.803 0.06892 0.93920 0.484 -0.16872 13.0000 9.43 0.9654 0.9670 2.457884 
503.9436 50.145 85.893 0.06740 0.93878 0.482 -0.17089 13.0000 9.23 0.9647 0.9663 2.460279 
503.4525 50.210 85.983 0.06589 0.93829 0.481 -0.17296 13.0000 9.17 0.9641 0.9657 2.462679 
502.9612 50.275 86.073 0.06439 0.93803 0.483 -0.17511 13.0000 8.97 0.9640 0.9656 2.465085 
502.4698 50.339 86.158 0.06298 0.93783 0.481 -0.17724 13.0000 9.08 0.9635 0.9651 2.467495 
501.9784 50.411 86.247 0.06149 0.93738 0.481 -0.17958 13.0000 8.99 0.9634 0.9650 2.469911 
501.4868 50.482 86.341 0.05992 0.93695 0.479 -0.18187 13.0000 8.96 0.9634 0.9650 2.472332 
500.9951 50.547 86.436 0.05834 0.93664 0.474 -0.18400 13.0000 8.67 0.9629 0.9645 2.474759 
500.5033 50.610 86.527 0.05684 0.93665 0.461 -0.18613 13.0000 8.30 0.9627 0.9643 2.477190 
500.0114 50.680 86.622 0.05526 0.93623 0.460 -0.18844 13.0000 8.27 0.9625 0.9641 2.479627 
499.5193 50.754 86.714 0.05372 0.93569 0.473 -0.19082 13.0000 8.52 0.9621 0.9637 2.482070 
499.0272 50.826 86.806 0.05219 0.93520 0.469 -0.19315 13.0000 8.23 0.9616 0.9631 2.484518 
498.5349 50.898 86.902 0.05058 0.93466 0.464 -0.19548 13.0000 7.92 0.9613 0.9628 2.486971 
498.0426 50.966 86.999 0.04899 0.93431 0.458 -0.19772 13.0000 7.75 0.9609 0.9624 2.489429 
497.5501 51.039 87.085 0.04756 0.93382 0.450 -0.20008 13.0000 7.51 0.9604 0.9619 2.491894 
497.0575 51.112 87.177 0.04604 0.93363 0.450 -0.20252 13.0000 7.47 0.9602 0.9617 2.494363 
496.5648 51.188 87.276 0.04441 0.93342 0.452 -0.20506 13.0000 7.18 0.9605 0.9619 2.496838 
496.0720 51.254 87.369 0.04289 0.93330 0.450 -0.20726 13.0000 7.09 0.9599 0.9614 2.499318 
495.5790 51.324 87.470 0.04123 0.93304 0.449 -0.20958 13.0000 6.86 0.9595 0.9609 2.501805 
495.0860 51.397 87.560 0.03975 0.93275 0.440 -0.21200 13.0000 6.66 0.9594 0.9609 2.504296 
494.5928 51.468 87.650 0.03826 0.93227 0.450 -0.21430 13.0000 6.89 0.9584 0.9598 2.506793 
494.0995 51.545 87.743 0.03673 0.93191 0.450 -0.21687 13.0000 6.72 0.9582 0.9596 2.509296 
493.6062 51.629 87.837 0.03518 0.93137 0.448 -0.21960 13.0000 6.75 0.9580 0.9594 2.511804 
493.1127 51.707 87.940 0.03349 0.93087 0.439 -0.22216 13.0000 6.43 0.9575 0.9589 2.514318 
492.6190 51.776 88.043 0.03181 0.93075 0.442 -0.22447 13.0000 6.56 0.9572 0.9586 2.516837 
492.1253 51.847 88.140 0.03021 0.93046 0.441 -0.22685 13.0000 6.73 0.9568 0.9582 2.519362 
491.6315 51.923 88.245 0.02849 0.93001 0.431 -0.22932 13.0000 6.62 0.9563 0.9578 2.521893 
491.1375 51.995 88.347 0.02684 0.92984 0.421 -0.23175 13.0000 6.55 0.9557 0.9572 2.524429 
490.6435 52.068 88.446 0.02522 0.92968 0.415 -0.23422 13.0000 6.35 0.9552 0.9567 2.526971 
490.1493 52.147 88.555 0.02344 0.92913 0.421 -0.23681 13.0000 6.26 0.9548 0.9562 2.529519 
489.6550 52.217 88.661 0.02171 0.92876 0.413 -0.23914 13.0000 6.43 0.9542 0.9556 2.532072 
489.1606 52.293 88.772 0.01991 0.92841 0.421 -0.24164 13.0000 6.46 0.9537 0.9551 2.534631 
488.6661 52.366 88.878 0.01817 0.92816 0.413 -0.24411 13.0000 6.19 0.9534 0.9548 2.537196 
488.1714 52.440 88.986 0.01643 0.92818 0.400 -0.24666 13.0000 6.04 0.9533 0.9547 2.539768 
487.6767 52.511 89.091 0.01471 0.92792 0.409 -0.24904 13.0000 6.10 0.9526 0.9540 2.542344 
487.1818 52.588 89.205 0.01287 0.92767 0.396 -0.25165 13.0000 6.08 0.9521 0.9535 2.544927 
486.6869 52.659 89.318 0.01104 0.92756 0.393 -0.25409 13.0000 5.89 0.9516 0.9529 2.547514 
486.1918 52.740 89.431 0.00920 0.92705 0.387 -0.25678 13.0000 5.69 0.9509 0.9523 2.550109 
485.6966 52.817 89.548 0.00732 0.92657 0.389 -0.25931 13.0000 5.70 0.9500 0.9514 2.552709 
485.2013 52.892 89.663 0.00545 0.92661 0.390 -0.26192 13.0000 5.84 0.9495 0.9509 2.555314 
484.7058 52.965 89.783 0.00351 0.92628 0.385 -0.26439 13.0000 5.87 0.9485 0.9499 2.557927 
484.2103 53.034 89.900 0.00162 0.92621 0.375 -0.26677 13.0000 5.72 0.9479 0.9492 2.560544 
483.7146 53.103 90.019 -0.00030 0.92640 0.378 -0.26923 13.0000 5.92 0.9476 0.9490 2.563168 
483.2189 53.181 90.145 -0.00235 0.92625 0.375 -0.27193 13.0000 6.32 0.9472 0.9486 2.565798 
482.7230 53.257 90.268 -0.00432 0.92595 0.374 -0.27453 13.0000 6.53 0.9463 0.9477 2.568433 
482.2270 53.331 90.384 -0.00621 0.92570 0.382 -0.27706 13.0000 6.93 0.9454 0.9468 2.571075 
481.7309 53.403 90.502 -0.00812 0.92570 0.369 -0.27959 13.0000 7.09 0.9445 0.9459 2.573723 
481.2346 53.466 90.626 -0.01011 0.92566 0.371 -0.28181 13.0000 7.58 0.9433 0.9447 2.576377 
480.7383 53.532 90.757 -0.01222 0.92568 0.359 -0.28415 13.0000 7.41 0.9424 0.9438 2.579037 
480.2419 53.603 90.885 -0.01431 0.92579 0.354 -0.28670 13.0000 7.65 0.9417 0.9432 2.581703 
479.7453 53.671 91.015 -0.01640 0.92594 0.353 -0.28921 13.0000 7.87 0.9412 0.9427 2.584375 
479.2486 53.746 91.148 -0.01855 0.92572 0.343 -0.29180 13.0000 7.90 0.9402 0.9416 2.587054 
478.7518 53.813 91.283 -0.02074 0.92568 0.336 -0.29418 13.0000 7.90 0.9390 0.9405 2.589738 
478.2549 53.890 91.418 -0.02290 0.92528 0.333 -0.29681 13.0000 8.12 0.9377 0.9392 2.592429 
477.7579 53.964 91.555 -0.02511 0.92501 0.336 -0.29937 13.0000 8.48 0.9367 0.9382 2.595126 
477.2608 54.033 91.688 -0.02725 0.92487 0.328 -0.30183 13.0000 8.23 0.9357 0.9372 2.597829 
476.7635 54.105 91.828 -0.02951 0.92466 0.327 -0.30435 13.0000 8.46 0.9347 0.9363 2.600539 
476.2662 54.178 91.967 -0.03176 0.92473 0.328 -0.30702 13.0000 8.69 0.9338 0.9353 2.603254 
475.7687 54.259 92.104 -0.03397 0.92447 0.330 -0.30986 13.0000 8.84 0.9330 0.9346 2.605976 
475.2711 54.346 92.246 -0.03624 0.92392 0.327 -0.31282 13.0000 9.39 0.9320 0.9336 2.608705 
474.7734 54.436 92.388 -0.03849 0.92323 0.329 -0.31586 13.0000 9.74 0.9312 0.9329 2.611439 
474.2756 54.519 92.542 -0.04098 0.92288 0.326 -0.31879 13.0000 10.06 0.9302 0.9319 2.614180 
473.7776 54.613 92.689 -0.04330 0.92202 0.323 -0.32190 13.0000 10.80 0.9290 0.9306 2.616928 
473.2796 54.717 92.835 -0.04560 0.92072 0.319 -0.32524 13.0000 11.17 0.9277 0.9294 2.619682 
472.7814 54.815 92.979 -0.04787 0.91984 0.318 -0.32851 13.0000 11.39 0.9267 0.9284 2.622442 
472.2831 54.927 93.134 -0.05028 0.91840 0.311 -0.33212 13.0000 11.97 0.9257 0.9274 2.625209 
471.7848 55.039 93.293 -0.05276 0.91705 0.311 -0.33575 13.0000 12.67 0.9252 0.9269 2.627982 
471.2863 55.148 93.452 -0.05524 0.91586 0.304 -0.33934 13.0000 12.87 0.9246 0.9263 2.630762 
470.7876 55.265 93.611 -0.05767 0.91393 0.298 -0.34292 13.0000 13.25 0.9237 0.9254 2.633548 
470.2889 55.377 93.783 -0.06033 0.91252 0.298 -0.34654 13.0000 13.38 0.9228 0.9246 2.636341 
469.7900 55.497 93.953 -0.06295 0.91094 0.292 -0.35039 13.0000 13.48 0.9220 0.9238 2.639141 
469.2911 55.627 94.127 -0.06557 0.90866 0.292 -0.35434 13.0000 13.58 0.9211 0.9229 2.641946 
468.7920 55.774 94.296 -0.06808 0.90624 0.286 -0.35885 13.0000 13.66 0.9213 0.9231 2.644759 
468.2928 55.916 94.460 -0.07053 0.90421 0.287 -0.36334 13.0000 13.91 0.9213 0.9231 2.647578 
467.7935 56.060 94.638 -0.07317 0.90187 0.287 -0.36777 13.0000 14.11 0.9210 0.9228 2.650404 
467.2941 56.204 94.825 -0.07590 0.89920 0.286 -0.37210 13.0000 14.20 0.9211 0.9229 2.653237 
466.7945 56.363 95.014 -0.07864 0.89635 0.288 -0.37685 13.0000 14.75 0.9214 0.9232 2.656077 
466.2949 56.506 95.216 -0.08161 0.89403 0.284 -0.38130 13.0000 15.59 0.9211 0.9229 2.658922 
465.7951 56.664 95.408 -0.08436 0.89108 0.288 -0.38599 13.0000 16.32 0.9214 0.9232 2.661775 
465.2952 56.815 95.603 -0.08713 0.88825 0.284 -0.39047 13.0000 17.13 0.9209 0.9227 2.664635 
464.7952 56.973 95.804 -0.09000 0.88548 0.283 -0.39525 13.0000 18.37 0.9212 0.9230 2.667502 
464.2951 57.137 96.005 -0.09281 0.88221 0.283 -0.40004 13.0000 19.78 0.9213 0.9232 2.670375 
463.7949 57.319 96.214 -0.09562 0.87826 0.276 -0.40519 13.0000 20.83 0.9216 0.9234 2.673255 
463.2946 57.484 96.418 -0.09842 0.87497 0.275 -0.40997 13.0000 21.85 0.9215 0.9233 2.676142 
462.7941 57.661 96.624 -0.10123 0.87170 0.270 -0.41523 13.0000 22.79 0.9225 0.9243 2.679036 
462.2935 57.843 96.810 -0.10363 0.86782 0.264 -0.42034 13.0000 23.86 0.9229 0.9247 2.681937 
461.7928 58.029 97.026 -0.10646 0.86387 0.260 -0.42563 13.0000 24.59 0.9233 0.9251 2.684845 
461.2921 58.213 97.241 -0.10928 0.86016 0.256 -0.43092 13.0000 25.17 0.9244 0.9262 2.687759 
460.7911 58.401 97.451 -0.11198 0.85621 0.252 -0.43622 13.0000 25.04 0.9251 0.9269 2.690681 
460.2901 58.585 97.661 -0.11467 0.85245 0.248 -0.44149 13.0000 25.00 0.9257 0.9275 2.693610 
459.7889 58.777 97.879 -0.11742 0.84851 0.248 -0.44696 13.0000 24.65 0.9263 0.9281 2.696546 
459.2877 58.967 98.096 -0.12016 0.84475 0.245 -0.45243 13.0000 24.77 0.9276 0.9294 2.699489 
458.7863 59.165 98.312 -0.12285 0.84084 0.245 -0.45811 13.0000 24.86 0.9289 0.9307 2.702439 
458.2848 59.356 98.534 -0.12556 0.83676 0.244 -0.46347 13.0000 25.05 0.9298 0.9315 2.705396 
457.7832 59.564 98.769 -0.12832 0.83186 0.245 -0.46902 13.0000 25.26 0.9303 0.9321 2.708360 
457.2815 59.789 99.007 -0.13102 0.82660 0.239 -0.47500 13.0000 25.62 0.9314 0.9331 2.711332 
456.7796 59.996 99.243 -0.13379 0.82212 0.240 -0.48072 13.0000 25.73 0.9334 0.9351 2.714311 
456.2777 60.201 99.486 -0.13663 0.81772 0.237 -0.48643 13.0000 26.35 0.9355 0.9372 2.717297 
455.7756 60.423 99.739 -0.13946 0.81258 0.234 -0.49238 13.0000 26.16 0.9372 0.9389 2.720290 
455.2734 60.636 99.982 -0.14212 0.80752 0.230 -0.49797 13.0000 25.85 0.9387 0.9404 2.723291 
454.7711 60.845 100.232 -0.14490 0.80278 0.227 -0.50364 13.0000 25.64 0.9407 0.9423 2.726299 
454.2687 61.061 100.475 -0.14754 0.79798 0.219 -0.50950 13.0000 24.90 0.9430 0.9447 2.729314 
453.7662 61.254 100.725 -0.15037 0.79386 0.218 -0.51490 13.0000 23.73 0.9444 0.9461 2.732336 
453.2635 61.449 100.981 -0.15316 0.78933 0.214 -0.52011 13.0000 22.68 0.9452 0.9469 2.735367 
452.7608 61.639 101.235 -0.15597 0.78516 0.209 -0.52539 13.0000 21.33 0.9464 0.9481 2.738404 
452.2579 61.831 101.496 -0.15881 0.78082 0.205 -0.53064 13.0000 19.61 0.9475 0.9491 2.741449 
451.7549 62.020 101.756 -0.16162 0.77659 0.206 -0.53583 13.0000 18.59 0.9485 0.9502 2.744501 
451.2518 62.210 102.022 -0.16446 0.77227 0.204 -0.54103 13.0000 17.11 0.9495 0.9512 2.747561 
450.7485 62.398 102.291 -0.16736 0.76816 0.203 -0.54634 13.0000 15.86 0.9508 0.9525 2.750629 
450.2452 62.586 102.562 -0.17019 0.76374 0.202 -0.55140 13.0000 14.71 0.9515 0.9532 2.753704 
449.7417 62.775 102.840 -0.17308 0.75940 0.199 -0.55659 13.0000 13.38 0.9524 0.9541 2.756787 
449.2382 62.959 103.114 -0.17595 0.75522 0.199 -0.56170 13.0000 12.88 0.9534 0.9551 2.759876 
448.7345 63.146 103.399 -0.17886 0.75085 0.196 -0.56682 13.0000 12.19 0.9542 0.9559 2.762974 
448.2307 63.330 103.682 -0.18176 0.74661 0.194 -0.57192 13.0000 11.34 0.9551 0.9568 2.766080 
447.7267 63.513 103.970 -0.18472 0.74250 0.192 -0.57713 13.0000 10.91 0.9562 0.9580 2.769193 
447.2227 63.696 104.262 -0.18766 0.73828 0.191 -0.58224 13.0000 10.24 0.9571 0.9589 2.772314 
446.7186 63.880 104.560 -0.19059 0.73376 0.187 -0.58719 13.0000 9.17 0.9575 0.9594 2.775443 
446.2143 64.061 104.859 -0.19357 0.72957 0.186 -0.59232 13.0000 8.50 0.9585 0.9603 2.778580 
445.7099 64.242 105.163 -0.19656 0.72533 0.180 -0.59741 13.0000 7.83 0.9593 0.9612 2.781724 
445.2054 64.422 105.470 -0.19957 0.72109 0.179 -0.60250 13.0000 7.06 0.9601 0.9621 2.784876 
444.7008 64.601 105.782 -0.20259 0.71680 0.180 -0.60755 13.0000 6.50 0.9609 0.9628 2.788036 
444.1960 64.779 106.097 -0.20562 0.71252 0.177 -0.61259 13.0000 5.73 0.9616 0.9636 2.791204 
443.6912 64.957 106.417 -0.20866 0.70818 0.175 -0.61760 13.0000 5.12 0.9622 0.9642 2.794380 
443.1862 65.134 106.741 -0.21172 0.70387 0.178 -0.62263 13.0000 4.56 0.9629 0.9649 2.797564 
442.6812 65.308 107.067 -0.21481 0.69970 0.176 -0.62771 13.0000 4.23 0.9637 0.9658 2.800756 
442.1759 65.485 107.401 -0.21792 0.69532 0.179 -0.63273 13.0000 3.92 0.9642 0.9664 2.803956 
441.6706 65.659 107.738 -0.22101 0.69093 0.180 -0.63768 13.0000 3.66 0.9647 0.9669 2.807164 
441.1652 65.833 108.081 -0.22416 0.68661 0.174 -0.64274 13.0000 3.35 0.9653 0.9676 2.810380 
440.6596 66.005 108.427 -0.22731 0.68228 0.177 -0.64774 13.0000 3.17 0.9659 0.9682 2.813605 
440.1540 66.179 108.782 -0.23047 0.67773 0.175 -0.65268 13.0000 2.90 0.9662 0.9686 2.816837 
439.6482 66.179 108.782 -0.23047 0.67773 0.174 -0.65268 13.0000 2.76 0.9662 0.9686 2.820077 

# MINIMA:
439.6482 4.911 0.678 -226.45731 -226.52869 -3440.260 -5.82512 13.0000 2.76 0.5144 0.5572 1.240099 

# MAXIMA:
999.7925 88.354 359.654 24.79163 10.84229 194.643 67.35759 13.0000 60.79 1.32039548736131564E19 1.51592486389681435E21 2.820077 

# PEAKS:

# END SPECTRUM

