## SPECTRUM TYPE:
LCE

## DATE:
24/09/2026

## COMMENTS:

## NUMBER OF SPECTRUM:
1

## ELLIPSOMETRIC CONFIGURATION:
0.00 ø :Modulator
+45.00 øAnalyser

## UNIT:
nm


# SPECTRUM:
1

# CAPTION:


# START TIME:
10:23:51

# END TIME:
10:23:51

# THETA ANGLE:
0.00 ø

# INCIDENCE ANGLE:
69.95 ø

# ACCUMULATION NUMBER:
14

# ELLIPSOMETRIC CONFIGURATION:
0.00 ø :Modulator
+45.00 øAnalyser

# INTEGRATION TIME:
16 ms

# FIRST POINT:
999.79 nm

# LAST POINT:
439.65 nm

# INCREMENT:
0.00 nm

# NUMBER OF POINTS:
1273

# DATA:
nm Psi Delta Ic Is Reflectance IcPrim IntegrationTime IntensityMax Polarization PolarizationGen eV 
999.7925 1.077 199.449 -2.38946 -0.84377 0.000 67.35754 16.0000 5.26 2.71942705678070579E18 1.22969644333258506E19 1.240099 
999.4089 1.077 199.449 -2.38946 -0.84377 0.443 67.35753 16.0000 5.21 2.52926981929172992E18 1.14370957628701409E19 1.240575 
999.0253 1.078 199.563 -2.38946 -0.84913 0.286 67.35754 16.0000 5.33 2.34649855116233933E18 1.06106775346662605E19 1.241052 
998.6415 1.079 199.657 -2.38946 -0.85354 0.254 67.35754 16.0000 5.35 2.1674191682011136E18 9.80093779834411418E18 1.241529 
998.2578 1.079 199.713 -2.38946 -0.85618 0.128 67.35754 16.0000 5.40 1.99572438020993843E18 9.02456933943659725E18 1.242006 
997.8739 1.079 199.725 -2.38946 -0.85673 0.365 67.35754 16.0000 5.44 1.82772175226483507E18 8.26487442460848947E18 1.242484 
997.4900 1.079 199.665 -2.38946 -0.85389 0.007 67.35754 16.0000 5.37 1.6671035818508288E18 7.53854419012524442E18 1.242962 
997.1060 1.078 199.510 -2.38946 -0.84662 -0.008 67.35754 16.0000 5.49 1.51202365150593024E18 6.83723224322041446E18 1.243440 
996.7219 1.076 199.230 -2.38946 -0.83348 -2.488 67.35755 16.0000 5.45 1.36063601864605696E18 6.15259439015080755E18 1.243920 
996.3377 1.073 198.761 -2.38946 -0.81162 -0.276 67.35754 16.0000 5.56 1.2166327058783273E18 5.50132946376327168E18 1.244399 
995.9535 1.068 198.046 -2.38946 -0.77853 0.085 67.35754 16.0000 5.49 1.0781681142160425E18 4.87510811372158976E18 1.244879 
995.5692 1.062 197.036 -2.38946 -0.73218 0.713 67.35754 16.0000 5.72 923088115151667200.0000 4.1737873707237376E18 1.245360 
995.1848 1.054 195.500 -2.38946 -0.66264 -0.447 67.35754 16.0000 5.75 756931704668553216.0000 3.42244627036556493E18 1.245841 
994.8003 1.042 192.955 -2.38946 -0.54967 0.012 67.35754 16.0000 5.79 576007169397227520.0000 2.60446404512579584E18 1.246322 
994.4158 1.026 187.914 -2.38946 -0.33218 0.006 67.35754 16.0000 5.72 385854810991099904.0000 1.74506761491421594E18 1.246804 
994.0311 1.053 195.204 -2.38946 -0.64937 0.005 67.35754 16.0000 5.76 184617485591379968.0000 834742630737772544.0000 1.247287 
993.6464 1.053 195.204 -2.38946 -0.64937 0.207 67.35754 16.0000 5.85 24000272955080704.0000 108516540621520896.0000 1.247770 
993.2617 1.053 195.204 -2.38946 -0.64937 0.651 67.35754 16.0000 5.91 234464206013857792.0000 1.06012313553941299E18 1.248253 
992.8768 1.053 195.204 -2.38946 -0.64937 -0.059 67.35754 16.0000 5.96 437543436728401920.0000 1.9783400018631721E18 1.248737 
992.4919 22.829 133.047 -0.59205 0.63384 -0.001 0.84763 16.0000 5.85 5.0209 6.2851 1.249221 
992.1069 24.603 131.649 -0.59928 0.67383 -7.528 0.77822 16.0000 6.02 4.9927 6.2818 1.249706 
991.7218 26.719 132.415 -0.60992 0.66761 -0.171 0.67063 16.0000 6.01 4.9278 6.2288 1.250191 
991.3367 26.899 133.377 -0.61892 0.65503 0.088 0.65960 16.0000 6.19 4.8817 6.1992 1.250677 
990.9514 26.215 135.644 -0.60563 0.59216 0.648 0.65161 16.0000 6.12 4.7005 6.0486 1.251163 
990.5661 25.256 134.600 -0.57845 0.58660 6.604 0.67882 16.0000 6.14 4.4336 5.6409 1.251650 
990.1807 24.199 135.073 -0.55669 0.55526 -13.281 0.69813 16.0000 6.22 3.8092 4.7981 1.252137 
989.7953 21.888 135.750 -0.49154 0.47885 -0.248 0.71621 16.0000 6.25 2.5623 3.1979 1.252625 
989.4097 2.898 143.758 -0.07287 0.05341 -1.277 0.88997 16.0000 6.38 0.7370 0.8045 1.253113 
989.0241 32.033 132.083 -0.85868 0.95090 0.623 0.62306 16.0000 6.42 3.7062 4.9148 1.253601 
988.6384 3.891 178.393 -0.18813 0.00528 1.056 1.37709 16.0000 6.42 0.8225 0.9180 1.254090 
988.2526 7.157 152.757 -0.23497 0.12098 18.264 1.03579 16.0000 6.54 0.7450 0.8236 1.254580 
987.8668 9.530 149.360 -0.31091 0.18417 0.663 1.04592 16.0000 6.45 0.7355 0.8042 1.255070 
987.4809 8.611 153.526 -0.30283 0.15082 -2636.621 1.09135 16.0000 6.50 0.7233 0.7883 1.255560 
987.0949 7.803 151.546 -0.27953 0.15148 0.689 1.13832 16.0000 6.59 0.7576 0.7822 1.256051 
986.7088 4.350 148.323 -0.17459 0.10773 0.622 1.34070 16.0000 6.60 0.8794 0.8886 1.256543 
986.3226 4.440 209.224 -0.14372 -0.08040 -1.496 1.05396 16.0000 6.61 0.9462 0.9621 1.257035 
985.9364 5.350 145.271 -0.13260 0.09192 -4.662 0.85384 16.0000 6.63 1.0749 1.1019 1.257527 
985.5501 8.268 120.971 -0.11662 0.19431 57.033 0.76332 16.0000 6.67 1.2647 1.3531 1.258020 
985.1638 10.386 118.274 -0.14173 0.26350 -1.108 0.78881 16.0000 6.75 1.5200 1.6310 1.258513 
984.7773 12.300 117.454 -0.16582 0.31915 0.658 0.78552 16.0000 6.83 1.6366 1.7462 1.259007 
984.3907 14.453 114.680 -0.17333 0.37719 -0.300 0.75179 16.0000 6.93 1.4782 1.5792 1.259502 
984.0041 12.286 107.953 -0.11739 0.36230 -0.142 0.83293 16.0000 6.91 1.3158 1.4104 1.259997 
983.6174 10.963 101.328 -0.07098 0.35433 0.269 0.89774 16.0000 7.07 0.9858 1.0898 1.260492 
983.2307 6.256 98.015 -0.03730 0.26488 0.334 1.20543 16.0000 7.15 0.8956 0.9893 1.260988 
982.8438 1.995 317.333 0.07256 -0.06688 0.231 1.41486 16.0000 7.13 0.9492 1.0286 1.261484 
982.4569 4.613 252.328 -0.05396 -0.16938 0.250 1.09446 16.0000 7.18 0.8571 0.9673 1.261981 
982.0699 3.687 141.624 -0.09310 0.07372 -1.774 0.91767 16.0000 7.27 0.7857 0.8828 1.262478 
981.6828 9.961 141.162 -0.23649 0.19040 -0.006 0.83774 16.0000 7.31 0.8135 0.8820 1.262976 
981.2957 16.878 184.165 -0.67445 -0.04912 -0.004 1.01179 16.0000 7.39 0.9112 0.9824 1.263474 
980.9084 16.952 131.692 -0.35966 0.40379 0.002 0.80456 16.0000 7.39 1.0237 1.3543 1.263973 
980.5211 32.737 61.064 0.70411 1.27357 0.005 0.66402 16.0000 7.41 1.0213 1.2477 1.264472 
980.1337 35.670 68.634 0.93994 2.40269 -0.001 0.87128 16.0000 7.55 0.9465 1.3845 1.264972 
979.7463 37.653 51.410 21.55228 27.00768 -0.001 9.06042 16.0000 7.41 1.0547 1.6882 1.265472 
979.3587 37.736 253.065 -1.12424 -3.69231 3.616 1.00017 16.0000 7.57 1.0221 1.5790 1.265973 
978.9711 23.299 224.761 -1.28628 -1.27559 3.837 1.71324 16.0000 7.59 0.9740 1.9994 1.266474 
978.5834 84.597 92.355 -0.20984 5.10140 0.502 -26.75027 16.0000 7.55 0.9260 2.1972 1.266976 
978.1956 55.041 223.965 -0.73330 -0.70728 4.994 -0.37246 16.0000 7.60 0.8612 2.1763 1.267478 
977.8077 36.114 219.554 -0.80324 -0.66343 -1.593 0.33394 16.0000 7.63 0.9439 1.9834 1.267981 
977.4199 28.405 219.558 -0.76792 -0.63434 1.503 0.65155 16.0000 7.72 1.2625 1.7879 1.268484 
977.0319 14.199 206.529 -0.31742 -0.15846 1.596 0.65618 16.0000 7.92 1.1012 1.2017 1.268988 
976.6437 3.256 329.691 0.07455 -0.04358 0.654 0.75641 16.0000 7.78 1.0034 1.3836 1.269493 
976.2556 7.931 181.370 -0.25035 -0.00599 -5.658 0.88129 16.0000 7.84 1.3279 1.4970 1.269997 
975.8674 4.787 146.353 -0.13389 0.08911 0.680 0.95360 16.0000 7.96 1.4331 1.5614 1.270502 
975.4790 12.318 138.491 -0.28755 0.25448 0.501 0.83730 16.0000 8.10 1.5077 1.6480 1.271008 
975.0906 7.862 145.060 -0.18838 0.13161 -0.902 0.81623 16.0000 7.95 1.5174 1.6740 1.271515 
974.7021 8.361 144.637 -0.20318 0.14419 -6.178 0.82932 16.0000 8.15 1.3221 1.4779 1.272021 
974.3136 6.723 141.268 -0.16613 0.13325 0.629 0.89084 16.0000 8.05 1.2494 1.3463 1.272529 
973.9250 9.463 154.305 -0.15125 0.07277 0.014 0.48949 16.0000 8.17 1.3406 1.3821 1.273036 
973.5363 11.743 157.601 -0.15914 0.06559 0.029 0.39612 16.0000 8.28 1.0406 1.0783 1.273545 
973.1475 19.457 144.141 -0.13074 0.09450 -2.914 0.19982 16.0000 8.27 1.5984 1.6053 1.274053 
972.7586 87.077 103.144 -0.13856 0.59335 -1.521 -5.95196 16.0000 8.40 1.2077 1.2210 1.274563 
972.3697 83.566 149.825 -0.24685 0.14352 -0.545 -1.24994 16.0000 8.51 2.2286 2.2498 1.275073 
971.9807 34.828 116.036 -0.13494 0.27623 -0.099 0.11399 16.0000 8.44 3.0685 3.1239 1.275583 
971.5916 16.392 68.332 0.11875 0.29889 -0.283 0.49935 16.0000 8.48 3.8908 4.0169 1.276094 
971.2024 17.420 128.707 -0.25911 0.32334 0.151 0.59531 16.0000 8.72 4.0744 4.1860 1.276605 
970.8131 22.910 149.806 -0.55887 0.32519 0.019 0.62835 16.0000 8.62 4.1952 4.5047 1.277117 
970.4238 27.060 158.006 -0.82629 0.33374 -0.002 0.64461 16.0000 8.54 4.1617 4.7165 1.277629 
970.0344 30.789 160.903 -0.94465 0.32706 0.000 0.54102 16.0000 8.86 4.1871 4.8848 1.278142 
969.6449 35.380 160.026 -0.83728 0.30432 0.000 0.31093 16.0000 8.82 4.1526 4.8772 1.278656 
969.2553 35.676 157.067 -0.68351 0.28919 0.000 0.25045 16.0000 8.81 4.2294 4.8210 1.279170 
968.8657 35.112 151.172 -0.53202 0.29282 -0.688 0.21834 16.0000 8.93 4.1485 4.5457 1.279684 
968.4760 34.422 141.484 -0.37273 0.29665 0.658 0.18435 16.0000 9.06 4.0308 4.2234 1.280199 
968.0861 32.072 99.661 -0.05186 0.30465 0.133 0.14976 16.0000 9.30 3.8123 3.8958 1.280714 
967.6962 43.587 45.083 0.33501 0.33598 -0.878 0.02342 16.0000 9.23 3.3797 3.5407 1.281230 
967.3063 64.419 70.910 0.16184 0.46763 0.658 -0.39841 16.0000 9.31 2.1066 2.1507 1.281747 
966.9163 8.635 204.789 -1.96405 -0.90705 0.656 6.95869 16.0000 9.42 1.0045 1.1931 1.282264 
966.5261 10.613 129.021 -0.13086 0.16147 -2.884 0.53512 16.0000 9.29 4.3828 4.4425 1.282782 
966.1359 5.302 158.066 -0.19045 0.07669 0.647 1.09670 16.0000 9.15 1.0296 1.0865 1.283300 
965.7457 8.820 109.784 -0.11490 0.31942 -0.371 1.06745 16.0000 9.25 0.9024 1.0105 1.283818 
965.3553 5.725 118.956 -0.11194 0.20232 0.703 1.14160 16.0000 9.49 0.9990 1.0725 1.284337 
964.9649 6.554 85.913 0.01651 0.23098 6.239 0.99453 16.0000 9.49 0.7278 0.8621 1.284857 
964.5743 12.768 52.651 0.19508 0.25562 0.486 0.67304 16.0000 9.42 0.5721 0.8473 1.285377 
964.1838 24.937 49.574 0.22748 0.26704 0.221 0.29567 16.0000 9.51 0.5863 0.9660 1.285898 
963.7931 25.002 89.509 0.00222 0.25923 0.762 0.21751 16.0000 9.69 0.6867 1.0799 1.286419 
963.4023 20.172 127.267 -0.15418 0.20263 0.082 0.29977 16.0000 9.71 0.9410 1.2943 1.286941 
963.0115 21.674 102.292 -0.06175 0.28341 0.602 0.30729 16.0000 9.83 0.8431 1.1520 1.287463 
962.6207 16.748 104.015 -0.04514 0.18084 0.622 0.28165 16.0000 9.89 0.5197 0.9440 1.287986 
962.2297 16.091 177.458 -0.48486 0.02153 0.604 0.77123 16.0000 9.92 0.9152 0.9951 1.288509 
961.8386 12.446 172.807 -0.46690 0.05893 0.631 1.01423 16.0000 10.04 1.1190 1.3344 1.289033 
961.4474 14.247 184.103 -0.51819 -0.03717 0.687 0.95707 16.0000 10.12 0.9886 1.2122 1.289558 
961.0562 13.515 190.453 -0.49829 -0.09193 0.693 0.99318 16.0000 10.06 1.0108 1.3042 1.290083 
960.6649 13.740 197.644 -0.51614 -0.16417 0.014 1.04133 16.0000 10.38 0.8547 1.0798 1.290608 
960.2736 12.114 215.864 -0.39457 -0.28525 0.015 1.08192 16.0000 10.18 0.6759 0.8081 1.291134 
959.8821 9.898 197.307 -0.36153 -0.11265 0.417 1.05208 16.0000 10.16 0.6952 0.7648 1.291661 
959.4905 9.061 170.722 -0.28409 0.04641 0.492 0.87954 16.0000 10.22 0.7156 0.8380 1.292188 
959.0989 4.731 78.020 0.02981 0.14049 0.640 0.86178 16.0000 10.52 0.6091 0.8324 1.292715 
958.7073 3.972 179.235 -0.10811 0.00144 1.351 0.77488 16.0000 10.43 0.5762 0.7611 1.293243 
958.3155 10.187 166.548 -0.28768 0.06881 -12.568 0.79648 16.0000 10.38 0.6442 0.6690 1.293772 
957.9236 9.331 166.107 -0.26996 0.06677 0.597 0.82338 16.0000 10.29 0.8157 0.8292 1.294301 
957.5317 7.555 165.750 -0.21722 0.05517 -51.110 0.83001 16.0000 10.35 0.9424 0.9689 1.294831 
957.1396 5.785 161.802 -0.16237 0.05338 0.330 0.83495 16.0000 10.31 1.0976 1.1522 1.295362 
956.7476 4.636 160.930 -0.14028 0.04850 -1.407 0.90910 16.0000 10.58 1.1451 1.1770 1.295892 
956.3554 2.157 155.231 -0.06514 0.03006 0.545 0.95083 16.0000 10.97 1.0833 1.1058 1.296424 
955.9632 4.382 180.091 -0.15445 -0.00025 -0.006 1.00189 16.0000 10.98 1.1696 1.1943 1.296956 
955.5709 2.761 143.614 -0.08758 0.06454 -0.004 1.12532 16.0000 10.84 1.2921 1.3489 1.297488 
955.1784 3.743 105.829 -0.03758 0.13255 -0.004 1.04846 16.0000 10.95 0.9476 1.0115 1.298021 
954.7859 7.924 84.485 0.02340 0.24231 0.501 0.85753 16.0000 11.05 0.7313 0.9995 1.298555 
954.3934 16.024 82.304 0.05749 0.42546 6.717 0.68579 16.0000 10.81 0.7283 1.1564 1.299089 
954.0007 21.717 90.581 -0.00420 0.41473 0.608 0.43807 16.0000 10.92 0.7445 1.2464 1.299624 
953.6080 18.219 133.139 -0.25032 0.26714 0.910 0.49588 16.0000 11.29 1.0886 1.5867 1.300159 
953.2152 28.171 121.022 -0.17441 0.29001 -0.444 0.22533 16.0000 11.24 0.6186 1.1141 1.300695 
952.8223 28.254 62.175 0.17136 0.32468 0.633 0.24292 16.0000 11.21 0.5555 1.1432 1.301231 
952.4293 33.849 5.975 0.99267 0.10389 0.724 0.40940 16.0000 11.32 0.7393 1.3616 1.301768 
952.0363 18.520 331.550 0.98078 -0.53140 0.547 1.47820 16.0000 11.31 0.9263 1.5533 1.302305 
951.6432 10.655 358.320 0.84095 -0.02466 0.672 2.15664 16.0000 11.57 1.0551 1.6818 1.302843 
951.2499 15.980 6.012 1.76789 0.18619 0.940 2.84934 16.0000 11.31 0.8715 1.4703 1.303382 
950.8567 40.995 151.314 -2.05169 1.12260 2.544 0.32910 16.0000 11.28 0.9547 1.9355 1.303921 
950.4633 8.202 32.709 0.35423 0.22749 0.662 1.43000 16.0000 11.47 0.6321 0.9301 1.304461 
950.0699 10.599 131.001 -0.24679 0.28389 -0.140 0.96993 16.0000 11.53 1.1223 2.1580 1.305001 
949.6763 12.189 132.828 -0.33079 0.35687 -0.071 1.07379 16.0000 11.73 1.5162 3.1722 1.305542 
949.2827 12.904 141.958 -0.35194 0.27538 -0.048 0.92411 16.0000 11.78 1.4760 3.1754 1.306083 
948.8890 2.724 6.804 0.04930 0.00588 -0.090 0.52059 16.0000 12.13 5.2887 6.1677 1.306625 
948.4953 14.511 141.627 -0.67375 0.53349 0.006 1.54891 16.0000 11.96 1.4012 2.9915 1.307167 
948.1014 50.520 338.806 2.27493 -0.88210 0.190 -0.47603 16.0000 12.11 3.1006 4.7905 1.307710 
947.7075 19.443 3.677 0.56063 0.03603 0.267 0.69655 16.0000 12.05 3.4438 8.6445 1.308254 
947.3135 50.330 303.543 0.17789 -0.26831 0.662 -0.06059 16.0000 11.66 3.9771 5.7265 1.308798 
946.9194 67.003 272.752 0.02233 -0.46453 0.217 -0.44919 16.0000 11.77 4.8831 11.9111 1.309343 
946.5253 74.162 264.246 -0.06183 -0.61360 0.077 -0.99950 16.0000 12.01 6.1481 17.1456 1.309888 
946.1310 79.935 260.886 -0.11966 -0.74592 0.686 -2.06106 16.0000 12.47 8.7138 20.3888 1.310434 
945.7367 72.643 254.562 -0.22083 -0.79965 0.290 -1.19740 16.0000 12.19 6.2401 21.3290 1.310980 
945.3423 50.583 249.071 -0.29551 -0.77269 0.032 -0.16330 16.0000 12.45 4.3427 20.4152 1.311527 
944.9478 20.023 241.788 -0.34566 -0.64434 0.102 0.87001 16.0000 12.68 4.2352 17.8619 1.312074 
944.5532 9.378 222.423 -0.38640 -0.35312 0.448 1.54150 16.0000 12.31 5.6589 13.9740 1.312623 
944.1586 5.188 188.225 -0.39108 -0.05653 -2.662 2.15808 16.0000 12.35 7.2354 10.2241 1.313171 
943.7639 5.379 143.092 -0.41048 0.30828 0.349 2.70183 16.0000 12.38 8.8338 12.2947 1.313720 
943.3691 7.337 174.937 -0.51782 0.04588 1.544 1.98536 16.0000 12.48 6.1481 9.1357 1.314270 
942.9742 13.014 174.014 -0.77437 0.08120 1.386 1.59436 16.0000 12.44 4.3140 7.9232 1.314821 
942.5792 42.622 172.073 -2.27827 0.31723 0.526 0.19139 16.0000 12.70 2.2998 6.6906 1.315372 
942.1841 14.873 349.109 1.28192 -0.24664 -0.980 2.28432 16.0000 12.67 3.8693 6.8080 1.315923 
941.7890 24.821 354.520 2.53109 -0.24282 -0.938 2.16081 16.0000 12.88 1.2715 3.5663 1.316475 
941.3938 22.574 153.470 -0.73957 0.36922 -19.524 0.82233 16.0000 12.96 0.8986 1.5472 1.317028 
940.9985 15.587 97.001 -0.02600 0.21170 0.294 0.35255 16.0000 13.03 0.7276 0.8414 1.317581 
940.6031 9.302 109.567 -0.11798 0.33194 -5.198 1.04652 16.0000 12.94 0.7093 0.9052 1.318135 
940.2077 13.268 144.971 -0.40982 0.28727 1.970 1.00225 16.0000 13.05 0.7447 1.0201 1.318689 
939.8122 18.656 165.859 -0.72964 0.18382 2.432 0.98731 16.0000 13.15 0.8613 1.1502 1.319244 
939.4166 19.409 176.458 -0.80143 0.04961 1.184 0.99804 16.0000 13.10 1.1002 1.3360 1.319800 
939.0209 18.720 169.023 -0.75638 0.14671 -3.341 1.00625 16.0000 12.98 1.1275 1.4326 1.320356 
938.6251 18.562 169.002 -0.69807 0.13566 0.609 0.93947 16.0000 13.05 1.1377 1.3928 1.320913 
938.2292 17.022 172.166 -0.58034 0.07985 0.653 0.86703 16.0000 13.35 1.0172 1.1881 1.321470 
937.8333 14.983 165.946 -0.52140 0.13053 0.608 0.93223 16.0000 13.29 1.1405 1.2850 1.322028 
937.4373 15.916 149.587 -0.70187 0.41200 -1.757 1.31101 16.0000 13.68 0.7720 1.3075 1.322586 
937.0412 7.039 14.630 0.16586 0.04330 7.129 0.68355 16.0000 13.39 0.6734 0.8439 1.323146 
936.6450 1.394 160.044 -0.02746 0.00997 0.674 0.59986 16.0000 13.36 1.0680 1.5701 1.323705 
936.2487 2.689 183.566 -0.06297 -0.00392 0.637 0.67015 16.0000 13.60 1.6094 2.4266 1.324266 
935.8524 2.090 227.263 -0.02482 -0.02687 0.527 0.50044 16.0000 13.71 1.6344 2.7711 1.324826 
935.4560 3.857 298.885 0.02419 -0.04385 0.670 0.36972 16.0000 13.80 1.4867 2.8663 1.325388 
935.0594 15.036 321.328 0.12661 -0.10133 -0.247 0.28009 16.0000 13.92 1.3621 2.7659 1.325950 
934.6629 8.229 293.210 0.05440 -0.12687 -0.026 0.46728 16.0000 13.95 1.2989 2.2569 1.326512 
934.2662 24.099 324.914 0.25030 -0.17582 0.650 0.27352 16.0000 13.85 1.0228 1.8110 1.327076 
933.8694 62.977 356.629 0.86842 -0.05115 0.499 -0.63099 16.0000 14.08 1.0924 1.9767 1.327640 
933.4727 12.696 187.347 -0.57189 -0.07374 -1.306 1.21478 16.0000 14.12 1.9566 3.2282 1.328204 
933.0757 14.684 178.750 -1.03822 0.02265 -0.594 1.84531 16.0000 14.24 1.9801 3.3188 1.328769 
932.6787 16.176 176.688 -1.37762 0.07971 0.632 2.17847 16.0000 14.41 1.6929 3.0445 1.329334 
932.2817 73.352 68.160 0.51123 1.27559 20.420 -2.09244 16.0000 14.33 1.0309 2.2949 1.329901 
931.8845 80.320 69.684 10.21847 27.60046 0.167 -83.75800 16.0000 14.34 1.1085 2.4639 1.330467 
931.4873 75.721 91.918 -0.10852 3.24001 -80.661 -5.95622 16.0000 14.24 0.8970 2.0189 1.331035 
931.0900 55.614 105.074 -0.20680 0.76784 0.186 -0.30890 16.0000 14.67 0.6287 1.3391 1.331603 
930.6926 16.790 143.528 -0.42389 0.31334 0.630 0.79397 16.0000 14.64 0.6576 0.7948 1.332171 
930.2951 10.199 103.596 -0.05243 0.21677 -2.878 0.59973 16.0000 14.60 0.6247 0.7724 1.332740 
929.8975 12.975 120.636 -0.13966 0.23582 0.021 0.56319 16.0000 14.78 0.6327 0.7524 1.333310 
929.4999 5.128 78.496 0.02489 0.12231 3.664 0.68980 16.0000 15.06 0.7160 0.7674 1.333881 
929.1022 9.067 343.933 0.36746 -0.10583 3.397 1.16761 16.0000 15.28 0.7757 0.8277 1.334452 
928.7043 5.093 323.964 0.13085 -0.09519 0.657 0.90066 16.0000 15.01 1.2215 1.2796 1.335023 
928.3065 0.456 6.057 0.01385 0.00147 3.600 0.87382 16.0000 15.09 1.6610 1.7529 1.335595 
927.9085 1.283 7.272 0.04043 0.00516 0.664 0.90967 16.0000 15.10 1.8331 1.9848 1.336168 
927.5104 1.242 27.583 0.03442 0.01798 0.213 0.89490 16.0000 15.43 1.8537 2.0535 1.336742 
927.1123 1.879 36.377 0.04575 0.03370 0.090 0.86495 16.0000 15.40 1.6510 1.9138 1.337316 
926.7141 0.951 67.404 0.01053 0.02531 0.010 0.82564 16.0000 15.27 1.4182 1.7036 1.337890 
926.3158 0.788 269.252 -0.00027 -0.02067 0.318 0.75158 16.0000 15.50 1.2871 1.4676 1.338466 
925.9174 5.830 177.580 -0.13695 0.00579 0.292 0.66430 16.0000 15.56 1.0444 1.1249 1.339042 
925.5190 4.586 213.212 -0.09961 -0.06521 -0.067 0.73734 16.0000 15.55 0.6883 0.7541 1.339618 
925.1204 17.720 287.916 0.25562 -0.79066 -0.026 1.16750 16.0000 15.73 0.6650 0.7953 1.340195 
924.7218 10.488 260.814 -0.02803 -0.17331 -0.018 0.45794 16.0000 15.40 0.5964 0.6808 1.340773 
924.3231 5.618 259.557 -0.01917 -0.10398 -0.012 0.53222 16.0000 15.68 0.5944 0.6489 1.341351 
923.9243 5.749 173.730 -0.12757 0.01402 0.777 0.63094 16.0000 15.68 0.5874 0.6010 1.341930 
923.5255 8.516 154.534 -0.19517 0.09295 0.684 0.70568 16.0000 16.13 0.6918 0.6992 1.342510 
923.1265 15.936 168.371 -0.52168 0.10736 0.033 0.85664 16.0000 15.74 0.9836 1.1614 1.343090 
922.7275 7.774 149.825 -0.20311 0.11810 0.022 0.84447 16.0000 16.28 1.1766 1.2516 1.343671 
922.3283 3.418 78.049 0.02241 0.10588 0.662 0.90268 16.0000 16.12 1.2459 1.3819 1.344252 
921.9291 4.489 78.164 0.02930 0.13983 0.000 0.90418 16.0000 16.16 1.7482 1.9982 1.344834 
921.5298 5.052 55.457 0.09050 0.13146 0.000 0.89572 16.0000 16.27 1.9017 2.2144 1.345417 
921.1305 5.048 64.045 0.07567 0.15546 0.000 0.97110 16.0000 15.95 1.9764 2.3342 1.346000 
920.7311 5.078 50.739 0.10087 0.12341 0.000 0.88984 16.0000 16.32 1.7752 2.0277 1.346584 
920.3315 5.265 66.677 0.05969 0.13844 0.000 0.81113 16.0000 16.72 1.5806 1.7680 1.347169 
919.9319 5.943 112.638 -0.03445 0.08260 0.000 0.42522 16.0000 16.41 2.5646 2.6156 1.347754 
919.5322 9.792 146.701 -0.27620 0.18142 0.913 0.92888 16.0000 16.23 1.2101 1.2537 1.348340 
919.1324 16.374 164.421 -1.59788 0.44552 0.602 2.57919 16.0000 16.86 0.9946 1.2232 1.348926 
918.7326 78.929 324.914 5.21924 -3.66622 2.256 -15.67396 16.0000 16.51 0.9463 0.9854 1.349513 
918.3326 65.267 307.641 0.86657 -1.12359 -3.507 -1.21336 16.0000 16.90 1.3057 2.0474 1.350101 
917.9326 87.345 351.620 0.05232 -0.00771 0.678 -0.56894 16.0000 16.86 1.4043 1.4634 1.350689 
917.5325 60.775 128.032 -0.32199 0.41165 1.377 -0.32089 16.0000 16.62 1.7155 2.4963 1.351278 
917.1323 60.372 120.476 -0.30171 0.51270 1.117 -0.35384 16.0000 16.73 2.0520 3.5453 1.351868 
916.7321 61.114 120.698 -0.36751 0.61901 2.613 -0.45382 16.0000 17.00 2.2798 4.2249 1.352458 
916.3317 67.838 120.204 -0.35685 0.61303 54.731 -0.72627 16.0000 17.06 2.3681 4.3979 1.353049 
915.9313 72.644 118.457 -0.30864 0.56947 0.563 -0.93505 16.0000 17.02 2.3929 4.2064 1.353641 
915.5308 76.714 117.011 -0.27511 0.53966 1.234 -1.21114 16.0000 17.26 2.2088 3.5671 1.354233 
915.1302 79.399 121.411 -0.24887 0.40754 0.631 -1.23096 16.0000 17.46 1.9583 2.6465 1.354826 
914.7295 87.012 123.410 -0.07957 0.12062 0.001 -1.38050 16.0000 17.24 1.6305 1.9610 1.355419 
914.3287 76.923 305.234 0.43016 -0.60904 0.002 -1.51847 16.0000 17.19 1.5018 1.7165 1.356013 
913.9279 1.254 160.311 -0.11347 0.04060 -0.009 2.75070 16.0000 17.29 0.7533 0.8941 1.356608 
913.5270 3.489 165.491 -0.08556 0.02214 -0.009 0.72211 16.0000 17.31 0.8001 0.8570 1.357203 
913.1259 6.543 145.741 -0.06122 0.04170 0.703 0.31865 16.0000 17.50 1.6810 1.7689 1.357799 
912.7249 3.685 127.137 -0.04596 0.06069 0.000 0.58860 16.0000 17.24 1.1873 1.2798 1.358396 
912.3237 2.175 88.438 0.00131 0.04810 0.632 0.63246 16.0000 17.43 1.2741 1.5478 1.358993 
911.9224 3.226 71.223 0.01692 0.04977 -0.142 0.46486 16.0000 17.68 1.3314 1.7249 1.359591 
911.5211 17.291 282.812 0.47179 -2.07452 -0.142 3.08610 16.0000 17.88 6.0432 10.0819 1.360190 
911.1196 63.463 93.584 -0.19177 3.06180 0.090 -2.30550 16.0000 17.96 1.3443 2.7463 1.360789 
910.7181 19.469 281.727 1.33661 -6.43869 0.029 8.13860 16.0000 17.90 6.8845 12.0743 1.361389 
910.3165 21.694 280.530 1.17499 -6.32138 0.051 6.80196 16.0000 17.80 10.8053 18.8133 1.361990 
909.9149 23.373 290.448 2.21904 -5.95141 -0.032 5.97597 16.0000 17.70 13.8322 23.4311 1.362591 
909.5131 21.269 279.749 0.95259 -5.54422 0.038 6.13087 16.0000 17.60 14.1444 24.3622 1.363193 
909.1113 20.044 269.103 -0.08266 -5.27991 -0.001 6.27349 16.0000 17.69 13.1435 22.8066 1.363795 
908.7093 19.910 257.383 -1.35786 -6.06648 -0.002 7.45583 16.0000 18.07 10.7593 18.6633 1.364399 
908.3073 21.655 236.993 -6.95466 -10.70657 -0.003 13.54292 16.0000 17.87 7.0793 12.0678 1.365003 
907.9052 53.233 11.960 6.92393 1.46669 0.001 -2.09200 16.0000 17.94 3.4413 4.4330 1.365607 
907.5031 28.580 320.545 2.57760 -2.12143 -0.885 2.15473 16.0000 18.09 6.6970 10.9133 1.366212 
907.1008 38.741 2.023 3.38683 0.11965 -0.001 0.75246 16.0000 17.87 2.7259 3.1532 1.366818 
906.6984 22.898 14.637 1.97912 0.51687 -0.001 1.98945 16.0000 17.95 2.4105 2.5050 1.367425 
906.2960 10.694 74.026 0.31326 1.09438 -0.031 2.90648 16.0000 17.92 2.7343 3.0796 1.368032 
905.8935 20.627 137.857 -2.54138 2.29975 -0.211 3.90783 16.0000 18.15 3.2964 3.4888 1.368640 
905.4909 10.956 94.562 -0.14191 1.77858 0.007 4.43561 16.0000 17.96 2.8062 2.9258 1.369248 
905.0883 9.138 89.188 0.01695 1.19615 4.806 3.62238 16.0000 18.09 2.6477 2.7529 1.369857 
904.6855 9.448 118.479 -0.24859 0.45824 0.452 1.52308 16.0000 18.69 2.8411 2.9419 1.370467 
904.2826 0.439 44.008 0.02094 0.02023 -0.003 1.89739 16.0000 18.36 1.7004 1.8507 1.371078 
903.8797 25.082 286.195 0.91207 -3.14041 -0.002 2.72804 16.0000 18.83 1.2405 1.9320 1.371689 
903.4767 29.584 140.809 -2.66934 2.17638 0.598 2.05578 16.0000 18.67 1.6693 2.5551 1.372301 
903.0736 54.978 141.603 -1.50409 1.19200 0.096 -0.69685 16.0000 18.67 1.5598 2.7575 1.372913 
902.6704 47.881 141.971 -1.10580 0.86484 0.008 -0.14165 16.0000 18.92 1.7592 2.9033 1.373527 
902.2672 38.972 144.251 -0.93343 0.67194 -0.016 0.24565 16.0000 18.75 1.8587 2.7853 1.374140 
901.8638 30.400 144.962 -0.80552 0.56483 5.019 0.54982 16.0000 18.92 1.8180 2.4455 1.374755 
901.4604 27.688 140.038 -0.78234 0.65557 -0.017 0.70478 16.0000 18.71 1.3032 1.7966 1.375370 
901.0569 31.032 292.666 0.10966 -0.26258 -0.010 0.15090 16.0000 18.96 0.5726 0.7554 1.375986 
900.6533 29.634 164.884 -0.42640 0.11518 -0.596 0.26259 16.0000 18.84 1.7896 2.6318 1.376603 
900.2496 5.906 142.712 -0.13473 0.10259 -0.126 0.80976 16.0000 18.97 0.7478 1.2499 1.377220 
899.8458 8.013 50.811 0.39818 0.48841 0.088 2.19373 16.0000 18.70 0.8805 1.8719 1.377838 
899.4420 72.900 195.766 -3.82050 -1.07867 0.120 -5.84153 16.0000 19.04 1.1187 2.7671 1.378457 
899.0380 69.954 192.758 -1.95821 -0.44340 -0.282 -2.38503 16.0000 19.16 1.3638 3.3455 1.379076 
898.6340 69.642 190.668 -1.69452 -0.31919 0.058 -2.00357 16.0000 19.04 1.4878 3.5754 1.379696 
898.2299 67.438 179.406 -2.16756 0.02248 -0.649 -2.15828 16.0000 18.98 1.5389 3.5137 1.380317 
897.8257 78.853 196.888 -7.66549 -2.32727 -0.301 -19.53911 16.0000 19.37 1.1969 2.8713 1.380938 
897.4214 7.207 131.901 -0.32668 0.36408 0.126 1.90331 16.0000 19.57 1.2869 2.1969 1.381560 
897.0171 15.617 157.926 -0.57099 0.23156 0.009 1.01601 16.0000 19.45 1.7888 2.1639 1.382183 
896.6127 22.807 164.855 -0.65243 0.17659 0.008 0.66157 16.0000 19.26 2.4798 3.1367 1.382807 
896.2081 19.386 162.138 -0.66395 0.21396 0.004 0.86849 16.0000 19.38 2.0099 2.2541 1.383431 
895.8035 20.677 156.645 -0.64372 0.27796 0.007 0.79660 16.0000 19.30 1.9625 2.2804 1.384056 
895.3989 21.321 152.413 -0.62854 0.32841 0.003 0.77009 16.0000 19.46 1.6035 2.0875 1.384681 
894.9941 19.734 146.816 -0.51253 0.33519 11.008 0.74375 16.0000 19.76 1.4285 2.1139 1.385307 
894.5892 14.878 135.814 -0.31951 0.31056 0.638 0.77939 16.0000 20.02 1.1259 1.9882 1.385934 
894.1843 5.789 85.399 0.01579 0.19621 0.000 0.96076 16.0000 19.56 1.0007 1.9157 1.386562 
893.7792 11.163 126.922 -0.22855 0.30415 0.003 0.92647 16.0000 19.69 0.9908 1.8651 1.387190 
893.3741 7.263 116.239 -0.10831 0.21975 0.612 0.94548 16.0000 19.62 0.9726 1.7034 1.387819 
892.9689 4.119 54.443 0.08260 0.11556 -3.857 0.98115 16.0000 19.81 0.8191 1.2793 1.388449 
892.5637 8.957 341.380 0.29501 -0.09940 -0.447 0.96300 16.0000 19.88 0.7299 0.9040 1.389079 
892.1583 13.302 323.055 0.43619 -0.32803 0.152 1.08971 16.0000 20.21 0.6758 0.9006 1.389711 
891.7528 8.740 335.768 0.25177 -0.11332 0.294 0.87667 16.0000 19.93 0.6595 0.8633 1.390343 
891.3473 8.430 330.448 0.19660 -0.11147 -0.235 0.74571 16.0000 20.32 0.6291 0.8751 1.390975 
890.9417 6.046 321.478 0.10222 -0.08138 0.697 0.60984 16.0000 20.06 0.6213 0.8551 1.391608 
890.5359 2.202 296.872 0.02539 -0.05012 0.000 0.72938 16.0000 20.09 0.6240 0.8204 1.392242 
890.1302 2.932 212.597 -0.05598 -0.03580 0.033 0.64687 16.0000 20.52 0.5821 0.7049 1.392877 
889.7243 5.597 181.055 -0.10780 -0.00198 0.000 0.54479 16.0000 20.07 0.5528 0.6917 1.393512 
889.3184 3.959 317.253 0.04805 -0.04442 0.000 0.47047 16.0000 20.19 0.5370 0.5688 1.394148 
888.9123 5.039 347.906 0.08468 -0.01814 0.638 0.48725 16.0000 20.36 0.5389 0.5776 1.394785 
888.5062 12.054 340.904 0.15462 -0.05353 -1.219 0.36564 16.0000 20.73 0.5464 0.6906 1.395423 
888.1000 5.826 151.264 -0.14036 0.07696 -58.348 0.77623 16.0000 20.44 0.7699 0.8399 1.396061 
887.6937 6.567 155.409 -0.18489 0.08461 0.660 0.87150 16.0000 20.52 1.0000 1.0879 1.396700 
887.2873 7.170 156.115 -0.21745 0.09629 -557.884 0.93027 16.0000 20.85 1.1243 1.2175 1.397340 
886.8808 7.799 155.299 -0.25001 0.11500 0.641 0.98572 16.0000 20.52 1.2678 1.3386 1.397980 
886.4743 6.516 159.695 -0.24740 0.09154 0.805 1.13965 16.0000 20.71 1.1177 1.1886 1.398621 
886.0676 8.339 160.962 -0.28161 0.09718 0.512 0.99442 16.0000 20.62 1.0335 1.0847 1.399263 
885.6609 9.266 161.369 -0.30265 0.10204 0.661 0.95277 16.0000 20.71 0.9526 0.9816 1.399906 
885.2541 8.550 157.492 -0.25040 0.10376 0.038 0.88109 16.0000 20.84 0.8155 0.8573 1.400549 
884.8472 8.218 153.254 -0.19715 0.09935 0.006 0.74833 16.0000 20.91 0.6653 0.7057 1.401193 
884.4402 7.849 143.277 -0.11944 0.08910 94.912 0.53017 16.0000 21.26 0.5690 0.6131 1.401838 
884.0332 10.729 149.336 -0.24155 0.14322 0.638 0.71439 16.0000 21.26 0.6943 0.7204 1.402483 
883.6260 9.865 147.147 -0.23105 0.14920 0.000 0.76692 16.0000 21.13 0.7005 0.7179 1.403130 
883.2188 11.815 145.149 -0.23238 0.16182 0.000 0.64724 16.0000 21.48 0.6610 0.6781 1.403777 
882.8115 9.864 134.748 -0.16105 0.16247 0.000 0.63798 16.0000 21.18 0.7079 0.7710 1.404424 
882.4041 2.231 168.842 -0.05208 0.01027 0.025 0.68038 16.0000 21.31 0.5817 0.5853 1.405073 
881.9966 2.665 227.952 -0.04683 -0.05192 0.016 0.74955 16.0000 21.42 0.6155 0.6796 1.405722 
881.5890 4.424 268.632 -0.00305 -0.12769 0.010 0.82046 16.0000 21.36 0.6704 0.8226 1.406372 
881.1813 8.373 280.499 0.03929 -0.21204 0.009 0.71673 16.0000 21.33 0.6305 0.8569 1.407023 
880.7736 21.978 333.353 0.50940 -0.25562 0.283 0.59111 16.0000 21.55 0.6852 1.1420 1.407674 
880.3658 39.715 281.989 0.09091 -0.42812 -0.011 0.08166 16.0000 21.29 0.5937 0.8871 1.408326 
879.9579 51.230 281.180 1.17629 -5.95133 -0.010 -1.34049 16.0000 21.47 1.0076 1.5219 1.408979 
879.5499 50.416 164.579 -1.77357 0.48922 0.009 -0.35201 16.0000 21.53 0.7487 1.3430 1.409632 
879.1418 41.974 136.295 -1.74186 1.66485 0.055 0.25550 16.0000 21.63 1.5364 1.9377 1.410287 
878.7336 33.730 134.049 -1.05151 1.08703 -0.003 0.62767 16.0000 21.64 1.9077 2.2471 1.410942 
878.3253 31.073 134.065 -0.95334 0.98498 -0.047 0.72436 16.0000 22.05 1.9222 2.1732 1.411598 
877.9170 27.863 133.338 -0.81915 0.86809 0.643 0.81337 16.0000 21.86 1.8717 2.1488 1.412254 
877.5085 43.160 353.966 13.47552 -1.42431 211.797 0.87174 16.0000 21.99 12.7211 13.8178 1.412912 
877.1000 19.851 91.527 -0.02001 0.75059 0.634 0.90435 16.0000 22.14 1.4551 2.0929 1.413570 
876.6915 42.574 166.102 -10.30565 2.54993 0.677 0.90117 16.0000 22.09 7.4886 8.3316 1.414228 
876.2828 44.206 168.436 -26.94224 5.51279 0.050 0.76228 16.0000 22.08 11.5874 12.6085 1.414888 
875.8740 44.546 168.953 -57.29243 11.18526 0.072 0.92417 16.0000 22.61 13.8082 14.9978 1.415548 
875.4651 17.973 12.806 0.57039 0.12966 0.020 0.80671 16.0000 22.49 45.0333 240.3970 1.416209 
875.0562 34.921 164.089 -2.15567 0.61452 0.115 0.82291 16.0000 22.53 18.5419 62.2435 1.416871 
874.6472 17.123 145.728 -0.45779 0.31196 2.202 0.81375 16.0000 22.10 54.3378 293.7587 1.417534 
874.2380 13.522 136.755 -0.30196 0.28400 0.000 0.81200 16.0000 22.45 83.0655 460.1713 1.418197 
873.8289 12.653 133.916 -0.26617 0.27644 0.639 0.81161 16.0000 22.26 100.7241 560.2421 1.418861 
873.4196 12.624 134.201 -0.26675 0.27430 0.674 0.81133 16.0000 23.04 106.9324 593.7733 1.419526 
873.0102 13.279 137.064 -0.29697 0.27631 -0.001 0.81151 16.0000 22.69 101.2637 560.3751 1.420192 
872.6007 15.076 142.949 -0.37623 0.28404 -0.036 0.81150 16.0000 22.53 84.0360 460.4251 1.420858 
872.1912 19.925 151.524 -0.59597 0.32326 -0.061 0.81234 16.0000 22.95 56.1124 294.1862 1.421525 
871.7816 36.306 166.438 -2.57500 0.62115 -0.024 0.82952 16.0000 22.42 21.9459 63.6502 1.422193 
871.3718 19.353 12.487 0.62958 0.13942 0.616 0.80469 16.0000 23.33 44.8984 240.2011 1.422862 
870.9620 43.297 170.972 -15.66716 2.48928 -0.074 0.94398 16.0000 23.05 9.5641 10.3658 1.423532 
870.5521 41.806 350.888 8.13057 -1.30405 0.608 0.92184 16.0000 23.16 4.4202 4.8388 1.424202 
870.1422 6.925 183.136 -0.22318 -0.01223 0.615 0.90664 16.0000 23.30 0.6777 0.8221 1.424873 
869.7321 6.440 179.097 -0.18907 0.00298 0.017 0.82689 16.0000 23.07 0.7017 0.8245 1.425545 
869.3219 7.149 168.542 -0.20264 0.04107 0.671 0.81122 16.0000 23.23 0.8044 0.8853 1.426217 
868.9117 8.560 160.402 -0.24071 0.08570 0.632 0.82953 16.0000 23.38 0.8903 0.9258 1.426891 
868.5013 9.479 154.657 -0.26485 0.12544 -0.006 0.85310 16.0000 23.62 1.0194 1.0265 1.427565 
868.0909 10.116 150.932 -0.27911 0.15515 0.652 0.86642 16.0000 23.63 1.2177 1.2319 1.428240 
867.6805 10.237 153.344 -0.28983 0.14549 -0.008 0.86861 16.0000 23.71 1.1737 1.1804 1.428915 
867.2699 9.517 153.429 -0.26281 0.13144 0.626 0.85174 16.0000 23.78 0.9951 0.9983 1.429592 
866.8592 9.216 153.277 -0.25484 0.12830 0.660 0.85611 16.0000 23.93 0.9298 0.9324 1.430269 
866.4485 8.242 152.430 -0.23086 0.12053 -0.129 0.88013 16.0000 23.81 0.8358 0.8393 1.430947 
866.0376 8.539 154.385 -0.24027 0.11519 0.664 0.86732 16.0000 23.72 0.7942 0.8078 1.431626 
865.6267 8.661 151.170 -0.23607 0.12994 0.652 0.86396 16.0000 24.49 0.8033 0.8047 1.432306 
865.2157 8.209 148.070 -0.21683 0.13512 -0.008 0.86710 16.0000 23.85 0.7822 0.7922 1.432986 
864.8046 8.622 147.060 -0.22460 0.14552 0.644 0.86221 16.0000 23.99 0.8181 0.8425 1.433667 
864.3934 8.342 146.576 -0.21623 0.14271 0.677 0.86441 16.0000 24.20 0.8160 0.8527 1.434349 
863.9821 9.147 150.970 -0.25043 0.13899 0.661 0.86636 16.0000 23.93 0.8328 0.8861 1.435032 
863.5707 8.052 149.024 -0.22129 0.13284 -1.742 0.89402 16.0000 24.41 0.8542 0.8880 1.435716 
863.1593 5.924 146.375 -0.15581 0.10362 0.659 0.89193 16.0000 24.50 0.7667 0.7847 1.436400 
862.7477 6.437 147.989 -0.17661 0.11041 0.668 0.91127 16.0000 24.75 0.8398 0.8443 1.437085 
862.3361 6.355 149.607 -0.17832 0.10459 -0.003 0.91654 16.0000 24.58 0.8550 0.8624 1.437771 
861.9244 6.657 153.422 -0.19199 0.09605 0.654 0.90718 16.0000 24.78 0.8865 0.9152 1.438458 
861.5126 6.748 151.007 -0.19544 0.10830 -0.834 0.93104 16.0000 24.81 0.8903 0.9133 1.439145 
861.1008 5.437 152.249 -0.15414 0.08110 0.670 0.90665 16.0000 24.88 0.8155 0.8215 1.439834 
860.6888 5.161 153.897 -0.14465 0.07087 0.655 0.88437 16.0000 25.00 0.7686 0.7750 1.440523 
860.2767 5.840 154.120 -0.16272 0.07895 0.645 0.87484 16.0000 24.47 0.7420 0.7589 1.441213 
859.8646 5.319 154.292 -0.14778 0.07115 -0.002 0.87316 16.0000 24.82 0.7187 0.7478 1.441904 
859.4523 6.725 155.587 -0.18532 0.08411 0.674 0.85097 16.0000 25.13 0.7186 0.7493 1.442595 
859.0400 7.792 155.016 -0.20917 0.09747 2.758 0.82740 16.0000 25.05 0.7113 0.7395 1.443288 
858.6276 6.954 154.940 -0.24661 0.11531 0.675 1.09937 16.0000 25.52 0.7716 0.7899 1.443981 
858.2151 7.408 154.633 -0.24833 0.11774 0.674 1.03898 16.0000 25.63 0.8252 0.8309 1.444675 
857.8026 7.516 154.717 -0.21747 0.10272 0.674 0.89556 16.0000 25.20 0.9023 0.9039 1.445370 
857.3899 7.227 154.457 -0.20578 0.09834 0.682 0.88479 16.0000 25.51 0.9752 0.9905 1.446065 
856.9771 7.347 154.339 -0.19575 0.09404 0.655 0.82814 16.0000 24.90 1.0126 1.0165 1.446762 
856.5643 7.533 153.974 -0.20179 0.09853 0.676 0.83421 16.0000 25.50 1.0261 1.0302 1.447459 
856.1514 7.894 153.742 -0.20056 0.09894 0.001 0.79090 16.0000 25.79 1.0418 1.0458 1.448157 
855.7383 7.708 153.717 -0.19599 0.09679 0.654 0.79273 16.0000 25.97 1.0451 1.0489 1.448856 
855.3253 7.763 153.628 -0.19616 0.09726 0.653 0.78806 16.0000 25.86 1.0668 1.0701 1.449556 
854.9120 7.853 153.427 -0.21160 0.10584 0.663 0.84142 16.0000 25.67 1.0371 1.0392 1.450257 
854.4988 7.978 153.281 -0.24282 0.12223 0.660 0.95087 16.0000 25.64 0.9722 0.9735 1.450958 
854.0854 8.071 153.283 -0.24026 0.12093 0.665 0.92932 16.0000 25.52 0.9824 0.9840 1.451660 
853.6719 8.064 153.206 -0.23645 0.11941 0.665 0.91608 16.0000 25.97 0.9901 0.9918 1.452364 
853.2584 8.273 153.146 -0.25414 0.12868 0.656 0.95878 16.0000 25.81 0.9474 0.9490 1.453067 
852.8448 8.317 153.091 -0.26150 0.13272 0.675 0.98162 16.0000 26.05 0.9316 0.9324 1.453772 
852.4311 8.646 153.109 -0.26683 0.13532 0.660 0.96108 16.0000 25.67 0.9069 0.9074 1.454478 
852.0173 9.592 153.044 -0.25198 0.12814 0.676 0.81248 16.0000 26.06 0.8929 0.8933 1.455184 
851.6034 8.611 152.962 -0.24919 0.12717 0.672 0.90256 16.0000 26.08 0.9293 0.9297 1.455891 
851.1894 8.669 152.914 -0.24632 0.12597 0.674 0.88625 16.0000 26.06 0.9380 0.9386 1.456599 
850.7753 8.669 152.866 -0.24292 0.12449 0.650 0.87433 16.0000 26.07 0.9437 0.9446 1.457308 
850.3612 8.529 152.873 -0.25659 0.13145 0.653 0.93957 16.0000 26.29 0.9269 0.9278 1.458018 
849.9470 8.483 152.773 -0.25873 0.13313 0.656 0.95372 16.0000 26.29 0.9276 0.9288 1.458728 
849.5326 8.475 152.682 -0.25408 0.13124 0.654 0.93834 16.0000 26.26 0.9421 0.9431 1.459440 
849.1182 8.774 152.521 -0.26409 0.13735 0.668 0.94141 16.0000 26.54 0.9144 0.9154 1.460152 
848.7037 8.664 152.445 -0.25520 0.13316 0.671 0.92256 16.0000 26.30 0.9398 0.9410 1.460865 
848.2891 8.584 152.372 -0.25163 0.13171 0.679 0.91930 16.0000 26.58 0.9581 0.9588 1.461579 
847.8744 8.399 152.384 -0.24646 0.12893 0.658 0.92137 16.0000 26.94 0.9812 0.9819 1.462294 
847.4597 9.125 152.246 -0.26509 0.13949 0.665 0.90836 16.0000 26.96 0.9135 0.9143 1.463010 
847.0448 9.345 152.132 -0.27237 0.14402 0.685 0.91075 16.0000 27.12 0.8990 0.9000 1.463726 
846.6298 9.620 152.193 -0.28080 0.14809 0.677 0.90957 16.0000 27.40 0.8829 0.8842 1.464444 
846.2148 10.250 152.119 -0.30010 0.15877 0.680 0.90810 16.0000 26.87 0.8349 0.8360 1.465162 
845.7997 10.213 152.069 -0.29948 0.15877 0.671 0.91015 16.0000 27.24 0.8456 0.8469 1.465881 
845.3845 10.116 151.954 -0.29507 0.15720 0.683 0.90711 16.0000 27.21 0.8595 0.8604 1.466601 
844.9692 9.778 151.091 -0.28098 0.15517 0.681 0.90357 16.0000 27.34 0.8765 0.8776 1.467322 
844.5538 9.440 151.104 -0.27470 0.15162 0.659 0.91749 16.0000 26.98 0.9015 0.9029 1.468044 
844.1383 9.426 150.877 -0.27831 0.15506 0.681 0.93311 16.0000 27.11 0.8964 0.8976 1.468766 
843.7227 9.044 150.086 -0.26523 0.15260 0.673 0.93683 16.0000 27.75 0.9136 0.9151 1.469490 
843.3071 9.435 150.369 -0.27489 0.15636 0.677 0.92526 16.0000 27.47 0.8922 0.8937 1.470214 
842.8914 9.303 150.065 -0.26910 0.15495 0.671 0.92241 16.0000 27.64 0.9052 0.9068 1.470939 
842.4755 9.210 149.917 -0.26395 0.15290 0.669 0.91593 16.0000 27.61 0.9120 0.9137 1.471665 
842.0596 9.472 150.900 -0.27700 0.15418 0.670 0.92364 16.0000 27.67 0.8979 0.8995 1.472392 
841.6436 9.459 150.828 -0.27592 0.15403 0.676 0.92205 16.0000 27.89 0.8995 0.9011 1.473120 
841.2275 9.250 150.944 -0.26891 0.14940 0.685 0.91942 16.0000 27.95 0.9262 0.9274 1.473849 
840.8113 9.064 151.261 -0.26094 0.14309 0.677 0.90905 16.0000 28.23 0.9539 0.9551 1.474578 
840.3951 9.070 151.308 -0.26285 0.14386 0.674 0.91457 16.0000 28.01 0.9583 0.9594 1.475308 
839.9787 8.939 151.405 -0.26098 0.14227 0.667 0.92153 16.0000 28.03 0.9681 0.9696 1.476040 
839.5623 8.793 151.465 -0.25660 0.13952 0.669 0.92148 16.0000 28.51 0.9840 0.9857 1.476772 
839.1457 9.026 151.329 -0.25916 0.14172 0.652 0.90630 16.0000 28.27 0.9853 0.9870 1.477505 
838.7291 9.089 151.397 -0.26204 0.14288 0.664 0.90892 16.0000 28.11 0.9865 0.9882 1.478239 
838.3124 9.101 151.418 -0.26317 0.14338 0.675 0.91140 16.0000 28.65 0.9863 0.9881 1.478974 
837.8956 9.178 151.197 -0.26377 0.14503 0.673 0.90717 16.0000 28.94 0.9831 0.9847 1.479709 
837.4787 9.272 151.200 -0.26856 0.14764 0.658 0.91362 16.0000 28.76 0.9702 0.9716 1.480446 
837.0617 9.141 150.886 -0.26967 0.15018 0.647 0.93435 16.0000 28.63 0.9784 0.9797 1.481183 
836.6447 9.332 150.704 -0.27074 0.15191 0.662 0.91907 16.0000 28.77 0.9683 0.9697 1.481922 
836.2275 9.455 150.462 -0.27319 0.15480 0.668 0.91666 16.0000 29.22 0.9591 0.9606 1.482661 
835.8102 9.491 150.344 -0.27510 0.15664 0.662 0.92034 16.0000 29.34 0.9568 0.9584 1.483401 
835.3929 9.419 150.326 -0.27381 0.15602 0.669 0.92373 16.0000 29.18 0.9629 0.9645 1.484142 
834.9755 9.454 150.120 -0.27513 0.15808 0.671 0.92639 16.0000 29.47 0.9605 0.9622 1.484884 
834.5579 9.503 150.103 -0.27673 0.15911 0.664 0.92671 16.0000 29.33 0.9588 0.9605 1.485627 
834.1403 9.450 150.166 -0.27657 0.15861 0.658 0.93117 16.0000 29.68 0.9609 0.9626 1.486371 
833.7227 9.393 150.033 -0.27703 0.15973 0.668 0.94010 16.0000 29.54 0.9658 0.9676 1.487115 
833.3049 9.445 149.891 -0.27871 0.16162 0.667 0.94151 16.0000 29.87 0.9640 0.9657 1.487861 
832.8870 9.501 149.767 -0.27942 0.16284 0.674 0.93914 16.0000 29.62 0.9621 0.9639 1.488608 
832.4691 9.512 149.901 -0.27951 0.16202 0.665 0.93704 16.0000 30.12 0.9634 0.9653 1.489355 
832.0510 9.641 149.805 -0.28056 0.16326 0.666 0.92787 16.0000 30.35 0.9586 0.9604 1.490103 
831.6329 9.635 149.717 -0.28117 0.16419 0.682 0.93130 16.0000 30.03 0.9588 0.9606 1.490852 
831.2146 9.639 149.639 -0.28083 0.16451 0.685 0.93048 16.0000 30.57 0.9594 0.9612 1.491603 
830.7963 9.744 149.531 -0.28316 0.16659 0.667 0.92834 16.0000 30.53 0.9579 0.9596 1.492354 
830.3779 9.780 149.399 -0.28426 0.16811 0.677 0.92945 16.0000 30.35 0.9602 0.9619 1.493106 
829.9594 9.850 149.393 -0.28376 0.16786 0.672 0.92082 16.0000 31.42 0.9595 0.9612 1.493858 
829.5408 9.854 149.338 -0.28536 0.16918 0.669 0.92617 16.0000 30.93 0.9630 0.9647 1.494612 
829.1221 9.826 149.285 -0.28380 0.16861 0.671 0.92436 16.0000 30.51 0.9645 0.9663 1.495367 
828.7034 9.849 149.291 -0.28495 0.16925 0.671 0.92576 16.0000 31.21 0.9663 0.9682 1.496123 
828.2845 9.810 149.245 -0.28357 0.16874 0.662 0.92568 16.0000 31.41 0.9660 0.9679 1.496879 
827.8656 9.896 149.220 -0.28487 0.16968 0.671 0.92143 16.0000 30.62 0.9650 0.9669 1.497637 
827.4465 9.874 149.166 -0.28491 0.17007 0.678 0.92426 16.0000 31.40 0.9671 0.9689 1.498395 
827.0275 9.831 149.105 -0.28426 0.17009 0.673 0.92709 16.0000 31.47 0.9707 0.9725 1.499154 
826.6082 9.795 149.123 -0.28501 0.17042 0.679 0.93310 16.0000 31.66 0.9727 0.9745 1.499915 
826.1889 9.815 149.078 -0.28441 0.17037 0.668 0.92955 16.0000 31.76 0.9734 0.9752 1.500676 
825.7695 9.806 149.051 -0.28400 0.17030 0.677 0.92933 16.0000 32.26 0.9753 0.9771 1.501438 
825.3500 9.747 149.015 -0.28276 0.16980 0.668 0.93172 16.0000 31.93 0.9786 0.9804 1.502201 
824.9305 9.705 149.051 -0.28266 0.16950 0.664 0.93535 16.0000 31.75 0.9818 0.9836 1.502965 
824.5108 9.674 149.028 -0.28348 0.17015 0.674 0.94162 16.0000 32.07 0.9837 0.9855 1.503730 
824.0911 9.670 148.948 -0.28295 0.17037 0.674 0.94101 16.0000 32.00 0.9841 0.9858 1.504496 
823.6713 9.690 148.921 -0.28308 0.17062 0.680 0.93963 16.0000 32.34 0.9840 0.9857 1.505263 
823.2513 9.690 148.891 -0.28263 0.17055 0.675 0.93843 16.0000 32.05 0.9851 0.9869 1.506031 
822.8313 9.693 148.863 -0.28283 0.17086 0.670 0.93904 16.0000 32.09 0.9843 0.9861 1.506800 
822.4112 9.708 148.850 -0.28352 0.17137 0.664 0.93990 16.0000 32.38 0.9869 0.9886 1.507569 
821.9910 9.744 148.910 -0.28430 0.17143 0.673 0.93815 16.0000 32.33 0.9900 0.9917 1.508340 
821.5707 9.720 148.881 -0.28409 0.17150 0.673 0.94020 16.0000 32.81 0.9910 0.9927 1.509112 
821.1503 9.700 148.866 -0.28421 0.17168 0.678 0.94289 16.0000 33.04 0.9910 0.9927 1.509884 
820.7299 9.721 148.829 -0.28475 0.17225 0.665 0.94278 16.0000 33.22 0.9917 0.9934 1.510658 
820.3093 9.734 148.837 -0.28528 0.17252 0.670 0.94317 16.0000 33.11 0.9942 0.9958 1.511432 
819.8886 9.747 148.795 -0.28536 0.17285 0.680 0.94248 16.0000 33.05 0.9945 0.9962 1.512208 
819.4679 9.772 148.750 -0.28561 0.17331 0.677 0.94110 16.0000 33.72 0.9947 0.9964 1.512984 
819.0471 9.798 148.738 -0.28628 0.17380 0.665 0.94076 16.0000 33.56 0.9964 0.9981 1.513761 
818.6262 9.803 148.704 -0.28673 0.17431 0.674 0.94203 16.0000 34.15 0.9975 0.9991 1.514540 
818.2051 9.799 148.664 -0.28680 0.17462 0.666 0.94304 16.0000 33.61 0.9978 0.9994 1.515319 
817.7841 9.826 148.673 -0.28736 0.17491 0.681 0.94206 16.0000 33.66 0.9970 0.9986 1.516099 
817.3629 9.827 148.693 -0.28750 0.17485 0.676 0.94216 16.0000 33.96 0.9965 0.9981 1.516881 
816.9416 9.855 148.695 -0.28810 0.17520 0.675 0.94121 16.0000 33.73 0.9984 1.0000 1.517663 
816.5202 9.876 148.690 -0.28853 0.17550 0.676 0.94051 16.0000 34.06 0.9981 0.9997 1.518446 
816.0988 9.898 148.683 -0.28896 0.17581 0.666 0.93970 16.0000 34.46 0.9981 0.9997 1.519230 
815.6772 9.920 148.638 -0.28941 0.17639 0.673 0.93932 16.0000 34.31 0.9980 0.9996 1.520015 
815.2556 9.910 148.641 -0.28925 0.17628 0.671 0.93985 16.0000 34.27 0.9978 0.9993 1.520801 
814.8338 9.937 148.607 -0.28972 0.17680 0.676 0.93888 16.0000 34.31 0.9988 1.0003 1.521589 
814.4120 9.960 148.552 -0.29004 0.17738 0.666 0.93813 16.0000 34.81 0.9989 1.0005 1.522377 
813.9901 9.971 148.584 -0.29040 0.17737 0.676 0.93785 16.0000 35.28 0.9992 1.0008 1.523166 
813.5681 9.979 148.585 -0.29058 0.17747 0.673 0.93759 16.0000 34.84 1.0005 1.0021 1.523956 
813.1460 9.980 148.546 -0.29043 0.17765 0.675 0.93746 16.0000 34.95 0.9986 1.0002 1.524747 
812.7238 9.980 148.527 -0.29045 0.17780 0.672 0.93764 16.0000 35.32 0.9982 0.9997 1.525539 
812.3015 10.014 148.470 -0.29135 0.17874 0.675 0.93772 16.0000 35.42 1.0009 1.0025 1.526332 
811.8792 9.992 148.521 -0.29093 0.17813 0.677 0.93803 16.0000 35.96 0.9997 1.0012 1.527126 
811.4567 10.002 148.507 -0.29117 0.17838 0.674 0.93793 16.0000 35.90 1.0012 1.0027 1.527921 
811.0341 10.008 148.486 -0.29124 0.17857 0.678 0.93780 16.0000 35.39 1.0011 1.0027 1.528717 
810.6115 10.014 148.537 -0.29157 0.17841 0.676 0.93774 16.0000 35.80 1.0018 1.0033 1.529514 
810.1888 10.016 148.497 -0.29146 0.17863 0.666 0.93761 16.0000 35.25 1.0006 1.0022 1.530312 
809.7659 10.031 148.436 -0.29163 0.17916 0.682 0.93720 16.0000 36.13 1.0008 1.0024 1.531111 
809.3430 10.041 148.407 -0.29165 0.17938 0.681 0.93659 16.0000 36.35 0.9999 1.0014 1.531912 
808.9200 10.052 148.304 -0.29178 0.18018 0.674 0.93686 16.0000 36.02 1.0008 1.0024 1.532713 
808.4969 10.061 148.259 -0.29173 0.18046 0.672 0.93622 16.0000 36.56 1.0008 1.0024 1.533515 
808.0737 10.060 148.214 -0.29141 0.18058 0.676 0.93576 16.0000 36.56 1.0001 1.0017 1.534318 
807.6505 10.060 148.246 -0.29174 0.18057 0.660 0.93651 16.0000 36.53 1.0007 1.0023 1.535122 
807.2271 10.060 148.222 -0.29172 0.18072 0.675 0.93675 16.0000 36.73 0.9999 1.0015 1.535927 
806.8036 10.071 148.192 -0.29206 0.18114 0.678 0.93698 16.0000 37.27 0.9993 1.0008 1.536733 
806.3801 10.079 148.190 -0.29214 0.18120 0.673 0.93646 16.0000 36.77 0.9986 1.0001 1.537540 
805.9564 10.088 148.155 -0.29218 0.18148 0.677 0.93604 16.0000 37.21 0.9986 1.0002 1.538349 
805.5327 10.096 148.126 -0.29234 0.18178 0.677 0.93605 16.0000 37.19 0.9995 1.0011 1.539158 
805.1089 10.110 148.068 -0.29252 0.18230 0.682 0.93579 16.0000 37.05 0.9997 1.0013 1.539968 
804.6850 10.122 148.100 -0.29289 0.18231 0.675 0.93543 16.0000 37.43 1.0012 1.0028 1.540779 
804.2610 10.121 148.071 -0.29282 0.18247 0.681 0.93562 16.0000 37.82 1.0005 1.0020 1.541591 
803.8369 10.132 148.027 -0.29297 0.18288 0.673 0.93541 16.0000 37.26 1.0009 1.0024 1.542405 
803.4127 10.145 147.996 -0.29335 0.18333 0.672 0.93561 16.0000 37.60 1.0025 1.0041 1.543219 
802.9884 10.152 147.988 -0.29350 0.18349 0.665 0.93557 16.0000 37.86 1.0028 1.0044 1.544035 
802.5640 10.162 148.002 -0.29382 0.18359 0.683 0.93541 16.0000 37.75 1.0036 1.0052 1.544851 
802.1396 10.162 147.978 -0.29366 0.18365 0.678 0.93515 16.0000 38.56 1.0023 1.0039 1.545669 
801.7150 10.160 148.008 -0.29384 0.18355 0.675 0.93561 16.0000 38.78 1.0029 1.0046 1.546487 
801.2903 10.172 147.977 -0.29406 0.18392 0.678 0.93540 16.0000 38.49 1.0032 1.0049 1.547307 
800.8657 10.172 147.997 -0.29410 0.18380 0.674 0.93539 16.0000 38.18 1.0037 1.0054 1.548127 
800.4408 10.166 147.966 -0.29381 0.18384 0.671 0.93537 16.0000 38.04 1.0025 1.0041 1.548949 
800.0159 10.173 147.977 -0.29405 0.18391 0.680 0.93523 16.0000 38.73 1.0023 1.0040 1.549772 
799.5909 10.177 147.928 -0.29399 0.18423 0.677 0.93525 16.0000 38.43 1.0009 1.0026 1.550595 
799.1658 10.187 147.937 -0.29436 0.18439 0.676 0.93525 16.0000 38.46 1.0017 1.0033 1.551420 
798.7406 10.198 147.894 -0.29473 0.18492 0.672 0.93579 16.0000 38.65 1.0024 1.0040 1.552246 
798.3153 10.213 147.877 -0.29514 0.18531 0.672 0.93573 16.0000 38.84 1.0033 1.0050 1.553073 
797.8899 10.229 147.840 -0.29548 0.18579 0.681 0.93561 16.0000 39.43 1.0044 1.0060 1.553901 
797.4644 10.233 147.838 -0.29569 0.18593 0.676 0.93587 16.0000 39.60 1.0044 1.0060 1.554730 
797.0389 10.243 147.817 -0.29605 0.18631 0.680 0.93626 16.0000 39.45 1.0047 1.0063 1.555560 
796.6132 10.254 147.798 -0.29624 0.18657 0.673 0.93601 16.0000 39.36 1.0053 1.0070 1.556391 
796.1875 10.253 147.781 -0.29608 0.18658 0.680 0.93577 16.0000 39.82 1.0051 1.0067 1.557224 
795.7617 10.262 147.751 -0.29630 0.18694 0.680 0.93586 16.0000 39.26 1.0045 1.0062 1.558057 
795.3357 10.269 147.737 -0.29628 0.18703 0.674 0.93520 16.0000 39.59 1.0056 1.0073 1.558891 
794.9097 10.280 147.684 -0.29659 0.18761 0.678 0.93562 16.0000 40.00 1.0067 1.0084 1.559727 
794.4836 10.286 147.640 -0.29660 0.18794 0.681 0.93560 16.0000 39.95 1.0060 1.0078 1.560563 
794.0574 10.294 147.628 -0.29678 0.18813 0.674 0.93548 16.0000 39.98 1.0069 1.0087 1.561401 
793.6310 10.304 147.591 -0.29719 0.18867 0.685 0.93616 16.0000 40.73 1.0067 1.0084 1.562240 
793.2047 10.310 147.577 -0.29732 0.18885 0.687 0.93613 16.0000 40.66 1.0071 1.0088 1.563079 
792.7782 10.317 147.540 -0.29745 0.18921 0.681 0.93620 16.0000 40.11 1.0064 1.0081 1.563920 
792.3516 10.323 147.533 -0.29760 0.18935 0.673 0.93611 16.0000 40.51 1.0060 1.0077 1.564762 
791.9249 10.322 147.527 -0.29756 0.18937 0.679 0.93619 16.0000 39.98 1.0050 1.0068 1.565605 
791.4982 10.341 147.497 -0.29797 0.18985 0.676 0.93594 16.0000 40.10 1.0049 1.0067 1.566449 
791.0714 10.348 147.479 -0.29808 0.19006 0.675 0.93572 16.0000 40.62 1.0055 1.0074 1.567295 
790.6444 10.356 147.516 -0.29846 0.19002 0.673 0.93573 16.0000 40.42 1.0064 1.0082 1.568141 
790.2173 10.356 147.512 -0.29844 0.19004 0.666 0.93575 16.0000 40.50 1.0072 1.0091 1.568989 
789.7902 10.364 147.469 -0.29853 0.19041 0.674 0.93564 16.0000 40.70 1.0069 1.0087 1.569837 
789.3630 10.370 147.448 -0.29859 0.19060 0.676 0.93551 16.0000 40.41 1.0069 1.0087 1.570687 
788.9357 10.378 147.471 -0.29896 0.19067 0.675 0.93565 16.0000 41.29 1.0074 1.0093 1.571537 
788.5083 10.382 147.453 -0.29912 0.19090 0.672 0.93587 16.0000 41.26 1.0066 1.0084 1.572389 
788.0807 10.383 147.480 -0.29925 0.19079 0.676 0.93594 16.0000 40.89 1.0068 1.0086 1.573242 
787.6532 10.391 147.461 -0.29944 0.19105 0.679 0.93592 16.0000 41.07 1.0070 1.0088 1.574096 
787.2255 10.385 147.463 -0.29934 0.19098 0.672 0.93617 16.0000 40.93 1.0063 1.0080 1.574951 
786.7977 10.384 147.394 -0.29894 0.19122 0.674 0.93576 16.0000 41.64 1.0051 1.0068 1.575808 
786.3699 10.391 147.382 -0.29919 0.19148 0.678 0.93597 16.0000 41.58 1.0052 1.0069 1.576665 
785.9419 10.397 147.372 -0.29920 0.19155 0.673 0.93556 16.0000 41.52 1.0063 1.0080 1.577524 
785.5139 10.403 147.339 -0.29928 0.19185 0.675 0.93553 16.0000 41.10 1.0070 1.0087 1.578383 
785.0857 10.411 147.319 -0.29939 0.19206 0.673 0.93525 16.0000 42.05 1.0058 1.0075 1.579244 
784.6575 10.421 147.275 -0.29944 0.19243 0.674 0.93493 16.0000 41.99 1.0057 1.0074 1.580106 
784.2291 10.423 147.273 -0.29963 0.19256 0.680 0.93535 16.0000 42.17 1.0062 1.0079 1.580969 
783.8007 10.422 147.257 -0.29959 0.19265 0.677 0.93551 16.0000 42.04 1.0061 1.0077 1.581833 
783.3722 10.424 147.245 -0.29963 0.19277 0.677 0.93560 16.0000 42.18 1.0062 1.0078 1.582698 
782.9435 10.435 147.213 -0.29978 0.19310 0.676 0.93530 16.0000 42.33 1.0066 1.0083 1.583565 
782.5148 10.441 147.205 -0.29991 0.19324 0.680 0.93523 16.0000 42.35 1.0076 1.0092 1.584433 
782.0861 10.440 147.219 -0.29996 0.19317 0.673 0.93526 16.0000 42.02 1.0078 1.0094 1.585301 
781.6572 10.438 147.216 -0.29988 0.19314 0.672 0.93524 16.0000 41.83 1.0076 1.0092 1.586171 
781.2282 10.439 147.193 -0.29988 0.19331 0.672 0.93539 16.0000 42.20 1.0078 1.0094 1.587042 
780.7991 10.444 147.200 -0.30001 0.19334 0.674 0.93528 16.0000 42.30 1.0081 1.0097 1.587914 
780.3699 10.452 147.169 -0.30011 0.19363 0.679 0.93509 16.0000 42.27 1.0087 1.0103 1.588788 
779.9407 10.456 147.154 -0.30022 0.19382 0.675 0.93521 16.0000 42.55 1.0093 1.0109 1.589662 
779.5113 10.456 147.157 -0.30008 0.19371 0.678 0.93479 16.0000 42.38 1.0089 1.0105 1.590537 
779.0818 10.468 147.132 -0.30018 0.19395 0.675 0.93417 16.0000 42.76 1.0092 1.0108 1.591414 
778.6523 10.481 147.107 -0.30044 0.19432 0.676 0.93396 16.0000 42.74 1.0095 1.0111 1.592292 
778.2227 10.491 147.081 -0.30057 0.19459 0.677 0.93367 16.0000 43.10 1.0096 1.0112 1.593171 
777.7930 10.495 147.076 -0.30071 0.19472 0.677 0.93377 16.0000 42.74 1.0105 1.0121 1.594051 
777.3632 10.505 147.078 -0.30089 0.19481 0.674 0.93331 16.0000 42.58 1.0108 1.0124 1.594933 
776.9332 10.511 147.059 -0.30086 0.19495 0.676 0.93281 16.0000 43.21 1.0112 1.0128 1.595815 
776.5032 10.519 147.027 -0.30096 0.19525 0.672 0.93272 16.0000 43.40 1.0115 1.0130 1.596699 
776.0731 10.520 147.022 -0.30094 0.19527 0.675 0.93255 16.0000 43.29 1.0113 1.0128 1.597584 
775.6429 10.525 146.983 -0.30092 0.19555 0.675 0.93244 16.0000 43.01 1.0110 1.0125 1.598470 
775.2126 10.529 146.968 -0.30079 0.19558 0.677 0.93184 16.0000 43.50 1.0107 1.0122 1.599357 
774.7822 10.536 146.935 -0.30082 0.19584 0.680 0.93164 16.0000 44.03 1.0114 1.0130 1.600246 
774.3517 10.538 146.956 -0.30094 0.19576 0.684 0.93159 16.0000 44.12 1.0114 1.0129 1.601135 
773.9212 10.544 146.938 -0.30112 0.19602 0.676 0.93174 16.0000 43.74 1.0118 1.0133 1.602026 
773.4905 10.545 146.966 -0.30124 0.19588 0.668 0.93171 16.0000 43.58 1.0119 1.0135 1.602918 
773.0598 10.555 146.967 -0.30144 0.19600 0.672 0.93134 16.0000 44.46 1.0118 1.0133 1.603811 
772.6289 10.563 146.966 -0.30165 0.19615 0.674 0.93125 16.0000 44.08 1.0124 1.0139 1.604706 
772.1980 10.574 146.931 -0.30177 0.19649 0.678 0.93087 16.0000 44.01 1.0130 1.0145 1.605601 
771.7669 10.572 146.940 -0.30175 0.19641 0.672 0.93092 16.0000 43.94 1.0132 1.0147 1.606498 
771.3358 10.575 146.942 -0.30173 0.19638 0.678 0.93053 16.0000 44.50 1.0138 1.0153 1.607396 
770.9046 10.582 146.915 -0.30180 0.19663 0.677 0.93039 16.0000 44.11 1.0143 1.0158 1.608295 
770.4733 10.590 146.908 -0.30196 0.19679 0.675 0.93021 16.0000 44.39 1.0151 1.0166 1.609195 
770.0419 10.595 146.897 -0.30202 0.19691 0.673 0.92997 16.0000 43.82 1.0156 1.0170 1.610097 
769.6104 10.603 146.905 -0.30223 0.19698 0.678 0.92978 16.0000 44.66 1.0158 1.0172 1.610999 
769.1787 10.608 146.899 -0.30241 0.19714 0.675 0.92992 16.0000 44.81 1.0156 1.0170 1.611904 
768.7471 10.605 146.919 -0.30222 0.19687 0.674 0.92939 16.0000 44.84 1.0156 1.0170 1.612809 
768.3152 10.618 146.950 -0.30274 0.19698 0.672 0.92945 16.0000 44.85 1.0161 1.0176 1.613715 
767.8834 10.626 146.914 -0.30290 0.19735 0.676 0.92958 16.0000 45.05 1.0159 1.0173 1.614623 
767.4514 10.632 146.879 -0.30300 0.19768 0.672 0.92966 16.0000 45.51 1.0161 1.0175 1.615531 
767.0193 10.639 146.862 -0.30308 0.19786 0.672 0.92942 16.0000 45.26 1.0158 1.0171 1.616442 
766.5872 10.649 146.827 -0.30323 0.19822 0.678 0.92930 16.0000 45.21 1.0160 1.0174 1.617353 
766.1549 10.653 146.810 -0.30331 0.19840 0.681 0.92927 16.0000 45.49 1.0158 1.0171 1.618265 
765.7225 10.657 146.821 -0.30341 0.19838 0.684 0.92909 16.0000 46.07 1.0154 1.0168 1.619179 
765.2901 10.664 146.809 -0.30354 0.19856 0.676 0.92894 16.0000 45.89 1.0156 1.0170 1.620094 
764.8575 10.673 146.830 -0.30382 0.19859 0.682 0.92875 16.0000 46.23 1.0156 1.0170 1.621010 
764.4249 10.681 146.833 -0.30412 0.19876 0.677 0.92881 16.0000 45.98 1.0161 1.0174 1.621928 
763.9922 10.693 146.834 -0.30457 0.19904 0.671 0.92910 16.0000 46.03 1.0166 1.0180 1.622846 
763.5593 10.703 146.810 -0.30472 0.19933 0.676 0.92881 16.0000 46.73 1.0168 1.0181 1.623766 
763.1264 10.710 146.821 -0.30496 0.19940 0.678 0.92882 16.0000 46.48 1.0167 1.0180 1.624687 
762.6934 10.716 146.791 -0.30506 0.19969 0.674 0.92883 16.0000 46.72 1.0166 1.0179 1.625610 
762.2603 10.718 146.771 -0.30507 0.19986 0.684 0.92895 16.0000 46.98 1.0164 1.0177 1.626533 
761.8271 10.723 146.776 -0.30521 0.19991 0.687 0.92877 16.0000 47.27 1.0163 1.0176 1.627458 
761.3938 10.729 146.756 -0.30517 0.20003 0.677 0.92827 16.0000 47.03 1.0164 1.0177 1.628385 
760.9604 10.735 146.726 -0.30524 0.20030 0.680 0.92829 16.0000 46.82 1.0162 1.0176 1.629312 
760.5269 10.745 146.725 -0.30551 0.20049 0.679 0.92818 16.0000 47.25 1.0162 1.0175 1.630241 
760.0933 10.756 146.722 -0.30581 0.20072 0.676 0.92811 16.0000 47.72 1.0168 1.0181 1.631171 
759.6597 10.768 146.698 -0.30615 0.20112 0.678 0.92820 16.0000 47.89 1.0173 1.0186 1.632102 
759.2259 10.772 146.706 -0.30622 0.20110 0.682 0.92790 16.0000 47.34 1.0175 1.0188 1.633034 
758.7921 10.778 146.715 -0.30639 0.20115 0.681 0.92779 16.0000 47.53 1.0178 1.0191 1.633968 
758.3581 10.786 146.707 -0.30653 0.20130 0.676 0.92758 16.0000 47.86 1.0176 1.0189 1.634903 
757.9240 10.786 146.714 -0.30648 0.20121 0.682 0.92730 16.0000 48.45 1.0172 1.0186 1.635839 
757.4899 10.794 146.694 -0.30661 0.20145 0.686 0.92717 16.0000 48.86 1.0175 1.0188 1.636777 
757.0556 10.797 146.705 -0.30665 0.20139 0.681 0.92685 16.0000 48.34 1.0173 1.0186 1.637716 
756.6213 10.807 146.723 -0.30698 0.20147 0.676 0.92671 16.0000 48.19 1.0175 1.0188 1.638656 
756.1868 10.817 146.716 -0.30715 0.20164 0.676 0.92641 16.0000 48.08 1.0174 1.0187 1.639597 
755.7523 10.820 146.712 -0.30715 0.20167 0.682 0.92618 16.0000 47.67 1.0174 1.0187 1.640540 
755.3177 10.827 146.722 -0.30745 0.20179 0.682 0.92625 16.0000 49.08 1.0175 1.0188 1.641484 
754.8830 10.832 146.713 -0.30745 0.20186 0.677 0.92595 16.0000 48.68 1.0174 1.0186 1.642429 
754.4482 10.835 146.718 -0.30744 0.20181 0.682 0.92552 16.0000 48.96 1.0173 1.0186 1.643376 
754.0132 10.841 146.740 -0.30767 0.20180 0.688 0.92540 16.0000 50.01 1.0173 1.0186 1.644324 
753.5782 10.848 146.736 -0.30787 0.20196 0.684 0.92545 16.0000 49.11 1.0172 1.0185 1.645273 
753.1431 10.857 146.725 -0.30803 0.20214 0.686 0.92519 16.0000 49.74 1.0174 1.0186 1.646223 
752.7079 10.862 146.719 -0.30801 0.20217 0.682 0.92474 16.0000 49.16 1.0173 1.0186 1.647175 
752.2726 10.869 146.708 -0.30820 0.20238 0.687 0.92470 16.0000 50.18 1.0172 1.0184 1.648129 
751.8373 10.873 146.713 -0.30818 0.20234 0.685 0.92425 16.0000 49.61 1.0167 1.0179 1.649083 
751.4018 10.886 146.671 -0.30830 0.20274 0.686 0.92385 16.0000 50.21 1.0168 1.0181 1.650039 
750.9662 10.892 146.685 -0.30853 0.20279 0.686 0.92387 16.0000 50.00 1.0175 1.0187 1.650996 
750.5306 10.896 146.696 -0.30866 0.20278 0.682 0.92375 16.0000 49.95 1.0178 1.0191 1.651954 
750.0948 10.901 146.669 -0.30875 0.20305 0.680 0.92381 16.0000 50.13 1.0172 1.0185 1.652914 
749.6589 10.906 146.683 -0.30898 0.20309 0.684 0.92384 16.0000 50.31 1.0173 1.0185 1.653875 
749.2230 10.907 146.694 -0.30908 0.20308 0.689 0.92394 16.0000 50.62 1.0175 1.0187 1.654837 
748.7869 10.910 146.703 -0.30918 0.20307 0.688 0.92389 16.0000 50.97 1.0174 1.0186 1.655801 
748.3508 10.918 146.697 -0.30937 0.20324 0.686 0.92376 16.0000 50.77 1.0173 1.0186 1.656766 
747.9146 10.927 146.710 -0.30960 0.20329 0.689 0.92351 16.0000 50.85 1.0175 1.0188 1.657732 
747.4782 10.932 146.743 -0.30983 0.20319 0.682 0.92335 16.0000 50.15 1.0177 1.0190 1.658700 
747.0417 10.937 146.744 -0.30997 0.20327 0.692 0.92328 16.0000 50.61 1.0177 1.0189 1.659669 
746.6052 10.943 146.726 -0.31005 0.20346 0.690 0.92320 16.0000 50.94 1.0176 1.0188 1.660639 
746.1686 10.951 146.709 -0.31022 0.20371 0.689 0.92308 16.0000 51.52 1.0176 1.0188 1.661611 
745.7319 10.963 146.704 -0.31052 0.20394 0.691 0.92297 16.0000 51.06 1.0178 1.0190 1.662584 
745.2950 10.972 146.716 -0.31076 0.20400 0.691 0.92266 16.0000 51.18 1.0179 1.0191 1.663559 
744.8582 10.981 146.702 -0.31099 0.20427 0.695 0.92268 16.0000 51.48 1.0179 1.0191 1.664534 
744.4211 10.986 146.723 -0.31121 0.20425 0.688 0.92266 16.0000 51.15 1.0179 1.0190 1.665512 
743.9841 10.991 146.741 -0.31138 0.20422 0.691 0.92247 16.0000 51.57 1.0178 1.0190 1.666490 
743.5468 10.998 146.722 -0.31147 0.20443 0.687 0.92234 16.0000 51.15 1.0178 1.0189 1.667470 
743.1096 11.002 146.727 -0.31156 0.20444 0.684 0.92215 16.0000 51.88 1.0178 1.0190 1.668451 
742.6722 11.006 146.753 -0.31171 0.20434 0.691 0.92194 16.0000 51.42 1.0180 1.0191 1.669434 
742.2347 11.010 146.747 -0.31173 0.20440 0.690 0.92173 16.0000 51.95 1.0178 1.0189 1.670418 
741.7971 11.014 146.731 -0.31176 0.20455 0.694 0.92164 16.0000 52.24 1.0174 1.0186 1.671403 
741.3594 11.015 146.731 -0.31180 0.20457 0.689 0.92161 16.0000 51.43 1.0174 1.0185 1.672390 
740.9216 11.019 146.755 -0.31194 0.20448 0.697 0.92141 16.0000 52.87 1.0174 1.0185 1.673378 
740.4838 11.022 146.762 -0.31201 0.20447 0.694 0.92129 16.0000 52.48 1.0174 1.0185 1.674367 
740.0458 11.025 146.776 -0.31208 0.20440 0.691 0.92103 16.0000 52.90 1.0174 1.0185 1.675358 
739.6077 11.025 146.794 -0.31207 0.20426 0.694 0.92080 16.0000 52.84 1.0174 1.0184 1.676351 
739.1696 11.030 146.789 -0.31219 0.20437 0.694 0.92076 16.0000 52.55 1.0172 1.0183 1.677344 
738.7313 11.035 146.804 -0.31235 0.20437 0.697 0.92063 16.0000 52.87 1.0173 1.0183 1.678339 
738.2930 11.037 146.805 -0.31241 0.20440 0.694 0.92059 16.0000 53.36 1.0171 1.0181 1.679336 
737.8545 11.039 146.813 -0.31246 0.20437 0.696 0.92047 16.0000 53.06 1.0169 1.0179 1.680334 
737.4160 11.050 146.800 -0.31265 0.20459 0.696 0.92017 16.0000 52.90 1.0169 1.0180 1.681333 
736.9773 11.050 146.798 -0.31277 0.20468 0.694 0.92054 16.0000 52.56 1.0170 1.0181 1.682334 
736.5386 11.051 146.807 -0.31283 0.20465 0.699 0.92051 16.0000 52.77 1.0169 1.0180 1.683336 
736.0997 11.052 146.831 -0.31296 0.20455 0.700 0.92054 16.0000 54.41 1.0168 1.0178 1.684340 
735.6608 11.060 146.831 -0.31306 0.20462 0.696 0.92016 16.0000 53.47 1.0166 1.0176 1.685344 
735.2218 11.062 146.818 -0.31306 0.20472 0.696 0.92010 16.0000 53.57 1.0166 1.0176 1.686351 
734.7827 11.059 146.829 -0.31303 0.20461 0.700 0.92014 16.0000 53.53 1.0163 1.0173 1.687359 
734.3434 11.065 146.815 -0.31311 0.20478 0.702 0.92001 16.0000 54.07 1.0159 1.0169 1.688368 
733.9041 11.071 146.815 -0.31326 0.20487 0.707 0.91990 16.0000 54.32 1.0156 1.0165 1.689379 
733.4647 11.070 146.815 -0.31322 0.20485 0.701 0.91987 16.0000 54.92 1.0152 1.0162 1.690391 
733.0252 11.071 146.824 -0.31324 0.20480 0.703 0.91977 16.0000 54.34 1.0152 1.0161 1.691404 
732.5856 11.080 146.801 -0.31356 0.20517 0.703 0.92001 16.0000 54.31 1.0151 1.0161 1.692419 
732.1459 11.082 146.787 -0.31353 0.20527 0.706 0.91995 16.0000 54.12 1.0151 1.0160 1.693436 
731.7061 11.078 146.793 -0.31335 0.20511 0.706 0.91973 16.0000 54.82 1.0148 1.0158 1.694453 
731.2662 11.083 146.807 -0.31356 0.20513 0.695 0.91973 16.0000 54.68 1.0151 1.0160 1.695473 
730.8262 11.082 146.813 -0.31359 0.20510 0.706 0.91985 16.0000 54.69 1.0151 1.0160 1.696494 
730.3861 11.077 146.844 -0.31356 0.20484 0.706 0.91984 16.0000 54.81 1.0151 1.0160 1.697516 
729.9459 11.079 146.842 -0.31359 0.20488 0.710 0.91981 16.0000 55.20 1.0150 1.0159 1.698539 
729.5057 11.079 146.841 -0.31358 0.20488 0.709 0.91980 16.0000 54.70 1.0152 1.0161 1.699564 
729.0653 11.086 146.816 -0.31369 0.20515 0.714 0.91975 16.0000 54.63 1.0152 1.0161 1.700591 
728.6248 11.083 146.822 -0.31364 0.20507 0.711 0.91981 16.0000 54.50 1.0149 1.0159 1.701619 
728.1843 11.086 146.821 -0.31363 0.20507 0.715 0.91953 16.0000 55.14 1.0147 1.0156 1.702648 
727.7436 11.085 146.826 -0.31354 0.20497 0.706 0.91928 16.0000 54.73 1.0145 1.0155 1.703680 
727.3028 11.083 146.836 -0.31352 0.20488 0.710 0.91929 16.0000 54.73 1.0145 1.0154 1.704712 
726.8619 11.087 146.817 -0.31348 0.20500 0.709 0.91901 16.0000 54.94 1.0142 1.0151 1.705746 
726.4210 11.086 146.812 -0.31339 0.20498 0.712 0.91894 16.0000 55.36 1.0140 1.0149 1.706781 
725.9799 11.090 146.817 -0.31337 0.20493 0.713 0.91847 16.0000 54.96 1.0140 1.0149 1.707818 
725.5388 11.092 146.788 -0.31324 0.20507 0.710 0.91813 16.0000 54.89 1.0138 1.0146 1.708857 
725.0975 11.098 146.762 -0.31325 0.20528 0.717 0.91797 16.0000 55.57 1.0140 1.0149 1.709897 
724.6561 11.103 146.764 -0.31331 0.20531 0.712 0.91766 16.0000 54.54 1.0142 1.0151 1.710938 
724.2147 11.100 146.761 -0.31319 0.20525 0.713 0.91758 16.0000 55.19 1.0143 1.0152 1.711981 
723.7732 11.100 146.768 -0.31312 0.20515 0.714 0.91732 16.0000 55.10 1.0143 1.0151 1.713025 
723.3315 11.098 146.778 -0.31304 0.20502 0.715 0.91711 16.0000 54.47 1.0143 1.0151 1.714072 
722.8898 11.101 146.767 -0.31308 0.20513 0.720 0.91711 16.0000 55.78 1.0143 1.0152 1.715119 
722.4479 11.101 146.766 -0.31312 0.20517 0.718 0.91718 16.0000 55.45 1.0143 1.0151 1.716168 
722.0060 11.101 146.769 -0.31314 0.20515 0.724 0.91729 16.0000 55.40 1.0142 1.0151 1.717218 
721.5640 11.108 146.749 -0.31322 0.20536 0.716 0.91704 16.0000 55.05 1.0145 1.0154 1.718270 
721.1218 11.110 146.756 -0.31326 0.20534 0.719 0.91687 16.0000 55.59 1.0146 1.0154 1.719324 
720.6796 11.110 146.762 -0.31325 0.20528 0.717 0.91684 16.0000 55.97 1.0146 1.0154 1.720379 
720.2373 11.113 146.755 -0.31324 0.20532 0.721 0.91662 16.0000 55.98 1.0148 1.0156 1.721435 
719.7949 11.112 146.765 -0.31316 0.20520 0.716 0.91633 16.0000 55.73 1.0147 1.0156 1.722493 
719.3524 11.115 146.769 -0.31328 0.20525 0.720 0.91642 16.0000 55.74 1.0150 1.0159 1.723553 
718.9097 11.115 146.772 -0.31322 0.20518 0.723 0.91618 16.0000 55.75 1.0150 1.0159 1.724614 
718.4670 11.116 146.768 -0.31311 0.20514 0.726 0.91582 16.0000 56.25 1.0151 1.0159 1.725677 
718.0242 11.125 146.743 -0.31332 0.20548 0.731 0.91590 16.0000 56.71 1.0152 1.0160 1.726741 
717.5813 11.127 146.723 -0.31332 0.20563 0.727 0.91589 16.0000 56.45 1.0154 1.0162 1.727807 
717.1383 11.132 146.715 -0.31336 0.20572 0.721 0.91566 16.0000 55.62 1.0154 1.0163 1.728874 
716.6952 11.135 146.704 -0.31334 0.20579 0.726 0.91537 16.0000 56.24 1.0155 1.0163 1.729943 
716.2520 11.140 146.697 -0.31340 0.20589 0.732 0.91523 16.0000 56.73 1.0155 1.0164 1.731013 
715.8087 11.145 146.671 -0.31333 0.20604 0.726 0.91478 16.0000 56.83 1.0154 1.0162 1.732086 
715.3653 11.150 146.650 -0.31338 0.20624 0.732 0.91470 16.0000 57.07 1.0156 1.0165 1.733159 
714.9218 11.150 146.660 -0.31336 0.20615 0.727 0.91455 16.0000 56.51 1.0158 1.0166 1.734234 
714.4782 11.155 146.645 -0.31341 0.20630 0.730 0.91441 16.0000 56.83 1.0158 1.0166 1.735311 
714.0345 11.161 146.611 -0.31339 0.20656 0.735 0.91421 16.0000 56.83 1.0156 1.0164 1.736389 
713.5907 11.167 146.599 -0.31354 0.20675 0.734 0.91417 16.0000 56.87 1.0158 1.0167 1.737469 
713.1469 11.171 146.583 -0.31358 0.20690 0.730 0.91415 16.0000 56.15 1.0159 1.0167 1.738550 
712.7028 11.174 146.554 -0.31358 0.20713 0.737 0.91410 16.0000 56.67 1.0159 1.0167 1.739634 
712.2588 11.183 146.534 -0.31378 0.20742 0.735 0.91413 16.0000 57.41 1.0163 1.0171 1.740718 
711.8146 11.189 146.516 -0.31389 0.20764 0.739 0.91409 16.0000 56.81 1.0165 1.0173 1.741805 
711.3703 11.195 146.497 -0.31399 0.20785 0.743 0.91404 16.0000 57.28 1.0167 1.0175 1.742892 
710.9259 11.203 146.461 -0.31402 0.20815 0.742 0.91372 16.0000 56.80 1.0167 1.0175 1.743982 
710.4814 11.208 146.449 -0.31401 0.20825 0.740 0.91346 16.0000 57.08 1.0167 1.0175 1.745073 
710.0369 11.214 146.439 -0.31410 0.20838 0.740 0.91323 16.0000 57.01 1.0168 1.0175 1.746165 
709.5922 11.221 146.424 -0.31423 0.20859 0.739 0.91319 16.0000 56.73 1.0168 1.0176 1.747260 
709.1474 11.227 146.396 -0.31434 0.20887 0.739 0.91326 16.0000 57.26 1.0171 1.0179 1.748356 
708.7026 11.231 146.373 -0.31436 0.20907 0.744 0.91318 16.0000 57.91 1.0171 1.0179 1.749453 
708.2576 11.238 146.347 -0.31432 0.20925 0.743 0.91271 16.0000 57.84 1.0173 1.0180 1.750552 
707.8125 11.242 146.335 -0.31432 0.20935 0.743 0.91250 16.0000 57.04 1.0174 1.0181 1.751653 
707.3674 11.249 146.300 -0.31432 0.20962 0.745 0.91225 16.0000 57.28 1.0175 1.0182 1.752755 
706.9221 11.256 146.277 -0.31445 0.20990 0.749 0.91220 16.0000 58.06 1.0178 1.0185 1.753859 
706.4767 11.263 146.259 -0.31457 0.21012 0.750 0.91212 16.0000 58.32 1.0179 1.0187 1.754965 
706.0313 11.272 146.214 -0.31465 0.21053 0.752 0.91201 16.0000 58.04 1.0180 1.0188 1.756072 
705.5857 11.279 146.198 -0.31479 0.21075 0.750 0.91198 16.0000 58.45 1.0183 1.0191 1.757181 
705.1401 11.286 146.177 -0.31487 0.21097 0.745 0.91175 16.0000 57.74 1.0185 1.0193 1.758292 
704.6943 11.294 146.157 -0.31499 0.21122 0.751 0.91167 16.0000 57.65 1.0187 1.0195 1.759404 
704.2484 11.298 146.129 -0.31501 0.21145 0.754 0.91159 16.0000 57.49 1.0186 1.0194 1.760518 
703.8025 11.305 146.111 -0.31507 0.21163 0.760 0.91139 16.0000 57.64 1.0185 1.0192 1.761633 
703.3564 11.310 146.086 -0.31515 0.21188 0.760 0.91137 16.0000 57.39 1.0185 1.0192 1.762751 
702.9103 11.320 146.071 -0.31540 0.21217 0.758 0.91142 16.0000 58.43 1.0187 1.0195 1.763869 
702.4641 11.331 146.051 -0.31563 0.21249 0.760 0.91132 16.0000 58.57 1.0190 1.0197 1.764990 
702.0177 11.339 146.028 -0.31576 0.21276 0.759 0.91120 16.0000 58.40 1.0191 1.0199 1.766112 
701.5712 11.348 146.000 -0.31590 0.21308 0.759 0.91107 16.0000 58.64 1.0193 1.0201 1.767236 
701.1247 11.359 145.979 -0.31614 0.21341 0.763 0.91108 16.0000 58.55 1.0196 1.0203 1.768361 
700.6780 11.366 145.958 -0.31633 0.21370 0.763 0.91121 16.0000 58.13 1.0197 1.0205 1.769489 
700.2313 11.373 145.940 -0.31643 0.21392 0.766 0.91104 16.0000 58.50 1.0198 1.0205 1.770618 
699.7844 11.381 145.906 -0.31651 0.21425 0.769 0.91091 16.0000 57.77 1.0200 1.0207 1.771748 
699.3375 11.390 145.884 -0.31661 0.21448 0.767 0.91063 16.0000 58.11 1.0201 1.0209 1.772881 
698.8904 11.398 145.863 -0.31679 0.21479 0.767 0.91065 16.0000 58.72 1.0202 1.0210 1.774015 
698.4433 11.407 145.852 -0.31706 0.21505 0.767 0.91074 16.0000 58.47 1.0204 1.0212 1.775150 
697.9961 11.420 145.821 -0.31730 0.21546 0.770 0.91060 16.0000 58.28 1.0208 1.0215 1.776288 
697.5488 11.427 145.801 -0.31743 0.21571 0.773 0.91056 16.0000 58.65 1.0211 1.0218 1.777427 
697.1013 11.435 145.777 -0.31761 0.21603 0.775 0.91069 16.0000 58.50 1.0212 1.0219 1.778568 
696.6537 11.444 145.763 -0.31780 0.21628 0.779 0.91057 16.0000 58.53 1.0213 1.0221 1.779711 
696.2061 11.455 145.736 -0.31802 0.21665 0.780 0.91055 16.0000 58.08 1.0215 1.0223 1.780855 
695.7584 11.463 145.728 -0.31825 0.21687 0.780 0.91052 16.0000 58.30 1.0217 1.0224 1.782001 
695.3105 11.471 145.708 -0.31835 0.21710 0.784 0.91030 16.0000 59.52 1.0217 1.0225 1.783149 
694.8626 11.482 145.697 -0.31865 0.21739 0.783 0.91032 16.0000 59.22 1.0221 1.0229 1.784298 
694.4146 11.491 145.674 -0.31874 0.21764 0.782 0.91003 16.0000 59.04 1.0223 1.0231 1.785449 
693.9664 11.504 145.647 -0.31894 0.21800 0.787 0.90981 16.0000 58.19 1.0226 1.0233 1.786602 
693.5182 11.518 145.628 -0.31929 0.21839 0.787 0.90974 16.0000 58.22 1.0226 1.0234 1.787757 
693.0699 11.531 145.605 -0.31939 0.21865 0.790 0.90916 16.0000 58.30 1.0227 1.0235 1.788913 
692.6215 11.541 145.598 -0.31960 0.21885 0.789 0.90890 16.0000 58.45 1.0227 1.0235 1.790071 
692.1729 11.550 145.593 -0.31977 0.21900 0.794 0.90864 16.0000 58.77 1.0227 1.0234 1.791231 
691.7243 11.560 145.571 -0.31990 0.21928 0.791 0.90837 16.0000 59.21 1.0229 1.0236 1.792393 
691.2756 11.569 145.555 -0.32010 0.21955 0.788 0.90835 16.0000 58.80 1.0231 1.0238 1.793557 
690.8267 11.577 145.537 -0.32022 0.21977 0.795 0.90813 16.0000 58.54 1.0232 1.0240 1.794722 
690.3778 11.589 145.527 -0.32045 0.22002 0.795 0.90794 16.0000 58.34 1.0234 1.0241 1.795889 
689.9288 11.598 145.517 -0.32074 0.22030 0.799 0.90803 16.0000 57.95 1.0236 1.0244 1.797058 
689.4797 11.608 145.510 -0.32100 0.22053 0.797 0.90799 16.0000 58.17 1.0239 1.0246 1.798228 
689.0304 11.615 145.496 -0.32114 0.22074 0.796 0.90792 16.0000 57.33 1.0239 1.0247 1.799401 
688.5811 11.625 145.485 -0.32134 0.22098 0.800 0.90775 16.0000 58.97 1.0242 1.0250 1.800575 
688.1317 11.632 145.481 -0.32154 0.22114 0.799 0.90772 16.0000 58.73 1.0243 1.0251 1.801751 
687.6821 11.639 145.467 -0.32170 0.22137 0.805 0.90771 16.0000 59.12 1.0243 1.0251 1.802929 
687.2325 11.649 145.453 -0.32189 0.22162 0.808 0.90750 16.0000 58.95 1.0245 1.0253 1.804108 
686.7828 11.656 145.444 -0.32209 0.22183 0.816 0.90753 16.0000 58.87 1.0245 1.0253 1.805290 
686.3329 11.666 145.446 -0.32235 0.22199 0.812 0.90743 16.0000 58.35 1.0246 1.0254 1.806473 
685.8830 11.675 145.442 -0.32249 0.22212 0.812 0.90704 16.0000 58.14 1.0246 1.0254 1.807658 
685.4330 11.688 145.430 -0.32271 0.22237 0.814 0.90669 16.0000 58.50 1.0248 1.0255 1.808845 
684.9828 11.700 145.421 -0.32295 0.22261 0.814 0.90644 16.0000 58.61 1.0250 1.0258 1.810034 
684.5327 11.708 145.419 -0.32316 0.22278 0.816 0.90639 16.0000 58.61 1.0250 1.0258 1.811224 
684.0823 11.715 145.413 -0.32333 0.22294 0.821 0.90624 16.0000 58.32 1.0250 1.0257 1.812416 
683.6319 11.726 145.407 -0.32354 0.22314 0.825 0.90598 16.0000 58.01 1.0250 1.0258 1.813610 
683.1813 11.731 145.399 -0.32362 0.22326 0.826 0.90582 16.0000 57.97 1.0250 1.0257 1.814807 
682.7307 11.740 145.379 -0.32382 0.22356 0.830 0.90584 16.0000 58.10 1.0251 1.0259 1.816004 
682.2800 11.747 145.381 -0.32394 0.22363 0.832 0.90558 16.0000 58.48 1.0251 1.0258 1.817204 
681.8292 11.758 145.366 -0.32415 0.22390 0.826 0.90539 16.0000 57.94 1.0253 1.0261 1.818405 
681.3782 11.766 145.352 -0.32438 0.22417 0.825 0.90541 16.0000 58.32 1.0255 1.0263 1.819609 
680.9272 11.773 145.350 -0.32447 0.22425 0.835 0.90516 16.0000 57.97 1.0256 1.0263 1.820814 
680.4761 11.779 145.340 -0.32455 0.22439 0.834 0.90489 16.0000 58.30 1.0256 1.0264 1.822021 
680.0248 11.785 145.332 -0.32462 0.22451 0.837 0.90471 16.0000 57.96 1.0256 1.0263 1.823230 
679.5735 11.792 145.320 -0.32476 0.22471 0.841 0.90465 16.0000 57.95 1.0257 1.0265 1.824441 
679.1221 11.797 145.306 -0.32485 0.22489 0.843 0.90459 16.0000 58.17 1.0259 1.0266 1.825654 
678.6705 11.802 145.295 -0.32497 0.22506 0.849 0.90461 16.0000 58.61 1.0260 1.0267 1.826869 
678.2189 11.808 145.285 -0.32510 0.22523 0.852 0.90453 16.0000 58.85 1.0260 1.0267 1.828085 
677.7672 11.815 145.268 -0.32524 0.22548 0.849 0.90455 16.0000 57.84 1.0261 1.0268 1.829303 
677.3154 11.820 145.253 -0.32537 0.22569 0.854 0.90459 16.0000 57.57 1.0261 1.0268 1.830524 
676.8634 11.827 145.246 -0.32555 0.22588 0.859 0.90462 16.0000 58.16 1.0262 1.0270 1.831746 
676.4114 11.829 145.243 -0.32561 0.22595 0.861 0.90462 16.0000 58.03 1.0263 1.0270 1.832970 
675.9592 11.833 145.225 -0.32569 0.22615 0.863 0.90472 16.0000 58.03 1.0263 1.0271 1.834196 
675.5070 11.840 145.212 -0.32580 0.22634 0.861 0.90462 16.0000 57.97 1.0265 1.0272 1.835424 
675.0547 11.843 145.210 -0.32581 0.22636 0.864 0.90441 16.0000 57.76 1.0266 1.0273 1.836654 
674.6022 11.845 145.206 -0.32583 0.22641 0.867 0.90433 16.0000 57.78 1.0266 1.0273 1.837886 
674.1497 11.851 145.194 -0.32595 0.22659 0.866 0.90427 16.0000 58.01 1.0266 1.0273 1.839120 
673.6971 11.852 145.180 -0.32596 0.22672 0.868 0.90431 16.0000 57.48 1.0267 1.0274 1.840355 
673.2443 11.857 145.167 -0.32606 0.22690 0.874 0.90434 16.0000 57.88 1.0270 1.0276 1.841593 
672.7915 11.862 145.148 -0.32612 0.22710 0.879 0.90427 16.0000 58.26 1.0272 1.0279 1.842832 
672.3386 11.864 145.127 -0.32611 0.22727 0.884 0.90427 16.0000 58.18 1.0275 1.0282 1.844074 
671.8855 11.869 145.116 -0.32610 0.22736 0.879 0.90401 16.0000 57.51 1.0277 1.0284 1.845317 
671.4324 11.874 145.099 -0.32618 0.22756 0.887 0.90398 16.0000 57.77 1.0280 1.0287 1.846563 
670.9791 11.879 145.077 -0.32632 0.22784 0.885 0.90414 16.0000 57.99 1.0281 1.0288 1.847810 
670.5258 11.886 145.055 -0.32644 0.22810 0.895 0.90415 16.0000 57.98 1.0284 1.0290 1.849059 
670.0723 11.891 145.036 -0.32653 0.22833 0.900 0.90416 16.0000 58.34 1.0287 1.0293 1.850311 
669.6188 11.895 145.023 -0.32657 0.22847 0.898 0.90411 16.0000 57.11 1.0289 1.0296 1.851564 
669.1651 11.899 145.012 -0.32664 0.22861 0.907 0.90403 16.0000 58.11 1.0292 1.0298 1.852819 
668.7114 11.903 145.009 -0.32678 0.22874 0.903 0.90409 16.0000 57.90 1.0292 1.0299 1.854076 
668.2575 11.908 145.001 -0.32691 0.22890 0.908 0.90414 16.0000 57.66 1.0292 1.0299 1.855336 
667.8035 11.913 144.992 -0.32704 0.22906 0.905 0.90415 16.0000 57.59 1.0294 1.0300 1.856597 
667.3495 11.916 144.985 -0.32713 0.22919 0.910 0.90425 16.0000 57.85 1.0295 1.0301 1.857860 
666.8953 11.919 144.977 -0.32719 0.22930 0.916 0.90423 16.0000 57.67 1.0297 1.0303 1.859125 
666.4411 11.923 144.967 -0.32731 0.22947 0.919 0.90434 16.0000 56.83 1.0300 1.0306 1.860392 
665.9868 11.928 144.949 -0.32737 0.22967 0.919 0.90426 16.0000 57.28 1.0303 1.0309 1.861661 
665.5323 11.934 144.930 -0.32747 0.22989 0.927 0.90424 16.0000 57.70 1.0306 1.0312 1.862933 
665.0777 11.939 144.913 -0.32760 0.23013 0.926 0.90436 16.0000 56.89 1.0308 1.0314 1.864206 
664.6230 11.942 144.897 -0.32766 0.23031 0.926 0.90444 16.0000 57.52 1.0310 1.0316 1.865482 
664.1683 11.948 144.879 -0.32782 0.23057 0.930 0.90456 16.0000 57.23 1.0313 1.0319 1.866759 
663.7134 11.953 144.862 -0.32788 0.23076 0.936 0.90450 16.0000 57.18 1.0315 1.0321 1.868038 
663.2584 11.958 144.842 -0.32792 0.23097 0.935 0.90447 16.0000 57.20 1.0316 1.0322 1.869319 
662.8034 11.963 144.829 -0.32804 0.23116 0.941 0.90450 16.0000 56.05 1.0319 1.0325 1.870603 
662.3482 11.968 144.821 -0.32823 0.23136 0.949 0.90464 16.0000 57.29 1.0323 1.0328 1.871888 
661.8929 11.974 144.805 -0.32839 0.23161 0.952 0.90477 16.0000 57.45 1.0325 1.0331 1.873176 
661.4376 11.979 144.784 -0.32843 0.23182 0.954 0.90471 16.0000 56.69 1.0328 1.0334 1.874465 
660.9821 11.983 144.772 -0.32852 0.23198 0.954 0.90473 16.0000 57.13 1.0331 1.0337 1.875757 
660.5265 11.989 144.759 -0.32861 0.23216 0.960 0.90464 16.0000 55.89 1.0333 1.0338 1.877051 
660.0708 11.994 144.740 -0.32872 0.23241 0.969 0.90475 16.0000 57.33 1.0334 1.0340 1.878347 
659.6151 12.000 144.733 -0.32886 0.23256 0.969 0.90468 16.0000 57.08 1.0337 1.0343 1.879644 
659.1592 12.007 144.723 -0.32905 0.23278 0.972 0.90474 16.0000 56.70 1.0340 1.0345 1.880945 
658.7032 12.012 144.709 -0.32913 0.23296 0.968 0.90463 16.0000 56.12 1.0343 1.0349 1.882247 
658.2471 12.017 144.688 -0.32914 0.23315 0.979 0.90454 16.0000 57.30 1.0347 1.0352 1.883551 
657.7909 12.022 144.669 -0.32924 0.23338 0.980 0.90458 16.0000 57.00 1.0351 1.0357 1.884857 
657.3346 12.026 144.656 -0.32932 0.23355 0.994 0.90457 16.0000 56.57 1.0352 1.0358 1.886166 
656.8782 12.032 144.646 -0.32949 0.23376 0.993 0.90465 16.0000 56.86 1.0354 1.0359 1.887476 
656.4218 12.036 144.645 -0.32961 0.23386 1.001 0.90469 16.0000 56.67 1.0354 1.0360 1.888788 
655.9651 12.039 144.636 -0.32965 0.23396 1.006 0.90458 16.0000 56.41 1.0356 1.0361 1.890103 
655.5084 12.043 144.628 -0.32982 0.23414 1.005 0.90482 16.0000 55.87 1.0360 1.0365 1.891420 
655.0516 12.047 144.620 -0.32993 0.23430 1.015 0.90492 16.0000 56.15 1.0363 1.0368 1.892739 
654.5947 12.051 144.616 -0.33007 0.23442 1.020 0.90499 16.0000 56.59 1.0367 1.0372 1.894060 
654.1377 12.056 144.614 -0.33024 0.23456 1.021 0.90506 16.0000 56.04 1.0369 1.0375 1.895384 
653.6806 12.059 144.606 -0.33036 0.23472 1.032 0.90517 16.0000 56.35 1.0371 1.0377 1.896709 
653.2234 12.065 144.597 -0.33053 0.23493 1.036 0.90524 16.0000 57.10 1.0374 1.0379 1.898037 
652.7661 12.069 144.595 -0.33066 0.23503 1.035 0.90534 16.0000 55.95 1.0378 1.0383 1.899366 
652.3087 12.072 144.589 -0.33072 0.23513 1.041 0.90527 16.0000 55.91 1.0381 1.0386 1.900698 
651.8511 12.076 144.572 -0.33072 0.23527 1.046 0.90511 16.0000 55.84 1.0384 1.0390 1.902032 
651.3936 12.082 144.564 -0.33085 0.23544 1.055 0.90504 16.0000 55.55 1.0389 1.0394 1.903368 
650.9358 12.088 144.562 -0.33105 0.23560 1.061 0.90514 16.0000 56.39 1.0391 1.0396 1.904707 
650.4780 12.093 144.555 -0.33116 0.23574 1.065 0.90509 16.0000 55.72 1.0395 1.0400 1.906047 
650.0201 12.100 144.553 -0.33134 0.23588 1.070 0.90499 16.0000 55.40 1.0400 1.0405 1.907390 
649.5620 12.106 144.550 -0.33149 0.23601 1.067 0.90493 16.0000 55.89 1.0403 1.0408 1.908735 
649.1039 12.112 144.541 -0.33158 0.23616 1.070 0.90478 16.0000 55.36 1.0408 1.0413 1.910082 
648.6457 12.116 144.520 -0.33161 0.23635 1.082 0.90472 16.0000 54.99 1.0413 1.0418 1.911432 
648.1873 12.123 144.512 -0.33183 0.23658 1.093 0.90485 16.0000 55.61 1.0418 1.0424 1.912783 
647.7289 12.126 144.503 -0.33192 0.23674 1.103 0.90496 16.0000 56.12 1.0422 1.0427 1.914137 
647.2703 12.130 144.500 -0.33201 0.23682 1.104 0.90488 16.0000 55.53 1.0425 1.0431 1.915493 
646.8117 12.134 144.484 -0.33203 0.23697 1.109 0.90480 16.0000 55.14 1.0428 1.0434 1.916851 
646.3530 12.138 144.473 -0.33207 0.23710 1.107 0.90472 16.0000 54.20 1.0433 1.0439 1.918212 
645.8941 12.139 144.468 -0.33210 0.23717 1.123 0.90476 16.0000 55.79 1.0438 1.0443 1.919575 
645.4351 12.144 144.452 -0.33220 0.23738 1.124 0.90475 16.0000 54.91 1.0441 1.0446 1.920940 
644.9761 12.151 144.442 -0.33230 0.23754 1.139 0.90459 16.0000 54.91 1.0444 1.0449 1.922307 
644.5169 12.156 144.417 -0.33234 0.23778 1.135 0.90458 16.0000 55.15 1.0452 1.0457 1.923676 
644.0577 12.159 144.401 -0.33241 0.23797 1.141 0.90468 16.0000 55.18 1.0454 1.0459 1.925048 
643.5983 12.162 144.380 -0.33239 0.23814 1.149 0.90456 16.0000 54.60 1.0459 1.0464 1.926422 
643.1389 12.166 144.365 -0.33248 0.23835 1.158 0.90470 16.0000 55.10 1.0461 1.0466 1.927798 
642.6793 12.170 144.352 -0.33257 0.23852 1.164 0.90477 16.0000 55.31 1.0465 1.0470 1.929177 
642.2196 12.172 144.328 -0.33254 0.23871 1.160 0.90475 16.0000 54.29 1.0470 1.0475 1.930558 
641.7598 12.178 144.313 -0.33261 0.23889 1.178 0.90462 16.0000 53.93 1.0474 1.0479 1.931941 
641.2999 12.183 144.294 -0.33269 0.23912 1.182 0.90460 16.0000 53.88 1.0479 1.0484 1.933326 
640.8400 12.190 144.281 -0.33282 0.23932 1.188 0.90455 16.0000 54.14 1.0483 1.0488 1.934714 
640.3799 12.193 144.268 -0.33289 0.23949 1.202 0.90464 16.0000 54.22 1.0485 1.0490 1.936104 
639.9197 12.198 144.243 -0.33297 0.23977 1.214 0.90468 16.0000 55.02 1.0490 1.0495 1.937496 
639.4594 12.203 144.233 -0.33309 0.23994 1.213 0.90476 16.0000 54.86 1.0493 1.0498 1.938891 
638.9990 12.206 144.216 -0.33313 0.24012 1.214 0.90479 16.0000 55.39 1.0500 1.0505 1.940288 
638.5385 12.210 144.198 -0.33319 0.24032 1.236 0.90479 16.0000 55.24 1.0503 1.0508 1.941687 
638.0779 12.213 144.180 -0.33319 0.24049 1.230 0.90474 16.0000 55.55 1.0509 1.0514 1.943089 
637.6172 12.215 144.159 -0.33316 0.24065 1.226 0.90474 16.0000 54.90 1.0514 1.0519 1.944493 
637.1564 12.221 144.147 -0.33330 0.24085 1.230 0.90476 16.0000 54.98 1.0522 1.0527 1.945899 
636.6954 12.225 144.129 -0.33331 0.24102 1.244 0.90465 16.0000 55.43 1.0525 1.0530 1.947308 
636.2344 12.230 144.097 -0.33332 0.24130 1.255 0.90461 16.0000 54.98 1.0528 1.0533 1.948719 
635.7733 12.234 144.073 -0.33334 0.24154 1.259 0.90461 16.0000 55.05 1.0532 1.0537 1.950132 
635.3121 12.236 144.052 -0.33330 0.24169 1.264 0.90458 16.0000 54.23 1.0536 1.0542 1.951548 
634.8508 12.240 144.038 -0.33335 0.24186 1.266 0.90455 16.0000 54.54 1.0542 1.0547 1.952966 
634.3893 12.244 144.022 -0.33340 0.24203 1.283 0.90451 16.0000 54.62 1.0543 1.0548 1.954387 
633.9278 12.254 144.003 -0.33367 0.24240 1.288 0.90461 16.0000 55.10 1.0540 1.0545 1.955809 
633.4662 12.266 143.987 -0.33394 0.24274 1.299 0.90457 16.0000 54.75 1.0543 1.0548 1.957235 
633.0044 12.272 143.982 -0.33410 0.24290 1.312 0.90454 16.0000 54.58 1.0545 1.0550 1.958662 
632.5425 12.275 143.967 -0.33413 0.24306 1.314 0.90454 16.0000 54.78 1.0542 1.0548 1.960093 
632.0806 12.279 143.963 -0.33427 0.24319 1.319 0.90463 16.0000 54.97 1.0550 1.0555 1.961525 
631.6186 12.276 143.960 -0.33416 0.24314 1.323 0.90459 16.0000 53.89 1.0547 1.0552 1.962960 
631.1564 12.279 143.959 -0.33442 0.24334 1.341 0.90508 16.0000 54.33 1.0555 1.0560 1.964397 
630.6942 12.277 143.932 -0.33460 0.24371 1.335 0.90602 16.0000 54.75 1.0568 1.0573 1.965837 
630.2318 12.276 143.912 -0.33475 0.24399 1.363 0.90677 16.0000 54.45 1.0579 1.0585 1.967279 
629.7693 12.267 143.903 -0.33477 0.24409 1.369 0.90766 16.0000 54.06 1.0591 1.0597 1.968724 
629.3068 12.274 143.886 -0.33495 0.24438 1.372 0.90780 16.0000 54.33 1.0596 1.0601 1.970171 
628.8441 12.269 143.871 -0.33479 0.24439 1.380 0.90791 16.0000 53.50 1.0600 1.0606 1.971620 
628.3813 12.281 143.853 -0.33461 0.24442 1.376 0.90663 16.0000 54.17 1.0609 1.0614 1.973073 
627.9184 12.291 143.836 -0.33437 0.24440 1.392 0.90541 16.0000 53.55 1.0627 1.0632 1.974527 
627.4554 12.304 143.845 -0.33393 0.24400 1.393 0.90299 16.0000 53.75 1.0633 1.0638 1.975984 
626.9923 12.306 143.826 -0.33304 0.24352 1.420 0.90069 16.0000 53.70 1.0638 1.0644 1.977444 
626.5291 12.301 143.819 -0.33245 0.24314 1.412 0.89951 16.0000 53.81 1.0636 1.0641 1.978905 
626.0658 12.301 143.808 -0.33281 0.24351 1.412 0.90065 16.0000 53.65 1.0650 1.0655 1.980370 
625.6024 12.304 143.801 -0.33324 0.24388 1.430 0.90163 16.0000 53.78 1.0656 1.0660 1.981837 
625.1389 12.307 143.841 -0.33342 0.24367 1.449 0.90141 16.0000 53.72 1.0667 1.0672 1.983306 
624.6753 12.314 143.848 -0.33369 0.24380 1.453 0.90149 16.0000 53.88 1.0654 1.0659 1.984778 
624.2115 12.309 143.868 -0.33456 0.24425 1.462 0.90402 16.0000 53.13 1.0657 1.0662 1.986253 
623.7477 12.308 143.875 -0.33569 0.24502 1.445 0.90709 16.0000 53.03 1.0667 1.0672 1.987730 
623.2838 12.324 143.895 -0.33586 0.24496 1.455 0.90595 16.0000 52.53 1.0686 1.0692 1.989209 
622.8198 12.331 143.879 -0.33662 0.24566 1.475 0.90759 16.0000 53.45 1.0711 1.0717 1.990691 
622.3557 12.329 143.783 -0.33701 0.24680 1.492 0.90990 16.0000 53.21 1.0738 1.0744 1.992176 
621.8914 12.328 143.698 -0.33814 0.24840 1.508 0.91403 16.0000 53.22 1.0748 1.0754 1.993663 
621.4271 12.327 143.605 -0.33637 0.24795 1.512 0.91051 16.0000 52.98 1.0788 1.0795 1.995153 
620.9626 12.317 143.479 -0.33479 0.24792 1.471 0.90852 16.0000 52.43 1.0814 1.0821 1.996645 
620.4980 12.298 143.383 -0.33188 0.24663 1.516 0.90331 16.0000 52.47 1.0847 1.0854 1.998140 
620.0334 12.296 143.284 -0.33172 0.24740 1.501 0.90418 16.0000 52.72 1.0865 1.0872 1.999637 
619.5687 12.303 143.172 -0.33163 0.24834 1.552 0.90463 16.0000 52.40 1.0877 1.0884 2.001137 
619.1038 12.299 143.084 -0.33088 0.24857 1.518 0.90396 16.0000 52.62 1.0914 1.0922 2.002640 
618.6388 12.289 142.998 -0.33011 0.24878 1.545 0.90374 16.0000 52.40 1.0952 1.0960 2.004145 
618.1737 12.288 142.906 -0.32958 0.24920 1.551 0.90345 16.0000 52.71 1.0980 1.0988 2.005653 
617.7086 12.280 142.813 -0.32878 0.24944 1.573 0.90306 16.0000 52.02 1.1018 1.1027 2.007163 
617.2433 12.274 142.725 -0.32810 0.24972 1.534 0.90279 16.0000 51.78 1.1044 1.1053 2.008676 
616.7779 12.271 142.646 -0.32755 0.25002 1.543 0.90241 16.0000 53.01 1.1073 1.1082 2.010192 
616.3124 12.265 142.575 -0.32695 0.25019 1.588 0.90213 16.0000 52.38 1.1091 1.1101 2.011710 
615.8468 12.252 142.517 -0.32623 0.25017 1.551 0.90196 16.0000 51.91 1.1114 1.1124 2.013231 
615.3810 12.251 142.445 -0.32574 0.25045 1.554 0.90155 16.0000 51.55 1.1144 1.1155 2.014755 
614.9153 12.238 142.382 -0.32497 0.25042 1.571 0.90122 16.0000 51.80 1.1173 1.1184 2.016281 
614.4493 12.231 142.314 -0.32431 0.25053 1.519 0.90086 16.0000 52.07 1.1201 1.1212 2.017810 
613.9833 12.224 142.268 -0.32379 0.25054 1.592 0.90049 16.0000 51.27 1.1224 1.1236 2.019341 
613.5172 12.220 142.223 -0.32338 0.25063 1.542 0.90023 16.0000 50.62 1.1250 1.1262 2.020875 
613.0510 12.219 142.174 -0.32301 0.25079 1.538 0.89992 16.0000 51.70 1.1268 1.1281 2.022412 
612.5847 12.217 142.134 -0.32263 0.25086 1.584 0.89952 16.0000 51.55 1.1289 1.1302 2.023952 
612.1182 12.217 142.095 -0.32235 0.25098 1.538 0.89919 16.0000 51.16 1.1306 1.1320 2.025494 
611.6517 12.215 142.055 -0.32199 0.25107 1.643 0.89885 16.0000 51.00 1.1322 1.1336 2.027039 
611.1850 12.214 142.022 -0.32173 0.25116 1.747 0.89860 16.0000 50.31 1.1332 1.1346 2.028587 
610.7183 12.213 141.998 -0.32150 0.25120 1.600 0.89836 16.0000 51.37 1.1340 1.1355 2.030137 
610.2514 12.213 141.971 -0.32126 0.25126 1.622 0.89805 16.0000 50.79 1.1347 1.1363 2.031690 
609.7844 12.210 141.950 -0.32099 0.25124 1.550 0.89772 16.0000 51.56 1.1354 1.1369 2.033246 
609.3173 12.213 141.938 -0.32089 0.25127 1.538 0.89737 16.0000 50.51 1.1361 1.1377 2.034805 
608.8502 12.219 141.922 -0.32088 0.25140 1.543 0.89706 16.0000 49.84 1.1362 1.1378 2.036366 
608.3829 12.221 141.912 -0.32079 0.25143 1.578 0.89680 16.0000 49.97 1.1360 1.1376 2.037930 
607.9155 12.226 141.905 -0.32081 0.25150 1.437 0.89652 16.0000 51.10 1.1356 1.1372 2.039497 
607.4480 12.234 141.902 -0.32095 0.25164 1.421 0.89625 16.0000 50.39 1.1352 1.1368 2.041067 
606.9804 12.241 141.906 -0.32108 0.25171 1.444 0.89598 16.0000 49.20 1.1346 1.1362 2.042639 
606.5127 12.250 141.907 -0.32129 0.25187 1.570 0.89583 16.0000 48.72 1.1338 1.1354 2.044214 
606.0449 12.258 141.919 -0.32153 0.25195 1.540 0.89565 16.0000 49.42 1.1327 1.1343 2.045792 
605.5770 12.267 141.938 -0.32178 0.25197 1.533 0.89540 16.0000 48.79 1.1319 1.1335 2.047373 
605.1089 12.277 141.956 -0.32211 0.25206 1.555 0.89523 16.0000 49.50 1.1306 1.1322 2.048957 
604.6408 12.288 141.971 -0.32241 0.25216 1.577 0.89498 16.0000 49.75 1.1296 1.1312 2.050543 
604.1726 12.302 141.993 -0.32284 0.25230 1.577 0.89473 16.0000 48.71 1.1280 1.1296 2.052132 
603.7042 12.319 142.025 -0.32341 0.25244 1.304 0.89457 16.0000 48.74 1.1265 1.1281 2.053724 
603.2358 12.334 142.052 -0.32395 0.25262 1.533 0.89446 16.0000 48.64 1.1248 1.1264 2.055319 
602.7673 12.348 142.085 -0.32446 0.25272 1.319 0.89430 16.0000 47.66 1.1228 1.1244 2.056916 
602.2986 12.360 142.122 -0.32492 0.25275 1.433 0.89420 16.0000 48.56 1.1207 1.1222 2.058517 
601.8298 12.374 142.158 -0.32543 0.25282 1.335 0.89396 16.0000 48.23 1.1189 1.1204 2.060121 
601.3610 12.390 142.200 -0.32608 0.25293 1.367 0.89391 16.0000 47.85 1.1165 1.1180 2.061726 
600.8920 12.406 142.240 -0.32667 0.25303 1.417 0.89378 16.0000 47.98 1.1143 1.1158 2.063336 
600.4229 12.421 142.285 -0.32730 0.25310 1.498 0.89367 16.0000 47.31 1.1116 1.1130 2.064948 
599.9537 12.439 142.337 -0.32803 0.25319 1.633 0.89358 16.0000 47.90 1.1091 1.1105 2.066563 
599.4844 12.458 142.388 -0.32873 0.25327 1.633 0.89335 16.0000 47.43 1.1062 1.1076 2.068181 
599.0150 12.479 142.448 -0.32959 0.25338 1.539 0.89323 16.0000 46.54 1.1034 1.1047 2.069801 
598.5455 12.497 142.497 -0.33031 0.25349 1.493 0.89313 16.0000 46.43 1.1001 1.1015 2.071425 
598.0759 12.517 142.545 -0.33110 0.25365 1.663 0.89307 16.0000 47.38 1.0973 1.0986 2.073051 
597.6062 12.535 142.609 -0.33189 0.25366 1.577 0.89298 16.0000 46.91 1.0945 1.0958 2.074680 
597.1364 12.556 142.675 -0.33275 0.25371 1.549 0.89281 16.0000 46.39 1.0914 1.0927 2.076313 
596.6664 12.579 142.736 -0.33370 0.25388 1.503 0.89273 16.0000 46.38 1.0881 1.0893 2.077948 
596.1964 12.602 142.803 -0.33466 0.25400 1.465 0.89268 16.0000 45.78 1.0845 1.0857 2.079586 
595.7263 12.626 142.868 -0.33563 0.25413 1.599 0.89258 16.0000 46.23 1.0815 1.0826 2.081227 
595.2560 12.643 142.939 -0.33646 0.25410 1.579 0.89252 16.0000 45.68 1.0792 1.0802 2.082872 
594.7857 12.659 143.013 -0.33728 0.25404 1.580 0.89254 16.0000 45.82 1.0761 1.0771 2.084519 
594.3152 12.676 143.081 -0.33809 0.25402 1.587 0.89249 16.0000 45.30 1.0736 1.0745 2.086169 
593.8447 12.697 143.149 -0.33895 0.25403 1.580 0.89231 16.0000 45.48 1.0715 1.0724 2.087822 
593.3740 12.716 143.214 -0.33976 0.25404 1.561 0.89215 16.0000 45.19 1.0686 1.0695 2.089478 
592.9032 12.743 143.271 -0.34129 0.25465 1.586 0.89332 16.0000 45.61 1.0661 1.0669 2.091137 
592.4323 12.768 143.321 -0.34336 0.25574 1.569 0.89618 16.0000 44.65 1.0612 1.0620 2.092799 
591.9613 12.797 143.389 -0.34530 0.25654 1.568 0.89808 16.0000 44.31 1.0563 1.0571 2.094464 
591.4902 12.825 143.455 -0.34667 0.25694 1.551 0.89861 16.0000 44.26 1.0523 1.0531 2.096133 
591.0190 12.861 143.515 -0.34793 0.25732 1.528 0.89829 16.0000 44.18 1.0487 1.0494 2.097804 
590.5477 12.883 143.573 -0.34815 0.25693 1.530 0.89643 16.0000 44.06 1.0469 1.0476 2.099478 
590.0763 12.919 143.629 -0.34869 0.25681 1.531 0.89427 16.0000 44.10 1.0457 1.0463 2.101155 
589.6048 12.936 143.683 -0.34910 0.25659 1.540 0.89337 16.0000 43.55 1.0443 1.0448 2.102836 
589.1331 12.956 143.738 -0.34927 0.25621 1.497 0.89156 16.0000 43.59 1.0425 1.0430 2.104519 
588.6614 12.968 143.765 -0.34979 0.25634 1.499 0.89168 16.0000 43.72 1.0419 1.0425 2.106206 
588.1896 12.988 143.804 -0.35068 0.25662 1.500 0.89188 16.0000 43.93 1.0418 1.0423 2.107895 
587.7176 13.016 143.828 -0.35163 0.25709 1.495 0.89179 16.0000 42.07 1.0426 1.0431 2.109588 
587.2455 13.041 143.853 -0.35247 0.25747 1.460 0.89171 16.0000 42.05 1.0409 1.0414 2.111284 
586.7734 13.061 143.861 -0.35311 0.25786 1.468 0.89168 16.0000 43.15 1.0402 1.0406 2.112983 
586.3011 13.077 143.813 -0.35342 0.25854 1.452 0.89169 16.0000 43.35 1.0399 1.0403 2.114685 
585.8287 13.088 143.773 -0.35347 0.25896 1.481 0.89147 16.0000 43.67 1.0426 1.0430 2.116390 
585.3563 13.110 143.701 -0.35387 0.25993 1.440 0.89156 16.0000 42.63 1.0424 1.0428 2.118098 
584.8837 13.131 143.624 -0.35430 0.26099 1.429 0.89188 16.0000 42.01 1.0412 1.0416 2.119809 
584.4109 13.128 143.514 -0.35364 0.26155 1.421 0.89167 16.0000 41.79 1.0425 1.0428 2.121524 
583.9382 13.134 143.408 -0.35327 0.26229 1.418 0.89156 16.0000 41.81 1.0414 1.0418 2.123242 
583.4652 13.145 143.372 -0.35330 0.26266 1.401 0.89116 16.0000 42.20 1.0396 1.0400 2.124963 
582.9922 13.155 143.330 -0.35332 0.26307 1.391 0.89093 16.0000 41.89 1.0380 1.0384 2.126687 
582.5191 13.163 143.288 -0.35319 0.26338 1.373 0.89045 16.0000 41.87 1.0383 1.0386 2.128414 
582.0458 13.177 143.272 -0.35338 0.26367 1.372 0.89003 16.0000 40.99 1.0395 1.0398 2.130145 
581.5725 13.199 143.239 -0.35360 0.26416 1.362 0.88926 16.0000 41.31 1.0427 1.0430 2.131878 
581.0991 13.206 143.215 -0.35355 0.26434 1.345 0.88882 16.0000 40.87 1.0436 1.0438 2.133615 
580.6255 13.201 143.213 -0.35331 0.26418 1.337 0.88862 16.0000 40.96 1.0452 1.0455 2.135356 
580.1519 13.208 143.189 -0.35329 0.26440 1.326 0.88832 16.0000 40.33 1.0454 1.0457 2.137099 
579.6780 13.220 143.167 -0.35342 0.26471 1.309 0.88799 16.0000 40.20 1.0453 1.0456 2.138846 
579.2042 13.222 143.147 -0.35326 0.26479 1.316 0.88768 16.0000 40.88 1.0462 1.0464 2.140595 
578.7302 13.232 143.137 -0.35349 0.26504 1.305 0.88751 16.0000 40.63 1.0458 1.0461 2.142349 
578.2561 13.241 143.129 -0.35358 0.26520 1.291 0.88723 16.0000 40.06 1.0465 1.0468 2.144105 
577.7819 13.242 143.117 -0.35347 0.26523 1.281 0.88696 16.0000 40.15 1.0470 1.0473 2.145865 
577.3076 13.247 143.097 -0.35342 0.26539 1.266 0.88668 16.0000 40.12 1.0485 1.0488 2.147628 
576.8332 13.261 143.066 -0.35351 0.26575 1.251 0.88622 16.0000 39.18 1.0497 1.0499 2.149394 
576.3586 13.264 143.060 -0.35349 0.26579 1.235 0.88597 16.0000 39.10 1.0499 1.0502 2.151164 
575.8840 13.277 143.048 -0.35370 0.26607 1.229 0.88561 16.0000 39.91 1.0503 1.0506 2.152937 
575.4093 13.289 143.041 -0.35388 0.26627 1.228 0.88525 16.0000 40.04 1.0505 1.0508 2.154713 
574.9344 13.300 143.018 -0.35397 0.26657 1.211 0.88491 16.0000 39.09 1.0509 1.0512 2.156493 
574.4595 13.309 143.003 -0.35401 0.26674 1.210 0.88445 16.0000 39.29 1.0507 1.0510 2.158276 
573.9844 13.316 142.989 -0.35401 0.26687 1.191 0.88408 16.0000 38.75 1.0510 1.0513 2.160062 
573.5092 13.323 142.974 -0.35403 0.26704 1.185 0.88375 16.0000 39.44 1.0511 1.0514 2.161852 
573.0339 13.331 142.960 -0.35407 0.26720 1.184 0.88341 16.0000 38.74 1.0512 1.0515 2.163645 
572.5586 13.338 142.946 -0.35411 0.26737 1.165 0.88312 16.0000 38.61 1.0511 1.0514 2.165441 
572.0831 13.347 142.934 -0.35417 0.26753 1.147 0.88276 16.0000 38.34 1.0513 1.0516 2.167241 
571.6075 13.357 142.916 -0.35423 0.26775 1.141 0.88231 16.0000 38.35 1.0516 1.0519 2.169044 
571.1318 13.369 142.911 -0.35439 0.26792 1.142 0.88189 16.0000 37.71 1.0518 1.0521 2.170851 
570.6559 13.381 142.902 -0.35461 0.26817 1.126 0.88161 16.0000 38.06 1.0518 1.0521 2.172661 
570.1801 13.392 142.894 -0.35480 0.26840 1.111 0.88130 16.0000 37.77 1.0516 1.0519 2.174474 
569.7040 13.398 142.889 -0.35485 0.26848 1.101 0.88102 16.0000 37.14 1.0518 1.0521 2.176291 
569.2278 13.412 142.886 -0.35513 0.26871 1.100 0.88074 16.0000 37.59 1.0521 1.0524 2.178112 
568.7516 13.421 142.875 -0.35523 0.26890 1.087 0.88038 16.0000 36.92 1.0523 1.0526 2.179936 
568.2753 13.431 142.866 -0.35534 0.26908 1.075 0.88006 16.0000 36.72 1.0524 1.0528 2.181763 
567.7988 13.439 142.853 -0.35545 0.26928 1.068 0.87978 16.0000 36.95 1.0527 1.0530 2.183594 
567.3222 13.446 142.844 -0.35551 0.26942 1.064 0.87952 16.0000 36.94 1.0531 1.0534 2.185428 
566.8455 13.456 142.833 -0.35563 0.26961 1.055 0.87919 16.0000 36.53 1.0532 1.0536 2.187266 
566.3687 13.466 142.824 -0.35577 0.26981 1.049 0.87891 16.0000 36.91 1.0533 1.0536 2.189107 
565.8918 13.475 142.822 -0.35591 0.26994 1.030 0.87860 16.0000 36.35 1.0533 1.0537 2.190952 
565.4149 13.486 142.815 -0.35612 0.27016 1.028 0.87831 16.0000 36.19 1.0533 1.0537 2.192800 
564.9377 13.494 142.813 -0.35619 0.27023 1.016 0.87797 16.0000 36.27 1.0534 1.0538 2.194653 
564.4605 13.500 142.806 -0.35626 0.27036 1.011 0.87770 16.0000 36.06 1.0535 1.0538 2.196508 
563.9832 13.505 142.802 -0.35626 0.27040 1.007 0.87739 16.0000 35.68 1.0535 1.0539 2.198367 
563.5057 13.513 142.793 -0.35632 0.27053 0.985 0.87708 16.0000 35.13 1.0534 1.0537 2.200230 
563.0282 13.520 142.781 -0.35641 0.27071 0.983 0.87686 16.0000 35.21 1.0534 1.0537 2.202096 
562.5505 13.530 142.773 -0.35651 0.27088 0.972 0.87650 16.0000 35.02 1.0534 1.0537 2.203966 
562.0728 13.537 142.768 -0.35652 0.27093 0.981 0.87605 16.0000 35.74 1.0534 1.0537 2.205839 
561.5948 13.545 142.760 -0.35662 0.27109 0.962 0.87573 16.0000 35.11 1.0533 1.0536 2.207716 
561.1169 13.554 142.750 -0.35672 0.27126 0.954 0.87541 16.0000 34.83 1.0532 1.0535 2.209597 
560.6388 13.563 142.742 -0.35681 0.27141 0.945 0.87512 16.0000 34.77 1.0532 1.0535 2.211481 
560.1606 13.570 142.732 -0.35688 0.27155 0.943 0.87481 16.0000 34.71 1.0532 1.0536 2.213369 
559.6823 13.576 142.723 -0.35690 0.27165 0.937 0.87451 16.0000 34.96 1.0533 1.0536 2.215260 
559.2039 13.584 142.714 -0.35695 0.27178 0.930 0.87417 16.0000 34.72 1.0531 1.0534 2.217155 
558.7253 13.591 142.704 -0.35698 0.27190 0.920 0.87379 16.0000 34.89 1.0530 1.0533 2.219055 
558.2467 13.600 142.706 -0.35712 0.27199 0.913 0.87345 16.0000 33.99 1.0529 1.0532 2.220957 
557.7679 13.610 142.698 -0.35728 0.27220 0.906 0.87320 16.0000 33.94 1.0529 1.0532 2.222864 
557.2891 13.621 142.692 -0.35746 0.27239 0.901 0.87293 16.0000 34.11 1.0528 1.0531 2.224773 
556.8102 13.628 142.687 -0.35753 0.27249 0.897 0.87261 16.0000 33.84 1.0527 1.0530 2.226687 
556.3311 13.638 142.684 -0.35770 0.27265 0.878 0.87234 16.0000 32.79 1.0529 1.0532 2.228604 
555.8519 13.647 142.685 -0.35783 0.27274 0.886 0.87192 16.0000 33.44 1.0528 1.0531 2.230525 
555.3726 13.655 142.675 -0.35791 0.27290 0.875 0.87162 16.0000 33.08 1.0528 1.0531 2.232451 
554.8932 13.665 142.666 -0.35801 0.27306 0.870 0.87123 16.0000 33.47 1.0528 1.0531 2.234379 
554.4137 13.672 142.656 -0.35804 0.27319 0.862 0.87089 16.0000 33.25 1.0528 1.0531 2.236312 
553.9341 13.682 142.652 -0.35819 0.27335 0.861 0.87062 16.0000 33.40 1.0528 1.0531 2.238248 
553.4543 13.691 142.646 -0.35835 0.27352 0.855 0.87038 16.0000 32.29 1.0528 1.0531 2.240188 
552.9745 13.698 142.635 -0.35839 0.27367 0.846 0.87010 16.0000 32.41 1.0528 1.0531 2.242132 
552.4946 13.705 142.633 -0.35848 0.27375 0.837 0.86983 16.0000 32.26 1.0530 1.0533 2.244080 
552.0145 13.713 142.632 -0.35862 0.27387 0.837 0.86957 16.0000 32.07 1.0532 1.0535 2.246031 
551.5344 13.721 142.628 -0.35877 0.27402 0.832 0.86937 16.0000 32.07 1.0532 1.0536 2.247986 
551.0541 13.729 142.624 -0.35889 0.27415 0.827 0.86908 16.0000 32.22 1.0533 1.0536 2.249946 
550.5737 13.737 142.620 -0.35894 0.27423 0.818 0.86868 16.0000 31.86 1.0536 1.0539 2.251909 
550.0933 13.745 142.619 -0.35910 0.27436 0.815 0.86847 16.0000 32.39 1.0538 1.0541 2.253876 
549.6127 13.752 142.612 -0.35917 0.27449 0.811 0.86823 16.0000 32.18 1.0542 1.0545 2.255847 
549.1320 13.758 142.606 -0.35920 0.27457 0.806 0.86790 16.0000 31.41 1.0545 1.0549 2.257821 
548.6511 13.765 142.603 -0.35933 0.27469 0.802 0.86777 16.0000 30.91 1.0549 1.0552 2.259800 
548.1702 13.772 142.596 -0.35943 0.27485 0.792 0.86754 16.0000 31.21 1.0552 1.0555 2.261783 
547.6891 13.781 142.589 -0.35954 0.27500 0.785 0.86726 16.0000 30.75 1.0554 1.0558 2.263770 
547.2080 13.789 142.587 -0.35969 0.27513 0.786 0.86705 16.0000 30.65 1.0558 1.0561 2.265760 
546.7267 13.797 142.581 -0.35980 0.27527 0.781 0.86678 16.0000 31.31 1.0561 1.0564 2.267755 
546.2454 13.806 142.570 -0.35985 0.27543 0.776 0.86638 16.0000 30.36 1.0563 1.0567 2.269752 
545.7639 13.815 142.562 -0.36001 0.27563 0.767 0.86619 16.0000 30.04 1.0567 1.0570 2.271755 
545.2823 13.822 142.559 -0.36013 0.27574 0.766 0.86599 16.0000 30.48 1.0569 1.0572 2.273762 
544.8007 13.829 142.551 -0.36019 0.27587 0.764 0.86572 16.0000 29.83 1.0574 1.0577 2.275771 
544.3188 13.836 142.541 -0.36025 0.27601 0.764 0.86542 16.0000 29.82 1.0578 1.0582 2.277786 
543.8369 13.843 142.540 -0.36035 0.27611 0.753 0.86517 16.0000 29.60 1.0584 1.0587 2.279805 
543.3549 13.852 142.532 -0.36045 0.27627 0.740 0.86489 16.0000 29.11 1.0589 1.0592 2.281827 
542.8728 13.857 142.531 -0.36050 0.27631 0.743 0.86461 16.0000 29.13 1.0594 1.0597 2.283853 
542.3905 13.863 142.531 -0.36060 0.27639 0.739 0.86443 16.0000 29.17 1.0597 1.0601 2.285884 
541.9082 13.871 142.522 -0.36067 0.27653 0.731 0.86416 16.0000 28.90 1.0600 1.0603 2.287919 
541.4257 13.878 142.509 -0.36078 0.27675 0.732 0.86401 16.0000 28.68 1.0603 1.0606 2.289958 
540.9431 13.888 142.490 -0.36087 0.27701 0.725 0.86374 16.0000 28.09 1.0609 1.0613 2.292001 
540.4604 13.895 142.478 -0.36092 0.27716 0.722 0.86349 16.0000 28.40 1.0614 1.0617 2.294048 
539.9777 13.904 142.462 -0.36102 0.27740 0.731 0.86320 16.0000 28.84 1.0618 1.0622 2.296098 
539.4948 13.912 142.450 -0.36113 0.27760 0.720 0.86305 16.0000 28.15 1.0623 1.0626 2.298154 
539.0118 13.921 142.436 -0.36125 0.27784 0.714 0.86284 16.0000 27.87 1.0629 1.0633 2.300213 
538.5286 13.927 142.429 -0.36135 0.27798 0.710 0.86270 16.0000 27.25 1.0636 1.0639 2.302277 
538.0454 13.935 142.422 -0.36145 0.27813 0.709 0.86246 16.0000 27.20 1.0641 1.0644 2.304344 
537.5621 13.943 142.410 -0.36157 0.27835 0.699 0.86229 16.0000 26.99 1.0646 1.0649 2.306416 
537.0786 13.952 142.398 -0.36173 0.27859 0.695 0.86222 16.0000 26.77 1.0649 1.0652 2.308492 
536.5950 13.959 142.387 -0.36181 0.27876 0.690 0.86199 16.0000 26.39 1.0655 1.0658 2.310573 
536.1114 13.966 142.381 -0.36197 0.27894 0.699 0.86191 16.0000 27.01 1.0658 1.0661 2.312657 
535.6276 13.976 142.374 -0.36216 0.27916 0.688 0.86175 16.0000 25.88 1.0661 1.0665 2.314746 
535.1437 13.982 142.368 -0.36228 0.27932 0.686 0.86163 16.0000 26.11 1.0667 1.0670 2.316839 
534.6597 13.989 142.360 -0.36238 0.27947 0.681 0.86146 16.0000 26.06 1.0669 1.0673 2.318936 
534.1756 13.998 142.348 -0.36252 0.27970 0.678 0.86129 16.0000 25.24 1.0673 1.0677 2.321038 
533.6913 14.005 142.332 -0.36262 0.27994 0.674 0.86120 16.0000 24.75 1.0677 1.0680 2.323144 
533.2070 14.015 142.316 -0.36273 0.28019 0.674 0.86095 16.0000 24.87 1.0682 1.0685 2.325254 
532.7226 14.025 142.315 -0.36296 0.28038 0.670 0.86078 16.0000 24.56 1.0687 1.0690 2.327369 
532.2380 14.033 142.303 -0.36312 0.28062 0.668 0.86069 16.0000 24.18 1.0690 1.0693 2.329488 
531.7534 14.043 142.295 -0.36329 0.28083 0.664 0.86047 16.0000 24.28 1.0695 1.0698 2.331611 
531.2686 14.052 142.289 -0.36350 0.28106 0.663 0.86036 16.0000 24.39 1.0699 1.0702 2.333738 
530.7837 14.064 142.276 -0.36370 0.28135 0.662 0.86015 16.0000 23.79 1.0703 1.0706 2.335870 
530.2987 14.075 142.260 -0.36385 0.28163 0.661 0.85995 16.0000 23.17 1.0705 1.0709 2.338007 
529.8136 14.085 142.248 -0.36407 0.28191 0.658 0.85981 16.0000 23.43 1.0710 1.0713 2.340147 
529.3284 14.095 142.237 -0.36429 0.28220 0.651 0.85974 16.0000 22.83 1.0711 1.0714 2.342292 
528.8430 14.103 142.228 -0.36445 0.28241 0.655 0.85967 16.0000 22.92 1.0713 1.0716 2.344442 
528.3576 14.115 142.220 -0.36475 0.28273 0.653 0.85958 16.0000 22.88 1.0715 1.0719 2.346596 
527.8720 14.126 142.205 -0.36499 0.28306 0.648 0.85953 16.0000 22.17 1.0717 1.0721 2.348755 
527.3864 14.136 142.197 -0.36520 0.28331 0.647 0.85938 16.0000 22.20 1.0717 1.0721 2.350917 
526.9006 14.149 142.183 -0.36546 0.28365 0.643 0.85925 16.0000 21.73 1.0719 1.0722 2.353085 
526.4147 14.160 142.179 -0.36573 0.28391 0.639 0.85914 16.0000 21.29 1.0719 1.0722 2.355257 
525.9287 14.172 142.167 -0.36596 0.28421 0.638 0.85898 16.0000 21.23 1.0722 1.0725 2.357433 
525.4426 14.185 142.157 -0.36624 0.28453 0.643 0.85885 16.0000 21.33 1.0723 1.0726 2.359614 
524.9564 14.196 142.139 -0.36645 0.28487 0.638 0.85871 16.0000 20.81 1.0723 1.0726 2.361800 
524.4700 14.208 142.129 -0.36668 0.28516 0.639 0.85851 16.0000 20.44 1.0722 1.0725 2.363990 
523.9836 14.223 142.113 -0.36696 0.28553 0.633 0.85830 16.0000 20.06 1.0722 1.0726 2.366185 
523.4971 14.237 142.102 -0.36724 0.28587 0.629 0.85808 16.0000 20.05 1.0724 1.0727 2.368384 
523.0104 14.250 142.090 -0.36750 0.28619 0.629 0.85784 16.0000 19.56 1.0723 1.0726 2.370588 
522.5236 14.263 142.087 -0.36781 0.28647 0.628 0.85768 16.0000 19.19 1.0722 1.0726 2.372796 
522.0367 14.278 142.080 -0.36819 0.28683 0.626 0.85757 16.0000 19.02 1.0722 1.0726 2.375009 
521.5497 14.290 142.080 -0.36847 0.28706 0.620 0.85741 16.0000 18.88 1.0724 1.0727 2.377227 
521.0626 14.300 142.077 -0.36870 0.28726 0.620 0.85723 16.0000 18.59 1.0725 1.0728 2.379449 
520.5754 14.315 142.069 -0.36899 0.28757 0.624 0.85699 16.0000 18.73 1.0724 1.0727 2.381676 
520.0881 14.331 142.057 -0.36934 0.28796 0.623 0.85678 16.0000 18.52 1.0726 1.0729 2.383908 
519.6006 14.346 142.050 -0.36964 0.28828 0.615 0.85648 16.0000 18.22 1.0726 1.0730 2.386144 
519.1131 14.360 142.049 -0.36994 0.28852 0.616 0.85624 16.0000 18.06 1.0727 1.0730 2.388385 
518.6254 14.377 142.052 -0.37040 0.28884 0.616 0.85606 16.0000 17.53 1.0725 1.0728 2.390631 
518.1377 14.391 142.048 -0.37077 0.28917 0.618 0.85592 16.0000 17.52 1.0721 1.0724 2.392881 
517.6498 14.405 142.037 -0.37109 0.28954 0.611 0.85581 16.0000 17.03 1.0721 1.0724 2.395137 
517.1618 14.415 142.037 -0.37133 0.28973 0.611 0.85567 16.0000 16.88 1.0718 1.0722 2.397397 
516.6737 14.428 142.036 -0.37175 0.29006 0.606 0.85571 16.0000 16.64 1.0719 1.0723 2.399661 
516.1855 14.442 142.027 -0.37208 0.29041 0.610 0.85561 16.0000 16.27 1.0718 1.0721 2.401931 
515.6971 14.455 142.021 -0.37244 0.29076 0.606 0.85556 16.0000 16.30 1.0718 1.0721 2.404206 
515.2087 14.469 142.020 -0.37276 0.29102 0.605 0.85536 16.0000 16.30 1.0718 1.0722 2.406485 
514.7202 14.484 142.019 -0.37319 0.29137 0.601 0.85527 16.0000 16.08 1.0720 1.0723 2.408769 
514.2314 14.499 142.020 -0.37362 0.29169 0.599 0.85521 16.0000 15.83 1.0720 1.0724 2.411058 
513.7427 14.510 142.013 -0.37388 0.29197 0.606 0.85509 16.0000 16.01 1.0720 1.0724 2.413352 
513.2538 14.528 142.005 -0.37430 0.29239 0.603 0.85488 16.0000 15.54 1.0721 1.0725 2.415651 
512.7648 14.542 142.002 -0.37464 0.29268 0.604 0.85470 16.0000 15.41 1.0719 1.0723 2.417955 
512.2757 14.554 141.999 -0.37490 0.29291 0.604 0.85450 16.0000 15.34 1.0719 1.0723 2.420263 
511.7864 14.572 141.986 -0.37526 0.29333 0.602 0.85418 16.0000 15.35 1.0720 1.0724 2.422577 
511.2971 14.589 141.978 -0.37556 0.29366 0.599 0.85382 16.0000 15.26 1.0721 1.0725 2.424895 
510.8076 14.603 141.968 -0.37590 0.29402 0.594 0.85368 16.0000 14.88 1.0721 1.0725 2.427219 
510.3181 14.615 141.961 -0.37621 0.29434 0.600 0.85362 16.0000 14.66 1.0720 1.0724 2.429547 
509.8284 14.625 141.940 -0.37627 0.29461 0.601 0.85334 16.0000 14.43 1.0716 1.0720 2.431881 
509.3386 14.635 141.935 -0.37651 0.29485 0.592 0.85321 16.0000 14.29 1.0711 1.0715 2.434219 
508.8488 14.650 141.920 -0.37677 0.29521 0.587 0.85296 16.0000 14.03 1.0711 1.0715 2.436563 
508.3587 14.665 141.907 -0.37703 0.29556 0.588 0.85263 16.0000 14.17 1.0709 1.0713 2.438912 
507.8686 14.679 141.897 -0.37730 0.29587 0.594 0.85236 16.0000 14.11 1.0708 1.0712 2.441265 
507.3784 14.694 141.878 -0.37753 0.29625 0.599 0.85212 16.0000 14.05 1.0706 1.0710 2.443624 
506.8880 14.703 141.861 -0.37752 0.29643 0.590 0.85166 16.0000 13.45 1.0702 1.0706 2.445988 
506.3976 14.716 141.847 -0.37774 0.29676 0.588 0.85141 16.0000 13.29 1.0699 1.0703 2.448357 
505.9070 14.723 141.831 -0.37784 0.29700 0.583 0.85128 16.0000 13.00 1.0695 1.0699 2.450731 
505.4163 14.740 141.823 -0.37812 0.29731 0.587 0.85083 16.0000 12.97 1.0695 1.0699 2.453110 
504.9255 14.755 141.812 -0.37841 0.29766 0.582 0.85059 16.0000 12.85 1.0695 1.0699 2.455495 
504.4346 14.772 141.797 -0.37871 0.29805 0.589 0.85031 16.0000 12.96 1.0692 1.0696 2.457884 
503.9436 14.782 141.791 -0.37891 0.29827 0.590 0.85013 16.0000 12.82 1.0686 1.0690 2.460279 
503.4525 14.790 141.775 -0.37896 0.29849 0.584 0.84987 16.0000 12.65 1.0681 1.0685 2.462679 
502.9612 14.802 141.758 -0.37912 0.29879 0.582 0.84958 16.0000 12.45 1.0679 1.0683 2.465085 
502.4698 14.815 141.736 -0.37927 0.29914 0.585 0.84925 16.0000 12.58 1.0676 1.0680 2.467495 
501.9784 14.827 141.713 -0.37932 0.29943 0.590 0.84882 16.0000 12.61 1.0676 1.0680 2.469911 
501.4868 14.838 141.703 -0.37950 0.29967 0.594 0.84859 16.0000 12.69 1.0676 1.0680 2.472332 
500.9951 14.849 141.692 -0.37964 0.29991 0.587 0.84827 16.0000 12.30 1.0674 1.0678 2.474759 
500.5033 14.861 141.677 -0.37982 0.30021 0.574 0.84805 16.0000 11.72 1.0672 1.0676 2.477190 
500.0114 14.874 141.665 -0.38003 0.30050 0.577 0.84776 16.0000 11.79 1.0671 1.0675 2.479627 
499.5193 14.886 141.647 -0.38022 0.30086 0.586 0.84757 16.0000 12.08 1.0669 1.0674 2.482070 
499.0272 14.898 141.631 -0.38040 0.30116 0.584 0.84731 16.0000 11.69 1.0666 1.0671 2.484518 
498.5349 14.908 141.614 -0.38052 0.30145 0.575 0.84710 16.0000 11.26 1.0663 1.0668 2.486971 
498.0426 14.919 141.598 -0.38065 0.30172 0.572 0.84682 16.0000 10.99 1.0663 1.0667 2.489429 
497.5501 14.931 141.575 -0.38076 0.30206 0.569 0.84650 16.0000 10.69 1.0659 1.0663 2.491894 
497.0575 14.946 141.557 -0.38097 0.30242 0.575 0.84618 16.0000 10.84 1.0657 1.0661 2.494363 
496.5648 14.962 141.538 -0.38118 0.30280 0.569 0.84580 16.0000 10.45 1.0660 1.0664 2.496838 
496.0720 14.974 141.516 -0.38131 0.30313 0.573 0.84551 16.0000 10.32 1.0657 1.0661 2.499318 
495.5790 14.985 141.496 -0.38140 0.30343 0.573 0.84521 16.0000 10.03 1.0655 1.0659 2.501805 
495.0860 14.998 141.465 -0.38152 0.30385 0.564 0.84492 16.0000 9.57 1.0655 1.0659 2.504296 
494.5928 15.010 141.433 -0.38153 0.30421 0.573 0.84452 16.0000 10.02 1.0646 1.0651 2.506793 
494.0995 15.025 141.402 -0.38165 0.30465 0.576 0.84414 16.0000 9.90 1.0645 1.0650 2.509296 
493.6062 15.036 141.374 -0.38171 0.30500 0.571 0.84379 16.0000 9.78 1.0642 1.0647 2.511804 
493.1127 15.049 141.352 -0.38179 0.30530 0.565 0.84336 16.0000 9.53 1.0640 1.0644 2.514318 
492.6190 15.063 141.331 -0.38201 0.30570 0.570 0.84312 16.0000 9.62 1.0637 1.0641 2.516837 
492.1253 15.079 141.300 -0.38216 0.30617 0.578 0.84277 16.0000 10.10 1.0635 1.0639 2.519362 
491.6315 15.092 141.270 -0.38222 0.30655 0.568 0.84236 16.0000 9.83 1.0634 1.0638 2.521893 
491.1375 15.105 141.246 -0.38237 0.30693 0.554 0.84214 16.0000 9.70 1.0629 1.0634 2.524429 
490.6435 15.120 141.213 -0.38252 0.30741 0.549 0.84185 16.0000 9.51 1.0626 1.0630 2.526971 
490.1493 15.132 141.193 -0.38265 0.30774 0.555 0.84151 16.0000 9.41 1.0620 1.0625 2.529519 
489.6550 15.145 141.165 -0.38276 0.30813 0.549 0.84123 16.0000 9.58 1.0617 1.0621 2.532072 
489.1606 15.160 141.138 -0.38292 0.30856 0.554 0.84092 16.0000 9.57 1.0613 1.0617 2.534631 
488.6661 15.174 141.105 -0.38301 0.30899 0.547 0.84050 16.0000 9.23 1.0612 1.0616 2.537196 
488.1714 15.195 141.072 -0.38327 0.30956 0.540 0.84008 16.0000 9.16 1.0612 1.0616 2.539768 
487.6767 15.209 141.044 -0.38341 0.31000 0.551 0.83980 16.0000 9.22 1.0608 1.0612 2.542344 
487.1818 15.227 141.017 -0.38359 0.31044 0.536 0.83929 16.0000 9.09 1.0606 1.0611 2.544927 
486.6869 15.243 140.987 -0.38373 0.31088 0.531 0.83890 16.0000 8.99 1.0605 1.0609 2.547514 
486.1918 15.259 140.966 -0.38393 0.31129 0.521 0.83848 16.0000 8.65 1.0603 1.0607 2.550109 
485.6966 15.272 140.937 -0.38398 0.31164 0.527 0.83805 16.0000 8.76 1.0599 1.0604 2.552709 
485.2013 15.292 140.905 -0.38418 0.31216 0.534 0.83757 16.0000 9.04 1.0598 1.0603 2.555314 
484.7058 15.306 140.878 -0.38424 0.31251 0.533 0.83705 16.0000 9.12 1.0594 1.0599 2.557927 
484.2103 15.321 140.854 -0.38440 0.31291 0.521 0.83672 16.0000 8.85 1.0591 1.0596 2.560544 
483.7146 15.340 140.823 -0.38460 0.31342 0.526 0.83624 16.0000 9.34 1.0592 1.0597 2.563168 
483.2189 15.357 140.797 -0.38481 0.31388 0.527 0.83586 16.0000 9.88 1.0593 1.0597 2.565798 
482.7230 15.375 140.775 -0.38505 0.31432 0.521 0.83548 16.0000 10.24 1.0591 1.0596 2.568433 
482.2270 15.389 140.748 -0.38516 0.31471 0.528 0.83512 16.0000 10.86 1.0588 1.0593 2.571075 
481.7309 15.404 140.715 -0.38529 0.31519 0.522 0.83478 16.0000 11.21 1.0586 1.0591 2.573723 
481.2346 15.417 140.687 -0.38539 0.31559 0.524 0.83450 16.0000 11.91 1.0582 1.0587 2.576377 
480.7383 15.433 140.659 -0.38558 0.31605 0.509 0.83416 16.0000 11.75 1.0580 1.0585 2.579037 
480.2419 15.451 140.632 -0.38583 0.31656 0.504 0.83380 16.0000 12.13 1.0578 1.0583 2.581703 
479.7453 15.468 140.608 -0.38602 0.31699 0.500 0.83341 16.0000 12.48 1.0579 1.0584 2.584375 
479.2486 15.482 140.591 -0.38617 0.31731 0.494 0.83304 16.0000 12.64 1.0575 1.0580 2.587054 
478.7518 15.494 140.573 -0.38637 0.31767 0.486 0.83284 16.0000 12.73 1.0570 1.0575 2.589738 
478.2549 15.510 140.546 -0.38656 0.31813 0.487 0.83254 16.0000 12.99 1.0564 1.0570 2.592429 
477.7579 15.523 140.519 -0.38669 0.31855 0.489 0.83231 16.0000 13.62 1.0562 1.0567 2.595126 
477.2608 15.536 140.494 -0.38680 0.31892 0.484 0.83200 16.0000 13.34 1.0560 1.0565 2.597829 
476.7635 15.550 140.478 -0.38697 0.31924 0.485 0.83160 16.0000 13.78 1.0557 1.0562 2.600539 
476.2662 15.567 140.457 -0.38723 0.31970 0.486 0.83129 16.0000 14.31 1.0556 1.0561 2.603254 
475.7687 15.585 140.434 -0.38742 0.32011 0.487 0.83082 16.0000 14.73 1.0554 1.0559 2.605976 
475.2711 15.601 140.417 -0.38760 0.32046 0.496 0.83038 16.0000 15.64 1.0552 1.0557 2.608705 
474.7734 15.615 140.393 -0.38769 0.32080 0.494 0.82993 16.0000 16.22 1.0551 1.0556 2.611439 
474.2756 15.631 140.369 -0.38785 0.32121 0.493 0.82951 16.0000 16.99 1.0550 1.0555 2.614180 
473.7776 15.641 140.344 -0.38781 0.32146 0.497 0.82905 16.0000 18.20 1.0547 1.0552 2.616928 
473.2796 15.652 140.316 -0.38775 0.32173 0.487 0.82857 16.0000 18.94 1.0543 1.0549 2.619682 
472.7814 15.666 140.292 -0.38782 0.32207 0.483 0.82807 16.0000 19.25 1.0541 1.0546 2.622442 
472.2831 15.674 140.271 -0.38771 0.32222 0.480 0.82756 16.0000 20.41 1.0539 1.0544 2.625209 
471.7848 15.684 140.256 -0.38769 0.32237 0.477 0.82707 16.0000 21.61 1.0540 1.0545 2.627982 
471.2863 15.703 140.233 -0.38787 0.32278 0.472 0.82648 16.0000 22.18 1.0539 1.0545 2.630762 
470.7876 15.713 140.215 -0.38783 0.32295 0.465 0.82595 16.0000 22.62 1.0536 1.0541 2.633548 
470.2889 15.725 140.201 -0.38791 0.32319 0.461 0.82555 16.0000 23.07 1.0535 1.0540 2.636341 
469.7900 15.737 140.189 -0.38792 0.32334 0.457 0.82492 16.0000 23.21 1.0535 1.0540 2.639141 
469.2911 15.750 140.178 -0.38794 0.32347 0.453 0.82427 16.0000 23.55 1.0533 1.0538 2.641946 
468.7920 15.768 140.175 -0.38818 0.32371 0.452 0.82360 16.0000 23.73 1.0538 1.0543 2.644759 
468.2928 15.788 140.166 -0.38836 0.32396 0.453 0.82286 16.0000 24.24 1.0543 1.0548 2.647578 
467.7935 15.801 140.160 -0.38841 0.32407 0.454 0.82219 16.0000 24.85 1.0543 1.0549 2.650404 
467.2941 15.817 140.156 -0.38853 0.32422 0.457 0.82144 16.0000 25.23 1.0545 1.0551 2.653237 
466.7945 15.835 140.158 -0.38870 0.32434 0.463 0.82064 16.0000 26.39 1.0550 1.0555 2.656077 
466.2949 15.851 140.162 -0.38885 0.32442 0.465 0.81992 16.0000 28.01 1.0551 1.0557 2.658922 
465.7951 15.867 140.163 -0.38906 0.32458 0.471 0.81929 16.0000 29.58 1.0557 1.0562 2.661775 
465.2952 15.879 140.171 -0.38915 0.32456 0.472 0.81864 16.0000 31.09 1.0557 1.0563 2.664635 
464.7952 15.898 140.185 -0.38947 0.32467 0.473 0.81792 16.0000 33.70 1.0564 1.0569 2.667502 
464.2951 15.910 140.194 -0.38958 0.32465 0.470 0.81726 16.0000 36.38 1.0566 1.0571 2.670375 
463.7949 15.921 140.195 -0.38952 0.32460 0.467 0.81642 16.0000 38.69 1.0566 1.0572 2.673255 
463.2946 15.928 140.201 -0.38939 0.32442 0.462 0.81568 16.0000 40.31 1.0569 1.0574 2.676142 
462.7941 15.941 140.200 -0.38932 0.32437 0.457 0.81467 16.0000 42.47 1.0576 1.0582 2.679036 
462.2935 15.955 140.198 -0.38934 0.32441 0.452 0.81386 16.0000 44.70 1.0580 1.0586 2.681937 
461.7928 15.965 140.201 -0.38926 0.32431 0.446 0.81306 16.0000 46.23 1.0584 1.0590 2.684845 
461.2921 15.979 140.215 -0.38941 0.32428 0.442 0.81230 16.0000 47.52 1.0592 1.0597 2.687759 
460.7911 15.995 140.221 -0.38953 0.32430 0.438 0.81145 16.0000 47.47 1.0597 1.0602 2.690681 
460.2901 16.012 140.219 -0.38966 0.32443 0.434 0.81068 16.0000 47.62 1.0601 1.0606 2.693610 
459.7889 16.029 140.221 -0.38984 0.32456 0.431 0.80998 16.0000 47.20 1.0605 1.0611 2.696546 
459.2877 16.043 140.230 -0.38998 0.32457 0.432 0.80925 16.0000 47.60 1.0614 1.0619 2.699489 
458.7863 16.061 140.233 -0.39016 0.32469 0.433 0.80845 16.0000 48.19 1.0622 1.0628 2.702439 
458.2848 16.077 140.237 -0.39025 0.32471 0.433 0.80759 16.0000 48.98 1.0625 1.0630 2.705396 
457.7832 16.089 140.243 -0.39019 0.32460 0.436 0.80670 16.0000 49.78 1.0624 1.0630 2.708360 
457.2815 16.103 140.245 -0.39014 0.32453 0.436 0.80568 16.0000 50.80 1.0628 1.0633 2.711332 
456.7796 16.120 140.261 -0.39037 0.32454 0.434 0.80487 16.0000 50.89 1.0638 1.0644 2.714311 
456.2777 16.142 140.277 -0.39075 0.32468 0.433 0.80413 16.0000 52.48 1.0651 1.0657 2.717297 
455.7756 16.158 140.287 -0.39085 0.32464 0.428 0.80320 16.0000 52.18 1.0660 1.0666 2.720290 
455.2734 16.182 140.304 -0.39103 0.32460 0.421 0.80190 16.0000 51.77 1.0662 1.0668 2.723291 
454.7711 16.205 140.315 -0.39131 0.32471 0.414 0.80095 16.0000 51.18 1.0675 1.0680 2.726299 
454.2687 16.229 140.326 -0.39163 0.32484 0.407 0.79996 16.0000 49.55 1.0688 1.0694 2.729314 
453.7662 16.252 140.327 -0.39199 0.32512 0.400 0.79927 16.0000 47.46 1.0697 1.0702 2.732336 
453.2635 16.276 140.328 -0.39220 0.32529 0.393 0.79824 16.0000 45.33 1.0698 1.0703 2.735367 
452.7608 16.300 140.327 -0.39255 0.32558 0.387 0.79749 16.0000 42.47 1.0704 1.0710 2.738404 
452.2579 16.324 140.326 -0.39286 0.32585 0.382 0.79662 16.0000 39.30 1.0708 1.0714 2.741449 
451.7549 16.349 140.325 -0.39319 0.32615 0.381 0.79581 16.0000 37.30 1.0713 1.0719 2.744501 
451.2518 16.374 140.322 -0.39352 0.32645 0.380 0.79496 16.0000 34.34 1.0716 1.0722 2.747561 
450.7485 16.400 140.319 -0.39396 0.32685 0.378 0.79430 16.0000 31.91 1.0724 1.0729 2.750629 
450.2452 16.426 140.315 -0.39426 0.32715 0.381 0.79336 16.0000 29.70 1.0724 1.0730 2.753704 
449.7417 16.453 140.310 -0.39463 0.32751 0.380 0.79252 16.0000 27.25 1.0727 1.0733 2.756787 
449.2382 16.480 140.304 -0.39504 0.32792 0.380 0.79178 16.0000 26.19 1.0731 1.0737 2.759876 
448.7345 16.508 140.298 -0.39542 0.32830 0.380 0.79092 16.0000 24.84 1.0733 1.0739 2.762974 
448.2307 16.536 140.291 -0.39584 0.32874 0.377 0.79014 16.0000 23.34 1.0736 1.0742 2.766080 
447.7267 16.565 140.283 -0.39635 0.32925 0.374 0.78952 16.0000 22.25 1.0742 1.0748 2.769193 
447.2227 16.594 140.275 -0.39681 0.32974 0.369 0.78879 16.0000 20.93 1.0745 1.0751 2.772314 
446.7186 16.624 140.266 -0.39717 0.33014 0.362 0.78781 16.0000 18.69 1.0742 1.0748 2.775443 
446.2143 16.654 140.256 -0.39768 0.33068 0.355 0.78713 16.0000 17.29 1.0746 1.0752 2.778580 
445.7099 16.685 140.245 -0.39819 0.33122 0.351 0.78642 16.0000 15.78 1.0749 1.0755 2.781724 
445.2054 16.716 140.234 -0.39870 0.33179 0.348 0.78571 16.0000 14.15 1.0751 1.0757 2.784876 
444.7008 16.747 140.222 -0.39922 0.33236 0.348 0.78497 16.0000 13.05 1.0752 1.0759 2.788036 
444.1960 16.779 140.209 -0.39974 0.33295 0.344 0.78424 16.0000 11.51 1.0753 1.0760 2.791204 
443.6912 16.812 140.195 -0.40026 0.33354 0.346 0.78348 16.0000 10.43 1.0753 1.0760 2.794380 
443.1862 16.845 140.181 -0.40081 0.33417 0.346 0.78275 16.0000 9.37 1.0754 1.0761 2.797564 
442.6812 16.879 140.166 -0.40143 0.33486 0.347 0.78215 16.0000 8.65 1.0757 1.0764 2.800756 
442.1759 16.913 140.151 -0.40199 0.33551 0.349 0.78140 16.0000 7.92 1.0756 1.0763 2.803956 
441.6706 16.947 140.135 -0.40254 0.33616 0.350 0.78062 16.0000 7.32 1.0755 1.0762 2.807164 
441.1652 16.982 140.118 -0.40316 0.33689 0.351 0.77995 16.0000 6.72 1.0755 1.0762 2.810380 
440.6596 17.018 140.100 -0.40378 0.33761 0.348 0.77925 16.0000 6.37 1.0755 1.0762 2.813605 
440.1540 17.054 140.082 -0.40434 0.33830 0.348 0.77841 16.0000 5.90 1.0751 1.0758 2.816837 
439.6482 17.054 140.082 -0.40434 0.33830 0.348 0.77841 16.0000 5.53 1.0751 1.0758 2.820077 

# MINIMA:
439.6482 0.439 2.023 -57.29243 -10.70657 -2636.621 -83.75800 16.0000 5.21 0.5197 0.5688 1.240099 

# MAXIMA:
999.7925 87.345 358.320 21.55228 27.60046 211.797 67.35755 16.0000 59.52 2.71942705678070579E18 1.22969644333258506E19 2.820077 

# PEAKS:

# END SPECTRUM

