## SPECTRUM TYPE:
LCE

## DATE:
24/09/2026

## COMMENTS:

## NUMBER OF SPECTRUM:
1

## ELLIPSOMETRIC CONFIGURATION:
0.00 ø :Modulator
+45.00 øAnalyser

## UNIT:
nm


# SPECTRUM:
1

# CAPTION:


# START TIME:
10:30:13

# END TIME:
10:30:13

# THETA ANGLE:
0.00 ø

# INCIDENCE ANGLE:
69.95 ø

# ACCUMULATION NUMBER:
14

# ELLIPSOMETRIC CONFIGURATION:
0.00 ø :Modulator
+45.00 øAnalyser

# INTEGRATION TIME:
16 ms

# FIRST POINT:
999.79 nm

# LAST POINT:
439.65 nm

# INCREMENT:
0.00 nm

# NUMBER OF POINTS:
1273

# DATA:
nm Psi Delta Ic Is Reflectance IcPrim IntegrationTime IntensityMax Polarization PolarizationGen eV 
999.7925 1.668 200.538 -3.67761 -1.37778 0.000 67.35753 16.0000 5.25 2.72211893612340838E18 1.87839422997158953E19 1.240099 
999.4089 1.668 200.538 -3.67761 -1.37778 0.532 67.35753 16.0000 5.23 2.53177368214608282E18 1.74704679081979412E19 1.240575 
999.0253 1.668 200.538 -3.67761 -1.37778 0.416 67.35753 16.0000 5.38 2.4135011404915671E18 1.66543290142021386E19 1.241052 
998.6415 1.668 200.538 -3.67761 -1.37778 0.577 67.35753 16.0000 5.41 2.27859642388263731E18 1.57234219969874493E19 1.241529 
998.2578 1.668 200.538 -3.67761 -1.37778 0.155 67.35753 16.0000 5.45 2.1252116655898624E18 1.4664991422160044E19 1.242006 
997.8739 1.668 200.538 -3.67761 -1.37778 0.448 67.35753 16.0000 5.49 1.95149858656695091E18 1.346628845239586E19 1.242484 
997.4900 1.668 200.538 -3.67761 -1.37778 0.003 67.35753 16.0000 5.46 1.75560959496237875E18 1.21145587528126956E19 1.242962 
997.1060 1.668 200.538 -3.67761 -1.37778 0.006 67.35753 16.0000 5.55 1.53569627429090099E18 1.05970501875516047E19 1.243440 
996.7219 1.668 200.538 -3.67761 -1.37778 -2.847 67.35753 16.0000 5.61 1.28991089526204006E18 8.90101281977689702E18 1.243920 
996.3377 1.668 200.538 -3.67761 -1.37778 -0.371 67.35753 16.0000 5.63 1.01640552242688819E18 7.01369176485055693E18 1.244399 
995.9535 1.668 200.538 -3.67761 -1.37778 -0.038 67.35753 16.0000 5.61 717027953795399680.0000 4.94784080789897216E18 1.244879 
995.5692 1.668 200.538 -3.67761 -1.37778 0.779 67.35753 16.0000 5.76 393626124816482304.0000 2.71621126014736794E18 1.245360 
995.1848 1.668 200.538 -3.67761 -1.37778 -0.502 67.35753 16.0000 5.90 51744279923523584.0000 357060663043948544.0000 1.245841 
994.8003 1.668 200.538 -3.67761 -1.37778 0.017 67.35754 16.0000 5.88 295681629014196224.0000 2.04034668523369267E18 1.246322 
994.4158 1.668 200.538 -3.67761 -1.37778 0.008 67.35753 16.0000 5.78 630171414283943936.0000 4.34848877326106624E18 1.246804 
994.0311 33.117 143.037 -3.15533 2.37452 0.010 1.73895 16.0000 5.90 1.0903 2.1112 1.247287 
993.6464 34.378 143.271 -69.78410 52.07023 0.344 33.84888 16.0000 5.88 0.9224 1.7749 1.247770 
993.2617 47.944 321.240 0.87946 -0.70610 0.764 -0.11632 16.0000 5.94 0.6544 1.1814 1.248253 
992.8768 10.248 145.924 -0.09094 0.06151 -0.113 0.29372 16.0000 5.99 0.5440 0.6346 1.248737 
992.4919 14.040 131.800 -0.19371 0.21666 0.036 0.54477 16.0000 5.91 1.1787 1.5234 1.249221 
992.1069 4.872 11.166 0.06588 0.01300 -5.798 0.39107 16.0000 6.03 0.5542 0.7144 1.249706 
991.7218 4.149 40.047 0.05540 0.04656 -0.434 0.49615 16.0000 6.07 0.5947 0.7253 1.250191 
991.3367 6.647 60.790 0.05411 0.09677 0.182 0.46920 16.0000 6.27 0.6169 0.6889 1.250677 
990.9514 8.643 105.860 -0.05699 0.20058 0.893 0.67005 16.0000 6.24 0.8568 0.8839 1.251163 
990.5661 4.100 118.052 -0.05573 0.10459 8.696 0.82231 16.0000 6.24 0.8357 0.8657 1.251650 
990.1807 3.583 71.193 0.03738 0.10975 -14.661 0.92222 16.0000 6.31 0.7574 0.8080 1.252137 
989.7953 2.007 55.029 0.03623 0.05180 -0.301 0.90064 16.0000 6.31 0.7432 0.8016 1.252625 
989.4097 2.980 132.673 -0.06570 0.07127 -1.484 0.92848 16.0000 6.42 0.7336 0.8100 1.253113 
989.0241 5.091 153.771 -0.14685 0.07235 0.732 0.91144 16.0000 6.36 0.7445 0.8385 1.253601 
988.6384 7.951 165.922 -0.25200 0.06320 1.248 0.91193 16.0000 6.35 0.7551 0.8352 1.254090 
988.2526 7.349 149.904 -0.20698 0.11997 20.662 0.91200 16.0000 6.58 0.7388 0.8205 1.254580 
987.8668 7.842 146.701 -0.21857 0.14357 0.740 0.93127 16.0000 6.53 0.7474 0.8311 1.255070 
987.4809 7.495 149.264 -0.20387 0.12122 -2974.237 0.88586 16.0000 6.54 0.6867 0.7366 1.255560 
987.0949 7.031 144.909 -0.20595 0.14470 0.927 1.00487 16.0000 6.59 0.6837 0.6993 1.256051 
986.7088 4.169 146.880 -0.14286 0.09320 0.735 1.16382 16.0000 6.67 0.7831 0.7921 1.256543 
986.3226 3.067 184.278 -0.11504 -0.00861 -1.669 1.07329 16.0000 6.67 0.8318 0.8393 1.257035 
985.9364 4.343 144.366 -0.10975 0.07867 -5.460 0.88395 16.0000 6.70 0.8540 0.8682 1.257527 
985.5501 5.784 124.883 -0.09258 0.13279 59.335 0.79088 16.0000 6.71 0.9173 0.9554 1.258020 
985.1638 7.627 121.315 -0.11032 0.18134 -1.526 0.77834 16.0000 6.74 1.0220 1.0720 1.258513 
984.7773 9.202 120.441 -0.12777 0.21743 0.836 0.75796 16.0000 6.88 1.0695 1.1110 1.259007 
984.3907 11.432 117.126 -0.13109 0.25588 -0.564 0.68177 16.0000 6.94 0.9550 0.9865 1.259502 
984.0041 8.909 104.597 -0.05989 0.22995 -0.357 0.73931 16.0000 6.96 0.8823 0.9118 1.259997 
983.6174 5.503 98.346 -0.02146 0.14627 0.381 0.76014 16.0000 7.13 0.7113 0.7470 1.260492 
983.2307 4.979 92.840 -0.00898 0.18107 0.433 1.03252 16.0000 7.19 0.7092 0.7411 1.260988 
982.8438 5.708 214.651 -0.20961 -0.14487 0.354 1.26178 16.0000 7.21 0.8413 0.8664 1.261484 
982.4569 7.438 18.996 0.27171 0.09354 0.381 1.08183 16.0000 7.17 0.8033 0.8887 1.261981 
982.0699 8.614 65.480 0.10818 0.23715 -2.180 0.84059 16.0000 7.26 0.7180 0.7878 1.262478 
981.6828 10.282 106.829 -0.07919 0.26182 -0.008 0.72913 16.0000 7.33 0.6992 0.7372 1.262976 
981.2957 12.272 124.460 -0.21613 0.31495 -0.005 0.83648 16.0000 7.37 0.7252 0.7785 1.263474 
980.9084 14.406 135.489 -0.27586 0.27119 0.003 0.70329 16.0000 7.47 0.7982 0.9548 1.263973 
980.5211 28.525 149.455 -0.43671 0.25770 0.005 0.32866 16.0000 7.36 0.5850 0.7466 1.264472 
980.1337 36.957 134.286 -0.53481 0.54831 -0.001 0.22088 16.0000 7.54 0.5754 0.8860 1.264972 
979.7463 36.010 146.875 -0.80482 0.52514 -0.001 0.31187 16.0000 7.41 0.6412 1.1518 1.265472 
979.3587 67.875 157.152 -3.15735 1.33037 4.757 -3.51698 16.0000 7.54 0.7386 1.0807 1.265973 
978.9711 81.705 106.711 -0.23643 0.78752 4.069 -2.76006 16.0000 7.66 0.7539 1.3072 1.266474 
978.5834 79.042 104.540 -0.09722 0.37483 0.687 -0.96245 16.0000 7.59 0.7065 1.3599 1.266976 
978.1956 58.732 96.417 -0.02667 0.23717 5.302 -0.12405 16.0000 7.60 0.6551 1.3225 1.267478 
977.8077 17.130 116.950 -0.08450 0.16620 -2.010 0.27372 16.0000 7.80 0.6731 1.2230 1.267981 
977.4199 6.929 139.913 -0.12216 0.10282 2.023 0.64729 16.0000 7.78 0.8220 1.1396 1.268484 
977.0319 8.969 167.338 -0.22536 0.05063 1.712 0.71351 16.0000 7.87 0.8829 1.1364 1.268988 
976.6437 10.135 175.609 -0.29351 0.02254 0.865 0.79712 16.0000 7.87 0.9411 1.2912 1.269493 
976.2556 9.878 189.061 -0.34048 -0.05430 -6.296 0.95999 16.0000 7.89 1.2479 1.4833 1.269997 
975.8674 4.667 162.053 -0.16183 0.05241 0.755 1.03489 16.0000 8.00 1.3404 1.4634 1.270502 
975.4790 8.554 169.792 -0.28589 0.05148 0.527 0.94376 16.0000 8.11 1.3685 1.5034 1.271008 
975.0906 5.128 157.533 -0.15647 0.06471 -1.099 0.93589 16.0000 8.07 1.3998 1.4883 1.271515 
974.7021 5.685 150.194 -0.15360 0.08799 -6.533 0.88026 16.0000 8.19 1.3356 1.4590 1.272021 
974.3136 5.849 145.664 -0.14221 0.09714 0.757 0.83173 16.0000 8.15 1.1428 1.2334 1.272529 
973.9250 5.057 145.206 -0.12294 0.08543 0.018 0.83927 16.0000 8.21 0.9234 0.9904 1.273036 
973.5363 6.707 119.613 -0.10480 0.18439 0.034 0.88924 16.0000 8.30 0.7751 0.8254 1.273545 
973.1475 4.724 179.990 -0.12582 0.00002 -3.485 0.75604 16.0000 8.25 0.5770 0.6097 1.274053 
972.7586 2.599 73.762 0.02017 0.06924 -1.855 0.79277 16.0000 8.39 0.5942 0.6648 1.274563 
972.3697 2.007 181.988 -0.02818 -0.00098 -0.648 0.40194 16.0000 8.41 0.5464 0.5714 1.275073 
971.9807 12.809 158.289 -0.12317 0.04904 -0.176 0.27648 16.0000 8.49 0.5467 0.5721 1.275583 
971.5916 16.272 153.800 -0.18551 0.09128 -0.495 0.32398 16.0000 8.54 0.7115 0.7286 1.276094 
971.2024 20.193 146.652 -0.19141 0.12596 0.308 0.26937 16.0000 8.80 0.9933 1.0106 1.276605 
970.8131 27.176 143.746 -0.17721 0.12995 0.030 0.15761 16.0000 8.64 1.0848 1.1048 1.277117 
970.4238 29.701 139.460 -0.16071 0.13745 0.005 0.12506 16.0000 8.66 1.0769 1.1116 1.277629 
970.0344 28.102 110.840 -0.08540 0.22435 0.002 0.16068 16.0000 8.92 1.0170 1.0555 1.278142 
969.6449 14.670 143.370 -0.16836 0.12517 0.002 0.37323 16.0000 8.91 1.1426 1.1781 1.278656 
969.2553 13.896 169.942 -0.26426 0.04687 0.001 0.50921 16.0000 8.85 1.1115 1.1378 1.279170 
968.8657 13.126 187.336 -0.35609 -0.04584 -0.915 0.72801 16.0000 8.96 0.9964 1.0368 1.279684 
968.4760 15.660 199.510 -0.42574 -0.15085 0.805 0.74227 16.0000 9.14 0.9449 1.0149 1.280199 
968.0861 14.422 202.207 -0.48168 -0.19664 0.194 0.94463 16.0000 9.37 0.9923 1.0647 1.280714 
967.6962 15.007 196.895 -0.46827 -0.14223 -0.860 0.84718 16.0000 9.20 1.0607 1.1307 1.281230 
967.3063 12.195 192.492 -0.40042 -0.08871 0.751 0.90453 16.0000 9.31 1.1456 1.1828 1.281747 
966.9163 9.663 182.877 -0.30154 -0.01515 0.822 0.86090 16.0000 9.43 1.0288 1.1261 1.282264 
966.5261 3.125 110.352 -0.05435 0.14651 -3.623 1.42682 16.0000 9.29 0.7763 0.8332 1.282782 
966.1359 5.317 117.840 -0.10799 0.20448 0.776 1.23169 16.0000 9.15 0.8776 0.9484 1.283300 
965.7457 4.049 140.507 -0.12891 0.10623 -0.463 1.17398 16.0000 9.34 1.1046 1.2497 1.283818 
965.3553 4.266 123.850 -0.07927 0.11819 0.785 0.94854 16.0000 9.53 0.9433 1.1548 1.284337 
964.9649 4.179 90.657 -0.00126 0.10973 7.730 0.74688 16.0000 9.56 0.7617 1.1139 1.284857 
964.5743 7.555 47.947 0.08509 0.09432 0.913 0.47046 16.0000 9.49 0.6477 1.1351 1.285377 
964.1838 14.443 48.937 0.09613 0.11034 0.226 0.26526 16.0000 9.59 0.6685 1.1953 1.285898 
963.7931 26.163 93.048 -0.00809 0.15185 0.884 0.11743 16.0000 9.70 0.7227 1.2330 1.286419 
963.4023 36.892 127.944 -0.12655 0.16230 0.097 0.05985 16.0000 9.80 0.7625 1.2192 1.286941 
963.0115 26.228 90.973 -0.00525 0.30899 0.749 0.23750 16.0000 9.85 0.6827 1.0135 1.287463 
962.6207 9.863 99.101 -0.04276 0.26696 0.795 0.75405 16.0000 9.97 0.5740 0.9921 1.287986 
962.2297 16.250 179.289 -0.49358 0.00612 0.800 0.77485 16.0000 10.04 0.8016 0.8872 1.288509 
961.8386 11.952 175.334 -0.45452 0.03709 0.836 1.02891 16.0000 10.03 0.9736 1.1882 1.289033 
961.4474 14.628 186.248 -0.51812 -0.05673 0.767 0.93045 16.0000 10.26 0.8948 1.1144 1.289558 
961.0562 14.170 191.081 -0.50254 -0.09843 0.809 0.94947 16.0000 10.09 0.9282 1.2048 1.290083 
960.6649 14.855 196.478 -0.52873 -0.15639 0.016 0.96624 16.0000 10.28 0.8173 1.0336 1.290608 
960.2736 13.716 206.617 -0.43972 -0.22036 0.016 0.94762 16.0000 10.27 0.6755 0.7943 1.291134 
959.8821 11.860 194.395 -0.38669 -0.09925 0.600 0.90860 16.0000 10.25 0.6695 0.7135 1.291661 
959.4905 9.535 174.043 -0.29410 0.03069 0.836 0.85541 16.0000 10.30 0.6995 0.7682 1.292188 
959.0989 6.246 93.927 -0.01011 0.14729 0.758 0.66640 16.0000 10.59 0.5832 0.7542 1.292715 
958.7073 5.157 176.983 -0.11424 0.00602 1.546 0.62858 16.0000 10.58 0.5646 0.7275 1.293243 
958.3155 10.583 164.457 -0.23658 0.06580 -14.588 0.63422 16.0000 10.45 0.5669 0.6050 1.293772 
957.9236 9.477 160.336 -0.21103 0.07541 0.815 0.65253 16.0000 10.43 0.6129 0.6224 1.294301 
957.5317 6.916 158.549 -0.15834 0.06222 -74.410 0.69099 16.0000 10.43 0.6813 0.6875 1.294831 
957.1396 4.542 149.753 -0.10453 0.06095 0.838 0.75674 16.0000 10.36 0.8085 0.8255 1.295362 
956.7476 3.527 150.205 -0.08986 0.05145 -2.019 0.83682 16.0000 10.69 0.8528 0.8631 1.295892 
956.3554 1.186 131.834 -0.02481 0.02772 0.983 0.89780 16.0000 11.02 0.8506 0.8636 1.296424 
955.9632 3.446 182.544 -0.11595 -0.00515 -0.007 0.96021 16.0000 11.15 0.9192 0.9414 1.296956 
955.5709 1.218 138.209 -0.03496 0.03124 -0.005 1.10173 16.0000 10.98 1.0397 1.0817 1.297488 
955.1784 2.880 100.523 -0.01771 0.09534 -0.005 0.96136 16.0000 11.02 0.8029 0.8475 1.298021 
954.7859 6.228 92.804 -0.00846 0.17266 0.751 0.78268 16.0000 11.06 0.6705 0.8497 1.298555 
954.3934 14.472 96.113 -0.02950 0.27540 7.842 0.50084 16.0000 10.82 0.6516 0.9445 1.299089 
954.0007 22.510 103.075 -0.07129 0.30696 0.838 0.31490 16.0000 10.97 0.6657 1.0141 1.299624 
953.6080 15.772 148.599 -0.32184 0.19646 1.106 0.61428 16.0000 11.30 1.4406 2.0404 1.300159 
953.2152 37.612 115.221 -0.15758 0.33454 -0.622 0.09754 16.0000 11.30 0.5465 0.9488 1.300695 
952.8223 16.421 193.538 -1.21372 -0.29224 0.811 1.93399 16.0000 11.29 1.0385 1.8429 1.301231 
952.4293 17.859 177.401 -0.75154 0.03411 0.926 1.04625 16.0000 11.38 1.6516 2.7677 1.301768 
952.0363 19.993 169.986 -0.70088 0.12376 0.854 0.84862 16.0000 11.37 2.0348 3.3391 1.302305 
951.6432 28.200 174.476 -0.88570 0.08566 0.821 0.59122 16.0000 11.61 2.1262 3.4956 1.302843 
951.2499 24.334 177.585 -0.78454 0.03309 0.516 0.69061 16.0000 11.36 1.9365 3.2371 1.303382 
950.8567 22.104 169.034 -0.87766 0.17006 3.081 0.91907 16.0000 11.40 1.7049 3.0100 1.303921 
950.4633 44.119 180.561 -3.00515 -0.02945 0.804 0.09249 16.0000 11.46 0.9842 1.6436 1.304461 
950.0699 5.698 133.253 -0.15425 0.16396 -0.170 1.11693 16.0000 11.57 0.9130 1.8250 1.305001 
949.6763 9.489 160.029 -0.32931 0.11967 -0.085 1.01885 16.0000 11.73 2.0445 3.3581 1.305542 
949.2827 11.296 144.571 -0.36701 0.26110 -0.055 1.08251 16.0000 11.81 1.1961 2.6284 1.306083 
948.8890 11.460 142.296 -0.35714 0.27607 -0.111 1.06754 16.0000 12.10 1.1818 2.5944 1.306625 
948.4953 11.847 142.518 -0.36941 0.28327 0.008 1.06073 16.0000 12.02 1.2976 2.5034 1.307167 
948.1014 14.618 149.065 -0.50179 0.30073 0.228 1.04522 16.0000 12.11 1.2519 3.9912 1.307710 
947.7075 7.809 146.108 -0.21007 0.14112 0.509 0.90527 16.0000 12.10 1.5003 2.0540 1.308254 
947.3135 7.516 133.582 -0.19305 0.20284 0.835 1.04270 16.0000 11.73 1.0611 3.7092 1.308798 
946.9194 5.874 99.734 -0.04031 0.23500 0.277 1.14652 16.0000 11.75 0.6756 5.1029 1.309343 
946.5253 8.325 122.625 -0.30512 0.47664 0.092 1.89238 16.0000 11.83 1.1853 5.9171 1.309888 
946.1310 19.417 158.705 -5.20181 2.02761 0.901 6.93525 16.0000 12.34 4.7926 7.7293 1.310434 
945.7367 50.106 9.374 2.38759 0.39415 0.669 -0.43591 16.0000 12.15 0.7895 6.3545 1.310980 
945.3423 21.615 166.365 -14.55797 3.53133 0.392 15.93513 16.0000 12.46 4.4382 7.8494 1.311527 
944.9478 21.032 164.447 -11.07360 3.08202 0.133 12.73766 16.0000 12.67 7.4270 10.0762 1.312074 
944.5532 21.373 163.788 -15.52871 4.51497 0.692 17.49708 16.0000 12.31 9.1100 11.5694 1.312623 
944.1586 21.797 163.081 -36.56808 11.12345 -2.647 40.14625 16.0000 12.33 9.7742 12.1390 1.313171 
943.7639 67.344 342.554 16.12583 -5.06763 0.339 -16.72028 16.0000 12.45 9.3231 11.6565 1.313720 
943.3691 67.445 342.325 40.41838 -12.87985 1.679 -42.25908 16.0000 12.51 7.5307 10.6676 1.314270 
942.9742 66.013 343.586 10.20004 -3.00481 1.545 -9.58326 16.0000 12.60 4.7143 8.7958 1.314821 
942.5792 45.153 351.078 1.30507 -0.20487 0.838 -0.00705 16.0000 12.76 0.9670 7.0727 1.315372 
942.1841 18.277 159.044 -2.73656 1.04803 -1.180 3.95246 16.0000 12.86 4.1552 7.4097 1.315923 
941.7890 8.998 48.442 0.20122 0.22697 -1.128 0.93377 16.0000 12.95 0.7587 3.7185 1.316475 
941.3938 8.199 96.402 -0.02938 0.26185 -26.242 0.89536 16.0000 12.91 0.6836 1.6244 1.317028 
940.9985 24.778 18.094 0.72149 0.23573 0.377 0.64698 16.0000 13.03 0.7145 0.7799 1.317581 
940.6031 7.500 90.212 -0.00089 0.23904 -6.419 0.89211 16.0000 12.95 0.6547 0.7843 1.318135 
940.2077 13.510 153.915 -0.41684 0.20407 2.294 0.91005 16.0000 13.05 0.7030 0.9138 1.318689 
939.8122 19.059 167.371 -0.70687 0.15838 2.775 0.92328 16.0000 13.26 0.8028 1.0505 1.319244 
939.4166 19.545 174.533 -0.79197 0.07580 1.313 0.97931 16.0000 13.17 0.9805 1.1993 1.319800 
939.0209 18.932 168.862 -0.75828 0.14928 -4.118 0.99402 16.0000 13.10 1.0040 1.3391 1.320356 
938.6251 18.698 168.500 -0.70282 0.14299 0.709 0.93819 16.0000 13.13 1.0003 1.2244 1.320913 
938.2292 17.482 172.123 -0.58853 0.08142 0.807 0.84962 16.0000 13.46 0.8889 1.0532 1.321470 
937.8333 14.566 162.776 -0.50098 0.15531 0.805 0.94111 16.0000 13.30 0.9586 1.1319 1.322028 
937.4373 17.046 146.756 -0.50969 0.33410 -2.149 0.90042 16.0000 13.84 0.6752 0.9571 1.322586 
937.0412 9.456 13.531 0.22865 0.05502 8.253 0.68640 16.0000 13.59 0.6334 0.8467 1.323146 
936.6450 0.714 72.731 0.00566 0.01821 0.856 0.76543 16.0000 13.42 0.9095 1.1093 1.323705 
936.2487 0.170 328.564 0.00409 -0.00250 0.832 0.80847 16.0000 13.64 1.1815 1.4631 1.324266 
935.8524 0.956 311.452 0.01618 -0.01832 0.608 0.73240 16.0000 13.80 1.2611 1.6480 1.324826 
935.4560 2.059 319.949 0.03628 -0.03050 0.815 0.65814 16.0000 13.86 1.2014 1.6641 1.325388 
935.0594 5.865 320.264 0.09972 -0.08289 -0.321 0.62455 16.0000 14.06 1.1594 1.6339 1.325950 
934.6629 3.214 266.321 -0.00612 -0.09514 -0.040 0.84610 16.0000 13.98 1.1910 1.5092 1.326512 
934.2662 8.171 304.836 0.10933 -0.15710 0.914 0.65274 16.0000 13.92 0.9010 1.2102 1.327076 
933.8694 31.309 9.138 0.25788 0.04148 1.209 0.13528 16.0000 14.16 0.8209 1.4386 1.327640 
933.4727 9.086 195.233 -0.81106 -0.22086 -2.637 2.56089 16.0000 14.24 1.4262 2.4869 1.328204 
933.0757 11.766 184.868 -1.79051 -0.15250 -0.702 4.12649 16.0000 14.13 1.6243 2.8922 1.328769 
932.6787 12.363 183.354 -2.14091 -0.12548 0.765 4.65702 16.0000 14.45 1.5891 2.9133 1.329334 
932.2817 79.798 46.404 44.06240 46.27691 21.683 -171.78439 16.0000 14.37 1.2634 2.5579 1.329901 
931.8845 80.289 67.219 6.57782 15.66288 0.163 -48.18104 16.0000 14.44 1.1774 2.4539 1.330467 
931.4873 76.044 90.402 -0.01607 2.29024 -91.017 -4.32328 16.0000 14.31 0.9159 1.9232 1.331035 
931.0900 51.338 107.304 -0.21846 0.70121 0.257 -0.16519 16.0000 14.66 0.6176 1.2102 1.331603 
930.6926 15.424 139.708 -0.38710 0.32819 0.779 0.84971 16.0000 14.61 0.6740 0.7678 1.332171 
930.2951 9.269 122.454 -0.12401 0.19501 -4.014 0.68917 16.0000 14.60 0.6723 0.7524 1.332740 
929.8975 13.818 126.720 -0.19697 0.26407 0.043 0.62917 16.0000 14.88 0.6615 0.7265 1.333310 
929.4999 6.741 102.623 -0.03851 0.17194 7.418 0.73495 16.0000 15.07 0.7122 0.7371 1.333881 
929.1022 5.221 2.393 0.18132 0.00758 4.825 0.98484 16.0000 15.47 0.7473 0.7704 1.334452 
928.7043 5.310 337.036 0.16971 -0.07191 0.996 0.98295 16.0000 15.08 1.0086 1.0565 1.335023 
928.3065 2.641 359.808 0.08959 -0.00030 2.862 0.96905 16.0000 15.12 1.1586 1.2225 1.335595 
927.9085 3.083 355.423 0.10841 -0.00868 0.854 1.00676 16.0000 15.16 1.2134 1.3103 1.336168 
927.5104 3.364 357.161 0.11469 -0.00569 0.225 0.97351 16.0000 15.32 1.1507 1.2737 1.336742 
927.1123 4.328 350.493 0.14071 -0.02356 0.094 0.93712 16.0000 15.37 0.9909 1.1679 1.337316 
926.7141 3.628 356.115 0.10851 -0.00737 0.021 0.85420 16.0000 15.33 0.8081 1.0249 1.337890 
926.3158 1.867 340.868 0.04637 -0.01609 0.488 0.75210 16.0000 15.46 0.7744 0.9004 1.338466 
925.9174 6.536 150.687 -0.12791 0.07182 0.358 0.63176 16.0000 15.59 0.6968 0.7339 1.339042 
925.5190 4.163 134.391 -0.07055 0.07207 -0.111 0.68919 16.0000 15.56 0.6005 0.6295 1.339618 
925.1204 2.053 343.461 0.04876 -0.01448 -0.046 0.70872 16.0000 15.71 0.5690 0.6229 1.340195 
924.7218 1.654 105.553 -0.00778 0.02794 -0.030 0.50173 16.0000 15.43 0.5706 0.6025 1.340773 
924.3231 3.579 108.582 -0.01924 0.05724 -0.015 0.48088 16.0000 15.80 0.5662 0.5848 1.341351 
923.9243 6.502 141.032 -0.10645 0.08611 0.903 0.59286 16.0000 15.95 0.5672 0.5684 1.341930 
923.5255 7.307 147.223 -0.14691 0.09459 0.874 0.67011 16.0000 16.23 0.6199 0.6273 1.342510 
923.1265 18.582 173.424 -0.63203 0.07286 0.040 0.83927 16.0000 15.82 0.7790 1.0289 1.343090 
922.7275 5.966 137.488 -0.13053 0.11966 0.026 0.83801 16.0000 16.30 0.8753 0.9321 1.343671 
922.3283 6.804 27.025 0.18588 0.09481 0.851 0.86194 16.0000 16.19 0.9691 1.1971 1.344252 
921.9291 7.527 32.875 0.21323 0.13781 0.000 0.94400 16.0000 16.22 1.3851 1.7835 1.344834 
921.5298 8.798 25.409 0.27588 0.13105 0.000 0.96305 16.0000 16.33 1.5673 2.0632 1.345417 
921.1305 8.128 29.880 0.27047 0.15540 0.000 1.06985 16.0000 15.94 1.6420 2.1873 1.346000 
920.7311 8.852 23.940 0.28780 0.12778 0.000 0.98641 16.0000 16.31 1.5242 1.9724 1.346584 
920.3315 8.005 33.206 0.22011 0.14407 0.000 0.91680 16.0000 16.64 1.3721 1.7046 1.347169 
919.9319 5.389 68.554 0.06620 0.16853 0.000 0.95111 16.0000 16.52 1.2352 1.3939 1.347754 
919.5322 7.140 133.055 -0.16270 0.17414 1.095 0.93629 16.0000 16.23 1.0946 1.1283 1.348340 
919.1324 15.814 163.605 -0.51792 0.15238 0.797 0.87661 16.0000 16.88 1.0150 1.2566 1.348926 
918.7326 8.582 135.395 -0.08838 0.08717 3.010 0.40193 16.0000 16.59 1.4628 1.4808 1.349513 
918.3326 17.535 119.568 -0.32879 0.57953 -4.037 0.94910 16.0000 16.92 0.8671 1.3286 1.350101 
917.9326 2.066 146.875 -0.06996 0.04565 0.842 1.15638 16.0000 16.81 0.6042 0.6673 1.350689 
917.5325 58.985 122.814 -0.24950 0.38693 1.525 -0.24449 16.0000 16.60 1.4590 1.8322 1.351278 
917.1323 55.147 114.127 -0.14162 0.31621 1.263 -0.12812 16.0000 16.86 2.1994 2.8268 1.351868 
916.7321 53.643 114.955 -0.15147 0.32551 3.177 -0.11173 16.0000 17.11 2.6404 3.4438 1.352458 
916.3317 61.412 113.866 -0.14237 0.32179 64.023 -0.22697 16.0000 17.11 2.6861 3.5264 1.353049 
915.9313 68.706 112.402 -0.14067 0.34125 0.899 -0.40156 16.0000 17.11 2.4435 3.2307 1.353641 
915.5308 74.835 111.002 -0.15178 0.39535 1.803 -0.72386 16.0000 17.31 1.9788 2.6048 1.354233 
915.1302 78.883 115.870 -0.33851 0.69805 0.857 -1.89775 16.0000 17.37 1.3076 1.6862 1.354826 
914.7295 2.572 307.927 0.08013 -0.10283 0.001 1.44837 16.0000 17.28 0.7658 0.8279 1.355419 
914.3287 11.122 115.325 -0.07565 0.15986 0.003 0.43242 16.0000 17.23 1.6254 1.9462 1.356013 
913.9279 1.422 90.375 -0.00024 0.03728 -0.007 0.75020 16.0000 17.34 0.6280 0.6975 1.356608 
913.5270 2.294 144.305 -0.05110 0.03671 -0.012 0.78410 16.0000 17.40 0.6238 0.6735 1.357203 
913.1259 4.193 121.355 -0.06299 0.10337 0.801 0.82108 16.0000 17.51 0.6573 0.6962 1.357799 
912.7249 3.072 85.719 0.00746 0.09971 0.000 0.92900 16.0000 17.20 0.7340 0.8140 1.358396 
912.3237 3.218 42.132 0.08466 0.07659 0.863 1.01212 16.0000 17.46 0.7981 0.9270 1.358993 
911.9224 11.152 3.831 0.50334 0.03371 -0.168 1.22981 16.0000 17.86 0.8276 1.0600 1.359591 
911.5211 22.839 113.583 -0.18654 0.42732 -0.165 0.45535 16.0000 18.04 0.6447 0.9275 1.360190 
911.1196 15.442 163.547 -0.30908 0.09127 0.098 0.53882 16.0000 18.13 0.6413 0.6971 1.360789 
910.7181 27.860 216.213 -0.70659 -0.51740 0.034 0.59698 16.0000 18.00 0.8484 1.0765 1.361389 
910.3165 21.627 82.533 0.06516 0.49720 0.059 0.53298 16.0000 17.98 1.2264 1.6328 1.361990 
909.9149 35.067 106.690 -0.50190 1.67396 -0.038 0.63147 16.0000 17.95 2.0379 2.5282 1.362591 
909.5131 36.824 44.478 0.91151 0.89504 0.006 0.37483 16.0000 17.61 1.8979 2.4361 1.363193 
909.1113 42.640 9.179 2.09819 0.33906 0.005 0.17551 16.0000 17.78 2.2949 2.8215 1.363795 
908.7093 43.265 358.583 2.89342 -0.07160 0.002 0.17550 16.0000 17.97 2.7461 3.2907 1.364399 
908.3073 43.403 354.200 3.35982 -0.34126 0.001 0.18847 16.0000 17.79 3.0133 3.5621 1.365003 
907.9052 44.218 355.165 3.95617 -0.33465 0.005 0.10840 16.0000 18.08 3.1522 3.6049 1.365607 
907.5031 57.172 359.763 3.18642 -0.01318 -0.791 -1.44170 16.0000 18.01 3.0053 3.3694 1.366212 
907.1008 36.712 1.200 3.34501 0.07008 -0.002 0.99590 16.0000 17.95 2.3731 2.6113 1.366818 
906.6984 22.096 14.554 1.03654 0.26911 -0.002 1.10153 16.0000 18.02 2.6026 2.6930 1.367425 
906.2960 14.309 47.390 1.08001 1.17409 -0.034 2.92377 16.0000 17.94 2.7442 2.8004 1.368032 
905.8935 15.333 90.517 -0.03829 4.24408 -0.251 7.15773 16.0000 18.25 3.2912 3.4988 1.368640 
905.4909 13.040 54.016 7.05105 9.71081 0.007 24.51846 16.0000 18.01 3.0069 3.1446 1.369248 
905.0883 78.135 230.087 -13.58865 -16.24419 4.162 -48.17715 16.0000 18.21 2.8549 2.9967 1.369857 
904.6855 10.224 84.864 1.27037 14.13374 0.541 38.06163 16.0000 18.68 3.0875 3.4454 1.370467 
904.2826 84.783 171.828 -5.15221 0.73991 -0.003 -28.26379 16.0000 18.43 1.6306 1.9182 1.371078 
903.8797 48.975 93.521 -0.41591 6.75943 -0.002 -0.94566 16.0000 18.80 1.5161 2.8546 1.371689 
903.4767 21.778 140.034 -3.53894 2.96591 0.921 4.85629 16.0000 18.80 2.5535 4.2134 1.372301 
903.0736 31.566 139.932 -3.34533 2.81387 0.120 2.21458 16.0000 18.71 2.3448 4.6676 1.372913 
902.6704 29.454 140.818 -3.14278 2.56155 0.010 2.44497 16.0000 18.97 2.5594 4.9136 1.373527 
902.2672 27.677 143.278 -2.50654 1.86982 -0.008 2.16104 16.0000 18.84 2.5912 4.6571 1.374140 
901.8638 25.673 145.363 -1.96155 1.35506 6.372 1.90683 16.0000 18.89 2.4091 3.9570 1.374755 
901.4604 24.225 144.373 -1.08054 0.77436 -0.024 1.17818 16.0000 18.77 1.9258 2.7414 1.375370 
901.0569 35.995 135.572 -0.20309 0.19907 -0.013 0.09246 16.0000 18.88 1.4874 1.6902 1.375986 
900.6533 62.619 340.650 1.51579 -0.53230 -0.740 -1.13489 16.0000 18.82 1.7224 3.2070 1.376603 
900.2496 85.301 292.070 0.06404 -0.15795 -0.175 -1.02973 16.0000 19.10 1.2063 1.3840 1.377220 
899.8458 11.039 46.064 0.79471 0.82479 0.121 2.82376 16.0000 18.79 0.8975 2.1319 1.377838 
899.4420 71.159 204.575 -10.16298 -4.64754 0.160 -14.46824 16.0000 19.09 1.1405 3.3248 1.378457 
899.0380 69.001 202.130 -3.23960 -1.31743 -0.336 -3.88425 16.0000 19.30 1.3708 4.0730 1.379076 
898.6340 68.450 200.439 -1.73443 -0.64636 0.075 -1.97800 16.0000 19.22 1.5667 4.3722 1.379696 
898.2299 66.067 185.674 -2.13624 -0.21225 -0.489 -1.94205 16.0000 19.09 1.5845 4.1880 1.380317 
897.8257 74.982 208.051 -3.91873 -2.08810 -0.402 -7.67986 16.0000 19.45 1.2536 3.3936 1.380938 
897.4214 9.289 101.497 -0.16999 0.83578 0.151 2.53750 16.0000 19.82 1.1355 2.2766 1.381560 
897.0171 16.455 145.979 -0.59854 0.40404 0.013 1.11586 16.0000 19.52 1.3822 1.5553 1.382183 
896.6127 25.318 161.431 -0.70714 0.23756 0.011 0.61197 16.0000 19.43 1.9286 2.7296 1.382807 
896.2081 20.668 150.308 -0.71161 0.40576 0.006 0.93125 16.0000 19.47 1.5832 1.7119 1.383431 
895.8035 21.197 148.948 -0.69331 0.41745 0.007 0.88644 16.0000 19.45 1.5543 1.8408 1.384056 
895.3989 21.440 147.594 -0.66592 0.42270 0.004 0.84938 16.0000 19.48 1.2872 1.7353 1.384681 
894.9941 19.067 146.146 -0.52963 0.35528 14.323 0.81237 16.0000 19.78 1.1099 1.6908 1.385307 
894.5892 12.317 142.622 -0.29330 0.22407 0.833 0.80492 16.0000 20.14 0.8503 1.4960 1.385934 
894.1843 3.744 338.168 0.11288 -0.04522 0.000 0.92505 16.0000 19.66 0.7709 1.3249 1.386562 
893.7792 7.627 138.916 -0.18543 0.16167 0.004 0.90205 16.0000 19.82 0.8185 1.4223 1.387190 
893.3741 3.850 125.989 -0.07546 0.10390 0.868 0.94966 16.0000 19.59 0.8069 1.3278 1.387819 
892.9689 2.818 14.359 0.09055 0.02318 -4.682 0.94696 16.0000 19.97 0.7261 1.0615 1.388449 
892.5637 7.862 338.017 0.23196 -0.09363 -0.547 0.88845 16.0000 20.08 0.6673 0.8093 1.389079 
892.1583 9.616 332.845 0.29247 -0.15002 0.196 0.94216 16.0000 20.36 0.6230 0.7616 1.389711 
891.7528 6.993 335.043 0.19024 -0.08854 0.396 0.84246 16.0000 19.94 0.6306 0.8154 1.390343 
891.3473 7.183 329.000 0.15675 -0.09418 -0.306 0.71397 16.0000 20.41 0.6012 0.8299 1.390975 
890.9417 5.598 319.272 0.08876 -0.07642 0.797 0.59176 16.0000 20.15 0.5902 0.8106 1.391608 
890.5359 2.770 297.620 0.03077 -0.05881 0.000 0.68431 16.0000 20.03 0.5879 0.7727 1.392242 
890.1302 2.814 242.485 -0.02605 -0.05002 0.040 0.57235 16.0000 20.48 0.5536 0.6708 1.392877 
889.7243 4.875 203.496 -0.06808 -0.02960 0.000 0.43204 16.0000 20.13 0.5287 0.6602 1.393512 
889.3184 6.197 318.628 0.06052 -0.05331 0.000 0.36700 16.0000 20.29 0.5229 0.5525 1.394148 
888.9123 6.784 348.146 0.09313 -0.01955 0.809 0.39429 16.0000 20.36 0.5264 0.5617 1.394785 
888.5062 7.473 351.220 0.09617 -0.01485 -1.462 0.36452 16.0000 20.89 0.5316 0.6592 1.395423 
888.1000 4.827 139.430 -0.09355 0.08010 -65.996 0.72408 16.0000 20.48 0.6674 0.7458 1.396061 
887.6937 5.074 143.174 -0.11513 0.08621 0.860 0.80353 16.0000 20.67 0.7692 0.8647 1.396700 
887.2873 5.608 145.876 -0.14047 0.09519 -601.682 0.85568 16.0000 21.04 0.8154 0.9189 1.397340 
886.8808 6.381 145.886 -0.16992 0.11510 0.876 0.90608 16.0000 20.78 0.8861 0.9590 1.397980 
886.4743 4.940 151.686 -0.15825 0.08526 1.125 1.03201 16.0000 20.85 0.7936 0.8621 1.398621 
886.0676 6.971 157.478 -0.19949 0.08272 0.864 0.86985 16.0000 20.74 0.7342 0.7807 1.399263 
885.6609 8.429 160.393 -0.23956 0.08533 0.831 0.83920 16.0000 20.86 0.7027 0.7233 1.399906 
885.2541 7.354 156.460 -0.19161 0.08347 0.045 0.79616 16.0000 21.04 0.6602 0.7041 1.400549 
884.8472 6.957 154.227 -0.15589 0.07527 0.007 0.69881 16.0000 20.87 0.6054 0.6471 1.401193 
884.4402 6.698 148.678 -0.11216 0.06826 98.095 0.55131 16.0000 21.19 0.5635 0.6021 1.401838 
884.0332 12.158 147.791 -0.18760 0.11818 0.818 0.49066 16.0000 21.41 0.5869 0.6102 1.402483 
883.6260 10.512 144.725 -0.17636 0.12476 0.000 0.56208 16.0000 21.23 0.5872 0.6032 1.403130 
883.2188 10.289 141.932 -0.17097 0.13390 0.000 0.57841 16.0000 21.53 0.5937 0.6046 1.403777 
882.8115 9.495 119.039 -0.09264 0.16687 0.000 0.55459 16.0000 21.30 0.6147 0.6529 1.404424 
882.4041 1.849 171.469 -0.04213 0.00632 0.029 0.65902 16.0000 21.45 0.5635 0.5681 1.405073 
881.9966 3.977 222.894 -0.07633 -0.07092 0.020 0.74576 16.0000 21.49 0.5953 0.6470 1.405722 
881.5890 5.692 244.566 -0.07130 -0.14993 0.013 0.82449 16.0000 21.55 0.6463 0.7598 1.406372 
881.1813 9.383 255.796 -0.06020 -0.23785 0.010 0.72214 16.0000 21.43 0.6198 0.7813 1.407023 
880.7736 16.817 303.792 0.19732 -0.29484 0.357 0.53331 16.0000 21.82 0.6162 0.8595 1.407674 
880.3658 29.839 263.628 -0.04101 -0.36723 -0.011 0.21612 16.0000 21.37 0.5648 0.7678 1.408326 
879.9579 47.869 287.722 1.06490 -3.33230 -0.013 -0.35153 16.0000 21.56 1.0275 1.2572 1.408979 
879.5499 40.333 158.530 -0.71498 0.28121 0.012 0.12627 16.0000 21.57 0.6034 0.8259 1.409632 
879.1418 38.638 130.175 -1.14064 1.35093 0.073 0.39922 16.0000 21.62 1.3555 1.5505 1.410287 
878.7336 34.315 125.879 -1.05831 1.46312 -0.003 0.70655 16.0000 21.74 2.0968 2.2640 1.410942 
878.3253 34.804 125.454 -1.21534 1.70673 -0.098 0.77887 16.0000 22.11 2.4131 2.7170 1.411598 
877.9170 34.476 124.428 -1.23229 1.79783 0.880 0.83880 16.0000 21.93 2.5283 2.9251 1.412254 
877.5085 34.566 121.246 -1.17959 1.94423 230.980 0.86693 16.0000 22.17 2.3771 2.8734 1.412912 
877.1000 33.028 122.198 -1.03089 1.63712 0.944 0.85911 16.0000 22.30 1.9513 2.5082 1.413570 
876.6915 29.703 121.143 -0.68130 1.12749 0.826 0.77890 16.0000 22.21 1.2765 1.9245 1.414228 
876.2828 15.617 164.614 -0.34810 0.09579 0.054 0.59534 16.0000 22.30 0.6858 0.9800 1.414888 
875.8740 40.464 290.112 1.19494 -3.26317 0.095 0.55494 16.0000 22.69 1.0513 1.1671 1.415548 
875.4651 13.868 174.585 -0.49392 0.04682 0.025 0.94354 16.0000 22.64 2.7277 15.5338 1.416209 
875.0562 45.381 310.242 4.14123 -4.89318 0.133 -0.08518 16.0000 22.65 0.9978 3.9578 1.416871 
874.6472 20.511 156.848 -0.77693 0.33222 2.690 0.97128 16.0000 22.22 3.1761 18.9972 1.417534 
874.2380 18.171 160.098 -0.68011 0.24622 0.000 0.98318 16.0000 22.62 5.0566 29.5818 1.418197 
873.8289 17.688 160.917 -0.65969 0.22822 0.828 0.98309 16.0000 22.33 6.1473 36.0235 1.418861 
873.4196 17.629 161.303 -0.66151 0.22387 0.809 0.98785 16.0000 22.99 6.3653 38.1389 1.419526 
873.0102 17.721 161.190 -0.66644 0.22701 0.012 0.98917 16.0000 22.79 5.9777 35.9826 1.420192 
872.6007 18.008 159.716 -0.68525 0.25327 -0.044 1.00496 16.0000 22.54 4.8831 29.5240 1.420858 
872.1912 20.132 155.412 -0.79756 0.36495 -0.074 1.03556 16.0000 23.02 2.8937 18.9193 1.421525 
871.7816 22.908 294.405 0.38029 -0.83816 -0.030 0.89452 16.0000 22.58 0.7679 3.7939 1.422193 
871.3718 13.021 174.190 -0.46941 0.04776 0.816 0.96560 16.0000 23.56 3.1536 15.7656 1.422862 
870.9620 7.235 229.636 -0.14030 -0.16506 -0.088 0.83947 16.0000 23.20 0.6852 0.7627 1.423532 
870.5521 5.359 131.316 -0.09591 0.10911 0.844 0.76748 16.0000 23.27 0.6296 0.7436 1.424202 
870.1422 2.910 182.933 -0.07354 -0.00377 0.834 0.72241 16.0000 23.39 0.5985 0.7273 1.424873 
869.7321 4.689 174.068 -0.11797 0.01226 0.020 0.71811 16.0000 23.17 0.6192 0.7303 1.425545 
869.3219 6.297 165.023 -0.16026 0.04287 0.825 0.74249 16.0000 23.33 0.6752 0.7524 1.426217 
868.9117 7.667 156.044 -0.20157 0.08956 0.859 0.80432 16.0000 23.52 0.7403 0.7758 1.426891 
868.5013 8.493 150.674 -0.22975 0.12907 -0.007 0.86267 16.0000 23.59 0.8335 0.8395 1.427565 
868.0909 9.041 146.758 -0.24875 0.16303 0.780 0.91095 16.0000 23.55 0.9745 0.9831 1.428240 
867.6805 9.089 149.404 -0.26116 0.15443 -0.010 0.92395 16.0000 23.62 0.9468 0.9507 1.428915 
867.2699 8.419 149.076 -0.23168 0.13879 0.819 0.89237 16.0000 23.82 0.8320 0.8336 1.429592 
866.8592 8.194 148.824 -0.22047 0.13339 0.779 0.87620 16.0000 24.02 0.7844 0.7862 1.430269 
866.4485 7.405 148.482 -0.19693 0.12077 -0.150 0.87370 16.0000 23.78 0.7282 0.7310 1.430947 
866.0376 7.626 149.879 -0.20085 0.11653 0.783 0.85157 16.0000 23.86 0.7036 0.7172 1.431626 
865.6267 7.672 146.251 -0.19608 0.13101 0.804 0.85939 16.0000 24.60 0.7118 0.7128 1.432306 
865.2157 7.401 142.442 -0.17269 0.13279 -0.010 0.82442 16.0000 24.05 0.6864 0.6943 1.432986 
864.8046 7.789 140.452 -0.17991 0.14856 0.797 0.83693 16.0000 24.13 0.7108 0.7315 1.433667 
864.3934 7.616 140.040 -0.17620 0.14764 0.798 0.84417 16.0000 24.40 0.7125 0.7442 1.434349 
863.9821 8.455 144.763 -0.21005 0.14838 0.842 0.84587 16.0000 24.16 0.7247 0.7717 1.435032 
863.5707 7.361 142.687 -0.18269 0.13924 -2.049 0.87423 16.0000 24.40 0.7428 0.7735 1.435716 
863.1593 5.430 138.821 -0.12234 0.10703 0.855 0.84735 16.0000 24.57 0.6874 0.7042 1.436400 
862.7477 5.708 141.143 -0.13923 0.11217 0.802 0.88544 16.0000 24.98 0.7404 0.7448 1.437085 
862.3361 5.504 143.712 -0.14085 0.10342 -0.003 0.89837 16.0000 24.58 0.7545 0.7609 1.437771 
861.9244 5.626 147.741 -0.15172 0.09576 0.805 0.90176 16.0000 24.87 0.7728 0.7993 1.438458 
861.5126 5.742 145.372 -0.15423 0.10651 -0.991 0.92259 16.0000 24.88 0.7781 0.7988 1.439145 
861.1008 4.553 145.707 -0.11691 0.07973 0.803 0.88282 16.0000 24.89 0.7231 0.7284 1.439834 
860.6888 4.328 146.587 -0.10759 0.07098 0.786 0.84676 16.0000 25.12 0.6897 0.6960 1.440523 
860.2767 5.035 146.284 -0.12171 0.08122 0.801 0.82399 16.0000 24.74 0.6691 0.6857 1.441213 
859.8646 4.793 144.943 -0.11084 0.07778 -0.002 0.80182 16.0000 24.91 0.6486 0.6770 1.441904 
859.4523 5.845 147.499 -0.13982 0.08908 0.815 0.80123 16.0000 25.26 0.6521 0.6817 1.442595 
859.0400 6.777 147.684 -0.15994 0.10117 3.150 0.78498 16.0000 25.24 0.6482 0.6754 1.443288 
858.6276 6.195 147.753 -0.18376 0.11593 0.806 0.98908 16.0000 25.71 0.6936 0.7115 1.443981 
858.2151 6.602 147.959 -0.19381 0.12130 0.816 0.97456 16.0000 25.82 0.7263 0.7328 1.444675 
857.8026 6.611 148.304 -0.17857 0.11027 0.817 0.89329 16.0000 25.46 0.7735 0.7752 1.445370 
857.3899 6.340 148.271 -0.17231 0.10654 0.797 0.90039 16.0000 25.58 0.8227 0.8361 1.446065 
856.9771 6.427 148.331 -0.16784 0.10353 0.793 0.86419 16.0000 25.00 0.8428 0.8463 1.446762 
856.5643 6.639 148.153 -0.17477 0.10856 0.793 0.87191 16.0000 25.53 0.8479 0.8513 1.447459 
856.1514 6.979 147.867 -0.17502 0.10993 0.001 0.83151 16.0000 25.88 0.8510 0.8544 1.448157 
855.7383 6.785 147.800 -0.17201 0.10832 0.791 0.84220 16.0000 25.98 0.8535 0.8566 1.448856 
855.3253 6.827 147.838 -0.17314 0.10887 0.792 0.84197 16.0000 26.01 0.8686 0.8714 1.449556 
854.9120 7.001 147.724 -0.18477 0.11670 0.811 0.87639 16.0000 25.78 0.8541 0.8562 1.450257 
854.4988 7.167 147.619 -0.20455 0.12972 0.814 0.94782 16.0000 25.80 0.8221 0.8232 1.450958 
854.0854 7.240 147.609 -0.20470 0.12986 0.807 0.93869 16.0000 25.74 0.8277 0.8288 1.451660 
853.6719 7.198 147.617 -0.20038 0.12708 0.812 0.92438 16.0000 26.25 0.8371 0.8382 1.452364 
853.2584 7.411 147.477 -0.21073 0.13437 0.799 0.94448 16.0000 26.20 0.8146 0.8154 1.453067 
852.8448 7.451 147.361 -0.21580 0.13821 0.803 0.96299 16.0000 26.22 0.8050 0.8056 1.453772 
852.4311 7.734 147.439 -0.22059 0.14086 0.806 0.94587 16.0000 25.92 0.7863 0.7868 1.454478 
852.0173 8.565 147.249 -0.21106 0.13577 0.804 0.81425 16.0000 26.33 0.7690 0.7695 1.455184 
851.6034 7.831 147.101 -0.21085 0.13640 0.807 0.89566 16.0000 26.13 0.7929 0.7934 1.455891 
851.1894 7.931 146.918 -0.20993 0.13676 0.799 0.88179 16.0000 26.22 0.7962 0.7968 1.456599 
850.7753 7.966 146.835 -0.20717 0.13539 0.786 0.86700 16.0000 26.23 0.8001 0.8010 1.457308 
850.3612 7.823 146.938 -0.21777 0.14176 0.826 0.92779 16.0000 26.46 0.7944 0.7952 1.458018 
849.9470 7.737 146.860 -0.21925 0.14315 0.777 0.94588 16.0000 26.38 0.7978 0.7990 1.458728 
849.5326 7.721 146.881 -0.21647 0.14121 0.802 0.93559 16.0000 26.41 0.8076 0.8089 1.459440 
849.1182 7.988 146.752 -0.22312 0.14628 0.801 0.93191 16.0000 26.62 0.7901 0.7915 1.460152 
848.7037 7.813 146.679 -0.21697 0.14264 0.798 0.92837 16.0000 26.64 0.8107 0.8122 1.460865 
848.2891 7.731 146.655 -0.21520 0.14161 0.802 0.93138 16.0000 26.62 0.8233 0.8246 1.461579 
847.8744 7.535 146.650 -0.21108 0.13891 0.790 0.93847 16.0000 27.05 0.8421 0.8433 1.462294 
847.4597 8.168 146.591 -0.22492 0.14836 0.793 0.91930 16.0000 26.99 0.7944 0.7958 1.463010 
847.0448 8.352 146.487 -0.22914 0.15174 0.796 0.91588 16.0000 27.17 0.7877 0.7888 1.463726 
846.6298 8.577 146.413 -0.23350 0.15506 0.800 0.90808 16.0000 27.39 0.7766 0.7778 1.464444 
846.2148 9.151 146.353 -0.24683 0.16428 0.786 0.89638 16.0000 27.06 0.7439 0.7454 1.465162 
845.7997 9.122 146.338 -0.24824 0.16532 0.793 0.90483 16.0000 27.38 0.7512 0.7526 1.465881 
845.3845 9.057 146.302 -0.24616 0.16416 0.801 0.90445 16.0000 27.32 0.7611 0.7626 1.466601 
844.9692 8.964 146.336 -0.24399 0.16250 0.784 0.90613 16.0000 27.30 0.7755 0.7773 1.467322 
844.5538 8.524 145.842 -0.23427 0.15895 0.792 0.92320 16.0000 27.01 0.7932 0.7949 1.468044 
844.1383 8.568 145.808 -0.23836 0.16194 0.788 0.93466 16.0000 27.18 0.7906 0.7922 1.468766 
843.7227 8.452 145.917 -0.23635 0.15992 0.782 0.93899 16.0000 27.85 0.8027 0.8048 1.469490 
843.3071 8.736 145.943 -0.24081 0.16277 0.779 0.92343 16.0000 27.57 0.7870 0.7890 1.470214 
842.8914 8.616 145.921 -0.23767 0.16078 0.800 0.92518 16.0000 27.72 0.8004 0.8024 1.470939 
842.4755 8.528 145.769 -0.23294 0.15849 0.786 0.91835 16.0000 27.76 0.8057 0.8078 1.471665 
842.0596 8.523 145.588 -0.23252 0.15928 0.787 0.91926 16.0000 27.98 0.7956 0.7975 1.472392 
841.6436 8.484 145.507 -0.23124 0.15889 0.783 0.91957 16.0000 28.12 0.7977 0.7996 1.473120 
841.2275 8.263 145.374 -0.22492 0.15531 0.776 0.92128 16.0000 28.04 0.8172 0.8188 1.473849 
840.8113 8.066 145.290 -0.21726 0.15050 0.778 0.91370 16.0000 28.21 0.8330 0.8344 1.474578 
840.3951 8.080 145.073 -0.21827 0.15242 0.783 0.91870 16.0000 28.16 0.8336 0.8350 1.475308 
839.9787 7.959 144.937 -0.21648 0.15194 0.777 0.92730 16.0000 28.09 0.8376 0.8393 1.476040 
839.5623 7.839 144.752 -0.21176 0.14964 0.787 0.92379 16.0000 28.53 0.8465 0.8485 1.476772 
839.1457 8.070 144.849 -0.21584 0.15198 0.787 0.91220 16.0000 28.51 0.8443 0.8463 1.477505 
838.7291 8.164 144.879 -0.21790 0.15326 0.785 0.90938 16.0000 28.42 0.8427 0.8448 1.478239 
838.3124 8.213 144.840 -0.21867 0.15403 0.790 0.90728 16.0000 28.76 0.8410 0.8430 1.478974 
837.8956 8.248 144.656 -0.21969 0.15581 0.799 0.90946 16.0000 29.02 0.8411 0.8428 1.479709 
837.4787 8.251 144.553 -0.22230 0.15826 0.800 0.92117 16.0000 28.88 0.8358 0.8373 1.480446 
837.0617 8.380 144.495 -0.22496 0.16049 0.796 0.91760 16.0000 28.69 0.8352 0.8367 1.481183 
836.6447 8.383 144.463 -0.22652 0.16179 0.796 0.92392 16.0000 29.14 0.8376 0.8393 1.481922 
836.2275 8.492 144.390 -0.22935 0.16426 0.779 0.92366 16.0000 29.30 0.8333 0.8351 1.482661 
835.8102 8.496 144.327 -0.23106 0.16587 0.782 0.93080 16.0000 29.48 0.8343 0.8362 1.483401 
835.3929 8.470 144.222 -0.22986 0.16565 0.772 0.93021 16.0000 29.20 0.8363 0.8382 1.484142 
834.9755 8.510 144.098 -0.23134 0.16747 0.781 0.93301 16.0000 29.45 0.8351 0.8370 1.484884 
834.5579 8.570 144.060 -0.23210 0.16826 0.783 0.92957 16.0000 29.47 0.8335 0.8355 1.485627 
834.1403 8.548 143.979 -0.23068 0.16773 0.779 0.92737 16.0000 29.68 0.8327 0.8347 1.486371 
833.7227 8.600 143.977 -0.23218 0.16884 0.782 0.92736 16.0000 29.73 0.8337 0.8357 1.487115 
833.3049 8.694 143.913 -0.23400 0.17055 0.786 0.92464 16.0000 30.05 0.8313 0.8334 1.487861 
832.8870 8.728 143.882 -0.23522 0.17164 0.784 0.92595 16.0000 29.85 0.8311 0.8332 1.488608 
832.4691 8.646 143.815 -0.23332 0.17067 0.786 0.92862 16.0000 30.25 0.8334 0.8354 1.489355 
832.0510 8.702 143.769 -0.23456 0.17187 0.789 0.92765 16.0000 30.47 0.8330 0.8350 1.490103 
831.6329 8.742 143.778 -0.23565 0.17261 0.786 0.92728 16.0000 30.14 0.8324 0.8344 1.490852 
831.2146 8.733 143.665 -0.23530 0.17307 0.786 0.92832 16.0000 30.64 0.8332 0.8352 1.491603 
830.7963 8.827 143.693 -0.23837 0.17515 0.781 0.92941 16.0000 30.59 0.8330 0.8350 1.492354 
830.3779 8.902 143.682 -0.24018 0.17655 0.784 0.92821 16.0000 30.63 0.8336 0.8356 1.493106 
829.9594 8.900 143.634 -0.24007 0.17677 0.786 0.92858 16.0000 31.63 0.8356 0.8376 1.493858 
829.5408 8.932 143.576 -0.24146 0.17817 0.787 0.93108 16.0000 31.05 0.8376 0.8396 1.494612 
829.1221 8.906 143.503 -0.24018 0.17770 0.782 0.92996 16.0000 30.84 0.8387 0.8407 1.495367 
828.7034 8.919 143.498 -0.24093 0.17829 0.784 0.93138 16.0000 31.27 0.8401 0.8422 1.496123 
828.2845 8.850 143.430 -0.23964 0.17778 0.788 0.93491 16.0000 31.65 0.8414 0.8435 1.496879 
827.8656 8.912 143.368 -0.24089 0.17911 0.780 0.93359 16.0000 30.96 0.8417 0.8438 1.497637 
827.4465 8.924 143.351 -0.24087 0.17920 0.793 0.93236 16.0000 31.67 0.8418 0.8439 1.498395 
827.0275 8.922 143.241 -0.24023 0.17945 0.789 0.93151 16.0000 31.73 0.8433 0.8453 1.499154 
826.6082 8.935 143.204 -0.24072 0.18005 0.779 0.93233 16.0000 31.61 0.8435 0.8455 1.499915 
826.1889 8.947 143.093 -0.24027 0.18045 0.786 0.93067 16.0000 31.78 0.8447 0.8467 1.500676 
825.7695 8.946 143.086 -0.24000 0.18029 0.791 0.92982 16.0000 32.40 0.8457 0.8478 1.501438 
825.3500 8.929 143.031 -0.23908 0.17995 0.787 0.92877 16.0000 32.03 0.8471 0.8491 1.502201 
824.9305 8.911 143.048 -0.23890 0.17971 0.781 0.92992 16.0000 31.79 0.8488 0.8508 1.502965 
824.5108 8.908 143.023 -0.23967 0.18045 0.785 0.93355 16.0000 32.21 0.8499 0.8519 1.503730 
824.0911 8.897 142.949 -0.23941 0.18075 0.786 0.93468 16.0000 32.24 0.8512 0.8532 1.504496 
823.6713 8.906 142.864 -0.23951 0.18138 0.796 0.93505 16.0000 32.46 0.8520 0.8539 1.505263 
823.2513 8.913 142.853 -0.23932 0.18130 0.789 0.93373 16.0000 32.09 0.8527 0.8546 1.506031 
822.8313 8.920 142.826 -0.23955 0.18165 0.787 0.93414 16.0000 32.39 0.8524 0.8543 1.506800 
822.4112 8.948 142.827 -0.24022 0.18215 0.787 0.93361 16.0000 32.66 0.8539 0.8558 1.507569 
821.9910 8.969 142.885 -0.24090 0.18229 0.782 0.93321 16.0000 32.47 0.8562 0.8581 1.508340 
821.5707 8.955 142.887 -0.24066 0.18210 0.787 0.93381 16.0000 33.08 0.8567 0.8586 1.509112 
821.1503 8.946 142.903 -0.24070 0.18202 0.794 0.93478 16.0000 33.27 0.8566 0.8585 1.509884 
820.7299 8.980 142.925 -0.24142 0.18242 0.796 0.93347 16.0000 33.43 0.8569 0.8588 1.510658 
820.3093 8.998 142.960 -0.24182 0.18249 0.780 0.93262 16.0000 33.30 0.8584 0.8603 1.511432 
819.8886 9.006 142.891 -0.24160 0.18278 0.788 0.93173 16.0000 33.21 0.8584 0.8602 1.512208 
819.4679 9.020 142.874 -0.24192 0.18313 0.780 0.93162 16.0000 33.82 0.8590 0.8608 1.512984 
819.0471 9.039 142.904 -0.24276 0.18358 0.789 0.93243 16.0000 33.56 0.8605 0.8623 1.513761 
818.6262 9.054 142.902 -0.24315 0.18388 0.790 0.93229 16.0000 34.28 0.8610 0.8628 1.514540 
818.2051 9.056 142.873 -0.24313 0.18405 0.784 0.93232 16.0000 34.01 0.8611 0.8628 1.515319 
817.7841 9.068 142.864 -0.24345 0.18436 0.780 0.93236 16.0000 33.83 0.8610 0.8627 1.516099 
817.3629 9.068 142.884 -0.24347 0.18424 0.785 0.93212 16.0000 34.16 0.8609 0.8626 1.516881 
816.9416 9.091 142.915 -0.24428 0.18464 0.786 0.93232 16.0000 34.01 0.8628 0.8645 1.517663 
816.5202 9.100 142.886 -0.24446 0.18497 0.780 0.93236 16.0000 34.25 0.8632 0.8649 1.518446 
816.0988 9.114 142.928 -0.24497 0.18508 0.779 0.93233 16.0000 34.53 0.8637 0.8653 1.519230 
815.6772 9.135 142.899 -0.24542 0.18562 0.780 0.93209 16.0000 34.52 0.8639 0.8656 1.520015 
815.2556 9.131 142.909 -0.24534 0.18549 0.782 0.93203 16.0000 34.42 0.8637 0.8653 1.520801 
814.8338 9.147 142.936 -0.24583 0.18568 0.775 0.93188 16.0000 34.46 0.8648 0.8664 1.521589 
814.4120 9.156 142.931 -0.24621 0.18600 0.785 0.93232 16.0000 34.96 0.8656 0.8672 1.522377 
813.9901 9.165 142.955 -0.24669 0.18620 0.785 0.93284 16.0000 35.38 0.8663 0.8679 1.523166 
813.5681 9.174 142.985 -0.24709 0.18630 0.777 0.93313 16.0000 35.14 0.8672 0.8689 1.523956 
813.1460 9.177 142.953 -0.24701 0.18645 0.782 0.93280 16.0000 35.20 0.8661 0.8677 1.524747 
812.7238 9.178 142.987 -0.24704 0.18625 0.790 0.93243 16.0000 35.46 0.8658 0.8674 1.525539 
812.3015 9.209 142.957 -0.24789 0.18709 0.799 0.93265 16.0000 35.75 0.8679 0.8695 1.526332 
811.8792 9.193 142.998 -0.24758 0.18658 0.791 0.93270 16.0000 36.20 0.8673 0.8689 1.527126 
811.4567 9.197 143.026 -0.24790 0.18663 0.783 0.93312 16.0000 36.02 0.8686 0.8702 1.527921 
811.0341 9.197 143.026 -0.24787 0.18661 0.783 0.93301 16.0000 35.51 0.8684 0.8700 1.528717 
810.6115 9.201 143.115 -0.24827 0.18630 0.783 0.93300 16.0000 36.00 0.8691 0.8707 1.529514 
810.1888 9.203 143.125 -0.24839 0.18633 0.772 0.93309 16.0000 35.40 0.8685 0.8701 1.530312 
809.7659 9.217 143.099 -0.24869 0.18673 0.781 0.93303 16.0000 36.34 0.8687 0.8703 1.531111 
809.3430 9.224 143.060 -0.24873 0.18702 0.781 0.93290 16.0000 36.54 0.8683 0.8699 1.531912 
808.9200 9.231 142.955 -0.24882 0.18780 0.783 0.93373 16.0000 36.28 0.8690 0.8707 1.532713 
808.4969 9.242 142.878 -0.24887 0.18837 0.785 0.93373 16.0000 36.97 0.8692 0.8709 1.533515 
808.0737 9.244 142.830 -0.24860 0.18849 0.787 0.93305 16.0000 36.71 0.8686 0.8703 1.534318 
807.6505 9.250 142.854 -0.24886 0.18853 0.783 0.93312 16.0000 36.97 0.8691 0.8708 1.535122 
807.2271 9.248 142.871 -0.24882 0.18838 0.786 0.93291 16.0000 36.96 0.8686 0.8702 1.535927 
806.8036 9.264 142.782 -0.24905 0.18916 0.783 0.93313 16.0000 37.40 0.8682 0.8699 1.536733 
806.3801 9.275 142.775 -0.24920 0.18932 0.780 0.93267 16.0000 36.89 0.8678 0.8694 1.537540 
805.9564 9.285 142.725 -0.24926 0.18971 0.778 0.93243 16.0000 37.50 0.8678 0.8695 1.538349 
805.5327 9.289 142.739 -0.24952 0.18981 0.783 0.93279 16.0000 37.21 0.8684 0.8700 1.539158 
805.1089 9.301 142.678 -0.24970 0.19037 0.784 0.93290 16.0000 37.16 0.8685 0.8701 1.539968 
804.6850 9.308 142.669 -0.25006 0.19071 0.785 0.93361 16.0000 37.60 0.8698 0.8714 1.540779 
804.2610 9.306 142.656 -0.25014 0.19086 0.783 0.93424 16.0000 38.17 0.8695 0.8711 1.541591 
803.8369 9.315 142.616 -0.25039 0.19133 0.777 0.93476 16.0000 37.63 0.8698 0.8715 1.542405 
803.4127 9.328 142.607 -0.25066 0.19160 0.782 0.93450 16.0000 37.85 0.8707 0.8724 1.543219 
802.9884 9.334 142.603 -0.25088 0.19179 0.784 0.93469 16.0000 37.78 0.8709 0.8726 1.544035 
802.5640 9.345 142.598 -0.25115 0.19203 0.787 0.93461 16.0000 37.94 0.8716 0.8734 1.544851 
802.1396 9.345 142.578 -0.25108 0.19212 0.787 0.93463 16.0000 38.73 0.8709 0.8726 1.545669 
801.7150 9.346 142.586 -0.25113 0.19210 0.787 0.93449 16.0000 38.99 0.8712 0.8730 1.546487 
801.2903 9.357 142.577 -0.25137 0.19234 0.782 0.93438 16.0000 38.64 0.8713 0.8731 1.547307 
800.8657 9.359 142.555 -0.25132 0.19246 0.776 0.93427 16.0000 38.26 0.8716 0.8734 1.548127 
800.4408 9.350 142.527 -0.25100 0.19241 0.774 0.93441 16.0000 38.02 0.8708 0.8725 1.548949 
800.0159 9.357 142.522 -0.25122 0.19262 0.782 0.93448 16.0000 38.83 0.8706 0.8724 1.549772 
799.5909 9.365 142.458 -0.25107 0.19294 0.782 0.93391 16.0000 38.76 0.8695 0.8712 1.550595 
799.1658 9.375 142.467 -0.25157 0.19326 0.783 0.93458 16.0000 38.72 0.8703 0.8721 1.551420 
798.7406 9.387 142.404 -0.25180 0.19388 0.786 0.93492 16.0000 39.07 0.8709 0.8726 1.552246 
798.3153 9.399 142.392 -0.25222 0.19429 0.779 0.93537 16.0000 39.00 0.8717 0.8734 1.553073 
797.8899 9.420 142.313 -0.25258 0.19512 0.786 0.93538 16.0000 39.62 0.8725 0.8743 1.553901 
797.4644 9.427 142.298 -0.25287 0.19545 0.787 0.93588 16.0000 39.84 0.8728 0.8745 1.554730 
797.0389 9.443 142.229 -0.25304 0.19607 0.785 0.93575 16.0000 39.55 0.8730 0.8747 1.555560 
796.6132 9.449 142.170 -0.25311 0.19654 0.778 0.93603 16.0000 39.49 0.8737 0.8754 1.556391 
796.1875 9.450 142.153 -0.25304 0.19661 0.789 0.93590 16.0000 40.07 0.8735 0.8753 1.557224 
795.7617 9.463 142.115 -0.25335 0.19712 0.782 0.93621 16.0000 39.37 0.8732 0.8750 1.558057 
795.3357 9.468 142.058 -0.25326 0.19745 0.783 0.93603 16.0000 39.95 0.8740 0.8758 1.558891 
794.9097 9.481 142.006 -0.25344 0.19796 0.781 0.93599 16.0000 40.18 0.8746 0.8764 1.559727 
794.4836 9.485 141.940 -0.25330 0.19833 0.786 0.93589 16.0000 40.21 0.8740 0.8759 1.560563 
794.0574 9.493 141.932 -0.25351 0.19855 0.785 0.93597 16.0000 40.39 0.8747 0.8766 1.561401 
793.6310 9.509 141.865 -0.25374 0.19921 0.794 0.93592 16.0000 40.97 0.8746 0.8765 1.562240 
793.2047 9.517 141.806 -0.25380 0.19968 0.792 0.93610 16.0000 40.99 0.8749 0.8768 1.563079 
792.7782 9.522 141.749 -0.25374 0.20004 0.782 0.93600 16.0000 40.36 0.8744 0.8763 1.563920 
792.3516 9.529 141.712 -0.25382 0.20037 0.783 0.93610 16.0000 40.60 0.8743 0.8762 1.564762 
791.9249 9.533 141.690 -0.25377 0.20049 0.781 0.93573 16.0000 40.22 0.8737 0.8756 1.565605 
791.4982 9.549 141.654 -0.25410 0.20101 0.779 0.93571 16.0000 40.18 0.8736 0.8755 1.566449 
791.0714 9.557 141.642 -0.25429 0.20124 0.777 0.93569 16.0000 40.86 0.8741 0.8761 1.567295 
790.6444 9.567 141.602 -0.25445 0.20166 0.780 0.93584 16.0000 40.54 0.8748 0.8768 1.568141 
790.2173 9.568 141.589 -0.25435 0.20168 0.772 0.93551 16.0000 40.65 0.8752 0.8771 1.568989 
789.7902 9.578 141.545 -0.25454 0.20214 0.780 0.93565 16.0000 40.86 0.8749 0.8769 1.569837 
789.3630 9.586 141.516 -0.25467 0.20245 0.780 0.93575 16.0000 40.49 0.8751 0.8771 1.570687 
788.9357 9.596 141.494 -0.25485 0.20276 0.781 0.93566 16.0000 41.37 0.8755 0.8775 1.571537 
788.5083 9.600 141.460 -0.25491 0.20305 0.776 0.93584 16.0000 41.60 0.8749 0.8769 1.572389 
788.0807 9.606 141.452 -0.25507 0.20324 0.778 0.93590 16.0000 41.25 0.8753 0.8772 1.573242 
787.6532 9.616 141.448 -0.25524 0.20340 0.779 0.93552 16.0000 41.28 0.8755 0.8774 1.574096 
787.2255 9.611 141.446 -0.25511 0.20332 0.774 0.93567 16.0000 41.14 0.8750 0.8769 1.574951 
786.7977 9.611 141.379 -0.25486 0.20360 0.780 0.93556 16.0000 41.74 0.8743 0.8762 1.575808 
786.3699 9.618 141.374 -0.25514 0.20387 0.788 0.93597 16.0000 41.62 0.8746 0.8764 1.576665 
785.9419 9.626 141.364 -0.25540 0.20414 0.780 0.93611 16.0000 41.81 0.8756 0.8774 1.577524 
785.5139 9.631 141.354 -0.25557 0.20436 0.779 0.93642 16.0000 41.34 0.8761 0.8779 1.578383 
785.0857 9.637 141.336 -0.25561 0.20452 0.776 0.93612 16.0000 42.27 0.8753 0.8771 1.579244 
784.6575 9.644 141.323 -0.25567 0.20466 0.775 0.93584 16.0000 42.10 0.8752 0.8770 1.580106 
784.2291 9.643 141.327 -0.25566 0.20463 0.785 0.93584 16.0000 42.31 0.8755 0.8773 1.580969 
783.8007 9.642 141.317 -0.25560 0.20465 0.783 0.93590 16.0000 42.42 0.8756 0.8774 1.581833 
783.3722 9.643 141.316 -0.25564 0.20469 0.776 0.93594 16.0000 42.42 0.8758 0.8776 1.582698 
782.9435 9.653 141.284 -0.25584 0.20508 0.779 0.93595 16.0000 42.60 0.8761 0.8779 1.583565 
782.5148 9.661 141.292 -0.25615 0.20528 0.778 0.93622 16.0000 42.72 0.8770 0.8788 1.584433 
782.0861 9.661 141.309 -0.25623 0.20521 0.770 0.93625 16.0000 42.33 0.8772 0.8790 1.585301 
781.6572 9.657 141.327 -0.25619 0.20504 0.770 0.93628 16.0000 42.04 0.8772 0.8790 1.586171 
781.2282 9.661 141.339 -0.25631 0.20506 0.777 0.93615 16.0000 42.35 0.8773 0.8791 1.587042 
780.7991 9.664 141.360 -0.25647 0.20503 0.779 0.93612 16.0000 42.46 0.8776 0.8794 1.587914 
780.3699 9.668 141.378 -0.25670 0.20508 0.784 0.93632 16.0000 42.54 0.8781 0.8799 1.588788 
779.9407 9.671 141.366 -0.25670 0.20517 0.780 0.93622 16.0000 42.59 0.8785 0.8802 1.589662 
779.5113 9.672 141.363 -0.25671 0.20520 0.780 0.93620 16.0000 42.68 0.8784 0.8801 1.590537 
779.0818 9.680 141.350 -0.25687 0.20543 0.783 0.93604 16.0000 42.80 0.8785 0.8802 1.591414 
778.6523 9.694 141.320 -0.25710 0.20583 0.781 0.93582 16.0000 42.79 0.8787 0.8804 1.592292 
778.2227 9.706 141.268 -0.25717 0.20627 0.772 0.93551 16.0000 43.38 0.8788 0.8805 1.593171 
777.7930 9.711 141.284 -0.25731 0.20626 0.778 0.93530 16.0000 42.95 0.8794 0.8811 1.594051 
777.3632 9.720 141.298 -0.25760 0.20640 0.776 0.93524 16.0000 42.74 0.8797 0.8814 1.594933 
776.9332 9.726 141.292 -0.25765 0.20647 0.779 0.93487 16.0000 43.50 0.8801 0.8818 1.595815 
776.5032 9.728 141.302 -0.25766 0.20641 0.776 0.93460 16.0000 43.61 0.8802 0.8819 1.596699 
776.0731 9.732 141.294 -0.25758 0.20641 0.779 0.93394 16.0000 43.49 0.8800 0.8817 1.597584 
775.6429 9.739 141.266 -0.25759 0.20662 0.780 0.93367 16.0000 42.91 0.8799 0.8815 1.598470 
775.2126 9.745 141.277 -0.25777 0.20669 0.781 0.93357 16.0000 43.79 0.8798 0.8815 1.599357 
774.7822 9.749 141.271 -0.25785 0.20679 0.783 0.93344 16.0000 44.09 0.8803 0.8820 1.600246 
774.3517 9.753 141.288 -0.25795 0.20674 0.786 0.93325 16.0000 44.15 0.8802 0.8819 1.601135 
773.9212 9.761 141.291 -0.25819 0.20692 0.773 0.93325 16.0000 43.77 0.8806 0.8823 1.602026 
773.4905 9.767 141.314 -0.25838 0.20689 0.767 0.93293 16.0000 43.80 0.8808 0.8825 1.602918 
773.0598 9.774 141.320 -0.25851 0.20695 0.769 0.93266 16.0000 44.76 0.8809 0.8825 1.603811 
772.6289 9.781 141.314 -0.25872 0.20717 0.773 0.93277 16.0000 44.27 0.8813 0.8829 1.604706 
772.1980 9.791 141.284 -0.25882 0.20747 0.776 0.93249 16.0000 44.16 0.8818 0.8834 1.605601 
771.7669 9.793 141.270 -0.25886 0.20761 0.777 0.93257 16.0000 44.22 0.8820 0.8836 1.606498 
771.3358 9.793 141.258 -0.25876 0.20762 0.779 0.93239 16.0000 44.56 0.8824 0.8840 1.607396 
770.9046 9.800 141.247 -0.25887 0.20779 0.776 0.93221 16.0000 44.32 0.8828 0.8844 1.608295 
770.4733 9.803 141.261 -0.25909 0.20786 0.775 0.93252 16.0000 44.44 0.8835 0.8850 1.609195 
770.0419 9.808 141.252 -0.25918 0.20800 0.777 0.93245 16.0000 44.06 0.8839 0.8854 1.610097 
769.6104 9.816 141.268 -0.25943 0.20808 0.773 0.93232 16.0000 44.69 0.8840 0.8855 1.610999 
769.1787 9.820 141.291 -0.25960 0.20804 0.775 0.93224 16.0000 45.11 0.8838 0.8853 1.611904 
768.7471 9.818 141.288 -0.25947 0.20796 0.779 0.93196 16.0000 44.98 0.8839 0.8854 1.612809 
768.3152 9.831 141.290 -0.25969 0.20812 0.774 0.93144 16.0000 45.04 0.8842 0.8857 1.613715 
767.8834 9.844 141.269 -0.25993 0.20847 0.781 0.93118 16.0000 45.30 0.8840 0.8855 1.614623 
767.4514 9.853 141.222 -0.25999 0.20888 0.779 0.93116 16.0000 45.71 0.8843 0.8858 1.615531 
767.0193 9.858 141.218 -0.26008 0.20898 0.777 0.93097 16.0000 45.80 0.8841 0.8855 1.616442 
766.5872 9.867 141.200 -0.26018 0.20919 0.780 0.93064 16.0000 45.31 0.8841 0.8856 1.617353 
766.1549 9.871 141.173 -0.26013 0.20936 0.780 0.93041 16.0000 45.73 0.8840 0.8854 1.618265 
765.7225 9.878 141.167 -0.26023 0.20948 0.784 0.93014 16.0000 46.26 0.8838 0.8853 1.619179 
765.2901 9.885 141.168 -0.26039 0.20960 0.775 0.93003 16.0000 46.05 0.8840 0.8854 1.620094 
764.8575 9.896 141.179 -0.26068 0.20975 0.779 0.92979 16.0000 46.31 0.8841 0.8855 1.621010 
764.4249 9.905 141.188 -0.26095 0.20991 0.776 0.92975 16.0000 46.23 0.8846 0.8860 1.621928 
763.9922 9.913 141.203 -0.26135 0.21012 0.771 0.93015 16.0000 46.21 0.8851 0.8865 1.622846 
763.5593 9.922 141.194 -0.26155 0.21034 0.780 0.93008 16.0000 46.80 0.8853 0.8867 1.623766 
763.1264 9.926 141.209 -0.26172 0.21036 0.779 0.93004 16.0000 46.64 0.8852 0.8866 1.624687 
762.6934 9.932 141.183 -0.26183 0.21065 0.776 0.93010 16.0000 47.01 0.8852 0.8866 1.625610 
762.2603 9.931 141.181 -0.26173 0.21057 0.787 0.92988 16.0000 47.06 0.8849 0.8863 1.626533 
761.8271 9.936 141.192 -0.26193 0.21066 0.787 0.93002 16.0000 47.34 0.8850 0.8864 1.627458 
761.3938 9.941 141.185 -0.26199 0.21076 0.783 0.92979 16.0000 47.15 0.8851 0.8865 1.628385 
760.9604 9.951 141.166 -0.26209 0.21098 0.778 0.92939 16.0000 46.83 0.8848 0.8862 1.629312 
760.5269 9.960 141.167 -0.26236 0.21120 0.779 0.92936 16.0000 47.54 0.8850 0.8864 1.630241 
760.0933 9.970 141.148 -0.26254 0.21148 0.774 0.92926 16.0000 47.92 0.8855 0.8869 1.631171 
759.6597 9.981 141.130 -0.26276 0.21179 0.777 0.92919 16.0000 47.76 0.8858 0.8872 1.632102 
759.2259 9.983 141.132 -0.26275 0.21177 0.785 0.92894 16.0000 47.76 0.8859 0.8873 1.633034 
758.7921 9.988 141.141 -0.26286 0.21179 0.781 0.92866 16.0000 47.86 0.8862 0.8876 1.633968 
758.3581 9.996 141.122 -0.26294 0.21200 0.778 0.92839 16.0000 48.10 0.8860 0.8874 1.634903 
757.9240 9.995 141.118 -0.26292 0.21201 0.780 0.92843 16.0000 48.64 0.8858 0.8872 1.635839 
757.4899 10.004 141.121 -0.26313 0.21215 0.787 0.92823 16.0000 48.75 0.8860 0.8874 1.636777 
757.0556 10.008 141.154 -0.26330 0.21205 0.783 0.92801 16.0000 48.52 0.8859 0.8873 1.637716 
756.6213 10.022 141.145 -0.26361 0.21237 0.776 0.92786 16.0000 48.14 0.8861 0.8874 1.638656 
756.1868 10.029 141.121 -0.26377 0.21268 0.774 0.92795 16.0000 48.19 0.8861 0.8875 1.639597 
755.7523 10.034 141.148 -0.26399 0.21265 0.780 0.92794 16.0000 47.83 0.8863 0.8876 1.640540 
755.3177 10.041 141.154 -0.26420 0.21277 0.783 0.92791 16.0000 49.22 0.8864 0.8878 1.641484 
754.8830 10.041 141.184 -0.26423 0.21257 0.784 0.92756 16.0000 48.99 0.8863 0.8876 1.642429 
754.4482 10.043 141.190 -0.26430 0.21257 0.784 0.92755 16.0000 49.17 0.8863 0.8877 1.643376 
754.0132 10.049 141.218 -0.26452 0.21254 0.790 0.92738 16.0000 49.90 0.8864 0.8877 1.644324 
753.5782 10.053 141.227 -0.26474 0.21265 0.784 0.92764 16.0000 49.31 0.8864 0.8877 1.645273 
753.1431 10.058 141.233 -0.26497 0.21279 0.787 0.92787 16.0000 49.85 0.8866 0.8879 1.646223 
752.7079 10.062 141.251 -0.26507 0.21273 0.779 0.92758 16.0000 49.40 0.8867 0.8880 1.647175 
752.2726 10.065 141.272 -0.26523 0.21270 0.785 0.92752 16.0000 50.44 0.8866 0.8879 1.648129 
751.8373 10.064 141.276 -0.26529 0.21273 0.781 0.92783 16.0000 49.83 0.8863 0.8877 1.649083 
751.4018 10.073 141.258 -0.26541 0.21295 0.782 0.92754 16.0000 50.48 0.8864 0.8878 1.650039 
750.9662 10.080 141.275 -0.26564 0.21301 0.783 0.92741 16.0000 50.25 0.8869 0.8882 1.650996 
750.5306 10.083 141.291 -0.26575 0.21298 0.788 0.92732 16.0000 50.25 0.8871 0.8885 1.651954 
750.0948 10.086 141.303 -0.26583 0.21295 0.781 0.92717 16.0000 50.33 0.8866 0.8880 1.652914 
749.6589 10.092 141.317 -0.26601 0.21299 0.785 0.92699 16.0000 50.39 0.8867 0.8880 1.653875 
749.2230 10.094 141.318 -0.26609 0.21303 0.792 0.92701 16.0000 50.74 0.8868 0.8881 1.654837 
748.7869 10.097 141.325 -0.26624 0.21311 0.786 0.92719 16.0000 51.16 0.8868 0.8882 1.655801 
748.3508 10.105 141.324 -0.26645 0.21328 0.782 0.92716 16.0000 51.07 0.8869 0.8882 1.656766 
747.9146 10.114 141.345 -0.26673 0.21335 0.790 0.92696 16.0000 50.98 0.8871 0.8884 1.657732 
747.4782 10.119 141.361 -0.26688 0.21335 0.782 0.92676 16.0000 50.32 0.8873 0.8886 1.658700 
747.0417 10.125 141.365 -0.26703 0.21343 0.795 0.92666 16.0000 51.03 0.8873 0.8887 1.659669 
746.6052 10.131 141.348 -0.26710 0.21362 0.791 0.92652 16.0000 51.43 0.8873 0.8886 1.660639 
746.1686 10.139 141.333 -0.26731 0.21390 0.788 0.92662 16.0000 51.65 0.8874 0.8888 1.661611 
745.7319 10.148 141.319 -0.26748 0.21414 0.790 0.92645 16.0000 51.22 0.8875 0.8889 1.662584 
745.2950 10.160 141.316 -0.26770 0.21434 0.795 0.92612 16.0000 51.32 0.8877 0.8891 1.663559 
744.8582 10.167 141.281 -0.26774 0.21465 0.796 0.92602 16.0000 51.79 0.8877 0.8891 1.664534 
744.4211 10.172 141.284 -0.26786 0.21472 0.788 0.92586 16.0000 51.42 0.8878 0.8891 1.665512 
743.9841 10.178 141.303 -0.26812 0.21478 0.787 0.92587 16.0000 51.76 0.8879 0.8893 1.666490 
743.5468 10.183 141.306 -0.26820 0.21482 0.789 0.92561 16.0000 51.44 0.8878 0.8891 1.667470 
743.1096 10.190 141.301 -0.26835 0.21498 0.788 0.92558 16.0000 51.93 0.8880 0.8894 1.668451 
742.6722 10.194 141.326 -0.26852 0.21493 0.793 0.92542 16.0000 51.74 0.8882 0.8895 1.669434 
742.2347 10.195 141.348 -0.26861 0.21483 0.793 0.92538 16.0000 52.41 0.8882 0.8895 1.670418 
741.7971 10.198 141.332 -0.26859 0.21493 0.794 0.92519 16.0000 52.63 0.8880 0.8893 1.671403 
741.3594 10.201 141.329 -0.26866 0.21502 0.786 0.92517 16.0000 51.64 0.8880 0.8893 1.672390 
740.9216 10.207 141.345 -0.26882 0.21502 0.798 0.92496 16.0000 52.91 0.8882 0.8895 1.673378 
740.4838 10.212 141.341 -0.26891 0.21513 0.792 0.92485 16.0000 52.81 0.8882 0.8895 1.674367 
740.0458 10.215 141.353 -0.26906 0.21515 0.790 0.92484 16.0000 52.97 0.8884 0.8896 1.675358 
739.6077 10.219 141.351 -0.26912 0.21522 0.796 0.92468 16.0000 53.12 0.8884 0.8897 1.676351 
739.1696 10.230 141.315 -0.26921 0.21557 0.792 0.92442 16.0000 52.76 0.8884 0.8897 1.677344 
738.7313 10.236 141.319 -0.26938 0.21567 0.798 0.92431 16.0000 53.08 0.8885 0.8897 1.678339 
738.2930 10.243 141.294 -0.26943 0.21590 0.796 0.92414 16.0000 53.46 0.8884 0.8896 1.679336 
737.8545 10.246 141.279 -0.26949 0.21607 0.797 0.92420 16.0000 53.24 0.8884 0.8896 1.680334 
737.4160 10.255 141.254 -0.26960 0.21635 0.799 0.92402 16.0000 53.09 0.8885 0.8897 1.681333 
736.9773 10.260 141.251 -0.26964 0.21641 0.794 0.92379 16.0000 52.80 0.8885 0.8897 1.682334 
736.5386 10.264 141.249 -0.26974 0.21650 0.794 0.92372 16.0000 53.03 0.8885 0.8897 1.683336 
736.0997 10.269 141.246 -0.26986 0.21661 0.799 0.92367 16.0000 54.97 0.8885 0.8896 1.684340 
735.6608 10.275 141.242 -0.26990 0.21668 0.798 0.92329 16.0000 53.79 0.8884 0.8896 1.685344 
735.2218 10.280 141.252 -0.27002 0.21669 0.798 0.92308 16.0000 53.71 0.8884 0.8896 1.686351 
734.7827 10.277 141.264 -0.26998 0.21657 0.802 0.92308 16.0000 53.73 0.8883 0.8894 1.687359 
734.3434 10.283 141.242 -0.27002 0.21678 0.803 0.92287 16.0000 54.36 0.8880 0.8892 1.688368 
733.9041 10.290 141.241 -0.27020 0.21693 0.809 0.92283 16.0000 54.44 0.8879 0.8890 1.689379 
733.4647 10.292 141.244 -0.27027 0.21696 0.804 0.92287 16.0000 55.14 0.8878 0.8890 1.690391 
733.0252 10.296 141.240 -0.27033 0.21704 0.802 0.92275 16.0000 54.63 0.8880 0.8891 1.691404 
732.5856 10.306 141.233 -0.27047 0.21721 0.801 0.92229 16.0000 54.53 0.8879 0.8891 1.692419 
732.1459 10.310 141.227 -0.27049 0.21727 0.802 0.92206 16.0000 54.19 0.8879 0.8890 1.693436 
731.7061 10.306 141.216 -0.27030 0.21720 0.807 0.92194 16.0000 55.01 0.8878 0.8889 1.694453 
731.2662 10.309 141.242 -0.27042 0.21710 0.797 0.92176 16.0000 55.01 0.8879 0.8890 1.695473 
730.8262 10.310 141.228 -0.27036 0.21716 0.806 0.92162 16.0000 54.95 0.8880 0.8891 1.696494 
730.3861 10.307 141.238 -0.27034 0.21706 0.810 0.92163 16.0000 55.08 0.8881 0.8892 1.697516 
729.9459 10.312 141.211 -0.27033 0.21727 0.809 0.92149 16.0000 55.34 0.8881 0.8892 1.698539 
729.5057 10.312 141.204 -0.27026 0.21726 0.810 0.92138 16.0000 54.70 0.8882 0.8893 1.699564 
729.0653 10.318 141.192 -0.27030 0.21739 0.812 0.92113 16.0000 54.81 0.8882 0.8893 1.700591 
728.6248 10.315 141.199 -0.27023 0.21727 0.808 0.92099 16.0000 54.53 0.8881 0.8891 1.701619 
728.1843 10.314 141.211 -0.27017 0.21714 0.813 0.92075 16.0000 55.25 0.8879 0.8890 1.702648 
727.7436 10.317 141.214 -0.27023 0.21716 0.808 0.92066 16.0000 54.87 0.8879 0.8890 1.703680 
727.3028 10.318 141.210 -0.27013 0.21711 0.811 0.92024 16.0000 55.05 0.8879 0.8889 1.704712 
726.8619 10.322 141.205 -0.27014 0.21715 0.811 0.92000 16.0000 55.28 0.8877 0.8887 1.705746 
726.4210 10.322 141.206 -0.27013 0.21714 0.812 0.91988 16.0000 55.69 0.8876 0.8887 1.706781 
725.9799 10.327 141.204 -0.27024 0.21724 0.814 0.91987 16.0000 55.14 0.8877 0.8888 1.707818 
725.5388 10.329 141.176 -0.27004 0.21730 0.813 0.91933 16.0000 55.10 0.8876 0.8886 1.708857 
725.0975 10.331 141.153 -0.26996 0.21742 0.819 0.91912 16.0000 55.79 0.8877 0.8887 1.709897 
724.6561 10.334 141.152 -0.27002 0.21747 0.814 0.91909 16.0000 54.85 0.8878 0.8889 1.710938 
724.2147 10.331 141.161 -0.26996 0.21736 0.816 0.91909 16.0000 55.39 0.8879 0.8889 1.711981 
723.7732 10.328 141.173 -0.26990 0.21722 0.816 0.91900 16.0000 55.33 0.8878 0.8889 1.713025 
723.3315 10.327 141.168 -0.26987 0.21723 0.816 0.91904 16.0000 54.85 0.8880 0.8890 1.714072 
722.8898 10.330 141.155 -0.26990 0.21736 0.824 0.91899 16.0000 55.94 0.8880 0.8890 1.715119 
722.4479 10.334 141.153 -0.27000 0.21745 0.820 0.91899 16.0000 55.67 0.8881 0.8891 1.716168 
722.0060 10.336 141.143 -0.27006 0.21757 0.824 0.91908 16.0000 55.92 0.8881 0.8891 1.717218 
721.5640 10.345 141.111 -0.27014 0.21789 0.816 0.91892 16.0000 55.12 0.8883 0.8893 1.718270 
721.1218 10.348 141.105 -0.27018 0.21797 0.822 0.91889 16.0000 55.55 0.8883 0.8893 1.719324 
720.6796 10.351 141.094 -0.27022 0.21809 0.819 0.91890 16.0000 56.06 0.8884 0.8894 1.720379 
720.2373 10.350 141.093 -0.27017 0.21805 0.821 0.91877 16.0000 56.30 0.8884 0.8894 1.721435 
719.7949 10.348 141.116 -0.27016 0.21786 0.817 0.91865 16.0000 55.98 0.8883 0.8893 1.722493 
719.3524 10.350 141.113 -0.27018 0.21791 0.823 0.91862 16.0000 55.98 0.8885 0.8895 1.723553 
718.9097 10.350 141.102 -0.27015 0.21796 0.826 0.91857 16.0000 56.05 0.8886 0.8896 1.724614 
718.4670 10.353 141.087 -0.27024 0.21816 0.827 0.91883 16.0000 56.34 0.8888 0.8898 1.725677 
718.0242 10.361 141.077 -0.27044 0.21840 0.834 0.91893 16.0000 56.88 0.8889 0.8899 1.726741 
717.5813 10.363 141.067 -0.27046 0.21849 0.829 0.91884 16.0000 56.84 0.8890 0.8900 1.727807 
717.1383 10.368 141.050 -0.27044 0.21861 0.823 0.91859 16.0000 55.84 0.8890 0.8900 1.728874 
716.6952 10.371 141.037 -0.27043 0.21870 0.828 0.91838 16.0000 56.46 0.8890 0.8900 1.729943 
716.2520 10.375 141.033 -0.27058 0.21885 0.833 0.91851 16.0000 57.03 0.8891 0.8901 1.731013 
715.8087 10.380 141.003 -0.27052 0.21904 0.830 0.91829 16.0000 56.93 0.8890 0.8899 1.732086 
715.3653 10.386 140.988 -0.27062 0.21923 0.835 0.91822 16.0000 57.18 0.8891 0.8901 1.733159 
714.9218 10.389 140.986 -0.27073 0.21934 0.831 0.91833 16.0000 57.05 0.8893 0.8903 1.734234 
714.4782 10.394 140.971 -0.27080 0.21952 0.833 0.91829 16.0000 57.03 0.8894 0.8903 1.735311 
714.0345 10.403 140.941 -0.27094 0.21986 0.837 0.91826 16.0000 56.98 0.8893 0.8903 1.736389 
713.5907 10.409 140.929 -0.27108 0.22007 0.835 0.91835 16.0000 57.19 0.8895 0.8905 1.737469 
713.1469 10.412 140.899 -0.27103 0.22027 0.832 0.91826 16.0000 56.37 0.8896 0.8905 1.738550 
712.7028 10.415 140.883 -0.27107 0.22043 0.837 0.91831 16.0000 56.78 0.8897 0.8906 1.739634 
712.2588 10.423 140.863 -0.27118 0.22067 0.836 0.91814 16.0000 57.69 0.8900 0.8909 1.740718 
711.8146 10.431 140.839 -0.27131 0.22097 0.841 0.91811 16.0000 57.00 0.8902 0.8911 1.741805 
711.3703 10.438 140.815 -0.27135 0.22119 0.846 0.91795 16.0000 57.63 0.8903 0.8912 1.742892 
710.9259 10.447 140.782 -0.27146 0.22154 0.845 0.91785 16.0000 57.04 0.8903 0.8912 1.743982 
710.4814 10.452 140.768 -0.27154 0.22171 0.839 0.91777 16.0000 57.10 0.8904 0.8913 1.745073 
710.0369 10.459 140.759 -0.27169 0.22191 0.840 0.91781 16.0000 57.25 0.8904 0.8914 1.746165 
709.5922 10.466 140.739 -0.27180 0.22216 0.839 0.91776 16.0000 56.81 0.8905 0.8914 1.747260 
709.1474 10.475 140.726 -0.27199 0.22241 0.841 0.91771 16.0000 57.71 0.8907 0.8917 1.748356 
708.7026 10.481 140.721 -0.27213 0.22258 0.847 0.91771 16.0000 58.09 0.8908 0.8917 1.749453 
708.2576 10.489 140.725 -0.27239 0.22275 0.845 0.91769 16.0000 57.77 0.8910 0.8919 1.750552 
707.8125 10.496 140.711 -0.27252 0.22297 0.849 0.91767 16.0000 57.18 0.8911 0.8920 1.751653 
707.3674 10.506 140.684 -0.27262 0.22326 0.849 0.91736 16.0000 57.56 0.8912 0.8921 1.752755 
706.9221 10.515 140.666 -0.27279 0.22354 0.853 0.91733 16.0000 58.12 0.8914 0.8923 1.753859 
706.4767 10.525 140.643 -0.27296 0.22387 0.852 0.91730 16.0000 58.26 0.8915 0.8925 1.754965 
706.0313 10.533 140.610 -0.27310 0.22425 0.855 0.91738 16.0000 58.40 0.8916 0.8925 1.756072 
705.5857 10.543 140.592 -0.27326 0.22452 0.853 0.91720 16.0000 58.38 0.8919 0.8928 1.757181 
705.1401 10.554 140.583 -0.27347 0.22477 0.848 0.91700 16.0000 58.00 0.8920 0.8930 1.758292 
704.6943 10.565 140.570 -0.27367 0.22503 0.857 0.91680 16.0000 57.82 0.8922 0.8932 1.759404 
704.2484 10.571 140.540 -0.27369 0.22529 0.857 0.91667 16.0000 57.43 0.8922 0.8931 1.760518 
703.8025 10.580 140.512 -0.27383 0.22564 0.865 0.91666 16.0000 57.75 0.8921 0.8930 1.761633 
703.3564 10.590 140.479 -0.27395 0.22599 0.864 0.91655 16.0000 57.27 0.8921 0.8931 1.762751 
702.9103 10.600 140.455 -0.27410 0.22632 0.862 0.91638 16.0000 58.49 0.8923 0.8932 1.763869 
702.4641 10.609 140.434 -0.27422 0.22658 0.862 0.91620 16.0000 58.95 0.8925 0.8934 1.764990 
702.0177 10.620 140.404 -0.27436 0.22694 0.862 0.91607 16.0000 58.54 0.8927 0.8936 1.766112 
701.5712 10.630 140.398 -0.27456 0.22715 0.861 0.91590 16.0000 58.70 0.8929 0.8938 1.767236 
701.1247 10.639 140.380 -0.27471 0.22742 0.868 0.91579 16.0000 58.84 0.8931 0.8940 1.768361 
700.6780 10.648 140.383 -0.27498 0.22762 0.869 0.91577 16.0000 58.16 0.8933 0.8942 1.769489 
700.2313 10.659 140.366 -0.27520 0.22795 0.874 0.91568 16.0000 58.79 0.8934 0.8943 1.770618 
699.7844 10.668 140.344 -0.27533 0.22822 0.876 0.91550 16.0000 57.72 0.8936 0.8945 1.771748 
699.3375 10.677 140.328 -0.27550 0.22850 0.871 0.91546 16.0000 58.09 0.8938 0.8947 1.772881 
698.8904 10.686 140.322 -0.27575 0.22875 0.871 0.91550 16.0000 58.71 0.8940 0.8949 1.774015 
698.4433 10.698 140.307 -0.27600 0.22908 0.872 0.91548 16.0000 58.65 0.8943 0.8952 1.775150 
697.9961 10.710 140.287 -0.27625 0.22945 0.877 0.91544 16.0000 58.47 0.8946 0.8955 1.776288 
697.5488 10.718 140.272 -0.27640 0.22970 0.880 0.91539 16.0000 58.84 0.8948 0.8957 1.777427 
697.1013 10.723 140.252 -0.27644 0.22990 0.883 0.91528 16.0000 58.71 0.8949 0.8958 1.778568 
696.6537 10.731 140.238 -0.27656 0.23011 0.887 0.91508 16.0000 58.83 0.8950 0.8959 1.779711 
696.2061 10.740 140.221 -0.27670 0.23037 0.889 0.91498 16.0000 58.32 0.8951 0.8960 1.780855 
695.7584 10.748 140.208 -0.27684 0.23059 0.886 0.91480 16.0000 58.36 0.8952 0.8961 1.782001 
695.3105 10.756 140.195 -0.27699 0.23082 0.891 0.91480 16.0000 59.59 0.8953 0.8962 1.783149 
694.8626 10.766 140.184 -0.27719 0.23108 0.889 0.91465 16.0000 59.28 0.8957 0.8966 1.784298 
694.4146 10.775 140.166 -0.27732 0.23134 0.890 0.91450 16.0000 59.07 0.8959 0.8968 1.785449 
693.9664 10.784 140.166 -0.27757 0.23155 0.896 0.91445 16.0000 58.28 0.8961 0.8970 1.786602 
693.5182 10.797 140.151 -0.27787 0.23192 0.895 0.91446 16.0000 58.42 0.8962 0.8971 1.787757 
693.0699 10.806 140.161 -0.27810 0.23202 0.899 0.91419 16.0000 58.35 0.8963 0.8972 1.788913 
692.6215 10.816 140.156 -0.27830 0.23224 0.896 0.91403 16.0000 58.62 0.8963 0.8973 1.790071 
692.1729 10.824 140.141 -0.27851 0.23253 0.898 0.91416 16.0000 59.00 0.8964 0.8974 1.791231 
691.7243 10.831 140.138 -0.27870 0.23272 0.897 0.91416 16.0000 59.34 0.8967 0.8976 1.792393 
691.2756 10.841 140.126 -0.27894 0.23302 0.895 0.91415 16.0000 58.98 0.8969 0.8978 1.793557 
690.8267 10.848 140.114 -0.27909 0.23324 0.905 0.91418 16.0000 58.57 0.8971 0.8980 1.794722 
690.3778 10.858 140.097 -0.27934 0.23359 0.902 0.91428 16.0000 58.41 0.8973 0.8982 1.795889 
689.9288 10.867 140.070 -0.27951 0.23395 0.909 0.91436 16.0000 58.05 0.8976 0.8985 1.797058 
689.4797 10.875 140.052 -0.27960 0.23419 0.907 0.91417 16.0000 58.30 0.8978 0.8987 1.798228 
689.0304 10.882 140.042 -0.27971 0.23435 0.904 0.91396 16.0000 57.53 0.8980 0.8989 1.799401 
688.5811 10.891 140.037 -0.27991 0.23457 0.906 0.91393 16.0000 59.18 0.8982 0.8991 1.800575 
688.1317 10.899 140.020 -0.28011 0.23487 0.905 0.91404 16.0000 58.72 0.8984 0.8993 1.801751 
687.6821 10.905 140.007 -0.28026 0.23511 0.912 0.91415 16.0000 59.08 0.8986 0.8995 1.802929 
687.2325 10.914 139.981 -0.28040 0.23544 0.920 0.91406 16.0000 59.05 0.8988 0.8997 1.804108 
686.7828 10.922 139.966 -0.28052 0.23567 0.925 0.91399 16.0000 58.91 0.8988 0.8997 1.805290 
686.3329 10.931 139.964 -0.28074 0.23586 0.922 0.91385 16.0000 58.46 0.8990 0.8999 1.806473 
685.8830 10.941 139.957 -0.28095 0.23611 0.923 0.91376 16.0000 58.35 0.8991 0.9000 1.807658 
685.4330 10.951 139.941 -0.28118 0.23643 0.921 0.91375 16.0000 58.62 0.8993 0.9003 1.808845 
684.9828 10.960 139.925 -0.28134 0.23670 0.923 0.91364 16.0000 58.58 0.8996 0.9005 1.810034 
684.5327 10.966 139.921 -0.28143 0.23681 0.923 0.91346 16.0000 58.56 0.8996 0.9005 1.811224 
684.0823 10.972 139.904 -0.28150 0.23701 0.928 0.91332 16.0000 58.42 0.8997 0.9006 1.812416 
683.6319 10.980 139.897 -0.28167 0.23721 0.936 0.91325 16.0000 58.27 0.8998 0.9007 1.813610 
683.1813 10.987 139.892 -0.28186 0.23742 0.938 0.91338 16.0000 58.13 0.8999 0.9008 1.814807 
682.7307 10.997 139.871 -0.28211 0.23780 0.939 0.91349 16.0000 58.29 0.9002 0.9011 1.816004 
682.2800 11.005 139.856 -0.28226 0.23805 0.940 0.91344 16.0000 58.52 0.9003 0.9012 1.817204 
681.8292 11.012 139.851 -0.28244 0.23825 0.933 0.91346 16.0000 57.94 0.9006 0.9015 1.818405 
681.3782 11.018 139.832 -0.28251 0.23847 0.935 0.91336 16.0000 58.32 0.9007 0.9016 1.819609 
680.9272 11.025 139.825 -0.28264 0.23864 0.947 0.91328 16.0000 58.13 0.9009 0.9018 1.820814 
680.4761 11.032 139.800 -0.28272 0.23892 0.948 0.91323 16.0000 58.58 0.9010 0.9019 1.822021 
680.0248 11.039 139.789 -0.28286 0.23912 0.953 0.91321 16.0000 58.29 0.9011 0.9020 1.823230 
679.5735 11.046 139.781 -0.28308 0.23938 0.956 0.91334 16.0000 58.37 0.9014 0.9023 1.824441 
679.1221 11.051 139.764 -0.28317 0.23960 0.954 0.91341 16.0000 58.32 0.9015 0.9024 1.825654 
678.6705 11.058 139.756 -0.28338 0.23985 0.962 0.91359 16.0000 58.79 0.9017 0.9026 1.826869 
678.2189 11.064 139.744 -0.28350 0.24005 0.961 0.91357 16.0000 58.92 0.9018 0.9027 1.828085 
677.7672 11.071 139.723 -0.28361 0.24032 0.962 0.91356 16.0000 57.77 0.9019 0.9028 1.829303 
677.3154 11.077 139.715 -0.28377 0.24053 0.967 0.91363 16.0000 57.71 0.9021 0.9030 1.830524 
676.8634 11.086 139.704 -0.28399 0.24081 0.971 0.91370 16.0000 58.20 0.9023 0.9032 1.831746 
676.4114 11.091 139.686 -0.28405 0.24101 0.977 0.91361 16.0000 58.15 0.9025 0.9034 1.832970 
675.9592 11.096 139.671 -0.28410 0.24118 0.977 0.91353 16.0000 58.26 0.9026 0.9035 1.834196 
675.5070 11.102 139.657 -0.28419 0.24137 0.975 0.91349 16.0000 58.09 0.9028 0.9037 1.835424 
675.0547 11.106 139.652 -0.28424 0.24147 0.976 0.91333 16.0000 57.82 0.9029 0.9038 1.836654 
674.6022 11.111 139.641 -0.28429 0.24160 0.982 0.91323 16.0000 57.88 0.9030 0.9039 1.837886 
674.1497 11.116 139.626 -0.28435 0.24178 0.981 0.91319 16.0000 58.30 0.9031 0.9039 1.839120 
673.6971 11.119 139.618 -0.28446 0.24194 0.982 0.91334 16.0000 57.64 0.9033 0.9042 1.840355 
673.2443 11.127 139.612 -0.28469 0.24219 0.994 0.91346 16.0000 58.25 0.9036 0.9045 1.841593 
672.7915 11.132 139.603 -0.28478 0.24234 0.998 0.91336 16.0000 58.34 0.9039 0.9047 1.842832 
672.3386 11.137 139.595 -0.28487 0.24249 0.998 0.91330 16.0000 58.18 0.9043 0.9051 1.844074 
671.8855 11.143 139.577 -0.28492 0.24268 0.994 0.91322 16.0000 57.78 0.9045 0.9054 1.845317 
671.4324 11.147 139.565 -0.28503 0.24287 1.005 0.91328 16.0000 57.94 0.9048 0.9057 1.846563 
670.9791 11.153 139.544 -0.28509 0.24311 1.001 0.91325 16.0000 58.43 0.9050 0.9058 1.847810 
670.5258 11.159 139.518 -0.28514 0.24338 1.012 0.91322 16.0000 58.26 0.9052 0.9061 1.849059 
670.0723 11.162 139.505 -0.28519 0.24353 1.021 0.91330 16.0000 58.50 0.9055 0.9064 1.850311 
669.6188 11.168 139.483 -0.28524 0.24377 1.015 0.91326 16.0000 57.29 0.9059 0.9067 1.851564 
669.1651 11.172 139.464 -0.28528 0.24396 1.027 0.91324 16.0000 58.29 0.9062 0.9070 1.852819 
668.7114 11.178 139.453 -0.28533 0.24410 1.022 0.91298 16.0000 58.19 0.9063 0.9071 1.854076 
668.2575 11.184 139.445 -0.28544 0.24427 1.026 0.91299 16.0000 57.93 0.9064 0.9072 1.855336 
667.8035 11.190 139.421 -0.28555 0.24456 1.020 0.91308 16.0000 57.81 0.9065 0.9074 1.856597 
667.3495 11.194 139.401 -0.28556 0.24474 1.030 0.91300 16.0000 57.82 0.9067 0.9075 1.857860 
666.8953 11.199 139.388 -0.28565 0.24494 1.041 0.91300 16.0000 57.98 0.9070 0.9078 1.859125 
666.4411 11.204 139.374 -0.28565 0.24506 1.042 0.91274 16.0000 56.85 0.9073 0.9081 1.860392 
665.9868 11.210 139.363 -0.28577 0.24526 1.038 0.91279 16.0000 57.33 0.9077 0.9085 1.861661 
665.5323 11.216 139.353 -0.28593 0.24548 1.045 0.91290 16.0000 57.92 0.9080 0.9088 1.862933 
665.0777 11.221 139.333 -0.28602 0.24573 1.045 0.91298 16.0000 57.08 0.9082 0.9090 1.864206 
664.6230 11.225 139.318 -0.28607 0.24590 1.049 0.91298 16.0000 57.60 0.9084 0.9092 1.865482 
664.1683 11.230 139.303 -0.28621 0.24616 1.054 0.91317 16.0000 57.59 0.9087 0.9095 1.866759 
663.7134 11.236 139.305 -0.28641 0.24631 1.060 0.91324 16.0000 57.33 0.9090 0.9097 1.868038 
663.2584 11.241 139.279 -0.28642 0.24654 1.060 0.91321 16.0000 57.41 0.9092 0.9100 1.869319 
662.8034 11.243 139.269 -0.28648 0.24668 1.066 0.91328 16.0000 56.11 0.9094 0.9102 1.870603 
662.3482 11.248 139.262 -0.28658 0.24683 1.071 0.91333 16.0000 57.55 0.9097 0.9105 1.871888 
661.8929 11.252 139.259 -0.28667 0.24694 1.075 0.91325 16.0000 57.62 0.9099 0.9107 1.873176 
661.4376 11.256 139.237 -0.28670 0.24714 1.079 0.91324 16.0000 57.15 0.9102 0.9109 1.874465 
660.9821 11.258 139.232 -0.28671 0.24721 1.082 0.91321 16.0000 57.29 0.9104 0.9111 1.875757 
660.5265 11.264 139.224 -0.28682 0.24737 1.087 0.91317 16.0000 56.10 0.9105 0.9112 1.877051 
660.0708 11.268 139.213 -0.28691 0.24754 1.097 0.91317 16.0000 57.46 0.9106 0.9114 1.878347 
659.6151 11.277 139.203 -0.28706 0.24776 1.096 0.91304 16.0000 57.22 0.9108 0.9116 1.879644 
659.1592 11.282 139.191 -0.28718 0.24796 1.097 0.91310 16.0000 56.88 0.9111 0.9118 1.880945 
658.7032 11.288 139.181 -0.28729 0.24815 1.096 0.91306 16.0000 56.66 0.9114 0.9121 1.882247 
658.2471 11.291 139.171 -0.28739 0.24832 1.110 0.91322 16.0000 57.20 0.9117 0.9125 1.883551 
657.7909 11.296 139.166 -0.28749 0.24845 1.112 0.91320 16.0000 57.19 0.9121 0.9128 1.884857 
657.3346 11.300 139.157 -0.28757 0.24860 1.127 0.91322 16.0000 57.05 0.9122 0.9129 1.886166 
656.8782 11.304 139.159 -0.28769 0.24869 1.123 0.91323 16.0000 56.98 0.9123 0.9131 1.887476 
656.4218 11.308 139.150 -0.28778 0.24885 1.133 0.91330 16.0000 56.96 0.9124 0.9132 1.888788 
655.9651 11.311 139.146 -0.28785 0.24894 1.138 0.91328 16.0000 56.86 0.9126 0.9133 1.890103 
655.5084 11.313 139.134 -0.28792 0.24911 1.138 0.91343 16.0000 56.24 0.9130 0.9137 1.891420 
655.0516 11.316 139.130 -0.28797 0.24919 1.148 0.91339 16.0000 56.37 0.9133 0.9140 1.892739 
654.5947 11.320 139.129 -0.28809 0.24929 1.155 0.91340 16.0000 56.78 0.9136 0.9143 1.894060 
654.1377 11.325 139.127 -0.28815 0.24937 1.155 0.91325 16.0000 56.39 0.9137 0.9145 1.895384 
653.6806 11.329 139.119 -0.28828 0.24954 1.167 0.91333 16.0000 56.56 0.9140 0.9147 1.896709 
653.2234 11.334 139.111 -0.28833 0.24966 1.173 0.91322 16.0000 57.07 0.9142 0.9150 1.898037 
652.7661 11.337 139.106 -0.28842 0.24978 1.171 0.91325 16.0000 56.12 0.9146 0.9153 1.899366 
652.3087 11.342 139.106 -0.28857 0.24992 1.178 0.91328 16.0000 56.29 0.9149 0.9156 1.900698 
651.8511 11.345 139.113 -0.28872 0.24998 1.184 0.91339 16.0000 56.09 0.9151 0.9159 1.902032 
651.3936 11.351 139.110 -0.28891 0.25017 1.197 0.91353 16.0000 55.82 0.9155 0.9162 1.903368 
650.9358 11.357 139.106 -0.28909 0.25036 1.202 0.91363 16.0000 56.66 0.9157 0.9165 1.904707 
650.4780 11.363 139.106 -0.28927 0.25052 1.206 0.91364 16.0000 55.99 0.9160 0.9167 1.906047 
650.0201 11.370 139.107 -0.28946 0.25068 1.211 0.91358 16.0000 55.50 0.9164 0.9171 1.907390 
649.5620 11.374 139.107 -0.28957 0.25077 1.206 0.91362 16.0000 56.23 0.9167 0.9174 1.908735 
649.1039 11.380 139.101 -0.28972 0.25095 1.212 0.91363 16.0000 55.59 0.9172 0.9179 1.910082 
648.6457 11.383 139.090 -0.28978 0.25111 1.226 0.91372 16.0000 55.39 0.9176 0.9183 1.911432 
648.1873 11.388 139.080 -0.28992 0.25132 1.239 0.91378 16.0000 55.75 0.9179 0.9186 1.912783 
647.7289 11.393 139.075 -0.29002 0.25145 1.253 0.91378 16.0000 56.25 0.9182 0.9189 1.914137 
647.2703 11.398 139.069 -0.29016 0.25162 1.248 0.91384 16.0000 55.83 0.9185 0.9192 1.915493 
646.8117 11.404 139.055 -0.29029 0.25186 1.254 0.91389 16.0000 55.32 0.9188 0.9195 1.916851 
646.3530 11.409 139.055 -0.29047 0.25201 1.251 0.91403 16.0000 54.49 0.9193 0.9199 1.918212 
645.8941 11.413 139.048 -0.29059 0.25218 1.271 0.91414 16.0000 56.22 0.9196 0.9203 1.919575 
645.4351 11.420 139.036 -0.29074 0.25242 1.275 0.91412 16.0000 55.18 0.9199 0.9206 1.920940 
644.9761 11.427 139.034 -0.29091 0.25258 1.291 0.91412 16.0000 55.06 0.9202 0.9208 1.922307 
644.5169 11.430 139.024 -0.29101 0.25276 1.286 0.91429 16.0000 55.19 0.9207 0.9214 1.923676 
644.0577 11.436 139.001 -0.29110 0.25304 1.288 0.91437 16.0000 55.18 0.9210 0.9217 1.925048 
643.5983 11.439 138.993 -0.29119 0.25319 1.297 0.91442 16.0000 54.66 0.9214 0.9221 1.926422 
643.1389 11.445 138.978 -0.29133 0.25345 1.309 0.91461 16.0000 55.40 0.9217 0.9223 1.927798 
642.6793 11.448 138.978 -0.29147 0.25356 1.319 0.91472 16.0000 55.55 0.9220 0.9227 1.929177 
642.2196 11.452 138.957 -0.29152 0.25379 1.315 0.91482 16.0000 54.60 0.9224 0.9231 1.930558 
641.7598 11.458 138.946 -0.29163 0.25399 1.332 0.91477 16.0000 54.16 0.9228 0.9234 1.931941 
641.2999 11.465 138.929 -0.29174 0.25424 1.335 0.91477 16.0000 54.33 0.9232 0.9238 1.933326 
640.8400 11.474 138.908 -0.29189 0.25456 1.340 0.91474 16.0000 54.52 0.9235 0.9242 1.934714 
640.3799 11.480 138.895 -0.29201 0.25478 1.353 0.91472 16.0000 54.47 0.9237 0.9244 1.936104 
639.9197 11.489 138.879 -0.29221 0.25510 1.374 0.91483 16.0000 55.19 0.9242 0.9248 1.937496 
639.4594 11.495 138.869 -0.29233 0.25529 1.375 0.91480 16.0000 55.28 0.9245 0.9251 1.938891 
638.9990 11.498 138.839 -0.29226 0.25551 1.373 0.91473 16.0000 55.46 0.9250 0.9256 1.940288 
638.5385 11.503 138.829 -0.29235 0.25567 1.395 0.91471 16.0000 55.45 0.9252 0.9259 1.941687 
638.0779 11.507 138.826 -0.29247 0.25580 1.389 0.91479 16.0000 55.94 0.9257 0.9264 1.943089 
637.6172 11.511 138.813 -0.29251 0.25596 1.385 0.91472 16.0000 55.17 0.9261 0.9268 1.944493 
637.1564 11.519 138.806 -0.29272 0.25620 1.391 0.91479 16.0000 55.27 0.9268 0.9274 1.945899 
636.6954 11.523 138.797 -0.29278 0.25633 1.409 0.91472 16.0000 55.61 0.9271 0.9277 1.947308 
636.2344 11.530 138.775 -0.29293 0.25667 1.419 0.91486 16.0000 55.21 0.9273 0.9280 1.948719 
635.7733 11.535 138.755 -0.29296 0.25687 1.418 0.91476 16.0000 55.24 0.9276 0.9282 1.950132 
635.3121 11.536 138.742 -0.29292 0.25696 1.429 0.91481 16.0000 54.49 0.9280 0.9286 1.951548 
634.8508 11.541 138.724 -0.29301 0.25720 1.427 0.91483 16.0000 54.71 0.9284 0.9291 1.952966 
634.3893 11.546 138.705 -0.29305 0.25741 1.448 0.91480 16.0000 54.78 0.9285 0.9291 1.954387 
633.9278 11.557 138.689 -0.29331 0.25778 1.456 0.91484 16.0000 55.04 0.9283 0.9289 1.955809 
633.4662 11.569 138.668 -0.29354 0.25817 1.470 0.91482 16.0000 54.93 0.9286 0.9292 1.957235 
633.0044 11.575 138.660 -0.29370 0.25838 1.480 0.91489 16.0000 54.97 0.9288 0.9294 1.958662 
632.5425 11.580 138.654 -0.29380 0.25853 1.482 0.91482 16.0000 54.97 0.9286 0.9292 1.960093 
632.0806 11.587 138.641 -0.29392 0.25875 1.490 0.91479 16.0000 54.93 0.9292 0.9298 1.961525 
631.6186 11.586 138.637 -0.29392 0.25878 1.491 0.91496 16.0000 53.99 0.9290 0.9296 1.962960 
631.1564 11.589 138.634 -0.29400 0.25888 1.515 0.91498 16.0000 54.54 0.9299 0.9304 1.964397 
630.6942 11.587 138.610 -0.29384 0.25896 1.511 0.91502 16.0000 54.84 0.9314 0.9320 1.965837 
630.2318 11.585 138.584 -0.29371 0.25908 1.542 0.91509 16.0000 54.49 0.9329 0.9334 1.967279 
629.7693 11.578 138.575 -0.29348 0.25896 1.541 0.91518 16.0000 53.88 0.9343 0.9348 1.968724 
629.3068 11.584 138.555 -0.29360 0.25926 1.546 0.91527 16.0000 54.62 0.9347 0.9353 1.970171 
628.8441 11.581 138.545 -0.29348 0.25924 1.554 0.91530 16.0000 53.63 0.9351 0.9357 1.971620 
628.3813 11.593 138.538 -0.29379 0.25958 1.554 0.91532 16.0000 54.38 0.9351 0.9357 1.973073 
627.9184 11.602 138.522 -0.29401 0.25992 1.571 0.91545 16.0000 53.79 0.9360 0.9366 1.974527 
627.4554 11.614 138.532 -0.29439 0.26016 1.574 0.91541 16.0000 53.91 0.9352 0.9358 1.975984 
626.9923 11.618 138.521 -0.29449 0.26035 1.598 0.91551 16.0000 54.05 0.9346 0.9352 1.977444 
626.5291 11.614 138.513 -0.29432 0.26028 1.590 0.91547 16.0000 53.81 0.9338 0.9344 1.978905 
626.0658 11.614 138.505 -0.29434 0.26037 1.596 0.91564 16.0000 53.84 0.9354 0.9360 1.980370 
625.6024 11.618 138.498 -0.29444 0.26052 1.616 0.91566 16.0000 53.95 0.9364 0.9370 1.981837 
625.1389 11.623 138.536 -0.29474 0.26043 1.636 0.91565 16.0000 53.94 0.9373 0.9379 1.983306 
624.6753 11.632 138.542 -0.29501 0.26061 1.640 0.91562 16.0000 54.02 0.9362 0.9367 1.984778 
624.2115 11.626 138.565 -0.29499 0.26039 1.645 0.91571 16.0000 53.05 0.9378 0.9384 1.986253 
623.7477 11.624 138.577 -0.29492 0.26022 1.627 0.91556 16.0000 53.09 0.9403 0.9409 1.987730 
623.2838 11.642 138.597 -0.29561 0.26065 1.641 0.91585 16.0000 52.84 0.9413 0.9418 1.989209 
622.8198 11.649 138.580 -0.29583 0.26100 1.665 0.91611 16.0000 53.36 0.9441 0.9446 1.990691 
622.3557 11.647 138.482 -0.29550 0.26160 1.684 0.91666 16.0000 53.35 0.9474 0.9479 1.992176 
621.8914 11.646 138.397 -0.29519 0.26210 1.699 0.91695 16.0000 53.47 0.9503 0.9508 1.993663 
621.4271 11.642 138.301 -0.29478 0.26263 1.704 0.91742 16.0000 53.15 0.9518 0.9523 1.995153 
620.9626 11.633 138.187 -0.29401 0.26300 1.658 0.91751 16.0000 52.55 0.9529 0.9534 1.996645 
620.4980 11.614 138.091 -0.29312 0.26309 1.711 0.91771 16.0000 52.63 0.9527 0.9532 1.998140 
620.0334 11.613 137.991 -0.29264 0.26358 1.693 0.91780 16.0000 53.03 0.9546 0.9551 1.999637 
619.5687 11.620 137.880 -0.29228 0.26428 1.747 0.91760 16.0000 52.53 0.9557 0.9562 2.001137 
619.1038 11.616 137.796 -0.29176 0.26459 1.714 0.91759 16.0000 52.82 0.9583 0.9588 2.002640 
618.6388 11.607 137.708 -0.29113 0.26483 1.737 0.91762 16.0000 52.71 0.9612 0.9617 2.004145 
618.1737 11.606 137.620 -0.29069 0.26525 1.745 0.91758 16.0000 52.98 0.9634 0.9639 2.005653 
617.7086 11.598 137.529 -0.28998 0.26544 1.770 0.91745 16.0000 52.33 0.9663 0.9668 2.007163 
617.2433 11.593 137.442 -0.28941 0.26573 1.732 0.91735 16.0000 52.24 0.9683 0.9688 2.008676 
616.7779 11.591 137.360 -0.28901 0.26613 1.743 0.91746 16.0000 53.32 0.9704 0.9709 2.010192 
616.3124 11.584 137.293 -0.28845 0.26624 1.783 0.91726 16.0000 52.60 0.9718 0.9723 2.011710 
615.8468 11.574 137.234 -0.28788 0.26626 1.746 0.91724 16.0000 52.31 0.9736 0.9741 2.013231 
615.3810 11.571 137.158 -0.28742 0.26655 1.749 0.91717 16.0000 51.97 0.9757 0.9763 2.014755 
614.9153 11.559 137.098 -0.28682 0.26655 1.769 0.91716 16.0000 52.32 0.9779 0.9784 2.016281 
614.4493 11.552 137.043 -0.28635 0.26662 1.718 0.91714 16.0000 52.58 0.9799 0.9805 2.017810 
613.9833 11.544 137.003 -0.28589 0.26657 1.796 0.91695 16.0000 51.79 0.9815 0.9821 2.019341 
613.5172 11.540 136.949 -0.28549 0.26670 1.741 0.91681 16.0000 51.14 0.9835 0.9841 2.020875 
613.0510 11.539 136.902 -0.28517 0.26684 1.735 0.91656 16.0000 52.11 0.9848 0.9854 2.022412 
612.5847 11.537 136.867 -0.28486 0.26688 1.780 0.91632 16.0000 52.03 0.9863 0.9870 2.023952 
612.1182 11.536 136.835 -0.28461 0.26694 1.742 0.91606 16.0000 51.77 0.9875 0.9882 2.025494 
611.6517 11.534 136.801 -0.28431 0.26698 1.849 0.91580 16.0000 51.45 0.9886 0.9893 2.027039 
611.1850 11.534 136.774 -0.28411 0.26704 1.960 0.91554 16.0000 50.77 0.9892 0.9899 2.028587 
610.7183 11.534 136.754 -0.28394 0.26706 1.806 0.91533 16.0000 51.93 0.9897 0.9904 2.030137 
610.2514 11.535 136.726 -0.28376 0.26716 1.824 0.91505 16.0000 51.52 0.9903 0.9910 2.031690 
609.7844 11.535 136.709 -0.28361 0.26717 1.752 0.91485 16.0000 52.27 0.9907 0.9915 2.033246 
609.3173 11.539 136.694 -0.28353 0.26725 1.743 0.91445 16.0000 51.14 0.9911 0.9919 2.034805 
608.8502 11.546 136.683 -0.28355 0.26737 1.746 0.91407 16.0000 50.49 0.9911 0.9919 2.036366 
608.3829 11.549 136.690 -0.28363 0.26737 1.781 0.91389 16.0000 50.78 0.9909 0.9917 2.037930 
607.9155 11.556 136.685 -0.28367 0.26746 1.631 0.91352 16.0000 51.63 0.9905 0.9913 2.039497 
607.4480 11.565 136.692 -0.28383 0.26754 1.615 0.91317 16.0000 51.27 0.9901 0.9910 2.041067 
606.9804 11.571 136.698 -0.28392 0.26757 1.640 0.91277 16.0000 49.96 0.9895 0.9904 2.042639 
606.5127 11.581 136.701 -0.28407 0.26768 1.774 0.91238 16.0000 49.54 0.9889 0.9897 2.044214 
606.0449 11.590 136.716 -0.28426 0.26772 1.747 0.91197 16.0000 50.13 0.9879 0.9887 2.045792 
605.5770 11.599 136.740 -0.28451 0.26774 1.738 0.91159 16.0000 49.71 0.9871 0.9880 2.047373 
605.1089 11.612 136.762 -0.28486 0.26785 1.758 0.91125 16.0000 50.33 0.9861 0.9870 2.048957 
604.6408 11.623 136.777 -0.28509 0.26794 1.784 0.91080 16.0000 50.63 0.9852 0.9861 2.050543 
604.1726 11.639 136.801 -0.28550 0.26809 1.779 0.91035 16.0000 49.50 0.9838 0.9848 2.052132 
603.7042 11.655 136.835 -0.28600 0.26824 1.494 0.91002 16.0000 49.63 0.9826 0.9835 2.053724 
603.2358 11.672 136.870 -0.28652 0.26840 1.731 0.90967 16.0000 49.49 0.9812 0.9821 2.055319 
602.7673 11.688 136.910 -0.28699 0.26847 1.506 0.90920 16.0000 48.72 0.9796 0.9806 2.056916 
602.2986 11.701 136.951 -0.28739 0.26846 1.628 0.90869 16.0000 49.74 0.9779 0.9788 2.058517 
601.8298 11.716 136.997 -0.28790 0.26850 1.524 0.90838 16.0000 49.08 0.9765 0.9774 2.060121 
601.3610 11.731 137.045 -0.28838 0.26850 1.559 0.90787 16.0000 49.17 0.9746 0.9755 2.061726 
600.8920 11.748 137.084 -0.28891 0.26862 1.616 0.90744 16.0000 49.07 0.9728 0.9738 2.063336 
600.4229 11.765 137.140 -0.28953 0.26867 1.700 0.90705 16.0000 48.47 0.9707 0.9717 2.064948 
599.9537 11.785 137.196 -0.29019 0.26876 1.836 0.90666 16.0000 49.06 0.9687 0.9697 2.066563 
599.4844 11.805 137.244 -0.29083 0.26890 1.837 0.90620 16.0000 48.85 0.9665 0.9674 2.068181 
599.0150 11.827 137.305 -0.29161 0.26904 1.741 0.90579 16.0000 47.71 0.9643 0.9652 2.069801 
598.5455 11.846 137.355 -0.29227 0.26918 1.695 0.90547 16.0000 47.66 0.9618 0.9627 2.071425 
598.0759 11.868 137.409 -0.29299 0.26934 1.872 0.90512 16.0000 48.65 0.9596 0.9605 2.073051 
597.6062 11.886 137.475 -0.29365 0.26932 1.783 0.90462 16.0000 48.05 0.9574 0.9583 2.074680 
597.1364 11.908 137.539 -0.29445 0.26945 1.750 0.90425 16.0000 47.63 0.9551 0.9560 2.076313 
596.6664 11.935 137.596 -0.29533 0.26971 1.702 0.90384 16.0000 47.81 0.9525 0.9535 2.077948 
596.1964 11.957 137.666 -0.29616 0.26981 1.663 0.90349 16.0000 47.32 0.9498 0.9508 2.079586 
595.7263 11.982 137.736 -0.29708 0.26998 1.799 0.90316 16.0000 47.64 0.9475 0.9485 2.081227 
595.2560 12.001 137.809 -0.29784 0.26998 1.779 0.90280 16.0000 47.11 0.9458 0.9467 2.082872 
594.7857 12.019 137.881 -0.29857 0.26996 1.783 0.90245 16.0000 47.24 0.9435 0.9444 2.084519 
594.3152 12.040 137.946 -0.29933 0.27002 1.786 0.90205 16.0000 46.81 0.9416 0.9425 2.086169 
593.8447 12.060 138.011 -0.30009 0.27009 1.780 0.90174 16.0000 46.97 0.9401 0.9410 2.087822 
593.3740 12.081 138.078 -0.30089 0.27018 1.761 0.90144 16.0000 46.74 0.9379 0.9389 2.089478 
592.9032 12.108 138.138 -0.30182 0.27045 1.786 0.90111 16.0000 47.08 0.9366 0.9376 2.091137 
592.4323 12.133 138.198 -0.30272 0.27068 1.763 0.90083 16.0000 46.02 0.9343 0.9353 2.092799 
591.9613 12.163 138.267 -0.30381 0.27100 1.763 0.90055 16.0000 45.91 0.9315 0.9325 2.094464 
591.4902 12.194 138.337 -0.30491 0.27130 1.745 0.90025 16.0000 45.94 0.9286 0.9297 2.096133 
591.0190 12.230 138.399 -0.30610 0.27177 1.723 0.89985 16.0000 45.74 0.9257 0.9268 2.097804 
590.5477 12.254 138.466 -0.30696 0.27191 1.728 0.89952 16.0000 45.35 0.9236 0.9247 2.099478 
590.0763 12.289 138.521 -0.30814 0.27241 1.724 0.89922 16.0000 45.55 0.9216 0.9226 2.101155 
589.6048 12.307 138.582 -0.30887 0.27248 1.729 0.89910 16.0000 45.12 0.9202 0.9212 2.102836 
589.1331 12.329 138.635 -0.30968 0.27268 1.688 0.89881 16.0000 45.18 0.9181 0.9191 2.104519 
588.6614 12.343 138.660 -0.31018 0.27288 1.695 0.89880 16.0000 45.27 0.9179 0.9189 2.106206 
588.1896 12.362 138.699 -0.31085 0.27310 1.691 0.89859 16.0000 45.67 0.9180 0.9190 2.107895 
587.7176 12.392 138.724 -0.31179 0.27369 1.689 0.89855 16.0000 43.60 0.9187 0.9197 2.109588 
587.2455 12.420 138.750 -0.31263 0.27417 1.646 0.89829 16.0000 43.59 0.9174 0.9183 2.111284 
586.7734 12.441 138.756 -0.31321 0.27462 1.653 0.89813 16.0000 44.57 0.9169 0.9178 2.112983 
586.3011 12.458 138.714 -0.31349 0.27527 1.638 0.89810 16.0000 44.97 0.9167 0.9177 2.114685 
585.8287 12.468 138.680 -0.31363 0.27573 1.670 0.89821 16.0000 45.03 0.9190 0.9199 2.116390 
585.3563 12.492 138.610 -0.31400 0.27674 1.623 0.89820 16.0000 44.23 0.9189 0.9198 2.118098 
584.8837 12.517 138.532 -0.31440 0.27785 1.610 0.89844 16.0000 43.47 0.9181 0.9191 2.119809 
584.4109 12.515 138.429 -0.31381 0.27832 1.598 0.89830 16.0000 43.16 0.9191 0.9201 2.121524 
583.9382 12.521 138.332 -0.31345 0.27896 1.598 0.89811 16.0000 43.41 0.9184 0.9193 2.123242 
583.4652 12.535 138.298 -0.31350 0.27933 1.582 0.89757 16.0000 43.75 0.9169 0.9179 2.124963 
582.9922 12.546 138.265 -0.31353 0.27970 1.567 0.89724 16.0000 43.26 0.9157 0.9166 2.126687 
582.5191 12.559 138.232 -0.31358 0.28006 1.545 0.89680 16.0000 43.34 0.9158 0.9167 2.128414 
582.0458 12.574 138.219 -0.31386 0.28044 1.548 0.89657 16.0000 42.33 0.9166 0.9175 2.130145 
581.5725 12.596 138.197 -0.31428 0.28102 1.537 0.89625 16.0000 42.85 0.9190 0.9199 2.131878 
581.0991 12.605 138.176 -0.31432 0.28127 1.520 0.89594 16.0000 42.46 0.9197 0.9205 2.133615 
580.6255 12.603 138.171 -0.31421 0.28123 1.510 0.89587 16.0000 42.61 0.9211 0.9219 2.135356 
580.1519 12.612 138.155 -0.31432 0.28148 1.494 0.89567 16.0000 41.87 0.9214 0.9222 2.137099 
579.6780 12.626 138.139 -0.31452 0.28183 1.476 0.89538 16.0000 41.75 0.9213 0.9221 2.138846 
579.2042 12.630 138.120 -0.31450 0.28198 1.483 0.89524 16.0000 42.40 0.9218 0.9226 2.140595 
578.7302 12.644 138.114 -0.31480 0.28232 1.473 0.89507 16.0000 41.95 0.9216 0.9224 2.142349 
578.2561 12.652 138.115 -0.31496 0.28245 1.456 0.89484 16.0000 41.47 0.9221 0.9230 2.144105 
577.7819 12.656 138.113 -0.31495 0.28246 1.443 0.89453 16.0000 41.56 0.9225 0.9233 2.145865 
577.3076 12.663 138.104 -0.31510 0.28268 1.430 0.89450 16.0000 41.58 0.9236 0.9245 2.147628 
576.8332 12.678 138.090 -0.31539 0.28308 1.412 0.89428 16.0000 40.61 0.9244 0.9252 2.149394 
576.3586 12.685 138.095 -0.31552 0.28315 1.396 0.89405 16.0000 40.63 0.9246 0.9254 2.151164 
575.8840 12.699 138.092 -0.31584 0.28347 1.387 0.89382 16.0000 41.35 0.9249 0.9257 2.152937 
575.4093 12.713 138.091 -0.31608 0.28369 1.384 0.89343 16.0000 41.49 0.9250 0.9258 2.154713 
574.9344 12.727 138.080 -0.31633 0.28403 1.367 0.89317 16.0000 40.43 0.9253 0.9262 2.156493 
574.4595 12.740 138.080 -0.31659 0.28426 1.365 0.89282 16.0000 40.80 0.9252 0.9260 2.158276 
573.9844 12.748 138.074 -0.31670 0.28442 1.343 0.89257 16.0000 40.02 0.9253 0.9262 2.160062 
573.5092 12.761 138.060 -0.31693 0.28477 1.337 0.89240 16.0000 40.91 0.9253 0.9262 2.161852 
573.0339 12.773 138.054 -0.31713 0.28501 1.334 0.89210 16.0000 40.15 0.9254 0.9263 2.163645 
572.5586 12.785 138.048 -0.31734 0.28525 1.314 0.89175 16.0000 40.00 0.9254 0.9262 2.165441 
572.0831 12.797 138.044 -0.31753 0.28546 1.295 0.89140 16.0000 39.93 0.9256 0.9264 2.167241 
571.6075 12.811 138.032 -0.31774 0.28577 1.286 0.89106 16.0000 39.71 0.9257 0.9266 2.169044 
571.1318 12.825 138.034 -0.31806 0.28605 1.286 0.89082 16.0000 39.04 0.9259 0.9267 2.170851 
570.6559 12.841 138.029 -0.31833 0.28634 1.267 0.89041 16.0000 39.32 0.9259 0.9267 2.172661 
570.1801 12.855 138.032 -0.31868 0.28662 1.248 0.89021 16.0000 39.21 0.9257 0.9265 2.174474 
569.7040 12.864 138.035 -0.31890 0.28679 1.242 0.89004 16.0000 38.68 0.9258 0.9267 2.176291 
569.2278 12.879 138.032 -0.31918 0.28707 1.240 0.88967 16.0000 39.08 0.9261 0.9269 2.178112 
568.7516 12.891 138.033 -0.31943 0.28728 1.225 0.88936 16.0000 38.29 0.9262 0.9270 2.179936 
568.2753 12.903 138.035 -0.31968 0.28749 1.208 0.88915 16.0000 37.98 0.9263 0.9271 2.181763 
567.7988 12.915 138.029 -0.31991 0.28776 1.198 0.88887 16.0000 38.22 0.9264 0.9273 2.183594 
567.3222 12.925 138.025 -0.32009 0.28796 1.195 0.88866 16.0000 38.38 0.9268 0.9276 2.185428 
566.8455 12.937 138.026 -0.32034 0.28817 1.186 0.88838 16.0000 37.81 0.9269 0.9278 2.187266 
566.3687 12.950 138.025 -0.32057 0.28839 1.178 0.88805 16.0000 38.13 0.9268 0.9277 2.189107 
565.8918 12.963 138.022 -0.32082 0.28865 1.155 0.88772 16.0000 37.46 0.9270 0.9278 2.190952 
565.4149 12.978 138.024 -0.32118 0.28895 1.154 0.88750 16.0000 37.51 0.9270 0.9279 2.192800 
564.9377 12.989 138.020 -0.32138 0.28916 1.144 0.88729 16.0000 37.62 0.9272 0.9281 2.194653 
564.4605 12.999 138.018 -0.32154 0.28933 1.136 0.88694 16.0000 37.23 0.9272 0.9281 2.196508 
563.9832 13.008 138.017 -0.32169 0.28948 1.130 0.88669 16.0000 36.83 0.9273 0.9281 2.198367 
563.5057 13.019 138.017 -0.32193 0.28970 1.106 0.88647 16.0000 36.27 0.9272 0.9281 2.200230 
563.0282 13.029 138.018 -0.32216 0.28990 1.106 0.88632 16.0000 36.56 0.9273 0.9282 2.202096 
562.5505 13.043 138.015 -0.32245 0.29018 1.092 0.88600 16.0000 36.23 0.9273 0.9281 2.203966 
562.0728 13.055 138.017 -0.32271 0.29040 1.099 0.88577 16.0000 36.99 0.9273 0.9281 2.205839 
561.5948 13.068 138.016 -0.32298 0.29066 1.079 0.88554 16.0000 36.29 0.9272 0.9281 2.207716 
561.1169 13.081 138.013 -0.32325 0.29092 1.072 0.88532 16.0000 36.05 0.9272 0.9280 2.209597 
560.6388 13.091 138.002 -0.32340 0.29117 1.058 0.88506 16.0000 35.98 0.9272 0.9280 2.211481 
560.1606 13.102 137.997 -0.32358 0.29138 1.059 0.88476 16.0000 35.80 0.9273 0.9281 2.213369 
559.6823 13.112 137.991 -0.32375 0.29159 1.051 0.88449 16.0000 36.07 0.9273 0.9281 2.215260 
559.2039 13.124 137.990 -0.32395 0.29178 1.043 0.88415 16.0000 35.78 0.9271 0.9280 2.217155 
558.7253 13.135 137.988 -0.32418 0.29201 1.033 0.88393 16.0000 36.03 0.9271 0.9279 2.219055 
558.2467 13.150 137.988 -0.32451 0.29231 1.023 0.88372 16.0000 35.14 0.9270 0.9279 2.220957 
557.7679 13.163 137.990 -0.32482 0.29257 1.016 0.88353 16.0000 35.13 0.9270 0.9278 2.222864 
557.2891 13.175 137.989 -0.32508 0.29282 1.008 0.88334 16.0000 35.15 0.9270 0.9278 2.224773 
556.8102 13.185 137.992 -0.32531 0.29299 1.004 0.88307 16.0000 34.95 0.9269 0.9278 2.226687 
556.3311 13.197 137.989 -0.32549 0.29318 0.984 0.88273 16.0000 33.82 0.9270 0.9279 2.228604 
555.8519 13.208 137.992 -0.32578 0.29341 0.994 0.88259 16.0000 34.42 0.9270 0.9279 2.230525 
555.3726 13.219 137.991 -0.32597 0.29359 0.978 0.88231 16.0000 34.09 0.9271 0.9279 2.232451 
554.8932 13.228 137.983 -0.32616 0.29385 0.974 0.88221 16.0000 34.46 0.9271 0.9279 2.234379 
554.4137 13.238 137.974 -0.32636 0.29413 0.965 0.88209 16.0000 34.19 0.9271 0.9280 2.236312 
553.9341 13.250 137.968 -0.32658 0.29438 0.964 0.88188 16.0000 34.65 0.9272 0.9280 2.238248 
553.4543 13.260 137.972 -0.32683 0.29457 0.957 0.88171 16.0000 33.42 0.9273 0.9281 2.240188 
552.9745 13.269 137.969 -0.32698 0.29473 0.944 0.88149 16.0000 33.34 0.9274 0.9282 2.242132 
552.4946 13.277 137.969 -0.32713 0.29487 0.936 0.88123 16.0000 33.30 0.9276 0.9284 2.244080 
552.0145 13.288 137.970 -0.32734 0.29505 0.936 0.88098 16.0000 33.16 0.9278 0.9286 2.246031 
551.5344 13.299 137.975 -0.32763 0.29526 0.930 0.88084 16.0000 33.12 0.9279 0.9287 2.247986 
551.0541 13.309 137.976 -0.32788 0.29547 0.924 0.88067 16.0000 33.33 0.9280 0.9288 2.249946 
550.5737 13.319 137.981 -0.32810 0.29562 0.913 0.88050 16.0000 32.79 0.9283 0.9290 2.251909 
550.0933 13.330 137.977 -0.32837 0.29590 0.911 0.88037 16.0000 33.43 0.9285 0.9293 2.253876 
549.6127 13.340 137.979 -0.32856 0.29606 0.908 0.88016 16.0000 33.11 0.9288 0.9296 2.255847 
549.1320 13.349 137.981 -0.32879 0.29624 0.900 0.88001 16.0000 32.39 0.9291 0.9299 2.257821 
548.6511 13.359 137.981 -0.32904 0.29646 0.895 0.87989 16.0000 32.00 0.9295 0.9303 2.259800 
548.1702 13.370 137.980 -0.32933 0.29673 0.885 0.87985 16.0000 32.27 0.9299 0.9306 2.261783 
547.6891 13.378 137.980 -0.32953 0.29692 0.875 0.87980 16.0000 31.69 0.9302 0.9310 2.263770 
547.2080 13.387 137.987 -0.32980 0.29709 0.878 0.87974 16.0000 31.83 0.9305 0.9313 2.265760 
546.7267 13.397 137.983 -0.33001 0.29731 0.869 0.87958 16.0000 32.21 0.9308 0.9316 2.267755 
546.2454 13.405 137.984 -0.33017 0.29745 0.864 0.87938 16.0000 31.41 0.9312 0.9319 2.269752 
545.7639 13.414 137.986 -0.33035 0.29759 0.859 0.87912 16.0000 31.11 0.9315 0.9323 2.271755 
545.2823 13.423 137.986 -0.33054 0.29777 0.857 0.87899 16.0000 31.45 0.9318 0.9326 2.273762 
544.8007 13.431 137.986 -0.33073 0.29794 0.854 0.87889 16.0000 30.72 0.9323 0.9330 2.275771 
544.3188 13.441 137.987 -0.33104 0.29821 0.848 0.87890 16.0000 30.65 0.9327 0.9335 2.277786 
543.8369 13.450 137.995 -0.33128 0.29834 0.842 0.87879 16.0000 30.54 0.9332 0.9339 2.279805 
543.3549 13.459 137.991 -0.33146 0.29854 0.827 0.87864 16.0000 30.05 0.9336 0.9344 2.281827 
542.8728 13.463 137.993 -0.33160 0.29865 0.830 0.87864 16.0000 30.18 0.9341 0.9349 2.283853 
542.3905 13.471 137.994 -0.33182 0.29884 0.824 0.87862 16.0000 30.10 0.9345 0.9352 2.285884 
541.9082 13.480 137.990 -0.33202 0.29905 0.817 0.87847 16.0000 29.75 0.9347 0.9355 2.287919 
541.4257 13.490 137.991 -0.33226 0.29927 0.817 0.87840 16.0000 29.65 0.9351 0.9359 2.289958 
540.9431 13.497 137.995 -0.33246 0.29940 0.809 0.87833 16.0000 29.05 0.9357 0.9365 2.292001 
540.4604 13.504 138.001 -0.33269 0.29954 0.804 0.87825 16.0000 29.26 0.9361 0.9368 2.294048 
539.9777 13.513 138.002 -0.33293 0.29976 0.814 0.87823 16.0000 29.81 0.9365 0.9373 2.296098 
539.4948 13.521 138.003 -0.33314 0.29993 0.801 0.87816 16.0000 28.95 0.9369 0.9377 2.298154 
539.0118 13.532 137.999 -0.33343 0.30023 0.796 0.87816 16.0000 28.76 0.9375 0.9383 2.300213 
538.5286 13.539 138.004 -0.33366 0.30039 0.791 0.87818 16.0000 28.19 0.9380 0.9388 2.302277 
538.0454 13.546 138.008 -0.33387 0.30053 0.790 0.87816 16.0000 28.09 0.9384 0.9392 2.304344 
537.5621 13.555 138.007 -0.33410 0.30076 0.779 0.87809 16.0000 27.87 0.9388 0.9396 2.306416 
537.0786 13.563 138.002 -0.33431 0.30099 0.775 0.87805 16.0000 27.74 0.9392 0.9400 2.308492 
536.5950 13.572 138.002 -0.33450 0.30117 0.770 0.87790 16.0000 27.26 0.9397 0.9405 2.310573 
536.1114 13.583 138.004 -0.33478 0.30139 0.778 0.87780 16.0000 27.88 0.9401 0.9409 2.312657 
535.6276 13.593 138.004 -0.33504 0.30163 0.769 0.87776 16.0000 26.79 0.9405 0.9413 2.314746 
535.1437 13.603 138.004 -0.33530 0.30187 0.766 0.87769 16.0000 26.98 0.9409 0.9418 2.316839 
534.6597 13.610 138.008 -0.33551 0.30202 0.761 0.87758 16.0000 26.93 0.9412 0.9420 2.318936 
534.1756 13.622 138.008 -0.33583 0.30230 0.757 0.87754 16.0000 26.24 0.9416 0.9424 2.321038 
533.6913 13.630 138.010 -0.33603 0.30245 0.752 0.87742 16.0000 25.74 0.9420 0.9428 2.323144 
533.2070 13.641 138.008 -0.33628 0.30270 0.752 0.87730 16.0000 25.58 0.9423 0.9432 2.325254 
532.7226 13.650 138.019 -0.33662 0.30289 0.749 0.87732 16.0000 25.49 0.9427 0.9436 2.327369 
532.2380 13.661 138.016 -0.33690 0.30318 0.743 0.87727 16.0000 25.06 0.9430 0.9438 2.329488 
531.7534 13.674 138.023 -0.33725 0.30342 0.740 0.87717 16.0000 25.06 0.9435 0.9443 2.331611 
531.2686 13.686 138.031 -0.33763 0.30368 0.739 0.87712 16.0000 25.18 0.9437 0.9445 2.333738 
530.7837 13.699 138.037 -0.33800 0.30394 0.740 0.87697 16.0000 24.53 0.9441 0.9450 2.335870 
530.2987 13.713 138.035 -0.33832 0.30425 0.736 0.87684 16.0000 23.90 0.9444 0.9453 2.338007 
529.8136 13.725 138.040 -0.33870 0.30454 0.735 0.87683 16.0000 24.25 0.9447 0.9456 2.340147 
529.3284 13.738 138.040 -0.33906 0.30487 0.726 0.87677 16.0000 23.56 0.9449 0.9458 2.342292 
528.8430 13.750 138.043 -0.33935 0.30509 0.730 0.87663 16.0000 23.64 0.9451 0.9460 2.344442 
528.3576 13.768 138.040 -0.33978 0.30550 0.728 0.87641 16.0000 23.50 0.9454 0.9463 2.346596 
527.8720 13.781 138.040 -0.34015 0.30584 0.722 0.87638 16.0000 23.00 0.9456 0.9465 2.348755 
527.3864 13.794 138.042 -0.34048 0.30611 0.723 0.87621 16.0000 22.80 0.9457 0.9466 2.350917 
526.9006 13.811 138.037 -0.34090 0.30655 0.716 0.87613 16.0000 22.46 0.9459 0.9469 2.353085 
526.4147 13.827 138.035 -0.34128 0.30691 0.710 0.87595 16.0000 21.83 0.9462 0.9471 2.355257 
525.9287 13.843 138.035 -0.34166 0.30726 0.709 0.87574 16.0000 21.87 0.9464 0.9473 2.357433 
525.4426 13.860 138.036 -0.34209 0.30763 0.716 0.87555 16.0000 22.00 0.9465 0.9474 2.359614 
524.9564 13.876 138.031 -0.34246 0.30801 0.710 0.87536 16.0000 21.30 0.9464 0.9474 2.361800 
524.4700 13.894 138.039 -0.34293 0.30835 0.710 0.87515 16.0000 20.98 0.9464 0.9473 2.363990 
523.9836 13.914 138.042 -0.34345 0.30878 0.705 0.87497 16.0000 20.58 0.9465 0.9474 2.366185 
523.4971 13.934 138.043 -0.34402 0.30929 0.699 0.87487 16.0000 20.60 0.9466 0.9475 2.368384 
523.0104 13.953 138.039 -0.34450 0.30976 0.698 0.87474 16.0000 20.18 0.9465 0.9475 2.370588 
522.5236 13.972 138.037 -0.34496 0.31019 0.697 0.87457 16.0000 19.67 0.9465 0.9474 2.372796 
522.0367 13.993 138.030 -0.34543 0.31070 0.695 0.87431 16.0000 19.55 0.9465 0.9474 2.375009 
521.5497 14.011 138.030 -0.34586 0.31109 0.688 0.87405 16.0000 19.31 0.9466 0.9475 2.377227 
521.0626 14.028 138.030 -0.34620 0.31140 0.689 0.87372 16.0000 19.02 0.9466 0.9475 2.379449 
520.5754 14.048 138.025 -0.34666 0.31186 0.691 0.87344 16.0000 19.26 0.9465 0.9475 2.381676 
520.0881 14.070 138.026 -0.34724 0.31238 0.690 0.87331 16.0000 18.99 0.9466 0.9475 2.383908 
519.6006 14.090 138.026 -0.34776 0.31284 0.683 0.87314 16.0000 18.77 0.9466 0.9475 2.386144 
519.1131 14.109 138.021 -0.34819 0.31329 0.683 0.87286 16.0000 18.64 0.9467 0.9477 2.388385 
518.6254 14.130 138.022 -0.34872 0.31374 0.682 0.87264 16.0000 18.00 0.9466 0.9476 2.390631 
518.1377 14.149 138.021 -0.34920 0.31419 0.682 0.87248 16.0000 17.89 0.9463 0.9473 2.392881 
517.6498 14.170 138.013 -0.34963 0.31467 0.676 0.87213 16.0000 17.34 0.9463 0.9473 2.395137 
517.1618 14.186 138.012 -0.35005 0.31505 0.674 0.87200 16.0000 17.32 0.9462 0.9472 2.397397 
516.6737 14.207 138.007 -0.35058 0.31558 0.670 0.87187 16.0000 17.08 0.9461 0.9471 2.399661 
516.1855 14.228 138.005 -0.35117 0.31614 0.673 0.87186 16.0000 16.69 0.9460 0.9470 2.401931 
515.6971 14.250 137.999 -0.35167 0.31666 0.672 0.87156 16.0000 16.68 0.9461 0.9471 2.404206 
515.2087 14.270 137.994 -0.35214 0.31714 0.669 0.87137 16.0000 16.71 0.9461 0.9471 2.406485 
514.7202 14.293 138.001 -0.35272 0.31758 0.663 0.87101 16.0000 16.47 0.9461 0.9471 2.408769 
514.2314 14.315 138.004 -0.35330 0.31807 0.661 0.87084 16.0000 16.14 0.9461 0.9471 2.411058 
513.7427 14.333 138.008 -0.35375 0.31842 0.667 0.87054 16.0000 16.27 0.9461 0.9471 2.413352 
513.2538 14.358 138.002 -0.35432 0.31900 0.665 0.87022 16.0000 15.92 0.9462 0.9473 2.415651 
512.7648 14.381 137.999 -0.35487 0.31954 0.663 0.87001 16.0000 15.75 0.9460 0.9471 2.417955 
512.2757 14.401 138.004 -0.35541 0.31997 0.665 0.86980 16.0000 15.77 0.9459 0.9470 2.420263 
511.7864 14.426 138.001 -0.35598 0.32051 0.661 0.86942 16.0000 15.71 0.9459 0.9470 2.422577 
511.2971 14.448 137.996 -0.35647 0.32101 0.661 0.86912 16.0000 15.53 0.9458 0.9469 2.424895 
510.8076 14.467 137.991 -0.35684 0.32140 0.651 0.86875 16.0000 15.24 0.9458 0.9469 2.427219 
510.3181 14.487 137.979 -0.35728 0.32193 0.659 0.86856 16.0000 14.95 0.9457 0.9468 2.429547 
509.8284 14.501 137.970 -0.35751 0.32224 0.662 0.86824 16.0000 14.77 0.9453 0.9464 2.431881 
509.3386 14.517 137.972 -0.35789 0.32256 0.651 0.86798 16.0000 14.68 0.9449 0.9461 2.434219 
508.8488 14.537 137.968 -0.35832 0.32299 0.643 0.86763 16.0000 14.29 0.9449 0.9460 2.436563 
508.3587 14.559 137.966 -0.35879 0.32344 0.646 0.86726 16.0000 14.41 0.9446 0.9458 2.438912 
507.8686 14.577 137.961 -0.35920 0.32387 0.652 0.86700 16.0000 14.33 0.9444 0.9456 2.441265 
507.3784 14.598 137.946 -0.35954 0.32434 0.655 0.86653 16.0000 14.15 0.9442 0.9454 2.443624 
506.8880 14.613 137.938 -0.35972 0.32461 0.647 0.86606 16.0000 13.61 0.9438 0.9450 2.445988 
506.3976 14.631 137.924 -0.36000 0.32501 0.647 0.86565 16.0000 13.56 0.9435 0.9447 2.448357 
505.9070 14.647 137.916 -0.36031 0.32539 0.639 0.86536 16.0000 13.12 0.9431 0.9443 2.450731 
505.4163 14.670 137.911 -0.36083 0.32591 0.643 0.86506 16.0000 13.17 0.9431 0.9443 2.453110 
504.9255 14.690 137.907 -0.36131 0.32639 0.638 0.86480 16.0000 13.13 0.9431 0.9443 2.455495 
504.4346 14.710 137.894 -0.36167 0.32686 0.646 0.86443 16.0000 13.14 0.9428 0.9440 2.457884 
503.9436 14.727 137.890 -0.36197 0.32718 0.644 0.86404 16.0000 12.95 0.9422 0.9434 2.460279 
503.4525 14.740 137.875 -0.36214 0.32751 0.641 0.86374 16.0000 12.89 0.9417 0.9429 2.462679 
502.9612 14.759 137.860 -0.36245 0.32796 0.639 0.86332 16.0000 12.70 0.9416 0.9428 2.465085 
502.4698 14.777 137.852 -0.36281 0.32838 0.645 0.86301 16.0000 12.87 0.9412 0.9425 2.467495 
501.9784 14.796 137.838 -0.36309 0.32879 0.648 0.86257 16.0000 12.72 0.9411 0.9423 2.469911 
501.4868 14.812 137.832 -0.36343 0.32916 0.651 0.86228 16.0000 12.76 0.9410 0.9423 2.472332 
500.9951 14.828 137.832 -0.36379 0.32949 0.642 0.86206 16.0000 12.53 0.9406 0.9419 2.474759 
500.5033 14.848 137.825 -0.36423 0.32998 0.626 0.86178 16.0000 11.86 0.9403 0.9416 2.477190 
500.0114 14.866 137.821 -0.36456 0.33032 0.632 0.86137 16.0000 11.84 0.9402 0.9415 2.479627 
499.5193 14.884 137.809 -0.36487 0.33075 0.640 0.86098 16.0000 12.25 0.9400 0.9413 2.482070 
499.0272 14.902 137.804 -0.36520 0.33109 0.639 0.86057 16.0000 11.81 0.9396 0.9409 2.484518 
498.5349 14.916 137.795 -0.36539 0.33137 0.633 0.86015 16.0000 11.42 0.9393 0.9406 2.486971 
498.0426 14.934 137.782 -0.36569 0.33179 0.630 0.85977 16.0000 11.29 0.9391 0.9404 2.489429 
497.5501 14.954 137.766 -0.36602 0.33228 0.624 0.85941 16.0000 10.85 0.9386 0.9399 2.491894 
497.0575 14.974 137.753 -0.36638 0.33276 0.629 0.85903 16.0000 10.91 0.9384 0.9397 2.494363 
496.5648 14.997 137.745 -0.36688 0.33331 0.627 0.85873 16.0000 10.50 0.9385 0.9399 2.496838 
496.0720 15.016 137.733 -0.36723 0.33376 0.627 0.85838 16.0000 10.42 0.9382 0.9395 2.499318 
495.5790 15.033 137.726 -0.36754 0.33413 0.629 0.85803 16.0000 10.13 0.9378 0.9391 2.501805 
495.0860 15.056 137.712 -0.36792 0.33465 0.623 0.85757 16.0000 9.89 0.9376 0.9389 2.504296 
494.5928 15.072 137.699 -0.36816 0.33502 0.631 0.85719 16.0000 10.18 0.9367 0.9381 2.506793 
494.0995 15.091 137.685 -0.36850 0.33549 0.630 0.85682 16.0000 10.09 0.9365 0.9378 2.509296 
493.6062 15.111 137.671 -0.36880 0.33592 0.631 0.85635 16.0000 9.98 0.9360 0.9374 2.511804 
493.1127 15.131 137.663 -0.36919 0.33637 0.623 0.85601 16.0000 9.73 0.9356 0.9369 2.514318 
492.6190 15.153 137.655 -0.36968 0.33692 0.632 0.85575 16.0000 9.82 0.9352 0.9366 2.516837 
492.1253 15.176 137.638 -0.37004 0.33744 0.639 0.85521 16.0000 10.17 0.9349 0.9363 2.519362 
491.6315 15.195 137.633 -0.37039 0.33783 0.625 0.85479 16.0000 9.99 0.9348 0.9361 2.521893 
491.1375 15.215 137.623 -0.37077 0.33828 0.610 0.85445 16.0000 9.92 0.9342 0.9356 2.524429 
490.6435 15.236 137.609 -0.37110 0.33875 0.606 0.85394 16.0000 9.65 0.9339 0.9353 2.526971 
490.1493 15.256 137.605 -0.37151 0.33918 0.615 0.85360 16.0000 9.65 0.9334 0.9347 2.529519 
489.6550 15.276 137.601 -0.37191 0.33958 0.609 0.85323 16.0000 9.79 0.9330 0.9343 2.532072 
489.1606 15.298 137.590 -0.37226 0.34004 0.617 0.85270 16.0000 9.87 0.9325 0.9338 2.534631 
488.6661 15.320 137.583 -0.37266 0.34049 0.609 0.85219 16.0000 9.53 0.9323 0.9336 2.537196 
488.1714 15.347 137.572 -0.37322 0.34113 0.599 0.85176 16.0000 9.33 0.9322 0.9335 2.539768 
487.6767 15.367 137.564 -0.37361 0.34158 0.611 0.85141 16.0000 9.52 0.9318 0.9331 2.542344 
487.1818 15.392 137.556 -0.37405 0.34208 0.596 0.85087 16.0000 9.39 0.9315 0.9328 2.544927 
486.6869 15.415 137.547 -0.37453 0.34263 0.591 0.85049 16.0000 9.28 0.9312 0.9325 2.547514 
486.1918 15.440 137.545 -0.37500 0.34307 0.579 0.84992 16.0000 8.96 0.9308 0.9321 2.550109 
485.6966 15.460 137.544 -0.37540 0.34346 0.588 0.84949 16.0000 9.10 0.9303 0.9316 2.552709 
485.2013 15.487 137.537 -0.37601 0.34410 0.599 0.84917 16.0000 9.31 0.9300 0.9313 2.555314 
484.7058 15.507 137.536 -0.37643 0.34450 0.597 0.84878 16.0000 9.39 0.9295 0.9308 2.557927 
484.2103 15.529 137.533 -0.37691 0.34498 0.585 0.84840 16.0000 9.23 0.9292 0.9304 2.560544 
483.7146 15.556 137.521 -0.37748 0.34565 0.592 0.84805 16.0000 9.68 0.9292 0.9304 2.563168 
483.2189 15.583 137.513 -0.37804 0.34625 0.592 0.84761 16.0000 10.32 0.9290 0.9302 2.565798 
482.7230 15.607 137.506 -0.37852 0.34677 0.588 0.84717 16.0000 10.74 0.9287 0.9299 2.568433 
482.2270 15.629 137.500 -0.37894 0.34724 0.597 0.84672 16.0000 11.30 0.9284 0.9295 2.571075 
481.7309 15.653 137.488 -0.37940 0.34781 0.590 0.84633 16.0000 11.71 0.9281 0.9292 2.573723 
481.2346 15.672 137.484 -0.37982 0.34824 0.590 0.84608 16.0000 12.39 0.9276 0.9288 2.576377 
480.7383 15.694 137.478 -0.38032 0.34876 0.574 0.84578 16.0000 12.21 0.9273 0.9285 2.579037 
480.2419 15.720 137.476 -0.38096 0.34938 0.569 0.84551 16.0000 12.52 0.9271 0.9282 2.581703 
479.7453 15.745 137.481 -0.38161 0.34991 0.561 0.84523 16.0000 13.04 0.9270 0.9281 2.584375 
479.2486 15.767 137.479 -0.38207 0.35036 0.556 0.84481 16.0000 13.02 0.9266 0.9277 2.587054 
478.7518 15.788 137.480 -0.38258 0.35081 0.549 0.84450 16.0000 13.24 0.9262 0.9273 2.589738 
478.2549 15.810 137.484 -0.38314 0.35128 0.545 0.84425 16.0000 13.52 0.9256 0.9267 2.592429 
477.7579 15.834 137.483 -0.38370 0.35181 0.549 0.84396 16.0000 14.15 0.9253 0.9264 2.595126 
477.2608 15.855 137.481 -0.38417 0.35226 0.541 0.84358 16.0000 13.75 0.9250 0.9261 2.597829 
476.7635 15.877 137.488 -0.38477 0.35273 0.544 0.84340 16.0000 14.38 0.9246 0.9257 2.600539 
476.2662 15.902 137.491 -0.38541 0.35327 0.547 0.84308 16.0000 14.87 0.9244 0.9255 2.603254 
475.7687 15.927 137.496 -0.38602 0.35378 0.549 0.84270 16.0000 15.16 0.9242 0.9253 2.605976 
475.2711 15.951 137.499 -0.38652 0.35420 0.557 0.84222 16.0000 16.26 0.9240 0.9250 2.608705 
474.7734 15.972 137.501 -0.38700 0.35461 0.555 0.84184 16.0000 16.87 0.9237 0.9248 2.611439 
474.2756 15.996 137.503 -0.38758 0.35511 0.552 0.84149 16.0000 17.54 0.9236 0.9246 2.614180 
473.7776 16.014 137.502 -0.38798 0.35549 0.557 0.84119 16.0000 18.87 0.9232 0.9243 2.616928 
473.2796 16.032 137.506 -0.38829 0.35573 0.548 0.84067 16.0000 19.67 0.9229 0.9239 2.619682 
472.7814 16.051 137.504 -0.38877 0.35619 0.542 0.84044 16.0000 19.92 0.9226 0.9237 2.622442 
472.2831 16.068 137.509 -0.38910 0.35644 0.536 0.84005 16.0000 21.13 0.9223 0.9233 2.625209 
471.7848 16.085 137.517 -0.38947 0.35667 0.534 0.83956 16.0000 22.24 0.9222 0.9232 2.627982 
471.2863 16.109 137.517 -0.38997 0.35712 0.526 0.83914 16.0000 22.77 0.9221 0.9231 2.630762 
470.7876 16.125 137.520 -0.39033 0.35743 0.520 0.83883 16.0000 23.48 0.9217 0.9228 2.633548 
470.2889 16.146 137.530 -0.39081 0.35773 0.513 0.83837 16.0000 23.72 0.9217 0.9227 2.636341 
469.7900 16.167 137.540 -0.39135 0.35810 0.510 0.83799 16.0000 24.06 0.9216 0.9226 2.639141 
469.2911 16.187 137.557 -0.39180 0.35830 0.504 0.83748 16.0000 24.26 0.9213 0.9223 2.641946 
468.7920 16.214 137.568 -0.39247 0.35877 0.503 0.83696 16.0000 24.57 0.9216 0.9226 2.644759 
468.2928 16.240 137.573 -0.39308 0.35926 0.504 0.83653 16.0000 24.88 0.9217 0.9227 2.647578 
467.7935 16.261 137.584 -0.39350 0.35953 0.506 0.83597 16.0000 25.52 0.9217 0.9226 2.650404 
467.2941 16.285 137.596 -0.39405 0.35987 0.510 0.83544 16.0000 25.96 0.9217 0.9227 2.653237 
466.7945 16.312 137.620 -0.39471 0.36018 0.516 0.83477 16.0000 27.17 0.9220 0.9230 2.656077 
466.2949 16.336 137.641 -0.39530 0.36044 0.517 0.83419 16.0000 28.79 0.9220 0.9230 2.658922 
465.7951 16.360 137.653 -0.39585 0.36079 0.524 0.83365 16.0000 30.45 0.9224 0.9233 2.661775 
465.2952 16.381 137.678 -0.39645 0.36101 0.524 0.83325 16.0000 32.03 0.9224 0.9234 2.664635 
464.7952 16.407 137.693 -0.39702 0.36135 0.525 0.83255 16.0000 34.80 0.9228 0.9238 2.667502 
464.2951 16.426 137.709 -0.39740 0.36150 0.522 0.83196 16.0000 37.32 0.9228 0.9237 2.670375 
463.7949 16.445 137.725 -0.39775 0.36161 0.517 0.83126 16.0000 39.71 0.9228 0.9237 2.673255 
463.2946 16.457 137.753 -0.39814 0.36161 0.510 0.83092 16.0000 41.48 0.9227 0.9237 2.676142 
462.7941 16.477 137.771 -0.39858 0.36178 0.503 0.83036 16.0000 43.24 0.9232 0.9241 2.679036 
462.2935 16.497 137.781 -0.39888 0.36192 0.496 0.82957 16.0000 45.62 0.9234 0.9244 2.681937 
461.7928 16.514 137.806 -0.39926 0.36196 0.489 0.82899 16.0000 46.87 0.9236 0.9246 2.684845 
461.2921 16.536 137.827 -0.39973 0.36211 0.483 0.82827 16.0000 48.20 0.9241 0.9250 2.687759 
460.7911 16.557 137.854 -0.40030 0.36228 0.478 0.82777 16.0000 48.13 0.9244 0.9254 2.690681 
460.2901 16.581 137.871 -0.40078 0.36250 0.473 0.82699 16.0000 48.30 0.9247 0.9257 2.693610 
459.7889 16.604 137.881 -0.40125 0.36280 0.470 0.82641 16.0000 47.78 0.9250 0.9260 2.696546 
459.2877 16.627 137.897 -0.40184 0.36313 0.470 0.82599 16.0000 48.25 0.9256 0.9266 2.699489 
458.7863 16.653 137.916 -0.40256 0.36353 0.471 0.82557 16.0000 48.56 0.9263 0.9272 2.702439 
458.2848 16.678 137.940 -0.40305 0.36367 0.471 0.82467 16.0000 49.42 0.9264 0.9274 2.705396 
457.7832 16.696 137.961 -0.40332 0.36365 0.474 0.82382 16.0000 50.20 0.9262 0.9272 2.708360 
457.2815 16.717 137.984 -0.40377 0.36375 0.474 0.82314 16.0000 51.30 0.9263 0.9273 2.711332 
456.7796 16.744 138.015 -0.40446 0.36398 0.473 0.82243 16.0000 51.27 0.9271 0.9281 2.714311 
456.2777 16.771 138.051 -0.40522 0.36420 0.470 0.82184 16.0000 52.96 0.9282 0.9292 2.717297 
455.7756 16.793 138.087 -0.40572 0.36420 0.464 0.82106 16.0000 52.63 0.9288 0.9298 2.720290 
455.2734 16.824 138.118 -0.40630 0.36431 0.455 0.81988 16.0000 52.23 0.9289 0.9300 2.723291 
454.7711 16.853 138.148 -0.40699 0.36455 0.449 0.81909 16.0000 51.66 0.9298 0.9309 2.726299 
454.2687 16.885 138.180 -0.40772 0.36480 0.441 0.81815 16.0000 49.89 0.9309 0.9320 2.729314 
453.7662 16.915 138.207 -0.40853 0.36518 0.433 0.81757 16.0000 47.67 0.9317 0.9328 2.732336 
453.2635 16.947 138.235 -0.40918 0.36540 0.425 0.81659 16.0000 45.61 0.9319 0.9330 2.735367 
452.7608 16.978 138.261 -0.40997 0.36577 0.417 0.81593 16.0000 42.75 0.9326 0.9336 2.738404 
452.2579 17.010 138.289 -0.41073 0.36610 0.413 0.81513 16.0000 39.52 0.9330 0.9341 2.741449 
451.7549 17.042 138.315 -0.41152 0.36645 0.413 0.81438 16.0000 37.48 0.9336 0.9346 2.744501 
451.2518 17.075 138.343 -0.41231 0.36680 0.411 0.81358 16.0000 34.67 0.9340 0.9351 2.747561 
450.7485 17.108 138.370 -0.41322 0.36726 0.411 0.81300 16.0000 32.34 0.9348 0.9359 2.750629 
450.2452 17.142 138.397 -0.41397 0.36758 0.414 0.81207 16.0000 30.21 0.9351 0.9362 2.753704 
449.7417 17.176 138.424 -0.41481 0.36797 0.414 0.81127 16.0000 27.77 0.9356 0.9367 2.756787 
449.2382 17.211 138.451 -0.41569 0.36841 0.415 0.81057 16.0000 26.67 0.9361 0.9373 2.759876 
448.7345 17.246 138.479 -0.41654 0.36880 0.415 0.80973 16.0000 25.32 0.9365 0.9377 2.762974 
448.2307 17.282 138.506 -0.41744 0.36925 0.412 0.80898 16.0000 23.74 0.9371 0.9383 2.766080 
447.7267 17.318 138.533 -0.41845 0.36978 0.409 0.80841 16.0000 22.80 0.9379 0.9391 2.769193 
447.2227 17.354 138.560 -0.41940 0.37027 0.403 0.80770 16.0000 21.34 0.9385 0.9397 2.772314 
446.7186 17.392 138.588 -0.42023 0.37064 0.397 0.80669 16.0000 19.09 0.9386 0.9398 2.775443 
446.2143 17.429 138.615 -0.42123 0.37118 0.390 0.80603 16.0000 17.69 0.9393 0.9405 2.778580 
445.7099 17.467 138.642 -0.42224 0.37170 0.385 0.80533 16.0000 16.23 0.9399 0.9411 2.781724 
445.2054 17.506 138.669 -0.42326 0.37225 0.381 0.80463 16.0000 14.60 0.9405 0.9418 2.784876 
444.7008 17.545 138.696 -0.42427 0.37278 0.381 0.80388 16.0000 13.39 0.9410 0.9423 2.788036 
444.1960 17.585 138.724 -0.42530 0.37333 0.380 0.80314 16.0000 11.83 0.9415 0.9429 2.791204 
443.6912 17.625 138.751 -0.42632 0.37387 0.379 0.80235 16.0000 10.76 0.9420 0.9434 2.794380 
443.1862 17.665 138.778 -0.42738 0.37444 0.381 0.80161 16.0000 9.65 0.9425 0.9439 2.797564 
442.6812 17.706 138.805 -0.42852 0.37508 0.384 0.80100 16.0000 8.95 0.9433 0.9447 2.800756 
442.1759 17.747 138.832 -0.42959 0.37565 0.386 0.80021 16.0000 8.09 0.9438 0.9452 2.803956 
441.6706 17.789 138.859 -0.43065 0.37622 0.388 0.79938 16.0000 7.58 0.9442 0.9456 2.807164 
441.1652 17.832 138.886 -0.43180 0.37687 0.390 0.79868 16.0000 7.04 0.9448 0.9463 2.810380 
440.6596 17.874 138.913 -0.43294 0.37750 0.387 0.79794 16.0000 6.68 0.9453 0.9468 2.813605 
440.1540 17.918 138.940 -0.43401 0.37807 0.386 0.79703 16.0000 6.20 0.9456 0.9471 2.816837 
439.6482 17.918 138.940 -0.43401 0.37807 0.388 0.79703 16.0000 5.81 0.9456 0.9471 2.820077 

# MINIMA:
439.6482 0.170 1.200 -69.78410 -16.24419 -2974.237 -171.78439 16.0000 5.23 0.5229 0.5525 1.240099 

# MAXIMA:
999.7925 85.301 359.808 44.06240 52.07023 230.980 67.35754 16.0000 59.59 2.72211893612340838E18 1.87839422997158953E19 2.820077 

# PEAKS:

# END SPECTRUM

