## SPECTRUM TYPE:
LCE

## DATE:
24/09/2026

## COMMENTS:

## NUMBER OF SPECTRUM:
1

## ELLIPSOMETRIC CONFIGURATION:
0.00 ø :Modulator
+45.00 øAnalyser

## UNIT:
nm


# SPECTRUM:
1

# CAPTION:


# START TIME:
15:47:06

# END TIME:
15:47:06

# THETA ANGLE:
0.00 ø

# INCIDENCE ANGLE:
69.95 ø

# ACCUMULATION NUMBER:
28

# ELLIPSOMETRIC CONFIGURATION:
0.00 ø :Modulator
+45.00 øAnalyser

# INTEGRATION TIME:
8 ms

# FIRST POINT:
999.79 nm

# LAST POINT:
439.65 nm

# INCREMENT:
0.00 nm

# NUMBER OF POINTS:
1273

# DATA:
nm Psi Delta Ic Is Reflectance IcPrim IntegrationTime IntensityMax Polarization PolarizationGen eV 
999.7925 0.695 209.392 -1.42449 -0.80240 0.000 67.35753 8.0000 4.47 2.71830528004246733E18 8.20099719708121498E18 1.240099 
999.4089 0.695 209.392 -1.42449 -0.80240 0.390 67.35753 8.0000 4.44 2.52822665763487744E18 7.62753976078906163E18 1.240575 
999.0253 0.695 209.392 -1.42449 -0.80240 0.310 67.35753 8.0000 4.53 2.41011986735824896E18 7.24096301733511168E18 1.241052 
998.6415 0.695 209.392 -1.42449 -0.80240 0.363 67.35753 8.0000 4.54 2.2754039918713897E18 6.81424970142082662E18 1.241529 
998.2578 0.695 209.392 -1.42449 -0.80240 0.112 67.35753 8.0000 4.63 2.12223418810184499E18 6.34389292070941491E18 1.242006 
997.8739 0.695 209.392 -1.42449 -0.80240 0.332 67.35753 8.0000 4.63 1.94876451346553242E18 5.82316091525981798E18 1.242484 
997.4900 0.695 209.392 -1.42449 -0.80240 -0.009 67.35753 8.0000 4.63 1.75314985001209037E18 5.24894096765380198E18 1.242962 
997.1060 0.695 209.392 -1.42449 -0.80240 0.003 67.35753 8.0000 4.70 1.5335448049132503E18 4.61620391170591949E18 1.243440 
996.7219 0.695 209.392 -1.42449 -0.80240 -2.032 67.35753 8.0000 4.71 1.28810371046283674E18 3.92104180821314765E18 1.243920 
996.3377 0.695 209.392 -1.42449 -0.80240 -0.343 67.35753 8.0000 4.78 1.0149815174299648E18 3.16516054946598093E18 1.244399 
995.9535 0.695 209.392 -1.42449 -0.80240 -0.084 67.35753 8.0000 4.75 716023343764996096.0000 2.36513389886360781E18 1.244879 
995.5692 0.695 209.392 -1.42449 -0.80240 0.602 67.35753 8.0000 4.89 393074651015675904.0000 1.54997274558280499E18 1.245360 
995.1848 0.695 209.392 -1.42449 -0.80240 -0.398 67.35753 8.0000 4.96 51671785170534400.0000 915832575358926848.0000 1.245841 
994.8003 0.695 209.392 -1.42449 -0.80240 0.008 67.35754 8.0000 4.96 295267353648693248.0000 1.06900313504271565E18 1.246322 
994.4158 0.695 209.392 -1.42449 -0.80240 0.006 67.35753 8.0000 4.92 629288506446839808.0000 1.80306218035498189E18 1.246804 
994.0311 61.926 266.328 -0.11329 -1.76541 0.005 -1.18657 8.0000 5.03 0.6740 220629085561290752.0000 1.247287 
993.6464 67.527 247.875 -0.45502 -1.11919 0.274 -1.21039 8.0000 5.02 0.6611 28681780865269760.0000 1.247770 
993.2617 69.964 213.226 -0.76694 -0.50237 0.574 -1.08982 8.0000 5.04 0.6788 280198924747145216.0000 1.248253 
992.8768 65.576 171.370 -0.61077 0.09270 -0.060 -0.53990 8.0000 5.04 0.7077 522890930890473472.0000 1.248737 
992.4919 65.376 140.514 -0.14130 0.11642 0.029 -0.15777 8.0000 5.03 0.8430 1.0665 1.249221 
992.1069 69.175 187.736 -0.38856 -0.05279 -7.265 -0.44089 8.0000 5.15 0.7006 0.9155 1.249706 
991.7218 59.066 172.892 -0.28747 0.03585 -0.281 -0.15489 8.0000 5.19 0.6741 0.8623 1.250191 
991.3367 27.312 126.035 -0.10691 0.14697 0.145 0.12905 8.0000 5.33 0.6786 0.8213 1.250677 
990.9514 14.610 80.451 0.06438 0.38270 0.626 0.69382 8.0000 5.30 1.1027 1.1696 1.251163 
990.5661 9.762 94.451 -0.02152 0.27639 5.401 0.78185 8.0000 5.27 0.9886 1.0457 1.251650 
990.1807 7.130 72.875 0.07290 0.23658 -11.934 0.97405 8.0000 5.31 0.9022 0.9797 1.252137 
989.7953 4.386 92.207 -0.00563 0.14602 -0.220 0.94691 8.0000 5.36 0.8524 0.9488 1.252625 
989.4097 6.798 109.980 -0.08113 0.22315 -1.009 0.98173 8.0000 5.49 0.8360 0.9425 1.253113 
989.0241 9.033 122.175 -0.16540 0.26291 0.547 0.95228 8.0000 5.46 0.8571 0.9717 1.253601 
988.6384 12.230 131.038 -0.27970 0.32134 0.863 0.93657 8.0000 5.44 0.8901 0.9787 1.254090 
988.2526 12.065 112.055 -0.15778 0.38943 15.070 0.93797 8.0000 5.58 0.8371 0.9332 1.254580 
987.8668 12.780 106.988 -0.13374 0.43776 0.550 0.95706 8.0000 5.58 0.8499 0.9472 1.255070 
987.4809 11.356 111.690 -0.14482 0.36410 -2215.677 0.93617 8.0000 5.57 0.7650 0.8299 1.255560 
987.0949 11.100 113.757 -0.16779 0.38121 0.651 1.02057 8.0000 5.64 0.7302 0.7571 1.256051 
986.7088 6.085 111.499 -0.10071 0.25568 0.559 1.27424 8.0000 5.65 0.8856 0.8972 1.256543 
986.3226 5.043 149.346 -0.16149 0.09571 -1.290 1.05536 8.0000 5.73 0.9962 1.0092 1.257035 
985.9364 7.813 105.888 -0.06582 0.23123 -3.579 0.85953 8.0000 5.75 1.1145 1.1526 1.257527 
985.5501 10.568 91.326 -0.00675 0.29146 48.341 0.75414 8.0000 5.71 1.2761 1.3801 1.258020 
985.1638 14.211 89.263 0.00504 0.39127 -0.985 0.72302 8.0000 5.74 1.4934 1.6360 1.258513 
984.7773 17.277 88.242 0.01433 0.46699 0.482 0.67844 8.0000 5.84 1.5817 1.7288 1.259007 
984.3907 22.791 82.702 0.07407 0.57835 -0.332 0.57136 8.0000 5.91 1.3728 1.5236 1.259502 
984.0041 16.985 82.806 0.05704 0.45196 -0.198 0.67613 8.0000 5.90 1.2048 1.3265 1.259997 
983.6174 9.410 72.604 0.07593 0.24233 0.264 0.74511 8.0000 6.05 0.8862 1.0054 1.260492 
983.2307 7.789 74.613 0.07563 0.27481 0.321 1.02241 8.0000 6.07 0.8256 0.9466 1.260988 
982.8438 4.456 217.721 -0.16469 -0.12738 0.249 1.32762 8.0000 6.14 0.9857 1.0611 1.261484 
982.4569 7.217 24.126 0.23540 0.10543 0.256 1.00211 8.0000 6.14 1.0031 1.1829 1.261981 
982.0699 10.293 67.839 0.11734 0.28809 -1.150 0.82824 8.0000 6.27 0.9209 1.0659 1.262478 
981.6828 13.909 85.511 0.03010 0.38350 -0.006 0.72908 8.0000 6.30 0.9249 1.0290 1.262976 
981.2957 16.357 101.524 -0.10242 0.50234 -0.004 0.79815 8.0000 6.35 0.9336 1.0309 1.263474 
980.9084 22.190 108.407 -0.20238 0.60814 0.002 0.65495 8.0000 6.38 0.9655 1.1869 1.263973 
980.5211 35.356 111.536 -0.36117 0.91519 0.004 0.34434 8.0000 6.37 0.6837 0.7590 1.264472 
980.1337 29.886 125.089 -0.49870 0.70985 -0.001 0.50548 8.0000 6.54 0.6314 0.8470 1.264972 
979.7463 25.990 145.713 -1.00385 0.68445 -0.001 0.94992 8.0000 6.37 0.7206 1.1180 1.265472 
979.3587 51.747 135.343 -7.07138 6.98727 3.536 -2.38554 8.0000 6.45 0.7822 1.0108 1.265973 
978.9711 63.269 177.269 -8.61048 0.41069 3.326 -6.38745 8.0000 6.52 0.8640 1.4527 1.266474 
978.5834 66.056 222.718 -0.79878 -0.73756 0.630 -0.98276 8.0000 6.46 0.9019 1.7166 1.266976 
978.1956 46.547 243.736 -0.22137 -0.44861 4.155 -0.02704 8.0000 6.54 0.8782 1.7831 1.267478 
977.8077 16.941 225.512 -0.17192 -0.17501 -1.408 0.36532 8.0000 6.66 0.8674 1.6834 1.267981 
977.4199 8.926 194.809 -0.18878 -0.04991 1.393 0.60625 8.0000 6.67 0.9880 1.4909 1.268484 
977.0319 11.090 175.783 -0.25750 0.01898 1.340 0.63331 8.0000 6.68 1.0743 1.2216 1.268988 
976.6437 13.786 181.699 -0.34669 -0.01029 0.642 0.66422 8.0000 6.75 1.0669 1.4373 1.269493 
976.2556 13.148 177.975 -0.39687 0.01403 -4.745 0.80363 8.0000 6.71 1.3064 1.4688 1.269997 
975.8674 11.882 132.437 -0.25644 0.28047 0.577 0.86315 8.0000 6.87 1.3473 1.4499 1.270502 
975.4790 19.476 125.895 -0.35788 0.49448 0.452 0.75510 8.0000 6.99 1.4537 1.5653 1.271008 
975.0906 13.441 106.662 -0.11189 0.37383 -0.817 0.76978 8.0000 6.88 1.4301 1.5043 1.271515 
974.7021 13.504 117.991 -0.17613 0.33138 -6.349 0.73630 8.0000 7.04 1.3895 1.4824 1.272021 
974.3136 12.145 120.737 -0.17756 0.29861 0.515 0.76976 8.0000 7.01 1.2204 1.2945 1.272529 
973.9250 12.094 119.884 -0.16471 0.28662 0.013 0.73601 8.0000 7.04 0.9839 1.0371 1.273036 
973.5363 12.584 117.305 -0.14252 0.27605 0.024 0.66119 8.0000 7.13 0.8084 0.8417 1.273545 
973.1475 11.515 126.864 -0.14819 0.19763 -2.481 0.58111 8.0000 7.11 0.5595 0.5948 1.274053 
972.7586 1.407 230.679 -0.03809 -0.04651 -1.389 1.22295 8.0000 7.18 0.6313 0.6594 1.274563 
972.3697 7.349 210.184 -0.12734 -0.07407 -0.520 0.56164 8.0000 7.28 0.5490 0.5747 1.275073 
971.9807 51.567 160.971 -0.14430 0.04977 -0.241 -0.03562 8.0000 7.32 0.5457 0.5747 1.275583 
971.5916 69.901 139.633 -0.14528 0.12350 -0.251 -0.22566 8.0000 7.33 0.8354 0.8639 1.276094 
971.2024 69.996 118.422 -0.10949 0.20231 0.167 -0.27408 8.0000 7.53 1.7349 1.7690 1.276605 
970.8131 74.063 112.726 -0.08518 0.20337 0.021 -0.35458 8.0000 7.35 2.3050 2.3410 1.277117 
970.4238 73.722 108.634 -0.06996 0.20748 0.005 -0.34295 8.0000 7.36 2.5511 2.5881 1.277629 
970.0344 71.570 69.284 0.11080 0.29298 0.003 -0.41779 8.0000 7.59 2.5188 2.5863 1.278142 
969.6449 59.989 109.485 -0.09601 0.27136 0.001 -0.16604 8.0000 7.64 2.5780 2.6074 1.278656 
969.2553 40.809 139.005 -0.28712 0.24954 0.000 0.05605 8.0000 7.65 2.3392 2.3868 1.279170 
968.8657 27.724 155.892 -0.52495 0.23490 -0.786 0.39603 8.0000 7.66 1.9516 2.0708 1.279684 
968.4760 27.128 167.491 -0.75838 0.16826 0.576 0.55911 8.0000 7.79 1.8087 2.0022 1.280199 
968.0861 25.634 172.544 -0.99235 0.12987 0.162 0.80274 8.0000 7.98 1.6784 1.9133 1.280714 
967.6962 22.010 172.535 -1.04389 0.13677 -0.517 1.08949 8.0000 7.97 1.6368 1.9522 1.281230 
967.3063 22.694 164.776 -0.75182 0.20460 0.601 0.76866 8.0000 8.02 1.7322 1.8476 1.281747 
966.9163 21.227 158.315 -0.55633 0.22122 0.633 0.65442 8.0000 8.12 1.4211 1.5478 1.282264 
966.5261 16.784 137.024 -0.30195 0.28134 -2.693 0.62193 8.0000 8.04 1.4997 1.7308 1.282782 
966.1359 22.998 37.224 0.71875 0.54604 0.538 0.87179 8.0000 7.90 0.7899 1.1158 1.283300 
965.7457 18.075 11.009 6.13711 1.19395 -0.369 8.55807 8.0000 7.97 0.9237 1.3153 1.283818 
965.3553 49.894 169.572 -1.35118 0.24867 0.639 -0.23700 8.0000 8.19 1.3432 1.7913 1.284337 
964.9649 36.901 158.948 -0.92691 0.35677 5.238 0.28852 8.0000 8.19 1.9130 2.4366 1.284857 
964.5743 31.084 154.424 -0.80436 0.38496 0.747 0.47078 8.0000 8.13 2.2991 2.8895 1.285377 
964.1838 28.361 155.229 -0.79342 0.36613 -0.097 0.57351 8.0000 8.17 2.2635 2.9312 1.285898 
963.7931 24.103 161.478 -0.97382 0.32626 0.650 0.91809 8.0000 8.31 1.7865 2.4847 1.286419 
963.4023 73.343 9.418 12.20241 2.02395 0.071 -18.82076 8.0000 8.44 0.9931 1.7265 1.286941 
963.0115 59.855 75.370 0.16007 0.61321 0.550 -0.36164 8.0000 8.45 0.6803 1.2830 1.287463 
962.6207 29.440 128.528 -0.25117 0.31545 0.523 0.24343 8.0000 8.51 1.1262 1.2647 1.287986 
962.2297 19.989 147.384 -0.38272 0.24492 0.564 0.54192 8.0000 8.66 0.9071 0.9946 1.288509 
961.8386 13.766 144.172 -0.33011 0.23832 0.605 0.78104 8.0000 8.64 1.0991 1.3187 1.289033 
961.4474 11.616 175.050 -0.38087 0.03299 0.548 0.89062 8.0000 8.75 0.9738 1.2146 1.289558 
961.0562 9.344 192.366 -0.38126 -0.08359 0.721 1.15388 8.0000 8.71 1.0346 1.3504 1.290083 
960.6649 12.089 204.407 -0.41614 -0.18882 0.012 1.01785 8.0000 8.91 0.8555 1.1118 1.290608 
960.2736 16.151 232.817 -0.36557 -0.48192 0.013 0.95679 8.0000 8.88 0.6826 0.8380 1.291134 
959.8821 12.529 194.314 -0.31210 -0.07964 0.391 0.68895 8.0000 8.80 0.6122 0.6875 1.291661 
959.4905 17.841 130.027 -0.24497 0.29167 0.662 0.53042 8.0000 8.89 0.5998 0.7004 1.292188 
959.0989 24.761 88.209 0.01912 0.61155 0.584 0.52217 8.0000 9.09 0.5805 0.8074 1.292715 
958.7073 12.525 111.904 -0.09736 0.24215 1.204 0.55841 8.0000 9.04 0.5526 0.7334 1.293243 
958.3155 17.700 126.021 -0.24782 0.34083 -11.111 0.59298 8.0000 8.95 0.6127 0.6495 1.293772 
957.9236 15.850 127.843 -0.23897 0.30761 0.563 0.63068 8.0000 8.88 0.7516 0.7701 1.294301 
957.5317 13.067 131.288 -0.19735 0.22473 -48.192 0.60957 8.0000 8.93 0.8464 0.8888 1.294831 
957.1396 9.325 130.869 -0.14440 0.16688 0.365 0.65382 8.0000 8.90 0.9996 1.0741 1.295362 
956.7476 7.246 133.059 -0.13001 0.13913 -1.188 0.73672 8.0000 9.14 1.0181 1.0738 1.295892 
956.3554 2.976 149.426 -0.07341 0.04337 0.631 0.81776 8.0000 9.41 0.9586 1.0087 1.296424 
955.9632 7.758 154.671 -0.21867 0.10350 -0.005 0.87145 8.0000 9.52 1.0430 1.0863 1.296956 
955.5709 4.998 95.759 -0.01787 0.17723 -0.004 1.01062 8.0000 9.42 1.1569 1.2141 1.297488 
955.1784 6.174 53.543 0.11648 0.15766 -0.004 0.89544 8.0000 9.45 0.8547 0.9361 1.298021 
954.7859 11.292 34.967 0.25183 0.17612 0.520 0.73879 8.0000 9.56 0.7079 0.9407 1.298555 
954.3934 18.678 37.787 0.33798 0.26204 6.142 0.56026 8.0000 9.44 0.6960 1.0556 1.299089 
954.0007 30.264 40.432 0.33051 0.28161 0.617 0.24538 8.0000 9.44 0.7089 1.1295 1.299624 
953.6080 26.287 80.156 0.06065 0.34953 0.780 0.27148 8.0000 9.66 0.7872 1.1938 1.300159 
953.2152 44.419 84.605 0.03662 0.38775 -0.466 0.00790 8.0000 9.78 0.6461 1.0150 1.300695 
952.8223 37.362 74.648 0.08365 0.30468 0.552 0.08630 8.0000 9.73 0.5417 0.8237 1.301231 
952.4293 22.480 80.162 0.04656 0.26849 0.706 0.27287 8.0000 9.83 0.5569 0.7286 1.301768 
952.0363 14.747 110.250 -0.09759 0.26452 0.799 0.49846 8.0000 9.77 0.7167 0.7983 1.302305 
951.6432 11.931 67.672 0.13805 0.33614 0.615 0.82148 8.0000 10.02 0.9520 1.0537 1.302843 
951.2499 12.857 70.113 0.12482 0.34504 2.392 0.76197 8.0000 9.78 0.7721 0.8159 1.303382 
950.8567 35.217 309.214 0.93948 -1.15136 2.157 0.52814 8.0000 9.89 0.8197 1.8085 1.303921 
950.4633 11.091 82.553 0.05410 0.41392 0.541 1.02383 8.0000 9.92 0.7915 0.9710 1.304461 
950.0699 17.900 102.746 -0.15715 0.69472 -0.126 0.98757 8.0000 10.03 1.4705 2.6626 1.305001 
949.6763 21.690 106.560 -0.19665 0.66134 -0.061 0.73012 8.0000 10.11 2.0538 4.0003 1.305542 
949.2827 22.677 107.839 -0.23597 0.73323 -0.043 0.76082 8.0000 10.18 1.9810 4.4631 1.306083 
948.8890 21.807 109.751 -0.25353 0.70611 -0.085 0.78744 8.0000 10.44 2.0363 4.6868 1.306625 
948.4953 20.300 108.629 -0.20638 0.61224 0.004 0.75380 8.0000 10.35 1.9415 4.5361 1.307167 
948.1014 52.447 3.435 1.82389 0.10947 0.178 -0.48595 8.0000 10.48 3.3898 4.8459 1.307710 
947.7075 19.129 100.960 -0.13583 0.70141 0.230 0.90602 8.0000 10.48 1.4145 2.7064 1.308254 
947.3135 23.445 146.920 -1.34406 0.87551 1.061 1.50155 8.0000 10.13 2.8055 2.9034 1.308798 
946.9194 25.226 153.702 -2.26786 1.12073 0.206 2.08885 8.0000 10.16 3.7856 4.0222 1.309343 
946.5253 25.828 156.755 -1.66299 0.71430 0.067 1.43165 8.0000 10.37 4.5926 4.7350 1.309888 
946.1310 26.033 157.670 -1.81528 0.74561 0.673 1.52955 8.0000 10.70 4.7969 10.0029 1.310434 
945.7367 26.036 158.274 -1.61499 0.64353 0.471 1.35474 8.0000 10.46 4.9340 5.6271 1.310980 
945.3423 25.997 158.834 -1.85665 0.71890 -0.417 1.55585 8.0000 10.79 4.6891 11.8811 1.311527 
944.9478 26.216 159.574 -2.54093 0.94627 0.093 2.08568 8.0000 10.92 4.6580 17.5690 1.312074 
944.5532 26.518 161.403 -3.65681 1.23045 0.582 2.90370 8.0000 10.72 4.7911 20.9623 1.312623 
944.1586 26.834 162.720 -7.53193 2.34311 -1.780 5.80096 8.0000 10.69 4.9881 22.0508 1.313171 
943.7639 27.183 164.944 -17.76842 4.77974 -0.258 13.19008 8.0000 10.73 5.1417 20.8612 1.313720 
943.3691 27.017 163.515 -8.00324 2.36832 1.205 6.05651 8.0000 10.78 5.4561 17.6329 1.314270 
942.9742 27.257 163.495 -6.92803 2.05282 1.210 5.15142 8.0000 10.88 5.5161 11.9535 1.314821 
942.5792 27.474 163.805 -5.42842 1.57659 0.576 3.96569 8.0000 10.98 5.2902 5.6939 1.315372 
942.1841 26.909 163.827 -5.37729 1.55949 -0.875 4.09513 8.0000 11.03 4.5936 10.0263 1.315923 
941.7890 24.679 162.144 -2.32787 0.74990 -0.849 2.09925 8.0000 11.18 2.7816 2.8084 1.316475 
941.3938 46.578 353.585 1.68637 -0.18960 -15.975 -0.09357 8.0000 11.16 1.3489 1.4801 1.317028 
940.9985 10.030 32.614 0.42782 0.27375 0.296 1.39095 8.0000 11.32 0.6787 0.8058 1.317581 
940.6031 10.071 36.769 0.22953 0.17152 -4.821 0.78124 8.0000 11.26 0.6604 0.8626 1.318135 
940.2077 8.361 109.225 -0.08507 0.24394 1.735 0.85994 8.0000 11.33 0.6581 0.8963 1.318689 
939.8122 17.171 147.199 -0.49202 0.31709 2.121 0.85676 8.0000 11.44 0.7265 0.9523 1.319244 
939.4166 19.659 158.195 -0.69187 0.27679 1.044 0.90987 8.0000 11.42 0.9588 1.1202 1.319800 
939.0209 18.115 148.403 -0.55362 0.34055 -3.041 0.88711 8.0000 11.35 0.9496 1.1683 1.320356 
938.6251 18.558 145.479 -0.50656 0.34842 0.651 0.81244 8.0000 11.44 0.9714 1.1477 1.320913 
938.2292 18.510 152.000 -0.47970 0.25506 0.596 0.72042 8.0000 11.53 0.8843 0.9929 1.321470 
937.8333 17.578 133.041 -0.37852 0.40534 0.558 0.78748 8.0000 11.55 1.0464 1.1530 1.322028 
937.4373 18.589 112.642 -0.27951 0.67008 -1.651 0.95729 8.0000 11.87 0.7999 1.0161 1.322586 
937.0412 15.890 44.181 0.26656 0.25905 6.065 0.59997 8.0000 11.73 0.6677 0.7592 1.323146 
936.6450 12.297 49.236 0.14029 0.16274 0.648 0.46941 8.0000 11.52 0.8435 1.0182 1.323705 
936.2487 9.880 56.971 0.09518 0.14639 0.634 0.48606 8.0000 11.78 1.1589 1.4496 1.324266 
935.8524 13.536 47.942 0.11198 0.12411 0.464 0.32704 8.0000 11.98 1.1567 1.6236 1.324826 
935.4560 27.779 32.602 0.13919 0.08902 0.619 0.11331 8.0000 12.02 1.0212 1.6644 1.325388 
935.0594 48.629 339.643 0.20647 -0.07661 -0.429 -0.02804 8.0000 12.21 0.8912 1.6259 1.325950 
934.6629 11.475 282.491 0.02208 -0.09968 -0.028 0.24110 8.0000 12.15 0.8797 1.2957 1.326512 
934.2662 50.659 290.135 0.08239 -0.22473 0.683 -0.04790 8.0000 12.06 0.7173 1.1512 1.327076 
933.8694 73.247 358.147 0.64067 -0.02073 0.640 -0.96824 8.0000 12.36 0.8470 1.6169 1.327640 
933.4727 14.565 165.303 -0.85025 0.22301 -2.914 1.57729 8.0000 12.37 1.6680 2.7815 1.328204 
933.0757 17.141 159.491 -1.19753 0.44796 -0.532 1.87560 8.0000 12.38 1.8855 3.2089 1.328769 
932.6787 19.169 168.858 -1.64249 0.32349 0.604 2.11687 8.0000 12.53 1.7487 3.1287 1.329334 
932.2817 66.510 33.995 39.14192 26.39613 18.203 -44.05621 8.0000 12.51 1.2658 2.6009 1.329901 
931.8845 16.796 220.984 -4.51608 -3.92361 0.134 9.00738 8.0000 12.56 1.2423 2.5932 1.330467 
931.4873 71.746 62.523 3.11390 5.98769 -68.367 -9.11833 8.0000 12.49 0.9521 2.0348 1.331035 
931.0900 57.997 87.727 0.03220 0.81104 0.174 -0.39579 8.0000 12.70 0.6131 1.2290 1.331603 
930.6926 29.105 136.831 -0.54970 0.51564 0.604 0.46714 8.0000 12.70 0.7052 0.7638 1.332171 
930.2951 22.835 128.384 -0.16226 0.20484 -3.255 0.25529 8.0000 12.76 0.6566 0.7462 1.332740 
929.8975 28.010 117.979 -0.15209 0.28629 0.027 0.21849 8.0000 12.88 0.6572 0.8241 1.333310 
929.4999 7.640 85.071 0.00956 0.11083 4.981 0.40723 8.0000 13.12 0.7214 0.8625 1.333881 
929.1022 8.621 326.162 0.20678 -0.13863 5.511 0.80212 8.0000 13.42 0.8287 0.9177 1.334452 
928.7043 7.209 335.826 0.17326 -0.07777 0.854 0.73873 8.0000 13.17 1.2490 1.3217 1.335023 
928.3065 3.991 9.112 0.11069 0.01775 2.722 0.79948 8.0000 13.18 1.5538 1.6302 1.335595 
927.9085 4.608 3.376 0.14206 0.00838 0.586 0.87712 8.0000 13.23 1.6074 1.7324 1.336168 
927.5104 4.720 8.648 0.14796 0.02250 0.155 0.90022 8.0000 13.43 1.5208 1.7094 1.336742 
927.1123 5.646 27.492 0.15199 0.07909 0.074 0.85805 8.0000 13.43 1.2226 1.5071 1.337316 
926.7141 5.461 15.834 0.13155 0.03731 0.017 0.70856 8.0000 13.34 0.9144 1.3072 1.337890 
926.3158 7.149 286.172 0.04001 -0.13798 0.267 0.56368 8.0000 13.52 0.9291 1.1517 1.338466 
925.9174 8.860 193.159 -0.12571 -0.02939 0.272 0.40402 8.0000 13.60 0.8448 1.0275 1.339042 
925.5190 12.489 250.268 -0.07572 -0.21110 -0.071 0.48140 8.0000 13.60 0.6652 0.9063 1.339618 
925.1204 27.904 272.098 0.03357 -0.91605 -0.027 0.62278 8.0000 13.68 0.6249 0.9103 1.340195 
924.7218 32.549 269.239 -0.00579 -0.43615 -0.019 0.20250 8.0000 13.52 0.5850 0.8263 1.340773 
924.3231 19.718 274.513 0.02459 -0.31148 -0.012 0.37990 8.0000 13.73 0.5698 0.7376 1.341351 
923.9243 3.230 147.193 -0.04846 0.03124 0.689 0.50925 8.0000 13.78 0.5605 0.6267 1.341930 
923.5255 14.071 110.424 -0.10909 0.29295 0.636 0.58442 8.0000 14.02 0.6648 0.6799 1.342510 
923.1265 22.414 127.296 -0.40722 0.53463 0.031 0.67610 8.0000 13.74 1.0022 1.0804 1.343090 
922.7275 14.583 109.950 -0.13334 0.36734 0.020 0.70023 8.0000 14.07 1.1044 1.1861 1.343671 
922.3283 8.571 82.299 0.03247 0.24014 0.626 0.78565 8.0000 14.08 1.1442 1.2375 1.344252 
921.9291 10.630 73.642 0.08687 0.29598 0.000 0.79281 8.0000 14.19 1.5160 1.7028 1.344834 
921.5298 9.639 56.826 0.15179 0.23219 0.000 0.79311 8.0000 14.23 1.5809 1.8074 1.345417 
921.1305 10.519 60.066 0.15476 0.26876 0.000 0.80634 8.0000 14.01 1.6924 1.9523 1.346000 
920.7311 10.166 48.321 0.18855 0.21179 0.000 0.76525 8.0000 14.21 1.4411 1.5991 1.346584 
920.3315 11.930 57.605 0.18412 0.29019 0.000 0.77698 8.0000 14.58 1.2064 1.3324 1.347169 
919.9319 14.865 80.989 0.06388 0.40281 0.000 0.71412 8.0000 14.34 1.1506 1.2326 1.347754 
919.5322 18.179 102.157 -0.10551 0.48976 0.826 0.68057 8.0000 14.16 1.1509 1.2167 1.348340 
919.1324 22.498 121.063 -0.35569 0.59050 0.586 0.68945 8.0000 14.65 1.1480 1.2887 1.348926 
918.7326 18.843 102.834 -0.12031 0.52809 2.360 0.70115 8.0000 14.45 0.9107 0.9780 1.349513 
918.3326 27.816 107.764 -0.10347 0.32296 -3.097 0.23193 8.0000 14.77 1.6236 1.9140 1.350101 
917.9326 12.324 90.787 -0.00610 0.44469 0.651 0.96927 8.0000 14.69 0.6112 0.7213 1.350689 
917.5325 70.334 127.722 -0.25320 0.32734 1.211 -0.50504 8.0000 14.51 1.5044 1.8699 1.351278 
917.1323 41.052 118.949 -0.07305 0.13207 0.980 0.02093 8.0000 14.63 2.4071 3.0918 1.351868 
916.7321 78.086 130.789 -0.26265 0.30439 2.419 -0.91032 8.0000 14.79 2.5779 3.3660 1.352458 
916.3317 80.210 132.476 -0.24605 0.26874 48.877 -1.02446 8.0000 14.88 2.6301 3.3975 1.353049 
915.9313 82.304 134.317 -0.25128 0.25735 0.809 -1.30646 8.0000 14.92 2.3546 3.0896 1.353641 
915.5308 84.094 134.650 -0.29391 0.29752 1.170 -1.99990 8.0000 15.08 1.9134 2.5071 1.354233 
915.1302 83.968 127.650 -0.90293 1.17037 0.607 -6.91645 8.0000 15.24 1.3383 1.7376 1.354826 
914.7295 2.141 299.313 0.04114 -0.07328 0.000 1.12216 8.0000 15.03 0.8358 1.1240 1.355419 
914.3287 16.166 121.466 -0.09409 0.15374 0.000 0.28477 8.0000 15.05 1.7083 2.1733 1.356013 
913.9279 5.810 135.085 -0.12397 0.12361 -0.008 0.85136 8.0000 15.14 0.7032 0.8441 1.356608 
913.5270 9.083 134.179 -0.24491 0.25203 -0.009 1.07098 8.0000 15.12 0.6699 0.7402 1.357203 
913.1259 9.462 117.000 -0.34282 0.67282 0.637 2.20260 8.0000 15.28 0.9860 1.0805 1.357799 
912.7249 6.728 58.639 0.12941 0.21234 0.000 1.03936 8.0000 15.06 1.0929 1.2366 1.358396 
912.3237 7.934 72.348 0.07959 0.25012 0.597 0.92343 8.0000 15.29 0.8641 0.9630 1.358993 
911.9224 9.207 70.390 0.08372 0.23497 -0.121 0.74925 8.0000 15.56 0.7359 0.8094 1.359591 
911.5211 29.500 89.222 0.01580 1.16366 -0.116 0.69927 8.0000 15.73 0.8641 1.5080 1.360190 
911.1196 54.030 36.264 0.13739 0.10079 0.089 -0.05556 8.0000 15.69 0.6675 1.0412 1.360789 
910.7181 45.323 251.618 -0.64272 -1.93416 0.027 -0.02299 8.0000 15.61 0.9918 1.8211 1.361389 
910.3165 42.449 319.202 1.20995 -1.04434 0.046 0.14269 8.0000 15.67 1.5084 2.8650 1.361990 
909.9149 43.659 355.137 2.86048 -0.24335 -0.030 0.13446 8.0000 15.56 1.7794 3.5771 1.362591 
909.5131 47.685 331.648 3.75008 -2.02364 0.081 -0.40052 8.0000 15.40 2.5787 4.5252 1.363193 
909.1113 49.233 321.072 4.69248 -3.79021 0.009 -0.89785 8.0000 15.45 3.0205 4.9248 1.363795 
908.7093 43.747 319.265 3.66601 -3.15716 0.000 0.21175 8.0000 15.76 3.0574 4.7722 1.364399 
908.3073 41.090 330.126 3.71190 -2.13223 -0.001 0.58784 8.0000 15.56 2.8689 4.1541 1.365003 
907.9052 36.498 342.022 2.77892 -0.90174 0.000 0.89338 8.0000 15.78 2.2877 3.1348 1.365607 
907.5031 30.418 21.631 2.27795 0.90334 -0.878 1.36753 8.0000 15.85 1.6667 2.4485 1.366212 
907.1008 22.448 21.141 0.99039 0.38298 -0.002 1.06575 8.0000 15.74 1.7112 1.9373 1.366818 
906.6984 22.161 31.929 0.99663 0.62104 -0.002 1.20243 8.0000 15.78 1.6205 2.1192 1.367425 
906.2960 24.221 55.616 0.84564 1.23578 -0.028 1.32754 8.0000 15.74 1.7023 1.8165 1.368032 
905.8935 22.185 67.993 0.97091 2.40226 -0.252 2.64862 8.0000 15.93 2.2632 2.5046 1.368640 
905.4909 13.941 62.737 0.96311 1.86896 0.006 3.97415 8.0000 15.87 2.5690 2.7877 1.369248 
905.0883 9.964 70.556 0.42877 1.21458 4.833 3.55263 8.0000 15.86 2.6407 2.9052 1.369857 
904.6855 84.624 69.285 0.23180 0.61293 0.424 -3.45086 8.0000 16.29 2.4749 3.1466 1.370467 
904.2826 13.071 148.391 -0.49296 0.30338 -0.003 1.17939 8.0000 16.16 2.1073 2.4581 1.371078 
903.8797 28.545 158.469 -0.60819 0.23995 -0.002 0.42313 8.0000 16.43 3.7134 4.2633 1.371689 
903.4767 42.815 115.450 -0.24144 0.50733 0.629 0.04294 8.0000 16.41 4.5381 5.5710 1.372301 
903.0736 34.702 115.469 -0.24273 0.50961 0.091 0.21212 8.0000 16.39 5.4141 6.6062 1.372913 
902.6704 37.107 118.145 -0.28145 0.52612 0.007 0.16868 8.0000 16.50 5.5466 6.9016 1.373527 
902.2672 40.118 122.477 -0.34266 0.53834 0.007 0.10982 8.0000 16.51 5.0155 6.4251 1.374140 
901.8638 44.210 127.018 -0.40758 0.54052 5.733 0.01866 8.0000 16.55 3.8821 5.2096 1.374755 
901.4604 47.500 127.133 -0.41663 0.55023 -0.015 -0.06037 8.0000 16.40 2.4738 3.7204 1.375370 
901.0569 55.696 140.890 -0.21504 0.17482 -0.011 -0.10856 8.0000 16.74 0.8269 2.0408 1.375986 
900.6533 41.057 105.073 -0.76008 2.82223 -0.583 0.40488 8.0000 16.50 1.9502 2.8699 1.376603 
900.2496 14.526 91.403 -0.00863 0.35250 -0.125 0.63475 8.0000 16.77 0.7563 1.6835 1.377220 
899.8458 19.657 59.689 0.79203 1.35483 0.091 1.91645 8.0000 16.39 1.0578 2.0090 1.377838 
899.4420 64.536 213.948 -14.43078 -9.71449 0.114 -14.12288 8.0000 16.68 1.2265 2.8150 1.378457 
899.0380 63.283 209.625 -3.61025 -2.05298 -0.168 -3.08059 8.0000 16.80 1.4846 3.3932 1.379076 
898.6340 63.598 206.217 -2.70677 -1.33288 0.063 -2.28986 8.0000 16.76 1.6086 3.6198 1.379696 
898.2299 64.487 179.864 -2.81922 0.00671 -0.570 -2.28080 8.0000 16.68 1.5437 3.5364 1.380317 
897.8257 69.546 218.259 -18.24153 -14.38534 -0.304 -26.81133 8.0000 17.02 1.2941 2.8895 1.380938 
897.4214 21.274 87.613 0.06206 1.48887 0.108 1.62347 8.0000 17.29 1.4334 2.2463 1.381560 
897.0171 25.426 114.001 -0.42048 0.94436 0.009 0.84155 8.0000 17.03 1.8535 2.1791 1.382183 
896.6127 30.475 131.732 -0.59655 0.66880 0.008 0.49778 8.0000 16.93 2.3985 3.0984 1.382807 
896.2081 30.139 117.564 -0.53130 1.01786 0.004 0.65549 8.0000 17.03 2.0939 2.3922 1.383431 
895.8035 30.508 114.689 -0.46405 1.00942 0.008 0.61543 8.0000 17.04 2.1210 2.4809 1.384056 
895.3989 30.208 112.397 -0.40497 0.98269 0.003 0.60338 8.0000 17.08 1.7511 2.3349 1.384681 
894.9941 27.952 112.272 -0.33655 0.82172 11.146 0.60110 8.0000 17.37 1.5283 2.3481 1.385307 
894.5892 22.065 118.671 -0.29678 0.54273 0.618 0.63764 8.0000 17.64 1.1378 2.2108 1.385934 
894.1843 9.928 176.677 -0.28390 0.01648 0.000 0.78742 8.0000 17.18 0.9784 2.0741 1.386562 
893.7792 13.756 120.659 -0.21479 0.36234 0.002 0.80871 8.0000 17.31 1.0058 2.1046 1.387190 
893.3741 8.986 80.621 0.04413 0.26720 0.671 0.83484 8.0000 17.18 0.9521 1.8684 1.387819 
892.9689 6.223 21.636 0.18348 0.07278 -3.573 0.89427 8.0000 17.47 0.7788 1.3354 1.388449 
892.5637 12.365 325.499 0.31059 -0.21348 -0.419 0.81828 8.0000 17.57 0.6680 0.8307 1.389079 
892.1583 15.405 305.861 0.34203 -0.47316 0.143 0.97900 8.0000 17.84 0.6391 0.9155 1.389711 
891.7528 8.003 335.221 0.22093 -0.10199 0.264 0.84829 8.0000 17.47 0.6411 0.8565 1.390343 
891.3473 6.613 348.393 0.15931 -0.03272 -0.211 0.69201 8.0000 17.89 0.6163 0.8828 1.390975 
890.9417 5.407 43.417 0.07572 0.07164 0.632 0.54574 8.0000 17.66 0.6315 0.8839 1.391608 
890.5359 5.737 88.463 0.00353 0.13161 0.000 0.64864 8.0000 17.69 0.6296 0.8442 1.392242 
890.1302 7.247 122.036 -0.07892 0.12612 0.024 0.57550 8.0000 18.08 0.5879 0.7408 1.392877 
889.7243 10.754 152.621 -0.16206 0.08393 0.000 0.46315 8.0000 17.66 0.5541 0.7353 1.393512 
889.3184 3.755 17.405 0.05196 0.01629 0.000 0.41305 8.0000 17.86 0.5368 0.5769 1.394148 
888.9123 10.259 10.481 0.15857 0.02934 0.619 0.43092 8.0000 17.86 0.5412 0.5774 1.394785 
888.5062 17.055 341.959 0.17060 -0.05557 -1.116 0.26489 8.0000 18.24 0.5388 0.7062 1.395423 
888.1000 11.282 98.509 -0.03908 0.26122 -50.526 0.63565 8.0000 17.92 0.7460 0.8258 1.396061 
887.6937 13.330 99.196 -0.05549 0.34273 0.669 0.69150 8.0000 18.20 0.9498 1.0534 1.396700 
887.2873 13.863 101.608 -0.07696 0.37468 -464.181 0.72773 8.0000 18.48 1.0508 1.1632 1.397340 
886.8808 14.742 103.781 -0.10234 0.41727 0.663 0.75988 8.0000 18.10 1.1743 1.2603 1.397980 
886.4743 11.348 108.178 -0.11816 0.35985 0.834 0.90562 8.0000 18.29 1.0059 1.1002 1.398621 
886.0676 13.669 113.374 -0.16110 0.37274 0.536 0.78545 8.0000 18.18 0.9390 1.0044 1.399263 
885.6609 14.660 118.584 -0.19845 0.36422 0.629 0.73855 8.0000 18.25 0.8678 0.9110 1.399906 
885.2541 13.823 111.002 -0.13601 0.35429 0.036 0.72453 8.0000 18.53 0.7738 0.8269 1.400549 
884.8472 13.803 107.941 -0.10047 0.31030 0.006 0.62375 8.0000 18.45 0.6477 0.6964 1.401193 
884.4402 14.043 101.159 -0.04674 0.23693 85.832 0.45254 8.0000 18.64 0.5613 0.6077 1.401838 
884.0332 25.280 105.998 -0.11499 0.40106 0.611 0.34319 8.0000 18.75 0.6352 0.6716 1.402483 
883.6260 23.518 103.218 -0.09474 0.40338 0.000 0.38591 8.0000 18.64 0.6209 0.6464 1.403130 
883.2188 22.484 102.882 -0.10006 0.43750 0.000 0.44929 8.0000 18.95 0.6430 0.6607 1.403777 
882.8115 19.900 86.760 0.01855 0.32762 0.000 0.39385 8.0000 18.65 0.6784 0.7500 1.404424 
882.4041 3.427 124.691 -0.03666 0.05296 0.024 0.53584 8.0000 18.84 0.5598 0.5682 1.405073 
881.9966 5.744 175.227 -0.13236 0.01105 0.016 0.65354 8.0000 18.80 0.5895 0.6664 1.405722 
881.5890 7.993 210.212 -0.18545 -0.10798 0.010 0.74904 8.0000 18.89 0.6297 0.8023 1.406372 
881.1813 13.467 225.433 -0.25701 -0.26092 0.008 0.72085 8.0000 18.79 0.6063 0.8701 1.407023 
880.7736 25.943 290.714 0.31123 -0.82304 0.218 0.69029 8.0000 19.13 0.7183 1.0287 1.407674 
880.3658 36.735 225.643 -0.62958 -0.64389 -0.009 0.26728 8.0000 18.77 0.6126 0.9763 1.408326 
879.9579 55.315 260.539 -1.57208 -9.43351 -0.010 -3.60046 8.0000 19.04 0.8997 1.5000 1.408979 
879.5499 49.456 142.177 -2.94385 2.28540 0.009 -0.58437 8.0000 19.00 0.9865 1.6612 1.409632 
879.1418 44.656 127.000 -2.02999 2.69390 0.062 0.04055 8.0000 19.18 1.8169 2.3259 1.410287 
878.7336 39.679 122.167 -1.20348 1.91351 -0.002 0.42475 8.0000 19.12 2.5433 2.9083 1.410942 
878.3253 38.739 122.802 -1.38993 2.15656 -0.051 0.56984 8.0000 19.45 2.8649 3.2765 1.411598 
877.9170 37.605 121.810 -1.32376 2.13416 0.676 0.66305 8.0000 19.33 2.9133 3.3273 1.412254 
877.5085 36.428 119.566 -1.15503 2.03605 186.526 0.72213 8.0000 19.47 2.6464 3.1325 1.412912 
877.1000 33.376 118.054 -0.86127 1.61612 0.723 0.78670 8.0000 19.65 2.0515 2.6869 1.413570 
876.6915 24.185 109.361 -0.31368 0.89268 0.653 0.84093 8.0000 19.56 1.2032 2.2443 1.414228 
876.2828 21.320 126.192 -0.37716 0.51546 0.034 0.69364 8.0000 19.52 0.7143 1.1409 1.414888 
875.8740 37.543 292.149 1.14955 -2.82404 0.082 0.81203 8.0000 20.01 0.9887 1.1211 1.415548 
875.4651 10.512 135.178 -0.23091 0.22948 0.020 0.84703 8.0000 19.96 0.8705 3.1638 1.416209 
875.0562 2.290 1.577 0.07258 0.00200 0.101 0.90649 8.0000 19.88 0.7369 1.0628 1.416871 
874.6472 19.805 330.393 0.78462 -0.44586 2.103 1.09049 8.0000 19.65 0.7482 3.8201 1.417534 
874.2380 48.312 148.690 -2.21859 1.34946 0.000 -0.30153 8.0000 19.91 0.9989 5.6605 1.418197 
873.8289 39.426 148.183 -1.16365 0.72197 0.598 0.26986 8.0000 19.74 1.1311 6.8715 1.418861 
873.4196 38.834 153.617 -1.81367 0.89966 0.661 0.44261 8.0000 20.30 1.0069 7.2335 1.419526 
873.0102 43.757 153.281 -2.44745 1.23195 0.056 0.11898 8.0000 20.15 0.9460 6.8165 1.420192 
872.6007 38.869 332.354 10.50441 -5.50232 -0.034 2.57716 8.0000 19.85 0.8098 5.5691 1.420858 
872.1912 6.330 26.931 0.13982 0.07103 -0.057 0.69821 8.0000 20.35 0.5903 3.6975 1.421525 
871.7816 6.193 132.466 -0.11672 0.12753 -0.023 0.78725 8.0000 19.83 0.8116 1.0360 1.422193 
871.3718 11.086 137.175 -0.22263 0.20634 0.656 0.74488 8.0000 20.73 1.2517 3.3791 1.422862 
870.9620 7.217 142.411 -0.13821 0.10639 -0.067 0.67767 8.0000 20.48 0.7292 0.8154 1.423532 
870.5521 9.412 128.063 -0.13347 0.17045 0.661 0.63508 8.0000 20.55 0.6712 0.7951 1.424202 
870.1422 6.678 144.251 -0.12470 0.08977 0.636 0.64719 8.0000 20.69 0.6268 0.7664 1.424873 
869.7321 8.563 137.940 -0.14506 0.13089 0.016 0.63407 8.0000 20.43 0.6587 0.7775 1.425545 
869.3219 11.771 126.417 -0.15284 0.20718 0.647 0.59094 8.0000 20.55 0.7492 0.8289 1.426217 
868.9117 14.592 116.027 -0.15468 0.31676 0.647 0.63117 8.0000 20.71 0.8444 0.8811 1.426891 
868.5013 16.662 109.961 -0.14597 0.40191 -0.006 0.65036 8.0000 20.80 0.9759 0.9853 1.427565 
868.0909 18.180 106.129 -0.13637 0.47157 0.629 0.66682 8.0000 20.88 1.1777 1.1975 1.428240 
867.6805 17.848 108.006 -0.14885 0.45796 -0.008 0.67026 8.0000 20.84 1.1374 1.1460 1.428915 
867.2699 16.738 107.853 -0.13343 0.41429 0.659 0.65817 8.0000 21.02 0.9579 0.9629 1.429592 
866.8592 16.290 107.091 -0.12508 0.40681 0.644 0.66599 8.0000 21.17 0.8961 0.8998 1.430269 
866.4485 14.450 105.407 -0.10527 0.38199 -0.121 0.71779 8.0000 21.10 0.8119 0.8156 1.430947 
866.0376 14.684 103.518 -0.09450 0.39305 0.622 0.71835 8.0000 21.10 0.7804 0.7911 1.431626 
865.6267 14.728 105.122 -0.11029 0.40815 0.628 0.74861 8.0000 21.71 0.8008 0.8035 1.432306 
865.2157 14.417 105.583 -0.10843 0.38880 -0.008 0.73320 8.0000 21.10 0.7722 0.7857 1.432986 
864.8046 15.392 105.642 -0.11542 0.41225 0.611 0.71860 8.0000 21.31 0.8091 0.8373 1.433667 
864.3934 14.978 106.411 -0.11747 0.39885 0.640 0.72148 8.0000 21.45 0.8070 0.8491 1.434349 
863.9821 16.164 110.370 -0.15896 0.42810 0.664 0.72161 8.0000 21.31 0.8309 0.8902 1.435032 
863.5707 14.470 108.926 -0.13394 0.39062 -1.568 0.74682 8.0000 21.63 0.8452 0.8842 1.435716 
863.1593 11.079 108.211 -0.09587 0.29140 0.656 0.75325 8.0000 21.70 0.7477 0.7701 1.436400 
862.7477 11.535 105.421 -0.08944 0.32425 0.632 0.78970 8.0000 22.05 0.8226 0.8297 1.437085 
862.3361 11.170 103.033 -0.07393 0.31942 -0.003 0.79785 8.0000 21.73 0.8346 0.8426 1.437771 
861.9244 11.528 102.369 -0.07044 0.32118 0.621 0.77255 8.0000 21.96 0.8597 0.8874 1.438458 
861.5126 11.560 104.033 -0.08328 0.33317 -0.790 0.80433 8.0000 22.00 0.8679 0.8882 1.439145 
861.1008 9.468 105.295 -0.07031 0.25709 0.635 0.77691 8.0000 22.07 0.7853 0.7920 1.439834 
860.6888 8.740 107.435 -0.07115 0.22655 0.628 0.75406 8.0000 22.18 0.7378 0.7466 1.440523 
860.2767 9.272 108.604 -0.07982 0.23713 0.624 0.74591 8.0000 21.88 0.7161 0.7359 1.441213 
859.8646 10.077 105.506 -0.07265 0.26185 -0.002 0.74045 8.0000 22.06 0.6987 0.7302 1.441904 
859.4523 9.576 111.846 -0.09664 0.24106 0.634 0.74784 8.0000 22.23 0.7017 0.7327 1.442595 
859.0400 10.626 111.852 -0.10579 0.26380 2.654 0.73081 8.0000 22.29 0.6979 0.7249 1.443288 
858.6276 8.559 114.245 -0.12181 0.27047 0.632 0.96321 8.0000 22.64 0.7457 0.7631 1.443981 
858.2151 10.307 111.506 -0.12370 0.31393 0.627 0.89708 8.0000 22.76 0.7919 0.7981 1.444675 
857.8026 13.873 105.920 -0.11005 0.38582 0.628 0.76270 8.0000 22.45 0.8815 0.8842 1.445370 
857.3899 15.160 103.704 -0.10362 0.42494 0.630 0.74793 8.0000 22.66 0.9578 0.9713 1.446065 
856.9771 15.662 103.752 -0.10016 0.40926 0.640 0.69231 8.0000 22.16 0.9886 0.9932 1.446762 
856.5643 15.626 104.087 -0.10162 0.40496 0.636 0.68800 8.0000 22.53 0.9954 1.0002 1.447459 
856.1514 16.854 103.383 -0.09912 0.41663 0.001 0.64193 8.0000 22.95 1.0172 1.0221 1.448157 
855.7383 16.487 103.516 -0.09684 0.40289 0.627 0.63869 8.0000 22.96 1.0151 1.0200 1.448856 
855.3253 17.001 102.909 -0.09618 0.41963 0.646 0.63820 8.0000 22.94 1.0453 1.0500 1.449556 
854.9120 16.572 103.235 -0.10163 0.43214 0.686 0.67985 8.0000 22.74 1.0188 1.0218 1.450257 
854.4988 14.279 105.808 -0.11457 0.40464 0.645 0.77267 8.0000 22.81 0.9392 0.9412 1.450958 
854.0854 14.647 105.553 -0.11409 0.40991 0.650 0.75839 8.0000 22.76 0.9496 0.9527 1.451660 
853.6719 15.133 104.680 -0.11145 0.42543 0.645 0.75361 8.0000 23.06 0.9670 0.9704 1.452364 
853.2584 14.215 106.047 -0.11866 0.41253 0.629 0.79287 8.0000 23.06 0.9204 0.9231 1.453067 
852.8448 13.862 106.519 -0.12162 0.41007 0.636 0.81386 8.0000 23.10 0.9054 0.9074 1.453772 
852.4311 13.611 107.531 -0.12390 0.39223 0.670 0.79958 8.0000 22.78 0.8784 0.8800 1.454478 
852.0173 16.199 105.576 -0.11623 0.41697 0.640 0.68215 8.0000 23.15 0.8868 0.8881 1.455184 
851.6034 14.496 106.039 -0.11507 0.40026 0.636 0.75159 8.0000 23.13 0.9048 0.9059 1.455891 
851.1894 15.139 105.335 -0.11330 0.41315 0.635 0.73380 8.0000 23.12 0.9139 0.9152 1.456599 
850.7753 16.037 104.188 -0.11120 0.43981 0.630 0.72390 8.0000 23.21 0.9283 0.9297 1.457308 
850.3612 14.341 106.022 -0.11772 0.40995 0.663 0.77965 8.0000 23.38 0.8952 0.8965 1.458018 
849.9470 14.417 105.734 -0.11728 0.41629 0.624 0.78558 8.0000 23.25 0.8980 0.8999 1.458728 
849.5326 15.230 104.493 -0.11414 0.44157 0.669 0.77552 8.0000 23.27 0.9267 0.9284 1.459440 
849.1182 15.849 103.900 -0.11671 0.47163 0.626 0.78671 8.0000 23.53 0.9116 0.9133 1.460152 
848.7037 15.266 104.082 -0.11187 0.44598 0.633 0.77960 8.0000 23.49 0.9412 0.9430 1.460865 
848.2891 14.821 104.307 -0.10993 0.43108 0.647 0.78181 8.0000 23.51 0.9577 0.9594 1.461579 
847.8744 14.080 104.745 -0.10730 0.40769 0.628 0.78756 8.0000 23.97 0.9787 0.9802 1.462294 
847.4597 15.190 104.659 -0.11454 0.43787 0.629 0.77206 8.0000 23.77 0.9116 0.9127 1.463010 
847.0448 15.130 104.927 -0.11734 0.44017 0.637 0.78083 8.0000 24.07 0.8970 0.8983 1.463726 
846.6298 15.380 104.895 -0.11946 0.44910 0.644 0.78080 8.0000 24.39 0.8811 0.8828 1.464444 
846.2148 16.313 104.834 -0.12741 0.48107 0.638 0.77737 8.0000 23.93 0.8344 0.8358 1.465162 
845.7997 15.802 105.286 -0.12737 0.46601 0.640 0.78512 8.0000 24.24 0.8434 0.8450 1.465881 
845.3845 15.838 104.943 -0.12470 0.46725 0.652 0.78377 8.0000 24.09 0.8607 0.8623 1.466601 
844.9692 15.226 105.533 -0.12372 0.44510 0.632 0.78581 8.0000 24.24 0.8764 0.8778 1.467322 
844.5538 14.453 105.037 -0.11468 0.42691 0.638 0.80056 8.0000 24.04 0.8996 0.9011 1.468044 
844.1383 14.764 104.653 -0.11656 0.44580 0.639 0.81355 8.0000 24.11 0.8962 0.8980 1.468766 
843.7227 14.932 104.243 -0.11527 0.45411 0.632 0.81592 8.0000 24.57 0.9150 0.9168 1.469490 
843.3071 15.409 104.178 -0.11744 0.46487 0.635 0.80379 8.0000 24.49 0.8944 0.8961 1.470214 
842.8914 14.965 104.489 -0.11577 0.44801 0.645 0.80374 8.0000 24.60 0.9064 0.9084 1.470939 
842.4755 15.253 103.838 -0.11272 0.45761 0.635 0.79989 8.0000 24.58 0.9165 0.9184 1.471665 
842.0596 15.386 103.468 -0.11205 0.46790 0.639 0.80798 8.0000 24.75 0.9015 0.9034 1.472392 
841.6436 15.476 103.144 -0.11075 0.47427 0.634 0.81211 8.0000 24.90 0.9066 0.9085 1.473120 
841.2275 15.445 102.686 -0.10642 0.47279 0.638 0.81004 8.0000 24.93 0.9341 0.9358 1.473849 
840.8113 15.442 102.259 -0.10137 0.46650 0.640 0.79816 8.0000 25.29 0.9608 0.9626 1.474578 
840.3951 15.485 102.084 -0.10043 0.46911 0.632 0.79938 8.0000 25.07 0.9636 0.9655 1.475308 
839.9787 15.528 101.696 -0.09834 0.47507 0.635 0.80565 8.0000 24.98 0.9718 0.9738 1.476040 
839.5623 15.647 101.122 -0.09488 0.48267 0.632 0.80926 8.0000 25.42 0.9907 0.9927 1.476772 
839.1457 15.976 101.290 -0.09679 0.48481 0.646 0.79265 8.0000 25.28 0.9936 0.9957 1.477505 
838.7291 15.965 101.357 -0.09684 0.48216 0.632 0.78917 8.0000 25.10 0.9935 0.9957 1.478239 
838.3124 16.085 101.237 -0.09645 0.48547 0.639 0.78691 8.0000 25.51 0.9936 0.9962 1.478974 
837.8956 16.224 101.045 -0.09519 0.48770 0.632 0.78152 8.0000 25.70 0.9923 0.9948 1.479709 
837.4787 16.159 101.106 -0.09594 0.48874 0.633 0.78731 8.0000 25.64 0.9789 0.9811 1.480446 
837.0617 15.931 101.202 -0.09684 0.48898 0.651 0.80202 8.0000 25.54 0.9836 0.9859 1.481183 
836.6447 16.269 101.120 -0.09722 0.49459 0.640 0.79004 8.0000 25.66 0.9760 0.9786 1.481922 
836.2275 16.253 101.283 -0.09824 0.49239 0.640 0.78798 8.0000 26.06 0.9661 0.9687 1.482661 
835.8102 16.088 101.229 -0.09798 0.49352 0.635 0.79974 8.0000 26.25 0.9677 0.9704 1.483401 
835.3929 16.050 101.001 -0.09649 0.49635 0.638 0.80610 8.0000 26.08 0.9763 0.9790 1.484142 
834.9755 16.000 100.971 -0.09622 0.49635 0.638 0.80910 8.0000 26.20 0.9743 0.9769 1.484884 
834.5579 15.956 100.977 -0.09614 0.49564 0.634 0.81071 8.0000 26.20 0.9726 0.9752 1.485627 
834.1403 15.876 100.896 -0.09511 0.49411 0.631 0.81306 8.0000 26.43 0.9734 0.9761 1.486371 
833.7227 15.722 100.960 -0.09550 0.49315 0.625 0.82148 8.0000 26.25 0.9771 0.9798 1.487115 
833.3049 15.680 100.983 -0.09565 0.49287 0.634 0.82380 8.0000 26.64 0.9751 0.9777 1.487861 
832.8870 15.761 100.917 -0.09543 0.49480 0.634 0.82162 8.0000 26.36 0.9731 0.9757 1.488608 
832.4691 15.815 100.725 -0.09376 0.49501 0.640 0.81797 8.0000 26.81 0.9739 0.9765 1.489355 
832.0510 15.920 100.737 -0.09381 0.49470 0.638 0.81082 8.0000 27.11 0.9701 0.9726 1.490103 
831.6329 15.905 100.772 -0.09419 0.49510 0.643 0.81254 8.0000 26.68 0.9693 0.9717 1.490852 
831.2146 15.958 100.607 -0.09300 0.49663 0.641 0.81121 8.0000 27.18 0.9703 0.9727 1.491603 
830.7963 15.998 100.743 -0.09421 0.49652 0.639 0.80891 8.0000 27.24 0.9679 0.9702 1.492354 
830.3779 16.027 100.722 -0.09422 0.49758 0.645 0.80872 8.0000 27.18 0.9700 0.9724 1.493106 
829.9594 16.080 100.612 -0.09361 0.49964 0.640 0.80846 8.0000 28.10 0.9740 0.9763 1.493858 
829.5408 16.139 100.572 -0.09341 0.50049 0.631 0.80607 8.0000 27.61 0.9740 0.9764 1.494612 
829.1221 16.205 100.424 -0.09218 0.50111 0.640 0.80254 8.0000 27.33 0.9754 0.9778 1.495367 
828.7034 16.187 100.435 -0.09220 0.50062 0.640 0.80294 8.0000 27.77 0.9761 0.9785 1.496123 
828.2845 16.207 100.304 -0.09098 0.50042 0.640 0.80104 8.0000 28.02 0.9751 0.9775 1.496879 
827.8656 16.211 100.284 -0.09094 0.50117 0.631 0.80194 8.0000 27.33 0.9763 0.9786 1.497637 
827.4465 16.223 100.199 -0.09031 0.50196 0.646 0.80225 8.0000 28.04 0.9774 0.9797 1.498395 
827.0275 16.231 100.042 -0.08916 0.50346 0.643 0.80373 8.0000 28.12 0.9808 0.9831 1.499154 
826.6082 16.219 100.023 -0.08911 0.50417 0.641 0.80560 8.0000 27.92 0.9809 0.9832 1.499915 
826.1889 16.197 99.918 -0.08838 0.50544 0.644 0.80869 8.0000 28.25 0.9847 0.9870 1.500676 
825.7695 16.198 99.857 -0.08798 0.50633 0.642 0.80994 8.0000 28.86 0.9875 0.9898 1.501438 
825.3500 16.225 99.727 -0.08704 0.50773 0.646 0.81017 8.0000 28.52 0.9903 0.9927 1.502201 
824.9305 16.254 99.658 -0.08656 0.50865 0.640 0.80964 8.0000 28.30 0.9920 0.9943 1.502965 
824.5108 16.235 99.608 -0.08626 0.50955 0.643 0.81216 8.0000 28.51 0.9923 0.9946 1.503730 
824.0911 16.236 99.494 -0.08537 0.51047 0.642 0.81328 8.0000 28.51 0.9936 0.9958 1.504496 
823.6713 16.238 99.434 -0.08490 0.51099 0.644 0.81384 8.0000 28.82 0.9944 0.9966 1.505263 
823.2513 16.246 99.370 -0.08450 0.51208 0.650 0.81494 8.0000 28.57 0.9970 0.9992 1.506031 
822.8313 16.219 99.336 -0.08426 0.51255 0.641 0.81727 8.0000 28.71 0.9970 0.9992 1.506800 
822.4112 16.242 99.313 -0.08430 0.51407 0.643 0.81822 8.0000 28.90 0.9996 1.0018 1.507569 
821.9910 16.269 99.325 -0.08450 0.51455 0.642 0.81733 8.0000 28.90 1.0031 1.0052 1.508340 
821.5707 16.230 99.286 -0.08411 0.51442 0.646 0.81945 8.0000 29.21 1.0038 1.0060 1.509112 
821.1503 16.207 99.257 -0.08390 0.51474 0.647 0.82138 8.0000 29.59 1.0035 1.0056 1.509884 
820.7299 16.245 99.208 -0.08373 0.51655 0.647 0.82174 8.0000 29.76 1.0045 1.0066 1.510658 
820.3093 16.272 99.196 -0.08376 0.51735 0.642 0.82128 8.0000 29.53 1.0070 1.0091 1.511432 
819.8886 16.264 99.137 -0.08315 0.51700 0.647 0.82106 8.0000 29.51 1.0075 1.0096 1.512208 
819.4679 16.278 99.076 -0.08271 0.51777 0.644 0.82124 8.0000 30.14 1.0086 1.0107 1.512984 
819.0471 16.311 99.056 -0.08270 0.51885 0.645 0.82087 8.0000 29.88 1.0103 1.0124 1.513761 
818.6262 16.329 99.014 -0.08244 0.51965 0.648 0.82089 8.0000 30.57 1.0109 1.0130 1.514540 
818.2051 16.336 98.949 -0.08188 0.51996 0.640 0.82078 8.0000 30.06 1.0108 1.0128 1.515319 
817.7841 16.359 98.908 -0.08163 0.52081 0.641 0.82055 8.0000 30.08 1.0104 1.0124 1.516099 
817.3629 16.346 98.888 -0.08148 0.52100 0.641 0.82164 8.0000 30.23 1.0104 1.0124 1.516881 
816.9416 16.393 98.873 -0.08154 0.52232 0.640 0.82073 8.0000 30.04 1.0126 1.0146 1.517663 
816.5202 16.416 98.831 -0.08133 0.52348 0.645 0.82102 8.0000 30.30 1.0130 1.0149 1.518446 
816.0988 16.446 98.805 -0.08126 0.52458 0.645 0.82082 8.0000 30.74 1.0135 1.0154 1.519230 
815.6772 16.476 98.730 -0.08077 0.52600 0.647 0.82097 8.0000 30.55 1.0140 1.0159 1.520015 
815.2556 16.473 98.708 -0.08053 0.52577 0.639 0.82073 8.0000 30.65 1.0136 1.0155 1.520801 
814.8338 16.490 98.689 -0.08047 0.52658 0.644 0.82091 8.0000 30.63 1.0152 1.0171 1.521589 
814.4120 16.507 98.633 -0.08009 0.52750 0.641 0.82114 8.0000 31.11 1.0162 1.0181 1.522377 
813.9901 16.512 98.640 -0.08027 0.52825 0.645 0.82205 8.0000 31.41 1.0171 1.0190 1.523166 
813.5681 16.526 98.628 -0.08022 0.52864 0.642 0.82169 8.0000 31.12 1.0186 1.0206 1.523956 
813.1460 16.527 98.557 -0.07958 0.52887 0.644 0.82185 8.0000 31.14 1.0170 1.0189 1.524747 
812.7238 16.525 98.536 -0.07940 0.52904 0.646 0.82221 8.0000 31.50 1.0167 1.0186 1.525539 
812.3015 16.570 98.475 -0.07916 0.53122 0.649 0.82265 8.0000 31.63 1.0201 1.0220 1.526332 
811.8792 16.534 98.479 -0.07908 0.53043 0.648 0.82365 8.0000 32.06 1.0189 1.0208 1.527126 
811.4567 16.543 98.452 -0.07891 0.53101 0.645 0.82395 8.0000 32.07 1.0206 1.0225 1.527921 
811.0341 16.550 98.411 -0.07853 0.53109 0.650 0.82352 8.0000 31.60 1.0205 1.0224 1.528717 
810.6115 16.555 98.445 -0.07894 0.53173 0.644 0.82433 8.0000 31.97 1.0216 1.0235 1.529514 
810.1888 16.557 98.385 -0.07845 0.53224 0.638 0.82485 8.0000 31.52 1.0208 1.0227 1.530312 
809.7659 16.575 98.321 -0.07797 0.53313 0.648 0.82494 8.0000 32.34 1.0213 1.0232 1.531111 
809.3430 16.584 98.259 -0.07746 0.53369 0.645 0.82511 8.0000 32.55 1.0208 1.0227 1.531912 
808.9200 16.601 98.167 -0.07671 0.53452 0.646 0.82513 8.0000 32.26 1.0218 1.0237 1.532713 
808.4969 16.612 98.102 -0.07616 0.53500 0.642 0.82505 8.0000 32.76 1.0221 1.0241 1.533515 
808.0737 16.616 98.038 -0.07552 0.53479 0.648 0.82432 8.0000 32.52 1.0214 1.0234 1.534318 
807.6505 16.620 98.012 -0.07532 0.53512 0.640 0.82458 8.0000 32.84 1.0221 1.0240 1.535122 
807.2271 16.618 97.977 -0.07500 0.53523 0.650 0.82480 8.0000 32.90 1.0213 1.0232 1.535927 
806.8036 16.638 97.887 -0.07430 0.53636 0.647 0.82507 8.0000 33.31 1.0209 1.0228 1.536733 
806.3801 16.655 97.832 -0.07388 0.53713 0.644 0.82510 8.0000 32.74 1.0207 1.0226 1.537540 
805.9564 16.677 97.756 -0.07324 0.53770 0.649 0.82444 8.0000 33.22 1.0208 1.0227 1.538349 
805.5327 16.692 97.687 -0.07265 0.53823 0.648 0.82418 8.0000 33.23 1.0218 1.0237 1.539158 
805.1089 16.709 97.600 -0.07187 0.53864 0.650 0.82356 8.0000 32.97 1.0219 1.0238 1.539968 
804.6850 16.724 97.562 -0.07159 0.53927 0.652 0.82350 8.0000 33.38 1.0237 1.0256 1.540779 
804.2610 16.727 97.497 -0.07099 0.53948 0.650 0.82354 8.0000 33.86 1.0230 1.0249 1.541591 
803.8369 16.741 97.446 -0.07057 0.53991 0.648 0.82323 8.0000 33.36 1.0235 1.0253 1.542405 
803.4127 16.763 97.404 -0.07023 0.54047 0.646 0.82263 8.0000 33.62 1.0250 1.0269 1.543219 
802.9884 16.771 97.379 -0.07004 0.54082 0.646 0.82259 8.0000 33.64 1.0253 1.0272 1.544035 
802.5640 16.787 97.335 -0.06969 0.54142 0.653 0.82245 8.0000 33.52 1.0262 1.0282 1.544851 
802.1396 16.787 97.280 -0.06917 0.54149 0.645 0.82241 8.0000 34.31 1.0249 1.0268 1.545669 
801.7150 16.788 97.268 -0.06905 0.54139 0.649 0.82218 8.0000 34.67 1.0252 1.0272 1.546487 
801.2903 16.809 97.194 -0.06841 0.54191 0.648 0.82157 8.0000 34.49 1.0254 1.0274 1.547307 
800.8657 16.813 97.178 -0.06824 0.54183 0.644 0.82112 8.0000 34.00 1.0257 1.0277 1.548127 
800.4408 16.801 97.126 -0.06770 0.54152 0.644 0.82133 8.0000 33.79 1.0244 1.0263 1.548949 
800.0159 16.809 97.106 -0.06755 0.54186 0.651 0.82132 8.0000 34.53 1.0243 1.0262 1.549772 
799.5909 16.818 97.033 -0.06691 0.54236 0.649 0.82141 8.0000 34.37 1.0230 1.0249 1.550595 
799.1658 16.828 96.999 -0.06665 0.54288 0.649 0.82151 8.0000 34.45 1.0239 1.0257 1.551420 
798.7406 16.845 96.932 -0.06609 0.54361 0.650 0.82144 8.0000 34.59 1.0245 1.0263 1.552246 
798.3153 16.869 96.892 -0.06579 0.54430 0.647 0.82091 8.0000 34.66 1.0255 1.0273 1.553073 
797.8899 16.893 96.826 -0.06529 0.54540 0.653 0.82093 8.0000 35.11 1.0267 1.0285 1.553901 
797.4644 16.900 96.800 -0.06507 0.54573 0.652 0.82096 8.0000 35.34 1.0266 1.0284 1.554730 
797.0389 16.920 96.741 -0.06461 0.54665 0.651 0.82100 8.0000 35.18 1.0269 1.0287 1.555560 
796.6132 16.933 96.677 -0.06409 0.54744 0.644 0.82132 8.0000 35.02 1.0278 1.0296 1.556391 
796.1875 16.932 96.623 -0.06355 0.54736 0.655 0.82117 8.0000 35.61 1.0275 1.0293 1.557224 
795.7617 16.947 96.564 -0.06306 0.54796 0.653 0.82099 8.0000 35.04 1.0269 1.0288 1.558057 
795.3357 16.961 96.494 -0.06243 0.54845 0.654 0.82078 8.0000 35.39 1.0282 1.0301 1.558891 
794.9097 16.979 96.426 -0.06186 0.54923 0.651 0.82068 8.0000 35.74 1.0293 1.0312 1.559727 
794.4836 16.990 96.342 -0.06108 0.54955 0.651 0.82040 8.0000 35.68 1.0286 1.0305 1.560563 
794.0574 17.001 96.326 -0.06096 0.54991 0.655 0.82018 8.0000 35.73 1.0295 1.0315 1.561401 
793.6310 17.016 96.262 -0.06044 0.55080 0.660 0.82053 8.0000 36.28 1.0293 1.0313 1.562240 
793.2047 17.027 96.195 -0.05985 0.55138 0.660 0.82057 8.0000 36.31 1.0298 1.0317 1.563079 
792.7782 17.033 96.142 -0.05937 0.55171 0.653 0.82063 8.0000 35.85 1.0290 1.0309 1.563920 
792.3516 17.043 96.107 -0.05907 0.55212 0.653 0.82055 8.0000 36.24 1.0287 1.0306 1.564762 
791.9249 17.042 96.068 -0.05872 0.55233 0.656 0.82087 8.0000 35.79 1.0279 1.0298 1.565605 
791.4982 17.062 96.017 -0.05830 0.55314 0.655 0.82075 8.0000 35.89 1.0279 1.0298 1.566449 
791.0714 17.074 95.976 -0.05795 0.55360 0.648 0.82064 8.0000 36.16 1.0286 1.0306 1.567295 
790.6444 17.082 95.941 -0.05763 0.55386 0.650 0.82048 8.0000 36.02 1.0295 1.0314 1.568141 
790.2173 17.088 95.900 -0.05724 0.55395 0.648 0.82019 8.0000 36.23 1.0302 1.0322 1.568989 
789.7902 17.100 95.845 -0.05675 0.55438 0.654 0.82000 8.0000 36.40 1.0298 1.0318 1.569837 
789.3630 17.108 95.794 -0.05629 0.55470 0.651 0.81991 8.0000 36.00 1.0300 1.0320 1.570687 
788.9357 17.120 95.772 -0.05611 0.55514 0.653 0.81982 8.0000 36.82 1.0306 1.0326 1.571537 
788.5083 17.124 95.717 -0.05561 0.55545 0.653 0.81993 8.0000 36.90 1.0297 1.0316 1.572389 
788.0807 17.126 95.697 -0.05543 0.55559 0.653 0.82000 8.0000 36.61 1.0299 1.0318 1.573242 
787.6532 17.137 95.649 -0.05502 0.55623 0.653 0.82018 8.0000 36.72 1.0303 1.0322 1.574096 
787.2255 17.132 95.620 -0.05472 0.55605 0.649 0.82019 8.0000 36.56 1.0294 1.0313 1.574951 
786.7977 17.129 95.543 -0.05397 0.55607 0.656 0.82031 8.0000 37.12 1.0283 1.0301 1.575808 
786.3699 17.137 95.496 -0.05354 0.55646 0.657 0.82029 8.0000 36.95 1.0283 1.0302 1.576665 
785.9419 17.145 95.465 -0.05326 0.55667 0.651 0.82010 8.0000 37.11 1.0296 1.0314 1.577524 
785.5139 17.152 95.420 -0.05284 0.55689 0.653 0.81993 8.0000 36.66 1.0302 1.0320 1.578383 
785.0857 17.160 95.363 -0.05232 0.55728 0.655 0.81995 8.0000 37.44 1.0289 1.0308 1.579244 
784.6575 17.172 95.299 -0.05174 0.55777 0.650 0.81985 8.0000 37.34 1.0290 1.0309 1.580106 
784.2291 17.170 95.281 -0.05156 0.55786 0.657 0.82006 8.0000 37.70 1.0294 1.0312 1.580969 
783.8007 17.171 95.234 -0.05112 0.55799 0.657 0.82010 8.0000 37.51 1.0293 1.0311 1.581833 
783.3722 17.179 95.187 -0.05068 0.55830 0.654 0.82004 8.0000 37.65 1.0296 1.0314 1.582698 
782.9435 17.195 95.122 -0.05009 0.55881 0.654 0.81970 8.0000 37.84 1.0300 1.0319 1.583565 
782.5148 17.207 95.088 -0.04981 0.55944 0.654 0.81985 8.0000 37.84 1.0313 1.0331 1.584433 
782.0861 17.204 95.079 -0.04972 0.55947 0.651 0.82007 8.0000 37.56 1.0316 1.0334 1.585301 
781.6572 17.202 95.053 -0.04946 0.55941 0.652 0.82004 8.0000 37.30 1.0315 1.0332 1.586171 
781.2282 17.208 95.007 -0.04903 0.55954 0.653 0.81980 8.0000 37.74 1.0314 1.0332 1.587042 
780.7991 17.213 94.978 -0.04874 0.55964 0.656 0.81962 8.0000 37.82 1.0318 1.0335 1.587914 
780.3699 17.221 94.938 -0.04838 0.55997 0.658 0.81956 8.0000 37.82 1.0324 1.0342 1.588788 
779.9407 17.223 94.894 -0.04795 0.56001 0.652 0.81943 8.0000 37.98 1.0328 1.0346 1.589662 
779.5113 17.227 94.854 -0.04756 0.56007 0.652 0.81925 8.0000 37.94 1.0326 1.0344 1.590537 
779.0818 17.243 94.803 -0.04710 0.56050 0.655 0.81884 8.0000 38.11 1.0330 1.0348 1.591414 
778.6523 17.264 94.734 -0.04648 0.56126 0.660 0.81860 8.0000 38.18 1.0334 1.0352 1.592292 
778.2227 17.276 94.678 -0.04596 0.56169 0.656 0.81839 8.0000 38.59 1.0337 1.0354 1.593171 
777.7930 17.281 94.647 -0.04566 0.56178 0.656 0.81817 8.0000 38.23 1.0345 1.0363 1.594051 
777.3632 17.294 94.612 -0.04536 0.56225 0.661 0.81801 8.0000 38.24 1.0350 1.0367 1.594933 
776.9332 17.301 94.572 -0.04497 0.56241 0.657 0.81779 8.0000 38.70 1.0355 1.0373 1.595815 
776.5032 17.312 94.526 -0.04454 0.56267 0.652 0.81748 8.0000 38.84 1.0358 1.0375 1.596699 
776.0731 17.318 94.477 -0.04407 0.56285 0.656 0.81730 8.0000 38.69 1.0356 1.0374 1.597584 
775.6429 17.329 94.402 -0.04336 0.56330 0.658 0.81721 8.0000 38.41 1.0354 1.0372 1.598470 
775.2126 17.335 94.361 -0.04296 0.56334 0.658 0.81684 8.0000 39.05 1.0353 1.0371 1.599357 
774.7822 17.344 94.316 -0.04252 0.56347 0.662 0.81641 8.0000 39.39 1.0360 1.0378 1.600246 
774.3517 17.347 94.306 -0.04242 0.56347 0.665 0.81624 8.0000 39.43 1.0359 1.0377 1.601135 
773.9212 17.359 94.264 -0.04205 0.56394 0.656 0.81615 8.0000 39.21 1.0364 1.0382 1.602026 
773.4905 17.366 94.230 -0.04174 0.56432 0.652 0.81621 8.0000 39.16 1.0366 1.0384 1.602918 
773.0598 17.377 94.191 -0.04139 0.56482 0.653 0.81624 8.0000 39.98 1.0367 1.0384 1.603811 
772.6289 17.389 94.141 -0.04092 0.56518 0.654 0.81599 8.0000 39.63 1.0372 1.0389 1.604706 
772.1980 17.405 94.082 -0.04038 0.56570 0.662 0.81568 8.0000 39.54 1.0377 1.0394 1.605601 
771.7669 17.409 94.040 -0.03996 0.56589 0.658 0.81570 8.0000 39.63 1.0380 1.0397 1.606498 
771.3358 17.410 93.999 -0.03956 0.56578 0.661 0.81540 8.0000 39.84 1.0384 1.0401 1.607396 
770.9046 17.421 93.957 -0.03915 0.56600 0.660 0.81503 8.0000 39.80 1.0387 1.0404 1.608295 
770.4733 17.431 93.918 -0.03879 0.56632 0.658 0.81485 8.0000 39.90 1.0395 1.0412 1.609195 
770.0419 17.442 93.889 -0.03852 0.56663 0.658 0.81461 8.0000 39.65 1.0401 1.0418 1.610097 
769.6104 17.457 93.855 -0.03822 0.56707 0.662 0.81428 8.0000 40.17 1.0404 1.0421 1.610999 
769.1787 17.468 93.823 -0.03791 0.56734 0.660 0.81400 8.0000 40.39 1.0401 1.0417 1.611904 
768.7471 17.465 93.798 -0.03764 0.56706 0.663 0.81372 8.0000 40.53 1.0400 1.0416 1.612809 
768.3152 17.486 93.767 -0.03738 0.56780 0.658 0.81349 8.0000 40.40 1.0407 1.0423 1.613715 
767.8834 17.502 93.705 -0.03681 0.56839 0.664 0.81330 8.0000 40.75 1.0404 1.0421 1.614623 
767.4514 17.518 93.630 -0.03608 0.56877 0.661 0.81286 8.0000 41.08 1.0406 1.0423 1.615531 
767.0193 17.528 93.586 -0.03567 0.56913 0.660 0.81267 8.0000 41.06 1.0404 1.0420 1.616442 
766.5872 17.542 93.532 -0.03516 0.56962 0.662 0.81250 8.0000 40.77 1.0407 1.0423 1.617353 
766.1549 17.553 93.471 -0.03457 0.56994 0.666 0.81226 8.0000 41.15 1.0404 1.0420 1.618265 
765.7225 17.561 93.457 -0.03444 0.57010 0.667 0.81200 8.0000 41.83 1.0401 1.0417 1.619179 
765.2901 17.573 93.430 -0.03419 0.57047 0.661 0.81178 8.0000 41.48 1.0404 1.0420 1.620094 
764.8575 17.584 93.411 -0.03402 0.57081 0.666 0.81156 8.0000 41.88 1.0404 1.0420 1.621010 
764.4249 17.599 93.371 -0.03365 0.57133 0.664 0.81139 8.0000 41.62 1.0409 1.0424 1.621928 
763.9922 17.612 93.347 -0.03345 0.57186 0.660 0.81131 8.0000 41.73 1.0414 1.0429 1.622846 
763.5593 17.630 93.306 -0.03306 0.57238 0.665 0.81093 8.0000 42.20 1.0417 1.0432 1.623766 
763.1264 17.642 93.284 -0.03287 0.57274 0.661 0.81073 8.0000 42.02 1.0416 1.0431 1.624687 
762.6934 17.653 93.226 -0.03232 0.57334 0.662 0.81088 8.0000 42.33 1.0415 1.0431 1.625610 
762.2603 17.658 93.185 -0.03190 0.57335 0.670 0.81055 8.0000 42.39 1.0412 1.0428 1.626533 
761.8271 17.666 93.142 -0.03149 0.57378 0.672 0.81060 8.0000 42.85 1.0414 1.0429 1.627458 
761.3938 17.675 93.097 -0.03105 0.57393 0.667 0.81028 8.0000 42.70 1.0416 1.0431 1.628385 
760.9604 17.688 93.035 -0.03044 0.57414 0.665 0.80974 8.0000 42.42 1.0414 1.0430 1.629312 
760.5269 17.703 93.008 -0.03020 0.57470 0.666 0.80964 8.0000 42.88 1.0415 1.0431 1.630241 
760.0933 17.718 92.969 -0.02984 0.57539 0.662 0.80965 8.0000 43.25 1.0423 1.0439 1.631171 
759.6597 17.735 92.916 -0.02934 0.57593 0.666 0.80938 8.0000 43.33 1.0427 1.0443 1.632102 
759.2259 17.743 92.892 -0.02910 0.57604 0.672 0.80903 8.0000 43.01 1.0429 1.0445 1.633034 
758.7921 17.751 92.869 -0.02889 0.57641 0.666 0.80903 8.0000 43.30 1.0434 1.0449 1.633968 
758.3581 17.767 92.806 -0.02828 0.57687 0.666 0.80867 8.0000 43.51 1.0432 1.0448 1.634903 
757.9240 17.770 92.770 -0.02790 0.57682 0.670 0.80842 8.0000 44.10 1.0429 1.0444 1.635839 
757.4899 17.779 92.731 -0.02753 0.57715 0.673 0.80831 8.0000 44.20 1.0432 1.0448 1.636777 
757.0556 17.786 92.704 -0.02726 0.57720 0.671 0.80793 8.0000 44.01 1.0431 1.0446 1.637716 
756.6213 17.803 92.672 -0.02696 0.57776 0.665 0.80773 8.0000 43.77 1.0433 1.0448 1.638656 
756.1868 17.817 92.611 -0.02636 0.57805 0.667 0.80724 8.0000 43.65 1.0432 1.0447 1.639597 
755.7523 17.824 92.587 -0.02612 0.57811 0.673 0.80689 8.0000 43.41 1.0431 1.0446 1.640540 
755.3177 17.836 92.556 -0.02583 0.57860 0.669 0.80683 8.0000 44.56 1.0434 1.0449 1.641484 
754.8830 17.844 92.522 -0.02549 0.57880 0.671 0.80661 8.0000 44.52 1.0433 1.0447 1.642429 
754.4482 17.848 92.493 -0.02520 0.57871 0.670 0.80622 8.0000 44.52 1.0431 1.0445 1.643376 
754.0132 17.859 92.467 -0.02495 0.57896 0.677 0.80592 8.0000 45.25 1.0431 1.0446 1.644324 
753.5782 17.869 92.422 -0.02451 0.57942 0.672 0.80596 8.0000 44.62 1.0430 1.0444 1.645273 
753.1431 17.877 92.382 -0.02411 0.57961 0.675 0.80569 8.0000 45.38 1.0431 1.0445 1.646223 
752.7079 17.883 92.355 -0.02384 0.57961 0.670 0.80536 8.0000 44.86 1.0430 1.0444 1.647175 
752.2726 17.892 92.319 -0.02349 0.57992 0.674 0.80522 8.0000 45.76 1.0428 1.0442 1.648129 
751.8373 17.894 92.289 -0.02318 0.57983 0.674 0.80497 8.0000 45.29 1.0422 1.0436 1.649083 
751.4018 17.909 92.225 -0.02255 0.58023 0.676 0.80458 8.0000 45.67 1.0424 1.0438 1.650039 
750.9662 17.920 92.187 -0.02216 0.58045 0.674 0.80422 8.0000 45.66 1.0429 1.0443 1.650996 
750.5306 17.928 92.162 -0.02192 0.58063 0.674 0.80399 8.0000 45.67 1.0433 1.0447 1.651954 
750.0948 17.937 92.109 -0.02139 0.58078 0.671 0.80365 8.0000 45.78 1.0426 1.0440 1.652914 
749.6589 17.946 92.074 -0.02104 0.58104 0.675 0.80341 8.0000 45.88 1.0426 1.0440 1.653875 
749.2230 17.952 92.036 -0.02066 0.58112 0.679 0.80320 8.0000 46.13 1.0426 1.0440 1.654837 
748.7869 17.958 92.002 -0.02032 0.58133 0.679 0.80308 8.0000 46.59 1.0425 1.0439 1.655801 
748.3508 17.972 91.953 -0.01984 0.58183 0.678 0.80291 8.0000 46.39 1.0426 1.0440 1.656766 
747.9146 17.982 91.931 -0.01963 0.58218 0.680 0.80284 8.0000 46.55 1.0429 1.0443 1.657732 
747.4782 17.989 91.911 -0.01943 0.58237 0.675 0.80265 8.0000 45.88 1.0431 1.0445 1.658700 
747.0417 17.997 91.876 -0.01908 0.58257 0.685 0.80247 8.0000 46.35 1.0431 1.0445 1.659669 
746.6052 18.005 91.819 -0.01851 0.58275 0.678 0.80220 8.0000 46.83 1.0428 1.0442 1.660639 
746.1686 18.019 91.764 -0.01796 0.58317 0.678 0.80191 8.0000 47.08 1.0429 1.0443 1.661611 
745.7319 18.033 91.708 -0.01740 0.58361 0.679 0.80171 8.0000 46.63 1.0431 1.0444 1.662584 
745.2950 18.044 91.666 -0.01699 0.58413 0.684 0.80174 8.0000 46.82 1.0434 1.0448 1.663559 
744.8582 18.059 91.613 -0.01646 0.58455 0.686 0.80143 8.0000 47.33 1.0434 1.0448 1.664534 
744.4211 18.064 91.582 -0.01615 0.58474 0.682 0.80136 8.0000 46.87 1.0433 1.0447 1.665512 
743.9841 18.072 91.554 -0.01588 0.58514 0.679 0.80141 8.0000 47.29 1.0434 1.0447 1.666490 
743.5468 18.079 91.503 -0.01535 0.58527 0.680 0.80116 8.0000 46.98 1.0432 1.0446 1.667470 
743.1096 18.087 91.471 -0.01504 0.58560 0.680 0.80117 8.0000 47.55 1.0435 1.0448 1.668451 
742.6722 18.091 91.455 -0.01487 0.58573 0.684 0.80109 8.0000 47.17 1.0437 1.0450 1.669434 
742.2347 18.094 91.424 -0.01456 0.58581 0.685 0.80100 8.0000 47.73 1.0435 1.0448 1.670418 
741.7971 18.100 91.368 -0.01399 0.58599 0.686 0.80086 8.0000 48.01 1.0432 1.0445 1.671403 
741.3594 18.102 91.326 -0.01356 0.58595 0.683 0.80067 8.0000 47.26 1.0430 1.0443 1.672390 
740.9216 18.106 91.298 -0.01329 0.58619 0.691 0.80080 8.0000 48.49 1.0430 1.0443 1.673378 
740.4838 18.113 91.263 -0.01293 0.58634 0.688 0.80059 8.0000 48.47 1.0429 1.0442 1.674367 
740.0458 18.115 91.248 -0.01278 0.58635 0.685 0.80048 8.0000 48.64 1.0430 1.0442 1.675358 
739.6077 18.115 91.232 -0.01261 0.58633 0.691 0.80042 8.0000 48.70 1.0430 1.0442 1.676351 
739.1696 18.124 91.190 -0.01218 0.58663 0.689 0.80030 8.0000 48.36 1.0428 1.0440 1.677344 
738.7313 18.129 91.160 -0.01188 0.58691 0.692 0.80036 8.0000 48.68 1.0428 1.0440 1.678339 
738.2930 18.135 91.108 -0.01136 0.58710 0.690 0.80029 8.0000 49.16 1.0426 1.0438 1.679336 
737.8545 18.139 91.068 -0.01095 0.58716 0.686 0.80009 8.0000 48.88 1.0423 1.0435 1.680334 
737.4160 18.148 91.033 -0.01059 0.58745 0.692 0.79995 8.0000 48.78 1.0423 1.0436 1.681333 
736.9773 18.154 90.992 -0.01017 0.58746 0.690 0.79962 8.0000 48.53 1.0422 1.0434 1.682334 
736.5386 18.158 90.956 -0.00981 0.58763 0.693 0.79958 8.0000 48.77 1.0421 1.0434 1.683336 
736.0997 18.164 90.928 -0.00952 0.58767 0.693 0.79928 8.0000 50.40 1.0420 1.0432 1.684340 
735.6608 18.172 90.892 -0.00915 0.58785 0.691 0.79909 8.0000 49.33 1.0419 1.0431 1.685344 
735.2218 18.178 90.861 -0.00883 0.58798 0.691 0.79888 8.0000 49.32 1.0419 1.0430 1.686351 
734.7827 18.175 90.845 -0.00867 0.58772 0.693 0.79870 8.0000 49.40 1.0416 1.0427 1.687359 
734.3434 18.180 90.798 -0.00819 0.58789 0.695 0.79866 8.0000 49.83 1.0412 1.0423 1.688368 
733.9041 18.188 90.747 -0.00767 0.58811 0.700 0.79847 8.0000 50.02 1.0409 1.0420 1.689379 
733.4647 18.186 90.718 -0.00737 0.58810 0.696 0.79854 8.0000 50.80 1.0405 1.0416 1.690391 
733.0252 18.187 90.696 -0.00714 0.58801 0.698 0.79838 8.0000 50.21 1.0405 1.0416 1.691404 
732.5856 18.202 90.642 -0.00659 0.58858 0.697 0.79829 8.0000 50.24 1.0405 1.0417 1.692419 
732.1459 18.203 90.606 -0.00622 0.58862 0.699 0.79824 8.0000 50.30 1.0404 1.0415 1.693436 
731.7061 18.199 90.572 -0.00587 0.58839 0.701 0.79814 8.0000 50.79 1.0402 1.0413 1.694453 
731.2662 18.203 90.551 -0.00566 0.58857 0.692 0.79816 8.0000 50.55 1.0404 1.0415 1.695473 
730.8262 18.202 90.516 -0.00530 0.58841 0.701 0.79801 8.0000 50.76 1.0403 1.0415 1.696494 
730.3861 18.198 90.503 -0.00516 0.58804 0.701 0.79774 8.0000 50.85 1.0402 1.0413 1.697516 
729.9459 18.203 90.463 -0.00475 0.58811 0.705 0.79752 8.0000 51.09 1.0401 1.0412 1.698539 
729.5057 18.204 90.425 -0.00436 0.58792 0.704 0.79721 8.0000 50.62 1.0402 1.0413 1.699564 
729.0653 18.212 90.359 -0.00368 0.58806 0.709 0.79694 8.0000 50.73 1.0401 1.0413 1.700591 
728.6248 18.211 90.325 -0.00334 0.58804 0.705 0.79696 8.0000 50.49 1.0400 1.0411 1.701619 
728.1843 18.211 90.293 -0.00301 0.58797 0.708 0.79689 8.0000 51.10 1.0398 1.0409 1.702648 
727.7436 18.212 90.256 -0.00263 0.58803 0.703 0.79687 8.0000 50.81 1.0399 1.0410 1.703680 
727.3028 18.210 90.222 -0.00228 0.58791 0.707 0.79683 8.0000 50.90 1.0398 1.0409 1.704712 
726.8619 18.215 90.167 -0.00171 0.58805 0.709 0.79672 8.0000 51.23 1.0397 1.0408 1.705746 
726.4210 18.214 90.133 -0.00137 0.58787 0.708 0.79656 8.0000 51.45 1.0394 1.0405 1.706781 
725.9799 18.219 90.097 -0.00099 0.58812 0.707 0.79662 8.0000 51.04 1.0396 1.0407 1.707818 
725.5388 18.223 90.043 -0.00044 0.58808 0.707 0.79634 8.0000 51.18 1.0394 1.0405 1.708857 
725.0975 18.228 89.986 0.00015 0.58818 0.714 0.79616 8.0000 51.65 1.0396 1.0407 1.709897 
724.6561 18.234 89.947 0.00055 0.58827 0.711 0.79596 8.0000 50.95 1.0399 1.0410 1.710938 
724.2147 18.231 89.904 0.00098 0.58796 0.714 0.79567 8.0000 51.58 1.0399 1.0410 1.711981 
723.7732 18.232 89.860 0.00144 0.58786 0.712 0.79552 8.0000 51.42 1.0398 1.0409 1.713025 
723.3315 18.232 89.826 0.00179 0.58769 0.712 0.79529 8.0000 50.79 1.0399 1.0409 1.714072 
722.8898 18.236 89.768 0.00238 0.58771 0.716 0.79506 8.0000 51.98 1.0400 1.0410 1.715119 
722.4479 18.239 89.724 0.00283 0.58780 0.715 0.79499 8.0000 51.90 1.0398 1.0409 1.716168 
722.0060 18.239 89.677 0.00332 0.58779 0.719 0.79503 8.0000 51.86 1.0398 1.0408 1.717218 
721.5640 18.251 89.610 0.00400 0.58808 0.716 0.79471 8.0000 51.45 1.0400 1.0411 1.718270 
721.1218 18.256 89.566 0.00446 0.58811 0.718 0.79444 8.0000 51.95 1.0401 1.0411 1.719324 
720.6796 18.261 89.525 0.00488 0.58808 0.716 0.79416 8.0000 52.51 1.0401 1.0411 1.720379 
720.2373 18.263 89.472 0.00542 0.58798 0.720 0.79392 8.0000 52.67 1.0402 1.0412 1.721435 
719.7949 18.262 89.447 0.00568 0.58790 0.716 0.79385 8.0000 52.35 1.0402 1.0412 1.722493 
719.3524 18.268 89.394 0.00622 0.58803 0.720 0.79366 8.0000 52.16 1.0405 1.0416 1.723553 
718.9097 18.271 89.344 0.00673 0.58793 0.722 0.79338 8.0000 52.36 1.0405 1.0415 1.724614 
718.4670 18.273 89.298 0.00720 0.58780 0.721 0.79308 8.0000 52.80 1.0406 1.0416 1.725677 
718.0242 18.285 89.235 0.00785 0.58821 0.729 0.79295 8.0000 53.21 1.0408 1.0418 1.726741 
717.5813 18.290 89.180 0.00842 0.58824 0.724 0.79270 8.0000 53.20 1.0409 1.0419 1.727807 
717.1383 18.297 89.127 0.00896 0.58828 0.723 0.79239 8.0000 52.27 1.0410 1.0420 1.728874 
716.6952 18.303 89.077 0.00947 0.58839 0.726 0.79219 8.0000 53.00 1.0410 1.0420 1.729943 
716.2520 18.311 89.024 0.01003 0.58861 0.730 0.79203 8.0000 53.33 1.0412 1.0422 1.731013 
715.8087 18.319 88.951 0.01078 0.58875 0.727 0.79179 8.0000 53.41 1.0411 1.0421 1.732086 
715.3653 18.327 88.890 0.01141 0.58889 0.731 0.79155 8.0000 53.67 1.0413 1.0424 1.733159 
714.9218 18.330 88.851 0.01181 0.58894 0.727 0.79140 8.0000 53.39 1.0414 1.0424 1.734234 
714.4782 18.338 88.799 0.01235 0.58912 0.728 0.79122 8.0000 53.59 1.0415 1.0425 1.735311 
714.0345 18.349 88.727 0.01310 0.58940 0.733 0.79101 8.0000 53.58 1.0414 1.0424 1.736389 
713.5907 18.357 88.671 0.01368 0.58968 0.733 0.79090 8.0000 53.98 1.0417 1.0427 1.737469 
713.1469 18.363 88.611 0.01430 0.58975 0.732 0.79070 8.0000 53.01 1.0417 1.0427 1.738550 
712.7028 18.369 88.556 0.01487 0.58977 0.737 0.79042 8.0000 53.55 1.0418 1.0428 1.739634 
712.2588 18.378 88.495 0.01550 0.59010 0.736 0.79031 8.0000 54.32 1.0422 1.0432 1.740718 
711.8146 18.387 88.436 0.01611 0.59027 0.738 0.79005 8.0000 53.62 1.0424 1.0434 1.741805 
711.3703 18.398 88.372 0.01679 0.59049 0.742 0.78974 8.0000 54.36 1.0426 1.0436 1.742892 
710.9259 18.409 88.298 0.01756 0.59074 0.741 0.78949 8.0000 53.96 1.0427 1.0437 1.743982 
710.4814 18.416 88.243 0.01813 0.59082 0.737 0.78924 8.0000 54.08 1.0427 1.0437 1.745073 
710.0369 18.424 88.191 0.01866 0.59096 0.741 0.78897 8.0000 54.16 1.0428 1.0438 1.746165 
709.5922 18.432 88.134 0.01926 0.59119 0.740 0.78882 8.0000 54.05 1.0429 1.0438 1.747260 
709.1474 18.444 88.079 0.01984 0.59141 0.743 0.78847 8.0000 54.68 1.0432 1.0442 1.748356 
708.7026 18.453 88.024 0.02041 0.59152 0.748 0.78813 8.0000 55.03 1.0432 1.0441 1.749453 
708.2576 18.462 87.967 0.02100 0.59166 0.746 0.78781 8.0000 54.86 1.0433 1.0443 1.750552 
707.8125 18.470 87.914 0.02156 0.59185 0.746 0.78764 8.0000 54.24 1.0434 1.0444 1.751653 
707.3674 18.481 87.850 0.02223 0.59206 0.747 0.78735 8.0000 54.60 1.0436 1.0446 1.752755 
706.9221 18.492 87.796 0.02280 0.59236 0.751 0.78715 8.0000 55.19 1.0439 1.0449 1.753859 
706.4767 18.503 87.729 0.02349 0.59243 0.752 0.78663 8.0000 55.57 1.0441 1.0450 1.754965 
706.0313 18.514 87.653 0.02429 0.59264 0.755 0.78631 8.0000 55.43 1.0440 1.0449 1.756072 
705.5857 18.523 87.595 0.02490 0.59283 0.752 0.78608 8.0000 55.73 1.0443 1.0452 1.757181 
705.1401 18.534 87.542 0.02547 0.59316 0.748 0.78593 8.0000 55.14 1.0444 1.0454 1.758292 
704.6943 18.546 87.486 0.02606 0.59350 0.755 0.78574 8.0000 55.13 1.0446 1.0456 1.759404 
704.2484 18.555 87.422 0.02672 0.59362 0.756 0.78543 8.0000 54.79 1.0445 1.0454 1.760518 
703.8025 18.563 87.360 0.02738 0.59380 0.762 0.78523 8.0000 55.17 1.0443 1.0453 1.761633 
703.3564 18.574 87.281 0.02822 0.59406 0.762 0.78500 8.0000 54.89 1.0443 1.0452 1.762751 
702.9103 18.588 87.224 0.02883 0.59445 0.761 0.78479 8.0000 55.89 1.0445 1.0454 1.763869 
702.4641 18.600 87.154 0.02957 0.59478 0.764 0.78455 8.0000 56.39 1.0447 1.0457 1.764990 
702.0177 18.615 87.092 0.03023 0.59514 0.763 0.78422 8.0000 56.02 1.0449 1.0458 1.766112 
701.5712 18.629 87.028 0.03092 0.59540 0.764 0.78384 8.0000 56.36 1.0450 1.0460 1.767236 
701.1247 18.643 86.971 0.03153 0.59579 0.768 0.78360 8.0000 56.38 1.0452 1.0462 1.768361 
700.6780 18.655 86.913 0.03215 0.59609 0.768 0.78335 8.0000 55.67 1.0453 1.0463 1.769489 
700.2313 18.664 86.859 0.03273 0.59642 0.771 0.78328 8.0000 56.34 1.0455 1.0464 1.770618 
699.7844 18.677 86.798 0.03339 0.59675 0.775 0.78303 8.0000 55.43 1.0457 1.0467 1.771748 
699.3375 18.688 86.742 0.03399 0.59708 0.772 0.78291 8.0000 55.85 1.0459 1.0468 1.772881 
698.8904 18.701 86.677 0.03468 0.59743 0.773 0.78264 8.0000 56.57 1.0460 1.0469 1.774015 
698.4433 18.714 86.619 0.03531 0.59779 0.772 0.78244 8.0000 56.36 1.0462 1.0471 1.775150 
697.9961 18.731 86.541 0.03617 0.59835 0.776 0.78227 8.0000 56.38 1.0465 1.0475 1.776288 
697.5488 18.743 86.479 0.03684 0.59867 0.779 0.78207 8.0000 56.53 1.0468 1.0477 1.777427 
697.1013 18.752 86.418 0.03749 0.59892 0.781 0.78196 8.0000 56.50 1.0468 1.0477 1.778568 
696.6537 18.762 86.363 0.03809 0.59923 0.783 0.78180 8.0000 56.49 1.0469 1.0478 1.779711 
696.2061 18.777 86.297 0.03881 0.59962 0.786 0.78155 8.0000 56.16 1.0471 1.0480 1.780855 
695.7584 18.789 86.242 0.03940 0.59992 0.786 0.78132 8.0000 56.55 1.0472 1.0482 1.782001 
695.3105 18.802 86.176 0.04012 0.60023 0.791 0.78107 8.0000 57.54 1.0473 1.0482 1.783149 
694.8626 18.816 86.110 0.04083 0.60055 0.788 0.78075 8.0000 57.23 1.0476 1.0486 1.784298 
694.4146 18.826 86.046 0.04152 0.60074 0.790 0.78045 8.0000 57.23 1.0478 1.0488 1.785449 
693.9664 18.841 85.987 0.04218 0.60115 0.794 0.78019 8.0000 56.39 1.0479 1.0489 1.786602 
693.5182 18.861 85.923 0.04289 0.60182 0.794 0.78002 8.0000 56.47 1.0482 1.0492 1.787757 
693.0699 18.876 85.868 0.04350 0.60221 0.796 0.77973 8.0000 56.43 1.0484 1.0493 1.788913 
692.6215 18.891 85.814 0.04411 0.60264 0.796 0.77951 8.0000 57.03 1.0485 1.0494 1.790071 
692.1729 18.904 85.763 0.04468 0.60303 0.802 0.77934 8.0000 57.30 1.0485 1.0494 1.791231 
691.7243 18.916 85.703 0.04533 0.60334 0.799 0.77914 8.0000 57.56 1.0487 1.0496 1.792393 
691.2756 18.931 85.642 0.04601 0.60377 0.795 0.77890 8.0000 57.33 1.0489 1.0499 1.793557 
690.8267 18.942 85.583 0.04665 0.60400 0.803 0.77866 8.0000 56.93 1.0490 1.0500 1.794722 
690.3778 18.958 85.520 0.04736 0.60445 0.801 0.77839 8.0000 56.66 1.0492 1.0502 1.795889 
689.9288 18.970 85.462 0.04800 0.60483 0.807 0.77828 8.0000 56.44 1.0494 1.0504 1.797058 
689.4797 18.985 85.395 0.04875 0.60525 0.806 0.77800 8.0000 56.78 1.0497 1.0507 1.798228 
689.0304 18.998 85.335 0.04940 0.60543 0.805 0.77759 8.0000 56.08 1.0497 1.0507 1.799401 
688.5811 19.011 85.276 0.05006 0.60582 0.810 0.77741 8.0000 57.56 1.0500 1.0510 1.800575 
688.1317 19.024 85.216 0.05073 0.60611 0.808 0.77715 8.0000 57.22 1.0501 1.0511 1.801751 
687.6821 19.035 85.157 0.05138 0.60642 0.813 0.77700 8.0000 57.70 1.0501 1.0511 1.802929 
687.2325 19.050 85.088 0.05215 0.60682 0.817 0.77676 8.0000 57.52 1.0504 1.0513 1.804108 
686.7828 19.062 85.029 0.05280 0.60712 0.824 0.77652 8.0000 57.68 1.0503 1.0513 1.805290 
686.3329 19.076 84.973 0.05344 0.60750 0.822 0.77630 8.0000 57.12 1.0504 1.0514 1.806473 
685.8830 19.089 84.917 0.05407 0.60789 0.822 0.77613 8.0000 57.07 1.0504 1.0514 1.807658 
685.4330 19.106 84.861 0.05470 0.60830 0.823 0.77578 8.0000 57.52 1.0506 1.0516 1.808845 
684.9828 19.122 84.803 0.05537 0.60866 0.825 0.77546 8.0000 57.58 1.0509 1.0519 1.810034 
684.5327 19.132 84.747 0.05598 0.60888 0.826 0.77522 8.0000 57.77 1.0508 1.0518 1.811224 
684.0823 19.145 84.686 0.05666 0.60915 0.831 0.77491 8.0000 57.34 1.0508 1.0518 1.812416 
683.6319 19.159 84.631 0.05729 0.60954 0.835 0.77473 8.0000 57.40 1.0509 1.0519 1.813610 
683.1813 19.170 84.571 0.05795 0.60970 0.837 0.77440 8.0000 56.97 1.0507 1.0517 1.814807 
682.7307 19.186 84.500 0.05874 0.61009 0.839 0.77409 8.0000 57.43 1.0509 1.0519 1.816004 
682.2800 19.198 84.445 0.05936 0.61036 0.841 0.77384 8.0000 57.83 1.0508 1.0518 1.817204 
681.8292 19.211 84.382 0.06007 0.61069 0.836 0.77358 8.0000 57.20 1.0510 1.0520 1.818405 
681.3782 19.223 84.320 0.06076 0.61094 0.838 0.77332 8.0000 57.76 1.0511 1.0521 1.819609 
680.9272 19.234 84.263 0.06140 0.61118 0.848 0.77311 8.0000 57.35 1.0511 1.0521 1.820814 
680.4761 19.246 84.201 0.06209 0.61140 0.847 0.77281 8.0000 57.78 1.0511 1.0521 1.822021 
680.0248 19.256 84.141 0.06275 0.61159 0.848 0.77258 8.0000 57.17 1.0511 1.0520 1.823230 
679.5735 19.269 84.082 0.06343 0.61189 0.852 0.77234 8.0000 57.54 1.0512 1.0522 1.824441 
679.1221 19.278 84.022 0.06408 0.61200 0.854 0.77206 8.0000 57.58 1.0512 1.0522 1.825654 
678.6705 19.289 83.962 0.06475 0.61215 0.863 0.77171 8.0000 58.18 1.0512 1.0522 1.826869 
678.2189 19.300 83.904 0.06541 0.61240 0.861 0.77147 8.0000 58.31 1.0513 1.0522 1.828085 
677.7672 19.311 83.841 0.06611 0.61264 0.864 0.77130 8.0000 57.58 1.0514 1.0523 1.829303 
677.3154 19.320 83.782 0.06677 0.61280 0.866 0.77108 8.0000 57.25 1.0514 1.0523 1.830524 
676.8634 19.331 83.719 0.06748 0.61309 0.872 0.77093 8.0000 57.85 1.0515 1.0525 1.831746 
676.4114 19.339 83.662 0.06810 0.61318 0.874 0.77070 8.0000 57.76 1.0515 1.0525 1.832970 
675.9592 19.348 83.595 0.06885 0.61329 0.875 0.77045 8.0000 57.99 1.0515 1.0525 1.834196 
675.5070 19.358 83.528 0.06959 0.61351 0.875 0.77025 8.0000 57.92 1.0517 1.0526 1.835424 
675.0547 19.367 83.472 0.07022 0.61357 0.877 0.76994 8.0000 57.72 1.0517 1.0526 1.836654 
674.6022 19.374 83.408 0.07091 0.61362 0.882 0.76968 8.0000 57.66 1.0517 1.0526 1.837886 
674.1497 19.383 83.347 0.07159 0.61380 0.884 0.76951 8.0000 57.97 1.0517 1.0526 1.839120 
673.6971 19.391 83.286 0.07226 0.61382 0.881 0.76921 8.0000 57.36 1.0517 1.0526 1.840355 
673.2443 19.401 83.226 0.07294 0.61406 0.889 0.76903 8.0000 57.95 1.0519 1.0528 1.841593 
672.7915 19.410 83.163 0.07365 0.61426 0.894 0.76890 8.0000 58.40 1.0521 1.0530 1.842832 
672.3386 19.418 83.103 0.07432 0.61441 0.897 0.76873 8.0000 58.26 1.0524 1.0533 1.844074 
671.8855 19.425 83.045 0.07497 0.61456 0.895 0.76863 8.0000 57.95 1.0525 1.0534 1.845317 
671.4324 19.434 82.982 0.07567 0.61466 0.903 0.76839 8.0000 57.94 1.0527 1.0536 1.846563 
670.9791 19.442 82.921 0.07635 0.61483 0.901 0.76825 8.0000 58.39 1.0527 1.0536 1.847810 
670.5258 19.451 82.853 0.07711 0.61493 0.908 0.76798 8.0000 58.13 1.0529 1.0538 1.849059 
670.0723 19.461 82.787 0.07785 0.61507 0.914 0.76775 8.0000 58.53 1.0531 1.0540 1.850311 
669.6188 19.470 82.725 0.07853 0.61518 0.914 0.76750 8.0000 57.58 1.0533 1.0542 1.851564 
669.1651 19.478 82.661 0.07925 0.61535 0.922 0.76738 8.0000 58.63 1.0535 1.0544 1.852819 
668.7114 19.486 82.601 0.07993 0.61551 0.921 0.76724 8.0000 58.42 1.0535 1.0544 1.854076 
668.2575 19.495 82.542 0.08060 0.61577 0.925 0.76718 8.0000 58.36 1.0535 1.0544 1.855336 
667.8035 19.506 82.475 0.08136 0.61591 0.920 0.76688 8.0000 58.23 1.0536 1.0545 1.856597 
667.3495 19.514 82.408 0.08209 0.61593 0.928 0.76660 8.0000 58.34 1.0536 1.0545 1.857860 
666.8953 19.522 82.347 0.08278 0.61611 0.935 0.76646 8.0000 58.51 1.0538 1.0547 1.859125 
666.4411 19.531 82.287 0.08346 0.61623 0.936 0.76624 8.0000 57.52 1.0540 1.0549 1.860392 
665.9868 19.540 82.228 0.08413 0.61639 0.937 0.76607 8.0000 58.04 1.0543 1.0552 1.861661 
665.5323 19.548 82.158 0.08492 0.61653 0.945 0.76589 8.0000 58.57 1.0544 1.0553 1.862933 
665.0777 19.558 82.092 0.08566 0.61667 0.945 0.76566 8.0000 57.64 1.0546 1.0555 1.864206 
664.6230 19.565 82.023 0.08643 0.61678 0.948 0.76554 8.0000 58.38 1.0547 1.0556 1.865482 
664.1683 19.574 81.962 0.08713 0.61703 0.948 0.76549 8.0000 58.18 1.0549 1.0558 1.866759 
663.7134 19.582 81.898 0.08785 0.61717 0.953 0.76531 8.0000 58.30 1.0551 1.0559 1.868038 
663.2584 19.589 81.830 0.08862 0.61723 0.955 0.76514 8.0000 58.44 1.0552 1.0561 1.869319 
662.8034 19.597 81.762 0.08937 0.61733 0.961 0.76499 8.0000 57.13 1.0554 1.0562 1.870603 
662.3482 19.605 81.699 0.09009 0.61748 0.967 0.76486 8.0000 58.49 1.0555 1.0563 1.871888 
661.8929 19.613 81.631 0.09086 0.61757 0.972 0.76467 8.0000 58.65 1.0556 1.0565 1.873176 
661.4376 19.619 81.561 0.09163 0.61762 0.974 0.76451 8.0000 58.07 1.0559 1.0567 1.874465 
660.9821 19.625 81.497 0.09235 0.61771 0.975 0.76445 8.0000 58.22 1.0560 1.0569 1.875757 
660.5265 19.631 81.432 0.09308 0.61777 0.979 0.76430 8.0000 57.18 1.0560 1.0569 1.877051 
660.0708 19.638 81.365 0.09381 0.61774 0.988 0.76405 8.0000 58.44 1.0561 1.0569 1.878347 
659.6151 19.647 81.299 0.09457 0.61791 0.988 0.76387 8.0000 58.33 1.0564 1.0572 1.879644 
659.1592 19.657 81.229 0.09535 0.61799 0.993 0.76357 8.0000 58.17 1.0565 1.0574 1.880945 
658.7032 19.665 81.162 0.09611 0.61811 0.991 0.76345 8.0000 57.89 1.0568 1.0576 1.882247 
658.2471 19.672 81.093 0.09688 0.61817 1.002 0.76329 8.0000 58.46 1.0570 1.0579 1.883551 
657.7909 19.679 81.031 0.09757 0.61818 1.002 0.76305 8.0000 58.43 1.0574 1.0582 1.884857 
657.3346 19.687 80.971 0.09825 0.61829 1.016 0.76289 8.0000 58.27 1.0574 1.0582 1.886166 
656.8782 19.694 80.914 0.09890 0.61843 1.014 0.76277 8.0000 58.19 1.0575 1.0583 1.887476 
656.4218 19.701 80.851 0.09961 0.61849 1.024 0.76262 8.0000 58.26 1.0576 1.0584 1.888788 
655.9651 19.707 80.787 0.10032 0.61850 1.029 0.76244 8.0000 58.17 1.0577 1.0585 1.890103 
655.5084 19.712 80.719 0.10108 0.61851 1.030 0.76232 8.0000 57.47 1.0579 1.0587 1.891420 
655.0516 19.716 80.652 0.10181 0.61848 1.040 0.76220 8.0000 57.82 1.0582 1.0590 1.892739 
654.5947 19.720 80.586 0.10255 0.61849 1.041 0.76215 8.0000 58.36 1.0585 1.0593 1.894060 
654.1377 19.727 80.520 0.10330 0.61859 1.044 0.76207 8.0000 57.95 1.0587 1.0595 1.895384 
653.6806 19.730 80.456 0.10400 0.61854 1.054 0.76197 8.0000 58.33 1.0588 1.0596 1.896709 
653.2234 19.736 80.388 0.10475 0.61853 1.060 0.76179 8.0000 58.94 1.0590 1.0598 1.898037 
652.7661 19.740 80.329 0.10541 0.61856 1.060 0.76170 8.0000 57.91 1.0592 1.0600 1.899366 
652.3087 19.746 80.260 0.10617 0.61852 1.065 0.76149 8.0000 57.88 1.0594 1.0603 1.900698 
651.8511 19.750 80.197 0.10687 0.61850 1.070 0.76140 8.0000 57.63 1.0596 1.0604 1.902032 
651.3936 19.756 80.132 0.10761 0.61865 1.078 0.76143 8.0000 57.61 1.0600 1.0608 1.903368 
650.9358 19.762 80.070 0.10831 0.61868 1.088 0.76131 8.0000 58.69 1.0602 1.0610 1.904707 
650.4780 19.768 80.007 0.10903 0.61876 1.092 0.76120 8.0000 58.04 1.0605 1.0613 1.906047 
650.0201 19.777 79.943 0.10976 0.61887 1.097 0.76100 8.0000 57.60 1.0609 1.0617 1.907390 
649.5620 19.783 79.877 0.11050 0.61891 1.094 0.76088 8.0000 58.23 1.0611 1.0619 1.908735 
649.1039 19.789 79.811 0.11124 0.61888 1.098 0.76070 8.0000 57.59 1.0615 1.0623 1.910082 
648.6457 19.793 79.736 0.11205 0.61880 1.108 0.76056 8.0000 57.17 1.0620 1.0628 1.911432 
648.1873 19.800 79.666 0.11284 0.61883 1.118 0.76039 8.0000 57.85 1.0624 1.0632 1.912783 
647.7289 19.804 79.592 0.11367 0.61884 1.130 0.76032 8.0000 58.37 1.0627 1.0636 1.914137 
647.2703 19.812 79.524 0.11443 0.61888 1.129 0.76015 8.0000 57.93 1.0630 1.0638 1.915493 
646.8117 19.816 79.446 0.11530 0.61886 1.137 0.76007 8.0000 57.55 1.0632 1.0640 1.916851 
646.3530 19.821 79.377 0.11607 0.61885 1.133 0.75997 8.0000 56.66 1.0636 1.0644 1.918212 
645.8941 19.824 79.304 0.11687 0.61872 1.149 0.75983 8.0000 58.19 1.0639 1.0647 1.919575 
645.4351 19.830 79.233 0.11766 0.61875 1.152 0.75972 8.0000 57.17 1.0642 1.0651 1.920940 
644.9761 19.837 79.166 0.11843 0.61884 1.166 0.75962 8.0000 57.50 1.0645 1.0653 1.922307 
644.5169 19.842 79.084 0.11933 0.61875 1.164 0.75944 8.0000 57.59 1.0652 1.0660 1.923676 
644.0577 19.848 79.004 0.12023 0.61876 1.167 0.75936 8.0000 57.43 1.0653 1.0662 1.925048 
643.5983 19.853 78.926 0.12111 0.61877 1.175 0.75929 8.0000 57.21 1.0658 1.0666 1.926422 
643.1389 19.860 78.852 0.12194 0.61878 1.184 0.75911 8.0000 57.78 1.0660 1.0668 1.927798 
642.6793 19.864 78.774 0.12280 0.61874 1.191 0.75905 8.0000 58.00 1.0664 1.0672 1.929177 
642.2196 19.868 78.694 0.12368 0.61863 1.190 0.75891 8.0000 56.84 1.0668 1.0676 1.930558 
641.7598 19.876 78.617 0.12456 0.61868 1.205 0.75876 8.0000 56.63 1.0671 1.0679 1.931941 
641.2999 19.884 78.535 0.12549 0.61873 1.209 0.75858 8.0000 56.79 1.0676 1.0684 1.933326 
640.8400 19.894 78.458 0.12639 0.61889 1.214 0.75846 8.0000 56.95 1.0680 1.0688 1.934714 
640.3799 19.898 78.382 0.12724 0.61889 1.230 0.75843 8.0000 57.25 1.0682 1.0690 1.936104 
639.9197 19.908 78.297 0.12822 0.61899 1.241 0.75826 8.0000 57.85 1.0687 1.0695 1.937496 
639.4594 19.914 78.221 0.12908 0.61901 1.243 0.75818 8.0000 57.96 1.0690 1.0698 1.938891 
638.9990 19.919 78.141 0.12996 0.61890 1.241 0.75798 8.0000 58.31 1.0696 1.0704 1.940288 
638.5385 19.926 78.061 0.13086 0.61890 1.262 0.75786 8.0000 58.45 1.0698 1.0706 1.941687 
638.0779 19.930 77.986 0.13169 0.61880 1.260 0.75772 8.0000 58.82 1.0704 1.0712 1.943089 
637.6172 19.933 77.905 0.13257 0.61868 1.260 0.75761 8.0000 58.27 1.0707 1.0716 1.944493 
637.1564 19.941 77.830 0.13344 0.61875 1.266 0.75749 8.0000 58.28 1.0715 1.0723 1.945899 
636.6954 19.946 77.757 0.13427 0.61877 1.278 0.75747 8.0000 58.73 1.0717 1.0726 1.947308 
636.2344 19.954 77.669 0.13527 0.61881 1.287 0.75735 8.0000 58.42 1.0719 1.0728 1.948719 
635.7733 19.959 77.590 0.13615 0.61874 1.289 0.75721 8.0000 58.59 1.0722 1.0730 1.950132 
635.3121 19.962 77.510 0.13702 0.61855 1.299 0.75708 8.0000 57.67 1.0726 1.0734 1.951548 
634.8508 19.969 77.420 0.13803 0.61854 1.299 0.75696 8.0000 58.12 1.0731 1.0739 1.952966 
634.3893 19.976 77.338 0.13894 0.61847 1.317 0.75674 8.0000 58.08 1.0732 1.0740 1.954387 
633.9278 19.990 77.251 0.14000 0.61875 1.323 0.75659 8.0000 58.50 1.0730 1.0738 1.955809 
633.4662 20.005 77.169 0.14101 0.61908 1.332 0.75641 8.0000 58.22 1.0733 1.0742 1.957235 
633.0044 20.015 77.092 0.14192 0.61926 1.344 0.75634 8.0000 58.21 1.0735 1.0743 1.958662 
632.5425 20.021 77.018 0.14278 0.61931 1.348 0.75627 8.0000 58.40 1.0732 1.0741 1.960093 
632.0806 20.027 76.937 0.14368 0.61922 1.357 0.75610 8.0000 58.70 1.0739 1.0748 1.961525 
631.6186 20.024 76.864 0.14442 0.61884 1.359 0.75604 8.0000 57.64 1.0736 1.0744 1.962960 
631.1564 20.029 76.791 0.14522 0.61867 1.376 0.75581 8.0000 58.32 1.0745 1.0753 1.964397 
630.6942 20.029 76.696 0.14618 0.61822 1.370 0.75551 8.0000 58.63 1.0762 1.0771 1.965837 
630.2318 20.030 76.603 0.14716 0.61785 1.400 0.75529 8.0000 58.38 1.0778 1.0787 1.967279 
629.7693 20.021 76.518 0.14799 0.61725 1.405 0.75531 8.0000 57.83 1.0793 1.0801 1.968724 
629.3068 20.030 76.432 0.14900 0.61743 1.410 0.75536 8.0000 58.62 1.0799 1.0807 1.970171 
628.8441 20.023 76.355 0.14976 0.61691 1.417 0.75531 8.0000 57.74 1.0802 1.0811 1.971620 
628.3813 20.039 76.269 0.15082 0.61727 1.417 0.75517 8.0000 58.25 1.0803 1.0812 1.973073 
627.9184 20.052 76.180 0.15188 0.61743 1.431 0.75497 8.0000 57.72 1.0813 1.0822 1.974527 
627.4554 20.068 76.122 0.15267 0.61795 1.432 0.75495 8.0000 57.96 1.0804 1.0813 1.975984 
626.9923 20.068 76.044 0.15355 0.61789 1.458 0.75510 8.0000 58.12 1.0795 1.0804 1.977444 
626.5291 20.062 75.966 0.15429 0.61730 1.452 0.75498 8.0000 58.24 1.0784 1.0793 1.978905 
626.0658 20.062 75.885 0.15515 0.61702 1.454 0.75491 8.0000 57.91 1.0804 1.0812 1.980370 
625.6024 20.065 75.805 0.15602 0.61683 1.470 0.75476 8.0000 58.11 1.0814 1.0822 1.981837 
625.1389 20.070 75.760 0.15654 0.61681 1.487 0.75461 8.0000 58.12 1.0823 1.0831 1.983306 
624.6753 20.085 75.701 0.15725 0.61696 1.491 0.75421 8.0000 58.24 1.0809 1.0817 1.984778 
624.2115 20.080 75.634 0.15786 0.61633 1.502 0.75397 8.0000 57.57 1.0828 1.0836 1.986253 
623.7477 20.081 75.554 0.15863 0.61579 1.486 0.75351 8.0000 57.51 1.0858 1.0866 1.987730 
623.2838 20.100 75.496 0.15954 0.61674 1.499 0.75382 8.0000 57.09 1.0871 1.0880 1.989209 
622.8198 20.111 75.397 0.16073 0.61692 1.519 0.75382 8.0000 57.96 1.0905 1.0915 1.990691 
622.3557 20.103 75.221 0.16267 0.61660 1.532 0.75444 8.0000 57.78 1.0944 1.0955 1.992176 
621.8914 20.099 75.061 0.16438 0.61611 1.547 0.75464 8.0000 57.79 1.0978 1.0989 1.993663 
621.4271 20.090 74.899 0.16609 0.61551 1.554 0.75495 8.0000 57.70 1.0994 1.1004 1.995153 
620.9626 20.077 74.715 0.16792 0.61444 1.515 0.75500 8.0000 57.28 1.1005 1.1016 1.996645 
620.4980 20.056 74.553 0.16938 0.61295 1.559 0.75488 8.0000 57.20 1.0997 1.1009 1.998140 
620.0334 20.056 74.373 0.17120 0.61205 1.544 0.75443 8.0000 57.37 1.1019 1.1030 1.999637 
619.5687 20.070 74.183 0.17322 0.61145 1.594 0.75364 8.0000 57.04 1.1032 1.1044 2.001137 
619.1038 20.067 74.017 0.17481 0.61029 1.559 0.75297 8.0000 57.39 1.1062 1.1074 2.002640 
618.6388 20.057 73.853 0.17632 0.60897 1.585 0.75253 8.0000 57.27 1.1094 1.1107 2.004145 
618.1737 20.058 73.689 0.17795 0.60811 1.593 0.75199 8.0000 57.77 1.1118 1.1132 2.005653 
617.7086 20.051 73.524 0.17943 0.60665 1.614 0.75122 8.0000 57.09 1.1150 1.1164 2.007163 
617.2433 20.047 73.364 0.18089 0.60539 1.579 0.75050 8.0000 56.74 1.1170 1.1185 2.008676 
616.7779 20.050 73.209 0.18240 0.60448 1.586 0.74983 8.0000 57.88 1.1195 1.1210 2.010192 
616.3124 20.046 73.070 0.18367 0.60337 1.627 0.74917 8.0000 57.50 1.1209 1.1225 2.011710 
615.8468 20.033 72.942 0.18471 0.60200 1.597 0.74872 8.0000 56.95 1.1227 1.1243 2.013231 
615.3810 20.034 72.800 0.18606 0.60104 1.600 0.74802 8.0000 56.77 1.1251 1.1268 2.014755 
614.9153 20.023 72.667 0.18713 0.59961 1.617 0.74737 8.0000 57.14 1.1273 1.1291 2.016281 
614.4493 20.017 72.535 0.18826 0.59838 1.569 0.74670 8.0000 57.37 1.1296 1.1314 2.017810 
613.9833 20.012 72.422 0.18921 0.59728 1.636 0.74606 8.0000 56.53 1.1313 1.1332 2.019341 
613.5172 20.010 72.300 0.19029 0.59626 1.589 0.74538 8.0000 55.78 1.1335 1.1354 2.020875 
613.0510 20.013 72.183 0.19136 0.59541 1.585 0.74464 8.0000 57.10 1.1348 1.1368 2.022412 
612.5847 20.016 72.073 0.19234 0.59455 1.630 0.74387 8.0000 56.97 1.1364 1.1384 2.023952 
612.1182 20.020 71.967 0.19330 0.59377 1.590 0.74310 8.0000 56.46 1.1378 1.1398 2.025494 
611.6517 20.023 71.863 0.19423 0.59295 1.684 0.74238 8.0000 56.37 1.1390 1.1411 2.027039 
611.1850 20.027 71.765 0.19511 0.59223 1.786 0.74167 8.0000 55.83 1.1396 1.1417 2.028587 
610.7183 20.029 71.672 0.19594 0.59151 1.645 0.74107 8.0000 57.03 1.1400 1.1422 2.030137 
610.2514 20.035 71.576 0.19683 0.59085 1.667 0.74036 8.0000 56.56 1.1404 1.1426 2.031690 
609.7844 20.040 71.482 0.19767 0.59016 1.603 0.73965 8.0000 57.32 1.1407 1.1429 2.033246 
609.3173 20.049 71.395 0.19849 0.58962 1.589 0.73885 8.0000 56.15 1.1411 1.1434 2.034805 
608.8502 20.061 71.311 0.19933 0.58926 1.594 0.73816 8.0000 55.58 1.1410 1.1432 2.036366 
608.3829 20.068 71.240 0.19996 0.58875 1.625 0.73743 8.0000 55.86 1.1405 1.1428 2.037930 
607.9155 20.080 71.165 0.20072 0.58842 1.496 0.73674 8.0000 56.77 1.1399 1.1422 2.039497 
607.4480 20.095 71.097 0.20143 0.58822 1.481 0.73602 8.0000 56.40 1.1393 1.1416 2.041067 
606.9804 20.109 71.031 0.20214 0.58810 1.504 0.73541 8.0000 54.89 1.1385 1.1408 2.042639 
606.5127 20.126 70.962 0.20292 0.58807 1.624 0.73477 8.0000 54.46 1.1376 1.1399 2.044214 
606.0449 20.141 70.901 0.20360 0.58799 1.592 0.73420 8.0000 55.13 1.1363 1.1386 2.045792 
605.5770 20.156 70.847 0.20420 0.58792 1.584 0.73356 8.0000 54.75 1.1354 1.1377 2.047373 
605.1089 20.175 70.790 0.20486 0.58795 1.606 0.73289 8.0000 55.54 1.1340 1.1363 2.048957 
604.6408 20.192 70.730 0.20558 0.58803 1.633 0.73233 8.0000 55.74 1.1329 1.1351 2.050543 
604.1726 20.216 70.679 0.20627 0.58834 1.628 0.73172 8.0000 54.72 1.1313 1.1336 2.052132 
603.7042 20.241 70.635 0.20692 0.58873 1.371 0.73111 8.0000 54.71 1.1298 1.1320 2.053724 
603.2358 20.264 70.588 0.20758 0.58905 1.585 0.73055 8.0000 54.60 1.1281 1.1303 2.055319 
602.7673 20.286 70.547 0.20818 0.58942 1.383 0.73006 8.0000 53.70 1.1262 1.1284 2.056916 
602.2986 20.304 70.507 0.20875 0.58971 1.493 0.72966 8.0000 54.85 1.1241 1.1263 2.058517 
601.8298 20.326 70.466 0.20934 0.59005 1.400 0.72913 8.0000 54.29 1.1223 1.1245 2.060121 
601.3610 20.347 70.428 0.20992 0.59045 1.430 0.72869 8.0000 54.01 1.1200 1.1221 2.061726 
600.8920 20.370 70.389 0.21053 0.59086 1.476 0.72820 8.0000 53.94 1.1179 1.1199 2.063336 
600.4229 20.393 70.354 0.21110 0.59136 1.551 0.72779 8.0000 53.53 1.1153 1.1173 2.064948 
599.9537 20.418 70.321 0.21169 0.59190 1.679 0.72735 8.0000 54.39 1.1129 1.1149 2.066563 
599.4844 20.445 70.286 0.21233 0.59256 1.679 0.72692 8.0000 53.83 1.1103 1.1122 2.068181 
599.0150 20.475 70.264 0.21288 0.59337 1.590 0.72648 8.0000 52.73 1.1077 1.1095 2.069801 
598.5455 20.501 70.228 0.21352 0.59397 1.546 0.72606 8.0000 52.51 1.1046 1.1064 2.071425 
598.0759 20.530 70.191 0.21419 0.59464 1.704 0.72557 8.0000 53.73 1.1020 1.1037 2.073051 
597.6062 20.554 70.167 0.21469 0.59523 1.623 0.72513 8.0000 53.15 1.0994 1.1011 2.074680 
597.1364 20.584 70.141 0.21531 0.59611 1.598 0.72481 8.0000 52.69 1.0967 1.0984 2.076313 
596.6664 20.617 70.113 0.21597 0.59704 1.552 0.72440 8.0000 52.90 1.0938 1.0954 2.077948 
596.1964 20.646 70.095 0.21648 0.59786 1.517 0.72400 8.0000 52.07 1.0906 1.0921 2.079586 
595.7263 20.676 70.076 0.21706 0.59884 1.640 0.72371 8.0000 52.63 1.0879 1.0893 2.081227 
595.2560 20.700 70.058 0.21753 0.59953 1.622 0.72342 8.0000 52.16 1.0857 1.0872 2.082872 
594.7857 20.719 70.038 0.21798 0.60012 1.625 0.72326 8.0000 52.31 1.0830 1.0844 2.084519 
594.3152 20.742 70.010 0.21853 0.60073 1.628 0.72292 8.0000 51.76 1.0807 1.0820 2.086169 
593.8447 20.766 69.984 0.21909 0.60141 1.619 0.72264 8.0000 51.83 1.0790 1.0802 2.087822 
593.3740 20.790 69.959 0.21966 0.60216 1.601 0.72244 8.0000 51.72 1.0763 1.0775 2.089478 
592.9032 20.824 69.928 0.22044 0.60329 1.624 0.72221 8.0000 52.14 1.0749 1.0761 2.091137 
592.4323 20.854 69.891 0.22126 0.60432 1.608 0.72209 8.0000 51.13 1.0723 1.0734 2.092799 
591.9613 20.888 69.863 0.22207 0.60562 1.610 0.72207 8.0000 50.84 1.0690 1.0700 2.094464 
591.4902 20.922 69.830 0.22290 0.60682 1.587 0.72193 8.0000 50.67 1.0658 1.0667 2.096133 
591.0190 20.965 69.794 0.22389 0.60831 1.565 0.72169 8.0000 50.50 1.0625 1.0634 2.097804 
590.5477 20.991 69.755 0.22464 0.60908 1.567 0.72143 8.0000 50.32 1.0601 1.0609 2.099478 
590.0763 21.035 69.712 0.22572 0.61059 1.567 0.72124 8.0000 50.46 1.0579 1.0587 2.101155 
589.6048 21.052 69.671 0.22642 0.61115 1.575 0.72121 8.0000 49.96 1.0562 1.0570 2.102836 
589.1331 21.074 69.623 0.22731 0.61194 1.536 0.72125 8.0000 50.01 1.0538 1.0545 2.104519 
588.6614 21.088 69.545 0.22834 0.61217 1.537 0.72116 8.0000 50.14 1.0535 1.0542 2.106206 
588.1896 21.113 69.482 0.22934 0.61282 1.534 0.72095 8.0000 50.35 1.0538 1.0545 2.107895 
587.7176 21.148 69.422 0.23051 0.61396 1.531 0.72083 8.0000 48.38 1.0550 1.0556 2.109588 
587.2455 21.178 69.335 0.23187 0.61477 1.494 0.72065 8.0000 48.25 1.0535 1.0541 2.111284 
586.7734 21.202 69.242 0.23328 0.61546 1.502 0.72068 8.0000 49.41 1.0530 1.0537 2.112983 
586.3011 21.222 69.099 0.23514 0.61575 1.484 0.72069 8.0000 49.69 1.0530 1.0536 2.114685 
585.8287 21.228 68.965 0.23679 0.61573 1.511 0.72101 8.0000 49.94 1.0559 1.0565 2.116390 
585.3563 21.256 68.806 0.23897 0.61631 1.470 0.72109 8.0000 49.00 1.0560 1.0566 2.118098 
584.8837 21.279 68.635 0.24133 0.61691 1.460 0.72145 8.0000 48.27 1.0552 1.0558 2.119809 
584.4109 21.279 68.425 0.24347 0.61572 1.452 0.72109 8.0000 47.84 1.0561 1.0567 2.121524 
583.9382 21.285 68.219 0.24568 0.61482 1.446 0.72078 8.0000 48.08 1.0551 1.0557 2.123242 
583.4652 21.306 68.078 0.24720 0.61423 1.431 0.71975 8.0000 48.44 1.0533 1.0538 2.124963 
582.9922 21.323 67.927 0.24886 0.61369 1.419 0.71902 8.0000 48.10 1.0517 1.0522 2.126687 
582.5191 21.342 67.784 0.25038 0.61306 1.402 0.71805 8.0000 48.03 1.0518 1.0524 2.128414 
582.0458 21.364 67.666 0.25172 0.61273 1.401 0.71717 8.0000 47.12 1.0527 1.0533 2.130145 
581.5725 21.393 67.550 0.25320 0.61277 1.391 0.71637 8.0000 47.46 1.0560 1.0565 2.131878 
581.0991 21.403 67.431 0.25445 0.61221 1.371 0.71583 8.0000 46.87 1.0567 1.0573 2.133615 
580.6255 21.395 67.328 0.25537 0.61131 1.364 0.71568 8.0000 47.09 1.0583 1.0588 2.135356 
580.1519 21.405 67.201 0.25675 0.61081 1.352 0.71529 8.0000 46.53 1.0586 1.0591 2.137099 
579.6780 21.423 67.076 0.25818 0.61049 1.335 0.71467 8.0000 46.36 1.0585 1.0590 2.138846 
579.2042 21.427 66.954 0.25936 0.60965 1.339 0.71413 8.0000 47.13 1.0591 1.0596 2.140595 
578.7302 21.439 66.838 0.26072 0.60942 1.328 0.71384 8.0000 46.78 1.0589 1.0594 2.142349 
578.2561 21.447 66.732 0.26188 0.60903 1.313 0.71355 8.0000 46.16 1.0596 1.0601 2.144105 
577.7819 21.449 66.619 0.26295 0.60819 1.303 0.71311 8.0000 46.18 1.0599 1.0604 2.145865 
577.3076 21.454 66.504 0.26411 0.60752 1.292 0.71269 8.0000 46.20 1.0612 1.0618 2.147628 
576.8332 21.473 66.380 0.26551 0.60716 1.276 0.71199 8.0000 45.33 1.0622 1.0628 2.149394 
576.3586 21.478 66.268 0.26664 0.60650 1.258 0.71158 8.0000 45.04 1.0624 1.0630 2.151164 
575.8840 21.496 66.156 0.26796 0.60628 1.250 0.71105 8.0000 46.17 1.0628 1.0634 2.152937 
575.4093 21.511 66.048 0.26918 0.60598 1.248 0.71049 8.0000 46.09 1.0630 1.0636 2.154713 
574.9344 21.526 65.927 0.27055 0.60557 1.233 0.70995 8.0000 45.09 1.0634 1.0639 2.156493 
574.4595 21.540 65.814 0.27180 0.60517 1.230 0.70941 8.0000 45.36 1.0632 1.0637 2.158276 
573.9844 21.548 65.699 0.27299 0.60459 1.211 0.70897 8.0000 44.70 1.0634 1.0639 2.160062 
573.5092 21.559 65.577 0.27431 0.60407 1.204 0.70851 8.0000 45.56 1.0634 1.0640 2.161852 
573.0339 21.571 65.458 0.27560 0.60358 1.202 0.70802 8.0000 44.55 1.0634 1.0640 2.163645 
572.5586 21.582 65.343 0.27685 0.60311 1.182 0.70756 8.0000 44.51 1.0633 1.0638 2.165441 
572.0831 21.594 65.227 0.27810 0.60263 1.163 0.70709 8.0000 44.34 1.0635 1.0641 2.167241 
571.6075 21.609 65.108 0.27944 0.60223 1.157 0.70652 8.0000 44.26 1.0637 1.0643 2.169044 
571.1318 21.625 64.997 0.28073 0.60194 1.159 0.70604 8.0000 43.57 1.0639 1.0644 2.170851 
570.6559 21.640 64.885 0.28203 0.60165 1.143 0.70563 8.0000 43.95 1.0638 1.0644 2.172661 
570.1801 21.654 64.770 0.28334 0.60131 1.123 0.70518 8.0000 43.56 1.0636 1.0642 2.174474 
569.7040 21.663 64.657 0.28453 0.60077 1.117 0.70477 8.0000 42.84 1.0637 1.0642 2.176291 
569.2278 21.680 64.544 0.28590 0.60057 1.116 0.70435 8.0000 43.33 1.0639 1.0645 2.178112 
568.7516 21.693 64.429 0.28717 0.60014 1.102 0.70387 8.0000 42.62 1.0640 1.0646 2.179936 
568.2753 21.706 64.315 0.28846 0.59975 1.089 0.70346 8.0000 42.43 1.0641 1.0647 2.181763 
567.7988 21.721 64.196 0.28976 0.59930 1.080 0.70292 8.0000 42.55 1.0644 1.0650 2.183594 
567.3222 21.731 64.076 0.29102 0.59870 1.074 0.70241 8.0000 42.63 1.0647 1.0653 2.185428 
566.8455 21.745 63.960 0.29232 0.59829 1.066 0.70194 8.0000 42.12 1.0648 1.0654 2.187266 
566.3687 21.758 63.839 0.29366 0.59782 1.059 0.70146 8.0000 42.53 1.0648 1.0653 2.189107 
565.8918 21.772 63.724 0.29495 0.59740 1.039 0.70100 8.0000 41.80 1.0649 1.0655 2.190952 
565.4149 21.787 63.609 0.29625 0.59704 1.039 0.70052 8.0000 41.65 1.0649 1.0655 2.192800 
564.9377 21.797 63.492 0.29750 0.59648 1.027 0.70008 8.0000 41.87 1.0649 1.0655 2.194653 
564.4605 21.809 63.371 0.29879 0.59592 1.022 0.69961 8.0000 41.72 1.0648 1.0654 2.196508 
563.9832 21.818 63.252 0.30001 0.59527 1.016 0.69912 8.0000 41.22 1.0647 1.0653 2.198367 
563.5057 21.829 63.131 0.30130 0.59470 0.994 0.69868 8.0000 40.46 1.0645 1.0651 2.200230 
563.0282 21.840 63.008 0.30260 0.59408 0.993 0.69814 8.0000 40.57 1.0645 1.0651 2.202096 
562.5505 21.856 62.884 0.30395 0.59356 0.979 0.69754 8.0000 40.36 1.0645 1.0651 2.203966 
562.0728 21.869 62.764 0.30524 0.59301 0.984 0.69701 8.0000 41.00 1.0644 1.0650 2.205839 
561.5948 21.883 62.642 0.30657 0.59250 0.969 0.69649 8.0000 40.40 1.0643 1.0649 2.207716 
561.1169 21.898 62.518 0.30793 0.59196 0.962 0.69590 8.0000 40.14 1.0641 1.0647 2.209597 
560.6388 21.912 62.391 0.30927 0.59136 0.950 0.69532 8.0000 40.05 1.0640 1.0646 2.211481 
560.1606 21.926 62.268 0.31060 0.59081 0.949 0.69478 8.0000 39.91 1.0640 1.0646 2.213369 
559.6823 21.937 62.137 0.31196 0.59012 0.943 0.69424 8.0000 40.11 1.0639 1.0645 2.215260 
559.2039 21.950 62.008 0.31334 0.58950 0.935 0.69373 8.0000 39.94 1.0636 1.0642 2.217155 
558.7253 21.962 61.883 0.31466 0.58887 0.926 0.69321 8.0000 40.08 1.0634 1.0640 2.219055 
558.2467 21.979 61.761 0.31601 0.58838 0.919 0.69261 8.0000 38.98 1.0633 1.0640 2.220957 
557.7679 21.995 61.634 0.31740 0.58786 0.909 0.69205 8.0000 38.98 1.0633 1.0639 2.222864 
557.2891 22.011 61.509 0.31878 0.58735 0.905 0.69150 8.0000 39.23 1.0631 1.0638 2.224773 
556.8102 22.026 61.383 0.32014 0.58676 0.901 0.69091 8.0000 38.79 1.0629 1.0635 2.226687 
556.3311 22.041 61.254 0.32155 0.58619 0.884 0.69039 8.0000 37.59 1.0629 1.0636 2.228604 
555.8519 22.056 61.132 0.32286 0.58563 0.889 0.68980 8.0000 38.16 1.0628 1.0634 2.230525 
555.3726 22.071 61.000 0.32427 0.58498 0.878 0.68919 8.0000 37.91 1.0626 1.0633 2.232451 
554.8932 22.085 60.869 0.32570 0.58442 0.874 0.68874 8.0000 38.43 1.0625 1.0632 2.234379 
554.4137 22.099 60.732 0.32715 0.58373 0.865 0.68817 8.0000 37.96 1.0625 1.0631 2.236312 
553.9341 22.114 60.599 0.32858 0.58312 0.864 0.68760 8.0000 38.33 1.0625 1.0631 2.238248 
553.4543 22.130 60.468 0.33001 0.58253 0.858 0.68704 8.0000 37.00 1.0623 1.0630 2.240188 
552.9745 22.142 60.330 0.33145 0.58181 0.845 0.68653 8.0000 36.94 1.0622 1.0629 2.242132 
552.4946 22.155 60.199 0.33281 0.58108 0.840 0.68598 8.0000 36.88 1.0623 1.0630 2.244080 
552.0145 22.168 60.067 0.33416 0.58035 0.838 0.68539 8.0000 36.56 1.0625 1.0632 2.246031 
551.5344 22.182 59.933 0.33558 0.57968 0.831 0.68482 8.0000 36.63 1.0625 1.0631 2.247986 
551.0541 22.195 59.801 0.33698 0.57901 0.826 0.68432 8.0000 36.66 1.0624 1.0631 2.249946 
550.5737 22.209 59.668 0.33836 0.57828 0.818 0.68374 8.0000 36.26 1.0626 1.0633 2.251909 
550.0933 22.225 59.529 0.33986 0.57763 0.815 0.68320 8.0000 36.69 1.0627 1.0634 2.253876 
549.6127 22.239 59.386 0.34130 0.57679 0.812 0.68252 8.0000 36.53 1.0629 1.0636 2.255847 
549.1320 22.253 59.249 0.34270 0.57599 0.803 0.68191 8.0000 35.62 1.0630 1.0637 2.257821 
548.6511 22.266 59.108 0.34414 0.57520 0.800 0.68133 8.0000 35.15 1.0633 1.0640 2.259800 
548.1702 22.279 58.963 0.34568 0.57447 0.791 0.68086 8.0000 35.40 1.0635 1.0641 2.261783 
547.6891 22.293 58.822 0.34714 0.57370 0.783 0.68032 8.0000 34.78 1.0636 1.0643 2.263770 
547.2080 22.307 58.682 0.34856 0.57287 0.782 0.67968 8.0000 34.79 1.0639 1.0646 2.265760 
546.7267 22.322 58.541 0.35005 0.57215 0.776 0.67913 8.0000 35.31 1.0642 1.0649 2.267755 
546.2454 22.336 58.404 0.35151 0.57145 0.772 0.67862 8.0000 34.36 1.0644 1.0651 2.269752 
545.7639 22.351 58.263 0.35299 0.57071 0.765 0.67808 8.0000 33.79 1.0646 1.0653 2.271755 
545.2823 22.363 58.118 0.35448 0.56989 0.761 0.67758 8.0000 34.21 1.0648 1.0655 2.273762 
544.8007 22.376 57.971 0.35596 0.56902 0.761 0.67704 8.0000 33.55 1.0651 1.0658 2.275771 
544.3188 22.389 57.822 0.35753 0.56822 0.757 0.67657 8.0000 33.46 1.0654 1.0662 2.277786 
543.8369 22.401 57.678 0.35898 0.56738 0.749 0.67606 8.0000 33.18 1.0657 1.0664 2.279805 
543.3549 22.414 57.528 0.36052 0.56652 0.735 0.67553 8.0000 32.67 1.0660 1.0667 2.281827 
542.8728 22.425 57.383 0.36196 0.56562 0.738 0.67505 8.0000 32.67 1.0664 1.0671 2.283853 
542.3905 22.437 57.241 0.36340 0.56478 0.732 0.67457 8.0000 32.53 1.0666 1.0673 2.285884 
541.9082 22.449 57.088 0.36496 0.56388 0.726 0.67407 8.0000 32.27 1.0667 1.0674 2.287919 
541.4257 22.463 56.934 0.36656 0.56303 0.725 0.67356 8.0000 32.02 1.0670 1.0677 2.289958 
540.9431 22.476 56.782 0.36806 0.56206 0.719 0.67299 8.0000 31.28 1.0674 1.0681 2.292001 
540.4604 22.486 56.637 0.36949 0.56115 0.713 0.67252 8.0000 31.50 1.0677 1.0684 2.294048 
539.9777 22.500 56.482 0.37109 0.56027 0.722 0.67202 8.0000 31.96 1.0680 1.0688 2.296098 
539.4948 22.512 56.332 0.37260 0.55936 0.710 0.67154 8.0000 31.14 1.0684 1.0692 2.298154 
539.0118 22.526 56.178 0.37415 0.55844 0.704 0.67097 8.0000 30.80 1.0689 1.0696 2.300213 
538.5286 22.539 56.024 0.37564 0.55741 0.699 0.67036 8.0000 30.20 1.0693 1.0701 2.302277 
538.0454 22.549 55.874 0.37708 0.55641 0.699 0.66983 8.0000 30.01 1.0697 1.0705 2.304344 
537.5621 22.562 55.718 0.37868 0.55549 0.689 0.66937 8.0000 29.69 1.0701 1.0708 2.306416 
537.0786 22.574 55.563 0.38027 0.55459 0.683 0.66898 8.0000 29.35 1.0702 1.0709 2.308492 
536.5950 22.586 55.410 0.38178 0.55362 0.678 0.66848 8.0000 28.90 1.0705 1.0712 2.310573 
536.1114 22.597 55.256 0.38336 0.55275 0.686 0.66814 8.0000 29.50 1.0706 1.0713 2.312657 
535.6276 22.609 55.100 0.38499 0.55187 0.676 0.66779 8.0000 28.33 1.0708 1.0715 2.314746 
535.1437 22.621 54.943 0.38656 0.55091 0.672 0.66735 8.0000 28.38 1.0712 1.0719 2.316839 
534.6597 22.634 54.787 0.38816 0.54997 0.669 0.66690 8.0000 28.35 1.0714 1.0721 2.318936 
534.1756 22.648 54.629 0.38980 0.54910 0.665 0.66648 8.0000 27.59 1.0716 1.0723 2.321038 
533.6913 22.657 54.469 0.39140 0.54809 0.660 0.66614 8.0000 27.03 1.0718 1.0725 2.323144 
533.2070 22.671 54.308 0.39304 0.54714 0.659 0.66570 8.0000 26.88 1.0721 1.0728 2.325254 
532.7226 22.686 54.148 0.39468 0.54620 0.655 0.66516 8.0000 26.64 1.0724 1.0731 2.327369 
532.2380 22.700 53.983 0.39633 0.54517 0.653 0.66468 8.0000 26.20 1.0726 1.0732 2.329488 
531.7534 22.714 53.822 0.39800 0.54424 0.650 0.66426 8.0000 26.24 1.0730 1.0736 2.331611 
531.2686 22.729 53.661 0.39968 0.54332 0.645 0.66380 8.0000 26.08 1.0731 1.0738 2.333738 
530.7837 22.745 53.498 0.40138 0.54241 0.646 0.66332 8.0000 25.45 1.0736 1.0742 2.335870 
530.2987 22.761 53.333 0.40310 0.54144 0.642 0.66281 8.0000 24.80 1.0737 1.0744 2.338007 
529.8136 22.777 53.163 0.40490 0.54052 0.642 0.66240 8.0000 25.17 1.0741 1.0747 2.340147 
529.3284 22.791 52.998 0.40662 0.53956 0.632 0.66201 8.0000 24.45 1.0742 1.0749 2.342292 
528.8430 22.804 52.831 0.40831 0.53853 0.635 0.66164 8.0000 24.41 1.0744 1.0750 2.344442 
528.3576 22.823 52.661 0.41017 0.53767 0.633 0.66119 8.0000 24.26 1.0746 1.0752 2.346596 
527.8720 22.837 52.488 0.41197 0.53666 0.630 0.66082 8.0000 23.68 1.0746 1.0753 2.348755 
527.3864 22.851 52.317 0.41375 0.53565 0.628 0.66043 8.0000 23.47 1.0746 1.0752 2.350917 
526.9006 22.869 52.145 0.41556 0.53469 0.621 0.65996 8.0000 22.98 1.0747 1.0753 2.353085 
526.4147 22.887 51.977 0.41741 0.53383 0.619 0.65956 8.0000 22.48 1.0748 1.0754 2.355257 
525.9287 22.906 51.802 0.41927 0.53284 0.617 0.65908 8.0000 22.28 1.0750 1.0756 2.357433 
525.4426 22.924 51.630 0.42112 0.53189 0.622 0.65864 8.0000 22.40 1.0751 1.0757 2.359614 
524.9564 22.940 51.456 0.42292 0.53084 0.615 0.65817 8.0000 21.61 1.0749 1.0755 2.361800 
524.4700 22.959 51.291 0.42465 0.52988 0.613 0.65760 8.0000 21.19 1.0748 1.0754 2.363990 
523.9836 22.980 51.115 0.42661 0.52899 0.609 0.65720 8.0000 20.79 1.0748 1.0754 2.366185 
523.4971 23.001 50.934 0.42859 0.52803 0.602 0.65670 8.0000 20.77 1.0750 1.0756 2.368384 
523.0104 23.021 50.758 0.43054 0.52711 0.601 0.65629 8.0000 20.15 1.0749 1.0755 2.370588 
522.5236 23.042 50.584 0.43247 0.52619 0.601 0.65583 8.0000 19.61 1.0747 1.0753 2.372796 
522.0367 23.063 50.404 0.43442 0.52521 0.597 0.65530 8.0000 19.48 1.0746 1.0752 2.375009 
521.5497 23.083 50.223 0.43631 0.52411 0.590 0.65473 8.0000 19.16 1.0746 1.0751 2.377227 
521.0626 23.101 50.047 0.43811 0.52299 0.591 0.65420 8.0000 18.94 1.0745 1.0751 2.379449 
520.5754 23.123 49.866 0.44009 0.52199 0.591 0.65368 8.0000 18.95 1.0744 1.0749 2.381676 
520.0881 23.144 49.685 0.44209 0.52102 0.590 0.65324 8.0000 18.78 1.0743 1.0749 2.383908 
519.6006 23.168 49.506 0.44403 0.51999 0.584 0.65262 8.0000 18.38 1.0743 1.0748 2.386144 
519.1131 23.189 49.323 0.44603 0.51899 0.582 0.65219 8.0000 18.22 1.0744 1.0749 2.388385 
518.6254 23.213 49.145 0.44803 0.51803 0.581 0.65163 8.0000 17.65 1.0742 1.0748 2.390631 
518.1377 23.233 48.962 0.44995 0.51691 0.582 0.65112 8.0000 17.55 1.0738 1.0743 2.392881 
517.6498 23.254 48.778 0.45193 0.51582 0.574 0.65063 8.0000 16.83 1.0737 1.0742 2.395137 
517.1618 23.269 48.598 0.45379 0.51469 0.572 0.65027 8.0000 16.69 1.0734 1.0739 2.397397 
516.6737 23.287 48.421 0.45580 0.51375 0.568 0.65006 8.0000 16.35 1.0733 1.0739 2.399661 
516.1855 23.310 48.231 0.45786 0.51264 0.567 0.64954 8.0000 16.04 1.0733 1.0738 2.401931 
515.6971 23.331 48.040 0.45986 0.51144 0.566 0.64897 8.0000 16.00 1.0732 1.0737 2.404206 
515.2087 23.351 47.852 0.46179 0.51021 0.562 0.64847 8.0000 15.87 1.0733 1.0738 2.406485 
514.7202 23.373 47.664 0.46377 0.50903 0.554 0.64787 8.0000 15.43 1.0735 1.0740 2.408769 
514.2314 23.395 47.481 0.46570 0.50788 0.553 0.64729 8.0000 15.19 1.0735 1.0740 2.411058 
513.7427 23.415 47.295 0.46759 0.50664 0.553 0.64675 8.0000 15.16 1.0734 1.0739 2.413352 
513.2538 23.438 47.104 0.46955 0.50537 0.551 0.64607 8.0000 14.68 1.0735 1.0740 2.415651 
512.7648 23.458 46.916 0.47148 0.50412 0.546 0.64556 8.0000 14.46 1.0732 1.0737 2.417955 
512.2757 23.480 46.723 0.47338 0.50275 0.547 0.64482 8.0000 14.36 1.0731 1.0736 2.420263 
511.7864 23.507 46.526 0.47551 0.50154 0.540 0.64415 8.0000 14.16 1.0730 1.0735 2.422577 
511.2971 23.531 46.327 0.47753 0.50019 0.538 0.64349 8.0000 14.07 1.0728 1.0733 2.424895 
510.8076 23.552 46.129 0.47950 0.49877 0.530 0.64286 8.0000 13.65 1.0727 1.0732 2.427219 
510.3181 23.573 45.928 0.48157 0.49742 0.535 0.64233 8.0000 13.30 1.0725 1.0730 2.429547 
509.8284 23.585 45.736 0.48332 0.49590 0.534 0.64190 8.0000 13.01 1.0719 1.0724 2.431881 
509.3386 23.600 45.546 0.48512 0.49446 0.527 0.64146 8.0000 12.99 1.0713 1.0718 2.434219 
508.8488 23.622 45.349 0.48698 0.49295 0.519 0.64066 8.0000 12.57 1.0711 1.0716 2.436563 
508.3587 23.645 45.148 0.48897 0.49151 0.520 0.63999 8.0000 12.67 1.0708 1.0713 2.438912 
507.8686 23.665 44.947 0.49096 0.49006 0.522 0.63945 8.0000 12.52 1.0705 1.0709 2.441265 
507.3784 23.684 44.742 0.49284 0.48842 0.524 0.63874 8.0000 12.26 1.0702 1.0707 2.443624 
506.8880 23.699 44.539 0.49463 0.48673 0.515 0.63815 8.0000 11.72 1.0696 1.0701 2.445988 
506.3976 23.716 44.325 0.49654 0.48498 0.510 0.63753 8.0000 11.45 1.0693 1.0698 2.448357 
505.9070 23.731 44.118 0.49830 0.48319 0.508 0.63689 8.0000 11.12 1.0688 1.0692 2.450731 
505.4163 23.754 43.897 0.50052 0.48161 0.507 0.63631 8.0000 11.00 1.0688 1.0693 2.453110 
504.9255 23.773 43.675 0.50267 0.47995 0.498 0.63581 8.0000 10.88 1.0689 1.0694 2.455495 
504.4346 23.792 43.451 0.50470 0.47813 0.498 0.63516 8.0000 10.79 1.0687 1.0691 2.457884 
503.9436 23.807 43.246 0.50651 0.47640 0.493 0.63463 8.0000 10.47 1.0678 1.0682 2.460279 
503.4525 23.818 43.022 0.50849 0.47454 0.488 0.63430 8.0000 10.29 1.0676 1.0680 2.462679 
502.9612 23.832 42.805 0.51030 0.47264 0.479 0.63369 8.0000 9.95 1.0672 1.0677 2.465085 
502.4698 23.851 42.581 0.51214 0.47062 0.478 0.63282 8.0000 9.93 1.0666 1.0670 2.467495 
501.9784 23.868 42.355 0.51398 0.46859 0.474 0.63206 8.0000 9.77 1.0663 1.0667 2.469911 
501.4868 23.884 42.129 0.51597 0.46670 0.469 0.63155 8.0000 9.60 1.0664 1.0669 2.472332 
500.9951 23.901 41.910 0.51776 0.46472 0.457 0.63082 8.0000 9.17 1.0661 1.0665 2.474759 
500.5033 23.916 41.680 0.51979 0.46279 0.444 0.63034 8.0000 8.67 1.0658 1.0663 2.477190 
500.0114 23.936 41.453 0.52168 0.46078 0.441 0.62955 8.0000 8.59 1.0658 1.0663 2.479627 
499.5193 23.954 41.222 0.52365 0.45877 0.440 0.62889 8.0000 8.60 1.0656 1.0660 2.482070 
499.0272 23.968 40.998 0.52563 0.45689 0.437 0.62848 8.0000 8.24 1.0650 1.0654 2.484518 
498.5349 23.981 40.764 0.52747 0.45473 0.431 0.62788 8.0000 7.91 1.0645 1.0649 2.486971 
498.0426 23.999 40.518 0.52952 0.45254 0.421 0.62723 8.0000 7.61 1.0644 1.0649 2.489429 
497.5501 24.015 40.274 0.53162 0.45044 0.415 0.62673 8.0000 7.25 1.0639 1.0644 2.491894 
497.0575 24.037 40.024 0.53385 0.44833 0.414 0.62607 8.0000 7.24 1.0639 1.0643 2.494363 
496.5648 24.057 39.769 0.53596 0.44605 0.410 0.62533 8.0000 6.87 1.0639 1.0643 2.496838 
496.0720 24.076 39.521 0.53813 0.44393 0.404 0.62481 8.0000 6.74 1.0636 1.0640 2.499318 
495.5790 24.092 39.266 0.54021 0.44163 0.401 0.62424 8.0000 6.47 1.0635 1.0639 2.501805 
495.0860 24.109 39.007 0.54231 0.43926 0.385 0.62360 8.0000 6.16 1.0633 1.0638 2.504296 
494.5928 24.121 38.761 0.54422 0.43695 0.387 0.62311 8.0000 6.29 1.0624 1.0629 2.506793 
494.0995 24.137 38.509 0.54611 0.43454 0.377 0.62239 8.0000 6.07 1.0622 1.0627 2.509296 
493.6062 24.151 38.264 0.54787 0.43212 0.363 0.62163 8.0000 5.82 1.0618 1.0623 2.511804 
493.1127 24.169 38.016 0.54975 0.42976 0.351 0.62090 8.0000 5.56 1.0615 1.0619 2.514318 
492.6190 24.187 37.752 0.55214 0.42754 0.343 0.62057 8.0000 5.40 1.0613 1.0618 2.516837 
492.1253 24.205 37.474 0.55451 0.42509 0.335 0.62013 8.0000 5.50 1.0615 1.0619 2.519362 
491.6315 24.219 37.214 0.55654 0.42266 0.320 0.61964 8.0000 5.25 1.0616 1.0621 2.521893 
491.1375 24.230 36.944 0.55868 0.42014 0.301 0.61932 8.0000 5.01 1.0616 1.0620 2.524429 
490.6435 24.247 36.673 0.56078 0.41758 0.290 0.61869 8.0000 4.77 1.0612 1.0616 2.526971 
490.1493 24.263 36.399 0.56297 0.41504 0.288 0.61824 8.0000 4.67 1.0607 1.0611 2.529519 
489.6550 24.273 36.123 0.56504 0.41239 0.278 0.61790 8.0000 4.64 1.0603 1.0608 2.532072 
489.1606 24.286 35.842 0.56722 0.40972 0.277 0.61749 8.0000 4.60 1.0600 1.0604 2.534631 
488.6661 24.299 35.558 0.56922 0.40689 0.269 0.61690 8.0000 4.36 1.0596 1.0600 2.537196 
488.1714 24.319 35.268 0.57171 0.40431 0.258 0.61649 8.0000 4.18 1.0598 1.0602 2.539768 
487.6767 24.328 34.971 0.57390 0.40142 0.261 0.61623 8.0000 4.25 1.0593 1.0597 2.542344 
487.1818 24.347 34.688 0.57592 0.39860 0.251 0.61546 8.0000 4.13 1.0592 1.0596 2.544927 
486.6869 24.359 34.403 0.57799 0.39580 0.244 0.61505 8.0000 3.98 1.0589 1.0593 2.547514 
486.1918 24.375 34.111 0.58023 0.39302 0.232 0.61460 8.0000 3.72 1.0586 1.0590 2.550109 
485.6966 24.386 33.819 0.58212 0.38998 0.231 0.61400 8.0000 3.68 1.0580 1.0584 2.552709 
485.2013 24.401 33.503 0.58438 0.38683 0.227 0.61349 8.0000 3.71 1.0579 1.0583 2.555314 
484.7058 24.412 33.211 0.58627 0.38380 0.219 0.61291 8.0000 3.60 1.0570 1.0575 2.557927 
484.2103 24.424 32.927 0.58833 0.38101 0.206 0.61260 8.0000 3.38 1.0566 1.0570 2.560544 
483.7146 24.436 32.629 0.59052 0.37808 0.197 0.61227 8.0000 3.34 1.0565 1.0569 2.563168 
483.2189 24.452 32.315 0.59292 0.37505 0.185 0.61193 8.0000 3.37 1.0565 1.0569 2.565798 
482.7230 24.467 32.007 0.59514 0.37198 0.178 0.61151 8.0000 3.38 1.0562 1.0566 2.568433 
482.2270 24.480 31.700 0.59732 0.36892 0.166 0.61116 8.0000 3.35 1.0557 1.0561 2.571075 
481.7309 24.492 31.377 0.59963 0.36568 0.154 0.61089 8.0000 3.27 1.0553 1.0557 2.573723 
481.2346 24.498 31.070 0.60179 0.36260 0.145 0.61082 8.0000 3.25 1.0548 1.0552 2.576377 
480.7383 24.513 30.765 0.60361 0.35932 0.138 0.61009 8.0000 3.14 1.0543 1.0547 2.579037 
480.2419 24.527 30.447 0.60595 0.35618 0.129 0.60986 8.0000 3.04 1.0538 1.0542 2.581703 
479.7453 24.538 30.135 0.60806 0.35298 0.123 0.60957 8.0000 3.03 1.0535 1.0539 2.584375 
479.2486 24.553 29.810 0.61037 0.34970 0.118 0.60922 8.0000 2.97 1.0530 1.0534 2.587054 
478.7518 24.555 29.487 0.61240 0.34629 0.112 0.60920 8.0000 2.93 1.0524 1.0529 2.589738 
478.2549 24.569 29.167 0.61436 0.34289 0.108 0.60863 8.0000 2.91 1.0514 1.0518 2.592429 
477.7579 24.574 28.851 0.61625 0.33950 0.106 0.60842 8.0000 2.93 1.0506 1.0510 2.595126 
477.2608 24.582 28.531 0.61849 0.33624 0.102 0.60844 8.0000 2.81 1.0501 1.0505 2.597829 
476.7635 24.589 28.194 0.62059 0.33268 0.099 0.60827 8.0000 2.83 1.0494 1.0498 2.600539 
476.2662 24.601 27.860 0.62273 0.32916 0.096 0.60794 8.0000 2.79 1.0492 1.0496 2.603254 
475.7687 24.616 27.510 0.62514 0.32557 0.090 0.60770 8.0000 2.74 1.0491 1.0495 2.605976 
475.2711 24.624 27.165 0.62675 0.32162 0.088 0.60704 8.0000 2.81 1.0485 1.0489 2.608705 
474.7734 24.633 26.831 0.62889 0.31810 0.083 0.60693 8.0000 2.70 1.0483 1.0486 2.611439 
474.2756 24.640 26.487 0.63118 0.31451 0.076 0.60700 8.0000 2.66 1.0479 1.0483 2.614180 
473.7776 24.645 26.130 0.63321 0.31062 0.073 0.60686 8.0000 2.67 1.0477 1.0481 2.616928 
473.2796 24.652 25.773 0.63500 0.30660 0.066 0.60642 8.0000 2.60 1.0475 1.0479 2.619682 
472.7814 24.659 25.421 0.63680 0.30267 0.062 0.60609 8.0000 2.53 1.0468 1.0472 2.622442 
472.2831 24.665 25.071 0.63836 0.29864 0.058 0.60556 8.0000 2.54 1.0462 1.0465 2.625209 
471.7848 24.666 24.719 0.64014 0.29469 0.056 0.60546 8.0000 2.57 1.0461 1.0465 2.627982 
471.2863 24.677 24.370 0.64194 0.29080 0.054 0.60500 8.0000 2.51 1.0457 1.0461 2.630762 
470.7876 24.685 24.010 0.64369 0.28672 0.051 0.60459 8.0000 2.49 1.0448 1.0452 2.633548 
470.2889 24.691 23.654 0.64522 0.28262 0.049 0.60411 8.0000 2.45 1.0440 1.0444 2.636341 
469.7900 24.702 23.289 0.64717 0.27857 0.046 0.60383 8.0000 2.45 1.0438 1.0442 2.639141 
469.2911 24.708 22.937 0.64836 0.27437 0.045 0.60308 8.0000 2.43 1.0434 1.0438 2.641946 
468.7920 24.724 22.592 0.64954 0.27027 0.045 0.60197 8.0000 2.38 1.0431 1.0436 2.644759 
468.2928 24.734 22.237 0.65084 0.26609 0.043 0.60122 8.0000 2.38 1.0433 1.0437 2.647578 
467.7935 24.737 21.867 0.65213 0.26172 0.041 0.60069 8.0000 2.31 1.0435 1.0439 2.650404 
467.2941 24.747 21.507 0.65318 0.25738 0.041 0.59974 8.0000 2.28 1.0428 1.0432 2.653237 
466.7945 24.761 21.153 0.65424 0.25314 0.039 0.59867 8.0000 2.26 1.0423 1.0427 2.656077 
466.2949 24.767 20.784 0.65555 0.24881 0.036 0.59812 8.0000 2.27 1.0418 1.0422 2.658922 
465.7951 24.778 20.409 0.65690 0.24442 0.034 0.59743 8.0000 2.21 1.0424 1.0428 2.661775 
465.2952 24.790 20.052 0.65782 0.24010 0.032 0.59641 8.0000 2.17 1.0420 1.0424 2.664635 
464.7952 24.811 19.672 0.65945 0.23576 0.029 0.59557 8.0000 2.16 1.0428 1.0432 2.667502 
464.2951 24.815 19.293 0.66050 0.23121 0.027 0.59494 8.0000 2.17 1.0426 1.0430 2.670375 
463.7949 24.828 18.884 0.66149 0.22627 0.024 0.59382 8.0000 2.11 1.0424 1.0429 2.673255 
463.2946 24.829 18.513 0.66206 0.22169 0.023 0.59298 8.0000 2.07 1.0423 1.0427 2.676142 
462.7941 24.839 18.126 0.66277 0.21696 0.021 0.59188 8.0000 2.06 1.0431 1.0435 2.679036 
462.2935 24.855 17.747 0.66316 0.21224 0.020 0.59028 8.0000 2.11 1.0427 1.0431 2.681937 
461.7928 24.865 17.351 0.66375 0.20738 0.019 0.58912 8.0000 2.04 1.0433 1.0437 2.684845 
461.2921 24.874 16.966 0.66423 0.20264 0.018 0.58796 8.0000 2.09 1.0441 1.0445 2.687759 
460.7911 24.886 16.579 0.66481 0.19792 0.018 0.58677 8.0000 2.04 1.0450 1.0454 2.690681 
460.2901 24.898 16.180 0.66549 0.19309 0.017 0.58568 8.0000 2.04 1.0450 1.0454 2.693610 
459.7889 24.909 15.779 0.66627 0.18826 0.017 0.58469 8.0000 1.95 1.0450 1.0455 2.696546 
459.2877 24.921 15.367 0.66682 0.18326 0.017 0.58353 8.0000 1.97 1.0459 1.0464 2.699489 
458.7863 24.933 14.965 0.66758 0.17845 0.016 0.58260 8.0000 1.93 1.0466 1.0471 2.702439 
458.2848 24.941 14.558 0.66783 0.17343 0.016 0.58137 8.0000 1.91 1.0465 1.0470 2.705396 
457.7832 24.941 14.148 0.66780 0.16833 0.016 0.58029 8.0000 1.91 1.0466 1.0471 2.708360 
457.2815 24.945 13.740 0.66767 0.16325 0.015 0.57901 8.0000 1.86 1.0468 1.0473 2.711332 
456.7796 24.957 13.340 0.66807 0.15842 0.014 0.57790 8.0000 1.81 1.0480 1.0485 2.714311 
456.2777 24.969 12.935 0.66890 0.15363 0.014 0.57714 8.0000 1.83 1.0499 1.0504 2.717297 
455.7756 24.970 12.507 0.66845 0.14828 0.014 0.57577 8.0000 1.81 1.0506 1.0511 2.720290 
455.2734 24.987 12.078 0.66835 0.14301 0.014 0.57405 8.0000 1.75 1.0502 1.0507 2.723291 
454.7711 24.989 11.650 0.66819 0.13777 0.014 0.57294 8.0000 1.76 1.0515 1.0520 2.726299 
454.2687 25.001 11.214 0.66796 0.13243 0.013 0.57137 8.0000 1.72 1.0525 1.0530 2.729314 
453.7662 25.003 10.771 0.66821 0.12712 0.014 0.57064 8.0000 1.73 1.0533 1.0538 2.732336 
453.2635 25.005 10.319 0.66817 0.12166 0.014 0.56969 8.0000 1.75 1.0534 1.0539 2.735367 
452.7608 25.006 9.871 0.66833 0.11630 0.015 0.56899 8.0000 1.75 1.0539 1.0545 2.738404 
452.2579 25.007 9.412 0.66839 0.11080 0.016 0.56823 8.0000 1.70 1.0543 1.0548 2.741449 
451.7549 25.007 8.955 0.66847 0.10534 0.016 0.56756 8.0000 1.72 1.0547 1.0552 2.744501 
451.2518 25.007 8.490 0.66850 0.09979 0.017 0.56689 8.0000 1.65 1.0550 1.0555 2.747561 
450.7485 25.006 8.020 0.66866 0.09421 0.019 0.56639 8.0000 1.67 1.0557 1.0562 2.750629 
450.2452 25.005 7.547 0.66857 0.08858 0.020 0.56572 8.0000 1.65 1.0557 1.0563 2.753704 
449.7417 25.003 7.065 0.66856 0.08286 0.021 0.56516 8.0000 1.58 1.0560 1.0566 2.756787 
449.2382 25.001 6.589 0.66859 0.07722 0.021 0.56471 8.0000 1.55 1.0564 1.0570 2.759876 
448.7345 24.999 6.098 0.66852 0.07142 0.023 0.56421 8.0000 1.54 1.0566 1.0572 2.762974 
448.2307 24.996 5.609 0.66850 0.06565 0.023 0.56380 8.0000 1.51 1.0569 1.0575 2.766080 
447.7267 24.993 5.114 0.66858 0.05983 0.023 0.56354 8.0000 1.47 1.0576 1.0582 2.769193 
447.2227 24.989 4.615 0.66856 0.05397 0.025 0.56324 8.0000 1.47 1.0580 1.0586 2.772314 
446.7186 24.986 4.107 0.66832 0.04799 0.026 0.56279 8.0000 1.42 1.0578 1.0584 2.775443 
446.2143 24.982 3.599 0.66830 0.04204 0.026 0.56258 8.0000 1.39 1.0582 1.0589 2.778580 
445.7099 24.978 3.086 0.66823 0.03603 0.028 0.56239 8.0000 1.37 1.0586 1.0593 2.781724 
445.2054 24.974 2.568 0.66816 0.02996 0.031 0.56225 8.0000 1.34 1.0589 1.0597 2.784876 
444.7008 24.970 2.045 0.66804 0.02386 0.035 0.56210 8.0000 1.38 1.0592 1.0600 2.788036 
444.1960 24.966 1.518 0.66791 0.01771 0.037 0.56201 8.0000 1.33 1.0595 1.0603 2.791204 
443.6912 24.961 0.986 0.66773 0.01149 0.043 0.56193 8.0000 1.36 1.0597 1.0605 2.794380 
443.1862 24.957 0.450 0.66757 0.00524 0.046 0.56190 8.0000 1.31 1.0599 1.0608 2.797564 
442.6812 24.952 359.913 0.66749 -0.00101 0.050 0.56200 8.0000 1.31 1.0604 1.0613 2.800756 
442.1759 24.948 359.365 0.66727 -0.00739 0.053 0.56202 8.0000 1.28 1.0606 1.0615 2.803956 
441.6706 24.943 358.817 0.66701 -0.01378 0.056 0.56207 8.0000 1.24 1.0607 1.0616 2.807164 
441.1652 24.939 358.262 0.66683 -0.02024 0.059 0.56221 8.0000 1.23 1.0610 1.0620 2.810380 
440.6596 24.935 357.705 0.66661 -0.02672 0.062 0.56239 8.0000 1.20 1.0613 1.0623 2.813605 
440.1540 24.931 357.136 0.66624 -0.03333 0.064 0.56249 8.0000 1.16 1.0612 1.0623 2.816837 
439.6482 24.931 357.136 0.66624 -0.03333 0.069 0.56249 8.0000 1.16 1.0612 1.0623 2.820077 

# MINIMA:
439.6482 0.695 0.450 -18.24153 -14.38534 -2215.677 -44.05621 8.0000 1.16 0.5368 0.5682 1.240099 

# MAXIMA:
999.7925 84.624 359.913 39.14192 26.39613 186.526 67.35754 8.0000 58.94 2.71830528004246733E18 8.20099719708121498E18 2.820077 

# PEAKS:

# END SPECTRUM

