## SPECTRUM TYPE:
LCE

## DATE:
08/07/2026

## COMMENTS:

## NUMBER OF SPECTRUM:
1

## ELLIPSOMETRIC CONFIGURATION:
0.00 ø :Modulator
+45.00 øAnalyser

## UNIT:
nm


# SPECTRUM:
1

# CAPTION:


# START TIME:
11:13:48

# END TIME:
11:13:48

# THETA ANGLE:
0.00 ø

# INCIDENCE ANGLE:
69.95 ø

# ACCUMULATION NUMBER:
28

# ELLIPSOMETRIC CONFIGURATION:
0.00 ø :Modulator
+45.00 øAnalyser

# INTEGRATION TIME:
8 ms

# FIRST POINT:
999.79 nm

# LAST POINT:
439.65 nm

# INCREMENT:
0.00 nm

# NUMBER OF POINTS:
1273

# DATA:
nm Psi Delta Ic Is Reflectance IcPrim IntegrationTime IntensityMax Polarization PolarizationGen eV 
999.7925 1.278 213.447 -2.50966 -1.65777 0.000 67.35752 8.0000 4.82 2.7202123829608448E18 1.4491838131994624E19 1.240099 
999.4089 1.278 213.447 -2.50966 -1.65777 0.584 67.35752 8.0000 4.81 2.53000044476838707E18 1.3478490832440918E19 1.240575 
999.0253 1.278 213.447 -2.50966 -1.65777 0.394 67.35752 8.0000 4.87 2.4118106413638615E18 1.2848839006120575E19 1.241052 
998.6415 1.278 213.447 -2.50966 -1.65777 0.771 67.35752 8.0000 4.90 2.27700048275492045E18 1.21306424089038029E19 1.241529 
998.2578 1.278 213.447 -2.50966 -1.65777 0.165 67.35752 8.0000 4.95 2.12372306428480717E18 1.13140615112336343E19 1.242006 
997.8739 1.278 213.447 -2.50966 -1.65777 0.424 67.35752 8.0000 4.93 1.95013175617467187E18 1.03892611815996129E19 1.242484 
997.4900 1.278 213.447 -2.50966 -1.65777 -0.019 67.35752 8.0000 4.89 1.7543797912067113E18 9.346398591909888E18 1.242962 
997.1060 1.278 213.447 -2.50966 -1.65777 -0.002 67.35751 8.0000 4.96 1.53462067704102912E18 8.17563971016563098E18 1.243440 
996.7219 1.278 213.447 -2.50966 -1.65777 -2.492 67.35752 8.0000 4.96 1.28900750902086861E18 6.86714390729824666E18 1.243920 
996.3377 1.278 213.447 -2.50966 -1.65777 -0.916 67.35752 8.0000 5.03 1.01569358864790323E18 5.41107330301820928E18 1.244399 
995.9535 1.278 213.447 -2.50966 -1.65777 -0.157 67.35752 8.0000 4.92 716525683139936256.0000 3.8172663273708585E18 1.244879 
995.5692 1.278 213.447 -2.50966 -1.65777 0.725 67.35752 8.0000 5.09 393350422275817472.0000 2.09556113552362701E18 1.245360 
995.1848 1.278 213.447 -2.50966 -1.65777 -0.498 67.35752 8.0000 5.13 51708034694512640.0000 275472811454103552.0000 1.245841 
994.8003 1.278 213.447 -2.50966 -1.65777 0.013 67.35752 8.0000 5.10 295474508511313920.0000 1.57413039043457843E18 1.246322 
994.4158 1.278 213.447 -2.50966 -1.65777 0.009 67.35752 8.0000 5.03 629730029084868608.0000 3.35486561279803392E18 1.246804 
994.0311 25.398 151.735 -0.55811 0.30007 0.008 0.51688 8.0000 5.10 0.6232 0.8780 1.247287 
993.6464 19.282 133.425 -0.30064 0.31763 0.413 0.54858 8.0000 5.14 0.5928 0.8199 1.247770 
993.2617 14.706 92.475 -0.01350 0.31220 0.736 0.55432 8.0000 5.10 0.5931 0.7672 1.248253 
992.8768 22.345 95.979 -0.03671 0.35050 -0.205 0.35626 8.0000 5.13 0.6081 0.6691 1.248737 
992.4919 19.040 37.241 0.17219 0.13089 0.141 0.27605 8.0000 5.08 0.6801 0.7634 1.249221 
992.1069 18.613 90.148 -0.00074 0.28707 -4.977 0.37785 8.0000 5.10 0.6118 0.6832 1.249706 
991.7218 17.327 82.503 0.03935 0.29901 -0.629 0.43628 8.0000 5.15 0.6320 0.6940 1.250191 
991.3367 17.968 66.442 0.12100 0.27751 0.199 0.41765 8.0000 5.24 0.6390 0.6859 1.250677 
990.9514 19.796 56.224 0.22131 0.33089 0.779 0.48133 8.0000 5.20 0.7602 0.7977 1.251163 
990.5661 13.327 60.964 0.13446 0.24222 6.917 0.55193 8.0000 5.19 0.7303 0.7687 1.251650 
990.1807 8.919 45.712 0.16309 0.16719 -13.898 0.72580 8.0000 5.21 0.7248 0.7787 1.252137 
989.7953 3.737 75.484 0.02838 0.10961 -0.277 0.86316 8.0000 5.27 0.7345 0.7888 1.252625 
989.4097 6.021 78.192 0.04495 0.21502 -1.212 1.02983 8.0000 5.35 0.7698 0.8332 1.253113 
989.0241 8.597 87.859 0.01112 0.29754 0.695 0.96220 8.0000 5.29 0.7655 0.8450 1.253601 
988.6384 12.602 94.028 -0.02927 0.41565 1.079 0.88533 8.0000 5.18 0.7728 0.8389 1.254090 
988.2526 12.617 72.901 0.12244 0.39801 16.894 0.88361 8.0000 5.26 0.7535 0.8329 1.254580 
987.8668 13.578 66.246 0.18811 0.42745 0.646 0.91039 8.0000 5.22 0.7728 0.8600 1.255070 
987.4809 9.604 70.825 0.12387 0.35620 -2439.068 1.08245 8.0000 5.26 0.7628 0.8092 1.255560 
987.0949 9.208 73.649 0.11036 0.37616 0.819 1.17732 8.0000 5.28 0.7308 0.7482 1.256051 
986.7088 7.487 73.100 0.07877 0.25927 0.685 1.01311 8.0000 5.27 0.7553 0.7690 1.256543 
986.3226 5.883 91.115 -0.00388 0.19962 -1.386 0.95851 8.0000 5.26 0.8261 0.8384 1.257035 
985.9364 8.442 72.310 0.08181 0.25650 -4.855 0.88699 8.0000 5.27 0.9080 0.9349 1.257527 
985.5501 8.787 65.850 0.10966 0.24459 48.070 0.84636 8.0000 5.25 0.9978 1.0613 1.258020 
985.1638 13.811 61.022 0.18082 0.32651 -1.161 0.71326 8.0000 5.27 1.0447 1.1426 1.258513 
984.7773 17.549 58.913 0.23443 0.38882 0.514 0.64603 8.0000 5.29 1.0696 1.1678 1.259007 
984.3907 18.937 51.229 0.36425 0.45351 -0.436 0.74792 8.0000 5.37 1.0552 1.1477 1.259502 
984.0041 13.255 57.481 0.18842 0.29555 -0.448 0.70272 8.0000 5.34 0.8717 0.9448 1.259997 
983.6174 5.337 91.351 -0.00310 0.13128 0.395 0.69667 8.0000 5.44 0.6878 0.7782 1.260492 
983.2307 6.844 44.984 0.13538 0.13530 0.371 0.78591 8.0000 5.43 0.6557 0.7335 1.260988 
982.8438 6.082 295.945 0.08333 -0.17127 0.335 0.88361 8.0000 5.45 0.7916 0.8381 1.261484 
982.4569 17.266 21.118 0.51887 0.20040 0.330 0.80837 8.0000 5.38 0.8516 0.9782 1.261981 
982.0699 17.519 43.078 0.31711 0.29652 -1.351 0.61913 8.0000 5.47 0.7480 0.8461 1.262478 
981.6828 24.647 64.511 0.19376 0.40642 -0.007 0.38734 8.0000 5.49 0.7142 0.7764 1.262976 
981.2957 24.634 88.353 0.01379 0.47982 -0.004 0.41334 8.0000 5.48 0.7135 0.8088 1.263474 
980.9084 37.644 97.565 -0.07857 0.59164 0.002 0.15670 8.0000 5.44 0.7203 0.8614 1.263973 
980.5211 48.426 107.652 -0.23201 0.72909 0.005 -0.09194 8.0000 5.43 0.6303 0.7413 1.264472 
980.1337 38.633 127.413 -0.35038 0.45807 -0.001 0.13033 8.0000 5.51 0.6090 0.7873 1.264972 
979.7463 28.609 154.233 -0.48600 0.23460 -0.001 0.34754 8.0000 5.41 0.6569 0.9343 1.265472 
979.3587 35.353 155.512 -0.86525 0.39410 4.422 0.33284 8.0000 5.49 0.7143 0.8658 1.265973 
978.9711 32.292 190.489 -1.03203 -0.19107 3.063 0.49874 8.0000 5.46 0.7562 1.0472 1.266474 
978.5834 27.154 182.904 -0.73368 -0.03721 0.720 0.52772 8.0000 5.40 0.7369 1.1259 1.266976 
978.1956 20.178 169.763 -0.48864 0.08825 3.569 0.58436 8.0000 5.43 0.7123 1.1632 1.267478 
977.8077 17.560 148.648 -0.36814 0.22429 -1.483 0.61292 8.0000 5.49 0.7440 1.1558 1.267981 
977.4199 18.415 144.843 -0.37984 0.26752 1.751 0.62035 8.0000 5.49 0.8764 1.1481 1.268484 
977.0319 21.375 139.771 -0.39199 0.33160 1.243 0.55543 8.0000 5.47 0.9613 1.1530 1.268988 
976.6437 17.547 147.066 -0.37072 0.24014 0.603 0.62862 8.0000 5.43 0.9004 1.1779 1.269493 
976.2556 10.858 150.319 -0.24773 0.14119 -4.404 0.71593 8.0000 5.42 0.9600 1.1436 1.269997 
975.8674 10.794 74.468 0.09752 0.35087 0.599 0.92033 8.0000 5.46 0.9935 1.0584 1.270502 
975.4790 14.877 83.065 0.05846 0.48058 0.492 0.84688 8.0000 5.52 0.9928 1.0614 1.271008 
975.0906 20.050 57.607 0.32421 0.51101 -0.832 0.71865 8.0000 5.43 1.0130 1.0567 1.271515 
974.7021 15.720 68.534 0.16214 0.41234 -10.190 0.72472 8.0000 5.48 0.9497 1.0045 1.272021 
974.3136 14.223 68.866 0.14378 0.37195 0.530 0.73610 8.0000 5.38 0.8621 0.9039 1.272529 
973.9250 14.370 65.632 0.15319 0.33821 0.013 0.67702 8.0000 5.43 0.7442 0.7781 1.273036 
973.5363 14.138 61.792 0.14869 0.27722 0.027 0.58483 8.0000 5.47 0.6564 0.6827 1.273545 
973.1475 15.899 68.861 0.08228 0.21280 -2.522 0.36801 8.0000 5.38 0.5340 0.5529 1.274053 
972.7586 10.085 114.190 -0.04292 0.09556 -1.261 0.28519 8.0000 5.42 0.5217 0.5516 1.274563 
972.3697 14.689 118.295 -0.05193 0.09646 -0.488 0.19459 8.0000 5.44 0.5128 0.5442 1.275073 
971.9807 41.240 97.140 -0.01856 0.14816 -0.261 0.01971 8.0000 5.48 0.5108 0.5443 1.275583 
971.5916 60.340 78.919 0.04279 0.21847 -0.432 -0.13208 8.0000 5.44 0.5679 0.5978 1.276094 
971.2024 67.455 64.924 0.10274 0.21956 0.219 -0.24165 8.0000 5.55 0.6918 0.7234 1.276605 
970.8131 77.284 59.906 0.10091 0.17413 0.023 -0.42324 8.0000 5.40 0.7807 0.8043 1.277117 
970.4238 80.680 49.829 0.10400 0.12320 0.007 -0.47799 8.0000 5.38 0.8038 0.8292 1.277629 
970.0344 68.601 341.723 0.52153 -0.17225 0.005 -0.59317 8.0000 5.53 0.8857 0.9497 1.278142 
969.6449 56.373 52.954 0.19779 0.26204 0.004 -0.13765 8.0000 5.52 0.8811 0.9104 1.278656 
969.2553 38.044 92.309 -0.02321 0.57556 0.001 0.14268 8.0000 5.46 1.0424 1.0941 1.279170 
968.8657 31.137 103.145 -0.19195 0.82193 -1.246 0.44361 8.0000 5.46 1.2110 1.3094 1.279684 
968.4760 29.419 109.547 -0.34505 0.97187 0.595 0.62363 8.0000 5.49 1.3455 1.4766 1.280199 
968.0861 28.728 110.800 -0.40796 1.07397 0.145 0.73313 8.0000 5.55 1.4068 1.5518 1.280714 
967.6962 27.769 109.719 -0.36810 1.02700 -0.429 0.74875 8.0000 5.52 1.4116 1.5385 1.281230 
967.3063 26.275 105.907 -0.25724 0.90260 0.529 0.71889 8.0000 5.51 1.3598 1.4252 1.281747 
966.9163 21.763 102.131 -0.13948 0.64889 0.626 0.69879 8.0000 5.61 1.1056 1.1634 1.282264 
966.5261 10.286 72.905 0.08019 0.26075 -2.661 0.72689 8.0000 5.48 0.8960 0.9686 1.282782 
966.1359 27.718 327.030 0.68093 -0.44170 0.517 0.55918 8.0000 5.35 0.7261 0.9057 1.283300 
965.7457 14.542 1.687 0.51476 0.01516 -0.327 0.92586 8.0000 5.39 0.7547 0.9319 1.283818 
965.3553 32.399 324.104 0.84468 -0.61135 0.510 0.49072 8.0000 5.45 0.6454 0.8796 1.284337 
964.9649 61.420 289.382 21.37686 -60.76248 4.744 -41.57378 8.0000 5.44 0.7753 1.0981 1.284857 
964.5743 18.249 91.115 -0.04591 2.35808 0.824 3.18749 8.0000 5.40 0.9900 1.3841 1.285377 
964.1838 13.736 90.470 -0.01646 2.00513 -0.223 3.85660 8.0000 5.43 1.0597 1.5131 1.285898 
963.7931 79.902 281.704 1.90889 -9.21444 0.529 -25.58033 8.0000 5.46 0.9279 1.3827 1.286419 
963.4023 77.520 0.611 0.38267 0.00408 0.053 -0.82216 8.0000 5.48 0.7243 1.1158 1.286941 
963.0115 50.989 30.013 0.53590 0.30956 0.493 -0.13130 8.0000 5.52 0.6770 1.0432 1.287463 
962.6207 17.861 32.256 0.16437 0.10373 0.654 0.27027 8.0000 5.49 0.6182 0.8081 1.287986 
962.2297 4.494 27.887 0.06731 0.03562 0.539 0.48147 8.0000 5.47 0.6566 0.7228 1.288509 
961.8386 5.949 17.701 0.16083 0.05133 0.531 0.80121 8.0000 5.52 0.8288 1.0728 1.289033 
961.4474 6.630 240.555 -0.08899 -0.15763 0.497 0.76818 8.0000 5.54 0.7552 0.9974 1.289558 
961.0562 9.177 228.564 -0.18179 -0.20594 0.562 0.82798 8.0000 5.45 0.8156 1.1228 1.290083 
960.6649 12.545 226.125 -0.26121 -0.27167 0.009 0.80487 8.0000 5.56 0.7268 0.9783 1.290608 
960.2736 17.786 221.549 -0.42521 -0.37684 0.009 0.79440 8.0000 5.45 0.6443 0.7899 1.291134 
959.8821 5.360 233.506 -0.08598 -0.11622 0.382 0.76364 8.0000 5.45 0.5982 0.6371 1.291661 
959.4905 11.627 38.563 0.24112 0.19223 0.659 0.71758 8.0000 5.47 0.6324 0.6600 1.292188 
959.0989 29.261 37.617 0.60070 0.46290 0.456 0.46432 8.0000 5.57 0.5967 0.7479 1.292715 
958.7073 17.004 27.573 0.23189 0.12109 0.855 0.38772 8.0000 5.56 0.5376 0.7009 1.293243 
958.3155 22.043 37.061 0.29987 0.22647 -8.186 0.38798 8.0000 5.45 0.5381 0.5848 1.293772 
957.9236 20.223 39.385 0.26475 0.21735 0.482 0.40184 8.0000 5.50 0.5618 0.5788 1.294301 
957.5317 14.120 43.433 0.17395 0.16469 -54.795 0.44602 8.0000 5.43 0.6022 0.6168 1.294831 
957.1396 8.351 46.228 0.11912 0.12433 0.651 0.57387 8.0000 5.38 0.7247 0.7478 1.295362 
956.7476 5.927 43.138 0.09986 0.09357 -1.378 0.65200 8.0000 5.53 0.7431 0.7568 1.295892 
956.3554 0.912 83.052 0.00285 0.02336 0.657 0.73870 8.0000 5.73 0.7389 0.7527 1.296424 
955.9632 7.912 71.159 0.07297 0.21383 -0.004 0.79713 8.0000 5.72 0.7981 0.8103 1.296956 
955.5709 5.142 6.194 0.16799 0.01823 -0.003 0.93124 8.0000 5.64 0.8922 0.9100 1.297488 
955.1784 5.317 297.287 0.06843 -0.13266 -0.003 0.79501 8.0000 5.62 0.7178 0.7496 1.298021 
954.7859 12.115 290.777 0.09942 -0.26203 0.551 0.62274 8.0000 5.69 0.6273 0.7408 1.298555 
954.3934 21.307 269.651 -0.00214 -0.35027 4.404 0.38074 8.0000 5.58 0.6023 0.7868 1.299089 
954.0007 30.508 264.521 -0.03420 -0.35652 0.510 0.19839 8.0000 5.61 0.6045 0.8233 1.299624 
953.6080 11.039 277.005 0.01814 -0.14762 0.554 0.36670 8.0000 5.70 0.6904 0.9251 1.300159 
953.2152 13.543 309.780 0.07408 -0.08897 -0.447 0.22638 8.0000 5.79 0.5461 0.7406 1.300695 
952.8223 19.390 325.214 0.13455 -0.09347 0.424 0.20391 8.0000 5.69 0.5138 0.6598 1.301231 
952.4293 21.608 345.525 0.24248 -0.06260 0.523 0.26652 8.0000 5.72 0.5556 0.6931 1.301768 
952.0363 22.120 15.800 0.39831 0.11271 0.603 0.42508 8.0000 5.77 0.6524 1.5824 1.302305 
951.6432 19.607 341.501 0.56564 -0.18925 0.453 0.73096 8.0000 5.90 0.7747 0.8888 1.302843 
951.2499 17.759 332.245 0.37967 -0.19980 1.275 0.60109 8.0000 5.73 0.6392 1.1248 1.303382 
950.8567 64.111 262.598 -0.08622 -0.66362 1.612 -0.52704 8.0000 5.79 0.5866 1.3968 1.303921 
950.4633 11.609 329.845 0.29790 -0.17307 0.492 0.80316 8.0000 5.84 0.6519 1.5907 1.304461 
950.0699 10.924 1.115 0.41537 0.00809 -0.090 1.03622 8.0000 5.93 1.1245 1.8840 1.305001 
949.6763 12.622 13.175 0.46682 0.10928 -0.050 1.01680 8.0000 6.05 1.5783 1.8861 1.305542 
949.2827 13.024 16.678 0.54907 0.16450 -0.034 1.17269 8.0000 6.02 1.4074 1.9449 1.306083 
948.8890 10.426 13.347 0.48482 0.11502 -0.063 1.30816 8.0000 6.22 1.4919 2.1187 1.306625 
948.4953 9.402 16.078 0.40230 0.11595 0.003 1.22952 8.0000 6.24 1.5514 2.2288 1.307167 
948.1014 4.046 37.269 0.13980 0.10638 0.144 1.23571 8.0000 6.24 1.4633 2.2187 1.307710 
947.7075 8.666 11.595 0.25394 0.05210 0.292 0.83063 8.0000 6.24 1.4443 2.3416 1.308254 
947.3135 14.852 13.230 0.46209 0.10864 0.862 0.83207 8.0000 6.01 1.0262 2.0762 1.308798 
946.9194 26.649 7.705 0.95422 0.12911 0.106 0.71777 8.0000 6.14 0.6953 2.0151 1.309343 
946.5253 14.876 15.140 0.80297 0.21726 0.050 1.45537 8.0000 6.22 1.1531 2.2465 1.309888 
946.1310 16.446 37.885 0.88720 0.69031 0.516 1.73810 8.0000 6.44 1.2934 2.2565 1.310434 
945.7367 20.813 5.146 1.13453 0.10218 0.567 1.28184 8.0000 6.40 0.8741 1.8492 1.310980 
945.3423 53.634 339.728 10.87843 -4.01807 0.355 -3.60488 8.0000 6.54 1.1046 1.6539 1.311527 
944.9478 21.516 141.242 -3.10418 2.49211 0.074 4.26405 8.0000 6.60 1.5272 2.3158 1.312074 
944.5532 18.578 131.490 -2.73457 3.09194 0.522 5.44655 8.0000 6.57 1.6557 2.4587 1.312623 
944.1586 17.965 123.185 -6.22923 9.52465 -1.078 15.70457 8.0000 6.55 1.6386 2.5152 1.313171 
943.7639 72.263 299.637 1.22803 -2.15844 0.941 -3.48475 8.0000 6.66 1.4704 2.5528 1.313720 
943.3691 69.514 318.968 3.04191 -2.64732 0.758 -4.64338 8.0000 6.79 1.2273 2.3252 1.314270 
942.9742 54.495 327.492 1.34081 -0.85444 0.840 -0.54715 8.0000 6.81 0.8622 1.5739 1.314821 
942.5792 21.357 347.954 0.68842 -0.14691 0.562 0.76247 8.0000 6.92 0.7071 0.8005 1.315372 
942.1841 11.728 29.405 0.42033 0.23689 -0.648 1.11198 8.0000 7.02 0.9460 1.3353 1.315923 
941.7890 10.934 302.177 0.16870 -0.26813 -0.632 0.78930 8.0000 7.11 0.7540 0.7809 1.316475 
941.3938 13.248 236.461 -0.18925 -0.28551 -16.988 0.68715 8.0000 7.12 0.6506 0.7502 1.317028 
940.9985 19.541 238.234 -0.24052 -0.38843 0.274 0.56252 8.0000 7.28 0.6350 0.7122 1.317581 
940.6031 12.041 223.956 -0.25386 -0.24478 -3.012 0.78903 8.0000 7.24 0.6544 0.7352 1.318135 
940.2077 12.350 202.562 -0.33336 -0.13850 1.303 0.78485 8.0000 7.37 0.6536 0.7519 1.318689 
939.8122 12.088 181.275 -0.36131 -0.00804 1.479 0.80505 8.0000 7.47 0.6634 0.7704 1.319244 
939.4166 10.194 159.006 -0.31228 0.11984 0.716 0.89996 8.0000 7.44 0.7542 0.8608 1.319800 
939.0209 10.574 175.326 -0.31897 0.02608 -2.207 0.82735 8.0000 7.42 0.7537 0.8766 1.320356 
938.6251 8.495 175.888 -0.23662 0.01701 0.566 0.77644 8.0000 7.56 0.7552 0.8550 1.320913 
938.2292 8.445 162.912 -0.20061 0.06167 0.466 0.69124 8.0000 7.71 0.7135 0.7716 1.321470 
937.8333 0.950 347.978 0.02749 -0.00585 0.483 0.84692 8.0000 7.77 0.8114 0.8685 1.322028 
937.4373 14.393 3.534 0.46027 0.02843 -1.305 0.83932 8.0000 8.05 0.6574 0.9385 1.322586 
937.0412 16.464 331.831 0.44097 -0.23614 4.849 0.77240 8.0000 8.03 0.6979 0.7562 1.323146 
936.6450 11.282 291.360 0.11803 -0.30178 0.499 0.77982 8.0000 7.96 0.8839 1.1081 1.323705 
936.2487 11.181 284.432 0.08551 -0.33228 0.464 0.83398 8.0000 8.15 1.1262 1.5358 1.324266 
935.8524 12.326 282.401 0.07468 -0.33962 0.355 0.75772 8.0000 8.35 1.1821 1.7852 1.324826 
935.4560 13.881 277.715 0.04679 -0.34536 0.510 0.66208 8.0000 8.43 1.1013 1.7873 1.325388 
935.0594 13.842 264.200 -0.03275 -0.32244 -0.232 0.61771 8.0000 8.60 1.0454 1.7319 1.325950 
934.6629 7.527 249.853 -0.07867 -0.21443 -0.026 0.84923 8.0000 8.54 1.0825 1.5483 1.326512 
934.2662 5.957 228.905 -0.08623 -0.09886 0.549 0.62171 8.0000 8.61 0.8219 1.1704 1.327076 
933.8694 38.588 324.668 0.23678 -0.16785 0.754 0.06606 8.0000 8.79 0.7982 1.3508 1.327640 
933.4727 5.593 188.571 -0.58457 -0.08811 -1.708 2.98920 8.0000 8.94 1.3702 2.3680 1.328204 
933.0757 4.422 130.429 -0.40178 0.47162 -0.446 3.98185 8.0000 8.96 1.5464 2.6911 1.328769 
932.6787 11.022 131.497 -1.17930 1.33310 0.497 4.39559 8.0000 9.10 1.4927 2.6623 1.329334 
932.2817 12.412 144.723 -251.41998 177.86679 13.408 665.75879 8.0000 9.17 1.1924 2.2706 1.329901 
931.8845 81.811 342.736 18.53480 -5.76012 0.107 -66.04083 8.0000 9.28 1.1307 2.2552 1.330467 
931.4873 80.935 21.647 1.05129 0.41723 -56.741 -3.45426 8.0000 9.24 0.9025 1.8344 1.331035 
931.0900 36.638 78.974 0.08117 0.41659 0.141 0.12753 8.0000 9.54 0.6489 1.2744 1.331603 
930.6926 10.597 100.383 -0.06846 0.37363 0.492 0.97967 8.0000 9.60 0.6839 0.9074 1.332171 
930.2951 12.497 96.912 -0.04030 0.33242 -1.682 0.71829 8.0000 9.64 0.6859 0.8504 1.332740 
929.8975 8.570 107.125 -0.06128 0.19889 0.023 0.67485 8.0000 9.82 0.6791 0.8310 1.333310 
929.4999 4.558 82.390 0.01556 0.11649 3.766 0.73241 8.0000 10.05 0.7302 0.7770 1.333881 
929.1022 3.391 19.841 0.10469 0.03778 3.830 0.93588 8.0000 10.34 0.7357 0.7853 1.334452 
928.7043 7.183 332.960 0.22015 -0.11237 0.654 0.96510 8.0000 10.18 1.0326 1.0693 1.335023 
928.3065 5.369 353.210 0.17759 -0.02114 1.842 0.94303 8.0000 10.29 1.2048 1.2474 1.335595 
927.9085 5.401 354.477 0.19478 -0.01883 0.530 1.02563 8.0000 10.38 1.3168 1.3765 1.336168 
927.5104 5.505 356.885 0.20009 -0.01089 0.174 1.02987 8.0000 10.56 1.2891 1.3755 1.336742 
927.1123 5.628 350.499 0.19665 -0.03291 0.069 1.00188 8.0000 10.62 1.1182 1.2653 1.337316 
926.7141 5.601 358.133 0.18798 -0.00613 0.012 0.94978 8.0000 10.65 0.9179 1.1189 1.337890 
926.3158 3.845 36.097 0.09169 0.06685 0.307 0.84024 8.0000 10.81 0.8785 1.0057 1.338466 
925.9174 2.206 67.136 0.02259 0.05356 0.231 0.75335 8.0000 10.91 0.7704 0.8251 1.339042 
925.5190 3.401 66.175 0.03813 0.08635 -0.072 0.79145 8.0000 11.01 0.6285 0.6751 1.339618 
925.1204 9.802 115.287 -0.11485 0.24310 -0.033 0.75488 8.0000 11.19 0.5881 0.6858 1.340195 
924.7218 6.239 95.156 -0.01075 0.11912 -0.020 0.54047 8.0000 11.04 0.5856 0.6501 1.340773 
924.3231 5.673 97.570 -0.01329 0.09999 -0.010 0.50269 8.0000 11.29 0.5771 0.6156 1.341351 
923.9243 1.282 21.492 0.02594 0.01021 0.646 0.62232 8.0000 11.47 0.5700 2.1816 1.341930 
923.5255 3.400 308.327 0.05686 -0.07193 0.575 0.76888 8.0000 11.72 0.6438 0.8899 1.342510 
923.1265 15.851 308.295 0.27340 -0.34624 0.028 0.71428 8.0000 11.51 1.6842 2.6140 1.343090 
922.7275 1.749 130.320 -0.04361 0.05139 0.018 1.10266 8.0000 11.90 0.8104 2.5599 1.343671 
922.3283 60.412 308.721 2.77649 -3.46298 0.600 -2.64847 8.0000 11.93 1.2055 2.9587 1.344252 
921.9291 56.011 310.390 1.40619 -1.65284 0.000 -0.87773 8.0000 12.02 1.7527 3.3617 1.344834 
921.5298 52.677 310.474 1.13951 -1.33542 0.000 -0.48200 8.0000 12.12 2.1056 3.8394 1.345417 
921.1305 53.330 311.377 1.18910 -1.34987 0.000 -0.53834 8.0000 11.97 2.2037 3.7853 1.346000 
920.7311 51.126 311.337 1.14043 -1.29644 0.000 -0.37493 8.0000 12.23 2.0900 3.6735 1.346584 
920.3315 52.374 311.332 1.33822 -1.52153 0.000 -0.53337 8.0000 12.56 1.7188 3.3176 1.347169 
919.9319 24.993 131.971 -10.72454 11.92293 0.000 13.46322 8.0000 12.44 1.1095 2.7847 1.347754 
919.5322 2.158 146.465 -0.06928 0.04591 0.787 1.10105 8.0000 12.37 0.9216 2.4343 1.348340 
919.1324 13.335 309.227 0.24057 -0.29468 0.585 0.75736 8.0000 12.93 1.8555 2.7127 1.348926 
918.7326 2.305 310.431 0.04710 -0.05528 2.259 0.90082 8.0000 12.69 0.7956 1.5709 1.349513 
918.3326 8.769 106.120 -0.03665 0.12681 -3.064 0.41769 8.0000 13.10 1.6625 2.1168 1.350101 
917.9326 7.008 301.192 0.15992 -0.26414 0.611 1.23691 8.0000 13.12 0.6134 1.0956 1.350689 
917.5325 52.619 114.098 -0.15788 0.35297 1.173 -0.10533 8.0000 12.96 1.5925 2.0730 1.351278 
917.1323 48.169 110.444 -0.11882 0.31873 0.969 -0.03778 8.0000 13.10 2.4359 3.2338 1.351868 
916.7321 48.083 111.770 -0.12047 0.30165 2.221 -0.03509 8.0000 13.39 2.9125 3.8665 1.352458 
916.3317 54.009 110.343 -0.11598 0.31280 49.630 -0.10851 8.0000 13.51 2.9957 4.0039 1.353049 
915.9313 61.216 110.062 -0.12731 0.34862 0.633 -0.23583 8.0000 13.58 2.7411 3.6847 1.353641 
915.5308 68.426 109.078 -0.14242 0.41179 1.289 -0.46485 8.0000 13.71 2.2162 2.9742 1.354233 
915.1302 74.793 111.595 -0.25139 0.63511 0.630 -1.16356 8.0000 13.92 1.4234 1.8940 1.354826 
914.7295 3.975 296.128 0.08588 -0.17507 0.001 1.39631 8.0000 13.82 0.7331 0.7836 1.355419 
914.3287 8.541 110.619 -0.04800 0.12757 0.003 0.44354 8.0000 13.81 1.7425 2.0914 1.356013 
913.9279 0.965 296.586 0.01125 -0.02247 -0.005 0.74601 8.0000 13.97 0.6156 0.6772 1.356608 
913.5270 2.141 222.744 -0.04560 -0.04214 -0.009 0.82909 8.0000 14.06 0.6295 0.6789 1.357203 
913.1259 1.447 327.374 0.03947 -0.02527 0.627 0.92715 8.0000 14.22 0.6914 0.7317 1.357799 
912.7249 3.199 354.814 0.11699 -0.01062 0.000 1.04765 8.0000 14.01 0.7939 0.8812 1.358396 
912.3237 4.559 355.110 0.17374 -0.01486 0.655 1.08645 8.0000 14.31 0.8389 0.9782 1.358993 
911.9224 11.217 357.582 0.51494 -0.02174 -0.137 1.24828 8.0000 14.64 0.8231 1.0307 1.359591 
911.5211 46.477 88.430 0.03368 1.22902 -0.133 -0.06346 8.0000 14.76 1.3411 1.9761 1.360190 
911.1196 15.985 219.208 -0.38246 -0.31202 0.072 0.79083 8.0000 14.84 0.7037 0.7823 1.360789 
910.7181 29.815 235.915 -2.22457 -3.28756 0.028 2.32617 8.0000 14.84 1.7868 2.3804 1.361389 
910.3165 24.449 240.554 -3.46338 -6.13492 0.049 6.14619 8.0000 14.89 2.4629 3.5493 1.361990 
909.9149 23.763 204.607 -8.73046 -3.99841 -0.030 8.79081 8.0000 14.85 2.9041 4.2722 1.362591 
909.5131 22.505 261.663 -0.72047 -4.91639 0.005 4.96714 8.0000 14.77 3.3576 4.7279 1.363193 
909.1113 28.908 295.555 2.24953 -4.70466 -0.001 3.28178 8.0000 14.88 3.7501 4.9495 1.363795 
908.7093 32.614 312.776 2.91927 -3.15516 0.001 1.98368 8.0000 15.09 3.8603 4.8681 1.364399 
908.3073 36.214 334.936 3.55452 -1.66234 0.001 1.24269 8.0000 14.97 3.6308 4.4577 1.365003 
907.9052 37.982 343.334 3.02492 -0.90555 0.000 0.78938 8.0000 15.17 3.3603 4.0849 1.365607 
907.5031 29.218 350.265 2.08067 -0.35697 -0.736 1.29690 8.0000 15.28 3.3184 4.0989 1.366212 
907.1008 21.666 355.115 1.76707 -0.15104 -0.002 1.87990 8.0000 15.26 2.8559 3.1718 1.366818 
906.6984 25.544 324.109 1.10735 -0.80134 -0.002 1.10340 8.0000 15.32 2.4831 3.5101 1.367425 
906.2960 4.241 79.216 0.06568 0.34485 -0.030 2.35404 8.0000 15.34 2.0205 2.2708 1.368032 
905.8935 17.073 145.044 -1.57678 1.10226 -0.165 2.83658 8.0000 15.70 2.3621 2.8123 1.368640 
905.4909 13.695 97.761 -0.23256 1.70637 0.006 3.32378 8.0000 15.57 2.2509 2.9446 1.369248 
905.0883 13.658 94.964 -0.13518 1.55628 3.133 3.02447 8.0000 15.71 2.2692 3.1703 1.369857 
904.6855 79.036 263.602 -0.04712 -0.42019 0.438 -1.05030 8.0000 16.11 3.2827 4.7213 1.370467 
904.2826 10.856 146.771 -0.43663 0.28604 -0.003 1.31092 8.0000 15.98 2.5486 3.5714 1.371078 
903.8797 18.320 187.002 -0.38718 -0.04756 -0.002 0.52449 8.0000 16.29 4.9792 6.2746 1.371689 
903.4767 18.679 153.400 -0.25607 0.12823 0.730 0.37513 8.0000 16.30 6.6406 8.5533 1.372301 
903.0736 22.895 146.868 -0.25684 0.16763 0.105 0.29836 8.0000 16.23 7.9254 10.1191 1.372913 
902.6704 21.798 155.841 -0.27501 0.12335 0.009 0.31654 8.0000 16.43 8.2819 10.5980 1.373527 
902.2672 24.067 151.534 -0.30715 0.16654 0.003 0.31313 8.0000 16.46 7.7763 10.0333 1.374140 
901.8638 24.619 153.684 -0.34105 0.16867 5.338 0.32799 8.0000 16.51 6.3031 8.3794 1.374755 
901.4604 23.169 140.368 -0.33880 0.28060 -0.022 0.41983 8.0000 16.47 4.1965 6.0508 1.375370 
901.0569 23.697 103.807 -0.22096 0.89907 -0.011 0.85154 8.0000 16.70 1.8040 3.7273 1.375986 
900.6533 69.808 238.982 -0.41084 -0.68328 -0.636 -0.93731 8.0000 16.66 3.0502 4.6298 1.376603 
900.2496 14.775 90.172 -0.00370 1.23431 -0.146 2.17722 8.0000 16.82 1.3771 2.5014 1.377220 
899.8458 11.974 354.063 1.12217 -0.11670 0.099 2.54024 8.0000 16.59 0.7691 2.1583 1.377838 
899.4420 73.079 205.607 -2.44889 -1.17370 0.137 -4.05027 8.0000 16.96 1.2386 3.0812 1.378457 
899.0380 70.357 204.396 -1.60491 -0.72790 -0.261 -2.15411 8.0000 17.12 1.4753 3.6819 1.379076 
898.6340 70.206 207.187 -1.44947 -0.74450 0.066 -1.97057 8.0000 17.11 1.6423 3.9207 1.379696 
898.2299 68.536 183.476 -1.57604 -0.09574 -0.401 -1.69748 8.0000 17.07 1.6417 3.8093 1.380317 
897.8257 74.913 217.623 -2.77443 -2.13838 -0.344 -6.02488 8.0000 17.22 1.3318 3.0800 1.380938 
897.4214 12.712 91.584 -0.03291 1.18958 0.133 2.50357 8.0000 17.64 1.2781 2.1894 1.381560 
897.0171 16.891 124.728 -0.43001 0.62038 0.012 1.12834 8.0000 17.41 1.5707 1.8679 1.382183 
896.6127 23.006 144.739 -0.54078 0.38234 0.010 0.63930 8.0000 17.18 2.1076 2.8783 1.382807 
896.2081 19.894 128.579 -0.50343 0.63112 0.005 0.96939 8.0000 17.34 1.8426 2.0943 1.383431 
895.8035 20.062 128.570 -0.48834 0.61239 0.005 0.92936 8.0000 17.39 1.8043 2.1850 1.384056 
895.3989 18.427 127.989 -0.47335 0.60610 0.003 1.02597 8.0000 17.43 1.5685 2.0389 1.384681 
894.9941 15.841 127.918 -0.37608 0.48278 12.280 0.99158 8.0000 17.68 1.3096 1.8508 1.385307 
894.5892 8.193 130.302 -0.20022 0.23608 0.718 1.05267 8.0000 17.96 0.9812 1.5922 1.385934 
894.1843 7.583 294.324 0.14199 -0.31412 0.000 1.27177 8.0000 17.69 0.8572 1.3512 1.386562 
893.7792 4.478 139.774 -0.12908 0.10918 0.004 1.07282 8.0000 17.67 0.8435 1.4304 1.387190 
893.3741 2.770 114.124 -0.03482 0.07775 0.766 0.87815 8.0000 17.60 0.7835 1.3104 1.387819 
892.9689 3.515 356.041 0.11160 -0.00772 -4.237 0.90709 8.0000 17.87 0.7154 1.0545 1.388449 
892.5637 6.346 338.496 0.21658 -0.08533 -0.498 1.03364 8.0000 17.98 0.6868 0.8264 1.389079 
892.1583 8.927 333.118 0.26820 -0.13596 0.178 0.93348 8.0000 18.31 0.6150 0.7479 1.389711 
891.7528 7.096 336.365 0.18924 -0.08282 0.339 0.81682 8.0000 17.89 0.6198 0.8145 1.390343 
891.3473 7.143 335.457 0.16162 -0.07380 -0.267 0.69774 8.0000 18.29 0.5943 0.8353 1.390975 
890.9417 5.778 344.701 0.11118 -0.03042 0.728 0.56371 8.0000 18.06 0.5865 0.8188 1.391608 
890.5359 2.615 357.954 0.05989 -0.00214 0.000 0.65475 8.0000 18.06 0.5825 0.7751 1.392242 
890.1302 0.204 165.429 -0.00371 0.00096 0.035 0.53880 8.0000 18.34 0.5484 0.6712 1.392877 
889.7243 4.901 183.802 -0.07106 -0.00472 0.000 0.41221 8.0000 18.06 0.5277 0.6630 1.393512 
889.3184 6.720 333.858 0.07681 -0.03770 0.000 0.35808 8.0000 18.11 0.5227 0.5545 1.394148 
888.9123 9.658 358.350 0.13404 -0.00386 0.761 0.38259 8.0000 18.25 0.5282 0.5604 1.394785 
888.5062 9.050 359.612 0.11795 -0.00080 -1.316 0.36088 8.0000 18.57 0.5338 0.6584 1.395423 
888.1000 6.680 94.887 -0.01418 0.16586 -58.786 0.70094 8.0000 18.30 0.6639 0.7425 1.396061 
887.6937 7.437 93.029 -0.01073 0.20285 0.771 0.76477 8.0000 18.49 0.7577 0.8569 1.396700 
887.2873 7.705 96.640 -0.02598 0.22316 -547.544 0.81508 8.0000 18.76 0.7989 0.9075 1.397340 
886.8808 8.431 100.579 -0.04736 0.25355 0.837 0.85097 8.0000 18.44 0.8627 0.9415 1.397980 
886.4743 5.834 108.837 -0.06473 0.18974 1.034 0.97075 8.0000 18.53 0.7674 0.8445 1.398621 
886.0676 7.674 117.840 -0.10410 0.19711 0.833 0.81212 8.0000 18.44 0.7113 0.7619 1.399263 
885.6609 8.756 124.902 -0.14294 0.20489 0.746 0.79177 8.0000 18.44 0.6835 0.7057 1.399906 
885.2541 8.098 112.290 -0.08460 0.20637 0.041 0.76784 8.0000 18.66 0.6505 0.6967 1.400549 
884.8472 8.275 107.190 -0.05846 0.18899 0.007 0.66574 8.0000 18.55 0.5986 0.6438 1.401193 
884.4402 8.745 99.817 -0.02889 0.16696 89.848 0.53771 8.0000 18.65 0.5619 0.6058 1.401838 
884.0332 11.216 104.133 -0.06447 0.25604 0.746 0.63955 8.0000 18.80 0.6181 0.6447 1.402483 
883.6260 10.869 100.838 -0.04964 0.25925 0.000 0.66202 8.0000 18.60 0.6192 0.6383 1.403130 
883.2188 14.280 98.943 -0.04419 0.28083 0.000 0.52229 8.0000 18.86 0.5919 0.6034 1.403777 
882.8115 11.826 80.557 0.03749 0.22544 0.000 0.52182 8.0000 18.56 0.6233 0.6561 1.404424 
882.4041 4.009 116.040 -0.03556 0.07277 0.027 0.57503 8.0000 18.70 0.5529 0.5597 1.405073 
881.9966 4.171 162.283 -0.09562 0.03055 0.019 0.68458 8.0000 18.72 0.5820 0.6346 1.405722 
881.5890 4.942 199.928 -0.12760 -0.04626 0.012 0.77896 8.0000 18.77 0.6292 0.7391 1.406372 
881.1813 4.700 221.175 -0.08735 -0.07640 0.010 0.70091 8.0000 18.60 0.6048 0.7655 1.407023 
880.7736 17.973 234.416 -0.22593 -0.31576 0.291 0.53548 8.0000 18.88 0.5896 0.7659 1.407674 
880.3658 34.742 202.435 -0.61920 -0.25566 -0.009 0.25069 8.0000 18.45 0.5772 0.7825 1.408326 
879.9579 48.895 261.582 -0.49911 -3.37263 -0.012 -0.46647 8.0000 18.60 0.9408 1.1549 1.408979 
879.5499 41.664 146.834 -0.94246 0.61592 0.011 0.13169 8.0000 18.57 0.6494 0.8647 1.409632 
879.1418 39.056 117.401 -0.84635 1.63269 0.073 0.38714 8.0000 18.62 1.3184 1.5402 1.410287 
878.7336 34.285 112.122 -0.63880 1.57144 -0.003 0.66583 8.0000 18.56 1.9814 2.1536 1.410942 
878.3253 34.752 112.717 -0.76762 1.83349 -0.130 0.74302 8.0000 18.79 2.3186 2.6719 1.411598 
877.9170 34.635 111.987 -0.77199 1.91200 0.803 0.78037 8.0000 18.63 2.4318 2.8945 1.412254 
877.5085 34.427 111.572 -0.74518 1.88474 204.248 0.78387 8.0000 18.66 2.2888 2.8525 1.412912 
877.1000 33.762 112.206 -0.69609 1.70517 0.922 0.76198 8.0000 18.77 1.8813 2.4856 1.413570 
876.6915 32.050 114.301 -0.57324 1.26954 0.793 0.67639 8.0000 18.62 1.2352 1.8750 1.414228 
876.2828 29.886 136.778 -0.55609 0.52260 0.041 0.44466 8.0000 18.51 0.6821 1.0251 1.414888 
875.8740 41.501 270.285 0.01280 -2.56933 0.099 0.31536 8.0000 18.89 0.9746 1.1113 1.415548 
875.4651 11.521 148.015 -0.27041 0.16887 0.023 0.74957 8.0000 18.73 0.7276 2.3601 1.416209 
875.0562 8.705 168.432 -0.22059 0.04515 0.114 0.71810 8.0000 18.65 0.6868 0.8931 1.416871 
874.6472 3.815 304.958 0.06201 -0.08870 2.404 0.80786 8.0000 18.35 0.6782 2.8391 1.417534 
874.2380 34.483 349.374 1.34732 -0.25277 0.000 0.52712 8.0000 18.49 0.8116 4.1575 1.418197 
873.8289 64.689 291.190 0.50754 -1.30921 0.731 -1.15250 8.0000 18.19 0.8847 5.0428 1.418861 
873.4196 68.324 121.808 -0.12457 0.20084 0.753 -0.25033 8.0000 18.65 0.8063 5.3125 1.419526 
873.0102 38.866 127.423 -0.20002 0.26140 0.072 0.07157 8.0000 18.39 0.7678 5.0118 1.420192 
872.6007 25.892 115.014 -0.15127 0.32420 -0.039 0.28169 8.0000 18.10 0.6844 4.1048 1.420858 
872.1912 12.650 87.885 0.00983 0.26616 -0.066 0.56345 8.0000 18.40 0.5771 2.7630 1.421525 
871.7816 7.752 92.381 -0.00855 0.20555 -0.027 0.74163 8.0000 17.88 0.6889 0.8292 1.422193 
871.3718 7.873 90.909 -0.00346 0.21831 0.801 0.77439 8.0000 18.47 0.9270 2.5195 1.422862 
870.9620 6.931 107.353 -0.04507 0.14423 -0.074 0.61234 8.0000 18.19 0.6273 0.7039 1.423532 
870.5521 8.306 119.894 -0.08029 0.13967 0.772 0.53999 8.0000 18.23 0.5942 0.7029 1.424202 
870.1422 6.554 134.184 -0.08580 0.08828 0.786 0.52870 8.0000 18.25 0.5764 0.6966 1.424873 
869.7321 7.700 114.155 -0.06241 0.13916 0.017 0.55366 8.0000 18.01 0.5920 0.6961 1.425545 
869.3219 11.181 97.844 -0.03173 0.23031 0.704 0.56512 8.0000 18.00 0.6375 0.7103 1.426217 
868.9117 14.547 88.053 0.01155 0.33977 0.776 0.61096 8.0000 18.08 0.6949 0.7303 1.426891 
868.5013 16.715 83.229 0.05064 0.42652 -0.006 0.65064 8.0000 17.95 0.7828 0.7896 1.427565 
868.0909 18.513 80.603 0.08286 0.50069 0.675 0.67284 8.0000 17.99 0.9151 0.9274 1.428240 
867.6805 18.352 80.929 0.07807 0.48897 -0.009 0.66419 8.0000 17.93 0.8823 0.8862 1.428915 
867.2699 17.381 81.018 0.06843 0.43289 0.735 0.63147 8.0000 17.89 0.7704 0.7723 1.429592 
866.8592 17.165 79.136 0.07912 0.41227 0.743 0.61470 8.0000 17.90 0.7266 0.7279 1.430269 
866.4485 15.521 75.417 0.09653 0.37102 -0.126 0.63697 8.0000 17.68 0.6798 0.6814 1.430947 
866.0376 16.432 70.993 0.13033 0.37836 0.656 0.61943 8.0000 17.52 0.6646 0.6745 1.431626 
865.6267 16.115 73.921 0.11652 0.40424 0.676 0.66730 8.0000 18.06 0.6828 0.6843 1.432306 
865.2157 15.782 75.972 0.09812 0.39272 -0.008 0.65894 8.0000 17.42 0.6673 0.6783 1.432986 
864.8046 16.721 77.202 0.09482 0.41745 0.666 0.64821 8.0000 17.47 0.6873 0.7118 1.433667 
864.3934 16.447 78.312 0.08437 0.40783 0.657 0.64388 8.0000 17.44 0.6870 0.7252 1.434349 
863.9821 17.953 80.536 0.07630 0.45769 0.721 0.64085 8.0000 17.22 0.7055 0.7586 1.435032 
863.5707 16.231 78.367 0.08512 0.41349 -1.534 0.66361 8.0000 17.28 0.7106 0.7474 1.435716 
863.1593 12.816 76.305 0.07381 0.30288 0.708 0.64969 8.0000 17.26 0.6481 0.6715 1.436400 
862.7477 13.364 71.255 0.11130 0.32797 0.653 0.68780 8.0000 17.35 0.6923 0.7001 1.437085 
862.3361 13.187 66.389 0.13855 0.31696 -0.003 0.69767 8.0000 16.95 0.7011 0.7067 1.437771 
861.9244 13.933 63.186 0.16158 0.31968 0.638 0.67750 8.0000 16.98 0.7117 0.7354 1.438458 
861.5126 13.853 65.444 0.15383 0.33668 -0.841 0.70486 8.0000 16.95 0.7207 0.7359 1.439145 
861.1008 11.948 66.628 0.11734 0.27152 0.618 0.66759 8.0000 16.82 0.6664 0.6722 1.439834 
860.6888 11.267 67.299 0.10698 0.25573 0.621 0.66807 8.0000 16.78 0.6464 0.6556 1.440523 
860.2767 12.071 65.520 0.12099 0.26573 0.609 0.65142 8.0000 16.35 0.6342 0.6534 1.441213 
859.8646 12.728 65.460 0.11990 0.26262 -0.002 0.60646 8.0000 16.42 0.6144 0.6439 1.441904 
859.4523 12.431 62.637 0.14100 0.27244 0.612 0.66199 8.0000 16.46 0.6300 0.6579 1.442595 
859.0400 13.166 60.721 0.16594 0.29595 2.399 0.68554 8.0000 16.33 0.6392 0.6626 1.443288 
858.6276 13.211 58.912 0.18981 0.31480 0.588 0.73983 8.0000 16.42 0.6480 0.6638 1.443981 
858.2151 15.136 60.015 0.20502 0.35532 0.596 0.70279 8.0000 16.36 0.6700 0.6768 1.444675 
857.8026 17.855 61.569 0.20781 0.38384 0.626 0.60720 8.0000 15.98 0.7064 0.7090 1.445370 
857.3899 19.389 63.525 0.21135 0.42436 0.590 0.59008 8.0000 16.01 0.7433 0.7528 1.446065 
856.9771 20.627 63.404 0.21261 0.42464 0.583 0.54143 8.0000 15.48 0.7533 0.7570 1.446762 
856.5643 20.815 62.482 0.21782 0.41810 0.568 0.53041 8.0000 15.58 0.7525 0.7561 1.447459 
856.1514 22.311 62.830 0.22163 0.43181 0.001 0.49181 8.0000 15.67 0.7663 0.7705 1.448157 
855.7383 22.820 60.622 0.23338 0.41455 0.613 0.46523 8.0000 15.60 0.7577 0.7624 1.448856 
855.3253 23.756 61.915 0.23005 0.43111 0.587 0.44759 8.0000 15.40 0.7721 0.7785 1.449556 
854.9120 23.216 60.477 0.24851 0.43883 0.692 0.47972 8.0000 15.03 0.7679 0.7730 1.450257 
854.4988 21.231 56.088 0.27364 0.40703 0.584 0.53595 8.0000 15.07 0.7296 0.7342 1.450958 
854.0854 21.530 55.168 0.28680 0.41216 0.597 0.53732 8.0000 14.84 0.7368 0.7426 1.451660 
853.6719 21.617 55.341 0.29173 0.42196 0.606 0.54562 8.0000 14.88 0.7518 0.7573 1.452364 
853.2584 20.812 53.324 0.30360 0.40767 0.556 0.57203 8.0000 14.67 0.7335 0.7368 1.453067 
852.8448 20.764 50.591 0.32095 0.39060 0.520 0.57085 8.0000 14.58 0.7232 0.7254 1.453772 
852.4311 21.199 46.490 0.34348 0.36182 0.591 0.54641 8.0000 14.28 0.7061 0.7079 1.454478 
852.0173 23.886 47.822 0.34200 0.37746 0.533 0.46232 8.0000 14.32 0.7138 0.7155 1.455184 
851.6034 22.743 45.497 0.35251 0.35869 0.515 0.49445 8.0000 14.11 0.7142 0.7164 1.455891 
851.1894 23.675 45.612 0.35775 0.36548 0.517 0.47112 8.0000 13.97 0.7151 0.7181 1.456599 
850.7753 24.358 46.919 0.36539 0.39073 0.553 0.46971 8.0000 13.79 0.7276 0.7302 1.457308 
850.3612 23.471 42.391 0.39167 0.35753 0.585 0.49551 8.0000 13.76 0.7085 0.7111 1.458018 
849.9470 23.707 42.416 0.40115 0.36651 0.480 0.49943 8.0000 13.64 0.7135 0.7167 1.458728 
849.5326 24.225 43.634 0.40363 0.38484 0.571 0.49429 8.0000 13.47 0.7326 0.7356 1.459440 
849.1182 24.722 43.485 0.41035 0.38920 0.484 0.48399 8.0000 13.51 0.7389 0.7414 1.460152 
848.7037 23.953 41.951 0.42762 0.38437 0.485 0.51941 8.0000 13.26 0.7448 0.7473 1.460865 
848.2891 23.547 40.540 0.44194 0.37799 0.507 0.54051 8.0000 13.22 0.7476 0.7503 1.461579 
847.8744 22.935 38.243 0.46200 0.36412 0.473 0.57063 8.0000 13.28 0.7498 0.7523 1.462294 
847.4597 24.427 36.844 0.47394 0.35512 0.468 0.51747 8.0000 13.16 0.7371 0.7390 1.463010 
847.0448 24.515 34.996 0.49205 0.34449 0.461 0.52159 8.0000 13.16 0.7364 0.7382 1.463726 
846.6298 25.199 33.466 0.50613 0.33457 0.459 0.50197 8.0000 13.20 0.7318 0.7336 1.464444 
846.2148 26.655 31.895 0.51699 0.32173 0.438 0.45371 8.0000 12.84 0.7236 0.7251 1.465162 
845.7997 26.428 30.199 0.53390 0.31073 0.451 0.46793 8.0000 12.88 0.7250 0.7267 1.465881 
845.3845 26.245 28.941 0.54102 0.29917 0.446 0.47456 8.0000 12.76 0.7311 0.7326 1.466601 
844.9692 25.869 27.582 0.56182 0.29349 0.448 0.49991 8.0000 12.72 0.7309 0.7324 1.467322 
844.5538 25.120 25.839 0.58221 0.28193 0.463 0.53820 8.0000 12.54 0.7338 0.7356 1.468044 
844.1383 25.110 24.527 0.57929 0.26433 0.423 0.53015 8.0000 12.55 0.7431 0.7449 1.468766 
843.7227 24.961 22.647 0.57826 0.24126 0.437 0.52720 8.0000 12.67 0.7515 0.7538 1.469490 
843.3071 25.570 20.699 0.58247 0.22008 0.397 0.50169 8.0000 12.62 0.7496 0.7519 1.470214 
842.8914 25.262 20.188 0.59505 0.21880 0.440 0.52219 8.0000 12.61 0.7538 0.7558 1.470939 
842.4755 25.097 18.988 0.59687 0.20537 0.425 0.52604 8.0000 12.55 0.7590 0.7611 1.471665 
842.0596 25.234 18.310 0.60937 0.20165 0.429 0.52972 8.0000 12.65 0.7542 0.7560 1.472392 
841.6436 25.130 16.964 0.61279 0.18693 0.418 0.53264 8.0000 12.74 0.7577 0.7597 1.473120 
841.2275 24.574 15.338 0.60403 0.16568 0.397 0.54165 8.0000 12.69 0.7723 0.7741 1.473849 
840.8113 24.381 13.765 0.59353 0.14540 0.398 0.53567 8.0000 12.79 0.7827 0.7845 1.474578 
840.3951 24.512 12.756 0.60106 0.13608 0.396 0.53527 8.0000 12.68 0.7828 0.7846 1.475308 
839.9787 24.464 11.566 0.60469 0.12375 0.413 0.53790 8.0000 12.74 0.7833 0.7851 1.476040 
839.5623 24.274 10.444 0.59997 0.11059 0.419 0.53883 8.0000 13.03 0.7892 0.7915 1.476772 
839.1457 24.684 8.923 0.60318 0.09470 0.449 0.52392 8.0000 12.90 0.7887 0.7911 1.477505 
838.7291 24.814 6.935 0.60796 0.07395 0.415 0.52072 8.0000 12.91 0.7875 0.7899 1.478239 
838.3124 24.742 5.414 0.61052 0.05786 0.414 0.52405 8.0000 13.24 0.7882 0.7906 1.478974 
837.8956 24.644 3.451 0.61264 0.03694 0.416 0.52814 8.0000 13.36 0.7899 0.7923 1.479709 
837.4787 24.478 1.465 0.61930 0.01584 0.426 0.53935 8.0000 13.42 0.7868 0.7892 1.480446 
837.0617 24.475 359.837 0.62324 -0.00178 0.466 0.54272 8.0000 13.46 0.7883 0.7909 1.481183 
836.6447 24.177 358.262 0.62504 -0.01896 0.436 0.55610 8.0000 13.62 0.7911 0.7938 1.481922 
836.2275 24.114 356.874 0.62873 -0.03433 0.426 0.56243 8.0000 13.94 0.7912 0.7938 1.482661 
835.8102 23.940 355.390 0.63127 -0.05090 0.425 0.57267 8.0000 14.10 0.7930 0.7956 1.483401 
835.3929 23.772 353.630 0.62431 -0.06970 0.424 0.57476 8.0000 14.13 0.7954 0.7980 1.484142 
834.9755 23.704 352.096 0.62448 -0.08669 0.424 0.57957 8.0000 14.43 0.7962 0.7987 1.484884 
834.5579 23.608 350.515 0.62361 -0.10419 0.426 0.58514 8.0000 14.62 0.7976 0.8001 1.485627 
834.1403 23.456 348.998 0.61796 -0.12014 0.438 0.58886 8.0000 14.90 0.7981 0.8007 1.486371 
833.7227 23.343 347.777 0.61577 -0.13339 0.426 0.59401 8.0000 15.03 0.7998 0.8024 1.487115 
833.3049 23.327 346.501 0.61383 -0.14735 0.444 0.59581 8.0000 15.37 0.7996 0.8022 1.487861 
832.8870 23.203 345.228 0.61193 -0.16136 0.438 0.60252 8.0000 15.50 0.8009 0.8035 1.488608 
832.4691 22.943 343.517 0.60173 -0.17804 0.456 0.60840 8.0000 15.97 0.8021 0.8048 1.489355 
832.0510 22.833 342.261 0.59849 -0.19145 0.471 0.61392 8.0000 16.35 0.8034 0.8060 1.490103 
831.6329 22.689 340.893 0.59314 -0.20548 0.473 0.61951 8.0000 16.31 0.8041 0.8066 1.490852 
831.2146 22.496 339.292 0.58467 -0.22102 0.459 0.62521 8.0000 16.81 0.8052 0.8077 1.491603 
830.7963 22.400 338.223 0.58227 -0.23262 0.480 0.63140 8.0000 17.16 0.8066 0.8091 1.492354 
830.3779 22.318 337.009 0.57819 -0.24531 0.472 0.63611 8.0000 17.40 0.8089 0.8113 1.493106 
829.9594 22.100 335.583 0.56918 -0.25840 0.477 0.64279 8.0000 18.18 0.8119 0.8143 1.493858 
829.5408 21.886 334.349 0.56261 -0.27018 0.488 0.65147 8.0000 18.12 0.8148 0.8171 1.494612 
829.1221 21.602 332.825 0.55004 -0.28238 0.491 0.65832 8.0000 18.26 0.8168 0.8191 1.495367 
828.7034 21.373 331.617 0.54175 -0.29272 0.503 0.66622 8.0000 18.92 0.8189 0.8212 1.496123 
828.2845 21.113 330.102 0.52870 -0.30399 0.526 0.67195 8.0000 19.35 0.8190 0.8213 1.496879 
827.8656 20.908 328.841 0.51983 -0.31431 0.508 0.67901 8.0000 19.10 0.8208 0.8232 1.497637 
827.4465 20.686 327.464 0.50843 -0.32435 0.529 0.68475 8.0000 19.95 0.8221 0.8244 1.498395 
827.0275 20.434 326.003 0.49601 -0.33453 0.532 0.69143 8.0000 20.31 0.8246 0.8268 1.499154 
826.6082 20.212 324.807 0.48623 -0.34291 0.530 0.69849 8.0000 20.65 0.8255 0.8278 1.499915 
826.1889 19.990 323.555 0.47572 -0.35131 0.553 0.70529 8.0000 21.10 0.8282 0.8305 1.500676 
825.7695 19.763 322.234 0.46369 -0.35924 0.554 0.71092 8.0000 21.75 0.8299 0.8321 1.501438 
825.3500 19.522 320.764 0.44986 -0.36737 0.564 0.71613 8.0000 21.88 0.8316 0.8338 1.502201 
824.9305 19.267 319.382 0.43698 -0.37478 0.558 0.72288 8.0000 22.02 0.8336 0.8358 1.502965 
824.5108 19.044 318.171 0.42668 -0.38188 0.561 0.73061 8.0000 22.57 0.8348 0.8370 1.503730 
824.0911 18.835 316.883 0.41518 -0.38875 0.576 0.73669 8.0000 23.01 0.8364 0.8385 1.504496 
823.6713 18.603 315.566 0.40289 -0.39501 0.587 0.74319 8.0000 23.39 0.8378 0.8399 1.505263 
823.2513 18.371 314.262 0.39048 -0.40067 0.596 0.74945 8.0000 23.63 0.8397 0.8418 1.506031 
822.8313 18.172 312.905 0.37828 -0.40701 0.603 0.75524 8.0000 24.19 0.8402 0.8423 1.506800 
822.4112 17.970 311.727 0.36746 -0.41203 0.608 0.76154 8.0000 24.61 0.8427 0.8447 1.507569 
821.9910 17.785 310.541 0.35584 -0.41604 0.612 0.76552 8.0000 24.89 0.8448 0.8469 1.508340 
821.5707 17.581 309.212 0.34347 -0.42095 0.621 0.77125 8.0000 25.56 0.8457 0.8478 1.509112 
821.1503 17.375 307.917 0.33131 -0.42533 0.633 0.77716 8.0000 26.13 0.8462 0.8482 1.509884 
820.7299 17.194 306.838 0.32139 -0.42902 0.644 0.78326 8.0000 26.62 0.8480 0.8500 1.510658 
820.3093 16.996 305.617 0.30960 -0.43217 0.639 0.78840 8.0000 26.83 0.8502 0.8522 1.511432 
819.8886 16.843 304.212 0.29619 -0.43564 0.651 0.79033 8.0000 27.20 0.8500 0.8520 1.512208 
819.4679 16.672 302.971 0.28454 -0.43864 0.653 0.79462 8.0000 28.06 0.8509 0.8529 1.512984 
819.0471 16.492 301.850 0.27375 -0.44064 0.659 0.79931 8.0000 28.08 0.8525 0.8544 1.513761 
818.6262 16.321 300.582 0.26187 -0.44312 0.672 0.80356 8.0000 29.04 0.8533 0.8553 1.514540 
818.2051 16.165 299.245 0.24964 -0.44586 0.679 0.80736 8.0000 28.92 0.8539 0.8557 1.515319 
817.7841 16.006 298.035 0.23860 -0.44810 0.675 0.81208 8.0000 29.34 0.8545 0.8563 1.516099 
817.3629 15.806 296.632 0.22541 -0.44951 0.687 0.81699 8.0000 29.82 0.8548 0.8566 1.516881 
816.9416 15.637 295.463 0.21443 -0.45030 0.701 0.82114 8.0000 30.11 0.8567 0.8585 1.517663 
816.5202 15.469 294.141 0.20246 -0.45175 0.702 0.82593 8.0000 30.56 0.8577 0.8595 1.518446 
816.0988 15.302 292.871 0.19083 -0.45240 0.707 0.83011 8.0000 31.23 0.8586 0.8604 1.519230 
815.6772 15.163 291.621 0.17973 -0.45347 0.716 0.83390 8.0000 31.45 0.8595 0.8613 1.520015 
815.2556 15.001 290.169 0.16659 -0.45354 0.716 0.83683 8.0000 31.65 0.8595 0.8613 1.520801 
814.8338 14.849 288.809 0.15447 -0.45353 0.720 0.84003 8.0000 32.06 0.8606 0.8625 1.521589 
814.4120 14.726 287.543 0.14352 -0.45402 0.735 0.84326 8.0000 32.67 0.8615 0.8634 1.522377 
813.9901 14.583 286.334 0.13296 -0.45369 0.738 0.84711 8.0000 33.29 0.8626 0.8644 1.523166 
813.5681 14.450 284.995 0.12128 -0.45280 0.743 0.84916 8.0000 33.30 0.8634 0.8652 1.523956 
813.1460 14.314 283.435 0.10808 -0.45243 0.753 0.85215 8.0000 33.71 0.8627 0.8645 1.524747 
812.7238 14.165 281.995 0.09582 -0.45096 0.768 0.85512 8.0000 34.39 0.8628 0.8646 1.525539 
812.3015 14.070 280.900 0.08677 -0.45064 0.773 0.85802 8.0000 34.83 0.8650 0.8669 1.526332 
811.8792 13.897 279.241 0.07293 -0.44825 0.779 0.86154 8.0000 35.46 0.8646 0.8664 1.527126 
811.4567 13.766 277.812 0.06124 -0.44634 0.778 0.86430 8.0000 35.78 0.8658 0.8676 1.527921 
811.0341 13.659 276.285 0.04895 -0.44446 0.783 0.86567 8.0000 35.50 0.8654 0.8673 1.528717 
810.6115 13.527 274.880 0.03774 -0.44197 0.787 0.86858 8.0000 36.01 0.8663 0.8681 1.529514 
810.1888 13.422 273.357 0.02581 -0.43999 0.784 0.87086 8.0000 35.80 0.8658 0.8677 1.530312 
809.7659 13.321 271.814 0.01386 -0.43758 0.798 0.87270 8.0000 36.92 0.8660 0.8679 1.531111 
809.3430 13.221 270.282 0.00214 -0.43494 0.800 0.87458 8.0000 37.28 0.8657 0.8676 1.531912 
808.9200 13.138 268.791 -0.00913 -0.43266 0.813 0.87654 8.0000 37.33 0.8663 0.8683 1.532713 
808.4969 13.045 267.169 -0.02124 -0.42960 0.821 0.87840 8.0000 38.22 0.8665 0.8685 1.533515 
808.0737 12.960 265.507 -0.03348 -0.42608 0.829 0.87941 8.0000 38.28 0.8659 0.8679 1.534318 
807.6505 12.873 263.989 -0.04449 -0.42250 0.830 0.88093 8.0000 38.63 0.8664 0.8683 1.535122 
807.2271 12.781 262.245 -0.05699 -0.41848 0.832 0.88298 8.0000 38.89 0.8661 0.8680 1.535927 
806.8036 12.717 260.585 -0.06878 -0.41483 0.839 0.88424 8.0000 39.74 0.8657 0.8676 1.536733 
806.3801 12.645 258.886 -0.08066 -0.41061 0.841 0.88564 8.0000 39.21 0.8654 0.8673 1.537540 
805.9564 12.592 257.270 -0.09184 -0.40654 0.838 0.88636 8.0000 40.06 0.8654 0.8674 1.538349 
805.5327 12.533 255.654 -0.10283 -0.40204 0.851 0.88729 8.0000 40.09 0.8659 0.8678 1.539158 
805.1089 12.477 253.922 -0.11446 -0.39712 0.852 0.88815 8.0000 39.97 0.8658 0.8678 1.539968 
804.6850 12.414 252.326 -0.12489 -0.39195 0.863 0.88915 8.0000 40.60 0.8668 0.8688 1.540779 
804.2610 12.366 250.504 -0.13684 -0.38649 0.861 0.89007 8.0000 41.38 0.8664 0.8684 1.541591 
803.8369 12.327 248.941 -0.14692 -0.38155 0.868 0.89080 8.0000 41.17 0.8667 0.8687 1.542405 
803.4127 12.300 247.268 -0.15768 -0.37635 0.873 0.89125 8.0000 41.76 0.8675 0.8696 1.543219 
802.9884 12.267 245.597 -0.16815 -0.37064 0.883 0.89169 8.0000 41.96 0.8677 0.8698 1.544035 
802.5640 12.229 243.876 -0.17871 -0.36441 0.885 0.89234 8.0000 42.17 0.8684 0.8705 1.544851 
802.1396 12.196 242.018 -0.18999 -0.35758 0.889 0.89294 8.0000 43.39 0.8676 0.8697 1.545669 
801.7150 12.164 240.225 -0.20060 -0.35063 0.895 0.89349 8.0000 43.92 0.8680 0.8701 1.546487 
801.2903 12.140 238.428 -0.21103 -0.34340 0.896 0.89350 8.0000 44.03 0.8680 0.8701 1.547307 
800.8657 12.119 236.705 -0.22082 -0.33623 0.894 0.89352 8.0000 43.71 0.8681 0.8703 1.548127 
800.4408 12.095 234.753 -0.23167 -0.32785 0.897 0.89363 8.0000 43.65 0.8672 0.8694 1.548949 
800.0159 12.086 233.057 -0.24110 -0.32060 0.907 0.89376 8.0000 44.86 0.8671 0.8693 1.549772 
799.5909 12.097 231.272 -0.25112 -0.31314 0.910 0.89341 8.0000 44.86 0.8660 0.8682 1.550595 
799.1658 12.098 229.611 -0.26017 -0.30582 0.913 0.89355 8.0000 45.15 0.8666 0.8688 1.551420 
798.7406 12.109 227.842 -0.26982 -0.29801 0.919 0.89372 8.0000 45.56 0.8671 0.8692 1.552246 
798.3153 12.128 226.096 -0.27918 -0.29006 0.922 0.89344 8.0000 46.03 0.8677 0.8699 1.553073 
797.8899 12.152 224.361 -0.28835 -0.28199 0.927 0.89309 8.0000 46.84 0.8685 0.8706 1.553901 
797.4644 12.170 222.573 -0.29745 -0.27326 0.934 0.89294 8.0000 47.21 0.8685 0.8707 1.554730 
797.0389 12.209 220.862 -0.30644 -0.26509 0.940 0.89248 8.0000 47.17 0.8688 0.8709 1.555560 
796.6132 12.238 219.156 -0.31507 -0.25656 0.932 0.89257 8.0000 47.27 0.8694 0.8716 1.556391 
796.1875 12.262 217.315 -0.32372 -0.24675 0.942 0.89215 8.0000 48.17 0.8692 0.8714 1.557224 
795.7617 12.304 215.615 -0.33193 -0.23777 0.944 0.89146 8.0000 47.74 0.8687 0.8710 1.558057 
795.3357 12.347 213.968 -0.33958 -0.22877 0.947 0.89045 8.0000 48.42 0.8694 0.8717 1.558891 
794.9097 12.392 212.270 -0.34738 -0.21935 0.946 0.88980 8.0000 49.04 0.8700 0.8723 1.559727 
794.4836 12.443 210.481 -0.35523 -0.20909 0.953 0.88859 8.0000 49.19 0.8693 0.8717 1.560563 
794.0574 12.493 208.768 -0.36263 -0.19909 0.961 0.88770 8.0000 49.51 0.8700 0.8723 1.561401 
793.6310 12.563 206.960 -0.37060 -0.18851 0.969 0.88660 8.0000 50.47 0.8699 0.8723 1.562240 
793.2047 12.624 205.251 -0.37768 -0.17813 0.974 0.88547 8.0000 50.75 0.8702 0.8726 1.563079 
792.7782 12.686 203.423 -0.38474 -0.16668 0.971 0.88415 8.0000 50.14 0.8696 0.8720 1.563920 
792.3516 12.755 201.757 -0.39124 -0.15615 0.969 0.88278 8.0000 50.67 0.8693 0.8717 1.564762 
791.9249 12.831 200.007 -0.39803 -0.14492 0.968 0.88168 8.0000 50.32 0.8689 0.8713 1.565605 
791.4982 12.912 198.351 -0.40428 -0.13410 0.974 0.88017 8.0000 50.59 0.8686 0.8710 1.566449 
791.0714 12.986 196.748 -0.40989 -0.12335 0.966 0.87873 8.0000 51.26 0.8690 0.8714 1.567295 
790.6444 13.060 195.074 -0.41540 -0.11188 0.978 0.87736 8.0000 51.06 0.8695 0.8719 1.568141 
790.2173 13.145 193.435 -0.42069 -0.10050 0.975 0.87552 8.0000 51.51 0.8697 0.8722 1.568989 
789.7902 13.236 191.765 -0.42606 -0.08873 0.986 0.87393 8.0000 51.96 0.8695 0.8719 1.569837 
789.3630 13.334 190.159 -0.43116 -0.07726 0.988 0.87212 8.0000 51.74 0.8695 0.8719 1.570687 
788.9357 13.425 188.624 -0.43566 -0.06608 0.990 0.87046 8.0000 52.79 0.8697 0.8722 1.571537 
788.5083 13.526 186.945 -0.44041 -0.05365 0.987 0.86881 8.0000 53.04 0.8692 0.8716 1.572389 
788.0807 13.624 185.344 -0.44466 -0.04159 0.992 0.86720 8.0000 52.60 0.8695 0.8718 1.573242 
787.6532 13.728 183.742 -0.44878 -0.02935 0.994 0.86553 8.0000 52.88 0.8698 0.8721 1.574096 
787.2255 13.839 182.201 -0.45266 -0.01740 0.992 0.86362 8.0000 52.91 0.8693 0.8716 1.574951 
786.7977 13.954 180.629 -0.45644 -0.00501 0.997 0.86182 8.0000 53.60 0.8687 0.8710 1.575808 
786.3699 14.067 179.137 -0.45978 0.00692 1.003 0.85996 8.0000 53.68 0.8689 0.8711 1.576665 
785.9419 14.173 177.620 -0.46261 0.01923 1.000 0.85824 8.0000 53.86 0.8698 0.8720 1.577524 
785.5139 14.284 176.111 -0.46518 0.03162 1.006 0.85632 8.0000 53.47 0.8702 0.8725 1.578383 
785.0857 14.409 174.547 -0.46785 0.04466 1.011 0.85423 8.0000 54.72 0.8695 0.8717 1.579244 
784.6575 14.531 173.072 -0.47002 0.05711 1.010 0.85199 8.0000 54.59 0.8695 0.8717 1.580106 
784.2291 14.644 171.672 -0.47172 0.06905 1.024 0.84995 8.0000 54.94 0.8697 0.8719 1.580969 
783.8007 14.758 170.253 -0.47294 0.08124 1.023 0.84763 8.0000 54.86 0.8696 0.8718 1.581833 
783.3722 14.878 168.797 -0.47413 0.09391 1.015 0.84545 8.0000 55.06 0.8698 0.8719 1.582698 
782.9435 15.007 167.380 -0.47522 0.10640 1.021 0.84299 8.0000 55.37 0.8700 0.8721 1.583565 
782.5148 15.133 165.990 -0.47608 0.11879 1.017 0.84081 8.0000 55.58 0.8708 0.8730 1.584433 
782.0861 15.256 164.648 -0.47652 0.13082 1.014 0.83853 8.0000 54.95 0.8711 0.8732 1.585301 
781.6572 15.380 163.294 -0.47672 0.14307 1.019 0.83625 8.0000 54.84 0.8712 0.8733 1.586171 
781.2282 15.512 161.914 -0.47665 0.15567 1.022 0.83373 8.0000 55.21 0.8713 0.8733 1.587042 
780.7991 15.643 160.550 -0.47631 0.16820 1.033 0.83124 8.0000 55.37 0.8715 0.8736 1.587914 
780.3699 15.770 159.170 -0.47549 0.18091 1.036 0.82887 8.0000 55.41 0.8720 0.8741 1.588788 
779.9407 15.898 157.845 -0.47437 0.19315 1.035 0.82623 8.0000 55.82 0.8723 0.8743 1.589662 
779.5113 16.037 156.482 -0.47323 0.20594 1.034 0.82352 8.0000 55.69 0.8722 0.8742 1.590537 
779.0818 16.182 155.165 -0.47201 0.21845 1.045 0.82072 8.0000 55.70 0.8723 0.8743 1.591414 
778.6523 16.327 153.857 -0.47065 0.23101 1.041 0.81814 8.0000 56.01 0.8727 0.8746 1.592292 
778.2227 16.472 152.537 -0.46882 0.24366 1.039 0.81533 8.0000 56.39 0.8728 0.8748 1.593171 
777.7930 16.613 151.250 -0.46669 0.25603 1.040 0.81264 8.0000 55.87 0.8735 0.8755 1.594051 
777.3632 16.755 149.976 -0.46434 0.26835 1.043 0.80994 8.0000 55.79 0.8739 0.8758 1.594933 
776.9332 16.895 148.711 -0.46151 0.28048 1.042 0.80703 8.0000 56.30 0.8743 0.8762 1.595815 
776.5032 17.040 147.456 -0.45862 0.29267 1.038 0.80419 8.0000 56.65 0.8746 0.8765 1.596699 
776.0731 17.180 146.218 -0.45540 0.30465 1.050 0.80138 8.0000 56.38 0.8746 0.8765 1.597584 
775.6429 17.324 145.003 -0.45208 0.31652 1.053 0.79852 8.0000 55.70 0.8745 0.8764 1.598470 
775.2126 17.479 143.809 -0.44874 0.32833 1.049 0.79532 8.0000 56.45 0.8745 0.8764 1.599357 
774.7822 17.620 142.632 -0.44503 0.33986 1.056 0.79261 8.0000 57.05 0.8751 0.8770 1.600246 
774.3517 17.763 141.440 -0.44105 0.35158 1.058 0.78999 8.0000 56.89 0.8753 0.8772 1.601135 
773.9212 17.907 140.279 -0.43684 0.36295 1.047 0.78707 8.0000 56.33 0.8757 0.8775 1.602026 
773.4905 18.045 139.139 -0.43244 0.37407 1.036 0.78437 8.0000 56.30 0.8760 0.8778 1.602918 
773.0598 18.195 137.949 -0.42768 0.38578 1.039 0.78153 8.0000 57.20 0.8762 0.8780 1.603811 
772.6289 18.342 136.816 -0.42286 0.39687 1.047 0.77847 8.0000 56.65 0.8767 0.8785 1.604706 
772.1980 18.489 135.691 -0.41786 0.40790 1.053 0.77553 8.0000 56.37 0.8772 0.8790 1.605601 
771.7669 18.633 134.565 -0.41248 0.41880 1.051 0.77259 8.0000 56.27 0.8775 0.8793 1.606498 
771.3358 18.772 133.462 -0.40688 0.42934 1.051 0.76962 8.0000 56.50 0.8780 0.8797 1.607396 
770.9046 18.918 132.327 -0.40090 0.44017 1.051 0.76653 8.0000 56.28 0.8784 0.8801 1.608295 
770.4733 19.064 131.246 -0.39516 0.45066 1.051 0.76364 8.0000 56.18 0.8791 0.8808 1.609195 
770.0419 19.205 130.194 -0.38933 0.46080 1.054 0.76082 8.0000 55.61 0.8797 0.8814 1.610097 
769.6104 19.353 129.104 -0.38297 0.47117 1.052 0.75773 8.0000 56.18 0.8800 0.8817 1.610999 
769.1787 19.496 128.029 -0.37635 0.48120 1.050 0.75459 8.0000 56.40 0.8800 0.8817 1.611904 
768.7471 19.633 127.012 -0.36987 0.49062 1.053 0.75158 8.0000 56.29 0.8803 0.8819 1.612809 
768.3152 19.780 125.994 -0.36344 0.50035 1.050 0.74861 8.0000 55.92 0.8809 0.8825 1.613715 
767.8834 19.937 124.912 -0.35640 0.51066 1.056 0.74547 8.0000 56.21 0.8811 0.8827 1.614623 
767.4514 20.081 123.898 -0.34937 0.51995 1.054 0.74225 8.0000 56.41 0.8814 0.8830 1.615531 
767.0193 20.232 122.858 -0.34198 0.52946 1.051 0.73890 8.0000 56.22 0.8813 0.8829 1.616442 
766.5872 20.378 121.837 -0.33447 0.53868 1.057 0.73574 8.0000 55.47 0.8816 0.8832 1.617353 
766.1549 20.529 120.812 -0.32680 0.54795 1.051 0.73244 8.0000 55.88 0.8816 0.8832 1.618265 
765.7225 20.677 119.800 -0.31897 0.55695 1.049 0.72918 8.0000 56.75 0.8817 0.8833 1.619179 
765.2901 20.831 118.842 -0.31155 0.56572 1.043 0.72584 8.0000 56.13 0.8821 0.8836 1.620094 
764.8575 20.978 117.857 -0.30354 0.57433 1.045 0.72258 8.0000 56.49 0.8824 0.8839 1.621010 
764.4249 21.120 116.896 -0.29557 0.58268 1.044 0.71955 8.0000 56.02 0.8830 0.8845 1.621928 
763.9922 21.260 115.973 -0.28778 0.59074 1.036 0.71660 8.0000 56.10 0.8836 0.8851 1.622846 
763.5593 21.410 115.041 -0.27975 0.59879 1.049 0.71324 8.0000 56.53 0.8840 0.8855 1.623766 
763.1264 21.562 114.123 -0.27166 0.60664 1.039 0.70969 8.0000 56.22 0.8842 0.8856 1.624687 
762.6934 21.712 113.142 -0.26279 0.61484 1.039 0.70649 8.0000 56.28 0.8844 0.8859 1.625610 
762.2603 21.856 112.215 -0.25414 0.62231 1.042 0.70310 8.0000 56.25 0.8844 0.8859 1.626533 
761.8271 22.001 111.264 -0.24521 0.63009 1.038 0.70009 8.0000 56.60 0.8849 0.8864 1.627458 
761.3938 22.147 110.373 -0.23663 0.63720 1.036 0.69670 8.0000 56.12 0.8852 0.8867 1.628385 
760.9604 22.300 109.471 -0.22784 0.64443 1.029 0.69314 8.0000 55.49 0.8854 0.8869 1.629312 
760.5269 22.449 108.528 -0.21840 0.65166 1.026 0.68972 8.0000 55.92 0.8857 0.8872 1.630241 
760.0933 22.599 107.614 -0.20911 0.65865 1.021 0.68629 8.0000 56.13 0.8865 0.8880 1.631171 
759.6597 22.746 106.729 -0.20001 0.66541 1.017 0.68298 8.0000 55.89 0.8871 0.8886 1.632102 
759.2259 22.890 105.865 -0.19092 0.67179 1.026 0.67961 8.0000 55.29 0.8876 0.8890 1.633034 
758.7921 23.029 104.948 -0.18100 0.67797 1.012 0.67628 8.0000 55.20 0.8880 0.8895 1.633968 
758.3581 23.189 104.057 -0.17138 0.68447 1.011 0.67246 8.0000 55.30 0.8882 0.8896 1.634903 
757.9240 23.344 103.193 -0.16192 0.69072 1.009 0.66882 8.0000 55.52 0.8883 0.8897 1.635839 
757.4899 23.484 102.304 -0.15184 0.69617 1.009 0.66522 8.0000 55.62 0.8886 0.8901 1.636777 
757.0556 23.647 101.423 -0.14193 0.70243 0.999 0.66144 8.0000 54.94 0.8889 0.8904 1.637716 
756.6213 23.798 100.533 -0.13169 0.70820 0.993 0.65787 8.0000 54.26 0.8894 0.8908 1.638656 
756.1868 23.960 99.646 -0.12135 0.71396 0.987 0.65390 8.0000 53.91 0.8897 0.8911 1.639597 
755.7523 24.099 98.778 -0.11101 0.71894 0.985 0.65049 8.0000 53.39 0.8900 0.8914 1.640540 
755.3177 24.247 97.969 -0.10133 0.72384 0.981 0.64676 8.0000 54.49 0.8904 0.8918 1.641484 
754.8830 24.398 97.119 -0.09097 0.72835 0.984 0.64267 8.0000 53.81 0.8904 0.8918 1.642429 
754.4482 24.572 96.258 -0.08048 0.73394 0.974 0.63857 8.0000 53.67 0.8909 0.8923 1.643376 
754.0132 24.733 95.434 -0.07028 0.73874 0.975 0.63454 8.0000 54.25 0.8913 0.8927 1.644324 
753.5782 24.889 94.593 -0.05969 0.74307 0.960 0.63045 8.0000 53.17 0.8915 0.8929 1.645273 
753.1431 25.049 93.835 -0.05007 0.74701 0.954 0.62604 8.0000 53.37 0.8917 0.8931 1.646223 
752.7079 25.229 93.082 -0.04047 0.75174 0.943 0.62150 8.0000 52.33 0.8922 0.8935 1.647175 
752.2726 25.407 92.232 -0.02945 0.75573 0.940 0.61650 8.0000 53.07 0.8922 0.8935 1.648129 
751.8373 25.612 91.385 -0.01840 0.76086 0.931 0.61140 8.0000 51.93 0.8924 0.8938 1.649083 
751.4018 25.819 90.551 -0.00736 0.76558 0.929 0.60597 8.0000 51.88 0.8930 0.8944 1.650039 
750.9662 26.006 89.749 0.00336 0.76908 0.918 0.60060 8.0000 51.46 0.8935 0.8949 1.650996 
750.5306 26.222 88.936 0.01437 0.77354 0.911 0.59488 8.0000 50.78 0.8942 0.8955 1.651954 
750.0948 26.431 88.156 0.02501 0.77689 0.903 0.58866 8.0000 50.38 0.8937 0.8951 1.652914 
749.6589 26.641 87.316 0.03656 0.78002 0.899 0.58243 8.0000 49.97 0.8938 0.8952 1.653875 
749.2230 26.853 86.512 0.04769 0.78236 0.889 0.57566 8.0000 49.57 0.8936 0.8950 1.654837 
748.7869 27.100 85.716 0.05888 0.78601 0.878 0.56848 8.0000 49.29 0.8937 0.8950 1.655801 
748.3508 27.363 84.902 0.07044 0.78968 0.868 0.56081 8.0000 48.52 0.8939 0.8952 1.656766 
747.9146 27.629 84.117 0.08173 0.79313 0.860 0.55295 8.0000 47.88 0.8942 0.8956 1.657732 
747.4782 27.907 83.311 0.09333 0.79581 0.845 0.54427 8.0000 46.58 0.8942 0.8955 1.658700 
747.0417 28.201 82.525 0.10480 0.79875 0.843 0.53521 8.0000 46.30 0.8940 0.8953 1.659669 
746.6052 28.533 81.700 0.11708 0.80258 0.828 0.52539 8.0000 45.97 0.8941 0.8954 1.660639 
746.1686 28.860 80.859 0.12950 0.80482 0.813 0.51492 8.0000 45.45 0.8938 0.8951 1.661611 
745.7319 29.190 80.001 0.14213 0.80619 0.808 0.50402 8.0000 44.38 0.8932 0.8945 1.662584 
745.2950 29.571 79.179 0.15471 0.80943 0.796 0.49237 8.0000 43.63 0.8934 0.8947 1.663559 
744.8582 29.929 78.316 0.16752 0.81009 0.784 0.48034 8.0000 43.28 0.8925 0.8937 1.664534 
744.4211 30.348 77.418 0.18157 0.81348 0.770 0.46783 8.0000 42.14 0.8928 0.8941 1.665512 
743.9841 30.763 76.512 0.19582 0.81641 0.754 0.45534 8.0000 41.51 0.8932 0.8944 1.666490 
743.5468 31.205 75.588 0.21039 0.81869 0.746 0.44172 8.0000 40.48 0.8932 0.8944 1.667470 
743.1096 31.624 74.620 0.22508 0.81825 0.732 0.42780 8.0000 40.01 0.8926 0.8938 1.668451 
742.6722 32.076 73.640 0.24034 0.81872 0.721 0.41338 8.0000 38.83 0.8926 0.8937 1.669434 
742.2347 32.523 72.581 0.25651 0.81760 0.707 0.39873 8.0000 38.32 0.8919 0.8930 1.670418 
741.7971 33.044 71.592 0.27331 0.82122 0.695 0.38375 8.0000 37.63 0.8933 0.8944 1.671403 
741.3594 33.509 70.496 0.29035 0.81976 0.676 0.36882 8.0000 36.29 0.8930 0.8941 1.672390 
740.9216 34.043 69.495 0.30824 0.82422 0.669 0.35400 8.0000 36.19 0.8956 0.8966 1.673378 
740.4838 34.575 68.378 0.32801 0.82754 0.648 0.33903 8.0000 35.33 0.8980 0.8991 1.674367 
740.0458 35.059 67.169 0.34784 0.82621 0.632 0.32419 8.0000 34.59 0.8992 0.9002 1.675358 
739.6077 35.530 65.926 0.36838 0.82453 0.622 0.30990 8.0000 33.70 0.9006 0.9017 1.676351 
739.1696 35.994 64.609 0.38993 0.82154 0.604 0.29570 8.0000 32.66 0.9019 0.9029 1.677344 
738.7313 36.437 63.218 0.41178 0.81583 0.593 0.28160 8.0000 31.84 0.9027 0.9037 1.678339 
738.2930 36.913 61.942 0.43438 0.81497 0.576 0.26785 8.0000 31.16 0.9056 0.9066 1.679336 
737.8545 37.348 60.526 0.45764 0.80973 0.560 0.25452 8.0000 30.09 0.9075 0.9085 1.680334 
737.4160 37.751 59.024 0.48149 0.80210 0.549 0.24190 8.0000 29.05 0.9091 0.9101 1.681333 
736.9773 38.154 57.308 0.50871 0.79265 0.533 0.22946 8.0000 27.95 0.9111 0.9121 1.682334 
736.5386 38.539 55.738 0.53457 0.78475 0.520 0.21784 8.0000 27.22 0.9139 0.9148 1.683336 
736.0997 38.869 53.939 0.56026 0.76941 0.505 0.20686 8.0000 27.01 0.9143 0.9152 1.684340 
735.6608 39.177 52.232 0.58450 0.75440 0.494 0.19671 8.0000 25.58 0.9149 0.9158 1.685344 
735.2218 39.482 50.639 0.60887 0.74228 0.478 0.18726 8.0000 24.60 0.9171 0.9181 1.686351 
734.7827 39.751 48.913 0.63295 0.72590 0.463 0.17847 8.0000 23.75 0.9181 0.9190 1.687359 
734.3434 39.981 47.022 0.65674 0.70481 0.455 0.17053 8.0000 23.04 0.9177 0.9186 1.688368 
733.9041 40.216 45.399 0.67997 0.68951 0.445 0.16325 8.0000 22.35 0.9197 0.9206 1.689379 
733.4647 40.381 43.335 0.70232 0.66265 0.428 0.15705 8.0000 21.71 0.9181 0.9190 1.690391 
733.0252 40.509 41.053 0.72423 0.63075 0.416 0.15180 8.0000 20.76 0.9157 0.9166 1.691404 
732.5856 40.619 38.801 0.74516 0.59915 0.408 0.14739 8.0000 19.90 0.9136 0.9146 1.692419 
732.1459 40.700 36.428 0.76488 0.56449 0.399 0.14376 8.0000 19.29 0.9111 0.9120 1.693436 
731.7061 40.748 33.770 0.78402 0.52426 0.392 0.14103 8.0000 19.17 0.9075 0.9085 1.694453 
731.2662 40.759 30.978 0.80219 0.48159 0.385 0.13952 8.0000 18.75 0.9043 0.9053 1.695473 
730.8262 40.749 28.236 0.81842 0.43950 0.379 0.13886 8.0000 18.52 0.9013 0.9023 1.696494 
730.3861 40.713 25.377 0.83332 0.39529 0.371 0.13905 8.0000 18.27 0.8985 0.8994 1.697516 
729.9459 40.646 22.252 0.84651 0.34635 0.368 0.14010 8.0000 18.00 0.8951 0.8961 1.698539 
729.5057 40.554 19.276 0.85814 0.30011 0.366 0.14222 8.0000 17.60 0.8929 0.8939 1.699564 
729.0653 40.431 15.909 0.86853 0.24755 0.363 0.14528 8.0000 17.39 0.8904 0.8914 1.700591 
728.6248 40.282 12.533 0.87704 0.19497 0.359 0.14931 8.0000 17.26 0.8884 0.8894 1.701619 
728.1843 40.121 9.300 0.88622 0.14513 0.360 0.15442 8.0000 17.67 0.8882 0.8893 1.702648 
727.7436 39.937 6.006 0.89278 0.09393 0.357 0.16032 8.0000 17.74 0.8883 0.8893 1.703680 
727.3028 39.729 2.693 0.89794 0.04224 0.362 0.16729 8.0000 18.12 0.8891 0.8901 1.704712 
726.8619 39.502 359.325 0.90108 -0.01062 0.363 0.17509 8.0000 18.57 0.8902 0.8912 1.705746 
726.4210 39.258 356.047 0.90255 -0.06237 0.370 0.18381 8.0000 19.13 0.8920 0.8931 1.706781 
725.9799 38.976 352.961 0.89987 -0.11111 0.374 0.19351 8.0000 19.61 0.8934 0.8944 1.707818 
725.5388 38.687 349.914 0.89509 -0.15922 0.383 0.20363 8.0000 20.23 0.8948 0.8958 1.708857 
725.0975 38.367 347.165 0.88818 -0.20236 0.390 0.21478 8.0000 21.00 0.8963 0.8974 1.709897 
724.6561 38.015 344.589 0.87944 -0.24241 0.395 0.22692 8.0000 21.47 0.8977 0.8988 1.710938 
724.2147 37.635 342.323 0.86903 -0.27695 0.405 0.23981 8.0000 22.50 0.8986 0.8996 1.711981 
723.7732 37.228 340.138 0.85711 -0.30963 0.412 0.25348 8.0000 23.33 0.8992 0.9002 1.713025 
723.3315 36.800 338.004 0.84363 -0.34078 0.422 0.26780 8.0000 23.95 0.8997 0.9007 1.714072 
722.8898 36.352 335.897 0.82914 -0.37094 0.438 0.28283 8.0000 25.52 0.9003 0.9014 1.715119 
722.4479 35.874 333.862 0.81229 -0.39861 0.447 0.29841 8.0000 26.46 0.9002 0.9013 1.716168 
722.0060 35.373 331.822 0.79391 -0.42530 0.463 0.31458 8.0000 27.56 0.9000 0.9011 1.717218 
721.5640 34.836 329.895 0.77363 -0.44855 0.472 0.33128 8.0000 28.43 0.8993 0.9004 1.718270 
721.1218 34.268 328.133 0.75295 -0.46808 0.492 0.34861 8.0000 29.79 0.8982 0.8993 1.719324 
720.6796 33.672 326.520 0.73214 -0.48423 0.503 0.36639 8.0000 31.22 0.8968 0.8979 1.720379 
720.2373 33.045 324.985 0.71015 -0.49753 0.518 0.38442 8.0000 32.41 0.8950 0.8961 1.721435 
719.7949 32.375 323.573 0.68727 -0.50720 0.531 0.40286 8.0000 33.39 0.8924 0.8935 1.722493 
719.3524 31.692 321.932 0.66196 -0.51843 0.548 0.42133 8.0000 34.61 0.8902 0.8913 1.723553 
718.9097 31.005 320.462 0.63838 -0.52695 0.567 0.43997 8.0000 35.85 0.8882 0.8893 1.724614 
718.4670 30.358 318.748 0.61513 -0.53950 0.581 0.45884 8.0000 37.31 0.8879 0.8890 1.725677 
718.0242 29.696 317.136 0.59193 -0.54935 0.601 0.47774 8.0000 38.88 0.8873 0.8884 1.726741 
717.5813 29.067 315.622 0.57061 -0.55836 0.614 0.49629 8.0000 40.02 0.8875 0.8886 1.727807 
717.1383 28.419 314.173 0.54892 -0.56499 0.628 0.51473 8.0000 40.53 0.8874 0.8885 1.728874 
716.6952 27.752 312.828 0.52747 -0.56907 0.644 0.53320 8.0000 42.27 0.8871 0.8882 1.729943 
716.2520 27.090 311.515 0.50626 -0.57192 0.663 0.55126 8.0000 43.67 0.8868 0.8879 1.731013 
715.8087 26.425 310.233 0.48507 -0.57334 0.678 0.56901 8.0000 44.99 0.8864 0.8875 1.732086 
715.3653 25.780 308.878 0.46366 -0.57507 0.696 0.58635 8.0000 46.35 0.8865 0.8876 1.733159 
714.9218 25.151 307.515 0.44273 -0.57667 0.711 0.60355 8.0000 47.20 0.8868 0.8880 1.734234 
714.4782 24.510 306.215 0.42176 -0.57594 0.725 0.62010 8.0000 48.43 0.8866 0.8878 1.735311 
714.0345 24.003 304.572 0.40075 -0.58152 0.743 0.63574 8.0000 49.47 0.8883 0.8894 1.736389 
713.5907 23.486 303.016 0.37990 -0.58464 0.756 0.65080 8.0000 50.87 0.8897 0.8909 1.737469 
713.1469 22.997 301.430 0.35909 -0.58759 0.767 0.66516 8.0000 50.94 0.8909 0.8920 1.738550 
712.7028 22.468 299.947 0.33818 -0.58701 0.784 0.67896 8.0000 52.52 0.8913 0.8924 1.739634 
712.2588 21.981 298.417 0.31764 -0.58705 0.798 0.69212 8.0000 54.21 0.8921 0.8933 1.740718 
711.8146 21.503 296.892 0.29729 -0.58618 0.813 0.70466 8.0000 54.61 0.8927 0.8939 1.741805 
711.3703 21.007 295.331 0.27613 -0.58335 0.832 0.71646 8.0000 56.20 0.8927 0.8938 1.742892 
710.9259 20.576 293.557 0.25410 -0.58280 0.843 0.72749 8.0000 56.48 0.8932 0.8943 1.743982 
710.4814 20.124 291.837 0.23230 -0.57971 0.852 0.73778 8.0000 57.56 0.8932 0.8943 1.745073 
710.0369 19.705 290.065 0.21077 -0.57703 0.865 0.74760 8.0000 58.46 0.8933 0.8944 1.746165 
709.5922 19.364 288.209 0.18975 -0.57685 0.878 0.75722 8.0000 58.97 0.8941 0.8953 1.747260 
709.1474 19.028 286.408 0.16941 -0.57531 0.890 0.76610 8.0000 60.34 0.8947 0.8959 1.748356 
708.7026 18.694 284.570 0.14900 -0.57323 0.907 0.77499 8.0000 61.56 0.8951 0.8962 1.749453 
708.2576 18.342 282.786 0.12909 -0.56881 0.919 0.78297 8.0000 62.33 0.8950 0.8961 1.750552 
707.8125 18.054 280.971 0.10980 -0.56642 0.930 0.79097 8.0000 62.14 0.8954 0.8965 1.751653 
707.3674 17.750 279.132 0.09030 -0.56175 0.941 0.79767 8.0000 63.16 0.8952 0.8964 1.752755 
706.9221 17.430 277.273 0.07095 -0.55589 0.955 0.80450 8.0000 64.42 0.8950 0.8961 1.753859 
706.4767 17.146 275.358 0.05165 -0.55074 0.964 0.81111 8.0000 65.23 0.8949 0.8961 1.754965 
706.0313 16.866 273.411 0.03249 -0.54507 0.978 0.81776 8.0000 65.73 0.8947 0.8959 1.756072 
705.5857 16.664 271.476 0.01396 -0.54173 0.984 0.82410 8.0000 66.61 0.8954 0.8965 1.757181 
705.1401 16.394 269.457 -0.00507 -0.53497 0.988 0.83056 8.0000 66.24 0.8951 0.8963 1.758292 
704.6943 16.131 267.462 -0.02339 -0.52766 1.004 0.83673 8.0000 67.25 0.8949 0.8960 1.759404 
704.2484 15.906 265.422 -0.04173 -0.52123 1.016 0.84298 8.0000 68.00 0.8948 0.8960 1.760518 
703.8025 15.689 263.360 -0.05987 -0.51431 1.030 0.84899 8.0000 68.83 0.8946 0.8959 1.761633 
703.3564 15.493 261.277 -0.07787 -0.50751 1.035 0.85496 8.0000 69.32 0.8947 0.8959 1.762751 
702.9103 15.291 259.135 -0.09586 -0.49943 1.042 0.86051 8.0000 71.26 0.8945 0.8958 1.763869 
702.4641 15.080 256.942 -0.11368 -0.49016 1.054 0.86592 8.0000 72.62 0.8943 0.8956 1.764990 
702.0177 14.854 254.696 -0.13124 -0.47960 1.061 0.87148 8.0000 73.00 0.8938 0.8952 1.766112 
701.5712 14.661 252.356 -0.14926 -0.46927 1.065 0.87675 8.0000 73.98 0.8936 0.8950 1.767236 
701.1247 14.422 249.957 -0.16651 -0.45641 1.078 0.88213 8.0000 74.73 0.8930 0.8945 1.768361 
700.6780 14.197 247.480 -0.18365 -0.44292 1.086 0.88702 8.0000 74.64 0.8923 0.8938 1.769489 
700.2313 13.982 244.931 -0.20066 -0.42897 1.100 0.89203 8.0000 75.86 0.8917 0.8933 1.770618 
699.7844 13.781 242.357 -0.21717 -0.41466 1.107 0.89681 8.0000 75.40 0.8911 0.8929 1.771748 
699.3375 13.575 239.639 -0.23362 -0.39883 1.109 0.90131 8.0000 76.32 0.8905 0.8923 1.772881 
698.8904 13.383 236.863 -0.24964 -0.38240 1.115 0.90536 8.0000 77.25 0.8898 0.8917 1.774015 
698.4433 13.202 234.011 -0.26532 -0.36533 1.119 0.90937 8.0000 77.45 0.8892 0.8912 1.775150 
697.9961 13.045 231.124 -0.28064 -0.34810 1.130 0.91311 8.0000 77.63 0.8888 0.8909 1.776288 
697.5488 12.900 228.155 -0.29555 -0.33004 1.141 0.91646 8.0000 78.24 0.8883 0.8905 1.777427 
697.1013 12.767 225.110 -0.31010 -0.31129 1.149 0.91981 8.0000 78.35 0.8878 0.8901 1.778568 
696.6537 12.653 222.020 -0.32405 -0.29198 1.158 0.92250 8.0000 78.59 0.8872 0.8896 1.779711 
696.2061 12.566 218.939 -0.33751 -0.27272 1.165 0.92494 8.0000 78.51 0.8867 0.8892 1.780855 
695.7584 12.497 215.807 -0.35050 -0.25285 1.168 0.92709 8.0000 78.75 0.8863 0.8889 1.782001 
695.3105 12.456 212.725 -0.36293 -0.23322 1.175 0.92887 8.0000 79.49 0.8859 0.8886 1.783149 
694.8626 12.432 209.658 -0.37461 -0.21331 1.176 0.93025 8.0000 79.46 0.8858 0.8886 1.784298 
694.4146 12.433 206.633 -0.38588 -0.19351 1.184 0.93139 8.0000 79.67 0.8856 0.8885 1.785449 
693.9664 12.457 203.691 -0.39649 -0.17398 1.194 0.93217 8.0000 79.25 0.8856 0.8885 1.786602 
693.5182 12.499 200.772 -0.40654 -0.15420 1.197 0.93256 8.0000 79.38 0.8855 0.8884 1.787757 
693.0699 12.560 197.970 -0.41590 -0.13489 1.206 0.93257 8.0000 79.54 0.8854 0.8884 1.788913 
692.6215 12.611 195.249 -0.42371 -0.11551 1.209 0.93235 8.0000 79.72 0.8852 0.8882 1.790071 
692.1729 12.677 192.607 -0.43091 -0.09638 1.218 0.93188 8.0000 79.84 0.8849 0.8880 1.791231 
691.7243 12.750 190.056 -0.43723 -0.07753 1.217 0.93100 8.0000 80.19 0.8848 0.8879 1.792393 
691.2756 12.863 187.557 -0.44403 -0.05891 1.217 0.92966 8.0000 80.05 0.8849 0.8879 1.793557 
690.8267 12.985 185.116 -0.45023 -0.04031 1.239 0.92806 8.0000 79.94 0.8850 0.8880 1.794722 
690.3778 13.113 182.748 -0.45572 -0.02188 1.238 0.92618 8.0000 79.87 0.8851 0.8881 1.795889 
689.9288 13.247 180.453 -0.46054 -0.00364 1.251 0.92396 8.0000 79.74 0.8853 0.8882 1.797058 
689.4797 13.390 178.186 -0.46489 0.01472 1.253 0.92156 8.0000 79.92 0.8854 0.8883 1.798228 
689.0304 13.540 175.851 -0.46865 0.03399 1.254 0.91899 8.0000 79.57 0.8855 0.8884 1.799401 
688.5811 13.693 173.543 -0.47163 0.05338 1.258 0.91622 8.0000 80.25 0.8858 0.8886 1.800575 
688.1317 13.852 171.292 -0.47406 0.07261 1.262 0.91333 8.0000 80.05 0.8860 0.8887 1.801751 
687.6821 14.018 169.079 -0.47594 0.09183 1.276 0.91021 8.0000 80.28 0.8862 0.8889 1.802929 
687.2325 14.191 166.909 -0.47714 0.11096 1.286 0.90666 8.0000 80.14 0.8865 0.8892 1.804108 
686.7828 14.370 164.776 -0.47775 0.13002 1.301 0.90287 8.0000 80.20 0.8867 0.8893 1.805290 
686.3329 14.553 162.704 -0.47770 0.14875 1.298 0.89871 8.0000 79.94 0.8870 0.8895 1.806473 
685.8830 14.737 160.668 -0.47683 0.16728 1.303 0.89410 8.0000 79.78 0.8873 0.8897 1.807658 
685.4330 14.922 158.694 -0.47544 0.18543 1.309 0.88950 8.0000 79.92 0.8875 0.8898 1.808845 
684.9828 15.103 156.758 -0.47330 0.20327 1.314 0.88483 8.0000 79.91 0.8879 0.8901 1.810034 
684.5327 15.293 154.825 -0.47069 0.22124 1.315 0.87993 8.0000 79.93 0.8880 0.8901 1.811224 
684.0823 15.485 152.942 -0.46761 0.23885 1.330 0.87492 8.0000 79.71 0.8882 0.8902 1.812416 
683.6319 15.676 151.110 -0.46388 0.25597 1.341 0.86965 8.0000 79.67 0.8884 0.8904 1.813610 
683.1813 15.872 149.271 -0.45963 0.27322 1.345 0.86426 8.0000 79.43 0.8887 0.8905 1.814807 
682.7307 16.066 147.499 -0.45484 0.28978 1.353 0.85869 8.0000 79.41 0.8891 0.8908 1.816004 
682.2800 16.256 145.786 -0.44958 0.30570 1.357 0.85298 8.0000 79.56 0.8893 0.8910 1.817204 
681.8292 16.446 144.085 -0.44370 0.32137 1.346 0.84715 8.0000 79.04 0.8896 0.8912 1.818405 
681.3782 16.630 142.442 -0.43733 0.33628 1.352 0.84116 8.0000 79.15 0.8899 0.8913 1.819609 
680.9272 16.807 140.804 -0.43023 0.35084 1.370 0.83509 8.0000 78.90 0.8901 0.8915 1.820814 
680.4761 16.974 139.193 -0.42244 0.36472 1.372 0.82903 8.0000 78.96 0.8901 0.8914 1.822021 
680.0248 17.149 137.551 -0.41428 0.37894 1.378 0.82313 8.0000 78.57 0.8903 0.8915 1.823230 
679.5735 17.324 135.966 -0.40597 0.39250 1.381 0.81708 8.0000 78.35 0.8906 0.8917 1.824441 
679.1221 17.496 134.421 -0.39735 0.40547 1.383 0.81105 8.0000 78.34 0.8907 0.8919 1.825654 
678.6705 17.661 132.902 -0.38841 0.41795 1.392 0.80519 8.0000 78.63 0.8909 0.8920 1.826869 
678.2189 17.843 131.354 -0.37938 0.43102 1.395 0.79949 8.0000 78.72 0.8912 0.8923 1.828085 
677.7672 18.027 129.831 -0.37008 0.44370 1.390 0.79369 8.0000 78.10 0.8916 0.8926 1.829303 
677.3154 18.202 128.331 -0.36033 0.45576 1.394 0.78794 8.0000 77.78 0.8919 0.8929 1.830524 
676.8634 18.382 126.795 -0.35023 0.46825 1.403 0.78264 8.0000 78.12 0.8925 0.8934 1.831746 
676.4114 18.578 125.316 -0.34056 0.48070 1.403 0.77737 8.0000 77.89 0.8931 0.8940 1.832970 
675.9592 18.783 123.756 -0.33002 0.49379 1.402 0.77219 8.0000 77.81 0.8939 0.8948 1.834196 
675.5070 18.980 122.259 -0.31942 0.50608 1.396 0.76709 8.0000 77.65 0.8947 0.8956 1.835424 
675.0547 19.189 120.753 -0.30862 0.51868 1.395 0.76209 8.0000 77.12 0.8957 0.8965 1.836654 
674.6022 19.398 119.273 -0.29768 0.53104 1.396 0.75730 8.0000 77.01 0.8966 0.8975 1.837886 
674.1497 19.616 117.820 -0.28679 0.54347 1.392 0.75262 8.0000 77.06 0.8977 0.8986 1.839120 
673.6971 19.828 116.385 -0.27558 0.55552 1.393 0.74811 8.0000 76.12 0.8988 0.8997 1.840355 
673.2443 20.046 114.953 -0.26421 0.56781 1.396 0.74393 8.0000 76.24 0.9001 0.9010 1.841593 
672.7915 20.258 113.555 -0.25262 0.57947 1.393 0.73972 8.0000 76.30 0.9013 0.9021 1.842832 
672.3386 20.479 112.172 -0.24089 0.59113 1.393 0.73541 8.0000 75.80 0.9027 0.9035 1.844074 
671.8855 20.682 110.848 -0.22912 0.60163 1.382 0.73114 8.0000 75.04 0.9038 0.9046 1.845317 
671.4324 20.906 109.510 -0.21711 0.61278 1.388 0.72682 8.0000 74.77 0.9051 0.9060 1.846563 
670.9791 21.111 108.232 -0.20511 0.62266 1.375 0.72246 8.0000 74.75 0.9061 0.9070 1.847810 
670.5258 21.302 106.988 -0.19293 0.63153 1.384 0.71800 8.0000 74.02 0.9070 0.9078 1.849059 
670.0723 21.491 105.740 -0.18043 0.64018 1.383 0.71372 8.0000 74.02 0.9078 0.9086 1.850311 
669.6188 21.673 104.482 -0.16739 0.64810 1.376 0.70917 8.0000 72.18 0.9083 0.9091 1.851564 
669.1651 21.848 103.222 -0.15395 0.65523 1.376 0.70445 8.0000 72.68 0.9085 0.9093 1.852819 
668.7114 22.019 101.983 -0.14044 0.66170 1.365 0.69957 8.0000 71.37 0.9083 0.9091 1.854076 
668.2575 22.208 100.727 -0.12664 0.66849 1.359 0.69438 8.0000 70.61 0.9082 0.9091 1.855336 
667.8035 22.414 99.443 -0.11231 0.67523 1.345 0.68861 8.0000 69.53 0.9082 0.9091 1.856597 
667.3495 22.647 98.146 -0.09770 0.68251 1.343 0.68245 8.0000 68.91 0.9084 0.9092 1.857860 
666.8953 22.892 96.838 -0.08271 0.68975 1.342 0.67595 8.0000 67.93 0.9085 0.9093 1.859125 
666.4411 23.152 95.533 -0.06750 0.69683 1.328 0.66895 8.0000 66.28 0.9085 0.9094 1.860392 
665.9868 23.401 94.221 -0.05186 0.70260 1.313 0.66155 8.0000 66.31 0.9082 0.9090 1.861661 
665.5323 23.681 92.886 -0.03573 0.70880 1.306 0.65348 8.0000 66.02 0.9080 0.9088 1.862933 
665.0777 23.960 91.541 -0.01921 0.71398 1.293 0.64492 8.0000 64.40 0.9074 0.9082 1.864206 
664.6230 24.242 90.195 -0.00244 0.71831 1.280 0.63587 8.0000 64.42 0.9066 0.9074 1.865482 
664.1683 24.566 88.818 0.01493 0.72360 1.268 0.62621 8.0000 63.49 0.9062 0.9070 1.866759 
663.7134 24.907 87.452 0.03243 0.72880 1.259 0.61619 8.0000 62.71 0.9058 0.9066 1.868038 
663.2584 25.273 86.096 0.05011 0.73436 1.240 0.60579 8.0000 61.78 0.9057 0.9065 1.869319 
662.8034 25.636 84.737 0.06806 0.73885 1.225 0.59502 8.0000 59.62 0.9054 0.9062 1.870603 
662.3482 26.007 83.388 0.08613 0.74303 1.212 0.58410 8.0000 59.77 0.9051 0.9059 1.871888 
661.8929 26.392 82.056 0.10423 0.74696 1.198 0.57281 8.0000 59.10 0.9049 0.9057 1.873176 
661.4376 26.758 80.713 0.12254 0.74935 1.177 0.56154 8.0000 57.38 0.9044 0.9052 1.874465 
660.9821 27.149 79.362 0.14133 0.75245 1.158 0.55020 8.0000 56.58 0.9043 0.9052 1.875757 
660.5265 27.549 77.980 0.16086 0.75546 1.142 0.53886 8.0000 54.37 0.9045 0.9053 1.877051 
660.0708 27.924 76.564 0.18069 0.75639 1.122 0.52756 8.0000 54.38 0.9042 0.9050 1.878347 
659.6151 28.318 75.134 0.20118 0.75794 1.099 0.51636 8.0000 53.07 0.9045 0.9053 1.879644 
659.1592 28.707 73.707 0.22189 0.75914 1.076 0.50555 8.0000 51.56 0.9051 0.9059 1.880945 
658.7032 29.106 72.262 0.24340 0.76095 1.048 0.49513 8.0000 50.02 0.9065 0.9073 1.882247 
658.2471 29.484 70.745 0.26588 0.76113 1.033 0.48505 8.0000 49.41 0.9077 0.9085 1.883551 
657.7909 29.864 69.214 0.28904 0.76148 1.008 0.47541 8.0000 48.04 0.9096 0.9103 1.884857 
657.3346 30.224 67.630 0.31293 0.76036 0.990 0.46616 8.0000 46.41 0.9111 0.9118 1.886166 
656.8782 30.567 65.999 0.33762 0.75827 0.962 0.45755 8.0000 44.97 0.9129 0.9136 1.887476 
656.4218 30.902 64.310 0.36344 0.75550 0.939 0.44945 8.0000 43.61 0.9150 0.9157 1.888788 
655.9651 31.211 62.525 0.39046 0.75088 0.916 0.44203 8.0000 42.10 0.9173 0.9180 1.890103 
655.5084 31.464 60.589 0.41830 0.74205 0.888 0.43538 8.0000 40.29 0.9188 0.9195 1.891420 
655.0516 31.717 58.611 0.44723 0.73300 0.869 0.42935 8.0000 39.13 0.9210 0.9217 1.892739 
654.5947 31.954 56.528 0.47754 0.72225 0.843 0.42404 8.0000 38.18 0.9234 0.9241 1.894060 
654.1377 32.170 54.299 0.50957 0.70913 0.815 0.41950 8.0000 36.81 0.9260 0.9267 1.895384 
653.6806 32.349 51.895 0.54265 0.69195 0.793 0.41569 8.0000 35.70 0.9282 0.9289 1.896709 
653.2234 32.511 49.393 0.57648 0.67243 0.770 0.41262 8.0000 34.71 0.9307 0.9313 1.898037 
652.7661 32.635 46.758 0.61045 0.64911 0.745 0.41040 8.0000 33.00 0.9329 0.9336 1.899366 
652.3087 32.732 44.001 0.64449 0.62241 0.723 0.40901 8.0000 31.94 0.9350 0.9357 1.900698 
651.8511 32.803 41.078 0.67854 0.59147 0.707 0.40823 8.0000 30.82 0.9370 0.9376 1.902032 
651.3936 32.842 37.991 0.71195 0.55605 0.693 0.40819 8.0000 29.93 0.9387 0.9394 1.903368 
650.9358 32.853 34.762 0.74404 0.51639 0.674 0.40883 8.0000 29.47 0.9400 0.9407 1.904707 
650.4780 32.838 31.427 0.77460 0.47332 0.658 0.41033 8.0000 28.41 0.9415 0.9422 1.906047 
650.0201 32.789 27.968 0.80214 0.42593 0.646 0.41239 8.0000 27.65 0.9425 0.9432 1.907390 
649.5620 32.709 24.376 0.82704 0.37475 0.632 0.41537 8.0000 27.45 0.9432 0.9439 1.908735 
649.1039 32.595 20.663 0.84828 0.31991 0.627 0.41911 8.0000 26.84 0.9436 0.9443 1.910082 
648.6457 32.449 16.905 0.86534 0.26299 0.623 0.42369 8.0000 26.51 0.9437 0.9444 1.911432 
648.1873 32.271 13.112 0.87762 0.20442 0.623 0.42900 8.0000 26.61 0.9433 0.9440 1.912783 
647.7289 32.054 9.344 0.88441 0.14552 0.626 0.43507 8.0000 26.90 0.9426 0.9433 1.914137 
647.2703 31.815 5.597 0.88690 0.08691 0.626 0.44180 8.0000 26.84 0.9418 0.9425 1.915493 
646.8117 31.542 1.869 0.88454 0.02886 0.632 0.44930 8.0000 26.95 0.9408 0.9414 1.916851 
646.3530 31.232 358.227 0.87701 -0.02714 0.636 0.45744 8.0000 26.92 0.9394 0.9401 1.918212 
645.8941 30.904 354.669 0.86607 -0.08081 0.655 0.46623 8.0000 28.22 0.9382 0.9388 1.919575 
645.4351 30.522 351.238 0.84956 -0.13094 0.669 0.47564 8.0000 28.51 0.9360 0.9366 1.920940 
644.9761 30.103 347.911 0.82934 -0.17763 0.688 0.48560 8.0000 29.30 0.9335 0.9341 1.922307 
644.5169 29.634 344.731 0.80554 -0.21991 0.703 0.49641 8.0000 30.31 0.9309 0.9316 1.923676 
644.0577 29.145 341.634 0.77980 -0.25888 0.724 0.50765 8.0000 31.22 0.9282 0.9289 1.925048 
643.5983 28.613 338.653 0.75169 -0.29378 0.750 0.51959 8.0000 32.02 0.9253 0.9260 1.926422 
643.1389 28.055 335.782 0.72229 -0.32489 0.780 0.53201 8.0000 33.61 0.9224 0.9230 1.927798 
642.6793 27.475 333.041 0.69248 -0.35221 0.810 0.54501 8.0000 34.86 0.9197 0.9204 1.929177 
642.2196 26.868 330.374 0.66167 -0.37628 0.836 0.55839 8.0000 35.64 0.9174 0.9180 1.930558 
641.7598 26.232 327.842 0.63052 -0.39641 0.873 0.57225 8.0000 36.63 0.9148 0.9155 1.931941 
641.2999 25.554 325.336 0.59819 -0.41365 0.906 0.58668 8.0000 38.02 0.9123 0.9130 1.933326 
640.8400 24.846 322.863 0.56516 -0.42800 0.939 0.60139 8.0000 39.31 0.9098 0.9105 1.934714 
640.3799 24.151 320.443 0.53343 -0.44062 0.979 0.61640 8.0000 40.83 0.9078 0.9085 1.936104 
639.9197 23.437 318.064 0.50180 -0.45080 1.024 0.63181 8.0000 42.81 0.9063 0.9070 1.937496 
639.4594 22.744 315.690 0.47126 -0.46004 1.055 0.64746 8.0000 44.20 0.9054 0.9061 1.938891 
638.9990 22.056 313.250 0.44068 -0.46845 1.089 0.66339 8.0000 45.97 0.9051 0.9058 1.940288 
638.5385 21.375 310.894 0.41117 -0.47478 1.137 0.67943 8.0000 47.27 0.9050 0.9057 1.941687 
638.0779 20.702 308.554 0.38225 -0.47963 1.165 0.69559 8.0000 48.89 0.9055 0.9062 1.943089 
637.6172 20.027 306.195 0.35337 -0.48290 1.198 0.71174 8.0000 49.57 0.9060 0.9067 1.944493 
637.1564 19.336 303.835 0.32443 -0.48399 1.234 0.72799 8.0000 50.91 0.9066 0.9074 1.945899 
636.6954 18.668 301.436 0.29596 -0.48419 1.282 0.74395 8.0000 52.68 0.9073 0.9081 1.947308 
636.2344 18.025 298.994 0.26797 -0.48355 1.324 0.75954 8.0000 53.51 0.9083 0.9090 1.948719 
635.7733 17.404 296.518 0.24058 -0.48215 1.353 0.77508 8.0000 54.69 0.9095 0.9103 1.950132 
635.3121 16.802 293.980 0.21343 -0.47981 1.392 0.79027 8.0000 54.97 0.9110 0.9118 1.951548 
634.8508 16.227 291.403 0.18685 -0.47671 1.423 0.80516 8.0000 56.60 0.9128 0.9136 1.952966 
634.3893 15.685 288.655 0.15979 -0.47332 1.473 0.81940 8.0000 58.19 0.9144 0.9151 1.954387 
633.9278 15.155 285.896 0.13337 -0.46834 1.511 0.83302 8.0000 60.24 0.9155 0.9163 1.955809 
633.4662 14.674 283.048 0.10739 -0.46340 1.551 0.84602 8.0000 61.31 0.9174 0.9182 1.957235 
633.0044 14.190 280.143 0.08165 -0.45639 1.593 0.85816 8.0000 62.95 0.9189 0.9197 1.958662 
632.5425 13.742 277.144 0.05625 -0.44883 1.620 0.86952 8.0000 64.40 0.9201 0.9208 1.960093 
632.0806 13.302 274.053 0.03116 -0.43977 1.652 0.88028 8.0000 65.86 0.9218 0.9225 1.961525 
631.6186 12.906 270.847 0.00636 -0.43052 1.681 0.89017 8.0000 66.06 0.9230 0.9237 1.962960 
631.1564 12.520 267.559 -0.01789 -0.41964 1.734 0.89906 8.0000 68.34 0.9248 0.9255 1.964397 
630.6942 12.140 264.208 -0.04128 -0.40703 1.750 0.90691 8.0000 69.40 0.9269 0.9276 1.965837 
630.2318 11.789 260.709 -0.06440 -0.39363 1.810 0.91389 8.0000 70.14 0.9287 0.9294 1.967279 
629.7693 11.478 257.076 -0.08719 -0.37997 1.837 0.92037 8.0000 70.53 0.9305 0.9313 1.968724 
629.3068 11.201 253.354 -0.10931 -0.36562 1.862 0.92582 8.0000 72.74 0.9313 0.9321 1.970171 
628.8441 10.963 249.555 -0.13084 -0.35097 1.893 0.93054 8.0000 72.30 0.9321 0.9329 1.971620 
628.3813 10.740 245.548 -0.15221 -0.33473 1.917 0.93448 8.0000 73.97 0.9323 0.9331 1.973073 
627.9184 10.536 241.368 -0.17311 -0.31708 1.959 0.93754 8.0000 74.26 0.9330 0.9338 1.974527 
627.4554 10.385 237.139 -0.19352 -0.29958 1.979 0.94032 8.0000 75.04 0.9324 0.9332 1.975984 
626.9923 10.261 232.849 -0.21307 -0.28121 2.027 0.94253 8.0000 75.69 0.9318 0.9326 1.977444 
626.5291 10.155 228.531 -0.23133 -0.26175 2.036 0.94381 8.0000 76.27 0.9311 0.9319 1.978905 
626.0658 10.066 224.112 -0.24868 -0.24108 2.058 0.94484 8.0000 76.54 0.9324 0.9332 1.980370 
625.6024 10.027 219.647 -0.26563 -0.22012 2.102 0.94511 8.0000 77.23 0.9331 0.9339 1.981837 
625.1389 10.038 215.124 -0.28251 -0.19873 2.147 0.94506 8.0000 77.44 0.9339 0.9346 1.983306 
624.6753 10.098 210.646 -0.29894 -0.17712 2.170 0.94462 8.0000 77.81 0.9329 0.9337 1.984778 
624.2115 10.164 206.334 -0.31331 -0.15508 2.194 0.94361 8.0000 77.32 0.9346 0.9353 1.986253 
623.7477 10.212 202.163 -0.32497 -0.13237 2.184 0.94229 8.0000 77.49 0.9366 0.9373 1.987730 
623.2838 10.319 198.114 -0.33706 -0.11026 2.211 0.94158 8.0000 77.30 0.9376 0.9383 1.989209 
622.8198 10.401 194.159 -0.34638 -0.08738 2.263 0.94028 8.0000 78.15 0.9399 0.9405 1.990691 
622.3557 10.508 190.363 -0.35497 -0.06491 2.298 0.93923 8.0000 78.03 0.9429 0.9436 1.992176 
621.8914 10.610 186.761 -0.36150 -0.04285 2.338 0.93756 8.0000 78.18 0.9452 0.9459 1.993663 
621.4271 10.772 182.948 -0.36904 -0.01900 2.355 0.93602 8.0000 78.00 0.9467 0.9475 1.995153 
620.9626 10.951 179.372 -0.37544 0.00412 2.305 0.93394 8.0000 77.73 0.9479 0.9487 1.996645 
620.4980 11.185 176.016 -0.38245 0.02664 2.385 0.93154 8.0000 77.80 0.9483 0.9490 1.998140 
620.0334 11.380 172.694 -0.38639 0.04954 2.378 0.92852 8.0000 77.90 0.9499 0.9507 1.999637 
619.5687 11.572 169.846 -0.38918 0.06970 2.469 0.92496 8.0000 77.60 0.9507 0.9514 2.001137 
619.1038 11.771 166.517 -0.39033 0.09359 2.423 0.92127 8.0000 77.68 0.9527 0.9535 2.002640 
618.6388 11.962 163.592 -0.39054 0.11500 2.470 0.91764 8.0000 77.32 0.9550 0.9558 2.004145 
618.1737 12.205 160.394 -0.39069 0.13917 2.490 0.91385 8.0000 77.55 0.9570 0.9577 2.005653 
617.7086 12.475 157.074 -0.38974 0.16484 2.534 0.90958 8.0000 76.75 0.9597 0.9604 2.007163 
617.2433 12.741 153.828 -0.38723 0.19031 2.493 0.90536 8.0000 76.45 0.9615 0.9623 2.008676 
616.7779 13.000 151.343 -0.38560 0.21073 2.513 0.90096 8.0000 77.21 0.9636 0.9643 2.010192 
616.3124 13.195 148.925 -0.38104 0.22963 2.586 0.89661 8.0000 76.54 0.9644 0.9652 2.011710 
615.8468 13.461 146.403 -0.37743 0.25073 2.533 0.89229 8.0000 75.44 0.9663 0.9670 2.013231 
615.3810 13.708 143.799 -0.37147 0.27188 2.543 0.88746 8.0000 74.75 0.9681 0.9689 2.014755 
614.9153 13.945 141.307 -0.36461 0.29204 2.578 0.88266 8.0000 74.79 0.9698 0.9706 2.016281 
614.4493 14.182 138.806 -0.35657 0.31210 2.507 0.87773 8.0000 74.95 0.9714 0.9722 2.017810 
613.9833 14.433 136.336 -0.34795 0.33210 2.626 0.87258 8.0000 73.88 0.9728 0.9736 2.019341 
613.5172 14.690 133.954 -0.33898 0.35159 2.548 0.86749 8.0000 72.88 0.9745 0.9753 2.020875 
613.0510 14.959 131.664 -0.32985 0.37068 2.540 0.86229 8.0000 74.15 0.9758 0.9766 2.022412 
612.5847 15.205 129.256 -0.31822 0.38940 2.609 0.85679 8.0000 73.74 0.9770 0.9778 2.023952 
612.1182 15.485 127.116 -0.30825 0.40734 2.554 0.85113 8.0000 73.09 0.9783 0.9791 2.025494 
611.6517 15.750 124.891 -0.29639 0.42501 2.704 0.84552 8.0000 72.65 0.9792 0.9801 2.027039 
611.1850 16.016 122.640 -0.28341 0.44247 2.857 0.83986 8.0000 71.88 0.9798 0.9807 2.028587 
610.7183 16.288 120.435 -0.26994 0.45947 2.634 0.83406 8.0000 73.49 0.9804 0.9813 2.030137 
610.2514 16.555 118.275 -0.25579 0.47555 2.659 0.82802 8.0000 72.79 0.9808 0.9818 2.031690 
609.7844 16.835 116.143 -0.24123 0.49148 2.552 0.82183 8.0000 73.75 0.9813 0.9823 2.033246 
609.3173 17.095 113.884 -0.22429 0.50653 2.535 0.81543 8.0000 72.27 0.9814 0.9823 2.034805 
608.8502 17.385 111.808 -0.20860 0.52133 2.538 0.80884 8.0000 71.69 0.9814 0.9823 2.036366 
608.3829 17.671 109.813 -0.19277 0.53505 2.571 0.80195 8.0000 71.82 0.9810 0.9820 2.037930 
607.9155 17.963 107.819 -0.17623 0.54827 2.367 0.79482 8.0000 72.92 0.9806 0.9816 2.039497 
607.4480 18.254 105.947 -0.16010 0.56031 2.331 0.78731 8.0000 72.06 0.9799 0.9809 2.041067 
606.9804 18.548 104.167 -0.14428 0.57157 2.353 0.77960 8.0000 69.91 0.9789 0.9799 2.042639 
606.5127 18.837 102.356 -0.12749 0.58198 2.518 0.77158 8.0000 69.25 0.9777 0.9787 2.044214 
606.0449 19.168 100.706 -0.11212 0.59302 2.462 0.76322 8.0000 69.55 0.9764 0.9774 2.045792 
605.5770 19.439 99.090 -0.09611 0.60066 2.433 0.75445 8.0000 68.96 0.9743 0.9753 2.047373 
605.1089 19.707 97.544 -0.08040 0.60710 2.441 0.74518 8.0000 69.22 0.9717 0.9727 2.048957 
604.6408 19.975 96.032 -0.06474 0.61274 2.455 0.73560 8.0000 68.82 0.9690 0.9700 2.050543 
604.1726 20.130 94.568 -0.04896 0.61271 2.426 0.72579 8.0000 67.32 0.9644 0.9654 2.052132 
603.7042 20.394 93.105 -0.03345 0.61666 2.051 0.71575 8.0000 67.05 0.9610 0.9620 2.053724 
603.2358 20.574 91.704 -0.01833 0.61618 2.320 0.70544 8.0000 66.45 0.9562 0.9572 2.055319 
602.7673 20.907 90.291 -0.00316 0.62161 2.024 0.69492 8.0000 64.66 0.9532 0.9542 2.056916 
602.2986 21.479 88.815 0.01317 0.63710 2.141 0.68437 8.0000 65.44 0.9535 0.9545 2.058517 
601.8298 22.049 87.461 0.02892 0.65220 1.997 0.67372 8.0000 64.11 0.9543 0.9553 2.060121 
601.3610 22.536 86.123 0.04495 0.66326 2.009 0.66312 8.0000 63.13 0.9536 0.9546 2.061726 
600.8920 22.864 84.834 0.06029 0.66680 2.036 0.65270 8.0000 61.99 0.9507 0.9517 2.063336 
600.4229 23.123 83.493 0.07602 0.66652 2.100 0.64229 8.0000 60.46 0.9462 0.9472 2.064948 
599.9537 23.403 82.113 0.09239 0.66696 2.208 0.63215 8.0000 60.32 0.9424 0.9433 2.066563 
599.4844 23.671 80.595 0.11034 0.66616 2.162 0.62219 8.0000 58.91 0.9382 0.9392 2.068181 
599.0150 23.966 78.741 0.13252 0.66570 2.023 0.61260 8.0000 56.70 0.9348 0.9357 2.069801 
598.5455 24.527 77.292 0.15294 0.67820 1.936 0.60322 8.0000 55.38 0.9359 0.9368 2.071425 
598.0759 24.906 75.687 0.17393 0.68174 2.062 0.59433 8.0000 55.49 0.9346 0.9356 2.073051 
597.6062 25.231 73.949 0.19628 0.68219 1.927 0.58594 8.0000 53.54 0.9329 0.9338 2.074680 
597.1364 25.568 72.155 0.21980 0.68274 1.847 0.57799 8.0000 51.62 0.9315 0.9324 2.076313 
596.6664 26.026 70.390 0.24552 0.68912 1.758 0.57046 8.0000 50.63 0.9326 0.9335 2.077948 
596.1964 26.394 68.498 0.27196 0.69034 1.672 0.56344 8.0000 48.76 0.9324 0.9333 2.079586 
595.7263 26.706 66.472 0.29965 0.68823 1.737 0.55721 8.0000 47.81 0.9321 0.9330 2.081227 
595.2560 27.030 64.160 0.33175 0.68504 1.666 0.55177 8.0000 45.89 0.9333 0.9342 2.082872 
594.7857 27.269 61.527 0.36594 0.67474 1.613 0.54674 8.0000 44.42 0.9327 0.9335 2.084519 
594.3152 27.548 58.959 0.40102 0.66634 1.560 0.54261 8.0000 42.65 0.9339 0.9347 2.086169 
593.8447 27.832 56.483 0.43592 0.65817 1.505 0.53925 8.0000 41.40 0.9364 0.9373 2.087822 
593.3740 28.036 53.894 0.46978 0.64409 1.438 0.53626 8.0000 39.82 0.9370 0.9378 2.089478 
592.9032 28.273 51.416 0.50429 0.63208 1.399 0.53429 8.0000 38.70 0.9399 0.9407 2.091137 
592.4323 28.509 48.921 0.53950 0.61890 1.333 0.53281 8.0000 36.49 0.9423 0.9431 2.092799 
591.9613 28.718 46.389 0.57440 0.60296 1.284 0.53184 8.0000 35.02 0.9441 0.9449 2.094464 
591.4902 28.827 43.548 0.60822 0.57814 1.228 0.53144 8.0000 33.77 0.9440 0.9448 2.096133 
591.0190 28.920 40.705 0.64100 0.55144 1.170 0.53167 8.0000 32.46 0.9440 0.9448 2.097804 
590.5477 28.937 37.620 0.67237 0.51817 1.132 0.53304 8.0000 31.18 0.9437 0.9444 2.099478 
590.0763 28.886 34.310 0.70094 0.47833 1.090 0.53498 8.0000 30.15 0.9421 0.9429 2.101155 
589.6048 28.764 30.711 0.72682 0.43175 1.059 0.53800 8.0000 28.93 0.9403 0.9410 2.102836 
589.1331 28.607 26.927 0.74954 0.38072 1.009 0.54150 8.0000 28.20 0.9373 0.9381 2.104519 
588.6614 28.387 22.977 0.76764 0.32548 0.987 0.54617 8.0000 27.65 0.9356 0.9363 2.106206 
588.1896 28.121 18.862 0.78086 0.26677 0.967 0.55152 8.0000 27.24 0.9337 0.9344 2.107895 
587.7176 27.819 14.629 0.78955 0.20609 0.948 0.55794 8.0000 25.59 0.9321 0.9328 2.109588 
587.2455 27.539 10.184 0.79533 0.14288 0.918 0.56419 8.0000 25.32 0.9294 0.9300 2.111284 
586.7734 27.228 5.675 0.79609 0.07911 0.920 0.57156 8.0000 25.80 0.9274 0.9281 2.112983 
586.3011 26.900 1.347 0.79174 0.01861 0.914 0.57962 8.0000 25.90 0.9261 0.9267 2.114685 
585.8287 26.576 357.051 0.78514 -0.04045 0.931 0.58918 8.0000 26.10 0.9281 0.9288 2.116390 
585.3563 26.289 352.928 0.77625 -0.09630 0.920 0.59851 8.0000 25.90 0.9284 0.9291 2.118098 
584.8837 25.959 348.945 0.76191 -0.14886 0.926 0.60831 8.0000 25.83 0.9276 0.9283 2.119809 
584.4109 25.534 345.098 0.73980 -0.19688 0.944 0.61842 8.0000 26.19 0.9270 0.9277 2.121524 
583.9382 25.078 341.398 0.71401 -0.24032 0.965 0.62866 8.0000 26.83 0.9246 0.9253 2.123242 
583.4652 24.597 337.766 0.68456 -0.27984 0.981 0.63851 8.0000 27.87 0.9209 0.9217 2.124963 
582.9922 24.050 334.268 0.65167 -0.31407 1.001 0.64907 8.0000 28.29 0.9171 0.9178 2.126687 
582.5191 23.442 330.903 0.61590 -0.34276 1.020 0.65996 8.0000 29.13 0.9140 0.9147 2.128414 
582.0458 22.781 327.550 0.57783 -0.36741 1.055 0.67146 8.0000 29.31 0.9113 0.9120 2.130145 
581.5725 22.058 324.306 0.53829 -0.38671 1.083 0.68358 8.0000 30.63 0.9098 0.9105 2.131878 
581.0991 21.300 321.042 0.49753 -0.40229 1.111 0.69580 8.0000 31.29 0.9067 0.9073 2.133615 
580.6255 20.489 317.823 0.45624 -0.41336 1.142 0.70876 8.0000 32.38 0.9045 0.9052 2.135356 
580.1519 19.686 314.487 0.41493 -0.42242 1.169 0.72159 8.0000 33.50 0.9018 0.9025 2.137099 
579.6780 18.908 311.221 0.37552 -0.42864 1.196 0.73422 8.0000 35.05 0.8994 0.9001 2.138846 
579.2042 18.124 307.950 0.33686 -0.43193 1.241 0.74709 8.0000 37.27 0.8980 0.8987 2.140595 
578.7302 17.355 304.627 0.29921 -0.43331 1.272 0.76020 8.0000 38.43 0.8965 0.8972 2.142349 
578.2561 16.599 301.221 0.26226 -0.43269 1.296 0.77326 8.0000 39.45 0.8961 0.8968 2.144105 
577.7819 15.861 297.766 0.22639 -0.43001 1.323 0.78618 8.0000 40.95 0.8959 0.8966 2.145865 
577.3076 15.141 294.249 0.19158 -0.42531 1.349 0.79885 8.0000 42.51 0.8966 0.8973 2.147628 
576.8332 14.425 290.567 0.15696 -0.41834 1.370 0.81108 8.0000 43.10 0.8971 0.8978 2.149394 
576.3586 13.730 286.793 0.12364 -0.40969 1.393 0.82346 8.0000 44.36 0.8976 0.8983 2.151164 
575.8840 13.072 282.843 0.09115 -0.39981 1.416 0.83540 8.0000 46.64 0.8984 0.8992 2.152937 
575.4093 12.461 278.730 0.05973 -0.38898 1.450 0.84694 8.0000 47.86 0.8995 0.9003 2.154713 
574.9344 11.868 274.437 0.02919 -0.37620 1.462 0.85813 8.0000 47.88 0.9008 0.9016 2.156493 
574.4595 11.309 269.948 -0.00033 -0.36196 1.494 0.86878 8.0000 49.53 0.9019 0.9027 2.158276 
573.9844 10.794 265.244 -0.02883 -0.34656 1.500 0.87887 8.0000 49.58 0.9034 0.9042 2.160062 
573.5092 10.336 260.275 -0.05663 -0.33044 1.522 0.88857 8.0000 51.52 0.9050 0.9058 2.161852 
573.0339 9.902 255.092 -0.08316 -0.31235 1.547 0.89756 8.0000 51.29 0.9065 0.9073 2.163645 
572.5586 9.514 249.734 -0.10822 -0.29308 1.549 0.90589 8.0000 52.21 0.9080 0.9088 2.165441 
572.0831 9.192 244.137 -0.13240 -0.27313 1.553 0.91332 8.0000 52.59 0.9096 0.9105 2.167241 
571.6075 8.920 238.343 -0.15537 -0.25199 1.568 0.91988 8.0000 53.20 0.9112 0.9121 2.169044 
571.1318 8.709 232.494 -0.17682 -0.23038 1.592 0.92566 8.0000 52.86 0.9127 0.9136 2.170851 
570.6559 8.554 226.524 -0.19707 -0.20784 1.590 0.93061 8.0000 53.78 0.9140 0.9149 2.172661 
570.1801 8.450 220.495 -0.21596 -0.18442 1.588 0.93469 8.0000 54.08 0.9151 0.9160 2.174474 
569.7040 8.391 214.369 -0.23344 -0.15966 1.600 0.93783 8.0000 53.49 0.9163 0.9172 2.176291 
569.2278 8.387 208.288 -0.24952 -0.13428 1.618 0.94007 8.0000 54.52 0.9174 0.9182 2.178112 
568.7516 8.442 202.312 -0.26436 -0.10849 1.614 0.94145 8.0000 53.51 0.9182 0.9191 2.179936 
568.2753 8.541 196.458 -0.27763 -0.08202 1.612 0.94210 8.0000 53.44 0.9190 0.9199 2.181763 
567.7988 8.686 190.798 -0.28944 -0.05520 1.616 0.94182 8.0000 54.03 0.9197 0.9206 2.183594 
567.3222 8.870 185.390 -0.29963 -0.02827 1.626 0.94077 8.0000 54.17 0.9205 0.9213 2.185428 
566.8455 9.088 180.170 -0.30831 -0.00092 1.627 0.93908 8.0000 53.39 0.9209 0.9218 2.187266 
566.3687 9.340 175.176 -0.31565 0.02664 1.629 0.93699 8.0000 53.73 0.9213 0.9221 2.189107 
565.8918 9.615 170.470 -0.32139 0.05396 1.610 0.93431 8.0000 52.83 0.9217 0.9225 2.190952 
565.4149 9.916 165.908 -0.32574 0.08177 1.617 0.93125 8.0000 52.48 0.9220 0.9228 2.192800 
564.9377 10.239 161.517 -0.32857 0.10983 1.617 0.92769 8.0000 52.51 0.9223 0.9232 2.194653 
564.4605 10.576 157.380 -0.32997 0.13749 1.616 0.92385 8.0000 51.85 0.9226 0.9234 2.196508 
563.9832 10.918 153.534 -0.32988 0.16423 1.615 0.91968 8.0000 51.25 0.9229 0.9237 2.198367 
563.5057 11.272 149.814 -0.32844 0.19105 1.588 0.91529 8.0000 50.91 0.9231 0.9239 2.200230 
563.0282 11.624 146.197 -0.32502 0.21761 1.596 0.91047 8.0000 51.62 0.9233 0.9241 2.202096 
562.5505 11.981 142.818 -0.32061 0.24319 1.585 0.90546 8.0000 51.63 0.9234 0.9242 2.203966 
562.0728 12.340 139.547 -0.31479 0.26841 1.601 0.90026 8.0000 52.87 0.9236 0.9243 2.205839 
561.5948 12.702 136.468 -0.30805 0.29266 1.572 0.89470 8.0000 52.45 0.9236 0.9244 2.207716 
561.1169 13.068 133.516 -0.30034 0.31631 1.567 0.88892 8.0000 52.39 0.9236 0.9244 2.209597 
560.6388 13.432 130.692 -0.29159 0.33910 1.552 0.88294 8.0000 52.62 0.9236 0.9244 2.211481 
560.1606 13.798 127.969 -0.28191 0.36123 1.553 0.87663 8.0000 52.60 0.9237 0.9244 2.213369 
559.6823 14.167 125.319 -0.27121 0.38278 1.544 0.87002 8.0000 53.36 0.9237 0.9244 2.215260 
559.2039 14.526 122.765 -0.25947 0.40316 1.532 0.86307 8.0000 53.25 0.9234 0.9241 2.217155 
558.7253 14.883 120.297 -0.24695 0.42265 1.516 0.85590 8.0000 53.84 0.9231 0.9238 2.219055 
558.2467 15.236 117.832 -0.23309 0.44149 1.502 0.84851 8.0000 52.55 0.9226 0.9233 2.220957 
557.7679 15.592 115.411 -0.21838 0.45968 1.485 0.84083 8.0000 52.78 0.9222 0.9229 2.222864 
557.2891 15.943 113.012 -0.20255 0.47690 1.471 0.83290 8.0000 52.96 0.9217 0.9223 2.224773 
556.8102 16.297 110.659 -0.18603 0.49338 1.463 0.82468 8.0000 52.50 0.9211 0.9218 2.226687 
556.3311 16.651 108.356 -0.16888 0.50899 1.427 0.81633 8.0000 50.95 0.9207 0.9213 2.228604 
555.8519 16.993 106.091 -0.15097 0.52334 1.432 0.80792 8.0000 51.95 0.9199 0.9206 2.230525 
555.3726 17.336 103.866 -0.13252 0.53686 1.402 0.79943 8.0000 51.33 0.9194 0.9200 2.232451 
554.8932 17.677 101.688 -0.11369 0.54957 1.386 0.79103 8.0000 51.76 0.9189 0.9195 2.234379 
554.4137 18.016 99.510 -0.09406 0.56145 1.364 0.78261 8.0000 51.20 0.9184 0.9190 2.236312 
553.9341 18.343 97.391 -0.07421 0.57211 1.349 0.77438 8.0000 51.43 0.9178 0.9184 2.238248 
553.4543 18.670 95.284 -0.05384 0.58218 1.325 0.76637 8.0000 49.33 0.9174 0.9180 2.240188 
552.9745 18.982 93.194 -0.03299 0.59102 1.295 0.75862 8.0000 48.89 0.9171 0.9177 2.242132 
552.4946 19.288 91.122 -0.01173 0.59895 1.271 0.75110 8.0000 48.47 0.9170 0.9176 2.244080 
552.0145 19.588 89.041 0.01015 0.60616 1.253 0.74396 8.0000 47.74 0.9171 0.9176 2.246031 
551.5344 19.875 86.974 0.03237 0.61227 1.227 0.73720 8.0000 47.30 0.9170 0.9176 2.247986 
551.0541 20.161 84.909 0.05504 0.61779 1.199 0.73081 8.0000 46.78 0.9174 0.9179 2.249946 
550.5737 20.432 82.834 0.07823 0.62226 1.164 0.72495 8.0000 45.49 0.9179 0.9184 2.251909 
550.0933 20.698 80.745 0.10201 0.62603 1.141 0.71958 8.0000 45.67 0.9187 0.9192 2.253876 
549.6127 20.971 78.633 0.12659 0.62967 1.116 0.71474 8.0000 44.53 0.9200 0.9205 2.255847 
549.1320 21.225 76.520 0.15149 0.63197 1.082 0.71045 8.0000 42.68 0.9214 0.9219 2.257821 
548.6511 21.476 74.377 0.17721 0.63370 1.053 0.70684 8.0000 41.36 0.9232 0.9237 2.259800 
548.1702 21.707 72.221 0.20332 0.63405 1.017 0.70375 8.0000 40.76 0.9250 0.9255 2.261783 
547.6891 21.898 70.017 0.22975 0.63180 0.981 0.70116 8.0000 39.13 0.9266 0.9271 2.263770 
547.2080 22.074 67.693 0.25760 0.62789 0.956 0.69917 8.0000 38.19 0.9284 0.9289 2.265760 
546.7267 22.230 65.328 0.28584 0.62227 0.922 0.69781 8.0000 37.75 0.9303 0.9308 2.267755 
546.2454 22.366 62.821 0.31544 0.61432 0.889 0.69705 8.0000 35.74 0.9324 0.9328 2.269752 
545.7639 22.482 60.206 0.34582 0.60400 0.854 0.69685 8.0000 34.14 0.9344 0.9349 2.271755 
545.2823 22.577 57.448 0.37720 0.59091 0.824 0.69727 8.0000 33.52 0.9365 0.9370 2.273762 
544.8007 22.637 54.591 0.40844 0.57454 0.795 0.69823 8.0000 31.68 0.9385 0.9390 2.275771 
544.3188 22.676 51.572 0.44032 0.55499 0.764 0.69981 8.0000 30.46 0.9406 0.9411 2.277786 
543.8369 22.691 48.387 0.47241 0.53185 0.730 0.70192 8.0000 29.27 0.9427 0.9432 2.279805 
543.3549 22.682 45.055 0.50415 0.50511 0.693 0.70463 8.0000 27.76 0.9448 0.9453 2.281827 
542.8728 22.645 41.582 0.53483 0.47455 0.672 0.70782 8.0000 26.83 0.9467 0.9472 2.283853 
542.3905 22.605 37.966 0.56506 0.44094 0.642 0.71150 8.0000 25.82 0.9487 0.9492 2.285884 
541.9082 22.519 34.276 0.59212 0.40355 0.618 0.71561 8.0000 24.51 0.9502 0.9507 2.287919 
541.4257 22.427 30.471 0.61758 0.36337 0.599 0.72024 8.0000 23.61 0.9520 0.9525 2.289958 
540.9431 22.304 26.578 0.63994 0.32015 0.577 0.72540 8.0000 22.32 0.9538 0.9543 2.292001 
540.4604 22.153 22.658 0.65834 0.27482 0.559 0.73091 8.0000 21.82 0.9551 0.9556 2.294048 
539.9777 21.932 18.743 0.67058 0.22754 0.553 0.73679 8.0000 21.44 0.9555 0.9560 2.296098 
539.4948 21.657 14.849 0.67717 0.17953 0.538 0.74305 8.0000 20.45 0.9555 0.9560 2.298154 
539.0118 21.335 10.914 0.67856 0.13084 0.526 0.74968 8.0000 19.81 0.9551 0.9556 2.300213 
538.5286 20.941 6.999 0.67343 0.08268 0.520 0.75664 8.0000 19.07 0.9537 0.9543 2.302277 
538.0454 20.479 2.944 0.66211 0.03405 0.518 0.76381 8.0000 18.81 0.9517 0.9522 2.304344 
537.5621 19.935 358.898 0.64410 -0.01239 0.514 0.77128 8.0000 18.59 0.9487 0.9493 2.306416 
537.0786 19.312 354.826 0.61983 -0.05612 0.515 0.77895 8.0000 18.39 0.9451 0.9456 2.308492 
536.5950 18.655 350.693 0.59170 -0.09697 0.520 0.78678 8.0000 18.12 0.9416 0.9422 2.310573 
536.1114 17.958 346.550 0.55989 -0.13391 0.534 0.79482 8.0000 18.70 0.9379 0.9385 2.312657 
535.6276 17.203 342.349 0.52404 -0.16675 0.539 0.80298 8.0000 18.65 0.9341 0.9347 2.314746 
535.1437 16.416 338.072 0.48562 -0.19549 0.553 0.81132 8.0000 19.56 0.9306 0.9312 2.316839 
534.6597 15.609 333.745 0.44547 -0.21973 0.563 0.81961 8.0000 20.31 0.9273 0.9279 2.318936 
534.1756 14.793 329.401 0.40465 -0.23930 0.577 0.82802 8.0000 20.62 0.9243 0.9250 2.321038 
533.6913 13.951 324.970 0.36265 -0.25422 0.590 0.83639 8.0000 21.03 0.9217 0.9224 2.323144 
533.2070 13.108 320.438 0.32068 -0.26493 0.610 0.84474 8.0000 21.83 0.9195 0.9202 2.325254 
532.7226 12.251 315.766 0.27852 -0.27118 0.626 0.85295 8.0000 22.40 0.9176 0.9183 2.327369 
532.2380 11.409 310.987 0.23760 -0.27346 0.643 0.86108 8.0000 22.94 0.9161 0.9168 2.329488 
531.7534 10.574 306.013 0.19770 -0.27198 0.659 0.86917 8.0000 23.67 0.9150 0.9157 2.331611 
531.2686 9.763 300.747 0.15901 -0.26730 0.678 0.87702 8.0000 24.49 0.9143 0.9150 2.333738 
530.7837 8.967 295.158 0.12173 -0.25917 0.700 0.88470 8.0000 24.66 0.9140 0.9147 2.335870 
530.2987 8.200 289.274 0.08668 -0.24786 0.716 0.89212 8.0000 24.64 0.9139 0.9146 2.338007 
529.8136 7.473 282.661 0.05262 -0.23424 0.734 0.89932 8.0000 25.57 0.9143 0.9150 2.340147 
529.3284 6.802 275.249 0.02006 -0.21837 0.746 0.90619 8.0000 25.48 0.9149 0.9156 2.342292 
528.8430 6.203 267.022 -0.01043 -0.20050 0.769 0.91275 8.0000 26.06 0.9158 0.9165 2.344442 
528.3576 5.690 257.797 -0.03909 -0.18074 0.785 0.91881 8.0000 26.37 0.9170 0.9177 2.346596 
527.8720 5.282 247.566 -0.06581 -0.15939 0.797 0.92456 8.0000 26.22 0.9184 0.9192 2.348755 
527.3864 5.001 236.486 -0.09056 -0.13675 0.814 0.92992 8.0000 26.35 0.9199 0.9207 2.350917 
526.9006 4.865 224.879 -0.11357 -0.11309 0.823 0.93475 8.0000 26.22 0.9217 0.9224 2.353085 
526.4147 4.852 213.220 -0.13433 -0.08797 0.832 0.93895 8.0000 25.75 0.9235 0.9243 2.355257 
525.9287 4.969 202.170 -0.15294 -0.06232 0.847 0.94256 8.0000 25.96 0.9255 0.9263 2.357433 
525.4426 5.183 191.971 -0.16920 -0.03587 0.868 0.94546 8.0000 26.52 0.9274 0.9282 2.359614 
524.9564 5.509 182.688 -0.18431 -0.00865 0.874 0.94764 8.0000 25.70 0.9294 0.9302 2.361800 
524.4700 5.895 174.446 -0.19716 0.01917 0.884 0.94906 8.0000 25.31 0.9313 0.9321 2.363990 
523.9836 6.327 167.124 -0.20792 0.04753 0.888 0.94991 8.0000 25.11 0.9332 0.9340 2.366185 
523.4971 6.795 160.654 -0.21667 0.07607 0.894 0.94997 8.0000 25.58 0.9351 0.9359 2.368384 
523.0104 7.283 154.798 -0.22320 0.10504 0.905 0.94928 8.0000 25.51 0.9367 0.9375 2.370588 
522.5236 7.783 149.649 -0.22784 0.13341 0.908 0.94785 8.0000 25.21 0.9382 0.9390 2.372796 
522.0367 8.280 144.964 -0.23019 0.16139 0.915 0.94538 8.0000 25.46 0.9395 0.9403 2.375009 
521.5497 8.774 140.573 -0.23014 0.18922 0.916 0.94224 8.0000 25.50 0.9407 0.9415 2.377227 
521.0626 9.266 136.512 -0.22820 0.21647 0.920 0.93836 8.0000 25.44 0.9416 0.9424 2.379449 
520.5754 9.747 132.646 -0.22395 0.24315 0.931 0.93378 8.0000 25.93 0.9422 0.9430 2.381676 
520.0881 10.235 129.097 -0.21861 0.26903 0.933 0.92861 8.0000 25.96 0.9429 0.9437 2.383908 
519.6006 10.718 125.622 -0.21100 0.29447 0.927 0.92272 8.0000 25.78 0.9433 0.9441 2.386144 
519.1131 11.200 122.389 -0.20237 0.31902 0.931 0.91660 8.0000 25.89 0.9436 0.9444 2.388385 
518.6254 11.672 119.278 -0.19206 0.34256 0.933 0.90998 8.0000 25.33 0.9436 0.9444 2.390631 
518.1377 12.148 116.283 -0.18051 0.36550 0.934 0.90303 8.0000 25.30 0.9435 0.9443 2.392881 
517.6498 12.614 113.401 -0.16765 0.38741 0.923 0.89597 8.0000 24.64 0.9436 0.9444 2.395137 
517.1618 13.077 110.609 -0.15363 0.40854 0.917 0.88882 8.0000 24.50 0.9436 0.9444 2.397397 
516.6737 13.519 107.895 -0.13827 0.42822 0.909 0.88168 8.0000 24.08 0.9436 0.9444 2.399661 
516.1855 13.949 105.264 -0.12191 0.44674 0.912 0.87468 8.0000 23.80 0.9436 0.9444 2.401931 
515.6971 14.364 102.662 -0.10426 0.46406 0.899 0.86774 8.0000 23.77 0.9438 0.9446 2.404206 
515.2087 14.761 100.144 -0.08588 0.47997 0.890 0.86107 8.0000 23.52 0.9438 0.9446 2.406485 
514.7202 15.140 97.572 -0.06576 0.49466 0.875 0.85464 8.0000 23.04 0.9442 0.9450 2.408769 
514.2314 15.502 95.129 -0.04558 0.50790 0.864 0.84854 8.0000 22.48 0.9443 0.9451 2.411058 
513.7427 15.856 92.660 -0.02417 0.52029 0.860 0.84293 8.0000 22.42 0.9448 0.9456 2.413352 
513.2538 16.176 90.211 -0.00195 0.53057 0.845 0.83761 8.0000 21.55 0.9453 0.9461 2.415651 
512.7648 16.484 87.744 0.02126 0.53970 0.831 0.83270 8.0000 21.08 0.9458 0.9466 2.417955 
512.2757 16.781 85.333 0.04471 0.54772 0.817 0.82832 8.0000 20.59 0.9465 0.9473 2.420263 
511.7864 17.045 82.912 0.06886 0.55381 0.798 0.82455 8.0000 20.13 0.9473 0.9481 2.422577 
511.2971 17.296 80.511 0.09338 0.55869 0.781 0.82135 8.0000 19.78 0.9484 0.9491 2.424895 
510.8076 17.531 78.027 0.11919 0.56202 0.756 0.81860 8.0000 18.87 0.9494 0.9502 2.427219 
510.3181 17.729 75.563 0.14496 0.56306 0.747 0.81640 8.0000 18.08 0.9502 0.9510 2.429547 
509.8284 17.925 73.028 0.17181 0.56294 0.730 0.81459 8.0000 17.37 0.9511 0.9519 2.431881 
509.3386 18.080 70.514 0.19825 0.56030 0.702 0.81326 8.0000 16.86 0.9519 0.9527 2.434219 
508.8488 18.206 67.801 0.22643 0.55487 0.677 0.81252 8.0000 16.00 0.9530 0.9537 2.436563 
508.3587 18.308 65.047 0.25461 0.54719 0.662 0.81219 8.0000 15.67 0.9538 0.9546 2.438912 
507.8686 18.397 62.049 0.28477 0.53667 0.648 0.81229 8.0000 15.06 0.9548 0.9556 2.441265 
507.3784 18.466 58.914 0.31560 0.52346 0.632 0.81315 8.0000 14.41 0.9558 0.9566 2.443624 
506.8880 18.478 55.587 0.34622 0.50539 0.605 0.81424 8.0000 13.35 0.9561 0.9569 2.445988 
506.3976 18.488 52.217 0.37632 0.48545 0.583 0.81583 8.0000 12.65 0.9567 0.9575 2.448357 
505.9070 18.486 48.756 0.40586 0.46289 0.557 0.81779 8.0000 11.89 0.9575 0.9583 2.450731 
505.4163 18.434 45.289 0.43270 0.43709 0.542 0.82012 8.0000 11.36 0.9581 0.9589 2.453110 
504.9255 18.312 41.860 0.45552 0.40814 0.517 0.82282 8.0000 10.84 0.9581 0.9588 2.455495 
504.4346 18.129 38.458 0.47427 0.37668 0.506 0.82579 8.0000 10.41 0.9572 0.9580 2.457884 
503.9436 17.879 35.064 0.48872 0.34302 0.489 0.82915 8.0000 9.71 0.9554 0.9562 2.460279 
503.4525 17.539 31.681 0.49763 0.30712 0.469 0.83273 8.0000 9.26 0.9529 0.9537 2.462679 
502.9612 17.114 28.316 0.50110 0.27000 0.453 0.83669 8.0000 8.69 0.9500 0.9508 2.465085 
502.4698 16.609 24.904 0.49956 0.23193 0.445 0.84108 8.0000 8.52 0.9463 0.9471 2.467495 
501.9784 16.030 21.344 0.49321 0.19273 0.435 0.84545 8.0000 8.36 0.9424 0.9432 2.469911 
501.4868 15.391 17.695 0.48236 0.15389 0.427 0.84997 8.0000 8.37 0.9382 0.9390 2.472332 
500.9951 14.713 13.891 0.46788 0.11572 0.417 0.85446 8.0000 8.10 0.9339 0.9347 2.474759 
500.5033 14.003 9.915 0.45020 0.07870 0.400 0.85932 8.0000 7.72 0.9300 0.9308 2.477190 
500.0114 13.279 5.806 0.42974 0.04370 0.404 0.86420 8.0000 7.79 0.9264 0.9272 2.479627 
499.5193 12.550 1.539 0.40706 0.01094 0.408 0.86930 8.0000 8.13 0.9231 0.9239 2.482070 
499.0272 11.853 357.155 0.38343 -0.01906 0.407 0.87431 8.0000 7.90 0.9202 0.9210 2.484518 
498.5349 11.164 352.797 0.35830 -0.04528 0.406 0.87933 8.0000 7.72 0.9177 0.9186 2.486971 
498.0426 10.498 348.480 0.33252 -0.06777 0.408 0.88424 8.0000 7.69 0.9158 0.9167 2.489429 
497.5501 9.858 344.246 0.30669 -0.08652 0.409 0.88916 8.0000 7.52 0.9141 0.9150 2.491894 
497.0575 9.231 340.167 0.28073 -0.10125 0.419 0.89395 8.0000 7.75 0.9127 0.9136 2.494363 
496.5648 8.622 336.402 0.25554 -0.11164 0.422 0.89844 8.0000 7.55 0.9119 0.9128 2.496838 
496.0720 8.044 332.590 0.23119 -0.11989 0.429 0.90305 8.0000 7.56 0.9108 0.9117 2.499318 
495.5790 7.458 329.209 0.20763 -0.12373 0.436 0.90739 8.0000 7.38 0.9101 0.9110 2.501805 
495.0860 6.847 326.604 0.18541 -0.12223 0.436 0.91141 8.0000 7.24 0.9093 0.9102 2.504296 
494.5928 6.201 324.926 0.16472 -0.11565 0.442 0.91519 8.0000 7.46 0.9079 0.9089 2.506793 
494.0995 5.548 324.076 0.14591 -0.10571 0.446 0.91871 8.0000 7.35 0.9073 0.9082 2.509296 
493.6062 4.869 324.404 0.12866 -0.09210 0.439 0.92200 8.0000 7.20 0.9065 0.9075 2.511804 
493.1127 4.191 326.244 0.11329 -0.07571 0.435 0.92486 8.0000 6.94 0.9058 0.9068 2.514318 
492.6190 3.546 330.678 0.10059 -0.05650 0.438 0.92738 8.0000 6.90 0.9053 0.9062 2.516837 
492.1253 2.976 338.761 0.09036 -0.03512 0.441 0.92991 8.0000 7.00 0.9050 0.9059 2.519362 
491.6315 2.580 351.404 0.08320 -0.01258 0.428 0.93165 8.0000 6.78 0.9048 0.9057 2.521893 
491.1375 2.219 9.279 0.07152 0.01169 0.416 0.93359 8.0000 6.56 0.9043 0.9053 2.524429 
490.6435 2.177 31.601 0.06061 0.03729 0.412 0.93484 8.0000 6.38 0.9042 0.9052 2.526971 
490.1493 2.475 51.333 0.05063 0.06327 0.412 0.93555 8.0000 6.17 0.9041 0.9050 2.529519 
489.6550 3.055 65.449 0.04163 0.09112 0.405 0.93580 8.0000 6.19 0.9048 0.9057 2.532072 
489.1606 3.766 74.126 0.03385 0.11904 0.408 0.93609 8.0000 6.25 0.9057 0.9066 2.534631 
488.6661 4.534 79.472 0.02729 0.14686 0.404 0.93589 8.0000 6.05 0.9068 0.9077 2.537196 
488.1714 5.309 82.807 0.02195 0.17396 0.397 0.93532 8.0000 5.96 0.9082 0.9092 2.539768 
487.6767 6.080 84.976 0.01763 0.20060 0.404 0.93448 8.0000 6.05 0.9094 0.9103 2.542344 
487.1818 6.869 86.330 0.01460 0.22755 0.388 0.93273 8.0000 5.97 0.9109 0.9118 2.544927 
486.6869 7.630 87.112 0.01280 0.25365 0.383 0.93093 8.0000 5.92 0.9127 0.9136 2.547514 
486.1918 8.361 87.487 0.01224 0.27888 0.368 0.92916 8.0000 5.60 0.9148 0.9157 2.550109 
485.6966 9.089 87.583 0.01284 0.30422 0.365 0.92729 8.0000 5.58 0.9171 0.9180 2.552709 
485.2013 9.779 87.455 0.01460 0.32833 0.363 0.92509 8.0000 5.66 0.9194 0.9202 2.555314 
484.7058 10.415 87.136 0.01754 0.35070 0.348 0.92297 8.0000 5.48 0.9215 0.9224 2.557927 
484.2103 11.018 86.639 0.02185 0.37200 0.327 0.92069 8.0000 5.14 0.9237 0.9245 2.560544 
483.7146 11.591 86.050 0.02709 0.39237 0.313 0.91842 8.0000 5.12 0.9261 0.9270 2.563168 
483.2189 12.102 85.385 0.03312 0.41035 0.296 0.91588 8.0000 5.14 0.9284 0.9293 2.565798 
482.7230 12.587 84.647 0.04005 0.42739 0.275 0.91329 8.0000 5.03 0.9305 0.9314 2.568433 
482.2270 13.028 83.816 0.04796 0.44263 0.265 0.91058 8.0000 5.02 0.9322 0.9330 2.571075 
481.7309 13.408 82.940 0.05642 0.45555 0.245 0.90808 8.0000 4.86 0.9338 0.9346 2.573723 
481.2346 13.756 82.004 0.06561 0.46710 0.230 0.90565 8.0000 4.83 0.9349 0.9357 2.576377 
480.7383 14.022 81.021 0.07512 0.47542 0.209 0.90352 8.0000 4.51 0.9357 0.9365 2.579037 
480.2419 14.229 79.980 0.08505 0.48136 0.195 0.90182 8.0000 4.35 0.9364 0.9372 2.581703 
479.7453 14.358 78.899 0.09493 0.48383 0.186 0.89998 8.0000 4.29 0.9364 0.9372 2.584375 
479.2486 14.400 77.749 0.10483 0.48275 0.173 0.89857 8.0000 4.07 0.9354 0.9361 2.587054 
478.7518 14.362 76.511 0.11467 0.47807 0.163 0.89711 8.0000 3.94 0.9337 0.9345 2.589738 
478.2549 14.218 75.174 0.12416 0.46905 0.155 0.89603 8.0000 3.76 0.9314 0.9322 2.592429 
477.7579 13.984 73.710 0.13334 0.45630 0.149 0.89523 8.0000 3.72 0.9285 0.9292 2.595126 
477.2608 13.657 72.105 0.14201 0.43979 0.139 0.89487 8.0000 3.45 0.9253 0.9260 2.597829 
476.7635 13.279 70.396 0.15009 0.42140 0.133 0.89492 8.0000 3.39 0.9219 0.9226 2.600539 
476.2662 12.842 68.540 0.15747 0.40057 0.124 0.89499 8.0000 3.23 0.9182 0.9190 2.603254 
475.7687 12.378 66.576 0.16420 0.37900 0.116 0.89571 8.0000 3.05 0.9149 0.9156 2.605976 
475.2711 11.893 64.491 0.17011 0.35650 0.109 0.89621 8.0000 2.98 0.9115 0.9122 2.608705 
474.7734 11.419 62.374 0.17519 0.33474 0.101 0.89712 8.0000 2.90 0.9085 0.9092 2.611439 
474.2756 10.960 60.233 0.17944 0.31375 0.093 0.89819 8.0000 2.85 0.9060 0.9067 2.614180 
473.7776 10.533 58.150 0.18282 0.29428 0.086 0.89938 8.0000 2.81 0.9036 0.9043 2.616928 
473.2796 10.139 56.159 0.18530 0.27636 0.078 0.90055 8.0000 2.72 0.9019 0.9026 2.619682 
472.7814 9.785 54.358 0.18688 0.26062 0.073 0.90213 8.0000 2.60 0.9004 0.9011 2.622442 
472.2831 9.487 52.834 0.18772 0.24761 0.067 0.90372 8.0000 2.59 0.8992 0.8998 2.625209 
471.7848 9.234 51.601 0.18787 0.23704 0.063 0.90565 8.0000 2.61 0.8988 0.8995 2.627982 
471.2863 9.030 50.702 0.18735 0.22891 0.060 0.90716 8.0000 2.58 0.8986 0.8993 2.630762 
470.7876 8.874 50.161 0.18635 0.22336 0.056 0.90885 8.0000 2.55 0.8985 0.8992 2.633548 
470.2889 8.770 50.050 0.18481 0.22063 0.055 0.91055 8.0000 2.58 0.8985 0.8992 2.636341 
469.7900 8.636 49.806 0.18299 0.21658 0.053 0.91193 8.0000 2.55 0.8986 0.8993 2.639141 
469.2911 8.540 49.931 0.18067 0.21479 0.051 0.91345 8.0000 2.51 0.8985 0.8991 2.641946 
468.7920 8.369 49.698 0.17797 0.20984 0.052 0.91493 8.0000 2.53 0.8987 0.8994 2.644759 
468.2928 8.211 49.581 0.17509 0.20559 0.051 0.91629 8.0000 2.56 0.8992 0.8999 2.647578 
467.7935 8.082 49.602 0.17239 0.20258 0.050 0.91768 8.0000 2.54 0.8992 0.8999 2.650404 
467.2941 8.188 51.014 0.16995 0.20997 0.049 0.91928 8.0000 2.52 0.9002 0.9009 2.653237 
466.7945 8.316 52.494 0.16741 0.21813 0.047 0.92052 8.0000 2.50 0.9016 0.9023 2.656077 
466.2949 8.348 53.356 0.16497 0.22177 0.045 0.92152 8.0000 2.52 0.9024 0.9031 2.658922 
465.7951 8.383 54.241 0.16242 0.22554 0.044 0.92252 8.0000 2.53 0.9031 0.9037 2.661775 
465.2952 8.317 54.533 0.16006 0.22467 0.042 0.92329 8.0000 2.54 0.9033 0.9039 2.664635 
464.7952 8.265 54.825 0.15783 0.22394 0.040 0.92318 8.0000 2.56 0.9037 0.9043 2.667502 
464.2951 8.211 55.123 0.15558 0.22322 0.036 0.92318 8.0000 2.51 0.9037 0.9043 2.670375 
463.7949 8.164 55.349 0.15382 0.22255 0.035 0.92347 8.0000 2.54 0.9039 0.9045 2.673255 
463.2946 8.118 55.572 0.15209 0.22189 0.033 0.92381 8.0000 2.51 0.9041 0.9047 2.676142 
462.7941 8.064 55.857 0.15000 0.22120 0.031 0.92430 8.0000 2.51 0.9049 0.9055 2.679036 
462.2935 8.022 56.118 0.14826 0.22078 0.029 0.92479 8.0000 2.55 0.9054 0.9060 2.681937 
461.7928 7.966 56.332 0.14645 0.21986 0.028 0.92538 8.0000 2.55 0.9057 0.9063 2.684845 
461.2921 7.910 56.603 0.14442 0.21905 0.027 0.92599 8.0000 2.53 0.9063 0.9069 2.687759 
460.7911 7.849 56.874 0.14237 0.21818 0.027 0.92693 8.0000 2.52 0.9071 0.9077 2.690681 
460.2901 7.690 58.917 0.13194 0.21886 0.026 0.92900 8.0000 2.49 0.9079 0.9085 2.693610 
459.7889 7.592 61.232 0.12152 0.22134 0.026 0.93044 8.0000 2.49 0.9085 0.9092 2.696546 
459.2877 7.574 63.881 0.11100 0.22638 0.026 0.93131 8.0000 2.52 0.9098 0.9104 2.699489 
458.7863 7.643 66.566 0.10126 0.23363 0.025 0.93165 8.0000 2.51 0.9110 0.9116 2.702439 
458.2848 7.811 69.195 0.09245 0.24330 0.025 0.93085 8.0000 2.44 0.9118 0.9124 2.705396 
457.7832 8.064 71.442 0.08555 0.25483 0.024 0.92956 8.0000 2.39 0.9125 0.9131 2.708360 
457.2815 8.403 73.194 0.08099 0.26816 0.023 0.92746 8.0000 2.40 0.9134 0.9140 2.711332 
456.7796 8.817 74.221 0.07994 0.28287 0.022 0.92471 8.0000 2.31 0.9149 0.9155 2.714311 
456.2777 9.267 74.663 0.08171 0.29791 0.022 0.92139 8.0000 2.31 0.9161 0.9168 2.717297 
455.7756 9.746 74.464 0.08697 0.31285 0.021 0.91738 8.0000 2.24 0.9171 0.9177 2.720290 
455.2734 10.223 73.644 0.09577 0.32633 0.020 0.91230 8.0000 2.20 0.9177 0.9184 2.723291 
454.7711 10.668 72.329 0.10762 0.33781 0.020 0.90766 8.0000 2.17 0.9194 0.9200 2.726299 
454.2687 11.084 70.614 0.12213 0.34710 0.019 0.90306 8.0000 2.12 0.9202 0.9208 2.729314 
453.7662 11.111 70.299 0.12440 0.34741 0.019 0.90323 8.0000 2.07 0.9210 0.9217 2.732336 
453.2635 11.113 69.949 0.12654 0.34670 0.020 0.90322 8.0000 2.06 0.9212 0.9219 2.735367 
452.7608 11.082 69.554 0.12861 0.34499 0.020 0.90386 8.0000 2.03 0.9218 0.9225 2.738404 
452.2579 11.023 69.101 0.13067 0.34222 0.020 0.90463 8.0000 2.00 0.9221 0.9228 2.741449 
451.7549 10.934 68.608 0.13259 0.33846 0.021 0.90573 8.0000 2.00 0.9225 0.9232 2.744501 
451.2518 10.819 68.060 0.13445 0.33377 0.022 0.90704 8.0000 1.93 0.9227 0.9234 2.747561 
450.7485 10.669 67.429 0.13629 0.32789 0.024 0.90895 8.0000 1.87 0.9232 0.9239 2.750629 
450.2452 10.498 66.745 0.13799 0.32111 0.024 0.91068 8.0000 1.83 0.9232 0.9239 2.753704 
449.7417 10.299 65.968 0.13972 0.31334 0.025 0.91284 8.0000 1.75 0.9233 0.9240 2.756787 
449.2382 10.069 65.105 0.14131 0.30449 0.026 0.91541 8.0000 1.74 0.9235 0.9243 2.759876 
448.7345 9.811 64.129 0.14284 0.29453 0.027 0.91813 8.0000 1.74 0.9236 0.9243 2.762974 
448.2307 9.530 63.040 0.14430 0.28369 0.027 0.92120 8.0000 1.67 0.9238 0.9246 2.766080 
447.7267 9.221 61.797 0.14574 0.27177 0.028 0.92478 8.0000 1.67 0.9243 0.9251 2.769193 
447.2227 8.891 60.403 0.14708 0.25893 0.031 0.92845 8.0000 1.71 0.9246 0.9254 2.772314 
446.7186 8.539 58.809 0.14829 0.24495 0.032 0.93208 8.0000 1.60 0.9246 0.9254 2.775443 
446.2143 8.165 56.980 0.14951 0.23005 0.034 0.93639 8.0000 1.63 0.9252 0.9260 2.778580 
445.7099 7.775 54.874 0.15064 0.21414 0.037 0.94092 8.0000 1.61 0.9258 0.9267 2.781724 
445.2054 7.369 52.413 0.15175 0.19715 0.041 0.94575 8.0000 1.64 0.9266 0.9275 2.784876 
444.7008 6.955 49.547 0.15278 0.17918 0.044 0.95079 8.0000 1.65 0.9275 0.9284 2.788036 
444.1960 6.534 46.204 0.15362 0.16021 0.050 0.95615 8.0000 1.65 0.9285 0.9295 2.791204 
443.6912 6.118 42.209 0.15449 0.14013 0.054 0.96173 8.0000 1.62 0.9298 0.9307 2.794380 
443.1862 5.718 37.496 0.15530 0.11915 0.059 0.96761 8.0000 1.59 0.9313 0.9323 2.797564 
442.6812 5.343 31.902 0.15603 0.09713 0.065 0.97394 8.0000 1.58 0.9333 0.9344 2.800756 
442.1759 5.012 25.286 0.15670 0.07403 0.071 0.98037 8.0000 1.58 0.9354 0.9365 2.803956 
441.6706 4.746 17.621 0.15728 0.04996 0.078 0.98702 8.0000 1.58 0.9378 0.9389 2.807164 
441.1652 4.564 8.948 0.15780 0.02485 0.083 0.99410 8.0000 1.56 0.9408 0.9419 2.810380 
440.6596 4.490 359.558 0.15824 -0.00122 0.086 1.00142 8.0000 1.58 0.9441 0.9452 2.813605 
440.1540 4.537 349.816 0.15858 -0.02849 0.092 1.00884 8.0000 1.52 0.9476 0.9487 2.816837 
439.6482 4.537 349.816 0.15858 -0.02849 0.100 1.00884 8.0000 1.53 0.9476 0.9487 2.820077 

# MINIMA:
439.6482 0.204 0.611 -251.41998 -60.76248 -2439.068 -66.04083 8.0000 1.52 0.5108 0.5442 1.240099 

# MAXIMA:
999.7925 81.811 359.837 21.37686 177.86679 204.248 665.75879 8.0000 80.28 2.7202123829608448E18 1.4491838131994624E19 2.820077 

# PEAKS:

# END SPECTRUM

