## SPECTRUM TYPE:
LCE

## DATE:
08/07/2026

## COMMENTS:

## NUMBER OF SPECTRUM:
1

## ELLIPSOMETRIC CONFIGURATION:
0.00 ø :Modulator
+45.00 øAnalyser

## UNIT:
nm


# SPECTRUM:
1

# CAPTION:


# START TIME:
11:09:32

# END TIME:
11:09:32

# THETA ANGLE:
0.00 ø

# INCIDENCE ANGLE:
69.95 ø

# ACCUMULATION NUMBER:
28

# ELLIPSOMETRIC CONFIGURATION:
0.00 ø :Modulator
+45.00 øAnalyser

# INTEGRATION TIME:
8 ms

# FIRST POINT:
999.79 nm

# LAST POINT:
439.65 nm

# INCREMENT:
0.00 nm

# NUMBER OF POINTS:
1273

# DATA:
nm Psi Delta Ic Is Reflectance IcPrim IntegrationTime IntensityMax Polarization PolarizationGen eV 
999.7925 1.263 215.446 -2.42163 -1.72390 0.000 67.35753 8.0000 4.47 2.72014916104224768E18 1.43282648866420163E19 1.240099 
999.4089 1.263 215.446 -2.42163 -1.72390 0.552 67.35753 8.0000 4.47 2.529941895774208E18 1.3326355806552064E19 1.240575 
999.0253 1.263 215.446 -2.42163 -1.72390 0.361 67.35753 8.0000 4.53 2.41175484114875187E18 1.2703811223393665E19 1.241052 
998.6415 1.263 215.446 -2.42163 -1.72390 0.722 67.35753 8.0000 4.53 2.2769477061967872E18 1.19937202258968576E19 1.241529 
998.2578 1.263 215.446 -2.42163 -1.72390 0.154 67.35753 8.0000 4.56 2.12367386113946419E18 1.1186357633713963E19 1.242006 
997.8739 1.263 215.446 -2.42163 -1.72390 0.419 67.35753 8.0000 4.57 1.95008653875897958E18 1.02719938684507914E19 1.242484 
997.4900 1.263 215.446 -2.42163 -1.72390 -0.018 67.35753 8.0000 4.49 1.75433924671543706E18 9.24090374975966413E18 1.242962 
997.1060 1.263 215.446 -2.42163 -1.72390 -0.003 67.35753 8.0000 4.57 1.53458521779103334E18 8.08335934851383296E18 1.243440 
996.7219 1.263 215.446 -2.42163 -1.72390 -2.312 67.35753 8.0000 4.58 1.28897768476796518E18 6.78963273558654976E18 1.243920 
996.3377 1.263 215.446 -2.42163 -1.72390 -0.512 67.35753 8.0000 4.61 1.01567008658685952E18 5.34999708136269414E18 1.244399 
995.9535 1.263 215.446 -2.42163 -1.72390 -0.254 67.35753 8.0000 4.51 716509121746042880.0000 3.77417976521320038E18 1.244879 
995.5692 1.263 215.446 -2.42163 -1.72390 0.668 67.35753 8.0000 4.65 393341316945149952.0000 2.07190789163109581E18 1.245360 
995.1848 1.263 215.446 -2.42163 -1.72390 -0.449 67.35753 8.0000 4.65 51706840693604352.0000 272363495649968128.0000 1.245841 
994.8003 1.263 215.446 -2.42163 -1.72390 0.012 67.35754 8.0000 4.63 295467670923378688.0000 1.55636269484657869E18 1.246322 
994.4158 1.263 215.446 -2.42163 -1.72390 0.008 67.35753 8.0000 4.59 629715460555800576.0000 3.31699815745952154E18 1.246804 
994.0311 25.260 147.315 -0.37345 0.23961 0.007 0.36551 8.0000 4.59 0.5656 0.7448 1.247287 
993.6464 23.719 129.711 -0.23445 0.28229 0.339 0.33698 8.0000 4.67 0.5485 0.7527 1.247770 
993.2617 35.665 98.515 -0.04738 0.31649 0.672 0.10814 8.0000 4.67 0.5278 0.7615 1.248253 
992.8768 50.448 95.721 -0.03750 0.37432 -0.172 -0.07242 8.0000 4.61 0.5434 0.7600 1.248737 
992.4919 51.110 21.653 0.20374 0.08088 0.132 -0.04748 8.0000 4.59 0.5817 0.7530 1.249221 
992.1069 25.818 88.191 0.00858 0.27180 -4.423 0.21526 8.0000 4.64 0.5701 0.6604 1.249706 
991.7218 13.425 79.580 0.05103 0.27750 -0.573 0.55736 8.0000 4.66 0.6778 0.7092 1.250191 
991.3367 12.962 61.839 0.13265 0.24779 0.166 0.57820 8.0000 4.76 0.7043 0.7436 1.250677 
990.9514 16.922 49.920 0.26962 0.32041 0.736 0.62450 8.0000 4.72 0.8341 0.8811 1.251163 
990.5661 9.600 54.721 0.15828 0.22372 7.016 0.78693 8.0000 4.68 0.8272 0.8643 1.251650 
990.1807 7.550 44.112 0.15729 0.15249 -12.590 0.81194 8.0000 4.71 0.7569 0.8138 1.252137 
989.7953 4.394 80.201 0.02259 0.13079 -0.259 0.85861 8.0000 4.72 0.7417 0.7996 1.252625 
989.4097 7.069 73.464 0.06940 0.23374 -1.101 0.96796 8.0000 4.80 0.7604 0.8259 1.253113 
989.0241 9.013 78.652 0.06177 0.30779 0.659 0.96467 8.0000 4.73 0.7758 0.8548 1.253601 
988.6384 16.301 82.614 0.05434 0.41921 0.922 0.66092 8.0000 4.71 0.7119 0.7828 1.254090 
988.2526 13.328 62.149 0.19703 0.37290 15.240 0.84017 8.0000 4.76 0.7404 0.8217 1.254580 
987.8668 15.046 54.843 0.26945 0.38258 0.618 0.80752 8.0000 4.72 0.7373 0.8298 1.255070 
987.4809 9.904 59.315 0.18667 0.31458 -2202.033 1.01564 8.0000 4.74 0.7377 0.7870 1.255560 
987.0949 9.442 64.408 0.15813 0.33016 0.787 1.07022 8.0000 4.74 0.7071 0.7259 1.256051 
986.7088 7.010 61.890 0.11621 0.21754 0.626 0.98770 8.0000 4.75 0.7305 0.7458 1.256543 
986.3226 5.511 78.442 0.03575 0.17480 -1.239 0.91608 8.0000 4.70 0.7840 0.7975 1.257035 
985.9364 8.418 61.626 0.11784 0.21818 -4.478 0.81947 8.0000 4.71 0.8492 0.8752 1.257527 
985.5501 8.766 57.502 0.13051 0.20487 42.532 0.76893 8.0000 4.70 0.9294 1.0012 1.258020 
985.1638 14.560 52.510 0.21236 0.27685 -1.076 0.62634 8.0000 4.72 0.9747 1.0918 1.258513 
984.7773 18.923 50.676 0.27087 0.33066 0.522 0.55014 8.0000 4.76 1.0045 1.1269 1.259007 
984.3907 20.465 42.825 0.40046 0.37115 -0.444 0.62966 8.0000 4.78 0.9933 1.1130 1.259502 
984.0041 13.589 50.893 0.19628 0.24146 -0.465 0.60607 8.0000 4.79 0.8251 0.9231 1.259997 
983.6174 5.007 99.201 -0.01742 0.10751 0.341 0.61683 8.0000 4.83 0.6638 0.7757 1.260492 
983.2307 5.923 3.192 0.15130 0.00844 0.349 0.72249 8.0000 4.86 0.6470 0.7286 1.260988 
982.8438 6.129 320.828 0.14491 -0.11807 0.297 0.86031 8.0000 4.85 0.7748 0.8259 1.261484 
982.4569 18.271 0.910 0.57091 0.00906 0.285 0.77046 8.0000 4.78 0.8184 0.9477 1.261981 
982.0699 15.503 13.676 0.35559 0.08653 -1.225 0.60894 8.0000 4.89 0.7044 0.8070 1.262478 
981.6828 21.132 49.417 0.23291 0.27190 -0.007 0.39394 8.0000 4.87 0.6813 0.7465 1.262976 
981.2957 6.922 75.262 0.02666 0.10134 -0.003 0.42523 8.0000 4.84 0.6836 0.7816 1.263474 
980.9084 36.649 96.914 -0.08188 0.67524 0.002 0.20409 8.0000 4.83 0.7386 0.8508 1.263973 
980.5211 45.948 99.322 -0.23543 1.43420 0.004 -0.04813 8.0000 4.81 0.8551 0.9281 1.264472 
980.1337 42.842 103.575 -0.33636 1.39297 -0.001 0.10813 8.0000 4.90 0.8506 0.9470 1.264972 
979.7463 40.650 105.867 -0.40237 1.41562 -0.001 0.22519 8.0000 4.73 0.8461 0.9897 1.265472 
979.3587 43.626 106.247 -0.62833 2.15609 3.968 0.10779 8.0000 4.80 0.9129 0.9825 1.265973 
978.9711 36.567 142.505 -0.72787 0.55842 2.690 0.27812 8.0000 4.80 0.7556 0.9230 1.266474 
978.5834 28.608 178.412 -0.57326 0.01589 0.849 0.36937 8.0000 4.74 0.6922 0.9809 1.266976 
978.1956 23.433 216.179 -0.43261 -0.31638 3.162 0.50216 8.0000 4.75 0.6930 1.0786 1.267478 
977.8077 21.887 230.045 -0.34687 -0.41405 -1.263 0.56376 8.0000 4.80 0.8134 1.1762 1.267981 
977.4199 22.900 231.749 -0.38807 -0.49224 1.446 0.60953 8.0000 4.80 1.0541 1.3075 1.268484 
977.0319 18.194 170.308 -0.41497 0.07087 1.030 0.57123 8.0000 4.81 0.9773 1.2030 1.268988 
976.6437 17.250 152.989 -0.36718 0.18718 0.528 0.59967 8.0000 4.77 0.9139 1.2092 1.269493 
976.2556 12.472 137.066 -0.22662 0.21085 -3.921 0.66553 8.0000 4.74 0.9516 1.1446 1.269997 
975.8674 11.905 69.391 0.12805 0.34051 0.551 0.82442 8.0000 4.80 0.9459 1.0231 1.270502 
975.4790 19.099 78.122 0.12513 0.59489 0.455 0.77256 8.0000 4.84 0.9836 1.0550 1.271008 
975.0906 21.151 38.207 0.45783 0.36037 -0.756 0.64027 8.0000 4.75 0.9609 1.0150 1.271515 
974.7021 17.147 56.950 0.24402 0.37504 -9.272 0.65605 8.0000 4.78 0.9084 0.9627 1.272021 
974.3136 15.342 57.463 0.21803 0.34176 0.507 0.68320 8.0000 4.70 0.8293 0.8693 1.272529 
973.9250 15.459 53.535 0.22622 0.30611 0.012 0.63552 8.0000 4.77 0.7260 0.7574 1.273036 
973.5363 15.296 49.442 0.21339 0.24933 0.023 0.55508 8.0000 4.76 0.6498 0.6725 1.273545 
973.1475 16.792 51.797 0.15448 0.19629 -2.196 0.37618 8.0000 4.69 0.5359 0.5545 1.274053 
972.7586 7.457 98.531 -0.01409 0.09396 -1.068 0.35673 8.0000 4.75 0.5249 0.5527 1.274563 
972.3697 13.242 121.490 -0.05325 0.08692 -0.422 0.20460 8.0000 4.76 0.5106 0.5439 1.275073 
971.9807 52.663 92.620 -0.00583 0.12749 -0.220 -0.03498 8.0000 4.74 0.5074 0.5444 1.275583 
971.5916 62.150 66.018 0.08786 0.19750 -0.362 -0.14745 8.0000 4.75 0.5599 0.5915 1.276094 
971.2024 70.451 51.137 0.14736 0.18287 0.162 -0.28900 8.0000 4.81 0.6987 0.7319 1.276605 
970.8131 79.182 45.436 0.13642 0.13851 0.021 -0.49013 8.0000 4.73 0.7950 0.8242 1.277117 
970.4238 80.568 32.793 0.14580 0.09393 0.008 -0.50758 8.0000 4.72 0.8152 0.8416 1.277629 
970.0344 70.169 329.795 0.44043 -0.25639 0.005 -0.61467 8.0000 4.85 0.8810 0.9231 1.278142 
969.6449 59.399 38.622 0.25790 0.20604 0.003 -0.18145 8.0000 4.76 0.8671 0.8871 1.278656 
969.2553 40.283 76.579 0.13028 0.54595 0.001 0.09325 8.0000 4.76 0.9799 1.0245 1.279170 
968.8657 32.138 88.257 0.02486 0.81699 -0.797 0.39378 8.0000 4.76 1.1181 1.2020 1.279684 
968.4760 31.671 95.653 -0.09902 1.00047 0.469 0.50472 8.0000 4.77 1.2264 1.3448 1.280199 
968.0861 29.448 96.561 -0.12924 1.12368 0.151 0.68240 8.0000 4.90 1.2806 1.4151 1.280714 
967.6962 25.616 94.773 -0.08864 1.06163 -0.408 0.85559 8.0000 4.86 1.3257 1.4397 1.281230 
967.3063 26.808 90.091 -0.00143 0.90074 0.476 0.66370 8.0000 4.84 1.2848 1.3342 1.281747 
966.9163 23.355 85.423 0.04973 0.62124 0.519 0.58711 8.0000 4.84 1.0485 1.0989 1.282264 
966.5261 11.940 54.554 0.14170 0.19905 -2.237 0.55191 8.0000 4.83 0.9446 1.0596 1.282782 
966.1359 26.478 310.466 0.53893 -0.63176 0.435 0.62676 8.0000 4.71 0.7312 0.8800 1.283300 
965.7457 14.254 342.949 0.61391 -0.18830 -0.276 1.18225 8.0000 4.74 0.7486 0.9854 1.283818 
965.3553 28.313 308.575 1.41935 -1.77959 0.448 1.49944 8.0000 4.84 0.6989 1.0594 1.284337 
964.9649 35.121 95.450 -0.19780 2.07303 4.078 0.74801 8.0000 4.91 0.8967 1.3529 1.284857 
964.5743 22.792 76.920 0.25525 1.09856 0.834 1.10509 8.0000 4.84 1.1340 1.6465 1.285377 
964.1838 16.568 76.528 0.22353 0.93307 -0.128 1.46975 8.0000 4.80 1.2044 1.7511 1.285898 
963.7931 10.500 88.623 0.04490 1.86761 0.468 4.86686 8.0000 4.87 1.0367 1.5598 1.286419 
963.4023 81.376 356.123 0.45785 -0.03103 0.046 -1.47804 8.0000 4.88 0.7591 1.1921 1.286941 
963.0115 63.466 20.524 0.59673 0.22339 0.468 -0.47895 8.0000 4.96 0.6548 1.0523 1.287463 
962.6207 34.288 24.809 0.15178 0.07016 0.580 0.06561 8.0000 4.98 0.6344 0.8591 1.287986 
962.2297 5.103 321.822 0.06309 -0.04960 0.493 0.44574 8.0000 4.99 0.6476 0.6969 1.288509 
961.8386 5.782 351.629 0.14764 -0.02173 0.462 0.72938 8.0000 4.95 0.8107 1.0415 1.289033 
961.4474 7.834 244.022 -0.09549 -0.19599 0.483 0.77724 8.0000 5.09 0.7516 0.9652 1.289558 
961.0562 7.978 237.327 -0.15200 -0.23700 0.521 0.98475 8.0000 4.99 0.8374 1.1114 1.290083 
960.6649 11.525 232.642 -0.21691 -0.28414 0.008 0.84010 8.0000 5.07 0.7342 0.9674 1.290608 
960.2736 14.164 228.033 -0.29626 -0.32941 0.008 0.82188 8.0000 5.06 0.6548 0.7823 1.291134 
959.8821 7.680 247.261 -0.06543 -0.15612 0.353 0.61624 8.0000 5.04 0.5790 0.6232 1.291661 
959.4905 11.048 21.529 0.18263 0.07204 0.534 0.48357 8.0000 5.05 0.5697 0.5980 1.292188 
959.0989 28.547 27.219 0.52568 0.27039 0.427 0.38252 8.0000 5.18 0.5791 0.7334 1.292715 
958.7073 13.091 7.459 0.16842 0.02205 0.785 0.34548 8.0000 5.16 0.5363 0.6961 1.293243 
958.3155 15.133 25.827 0.19408 0.09393 -7.666 0.36949 8.0000 5.15 0.5299 0.5714 1.293772 
957.9236 16.637 23.890 0.23501 0.10409 0.497 0.39168 8.0000 5.08 0.5575 0.5699 1.294301 
957.5317 10.105 30.589 0.14849 0.08778 -46.585 0.46858 8.0000 5.15 0.6047 0.6154 1.294831 
957.1396 6.163 32.995 0.11193 0.07268 0.483 0.61079 8.0000 5.10 0.7367 0.7571 1.295362 
956.7476 4.956 33.156 0.10333 0.06751 -1.155 0.70638 8.0000 5.28 0.7657 0.7746 1.295892 
956.3554 2.188 43.490 0.04550 0.04316 0.632 0.81960 8.0000 5.46 0.7717 0.7783 1.296424 
955.9632 6.946 65.251 0.08465 0.18364 -0.004 0.81764 8.0000 5.48 0.8126 0.8258 1.296956 
955.5709 5.578 355.632 0.18130 -0.01385 -0.003 0.92209 8.0000 5.41 0.8985 0.9131 1.297488 
955.1784 6.124 305.714 0.09873 -0.13732 -0.003 0.77904 8.0000 5.44 0.7204 0.7421 1.298021 
954.7859 10.610 272.211 0.00919 -0.23795 0.526 0.61331 8.0000 5.53 0.6241 0.7254 1.298555 
954.3934 19.364 260.517 -0.05469 -0.32740 4.125 0.41390 8.0000 5.44 0.6022 0.7724 1.299089 
954.0007 27.359 254.887 -0.09430 -0.34919 0.515 0.25592 8.0000 5.49 0.6047 0.8152 1.299624 
953.6080 13.301 256.910 -0.04438 -0.19086 0.538 0.39125 8.0000 5.65 0.6928 0.9159 1.300159 
953.2152 20.022 269.876 -0.00038 -0.17676 -0.427 0.21032 8.0000 5.71 0.5464 0.7468 1.300695 
952.8223 24.794 278.312 0.02323 -0.15900 0.407 0.13681 8.0000 5.68 0.5089 0.6671 1.301231 
952.4293 17.027 315.544 0.11119 -0.10910 0.477 0.23047 8.0000 5.76 0.5484 0.6972 1.301768 
952.0363 19.459 8.651 0.27690 0.04213 0.628 0.34690 8.0000 5.80 0.6426 1.3736 1.302305 
951.6432 18.835 332.902 0.46637 -0.23863 0.487 0.67853 8.0000 5.98 0.7654 0.8859 1.302843 
951.2499 14.294 318.085 0.24133 -0.21665 1.251 0.59513 8.0000 5.79 0.6384 0.9981 1.303382 
950.8567 46.766 266.323 -0.02955 -0.45973 1.587 -0.02843 8.0000 5.87 0.5473 1.1697 1.303921 
950.4633 9.548 318.956 0.22337 -0.19447 0.435 0.85548 8.0000 5.92 0.6550 1.3550 1.304461 
950.0699 9.004 347.486 0.32950 -0.07313 -0.094 1.03833 8.0000 6.05 1.0398 1.6188 1.305001 
949.6763 9.841 355.229 0.37634 -0.03141 -0.045 1.05576 8.0000 6.15 1.4470 1.7114 1.305542 
949.2827 11.788 355.081 0.43848 -0.03774 -0.034 1.00854 8.0000 6.26 1.1609 1.6201 1.306083 
948.8890 9.962 349.413 0.35560 -0.06646 -0.060 0.99810 8.0000 6.39 1.2051 1.7327 1.306625 
948.4953 8.260 3.059 0.29844 0.01595 0.004 1.00767 8.0000 6.45 1.3512 1.8882 1.307167 
948.1014 4.977 6.362 0.17959 0.02002 0.145 1.02955 8.0000 6.53 1.3399 1.9154 1.307710 
947.7075 6.834 21.683 0.21220 0.08437 0.320 0.93901 8.0000 6.51 1.4730 2.1095 1.308254 
947.3135 9.553 20.280 0.29687 0.10970 0.517 0.91364 8.0000 6.32 1.1248 1.8566 1.308798 
946.9194 15.905 12.707 0.45651 0.10294 0.093 0.75446 8.0000 6.45 0.7163 1.6942 1.309343 
946.5253 9.696 9.304 0.42117 0.06900 0.046 1.21246 8.0000 6.53 1.1689 1.9494 1.309888 
946.1310 11.534 38.474 0.44950 0.35721 0.509 1.34814 8.0000 6.86 1.2083 1.9314 1.310434 
945.7367 16.347 348.712 0.53122 -0.10604 0.524 0.84399 8.0000 6.74 0.7824 1.4939 1.310980 
945.3423 59.234 321.334 1.87535 -1.50059 0.495 -1.30231 8.0000 6.93 0.8128 1.2085 1.311527 
944.9478 18.228 127.653 -11.69839 15.16148 0.073 25.92128 8.0000 7.11 1.1791 1.7646 1.312074 
944.5532 17.358 121.612 -4.80555 7.80769 0.414 13.23243 8.0000 7.01 1.2678 1.8503 1.312623 
944.1586 17.410 118.469 -299.54602 552.41510 -1.215 903.45868 8.0000 7.05 1.2600 1.8934 1.313171 
943.7639 69.707 299.813 0.71223 -1.24296 1.248 -1.67225 8.0000 7.17 1.1581 1.9491 1.313720 
943.3691 67.766 316.401 1.28132 -1.22016 0.853 -1.80248 8.0000 7.24 0.9652 1.7533 1.314270 
942.9742 39.990 327.072 0.66750 -0.43228 0.909 0.14050 8.0000 7.35 0.7145 1.2314 1.314821 
942.5792 9.089 356.687 0.33219 -0.01923 0.488 1.01341 8.0000 7.46 0.7027 0.7733 1.315372 
942.1841 7.805 56.332 0.16351 0.24547 -0.693 1.05564 8.0000 7.51 0.8455 1.0601 1.315923 
941.7890 5.853 277.806 0.02356 -0.17185 -0.649 0.83720 8.0000 7.69 0.7365 0.7632 1.316475 
941.3938 10.640 241.614 -0.15326 -0.28361 -18.039 0.82771 8.0000 7.74 0.6803 0.7768 1.317028 
940.9985 16.142 223.416 -0.32007 -0.30285 0.272 0.69745 8.0000 7.86 0.6736 0.7371 1.317581 
940.6031 12.642 211.731 -0.32920 -0.20357 -3.284 0.81939 8.0000 7.88 0.6646 0.7456 1.318135 
940.2077 13.509 197.659 -0.37948 -0.12081 1.423 0.78101 8.0000 7.99 0.6611 0.7624 1.318689 
939.8122 14.195 184.754 -0.43058 -0.03581 1.614 0.79944 8.0000 8.11 0.6691 0.7766 1.319244 
939.4166 11.745 171.980 -0.38753 0.05460 0.773 0.90053 8.0000 8.13 0.7527 0.8571 1.319800 
939.0209 9.061 185.000 -0.28232 -0.02470 -2.446 0.86590 8.0000 8.09 0.7746 0.8920 1.320356 
938.6251 11.204 185.946 -0.33557 -0.03495 0.641 0.81821 8.0000 8.18 0.7696 0.8632 1.320913 
938.2292 10.979 177.438 -0.29905 0.01338 0.494 0.74247 8.0000 8.43 0.7213 0.7728 1.321470 
937.8333 6.112 199.620 -0.18395 -0.06557 0.490 0.90144 8.0000 8.43 0.8328 0.8914 1.322028 
937.4373 3.187 173.475 -0.10773 0.01232 -1.336 0.97072 8.0000 8.75 0.6368 1.1735 1.322586 
937.0412 10.938 309.867 0.20829 -0.24940 5.345 0.80929 8.0000 8.70 0.7109 0.7927 1.323146 
936.6450 10.103 277.201 0.03578 -0.28322 0.539 0.77563 8.0000 8.69 1.0411 1.4939 1.323705 
936.2487 9.926 280.420 0.05507 -0.29949 0.485 0.84342 8.0000 8.87 1.4159 2.1984 1.324266 
935.8524 10.948 280.730 0.05831 -0.30772 0.389 0.77922 8.0000 9.00 1.5414 2.5977 1.324826 
935.4560 11.676 279.347 0.05102 -0.30995 0.529 0.72752 8.0000 9.17 1.4936 2.6766 1.325388 
935.0594 11.212 276.528 0.03306 -0.28893 -0.162 0.70474 8.0000 9.33 1.4126 2.5570 1.325950 
934.6629 7.093 262.697 -0.02849 -0.22231 -0.025 0.88669 8.0000 9.35 1.4085 2.2109 1.326512 
934.2662 4.587 274.216 0.00873 -0.11841 0.518 0.73517 8.0000 9.32 1.0271 1.5826 1.327076 
933.8694 16.336 281.041 0.03457 -0.17717 0.679 0.28149 8.0000 9.56 0.8675 1.4442 1.327640 
933.4727 2.710 255.619 -0.04858 -0.18948 -1.469 2.06129 8.0000 9.63 1.4981 2.5682 1.328204 
933.0757 2.907 138.595 -0.29839 0.26311 -0.479 3.90738 8.0000 9.71 1.5804 2.7157 1.328769 
932.6787 8.850 133.726 -1.05149 1.09933 0.517 4.76663 8.0000 9.95 1.4916 2.6404 1.329334 
932.2817 78.804 325.746 6.09928 -4.15355 14.594 -17.91061 8.0000 9.94 1.1279 2.1569 1.329901 
931.8845 85.316 336.656 2.78808 -1.20328 0.122 -18.40697 8.0000 10.02 1.0873 2.1902 1.330467 
931.4873 84.478 34.123 0.46824 0.31730 -62.524 -2.89794 8.0000 10.03 0.8776 1.8009 1.331035 
931.0900 28.532 88.314 0.00991 0.33657 0.148 0.21813 8.0000 10.31 0.6495 1.2803 1.331603 
930.6926 7.151 117.185 -0.12271 0.23892 0.542 1.05355 8.0000 10.38 0.7160 0.9194 1.332171 
930.2951 9.578 98.775 -0.04557 0.29522 -2.084 0.85988 8.0000 10.44 0.7002 0.8704 1.332740 
929.8975 7.720 115.218 -0.09605 0.20394 0.021 0.81623 8.0000 10.62 0.6797 0.8504 1.333310 
929.4999 5.027 89.219 0.00208 0.15239 3.132 0.85964 8.0000 10.84 0.7056 0.7632 1.333881 
929.1022 3.379 32.005 0.10973 0.06858 3.686 1.09202 8.0000 11.16 0.7212 0.7622 1.334452 
928.7043 6.141 334.692 0.20419 -0.09656 0.646 1.03745 8.0000 10.96 0.9331 0.9639 1.335023 
928.3065 4.234 356.142 0.14334 -0.00967 2.549 0.96489 8.0000 11.04 1.0586 1.1019 1.335595 
927.9085 4.590 359.336 0.17074 -0.00198 0.578 1.05652 8.0000 11.13 1.1730 1.2458 1.336168 
927.5104 4.638 359.836 0.16621 -0.00048 0.192 1.01773 8.0000 11.38 1.1545 1.2544 1.336742 
927.1123 4.835 352.069 0.16291 -0.02269 0.076 0.96541 8.0000 11.35 1.0294 1.1771 1.337316 
926.7141 4.720 355.948 0.14863 -0.01053 0.014 0.89627 8.0000 11.38 0.9002 1.0655 1.337890 
926.3158 3.288 32.805 0.07838 0.05053 0.335 0.80903 8.0000 11.52 0.8291 0.9508 1.338466 
925.9174 1.858 95.793 -0.00473 0.04661 0.245 0.72153 8.0000 11.67 0.7397 0.7873 1.339042 
925.5190 3.142 75.194 0.02188 0.08277 -0.079 0.77740 8.0000 11.75 0.6231 0.6626 1.339618 
925.1204 7.655 107.446 -0.06423 0.20438 -0.033 0.78260 8.0000 11.95 0.5841 0.6679 1.340195 
924.7218 5.749 87.999 0.00399 0.11416 -0.020 0.56150 8.0000 11.77 0.5888 0.6455 1.340773 
924.3231 5.825 89.737 0.00051 0.11202 -0.011 0.54333 8.0000 11.98 0.5837 0.6155 1.341351 
923.9243 1.595 84.020 0.00400 0.03817 0.681 0.68873 8.0000 12.19 0.5840 0.6844 1.341930 
923.5255 1.529 262.907 -0.00515 -0.04137 0.580 0.78018 8.0000 12.46 0.6471 0.6898 1.342510 
923.1265 29.992 158.851 -8.47699 3.27935 0.030 5.25088 8.0000 12.18 1.0002 2.7211 1.343090 
922.7275 5.469 316.113 0.12272 -0.11804 0.019 0.88109 8.0000 12.56 1.0652 1.3774 1.343671 
922.3283 15.075 330.124 0.39496 -0.22689 0.622 0.78417 8.0000 12.59 1.9010 3.5923 1.344252 
921.9291 16.402 329.799 0.42971 -0.25011 0.000 0.77140 8.0000 12.81 2.8365 5.5125 1.344834 
921.5298 17.392 330.547 0.45778 -0.25851 0.000 0.75688 8.0000 12.84 3.3263 6.6118 1.345417 
921.1305 17.110 330.084 0.44922 -0.25848 0.000 0.76208 8.0000 12.63 3.5542 7.0209 1.346000 
920.7311 17.908 330.379 0.45902 -0.26099 0.000 0.73170 8.0000 12.90 3.2663 6.5388 1.346584 
920.3315 17.392 330.441 0.43701 -0.24784 0.000 0.72327 8.0000 13.29 2.7180 5.3918 1.347169 
919.9319 13.721 329.467 0.34107 -0.20117 0.000 0.76252 8.0000 13.16 2.0376 3.6192 1.347754 
919.5322 3.583 317.193 0.08043 -0.07450 0.845 0.87202 8.0000 13.00 1.1823 1.4083 1.348340 
919.1324 26.856 154.278 -2.85632 1.37603 0.617 2.32785 8.0000 13.49 0.9959 2.7359 1.348926 
918.7326 1.106 158.022 -0.03084 0.01244 2.462 0.86063 8.0000 13.33 0.7746 0.8129 1.349513 
918.3326 10.799 114.523 -0.06933 0.15196 -3.216 0.42191 8.0000 13.68 1.6154 1.9292 1.350101 
917.9326 4.333 296.226 0.07646 -0.15521 0.679 1.13530 8.0000 13.66 0.6002 0.6765 1.350689 
917.5325 51.949 117.353 -0.18841 0.36421 1.224 -0.10147 8.0000 13.52 1.5294 1.9617 1.351278 
917.1323 47.180 112.265 -0.13208 0.32259 1.027 -0.02658 8.0000 13.68 2.3372 3.0510 1.351868 
916.7321 47.033 113.541 -0.13657 0.31347 2.495 -0.02430 8.0000 13.94 2.7970 3.6968 1.352458 
916.3317 53.750 111.744 -0.12951 0.32471 51.380 -0.11022 8.0000 14.04 2.8683 3.8217 1.353049 
915.9313 61.107 111.119 -0.13879 0.35934 0.694 -0.24271 8.0000 14.02 2.6192 3.5127 1.353641 
915.5308 68.616 110.138 -0.15614 0.42579 1.474 -0.49031 8.0000 14.27 2.1160 2.8358 1.354233 
915.1302 74.610 112.895 -0.29520 0.69900 0.687 -1.27384 8.0000 14.42 1.3642 1.8022 1.354826 
914.7295 4.209 298.090 0.09620 -0.18024 0.001 1.38067 8.0000 14.29 0.7323 0.7840 1.355419 
914.3287 8.823 112.196 -0.05444 0.13342 0.003 0.45301 8.0000 14.30 1.6915 2.0283 1.356013 
913.9279 0.698 351.993 0.01832 -0.00258 -0.006 0.75896 8.0000 14.43 0.6247 0.6866 1.356608 
913.5270 1.364 196.211 -0.03773 -0.01097 -0.009 0.82447 8.0000 14.55 0.6311 0.6779 1.357203 
913.1259 1.041 51.506 0.02026 0.02547 0.657 0.89505 8.0000 14.72 0.6819 0.7232 1.357799 
912.7249 2.647 17.662 0.08950 0.02850 0.000 1.01375 8.0000 14.51 0.7773 0.8621 1.358396 
912.3237 3.988 6.885 0.14741 0.01780 0.707 1.05987 8.0000 14.74 0.8232 0.9548 1.358993 
911.9224 17.279 353.690 1.16021 -0.12829 -0.140 1.69479 8.0000 15.09 0.9640 1.2864 1.359591 
911.5211 13.461 155.090 -0.28172 0.13083 -0.138 0.61168 8.0000 15.21 0.6284 0.8661 1.360190 
911.1196 29.871 160.712 -0.54566 0.19096 0.079 0.33726 8.0000 15.36 0.8609 1.0402 1.360789 
910.7181 31.322 186.637 -0.62782 -0.07305 0.029 0.32700 8.0000 15.32 1.1815 1.5689 1.361389 
910.3165 38.068 133.046 -0.60652 0.64937 0.049 0.21930 8.0000 15.37 1.4950 2.0176 1.361990 
909.9149 42.582 143.375 -1.93500 1.43837 -0.031 0.20398 8.0000 15.29 2.4682 3.0263 1.362591 
909.5131 44.553 98.655 -0.15232 1.00068 0.002 0.01580 8.0000 15.17 1.7401 2.3430 1.363193 
909.1113 47.383 24.141 1.48706 0.66646 0.002 -0.13589 8.0000 15.30 2.1859 2.6553 1.363795 
908.7093 45.964 6.356 3.04448 0.33912 0.001 -0.10316 8.0000 15.55 2.9430 3.3665 1.364399 
908.3073 45.112 4.164 5.16109 0.37577 0.000 -0.02030 8.0000 15.37 3.5310 3.9895 1.365003 
907.9052 44.828 3.256 10.82361 0.61569 0.001 0.06509 8.0000 15.59 3.8109 4.2986 1.365607 
907.5031 52.893 4.358 7.82718 0.59652 -0.740 -2.21931 8.0000 15.65 3.4493 3.7865 1.366212 
907.1008 39.218 5.717 4.15934 0.41639 -0.002 0.85536 8.0000 15.63 2.7047 2.9378 1.366818 
906.6984 32.561 300.096 2.40322 -4.14638 -0.002 2.22232 8.0000 15.62 5.0169 10.7960 1.367425 
906.2960 5.240 38.876 0.44283 0.35701 -0.030 3.07479 8.0000 15.69 2.6484 2.7369 1.368032 
905.8935 22.928 125.221 -2.45558 3.47833 -0.189 4.13244 8.0000 15.90 3.5496 6.0922 1.368640 
905.4909 26.734 90.200 -0.02088 5.98592 0.006 4.43450 8.0000 15.82 3.9910 8.8207 1.369248 
905.0883 29.034 89.797 0.02102 5.93085 3.538 3.69620 8.0000 15.95 4.4216 10.4432 1.369857 
904.6855 31.717 217.883 -0.45541 -0.35432 0.450 0.28852 8.0000 16.41 13.8159 19.9755 1.370467 
904.2826 24.991 109.785 -0.32964 0.91638 -0.003 0.81766 8.0000 16.21 6.3270 12.5156 1.371078 
903.8797 20.586 155.428 -0.40101 0.18336 -0.002 0.50419 8.0000 16.55 18.8254 24.8550 1.371689 
903.4767 22.433 158.564 -0.40903 0.16060 0.755 0.44149 8.0000 16.52 28.0873 35.8915 1.372301 
903.0736 21.220 160.386 -0.41008 0.14614 0.103 0.47609 8.0000 16.49 34.4782 43.3927 1.372913 
902.6704 21.485 159.663 -0.41169 0.15259 0.008 0.47132 8.0000 16.55 36.4042 45.9469 1.373527 
902.2672 21.988 156.592 -0.41220 0.17844 0.001 0.46553 8.0000 16.58 34.2868 43.6959 1.374140 
901.8638 22.790 152.328 -0.41271 0.21642 5.511 0.45667 8.0000 16.68 28.1037 36.8178 1.374755 
901.4604 25.102 139.589 -0.41192 0.35071 -0.022 0.45066 8.0000 16.59 18.3838 26.1696 1.375370 
901.0569 37.106 103.668 -0.35835 1.47357 -0.012 0.42878 8.0000 16.83 6.6482 15.2933 1.375986 
900.6533 25.500 225.696 -0.42979 -0.44037 -0.647 0.49830 8.0000 16.71 14.6336 20.8885 1.376603 
900.2496 39.516 89.628 0.03088 4.76102 -0.146 0.92264 8.0000 16.85 3.0147 7.6799 1.377220 
899.8458 24.803 288.399 1.40194 -4.21468 0.105 3.77952 8.0000 16.60 1.3571 3.8666 1.377838 
899.4420 71.035 202.144 -3.03600 -1.23548 0.138 -4.20579 8.0000 16.90 1.2908 3.1541 1.378457 
899.0380 68.688 200.953 -1.92875 -0.73856 -0.254 -2.24415 8.0000 17.00 1.5574 3.7792 1.379076 
898.6340 67.694 203.564 -1.71396 -0.74752 0.068 -1.89533 8.0000 17.04 1.6943 4.0099 1.379696 
898.2299 67.101 180.730 -1.82544 -0.02326 -0.400 -1.77546 8.0000 16.98 1.6491 3.8785 1.380317 
897.8257 72.300 213.271 -3.18826 -2.09199 -0.357 -5.36567 8.0000 17.18 1.3721 3.1532 1.380938 
897.4214 15.420 81.916 0.21971 1.54694 0.134 2.61690 8.0000 17.49 1.2917 2.2354 1.381560 
897.0171 19.386 115.212 -0.37654 0.79974 0.013 1.10050 8.0000 17.25 1.5162 1.8452 1.382183 
896.6127 25.792 137.353 -0.54572 0.50264 0.010 0.58837 8.0000 17.06 2.0079 2.8430 1.382807 
896.2081 22.950 119.493 -0.46721 0.82603 0.005 0.91965 8.0000 17.20 1.7556 2.0460 1.383431 
895.8035 22.976 119.344 -0.44520 0.79189 0.006 0.87874 8.0000 17.10 1.7319 2.1367 1.384056 
895.3989 22.838 118.974 -0.42066 0.75969 0.003 0.84812 8.0000 17.19 1.4371 1.9509 1.384681 
894.9941 20.182 118.377 -0.32313 0.59820 12.451 0.79991 8.0000 17.41 1.1958 1.8009 1.385307 
894.5892 11.710 117.728 -0.16181 0.30784 0.731 0.80292 8.0000 17.74 0.8746 1.5800 1.385934 
894.1843 8.362 292.861 0.10814 -0.25649 0.000 0.92641 8.0000 17.34 0.7944 1.3681 1.386562 
893.7792 6.272 126.117 -0.11273 0.15450 0.003 0.85958 8.0000 17.43 0.8052 1.4674 1.387190 
893.3741 3.012 103.038 -0.02179 0.09410 0.794 0.91543 8.0000 17.34 0.7950 1.3598 1.387819 
892.9689 3.782 347.875 0.12084 -0.02596 -4.171 0.93071 8.0000 17.51 0.7155 1.0748 1.388449 
892.5637 8.112 328.277 0.21179 -0.13092 -0.494 0.85575 8.0000 17.56 0.6473 0.7907 1.389079 
892.1583 9.486 329.326 0.26349 -0.15629 0.182 0.89111 8.0000 17.86 0.6033 0.7431 1.389711 
891.7528 7.134 339.583 0.18689 -0.06957 0.347 0.78416 8.0000 17.42 0.6126 0.8016 1.390343 
891.3473 7.141 341.613 0.15782 -0.05246 -0.266 0.65328 8.0000 17.82 0.5869 0.8228 1.390975 
890.9417 5.921 0.936 0.10968 0.00179 0.719 0.52315 8.0000 17.54 0.5832 0.8098 1.391608 
890.5359 3.188 27.886 0.06040 0.03196 0.000 0.61155 8.0000 17.56 0.5778 0.7659 1.392242 
890.1302 1.751 94.064 -0.00217 0.03059 0.035 0.50103 8.0000 17.94 0.5450 0.6685 1.392877 
889.7243 6.412 174.532 -0.08384 0.00803 0.000 0.37000 8.0000 17.49 0.5240 0.6634 1.393512 
889.3184 7.579 338.682 0.08079 -0.03153 0.000 0.32011 8.0000 17.57 0.5203 0.5521 1.394148 
888.9123 10.999 359.153 0.15173 -0.00224 0.748 0.37562 8.0000 17.63 0.5296 0.5615 1.394785 
888.5062 9.906 1.983 0.12560 0.00435 -1.304 0.34885 8.0000 17.94 0.5337 0.6609 1.395423 
888.1000 8.144 83.865 0.02107 0.19603 -57.180 0.67476 8.0000 17.60 0.6634 0.7465 1.396061 
887.6937 9.438 81.601 0.03646 0.24694 0.790 0.73010 8.0000 17.74 0.7568 0.8615 1.396700 
887.2873 9.661 84.429 0.02628 0.26942 -510.748 0.77202 8.0000 17.97 0.7945 0.9085 1.397340 
886.8808 10.429 88.506 0.00797 0.30571 0.790 0.80263 8.0000 17.65 0.8552 0.9387 1.397980 
886.4743 7.241 95.151 -0.02126 0.23584 1.054 0.91678 8.0000 17.76 0.7559 0.8390 1.398621 
886.0676 8.998 103.812 -0.05972 0.24291 0.826 0.77009 8.0000 17.57 0.7004 0.7538 1.399263 
885.6609 9.864 112.856 -0.10333 0.24514 0.745 0.74183 8.0000 17.56 0.6687 0.6929 1.399906 
885.2541 9.384 99.685 -0.04132 0.24213 0.040 0.72283 8.0000 17.78 0.6397 0.6874 1.400549 
884.8472 9.347 96.207 -0.02348 0.21586 0.006 0.64171 8.0000 17.61 0.5938 0.6417 1.401193 
884.4402 9.831 89.728 0.00087 0.18261 85.414 0.51111 8.0000 17.80 0.5568 0.6024 1.401838 
884.0332 12.567 93.184 -0.01618 0.29095 0.732 0.62113 8.0000 17.83 0.6155 0.6439 1.402483 
883.6260 12.480 89.957 0.00022 0.29316 0.000 0.62984 8.0000 17.69 0.6141 0.6349 1.403130 
883.2188 17.223 88.309 0.00935 0.31662 0.000 0.46182 8.0000 17.84 0.5869 0.5977 1.403777 
882.8115 15.258 66.418 0.10463 0.23968 0.000 0.44371 8.0000 17.60 0.6193 0.6536 1.404424 
882.4041 6.039 127.499 -0.06539 0.08522 0.027 0.50200 8.0000 17.66 0.5428 0.5605 1.405073 
881.9966 6.129 159.083 -0.12702 0.04855 0.019 0.62586 8.0000 17.59 0.5680 0.6317 1.405722 
881.5890 4.916 196.468 -0.12132 -0.03586 0.013 0.73007 8.0000 17.55 0.6071 0.6984 1.406372 
881.1813 2.364 245.989 -0.02248 -0.05048 0.010 0.66824 8.0000 17.42 0.5856 0.6995 1.407023 
880.7736 25.741 212.685 -0.56024 -0.35946 0.271 0.52981 8.0000 17.62 0.6127 0.8215 1.407674 
880.3658 38.166 191.827 -1.09892 -0.23011 -0.009 0.27302 8.0000 17.19 0.6245 0.8574 1.408326 
879.9579 48.248 236.686 -2.25348 -3.42873 -0.013 -0.46726 8.0000 17.29 0.9601 1.2755 1.408979 
879.5499 42.289 147.569 -1.16558 0.74058 0.011 0.13106 8.0000 17.24 0.7025 0.9724 1.409632 
879.1418 39.449 111.355 -0.66264 1.69481 0.072 0.35711 8.0000 17.29 1.3326 1.5516 1.410287 
878.7336 34.603 104.635 -0.41413 1.58594 -0.003 0.62245 8.0000 17.19 1.9777 2.1497 1.410942 
878.3253 34.792 102.028 -0.39738 1.86509 -0.112 0.70980 8.0000 17.35 2.2860 2.5933 1.411598 
877.9170 34.717 100.825 -0.37267 1.94891 0.790 0.74446 8.0000 17.16 2.3905 2.8177 1.412254 
877.5085 34.460 101.594 -0.38955 1.89867 190.910 0.74713 8.0000 17.25 2.2494 2.8034 1.412912 
877.1000 33.788 104.766 -0.45211 1.71530 0.880 0.73202 8.0000 17.30 1.8501 2.4732 1.413570 
876.6915 32.243 114.348 -0.56998 1.25954 0.754 0.65985 8.0000 17.14 1.2223 1.9108 1.414228 
876.2828 33.556 145.395 -0.82714 0.57071 0.036 0.42425 8.0000 17.03 0.7146 1.0982 1.414888 
875.8740 42.556 241.861 -1.35524 -2.53394 0.097 0.24573 8.0000 17.34 0.9602 1.0701 1.415548 
875.4651 17.625 162.351 -0.46986 0.14949 0.021 0.69767 8.0000 17.20 0.7061 1.9653 1.416209 
875.0562 16.642 164.902 -0.41484 0.11191 0.105 0.65452 8.0000 17.12 0.6753 0.8230 1.416871 
874.6472 4.391 67.661 0.04286 0.10431 2.296 0.72992 8.0000 16.84 0.6427 2.3357 1.417534 
874.2380 33.690 24.918 1.29360 0.60095 0.000 0.59435 8.0000 16.98 0.7562 3.3486 1.418197 
873.8289 27.172 96.626 -0.06999 0.60253 0.689 0.43517 8.0000 16.64 0.7709 4.0325 1.418861 
873.4196 32.782 104.241 -0.14896 0.58690 0.722 0.27513 8.0000 17.09 0.7030 4.2442 1.419526 
873.0102 28.374 104.778 -0.14489 0.54924 0.082 0.37243 8.0000 16.79 0.6814 4.0055 1.420192 
872.6007 24.777 104.834 -0.10998 0.41526 -0.036 0.36618 8.0000 16.60 0.6261 3.2838 1.420858 
872.1912 21.759 80.974 0.07704 0.48497 -0.061 0.51713 8.0000 16.73 0.5970 2.2591 1.421525 
871.7816 13.642 80.628 0.05700 0.34539 -0.026 0.67869 8.0000 16.25 0.6906 0.7789 1.422193 
871.3718 11.559 76.306 0.07158 0.29377 0.783 0.70827 8.0000 16.85 0.8640 2.0959 1.422862 
870.9620 8.304 94.486 -0.01253 0.15971 -0.067 0.53715 8.0000 16.51 0.6141 0.6927 1.423532 
870.5521 5.268 148.727 -0.07415 0.04504 0.765 0.46644 8.0000 16.57 0.5798 0.6910 1.424202 
870.1422 5.181 172.217 -0.08834 0.01207 0.712 0.48756 8.0000 16.56 0.5695 0.6908 1.424873 
869.7321 7.160 108.731 -0.04051 0.11945 0.015 0.49412 8.0000 16.30 0.5835 0.6893 1.425545 
869.3219 12.820 85.958 0.01622 0.22954 0.657 0.47940 8.0000 16.24 0.6227 0.6977 1.426217 
868.9117 16.613 76.103 0.08257 0.33373 0.717 0.52483 8.0000 16.32 0.6770 0.7140 1.426891 
868.5013 19.232 71.198 0.14137 0.41524 -0.006 0.55217 8.0000 16.19 0.7586 0.7663 1.427565 
868.0909 20.947 68.913 0.19060 0.49429 0.619 0.59057 8.0000 16.14 0.8940 0.9078 1.428240 
867.6805 20.514 69.025 0.18397 0.47989 -0.009 0.59064 8.0000 16.02 0.8635 0.8677 1.428915 
867.2699 19.344 69.159 0.16172 0.42480 0.676 0.56760 8.0000 15.98 0.7551 0.7573 1.429592 
866.8592 18.967 67.353 0.16919 0.40550 0.673 0.56374 8.0000 16.00 0.7172 0.7186 1.430269 
866.4485 16.995 63.604 0.18158 0.36585 -0.112 0.60576 8.0000 15.70 0.6763 0.6779 1.430947 
866.0376 17.993 59.022 0.22438 0.37376 0.579 0.60035 8.0000 15.57 0.6667 0.6759 1.431626 
865.6267 17.797 62.153 0.21152 0.40037 0.603 0.63261 8.0000 15.98 0.6817 0.6836 1.432306 
865.2157 17.552 64.296 0.18795 0.39047 -0.007 0.61652 8.0000 15.37 0.6645 0.6763 1.432986 
864.8046 18.583 65.851 0.18576 0.41432 0.594 0.59894 8.0000 15.41 0.6831 0.7087 1.433667 
864.3934 18.296 66.814 0.17349 0.40505 0.586 0.59350 8.0000 15.40 0.6821 0.7211 1.434349 
863.9821 19.884 68.558 0.17815 0.45361 0.659 0.58560 8.0000 15.12 0.6996 0.7525 1.435032 
863.5707 18.129 66.283 0.17848 0.40627 -1.333 0.60500 8.0000 15.20 0.7006 0.7370 1.435716 
863.1593 14.578 63.916 0.14347 0.29306 0.645 0.58487 8.0000 15.17 0.6345 0.6582 1.436400 
862.7477 15.150 58.794 0.18931 0.31252 0.583 0.62527 8.0000 15.18 0.6781 0.6863 1.437085 
862.3361 14.931 53.529 0.21849 0.29558 -0.002 0.64018 8.0000 14.87 0.6873 0.6928 1.437771 
861.9244 16.018 49.800 0.24771 0.29313 0.577 0.61333 8.0000 14.80 0.6978 0.7213 1.438458 
861.5126 15.703 52.473 0.24058 0.31323 -0.761 0.64687 8.0000 14.77 0.7081 0.7228 1.439145 
861.1008 13.479 54.695 0.18112 0.25576 0.544 0.61617 8.0000 14.62 0.6550 0.6613 1.439834 
860.6888 12.381 55.307 0.16227 0.23441 0.538 0.61808 8.0000 14.55 0.6355 0.6457 1.440523 
860.2767 13.644 52.014 0.19224 0.24617 0.538 0.60546 8.0000 14.17 0.6266 0.6464 1.441213 
859.8646 14.451 53.275 0.18505 0.24803 -0.002 0.56051 8.0000 14.22 0.6084 0.6384 1.441904 
859.4523 14.275 47.256 0.22762 0.24628 0.536 0.61637 8.0000 14.23 0.6231 0.6512 1.442595 
859.0400 15.067 45.312 0.25732 0.26014 2.066 0.63035 8.0000 14.18 0.6301 0.6535 1.443288 
858.6276 14.933 43.641 0.28245 0.26935 0.513 0.67968 8.0000 14.16 0.6380 0.6539 1.443981 
858.2151 16.833 44.931 0.30512 0.30438 0.521 0.64707 8.0000 14.09 0.6591 0.6659 1.444675 
857.8026 19.615 46.268 0.31447 0.32871 0.551 0.55716 8.0000 13.73 0.6952 0.6979 1.445370 
857.3899 20.982 48.415 0.32345 0.36449 0.517 0.54191 8.0000 13.79 0.7297 0.7391 1.446065 
856.9771 22.203 48.077 0.32358 0.36034 0.507 0.49446 8.0000 13.29 0.7387 0.7425 1.446762 
856.5643 22.500 46.986 0.32793 0.35149 0.492 0.48070 8.0000 13.47 0.7387 0.7425 1.447459 
856.1514 24.148 46.708 0.34030 0.36122 0.001 0.44221 8.0000 13.60 0.7539 0.7587 1.448157 
855.7383 24.474 46.107 0.33199 0.34507 0.537 0.41701 8.0000 13.53 0.7449 0.7504 1.448856 
855.3253 25.491 45.768 0.34743 0.35687 0.516 0.40357 8.0000 13.36 0.7633 0.7713 1.449556 
854.9120 25.024 43.244 0.37614 0.35376 0.625 0.43255 8.0000 13.16 0.7615 0.7684 1.450257 
854.4988 23.209 39.352 0.39304 0.32230 0.508 0.48374 8.0000 13.05 0.7252 0.7313 1.450958 
854.0854 23.337 39.005 0.40211 0.32568 0.521 0.48807 8.0000 12.86 0.7305 0.7376 1.451660 
853.6719 23.641 37.728 0.42080 0.32555 0.522 0.49125 8.0000 13.00 0.7437 0.7503 1.452364 
853.2584 22.433 35.455 0.43482 0.30963 0.483 0.53629 8.0000 12.90 0.7305 0.7344 1.453067 
852.8448 21.987 32.798 0.44440 0.28638 0.454 0.54797 8.0000 12.79 0.7227 0.7252 1.453772 
852.4311 21.544 30.099 0.44055 0.25536 0.512 0.54436 8.0000 12.54 0.7095 0.7115 1.454478 
852.0173 22.916 28.933 0.45989 0.25422 0.468 0.51045 8.0000 12.61 0.7290 0.7308 1.455184 
851.6034 22.967 27.747 0.45488 0.23929 0.453 0.49751 8.0000 12.47 0.7175 0.7199 1.455891 
851.1894 23.885 27.025 0.46712 0.23826 0.453 0.47596 8.0000 12.42 0.7198 0.7233 1.456599 
850.7753 24.750 26.682 0.49037 0.24644 0.487 0.46872 8.0000 12.40 0.7316 0.7345 1.457308 
850.3612 24.153 24.391 0.48818 0.22135 0.524 0.47748 8.0000 12.38 0.7056 0.7087 1.458018 
849.9470 24.043 24.081 0.50346 0.22501 0.424 0.49504 8.0000 12.34 0.7135 0.7170 1.458728 
849.5326 24.614 23.169 0.52254 0.22363 0.515 0.49013 8.0000 12.25 0.7334 0.7370 1.459440 
849.1182 25.287 21.693 0.53651 0.21343 0.433 0.47474 8.0000 12.44 0.7399 0.7430 1.460152 
848.7037 25.247 20.266 0.54652 0.20180 0.437 0.48036 8.0000 12.41 0.7384 0.7414 1.460865 
848.2891 24.894 18.981 0.55300 0.19021 0.452 0.49441 8.0000 12.35 0.7381 0.7414 1.461579 
847.8744 24.619 17.541 0.55411 0.17515 0.434 0.50095 8.0000 12.58 0.7317 0.7345 1.462294 
847.4597 24.482 15.714 0.56247 0.15825 0.437 0.50857 8.0000 12.53 0.7342 0.7363 1.463010 
847.0448 24.507 14.197 0.57058 0.14435 0.423 0.51136 8.0000 12.61 0.7319 0.7338 1.463726 
846.6298 24.551 12.641 0.57906 0.12987 0.432 0.51404 8.0000 12.77 0.7317 0.7337 1.464444 
846.2148 24.377 10.802 0.58788 0.11216 0.413 0.52479 8.0000 12.56 0.7362 0.7380 1.465162 
845.7997 24.323 9.310 0.59434 0.09744 0.425 0.53012 8.0000 12.73 0.7345 0.7362 1.465881 
845.3845 24.124 7.593 0.59853 0.07978 0.429 0.53897 8.0000 12.74 0.7419 0.7435 1.466601 
844.9692 24.244 6.162 0.61108 0.06598 0.431 0.54402 8.0000 12.79 0.7359 0.7376 1.467322 
844.5538 24.508 4.514 0.62231 0.04913 0.457 0.54235 8.0000 12.80 0.7279 0.7298 1.468044 
844.1383 23.938 2.656 0.60939 0.02827 0.415 0.55168 8.0000 12.92 0.7395 0.7415 1.468766 
843.7227 23.327 1.093 0.60194 0.01149 0.430 0.56825 8.0000 13.29 0.7531 0.7551 1.469490 
843.3071 23.075 359.133 0.59986 -0.00908 0.397 0.57632 8.0000 13.29 0.7592 0.7610 1.470214 
842.8914 22.994 357.302 0.60796 -0.02865 0.437 0.58798 8.0000 13.44 0.7594 0.7613 1.470939 
842.4755 22.836 356.148 0.60352 -0.04064 0.431 0.59086 8.0000 13.56 0.7656 0.7678 1.471665 
842.0596 23.047 355.047 0.61496 -0.05329 0.438 0.59411 8.0000 13.75 0.7613 0.7631 1.472392 
841.6436 22.910 353.672 0.61409 -0.06810 0.430 0.60040 8.0000 13.95 0.7664 0.7683 1.473120 
841.2275 22.262 352.186 0.59751 -0.08200 0.423 0.61320 8.0000 14.11 0.7834 0.7851 1.473849 
840.8113 21.943 350.676 0.57899 -0.09506 0.425 0.61001 8.0000 14.42 0.7953 0.7967 1.474578 
840.3951 21.948 349.558 0.58028 -0.10694 0.426 0.61325 8.0000 14.38 0.7973 0.7989 1.475308 
839.9787 21.718 348.071 0.57381 -0.12122 0.446 0.61939 8.0000 14.55 0.7983 0.8001 1.476040 
839.5623 21.470 346.817 0.56680 -0.13277 0.445 0.62557 8.0000 15.00 0.8069 0.8094 1.476772 
839.1457 21.585 345.460 0.55643 -0.14432 0.484 0.61281 8.0000 15.00 0.8044 0.8071 1.477505 
838.7291 21.707 344.232 0.55831 -0.15765 0.463 0.61319 8.0000 15.26 0.8051 0.8077 1.478239 
838.3124 21.697 342.642 0.55802 -0.17442 0.457 0.61836 8.0000 15.64 0.8077 0.8104 1.478974 
837.8956 21.436 341.364 0.55265 -0.18637 0.471 0.62824 8.0000 15.97 0.8094 0.8119 1.479709 
837.4787 21.219 340.123 0.55247 -0.19974 0.479 0.64248 8.0000 16.15 0.8065 0.8090 1.480446 
837.0617 21.096 338.609 0.54558 -0.21372 0.517 0.64637 8.0000 16.27 0.8070 0.8094 1.481183 
836.6447 20.743 337.480 0.53944 -0.22367 0.488 0.66039 8.0000 16.68 0.8099 0.8125 1.481922 
836.2275 20.608 336.094 0.53403 -0.23671 0.488 0.66687 8.0000 17.09 0.8086 0.8111 1.482661 
835.8102 20.318 334.838 0.52764 -0.24786 0.486 0.67927 8.0000 17.41 0.8098 0.8124 1.483401 
835.3929 20.115 333.346 0.51687 -0.25944 0.493 0.68365 8.0000 17.51 0.8130 0.8157 1.484142 
834.9755 19.978 331.871 0.50986 -0.27257 0.498 0.69011 8.0000 17.89 0.8131 0.8157 1.484884 
834.5579 19.847 330.665 0.50292 -0.28264 0.503 0.69504 8.0000 18.26 0.8136 0.8162 1.485627 
834.1403 19.644 329.351 0.49236 -0.29175 0.516 0.69950 8.0000 18.60 0.8142 0.8168 1.486371 
833.7227 19.453 328.174 0.48383 -0.30029 0.503 0.70557 8.0000 18.84 0.8155 0.8182 1.487115 
833.3049 19.361 326.945 0.47600 -0.30977 0.528 0.70833 8.0000 19.39 0.8143 0.8169 1.487861 
832.8870 19.194 325.816 0.46868 -0.31833 0.522 0.71511 8.0000 19.52 0.8153 0.8179 1.488608 
832.4691 18.932 324.328 0.45521 -0.32676 0.543 0.72076 8.0000 20.19 0.8168 0.8194 1.489355 
832.0510 18.789 323.142 0.44695 -0.33507 0.556 0.72595 8.0000 20.52 0.8175 0.8201 1.490103 
831.6329 18.634 321.871 0.43765 -0.34352 0.559 0.73118 8.0000 20.52 0.8179 0.8204 1.490852 
831.2146 18.449 320.426 0.42595 -0.35205 0.550 0.73604 8.0000 21.21 0.8191 0.8215 1.491603 
830.7963 18.356 319.232 0.41856 -0.36089 0.569 0.74111 8.0000 21.52 0.8197 0.8222 1.492354 
830.3779 18.245 318.111 0.40966 -0.36743 0.570 0.74397 8.0000 21.76 0.8211 0.8235 1.493106 
829.9594 18.033 316.831 0.39821 -0.37354 0.578 0.74968 8.0000 22.82 0.8239 0.8263 1.493858 
829.5408 17.834 315.680 0.38879 -0.37967 0.583 0.75717 8.0000 22.69 0.8263 0.8287 1.494612 
829.1221 17.545 314.201 0.37364 -0.38421 0.587 0.76284 8.0000 22.79 0.8279 0.8303 1.495367 
828.7034 17.351 313.017 0.36333 -0.38939 0.600 0.76906 8.0000 23.54 0.8298 0.8322 1.496123 
828.2845 17.119 311.341 0.34768 -0.39518 0.615 0.77339 8.0000 23.96 0.8296 0.8320 1.496879 
827.8656 16.955 310.045 0.33692 -0.40088 0.606 0.77897 8.0000 23.76 0.8314 0.8337 1.497637 
827.4465 16.767 308.635 0.32389 -0.40522 0.627 0.78274 8.0000 24.58 0.8321 0.8344 1.498395 
827.0275 16.550 307.111 0.30986 -0.40954 0.631 0.78779 8.0000 25.10 0.8343 0.8366 1.499154 
826.6082 16.387 305.857 0.29912 -0.41386 0.632 0.79313 8.0000 25.32 0.8351 0.8374 1.499915 
826.1889 16.216 304.617 0.28794 -0.41713 0.655 0.79770 8.0000 25.78 0.8375 0.8397 1.500676 
825.7695 16.045 303.270 0.27567 -0.42014 0.655 0.80140 8.0000 26.46 0.8391 0.8413 1.501438 
825.3500 15.842 301.770 0.26145 -0.42217 0.659 0.80454 8.0000 26.55 0.8405 0.8427 1.502201 
824.9305 15.640 300.331 0.24840 -0.42455 0.655 0.80961 8.0000 26.63 0.8424 0.8446 1.502965 
824.5108 15.473 299.039 0.23736 -0.42752 0.663 0.81558 8.0000 27.13 0.8434 0.8456 1.503730 
824.0911 15.313 297.705 0.22563 -0.42968 0.673 0.81978 8.0000 27.51 0.8447 0.8468 1.504496 
823.6713 15.147 296.221 0.21283 -0.43213 0.685 0.82453 8.0000 27.95 0.8459 0.8481 1.505263 
823.2513 14.972 294.836 0.20048 -0.43317 0.697 0.82863 8.0000 28.00 0.8475 0.8497 1.506031 
822.8313 14.827 293.406 0.18821 -0.43481 0.698 0.83221 8.0000 28.50 0.8476 0.8498 1.506800 
822.4112 14.679 292.176 0.17769 -0.43593 0.700 0.83688 8.0000 28.91 0.8499 0.8520 1.507569 
821.9910 14.549 290.907 0.16667 -0.43629 0.701 0.83920 8.0000 29.21 0.8519 0.8541 1.508340 
821.5707 14.407 289.468 0.15440 -0.43679 0.711 0.84224 8.0000 29.90 0.8524 0.8545 1.509112 
821.1503 14.260 288.073 0.14265 -0.43713 0.724 0.84618 8.0000 30.51 0.8526 0.8547 1.509884 
820.7299 14.145 286.866 0.13269 -0.43766 0.731 0.84973 8.0000 30.88 0.8539 0.8560 1.510658 
820.3093 14.010 285.523 0.12145 -0.43725 0.726 0.85278 8.0000 30.92 0.8559 0.8579 1.511432 
819.8886 13.912 284.009 0.10896 -0.43673 0.737 0.85282 8.0000 31.19 0.8555 0.8575 1.512208 
819.4679 13.796 282.656 0.09797 -0.43630 0.740 0.85564 8.0000 32.05 0.8563 0.8584 1.512984 
819.0471 13.678 281.390 0.08772 -0.43542 0.746 0.85853 8.0000 31.94 0.8578 0.8598 1.513761 
818.6262 13.563 279.982 0.07651 -0.43468 0.760 0.86156 8.0000 33.00 0.8586 0.8606 1.514540 
818.2051 13.461 278.514 0.06494 -0.43379 0.759 0.86379 8.0000 32.83 0.8590 0.8609 1.515319 
817.7841 13.361 277.136 0.05418 -0.43273 0.757 0.86630 8.0000 32.99 0.8593 0.8611 1.516099 
817.3629 13.229 275.573 0.04201 -0.43054 0.770 0.86923 8.0000 33.55 0.8594 0.8613 1.516881 
816.9416 13.121 274.240 0.03176 -0.42842 0.774 0.87142 8.0000 33.65 0.8611 0.8630 1.517663 
816.5202 13.013 272.737 0.02040 -0.42664 0.782 0.87471 8.0000 34.10 0.8620 0.8638 1.518446 
816.0988 12.915 271.290 0.00955 -0.42423 0.780 0.87664 8.0000 34.68 0.8626 0.8644 1.519230 
815.6772 12.833 269.839 -0.00119 -0.42235 0.792 0.87894 8.0000 34.72 0.8633 0.8651 1.520015 
815.2556 12.731 268.202 -0.01315 -0.41887 0.790 0.88012 8.0000 34.85 0.8631 0.8650 1.520801 
814.8338 12.640 266.673 -0.02417 -0.41580 0.794 0.88189 8.0000 35.05 0.8641 0.8660 1.521589 
814.4120 12.576 265.242 -0.03442 -0.41358 0.799 0.88384 8.0000 35.69 0.8650 0.8669 1.522377 
813.9901 12.490 263.850 -0.04424 -0.41052 0.811 0.88629 8.0000 36.41 0.8660 0.8678 1.523166 
813.5681 12.413 262.331 -0.05478 -0.40682 0.811 0.88731 8.0000 36.31 0.8668 0.8686 1.523956 
813.1460 12.341 260.538 -0.06714 -0.40287 0.821 0.88873 8.0000 36.54 0.8659 0.8678 1.524747 
812.7238 12.261 258.878 -0.07834 -0.39846 0.830 0.89021 8.0000 37.09 0.8658 0.8677 1.525539 
812.3015 12.213 257.580 -0.08713 -0.39562 0.837 0.89197 8.0000 37.55 0.8680 0.8699 1.526332 
811.8792 12.115 255.718 -0.09921 -0.38975 0.840 0.89365 8.0000 38.29 0.8674 0.8693 1.527126 
811.4567 12.044 254.083 -0.10972 -0.38477 0.838 0.89496 8.0000 38.41 0.8686 0.8704 1.527921 
811.0341 11.994 252.364 -0.12072 -0.37973 0.840 0.89547 8.0000 37.89 0.8684 0.8703 1.528717 
810.6115 11.922 250.762 -0.13062 -0.37429 0.845 0.89693 8.0000 38.38 0.8691 0.8710 1.529514 
810.1888 11.878 249.055 -0.14127 -0.36908 0.838 0.89787 8.0000 38.04 0.8686 0.8705 1.530312 
809.7659 11.832 247.321 -0.15182 -0.36332 0.851 0.89855 8.0000 39.17 0.8687 0.8706 1.531111 
809.3430 11.799 245.593 -0.16226 -0.35758 0.852 0.89885 8.0000 39.66 0.8682 0.8701 1.531912 
808.9200 11.776 243.922 -0.17235 -0.35217 0.863 0.89945 8.0000 39.62 0.8687 0.8707 1.532713 
808.4969 11.752 242.118 -0.18298 -0.34585 0.865 0.89969 8.0000 40.56 0.8688 0.8707 1.533515 
808.0737 11.735 240.275 -0.19366 -0.33918 0.876 0.89955 8.0000 40.67 0.8682 0.8702 1.534318 
807.6505 11.713 238.594 -0.20322 -0.33284 0.873 0.90006 8.0000 40.99 0.8687 0.8707 1.535122 
807.2271 11.695 236.680 -0.21391 -0.32540 0.883 0.90035 8.0000 41.27 0.8683 0.8702 1.535927 
806.8036 11.698 234.883 -0.22408 -0.31864 0.889 0.90039 8.0000 42.15 0.8679 0.8698 1.536733 
806.3801 11.694 233.048 -0.23407 -0.31117 0.885 0.90029 8.0000 41.66 0.8675 0.8694 1.537540 
805.9564 11.708 231.297 -0.24363 -0.30407 0.881 0.89971 8.0000 42.53 0.8674 0.8694 1.538349 
805.5327 11.718 229.570 -0.25287 -0.29680 0.893 0.89952 8.0000 42.71 0.8679 0.8699 1.539158 
805.1089 11.730 227.732 -0.26241 -0.28871 0.893 0.89900 8.0000 42.58 0.8678 0.8698 1.539968 
804.6850 11.728 226.024 -0.27092 -0.28078 0.900 0.89919 8.0000 43.35 0.8688 0.8708 1.540779 
804.2610 11.746 224.112 -0.28057 -0.27201 0.903 0.89906 8.0000 44.21 0.8684 0.8704 1.541591 
803.8369 11.765 222.457 -0.28873 -0.26417 0.904 0.89873 8.0000 43.87 0.8687 0.8706 1.542405 
803.4127 11.792 220.720 -0.29727 -0.25587 0.910 0.89843 8.0000 44.40 0.8696 0.8716 1.543219 
802.9884 11.825 219.011 -0.30566 -0.24761 0.917 0.89822 8.0000 44.60 0.8698 0.8718 1.544035 
802.5640 11.855 217.254 -0.31387 -0.23871 0.919 0.89790 8.0000 44.76 0.8704 0.8725 1.544851 
802.1396 11.890 215.382 -0.32232 -0.22891 0.922 0.89717 8.0000 45.93 0.8695 0.8716 1.545669 
801.7150 11.925 213.579 -0.33034 -0.21930 0.929 0.89686 8.0000 46.29 0.8699 0.8720 1.546487 
801.2903 11.970 211.767 -0.33812 -0.20938 0.927 0.89573 8.0000 46.36 0.8698 0.8719 1.547307 
800.8657 12.012 210.059 -0.34523 -0.19979 0.929 0.89490 8.0000 46.05 0.8699 0.8721 1.548127 
800.4408 12.060 208.149 -0.35294 -0.18884 0.929 0.89402 8.0000 45.82 0.8690 0.8712 1.548949 
800.0159 12.116 206.474 -0.35983 -0.17920 0.937 0.89313 8.0000 46.91 0.8688 0.8710 1.549772 
799.5909 12.188 204.732 -0.36710 -0.16910 0.939 0.89197 8.0000 46.98 0.8678 0.8699 1.550595 
799.1658 12.250 203.109 -0.37345 -0.15936 0.944 0.89099 8.0000 47.17 0.8683 0.8704 1.551420 
798.7406 12.322 201.398 -0.38020 -0.14899 0.945 0.89008 8.0000 47.54 0.8687 0.8709 1.552246 
798.3153 12.400 199.735 -0.38652 -0.13866 0.945 0.88868 8.0000 47.75 0.8693 0.8714 1.553073 
797.8899 12.487 198.100 -0.39294 -0.12843 0.957 0.88762 8.0000 48.63 0.8700 0.8722 1.553901 
797.4644 12.568 196.423 -0.39894 -0.11758 0.958 0.88637 8.0000 49.07 0.8700 0.8721 1.554730 
797.0389 12.658 194.840 -0.40483 -0.10726 0.962 0.88535 8.0000 48.74 0.8703 0.8724 1.555560 
796.6132 12.743 193.237 -0.41030 -0.09652 0.954 0.88428 8.0000 48.81 0.8709 0.8731 1.556391 
796.1875 12.826 191.516 -0.41533 -0.08462 0.968 0.88260 8.0000 49.51 0.8707 0.8728 1.557224 
795.7617 12.922 189.934 -0.42029 -0.07361 0.964 0.88091 8.0000 49.05 0.8701 0.8723 1.558057 
795.3357 13.015 188.427 -0.42476 -0.06293 0.973 0.87925 8.0000 49.80 0.8708 0.8731 1.558891 
794.9097 13.111 186.847 -0.42916 -0.05153 0.972 0.87763 8.0000 50.35 0.8714 0.8736 1.559727 
794.4836 13.216 185.211 -0.43338 -0.03953 0.979 0.87546 8.0000 50.40 0.8707 0.8730 1.560563 
794.0574 13.318 183.665 -0.43733 -0.02801 0.977 0.87377 8.0000 50.53 0.8713 0.8736 1.561401 
793.6310 13.437 182.025 -0.44160 -0.01561 0.990 0.87197 8.0000 51.38 0.8712 0.8735 1.562240 
793.2047 13.545 180.490 -0.44510 -0.00381 0.995 0.87018 8.0000 51.64 0.8714 0.8737 1.563079 
792.7782 13.657 178.841 -0.44818 0.00907 0.985 0.86797 8.0000 50.87 0.8708 0.8732 1.563920 
792.3516 13.768 177.351 -0.45106 0.02087 0.986 0.86607 8.0000 51.47 0.8706 0.8729 1.564762 
791.9249 13.890 175.791 -0.45401 0.03341 0.985 0.86414 8.0000 51.01 0.8701 0.8724 1.565605 
791.4982 14.014 174.310 -0.45657 0.04549 0.985 0.86190 8.0000 51.00 0.8699 0.8723 1.566449 
791.0714 14.125 172.880 -0.45849 0.05727 0.984 0.85988 8.0000 51.83 0.8703 0.8727 1.567295 
790.6444 14.240 171.400 -0.46027 0.06961 0.989 0.85803 8.0000 51.56 0.8710 0.8733 1.568141 
790.2173 14.362 169.967 -0.46176 0.08169 0.988 0.85569 8.0000 51.75 0.8713 0.8737 1.568989 
789.7902 14.494 168.494 -0.46321 0.09429 1.000 0.85323 8.0000 52.16 0.8710 0.8734 1.569837 
789.3630 14.627 167.076 -0.46436 0.10656 0.998 0.85056 8.0000 51.75 0.8709 0.8733 1.570687 
788.9357 14.754 165.737 -0.46514 0.11824 0.999 0.84800 8.0000 52.83 0.8712 0.8735 1.571537 
788.5083 14.891 164.276 -0.46588 0.13116 0.998 0.84573 8.0000 52.98 0.8707 0.8730 1.572389 
788.0807 15.021 162.886 -0.46615 0.14353 1.005 0.84335 8.0000 52.58 0.8709 0.8732 1.573242 
787.6532 15.156 161.504 -0.46633 0.15600 1.006 0.84106 8.0000 52.79 0.8712 0.8735 1.574096 
787.2255 15.293 160.175 -0.46636 0.16813 0.998 0.83874 8.0000 52.59 0.8709 0.8731 1.574951 
786.7977 15.434 158.807 -0.46601 0.18068 1.005 0.83622 8.0000 53.40 0.8703 0.8724 1.575808 
786.3699 15.568 157.513 -0.46550 0.19269 1.014 0.83396 8.0000 53.25 0.8705 0.8726 1.576665 
785.9419 15.701 156.203 -0.46446 0.20482 1.009 0.83155 8.0000 53.31 0.8714 0.8736 1.577524 
785.5139 15.830 154.913 -0.46311 0.21681 1.015 0.82923 8.0000 52.86 0.8719 0.8740 1.578383 
785.0857 15.979 153.573 -0.46172 0.22947 1.015 0.82646 8.0000 53.87 0.8712 0.8733 1.579244 
784.6575 16.121 152.310 -0.46015 0.24148 1.011 0.82389 8.0000 53.69 0.8712 0.8734 1.580106 
784.2291 16.253 151.094 -0.45814 0.25297 1.024 0.82127 8.0000 53.98 0.8715 0.8736 1.580969 
783.8007 16.384 149.864 -0.45573 0.26456 1.027 0.81867 8.0000 53.85 0.8714 0.8735 1.581833 
783.3722 16.523 148.603 -0.45305 0.27651 1.017 0.81590 8.0000 53.94 0.8716 0.8736 1.582698 
782.9435 16.671 147.379 -0.45038 0.28827 1.022 0.81277 8.0000 54.15 0.8718 0.8738 1.583565 
782.5148 16.811 146.179 -0.44759 0.29988 1.018 0.81022 8.0000 54.13 0.8727 0.8747 1.584433 
782.0861 16.947 145.027 -0.44448 0.31091 1.018 0.80741 8.0000 53.68 0.8730 0.8750 1.585301 
781.6572 17.083 143.851 -0.44104 0.32219 1.018 0.80472 8.0000 53.28 0.8730 0.8750 1.586171 
781.2282 17.225 142.645 -0.43725 0.33376 1.018 0.80186 8.0000 53.65 0.8732 0.8751 1.587042 
780.7991 17.366 141.463 -0.43341 0.34522 1.028 0.79927 8.0000 53.77 0.8736 0.8755 1.587914 
780.3699 17.507 140.255 -0.42899 0.35673 1.030 0.79637 8.0000 53.69 0.8741 0.8761 1.588788 
779.9407 17.641 139.118 -0.42455 0.36752 1.030 0.79362 8.0000 53.95 0.8744 0.8763 1.589662 
779.5113 17.788 137.931 -0.41990 0.37900 1.028 0.79078 8.0000 53.73 0.8745 0.8764 1.590537 
779.0818 17.941 136.787 -0.41530 0.39017 1.038 0.78771 8.0000 53.89 0.8748 0.8767 1.591414 
778.6523 18.093 135.664 -0.41057 0.40116 1.037 0.78470 8.0000 53.89 0.8751 0.8770 1.592292 
778.2227 18.245 134.520 -0.40535 0.41219 1.029 0.78158 8.0000 54.26 0.8754 0.8773 1.593171 
777.7930 18.392 133.399 -0.39991 0.42291 1.033 0.77848 8.0000 53.67 0.8761 0.8780 1.594051 
777.3632 18.543 132.286 -0.39431 0.43355 1.033 0.77528 8.0000 53.33 0.8765 0.8784 1.594933 
776.9332 18.689 131.178 -0.38825 0.44384 1.031 0.77189 8.0000 53.90 0.8769 0.8787 1.595815 
776.5032 18.836 130.084 -0.38226 0.45421 1.024 0.76886 8.0000 54.08 0.8773 0.8792 1.596699 
776.0731 18.983 129.008 -0.37601 0.46420 1.033 0.76557 8.0000 53.77 0.8773 0.8791 1.597584 
775.6429 19.131 127.941 -0.36965 0.47413 1.039 0.76229 8.0000 52.91 0.8772 0.8790 1.598470 
775.2126 19.284 126.910 -0.36345 0.48389 1.033 0.75896 8.0000 53.64 0.8772 0.8790 1.599357 
774.7822 19.426 125.883 -0.35699 0.49347 1.039 0.75612 8.0000 53.96 0.8779 0.8797 1.600246 
774.3517 19.569 124.851 -0.35024 0.50297 1.039 0.75314 8.0000 53.86 0.8781 0.8799 1.601135 
773.9212 19.711 123.839 -0.34345 0.51228 1.026 0.75028 8.0000 53.20 0.8786 0.8804 1.602026 
773.4905 19.852 122.846 -0.33654 0.52130 1.017 0.74727 8.0000 52.95 0.8789 0.8807 1.602918 
773.0598 20.001 121.811 -0.32923 0.53076 1.015 0.74428 8.0000 53.82 0.8793 0.8810 1.603811 
772.6289 20.149 120.814 -0.32192 0.53971 1.024 0.74106 8.0000 53.21 0.8799 0.8816 1.604706 
772.1980 20.298 119.819 -0.31447 0.54867 1.028 0.73795 8.0000 53.06 0.8805 0.8822 1.605601 
771.7669 20.439 118.832 -0.30681 0.55734 1.024 0.73502 8.0000 52.87 0.8809 0.8826 1.606498 
771.3358 20.577 117.862 -0.29903 0.56567 1.021 0.73205 8.0000 53.32 0.8815 0.8832 1.607396 
770.9046 20.724 116.870 -0.29088 0.57412 1.019 0.72879 8.0000 52.94 0.8820 0.8837 1.608295 
770.4733 20.874 115.916 -0.28301 0.58241 1.020 0.72554 8.0000 52.83 0.8828 0.8844 1.609195 
770.0419 21.021 114.985 -0.27511 0.59038 1.017 0.72232 8.0000 52.45 0.8834 0.8850 1.610097 
769.6104 21.157 114.052 -0.26686 0.59791 1.014 0.71921 8.0000 52.85 0.8837 0.8853 1.610999 
769.1787 21.308 113.091 -0.25840 0.60608 1.015 0.71610 8.0000 53.08 0.8839 0.8855 1.611904 
768.7471 21.471 112.155 -0.25013 0.61428 1.015 0.71271 8.0000 52.76 0.8844 0.8860 1.612809 
768.3152 21.623 111.248 -0.24182 0.62192 1.011 0.70943 8.0000 52.58 0.8852 0.8867 1.613715 
767.8834 21.767 110.316 -0.23284 0.62892 1.014 0.70586 8.0000 52.84 0.8852 0.8867 1.614623 
767.4514 21.919 109.415 -0.22417 0.63602 1.008 0.70230 8.0000 52.98 0.8856 0.8872 1.615531 
767.0193 22.084 108.475 -0.21514 0.64390 1.001 0.69889 8.0000 52.67 0.8859 0.8874 1.616442 
766.5872 22.239 107.571 -0.20622 0.65122 1.007 0.69565 8.0000 52.16 0.8864 0.8880 1.617353 
766.1549 22.403 106.659 -0.19707 0.65856 0.997 0.69206 8.0000 52.24 0.8866 0.8882 1.618265 
765.7225 22.571 105.754 -0.18787 0.66599 0.995 0.68857 8.0000 52.88 0.8870 0.8886 1.619179 
765.2901 22.718 104.930 -0.17916 0.67191 0.989 0.68488 8.0000 52.17 0.8874 0.8889 1.620094 
764.8575 22.895 104.039 -0.16984 0.67926 0.985 0.68111 8.0000 52.46 0.8881 0.8895 1.621010 
764.4249 23.051 103.185 -0.16059 0.68551 0.984 0.67749 8.0000 51.79 0.8888 0.8903 1.621928 
763.9922 23.186 102.375 -0.15159 0.69090 0.972 0.67426 8.0000 51.59 0.8894 0.8908 1.622846 
763.5593 23.341 101.555 -0.14243 0.69662 0.983 0.67048 8.0000 52.06 0.8898 0.8913 1.623766 
763.1264 23.509 100.743 -0.13333 0.70272 0.970 0.66655 8.0000 51.42 0.8902 0.8916 1.624687 
762.6934 23.676 99.884 -0.12353 0.70894 0.971 0.66284 8.0000 51.66 0.8907 0.8921 1.625610 
762.2603 23.828 99.069 -0.11396 0.71399 0.971 0.65891 8.0000 51.39 0.8907 0.8922 1.626533 
761.8271 23.978 98.251 -0.10429 0.71916 0.964 0.65533 8.0000 51.59 0.8911 0.8925 1.627458 
761.3938 24.125 97.465 -0.09483 0.72374 0.962 0.65148 8.0000 51.01 0.8914 0.8928 1.628385 
760.9604 24.272 96.658 -0.08494 0.72765 0.950 0.64712 8.0000 50.41 0.8912 0.8926 1.629312 
760.5269 24.452 95.835 -0.07493 0.73322 0.941 0.64287 8.0000 50.65 0.8917 0.8932 1.630241 
760.0933 24.605 95.024 -0.06479 0.73697 0.935 0.63835 8.0000 50.67 0.8922 0.8936 1.631171 
759.6597 24.741 94.237 -0.05479 0.73955 0.931 0.63377 8.0000 50.36 0.8921 0.8935 1.632102 
759.2259 24.915 93.467 -0.04506 0.74382 0.932 0.62904 8.0000 49.64 0.8925 0.8939 1.633034 
758.7921 25.088 92.703 -0.03532 0.74801 0.919 0.62445 8.0000 49.48 0.8929 0.8943 1.633968 
758.3581 25.263 91.904 -0.02498 0.75139 0.914 0.61916 8.0000 49.35 0.8926 0.8940 1.634903 
757.9240 25.501 91.107 -0.01464 0.75801 0.906 0.61390 8.0000 49.41 0.8934 0.8948 1.635839 
757.4899 25.717 90.310 -0.00413 0.76302 0.901 0.60840 8.0000 49.20 0.8941 0.8955 1.636777 
757.0556 25.945 89.511 0.00656 0.76810 0.888 0.60249 8.0000 48.34 0.8945 0.8959 1.637716 
756.6213 26.181 88.709 0.01742 0.77336 0.881 0.59654 8.0000 47.50 0.8954 0.8967 1.638656 
756.1868 26.433 87.900 0.02855 0.77866 0.873 0.59002 8.0000 46.94 0.8959 0.8972 1.639597 
755.7523 26.635 87.106 0.03949 0.78113 0.865 0.58363 8.0000 46.08 0.8957 0.8970 1.640540 
755.3177 26.800 86.251 0.05115 0.78065 0.859 0.57679 8.0000 46.87 0.8945 0.8958 1.641484 
754.8830 27.014 85.378 0.06319 0.78164 0.857 0.56915 8.0000 45.91 0.8935 0.8948 1.642429 
754.4482 27.298 84.557 0.07490 0.78605 0.846 0.56125 8.0000 45.55 0.8938 0.8951 1.643376 
754.0132 27.565 83.644 0.08786 0.78870 0.841 0.55299 8.0000 45.78 0.8936 0.8949 1.644324 
753.5782 27.832 82.703 0.10119 0.79031 0.824 0.54424 8.0000 44.48 0.8930 0.8943 1.645273 
753.1431 28.110 81.754 0.11468 0.79135 0.815 0.53489 8.0000 44.40 0.8923 0.8935 1.646223 
752.7079 28.466 80.801 0.12887 0.79573 0.798 0.52486 8.0000 43.16 0.8928 0.8941 1.647175 
752.2726 28.858 79.825 0.14376 0.80097 0.790 0.51413 8.0000 43.33 0.8935 0.8947 1.648129 
751.8373 29.168 78.761 0.15894 0.79985 0.776 0.50293 8.0000 42.04 0.8918 0.8930 1.649083 
751.4018 29.594 77.747 0.17475 0.80464 0.769 0.49108 8.0000 41.72 0.8928 0.8940 1.650039 
750.9662 30.046 76.742 0.19086 0.81004 0.758 0.47871 8.0000 40.98 0.8945 0.8957 1.650996 
750.5306 30.475 75.654 0.20786 0.81271 0.744 0.46594 8.0000 40.10 0.8951 0.8963 1.651954 
750.0948 30.946 74.544 0.22565 0.81613 0.733 0.45227 8.0000 39.41 0.8955 0.8968 1.652914 
749.6589 31.401 73.358 0.24451 0.81801 0.726 0.43874 8.0000 38.56 0.8963 0.8974 1.653875 
749.2230 31.849 72.160 0.26338 0.81838 0.712 0.42493 8.0000 37.92 0.8966 0.8978 1.654837 
748.7869 32.294 70.931 0.28232 0.81670 0.698 0.41055 8.0000 37.40 0.8962 0.8974 1.655801 
748.3508 32.806 69.772 0.30214 0.81995 0.683 0.39617 8.0000 36.35 0.8981 0.8993 1.656766 
747.9146 33.256 68.503 0.32200 0.81755 0.672 0.38182 8.0000 35.58 0.8984 0.8995 1.657732 
747.4782 33.704 67.147 0.34259 0.81289 0.654 0.36707 8.0000 34.26 0.8981 0.8992 1.658700 
747.0417 34.232 65.982 0.36347 0.81568 0.646 0.35242 8.0000 33.92 0.9009 0.9020 1.659669 
746.6052 34.717 64.678 0.38484 0.81334 0.629 0.33762 8.0000 33.36 0.9019 0.9030 1.660639 
746.1686 35.236 63.504 0.40638 0.81520 0.614 0.32306 8.0000 32.68 0.9050 0.9062 1.661611 
745.7319 35.725 62.274 0.42783 0.81398 0.602 0.30857 8.0000 31.48 0.9073 0.9085 1.662584 
745.2950 36.190 60.992 0.44960 0.81082 0.587 0.29446 8.0000 30.73 0.9094 0.9105 1.663559 
744.8582 36.687 59.868 0.47145 0.81224 0.575 0.28044 8.0000 30.19 0.9135 0.9146 1.664534 
744.4211 37.125 58.612 0.49311 0.80821 0.559 0.26700 8.0000 29.11 0.9157 0.9168 1.665512 
743.9841 37.512 57.233 0.51457 0.79947 0.542 0.25434 8.0000 28.37 0.9167 0.9177 1.666490 
743.5468 37.899 55.835 0.53592 0.78962 0.532 0.24153 8.0000 27.32 0.9173 0.9184 1.667470 
743.1096 38.263 54.549 0.55577 0.78057 0.519 0.22960 8.0000 26.79 0.9184 0.9194 1.668451 
742.6722 38.611 53.234 0.57575 0.77058 0.505 0.21814 8.0000 25.71 0.9196 0.9207 1.669434 
742.2347 38.929 51.821 0.59538 0.75717 0.492 0.20723 8.0000 25.16 0.9196 0.9206 1.670418 
741.7971 39.251 50.476 0.61599 0.74662 0.479 0.19690 8.0000 24.25 0.9210 0.9221 1.671403 
741.3594 39.516 48.912 0.63601 0.72940 0.463 0.18755 8.0000 23.15 0.9205 0.9215 1.672390 
740.9216 39.770 47.510 0.65521 0.71529 0.455 0.17907 8.0000 22.83 0.9212 0.9223 1.673378 
740.4838 39.996 46.004 0.67392 0.69797 0.440 0.17123 8.0000 21.97 0.9211 0.9221 1.674367 
740.0458 40.180 44.353 0.69171 0.67626 0.425 0.16432 8.0000 21.18 0.9197 0.9207 1.675358 
739.6077 40.326 42.575 0.70881 0.65123 0.419 0.15844 8.0000 20.42 0.9175 0.9185 1.676351 
739.1696 40.443 40.617 0.72529 0.62202 0.407 0.15330 8.0000 19.54 0.9141 0.9152 1.677344 
738.7313 40.532 38.525 0.74098 0.58994 0.398 0.14892 8.0000 18.88 0.9102 0.9113 1.678339 
738.2930 40.598 36.302 0.75581 0.55524 0.392 0.14527 8.0000 18.52 0.9059 0.9069 1.679336 
737.8545 40.619 33.837 0.76965 0.51596 0.379 0.14281 8.0000 18.09 0.9008 0.9018 1.680334 
737.4160 40.610 31.162 0.78229 0.47306 0.375 0.14120 8.0000 17.76 0.8954 0.8964 1.681333 
736.9773 40.587 28.260 0.79606 0.42792 0.370 0.14033 8.0000 17.43 0.8909 0.8919 1.682334 
736.5386 40.532 25.464 0.80688 0.38425 0.365 0.14051 8.0000 17.27 0.8864 0.8875 1.683336 
736.0997 40.438 22.154 0.81663 0.33250 0.361 0.14162 8.0000 17.53 0.8812 0.8823 1.684340 
735.6608 40.321 18.815 0.82547 0.28126 0.359 0.14373 8.0000 16.94 0.8771 0.8782 1.685344 
735.2218 40.178 15.480 0.83275 0.23064 0.355 0.14684 8.0000 16.71 0.8739 0.8750 1.686351 
734.7827 40.015 12.088 0.83916 0.17971 0.352 0.15085 8.0000 16.86 0.8713 0.8724 1.687359 
734.3434 39.833 8.565 0.84479 0.12723 0.355 0.15579 8.0000 17.14 0.8696 0.8707 1.688368 
733.9041 39.630 5.104 0.84908 0.07583 0.356 0.16168 8.0000 17.43 0.8689 0.8700 1.689379 
733.4647 39.407 1.573 0.85192 0.02339 0.355 0.16854 8.0000 17.93 0.8689 0.8700 1.690391 
733.0252 39.163 358.213 0.85319 -0.02662 0.358 0.17636 8.0000 18.21 0.8699 0.8710 1.691404 
732.5856 38.905 354.997 0.85365 -0.07473 0.360 0.18512 8.0000 18.64 0.8716 0.8727 1.692419 
732.1459 38.629 352.028 0.85255 -0.11939 0.369 0.19467 8.0000 19.29 0.8737 0.8748 1.693436 
731.7061 38.342 348.962 0.85028 -0.16587 0.373 0.20503 8.0000 19.97 0.8763 0.8774 1.694453 
731.2662 38.035 345.994 0.84650 -0.21115 0.382 0.21640 8.0000 20.66 0.8797 0.8808 1.695473 
730.8262 37.710 343.415 0.84182 -0.25072 0.391 0.22847 8.0000 21.46 0.8830 0.8841 1.696494 
730.3861 37.359 341.140 0.83537 -0.28536 0.399 0.24121 8.0000 22.27 0.8859 0.8870 1.697516 
729.9459 36.994 338.879 0.82791 -0.31981 0.409 0.25469 8.0000 23.20 0.8889 0.8900 1.698539 
729.5057 36.607 336.821 0.81902 -0.35068 0.420 0.26874 8.0000 23.88 0.8917 0.8928 1.699564 
729.0653 36.189 334.980 0.80913 -0.37765 0.433 0.28363 8.0000 24.81 0.8939 0.8950 1.700591 
728.6248 35.751 333.349 0.79928 -0.40114 0.441 0.29918 8.0000 25.79 0.8958 0.8969 1.701619 
728.1843 35.290 331.871 0.78909 -0.42185 0.454 0.31546 8.0000 27.07 0.8975 0.8986 1.702648 
727.7436 34.804 330.455 0.77708 -0.44045 0.466 0.33203 8.0000 27.88 0.8987 0.8998 1.703680 
727.3028 34.287 328.932 0.76209 -0.45914 0.481 0.34915 8.0000 29.07 0.8992 0.9003 1.704712 
726.8619 33.749 327.362 0.74532 -0.47734 0.495 0.36666 8.0000 30.33 0.8994 0.9005 1.705746 
726.4210 33.172 325.820 0.72627 -0.49320 0.510 0.38457 8.0000 31.70 0.8987 0.8998 1.706781 
725.9799 32.573 324.350 0.70644 -0.50669 0.525 0.40271 8.0000 32.58 0.8980 0.8991 1.707818 
725.5388 31.970 322.811 0.68531 -0.51997 0.541 0.42067 8.0000 33.79 0.8970 0.8981 1.708857 
725.0975 31.360 321.252 0.66367 -0.53261 0.559 0.43884 8.0000 35.21 0.8965 0.8976 1.709897 
724.6561 30.707 319.836 0.64134 -0.54129 0.569 0.45730 8.0000 35.87 0.8953 0.8964 1.710938 
724.2147 30.016 318.565 0.61888 -0.54628 0.583 0.47599 8.0000 37.40 0.8933 0.8944 1.711981 
723.7732 29.325 317.273 0.59650 -0.55095 0.598 0.49466 8.0000 38.45 0.8917 0.8928 1.713025 
723.3315 28.651 315.818 0.57332 -0.55718 0.612 0.51319 8.0000 39.14 0.8906 0.8917 1.714072 
722.8898 28.001 314.257 0.55000 -0.56446 0.632 0.53155 8.0000 41.22 0.8903 0.8914 1.715119 
722.4479 27.359 312.738 0.52706 -0.57042 0.646 0.54951 8.0000 42.30 0.8899 0.8911 1.716168 
722.0060 26.741 311.107 0.50367 -0.57723 0.667 0.56722 8.0000 43.47 0.8901 0.8912 1.717218 
721.5640 26.145 309.453 0.48009 -0.58336 0.673 0.58411 8.0000 44.04 0.8906 0.8918 1.718270 
721.1218 25.540 307.868 0.45661 -0.58722 0.693 0.60064 8.0000 45.64 0.8908 0.8919 1.719324 
720.6796 24.937 306.315 0.43336 -0.58963 0.705 0.61677 8.0000 46.99 0.8908 0.8920 1.720379 
720.2373 24.328 304.878 0.41084 -0.58940 0.719 0.63216 8.0000 48.18 0.8905 0.8916 1.721435 
719.7949 23.696 303.516 0.38834 -0.58637 0.729 0.64692 8.0000 48.98 0.8897 0.8908 1.722493 
719.3524 23.099 301.886 0.36418 -0.58539 0.748 0.66121 8.0000 49.84 0.8894 0.8905 1.723553 
718.9097 22.546 300.369 0.34223 -0.58404 0.764 0.67473 8.0000 51.15 0.8893 0.8904 1.724614 
718.4670 22.101 298.674 0.32091 -0.58678 0.777 0.68769 8.0000 52.33 0.8905 0.8916 1.725677 
718.0242 21.662 296.979 0.29938 -0.58809 0.796 0.69968 8.0000 53.81 0.8914 0.8925 1.726741 
717.5813 21.231 295.351 0.27848 -0.58776 0.806 0.71072 8.0000 54.64 0.8920 0.8932 1.727807 
717.1383 20.815 293.773 0.25845 -0.58676 0.815 0.72138 8.0000 54.53 0.8926 0.8937 1.728874 
716.6952 20.403 292.178 0.23841 -0.58484 0.830 0.73155 8.0000 55.86 0.8929 0.8941 1.729943 
716.2520 20.011 290.590 0.21883 -0.58251 0.845 0.74102 8.0000 57.13 0.8932 0.8944 1.731013 
715.8087 19.660 288.893 0.19893 -0.58125 0.855 0.75003 8.0000 58.18 0.8938 0.8949 1.732086 
715.3653 19.323 287.229 0.17963 -0.57926 0.871 0.75848 8.0000 59.14 0.8943 0.8955 1.733159 
714.9218 18.993 285.584 0.16083 -0.57663 0.877 0.76663 8.0000 59.40 0.8947 0.8959 1.734234 
714.4782 18.683 283.935 0.14243 -0.57401 0.891 0.77448 8.0000 60.40 0.8950 0.8962 1.735311 
714.0345 18.387 282.225 0.12367 -0.57078 0.904 0.78140 8.0000 61.03 0.8952 0.8964 1.736389 
713.5907 18.093 280.503 0.10512 -0.56704 0.915 0.78838 8.0000 61.91 0.8955 0.8967 1.737469 
713.1469 17.830 278.740 0.08667 -0.56371 0.921 0.79485 8.0000 61.76 0.8957 0.8968 1.738550 
712.7028 17.566 276.974 0.06846 -0.55966 0.932 0.80129 8.0000 62.83 0.8957 0.8969 1.739634 
712.2588 17.303 275.210 0.05059 -0.55485 0.944 0.80743 8.0000 64.30 0.8958 0.8970 1.740718 
711.8146 17.054 273.408 0.03274 -0.54983 0.955 0.81330 8.0000 64.15 0.8959 0.8971 1.741805 
711.3703 16.832 271.516 0.01443 -0.54520 0.972 0.81890 8.0000 65.27 0.8960 0.8972 1.742892 
710.9259 16.602 269.637 -0.00341 -0.53955 0.974 0.82439 8.0000 65.20 0.8960 0.8971 1.743982 
710.4814 16.368 267.719 -0.02124 -0.53317 0.980 0.83003 8.0000 65.84 0.8959 0.8971 1.745073 
710.0369 16.124 265.786 -0.03873 -0.52569 0.988 0.83548 8.0000 66.77 0.8956 0.8968 1.746165 
709.5922 15.896 263.794 -0.05634 -0.51810 0.999 0.84080 8.0000 67.64 0.8953 0.8965 1.747260 
709.1474 15.652 261.742 -0.07388 -0.50907 1.007 0.84592 8.0000 69.00 0.8949 0.8961 1.748356 
708.7026 15.425 259.636 -0.09145 -0.50004 1.018 0.85105 8.0000 70.24 0.8944 0.8956 1.749453 
708.2576 15.174 257.473 -0.10871 -0.48928 1.028 0.85605 8.0000 70.81 0.8938 0.8950 1.750552 
707.8125 14.954 255.280 -0.12587 -0.47912 1.035 0.86118 8.0000 70.55 0.8933 0.8945 1.751653 
707.3674 14.719 252.978 -0.14304 -0.46723 1.042 0.86587 8.0000 71.80 0.8926 0.8939 1.752755 
706.9221 14.475 250.588 -0.16004 -0.45416 1.054 0.87050 8.0000 73.01 0.8919 0.8932 1.753859 
706.4767 14.254 248.170 -0.17672 -0.44116 1.060 0.87501 8.0000 74.12 0.8913 0.8927 1.754965 
706.0313 14.027 245.666 -0.19317 -0.42715 1.070 0.87967 8.0000 74.63 0.8906 0.8920 1.756072 
705.5857 13.804 243.056 -0.20951 -0.41217 1.071 0.88408 8.0000 75.40 0.8900 0.8915 1.757181 
705.1401 13.604 240.325 -0.22613 -0.39685 1.071 0.88841 8.0000 75.18 0.8894 0.8910 1.758292 
704.6943 13.423 237.523 -0.24254 -0.38105 1.084 0.89239 8.0000 75.68 0.8890 0.8906 1.759404 
704.2484 13.261 234.677 -0.25862 -0.36496 1.095 0.89632 8.0000 75.85 0.8884 0.8901 1.760518 
703.8025 13.115 231.809 -0.27418 -0.34853 1.106 0.90001 8.0000 76.46 0.8878 0.8896 1.761633 
703.3564 12.984 228.883 -0.28941 -0.33156 1.109 0.90361 8.0000 76.56 0.8874 0.8893 1.762751 
702.9103 12.876 225.970 -0.30402 -0.31449 1.110 0.90676 8.0000 77.70 0.8871 0.8890 1.763869 
702.4641 12.790 223.057 -0.31818 -0.29730 1.118 0.90973 8.0000 78.28 0.8869 0.8889 1.764990 
702.0177 12.716 220.170 -0.33152 -0.27986 1.122 0.91235 8.0000 78.21 0.8866 0.8887 1.766112 
701.5712 12.671 217.372 -0.34431 -0.26298 1.126 0.91481 8.0000 78.61 0.8865 0.8887 1.767236 
701.1247 12.637 214.578 -0.35643 -0.24568 1.137 0.91689 8.0000 78.76 0.8865 0.8887 1.768361 
700.6780 12.611 211.796 -0.36774 -0.22797 1.145 0.91857 8.0000 78.62 0.8862 0.8886 1.769489 
700.2313 12.612 208.995 -0.37911 -0.21010 1.153 0.92010 8.0000 79.13 0.8862 0.8886 1.770618 
699.7844 12.625 206.229 -0.38974 -0.19202 1.160 0.92126 8.0000 78.70 0.8861 0.8887 1.771748 
699.3375 12.654 203.480 -0.39994 -0.17373 1.156 0.92211 8.0000 78.96 0.8862 0.8887 1.772881 
698.8904 12.699 200.775 -0.40956 -0.15538 1.162 0.92261 8.0000 79.42 0.8861 0.8888 1.774015 
698.4433 12.755 198.099 -0.41855 -0.13680 1.164 0.92275 8.0000 79.40 0.8862 0.8888 1.775150 
697.9961 12.826 195.480 -0.42705 -0.11827 1.175 0.92271 8.0000 79.36 0.8864 0.8891 1.776288 
697.5488 12.907 192.859 -0.43495 -0.09929 1.184 0.92228 8.0000 79.60 0.8865 0.8892 1.777427 
697.1013 13.000 190.308 -0.44216 -0.08042 1.194 0.92146 8.0000 79.68 0.8865 0.8892 1.778568 
696.6537 13.102 187.796 -0.44881 -0.06144 1.199 0.92046 8.0000 79.75 0.8865 0.8893 1.779711 
696.2061 13.217 185.308 -0.45496 -0.04227 1.205 0.91911 8.0000 79.51 0.8866 0.8894 1.780855 
695.7584 13.339 182.872 -0.46038 -0.02310 1.207 0.91738 8.0000 79.68 0.8867 0.8895 1.782001 
695.3105 13.498 180.481 -0.46628 -0.00391 1.213 0.91531 8.0000 80.14 0.8870 0.8897 1.783149 
694.8626 13.659 178.148 -0.47137 0.01524 1.214 0.91306 8.0000 80.08 0.8875 0.8902 1.784298 
694.4146 13.823 175.838 -0.47597 0.03463 1.219 0.91104 8.0000 80.12 0.8880 0.8907 1.785449 
693.9664 13.994 173.582 -0.47984 0.05398 1.231 0.90859 8.0000 79.66 0.8885 0.8911 1.786602 
693.5182 14.164 171.392 -0.48286 0.07309 1.233 0.90596 8.0000 79.70 0.8888 0.8914 1.787757 
693.0699 14.339 169.219 -0.48519 0.09239 1.241 0.90294 8.0000 79.71 0.8892 0.8918 1.788913 
692.6215 14.518 167.112 -0.48701 0.11144 1.242 0.89993 8.0000 79.85 0.8896 0.8921 1.790071 
692.1729 14.696 165.023 -0.48781 0.13050 1.255 0.89649 8.0000 79.86 0.8899 0.8924 1.791231 
691.7243 14.867 163.000 -0.48769 0.14911 1.255 0.89283 8.0000 80.11 0.8903 0.8927 1.792393 
691.2756 15.043 161.016 -0.48676 0.16745 1.251 0.88850 8.0000 79.86 0.8906 0.8930 1.793557 
690.8267 15.207 159.043 -0.48478 0.18567 1.269 0.88430 8.0000 79.73 0.8908 0.8930 1.794722 
690.3778 15.375 157.129 -0.48239 0.20348 1.268 0.87998 8.0000 79.58 0.8909 0.8931 1.795889 
689.9288 15.544 155.228 -0.47927 0.22117 1.280 0.87543 8.0000 79.35 0.8911 0.8932 1.797058 
689.4797 15.705 153.336 -0.47517 0.23861 1.284 0.87077 8.0000 79.47 0.8911 0.8932 1.798228 
689.0304 15.871 151.511 -0.47086 0.25554 1.280 0.86597 8.0000 78.87 0.8912 0.8932 1.799401 
688.5811 16.030 149.672 -0.46544 0.27229 1.292 0.86098 8.0000 79.64 0.8912 0.8931 1.800575 
688.1317 16.193 147.873 -0.45974 0.28870 1.290 0.85590 8.0000 79.35 0.8913 0.8931 1.801751 
687.6821 16.354 146.093 -0.45341 0.30476 1.304 0.85073 8.0000 79.48 0.8913 0.8930 1.802929 
687.2325 16.513 144.291 -0.44615 0.32070 1.312 0.84522 8.0000 79.34 0.8913 0.8929 1.804108 
686.7828 16.676 142.529 -0.43860 0.33620 1.326 0.83965 8.0000 79.25 0.8912 0.8928 1.805290 
686.3329 16.838 140.799 -0.43062 0.35122 1.320 0.83400 8.0000 78.78 0.8912 0.8927 1.806473 
685.8830 17.015 139.140 -0.42303 0.36593 1.322 0.82832 8.0000 78.53 0.8914 0.8928 1.807658 
685.4330 17.177 137.458 -0.41417 0.38008 1.322 0.82238 8.0000 78.56 0.8914 0.8928 1.808845 
684.9828 17.348 135.801 -0.40531 0.39413 1.327 0.81657 8.0000 78.37 0.8917 0.8930 1.810034 
684.5327 17.533 134.189 -0.39671 0.40810 1.325 0.81085 8.0000 78.38 0.8920 0.8932 1.811224 
684.0823 17.718 132.607 -0.38794 0.42178 1.334 0.80532 8.0000 78.10 0.8923 0.8934 1.812416 
683.6319 17.905 131.033 -0.37880 0.43524 1.341 0.79976 8.0000 78.04 0.8927 0.8938 1.813610 
683.1813 18.098 129.531 -0.36992 0.44826 1.343 0.79422 8.0000 77.81 0.8931 0.8942 1.814807 
682.7307 18.291 128.109 -0.36139 0.46075 1.346 0.78897 8.0000 77.85 0.8936 0.8947 1.816004 
682.2800 18.492 126.725 -0.35275 0.47283 1.344 0.78332 8.0000 78.06 0.8942 0.8952 1.817204 
681.8292 18.684 125.301 -0.34332 0.48487 1.328 0.77799 8.0000 77.32 0.8948 0.8958 1.818405 
681.3782 18.866 123.894 -0.33337 0.49622 1.330 0.77259 8.0000 77.57 0.8953 0.8963 1.819609 
680.9272 19.058 122.536 -0.32389 0.50771 1.344 0.76759 8.0000 77.26 0.8960 0.8970 1.820814 
680.4761 19.247 121.187 -0.31407 0.51887 1.340 0.76266 8.0000 77.21 0.8966 0.8976 1.822021 
680.0248 19.448 119.791 -0.30376 0.53059 1.345 0.75783 8.0000 76.73 0.8974 0.8984 1.823230 
679.5735 19.651 118.401 -0.29316 0.54218 1.342 0.75299 8.0000 76.68 0.8983 0.8993 1.824441 
679.1221 19.855 117.081 -0.28290 0.55328 1.340 0.74823 8.0000 76.34 0.8992 0.9001 1.825654 
678.6705 20.053 115.775 -0.27234 0.56399 1.343 0.74357 8.0000 76.54 0.9000 0.9009 1.826869 
678.2189 20.268 114.453 -0.26161 0.57531 1.335 0.73902 8.0000 76.49 0.9010 0.9019 1.828085 
677.7672 20.476 113.108 -0.25019 0.58635 1.333 0.73458 8.0000 75.17 0.9020 0.9029 1.829303 
677.3154 20.671 111.736 -0.23790 0.59672 1.334 0.73013 8.0000 74.45 0.9028 0.9037 1.830524 
676.8634 20.870 110.259 -0.22432 0.60775 1.333 0.72606 8.0000 74.91 0.9037 0.9046 1.831746 
676.4114 21.057 108.734 -0.20957 0.61796 1.330 0.72182 8.0000 74.31 0.9044 0.9053 1.832970 
675.9592 21.254 107.176 -0.19427 0.62852 1.326 0.71774 8.0000 73.98 0.9051 0.9060 1.834196 
675.5070 21.448 105.734 -0.17971 0.63791 1.320 0.71330 8.0000 73.42 0.9059 0.9068 1.835424 
675.0547 21.657 104.280 -0.16481 0.64755 1.315 0.70874 8.0000 72.38 0.9066 0.9075 1.836654 
674.6022 21.857 102.824 -0.14942 0.65637 1.311 0.70411 8.0000 71.96 0.9071 0.9080 1.837886 
674.1497 22.069 101.454 -0.13473 0.66494 1.308 0.69919 8.0000 71.75 0.9076 0.9085 1.839120 
673.6971 22.279 100.181 -0.12079 0.67258 1.298 0.69398 8.0000 70.06 0.9079 0.9088 1.840355 
673.2443 22.504 98.971 -0.10736 0.68011 1.296 0.68834 8.0000 69.82 0.9082 0.9091 1.841593 
672.7915 22.723 97.773 -0.09372 0.68661 1.291 0.68227 8.0000 69.09 0.9082 0.9091 1.842832 
672.3386 22.955 96.530 -0.07933 0.69311 1.284 0.67584 8.0000 68.12 0.9083 0.9091 1.844074 
671.8855 23.176 95.300 -0.06478 0.69833 1.267 0.66901 8.0000 67.17 0.9078 0.9087 1.845317 
671.4324 23.442 93.988 -0.04915 0.70498 1.264 0.66166 8.0000 66.57 0.9078 0.9087 1.846563 
670.9791 23.722 92.734 -0.03397 0.71122 1.247 0.65373 8.0000 66.00 0.9076 0.9085 1.847810 
670.5258 24.033 91.497 -0.01876 0.71803 1.246 0.64524 8.0000 64.86 0.9077 0.9086 1.849059 
670.0723 24.355 90.254 -0.00322 0.72434 1.239 0.63614 8.0000 64.45 0.9076 0.9085 1.850311 
669.6188 24.671 89.007 0.01265 0.72950 1.221 0.62664 8.0000 62.58 0.9072 0.9080 1.851564 
669.1651 25.004 87.756 0.02877 0.73438 1.214 0.61652 8.0000 62.76 0.9066 0.9075 1.852819 
668.7114 25.334 86.459 0.04568 0.73814 1.195 0.60599 8.0000 61.47 0.9057 0.9065 1.854076 
668.2575 25.683 85.161 0.06282 0.74206 1.179 0.59524 8.0000 60.56 0.9048 0.9056 1.855336 
667.8035 26.025 83.869 0.07998 0.74461 1.158 0.58405 8.0000 59.73 0.9037 0.9046 1.856597 
667.3495 26.386 82.553 0.09769 0.74734 1.147 0.57267 8.0000 58.98 0.9028 0.9037 1.857860 
666.8953 26.761 81.287 0.11495 0.75010 1.137 0.56108 8.0000 57.94 0.9023 0.9031 1.859125 
666.4411 27.162 79.957 0.13346 0.75358 1.116 0.54943 8.0000 55.71 0.9022 0.9031 1.860392 
665.9868 27.563 78.693 0.15128 0.75662 1.094 0.53777 8.0000 55.21 0.9022 0.9031 1.861661 
665.5323 27.977 77.350 0.17055 0.75989 1.077 0.52621 8.0000 54.43 0.9027 0.9035 1.862933 
665.0777 28.385 76.019 0.18981 0.76233 1.053 0.51468 8.0000 52.48 0.9031 0.9039 1.864206 
664.6230 28.781 74.639 0.20981 0.76377 1.031 0.50340 8.0000 51.85 0.9035 0.9043 1.865482 
664.1683 29.186 73.276 0.23008 0.76573 1.011 0.49242 8.0000 50.44 0.9044 0.9052 1.866759 
663.7134 29.582 71.785 0.25221 0.76643 0.992 0.48168 8.0000 49.27 0.9054 0.9062 1.868038 
663.2584 29.966 70.268 0.27496 0.76659 0.966 0.47147 8.0000 47.93 0.9068 0.9076 1.869319 
662.8034 30.325 68.712 0.29809 0.76505 0.946 0.46171 8.0000 45.64 0.9079 0.9087 1.870603 
662.3482 30.684 67.123 0.32219 0.76359 0.923 0.45245 8.0000 45.29 0.9096 0.9104 1.871888 
661.8929 31.033 65.478 0.34725 0.76120 0.902 0.44363 8.0000 44.01 0.9116 0.9123 1.873176 
661.4376 31.350 63.694 0.37389 0.75633 0.878 0.43546 8.0000 42.31 0.9134 0.9141 1.874465 
660.9821 31.657 61.812 0.40216 0.75039 0.852 0.42793 8.0000 41.13 0.9156 0.9163 1.875757 
660.5265 31.949 59.849 0.43162 0.74305 0.829 0.42101 8.0000 39.03 0.9179 0.9186 1.877051 
660.0708 32.204 57.743 0.46211 0.73222 0.807 0.41470 8.0000 38.59 0.9199 0.9206 1.878347 
659.6151 32.442 55.571 0.49367 0.72021 0.780 0.40931 8.0000 37.13 0.9224 0.9231 1.879644 
659.1592 32.651 53.271 0.52616 0.70516 0.757 0.40462 8.0000 35.75 0.9248 0.9255 1.880945 
658.7032 32.837 50.856 0.55966 0.68758 0.731 0.40077 8.0000 34.31 0.9274 0.9281 1.882247 
658.2471 32.990 48.261 0.59441 0.66624 0.715 0.39790 8.0000 33.56 0.9299 0.9306 1.883551 
657.7909 33.117 45.627 0.62859 0.64251 0.692 0.39581 8.0000 32.36 0.9325 0.9332 1.884857 
657.3346 33.219 42.863 0.66259 0.61491 0.678 0.39422 8.0000 31.20 0.9346 0.9353 1.886166 
656.8782 33.291 39.902 0.69657 0.58246 0.659 0.39327 8.0000 30.30 0.9364 0.9371 1.887476 
656.4218 33.333 36.857 0.72910 0.54656 0.642 0.39305 8.0000 29.32 0.9380 0.9387 1.888788 
655.9651 33.340 33.660 0.76023 0.50625 0.627 0.39373 8.0000 28.47 0.9393 0.9399 1.890103 
655.5084 33.295 30.184 0.78904 0.45894 0.614 0.39519 8.0000 27.67 0.9396 0.9402 1.891420 
655.0516 33.225 26.681 0.81478 0.40945 0.604 0.39743 8.0000 27.23 0.9398 0.9405 1.892739 
654.5947 33.124 23.041 0.83761 0.35625 0.596 0.40055 8.0000 27.03 0.9399 0.9406 1.894060 
654.1377 32.990 19.281 0.85651 0.29963 0.586 0.40437 8.0000 26.53 0.9394 0.9400 1.895384 
653.6806 32.832 15.450 0.87174 0.24094 0.585 0.40903 8.0000 26.46 0.9389 0.9395 1.896709 
653.2234 32.655 11.630 0.88276 0.18169 0.583 0.41434 8.0000 26.76 0.9386 0.9393 1.898037 
652.7661 32.443 7.829 0.88889 0.12223 0.583 0.42057 8.0000 26.40 0.9381 0.9388 1.899366 
652.3087 32.203 4.080 0.89033 0.06350 0.587 0.42754 8.0000 26.53 0.9375 0.9382 1.900698 
651.8511 31.934 0.398 0.88692 0.00617 0.596 0.43511 8.0000 26.93 0.9366 0.9373 1.902032 
651.3936 31.630 356.734 0.87874 -0.05014 0.608 0.44344 8.0000 27.36 0.9356 0.9362 1.903368 
650.9358 31.316 353.226 0.86807 -0.10310 0.620 0.45250 8.0000 28.35 0.9346 0.9353 1.904707 
650.4780 30.946 349.914 0.85187 -0.15153 0.634 0.46215 8.0000 28.87 0.9330 0.9337 1.906047 
650.0201 30.540 346.674 0.83185 -0.19703 0.648 0.47231 8.0000 29.44 0.9310 0.9317 1.907390 
649.5620 30.094 343.568 0.80899 -0.23859 0.663 0.48328 8.0000 30.62 0.9288 0.9295 1.908735 
649.1039 29.611 340.579 0.78367 -0.27630 0.688 0.49491 8.0000 31.43 0.9264 0.9271 1.910082 
648.6457 29.084 337.755 0.75582 -0.30914 0.714 0.50693 8.0000 32.41 0.9236 0.9243 1.911432 
648.1873 28.515 334.994 0.72590 -0.33859 0.742 0.51958 8.0000 33.86 0.9205 0.9212 1.912783 
647.7289 27.914 332.328 0.69503 -0.36446 0.772 0.53277 8.0000 35.36 0.9175 0.9182 1.914137 
647.2703 27.291 329.745 0.66368 -0.38712 0.797 0.54637 8.0000 36.33 0.9146 0.9152 1.915493 
646.8117 26.648 327.196 0.63196 -0.40733 0.827 0.56049 8.0000 37.37 0.9120 0.9127 1.916851 
646.3530 25.980 324.748 0.60022 -0.42422 0.854 0.57508 8.0000 38.16 0.9097 0.9104 1.918212 
645.8941 25.302 322.347 0.56882 -0.43889 0.893 0.59007 8.0000 40.58 0.9077 0.9084 1.919575 
645.4351 24.598 319.998 0.53715 -0.45076 0.924 0.60536 8.0000 41.39 0.9058 0.9065 1.920940 
644.9761 23.888 317.678 0.50588 -0.46067 0.964 0.62092 8.0000 42.84 0.9042 0.9049 1.922307 
644.5169 23.164 315.383 0.47492 -0.46862 0.989 0.63695 8.0000 44.28 0.9033 0.9040 1.923676 
644.0577 22.448 313.102 0.44468 -0.47515 1.023 0.65315 8.0000 45.36 0.9025 0.9032 1.925048 
643.5983 21.744 310.801 0.41505 -0.48082 1.061 0.66960 8.0000 46.42 0.9023 0.9030 1.926422 
643.1389 21.060 308.497 0.38615 -0.48551 1.099 0.68605 8.0000 48.42 0.9024 0.9031 1.927798 
642.6793 20.375 306.181 0.35741 -0.48867 1.136 0.70264 8.0000 49.74 0.9028 0.9035 1.929177 
642.2196 19.711 303.837 0.32910 -0.49091 1.167 0.71896 8.0000 50.40 0.9036 0.9044 1.930558 
641.7598 19.053 301.454 0.30092 -0.49194 1.209 0.73529 8.0000 51.16 0.9045 0.9053 1.931941 
641.2999 18.401 299.111 0.27352 -0.49119 1.243 0.75148 8.0000 52.56 0.9057 0.9064 1.933326 
640.8400 17.753 296.773 0.24662 -0.48880 1.274 0.76739 8.0000 53.74 0.9067 0.9075 1.934714 
640.3799 17.139 294.332 0.21989 -0.48627 1.317 0.78295 8.0000 55.01 0.9079 0.9087 1.936104 
639.9197 16.554 291.836 0.19355 -0.48303 1.362 0.79800 8.0000 56.74 0.9095 0.9103 1.937496 
639.4594 16.006 289.288 0.16780 -0.47948 1.389 0.81257 8.0000 57.69 0.9112 0.9120 1.938891 
638.9990 15.493 286.628 0.14205 -0.47566 1.419 0.82661 8.0000 59.71 0.9133 0.9141 1.940288 
638.5385 15.019 283.878 0.11650 -0.47152 1.465 0.83999 8.0000 61.15 0.9153 0.9161 1.941687 
638.0779 14.567 281.069 0.09121 -0.46627 1.482 0.85241 8.0000 62.80 0.9173 0.9181 1.943089 
637.6172 14.144 278.172 0.06611 -0.46034 1.505 0.86414 8.0000 63.65 0.9192 0.9201 1.944493 
637.1564 13.712 275.239 0.04147 -0.45220 1.534 0.87512 8.0000 65.05 0.9210 0.9219 1.945899 
636.6954 13.304 272.177 0.01685 -0.44303 1.578 0.88500 8.0000 67.14 0.9223 0.9232 1.947308 
636.2344 12.924 269.040 -0.00726 -0.43308 1.613 0.89408 8.0000 67.89 0.9235 0.9243 1.948719 
635.7733 12.574 265.772 -0.03123 -0.42252 1.633 0.90246 8.0000 68.84 0.9246 0.9254 1.950132 
635.3121 12.243 262.438 -0.05454 -0.41079 1.664 0.90990 8.0000 69.13 0.9257 0.9265 1.951548 
634.8508 11.923 259.018 -0.07717 -0.39768 1.685 0.91649 8.0000 70.42 0.9266 0.9274 1.952966 
634.3893 11.651 255.478 -0.09961 -0.38455 1.728 0.92232 8.0000 71.73 0.9271 0.9280 1.954387 
633.9278 11.401 251.807 -0.12171 -0.37033 1.760 0.92726 8.0000 73.04 0.9272 0.9281 1.955809 
633.4662 11.172 248.052 -0.14310 -0.35510 1.792 0.93144 8.0000 73.50 0.9276 0.9284 1.957235 
633.0044 10.962 244.172 -0.16393 -0.33868 1.828 0.93485 8.0000 74.55 0.9277 0.9285 1.958662 
632.5425 10.771 240.164 -0.18418 -0.32112 1.847 0.93780 8.0000 75.30 0.9275 0.9283 1.960093 
632.0806 10.607 236.094 -0.20358 -0.30289 1.872 0.94025 8.0000 76.05 0.9278 0.9286 1.961525 
631.6186 10.469 231.921 -0.22232 -0.28375 1.890 0.94214 8.0000 75.66 0.9275 0.9283 1.962960 
631.1564 10.358 227.668 -0.24026 -0.26375 1.937 0.94342 8.0000 76.85 0.9280 0.9288 1.964397 
630.6942 10.259 223.305 -0.25713 -0.24234 1.945 0.94409 8.0000 77.26 0.9290 0.9298 1.965837 
630.2318 10.187 218.865 -0.27308 -0.22008 2.000 0.94437 8.0000 77.43 0.9299 0.9307 1.967279 
629.7693 10.170 214.537 -0.28839 -0.19848 2.018 0.94443 8.0000 77.22 0.9310 0.9318 1.968724 
629.3068 10.179 210.196 -0.30282 -0.17621 2.038 0.94417 8.0000 78.11 0.9313 0.9321 1.970171 
628.8441 10.218 205.934 -0.31621 -0.15377 2.063 0.94363 8.0000 77.58 0.9317 0.9325 1.971620 
628.3813 10.288 201.611 -0.32901 -0.13034 2.074 0.94271 8.0000 78.25 0.9317 0.9325 1.973073 
627.9184 10.392 197.390 -0.34099 -0.10679 2.113 0.94146 8.0000 77.96 0.9325 0.9333 1.974527 
627.4554 10.526 193.437 -0.35194 -0.08409 2.125 0.94007 8.0000 78.21 0.9320 0.9328 1.975984 
626.9923 10.676 189.609 -0.36183 -0.06126 2.171 0.93875 8.0000 78.37 0.9318 0.9326 1.977444 
626.5291 10.849 185.934 -0.37084 -0.03854 2.173 0.93696 8.0000 78.34 0.9315 0.9323 1.978905 
626.0658 11.008 182.376 -0.37772 -0.01567 2.189 0.93490 8.0000 78.34 0.9329 0.9337 1.980370 
625.6024 11.190 178.963 -0.38388 0.00695 2.228 0.93247 8.0000 78.50 0.9339 0.9347 1.981837 
625.1389 11.380 175.667 -0.38899 0.02947 2.266 0.92984 8.0000 78.48 0.9348 0.9356 1.983306 
624.6753 11.600 172.464 -0.39384 0.05210 2.287 0.92687 8.0000 78.48 0.9340 0.9347 1.984778 
624.2115 11.803 169.381 -0.39679 0.07439 2.305 0.92376 8.0000 77.78 0.9356 0.9363 1.986253 
623.7477 11.999 166.353 -0.39814 0.09667 2.290 0.92028 8.0000 77.75 0.9378 0.9385 1.987730 
623.2838 12.206 163.459 -0.39921 0.11856 2.315 0.91752 8.0000 77.29 0.9389 0.9396 1.989209 
622.8198 12.415 160.518 -0.39880 0.14109 2.360 0.91426 8.0000 77.84 0.9413 0.9420 1.990691 
622.3557 12.604 157.753 -0.39713 0.16244 2.391 0.91151 8.0000 77.60 0.9443 0.9450 1.992176 
621.8914 12.814 155.016 -0.39488 0.18400 2.424 0.90815 8.0000 77.50 0.9469 0.9477 1.993663 
621.4271 13.031 152.368 -0.39217 0.20530 2.435 0.90506 8.0000 76.97 0.9485 0.9493 1.995153 
620.9626 13.257 149.760 -0.38852 0.22648 2.378 0.90143 8.0000 76.32 0.9497 0.9505 1.996645 
620.4980 13.498 147.248 -0.38455 0.24737 2.454 0.89757 8.0000 76.03 0.9499 0.9506 1.998140 
620.0334 13.728 144.724 -0.37876 0.26794 2.440 0.89294 8.0000 75.88 0.9514 0.9522 1.999637 
619.5687 13.977 142.208 -0.37229 0.28869 2.526 0.88770 8.0000 75.21 0.9522 0.9529 2.001137 
619.1038 14.216 139.743 -0.36465 0.30878 2.475 0.88253 8.0000 74.94 0.9543 0.9550 2.002640 
618.6388 14.446 137.338 -0.35615 0.32821 2.511 0.87761 8.0000 74.58 0.9566 0.9574 2.004145 
618.1737 14.698 134.989 -0.34751 0.34764 2.530 0.87252 8.0000 74.96 0.9586 0.9593 2.005653 
617.7086 14.954 132.660 -0.33789 0.36667 2.564 0.86684 8.0000 74.05 0.9609 0.9616 2.007163 
617.2433 15.221 130.350 -0.32769 0.38572 2.509 0.86125 8.0000 73.74 0.9627 0.9635 2.008676 
616.7779 15.483 128.116 -0.31692 0.40396 2.523 0.85569 8.0000 74.81 0.9646 0.9654 2.010192 
616.3124 15.755 125.925 -0.30581 0.42207 2.592 0.85019 8.0000 74.06 0.9661 0.9669 2.011710 
615.8468 16.040 123.736 -0.29409 0.44037 2.532 0.84478 8.0000 72.90 0.9682 0.9689 2.013231 
615.3810 16.305 121.603 -0.28119 0.45700 2.530 0.83870 8.0000 72.69 0.9700 0.9708 2.014755 
614.9153 16.511 119.735 -0.26841 0.46990 2.560 0.83258 8.0000 73.19 0.9712 0.9719 2.016281 
614.4493 16.851 117.520 -0.25463 0.48873 2.479 0.82624 8.0000 73.47 0.9736 0.9744 2.017810 
613.9833 17.188 115.418 -0.24068 0.50646 2.580 0.81967 8.0000 72.34 0.9757 0.9765 2.019341 
613.5172 17.473 113.490 -0.22643 0.52100 2.499 0.81295 8.0000 71.38 0.9774 0.9782 2.020875 
613.0510 17.674 111.701 -0.21139 0.53116 2.488 0.80598 8.0000 72.65 0.9774 0.9782 2.022412 
612.5847 17.945 109.815 -0.19587 0.54362 2.538 0.79851 8.0000 72.36 0.9782 0.9790 2.023952 
612.1182 18.160 108.050 -0.18014 0.55276 2.471 0.79088 8.0000 71.88 0.9780 0.9788 2.025494 
611.6517 18.374 106.305 -0.16414 0.56112 2.604 0.78297 8.0000 71.56 0.9774 0.9783 2.027039 
611.1850 18.645 104.434 -0.14707 0.57139 2.733 0.77478 8.0000 70.54 0.9769 0.9778 2.028587 
610.7183 18.977 102.637 -0.13074 0.58311 2.512 0.76612 8.0000 71.66 0.9770 0.9779 2.030137 
610.2514 19.289 100.593 -0.11104 0.59376 2.521 0.75728 8.0000 70.50 0.9765 0.9774 2.031690 
609.7844 19.638 98.459 -0.08996 0.60493 2.411 0.74786 8.0000 71.24 0.9762 0.9772 2.033246 
609.3173 20.257 96.166 -0.06776 0.62716 2.379 0.73819 8.0000 68.92 0.9796 0.9805 2.034805 
608.8502 20.766 94.228 -0.04755 0.64323 2.368 0.72821 8.0000 68.06 0.9810 0.9819 2.036366 
608.3829 21.136 92.556 -0.02911 0.65213 2.384 0.71808 8.0000 67.97 0.9801 0.9811 2.037930 
607.9155 21.332 90.844 -0.00960 0.65213 2.183 0.70767 8.0000 68.12 0.9764 0.9774 2.039497 
607.4480 21.761 89.127 0.01008 0.66197 2.137 0.69711 8.0000 67.10 0.9760 0.9770 2.041067 
606.9804 22.244 87.392 0.03069 0.67360 2.139 0.68648 8.0000 64.94 0.9765 0.9775 2.042639 
606.5127 22.602 85.626 0.05191 0.67871 2.269 0.67585 8.0000 63.74 0.9748 0.9758 2.044214 
606.0449 22.816 83.837 0.07300 0.67610 2.201 0.66520 8.0000 63.77 0.9704 0.9714 2.045792 
605.5770 22.950 81.964 0.09442 0.66880 2.158 0.65453 8.0000 62.35 0.9649 0.9659 2.047373 
605.1089 23.222 80.178 0.11555 0.66739 2.146 0.64398 8.0000 62.26 0.9615 0.9625 2.048957 
604.6408 23.632 78.622 0.13529 0.67229 2.137 0.63361 8.0000 61.57 0.9607 0.9618 2.050543 
604.1726 24.071 77.146 0.15478 0.67831 2.091 0.62336 8.0000 59.29 0.9604 0.9614 2.052132 
603.7042 24.442 76.018 0.16985 0.68216 1.761 0.61359 8.0000 58.31 0.9591 0.9602 2.053724 
603.2358 24.719 75.254 0.17966 0.68260 1.960 0.60419 8.0000 57.07 0.9563 0.9574 2.055319 
602.7673 24.949 74.411 0.18991 0.68070 1.702 0.59512 8.0000 54.93 0.9529 0.9539 2.056916 
602.2986 25.227 73.237 0.20487 0.68015 1.774 0.58653 8.0000 54.79 0.9504 0.9515 2.058517 
601.8298 25.503 71.898 0.22198 0.67907 1.640 0.57841 8.0000 52.89 0.9487 0.9497 2.060121 
601.3610 25.841 70.082 0.24601 0.67891 1.628 0.57068 8.0000 51.48 0.9480 0.9491 2.061726 
600.8920 26.139 68.050 0.27236 0.67582 1.629 0.56361 8.0000 49.99 0.9473 0.9483 2.063336 
600.4229 26.391 66.499 0.29239 0.67242 1.653 0.55691 8.0000 48.17 0.9456 0.9467 2.064948 
599.9537 26.706 64.824 0.31565 0.67153 1.708 0.55084 8.0000 47.36 0.9459 0.9469 2.066563 
599.4844 26.985 63.322 0.33669 0.67009 1.652 0.54546 8.0000 45.42 0.9457 0.9467 2.068181 
599.0150 27.288 61.675 0.36063 0.66906 1.529 0.54061 8.0000 43.12 0.9465 0.9475 2.069801 
598.5455 27.687 58.988 0.40019 0.66571 1.444 0.53636 8.0000 41.61 0.9499 0.9509 2.071425 
598.0759 27.902 56.522 0.43268 0.65427 1.512 0.53299 8.0000 41.05 0.9502 0.9512 2.073051 
597.6062 27.976 53.369 0.46824 0.62976 1.399 0.53027 8.0000 39.19 0.9480 0.9489 2.074680 
597.1364 28.104 50.273 0.50430 0.60685 1.327 0.52805 8.0000 37.34 0.9472 0.9481 2.076313 
596.6664 28.436 47.482 0.54529 0.59471 1.253 0.52654 8.0000 36.18 0.9516 0.9526 2.077948 
596.1964 28.636 44.648 0.58201 0.57491 1.183 0.52574 8.0000 34.30 0.9535 0.9544 2.079586 
595.7263 28.736 41.496 0.61751 0.54625 1.213 0.52581 8.0000 33.36 0.9540 0.9549 2.081227 
595.2560 28.814 38.192 0.65307 0.51377 1.157 0.52678 8.0000 31.77 0.9553 0.9562 2.082872 
594.7857 28.746 34.540 0.68287 0.47002 1.122 0.52829 8.0000 30.94 0.9529 0.9537 2.084519 
594.3152 28.710 30.801 0.71335 0.42525 1.088 0.53072 8.0000 29.69 0.9523 0.9532 2.086169 
593.8447 28.688 26.849 0.74407 0.37665 1.058 0.53383 8.0000 28.91 0.9531 0.9539 2.087822 
593.3740 28.576 22.684 0.76799 0.32101 1.023 0.53744 8.0000 28.10 0.9514 0.9522 2.089478 
592.9032 28.506 18.557 0.79155 0.26573 1.011 0.54200 8.0000 27.80 0.9523 0.9531 2.091137 
592.4323 28.433 14.406 0.81176 0.20852 0.988 0.54708 8.0000 26.73 0.9527 0.9535 2.092799 
591.9613 28.347 10.301 0.82770 0.15043 0.975 0.55271 8.0000 26.34 0.9526 0.9534 2.094464 
591.4902 28.106 6.222 0.83030 0.09052 0.964 0.55887 8.0000 26.14 0.9490 0.9498 2.096133 
591.0190 27.883 2.084 0.83075 0.03023 0.951 0.56567 8.0000 26.06 0.9463 0.9471 2.097804 
590.5477 27.590 357.944 0.82384 -0.02958 0.959 0.57338 8.0000 26.03 0.9435 0.9443 2.099478 
590.0763 27.223 353.843 0.80927 -0.08730 0.966 0.58175 8.0000 26.34 0.9395 0.9402 2.101155 
589.6048 26.792 349.776 0.78844 -0.14220 0.986 0.59100 8.0000 26.49 0.9355 0.9362 2.102836 
589.1331 26.335 345.797 0.76353 -0.19324 0.986 0.60064 8.0000 27.06 0.9308 0.9316 2.104519 
588.6614 25.843 341.927 0.73540 -0.23998 1.010 0.61124 8.0000 27.77 0.9279 0.9287 2.106206 
588.1896 25.285 338.245 0.70273 -0.28043 1.041 0.62216 8.0000 28.68 0.9247 0.9254 2.107895 
587.7176 24.683 334.765 0.66811 -0.31489 1.064 0.63382 8.0000 28.25 0.9218 0.9226 2.109588 
587.2455 24.037 331.337 0.63045 -0.34463 1.074 0.64528 8.0000 29.01 0.9168 0.9175 2.111284 
586.7734 23.308 327.973 0.58983 -0.36896 1.117 0.65755 8.0000 30.70 0.9119 0.9127 2.112983 
586.3011 22.606 324.777 0.55166 -0.38949 1.145 0.67030 8.0000 31.86 0.9086 0.9093 2.114685 
585.8287 21.787 321.616 0.51011 -0.40408 1.205 0.68401 8.0000 33.24 0.9067 0.9074 2.116390 
585.3563 20.994 318.483 0.46998 -0.41605 1.216 0.69741 8.0000 33.56 0.9033 0.9041 2.118098 
584.8837 20.221 315.303 0.43084 -0.42631 1.246 0.71110 8.0000 34.03 0.9001 0.9009 2.119809 
584.4109 19.412 312.108 0.39088 -0.43247 1.284 0.72442 8.0000 35.60 0.8983 0.8991 2.121524 
583.9382 18.651 308.934 0.35327 -0.43728 1.322 0.73787 8.0000 37.27 0.8962 0.8970 2.123242 
583.4652 17.910 305.666 0.31583 -0.44007 1.352 0.75048 8.0000 39.24 0.8936 0.8943 2.124963 
582.9922 17.191 302.418 0.28008 -0.44103 1.382 0.76356 8.0000 40.57 0.8918 0.8925 2.126687 
582.5191 16.489 299.141 0.24526 -0.43990 1.404 0.77619 8.0000 42.23 0.8915 0.8922 2.128414 
582.0458 15.803 295.763 0.21102 -0.43723 1.444 0.78896 8.0000 42.86 0.8921 0.8928 2.130145 
581.5725 15.092 292.273 0.17670 -0.43143 1.475 0.80155 8.0000 44.64 0.8940 0.8947 2.131878 
581.0991 14.397 288.664 0.14320 -0.42395 1.497 0.81413 8.0000 45.82 0.8948 0.8955 2.133615 
580.6255 13.700 284.948 0.11057 -0.41418 1.524 0.82702 8.0000 47.13 0.8965 0.8972 2.135356 
580.1519 13.072 281.057 0.07902 -0.40435 1.545 0.83937 8.0000 47.68 0.8978 0.8985 2.137099 
579.6780 12.482 276.995 0.04825 -0.39325 1.562 0.85102 8.0000 48.85 0.8989 0.8996 2.138846 
579.2042 11.918 272.762 0.01836 -0.38048 1.602 0.86220 8.0000 50.89 0.9006 0.9014 2.140595 
578.7302 11.406 268.379 -0.01039 -0.36716 1.627 0.87328 8.0000 51.49 0.9021 0.9028 2.142349 
578.2561 10.938 263.796 -0.03834 -0.35272 1.639 0.88363 8.0000 51.85 0.9042 0.9049 2.144105 
577.7819 10.514 259.045 -0.06525 -0.33711 1.652 0.89315 8.0000 52.90 0.9062 0.9070 2.145865 
577.3076 10.130 254.118 -0.09108 -0.32011 1.664 0.90169 8.0000 53.79 0.9086 0.9094 2.147628 
576.8332 9.780 248.932 -0.11612 -0.30145 1.675 0.90919 8.0000 53.47 0.9106 0.9114 2.149394 
576.3586 9.468 243.495 -0.14032 -0.28137 1.681 0.91651 8.0000 54.06 0.9122 0.9130 2.151164 
575.8840 9.208 237.962 -0.16299 -0.26045 1.694 0.92278 8.0000 55.95 0.9138 0.9146 2.152937 
575.4093 8.997 232.263 -0.18451 -0.23840 1.713 0.92817 8.0000 56.49 0.9152 0.9160 2.154713 
574.9344 8.839 226.410 -0.20497 -0.21531 1.712 0.93267 8.0000 55.74 0.9167 0.9175 2.156493 
574.4595 8.733 220.589 -0.22371 -0.19167 1.738 0.93628 8.0000 56.63 0.9176 0.9184 2.158276 
573.9844 8.678 214.719 -0.24120 -0.16713 1.728 0.93895 8.0000 56.06 0.9186 0.9194 2.160062 
573.5092 8.671 208.862 -0.25729 -0.14181 1.740 0.94081 8.0000 57.33 0.9195 0.9203 2.161852 
573.0339 8.717 203.062 -0.27214 -0.11587 1.754 0.94185 8.0000 56.45 0.9202 0.9210 2.163645 
572.5586 8.809 197.415 -0.28550 -0.08955 1.744 0.94222 8.0000 56.56 0.9207 0.9215 2.165441 
572.0831 8.961 191.875 -0.29800 -0.06266 1.736 0.94158 8.0000 56.46 0.9214 0.9222 2.167241 
571.6075 9.148 186.570 -0.30889 -0.03557 1.740 0.94035 8.0000 56.46 0.9219 0.9228 2.169044 
571.1318 9.358 181.485 -0.31785 -0.00824 1.755 0.93846 8.0000 55.30 0.9223 0.9232 2.170851 
570.6559 9.604 176.595 -0.32559 0.01937 1.744 0.93621 8.0000 55.79 0.9227 0.9235 2.172661 
570.1801 9.870 171.907 -0.33164 0.04716 1.732 0.93355 8.0000 55.50 0.9228 0.9236 2.174474 
569.7040 10.130 167.437 -0.33522 0.07471 1.734 0.93044 8.0000 54.36 0.9230 0.9239 2.176291 
569.2278 10.426 163.177 -0.33792 0.10217 1.744 0.92685 8.0000 54.94 0.9234 0.9242 2.178112 
568.7516 10.736 159.105 -0.33919 0.12949 1.731 0.92306 8.0000 53.58 0.9236 0.9244 2.179936 
568.2753 11.058 155.184 -0.33896 0.15673 1.718 0.91897 8.0000 52.82 0.9239 0.9248 2.181763 
567.7988 11.399 151.456 -0.33766 0.18367 1.715 0.91453 8.0000 53.20 0.9243 0.9251 2.183594 
567.3222 11.757 147.925 -0.33545 0.21022 1.716 0.90981 8.0000 53.77 0.9250 0.9258 2.185428 
566.8455 12.104 144.519 -0.33129 0.23614 1.710 0.90492 8.0000 53.48 0.9252 0.9260 2.187266 
566.3687 12.451 141.218 -0.32567 0.26168 1.705 0.89990 8.0000 54.38 0.9254 0.9262 2.189107 
565.8918 12.810 138.076 -0.31915 0.28659 1.678 0.89451 8.0000 53.93 0.9257 0.9265 2.190952 
565.4149 13.160 135.042 -0.31116 0.31070 1.678 0.88893 8.0000 53.88 0.9258 0.9265 2.192800 
564.9377 13.511 132.094 -0.30193 0.33423 1.668 0.88312 8.0000 54.61 0.9259 0.9267 2.194653 
564.4605 13.862 129.252 -0.29164 0.35693 1.658 0.87704 8.0000 54.42 0.9259 0.9267 2.196508 
563.9832 14.207 126.474 -0.27997 0.37872 1.650 0.87055 8.0000 54.08 0.9258 0.9266 2.198367 
563.5057 14.558 123.811 -0.26773 0.39978 1.616 0.86386 8.0000 53.48 0.9256 0.9264 2.200230 
563.0282 14.918 121.233 -0.25484 0.42025 1.613 0.85694 8.0000 54.17 0.9255 0.9263 2.202096 
562.5505 15.256 118.741 -0.24076 0.43900 1.594 0.84960 8.0000 53.77 0.9251 0.9258 2.203966 
562.0728 15.597 116.307 -0.22594 0.45703 1.601 0.84202 8.0000 54.85 0.9246 0.9253 2.205839 
561.5948 15.945 113.923 -0.21043 0.47436 1.565 0.83404 8.0000 54.02 0.9241 0.9248 2.207716 
561.1169 16.298 111.542 -0.19392 0.49124 1.551 0.82597 8.0000 53.75 0.9234 0.9241 2.209597 
560.6388 16.658 109.203 -0.17678 0.50755 1.527 0.81768 8.0000 53.71 0.9230 0.9237 2.211481 
560.1606 17.014 106.949 -0.15925 0.52254 1.519 0.80904 8.0000 53.48 0.9225 0.9231 2.213369 
559.6823 17.360 104.757 -0.14127 0.53633 1.500 0.80039 8.0000 53.89 0.9218 0.9224 2.215260 
559.2039 17.693 102.614 -0.12281 0.54879 1.480 0.79172 8.0000 53.36 0.9209 0.9215 2.217155 
558.7253 18.034 100.468 -0.10362 0.56082 1.452 0.78300 8.0000 53.42 0.9201 0.9208 2.219055 
558.2467 18.372 98.373 -0.08419 0.57196 1.430 0.77435 8.0000 51.90 0.9195 0.9201 2.220957 
557.7679 18.688 96.317 -0.06438 0.58151 1.404 0.76591 8.0000 51.63 0.9187 0.9194 2.222864 
557.2891 19.017 94.274 -0.04417 0.59107 1.379 0.75770 8.0000 51.44 0.9183 0.9189 2.224773 
556.8102 19.324 92.221 -0.02324 0.59906 1.361 0.74973 8.0000 50.70 0.9177 0.9183 2.226687 
556.3311 19.656 90.149 -0.00158 0.60755 1.317 0.74198 8.0000 48.74 0.9178 0.9184 2.228604 
555.8519 19.984 88.028 0.02119 0.61537 1.310 0.73461 8.0000 49.10 0.9180 0.9185 2.230525 
555.3726 20.288 85.825 0.04537 0.62153 1.273 0.72769 8.0000 47.89 0.9182 0.9187 2.232451 
554.8932 20.600 83.494 0.07154 0.62732 1.246 0.72124 8.0000 48.09 0.9188 0.9193 2.234379 
554.4137 20.906 80.973 0.10037 0.63182 1.213 0.71521 8.0000 46.89 0.9196 0.9201 2.236312 
553.9341 21.223 78.333 0.13125 0.63562 1.190 0.70965 8.0000 46.64 0.9209 0.9214 2.238248 
553.4543 21.528 75.536 0.16444 0.63749 1.154 0.70462 8.0000 44.23 0.9223 0.9228 2.240188 
552.9745 21.833 72.691 0.19885 0.63810 1.114 0.70023 8.0000 43.31 0.9243 0.9248 2.242132 
552.4946 22.136 69.835 0.23404 0.63730 1.081 0.69642 8.0000 42.21 0.9268 0.9273 2.244080 
552.0145 22.431 67.055 0.26891 0.63523 1.052 0.69316 8.0000 40.94 0.9296 0.9301 2.246031 
551.5344 22.716 64.450 0.30230 0.63237 1.020 0.69043 8.0000 40.15 0.9326 0.9331 2.247986 
551.0541 22.980 62.015 0.33398 0.62851 0.983 0.68829 8.0000 39.14 0.9357 0.9362 2.249946 
550.5737 23.164 59.786 0.36202 0.62167 0.944 0.68681 8.0000 37.59 0.9382 0.9387 2.251909 
550.0933 23.333 57.741 0.38803 0.61477 0.911 0.68588 8.0000 37.08 0.9408 0.9413 2.253876 
549.6127 23.422 55.771 0.41130 0.60454 0.881 0.68559 8.0000 35.61 0.9425 0.9430 2.255847 
549.1320 23.445 53.954 0.43114 0.59241 0.843 0.68589 8.0000 33.66 0.9435 0.9440 2.257821 
548.6511 23.380 52.213 0.44750 0.57719 0.811 0.68680 8.0000 32.20 0.9433 0.9438 2.259800 
548.1702 23.227 50.532 0.46029 0.55900 0.775 0.68826 8.0000 31.16 0.9419 0.9424 2.261783 
547.6891 22.964 48.809 0.46957 0.53656 0.738 0.69029 8.0000 29.59 0.9391 0.9396 2.263770 
547.2080 22.602 47.046 0.47550 0.51073 0.715 0.69287 8.0000 28.55 0.9351 0.9356 2.265760 
546.7267 22.168 44.883 0.48184 0.47988 0.684 0.69598 8.0000 28.00 0.9306 0.9311 2.267755 
546.2454 21.651 42.556 0.48565 0.44589 0.657 0.69958 8.0000 26.18 0.9254 0.9259 2.269752 
545.7639 21.095 39.621 0.49131 0.40676 0.630 0.70367 8.0000 24.90 0.9203 0.9208 2.271755 
545.2823 20.475 36.321 0.49523 0.36407 0.610 0.70833 8.0000 24.32 0.9149 0.9154 2.273762 
544.8007 19.773 32.426 0.49725 0.31587 0.592 0.71347 8.0000 23.12 0.9094 0.9099 2.275771 
544.3188 19.050 28.068 0.49749 0.26528 0.576 0.71905 8.0000 22.35 0.9045 0.9050 2.277786 
543.8369 18.323 23.140 0.49596 0.21195 0.559 0.72502 8.0000 21.63 0.9002 0.9007 2.279805 
543.3549 17.626 17.666 0.49254 0.15687 0.543 0.73137 8.0000 20.84 0.8968 0.8974 2.281827 
542.8728 17.122 11.662 0.49204 0.10156 0.541 0.73803 8.0000 20.55 0.8957 0.8963 2.283853 
542.3905 16.718 5.501 0.48964 0.04716 0.535 0.74502 8.0000 20.12 0.8957 0.8963 2.285884 
541.9082 16.419 359.381 0.48554 -0.00524 0.530 0.75234 8.0000 19.79 0.8969 0.8974 2.287919 
541.4257 16.325 353.595 0.48391 -0.05432 0.534 0.75996 8.0000 19.64 0.9001 0.9006 2.289958 
540.9431 16.274 348.265 0.47977 -0.09966 0.535 0.76778 8.0000 19.20 0.9040 0.9046 2.292001 
540.4604 16.236 343.443 0.47326 -0.14070 0.543 0.77586 8.0000 19.65 0.9080 0.9086 2.294048 
539.9777 16.177 339.096 0.46402 -0.17723 0.559 0.78409 8.0000 20.10 0.9119 0.9125 2.296098 
539.4948 16.057 335.277 0.45183 -0.20803 0.563 0.79249 8.0000 20.28 0.9154 0.9160 2.298154 
539.0118 15.867 331.792 0.43654 -0.23415 0.576 0.80102 8.0000 20.89 0.9184 0.9190 2.300213 
538.5286 15.578 328.571 0.41764 -0.25522 0.589 0.80958 8.0000 21.39 0.9205 0.9211 2.302277 
538.0454 15.188 325.506 0.39529 -0.27161 0.606 0.81827 8.0000 22.24 0.9217 0.9223 2.304344 
537.5621 14.690 322.495 0.36934 -0.28346 0.618 0.82696 8.0000 23.05 0.9220 0.9226 2.306416 
537.0786 14.072 319.432 0.33959 -0.29073 0.634 0.83567 8.0000 23.78 0.9213 0.9219 2.308492 
536.5950 13.357 316.134 0.30630 -0.29441 0.652 0.84419 8.0000 24.27 0.9202 0.9208 2.310573 
536.1114 12.552 312.482 0.26984 -0.29466 0.677 0.85280 8.0000 25.68 0.9186 0.9192 2.312657 
535.6276 11.726 308.655 0.23336 -0.29175 0.692 0.86119 8.0000 25.59 0.9171 0.9178 2.314746 
535.1437 10.873 304.527 0.19657 -0.28572 0.710 0.86948 8.0000 26.63 0.9160 0.9166 2.316839 
534.6597 9.997 300.042 0.15984 -0.27638 0.727 0.87753 8.0000 27.32 0.9149 0.9155 2.318936 
534.1756 9.156 295.363 0.12551 -0.26476 0.743 0.88534 8.0000 27.15 0.9143 0.9150 2.321038 
533.6913 8.301 289.790 0.09013 -0.25050 0.758 0.89291 8.0000 27.37 0.9140 0.9147 2.323144 
533.2070 7.500 283.342 0.05566 -0.23470 0.777 0.90017 8.0000 28.06 0.9141 0.9148 2.325254 
532.7226 6.747 275.937 0.02251 -0.21648 0.795 0.90698 8.0000 28.29 0.9146 0.9153 2.327369 
532.2380 6.084 267.356 -0.00909 -0.19678 0.810 0.91358 8.0000 28.40 0.9153 0.9160 2.329488 
531.7534 5.538 257.553 -0.03880 -0.17580 0.822 0.91961 8.0000 28.78 0.9166 0.9173 2.331611 
531.2686 5.127 246.528 -0.06667 -0.15354 0.838 0.92531 8.0000 29.29 0.9182 0.9189 2.333738 
530.7837 4.868 234.679 -0.09231 -0.13028 0.856 0.93048 8.0000 29.02 0.9200 0.9207 2.335870 
530.2987 4.771 222.498 -0.11589 -0.10619 0.868 0.93507 8.0000 28.49 0.9220 0.9227 2.338007 
529.8136 4.807 210.443 -0.13712 -0.08059 0.880 0.93906 8.0000 29.08 0.9241 0.9249 2.340147 
529.3284 4.973 199.128 -0.15614 -0.05415 0.888 0.94249 8.0000 28.64 0.9262 0.9270 2.342292 
528.8430 5.239 188.814 -0.17275 -0.02679 0.905 0.94516 8.0000 28.86 0.9283 0.9291 2.344442 
528.3576 5.588 179.716 -0.18713 0.00093 0.914 0.94711 8.0000 28.71 0.9304 0.9312 2.346596 
527.8720 5.995 171.496 -0.19919 0.02978 0.919 0.94837 8.0000 28.25 0.9325 0.9332 2.348755 
527.3864 6.445 164.351 -0.20910 0.05858 0.929 0.94894 8.0000 28.45 0.9343 0.9351 2.350917 
526.9006 6.930 157.939 -0.21689 0.08790 0.931 0.94851 8.0000 28.52 0.9362 0.9370 2.353085 
526.4147 7.422 152.377 -0.22245 0.11641 0.935 0.94736 8.0000 28.23 0.9379 0.9386 2.355257 
525.9287 7.922 147.430 -0.22609 0.14442 0.942 0.94532 8.0000 28.51 0.9394 0.9402 2.357433 
525.4426 8.419 143.016 -0.22787 0.17161 0.958 0.94259 8.0000 29.25 0.9407 0.9415 2.359614 
524.9564 8.929 138.859 -0.22784 0.19904 0.957 0.93908 8.0000 28.70 0.9418 0.9426 2.361800 
524.4700 9.442 134.974 -0.22599 0.22619 0.963 0.93472 8.0000 28.61 0.9425 0.9433 2.363990 
523.9836 9.958 131.291 -0.22230 0.25312 0.959 0.92976 8.0000 28.30 0.9433 0.9441 2.366185 
523.4971 10.473 127.807 -0.21688 0.27953 0.958 0.92429 8.0000 28.59 0.9440 0.9448 2.368384 
523.0104 10.981 124.517 -0.20978 0.30503 0.960 0.91802 8.0000 28.22 0.9443 0.9451 2.370588 
522.5236 11.484 121.372 -0.20110 0.32981 0.958 0.91141 8.0000 27.75 0.9445 0.9453 2.372796 
522.0367 11.965 118.412 -0.19095 0.35298 0.956 0.90432 8.0000 27.75 0.9445 0.9453 2.375009 
521.5497 12.428 115.528 -0.17911 0.37505 0.949 0.89723 8.0000 27.54 0.9445 0.9453 2.377227 
521.0626 12.872 112.760 -0.16601 0.39569 0.947 0.88990 8.0000 27.37 0.9445 0.9453 2.379449 
520.5754 13.311 110.008 -0.15133 0.41558 0.948 0.88237 8.0000 27.56 0.9443 0.9451 2.381676 
520.0881 13.727 107.311 -0.13528 0.43405 0.945 0.87510 8.0000 27.35 0.9441 0.9449 2.383908 
519.6006 14.130 104.611 -0.11770 0.45152 0.931 0.86803 8.0000 26.93 0.9441 0.9448 2.386144 
519.1131 14.541 101.886 -0.09864 0.46867 0.928 0.86109 8.0000 26.77 0.9442 0.9450 2.388385 
518.6254 14.931 99.162 -0.07810 0.48424 0.920 0.85431 8.0000 25.76 0.9442 0.9449 2.390631 
518.1377 15.325 96.439 -0.05636 0.49933 0.913 0.84796 8.0000 25.62 0.9443 0.9451 2.392881 
517.6498 15.706 93.714 -0.03330 0.51304 0.896 0.84188 8.0000 24.67 0.9449 0.9456 2.395137 
517.1618 16.062 90.972 -0.00891 0.52491 0.884 0.83614 8.0000 24.31 0.9454 0.9461 2.397397 
516.6737 16.423 88.222 0.01665 0.53612 0.868 0.83086 8.0000 23.61 0.9462 0.9470 2.399661 
516.1855 16.766 85.466 0.04328 0.54576 0.858 0.82612 8.0000 22.87 0.9472 0.9479 2.401931 
515.6971 17.105 82.712 0.07089 0.55431 0.842 0.82196 8.0000 22.64 0.9485 0.9493 2.404206 
515.2087 17.402 79.967 0.09909 0.56006 0.822 0.81822 8.0000 22.19 0.9498 0.9505 2.406485 
514.7202 17.677 76.891 0.13112 0.56306 0.799 0.81491 8.0000 21.37 0.9512 0.9519 2.408769 
514.2314 17.892 73.864 0.16272 0.56243 0.781 0.81231 8.0000 20.56 0.9521 0.9528 2.411058 
513.7427 18.044 70.876 0.19347 0.55793 0.769 0.81018 8.0000 20.19 0.9525 0.9532 2.413352 
513.2538 18.095 67.982 0.22176 0.54840 0.746 0.80851 8.0000 19.20 0.9523 0.9530 2.415651 
512.7648 18.082 65.114 0.24829 0.53524 0.725 0.80722 8.0000 18.45 0.9512 0.9519 2.417955 
512.2757 18.049 62.263 0.27372 0.52056 0.705 0.80660 8.0000 17.93 0.9503 0.9510 2.420263 
511.7864 17.970 59.366 0.29791 0.50307 0.680 0.80649 8.0000 17.20 0.9492 0.9499 2.422577 
511.2971 17.846 56.412 0.32066 0.48286 0.659 0.80688 8.0000 16.58 0.9479 0.9486 2.424895 
510.8076 17.651 53.631 0.33915 0.46054 0.633 0.80771 8.0000 15.59 0.9460 0.9467 2.427219 
510.3181 17.452 51.170 0.35391 0.43970 0.619 0.80897 8.0000 14.82 0.9441 0.9448 2.429547 
509.8284 17.220 48.648 0.36735 0.41739 0.600 0.81085 8.0000 14.03 0.9420 0.9427 2.431881 
509.3386 16.986 45.917 0.38110 0.39350 0.572 0.81297 8.0000 13.38 0.9402 0.9409 2.434219 
508.8488 16.713 43.145 0.39279 0.36814 0.550 0.81562 8.0000 12.67 0.9386 0.9393 2.436563 
508.3587 16.413 40.339 0.40247 0.34179 0.532 0.81853 8.0000 12.27 0.9366 0.9374 2.438912 
507.8686 16.081 37.492 0.41003 0.31453 0.521 0.82183 8.0000 11.68 0.9346 0.9354 2.441265 
507.3784 15.722 34.620 0.41537 0.28675 0.509 0.82549 8.0000 11.07 0.9327 0.9334 2.443624 
506.8880 15.332 31.700 0.41843 0.25843 0.490 0.82947 8.0000 10.27 0.9307 0.9314 2.445988 
506.3976 14.924 28.744 0.41944 0.23005 0.476 0.83369 8.0000 9.75 0.9287 0.9294 2.448357 
505.9070 14.495 25.740 0.41833 0.20168 0.463 0.83814 8.0000 9.21 0.9267 0.9274 2.450731 
505.4163 14.043 22.705 0.41490 0.17360 0.456 0.84285 8.0000 9.11 0.9251 0.9258 2.453110 
504.9255 13.573 19.640 0.40929 0.14606 0.449 0.84755 8.0000 9.10 0.9235 0.9243 2.455495 
504.4346 13.087 16.532 0.40173 0.11924 0.448 0.85263 8.0000 9.17 0.9219 0.9227 2.457884 
503.9436 12.591 13.391 0.39234 0.09340 0.440 0.85773 8.0000 9.03 0.9201 0.9209 2.460279 
503.4525 12.080 10.241 0.38091 0.06882 0.436 0.86293 8.0000 9.07 0.9187 0.9195 2.462679 
502.9612 11.535 6.284 0.36762 0.04048 0.438 0.86835 8.0000 9.07 0.9173 0.9181 2.465085 
502.4698 11.011 2.944 0.35298 0.01815 0.438 0.87386 8.0000 9.24 0.9159 0.9167 2.467495 
501.9784 10.471 359.594 0.33649 -0.00238 0.442 0.87927 8.0000 9.29 0.9151 0.9159 2.469911 
501.4868 9.918 356.243 0.31841 -0.02091 0.447 0.88456 8.0000 9.45 0.9143 0.9151 2.472332 
500.9951 9.430 352.999 0.30167 -0.03705 0.449 0.88980 8.0000 9.32 0.9138 0.9147 2.474759 
500.5033 8.943 349.865 0.28428 -0.05081 0.445 0.89488 8.0000 8.96 0.9134 0.9142 2.477190 
500.0114 8.380 346.769 0.26383 -0.06203 0.453 0.89993 8.0000 9.12 0.9127 0.9136 2.479627 
499.5193 7.768 342.873 0.24030 -0.07405 0.466 0.90449 8.0000 9.53 0.9120 0.9129 2.482070 
499.0272 7.125 337.757 0.21371 -0.08740 0.475 0.90913 8.0000 9.33 0.9112 0.9121 2.484518 
498.5349 6.355 334.172 0.18548 -0.08977 0.478 0.91355 8.0000 9.16 0.9101 0.9110 2.486971 
498.0426 5.568 330.443 0.15709 -0.08909 0.482 0.91752 8.0000 9.11 0.9093 0.9102 2.489429 
497.5501 4.759 326.369 0.12860 -0.08554 0.488 0.92125 8.0000 8.86 0.9082 0.9091 2.491894 
497.0575 3.932 321.759 0.10032 -0.07906 0.502 0.92477 8.0000 9.01 0.9077 0.9086 2.494363 
496.5648 3.086 316.274 0.07249 -0.06933 0.505 0.92763 8.0000 8.71 0.9074 0.9083 2.496838 
496.0720 2.309 307.294 0.04554 -0.05980 0.510 0.93043 8.0000 8.69 0.9070 0.9080 2.499318 
495.5790 1.545 292.993 0.01967 -0.04636 0.517 0.93282 8.0000 8.38 0.9071 0.9081 2.501805 
495.0860 0.921 272.891 0.00152 -0.03003 0.512 0.93467 8.0000 8.07 0.9074 0.9083 2.504296 
494.5928 0.517 213.125 -0.01414 -0.00923 0.519 0.93606 8.0000 8.27 0.9071 0.9081 2.506793 
494.0995 0.934 153.506 -0.02734 0.01363 0.520 0.93663 8.0000 8.05 0.9074 0.9083 2.509296 
493.6062 1.645 134.812 -0.03796 0.03821 0.513 0.93723 8.0000 7.86 0.9080 0.9089 2.511804 
493.1127 2.393 125.702 -0.04583 0.06377 0.500 0.93780 8.0000 7.51 0.9085 0.9095 2.514318 
492.6190 3.232 121.280 -0.05515 0.09078 0.499 0.93762 8.0000 7.38 0.9094 0.9104 2.516837 
492.1253 4.121 119.457 -0.06675 0.11819 0.496 0.93715 8.0000 7.61 0.9106 0.9115 2.519362 
491.6315 4.987 117.541 -0.07612 0.14597 0.480 0.93615 8.0000 7.43 0.9122 0.9131 2.521893 
491.1375 5.780 115.590 -0.08263 0.17254 0.461 0.93520 8.0000 7.22 0.9138 0.9148 2.524429 
490.6435 6.587 113.487 -0.08712 0.20048 0.447 0.93390 8.0000 7.02 0.9155 0.9164 2.526971 
490.1493 7.354 111.282 -0.08880 0.22797 0.446 0.93198 8.0000 6.90 0.9171 0.9180 2.529519 
489.6550 8.088 108.975 -0.08771 0.25509 0.431 0.92996 8.0000 6.91 0.9190 0.9199 2.532072 
489.1606 8.782 106.603 -0.08391 0.28141 0.437 0.92778 8.0000 6.96 0.9208 0.9217 2.534631 
488.6661 9.429 104.218 -0.07760 0.30628 0.426 0.92508 8.0000 6.66 0.9227 0.9236 2.537196 
488.1714 10.045 101.730 -0.06860 0.33038 0.414 0.92256 8.0000 6.50 0.9249 0.9257 2.539768 
487.6767 10.632 99.219 -0.05734 0.35330 0.415 0.91977 8.0000 6.53 0.9266 0.9275 2.542344 
487.1818 11.137 96.733 -0.04404 0.37304 0.397 0.91705 8.0000 6.36 0.9282 0.9291 2.544927 
486.6869 11.605 94.273 -0.02921 0.39098 0.387 0.91431 8.0000 6.18 0.9298 0.9306 2.547514 
486.1918 12.072 91.769 -0.01261 0.40831 0.372 0.91131 8.0000 5.82 0.9310 0.9319 2.550109 
485.6966 12.496 89.308 0.00511 0.42342 0.364 0.90843 8.0000 5.66 0.9324 0.9332 2.552709 
485.2013 12.877 86.878 0.02380 0.43625 0.353 0.90566 8.0000 5.61 0.9338 0.9346 2.555314 
484.7058 13.219 84.487 0.04312 0.44676 0.340 0.90267 8.0000 5.41 0.9345 0.9353 2.557927 
484.2103 13.510 82.105 0.06305 0.45471 0.311 0.90018 8.0000 4.99 0.9351 0.9359 2.560544 
483.7146 13.750 79.763 0.08307 0.45999 0.301 0.89791 8.0000 4.94 0.9361 0.9369 2.563168 
483.2189 13.893 77.455 0.10253 0.46077 0.279 0.89583 8.0000 4.87 0.9361 0.9369 2.565798 
482.7230 14.021 75.337 0.12052 0.46059 0.260 0.89381 8.0000 4.69 0.9359 0.9367 2.568433 
482.2270 14.082 73.376 0.13669 0.45781 0.245 0.89237 8.0000 4.65 0.9353 0.9361 2.571075 
481.7309 14.097 71.299 0.15318 0.45251 0.221 0.89120 8.0000 4.43 0.9344 0.9351 2.573723 
481.2346 13.870 69.526 0.16379 0.43869 0.209 0.89037 8.0000 4.30 0.9314 0.9322 2.576377 
480.7383 13.564 67.901 0.17150 0.42238 0.189 0.88979 8.0000 3.93 0.9284 0.9291 2.579037 
480.2419 13.190 66.434 0.17636 0.40433 0.177 0.88944 8.0000 3.81 0.9248 0.9255 2.581703 
479.7453 12.756 65.114 0.17864 0.38508 0.163 0.88946 8.0000 3.67 0.9211 0.9218 2.584375 
479.2486 12.286 63.959 0.17862 0.36556 0.152 0.88980 8.0000 3.46 0.9175 0.9182 2.587054 
478.7518 11.850 62.347 0.18134 0.34610 0.142 0.89012 8.0000 3.27 0.9143 0.9150 2.589738 
478.2549 11.426 60.859 0.18279 0.32785 0.137 0.89067 8.0000 3.17 0.9112 0.9119 2.592429 
477.7579 11.075 58.825 0.18792 0.31060 0.129 0.89176 8.0000 3.12 0.9090 0.9097 2.595126 
477.2608 10.754 56.894 0.19218 0.29473 0.122 0.89289 8.0000 2.95 0.9074 0.9080 2.597829 
476.7635 10.465 55.163 0.19543 0.28080 0.115 0.89447 8.0000 2.97 0.9061 0.9068 2.600539 
476.2662 10.214 53.657 0.19779 0.26883 0.111 0.89609 8.0000 2.92 0.9053 0.9059 2.603254 
475.7687 10.006 52.447 0.19933 0.25927 0.101 0.89798 8.0000 2.78 0.9049 0.9055 2.605976 
475.2711 9.840 51.587 0.19999 0.25221 0.097 0.89996 8.0000 2.84 0.9044 0.9051 2.608705 
474.7734 9.672 50.842 0.19995 0.24553 0.092 0.90201 8.0000 2.81 0.9044 0.9051 2.611439 
474.2756 9.467 50.068 0.19913 0.23789 0.085 0.90437 8.0000 2.73 0.9041 0.9047 2.614180 
473.7776 9.259 49.386 0.19765 0.23049 0.080 0.90651 8.0000 2.78 0.9037 0.9043 2.616928 
473.2796 9.059 48.862 0.19555 0.22386 0.073 0.90843 8.0000 2.70 0.9036 0.9042 2.619682 
472.7814 8.862 48.463 0.19284 0.21769 0.071 0.91000 8.0000 2.64 0.9035 0.9041 2.622442 
472.2831 8.674 48.174 0.18997 0.21227 0.067 0.91194 8.0000 2.68 0.9034 0.9040 2.625209 
471.7848 8.494 48.057 0.18663 0.20769 0.063 0.91397 8.0000 2.71 0.9035 0.9041 2.627982 
471.2863 8.326 48.061 0.18294 0.20361 0.061 0.91520 8.0000 2.69 0.9030 0.9036 2.630762 
470.7876 8.180 48.187 0.17939 0.20055 0.059 0.91657 8.0000 2.70 0.9028 0.9034 2.633548 
470.2889 8.051 48.405 0.17590 0.19815 0.059 0.91783 8.0000 2.70 0.9027 0.9033 2.636341 
469.7900 7.937 48.704 0.17252 0.19639 0.057 0.91926 8.0000 2.68 0.9028 0.9034 2.639141 
469.2911 7.835 49.127 0.16894 0.19522 0.056 0.92029 8.0000 2.70 0.9029 0.9035 2.641946 
468.7920 7.759 49.654 0.16554 0.19488 0.057 0.92092 8.0000 2.73 0.9034 0.9040 2.644759 
468.2928 7.693 50.234 0.16227 0.19500 0.056 0.92186 8.0000 2.74 0.9037 0.9043 2.647578 
467.7935 7.646 50.789 0.15943 0.19540 0.055 0.92232 8.0000 2.74 0.9041 0.9047 2.650404 
467.2941 7.703 51.956 0.15674 0.20030 0.055 0.92295 8.0000 2.67 0.9046 0.9052 2.653237 
466.7945 7.749 52.974 0.15426 0.20452 0.053 0.92389 8.0000 2.70 0.9058 0.9064 2.656077 
466.2949 7.777 53.872 0.15174 0.20787 0.051 0.92468 8.0000 2.74 0.9066 0.9071 2.658922 
465.7951 7.732 54.329 0.14927 0.20796 0.049 0.92531 8.0000 2.70 0.9070 0.9076 2.661775 
465.2952 7.689 54.761 0.14696 0.20803 0.045 0.92609 8.0000 2.61 0.9073 0.9079 2.664635 
464.7952 7.647 55.188 0.14482 0.20827 0.043 0.92759 8.0000 2.69 0.9081 0.9087 2.667502 
464.2951 7.600 55.549 0.14279 0.20813 0.040 0.92896 8.0000 2.67 0.9086 0.9092 2.670375 
463.7949 7.554 55.986 0.14050 0.20819 0.037 0.93035 8.0000 2.65 0.9095 0.9101 2.673255 
463.2946 7.507 56.394 0.13823 0.20800 0.035 0.93114 8.0000 2.66 0.9098 0.9104 2.676142 
462.7941 7.459 56.943 0.13546 0.20813 0.033 0.93215 8.0000 2.67 0.9112 0.9118 2.679036 
462.2935 7.419 57.468 0.13295 0.20843 0.031 0.93319 8.0000 2.68 0.9120 0.9126 2.681937 
461.7928 7.376 57.973 0.13037 0.20841 0.029 0.93359 8.0000 2.67 0.9125 0.9131 2.684845 
461.2921 7.347 58.624 0.12754 0.20915 0.028 0.93421 8.0000 2.68 0.9137 0.9143 2.687759 
460.7911 7.315 59.285 0.12473 0.20994 0.027 0.93543 8.0000 2.63 0.9145 0.9151 2.690681 
460.2901 7.375 61.850 0.11618 0.21714 0.026 0.93536 8.0000 2.60 0.9153 0.9159 2.693610 
459.7889 7.516 64.218 0.10918 0.22603 0.026 0.93466 8.0000 2.49 0.9163 0.9169 2.696546 
459.2877 7.748 66.315 0.10396 0.23700 0.025 0.93344 8.0000 2.45 0.9174 0.9180 2.699489 
458.7863 8.052 67.912 0.10112 0.24917 0.024 0.93139 8.0000 2.41 0.9185 0.9191 2.702439 
458.2848 8.418 68.932 0.10096 0.26208 0.024 0.92817 8.0000 2.38 0.9191 0.9197 2.705396 
457.7832 8.819 69.267 0.10409 0.27497 0.023 0.92473 8.0000 2.38 0.9199 0.9205 2.708360 
457.2815 9.235 69.000 0.11021 0.28711 0.022 0.92070 8.0000 2.28 0.9205 0.9211 2.711332 
456.7796 9.642 68.060 0.11992 0.29772 0.021 0.91735 8.0000 2.20 0.9221 0.9227 2.714311 
456.2777 10.025 66.703 0.13187 0.30624 0.020 0.91355 8.0000 2.18 0.9235 0.9241 2.717297 
455.7756 10.357 64.988 0.14557 0.31201 0.019 0.91044 8.0000 2.14 0.9248 0.9254 2.720290 
455.2734 10.644 62.980 0.16059 0.31489 0.018 0.90722 8.0000 2.07 0.9251 0.9257 2.723291 
454.7711 10.871 60.742 0.17639 0.31487 0.018 0.90504 8.0000 2.07 0.9264 0.9270 2.726299 
454.2687 11.034 58.311 0.19246 0.31176 0.017 0.90372 8.0000 2.01 0.9276 0.9282 2.729314 
453.7662 11.016 57.997 0.19398 0.31039 0.018 0.90450 8.0000 1.98 0.9283 0.9289 2.732336 
453.2635 10.973 57.720 0.19477 0.30834 0.018 0.90509 8.0000 1.97 0.9284 0.9290 2.735367 
452.7608 10.899 57.496 0.19479 0.30571 0.018 0.90635 8.0000 1.94 0.9288 0.9294 2.738404 
452.2579 10.797 57.300 0.19410 0.30234 0.019 0.90776 8.0000 1.90 0.9289 0.9295 2.741449 
451.7549 10.666 57.157 0.19262 0.29840 0.020 0.90949 8.0000 1.92 0.9291 0.9297 2.744501 
451.2518 10.509 57.048 0.19049 0.29386 0.021 0.91145 8.0000 1.88 0.9291 0.9297 2.747561 
450.7485 10.315 56.986 0.18749 0.28855 0.022 0.91402 8.0000 1.84 0.9294 0.9300 2.750629 
450.2452 10.100 56.962 0.18383 0.28266 0.023 0.91642 8.0000 1.81 0.9291 0.9297 2.753704 
449.7417 9.855 56.973 0.17949 0.27610 0.024 0.91928 8.0000 1.74 0.9289 0.9296 2.756787 
449.2382 9.578 57.049 0.17431 0.26891 0.026 0.92254 8.0000 1.75 0.9289 0.9295 2.759876 
448.7345 9.270 57.178 0.16833 0.26097 0.027 0.92599 8.0000 1.75 0.9286 0.9293 2.762974 
448.2307 8.936 57.364 0.16169 0.25248 0.028 0.92978 8.0000 1.73 0.9285 0.9292 2.766080 
447.7267 8.569 57.624 0.15425 0.24329 0.030 0.93412 8.0000 1.72 0.9287 0.9294 2.769193 
447.2227 8.178 57.962 0.14613 0.23350 0.031 0.93857 8.0000 1.74 0.9287 0.9294 2.772314 
446.7186 7.757 58.396 0.13718 0.22295 0.034 0.94297 8.0000 1.67 0.9283 0.9290 2.775443 
446.2143 7.308 58.950 0.12753 0.21182 0.035 0.94808 8.0000 1.71 0.9285 0.9292 2.778580 
445.7099 6.832 59.650 0.11712 0.20002 0.040 0.95343 8.0000 1.74 0.9287 0.9295 2.781724 
445.2054 6.327 60.532 0.10593 0.18748 0.043 0.95912 8.0000 1.67 0.9291 0.9299 2.784876 
444.7008 5.798 61.659 0.09401 0.17430 0.048 0.96505 8.0000 1.73 0.9295 0.9303 2.788036 
444.1960 5.247 63.160 0.08123 0.16053 0.053 0.97126 8.0000 1.69 0.9301 0.9310 2.791204 
443.6912 4.672 65.111 0.06771 0.14594 0.060 0.97777 8.0000 1.74 0.9309 0.9318 2.794380 
443.1862 4.083 67.752 0.05349 0.13076 0.066 0.98461 8.0000 1.73 0.9319 0.9328 2.797564 
442.6812 3.482 71.503 0.03844 0.11491 0.073 0.99192 8.0000 1.72 0.9335 0.9344 2.800756 
442.1759 2.881 77.054 0.02259 0.09828 0.076 0.99936 8.0000 1.70 0.9350 0.9360 2.803956 
441.6706 2.306 85.774 0.00599 0.08100 0.085 1.00704 8.0000 1.71 0.9368 0.9378 2.807164 
441.1652 1.805 100.288 -0.01144 0.06303 0.089 1.01520 8.0000 1.69 0.9392 0.9402 2.810380 
440.6596 1.492 123.706 -0.02962 0.04440 0.089 1.02362 8.0000 1.62 0.9419 0.9430 2.813605 
440.1540 1.517 152.913 -0.04872 0.02492 0.097 1.03219 8.0000 1.60 0.9448 0.9459 2.816837 
439.6482 1.517 152.913 -0.04872 0.02492 0.101 1.03219 8.0000 1.57 0.9448 0.9459 2.820077 

# MINIMA:
439.6482 0.517 0.398 -299.54602 -4.21468 -2202.033 -18.40697 8.0000 1.57 0.5074 0.5439 1.240099 

# MAXIMA:
999.7925 85.316 359.836 10.82361 552.41510 190.910 903.45868 8.0000 80.14 2.72014916104224768E18 1.43282648866420163E19 2.820077 

# PEAKS:

# END SPECTRUM

